[14:41:26] PAPER-ONLY config overrides active: {'exit_management': {'vol_time_stop_fraction': 0.35, 'stop_exit_slippage_frac': 0.1, 'edge_scaled_target': True, 'edge_scale_min_ratio': 1.1, 'edge_scale_min_r': 1.0, 'edge_scale_max_r': 3.0}, 'risk': {'normal_risk_pct_of_capital': 5.0, 'normal_risk_cap_rupees': 5000, 'a_plus_risk_pct_of_capital': 6.0, 'a_plus_risk_cap_rupees': 6000, 'max_daily_loss_rupees': 8000}, 'instrument_risk_overrides': {'BANKNIFTY': {'normal_risk_cap_rupees': 5000, 'a_plus_risk_cap_rupees': 6000}, 'NIFTY': {'normal_risk_cap_rupees': 5000, 'a_plus_risk_cap_rupees': 6000}, 'FINNIFTY': {'normal_risk_cap_rupees': 5000, 'a_plus_risk_cap_rupees': 6000}, 'MIDCPNIFTY': {'normal_risk_cap_rupees': 5000, 'a_plus_risk_cap_rupees': 6000}}, 'instrument_calibration_status': {'BANKNIFTY': {'direction': 'OBSERVED', 'liquidity': 'OBSERVED', 'expected_move': 'UNVALIDATED'}, 'NIFTY': {'direction': 'OBSERVED', 'liquidity': 'OBSERVED', 'expected_move': 'UNVALIDATED'}, 'FINNIFTY': {'direction': 'OBSERVED', 'liquidity': 'OBSERVED', 'expected_move': 'UNVALIDATED'}, 'MIDCPNIFTY': {'direction': 'OBSERVED', 'liquidity': 'OBSERVED', 'expected_move': 'UNVALIDATED'}}}
[14:41:27]   NIFTY [NSE, TRADE_ELIGIBLE]: 18 expiries, nearest 2026-08-25
[14:41:27]   BANKNIFTY [NSE, TRADE_ELIGIBLE]: 6 expiries, nearest 2026-08-25
[14:41:27]   FINNIFTY [NSE, TRADE_ELIGIBLE]: 3 expiries, nearest 2026-08-25
[14:41:27]   MIDCPNIFTY [NSE, TRADE_ELIGIBLE]: 3 expiries, nearest 2026-08-25
[14:41:27]   SENSEX [BSE, TRADE_ELIGIBLE]: 19 expiries, nearest 2026-08-27
[14:41:27]   BANKEX [BSE, TRADE_ELIGIBLE]: 3 expiries, nearest 2026-08-27
[14:41:27]   FOCIT [BSE, TRADE_ELIGIBLE]: 3 expiries, nearest 2026-08-27
[14:41:27]   NIFTYNXT50 [NSE, TRADE_ELIGIBLE]: 3 expiries, nearest 2026-08-25
[14:41:27]   NIFTYFPI [NSE, TRADE_ELIGIBLE]: 3 expiries, nearest 2026-08-25
[14:41:27]   ADANIENT [NSE, TRADE_ELIGIBLE]: 3 expiries, nearest 2026-08-25
[14:41:27]   ADANIPORTS [NSE, TRADE_ELIGIBLE]: 3 expiries, nearest 2026-08-25
[14:41:27]   APOLLOHOSP [NSE, TRADE_ELIGIBLE]: 3 expiries, nearest 2026-08-25
[14:41:27]   ASIANPAINT [NSE, TRADE_ELIGIBLE]: 3 expiries, nearest 2026-08-25
[14:41:27]   AXISBANK [NSE, TRADE_ELIGIBLE]: 6 expiries, nearest 2026-08-25
[14:41:27]   BAJAJ-AUTO [NSE, TRADE_ELIGIBLE]: 3 expiries, nearest 2026-08-25
[14:41:27]   BAJFINANCE [NSE, TRADE_ELIGIBLE]: 3 expiries, nearest 2026-08-25
[14:41:27]   BAJAJFINSV [NSE, TRADE_ELIGIBLE]: 3 expiries, nearest 2026-08-25
[14:41:27]   BEL [NSE, TRADE_ELIGIBLE]: 3 expiries, nearest 2026-08-25
[14:41:27]   BHARTIARTL [NSE, TRADE_ELIGIBLE]: 3 expiries, nearest 2026-08-25
[14:41:27]   CIPLA [NSE, TRADE_ELIGIBLE]: 3 expiries, nearest 2026-08-25
[14:41:27]   COALINDIA [NSE, TRADE_ELIGIBLE]: 3 expiries, nearest 2026-08-25
[14:41:27]   DRREDDY [NSE, TRADE_ELIGIBLE]: 3 expiries, nearest 2026-08-25
[14:41:27]   EICHERMOT [NSE, TRADE_ELIGIBLE]: 3 expiries, nearest 2026-08-25
[14:41:27]   ETERNAL [NSE, TRADE_ELIGIBLE]: 3 expiries, nearest 2026-08-25
[14:41:27]   GRASIM [NSE, TRADE_ELIGIBLE]: 3 expiries, nearest 2026-08-25
[14:41:27]   HCLTECH [NSE, TRADE_ELIGIBLE]: 3 expiries, nearest 2026-08-25
[14:41:27]   HDFCBANK [NSE, TRADE_ELIGIBLE]: 6 expiries, nearest 2026-08-25
[14:41:27]   HDFCLIFE [NSE, TRADE_ELIGIBLE]: 3 expiries, nearest 2026-08-25
[14:41:27]   HINDALCO [NSE, TRADE_ELIGIBLE]: 3 expiries, nearest 2026-08-25
[14:41:27]   HINDUNILVR [NSE, TRADE_ELIGIBLE]: 3 expiries, nearest 2026-08-25
[14:41:27]   ICICIBANK [NSE, TRADE_ELIGIBLE]: 6 expiries, nearest 2026-08-25
[14:41:27]   ITC [NSE, TRADE_ELIGIBLE]: 6 expiries, nearest 2026-08-25
[14:41:27]   INFY [NSE, TRADE_ELIGIBLE]: 6 expiries, nearest 2026-08-25
[14:41:27]   INDIGO [NSE, TRADE_ELIGIBLE]: 3 expiries, nearest 2026-08-25
[14:41:27]   JSWSTEEL [NSE, TRADE_ELIGIBLE]: 6 expiries, nearest 2026-08-25
[14:41:27]   JIOFIN [NSE, TRADE_ELIGIBLE]: 6 expiries, nearest 2026-08-25
[14:41:27]   KOTAKBANK [NSE, TRADE_ELIGIBLE]: 3 expiries, nearest 2026-08-25
[14:41:27]   LT [NSE, TRADE_ELIGIBLE]: 3 expiries, nearest 2026-08-25
[14:41:27]   M&M [NSE, TRADE_ELIGIBLE]: 3 expiries, nearest 2026-08-25
[14:41:27]   MARUTI [NSE, TRADE_ELIGIBLE]: 3 expiries, nearest 2026-08-25
[14:41:27]   MAXHEALTH [NSE, TRADE_ELIGIBLE]: 3 expiries, nearest 2026-08-25
[14:41:27]   NTPC [NSE, TRADE_ELIGIBLE]: 3 expiries, nearest 2026-08-25
[14:41:27]   NESTLEIND [NSE, TRADE_ELIGIBLE]: 3 expiries, nearest 2026-08-25
[14:41:27]   ONGC [NSE, TRADE_ELIGIBLE]: 3 expiries, nearest 2026-08-25
[14:41:27]   POWERGRID [NSE, TRADE_ELIGIBLE]: 3 expiries, nearest 2026-08-25
[14:41:27]   RELIANCE [NSE, TRADE_ELIGIBLE]: 6 expiries, nearest 2026-08-25
[14:41:27]   SBILIFE [NSE, TRADE_ELIGIBLE]: 3 expiries, nearest 2026-08-25
[14:41:27]   SHRIRAMFIN [NSE, TRADE_ELIGIBLE]: 3 expiries, nearest 2026-08-25
[14:41:27]   SBIN [NSE, TRADE_ELIGIBLE]: 6 expiries, nearest 2026-08-25
[14:41:27]   SUNPHARMA [NSE, TRADE_ELIGIBLE]: 3 expiries, nearest 2026-08-25
[14:41:27]   TCS [NSE, TRADE_ELIGIBLE]: 6 expiries, nearest 2026-08-25
[14:41:27]   TATACONSUM [NSE, TRADE_ELIGIBLE]: 3 expiries, nearest 2026-08-25
[14:41:27]   TMPV [NSE, TRADE_ELIGIBLE]: 3 expiries, nearest 2026-08-25
[14:41:27]   TATASTEEL [NSE, TRADE_ELIGIBLE]: 6 expiries, nearest 2026-08-25
[14:41:27]   TECHM [NSE, TRADE_ELIGIBLE]: 3 expiries, nearest 2026-08-25
[14:41:27]   TITAN [NSE, TRADE_ELIGIBLE]: 6 expiries, nearest 2026-08-25
[14:41:27]   TRENT [NSE, TRADE_ELIGIBLE]: 3 expiries, nearest 2026-08-25
[14:41:27]   ULTRACEMCO [NSE, TRADE_ELIGIBLE]: 3 expiries, nearest 2026-08-25
[14:41:27]   WIPRO [NSE, TRADE_ELIGIBLE]: 3 expiries, nearest 2026-08-25
[14:41:27] Paper selector universe: NIFTY, BANKNIFTY, FINNIFTY, MIDCPNIFTY, SENSEX, BANKEX, FOCIT, NIFTYNXT50, NIFTYFPI, ADANIENT, ADANIPORTS, APOLLOHOSP, ASIANPAINT, AXISBANK, BAJAJ-AUTO, BAJFINANCE, BAJAJFINSV, BEL, BHARTIARTL, CIPLA, COALINDIA, DRREDDY, EICHERMOT, ETERNAL, GRASIM, HCLTECH, HDFCBANK, HDFCLIFE, HINDALCO, HINDUNILVR, ICICIBANK, ITC, INFY, INDIGO, JSWSTEEL, JIOFIN, KOTAKBANK, LT, M&M, MARUTI, MAXHEALTH, NTPC, NESTLEIND, ONGC, POWERGRID, RELIANCE, SBILIFE, SHRIRAMFIN, SBIN, SUNPHARMA, TCS, TATACONSUM, TMPV, TATASTEEL, TECHM, TITAN, TRENT, ULTRACEMCO, WIPRO; monitor-only: -

Dashboard: http://127.0.0.1:8775  (Ctrl+C to stop)
[14:41:27] Loop started.
[14:41:35]   FINNIFTY NSE:FINNIFTY26AUG26200CE depth unavailable: FyersAPIError: Fyers HTTP 429 on https://api-t1.fyers.in/data/depth?symbol=NSE%3AFINNIFTY26AUG26200CE&ohlcv_flag=1: {"type":"https://developers.cloudflare.com/support/troubleshooting/http-status-
[14:41:42]   MIDCPNIFTY NSE:MIDCPNIFTY26AUG14875CE depth unavailable: FyersAPIError: Fyers HTTP 429 on https://api-t1.fyers.in/data/depth?symbol=NSE%3AMIDCPNIFTY26AUG14875CE&ohlcv_flag=1: {"type":"https://developers.cloudflare.com/support/troubleshooting/http-statu
[14:41:42]   SENSEX chain unavailable [OPTIONS_CHAIN_ERROR]: FyersAPIError: Fyers HTTP 429 on https://api-t1.fyers.in/data/options-chain-v3?symbol=BSE%3ASENSEX-INDEX&strikecount=30: {"type":"https://developers.cloudflare.com/support/troubleshooting/http-status-codes/cloudflare-1xxx-errors/error-1015/","title":"Error 1015: You are being rate limited","status":429,"detail":"You are being rate-limited by the website owner's configuration.","instance":"a2e883056cc39be3","error_code":1015,"error_name":"rate_limited","error_category":"rate_limit","ray_id":"a2e883056cc39be3","timestamp":"2026-08-21T09:11:41Z","zone":"api-t1.fyers.in","cloudflare_error":true,"retryable":true,"retry
[14:41:43]   BANKEX chain unavailable [OPTIONS_CHAIN_ERROR]: FyersAPIError: Fyers HTTP 429 on https://api-t1.fyers.in/data/options-chain-v3?symbol=BSE%3ABANKEX-INDEX&strikecount=30: {"type":"https://developers.cloudflare.com/support/troubleshooting/http-status-codes/cloudflare-1xxx-errors/error-1015/","title":"Error 1015: You are being rate limited","status":429,"detail":"You are being rate-limited by the website owner's configuration.","instance":"a2e883065daa3d12","error_code":1015,"error_name":"rate_limited","error_category":"rate_limit","ray_id":"a2e883065daa3d12","timestamp":"2026-08-21T09:11:41Z","zone":"api-t1.fyers.in","cloudflare_error":true,"retryable":true,"retry
[14:41:45]   NIFTYNXT50 NSE:NIFTYNXT5026AUG73800PE depth unavailable: ValueError: Fyers depth source timestamp invalid
[14:41:45]   NIFTYNXT50 NSE:NIFTYNXT5026AUG73900CE depth unavailable: ValueError: Fyers depth source timestamp invalid
[14:41:45]   NIFTYNXT50 NSE:NIFTYNXT5026AUG73900PE depth unavailable: ValueError: Fyers depth source timestamp invalid
[14:41:46]   NIFTYFPI chain unavailable [OPTIONS_CHAIN_UNAVAILABLE]: OptionChainParseError: Missing data.optionsChain in Fyers payload
[14:41:49]   ADANIPORTS NSE:ADANIPORTS26AUG1680PE depth unavailable: FyersAPIError: Fyers HTTP 429 on https://api-t1.fyers.in/data/depth?symbol=NSE%3AADANIPORTS26AUG1680PE&ohlcv_flag=1: {"type":"https://developers.cloudflare.com/support/troubleshooting/http-status
[14:41:57]   NIFTY chain unavailable [OPTIONS_CHAIN_ERROR]: FyersAPIError: Fyers HTTP 429 on https://api-t1.fyers.in/data/options-chain-v3?symbol=NSE%3ANIFTY50-INDEX&strikecount=30: {"type":"https://developers.cloudflare.com/support/troubleshooting/http-status-codes/cloudflare-1xxx-errors/error-1015/","title":"Error 1015: You are being rate limited","status":429,"detail":"You are being rate-limited by the website owner's configuration.","instance":"a2e883637c582c60","error_code":1015,"error_name":"rate_limited","error_category":"rate_limit","ray_id":"a2e883637c582c60","timestamp":"2026-08-21T09:11:56Z","zone":"api-t1.fyers.in","cloudflare_error":true,"retryable":true,"retry
[14:42:03]   MIDCPNIFTY NSE:MIDCPNIFTY26AUG14875PE depth unavailable: FyersAPIError: Fyers HTTP 429 on https://api-t1.fyers.in/data/depth?symbol=NSE%3AMIDCPNIFTY26AUG14875PE&ohlcv_flag=1: {"type":"https://developers.cloudflare.com/support/troubleshooting/http-statu
[14:42:07]   NIFTYNXT50 NSE:NIFTYNXT5026AUG73800PE depth unavailable: ValueError: Fyers depth source timestamp invalid
[14:42:07]   NIFTYNXT50 NSE:NIFTYNXT5026AUG73900CE depth unavailable: ValueError: Fyers depth source timestamp invalid
[14:42:08]   NIFTYNXT50 NSE:NIFTYNXT5026AUG73900PE depth unavailable: ValueError: Fyers depth source timestamp invalid
[14:42:08]   NIFTYFPI chain unavailable [OPTIONS_CHAIN_ERROR]: FyersAPIError: Fyers HTTP 429 on https://api-t1.fyers.in/data/options-chain-v3?symbol=NSE%3ANIFTYFPI-INDEX&strikecount=30: {"type":"https://developers.cloudflare.com/support/troubleshooting/http-status-codes/cloudflare-1xxx-errors/error-1015/","title":"Error 1015: You are being rate limited","status":429,"detail":"You are being rate-limited by the website owner's configuration.","instance":"a2e883a51b983de0","error_code":1015,"error_name":"rate_limited","error_category":"rate_limit","ray_id":"a2e883a51b983de0","timestamp":"2026-08-21T09:12:07Z","zone":"api-t1.fyers.in","cloudflare_error":true,"retryable":true,"retry
[14:42:13]   DATA HEALTH ALERT BANKNIFTY: Invalid IV for CE 54600.0; Missing delta for CE 54600.0; Invalid IV for PE 54600.0; Zero volume CE at 54600.0; Zero volume CE at 54700.0; Zero volume CE at 54800.0; Candidate option quote stale 17.49s; Candidate option quote stale 17.49s; Candidate option quote stale 19.49s; Candidate option quote stale 18.49s; Candidate option quote stale 17.49s; Candidate option quote stale 16.49s
[14:42:13]   DATA HEALTH ALERT FINNIFTY: CE/PE timestamp delta 13.00s at 26200.0; CE/PE timestamp delta 18.00s at 26250.0; CE/PE timestamp delta 28.00s at 26300.0; Candidate option quote stale 53.49s; Candidate option quote stale 35.49s; Candidate option quote stale 49.49s; Candidate option quote stale 36.49s; Candidate option quote stale 18.49s; Candidate option quote stale 46.49s
[14:42:13]   DATA HEALTH ALERT MIDCPNIFTY: CE/PE timestamp delta 33.00s at 14825.0; Candidate option quote stale 16.49s; Candidate option quote stale 15.49s; Candidate option quote stale 16.49s; Candidate option quote stale 49.49s; Candidate option quote stale 16.49s; Candidate option quote depth unavailable
[14:42:13]   DATA HEALTH ALERT FOCIT: CE/PE timestamp delta 684.00s at 37000.0; CE/PE timestamp delta 49300.00s at 37100.0; CE/PE timestamp delta 50660.00s at 37200.0; Candidate option quote stale 3633.50s; Candidate option quote stale 52933.50s; Candidate option quote stale 914.50s; Candidate option quote stale 230.50s; Candidate option quote stale 2273.50s; Candidate option quote stale 52933.50s
[14:42:13]   DATA HEALTH ALERT NIFTYNXT50: CE/PE timestamp delta 1817188.80s at 73800.0; CE/PE timestamp delta 32.00s at 74000.0; Candidate option quote depth unavailable; Candidate option quote depth unavailable; Candidate option quote stale 1817204.50s; Candidate option quote depth unavailable; Candidate option quote stale 203.50s; Candidate option quote stale 235.50s
[14:42:13]   DATA HEALTH ALERT ADANIENT: CE/PE timestamp delta 33.00s at 3000.0; Candidate option quote stale 41.51s; Candidate option quote stale 8.51s; Candidate option quote stale 203.51s; Candidate option quote stale 2166.51s
[14:42:13]   DATA HEALTH ALERT ADANIPORTS: CE/PE timestamp delta 36.00s at 1700.0; CE/PE timestamp delta 58.00s at 1720.0; Candidate option quote stale 20.51s; Candidate option quote stale 56.51s; Candidate option quote stale 57.51s; Candidate option quote stale 56.51s; Candidate option quote stale 51.51s; Candidate option quote stale 109.51s
[14:42:13]   DATA HEALTH ALERT APOLLOHOSP: CE/PE timestamp delta 7.00s at 8600.0; CE/PE timestamp delta 27.00s at 8800.0; Candidate option quote stale 11.51s; Candidate option quote stale 13.51s; Candidate option quote stale 15.51s; Candidate option quote stale 8.51s; Candidate option quote stale 29.51s
[14:42:23]   FINNIFTY NSE:FINNIFTY26AUG26300CE depth unavailable: FyersAPIError: Fyers HTTP 429 on https://api-t1.fyers.in/data/depth?symbol=NSE%3AFINNIFTY26AUG26300CE&ohlcv_flag=1: {"type":"https://developers.cloudflare.com/support/troubleshooting/http-status-
[14:42:31]   NIFTYNXT50 NSE:NIFTYNXT5026AUG73800PE depth unavailable: ValueError: Fyers depth source timestamp invalid
[14:42:31]   NIFTYNXT50 NSE:NIFTYNXT5026AUG73900CE depth unavailable: ValueError: Fyers depth source timestamp invalid
[14:42:31]   NIFTYNXT50 NSE:NIFTYNXT5026AUG73900PE depth unavailable: ValueError: Fyers depth source timestamp invalid
[14:42:32]   NIFTYFPI chain unavailable [OPTIONS_CHAIN_UNAVAILABLE]: OptionChainParseError: Missing data.optionsChain in Fyers payload
[14:42:35]   DATA HEALTH ALERT SENSEX: CE/PE timestamp delta 3.00s at 77400.0; Candidate option quote stale 11.28s; Candidate option quote stale 11.28s; Candidate option quote stale 15.28s; Candidate option quote stale 12.28s; Candidate option quote stale 14.28s; Candidate option quote stale 12.28s
[14:42:35]   DATA HEALTH ALERT BANKEX: CE/PE timestamp delta 2591.00s at 65200.0; CE/PE timestamp delta 207.00s at 65300.0; CE/PE timestamp delta 1571.00s at 65400.0; Candidate option quote stale 443.32s; Candidate option quote stale 236.32s; Candidate option quote stale 2625.32s; Candidate option quote stale 34.32s; Candidate option quote stale 34.32s; Candidate option quote stale 1605.32s
[14:42:51]   AXISBANK NSE:AXISBANK26AUG1220CE depth unavailable: FyersAPIError: Fyers HTTP 429 on https://api-t1.fyers.in/data/depth?symbol=NSE%3AAXISBANK26AUG1220CE&ohlcv_flag=1: {"type":"https://developers.cloudflare.com/support/troubleshooting/http-status-c
[14:42:55]   BAJFINANCE chain unavailable [OPTIONS_CHAIN_ERROR]: FyersAPIError: Fyers HTTP 429 on https://api-t1.fyers.in/data/options-chain-v3?symbol=NSE%3ABAJFINANCE-EQ&strikecount=30: {"message":"request limit reached","code":429,"s":"error"}
[14:42:55]   BAJAJFINSV chain unavailable [OPTIONS_CHAIN_ERROR]: FyersAPIError: Fyers HTTP 429 on https://api-t1.fyers.in/data/options-chain-v3?symbol=NSE%3ABAJAJFINSV-EQ&strikecount=30: {"message":"request limit reached","code":429,"s":"error"}
[14:42:55]   BEL chain unavailable [OPTIONS_CHAIN_ERROR]: FyersAPIError: Fyers HTTP 429 on https://api-t1.fyers.in/data/options-chain-v3?symbol=NSE%3ABEL-EQ&strikecount=30: {"message":"request limit reached","code":429,"s":"error"}
[14:42:55]   BHARTIARTL chain unavailable [OPTIONS_CHAIN_ERROR]: FyersAPIError: Fyers HTTP 429 on https://api-t1.fyers.in/data/options-chain-v3?symbol=NSE%3ABHARTIARTL-EQ&strikecount=30: {"message":"request limit reached","code":429,"s":"error"}
[14:42:56]   CIPLA chain unavailable [OPTIONS_CHAIN_ERROR]: FyersAPIError: Fyers HTTP 429 on https://api-t1.fyers.in/data/options-chain-v3?symbol=NSE%3ACIPLA-EQ&strikecount=30: {"message":"request limit reached","code":429,"s":"error"}
[14:42:56]   DATA HEALTH ALERT NIFTY: Invalid IV for CE 22750.0; Missing delta for CE 22750.0; Invalid IV for PE 22750.0; Zero volume CE at 22750.0; Zero volume CE at 22850.0; Zero volume CE at 22950.0; Candidate option quote stale 17.18s; Candidate option quote stale 17.18s; Candidate option quote stale 18.18s; Candidate option quote stale 18.18s; Candidate option quote stale 17.19s; Candidate option quote stale 17.19s
[14:43:11]   AXISBANK NSE:AXISBANK26AUG1260CE depth unavailable: FyersAPIError: Fyers HTTP 429 on https://api-t1.fyers.in/data/depth?symbol=NSE%3AAXISBANK26AUG1260CE&ohlcv_flag=1: {"type":"https://developers.cloudflare.com/support/troubleshooting/http-status-c
[14:43:16]   BEL chain unavailable [OPTIONS_CHAIN_ERROR]: FyersAPIError: Fyers HTTP 429 on https://api-t1.fyers.in/data/options-chain-v3?symbol=NSE%3ABEL-EQ&strikecount=30: {"type":"https://developers.cloudflare.com/support/troubleshooting/http-status-codes/cloudflare-1xxx-errors/error-1015/","title":"Error 1015: You are being rate limited","status":429,"detail":"You are being rate-limited by the website owner's configuration.","instance":"a2e88550dd074212","error_code":1015,"error_name":"rate_limited","error_category":"rate_limit","ray_id":"a2e88550dd074212","timestamp":"2026-08-21T09:13:15Z","zone":"api-t1.fyers.in","cloudflare_error":true,"retryable":true,"retry
[14:43:17]   BHARTIARTL chain unavailable [OPTIONS_CHAIN_ERROR]: FyersAPIError: Fyers HTTP 429 on https://api-t1.fyers.in/data/options-chain-v3?symbol=NSE%3ABHARTIARTL-EQ&strikecount=30: {"type":"https://developers.cloudflare.com/support/troubleshooting/http-status-codes/cloudflare-1xxx-errors/error-1015/","title":"Error 1015: You are being rate limited","status":429,"detail":"You are being rate-limited by the website owner's configuration.","instance":"a2e88551ec213cf4","error_code":1015,"error_name":"rate_limited","error_category":"rate_limit","ray_id":"a2e88551ec213cf4","timestamp":"2026-08-21T09:13:15Z","zone":"api-t1.fyers.in","cloudflare_error":true,"retryable":true,"retry
[14:43:17]   CIPLA chain unavailable [OPTIONS_CHAIN_ERROR]: FyersAPIError: Fyers HTTP 429 on https://api-t1.fyers.in/data/options-chain-v3?symbol=NSE%3ACIPLA-EQ&strikecount=30: {"type":"https://developers.cloudflare.com/support/troubleshooting/http-status-codes/cloudflare-1xxx-errors/error-1015/","title":"Error 1015: You are being rate limited","status":429,"detail":"You are being rate-limited by the website owner's configuration.","instance":"a2e88552eec04460","error_code":1015,"error_name":"rate_limited","error_category":"rate_limit","ray_id":"a2e88552eec04460","timestamp":"2026-08-21T09:13:15Z","zone":"api-t1.fyers.in","cloudflare_error":true,"retryable":true,"retry
[14:43:17]   DATA HEALTH ALERT ASIANPAINT: CE/PE timestamp delta 152.00s at 2600.0; CE/PE timestamp delta 73.00s at 2620.0; CE/PE timestamp delta 9.00s at 2640.0; Candidate option quote stale 37.33s; Candidate option quote stale 110.33s; Candidate option quote stale 270.33s; Candidate option quote stale 118.33s; Candidate option quote stale 76.33s; Candidate option quote stale 85.33s
[14:43:17]   DATA HEALTH ALERT AXISBANK: CE/PE timestamp delta 34.00s at 1220.0; CE/PE timestamp delta 17.00s at 1240.0; CE/PE timestamp delta 61.21s at 1260.0; Candidate option quote stale 56.34s; Candidate option quote stale 73.34s; Candidate option quote stale 20.34s; Candidate option quote stale 54.34s; Candidate option quote depth unavailable; Candidate option quote stale 77.34s
[14:43:17]   DATA HEALTH ALERT BAJAJ-AUTO: CE/PE timestamp delta 97.00s at 11600.0; CE/PE timestamp delta 27.00s at 11700.0; CE/PE timestamp delta 3.00s at 11800.0; Candidate option quote stale 21.34s; Candidate option quote stale 48.34s; Candidate option quote stale 136.34s; Candidate option quote stale 39.34s; Candidate option quote stale 9.34s; Candidate option quote stale 12.34s
[14:43:23]   BANKNIFTY chain unavailable [OPTIONS_CHAIN_ERROR]: FyersAPIError: Fyers HTTP 429 on https://api-t1.fyers.in/data/options-chain-v3?symbol=NSE%3ANIFTYBANK-INDEX&strikecount=30: {"type":"https://developers.cloudflare.com/support/troubleshooting/http-status-codes/cloudflare-1xxx-errors/error-1015/","title":"Error 1015: You are being rate limited","status":429,"detail":"You are being rate-limited by the website owner's configuration.","instance":"a2e8857b7e694f9b","error_code":1015,"error_name":"rate_limited","error_category":"rate_limit","ray_id":"a2e8857b7e694f9b","timestamp":"2026-08-21T09:13:22Z","zone":"api-t1.fyers.in","cloudflare_error":true,"retryable":true,"retry
[14:43:23]   FINNIFTY chain unavailable [OPTIONS_CHAIN_ERROR]: FyersAPIError: Fyers HTTP 429 on https://api-t1.fyers.in/data/options-chain-v3?symbol=NSE%3AFINNIFTY-INDEX&strikecount=30: {"type":"https://developers.cloudflare.com/support/troubleshooting/http-status-codes/cloudflare-1xxx-errors/error-1015/","title":"Error 1015: You are being rate limited","status":429,"detail":"You are being rate-limited by the website owner's configuration.","instance":"a2e8857c5ae1c03d","error_code":1015,"error_name":"rate_limited","error_category":"rate_limit","ray_id":"a2e8857c5ae1c03d","timestamp":"2026-08-21T09:13:22Z","zone":"api-t1.fyers.in","cloudflare_error":true,"retryable":true,"retry
[14:43:23]   MIDCPNIFTY chain unavailable [OPTIONS_CHAIN_ERROR]: FyersAPIError: Fyers HTTP 429 on https://api-t1.fyers.in/data/options-chain-v3?symbol=NSE%3AMIDCPNIFTY-INDEX&strikecount=30: {"type":"https://developers.cloudflare.com/support/troubleshooting/http-status-codes/cloudflare-1xxx-errors/error-1015/","title":"Error 1015: You are being rate limited","status":429,"detail":"You are being rate-limited by the website owner's configuration.","instance":"a2e8857d2a5e2666","error_code":1015,"error_name":"rate_limited","error_category":"rate_limit","ray_id":"a2e8857d2a5e2666","timestamp":"2026-08-21T09:13:22Z","zone":"api-t1.fyers.in","cloudflare_error":true,"retryable":true,"retry
[14:43:24]   ASIANPAINT chain unavailable [OPTIONS_CHAIN_ERROR]: FyersAPIError: Fyers HTTP 429 on https://api-t1.fyers.in/data/options-chain-v3?symbol=NSE%3AASIANPAINT-EQ&strikecount=30: {"type":"https://developers.cloudflare.com/support/troubleshooting/http-status-codes/cloudflare-1xxx-errors/error-1015/","title":"Error 1015: You are being rate limited","status":429,"detail":"You are being rate-limited by the website owner's configuration.","instance":"a2e8857e28933b3f","error_code":1015,"error_name":"rate_limited","error_category":"rate_limit","ray_id":"a2e8857e28933b3f","timestamp":"2026-08-21T09:13:22Z","zone":"api-t1.fyers.in","cloudflare_error":true,"retryable":true,"retry
[14:43:24]   AXISBANK chain unavailable [OPTIONS_CHAIN_ERROR]: FyersAPIError: Fyers HTTP 429 on https://api-t1.fyers.in/data/options-chain-v3?symbol=NSE%3AAXISBANK-EQ&strikecount=30: {"type":"https://developers.cloudflare.com/support/troubleshooting/http-status-codes/cloudflare-1xxx-errors/error-1015/","title":"Error 1015: You are being rate limited","status":429,"detail":"You are being rate-limited by the website owner's configuration.","instance":"a2e8857f1feb3b61","error_code":1015,"error_name":"rate_limited","error_category":"rate_limit","ray_id":"a2e8857f1feb3b61","timestamp":"2026-08-21T09:13:23Z","zone":"api-t1.fyers.in","cloudflare_error":true,"retryable":true,"retry
[14:43:24]   BAJAJ-AUTO chain unavailable [OPTIONS_CHAIN_ERROR]: FyersAPIError: Fyers HTTP 429 on https://api-t1.fyers.in/data/options-chain-v3?symbol=NSE%3ABAJAJ-AUTO-EQ&strikecount=30: {"type":"https://developers.cloudflare.com/support/troubleshooting/http-status-codes/cloudflare-1xxx-errors/error-1015/","title":"Error 1015: You are being rate limited","status":429,"detail":"You are being rate-limited by the website owner's configuration.","instance":"a2e8858019404565","error_code":1015,"error_name":"rate_limited","error_category":"rate_limit","ray_id":"a2e8858019404565","timestamp":"2026-08-21T09:13:23Z","zone":"api-t1.fyers.in","cloudflare_error":true,"retryable":true,"retry
[14:43:24]   BAJFINANCE chain unavailable [OPTIONS_CHAIN_ERROR]: FyersAPIError: Fyers HTTP 429 on https://api-t1.fyers.in/data/options-chain-v3?symbol=NSE%3ABAJFINANCE-EQ&strikecount=30: {"type":"https://developers.cloudflare.com/support/troubleshooting/http-status-codes/cloudflare-1xxx-errors/error-1015/","title":"Error 1015: You are being rate limited","status":429,"detail":"You are being rate-limited by the website owner's configuration.","instance":"a2e88580dbbf3c40","error_code":1015,"error_name":"rate_limited","error_category":"rate_limit","ray_id":"a2e88580dbbf3c40","timestamp":"2026-08-21T09:13:23Z","zone":"api-t1.fyers.in","cloudflare_error":true,"retryable":true,"retry
[14:43:24]   BAJAJFINSV chain unavailable [OPTIONS_CHAIN_ERROR]: FyersAPIError: Fyers HTTP 429 on https://api-t1.fyers.in/data/options-chain-v3?symbol=NSE%3ABAJAJFINSV-EQ&strikecount=30: {"type":"https://developers.cloudflare.com/support/troubleshooting/http-status-codes/cloudflare-1xxx-errors/error-1015/","title":"Error 1015: You are being rate limited","status":429,"detail":"You are being rate-limited by the website owner's configuration.","instance":"a2e88581de2d473a","error_code":1015,"error_name":"rate_limited","error_category":"rate_limit","ray_id":"a2e88581de2d473a","timestamp":"2026-08-21T09:13:23Z","zone":"api-t1.fyers.in","cloudflare_error":true,"retryable":true,"retry
[14:43:24]   BEL chain unavailable [OPTIONS_CHAIN_ERROR]: FyersAPIError: Fyers HTTP 429 on https://api-t1.fyers.in/data/options-chain-v3?symbol=NSE%3ABEL-EQ&strikecount=30: {"type":"https://developers.cloudflare.com/support/troubleshooting/http-status-codes/cloudflare-1xxx-errors/error-1015/","title":"Error 1015: You are being rate limited","status":429,"detail":"You are being rate-limited by the website owner's configuration.","instance":"a2e88582b9333b2e","error_code":1015,"error_name":"rate_limited","error_category":"rate_limit","ray_id":"a2e88582b9333b2e","timestamp":"2026-08-21T09:13:23Z","zone":"api-t1.fyers.in","cloudflare_error":true,"retryable":true,"retry
[14:43:25]   BHARTIARTL chain unavailable [OPTIONS_CHAIN_ERROR]: FyersAPIError: Fyers HTTP 429 on https://api-t1.fyers.in/data/options-chain-v3?symbol=NSE%3ABHARTIARTL-EQ&strikecount=30: {"type":"https://developers.cloudflare.com/support/troubleshooting/http-status-codes/cloudflare-1xxx-errors/error-1015/","title":"Error 1015: You are being rate limited","status":429,"detail":"You are being rate-limited by the website owner's configuration.","instance":"a2e885838cd985ff","error_code":1015,"error_name":"rate_limited","error_category":"rate_limit","ray_id":"a2e885838cd985ff","timestamp":"2026-08-21T09:13:23Z","zone":"api-t1.fyers.in","cloudflare_error":true,"retryable":true,"retry
[14:43:25]   CIPLA chain unavailable [OPTIONS_CHAIN_ERROR]: FyersAPIError: Fyers HTTP 429 on https://api-t1.fyers.in/data/options-chain-v3?symbol=NSE%3ACIPLA-EQ&strikecount=30: {"type":"https://developers.cloudflare.com/support/troubleshooting/http-status-codes/cloudflare-1xxx-errors/error-1015/","title":"Error 1015: You are being rate limited","status":429,"detail":"You are being rate-limited by the website owner's configuration.","instance":"a2e885845a9257ad","error_code":1015,"error_name":"rate_limited","error_category":"rate_limit","ray_id":"a2e885845a9257ad","timestamp":"2026-08-21T09:13:23Z","zone":"api-t1.fyers.in","cloudflare_error":true,"retryable":true,"retry
[14:43:30]   NIFTY chain unavailable [OPTIONS_CHAIN_ERROR]: FyersAPIError: Fyers HTTP 429 on https://api-t1.fyers.in/data/options-chain-v3?symbol=NSE%3ANIFTY50-INDEX&strikecount=30: {"type":"https://developers.cloudflare.com/support/troubleshooting/http-status-codes/cloudflare-1xxx-errors/error-1015/","title":"Error 1015: You are being rate limited","status":429,"detail":"You are being rate-limited by the website owner's configuration.","instance":"a2e885a4ad0b0522","error_code":1015,"error_name":"rate_limited","error_category":"rate_limit","ray_id":"a2e885a4ad0b0522","timestamp":"2026-08-21T09:13:29Z","zone":"api-t1.fyers.in","cloudflare_error":true,"retryable":true,"retry
[14:43:30]   BANKNIFTY chain unavailable [OPTIONS_CHAIN_ERROR]: FyersAPIError: Fyers HTTP 429 on https://api-t1.fyers.in/data/options-chain-v3?symbol=NSE%3ANIFTYBANK-INDEX&strikecount=30: {"type":"https://developers.cloudflare.com/support/troubleshooting/http-status-codes/cloudflare-1xxx-errors/error-1015/","title":"Error 1015: You are being rate limited","status":429,"detail":"You are being rate-limited by the website owner's configuration.","instance":"a2e885a57f614904","error_code":1015,"error_name":"rate_limited","error_category":"rate_limit","ray_id":"a2e885a57f614904","timestamp":"2026-08-21T09:13:29Z","zone":"api-t1.fyers.in","cloudflare_error":true,"retryable":true,"retry
[14:43:30]   FINNIFTY chain unavailable [OPTIONS_CHAIN_ERROR]: FyersAPIError: Fyers HTTP 429 on https://api-t1.fyers.in/data/options-chain-v3?symbol=NSE%3AFINNIFTY-INDEX&strikecount=30: {"type":"https://developers.cloudflare.com/support/troubleshooting/http-status-codes/cloudflare-1xxx-errors/error-1015/","title":"Error 1015: You are being rate limited","status":429,"detail":"You are being rate-limited by the website owner's configuration.","instance":"a2e885a658284290","error_code":1015,"error_name":"rate_limited","error_category":"rate_limit","ray_id":"a2e885a658284290","timestamp":"2026-08-21T09:13:29Z","zone":"api-t1.fyers.in","cloudflare_error":true,"retryable":true,"retry
[14:43:30]   MIDCPNIFTY chain unavailable [OPTIONS_CHAIN_ERROR]: FyersAPIError: Fyers HTTP 429 on https://api-t1.fyers.in/data/options-chain-v3?symbol=NSE%3AMIDCPNIFTY-INDEX&strikecount=30: {"type":"https://developers.cloudflare.com/support/troubleshooting/http-status-codes/cloudflare-1xxx-errors/error-1015/","title":"Error 1015: You are being rate limited","status":429,"detail":"You are being rate-limited by the website owner's configuration.","instance":"a2e885a72b0fd5f0","error_code":1015,"error_name":"rate_limited","error_category":"rate_limit","ray_id":"a2e885a72b0fd5f0","timestamp":"2026-08-21T09:13:29Z","zone":"api-t1.fyers.in","cloudflare_error":true,"retryable":true,"retry
[14:43:30]   ASIANPAINT chain unavailable [OPTIONS_CHAIN_ERROR]: FyersAPIError: Fyers HTTP 429 on https://api-t1.fyers.in/data/options-chain-v3?symbol=NSE%3AASIANPAINT-EQ&strikecount=30: {"type":"https://developers.cloudflare.com/support/troubleshooting/http-status-codes/cloudflare-1xxx-errors/error-1015/","title":"Error 1015: You are being rate limited","status":429,"detail":"You are being rate-limited by the website owner's configuration.","instance":"a2e885a819ef46fe","error_code":1015,"error_name":"rate_limited","error_category":"rate_limit","ray_id":"a2e885a819ef46fe","timestamp":"2026-08-21T09:13:29Z","zone":"api-t1.fyers.in","cloudflare_error":true,"retryable":true,"retry
[14:43:30]   AXISBANK chain unavailable [OPTIONS_CHAIN_ERROR]: FyersAPIError: Fyers HTTP 429 on https://api-t1.fyers.in/data/options-chain-v3?symbol=NSE%3AAXISBANK-EQ&strikecount=30: {"type":"https://developers.cloudflare.com/support/troubleshooting/http-status-codes/cloudflare-1xxx-errors/error-1015/","title":"Error 1015: You are being rate limited","status":429,"detail":"You are being rate-limited by the website owner's configuration.","instance":"a2e885a8ef6f482f","error_code":1015,"error_name":"rate_limited","error_category":"rate_limit","ray_id":"a2e885a8ef6f482f","timestamp":"2026-08-21T09:13:29Z","zone":"api-t1.fyers.in","cloudflare_error":true,"retryable":true,"retry
[14:43:31]   BAJAJ-AUTO chain unavailable [OPTIONS_CHAIN_ERROR]: FyersAPIError: Fyers HTTP 429 on https://api-t1.fyers.in/data/options-chain-v3?symbol=NSE%3ABAJAJ-AUTO-EQ&strikecount=30: {"type":"https://developers.cloudflare.com/support/troubleshooting/http-status-codes/cloudflare-1xxx-errors/error-1015/","title":"Error 1015: You are being rate limited","status":429,"detail":"You are being rate-limited by the website owner's configuration.","instance":"a2e885a9e81f3bd0","error_code":1015,"error_name":"rate_limited","error_category":"rate_limit","ray_id":"a2e885a9e81f3bd0","timestamp":"2026-08-21T09:13:29Z","zone":"api-t1.fyers.in","cloudflare_error":true,"retryable":true,"retry
[14:43:38]   BHARTIARTL NSE:BHARTIARTL26AUG1940CE depth unavailable: FyersAPIError: Fyers HTTP 429 on https://api-t1.fyers.in/data/depth?symbol=NSE%3ABHARTIARTL26AUG1940CE&ohlcv_flag=1: {"type":"https://developers.cloudflare.com/support/troubleshooting/http-status
[14:43:52]   FINNIFTY NSE:FINNIFTY26AUG26250CE depth unavailable: FyersAPIError: Fyers HTTP 429 on https://api-t1.fyers.in/data/depth?symbol=NSE%3AFINNIFTY26AUG26250CE&ohlcv_flag=1: {"type":"https://developers.cloudflare.com/support/troubleshooting/http-status-
[14:43:59]   DRREDDY NSE:DRREDDY26AUG1190PE depth unavailable: FyersAPIError: Fyers HTTP 429 on https://api-t1.fyers.in/data/depth?symbol=NSE%3ADRREDDY26AUG1190PE&ohlcv_flag=1: {"type":"https://developers.cloudflare.com/support/troubleshooting/http-status-co
[14:44:06]   HCLTECH NSE:HCLTECH26AUG1310PE depth unavailable: FyersAPIError: Fyers HTTP 429 on https://api-t1.fyers.in/data/depth?symbol=NSE%3AHCLTECH26AUG1310PE&ohlcv_flag=1: {"type":"https://developers.cloudflare.com/support/troubleshooting/http-status-co
[14:44:13]   HDFCLIFE NSE:HDFCLIFE26AUG555PE depth unavailable: FyersAPIError: Fyers HTTP 429 on https://api-t1.fyers.in/data/depth?symbol=NSE%3AHDFCLIFE26AUG555PE&ohlcv_flag=1: {"type":"https://developers.cloudflare.com/support/troubleshooting/http-status-co
[14:44:18]   NIFTY chain unavailable [OPTIONS_CHAIN_ERROR]: FyersAPIError: Fyers HTTP 429 on https://api-t1.fyers.in/data/options-chain-v3?symbol=NSE%3ANIFTY50-INDEX&strikecount=30: {"type":"https://developers.cloudflare.com/support/troubleshooting/http-status-codes/cloudflare-1xxx-errors/error-1015/","title":"Error 1015: You are being rate limited","status":429,"detail":"You are being rate-limited by the website owner's configuration.","instance":"a2e886d30f9140c9","error_code":1015,"error_name":"rate_limited","error_category":"rate_limit","ray_id":"a2e886d30f9140c9","timestamp":"2026-08-21T09:14:17Z","zone":"api-t1.fyers.in","cloudflare_error":true,"retryable":true,"retry
[14:44:18]   BANKNIFTY chain unavailable [OPTIONS_CHAIN_ERROR]: FyersAPIError: Fyers HTTP 429 on https://api-t1.fyers.in/data/options-chain-v3?symbol=NSE%3ANIFTYBANK-INDEX&strikecount=30: {"type":"https://developers.cloudflare.com/support/troubleshooting/http-status-codes/cloudflare-1xxx-errors/error-1015/","title":"Error 1015: You are being rate limited","status":429,"detail":"You are being rate-limited by the website owner's configuration.","instance":"a2e886d3e8172074","error_code":1015,"error_name":"rate_limited","error_category":"rate_limit","ray_id":"a2e886d3e8172074","timestamp":"2026-08-21T09:14:17Z","zone":"api-t1.fyers.in","cloudflare_error":true,"retryable":true,"retry
[14:44:19]   FINNIFTY chain unavailable [OPTIONS_CHAIN_ERROR]: FyersAPIError: Fyers HTTP 429 on https://api-t1.fyers.in/data/options-chain-v3?symbol=NSE%3AFINNIFTY-INDEX&strikecount=30: {"type":"https://developers.cloudflare.com/support/troubleshooting/http-status-codes/cloudflare-1xxx-errors/error-1015/","title":"Error 1015: You are being rate limited","status":429,"detail":"You are being rate-limited by the website owner's configuration.","instance":"a2e886d51b8f9e1b","error_code":1015,"error_name":"rate_limited","error_category":"rate_limit","ray_id":"a2e886d51b8f9e1b","timestamp":"2026-08-21T09:14:17Z","zone":"api-t1.fyers.in","cloudflare_error":true,"retryable":true,"retry
[14:44:19]   MIDCPNIFTY chain unavailable [OPTIONS_CHAIN_ERROR]: FyersAPIError: Fyers HTTP 429 on https://api-t1.fyers.in/data/options-chain-v3?symbol=NSE%3AMIDCPNIFTY-INDEX&strikecount=30: {"type":"https://developers.cloudflare.com/support/troubleshooting/http-status-codes/cloudflare-1xxx-errors/error-1015/","title":"Error 1015: You are being rate limited","status":429,"detail":"You are being rate-limited by the website owner's configuration.","instance":"a2e886d6480aff74","error_code":1015,"error_name":"rate_limited","error_category":"rate_limit","ray_id":"a2e886d6480aff74","timestamp":"2026-08-21T09:14:17Z","zone":"api-t1.fyers.in","cloudflare_error":true,"retryable":true,"retry
[14:44:19]   COALINDIA chain unavailable [OPTIONS_CHAIN_ERROR]: FyersAPIError: Fyers HTTP 429 on https://api-t1.fyers.in/data/options-chain-v3?symbol=NSE%3ACOALINDIA-EQ&strikecount=30: {"type":"https://developers.cloudflare.com/support/troubleshooting/http-status-codes/cloudflare-1xxx-errors/error-1015/","title":"Error 1015: You are being rate limited","status":429,"detail":"You are being rate-limited by the website owner's configuration.","instance":"a2e886d71dcb4212","error_code":1015,"error_name":"rate_limited","error_category":"rate_limit","ray_id":"a2e886d71dcb4212","timestamp":"2026-08-21T09:14:18Z","zone":"api-t1.fyers.in","cloudflare_error":true,"retryable":true,"retry
[14:44:19]   DRREDDY chain unavailable [OPTIONS_CHAIN_ERROR]: FyersAPIError: Fyers HTTP 429 on https://api-t1.fyers.in/data/options-chain-v3?symbol=NSE%3ADRREDDY-EQ&strikecount=30: {"type":"https://developers.cloudflare.com/support/troubleshooting/http-status-codes/cloudflare-1xxx-errors/error-1015/","title":"Error 1015: You are being rate limited","status":429,"detail":"You are being rate-limited by the website owner's configuration.","instance":"a2e886d7e9048eee","error_code":1015,"error_name":"rate_limited","error_category":"rate_limit","ray_id":"a2e886d7e9048eee","timestamp":"2026-08-21T09:14:18Z","zone":"api-t1.fyers.in","cloudflare_error":true,"retryable":true,"retry
[14:44:19]   EICHERMOT chain unavailable [OPTIONS_CHAIN_ERROR]: FyersAPIError: Fyers HTTP 429 on https://api-t1.fyers.in/data/options-chain-v3?symbol=NSE%3AEICHERMOT-EQ&strikecount=30: {"type":"https://developers.cloudflare.com/support/troubleshooting/http-status-codes/cloudflare-1xxx-errors/error-1015/","title":"Error 1015: You are being rate limited","status":429,"detail":"You are being rate-limited by the website owner's configuration.","instance":"a2e886d8b91b47b9","error_code":1015,"error_name":"rate_limited","error_category":"rate_limit","ray_id":"a2e886d8b91b47b9","timestamp":"2026-08-21T09:14:18Z","zone":"api-t1.fyers.in","cloudflare_error":true,"retryable":true,"retry
[14:44:19]   ETERNAL chain unavailable [OPTIONS_CHAIN_ERROR]: FyersAPIError: Fyers HTTP 429 on https://api-t1.fyers.in/data/options-chain-v3?symbol=NSE%3AETERNAL-EQ&strikecount=30: {"type":"https://developers.cloudflare.com/support/troubleshooting/http-status-codes/cloudflare-1xxx-errors/error-1015/","title":"Error 1015: You are being rate limited","status":429,"detail":"You are being rate-limited by the website owner's configuration.","instance":"a2e886d9a92f4055","error_code":1015,"error_name":"rate_limited","error_category":"rate_limit","ray_id":"a2e886d9a92f4055","timestamp":"2026-08-21T09:14:18Z","zone":"api-t1.fyers.in","cloudflare_error":true,"retryable":true,"retry
[14:44:19]   GRASIM chain unavailable [OPTIONS_CHAIN_ERROR]: FyersAPIError: Fyers HTTP 429 on https://api-t1.fyers.in/data/options-chain-v3?symbol=NSE%3AGRASIM-EQ&strikecount=30: {"type":"https://developers.cloudflare.com/support/troubleshooting/http-status-codes/cloudflare-1xxx-errors/error-1015/","title":"Error 1015: You are being rate limited","status":429,"detail":"You are being rate-limited by the website owner's configuration.","instance":"a2e886da9e672698","error_code":1015,"error_name":"rate_limited","error_category":"rate_limit","ray_id":"a2e886da9e672698","timestamp":"2026-08-21T09:14:18Z","zone":"api-t1.fyers.in","cloudflare_error":true,"retryable":true,"retry
[14:44:20]   HCLTECH chain unavailable [OPTIONS_CHAIN_ERROR]: FyersAPIError: Fyers HTTP 429 on https://api-t1.fyers.in/data/options-chain-v3?symbol=NSE%3AHCLTECH-EQ&strikecount=30: {"type":"https://developers.cloudflare.com/support/troubleshooting/http-status-codes/cloudflare-1xxx-errors/error-1015/","title":"Error 1015: You are being rate limited","status":429,"detail":"You are being rate-limited by the website owner's configuration.","instance":"a2e886db69504469","error_code":1015,"error_name":"rate_limited","error_category":"rate_limit","ray_id":"a2e886db69504469","timestamp":"2026-08-21T09:14:18Z","zone":"api-t1.fyers.in","cloudflare_error":true,"retryable":true,"retry
[14:44:20]   HDFCBANK chain unavailable [OPTIONS_CHAIN_ERROR]: FyersAPIError: Fyers HTTP 429 on https://api-t1.fyers.in/data/options-chain-v3?symbol=NSE%3AHDFCBANK-EQ&strikecount=30: {"type":"https://developers.cloudflare.com/support/troubleshooting/http-status-codes/cloudflare-1xxx-errors/error-1015/","title":"Error 1015: You are being rate limited","status":429,"detail":"You are being rate-limited by the website owner's configuration.","instance":"a2e886dc4db63194","error_code":1015,"error_name":"rate_limited","error_category":"rate_limit","ray_id":"a2e886dc4db63194","timestamp":"2026-08-21T09:14:18Z","zone":"api-t1.fyers.in","cloudflare_error":true,"retryable":true,"retry
[14:44:21]   DATA HEALTH ALERT HDFCLIFE: CE/PE timestamp delta 4.00s at 545.0; CE/PE timestamp delta 14.00s at 550.0; CE/PE timestamp delta 95.00s at 555.0; Candidate option quote stale 67.32s; Candidate option quote stale 81.32s; Candidate option quote stale 139.32s; Candidate option quote stale 135.32s; Candidate option quote stale 19.32s; Candidate option quote stale 114.32s
[14:44:26]   NIFTY chain unavailable [OPTIONS_CHAIN_ERROR]: FyersAPIError: Fyers HTTP 429 on https://api-t1.fyers.in/data/options-chain-v3?symbol=NSE%3ANIFTY50-INDEX&strikecount=30: {"type":"https://developers.cloudflare.com/support/troubleshooting/http-status-codes/cloudflare-1xxx-errors/error-1015/","title":"Error 1015: You are being rate limited","status":429,"detail":"You are being rate-limited by the website owner's configuration.","instance":"a2e887039efcc161","error_code":1015,"error_name":"rate_limited","error_category":"rate_limit","ray_id":"a2e887039efcc161","timestamp":"2026-08-21T09:14:25Z","zone":"api-t1.fyers.in","cloudflare_error":true,"retryable":true,"retry
[14:44:26]   BANKNIFTY chain unavailable [OPTIONS_CHAIN_ERROR]: FyersAPIError: Fyers HTTP 429 on https://api-t1.fyers.in/data/options-chain-v3?symbol=NSE%3ANIFTYBANK-INDEX&strikecount=30: {"type":"https://developers.cloudflare.com/support/troubleshooting/http-status-codes/cloudflare-1xxx-errors/error-1015/","title":"Error 1015: You are being rate limited","status":429,"detail":"You are being rate-limited by the website owner's configuration.","instance":"a2e88704adab41f4","error_code":1015,"error_name":"rate_limited","error_category":"rate_limit","ray_id":"a2e88704adab41f4","timestamp":"2026-08-21T09:14:25Z","zone":"api-t1.fyers.in","cloudflare_error":true,"retryable":true,"retry
[14:44:26]   FINNIFTY chain unavailable [OPTIONS_CHAIN_ERROR]: FyersAPIError: Fyers HTTP 429 on https://api-t1.fyers.in/data/options-chain-v3?symbol=NSE%3AFINNIFTY-INDEX&strikecount=30: {"type":"https://developers.cloudflare.com/support/troubleshooting/http-status-codes/cloudflare-1xxx-errors/error-1015/","title":"Error 1015: You are being rate limited","status":429,"detail":"You are being rate-limited by the website owner's configuration.","instance":"a2e88705783c4457","error_code":1015,"error_name":"rate_limited","error_category":"rate_limit","ray_id":"a2e88705783c4457","timestamp":"2026-08-21T09:14:25Z","zone":"api-t1.fyers.in","cloudflare_error":true,"retryable":true,"retry
[14:44:26]   MIDCPNIFTY chain unavailable [OPTIONS_CHAIN_ERROR]: FyersAPIError: Fyers HTTP 429 on https://api-t1.fyers.in/data/options-chain-v3?symbol=NSE%3AMIDCPNIFTY-INDEX&strikecount=30: {"type":"https://developers.cloudflare.com/support/troubleshooting/http-status-codes/cloudflare-1xxx-errors/error-1015/","title":"Error 1015: You are being rate limited","status":429,"detail":"You are being rate-limited by the website owner's configuration.","instance":"a2e88706689f4236","error_code":1015,"error_name":"rate_limited","error_category":"rate_limit","ray_id":"a2e88706689f4236","timestamp":"2026-08-21T09:14:25Z","zone":"api-t1.fyers.in","cloudflare_error":true,"retryable":true,"retry
[14:44:27]   COALINDIA chain unavailable [OPTIONS_CHAIN_ERROR]: FyersAPIError: Fyers HTTP 429 on https://api-t1.fyers.in/data/options-chain-v3?symbol=NSE%3ACOALINDIA-EQ&strikecount=30: {"type":"https://developers.cloudflare.com/support/troubleshooting/http-status-codes/cloudflare-1xxx-errors/error-1015/","title":"Error 1015: You are being rate limited","status":429,"detail":"You are being rate-limited by the website owner's configuration.","instance":"a2e887072b5c4838","error_code":1015,"error_name":"rate_limited","error_category":"rate_limit","ray_id":"a2e887072b5c4838","timestamp":"2026-08-21T09:14:25Z","zone":"api-t1.fyers.in","cloudflare_error":true,"retryable":true,"retry
[14:44:27]   DRREDDY chain unavailable [OPTIONS_CHAIN_ERROR]: FyersAPIError: Fyers HTTP 429 on https://api-t1.fyers.in/data/options-chain-v3?symbol=NSE%3ADRREDDY-EQ&strikecount=30: {"type":"https://developers.cloudflare.com/support/troubleshooting/http-status-codes/cloudflare-1xxx-errors/error-1015/","title":"Error 1015: You are being rate limited","status":429,"detail":"You are being rate-limited by the website owner's configuration.","instance":"a2e88707fc00ff6d","error_code":1015,"error_name":"rate_limited","error_category":"rate_limit","ray_id":"a2e88707fc00ff6d","timestamp":"2026-08-21T09:14:25Z","zone":"api-t1.fyers.in","cloudflare_error":true,"retryable":true,"retry
[14:44:45]   COALINDIA chain unavailable [OPTIONS_CHAIN_ERROR]: FyersAPIError: Fyers HTTP 429 on https://api-t1.fyers.in/data/options-chain-v3?symbol=NSE%3ACOALINDIA-EQ&strikecount=30: {"type":"https://developers.cloudflare.com/support/troubleshooting/http-status-codes/cloudflare-1xxx-errors/error-1015/","title":"Error 1015: You are being rate limited","status":429,"detail":"You are being rate-limited by the website owner's configuration.","instance":"a2e8877c1fb84853","error_code":1015,"error_name":"rate_limited","error_category":"rate_limit","ray_id":"a2e8877c1fb84853","timestamp":"2026-08-21T09:14:44Z","zone":"api-t1.fyers.in","cloudflare_error":true,"retryable":true,"retry
[14:44:45]   DRREDDY chain unavailable [OPTIONS_CHAIN_ERROR]: FyersAPIError: Fyers HTTP 429 on https://api-t1.fyers.in/data/options-chain-v3?symbol=NSE%3ADRREDDY-EQ&strikecount=30: {"type":"https://developers.cloudflare.com/support/troubleshooting/http-status-codes/cloudflare-1xxx-errors/error-1015/","title":"Error 1015: You are being rate limited","status":429,"detail":"You are being rate-limited by the website owner's configuration.","instance":"a2e8877ce839409f","error_code":1015,"error_name":"rate_limited","error_category":"rate_limit","ray_id":"a2e8877ce839409f","timestamp":"2026-08-21T09:14:44Z","zone":"api-t1.fyers.in","cloudflare_error":true,"retryable":true,"retry
[14:44:46]   EICHERMOT chain unavailable [OPTIONS_CHAIN_ERROR]: FyersAPIError: Fyers HTTP 429 on https://api-t1.fyers.in/data/options-chain-v3?symbol=NSE%3AEICHERMOT-EQ&strikecount=30: {"type":"https://developers.cloudflare.com/support/troubleshooting/http-status-codes/cloudflare-1xxx-errors/error-1015/","title":"Error 1015: You are being rate limited","status":429,"detail":"You are being rate-limited by the website owner's configuration.","instance":"a2e8877ded38ff9f","error_code":1015,"error_name":"rate_limited","error_category":"rate_limit","ray_id":"a2e8877ded38ff9f","timestamp":"2026-08-21T09:14:44Z","zone":"api-t1.fyers.in","cloudflare_error":true,"retryable":true,"retry
[14:44:46]   ETERNAL chain unavailable [OPTIONS_CHAIN_ERROR]: FyersAPIError: Fyers HTTP 429 on https://api-t1.fyers.in/data/options-chain-v3?symbol=NSE%3AETERNAL-EQ&strikecount=30: {"type":"https://developers.cloudflare.com/support/troubleshooting/http-status-codes/cloudflare-1xxx-errors/error-1015/","title":"Error 1015: You are being rate limited","status":429,"detail":"You are being rate-limited by the website owner's configuration.","instance":"a2e8877eec891c69","error_code":1015,"error_name":"rate_limited","error_category":"rate_limit","ray_id":"a2e8877eec891c69","timestamp":"2026-08-21T09:14:44Z","zone":"api-t1.fyers.in","cloudflare_error":true,"retryable":true,"retry
[14:44:46]   GRASIM chain unavailable [OPTIONS_CHAIN_ERROR]: FyersAPIError: Fyers HTTP 429 on https://api-t1.fyers.in/data/options-chain-v3?symbol=NSE%3AGRASIM-EQ&strikecount=30: {"type":"https://developers.cloudflare.com/support/troubleshooting/http-status-codes/cloudflare-1xxx-errors/error-1015/","title":"Error 1015: You are being rate limited","status":429,"detail":"You are being rate-limited by the website owner's configuration.","instance":"a2e8877fdcb7f4b7","error_code":1015,"error_name":"rate_limited","error_category":"rate_limit","ray_id":"a2e8877fdcb7f4b7","timestamp":"2026-08-21T09:14:45Z","zone":"api-t1.fyers.in","cloudflare_error":true,"retryable":true,"retry
[14:44:46]   HCLTECH chain unavailable [OPTIONS_CHAIN_ERROR]: FyersAPIError: Fyers HTTP 429 on https://api-t1.fyers.in/data/options-chain-v3?symbol=NSE%3AHCLTECH-EQ&strikecount=30: {"type":"https://developers.cloudflare.com/support/troubleshooting/http-status-codes/cloudflare-1xxx-errors/error-1015/","title":"Error 1015: You are being rate limited","status":429,"detail":"You are being rate-limited by the website owner's configuration.","instance":"a2e88780daf2ff99","error_code":1015,"error_name":"rate_limited","error_category":"rate_limit","ray_id":"a2e88780daf2ff99","timestamp":"2026-08-21T09:14:45Z","zone":"api-t1.fyers.in","cloudflare_error":true,"retryable":true,"retry
[14:44:46]   HDFCBANK chain unavailable [OPTIONS_CHAIN_ERROR]: FyersAPIError: Fyers HTTP 429 on https://api-t1.fyers.in/data/options-chain-v3?symbol=NSE%3AHDFCBANK-EQ&strikecount=30: {"type":"https://developers.cloudflare.com/support/troubleshooting/http-status-codes/cloudflare-1xxx-errors/error-1015/","title":"Error 1015: You are being rate limited","status":429,"detail":"You are being rate-limited by the website owner's configuration.","instance":"a2e88781be6affa9","error_code":1015,"error_name":"rate_limited","error_category":"rate_limit","ray_id":"a2e88781be6affa9","timestamp":"2026-08-21T09:14:45Z","zone":"api-t1.fyers.in","cloudflare_error":true,"retryable":true,"retry
[14:44:46]   HDFCLIFE chain unavailable [OPTIONS_CHAIN_ERROR]: FyersAPIError: Fyers HTTP 429 on https://api-t1.fyers.in/data/options-chain-v3?symbol=NSE%3AHDFCLIFE-EQ&strikecount=30: {"type":"https://developers.cloudflare.com/support/troubleshooting/http-status-codes/cloudflare-1xxx-errors/error-1015/","title":"Error 1015: You are being rate limited","status":429,"detail":"You are being rate-limited by the website owner's configuration.","instance":"a2e8878298da4823","error_code":1015,"error_name":"rate_limited","error_category":"rate_limit","ray_id":"a2e8878298da4823","timestamp":"2026-08-21T09:14:45Z","zone":"api-t1.fyers.in","cloudflare_error":true,"retryable":true,"retry
[14:45:01]   HINDALCO NSE:HINDALCO26AUG1020CE depth unavailable: FyersAPIError: Fyers HTTP 429 on https://api-t1.fyers.in/data/depth?symbol=NSE%3AHINDALCO26AUG1020CE&ohlcv_flag=1: {"type":"https://developers.cloudflare.com/support/troubleshooting/http-status-c
[14:45:07]   ITC chain unavailable [OPTIONS_CHAIN_ERROR]: FyersAPIError: Fyers HTTP 429 on https://api-t1.fyers.in/data/options-chain-v3?symbol=NSE%3AITC-EQ&strikecount=30: {"type":"https://developers.cloudflare.com/support/troubleshooting/http-status-codes/cloudflare-1xxx-errors/error-1015/","title":"Error 1015: You are being rate limited","status":429,"detail":"You are being rate-limited by the website owner's configuration.","instance":"a2e888010975ff9e","error_code":1015,"error_name":"rate_limited","error_category":"rate_limit","ray_id":"a2e888010975ff9e","timestamp":"2026-08-21T09:15:05Z","zone":"api-t1.fyers.in","cloudflare_error":true,"retryable":true,"retry
[14:45:07]   INFY chain unavailable [OPTIONS_CHAIN_ERROR]: FyersAPIError: Fyers HTTP 429 on https://api-t1.fyers.in/data/options-chain-v3?symbol=NSE%3AINFY-EQ&strikecount=30: {"type":"https://developers.cloudflare.com/support/troubleshooting/http-status-codes/cloudflare-1xxx-errors/error-1015/","title":"Error 1015: You are being rate limited","status":429,"detail":"You are being rate-limited by the website owner's configuration.","instance":"a2e88801fbc847b0","error_code":1015,"error_name":"rate_limited","error_category":"rate_limit","ray_id":"a2e88801fbc847b0","timestamp":"2026-08-21T09:15:05Z","zone":"api-t1.fyers.in","cloudflare_error":true,"retryable":true,"retry
[14:45:07]   INDIGO chain unavailable [OPTIONS_CHAIN_ERROR]: FyersAPIError: Fyers HTTP 429 on https://api-t1.fyers.in/data/options-chain-v3?symbol=NSE%3AINDIGO-EQ&strikecount=30: {"type":"https://developers.cloudflare.com/support/troubleshooting/http-status-codes/cloudflare-1xxx-errors/error-1015/","title":"Error 1015: You are being rate limited","status":429,"detail":"You are being rate-limited by the website owner's configuration.","instance":"a2e88802daf641f4","error_code":1015,"error_name":"rate_limited","error_category":"rate_limit","ray_id":"a2e88802daf641f4","timestamp":"2026-08-21T09:15:06Z","zone":"api-t1.fyers.in","cloudflare_error":true,"retryable":true,"retry
[14:45:07]   JSWSTEEL chain unavailable [OPTIONS_CHAIN_ERROR]: FyersAPIError: Fyers HTTP 429 on https://api-t1.fyers.in/data/options-chain-v3?symbol=NSE%3AJSWSTEEL-EQ&strikecount=30: {"type":"https://developers.cloudflare.com/support/troubleshooting/http-status-codes/cloudflare-1xxx-errors/error-1015/","title":"Error 1015: You are being rate limited","status":429,"detail":"You are being rate-limited by the website owner's configuration.","instance":"a2e88803b92abc9a","error_code":1015,"error_name":"rate_limited","error_category":"rate_limit","ray_id":"a2e88803b92abc9a","timestamp":"2026-08-21T09:15:06Z","zone":"api-t1.fyers.in","cloudflare_error":true,"retryable":true,"retry
[14:45:07]   JIOFIN chain unavailable [OPTIONS_CHAIN_ERROR]: FyersAPIError: Fyers HTTP 429 on https://api-t1.fyers.in/data/options-chain-v3?symbol=NSE%3AJIOFIN-EQ&strikecount=30: {"type":"https://developers.cloudflare.com/support/troubleshooting/http-status-codes/cloudflare-1xxx-errors/error-1015/","title":"Error 1015: You are being rate limited","status":429,"detail":"You are being rate-limited by the website owner's configuration.","instance":"a2e888048fec47de","error_code":1015,"error_name":"rate_limited","error_category":"rate_limit","ray_id":"a2e888048fec47de","timestamp":"2026-08-21T09:15:06Z","zone":"api-t1.fyers.in","cloudflare_error":true,"retryable":true,"retry
[14:45:07]   DATA HEALTH ALERT NIFTY: Invalid IV for CE 22750.0; Missing delta for CE 22750.0; Invalid IV for PE 22750.0; Zero volume CE at 22750.0; Zero volume CE at 22850.0; Zero volume CE at 22950.0; Candidate option quote stale 17.65s; Candidate option quote stale 15.65s; Candidate option quote stale 17.65s; Candidate option quote stale 17.65s; Candidate option quote stale 15.65s; Candidate option quote stale 14.65s
[14:45:07]   DATA HEALTH ALERT BANKNIFTY: CE/PE timestamp delta 4.00s at 57800.0; Candidate option quote stale 13.66s; Candidate option quote stale 13.66s; Candidate option quote stale 14.66s; Candidate option quote stale 13.66s; Candidate option quote stale 13.66s; Candidate option quote stale 17.66s
[14:45:07]   DATA HEALTH ALERT FINNIFTY: CE/PE timestamp delta 27.00s at 26200.0; CE/PE timestamp delta 11.00s at 26250.0; Candidate option quote stale 29.66s; Candidate option quote stale 18.66s; Candidate option quote stale 50.66s; Candidate option quote stale 23.66s; Candidate option quote stale 51.66s; Candidate option quote stale 51.66s
[14:45:07]   DATA HEALTH ALERT MIDCPNIFTY: CE/PE timestamp delta 28.00s at 14825.0; Candidate option quote stale 10.66s; Candidate option quote stale 10.66s; Candidate option quote stale 11.66s; Candidate option quote stale 39.66s; Candidate option quote stale 13.66s; Candidate option quote stale 13.66s
[14:45:31]   INFY NSE:INFY26AUG1120PE depth unavailable: FyersAPIError: Fyers HTTP 429 on https://api-t1.fyers.in/data/depth?symbol=NSE%3AINFY26AUG1120PE&ohlcv_flag=1: {"type":"https://developers.cloudflare.com/support/troubleshooting/http-status-codes
[14:45:39]   DATA HEALTH ALERT HINDALCO: CE/PE timestamp delta 59.00s at 1020.0; CE/PE timestamp delta 7.00s at 1040.0; CE/PE timestamp delta 61.00s at 1060.0; Candidate option quote stale 22.34s; Candidate option quote stale 29.34s; Candidate option quote stale 30.34s; Candidate option quote stale 89.34s; Candidate option quote stale 32.34s; Candidate option quote stale 93.34s
[14:45:39]   DATA HEALTH ALERT HINDUNILVR: CE/PE timestamp delta 89.00s at 2020.0; Candidate option quote stale 45.36s; Candidate option quote stale 134.36s; Candidate option quote stale 98.36s; Candidate option quote stale 98.36s; Candidate option quote stale 59.36s; Candidate option quote stale 57.36s
[14:45:39]   DATA HEALTH ALERT ICICIBANK: CE/PE timestamp delta 14.00s at 1410.0; CE/PE timestamp delta 13.00s at 1420.0; CE/PE timestamp delta 29.00s at 1430.0; Candidate option quote stale 58.38s; Candidate option quote stale 71.38s; Candidate option quote stale 118.38s; Candidate option quote stale 104.38s; Candidate option quote stale 73.38s; Candidate option quote stale 44.38s
[14:45:44]   NIFTY chain unavailable [OPTIONS_CHAIN_ERROR]: FyersAPIError: Fyers HTTP 429 on https://api-t1.fyers.in/data/options-chain-v3?symbol=NSE%3ANIFTY50-INDEX&strikecount=30: {"type":"https://developers.cloudflare.com/support/troubleshooting/http-status-codes/cloudflare-1xxx-errors/error-1015/","title":"Error 1015: You are being rate limited","status":429,"detail":"You are being rate-limited by the website owner's configuration.","instance":"a2e888ec0a93492c","error_code":1015,"error_name":"rate_limited","error_category":"rate_limit","ray_id":"a2e888ec0a93492c","timestamp":"2026-08-21T09:15:43Z","zone":"api-t1.fyers.in","cloudflare_error":true,"retryable":true,"retry
[14:45:44]   BANKNIFTY chain unavailable [OPTIONS_CHAIN_ERROR]: FyersAPIError: Fyers HTTP 429 on https://api-t1.fyers.in/data/options-chain-v3?symbol=NSE%3ANIFTYBANK-INDEX&strikecount=30: {"type":"https://developers.cloudflare.com/support/troubleshooting/http-status-codes/cloudflare-1xxx-errors/error-1015/","title":"Error 1015: You are being rate limited","status":429,"detail":"You are being rate-limited by the website owner's configuration.","instance":"a2e888ed1cb2f01d","error_code":1015,"error_name":"rate_limited","error_category":"rate_limit","ray_id":"a2e888ed1cb2f01d","timestamp":"2026-08-21T09:15:43Z","zone":"api-t1.fyers.in","cloudflare_error":true,"retryable":true,"retry
[14:45:44]   FINNIFTY chain unavailable [OPTIONS_CHAIN_ERROR]: FyersAPIError: Fyers HTTP 429 on https://api-t1.fyers.in/data/options-chain-v3?symbol=NSE%3AFINNIFTY-INDEX&strikecount=30: {"type":"https://developers.cloudflare.com/support/troubleshooting/http-status-codes/cloudflare-1xxx-errors/error-1015/","title":"Error 1015: You are being rate limited","status":429,"detail":"You are being rate-limited by the website owner's configuration.","instance":"a2e888ee1e5a2ddf","error_code":1015,"error_name":"rate_limited","error_category":"rate_limit","ray_id":"a2e888ee1e5a2ddf","timestamp":"2026-08-21T09:15:43Z","zone":"api-t1.fyers.in","cloudflare_error":true,"retryable":true,"retry
[14:45:45]   MIDCPNIFTY chain unavailable [OPTIONS_CHAIN_ERROR]: FyersAPIError: Fyers HTTP 429 on https://api-t1.fyers.in/data/options-chain-v3?symbol=NSE%3AMIDCPNIFTY-INDEX&strikecount=30: {"type":"https://developers.cloudflare.com/support/troubleshooting/http-status-codes/cloudflare-1xxx-errors/error-1015/","title":"Error 1015: You are being rate limited","status":429,"detail":"You are being rate-limited by the website owner's configuration.","instance":"a2e888eef9fae5cc","error_code":1015,"error_name":"rate_limited","error_category":"rate_limit","ray_id":"a2e888eef9fae5cc","timestamp":"2026-08-21T09:15:43Z","zone":"api-t1.fyers.in","cloudflare_error":true,"retryable":true,"retry
[14:45:45]   HINDALCO chain unavailable [OPTIONS_CHAIN_ERROR]: FyersAPIError: Fyers HTTP 429 on https://api-t1.fyers.in/data/options-chain-v3?symbol=NSE%3AHINDALCO-EQ&strikecount=30: {"type":"https://developers.cloudflare.com/support/troubleshooting/http-status-codes/cloudflare-1xxx-errors/error-1015/","title":"Error 1015: You are being rate limited","status":429,"detail":"You are being rate-limited by the website owner's configuration.","instance":"a2e888efff2f418c","error_code":1015,"error_name":"rate_limited","error_category":"rate_limit","ray_id":"a2e888efff2f418c","timestamp":"2026-08-21T09:15:43Z","zone":"api-t1.fyers.in","cloudflare_error":true,"retryable":true,"retry
[14:45:55]   DATA HEALTH ALERT ITC: CE/PE timestamp delta 40.00s at 267.5; CE/PE timestamp delta 26.00s at 270.0; CE/PE timestamp delta 72.00s at 272.5; Candidate option quote stale 50.41s; Candidate option quote stale 76.41s; Candidate option quote stale 76.41s; Candidate option quote stale 36.41s; Candidate option quote stale 113.41s; Candidate option quote stale 41.41s
[14:45:55]   DATA HEALTH ALERT INFY: CE/PE timestamp delta 14.00s at 1115.0; Candidate option quote stale 8.42s; Candidate option quote stale 9.42s; Candidate option quote stale 37.42s; Candidate option quote stale 23.42s; Candidate option quote stale 37.42s
[14:45:55]   DATA HEALTH ALERT INDIGO: CE/PE timestamp delta 7.00s at 5000.0; CE/PE timestamp delta 7.00s at 5100.0; CE/PE timestamp delta 68.00s at 5200.0; Candidate option quote stale 16.42s; Candidate option quote stale 9.42s; Candidate option quote stale 15.43s; Candidate option quote stale 22.43s; Candidate option quote stale 28.43s; Candidate option quote stale 96.43s
[14:45:55]   DATA HEALTH ALERT JSWSTEEL: CE/PE timestamp delta 8.00s at 1260.0; CE/PE timestamp delta 11.00s at 1280.0; Candidate option quote stale 24.43s; Candidate option quote stale 35.43s; Candidate option quote stale 46.43s; Candidate option quote stale 38.43s; Candidate option quote stale 24.43s; Candidate option quote stale 24.43s
[14:45:55]   DATA HEALTH ALERT JIOFIN: CE/PE timestamp delta 22.00s at 242.5; Candidate option quote stale 26.43s; Candidate option quote stale 26.43s; Candidate option quote stale 75.43s; Candidate option quote stale 53.43s; Candidate option quote stale 21.44s; Candidate option quote stale 21.44s
[14:46:06]   FINNIFTY NSE:FINNIFTY26AUG26200PE depth unavailable: FyersAPIError: Fyers HTTP 429 on https://api-t1.fyers.in/data/depth?symbol=NSE%3AFINNIFTY26AUG26200PE&ohlcv_flag=1: {"type":"https://developers.cloudflare.com/support/troubleshooting/http-status-
[14:46:20]   NTPC chain unavailable [OPTIONS_CHAIN_ERROR]: FyersAPIError: Fyers HTTP 429 on https://api-t1.fyers.in/data/options-chain-v3?symbol=NSE%3ANTPC-EQ&strikecount=30: {"type":"https://developers.cloudflare.com/support/troubleshooting/http-status-codes/cloudflare-1xxx-errors/error-1015/","title":"Error 1015: You are being rate limited","status":429,"detail":"You are being rate-limited by the website owner's configuration.","instance":"a2e889ca887f3d4e","error_code":1015,"error_name":"rate_limited","error_category":"rate_limit","ray_id":"a2e889ca887f3d4e","timestamp":"2026-08-21T09:16:18Z","zone":"api-t1.fyers.in","cloudflare_error":true,"retryable":true,"retry
[14:46:20]   NESTLEIND chain unavailable [OPTIONS_CHAIN_ERROR]: FyersAPIError: Fyers HTTP 429 on https://api-t1.fyers.in/data/options-chain-v3?symbol=NSE%3ANESTLEIND-EQ&strikecount=30: {"type":"https://developers.cloudflare.com/support/troubleshooting/http-status-codes/cloudflare-1xxx-errors/error-1015/","title":"Error 1015: You are being rate limited","status":429,"detail":"You are being rate-limited by the website owner's configuration.","instance":"a2e889cb9fd8f27f","error_code":1015,"error_name":"rate_limited","error_category":"rate_limit","ray_id":"a2e889cb9fd8f27f","timestamp":"2026-08-21T09:16:19Z","zone":"api-t1.fyers.in","cloudflare_error":true,"retryable":true,"retry
[14:46:20]   ONGC chain unavailable [OPTIONS_CHAIN_ERROR]: FyersAPIError: Fyers HTTP 429 on https://api-t1.fyers.in/data/options-chain-v3?symbol=NSE%3AONGC-EQ&strikecount=30: {"type":"https://developers.cloudflare.com/support/troubleshooting/http-status-codes/cloudflare-1xxx-errors/error-1015/","title":"Error 1015: You are being rate limited","status":429,"detail":"You are being rate-limited by the website owner's configuration.","instance":"a2e889cc5d2bffa3","error_code":1015,"error_name":"rate_limited","error_category":"rate_limit","ray_id":"a2e889cc5d2bffa3","timestamp":"2026-08-21T09:16:19Z","zone":"api-t1.fyers.in","cloudflare_error":true,"retryable":true,"retry
[14:46:40]   NTPC chain unavailable [OPTIONS_CHAIN_ERROR]: FyersAPIError: Fyers HTTP 429 on https://api-t1.fyers.in/data/options-chain-v3?symbol=NSE%3ANTPC-EQ&strikecount=30: {"type":"https://developers.cloudflare.com/support/troubleshooting/http-status-codes/cloudflare-1xxx-errors/error-1015/","title":"Error 1015: You are being rate limited","status":429,"detail":"You are being rate-limited by the website owner's configuration.","instance":"a2e88a4c2ef9447b","error_code":1015,"error_name":"rate_limited","error_category":"rate_limit","ray_id":"a2e88a4c2ef9447b","timestamp":"2026-08-21T09:16:39Z","zone":"api-t1.fyers.in","cloudflare_error":true,"retryable":true,"retry
[14:46:41]   NESTLEIND chain unavailable [OPTIONS_CHAIN_ERROR]: FyersAPIError: Fyers HTTP 429 on https://api-t1.fyers.in/data/options-chain-v3?symbol=NSE%3ANESTLEIND-EQ&strikecount=30: {"type":"https://developers.cloudflare.com/support/troubleshooting/http-status-codes/cloudflare-1xxx-errors/error-1015/","title":"Error 1015: You are being rate limited","status":429,"detail":"You are being rate-limited by the website owner's configuration.","instance":"a2e88a4d2d5cff64","error_code":1015,"error_name":"rate_limited","error_category":"rate_limit","ray_id":"a2e88a4d2d5cff64","timestamp":"2026-08-21T09:16:39Z","zone":"api-t1.fyers.in","cloudflare_error":true,"retryable":true,"retry
[14:46:41]   ONGC chain unavailable [OPTIONS_CHAIN_ERROR]: FyersAPIError: Fyers HTTP 429 on https://api-t1.fyers.in/data/options-chain-v3?symbol=NSE%3AONGC-EQ&strikecount=30: {"type":"https://developers.cloudflare.com/support/troubleshooting/http-status-codes/cloudflare-1xxx-errors/error-1015/","title":"Error 1015: You are being rate limited","status":429,"detail":"You are being rate-limited by the website owner's configuration.","instance":"a2e88a4e99c147e2","error_code":1015,"error_name":"rate_limited","error_category":"rate_limit","ray_id":"a2e88a4e99c147e2","timestamp":"2026-08-21T09:16:40Z","zone":"api-t1.fyers.in","cloudflare_error":true,"retryable":true,"retry
[14:46:41]   DATA HEALTH ALERT NIFTY: Invalid IV for CE 22750.0; Missing delta for CE 22750.0; Invalid IV for PE 22750.0; Zero volume CE at 22750.0; Zero volume CE at 22850.0; Zero volume CE at 22950.0; Candidate option quote stale 17.54s; Candidate option quote stale 17.54s; Candidate option quote stale 18.54s; Candidate option quote stale 17.54s; Candidate option quote stale 14.54s; Candidate option quote stale 14.54s
[14:46:41]   DATA HEALTH ALERT BANKNIFTY: Invalid IV for CE 54700.0; Missing delta for CE 54700.0; Invalid IV for PE 54700.0; Zero volume CE at 54700.0; Zero volume CE at 54800.0; Zero volume CE at 54900.0; Candidate option quote stale 14.54s; Candidate option quote stale 14.55s; Candidate option quote stale 14.55s; Candidate option quote stale 14.55s; Candidate option quote stale 14.55s; Candidate option quote stale 15.55s
[14:46:41]   DATA HEALTH ALERT FINNIFTY: CE/PE timestamp delta 7.00s at 26200.0; CE/PE timestamp delta 6.00s at 26250.0; CE/PE timestamp delta 8.00s at 26300.0; Candidate option quote stale 27.55s; Candidate option quote stale 33.56s; Candidate option quote stale 24.56s; Candidate option quote stale 31.56s; Candidate option quote stale 21.56s; Candidate option quote stale 13.56s
[14:46:41]   DATA HEALTH ALERT MIDCPNIFTY: CE/PE timestamp delta 10.00s at 14850.0; Candidate option quote stale 11.56s; Candidate option quote stale 21.56s; Candidate option quote stale 13.56s; Candidate option quote stale 13.56s; Candidate option quote stale 13.56s; Candidate option quote stale 11.56s
[14:46:41]   DATA HEALTH ALERT KOTAKBANK: CE/PE timestamp delta 20.00s at 395.0; CE/PE timestamp delta 115.00s at 400.0; CE/PE timestamp delta 128.00s at 405.0; Candidate option quote stale 181.56s; Candidate option quote stale 66.56s; Candidate option quote stale 63.56s; Candidate option quote stale 43.56s; Candidate option quote stale 53.56s; Candidate option quote stale 181.56s
[14:46:41]   DATA HEALTH ALERT LT: Invalid IV for CE 2600.0; Missing delta for CE 2600.0; Invalid IV for PE 2600.0; Zero volume CE at 2600.0; Zero volume PE at 2600.0; Zero volume CE at 2700.0; Candidate option quote stale 24.56s; Candidate option quote stale 22.56s; Candidate option quote stale 34.57s; Candidate option quote stale 23.57s; Candidate option quote stale 23.57s
[14:46:41]   DATA HEALTH ALERT M&M: CE/PE timestamp delta 5.00s at 3450.0; CE/PE timestamp delta 15.00s at 3500.0; Candidate option quote stale 42.57s; Candidate option quote stale 47.57s; Candidate option quote stale 47.57s; Candidate option quote stale 49.58s; Candidate option quote stale 32.58s; Candidate option quote stale 47.58s
[14:46:41]   DATA HEALTH ALERT MARUTI: CE/PE timestamp delta 5.00s at 13500.0; CE/PE timestamp delta 4.00s at 13600.0; Candidate option quote stale 22.58s; Candidate option quote stale 18.58s; Candidate option quote stale 16.58s; Candidate option quote stale 21.58s; Candidate option quote stale 16.58s; Candidate option quote stale 18.58s
[14:46:41]   DATA HEALTH ALERT MAXHEALTH: CE/PE timestamp delta 3.00s at 990.0; CE/PE timestamp delta 9.00s at 1000.0; CE/PE timestamp delta 193.00s at 1010.0; Candidate option quote stale 66.58s; Candidate option quote stale 57.58s; Candidate option quote stale 36.58s; Candidate option quote stale 39.58s; Candidate option quote stale 40.59s; Candidate option quote stale 233.59s
[14:46:47]   BANKNIFTY chain unavailable [OPTIONS_CHAIN_ERROR]: FyersAPIError: Fyers HTTP 429 on https://api-t1.fyers.in/data/options-chain-v3?symbol=NSE%3ANIFTYBANK-INDEX&strikecount=30: {"type":"https://developers.cloudflare.com/support/troubleshooting/http-status-codes/cloudflare-1xxx-errors/error-1015/","title":"Error 1015: You are being rate limited","status":429,"detail":"You are being rate-limited by the website owner's configuration.","instance":"a2e88a77dc0c48d1","error_code":1015,"error_name":"rate_limited","error_category":"rate_limit","ray_id":"a2e88a77dc0c48d1","timestamp":"2026-08-21T09:16:46Z","zone":"api-t1.fyers.in","cloudflare_error":true,"retryable":true,"retry
[14:46:48]   FINNIFTY chain unavailable [OPTIONS_CHAIN_ERROR]: FyersAPIError: Fyers HTTP 429 on https://api-t1.fyers.in/data/options-chain-v3?symbol=NSE%3AFINNIFTY-INDEX&strikecount=30: {"type":"https://developers.cloudflare.com/support/troubleshooting/http-status-codes/cloudflare-1xxx-errors/error-1015/","title":"Error 1015: You are being rate limited","status":429,"detail":"You are being rate-limited by the website owner's configuration.","instance":"a2e88a78c8b0a6ad","error_code":1015,"error_name":"rate_limited","error_category":"rate_limit","ray_id":"a2e88a78c8b0a6ad","timestamp":"2026-08-21T09:16:46Z","zone":"api-t1.fyers.in","cloudflare_error":true,"retryable":true,"retry
[14:46:56]   M&M NSE:M&M26AUG3500CE depth unavailable: FyersAPIError: Fyers HTTP 429 on https://api-t1.fyers.in/data/depth?symbol=NSE%3AM%26M26AUG3500CE&ohlcv_flag=1: {"type":"https://developers.cloudflare.com/support/troubleshooting/http-status-code
[14:47:21]   FINNIFTY NSE:FINNIFTY26AUG26200CE depth unavailable: FyersAPIError: Fyers HTTP 429 on https://api-t1.fyers.in/data/depth?symbol=NSE%3AFINNIFTY26AUG26200CE&ohlcv_flag=1: {"type":"https://developers.cloudflare.com/support/troubleshooting/http-status-
[14:47:29]   POWERGRID chain unavailable [OPTIONS_CHAIN_ERROR]: FyersAPIError: Fyers HTTP 429 on https://api-t1.fyers.in/data/options-chain-v3?symbol=NSE%3APOWERGRID-EQ&strikecount=30: {"type":"https://developers.cloudflare.com/support/troubleshooting/http-status-codes/cloudflare-1xxx-errors/error-1015/","title":"Error 1015: You are being rate limited","status":429,"detail":"You are being rate-limited by the website owner's configuration.","instance":"a2e88b7908503cb2","error_code":1015,"error_name":"rate_limited","error_category":"rate_limit","ray_id":"a2e88b7908503cb2","timestamp":"2026-08-21T09:17:27Z","zone":"api-t1.fyers.in","cloudflare_error":true,"retryable":true,"retry
[14:47:36]   SBIN chain unavailable [OPTIONS_CHAIN_ERROR]: FyersAPIError: Fyers HTTP 429 on https://api-t1.fyers.in/data/options-chain-v3?symbol=NSE%3ASBIN-EQ&strikecount=30: {"type":"https://developers.cloudflare.com/support/troubleshooting/http-status-codes/cloudflare-1xxx-errors/error-1015/","title":"Error 1015: You are being rate limited","status":429,"detail":"You are being rate-limited by the website owner's configuration.","instance":"a2e88ba3f8c3613f","error_code":1015,"error_name":"rate_limited","error_category":"rate_limit","ray_id":"a2e88ba3f8c3613f","timestamp":"2026-08-21T09:17:34Z","zone":"api-t1.fyers.in","cloudflare_error":true,"retryable":true,"retry
[14:47:36]   SUNPHARMA chain unavailable [OPTIONS_CHAIN_ERROR]: FyersAPIError: Fyers HTTP 429 on https://api-t1.fyers.in/data/options-chain-v3?symbol=NSE%3ASUNPHARMA-EQ&strikecount=30: {"type":"https://developers.cloudflare.com/support/troubleshooting/http-status-codes/cloudflare-1xxx-errors/error-1015/","title":"Error 1015: You are being rate limited","status":429,"detail":"You are being rate-limited by the website owner's configuration.","instance":"a2e88ba71ee43505","error_code":1015,"error_name":"rate_limited","error_category":"rate_limit","ray_id":"a2e88ba71ee43505","timestamp":"2026-08-21T09:17:35Z","zone":"api-t1.fyers.in","cloudflare_error":true,"retryable":true,"retry
[14:47:37]   TCS chain unavailable [OPTIONS_CHAIN_ERROR]: FyersAPIError: Fyers HTTP 429 on https://api-t1.fyers.in/data/options-chain-v3?symbol=NSE%3ATCS-EQ&strikecount=30: {"type":"https://developers.cloudflare.com/support/troubleshooting/http-status-codes/cloudflare-1xxx-errors/error-1015/","title":"Error 1015: You are being rate limited","status":429,"detail":"You are being rate-limited by the website owner's configuration.","instance":"a2e88bab1f548c3a","error_code":1015,"error_name":"rate_limited","error_category":"rate_limit","ray_id":"a2e88bab1f548c3a","timestamp":"2026-08-21T09:17:35Z","zone":"api-t1.fyers.in","cloudflare_error":true,"retryable":true,"retry
[14:47:37]   TATACONSUM chain unavailable [OPTIONS_CHAIN_ERROR]: FyersAPIError: Fyers HTTP 429 on https://api-t1.fyers.in/data/options-chain-v3?symbol=NSE%3ATATACONSUM-EQ&strikecount=30: {"type":"https://developers.cloudflare.com/support/troubleshooting/http-status-codes/cloudflare-1xxx-errors/error-1015/","title":"Error 1015: You are being rate limited","status":429,"detail":"You are being rate-limited by the website owner's configuration.","instance":"a2e88bae5a79470a","error_code":1015,"error_name":"rate_limited","error_category":"rate_limit","ray_id":"a2e88bae5a79470a","timestamp":"2026-08-21T09:17:36Z","zone":"api-t1.fyers.in","cloudflare_error":true,"retryable":true,"retry
[14:48:06]   TATACONSUM chain unavailable [OPTIONS_CHAIN_ERROR]: FyersAPIError: Fyers HTTP 429 on https://api-t1.fyers.in/data/options-chain-v3?symbol=NSE%3ATATACONSUM-EQ&strikecount=30: {"type":"https://developers.cloudflare.com/support/troubleshooting/http-status-codes/cloudflare-1xxx-errors/error-1015/","title":"Error 1015: You are being rate limited","status":429,"detail":"You are being rate-limited by the website owner's configuration.","instance":"a2e88c658a184838","error_code":1015,"error_name":"rate_limited","error_category":"rate_limit","ray_id":"a2e88c658a184838","timestamp":"2026-08-21T09:18:05Z","zone":"api-t1.fyers.in","cloudflare_error":true,"retryable":true,"retry
[14:48:07]   DATA HEALTH ALERT BANKNIFTY: CE/PE timestamp delta 3.00s at 57800.0; Candidate option quote stale 22.07s; Candidate option quote stale 23.07s; Candidate option quote stale 23.07s; Candidate option quote stale 23.07s; Candidate option quote stale 22.07s; Candidate option quote stale 25.07s
[14:48:07]   DATA HEALTH ALERT FINNIFTY: CE/PE timestamp delta 5.00s at 26250.0; Candidate option quote stale 30.07s; Candidate option quote stale 25.08s; Candidate option quote stale 32.08s; Candidate option quote stale 31.08s; Candidate option quote stale 29.08s; Candidate option quote stale 30.08s
[14:48:07]   DATA HEALTH ALERT RELIANCE: Invalid IV for CE 1010.0; Missing delta for CE 1010.0; Invalid IV for PE 1010.0; Zero volume CE at 1010.0; Zero volume PE at 1010.0; Zero volume CE at 1020.0; Candidate option quote stale 26.09s; Candidate option quote stale 26.09s; Candidate option quote stale 26.09s; Candidate option quote stale 26.09s; Candidate option quote stale 27.09s; Candidate option quote stale 27.09s
[14:48:07]   DATA HEALTH ALERT SBILIFE: CE/PE timestamp delta 105.00s at 1780.0; CE/PE timestamp delta 9.00s at 1800.0; CE/PE timestamp delta 661.00s at 1820.0; Candidate option quote stale 29.09s; Candidate option quote stale 20.09s; Candidate option quote stale 126.09s; Candidate option quote stale 21.09s; Candidate option quote stale 21.09s; Candidate option quote stale 682.09s
[14:48:07]   DATA HEALTH ALERT SHRIRAMFIN: CE/PE timestamp delta 13.00s at 1120.0; CE/PE timestamp delta 13.00s at 1140.0; CE/PE timestamp delta 169.00s at 1160.0; Candidate option quote stale 19.09s; Candidate option quote stale 32.09s; Candidate option quote stale 32.09s; Candidate option quote stale 19.09s; Candidate option quote stale 77.09s; Candidate option quote stale 246.09s
[14:48:37]   DATA HEALTH ALERT POWERGRID: CE/PE timestamp delta 13.00s at 275.0; Candidate option quote stale 60.01s; Candidate option quote stale 60.01s; Candidate option quote stale 26.01s; Candidate option quote stale 26.01s; Candidate option quote stale 22.02s; Candidate option quote stale 35.02s
[14:48:37]   DATA HEALTH ALERT SBIN: CE/PE timestamp delta 13.00s at 1030.0; CE/PE timestamp delta 26.00s at 1040.0; CE/PE timestamp delta 67.00s at 1050.0; Candidate option quote stale 25.04s; Candidate option quote stale 51.04s; Candidate option quote stale 65.04s; Candidate option quote stale 52.04s; Candidate option quote stale 23.04s; Candidate option quote stale 90.04s
[14:48:37]   DATA HEALTH ALERT SUNPHARMA: CE/PE timestamp delta 50.00s at 1900.0; CE/PE timestamp delta 17.00s at 1920.0; Candidate option quote stale 17.04s; Candidate option quote stale 67.04s; Candidate option quote stale 61.04s; Candidate option quote stale 61.04s; Candidate option quote stale 67.04s; Candidate option quote stale 50.04s
[14:48:37]   DATA HEALTH ALERT TCS: CE/PE timestamp delta 20.00s at 2280.0; CE/PE timestamp delta 47.00s at 2320.0; Candidate option quote stale 9.04s; Candidate option quote stale 9.04s; Candidate option quote stale 40.04s; Candidate option quote stale 20.04s; Candidate option quote stale 14.04s; Candidate option quote stale 61.04s
[14:48:42]   NIFTY chain unavailable [OPTIONS_CHAIN_ERROR]: FyersAPIError: Fyers HTTP 429 on https://api-t1.fyers.in/data/options-chain-v3?symbol=NSE%3ANIFTY50-INDEX&strikecount=30: {"type":"https://developers.cloudflare.com/support/troubleshooting/http-status-codes/cloudflare-1xxx-errors/error-1015/","title":"Error 1015: You are being rate limited","status":429,"detail":"You are being rate-limited by the website owner's configuration.","instance":"a2e88d421871c058","error_code":1015,"error_name":"rate_limited","error_category":"rate_limit","ray_id":"a2e88d421871c058","timestamp":"2026-08-21T09:18:40Z","zone":"api-t1.fyers.in","cloudflare_error":true,"retryable":true,"retry
[14:48:42]   BANKNIFTY chain unavailable [OPTIONS_CHAIN_ERROR]: FyersAPIError: Fyers HTTP 429 on https://api-t1.fyers.in/data/options-chain-v3?symbol=NSE%3ANIFTYBANK-INDEX&strikecount=30: {"type":"https://developers.cloudflare.com/support/troubleshooting/http-status-codes/cloudflare-1xxx-errors/error-1015/","title":"Error 1015: You are being rate limited","status":429,"detail":"You are being rate-limited by the website owner's configuration.","instance":"a2e88d431d42ff74","error_code":1015,"error_name":"rate_limited","error_category":"rate_limit","ray_id":"a2e88d431d42ff74","timestamp":"2026-08-21T09:18:41Z","zone":"api-t1.fyers.in","cloudflare_error":true,"retryable":true,"retry
[14:48:42]   FINNIFTY chain unavailable [OPTIONS_CHAIN_ERROR]: FyersAPIError: Fyers HTTP 429 on https://api-t1.fyers.in/data/options-chain-v3?symbol=NSE%3AFINNIFTY-INDEX&strikecount=30: {"type":"https://developers.cloudflare.com/support/troubleshooting/http-status-codes/cloudflare-1xxx-errors/error-1015/","title":"Error 1015: You are being rate limited","status":429,"detail":"You are being rate-limited by the website owner's configuration.","instance":"a2e88d440fd6d85a","error_code":1015,"error_name":"rate_limited","error_category":"rate_limit","ray_id":"a2e88d440fd6d85a","timestamp":"2026-08-21T09:18:41Z","zone":"api-t1.fyers.in","cloudflare_error":true,"retryable":true,"retry
[14:48:42]   MIDCPNIFTY chain unavailable [OPTIONS_CHAIN_ERROR]: FyersAPIError: Fyers HTTP 429 on https://api-t1.fyers.in/data/options-chain-v3?symbol=NSE%3AMIDCPNIFTY-INDEX&strikecount=30: {"type":"https://developers.cloudflare.com/support/troubleshooting/http-status-codes/cloudflare-1xxx-errors/error-1015/","title":"Error 1015: You are being rate limited","status":429,"detail":"You are being rate-limited by the website owner's configuration.","instance":"a2e88d44fe7a8a7f","error_code":1015,"error_name":"rate_limited","error_category":"rate_limit","ray_id":"a2e88d44fe7a8a7f","timestamp":"2026-08-21T09:18:41Z","zone":"api-t1.fyers.in","cloudflare_error":true,"retryable":true,"retry
[14:48:42]   TMPV chain unavailable [OPTIONS_CHAIN_ERROR]: FyersAPIError: Fyers HTTP 429 on https://api-t1.fyers.in/data/options-chain-v3?symbol=NSE%3ATMPV-EQ&strikecount=30: {"type":"https://developers.cloudflare.com/support/troubleshooting/http-status-codes/cloudflare-1xxx-errors/error-1015/","title":"Error 1015: You are being rate limited","status":429,"detail":"You are being rate-limited by the website owner's configuration.","instance":"a2e88d45ce74836e","error_code":1015,"error_name":"rate_limited","error_category":"rate_limit","ray_id":"a2e88d45ce74836e","timestamp":"2026-08-21T09:18:41Z","zone":"api-t1.fyers.in","cloudflare_error":true,"retryable":true,"retry
[14:48:42]   TATASTEEL chain unavailable [OPTIONS_CHAIN_ERROR]: FyersAPIError: Fyers HTTP 429 on https://api-t1.fyers.in/data/options-chain-v3?symbol=NSE%3ATATASTEEL-EQ&strikecount=30: {"type":"https://developers.cloudflare.com/support/troubleshooting/http-status-codes/cloudflare-1xxx-errors/error-1015/","title":"Error 1015: You are being rate limited","status":429,"detail":"You are being rate-limited by the website owner's configuration.","instance":"a2e88d46db2e5717","error_code":1015,"error_name":"rate_limited","error_category":"rate_limit","ray_id":"a2e88d46db2e5717","timestamp":"2026-08-21T09:18:41Z","zone":"api-t1.fyers.in","cloudflare_error":true,"retryable":true,"retry
[14:48:43]   TECHM chain unavailable [OPTIONS_CHAIN_ERROR]: FyersAPIError: Fyers HTTP 429 on https://api-t1.fyers.in/data/options-chain-v3?symbol=NSE%3ATECHM-EQ&strikecount=30: {"type":"https://developers.cloudflare.com/support/troubleshooting/http-status-codes/cloudflare-1xxx-errors/error-1015/","title":"Error 1015: You are being rate limited","status":429,"detail":"You are being rate-limited by the website owner's configuration.","instance":"a2e88d47ca102ce4","error_code":1015,"error_name":"rate_limited","error_category":"rate_limit","ray_id":"a2e88d47ca102ce4","timestamp":"2026-08-21T09:18:41Z","zone":"api-t1.fyers.in","cloudflare_error":true,"retryable":true,"retry
[14:48:43]   TITAN chain unavailable [OPTIONS_CHAIN_ERROR]: FyersAPIError: Fyers HTTP 429 on https://api-t1.fyers.in/data/options-chain-v3?symbol=NSE%3ATITAN-EQ&strikecount=30: {"type":"https://developers.cloudflare.com/support/troubleshooting/http-status-codes/cloudflare-1xxx-errors/error-1015/","title":"Error 1015: You are being rate limited","status":429,"detail":"You are being rate-limited by the website owner's configuration.","instance":"a2e88d48c9dfd263","error_code":1015,"error_name":"rate_limited","error_category":"rate_limit","ray_id":"a2e88d48c9dfd263","timestamp":"2026-08-21T09:18:42Z","zone":"api-t1.fyers.in","cloudflare_error":true,"retryable":true,"retry
[14:48:43]   TRENT chain unavailable [OPTIONS_CHAIN_ERROR]: FyersAPIError: Fyers HTTP 429 on https://api-t1.fyers.in/data/options-chain-v3?symbol=NSE%3ATRENT-EQ&strikecount=30: {"type":"https://developers.cloudflare.com/support/troubleshooting/http-status-codes/cloudflare-1xxx-errors/error-1015/","title":"Error 1015: You are being rate limited","status":429,"detail":"You are being rate-limited by the website owner's configuration.","instance":"a2e88d4a3e8d859b","error_code":1015,"error_name":"rate_limited","error_category":"rate_limit","ray_id":"a2e88d4a3e8d859b","timestamp":"2026-08-21T09:18:42Z","zone":"api-t1.fyers.in","cloudflare_error":true,"retryable":true,"retry
[14:48:43]   ULTRACEMCO chain unavailable [OPTIONS_CHAIN_ERROR]: FyersAPIError: Fyers HTTP 429 on https://api-t1.fyers.in/data/options-chain-v3?symbol=NSE%3AULTRACEMCO-EQ&strikecount=30: {"type":"https://developers.cloudflare.com/support/troubleshooting/http-status-codes/cloudflare-1xxx-errors/error-1015/","title":"Error 1015: You are being rate limited","status":429,"detail":"You are being rate-limited by the website owner's configuration.","instance":"a2e88d4b0d454832","error_code":1015,"error_name":"rate_limited","error_category":"rate_limit","ray_id":"a2e88d4b0d454832","timestamp":"2026-08-21T09:18:42Z","zone":"api-t1.fyers.in","cloudflare_error":true,"retryable":true,"retry
[14:48:43]   WIPRO chain unavailable [OPTIONS_CHAIN_ERROR]: FyersAPIError: Fyers HTTP 429 on https://api-t1.fyers.in/data/options-chain-v3?symbol=NSE%3AWIPRO-EQ&strikecount=30: {"type":"https://developers.cloudflare.com/support/troubleshooting/http-status-codes/cloudflare-1xxx-errors/error-1015/","title":"Error 1015: You are being rate limited","status":429,"detail":"You are being rate-limited by the website owner's configuration.","instance":"a2e88d4c0e2dd93e","error_code":1015,"error_name":"rate_limited","error_category":"rate_limit","ray_id":"a2e88d4c0e2dd93e","timestamp":"2026-08-21T09:18:42Z","zone":"api-t1.fyers.in","cloudflare_error":true,"retryable":true,"retry
[14:48:43]   SENSEX chain unavailable [OPTIONS_CHAIN_ERROR]: FyersAPIError: Fyers HTTP 429 on https://api-t1.fyers.in/data/options-chain-v3?symbol=BSE%3ASENSEX-INDEX&strikecount=30: {"type":"https://developers.cloudflare.com/support/troubleshooting/http-status-codes/cloudflare-1xxx-errors/error-1015/","title":"Error 1015: You are being rate limited","status":429,"detail":"You are being rate-limited by the website owner's configuration.","instance":"a2e88d4ced815543","error_code":1015,"error_name":"rate_limited","error_category":"rate_limit","ray_id":"a2e88d4ced815543","timestamp":"2026-08-21T09:18:42Z","zone":"api-t1.fyers.in","cloudflare_error":true,"retryable":true,"retry
[14:48:43] Cycle error; new entries blocked for 30.0s: RuntimeError: No underlying chains fetched this cycle.
[14:48:49]   NIFTY chain unavailable [OPTIONS_CHAIN_ERROR]: FyersAPIError: Fyers HTTP 429 on https://api-t1.fyers.in/data/options-chain-v3?symbol=NSE%3ANIFTY50-INDEX&strikecount=30: {"type":"https://developers.cloudflare.com/support/troubleshooting/http-status-codes/cloudflare-1xxx-errors/error-1015/","title":"Error 1015: You are being rate limited","status":429,"detail":"You are being rate-limited by the website owner's configuration.","instance":"a2e88d6d9e91f82b","error_code":1015,"error_name":"rate_limited","error_category":"rate_limit","ray_id":"a2e88d6d9e91f82b","timestamp":"2026-08-21T09:18:47Z","zone":"api-t1.fyers.in","cloudflare_error":true,"retryable":true,"retry
[14:48:49]   BANKNIFTY chain unavailable [OPTIONS_CHAIN_ERROR]: FyersAPIError: Fyers HTTP 429 on https://api-t1.fyers.in/data/options-chain-v3?symbol=NSE%3ANIFTYBANK-INDEX&strikecount=30: {"type":"https://developers.cloudflare.com/support/troubleshooting/http-status-codes/cloudflare-1xxx-errors/error-1015/","title":"Error 1015: You are being rate limited","status":429,"detail":"You are being rate-limited by the website owner's configuration.","instance":"a2e88d6ebf787d83","error_code":1015,"error_name":"rate_limited","error_category":"rate_limit","ray_id":"a2e88d6ebf787d83","timestamp":"2026-08-21T09:18:48Z","zone":"api-t1.fyers.in","cloudflare_error":true,"retryable":true,"retry
[14:48:49]   FINNIFTY chain unavailable [OPTIONS_CHAIN_ERROR]: FyersAPIError: Fyers HTTP 429 on https://api-t1.fyers.in/data/options-chain-v3?symbol=NSE%3AFINNIFTY-INDEX&strikecount=30: {"type":"https://developers.cloudflare.com/support/troubleshooting/http-status-codes/cloudflare-1xxx-errors/error-1015/","title":"Error 1015: You are being rate limited","status":429,"detail":"You are being rate-limited by the website owner's configuration.","instance":"a2e88d6fc8c82247","error_code":1015,"error_name":"rate_limited","error_category":"rate_limit","ray_id":"a2e88d6fc8c82247","timestamp":"2026-08-21T09:18:48Z","zone":"api-t1.fyers.in","cloudflare_error":true,"retryable":true,"retry
[14:48:49]   MIDCPNIFTY chain unavailable [OPTIONS_CHAIN_ERROR]: FyersAPIError: Fyers HTTP 429 on https://api-t1.fyers.in/data/options-chain-v3?symbol=NSE%3AMIDCPNIFTY-INDEX&strikecount=30: {"type":"https://developers.cloudflare.com/support/troubleshooting/http-status-codes/cloudflare-1xxx-errors/error-1015/","title":"Error 1015: You are being rate limited","status":429,"detail":"You are being rate-limited by the website owner's configuration.","instance":"a2e88d70bba185e4","error_code":1015,"error_name":"rate_limited","error_category":"rate_limit","ray_id":"a2e88d70bba185e4","timestamp":"2026-08-21T09:18:48Z","zone":"api-t1.fyers.in","cloudflare_error":true,"retryable":true,"retry
[14:48:49]   TMPV chain unavailable [OPTIONS_CHAIN_ERROR]: FyersAPIError: Fyers HTTP 429 on https://api-t1.fyers.in/data/options-chain-v3?symbol=NSE%3ATMPV-EQ&strikecount=30: {"type":"https://developers.cloudflare.com/support/troubleshooting/http-status-codes/cloudflare-1xxx-errors/error-1015/","title":"Error 1015: You are being rate limited","status":429,"detail":"You are being rate-limited by the website owner's configuration.","instance":"a2e88d71dff740c3","error_code":1015,"error_name":"rate_limited","error_category":"rate_limit","ray_id":"a2e88d71dff740c3","timestamp":"2026-08-21T09:18:48Z","zone":"api-t1.fyers.in","cloudflare_error":true,"retryable":true,"retry
[14:48:50]   TATASTEEL chain unavailable [OPTIONS_CHAIN_ERROR]: FyersAPIError: Fyers HTTP 429 on https://api-t1.fyers.in/data/options-chain-v3?symbol=NSE%3ATATASTEEL-EQ&strikecount=30: {"type":"https://developers.cloudflare.com/support/troubleshooting/http-status-codes/cloudflare-1xxx-errors/error-1015/","title":"Error 1015: You are being rate limited","status":429,"detail":"You are being rate-limited by the website owner's configuration.","instance":"a2e88d7319b711ee","error_code":1015,"error_name":"rate_limited","error_category":"rate_limit","ray_id":"a2e88d7319b711ee","timestamp":"2026-08-21T09:18:48Z","zone":"api-t1.fyers.in","cloudflare_error":true,"retryable":true,"retry
[14:48:50]   TECHM chain unavailable [OPTIONS_CHAIN_ERROR]: FyersAPIError: Fyers HTTP 429 on https://api-t1.fyers.in/data/options-chain-v3?symbol=NSE%3ATECHM-EQ&strikecount=30: {"type":"https://developers.cloudflare.com/support/troubleshooting/http-status-codes/cloudflare-1xxx-errors/error-1015/","title":"Error 1015: You are being rate limited","status":429,"detail":"You are being rate-limited by the website owner's configuration.","instance":"a2e88d73fc994716","error_code":1015,"error_name":"rate_limited","error_category":"rate_limit","ray_id":"a2e88d73fc994716","timestamp":"2026-08-21T09:18:48Z","zone":"api-t1.fyers.in","cloudflare_error":true,"retryable":true,"retry
[14:49:09]   FINNIFTY chain unavailable [OPTIONS_CHAIN_ERROR]: FyersAPIError: Fyers HTTP 429 on https://api-t1.fyers.in/data/options-chain-v3?symbol=NSE%3AFINNIFTY-INDEX&strikecount=30: {"type":"https://developers.cloudflare.com/support/troubleshooting/http-status-codes/cloudflare-1xxx-errors/error-1015/","title":"Error 1015: You are being rate limited","status":429,"detail":"You are being rate-limited by the website owner's configuration.","instance":"a2e88dee5a5788ea","error_code":1015,"error_name":"rate_limited","error_category":"rate_limit","ray_id":"a2e88dee5a5788ea","timestamp":"2026-08-21T09:19:08Z","zone":"api-t1.fyers.in","cloudflare_error":true,"retryable":true,"retry
[14:49:09]   MIDCPNIFTY chain unavailable [OPTIONS_CHAIN_ERROR]: FyersAPIError: Fyers HTTP 429 on https://api-t1.fyers.in/data/options-chain-v3?symbol=NSE%3AMIDCPNIFTY-INDEX&strikecount=30: {"type":"https://developers.cloudflare.com/support/troubleshooting/http-status-codes/cloudflare-1xxx-errors/error-1015/","title":"Error 1015: You are being rate limited","status":429,"detail":"You are being rate-limited by the website owner's configuration.","instance":"a2e88def2da6401b","error_code":1015,"error_name":"rate_limited","error_category":"rate_limit","ray_id":"a2e88def2da6401b","timestamp":"2026-08-21T09:19:08Z","zone":"api-t1.fyers.in","cloudflare_error":true,"retryable":true,"retry
[14:49:10]   TMPV chain unavailable [OPTIONS_CHAIN_ERROR]: FyersAPIError: Fyers HTTP 429 on https://api-t1.fyers.in/data/options-chain-v3?symbol=NSE%3ATMPV-EQ&strikecount=30: {"type":"https://developers.cloudflare.com/support/troubleshooting/http-status-codes/cloudflare-1xxx-errors/error-1015/","title":"Error 1015: You are being rate limited","status":429,"detail":"You are being rate-limited by the website owner's configuration.","instance":"a2e88df04d11e565","error_code":1015,"error_name":"rate_limited","error_category":"rate_limit","ray_id":"a2e88df04d11e565","timestamp":"2026-08-21T09:19:08Z","zone":"api-t1.fyers.in","cloudflare_error":true,"retryable":true,"retry
[14:49:10]   TATASTEEL chain unavailable [OPTIONS_CHAIN_ERROR]: FyersAPIError: Fyers HTTP 429 on https://api-t1.fyers.in/data/options-chain-v3?symbol=NSE%3ATATASTEEL-EQ&strikecount=30: {"type":"https://developers.cloudflare.com/support/troubleshooting/http-status-codes/cloudflare-1xxx-errors/error-1015/","title":"Error 1015: You are being rate limited","status":429,"detail":"You are being rate-limited by the website owner's configuration.","instance":"a2e88df14f780b23","error_code":1015,"error_name":"rate_limited","error_category":"rate_limit","ray_id":"a2e88df14f780b23","timestamp":"2026-08-21T09:19:09Z","zone":"api-t1.fyers.in","cloudflare_error":true,"retryable":true,"retry
[14:49:10]   TECHM chain unavailable [OPTIONS_CHAIN_ERROR]: FyersAPIError: Fyers HTTP 429 on https://api-t1.fyers.in/data/options-chain-v3?symbol=NSE%3ATECHM-EQ&strikecount=30: {"type":"https://developers.cloudflare.com/support/troubleshooting/http-status-codes/cloudflare-1xxx-errors/error-1015/","title":"Error 1015: You are being rate limited","status":429,"detail":"You are being rate-limited by the website owner's configuration.","instance":"a2e88df23ec03e03","error_code":1015,"error_name":"rate_limited","error_category":"rate_limit","ray_id":"a2e88df23ec03e03","timestamp":"2026-08-21T09:19:09Z","zone":"api-t1.fyers.in","cloudflare_error":true,"retryable":true,"retry
[14:49:10]   TITAN chain unavailable [OPTIONS_CHAIN_ERROR]: FyersAPIError: Fyers HTTP 429 on https://api-t1.fyers.in/data/options-chain-v3?symbol=NSE%3ATITAN-EQ&strikecount=30: {"type":"https://developers.cloudflare.com/support/troubleshooting/http-status-codes/cloudflare-1xxx-errors/error-1015/","title":"Error 1015: You are being rate limited","status":429,"detail":"You are being rate-limited by the website owner's configuration.","instance":"a2e88df32db9405b","error_code":1015,"error_name":"rate_limited","error_category":"rate_limit","ray_id":"a2e88df32db9405b","timestamp":"2026-08-21T09:19:09Z","zone":"api-t1.fyers.in","cloudflare_error":true,"retryable":true,"retry
[14:49:10]   TRENT chain unavailable [OPTIONS_CHAIN_ERROR]: FyersAPIError: Fyers HTTP 429 on https://api-t1.fyers.in/data/options-chain-v3?symbol=NSE%3ATRENT-EQ&strikecount=30: {"type":"https://developers.cloudflare.com/support/troubleshooting/http-status-codes/cloudflare-1xxx-errors/error-1015/","title":"Error 1015: You are being rate limited","status":429,"detail":"You are being rate-limited by the website owner's configuration.","instance":"a2e88df41e8e6ee3","error_code":1015,"error_name":"rate_limited","error_category":"rate_limit","ray_id":"a2e88df41e8e6ee3","timestamp":"2026-08-21T09:19:09Z","zone":"api-t1.fyers.in","cloudflare_error":true,"retryable":true,"retry
[14:49:10]   ULTRACEMCO chain unavailable [OPTIONS_CHAIN_ERROR]: FyersAPIError: Fyers HTTP 429 on https://api-t1.fyers.in/data/options-chain-v3?symbol=NSE%3AULTRACEMCO-EQ&strikecount=30: {"type":"https://developers.cloudflare.com/support/troubleshooting/http-status-codes/cloudflare-1xxx-errors/error-1015/","title":"Error 1015: You are being rate limited","status":429,"detail":"You are being rate-limited by the website owner's configuration.","instance":"a2e88df50a964738","error_code":1015,"error_name":"rate_limited","error_category":"rate_limit","ray_id":"a2e88df50a964738","timestamp":"2026-08-21T09:19:09Z","zone":"api-t1.fyers.in","cloudflare_error":true,"retryable":true,"retry
[14:49:11]   WIPRO chain unavailable [OPTIONS_CHAIN_ERROR]: FyersAPIError: Fyers HTTP 429 on https://api-t1.fyers.in/data/options-chain-v3?symbol=NSE%3AWIPRO-EQ&strikecount=30: {"type":"https://developers.cloudflare.com/support/troubleshooting/http-status-codes/cloudflare-1xxx-errors/error-1015/","title":"Error 1015: You are being rate limited","status":429,"detail":"You are being rate-limited by the website owner's configuration.","instance":"a2e88df5fb1c2772","error_code":1015,"error_name":"rate_limited","error_category":"rate_limit","ray_id":"a2e88df5fb1c2772","timestamp":"2026-08-21T09:19:09Z","zone":"api-t1.fyers.in","cloudflare_error":true,"retryable":true,"retry
[14:49:11]   SENSEX chain unavailable [OPTIONS_CHAIN_ERROR]: FyersAPIError: Fyers HTTP 429 on https://api-t1.fyers.in/data/options-chain-v3?symbol=BSE%3ASENSEX-INDEX&strikecount=30: {"type":"https://developers.cloudflare.com/support/troubleshooting/http-status-codes/cloudflare-1xxx-errors/error-1015/","title":"Error 1015: You are being rate limited","status":429,"detail":"You are being rate-limited by the website owner's configuration.","instance":"a2e88df70921ff6c","error_code":1015,"error_name":"rate_limited","error_category":"rate_limit","ray_id":"a2e88df70921ff6c","timestamp":"2026-08-21T09:19:09Z","zone":"api-t1.fyers.in","cloudflare_error":true,"retryable":true,"retry
[14:49:25]   MIDCPNIFTY NSE:MIDCPNIFTY26AUG14825CE depth unavailable: FyersAPIError: Fyers HTTP 429 on https://api-t1.fyers.in/data/depth?symbol=NSE%3AMIDCPNIFTY26AUG14825CE&ohlcv_flag=1: {"type":"https://developers.cloudflare.com/support/troubleshooting/http-statu
[14:49:39]   WIPRO NSE:WIPRO26AUG182.5CE depth unavailable: FyersAPIError: Fyers HTTP 429 on https://api-t1.fyers.in/data/depth?symbol=NSE%3AWIPRO26AUG182.5CE&ohlcv_flag=1: {"type":"https://developers.cloudflare.com/support/troubleshooting/http-status-cod
[14:49:41]   DATA HEALTH ALERT NIFTY: Invalid IV for CE 22750.0; Missing delta for CE 22750.0; Invalid IV for PE 22750.0; Zero volume CE at 22750.0; Zero volume CE at 22850.0; Zero volume CE at 22950.0; Candidate option quote stale 25.20s; Candidate option quote stale 25.20s; Candidate option quote stale 25.21s; Candidate option quote stale 24.21s; Candidate option quote stale 24.21s; Candidate option quote stale 24.21s
[14:49:41]   DATA HEALTH ALERT BANKNIFTY: Invalid IV for CE 54700.0; Missing delta for CE 54700.0; Invalid IV for PE 54700.0; Zero volume CE at 54700.0; Zero volume CE at 54800.0; Zero volume CE at 54900.0; Candidate option quote stale 23.21s; Candidate option quote stale 22.21s; Candidate option quote stale 24.21s; Candidate option quote stale 24.21s; Candidate option quote stale 22.21s; Candidate option quote stale 22.21s
[14:49:51]   BANKEX chain unavailable [OPTIONS_CHAIN_ERROR]: FyersAPIError: Fyers HTTP 429 on https://api-t1.fyers.in/data/options-chain-v3?symbol=BSE%3ABANKEX-INDEX&strikecount=30: {"type":"https://developers.cloudflare.com/support/troubleshooting/http-status-codes/cloudflare-1xxx-errors/error-1015/","title":"Error 1015: You are being rate limited","status":429,"detail":"You are being rate-limited by the website owner's configuration.","instance":"a2e88ef0f9fd47bc","error_code":1015,"error_name":"rate_limited","error_category":"rate_limit","ray_id":"a2e88ef0f9fd47bc","timestamp":"2026-08-21T09:19:49Z","zone":"api-t1.fyers.in","cloudflare_error":true,"retryable":true,"retry
[14:49:54]   NIFTYNXT50 NSE:NIFTYNXT5026AUG73800PE depth unavailable: ValueError: Fyers depth source timestamp invalid
[14:49:55]   NIFTYNXT50 NSE:NIFTYNXT5026AUG73900CE depth unavailable: ValueError: Fyers depth source timestamp invalid
[14:49:55]   NIFTYNXT50 NSE:NIFTYNXT5026AUG73900PE depth unavailable: ValueError: Fyers depth source timestamp invalid
[14:50:05]   DATA HEALTH ALERT FINNIFTY: CE/PE timestamp delta 101.00s at 26200.0; CE/PE timestamp delta 41.00s at 26250.0; CE/PE timestamp delta 11.00s at 26300.0; Candidate option quote stale 36.12s; Candidate option quote stale 77.12s; Candidate option quote stale 132.12s; Candidate option quote stale 31.12s; Candidate option quote stale 28.12s; Candidate option quote stale 39.12s
[14:50:05]   DATA HEALTH ALERT MIDCPNIFTY: CE/PE timestamp delta 15.00s at 14825.0; Candidate option quote stale 18.13s; Candidate option quote stale 18.13s; Candidate option quote stale 37.13s; Candidate option quote stale 52.13s; Candidate option quote stale 17.13s; Candidate option quote stale 19.13s
[14:50:05]   DATA HEALTH ALERT BAJFINANCE: CE/PE timestamp delta 39.00s at 1090.0; CE/PE timestamp delta 16.00s at 1100.0; Candidate option quote stale 27.14s; Candidate option quote stale 66.14s; Candidate option quote stale 233.14s; Candidate option quote stale 233.14s; Candidate option quote stale 39.14s; Candidate option quote stale 55.14s
[14:50:05]   DATA HEALTH ALERT BAJAJFINSV: CE/PE timestamp delta 3.00s at 2000.0; CE/PE timestamp delta 175.00s at 2020.0; CE/PE timestamp delta 3.00s at 2040.0; Candidate option quote stale 85.15s; Candidate option quote stale 260.15s; Candidate option quote stale 63.15s; Candidate option quote stale 60.15s; Candidate option quote stale 37.15s; Candidate option quote stale 34.15s
[14:50:19]   BANKEX chain unavailable [OPTIONS_CHAIN_ERROR]: FyersAPIError: Fyers HTTP 429 on https://api-t1.fyers.in/data/options-chain-v3?symbol=BSE%3ABANKEX-INDEX&strikecount=30: {"type":"https://developers.cloudflare.com/support/troubleshooting/http-status-codes/cloudflare-1xxx-errors/error-1015/","title":"Error 1015: You are being rate limited","status":429,"detail":"You are being rate-limited by the website owner's configuration.","instance":"a2e88fa37eb32ddf","error_code":1015,"error_name":"rate_limited","error_category":"rate_limit","ray_id":"a2e88fa37eb32ddf","timestamp":"2026-08-21T09:20:18Z","zone":"api-t1.fyers.in","cloudflare_error":true,"retryable":true,"retry
[14:50:19]   FOCIT chain unavailable [OPTIONS_CHAIN_ERROR]: FyersAPIError: Fyers HTTP 429 on https://api-t1.fyers.in/data/options-chain-v3?symbol=BSE%3AFOCIT-INDEX&strikecount=30: {"type":"https://developers.cloudflare.com/support/troubleshooting/http-status-codes/cloudflare-1xxx-errors/error-1015/","title":"Error 1015: You are being rate limited","status":429,"detail":"You are being rate-limited by the website owner's configuration.","instance":"a2e88fa48b1e518f","error_code":1015,"error_name":"rate_limited","error_category":"rate_limit","ray_id":"a2e88fa48b1e518f","timestamp":"2026-08-21T09:20:18Z","zone":"api-t1.fyers.in","cloudflare_error":true,"retryable":true,"retry
[14:50:20]   NIFTYNXT50 chain unavailable [OPTIONS_CHAIN_ERROR]: FyersAPIError: Fyers HTTP 429 on https://api-t1.fyers.in/data/options-chain-v3?symbol=NSE%3ANIFTYNXT50-INDEX&strikecount=30: {"type":"https://developers.cloudflare.com/support/troubleshooting/http-status-codes/cloudflare-1xxx-errors/error-1015/","title":"Error 1015: You are being rate limited","status":429,"detail":"You are being rate-limited by the website owner's configuration.","instance":"a2e88fa588d83a38","error_code":1015,"error_name":"rate_limited","error_category":"rate_limit","ray_id":"a2e88fa588d83a38","timestamp":"2026-08-21T09:20:18Z","zone":"api-t1.fyers.in","cloudflare_error":true,"retryable":true,"retry
[14:50:20]   ADANIENT chain unavailable [OPTIONS_CHAIN_ERROR]: FyersAPIError: Fyers HTTP 429 on https://api-t1.fyers.in/data/options-chain-v3?symbol=NSE%3AADANIENT-EQ&strikecount=30: {"type":"https://developers.cloudflare.com/support/troubleshooting/http-status-codes/cloudflare-1xxx-errors/error-1015/","title":"Error 1015: You are being rate limited","status":429,"detail":"You are being rate-limited by the website owner's configuration.","instance":"a2e88fa6ac683ac8","error_code":1015,"error_name":"rate_limited","error_category":"rate_limit","ray_id":"a2e88fa6ac683ac8","timestamp":"2026-08-21T09:20:18Z","zone":"api-t1.fyers.in","cloudflare_error":true,"retryable":true,"retry
[14:50:20]   ADANIPORTS chain unavailable [OPTIONS_CHAIN_ERROR]: FyersAPIError: Fyers HTTP 429 on https://api-t1.fyers.in/data/options-chain-v3?symbol=NSE%3AADANIPORTS-EQ&strikecount=30: {"type":"https://developers.cloudflare.com/support/troubleshooting/http-status-codes/cloudflare-1xxx-errors/error-1015/","title":"Error 1015: You are being rate limited","status":429,"detail":"You are being rate-limited by the website owner's configuration.","instance":"a2e88fa7b8b03b1f","error_code":1015,"error_name":"rate_limited","error_category":"rate_limit","ray_id":"a2e88fa7b8b03b1f","timestamp":"2026-08-21T09:20:19Z","zone":"api-t1.fyers.in","cloudflare_error":true,"retryable":true,"retry
[14:50:20]   APOLLOHOSP chain unavailable [OPTIONS_CHAIN_ERROR]: FyersAPIError: Fyers HTTP 429 on https://api-t1.fyers.in/data/options-chain-v3?symbol=NSE%3AAPOLLOHOSP-EQ&strikecount=30: {"type":"https://developers.cloudflare.com/support/troubleshooting/http-status-codes/cloudflare-1xxx-errors/error-1015/","title":"Error 1015: You are being rate limited","status":429,"detail":"You are being rate-limited by the website owner's configuration.","instance":"a2e88fa8dd893bc2","error_code":1015,"error_name":"rate_limited","error_category":"rate_limit","ray_id":"a2e88fa8dd893bc2","timestamp":"2026-08-21T09:20:19Z","zone":"api-t1.fyers.in","cloudflare_error":true,"retryable":true,"retry
[14:50:20]   BAJFINANCE chain unavailable [OPTIONS_CHAIN_ERROR]: FyersAPIError: Fyers HTTP 429 on https://api-t1.fyers.in/data/options-chain-v3?symbol=NSE%3ABAJFINANCE-EQ&strikecount=30: {"type":"https://developers.cloudflare.com/support/troubleshooting/http-status-codes/cloudflare-1xxx-errors/error-1015/","title":"Error 1015: You are being rate limited","status":429,"detail":"You are being rate-limited by the website owner's configuration.","instance":"a2e88fa9fca048f2","error_code":1015,"error_name":"rate_limited","error_category":"rate_limit","ray_id":"a2e88fa9fca048f2","timestamp":"2026-08-21T09:20:19Z","zone":"api-t1.fyers.in","cloudflare_error":true,"retryable":true,"retry
[14:50:20]   BAJAJFINSV chain unavailable [OPTIONS_CHAIN_ERROR]: FyersAPIError: Fyers HTTP 429 on https://api-t1.fyers.in/data/options-chain-v3?symbol=NSE%3ABAJAJFINSV-EQ&strikecount=30: {"type":"https://developers.cloudflare.com/support/troubleshooting/http-status-codes/cloudflare-1xxx-errors/error-1015/","title":"Error 1015: You are being rate limited","status":429,"detail":"You are being rate-limited by the website owner's configuration.","instance":"a2e88faaef823d48","error_code":1015,"error_name":"rate_limited","error_category":"rate_limit","ray_id":"a2e88faaef823d48","timestamp":"2026-08-21T09:20:19Z","zone":"api-t1.fyers.in","cloudflare_error":true,"retryable":true,"retry
[14:50:28]   NIFTY NSE:NIFTY26AUG24200PE depth unavailable: FyersAPIError: Fyers HTTP 429 on https://api-t1.fyers.in/data/depth?symbol=NSE%3ANIFTY26AUG24200PE&ohlcv_flag=1: {"type":"https://developers.cloudflare.com/support/troubleshooting/http-status-cod
[14:50:36]   FINNIFTY NSE:FINNIFTY26AUG26300PE depth unavailable: FyersAPIError: Fyers HTTP 429 on https://api-t1.fyers.in/data/depth?symbol=NSE%3AFINNIFTY26AUG26300PE&ohlcv_flag=1: {"type":"https://developers.cloudflare.com/support/troubleshooting/http-status-
[14:50:41]   NIFTYNXT50 NSE:NIFTYNXT5026AUG73800PE depth unavailable: ValueError: Fyers depth source timestamp invalid
[14:50:42]   NIFTYNXT50 NSE:NIFTYNXT5026AUG73900CE depth unavailable: ValueError: Fyers depth source timestamp invalid
[14:50:42]   NIFTYNXT50 NSE:NIFTYNXT5026AUG73900PE depth unavailable: ValueError: Fyers depth source timestamp invalid
[14:50:51]   BAJAJFINSV NSE:BAJAJFINSV26AUG2040CE depth unavailable: FyersAPIError: Fyers HTTP 429 on https://api-t1.fyers.in/data/depth?symbol=NSE%3ABAJAJFINSV26AUG2040CE&ohlcv_flag=1: {"type":"https://developers.cloudflare.com/support/troubleshooting/http-status
[14:50:57]   NIFTY chain unavailable [OPTIONS_CHAIN_ERROR]: FyersAPIError: Fyers HTTP 429 on https://api-t1.fyers.in/data/options-chain-v3?symbol=NSE%3ANIFTY50-INDEX&strikecount=30: {"type":"https://developers.cloudflare.com/support/troubleshooting/http-status-codes/cloudflare-1xxx-errors/error-1015/","title":"Error 1015: You are being rate limited","status":429,"detail":"You are being rate-limited by the website owner's configuration.","instance":"a2e8909269be2eaa","error_code":1015,"error_name":"rate_limited","error_category":"rate_limit","ray_id":"a2e8909269be2eaa","timestamp":"2026-08-21T09:20:56Z","zone":"api-t1.fyers.in","cloudflare_error":true,"retryable":true,"retry
[14:50:58]   BANKNIFTY chain unavailable [OPTIONS_CHAIN_ERROR]: FyersAPIError: Fyers HTTP 429 on https://api-t1.fyers.in/data/options-chain-v3?symbol=NSE%3ANIFTYBANK-INDEX&strikecount=30: {"type":"https://developers.cloudflare.com/support/troubleshooting/http-status-codes/cloudflare-1xxx-errors/error-1015/","title":"Error 1015: You are being rate limited","status":429,"detail":"You are being rate-limited by the website owner's configuration.","instance":"a2e890936e123de6","error_code":1015,"error_name":"rate_limited","error_category":"rate_limit","ray_id":"a2e890936e123de6","timestamp":"2026-08-21T09:20:56Z","zone":"api-t1.fyers.in","cloudflare_error":true,"retryable":true,"retry
[14:51:17]   DATA HEALTH ALERT BEL: CE/PE timestamp delta 10.00s at 415.0; Candidate option quote stale 52.29s; Candidate option quote stale 42.29s; Candidate option quote stale 51.29s; Candidate option quote stale 51.29s; Candidate option quote stale 52.30s; Candidate option quote stale 52.30s
[14:51:17]   DATA HEALTH ALERT BHARTIARTL: CE/PE timestamp delta 35.00s at 1920.0; CE/PE timestamp delta 14.00s at 1940.0; CE/PE timestamp delta 10.00s at 1960.0; Candidate option quote stale 37.30s; Candidate option quote stale 51.30s; Candidate option quote stale 111.30s; Candidate option quote stale 76.30s; Candidate option quote stale 53.30s; Candidate option quote stale 43.30s
[14:51:17]   DATA HEALTH ALERT CIPLA: CE/PE timestamp delta 73.00s at 1420.0; CE/PE timestamp delta 29.00s at 1430.0; Candidate option quote stale 53.30s; Candidate option quote stale 82.30s; Candidate option quote stale 107.30s; Candidate option quote stale 34.30s; Candidate option quote stale 82.30s; Candidate option quote stale 82.31s
[14:51:38]   INFY chain unavailable [OPTIONS_CHAIN_ERROR]: FyersAPIError: Fyers HTTP 429 on https://api-t1.fyers.in/data/options-chain-v3?symbol=NSE%3AINFY-EQ&strikecount=30: {"type":"https://developers.cloudflare.com/support/troubleshooting/http-status-codes/cloudflare-1xxx-errors/error-1015/","title":"Error 1015: You are being rate limited","status":429,"detail":"You are being rate-limited by the website owner's configuration.","instance":"a2e8918e58673fc7","error_code":1015,"error_name":"rate_limited","error_category":"rate_limit","ray_id":"a2e8918e58673fc7","timestamp":"2026-08-21T09:21:37Z","zone":"api-t1.fyers.in","cloudflare_error":true,"retryable":true,"retry
[14:51:38]   INDIGO chain unavailable [OPTIONS_CHAIN_ERROR]: FyersAPIError: Fyers HTTP 429 on https://api-t1.fyers.in/data/options-chain-v3?symbol=NSE%3AINDIGO-EQ&strikecount=30: {"type":"https://developers.cloudflare.com/support/troubleshooting/http-status-codes/cloudflare-1xxx-errors/error-1015/","title":"Error 1015: You are being rate limited","status":429,"detail":"You are being rate-limited by the website owner's configuration.","instance":"a2e8918f0ec3e89d","error_code":1015,"error_name":"rate_limited","error_category":"rate_limit","ray_id":"a2e8918f0ec3e89d","timestamp":"2026-08-21T09:21:37Z","zone":"api-t1.fyers.in","cloudflare_error":true,"retryable":true,"retry
[14:51:45]   BANKNIFTY chain unavailable [OPTIONS_CHAIN_ERROR]: FyersAPIError: Fyers HTTP 429 on https://api-t1.fyers.in/data/options-chain-v3?symbol=NSE%3ANIFTYBANK-INDEX&strikecount=30: {"type":"https://developers.cloudflare.com/support/troubleshooting/http-status-codes/cloudflare-1xxx-errors/error-1015/","title":"Error 1015: You are being rate limited","status":429,"detail":"You are being rate-limited by the website owner's configuration.","instance":"a2e891bdc9733af7","error_code":1015,"error_name":"rate_limited","error_category":"rate_limit","ray_id":"a2e891bdc9733af7","timestamp":"2026-08-21T09:21:44Z","zone":"api-t1.fyers.in","cloudflare_error":true,"retryable":true,"retry
[14:51:46]   FINNIFTY chain unavailable [OPTIONS_CHAIN_ERROR]: FyersAPIError: Fyers HTTP 429 on https://api-t1.fyers.in/data/options-chain-v3?symbol=NSE%3AFINNIFTY-INDEX&strikecount=30: {"type":"https://developers.cloudflare.com/support/troubleshooting/http-status-codes/cloudflare-1xxx-errors/error-1015/","title":"Error 1015: You are being rate limited","status":429,"detail":"You are being rate-limited by the website owner's configuration.","instance":"a2e891bebebfb66f","error_code":1015,"error_name":"rate_limited","error_category":"rate_limit","ray_id":"a2e891bebebfb66f","timestamp":"2026-08-21T09:21:44Z","zone":"api-t1.fyers.in","cloudflare_error":true,"retryable":true,"retry
[14:51:46]   MIDCPNIFTY chain unavailable [OPTIONS_CHAIN_ERROR]: FyersAPIError: Fyers HTTP 429 on https://api-t1.fyers.in/data/options-chain-v3?symbol=NSE%3AMIDCPNIFTY-INDEX&strikecount=30: {"type":"https://developers.cloudflare.com/support/troubleshooting/http-status-codes/cloudflare-1xxx-errors/error-1015/","title":"Error 1015: You are being rate limited","status":429,"detail":"You are being rate-limited by the website owner's configuration.","instance":"a2e891bfb8717766","error_code":1015,"error_name":"rate_limited","error_category":"rate_limit","ray_id":"a2e891bfb8717766","timestamp":"2026-08-21T09:21:44Z","zone":"api-t1.fyers.in","cloudflare_error":true,"retryable":true,"retry
[14:51:58]   DATA HEALTH ALERT NIFTY: Invalid IV for CE 22750.0; Missing delta for CE 22750.0; Invalid IV for PE 22750.0; Zero volume CE at 22750.0; Zero volume CE at 22850.0; Zero volume CE at 22950.0; Candidate option quote stale 16.72s; Candidate option quote stale 16.72s; Candidate option quote stale 16.72s; Candidate option quote stale 16.72s; Candidate option quote stale 15.72s; Candidate option quote stale 16.72s
[14:52:15]   JIOFIN chain unavailable [OPTIONS_CHAIN_ERROR]: FyersAPIError: Fyers HTTP 429 on https://api-t1.fyers.in/data/options-chain-v3?symbol=NSE%3AJIOFIN-EQ&strikecount=30: {"type":"https://developers.cloudflare.com/support/troubleshooting/http-status-codes/cloudflare-1xxx-errors/error-1015/","title":"Error 1015: You are being rate limited","status":429,"detail":"You are being rate-limited by the website owner's configuration.","instance":"a2e892793e3b3a3f","error_code":1015,"error_name":"rate_limited","error_category":"rate_limit","ray_id":"a2e892793e3b3a3f","timestamp":"2026-08-21T09:22:14Z","zone":"api-t1.fyers.in","cloudflare_error":true,"retryable":true,"retry
[14:52:16]   KOTAKBANK chain unavailable [OPTIONS_CHAIN_ERROR]: FyersAPIError: Fyers HTTP 429 on https://api-t1.fyers.in/data/options-chain-v3?symbol=NSE%3AKOTAKBANK-EQ&strikecount=30: {"type":"https://developers.cloudflare.com/support/troubleshooting/http-status-codes/cloudflare-1xxx-errors/error-1015/","title":"Error 1015: You are being rate limited","status":429,"detail":"You are being rate-limited by the website owner's configuration.","instance":"a2e8927a48040f3f","error_code":1015,"error_name":"rate_limited","error_category":"rate_limit","ray_id":"a2e8927a48040f3f","timestamp":"2026-08-21T09:22:14Z","zone":"api-t1.fyers.in","cloudflare_error":true,"retryable":true,"retry
[14:52:16]   LT chain unavailable [OPTIONS_CHAIN_ERROR]: FyersAPIError: Fyers HTTP 429 on https://api-t1.fyers.in/data/options-chain-v3?symbol=NSE%3ALT-EQ&strikecount=30: {"type":"https://developers.cloudflare.com/support/troubleshooting/http-status-codes/cloudflare-1xxx-errors/error-1015/","title":"Error 1015: You are being rate limited","status":429,"detail":"You are being rate-limited by the website owner's configuration.","instance":"a2e8927b3afe4565","error_code":1015,"error_name":"rate_limited","error_category":"rate_limit","ray_id":"a2e8927b3afe4565","timestamp":"2026-08-21T09:22:14Z","zone":"api-t1.fyers.in","cloudflare_error":true,"retryable":true,"retry
[14:52:22]   NTPC chain unavailable [OPTIONS_CHAIN_ERROR]: FyersAPIError: Fyers HTTP 429 on https://api-t1.fyers.in/data/options-chain-v3?symbol=NSE%3ANTPC-EQ&strikecount=30: {"type":"https://developers.cloudflare.com/support/troubleshooting/http-status-codes/cloudflare-1xxx-errors/error-1015/","title":"Error 1015: You are being rate limited","status":429,"detail":"You are being rate-limited by the website owner's configuration.","instance":"a2e892a4b90046b3","error_code":1015,"error_name":"rate_limited","error_category":"rate_limit","ray_id":"a2e892a4b90046b3","timestamp":"2026-08-21T09:22:21Z","zone":"api-t1.fyers.in","cloudflare_error":true,"retryable":true,"retry
[14:52:37]   JIOFIN chain unavailable [OPTIONS_CHAIN_ERROR]: FyersAPIError: Fyers HTTP 429 on https://api-t1.fyers.in/data/options-chain-v3?symbol=NSE%3AJIOFIN-EQ&strikecount=30: {"type":"https://developers.cloudflare.com/support/troubleshooting/http-status-codes/cloudflare-1xxx-errors/error-1015/","title":"Error 1015: You are being rate limited","status":429,"detail":"You are being rate-limited by the website owner's configuration.","instance":"a2e892fd9ca1c5da","error_code":1015,"error_name":"rate_limited","error_category":"rate_limit","ray_id":"a2e892fd9ca1c5da","timestamp":"2026-08-21T09:22:35Z","zone":"api-t1.fyers.in","cloudflare_error":true,"retryable":true,"retry
[14:52:37]   KOTAKBANK chain unavailable [OPTIONS_CHAIN_ERROR]: FyersAPIError: Fyers HTTP 429 on https://api-t1.fyers.in/data/options-chain-v3?symbol=NSE%3AKOTAKBANK-EQ&strikecount=30: {"type":"https://developers.cloudflare.com/support/troubleshooting/http-status-codes/cloudflare-1xxx-errors/error-1015/","title":"Error 1015: You are being rate limited","status":429,"detail":"You are being rate-limited by the website owner's configuration.","instance":"a2e892fe684cb333","error_code":1015,"error_name":"rate_limited","error_category":"rate_limit","ray_id":"a2e892fe684cb333","timestamp":"2026-08-21T09:22:35Z","zone":"api-t1.fyers.in","cloudflare_error":true,"retryable":true,"retry
[14:52:45]   MAXHEALTH NSE:MAXHEALTH26AUG1010CE depth unavailable: FyersAPIError: Fyers HTTP 429 on https://api-t1.fyers.in/data/depth?symbol=NSE%3AMAXHEALTH26AUG1010CE&ohlcv_flag=1: {"type":"https://developers.cloudflare.com/support/troubleshooting/http-status-
[14:52:53]   DATA HEALTH ALERT BANKNIFTY: Invalid IV for CE 54700.0; Missing delta for CE 54700.0; Invalid IV for PE 54700.0; Zero volume CE at 54700.0; Zero volume CE at 54800.0; Zero volume CE at 54900.0; Candidate option quote stale 24.09s; Candidate option quote stale 23.09s; Candidate option quote stale 25.09s; Candidate option quote stale 23.09s; Candidate option quote stale 23.09s; Candidate option quote stale 23.09s
[14:52:53]   DATA HEALTH ALERT FINNIFTY: CE/PE timestamp delta 59.00s at 26200.0; CE/PE timestamp delta 11.00s at 26250.0; Candidate option quote stale 25.10s; Candidate option quote stale 36.10s; Candidate option quote stale 89.10s; Candidate option quote stale 30.10s; Candidate option quote stale 22.10s; Candidate option quote stale 22.10s
[14:52:53]   DATA HEALTH ALERT MIDCPNIFTY: CE/PE timestamp delta 6.00s at 14875.0; Candidate option quote stale 24.10s; Candidate option quote stale 30.10s; Candidate option quote stale 20.10s; Candidate option quote stale 22.10s; Candidate option quote stale 20.10s; Candidate option quote stale 20.10s
[14:53:06]   MIDCPNIFTY NSE:MIDCPNIFTY26AUG14875PE depth unavailable: FyersAPIError: Fyers HTTP 429 on https://api-t1.fyers.in/data/depth?symbol=NSE%3AMIDCPNIFTY26AUG14875PE&ohlcv_flag=1: {"type":"https://developers.cloudflare.com/support/troubleshooting/http-statu
[14:53:11]   LT chain unavailable [OPTIONS_CHAIN_ERROR]: FyersAPIError: Fyers HTTP 429 on https://api-t1.fyers.in/data/options-chain-v3?symbol=NSE%3ALT-EQ&strikecount=30: {"type":"https://developers.cloudflare.com/support/troubleshooting/http-status-codes/cloudflare-1xxx-errors/error-1015/","title":"Error 1015: You are being rate limited","status":429,"detail":"You are being rate-limited by the website owner's configuration.","instance":"a2e893d4ecac8fcd","error_code":1015,"error_name":"rate_limited","error_category":"rate_limit","ray_id":"a2e893d4ecac8fcd","timestamp":"2026-08-21T09:23:10Z","zone":"api-t1.fyers.in","cloudflare_error":true,"retryable":true,"retry
[14:53:11]   M&M chain unavailable [OPTIONS_CHAIN_ERROR]: FyersAPIError: Fyers HTTP 429 on https://api-t1.fyers.in/data/options-chain-v3?symbol=NSE%3AM%26M-EQ&strikecount=30: {"type":"https://developers.cloudflare.com/support/troubleshooting/http-status-codes/cloudflare-1xxx-errors/error-1015/","title":"Error 1015: You are being rate limited","status":429,"detail":"You are being rate-limited by the website owner's configuration.","instance":"a2e893d5d8deb081","error_code":1015,"error_name":"rate_limited","error_category":"rate_limit","ray_id":"a2e893d5d8deb081","timestamp":"2026-08-21T09:23:10Z","zone":"api-t1.fyers.in","cloudflare_error":true,"retryable":true,"retry
[14:53:11]   MARUTI chain unavailable [OPTIONS_CHAIN_ERROR]: FyersAPIError: Fyers HTTP 429 on https://api-t1.fyers.in/data/options-chain-v3?symbol=NSE%3AMARUTI-EQ&strikecount=30: {"type":"https://developers.cloudflare.com/support/troubleshooting/http-status-codes/cloudflare-1xxx-errors/error-1015/","title":"Error 1015: You are being rate limited","status":429,"detail":"You are being rate-limited by the website owner's configuration.","instance":"a2e893d6a9b8ffa2","error_code":1015,"error_name":"rate_limited","error_category":"rate_limit","ray_id":"a2e893d6a9b8ffa2","timestamp":"2026-08-21T09:23:10Z","zone":"api-t1.fyers.in","cloudflare_error":true,"retryable":true,"retry
[14:53:11]   MAXHEALTH chain unavailable [OPTIONS_CHAIN_ERROR]: FyersAPIError: Fyers HTTP 429 on https://api-t1.fyers.in/data/options-chain-v3?symbol=NSE%3AMAXHEALTH-EQ&strikecount=30: {"type":"https://developers.cloudflare.com/support/troubleshooting/http-status-codes/cloudflare-1xxx-errors/error-1015/","title":"Error 1015: You are being rate limited","status":429,"detail":"You are being rate-limited by the website owner's configuration.","instance":"a2e893d7d9c4dce3","error_code":1015,"error_name":"rate_limited","error_category":"rate_limit","ray_id":"a2e893d7d9c4dce3","timestamp":"2026-08-21T09:23:10Z","zone":"api-t1.fyers.in","cloudflare_error":true,"retryable":true,"retry
[14:53:12]   NTPC chain unavailable [OPTIONS_CHAIN_ERROR]: FyersAPIError: Fyers HTTP 429 on https://api-t1.fyers.in/data/options-chain-v3?symbol=NSE%3ANTPC-EQ&strikecount=30: {"type":"https://developers.cloudflare.com/support/troubleshooting/http-status-codes/cloudflare-1xxx-errors/error-1015/","title":"Error 1015: You are being rate limited","status":429,"detail":"You are being rate-limited by the website owner's configuration.","instance":"a2e893d90a1aa6ad","error_code":1015,"error_name":"rate_limited","error_category":"rate_limit","ray_id":"a2e893d90a1aa6ad","timestamp":"2026-08-21T09:23:10Z","zone":"api-t1.fyers.in","cloudflare_error":true,"retryable":true,"retry
[14:53:18]   BANKNIFTY chain unavailable [OPTIONS_CHAIN_ERROR]: FyersAPIError: Fyers HTTP 429 on https://api-t1.fyers.in/data/options-chain-v3?symbol=NSE%3ANIFTYBANK-INDEX&strikecount=30: {"type":"https://developers.cloudflare.com/support/troubleshooting/http-status-codes/cloudflare-1xxx-errors/error-1015/","title":"Error 1015: You are being rate limited","status":429,"detail":"You are being rate-limited by the website owner's configuration.","instance":"a2e894018f223a4d","error_code":1015,"error_name":"rate_limited","error_category":"rate_limit","ray_id":"a2e894018f223a4d","timestamp":"2026-08-21T09:23:17Z","zone":"api-t1.fyers.in","cloudflare_error":true,"retryable":true,"retry
[14:53:18]   FINNIFTY chain unavailable [OPTIONS_CHAIN_ERROR]: FyersAPIError: Fyers HTTP 429 on https://api-t1.fyers.in/data/options-chain-v3?symbol=NSE%3AFINNIFTY-INDEX&strikecount=30: {"type":"https://developers.cloudflare.com/support/troubleshooting/http-status-codes/cloudflare-1xxx-errors/error-1015/","title":"Error 1015: You are being rate limited","status":429,"detail":"You are being rate-limited by the website owner's configuration.","instance":"a2e894027c921340","error_code":1015,"error_name":"rate_limited","error_category":"rate_limit","ray_id":"a2e894027c921340","timestamp":"2026-08-21T09:23:17Z","zone":"api-t1.fyers.in","cloudflare_error":true,"retryable":true,"retry
[14:53:18]   MIDCPNIFTY chain unavailable [OPTIONS_CHAIN_ERROR]: FyersAPIError: Fyers HTTP 429 on https://api-t1.fyers.in/data/options-chain-v3?symbol=NSE%3AMIDCPNIFTY-INDEX&strikecount=30: {"type":"https://developers.cloudflare.com/support/troubleshooting/http-status-codes/cloudflare-1xxx-errors/error-1015/","title":"Error 1015: You are being rate limited","status":429,"detail":"You are being rate-limited by the website owner's configuration.","instance":"a2e894035983b79c","error_code":1015,"error_name":"rate_limited","error_category":"rate_limit","ray_id":"a2e894035983b79c","timestamp":"2026-08-21T09:23:17Z","zone":"api-t1.fyers.in","cloudflare_error":true,"retryable":true,"retry
[14:53:19]   NESTLEIND chain unavailable [OPTIONS_CHAIN_ERROR]: FyersAPIError: Fyers HTTP 429 on https://api-t1.fyers.in/data/options-chain-v3?symbol=NSE%3ANESTLEIND-EQ&strikecount=30: {"type":"https://developers.cloudflare.com/support/troubleshooting/http-status-codes/cloudflare-1xxx-errors/error-1015/","title":"Error 1015: You are being rate limited","status":429,"detail":"You are being rate-limited by the website owner's configuration.","instance":"a2e894041aa10de6","error_code":1015,"error_name":"rate_limited","error_category":"rate_limit","ray_id":"a2e894041aa10de6","timestamp":"2026-08-21T09:23:17Z","zone":"api-t1.fyers.in","cloudflare_error":true,"retryable":true,"retry
[14:53:19]   ONGC chain unavailable [OPTIONS_CHAIN_ERROR]: FyersAPIError: Fyers HTTP 429 on https://api-t1.fyers.in/data/options-chain-v3?symbol=NSE%3AONGC-EQ&strikecount=30: {"type":"https://developers.cloudflare.com/support/troubleshooting/http-status-codes/cloudflare-1xxx-errors/error-1015/","title":"Error 1015: You are being rate limited","status":429,"detail":"You are being rate-limited by the website owner's configuration.","instance":"a2e89404f8c1002d","error_code":1015,"error_name":"rate_limited","error_category":"rate_limit","ray_id":"a2e89404f8c1002d","timestamp":"2026-08-21T09:23:17Z","zone":"api-t1.fyers.in","cloudflare_error":true,"retryable":true,"retry
[14:53:19]   POWERGRID chain unavailable [OPTIONS_CHAIN_ERROR]: FyersAPIError: Fyers HTTP 429 on https://api-t1.fyers.in/data/options-chain-v3?symbol=NSE%3APOWERGRID-EQ&strikecount=30: {"type":"https://developers.cloudflare.com/support/troubleshooting/http-status-codes/cloudflare-1xxx-errors/error-1015/","title":"Error 1015: You are being rate limited","status":429,"detail":"You are being rate-limited by the website owner's configuration.","instance":"a2e894061a1f3ba9","error_code":1015,"error_name":"rate_limited","error_category":"rate_limit","ray_id":"a2e894061a1f3ba9","timestamp":"2026-08-21T09:23:18Z","zone":"api-t1.fyers.in","cloudflare_error":true,"retryable":true,"retry
[14:53:19]   RELIANCE chain unavailable [OPTIONS_CHAIN_ERROR]: FyersAPIError: Fyers HTTP 429 on https://api-t1.fyers.in/data/options-chain-v3?symbol=NSE%3ARELIANCE-EQ&strikecount=30: {"type":"https://developers.cloudflare.com/support/troubleshooting/http-status-codes/cloudflare-1xxx-errors/error-1015/","title":"Error 1015: You are being rate limited","status":429,"detail":"You are being rate-limited by the website owner's configuration.","instance":"a2e89406eafc1eed","error_code":1015,"error_name":"rate_limited","error_category":"rate_limit","ray_id":"a2e89406eafc1eed","timestamp":"2026-08-21T09:23:18Z","zone":"api-t1.fyers.in","cloudflare_error":true,"retryable":true,"retry
[14:53:19]   SBILIFE chain unavailable [OPTIONS_CHAIN_ERROR]: FyersAPIError: Fyers HTTP 429 on https://api-t1.fyers.in/data/options-chain-v3?symbol=NSE%3ASBILIFE-EQ&strikecount=30: {"type":"https://developers.cloudflare.com/support/troubleshooting/http-status-codes/cloudflare-1xxx-errors/error-1015/","title":"Error 1015: You are being rate limited","status":429,"detail":"You are being rate-limited by the website owner's configuration.","instance":"a2e89407eebc5543","error_code":1015,"error_name":"rate_limited","error_category":"rate_limit","ray_id":"a2e89407eebc5543","timestamp":"2026-08-21T09:23:18Z","zone":"api-t1.fyers.in","cloudflare_error":true,"retryable":true,"retry
[14:53:19]   SHRIRAMFIN chain unavailable [OPTIONS_CHAIN_ERROR]: FyersAPIError: Fyers HTTP 429 on https://api-t1.fyers.in/data/options-chain-v3?symbol=NSE%3ASHRIRAMFIN-EQ&strikecount=30: {"type":"https://developers.cloudflare.com/support/troubleshooting/http-status-codes/cloudflare-1xxx-errors/error-1015/","title":"Error 1015: You are being rate limited","status":429,"detail":"You are being rate-limited by the website owner's configuration.","instance":"a2e89408ee47f3f0","error_code":1015,"error_name":"rate_limited","error_category":"rate_limit","ray_id":"a2e89408ee47f3f0","timestamp":"2026-08-21T09:23:18Z","zone":"api-t1.fyers.in","cloudflare_error":true,"retryable":true,"retry
[14:53:19]   SBIN chain unavailable [OPTIONS_CHAIN_ERROR]: FyersAPIError: Fyers HTTP 429 on https://api-t1.fyers.in/data/options-chain-v3?symbol=NSE%3ASBIN-EQ&strikecount=30: {"type":"https://developers.cloudflare.com/support/troubleshooting/http-status-codes/cloudflare-1xxx-errors/error-1015/","title":"Error 1015: You are being rate limited","status":429,"detail":"You are being rate-limited by the website owner's configuration.","instance":"a2e89409ecb0ffab","error_code":1015,"error_name":"rate_limited","error_category":"rate_limit","ray_id":"a2e89409ecb0ffab","timestamp":"2026-08-21T09:23:18Z","zone":"api-t1.fyers.in","cloudflare_error":true,"retryable":true,"retry
[14:53:20]   SUNPHARMA chain unavailable [OPTIONS_CHAIN_ERROR]: FyersAPIError: Fyers HTTP 429 on https://api-t1.fyers.in/data/options-chain-v3?symbol=NSE%3ASUNPHARMA-EQ&strikecount=30: {"type":"https://developers.cloudflare.com/support/troubleshooting/http-status-codes/cloudflare-1xxx-errors/error-1015/","title":"Error 1015: You are being rate limited","status":429,"detail":"You are being rate-limited by the website owner's configuration.","instance":"a2e8940aeef23df1","error_code":1015,"error_name":"rate_limited","error_category":"rate_limit","ray_id":"a2e8940aeef23df1","timestamp":"2026-08-21T09:23:18Z","zone":"api-t1.fyers.in","cloudflare_error":true,"retryable":true,"retry
[14:53:32]   NESTLEIND chain unavailable [OPTIONS_CHAIN_ERROR]: FyersAPIError: Fyers HTTP 429 on https://api-t1.fyers.in/data/options-chain-v3?symbol=NSE%3ANESTLEIND-EQ&strikecount=30: {"type":"https://developers.cloudflare.com/support/troubleshooting/http-status-codes/cloudflare-1xxx-errors/error-1015/","title":"Error 1015: You are being rate limited","status":429,"detail":"You are being rate-limited by the website owner's configuration.","instance":"a2e89458ee423b27","error_code":1015,"error_name":"rate_limited","error_category":"rate_limit","ray_id":"a2e89458ee423b27","timestamp":"2026-08-21T09:23:31Z","zone":"api-t1.fyers.in","cloudflare_error":true,"retryable":true,"retry
[14:53:32]   ONGC chain unavailable [OPTIONS_CHAIN_ERROR]: FyersAPIError: Fyers HTTP 429 on https://api-t1.fyers.in/data/options-chain-v3?symbol=NSE%3AONGC-EQ&strikecount=30: {"type":"https://developers.cloudflare.com/support/troubleshooting/http-status-codes/cloudflare-1xxx-errors/error-1015/","title":"Error 1015: You are being rate limited","status":429,"detail":"You are being rate-limited by the website owner's configuration.","instance":"a2e89459edcc4212","error_code":1015,"error_name":"rate_limited","error_category":"rate_limit","ray_id":"a2e89459edcc4212","timestamp":"2026-08-21T09:23:31Z","zone":"api-t1.fyers.in","cloudflare_error":true,"retryable":true,"retry
[14:53:32]   POWERGRID chain unavailable [OPTIONS_CHAIN_ERROR]: FyersAPIError: Fyers HTTP 429 on https://api-t1.fyers.in/data/options-chain-v3?symbol=NSE%3APOWERGRID-EQ&strikecount=30: {"type":"https://developers.cloudflare.com/support/troubleshooting/http-status-codes/cloudflare-1xxx-errors/error-1015/","title":"Error 1015: You are being rate limited","status":429,"detail":"You are being rate-limited by the website owner's configuration.","instance":"a2e8945aeb924565","error_code":1015,"error_name":"rate_limited","error_category":"rate_limit","ray_id":"a2e8945aeb924565","timestamp":"2026-08-21T09:23:31Z","zone":"api-t1.fyers.in","cloudflare_error":true,"retryable":true,"retry
[14:53:33]   RELIANCE chain unavailable [OPTIONS_CHAIN_ERROR]: FyersAPIError: Fyers HTTP 429 on https://api-t1.fyers.in/data/options-chain-v3?symbol=NSE%3ARELIANCE-EQ&strikecount=30: {"type":"https://developers.cloudflare.com/support/troubleshooting/http-status-codes/cloudflare-1xxx-errors/error-1015/","title":"Error 1015: You are being rate limited","status":429,"detail":"You are being rate-limited by the website owner's configuration.","instance":"a2e8945bffdf46bc","error_code":1015,"error_name":"rate_limited","error_category":"rate_limit","ray_id":"a2e8945bffdf46bc","timestamp":"2026-08-21T09:23:31Z","zone":"api-t1.fyers.in","cloudflare_error":true,"retryable":true,"retry
[14:53:33]   SBILIFE chain unavailable [OPTIONS_CHAIN_ERROR]: FyersAPIError: Fyers HTTP 429 on https://api-t1.fyers.in/data/options-chain-v3?symbol=NSE%3ASBILIFE-EQ&strikecount=30: {"type":"https://developers.cloudflare.com/support/troubleshooting/http-status-codes/cloudflare-1xxx-errors/error-1015/","title":"Error 1015: You are being rate limited","status":429,"detail":"You are being rate-limited by the website owner's configuration.","instance":"a2e8945cdb77f4b7","error_code":1015,"error_name":"rate_limited","error_category":"rate_limit","ray_id":"a2e8945cdb77f4b7","timestamp":"2026-08-21T09:23:31Z","zone":"api-t1.fyers.in","cloudflare_error":true,"retryable":true,"retry
[14:53:48]   BANKNIFTY NSE:BANKNIFTY26AUG57600PE depth unavailable: FyersAPIError: Fyers HTTP 429 on https://api-t1.fyers.in/data/depth?symbol=NSE%3ABANKNIFTY26AUG57600PE&ohlcv_flag=1: {"type":"https://developers.cloudflare.com/support/troubleshooting/http-status
[14:53:53]   ONGC chain unavailable [OPTIONS_CHAIN_ERROR]: FyersAPIError: Fyers HTTP 429 on https://api-t1.fyers.in/data/options-chain-v3?symbol=NSE%3AONGC-EQ&strikecount=30: {"type":"https://developers.cloudflare.com/support/troubleshooting/http-status-codes/cloudflare-1xxx-errors/error-1015/","title":"Error 1015: You are being rate limited","status":429,"detail":"You are being rate-limited by the website owner's configuration.","instance":"a2e894db6cb226cb","error_code":1015,"error_name":"rate_limited","error_category":"rate_limit","ray_id":"a2e894db6cb226cb","timestamp":"2026-08-21T09:23:52Z","zone":"api-t1.fyers.in","cloudflare_error":true,"retryable":true,"retry
[14:53:53]   POWERGRID chain unavailable [OPTIONS_CHAIN_ERROR]: FyersAPIError: Fyers HTTP 429 on https://api-t1.fyers.in/data/options-chain-v3?symbol=NSE%3APOWERGRID-EQ&strikecount=30: {"type":"https://developers.cloudflare.com/support/troubleshooting/http-status-codes/cloudflare-1xxx-errors/error-1015/","title":"Error 1015: You are being rate limited","status":429,"detail":"You are being rate-limited by the website owner's configuration.","instance":"a2e894dc5d5cff62","error_code":1015,"error_name":"rate_limited","error_category":"rate_limit","ray_id":"a2e894dc5d5cff62","timestamp":"2026-08-21T09:23:52Z","zone":"api-t1.fyers.in","cloudflare_error":true,"retryable":true,"retry
[14:53:53]   RELIANCE chain unavailable [OPTIONS_CHAIN_ERROR]: FyersAPIError: Fyers HTTP 429 on https://api-t1.fyers.in/data/options-chain-v3?symbol=NSE%3ARELIANCE-EQ&strikecount=30: {"type":"https://developers.cloudflare.com/support/troubleshooting/http-status-codes/cloudflare-1xxx-errors/error-1015/","title":"Error 1015: You are being rate limited","status":429,"detail":"You are being rate-limited by the website owner's configuration.","instance":"a2e894dd4d3b2a60","error_code":1015,"error_name":"rate_limited","error_category":"rate_limit","ray_id":"a2e894dd4d3b2a60","timestamp":"2026-08-21T09:23:52Z","zone":"api-t1.fyers.in","cloudflare_error":true,"retryable":true,"retry
[14:53:53]   SBILIFE chain unavailable [OPTIONS_CHAIN_ERROR]: FyersAPIError: Fyers HTTP 429 on https://api-t1.fyers.in/data/options-chain-v3?symbol=NSE%3ASBILIFE-EQ&strikecount=30: {"type":"https://developers.cloudflare.com/support/troubleshooting/http-status-codes/cloudflare-1xxx-errors/error-1015/","title":"Error 1015: You are being rate limited","status":429,"detail":"You are being rate-limited by the website owner's configuration.","instance":"a2e894de2cd1ff9e","error_code":1015,"error_name":"rate_limited","error_category":"rate_limit","ray_id":"a2e894de2cd1ff9e","timestamp":"2026-08-21T09:23:52Z","zone":"api-t1.fyers.in","cloudflare_error":true,"retryable":true,"retry
[14:53:54]   SHRIRAMFIN chain unavailable [OPTIONS_CHAIN_ERROR]: FyersAPIError: Fyers HTTP 429 on https://api-t1.fyers.in/data/options-chain-v3?symbol=NSE%3ASHRIRAMFIN-EQ&strikecount=30: {"type":"https://developers.cloudflare.com/support/troubleshooting/http-status-codes/cloudflare-1xxx-errors/error-1015/","title":"Error 1015: You are being rate limited","status":429,"detail":"You are being rate-limited by the website owner's configuration.","instance":"a2e894defca67686","error_code":1015,"error_name":"rate_limited","error_category":"rate_limit","ray_id":"a2e894defca67686","timestamp":"2026-08-21T09:23:52Z","zone":"api-t1.fyers.in","cloudflare_error":true,"retryable":true,"retry
[14:53:54]   SBIN chain unavailable [OPTIONS_CHAIN_ERROR]: FyersAPIError: Fyers HTTP 429 on https://api-t1.fyers.in/data/options-chain-v3?symbol=NSE%3ASBIN-EQ&strikecount=30: {"type":"https://developers.cloudflare.com/support/troubleshooting/http-status-codes/cloudflare-1xxx-errors/error-1015/","title":"Error 1015: You are being rate limited","status":429,"detail":"You are being rate-limited by the website owner's configuration.","instance":"a2e894e02f1c20fe","error_code":1015,"error_name":"rate_limited","error_category":"rate_limit","ray_id":"a2e894e02f1c20fe","timestamp":"2026-08-21T09:23:52Z","zone":"api-t1.fyers.in","cloudflare_error":true,"retryable":true,"retry
[14:53:56]   DATA HEALTH ALERT BANKNIFTY: CE/PE timestamp delta 3.33s at 57600.0; Candidate option quote stale 10.50s; Candidate option quote stale 11.50s; Candidate option quote stale 15.50s; Candidate option quote depth unavailable; Candidate option quote stale 9.50s; Candidate option quote stale 11.50s
[14:53:56]   DATA HEALTH ALERT FINNIFTY: CE/PE timestamp delta 132.00s at 26200.0; CE/PE timestamp delta 15.00s at 26250.0; CE/PE timestamp delta 38.00s at 26300.0; Candidate option quote stale 12.50s; Candidate option quote stale 27.50s; Candidate option quote stale 152.50s; Candidate option quote stale 20.50s; Candidate option quote stale 12.51s; Candidate option quote stale 50.51s
[14:53:56]   DATA HEALTH ALERT MIDCPNIFTY: CE/PE timestamp delta 5.00s at 14825.0; CE/PE timestamp delta 4.00s at 14850.0; CE/PE timestamp delta 8.00s at 14875.0; Candidate option quote stale 11.51s; Candidate option quote warning stale 7.51s; Candidate option quote stale 9.51s; Candidate option quote stale 14.51s; Candidate option quote warning stale 7.51s; Candidate option quote stale 15.51s
[14:53:56]   DATA HEALTH ALERT SUNPHARMA: CE/PE timestamp delta 65.00s at 1900.0; Candidate option quote stale 11.53s; Candidate option quote stale 76.53s; Candidate option quote stale 61.53s; Candidate option quote stale 61.53s; Candidate option quote stale 12.53s; Candidate option quote stale 11.53s
[14:54:01]   NIFTY chain unavailable [OPTIONS_CHAIN_ERROR]: FyersAPIError: Fyers HTTP 429 on https://api-t1.fyers.in/data/options-chain-v3?symbol=NSE%3ANIFTY50-INDEX&strikecount=30: {"type":"https://developers.cloudflare.com/support/troubleshooting/http-status-codes/cloudflare-1xxx-errors/error-1015/","title":"Error 1015: You are being rate limited","status":429,"detail":"You are being rate-limited by the website owner's configuration.","instance":"a2e8950efaeb4f15","error_code":1015,"error_name":"rate_limited","error_category":"rate_limit","ray_id":"a2e8950efaeb4f15","timestamp":"2026-08-21T09:24:00Z","zone":"api-t1.fyers.in","cloudflare_error":true,"retryable":true,"retry
[14:54:01]   BANKNIFTY chain unavailable [OPTIONS_CHAIN_ERROR]: FyersAPIError: Fyers HTTP 429 on https://api-t1.fyers.in/data/options-chain-v3?symbol=NSE%3ANIFTYBANK-INDEX&strikecount=30: {"type":"https://developers.cloudflare.com/support/troubleshooting/http-status-codes/cloudflare-1xxx-errors/error-1015/","title":"Error 1015: You are being rate limited","status":429,"detail":"You are being rate-limited by the website owner's configuration.","instance":"a2e8951019eb8b82","error_code":1015,"error_name":"rate_limited","error_category":"rate_limit","ray_id":"a2e8951019eb8b82","timestamp":"2026-08-21T09:24:00Z","zone":"api-t1.fyers.in","cloudflare_error":true,"retryable":true,"retry
[14:54:02]   FINNIFTY chain unavailable [OPTIONS_CHAIN_ERROR]: FyersAPIError: Fyers HTTP 429 on https://api-t1.fyers.in/data/options-chain-v3?symbol=NSE%3AFINNIFTY-INDEX&strikecount=30: {"type":"https://developers.cloudflare.com/support/troubleshooting/http-status-codes/cloudflare-1xxx-errors/error-1015/","title":"Error 1015: You are being rate limited","status":429,"detail":"You are being rate-limited by the website owner's configuration.","instance":"a2e89510ecb33e40","error_code":1015,"error_name":"rate_limited","error_category":"rate_limit","ray_id":"a2e89510ecb33e40","timestamp":"2026-08-21T09:24:00Z","zone":"api-t1.fyers.in","cloudflare_error":true,"retryable":true,"retry
[14:54:02]   MIDCPNIFTY chain unavailable [OPTIONS_CHAIN_ERROR]: FyersAPIError: Fyers HTTP 429 on https://api-t1.fyers.in/data/options-chain-v3?symbol=NSE%3AMIDCPNIFTY-INDEX&strikecount=30: {"type":"https://developers.cloudflare.com/support/troubleshooting/http-status-codes/cloudflare-1xxx-errors/error-1015/","title":"Error 1015: You are being rate limited","status":429,"detail":"You are being rate-limited by the website owner's configuration.","instance":"a2e895120cf84015","error_code":1015,"error_name":"rate_limited","error_category":"rate_limit","ray_id":"a2e895120cf84015","timestamp":"2026-08-21T09:24:00Z","zone":"api-t1.fyers.in","cloudflare_error":true,"retryable":true,"retry
[14:54:07]   RELIANCE chain unavailable [OPTIONS_CHAIN_ERROR]: FyersAPIError: Fyers HTTP 429 on https://api-t1.fyers.in/data/options-chain-v3?symbol=NSE%3ARELIANCE-EQ&strikecount=30: {"type":"https://developers.cloudflare.com/support/troubleshooting/http-status-codes/cloudflare-1xxx-errors/error-1015/","title":"Error 1015: You are being rate limited","status":429,"detail":"You are being rate-limited by the website owner's configuration.","instance":"a2e89534c8db4805","error_code":1015,"error_name":"rate_limited","error_category":"rate_limit","ray_id":"a2e89534c8db4805","timestamp":"2026-08-21T09:24:06Z","zone":"api-t1.fyers.in","cloudflare_error":true,"retryable":true,"retry
[14:54:07]   SBILIFE chain unavailable [OPTIONS_CHAIN_ERROR]: FyersAPIError: Fyers HTTP 429 on https://api-t1.fyers.in/data/options-chain-v3?symbol=NSE%3ASBILIFE-EQ&strikecount=30: {"type":"https://developers.cloudflare.com/support/troubleshooting/http-status-codes/cloudflare-1xxx-errors/error-1015/","title":"Error 1015: You are being rate limited","status":429,"detail":"You are being rate-limited by the website owner's configuration.","instance":"a2e89535da75bc9a","error_code":1015,"error_name":"rate_limited","error_category":"rate_limit","ray_id":"a2e89535da75bc9a","timestamp":"2026-08-21T09:24:06Z","zone":"api-t1.fyers.in","cloudflare_error":true,"retryable":true,"retry
[14:54:08]   SHRIRAMFIN chain unavailable [OPTIONS_CHAIN_ERROR]: FyersAPIError: Fyers HTTP 429 on https://api-t1.fyers.in/data/options-chain-v3?symbol=NSE%3ASHRIRAMFIN-EQ&strikecount=30: {"type":"https://developers.cloudflare.com/support/troubleshooting/http-status-codes/cloudflare-1xxx-errors/error-1015/","title":"Error 1015: You are being rate limited","status":429,"detail":"You are being rate-limited by the website owner's configuration.","instance":"a2e89536e87ff4a3","error_code":1015,"error_name":"rate_limited","error_category":"rate_limit","ray_id":"a2e89536e87ff4a3","timestamp":"2026-08-21T09:24:06Z","zone":"api-t1.fyers.in","cloudflare_error":true,"retryable":true,"retry
[14:54:12]   DATA HEALTH ALERT NESTLEIND: CE/PE timestamp delta 21.00s at 1460.0; CE/PE timestamp delta 36.00s at 1470.0; Candidate option quote stale 57.44s; Candidate option quote stale 93.44s; Candidate option quote stale 64.44s; Candidate option quote stale 43.44s; Candidate option quote stale 43.44s; Candidate option quote stale 43.44s
[14:54:37]   TRENT NSE:TRENT26AUG2850CE depth unavailable: FyersAPIError: Fyers HTTP 429 on https://api-t1.fyers.in/data/depth?symbol=NSE%3ATRENT26AUG2850CE&ohlcv_flag=1: {"type":"https://developers.cloudflare.com/support/troubleshooting/http-status-code
[14:54:41]   DATA HEALTH ALERT TATACONSUM: CE/PE timestamp delta 98.00s at 1040.0; CE/PE timestamp delta 82.00s at 1050.0; CE/PE timestamp delta 61.00s at 1060.0; Candidate option quote stale 129.51s; Candidate option quote stale 47.51s; Candidate option quote stale 137.52s; Candidate option quote stale 39.52s; Candidate option quote stale 76.52s; Candidate option quote stale 137.52s
[14:54:41]   DATA HEALTH ALERT TMPV: CE/PE timestamp delta 250.00s at 310.0; CE/PE timestamp delta 8.00s at 320.0; Candidate option quote stale 29.55s; Candidate option quote stale 30.55s; Candidate option quote stale 310.56s; Candidate option quote stale 60.56s; Candidate option quote stale 51.56s; Candidate option quote stale 59.56s
[14:54:41]   DATA HEALTH ALERT TATASTEEL: CE/PE timestamp delta 41.00s at 180.0; CE/PE timestamp delta 18.00s at 182.5; CE/PE timestamp delta 26.00s at 185.0; Candidate option quote stale 42.56s; Candidate option quote stale 60.56s; Candidate option quote stale 178.56s; Candidate option quote stale 219.56s; Candidate option quote stale 35.57s; Candidate option quote stale 61.57s
[14:54:41]   DATA HEALTH ALERT TECHM: CE/PE timestamp delta 26.00s at 1560.0; CE/PE timestamp delta 468.00s at 1564.0; CE/PE timestamp delta 3.00s at 1580.0; Candidate option quote stale 33.57s; Candidate option quote stale 30.58s; Candidate option quote stale 560.58s; Candidate option quote stale 92.58s; Candidate option quote stale 118.58s; Candidate option quote stale 144.58s
[14:54:41]   DATA HEALTH ALERT TITAN: CE/PE timestamp delta 31.00s at 5100.0; CE/PE timestamp delta 189.00s at 5150.0; Candidate option quote stale 10.58s; Candidate option quote stale 41.58s; Candidate option quote stale 9.58s; Candidate option quote stale 10.58s; Candidate option quote stale 9.59s; Candidate option quote stale 198.59s
[14:54:41]   DATA HEALTH ALERT TRENT: CE/PE timestamp delta 16.49s at 2850.0; CE/PE timestamp delta 43.00s at 2900.0; CE/PE timestamp delta 20.00s at 2950.0; Candidate option quote stale 67.59s; Candidate option quote stale 24.59s; Candidate option quote depth unavailable; Candidate option quote stale 40.59s; Candidate option quote stale 16.59s; Candidate option quote stale 36.59s
[14:54:41]   DATA HEALTH ALERT ULTRACEMCO: CE/PE timestamp delta 14.00s at 11500.0; CE/PE timestamp delta 16.00s at 11560.0; Candidate option quote stale 11.59s; Candidate option quote stale 27.59s; Candidate option quote stale 62.59s; Candidate option quote stale 62.59s; Candidate option quote stale 77.59s; Candidate option quote stale 63.59s
[14:54:50]   FINNIFTY chain unavailable [OPTIONS_CHAIN_ERROR]: FyersAPIError: Fyers HTTP 429 on https://api-t1.fyers.in/data/options-chain-v3?symbol=NSE%3AFINNIFTY-INDEX&strikecount=30: {"type":"https://developers.cloudflare.com/support/troubleshooting/http-status-codes/cloudflare-1xxx-errors/error-1015/","title":"Error 1015: You are being rate limited","status":429,"detail":"You are being rate-limited by the website owner's configuration.","instance":"a2e89641dcd42a99","error_code":1015,"error_name":"rate_limited","error_category":"rate_limit","ray_id":"a2e89641dcd42a99","timestamp":"2026-08-21T09:24:49Z","zone":"api-t1.fyers.in","cloudflare_error":true,"retryable":true,"retry
[14:54:51]   MIDCPNIFTY chain unavailable [OPTIONS_CHAIN_ERROR]: FyersAPIError: Fyers HTTP 429 on https://api-t1.fyers.in/data/options-chain-v3?symbol=NSE%3AMIDCPNIFTY-INDEX&strikecount=30: {"type":"https://developers.cloudflare.com/support/troubleshooting/http-status-codes/cloudflare-1xxx-errors/error-1015/","title":"Error 1015: You are being rate limited","status":429,"detail":"You are being rate-limited by the website owner's configuration.","instance":"a2e8964319a8b8bf","error_code":1015,"error_name":"rate_limited","error_category":"rate_limit","ray_id":"a2e8964319a8b8bf","timestamp":"2026-08-21T09:24:49Z","zone":"api-t1.fyers.in","cloudflare_error":true,"retryable":true,"retry
[14:54:51]   TCS chain unavailable [OPTIONS_CHAIN_ERROR]: FyersAPIError: Fyers HTTP 429 on https://api-t1.fyers.in/data/options-chain-v3?symbol=NSE%3ATCS-EQ&strikecount=30: {"type":"https://developers.cloudflare.com/support/troubleshooting/http-status-codes/cloudflare-1xxx-errors/error-1015/","title":"Error 1015: You are being rate limited","status":429,"detail":"You are being rate-limited by the website owner's configuration.","instance":"a2e89644098dff73","error_code":1015,"error_name":"rate_limited","error_category":"rate_limit","ray_id":"a2e89644098dff73","timestamp":"2026-08-21T09:24:49Z","zone":"api-t1.fyers.in","cloudflare_error":true,"retryable":true,"retry
[14:54:51]   TATACONSUM chain unavailable [OPTIONS_CHAIN_ERROR]: FyersAPIError: Fyers HTTP 429 on https://api-t1.fyers.in/data/options-chain-v3?symbol=NSE%3ATATACONSUM-EQ&strikecount=30: {"type":"https://developers.cloudflare.com/support/troubleshooting/http-status-codes/cloudflare-1xxx-errors/error-1015/","title":"Error 1015: You are being rate limited","status":429,"detail":"You are being rate-limited by the website owner's configuration.","instance":"a2e896450dbaf321","error_code":1015,"error_name":"rate_limited","error_category":"rate_limit","ray_id":"a2e896450dbaf321","timestamp":"2026-08-21T09:24:50Z","zone":"api-t1.fyers.in","cloudflare_error":true,"retryable":true,"retry
[14:54:51]   TMPV chain unavailable [OPTIONS_CHAIN_ERROR]: FyersAPIError: Fyers HTTP 429 on https://api-t1.fyers.in/data/options-chain-v3?symbol=NSE%3ATMPV-EQ&strikecount=30: {"type":"https://developers.cloudflare.com/support/troubleshooting/http-status-codes/cloudflare-1xxx-errors/error-1015/","title":"Error 1015: You are being rate limited","status":429,"detail":"You are being rate-limited by the website owner's configuration.","instance":"a2e896463ba43ac9","error_code":1015,"error_name":"rate_limited","error_category":"rate_limit","ray_id":"a2e896463ba43ac9","timestamp":"2026-08-21T09:24:50Z","zone":"api-t1.fyers.in","cloudflare_error":true,"retryable":true,"retry
[14:54:51]   TATASTEEL chain unavailable [OPTIONS_CHAIN_ERROR]: FyersAPIError: Fyers HTTP 429 on https://api-t1.fyers.in/data/options-chain-v3?symbol=NSE%3ATATASTEEL-EQ&strikecount=30: {"type":"https://developers.cloudflare.com/support/troubleshooting/http-status-codes/cloudflare-1xxx-errors/error-1015/","title":"Error 1015: You are being rate limited","status":429,"detail":"You are being rate-limited by the website owner's configuration.","instance":"a2e896477ee8b1e3","error_code":1015,"error_name":"rate_limited","error_category":"rate_limit","ray_id":"a2e896477ee8b1e3","timestamp":"2026-08-21T09:24:50Z","zone":"api-t1.fyers.in","cloudflare_error":true,"retryable":true,"retry
[14:54:51]   TECHM chain unavailable [OPTIONS_CHAIN_ERROR]: FyersAPIError: Fyers HTTP 429 on https://api-t1.fyers.in/data/options-chain-v3?symbol=NSE%3ATECHM-EQ&strikecount=30: {"type":"https://developers.cloudflare.com/support/troubleshooting/http-status-codes/cloudflare-1xxx-errors/error-1015/","title":"Error 1015: You are being rate limited","status":429,"detail":"You are being rate-limited by the website owner's configuration.","instance":"a2e89648ba9711ea","error_code":1015,"error_name":"rate_limited","error_category":"rate_limit","ray_id":"a2e89648ba9711ea","timestamp":"2026-08-21T09:24:50Z","zone":"api-t1.fyers.in","cloudflare_error":true,"retryable":true,"retry
[14:54:52]   TITAN chain unavailable [OPTIONS_CHAIN_ERROR]: FyersAPIError: Fyers HTTP 429 on https://api-t1.fyers.in/data/options-chain-v3?symbol=NSE%3ATITAN-EQ&strikecount=30: {"type":"https://developers.cloudflare.com/support/troubleshooting/http-status-codes/cloudflare-1xxx-errors/error-1015/","title":"Error 1015: You are being rate limited","status":429,"detail":"You are being rate-limited by the website owner's configuration.","instance":"a2e89649d95d1211","error_code":1015,"error_name":"rate_limited","error_category":"rate_limit","ray_id":"a2e89649d95d1211","timestamp":"2026-08-21T09:24:50Z","zone":"api-t1.fyers.in","cloudflare_error":true,"retryable":true,"retry
[14:54:54]   DATA HEALTH ALERT NIFTY: Invalid IV for CE 22750.0; Missing delta for CE 22750.0; Invalid IV for PE 22750.0; Zero volume CE at 22750.0; Zero volume CE at 22850.0; Zero volume CE at 22950.0; Candidate option quote stale 9.82s; Candidate option quote stale 9.82s; Candidate option quote stale 9.82s; Candidate option quote stale 9.82s; Candidate option quote stale 8.82s; Candidate option quote stale 8.82s
[14:54:54]   DATA HEALTH ALERT BANKNIFTY: CE/PE timestamp delta 4.00s at 57600.0; CE/PE timestamp delta 5.00s at 57800.0; Candidate option quote warning stale 7.83s; Candidate option quote warning stale 7.83s; Candidate option quote stale 10.83s; Candidate option quote warning stale 6.83s; Candidate option quote warning stale 6.83s; Candidate option quote stale 11.83s
[14:55:06]   MIDCPNIFTY NSE:MIDCPNIFTY26AUG14875PE depth unavailable: FyersAPIError: Fyers HTTP 429 on https://api-t1.fyers.in/data/depth?symbol=NSE%3AMIDCPNIFTY26AUG14875PE&ohlcv_flag=1: {"type":"https://developers.cloudflare.com/support/troubleshooting/http-statu
[14:55:07]   TCS chain unavailable [OPTIONS_CHAIN_ERROR]: FyersAPIError: Fyers HTTP 429 on https://api-t1.fyers.in/data/options-chain-v3?symbol=NSE%3ATCS-EQ&strikecount=30: {"type":"https://developers.cloudflare.com/support/troubleshooting/http-status-codes/cloudflare-1xxx-errors/error-1015/","title":"Error 1015: You are being rate limited","status":429,"detail":"You are being rate-limited by the website owner's configuration.","instance":"a2e896a80c7d3b28","error_code":1015,"error_name":"rate_limited","error_category":"rate_limit","ray_id":"a2e896a80c7d3b28","timestamp":"2026-08-21T09:25:05Z","zone":"api-t1.fyers.in","cloudflare_error":true,"retryable":true,"retry
[14:55:28]   FINNIFTY NSE:FINNIFTY26AUG26200CE depth unavailable: FyersAPIError: Fyers HTTP 429 on https://api-t1.fyers.in/data/depth?symbol=NSE%3AFINNIFTY26AUG26200CE&ohlcv_flag=1: {"type":"https://developers.cloudflare.com/support/troubleshooting/http-status-
[14:55:40]   NIFTYNXT50 NSE:NIFTYNXT5026AUG73800PE depth unavailable: ValueError: Fyers depth source timestamp invalid
[14:55:42]   NIFTYNXT50 NSE:NIFTYNXT5026AUG73900CE depth unavailable: ValueError: Fyers depth source timestamp invalid
[14:55:42]   NIFTYNXT50 NSE:NIFTYNXT5026AUG73900PE depth unavailable: ValueError: Fyers depth source timestamp invalid
[14:55:47]   DATA HEALTH ALERT FINNIFTY: CE/PE timestamp delta 60.74s at 26200.0; CE/PE timestamp delta 45.00s at 26250.0; CE/PE timestamp delta 6.00s at 26300.0; Candidate option quote stale 84.98s; Candidate option quote stale 39.98s; Candidate option quote depth unavailable; Candidate option quote stale 85.98s; Candidate option quote stale 32.98s; Candidate option quote stale 38.98s
[14:55:47]   DATA HEALTH ALERT MIDCPNIFTY: CE/PE timestamp delta 25.00s at 14825.0; Candidate option quote stale 20.98s; Candidate option quote stale 21.98s; Candidate option quote stale 52.98s; Candidate option quote stale 27.98s; Candidate option quote stale 22.98s; Candidate option quote stale 23.98s
[14:55:47]   DATA HEALTH ALERT WIPRO: CE/PE timestamp delta 215.00s at 177.5; CE/PE timestamp delta 40.00s at 180.0; CE/PE timestamp delta 111.00s at 182.5; Candidate option quote stale 21.99s; Candidate option quote stale 61.99s; Candidate option quote stale 449.99s; Candidate option quote stale 234.99s; Candidate option quote stale 82.99s; Candidate option quote stale 193.99s
[14:55:47]   DATA HEALTH ALERT SENSEX: CE/PE timestamp delta 3.00s at 77500.0; Candidate option quote stale 13.99s; Candidate option quote stale 14.99s; Candidate option quote stale 18.99s; Candidate option quote stale 15.99s; Candidate option quote stale 13.99s; Candidate option quote stale 14.99s
[14:55:47]   DATA HEALTH ALERT BANKEX: CE/PE timestamp delta 3122.00s at 65200.0; CE/PE timestamp delta 332.00s at 65300.0; CE/PE timestamp delta 577.00s at 65400.0; Candidate option quote stale 779.99s; Candidate option quote stale 447.99s; Candidate option quote stale 3417.99s; Candidate option quote stale 295.99s; Candidate option quote stale 202.99s; Candidate option quote stale 779.99s
[14:55:47]   DATA HEALTH ALERT FOCIT: CE/PE timestamp delta 116.00s at 37000.0; CE/PE timestamp delta 49300.00s at 37100.0; CE/PE timestamp delta 53586.00s at 37200.0; Candidate option quote stale 4448.00s; Candidate option quote stale 53748.00s; Candidate option quote stale 109.00s; Candidate option quote stale 225.00s; Candidate option quote stale 162.00s; Candidate option quote stale 53748.00s
[14:55:48]   DATA HEALTH ALERT NIFTYNXT50: CE/PE timestamp delta 1817993.74s at 73800.0; CE/PE timestamp delta 20.00s at 74000.0; Candidate option quote depth unavailable; Candidate option quote depth unavailable; Candidate option quote stale 1818019.00s; Candidate option quote depth unavailable; Candidate option quote stale 36.00s; Candidate option quote stale 56.00s
[14:55:48]   DATA HEALTH ALERT ADANIENT: CE/PE timestamp delta 33.00s at 3000.0; Candidate option quote stale 35.01s; Candidate option quote stale 68.01s; Candidate option quote stale 184.01s; Candidate option quote stale 761.01s
[14:55:48]   DATA HEALTH ALERT ADANIPORTS: CE/PE timestamp delta 3.00s at 1680.0; CE/PE timestamp delta 64.00s at 1700.0; CE/PE timestamp delta 61.00s at 1720.0; Candidate option quote stale 8.01s; Candidate option quote stale 72.01s; Candidate option quote stale 41.01s; Candidate option quote stale 44.01s; Candidate option quote stale 37.01s; Candidate option quote stale 98.01s
[14:55:48]   DATA HEALTH ALERT APOLLOHOSP: CE/PE timestamp delta 10.00s at 8600.0; CE/PE timestamp delta 35.00s at 8700.0; CE/PE timestamp delta 32.00s at 8800.0; Candidate option quote stale 9.01s; Candidate option quote stale 44.01s; Candidate option quote stale 46.01s; Candidate option quote stale 36.01s; Candidate option quote stale 25.01s; Candidate option quote stale 57.01s
[14:55:54]   BANKNIFTY chain unavailable [OPTIONS_CHAIN_ERROR]: FyersAPIError: Fyers HTTP 429 on https://api-t1.fyers.in/data/options-chain-v3?symbol=NSE%3ANIFTYBANK-INDEX&strikecount=30: {"type":"https://developers.cloudflare.com/support/troubleshooting/http-status-codes/cloudflare-1xxx-errors/error-1015/","title":"Error 1015: You are being rate limited","status":429,"detail":"You are being rate-limited by the website owner's configuration.","instance":"a2e897d2899a47c1","error_code":1015,"error_name":"rate_limited","error_category":"rate_limit","ray_id":"a2e897d2899a47c1","timestamp":"2026-08-21T09:25:53Z","zone":"api-t1.fyers.in","cloudflare_error":true,"retryable":true,"retry
[14:55:55]   FINNIFTY chain unavailable [OPTIONS_CHAIN_ERROR]: FyersAPIError: Fyers HTTP 429 on https://api-t1.fyers.in/data/options-chain-v3?symbol=NSE%3AFINNIFTY-INDEX&strikecount=30: {"type":"https://developers.cloudflare.com/support/troubleshooting/http-status-codes/cloudflare-1xxx-errors/error-1015/","title":"Error 1015: You are being rate limited","status":429,"detail":"You are being rate-limited by the website owner's configuration.","instance":"a2e897d36f833fe7","error_code":1015,"error_name":"rate_limited","error_category":"rate_limit","ray_id":"a2e897d36f833fe7","timestamp":"2026-08-21T09:25:53Z","zone":"api-t1.fyers.in","cloudflare_error":true,"retryable":true,"retry
[14:55:55]   MIDCPNIFTY chain unavailable [OPTIONS_CHAIN_ERROR]: FyersAPIError: Fyers HTTP 429 on https://api-t1.fyers.in/data/options-chain-v3?symbol=NSE%3AMIDCPNIFTY-INDEX&strikecount=30: {"type":"https://developers.cloudflare.com/support/troubleshooting/http-status-codes/cloudflare-1xxx-errors/error-1015/","title":"Error 1015: You are being rate limited","status":429,"detail":"You are being rate-limited by the website owner's configuration.","instance":"a2e897d44b0f3ee3","error_code":1015,"error_name":"rate_limited","error_category":"rate_limit","ray_id":"a2e897d44b0f3ee3","timestamp":"2026-08-21T09:25:53Z","zone":"api-t1.fyers.in","cloudflare_error":true,"retryable":true,"retry
[14:55:55]   WIPRO chain unavailable [OPTIONS_CHAIN_ERROR]: FyersAPIError: Fyers HTTP 429 on https://api-t1.fyers.in/data/options-chain-v3?symbol=NSE%3AWIPRO-EQ&strikecount=30: {"type":"https://developers.cloudflare.com/support/troubleshooting/http-status-codes/cloudflare-1xxx-errors/error-1015/","title":"Error 1015: You are being rate limited","status":429,"detail":"You are being rate-limited by the website owner's configuration.","instance":"a2e897d54a2546bc","error_code":1015,"error_name":"rate_limited","error_category":"rate_limit","ray_id":"a2e897d54a2546bc","timestamp":"2026-08-21T09:25:54Z","zone":"api-t1.fyers.in","cloudflare_error":true,"retryable":true,"retry
[14:55:55]   SENSEX chain unavailable [OPTIONS_CHAIN_ERROR]: FyersAPIError: Fyers HTTP 429 on https://api-t1.fyers.in/data/options-chain-v3?symbol=BSE%3ASENSEX-INDEX&strikecount=30: {"type":"https://developers.cloudflare.com/support/troubleshooting/http-status-codes/cloudflare-1xxx-errors/error-1015/","title":"Error 1015: You are being rate limited","status":429,"detail":"You are being rate-limited by the website owner's configuration.","instance":"a2e897d64f38ff60","error_code":1015,"error_name":"rate_limited","error_category":"rate_limit","ray_id":"a2e897d64f38ff60","timestamp":"2026-08-21T09:25:54Z","zone":"api-t1.fyers.in","cloudflare_error":true,"retryable":true,"retry
[14:55:55]   BANKEX chain unavailable [OPTIONS_CHAIN_ERROR]: FyersAPIError: Fyers HTTP 429 on https://api-t1.fyers.in/data/options-chain-v3?symbol=BSE%3ABANKEX-INDEX&strikecount=30: {"type":"https://developers.cloudflare.com/support/troubleshooting/http-status-codes/cloudflare-1xxx-errors/error-1015/","title":"Error 1015: You are being rate limited","status":429,"detail":"You are being rate-limited by the website owner's configuration.","instance":"a2e897d72a6984b6","error_code":1015,"error_name":"rate_limited","error_category":"rate_limit","ray_id":"a2e897d72a6984b6","timestamp":"2026-08-21T09:25:54Z","zone":"api-t1.fyers.in","cloudflare_error":true,"retryable":true,"retry
[14:55:55]   FOCIT chain unavailable [OPTIONS_CHAIN_ERROR]: FyersAPIError: Fyers HTTP 429 on https://api-t1.fyers.in/data/options-chain-v3?symbol=BSE%3AFOCIT-INDEX&strikecount=30: {"type":"https://developers.cloudflare.com/support/troubleshooting/http-status-codes/cloudflare-1xxx-errors/error-1015/","title":"Error 1015: You are being rate limited","status":429,"detail":"You are being rate-limited by the website owner's configuration.","instance":"a2e897d82899b66f","error_code":1015,"error_name":"rate_limited","error_category":"rate_limit","ray_id":"a2e897d82899b66f","timestamp":"2026-08-21T09:25:54Z","zone":"api-t1.fyers.in","cloudflare_error":true,"retryable":true,"retry
[14:55:55]   NIFTYNXT50 chain unavailable [OPTIONS_CHAIN_ERROR]: FyersAPIError: Fyers HTTP 429 on https://api-t1.fyers.in/data/options-chain-v3?symbol=NSE%3ANIFTYNXT50-INDEX&strikecount=30: {"type":"https://developers.cloudflare.com/support/troubleshooting/http-status-codes/cloudflare-1xxx-errors/error-1015/","title":"Error 1015: You are being rate limited","status":429,"detail":"You are being rate-limited by the website owner's configuration.","instance":"a2e897d8fe0241b3","error_code":1015,"error_name":"rate_limited","error_category":"rate_limit","ray_id":"a2e897d8fe0241b3","timestamp":"2026-08-21T09:25:54Z","zone":"api-t1.fyers.in","cloudflare_error":true,"retryable":true,"retry
[14:55:56]   ADANIENT chain unavailable [OPTIONS_CHAIN_ERROR]: FyersAPIError: Fyers HTTP 429 on https://api-t1.fyers.in/data/options-chain-v3?symbol=NSE%3AADANIENT-EQ&strikecount=30: {"type":"https://developers.cloudflare.com/support/troubleshooting/http-status-codes/cloudflare-1xxx-errors/error-1015/","title":"Error 1015: You are being rate limited","status":429,"detail":"You are being rate-limited by the website owner's configuration.","instance":"a2e897d9de93ff7a","error_code":1015,"error_name":"rate_limited","error_category":"rate_limit","ray_id":"a2e897d9de93ff7a","timestamp":"2026-08-21T09:25:54Z","zone":"api-t1.fyers.in","cloudflare_error":true,"retryable":true,"retry
[14:55:56]   ADANIPORTS chain unavailable [OPTIONS_CHAIN_ERROR]: FyersAPIError: Fyers HTTP 429 on https://api-t1.fyers.in/data/options-chain-v3?symbol=NSE%3AADANIPORTS-EQ&strikecount=30: {"type":"https://developers.cloudflare.com/support/troubleshooting/http-status-codes/cloudflare-1xxx-errors/error-1015/","title":"Error 1015: You are being rate limited","status":429,"detail":"You are being rate-limited by the website owner's configuration.","instance":"a2e897dadf2e80ac","error_code":1015,"error_name":"rate_limited","error_category":"rate_limit","ray_id":"a2e897dadf2e80ac","timestamp":"2026-08-21T09:25:55Z","zone":"api-t1.fyers.in","cloudflare_error":true,"retryable":true,"retry
[14:55:56]   APOLLOHOSP chain unavailable [OPTIONS_CHAIN_ERROR]: FyersAPIError: Fyers HTTP 429 on https://api-t1.fyers.in/data/options-chain-v3?symbol=NSE%3AAPOLLOHOSP-EQ&strikecount=30: {"type":"https://developers.cloudflare.com/support/troubleshooting/http-status-codes/cloudflare-1xxx-errors/error-1015/","title":"Error 1015: You are being rate limited","status":429,"detail":"You are being rate-limited by the website owner's configuration.","instance":"a2e897dbcb991c69","error_code":1015,"error_name":"rate_limited","error_category":"rate_limit","ray_id":"a2e897dbcb991c69","timestamp":"2026-08-21T09:25:55Z","zone":"api-t1.fyers.in","cloudflare_error":true,"retryable":true,"retry
[14:56:01]   NIFTY chain unavailable [OPTIONS_CHAIN_ERROR]: FyersAPIError: Fyers HTTP 429 on https://api-t1.fyers.in/data/options-chain-v3?symbol=NSE%3ANIFTY50-INDEX&strikecount=30: {"type":"https://developers.cloudflare.com/support/troubleshooting/http-status-codes/cloudflare-1xxx-errors/error-1015/","title":"Error 1015: You are being rate limited","status":429,"detail":"You are being rate-limited by the website owner's configuration.","instance":"a2e897fc9d6b3aef","error_code":1015,"error_name":"rate_limited","error_category":"rate_limit","ray_id":"a2e897fc9d6b3aef","timestamp":"2026-08-21T09:26:00Z","zone":"api-t1.fyers.in","cloudflare_error":true,"retryable":true,"retry
[14:56:01]   BANKNIFTY chain unavailable [OPTIONS_CHAIN_ERROR]: FyersAPIError: Fyers HTTP 429 on https://api-t1.fyers.in/data/options-chain-v3?symbol=NSE%3ANIFTYBANK-INDEX&strikecount=30: {"type":"https://developers.cloudflare.com/support/troubleshooting/http-status-codes/cloudflare-1xxx-errors/error-1015/","title":"Error 1015: You are being rate limited","status":429,"detail":"You are being rate-limited by the website owner's configuration.","instance":"a2e897fd9e39ffa6","error_code":1015,"error_name":"rate_limited","error_category":"rate_limit","ray_id":"a2e897fd9e39ffa6","timestamp":"2026-08-21T09:26:00Z","zone":"api-t1.fyers.in","cloudflare_error":true,"retryable":true,"retry
[14:56:01]   FINNIFTY chain unavailable [OPTIONS_CHAIN_ERROR]: FyersAPIError: Fyers HTTP 429 on https://api-t1.fyers.in/data/options-chain-v3?symbol=NSE%3AFINNIFTY-INDEX&strikecount=30: {"type":"https://developers.cloudflare.com/support/troubleshooting/http-status-codes/cloudflare-1xxx-errors/error-1015/","title":"Error 1015: You are being rate limited","status":429,"detail":"You are being rate-limited by the website owner's configuration.","instance":"a2e897fe8dc90e98","error_code":1015,"error_name":"rate_limited","error_category":"rate_limit","ray_id":"a2e897fe8dc90e98","timestamp":"2026-08-21T09:26:00Z","zone":"api-t1.fyers.in","cloudflare_error":true,"retryable":true,"retry
[14:56:02]   MIDCPNIFTY chain unavailable [OPTIONS_CHAIN_ERROR]: FyersAPIError: Fyers HTTP 429 on https://api-t1.fyers.in/data/options-chain-v3?symbol=NSE%3AMIDCPNIFTY-INDEX&strikecount=30: {"type":"https://developers.cloudflare.com/support/troubleshooting/http-status-codes/cloudflare-1xxx-errors/error-1015/","title":"Error 1015: You are being rate limited","status":429,"detail":"You are being rate-limited by the website owner's configuration.","instance":"a2e897ff5a5647f3","error_code":1015,"error_name":"rate_limited","error_category":"rate_limit","ray_id":"a2e897ff5a5647f3","timestamp":"2026-08-21T09:26:00Z","zone":"api-t1.fyers.in","cloudflare_error":true,"retryable":true,"retry
[14:56:02]   WIPRO chain unavailable [OPTIONS_CHAIN_ERROR]: FyersAPIError: Fyers HTTP 429 on https://api-t1.fyers.in/data/options-chain-v3?symbol=NSE%3AWIPRO-EQ&strikecount=30: {"type":"https://developers.cloudflare.com/support/troubleshooting/http-status-codes/cloudflare-1xxx-errors/error-1015/","title":"Error 1015: You are being rate limited","status":429,"detail":"You are being rate-limited by the website owner's configuration.","instance":"a2e898003c0687ee","error_code":1015,"error_name":"rate_limited","error_category":"rate_limit","ray_id":"a2e898003c0687ee","timestamp":"2026-08-21T09:26:00Z","zone":"api-t1.fyers.in","cloudflare_error":true,"retryable":true,"retry
[14:56:02]   SENSEX chain unavailable [OPTIONS_CHAIN_ERROR]: FyersAPIError: Fyers HTTP 429 on https://api-t1.fyers.in/data/options-chain-v3?symbol=BSE%3ASENSEX-INDEX&strikecount=30: {"type":"https://developers.cloudflare.com/support/troubleshooting/http-status-codes/cloudflare-1xxx-errors/error-1015/","title":"Error 1015: You are being rate limited","status":429,"detail":"You are being rate-limited by the website owner's configuration.","instance":"a2e898011e5a1211","error_code":1015,"error_name":"rate_limited","error_category":"rate_limit","ray_id":"a2e898011e5a1211","timestamp":"2026-08-21T09:26:01Z","zone":"api-t1.fyers.in","cloudflare_error":true,"retryable":true,"retry
[14:56:02]   BANKEX chain unavailable [OPTIONS_CHAIN_ERROR]: FyersAPIError: Fyers HTTP 429 on https://api-t1.fyers.in/data/options-chain-v3?symbol=BSE%3ABANKEX-INDEX&strikecount=30: {"type":"https://developers.cloudflare.com/support/troubleshooting/http-status-codes/cloudflare-1xxx-errors/error-1015/","title":"Error 1015: You are being rate limited","status":429,"detail":"You are being rate-limited by the website owner's configuration.","instance":"a2e89801fe9a0cdc","error_code":1015,"error_name":"rate_limited","error_category":"rate_limit","ray_id":"a2e89801fe9a0cdc","timestamp":"2026-08-21T09:26:01Z","zone":"api-t1.fyers.in","cloudflare_error":true,"retryable":true,"retry
[14:56:02]   FOCIT chain unavailable [OPTIONS_CHAIN_ERROR]: FyersAPIError: Fyers HTTP 429 on https://api-t1.fyers.in/data/options-chain-v3?symbol=BSE%3AFOCIT-INDEX&strikecount=30: {"type":"https://developers.cloudflare.com/support/troubleshooting/http-status-codes/cloudflare-1xxx-errors/error-1015/","title":"Error 1015: You are being rate limited","status":429,"detail":"You are being rate-limited by the website owner's configuration.","instance":"a2e89802dc807adf","error_code":1015,"error_name":"rate_limited","error_category":"rate_limit","ray_id":"a2e89802dc807adf","timestamp":"2026-08-21T09:26:01Z","zone":"api-t1.fyers.in","cloudflare_error":true,"retryable":true,"retry
[14:56:02]   NIFTYNXT50 chain unavailable [OPTIONS_CHAIN_ERROR]: FyersAPIError: Fyers HTTP 429 on https://api-t1.fyers.in/data/options-chain-v3?symbol=NSE%3ANIFTYNXT50-INDEX&strikecount=30: {"type":"https://developers.cloudflare.com/support/troubleshooting/http-status-codes/cloudflare-1xxx-errors/error-1015/","title":"Error 1015: You are being rate limited","status":429,"detail":"You are being rate-limited by the website owner's configuration.","instance":"a2e89803c81c85f7","error_code":1015,"error_name":"rate_limited","error_category":"rate_limit","ray_id":"a2e89803c81c85f7","timestamp":"2026-08-21T09:26:01Z","zone":"api-t1.fyers.in","cloudflare_error":true,"retryable":true,"retry
[14:56:02]   ADANIENT chain unavailable [OPTIONS_CHAIN_ERROR]: FyersAPIError: Fyers HTTP 429 on https://api-t1.fyers.in/data/options-chain-v3?symbol=NSE%3AADANIENT-EQ&strikecount=30: {"type":"https://developers.cloudflare.com/support/troubleshooting/http-status-codes/cloudflare-1xxx-errors/error-1015/","title":"Error 1015: You are being rate limited","status":429,"detail":"You are being rate-limited by the website owner's configuration.","instance":"a2e898048fb1b13b","error_code":1015,"error_name":"rate_limited","error_category":"rate_limit","ray_id":"a2e898048fb1b13b","timestamp":"2026-08-21T09:26:01Z","zone":"api-t1.fyers.in","cloudflare_error":true,"retryable":true,"retry
[14:56:03]   ADANIPORTS chain unavailable [OPTIONS_CHAIN_ERROR]: FyersAPIError: Fyers HTTP 429 on https://api-t1.fyers.in/data/options-chain-v3?symbol=NSE%3AADANIPORTS-EQ&strikecount=30: {"type":"https://developers.cloudflare.com/support/troubleshooting/http-status-codes/cloudflare-1xxx-errors/error-1015/","title":"Error 1015: You are being rate limited","status":429,"detail":"You are being rate-limited by the website owner's configuration.","instance":"a2e898055aac47b2","error_code":1015,"error_name":"rate_limited","error_category":"rate_limit","ray_id":"a2e898055aac47b2","timestamp":"2026-08-21T09:26:01Z","zone":"api-t1.fyers.in","cloudflare_error":true,"retryable":true,"retry
[14:56:03]   APOLLOHOSP chain unavailable [OPTIONS_CHAIN_ERROR]: FyersAPIError: Fyers HTTP 429 on https://api-t1.fyers.in/data/options-chain-v3?symbol=NSE%3AAPOLLOHOSP-EQ&strikecount=30: {"type":"https://developers.cloudflare.com/support/troubleshooting/http-status-codes/cloudflare-1xxx-errors/error-1015/","title":"Error 1015: You are being rate limited","status":429,"detail":"You are being rate-limited by the website owner's configuration.","instance":"a2e898064cf677ba","error_code":1015,"error_name":"rate_limited","error_category":"rate_limit","ray_id":"a2e898064cf677ba","timestamp":"2026-08-21T09:26:01Z","zone":"api-t1.fyers.in","cloudflare_error":true,"retryable":true,"retry
[14:56:03] Cycle error; new entries blocked for 30.0s: RuntimeError: No underlying chains fetched this cycle.
[14:56:16]   MIDCPNIFTY NSE:MIDCPNIFTY26AUG14875CE depth unavailable: FyersAPIError: Fyers HTTP 429 on https://api-t1.fyers.in/data/depth?symbol=NSE%3AMIDCPNIFTY26AUG14875CE&ohlcv_flag=1: {"type":"https://developers.cloudflare.com/support/troubleshooting/http-statu
[14:56:24]   NIFTYNXT50 NSE:NIFTYNXT5026AUG73800PE depth unavailable: ValueError: Fyers depth source timestamp invalid
[14:56:24]   NIFTYNXT50 NSE:NIFTYNXT5026AUG73900CE depth unavailable: ValueError: Fyers depth source timestamp invalid
[14:56:24]   NIFTYNXT50 NSE:NIFTYNXT5026AUG73900PE depth unavailable: ValueError: Fyers depth source timestamp invalid
[14:56:35]   BANKNIFTY chain unavailable [OPTIONS_CHAIN_ERROR]: FyersAPIError: Fyers HTTP 429 on https://api-t1.fyers.in/data/options-chain-v3?symbol=NSE%3ANIFTYBANK-INDEX&strikecount=30: {"type":"https://developers.cloudflare.com/support/troubleshooting/http-status-codes/cloudflare-1xxx-errors/error-1015/","title":"Error 1015: You are being rate limited","status":429,"detail":"You are being rate-limited by the website owner's configuration.","instance":"a2e898cffa970cdc","error_code":1015,"error_name":"rate_limited","error_category":"rate_limit","ray_id":"a2e898cffa970cdc","timestamp":"2026-08-21T09:26:34Z","zone":"api-t1.fyers.in","cloudflare_error":true,"retryable":true,"retry
[14:56:35]   FINNIFTY chain unavailable [OPTIONS_CHAIN_ERROR]: FyersAPIError: Fyers HTTP 429 on https://api-t1.fyers.in/data/options-chain-v3?symbol=NSE%3AFINNIFTY-INDEX&strikecount=30: {"type":"https://developers.cloudflare.com/support/troubleshooting/http-status-codes/cloudflare-1xxx-errors/error-1015/","title":"Error 1015: You are being rate limited","status":429,"detail":"You are being rate-limited by the website owner's configuration.","instance":"a2e898d0dfffb333","error_code":1015,"error_name":"rate_limited","error_category":"rate_limit","ray_id":"a2e898d0dfffb333","timestamp":"2026-08-21T09:26:34Z","zone":"api-t1.fyers.in","cloudflare_error":true,"retryable":true,"retry
[14:56:35]   MIDCPNIFTY chain unavailable [OPTIONS_CHAIN_ERROR]: FyersAPIError: Fyers HTTP 429 on https://api-t1.fyers.in/data/options-chain-v3?symbol=NSE%3AMIDCPNIFTY-INDEX&strikecount=30: {"type":"https://developers.cloudflare.com/support/troubleshooting/http-status-codes/cloudflare-1xxx-errors/error-1015/","title":"Error 1015: You are being rate limited","status":429,"detail":"You are being rate-limited by the website owner's configuration.","instance":"a2e898d1e8753dfd","error_code":1015,"error_name":"rate_limited","error_category":"rate_limit","ray_id":"a2e898d1e8753dfd","timestamp":"2026-08-21T09:26:34Z","zone":"api-t1.fyers.in","cloudflare_error":true,"retryable":true,"retry
[14:56:35]   BAJFINANCE chain unavailable [OPTIONS_CHAIN_ERROR]: FyersAPIError: Fyers HTTP 429 on https://api-t1.fyers.in/data/options-chain-v3?symbol=NSE%3ABAJFINANCE-EQ&strikecount=30: {"type":"https://developers.cloudflare.com/support/troubleshooting/http-status-codes/cloudflare-1xxx-errors/error-1015/","title":"Error 1015: You are being rate limited","status":429,"detail":"You are being rate-limited by the website owner's configuration.","instance":"a2e898d2ec5a6eef","error_code":1015,"error_name":"rate_limited","error_category":"rate_limit","ray_id":"a2e898d2ec5a6eef","timestamp":"2026-08-21T09:26:34Z","zone":"api-t1.fyers.in","cloudflare_error":true,"retryable":true,"retry
[14:56:36]   BAJAJFINSV chain unavailable [OPTIONS_CHAIN_ERROR]: FyersAPIError: Fyers HTTP 429 on https://api-t1.fyers.in/data/options-chain-v3?symbol=NSE%3ABAJAJFINSV-EQ&strikecount=30: {"type":"https://developers.cloudflare.com/support/troubleshooting/http-status-codes/cloudflare-1xxx-errors/error-1015/","title":"Error 1015: You are being rate limited","status":429,"detail":"You are being rate-limited by the website owner's configuration.","instance":"a2e898d40f47efc3","error_code":1015,"error_name":"rate_limited","error_category":"rate_limit","ray_id":"a2e898d40f47efc3","timestamp":"2026-08-21T09:26:34Z","zone":"api-t1.fyers.in","cloudflare_error":true,"retryable":true,"retry
[14:56:36]   BEL chain unavailable [OPTIONS_CHAIN_ERROR]: FyersAPIError: Fyers HTTP 429 on https://api-t1.fyers.in/data/options-chain-v3?symbol=NSE%3ABEL-EQ&strikecount=30: {"type":"https://developers.cloudflare.com/support/troubleshooting/http-status-codes/cloudflare-1xxx-errors/error-1015/","title":"Error 1015: You are being rate limited","status":429,"detail":"You are being rate-limited by the website owner's configuration.","instance":"a2e898d51f50ff6b","error_code":1015,"error_name":"rate_limited","error_category":"rate_limit","ray_id":"a2e898d51f50ff6b","timestamp":"2026-08-21T09:26:35Z","zone":"api-t1.fyers.in","cloudflare_error":true,"retryable":true,"retry
[14:56:36]   BHARTIARTL chain unavailable [OPTIONS_CHAIN_ERROR]: FyersAPIError: Fyers HTTP 429 on https://api-t1.fyers.in/data/options-chain-v3?symbol=NSE%3ABHARTIARTL-EQ&strikecount=30: {"type":"https://developers.cloudflare.com/support/troubleshooting/http-status-codes/cloudflare-1xxx-errors/error-1015/","title":"Error 1015: You are being rate limited","status":429,"detail":"You are being rate-limited by the website owner's configuration.","instance":"a2e898d60a563ed9","error_code":1015,"error_name":"rate_limited","error_category":"rate_limit","ray_id":"a2e898d60a563ed9","timestamp":"2026-08-21T09:26:35Z","zone":"api-t1.fyers.in","cloudflare_error":true,"retryable":true,"retry
[14:56:36]   CIPLA chain unavailable [OPTIONS_CHAIN_ERROR]: FyersAPIError: Fyers HTTP 429 on https://api-t1.fyers.in/data/options-chain-v3?symbol=NSE%3ACIPLA-EQ&strikecount=30: {"type":"https://developers.cloudflare.com/support/troubleshooting/http-status-codes/cloudflare-1xxx-errors/error-1015/","title":"Error 1015: You are being rate limited","status":429,"detail":"You are being rate-limited by the website owner's configuration.","instance":"a2e898d6fcff3ae5","error_code":1015,"error_name":"rate_limited","error_category":"rate_limit","ray_id":"a2e898d6fcff3ae5","timestamp":"2026-08-21T09:26:35Z","zone":"api-t1.fyers.in","cloudflare_error":true,"retryable":true,"retry
[14:56:36]   HINDUNILVR chain unavailable [OPTIONS_CHAIN_ERROR]: FyersAPIError: Fyers HTTP 429 on https://api-t1.fyers.in/data/options-chain-v3?symbol=NSE%3AHINDUNILVR-EQ&strikecount=30: {"type":"https://developers.cloudflare.com/support/troubleshooting/http-status-codes/cloudflare-1xxx-errors/error-1015/","title":"Error 1015: You are being rate limited","status":429,"detail":"You are being rate-limited by the website owner's configuration.","instance":"a2e898d83c708495","error_code":1015,"error_name":"rate_limited","error_category":"rate_limit","ray_id":"a2e898d83c708495","timestamp":"2026-08-21T09:26:35Z","zone":"api-t1.fyers.in","cloudflare_error":true,"retryable":true,"retry
[14:56:36]   ICICIBANK chain unavailable [OPTIONS_CHAIN_ERROR]: FyersAPIError: Fyers HTTP 429 on https://api-t1.fyers.in/data/options-chain-v3?symbol=NSE%3AICICIBANK-EQ&strikecount=30: {"type":"https://developers.cloudflare.com/support/troubleshooting/http-status-codes/cloudflare-1xxx-errors/error-1015/","title":"Error 1015: You are being rate limited","status":429,"detail":"You are being rate-limited by the website owner's configuration.","instance":"a2e898d90e43dfad","error_code":1015,"error_name":"rate_limited","error_category":"rate_limit","ray_id":"a2e898d90e43dfad","timestamp":"2026-08-21T09:26:35Z","zone":"api-t1.fyers.in","cloudflare_error":true,"retryable":true,"retry
[14:56:37]   ITC chain unavailable [OPTIONS_CHAIN_ERROR]: FyersAPIError: Fyers HTTP 429 on https://api-t1.fyers.in/data/options-chain-v3?symbol=NSE%3AITC-EQ&strikecount=30: {"type":"https://developers.cloudflare.com/support/troubleshooting/http-status-codes/cloudflare-1xxx-errors/error-1015/","title":"Error 1015: You are being rate limited","status":429,"detail":"You are being rate-limited by the website owner's configuration.","instance":"a2e898da19ee3b1b","error_code":1015,"error_name":"rate_limited","error_category":"rate_limit","ray_id":"a2e898da19ee3b1b","timestamp":"2026-08-21T09:26:35Z","zone":"api-t1.fyers.in","cloudflare_error":true,"retryable":true,"retry
[14:56:37]   DATA HEALTH ALERT NIFTY: Invalid IV for CE 22750.0; Missing delta for CE 22750.0; Invalid IV for PE 22750.0; Zero volume CE at 22750.0; Zero volume CE at 22850.0; Zero volume CE at 22950.0; Candidate option quote warning stale 5.21s; Candidate option quote warning stale 5.22s; Candidate option quote warning stale 5.22s; Candidate option quote warning stale 5.22s
[14:56:58]   BHARTIARTL NSE:BHARTIARTL26AUG1920PE depth unavailable: FyersAPIError: Fyers HTTP 429 on https://api-t1.fyers.in/data/depth?symbol=NSE%3ABHARTIARTL26AUG1920PE&ohlcv_flag=1: {"type":"https://developers.cloudflare.com/support/troubleshooting/http-status
[14:57:19]   FINNIFTY NSE:FINNIFTY26AUG26250PE depth unavailable: FyersAPIError: Fyers HTTP 429 on https://api-t1.fyers.in/data/depth?symbol=NSE%3AFINNIFTY26AUG26250PE&ohlcv_flag=1: {"type":"https://developers.cloudflare.com/support/troubleshooting/http-status-
[14:57:25]   BEL NSE:BEL26AUG415PE depth unavailable: FyersAPIError: Fyers HTTP 429 on https://api-t1.fyers.in/data/depth?symbol=NSE%3ABEL26AUG415PE&ohlcv_flag=1: {"type":"https://developers.cloudflare.com/support/troubleshooting/http-status-codes/c
[14:57:32]   ICICIBANK NSE:ICICIBANK26AUG1420CE depth unavailable: FyersAPIError: Fyers HTTP 429 on https://api-t1.fyers.in/data/depth?symbol=NSE%3AICICIBANK26AUG1420CE&ohlcv_flag=1: {"type":"https://developers.cloudflare.com/support/troubleshooting/http-status-
[14:57:35]   DATA HEALTH ALERT BANKNIFTY: CE/PE timestamp delta 4.00s at 57600.0; Candidate option quote stale 21.48s; Candidate option quote stale 21.48s; Candidate option quote stale 25.48s; Candidate option quote stale 21.48s; Candidate option quote stale 21.48s; Candidate option quote stale 21.48s
[14:57:35]   DATA HEALTH ALERT FINNIFTY: CE/PE timestamp delta 3.00s at 26200.0; CE/PE timestamp delta 70.19s at 26250.0; Candidate option quote stale 92.51s; Candidate option quote depth unavailable; Candidate option quote stale 24.51s; Candidate option quote stale 21.51s; Candidate option quote stale 21.51s; Candidate option quote stale 19.51s
[14:57:35]   DATA HEALTH ALERT MIDCPNIFTY: CE/PE timestamp delta 5.00s at 14825.0; Candidate option quote stale 17.52s; Candidate option quote stale 18.53s; Candidate option quote stale 25.53s; Candidate option quote stale 20.53s; Candidate option quote stale 20.53s; Candidate option quote stale 18.53s
[14:57:35]   DATA HEALTH ALERT BAJFINANCE: CE/PE timestamp delta 84.00s at 1080.0; CE/PE timestamp delta 51.00s at 1090.0; CE/PE timestamp delta 5.00s at 1100.0; Candidate option quote stale 40.53s; Candidate option quote stale 91.53s; Candidate option quote stale 133.53s; Candidate option quote stale 49.53s; Candidate option quote stale 54.53s; Candidate option quote stale 49.53s
[14:57:35]   DATA HEALTH ALERT BAJAJFINSV: CE/PE timestamp delta 7.00s at 2000.0; CE/PE timestamp delta 8.00s at 2040.0; Candidate option quote stale 41.54s; Candidate option quote stale 41.54s; Candidate option quote stale 63.54s; Candidate option quote stale 56.54s; Candidate option quote stale 63.54s; Candidate option quote stale 55.54s
[14:57:35]   DATA HEALTH ALERT BEL: CE/PE timestamp delta 3.00s at 410.0; CE/PE timestamp delta 16.19s at 415.0; CE/PE timestamp delta 38.00s at 420.0; Candidate option quote stale 38.54s; Candidate option quote depth unavailable; Candidate option quote stale 48.54s; Candidate option quote stale 45.54s; Candidate option quote stale 48.54s; Candidate option quote stale 86.54s
[14:57:35]   DATA HEALTH ALERT BHARTIARTL: CE/PE timestamp delta 444.00s at 1920.0; CE/PE timestamp delta 23.00s at 1940.0; CE/PE timestamp delta 27.00s at 1960.0; Candidate option quote stale 101.55s; Candidate option quote stale 78.55s; Candidate option quote stale 489.55s; Candidate option quote stale 45.55s; Candidate option quote stale 10.55s; Candidate option quote stale 37.55s
[14:57:35]   DATA HEALTH ALERT CIPLA: CE/PE timestamp delta 207.00s at 1430.0; CE/PE timestamp delta 256.00s at 1440.0; Candidate option quote stale 49.55s; Candidate option quote stale 256.55s; Candidate option quote stale 61.56s; Candidate option quote stale 61.56s; Candidate option quote stale 61.56s; Candidate option quote stale 317.56s
[14:57:35]   DATA HEALTH ALERT HINDUNILVR: CE/PE timestamp delta 104.00s at 2020.0; CE/PE timestamp delta 33.00s at 2040.0; Candidate option quote stale 63.56s; Candidate option quote stale 167.56s; Candidate option quote stale 66.56s; Candidate option quote stale 66.56s; Candidate option quote stale 33.56s; Candidate option quote stale 66.57s
[14:57:35]   DATA HEALTH ALERT ICICIBANK: CE/PE timestamp delta 24.00s at 1410.0; CE/PE timestamp delta 4.81s at 1420.0; CE/PE timestamp delta 21.00s at 1430.0; Candidate option quote depth unavailable; Candidate option quote stale 17.57s; Candidate option quote stale 40.57s; Candidate option quote stale 16.57s; Candidate option quote stale 27.57s; Candidate option quote stale 48.57s
[14:57:35]   DATA HEALTH ALERT ITC: CE/PE timestamp delta 122.00s at 267.5; CE/PE timestamp delta 59.00s at 270.0; CE/PE timestamp delta 35.00s at 272.5; Candidate option quote stale 30.58s; Candidate option quote stale 89.58s; Candidate option quote stale 140.58s; Candidate option quote stale 18.58s; Candidate option quote stale 47.58s; Candidate option quote stale 12.58s
[14:58:03]   DATA HEALTH ALERT INFY: CE/PE timestamp delta 18.00s at 1115.0; CE/PE timestamp delta 5.00s at 1120.0; Candidate option quote stale 20.11s; Candidate option quote stale 25.11s; Candidate option quote stale 62.11s; Candidate option quote stale 80.12s; Candidate option quote stale 97.12s
[14:58:03]   DATA HEALTH ALERT INDIGO: CE/PE timestamp delta 45.00s at 5000.0; CE/PE timestamp delta 20.00s at 5100.0; CE/PE timestamp delta 16.00s at 5200.0; Candidate option quote stale 59.12s; Candidate option quote stale 39.12s; Candidate option quote stale 83.12s; Candidate option quote stale 38.12s; Candidate option quote stale 55.12s; Candidate option quote stale 39.12s
[14:58:03]   DATA HEALTH ALERT JIOFIN: CE/PE timestamp delta 10.00s at 240.0; CE/PE timestamp delta 59.00s at 242.5; Candidate option quote stale 97.13s; Candidate option quote stale 38.13s; Candidate option quote stale 40.13s; Candidate option quote stale 30.13s; Candidate option quote stale 75.13s; Candidate option quote stale 75.13s
[14:58:03]   DATA HEALTH ALERT KOTAKBANK: CE/PE timestamp delta 6.00s at 400.0; CE/PE timestamp delta 404.00s at 405.0; CE/PE timestamp delta 70.00s at 410.0; Candidate option quote stale 23.14s; Candidate option quote stale 427.14s; Candidate option quote stale 38.14s; Candidate option quote stale 32.14s; Candidate option quote stale 143.14s; Candidate option quote stale 73.14s
[14:58:03]   DATA HEALTH ALERT ONGC: CE/PE timestamp delta 70.00s at 235.0; CE/PE timestamp delta 19.00s at 237.5; CE/PE timestamp delta 274.00s at 240.0; Candidate option quote stale 80.15s; Candidate option quote stale 61.15s; Candidate option quote stale 158.15s; Candidate option quote stale 88.15s; Candidate option quote stale 51.15s; Candidate option quote stale 325.15s
[14:58:03]   DATA HEALTH ALERT POWERGRID: CE/PE timestamp delta 22.00s at 270.0; CE/PE timestamp delta 25.00s at 272.5; CE/PE timestamp delta 52.00s at 275.0; Candidate option quote stale 18.15s; Candidate option quote stale 43.16s; Candidate option quote stale 47.16s; Candidate option quote stale 25.16s; Candidate option quote stale 24.16s; Candidate option quote stale 76.16s
[14:58:40]   MIDCPNIFTY chain unavailable [OPTIONS_CHAIN_ERROR]: FyersAPIError: Fyers HTTP 429 on https://api-t1.fyers.in/data/options-chain-v3?symbol=NSE%3AMIDCPNIFTY-INDEX&strikecount=30: {"type":"https://developers.cloudflare.com/support/troubleshooting/http-status-codes/cloudflare-1xxx-errors/error-1015/","title":"Error 1015: You are being rate limited","status":429,"detail":"You are being rate-limited by the website owner's configuration.","instance":"a2e89bdf2a9fffa3","error_code":1015,"error_name":"rate_limited","error_category":"rate_limit","ray_id":"a2e89bdf2a9fffa3","timestamp":"2026-08-21T09:28:39Z","zone":"api-t1.fyers.in","cloudflare_error":true,"retryable":true,"retry
[14:58:40]   INFY chain unavailable [OPTIONS_CHAIN_ERROR]: FyersAPIError: Fyers HTTP 429 on https://api-t1.fyers.in/data/options-chain-v3?symbol=NSE%3AINFY-EQ&strikecount=30: {"type":"https://developers.cloudflare.com/support/troubleshooting/http-status-codes/cloudflare-1xxx-errors/error-1015/","title":"Error 1015: You are being rate limited","status":429,"detail":"You are being rate-limited by the website owner's configuration.","instance":"a2e89be029ca3fe8","error_code":1015,"error_name":"rate_limited","error_category":"rate_limit","ray_id":"a2e89be029ca3fe8","timestamp":"2026-08-21T09:28:39Z","zone":"api-t1.fyers.in","cloudflare_error":true,"retryable":true,"retry
[14:58:41]   INDIGO chain unavailable [OPTIONS_CHAIN_ERROR]: FyersAPIError: Fyers HTTP 429 on https://api-t1.fyers.in/data/options-chain-v3?symbol=NSE%3AINDIGO-EQ&strikecount=30: {"type":"https://developers.cloudflare.com/support/troubleshooting/http-status-codes/cloudflare-1xxx-errors/error-1015/","title":"Error 1015: You are being rate limited","status":429,"detail":"You are being rate-limited by the website owner's configuration.","instance":"a2e89be11d6885b4","error_code":1015,"error_name":"rate_limited","error_category":"rate_limit","ray_id":"a2e89be11d6885b4","timestamp":"2026-08-21T09:28:39Z","zone":"api-t1.fyers.in","cloudflare_error":true,"retryable":true,"retry
[14:58:41]   JSWSTEEL chain unavailable [OPTIONS_CHAIN_ERROR]: FyersAPIError: Fyers HTTP 429 on https://api-t1.fyers.in/data/options-chain-v3?symbol=NSE%3AJSWSTEEL-EQ&strikecount=30: {"type":"https://developers.cloudflare.com/support/troubleshooting/http-status-codes/cloudflare-1xxx-errors/error-1015/","title":"Error 1015: You are being rate limited","status":429,"detail":"You are being rate-limited by the website owner's configuration.","instance":"a2e89be1fe4285f7","error_code":1015,"error_name":"rate_limited","error_category":"rate_limit","ray_id":"a2e89be1fe4285f7","timestamp":"2026-08-21T09:28:40Z","zone":"api-t1.fyers.in","cloudflare_error":true,"retryable":true,"retry
[14:58:56]   NIFTY chain unavailable [OPTIONS_CHAIN_ERROR]: FyersAPIError: Fyers HTTP 429 on https://api-t1.fyers.in/data/options-chain-v3?symbol=NSE%3ANIFTY50-INDEX&strikecount=30: {"type":"https://developers.cloudflare.com/support/troubleshooting/http-status-codes/cloudflare-1xxx-errors/error-1015/","title":"Error 1015: You are being rate limited","status":429,"detail":"You are being rate-limited by the website owner's configuration.","instance":"a2e89c430b820028","error_code":1015,"error_name":"rate_limited","error_category":"rate_limit","ray_id":"a2e89c430b820028","timestamp":"2026-08-21T09:28:55Z","zone":"api-t1.fyers.in","cloudflare_error":true,"retryable":true,"retry
[14:58:56]   BANKNIFTY chain unavailable [OPTIONS_CHAIN_ERROR]: FyersAPIError: Fyers HTTP 429 on https://api-t1.fyers.in/data/options-chain-v3?symbol=NSE%3ANIFTYBANK-INDEX&strikecount=30: {"type":"https://developers.cloudflare.com/support/troubleshooting/http-status-codes/cloudflare-1xxx-errors/error-1015/","title":"Error 1015: You are being rate limited","status":429,"detail":"You are being rate-limited by the website owner's configuration.","instance":"a2e89c43fb893c4c","error_code":1015,"error_name":"rate_limited","error_category":"rate_limit","ray_id":"a2e89c43fb893c4c","timestamp":"2026-08-21T09:28:55Z","zone":"api-t1.fyers.in","cloudflare_error":true,"retryable":true,"retry
[14:58:57]   FINNIFTY chain unavailable [OPTIONS_CHAIN_ERROR]: FyersAPIError: Fyers HTTP 429 on https://api-t1.fyers.in/data/options-chain-v3?symbol=NSE%3AFINNIFTY-INDEX&strikecount=30: {"type":"https://developers.cloudflare.com/support/troubleshooting/http-status-codes/cloudflare-1xxx-errors/error-1015/","title":"Error 1015: You are being rate limited","status":429,"detail":"You are being rate-limited by the website owner's configuration.","instance":"a2e89c451d4b3e45","error_code":1015,"error_name":"rate_limited","error_category":"rate_limit","ray_id":"a2e89c451d4b3e45","timestamp":"2026-08-21T09:28:55Z","zone":"api-t1.fyers.in","cloudflare_error":true,"retryable":true,"retry
[14:59:01]   TATACONSUM chain unavailable [OPTIONS_CHAIN_ERROR]: FyersAPIError: Fyers HTTP 429 on https://api-t1.fyers.in/data/options-chain-v3?symbol=NSE%3ATATACONSUM-EQ&strikecount=30: {"type":"https://developers.cloudflare.com/support/troubleshooting/http-status-codes/cloudflare-1xxx-errors/error-1015/","title":"Error 1015: You are being rate limited","status":429,"detail":"You are being rate-limited by the website owner's configuration.","instance":"a2e89c61b9ee0028","error_code":1015,"error_name":"rate_limited","error_category":"rate_limit","ray_id":"a2e89c61b9ee0028","timestamp":"2026-08-21T09:29:00Z","zone":"api-t1.fyers.in","cloudflare_error":true,"retryable":true,"retry
[14:59:01]   TMPV chain unavailable [OPTIONS_CHAIN_ERROR]: FyersAPIError: Fyers HTTP 429 on https://api-t1.fyers.in/data/options-chain-v3?symbol=NSE%3ATMPV-EQ&strikecount=30: {"type":"https://developers.cloudflare.com/support/troubleshooting/http-status-codes/cloudflare-1xxx-errors/error-1015/","title":"Error 1015: You are being rate limited","status":429,"detail":"You are being rate-limited by the website owner's configuration.","instance":"a2e89c62991247e0","error_code":1015,"error_name":"rate_limited","error_category":"rate_limit","ray_id":"a2e89c62991247e0","timestamp":"2026-08-21T09:29:00Z","zone":"api-t1.fyers.in","cloudflare_error":true,"retryable":true,"retry
[14:59:01]   TATASTEEL chain unavailable [OPTIONS_CHAIN_ERROR]: FyersAPIError: Fyers HTTP 429 on https://api-t1.fyers.in/data/options-chain-v3?symbol=NSE%3ATATASTEEL-EQ&strikecount=30: {"type":"https://developers.cloudflare.com/support/troubleshooting/http-status-codes/cloudflare-1xxx-errors/error-1015/","title":"Error 1015: You are being rate limited","status":429,"detail":"You are being rate-limited by the website owner's configuration.","instance":"a2e89c637d4e836f","error_code":1015,"error_name":"rate_limited","error_category":"rate_limit","ray_id":"a2e89c637d4e836f","timestamp":"2026-08-21T09:29:00Z","zone":"api-t1.fyers.in","cloudflare_error":true,"retryable":true,"retry
[14:59:02]   TECHM chain unavailable [OPTIONS_CHAIN_ERROR]: FyersAPIError: Fyers HTTP 429 on https://api-t1.fyers.in/data/options-chain-v3?symbol=NSE%3ATECHM-EQ&strikecount=30: {"type":"https://developers.cloudflare.com/support/troubleshooting/http-status-codes/cloudflare-1xxx-errors/error-1015/","title":"Error 1015: You are being rate limited","status":429,"detail":"You are being rate-limited by the website owner's configuration.","instance":"a2e89c648d80ff6c","error_code":1015,"error_name":"rate_limited","error_category":"rate_limit","ray_id":"a2e89c648d80ff6c","timestamp":"2026-08-21T09:29:00Z","zone":"api-t1.fyers.in","cloudflare_error":true,"retryable":true,"retry
[14:59:02]   TITAN chain unavailable [OPTIONS_CHAIN_ERROR]: FyersAPIError: Fyers HTTP 429 on https://api-t1.fyers.in/data/options-chain-v3?symbol=NSE%3ATITAN-EQ&strikecount=30: {"type":"https://developers.cloudflare.com/support/troubleshooting/http-status-codes/cloudflare-1xxx-errors/error-1015/","title":"Error 1015: You are being rate limited","status":429,"detail":"You are being rate-limited by the website owner's configuration.","instance":"a2e89c657e0c34be","error_code":1015,"error_name":"rate_limited","error_category":"rate_limit","ray_id":"a2e89c657e0c34be","timestamp":"2026-08-21T09:29:01Z","zone":"api-t1.fyers.in","cloudflare_error":true,"retryable":true,"retry
[14:59:02]   TRENT chain unavailable [OPTIONS_CHAIN_ERROR]: FyersAPIError: Fyers HTTP 429 on https://api-t1.fyers.in/data/options-chain-v3?symbol=NSE%3ATRENT-EQ&strikecount=30: {"type":"https://developers.cloudflare.com/support/troubleshooting/http-status-codes/cloudflare-1xxx-errors/error-1015/","title":"Error 1015: You are being rate limited","status":429,"detail":"You are being rate-limited by the website owner's configuration.","instance":"a2e89c667a297d83","error_code":1015,"error_name":"rate_limited","error_category":"rate_limit","ray_id":"a2e89c667a297d83","timestamp":"2026-08-21T09:29:01Z","zone":"api-t1.fyers.in","cloudflare_error":true,"retryable":true,"retry
[14:59:02]   DATA HEALTH ALERT SBIN: CE/PE timestamp delta 53.00s at 1030.0; CE/PE timestamp delta 11.00s at 1040.0; CE/PE timestamp delta 10.00s at 1050.0; Candidate option quote stale 25.49s; Candidate option quote stale 14.49s; Candidate option quote stale 72.49s; Candidate option quote stale 19.49s; Candidate option quote stale 25.49s; Candidate option quote stale 35.49s
[14:59:08]   BANKNIFTY chain unavailable [OPTIONS_CHAIN_ERROR]: FyersAPIError: Fyers HTTP 429 on https://api-t1.fyers.in/data/options-chain-v3?symbol=NSE%3ANIFTYBANK-INDEX&strikecount=30: {"type":"https://developers.cloudflare.com/support/troubleshooting/http-status-codes/cloudflare-1xxx-errors/error-1015/","title":"Error 1015: You are being rate limited","status":429,"detail":"You are being rate-limited by the website owner's configuration.","instance":"a2e89c8f8dc51494","error_code":1015,"error_name":"rate_limited","error_category":"rate_limit","ray_id":"a2e89c8f8dc51494","timestamp":"2026-08-21T09:29:07Z","zone":"api-t1.fyers.in","cloudflare_error":true,"retryable":true,"retry
[14:59:09]   FINNIFTY chain unavailable [OPTIONS_CHAIN_ERROR]: FyersAPIError: Fyers HTTP 429 on https://api-t1.fyers.in/data/options-chain-v3?symbol=NSE%3AFINNIFTY-INDEX&strikecount=30: {"type":"https://developers.cloudflare.com/support/troubleshooting/http-status-codes/cloudflare-1xxx-errors/error-1015/","title":"Error 1015: You are being rate limited","status":429,"detail":"You are being rate-limited by the website owner's configuration.","instance":"a2e89c902cc40de6","error_code":1015,"error_name":"rate_limited","error_category":"rate_limit","ray_id":"a2e89c902cc40de6","timestamp":"2026-08-21T09:29:07Z","zone":"api-t1.fyers.in","cloudflare_error":true,"retryable":true,"retry
[14:59:26]   DATA HEALTH ALERT MIDCPNIFTY: CE/PE timestamp delta 3.00s at 14875.0; Candidate option quote stale 20.78s; Candidate option quote stale 18.78s; Candidate option quote stale 43.78s; Candidate option quote stale 44.78s; Candidate option quote stale 16.78s; Candidate option quote stale 19.78s
[14:59:51]   TRENT NSE:TRENT26AUG2900PE depth unavailable: FyersAPIError: Fyers HTTP 429 on https://api-t1.fyers.in/data/depth?symbol=NSE%3ATRENT26AUG2900PE&ohlcv_flag=1: {"type":"https://developers.cloudflare.com/support/troubleshooting/http-status-code
[14:59:56]   DATA HEALTH ALERT NIFTY: Invalid IV for CE 22750.0; Missing delta for CE 22750.0; Invalid IV for PE 22750.0; Zero volume CE at 22750.0; Zero volume CE at 22850.0; Zero volume CE at 22950.0; Candidate option quote stale 26.26s; Candidate option quote stale 26.26s; Candidate option quote stale 26.26s; Candidate option quote stale 26.26s; Candidate option quote stale 26.26s; Candidate option quote stale 25.26s
[14:59:56]   DATA HEALTH ALERT TATACONSUM: CE/PE timestamp delta 20.00s at 1050.0; CE/PE timestamp delta 18.00s at 1060.0; Candidate option quote stale 29.28s; Candidate option quote stale 49.28s; Candidate option quote stale 33.29s; Candidate option quote stale 33.29s; Candidate option quote stale 27.29s; Candidate option quote stale 45.29s
[14:59:56]   DATA HEALTH ALERT TMPV: CE/PE timestamp delta 199.00s at 310.0; CE/PE timestamp delta 19.00s at 315.0; Candidate option quote stale 103.29s; Candidate option quote stale 84.29s; Candidate option quote stale 323.29s; Candidate option quote stale 124.29s; Candidate option quote stale 31.29s; Candidate option quote stale 31.29s
[14:59:56]   DATA HEALTH ALERT TATASTEEL: CE/PE timestamp delta 25.00s at 180.0; CE/PE timestamp delta 95.00s at 182.5; CE/PE timestamp delta 15.00s at 185.0; Candidate option quote stale 134.29s; Candidate option quote stale 39.29s; Candidate option quote stale 13.30s; Candidate option quote stale 38.30s; Candidate option quote stale 24.30s; Candidate option quote stale 39.30s
[14:59:56]   DATA HEALTH ALERT TECHM: CE/PE timestamp delta 819.00s at 1564.0; CE/PE timestamp delta 14.00s at 1580.0; Candidate option quote stale 17.30s; Candidate option quote stale 31.30s; Candidate option quote stale 875.30s; Candidate option quote stale 56.30s; Candidate option quote stale 69.30s; Candidate option quote stale 69.30s
[14:59:56]   DATA HEALTH ALERT TITAN: CE/PE timestamp delta 31.00s at 5050.0; CE/PE timestamp delta 22.00s at 5150.0; Candidate option quote stale 14.31s; Candidate option quote stale 13.31s; Candidate option quote stale 10.31s; Candidate option quote stale 41.31s; Candidate option quote stale 19.31s; Candidate option quote stale 41.31s
[14:59:56]   DATA HEALTH ALERT TRENT: CE/PE timestamp delta 86190.00s at 2850.0; CE/PE timestamp delta 7.14s at 2900.0; Candidate option quote stale 17.31s; Candidate option quote depth unavailable; Candidate option quote stale 86213.31s; Candidate option quote stale 23.31s
[15:00:21]   NIFTYNXT50 NSE:NIFTYNXT5026AUG73700CE depth unavailable: ValueError: Fyers depth source timestamp invalid
[15:00:21]   NIFTYNXT50 NSE:NIFTYNXT5026AUG73700PE depth unavailable: ValueError: Fyers depth source timestamp invalid
[15:00:21]   NIFTYNXT50 NSE:NIFTYNXT5026AUG73800PE depth unavailable: ValueError: Fyers depth source timestamp invalid
[15:00:21]   NIFTYNXT50 NSE:NIFTYNXT5026AUG73900CE depth unavailable: ValueError: Fyers depth source timestamp invalid
[15:00:22]   NIFTYNXT50 NSE:NIFTYNXT5026AUG73900PE depth unavailable: ValueError: Fyers depth source timestamp invalid
[15:00:27]   DATA HEALTH ALERT BANKNIFTY: Invalid IV for CE 54700.0; Missing delta for CE 54700.0; Invalid IV for PE 54700.0; Zero volume CE at 54700.0; Zero volume CE at 54800.0; Zero volume CE at 54900.0; Candidate option quote stale 23.71s; Candidate option quote stale 24.72s; Candidate option quote stale 26.72s; Candidate option quote stale 25.72s; Candidate option quote stale 23.72s; Candidate option quote stale 23.72s
[15:00:27]   DATA HEALTH ALERT FINNIFTY: CE/PE timestamp delta 35.00s at 26200.0; CE/PE timestamp delta 39.00s at 26250.0; Candidate option quote stale 114.73s; Candidate option quote stale 153.73s; Candidate option quote stale 61.74s; Candidate option quote stale 26.74s; Candidate option quote stale 24.74s; Candidate option quote stale 22.74s
[15:00:27]   DATA HEALTH ALERT WIPRO: CE/PE timestamp delta 141.00s at 177.5; CE/PE timestamp delta 8.00s at 182.5; Candidate option quote stale 27.75s; Candidate option quote stale 27.76s; Candidate option quote stale 46.76s; Candidate option quote stale 187.76s; Candidate option quote stale 18.76s; Candidate option quote stale 26.76s
[15:00:27]   DATA HEALTH ALERT SENSEX: CE/PE timestamp delta 4.00s at 77400.0; Candidate option quote stale 15.76s; Candidate option quote stale 14.76s; Candidate option quote stale 19.76s; Candidate option quote stale 15.76s; Candidate option quote stale 15.76s; Candidate option quote stale 15.76s
[15:00:27]   DATA HEALTH ALERT BANKEX: CE/PE timestamp delta 3122.00s at 65200.0; CE/PE timestamp delta 332.00s at 65300.0; CE/PE timestamp delta 577.00s at 65400.0; Candidate option quote stale 1059.76s; Candidate option quote stale 727.76s; Candidate option quote stale 3697.76s; Candidate option quote stale 575.76s; Candidate option quote stale 482.76s; Candidate option quote stale 1059.76s
[15:00:27]   DATA HEALTH ALERT FOCIT: CE/PE timestamp delta 50.00s at 37000.0; CE/PE timestamp delta 49300.00s at 37100.0; CE/PE timestamp delta 53586.00s at 37200.0; Candidate option quote stale 4727.76s; Candidate option quote stale 54027.76s; Candidate option quote stale 202.76s; Candidate option quote stale 252.77s; Candidate option quote stale 441.77s; Candidate option quote stale 54027.77s
[15:00:27]   DATA HEALTH ALERT NIFTYNXT50: CE/PE timestamp delta 1818272.35s at 73800.0; Candidate option quote stale 1818298.77s; Candidate option quote depth unavailable; Candidate option quote depth unavailable; Candidate option quote depth unavailable; Candidate option quote depth unavailable; Candidate option quote depth unavailable
[15:00:27]   DATA HEALTH ALERT ADANIENT: CE/PE timestamp delta 9.00s at 3000.0; Candidate option quote stale 11.78s; Candidate option quote stale 20.78s; Candidate option quote stale 201.78s; Candidate option quote stale 1040.78s
[15:00:27]   DATA HEALTH ALERT ADANIPORTS: CE/PE timestamp delta 12.00s at 1680.0; CE/PE timestamp delta 4.00s at 1700.0; Candidate option quote stale 27.78s; Candidate option quote stale 31.78s; Candidate option quote stale 43.78s; Candidate option quote stale 31.78s; Candidate option quote stale 31.78s; Candidate option quote stale 32.78s
[15:00:32]   NIFTY chain unavailable [OPTIONS_CHAIN_ERROR]: FyersAPIError: Fyers HTTP 429 on https://api-t1.fyers.in/data/options-chain-v3?symbol=NSE%3ANIFTY50-INDEX&strikecount=30: {"type":"https://developers.cloudflare.com/support/troubleshooting/http-status-codes/cloudflare-1xxx-errors/error-1015/","title":"Error 1015: You are being rate limited","status":429,"detail":"You are being rate-limited by the website owner's configuration.","instance":"a2e89e9c4e18444b","error_code":1015,"error_name":"rate_limited","error_category":"rate_limit","ray_id":"a2e89e9c4e18444b","timestamp":"2026-08-21T09:30:31Z","zone":"api-t1.fyers.in","cloudflare_error":true,"retryable":true,"retry
[15:00:33]   BANKNIFTY chain unavailable [OPTIONS_CHAIN_ERROR]: FyersAPIError: Fyers HTTP 429 on https://api-t1.fyers.in/data/options-chain-v3?symbol=NSE%3ANIFTYBANK-INDEX&strikecount=30: {"type":"https://developers.cloudflare.com/support/troubleshooting/http-status-codes/cloudflare-1xxx-errors/error-1015/","title":"Error 1015: You are being rate limited","status":429,"detail":"You are being rate-limited by the website owner's configuration.","instance":"a2e89e9d681646b6","error_code":1015,"error_name":"rate_limited","error_category":"rate_limit","ray_id":"a2e89e9d681646b6","timestamp":"2026-08-21T09:30:31Z","zone":"api-t1.fyers.in","cloudflare_error":true,"retryable":true,"retry
[15:00:48]   FOCIT BSE:FOCIT26AUG37000CE depth unavailable: FyersAPIError: Fyers HTTP 429 on https://api-t1.fyers.in/data/depth?symbol=BSE%3AFOCIT26AUG37000CE&ohlcv_flag=1: {"type":"https://developers.cloudflare.com/support/troubleshooting/http-status-cod
[15:00:54]   NIFTYNXT50 NSE:NIFTYNXT5026AUG73700CE depth unavailable: ValueError: Fyers depth source timestamp invalid
[15:00:54]   NIFTYNXT50 NSE:NIFTYNXT5026AUG73700PE depth unavailable: ValueError: Fyers depth source timestamp invalid
[15:00:55]   NIFTYNXT50 NSE:NIFTYNXT5026AUG73800PE depth unavailable: ValueError: Fyers depth source timestamp invalid
[15:00:55]   NIFTYNXT50 NSE:NIFTYNXT5026AUG73900CE depth unavailable: ValueError: Fyers depth source timestamp invalid
[15:00:55]   NIFTYNXT50 NSE:NIFTYNXT5026AUG73900PE depth unavailable: ValueError: Fyers depth source timestamp invalid
[15:01:15]   APOLLOHOSP chain unavailable [OPTIONS_CHAIN_ERROR]: FyersAPIError: Fyers HTTP 429 on https://api-t1.fyers.in/data/options-chain-v3?symbol=NSE%3AAPOLLOHOSP-EQ&strikecount=30: {"type":"https://developers.cloudflare.com/support/troubleshooting/http-status-codes/cloudflare-1xxx-errors/error-1015/","title":"Error 1015: You are being rate limited","status":429,"detail":"You are being rate-limited by the website owner's configuration.","instance":"a2e89fa8ffa648fe","error_code":1015,"error_name":"rate_limited","error_category":"rate_limit","ray_id":"a2e89fa8ffa648fe","timestamp":"2026-08-21T09:31:14Z","zone":"api-t1.fyers.in","cloudflare_error":true,"retryable":true,"retry
[15:01:26]   BAJAJFINSV chain unavailable [OPTIONS_CHAIN_ERROR]: FyersAPIError: Fyers HTTP 429 on https://api-t1.fyers.in/data/options-chain-v3?symbol=NSE%3ABAJAJFINSV-EQ&strikecount=30: {"type":"https://developers.cloudflare.com/support/troubleshooting/http-status-codes/cloudflare-1xxx-errors/error-1015/","title":"Error 1015: You are being rate limited","status":429,"detail":"You are being rate-limited by the website owner's configuration.","instance":"a2e89fe8d8461fb1","error_code":1015,"error_name":"rate_limited","error_category":"rate_limit","ray_id":"a2e89fe8d8461fb1","timestamp":"2026-08-21T09:31:24Z","zone":"api-t1.fyers.in","cloudflare_error":true,"retryable":true,"retry
[15:01:26]   BEL chain unavailable [OPTIONS_CHAIN_ERROR]: FyersAPIError: Fyers HTTP 429 on https://api-t1.fyers.in/data/options-chain-v3?symbol=NSE%3ABEL-EQ&strikecount=30: {"type":"https://developers.cloudflare.com/support/troubleshooting/http-status-codes/cloudflare-1xxx-errors/error-1015/","title":"Error 1015: You are being rate limited","status":429,"detail":"You are being rate-limited by the website owner's configuration.","instance":"a2e89fe9bb443223","error_code":1015,"error_name":"rate_limited","error_category":"rate_limit","ray_id":"a2e89fe9bb443223","timestamp":"2026-08-21T09:31:25Z","zone":"api-t1.fyers.in","cloudflare_error":true,"retryable":true,"retry
[15:01:32]   CIPLA chain unavailable [OPTIONS_CHAIN_ERROR]: FyersAPIError: Fyers HTTP 429 on https://api-t1.fyers.in/data/options-chain-v3?symbol=NSE%3ACIPLA-EQ&strikecount=30: {"type":"https://developers.cloudflare.com/support/troubleshooting/http-status-codes/cloudflare-1xxx-errors/error-1015/","title":"Error 1015: You are being rate limited","status":429,"detail":"You are being rate-limited by the website owner's configuration.","instance":"a2e8a00ddea94817","error_code":1015,"error_name":"rate_limited","error_category":"rate_limit","ray_id":"a2e8a00ddea94817","timestamp":"2026-08-21T09:31:30Z","zone":"api-t1.fyers.in","cloudflare_error":true,"retryable":true,"retry
[15:01:37]   NIFTY chain unavailable [OPTIONS_CHAIN_ERROR]: FyersAPIError: Fyers HTTP 429 on https://api-t1.fyers.in/data/options-chain-v3?symbol=NSE%3ANIFTY50-INDEX&strikecount=30: {"type":"https://developers.cloudflare.com/support/troubleshooting/http-status-codes/cloudflare-1xxx-errors/error-1015/","title":"Error 1015: You are being rate limited","status":429,"detail":"You are being rate-limited by the website owner's configuration.","instance":"a2e8a02f2d71861a","error_code":1015,"error_name":"rate_limited","error_category":"rate_limit","ray_id":"a2e8a02f2d71861a","timestamp":"2026-08-21T09:31:36Z","zone":"api-t1.fyers.in","cloudflare_error":true,"retryable":true,"retry
[15:01:45]   FINNIFTY NSE:FINNIFTY26AUG26250CE depth unavailable: FyersAPIError: Fyers HTTP 429 on https://api-t1.fyers.in/data/depth?symbol=NSE%3AFINNIFTY26AUG26250CE&ohlcv_flag=1: {"type":"https://developers.cloudflare.com/support/troubleshooting/http-status-
[15:01:51]   APOLLOHOSP NSE:APOLLOHOSP26AUG8800PE depth unavailable: FyersAPIError: Fyers HTTP 429 on https://api-t1.fyers.in/data/depth?symbol=NSE%3AAPOLLOHOSP26AUG8800PE&ohlcv_flag=1: {"type":"https://developers.cloudflare.com/support/troubleshooting/http-status
[15:01:52]   ICICIBANK chain unavailable [OPTIONS_CHAIN_ERROR]: FyersAPIError: Fyers HTTP 429 on https://api-t1.fyers.in/data/options-chain-v3?symbol=NSE%3AICICIBANK-EQ&strikecount=30: {"type":"https://developers.cloudflare.com/support/troubleshooting/http-status-codes/cloudflare-1xxx-errors/error-1015/","title":"Error 1015: You are being rate limited","status":429,"detail":"You are being rate-limited by the website owner's configuration.","instance":"a2e8a08bfc484f15","error_code":1015,"error_name":"rate_limited","error_category":"rate_limit","ray_id":"a2e8a08bfc484f15","timestamp":"2026-08-21T09:31:51Z","zone":"api-t1.fyers.in","cloudflare_error":true,"retryable":true,"retry
[15:02:01]   ITC NSE:ITC26AUG272.5CE depth unavailable: FyersAPIError: Fyers HTTP 429 on https://api-t1.fyers.in/data/depth?symbol=NSE%3AITC26AUG272.5CE&ohlcv_flag=1: {"type":"https://developers.cloudflare.com/support/troubleshooting/http-status-codes
[15:02:03]   BAJFINANCE chain unavailable [OPTIONS_CHAIN_ERROR]: FyersAPIError: Fyers HTTP 429 on https://api-t1.fyers.in/data/options-chain-v3?symbol=NSE%3ABAJFINANCE-EQ&strikecount=30: {"type":"https://developers.cloudflare.com/support/troubleshooting/http-status-codes/cloudflare-1xxx-errors/error-1015/","title":"Error 1015: You are being rate limited","status":429,"detail":"You are being rate-limited by the website owner's configuration.","instance":"a2e8a0d06bb630e5","error_code":1015,"error_name":"rate_limited","error_category":"rate_limit","ray_id":"a2e8a0d06bb630e5","timestamp":"2026-08-21T09:32:01Z","zone":"api-t1.fyers.in","cloudflare_error":true,"retryable":true,"retry
[15:02:07]   BAJAJFINSV NSE:BAJAJFINSV26AUG2020PE depth unavailable: FyersAPIError: Fyers HTTP 429 on https://api-t1.fyers.in/data/depth?symbol=NSE%3ABAJAJFINSV26AUG2020PE&ohlcv_flag=1: {"type":"https://developers.cloudflare.com/support/troubleshooting/http-status
[15:02:09]   BEL chain unavailable [OPTIONS_CHAIN_ERROR]: FyersAPIError: Fyers HTTP 429 on https://api-t1.fyers.in/data/options-chain-v3?symbol=NSE%3ABEL-EQ&strikecount=30: {"type":"https://developers.cloudflare.com/support/troubleshooting/http-status-codes/cloudflare-1xxx-errors/error-1015/","title":"Error 1015: You are being rate limited","status":429,"detail":"You are being rate-limited by the website owner's configuration.","instance":"a2e8a0f55bb7518f","error_code":1015,"error_name":"rate_limited","error_category":"rate_limit","ray_id":"a2e8a0f55bb7518f","timestamp":"2026-08-21T09:32:07Z","zone":"api-t1.fyers.in","cloudflare_error":true,"retryable":true,"retry
[15:02:09]   BHARTIARTL chain unavailable [OPTIONS_CHAIN_ERROR]: FyersAPIError: Fyers HTTP 429 on https://api-t1.fyers.in/data/options-chain-v3?symbol=NSE%3ABHARTIARTL-EQ&strikecount=30: {"type":"https://developers.cloudflare.com/support/troubleshooting/http-status-codes/cloudflare-1xxx-errors/error-1015/","title":"Error 1015: You are being rate limited","status":429,"detail":"You are being rate-limited by the website owner's configuration.","instance":"a2e8a0f61d0388ea","error_code":1015,"error_name":"rate_limited","error_category":"rate_limit","ray_id":"a2e8a0f61d0388ea","timestamp":"2026-08-21T09:32:08Z","zone":"api-t1.fyers.in","cloudflare_error":true,"retryable":true,"retry
[15:02:12]   DATA HEALTH ALERT BANKNIFTY: Option chain stale 35.24s; Candidate option quote stale 35.49s; Candidate option quote stale 34.49s; Candidate option quote stale 36.49s; Candidate option quote stale 36.49s; Candidate option quote stale 36.49s; Candidate option quote stale 33.49s
[15:02:20]   BANKNIFTY chain unavailable [OPTIONS_CHAIN_ERROR]: FyersAPIError: Fyers HTTP 429 on https://api-t1.fyers.in/data/options-chain-v3?symbol=NSE%3ANIFTYBANK-INDEX&strikecount=30: {"type":"https://developers.cloudflare.com/support/troubleshooting/http-status-codes/cloudflare-1xxx-errors/error-1015/","title":"Error 1015: You are being rate limited","status":429,"detail":"You are being rate-limited by the website owner's configuration.","instance":"a2e8a139dee7520a","error_code":1015,"error_name":"rate_limited","error_category":"rate_limit","ray_id":"a2e8a139dee7520a","timestamp":"2026-08-21T09:32:18Z","zone":"api-t1.fyers.in","cloudflare_error":true,"retryable":true,"retry
[15:02:28]   HINDUNILVR NSE:HINDUNILVR26AUG2020PE depth unavailable: FyersAPIError: Fyers HTTP 429 on https://api-t1.fyers.in/data/depth?symbol=NSE%3AHINDUNILVR26AUG2020PE&ohlcv_flag=1: {"type":"https://developers.cloudflare.com/support/troubleshooting/http-status
[15:02:42]   JIOFIN NSE:JIOFIN26AUG245PE depth unavailable: FyersAPIError: Fyers HTTP 429 on https://api-t1.fyers.in/data/depth?symbol=NSE%3AJIOFIN26AUG245PE&ohlcv_flag=1: {"type":"https://developers.cloudflare.com/support/troubleshooting/http-status-code
[15:02:43]   KOTAKBANK chain unavailable [OPTIONS_CHAIN_ERROR]: FyersAPIError: Fyers HTTP 429 on https://api-t1.fyers.in/data/options-chain-v3?symbol=NSE%3AKOTAKBANK-EQ&strikecount=30: {"type":"https://developers.cloudflare.com/support/troubleshooting/http-status-codes/cloudflare-1xxx-errors/error-1015/","title":"Error 1015: You are being rate limited","status":429,"detail":"You are being rate-limited by the website owner's configuration.","instance":"a2e8a1ca4d45da6e","error_code":1015,"error_name":"rate_limited","error_category":"rate_limit","ray_id":"a2e8a1ca4d45da6e","timestamp":"2026-08-21T09:32:41Z","zone":"api-t1.fyers.in","cloudflare_error":true,"retryable":true,"retry
[15:02:43]   M&M chain unavailable [OPTIONS_CHAIN_ERROR]: FyersAPIError: Fyers HTTP 429 on https://api-t1.fyers.in/data/options-chain-v3?symbol=NSE%3AM%26M-EQ&strikecount=30: {"type":"https://developers.cloudflare.com/support/troubleshooting/http-status-codes/cloudflare-1xxx-errors/error-1015/","title":"Error 1015: You are being rate limited","status":429,"detail":"You are being rate-limited by the website owner's configuration.","instance":"a2e8a1cb3b41ad0d","error_code":1015,"error_name":"rate_limited","error_category":"rate_limit","ray_id":"a2e8a1cb3b41ad0d","timestamp":"2026-08-21T09:32:42Z","zone":"api-t1.fyers.in","cloudflare_error":true,"retryable":true,"retry
[15:02:57]   FINNIFTY NSE:FINNIFTY26AUG26300CE depth unavailable: FyersAPIError: Fyers HTTP 429 on https://api-t1.fyers.in/data/depth?symbol=NSE%3AFINNIFTY26AUG26300CE&ohlcv_flag=1: {"type":"https://developers.cloudflare.com/support/troubleshooting/http-status-
[15:03:10]   JIOFIN NSE:JIOFIN26AUG240CE depth unavailable: FyersAPIError: Fyers HTTP 429 on https://api-t1.fyers.in/data/depth?symbol=NSE%3AJIOFIN26AUG240CE&ohlcv_flag=1: {"type":"https://developers.cloudflare.com/support/troubleshooting/http-status-code
[15:03:18]   DATA HEALTH ALERT NIFTY: Invalid IV for CE 22750.0; Missing delta for CE 22750.0; Invalid IV for PE 22750.0; Zero volume CE at 22750.0; Zero volume CE at 22850.0; Zero volume CE at 22950.0; Candidate option quote stale 30.58s; Candidate option quote stale 28.58s; Candidate option quote stale 29.58s; Candidate option quote stale 29.58s; Candidate option quote stale 28.58s; Candidate option quote stale 28.58s
[15:03:18]   DATA HEALTH ALERT MARUTI: Invalid IV for CE 10600.0; Missing delta for CE 10600.0; Invalid IV for PE 10600.0; Zero volume CE at 10600.0; Zero volume PE at 10600.0; Zero volume CE at 10700.0; Candidate option quote warning stale 6.61s; Candidate option quote warning stale 6.62s; Candidate option quote stale 9.62s; Candidate option quote stale 9.62s
[15:03:23]   NIFTY chain unavailable [OPTIONS_CHAIN_ERROR]: FyersAPIError: Fyers HTTP 429 on https://api-t1.fyers.in/data/options-chain-v3?symbol=NSE%3ANIFTY50-INDEX&strikecount=30: {"type":"https://developers.cloudflare.com/support/troubleshooting/http-status-codes/cloudflare-1xxx-errors/error-1015/","title":"Error 1015: You are being rate limited","status":429,"detail":"You are being rate-limited by the website owner's configuration.","instance":"a2e8a2c7eb1a0c0c","error_code":1015,"error_name":"rate_limited","error_category":"rate_limit","ray_id":"a2e8a2c7eb1a0c0c","timestamp":"2026-08-21T09:33:22Z","zone":"api-t1.fyers.in","cloudflare_error":true,"retryable":true,"retry
[15:03:23]   BANKNIFTY chain unavailable [OPTIONS_CHAIN_ERROR]: FyersAPIError: Fyers HTTP 429 on https://api-t1.fyers.in/data/options-chain-v3?symbol=NSE%3ANIFTYBANK-INDEX&strikecount=30: {"type":"https://developers.cloudflare.com/support/troubleshooting/http-status-codes/cloudflare-1xxx-errors/error-1015/","title":"Error 1015: You are being rate limited","status":429,"detail":"You are being rate-limited by the website owner's configuration.","instance":"a2e8a2c90e583c23","error_code":1015,"error_name":"rate_limited","error_category":"rate_limit","ray_id":"a2e8a2c90e583c23","timestamp":"2026-08-21T09:33:22Z","zone":"api-t1.fyers.in","cloudflare_error":true,"retryable":true,"retry
[15:03:24]   FINNIFTY chain unavailable [OPTIONS_CHAIN_ERROR]: FyersAPIError: Fyers HTTP 429 on https://api-t1.fyers.in/data/options-chain-v3?symbol=NSE%3AFINNIFTY-INDEX&strikecount=30: {"type":"https://developers.cloudflare.com/support/troubleshooting/http-status-codes/cloudflare-1xxx-errors/error-1015/","title":"Error 1015: You are being rate limited","status":429,"detail":"You are being rate-limited by the website owner's configuration.","instance":"a2e8a2ca093eff68","error_code":1015,"error_name":"rate_limited","error_category":"rate_limit","ray_id":"a2e8a2ca093eff68","timestamp":"2026-08-21T09:33:22Z","zone":"api-t1.fyers.in","cloudflare_error":true,"retryable":true,"retry
[15:03:30]   TMPV chain unavailable [OPTIONS_CHAIN_ERROR]: FyersAPIError: Fyers HTTP 429 on https://api-t1.fyers.in/data/options-chain-v3?symbol=NSE%3ATMPV-EQ&strikecount=30: {"type":"https://developers.cloudflare.com/support/troubleshooting/http-status-codes/cloudflare-1xxx-errors/error-1015/","title":"Error 1015: You are being rate limited","status":429,"detail":"You are being rate-limited by the website owner's configuration.","instance":"a2e8a2efbaac3199","error_code":1015,"error_name":"rate_limited","error_category":"rate_limit","ray_id":"a2e8a2efbaac3199","timestamp":"2026-08-21T09:33:28Z","zone":"api-t1.fyers.in","cloudflare_error":true,"retryable":true,"retry
[15:03:30]   TATASTEEL chain unavailable [OPTIONS_CHAIN_ERROR]: FyersAPIError: Fyers HTTP 429 on https://api-t1.fyers.in/data/options-chain-v3?symbol=NSE%3ATATASTEEL-EQ&strikecount=30: {"type":"https://developers.cloudflare.com/support/troubleshooting/http-status-codes/cloudflare-1xxx-errors/error-1015/","title":"Error 1015: You are being rate limited","status":429,"detail":"You are being rate-limited by the website owner's configuration.","instance":"a2e8a2f09f934907","error_code":1015,"error_name":"rate_limited","error_category":"rate_limit","ray_id":"a2e8a2f09f934907","timestamp":"2026-08-21T09:33:29Z","zone":"api-t1.fyers.in","cloudflare_error":true,"retryable":true,"retry
[15:03:30]   TECHM chain unavailable [OPTIONS_CHAIN_ERROR]: FyersAPIError: Fyers HTTP 429 on https://api-t1.fyers.in/data/options-chain-v3?symbol=NSE%3ATECHM-EQ&strikecount=30: {"type":"https://developers.cloudflare.com/support/troubleshooting/http-status-codes/cloudflare-1xxx-errors/error-1015/","title":"Error 1015: You are being rate limited","status":429,"detail":"You are being rate-limited by the website owner's configuration.","instance":"a2e8a2f1ab812a60","error_code":1015,"error_name":"rate_limited","error_category":"rate_limit","ray_id":"a2e8a2f1ab812a60","timestamp":"2026-08-21T09:33:29Z","zone":"api-t1.fyers.in","cloudflare_error":true,"retryable":true,"retry
[15:03:30]   TITAN chain unavailable [OPTIONS_CHAIN_ERROR]: FyersAPIError: Fyers HTTP 429 on https://api-t1.fyers.in/data/options-chain-v3?symbol=NSE%3ATITAN-EQ&strikecount=30: {"type":"https://developers.cloudflare.com/support/troubleshooting/http-status-codes/cloudflare-1xxx-errors/error-1015/","title":"Error 1015: You are being rate limited","status":429,"detail":"You are being rate-limited by the website owner's configuration.","instance":"a2e8a2f2fc002738","error_code":1015,"error_name":"rate_limited","error_category":"rate_limit","ray_id":"a2e8a2f2fc002738","timestamp":"2026-08-21T09:33:29Z","zone":"api-t1.fyers.in","cloudflare_error":true,"retryable":true,"retry
[15:03:30]   TRENT chain unavailable [OPTIONS_CHAIN_ERROR]: FyersAPIError: Fyers HTTP 429 on https://api-t1.fyers.in/data/options-chain-v3?symbol=NSE%3ATRENT-EQ&strikecount=30: {"type":"https://developers.cloudflare.com/support/troubleshooting/http-status-codes/cloudflare-1xxx-errors/error-1015/","title":"Error 1015: You are being rate limited","status":429,"detail":"You are being rate-limited by the website owner's configuration.","instance":"a2e8a2f3dd177b2f","error_code":1015,"error_name":"rate_limited","error_category":"rate_limit","ray_id":"a2e8a2f3dd177b2f","timestamp":"2026-08-21T09:33:29Z","zone":"api-t1.fyers.in","cloudflare_error":true,"retryable":true,"retry
[15:03:38]   NIFTY NSE:NIFTY26AUG24300PE depth unavailable: FyersAPIError: Fyers HTTP 429 on https://api-t1.fyers.in/data/depth?symbol=NSE%3ANIFTY26AUG24300PE&ohlcv_flag=1: {"type":"https://developers.cloudflare.com/support/troubleshooting/http-status-cod
[15:03:45]   SBIN NSE:SBIN26AUG1030CE depth unavailable: FyersAPIError: Fyers HTTP 429 on https://api-t1.fyers.in/data/depth?symbol=NSE%3ASBIN26AUG1030CE&ohlcv_flag=1: {"type":"https://developers.cloudflare.com/support/troubleshooting/http-status-codes
[15:03:51]   TATASTEEL chain unavailable [OPTIONS_CHAIN_ERROR]: FyersAPIError: Fyers HTTP 429 on https://api-t1.fyers.in/data/options-chain-v3?symbol=NSE%3ATATASTEEL-EQ&strikecount=30: {"type":"https://developers.cloudflare.com/support/troubleshooting/http-status-codes/cloudflare-1xxx-errors/error-1015/","title":"Error 1015: You are being rate limited","status":429,"detail":"You are being rate-limited by the website owner's configuration.","instance":"a2e8a3769bffe40f","error_code":1015,"error_name":"rate_limited","error_category":"rate_limit","ray_id":"a2e8a3769bffe40f","timestamp":"2026-08-21T09:33:50Z","zone":"api-t1.fyers.in","cloudflare_error":true,"retryable":true,"retry
[15:03:51]   TECHM chain unavailable [OPTIONS_CHAIN_ERROR]: FyersAPIError: Fyers HTTP 429 on https://api-t1.fyers.in/data/options-chain-v3?symbol=NSE%3ATECHM-EQ&strikecount=30: {"type":"https://developers.cloudflare.com/support/troubleshooting/http-status-codes/cloudflare-1xxx-errors/error-1015/","title":"Error 1015: You are being rate limited","status":429,"detail":"You are being rate-limited by the website owner's configuration.","instance":"a2e8a377ce974fd7","error_code":1015,"error_name":"rate_limited","error_category":"rate_limit","ray_id":"a2e8a377ce974fd7","timestamp":"2026-08-21T09:33:50Z","zone":"api-t1.fyers.in","cloudflare_error":true,"retryable":true,"retry
[15:03:52]   TITAN chain unavailable [OPTIONS_CHAIN_ERROR]: FyersAPIError: Fyers HTTP 429 on https://api-t1.fyers.in/data/options-chain-v3?symbol=NSE%3ATITAN-EQ&strikecount=30: {"type":"https://developers.cloudflare.com/support/troubleshooting/http-status-codes/cloudflare-1xxx-errors/error-1015/","title":"Error 1015: You are being rate limited","status":429,"detail":"You are being rate-limited by the website owner's configuration.","instance":"a2e8a378ef586ee0","error_code":1015,"error_name":"rate_limited","error_category":"rate_limit","ray_id":"a2e8a378ef586ee0","timestamp":"2026-08-21T09:33:50Z","zone":"api-t1.fyers.in","cloudflare_error":true,"retryable":true,"retry
[15:04:00]   NIFTY chain unavailable [OPTIONS_CHAIN_ERROR]: FyersAPIError: Fyers HTTP 429 on https://api-t1.fyers.in/data/options-chain-v3?symbol=NSE%3ANIFTY50-INDEX&strikecount=30: {"type":"https://developers.cloudflare.com/support/troubleshooting/http-status-codes/cloudflare-1xxx-errors/error-1015/","title":"Error 1015: You are being rate limited","status":429,"detail":"You are being rate-limited by the website owner's configuration.","instance":"a2e8a3b05903a55b","error_code":1015,"error_name":"rate_limited","error_category":"rate_limit","ray_id":"a2e8a3b05903a55b","timestamp":"2026-08-21T09:33:59Z","zone":"api-t1.fyers.in","cloudflare_error":true,"retryable":true,"retry
[15:04:01]   BANKNIFTY chain unavailable [OPTIONS_CHAIN_ERROR]: FyersAPIError: Fyers HTTP 429 on https://api-t1.fyers.in/data/options-chain-v3?symbol=NSE%3ANIFTYBANK-INDEX&strikecount=30: {"type":"https://developers.cloudflare.com/support/troubleshooting/http-status-codes/cloudflare-1xxx-errors/error-1015/","title":"Error 1015: You are being rate limited","status":429,"detail":"You are being rate-limited by the website owner's configuration.","instance":"a2e8a3b16d4f77fc","error_code":1015,"error_name":"rate_limited","error_category":"rate_limit","ray_id":"a2e8a3b16d4f77fc","timestamp":"2026-08-21T09:33:59Z","zone":"api-t1.fyers.in","cloudflare_error":true,"retryable":true,"retry
[15:04:01]   FINNIFTY chain unavailable [OPTIONS_CHAIN_ERROR]: FyersAPIError: Fyers HTTP 429 on https://api-t1.fyers.in/data/options-chain-v3?symbol=NSE%3AFINNIFTY-INDEX&strikecount=30: {"type":"https://developers.cloudflare.com/support/troubleshooting/http-status-codes/cloudflare-1xxx-errors/error-1015/","title":"Error 1015: You are being rate limited","status":429,"detail":"You are being rate-limited by the website owner's configuration.","instance":"a2e8a3b29ea44932","error_code":1015,"error_name":"rate_limited","error_category":"rate_limit","ray_id":"a2e8a3b29ea44932","timestamp":"2026-08-21T09:34:00Z","zone":"api-t1.fyers.in","cloudflare_error":true,"retryable":true,"retry
[15:04:01]   MIDCPNIFTY chain unavailable [OPTIONS_CHAIN_ERROR]: FyersAPIError: Fyers HTTP 429 on https://api-t1.fyers.in/data/options-chain-v3?symbol=NSE%3AMIDCPNIFTY-INDEX&strikecount=30: {"type":"https://developers.cloudflare.com/support/troubleshooting/http-status-codes/cloudflare-1xxx-errors/error-1015/","title":"Error 1015: You are being rate limited","status":429,"detail":"You are being rate-limited by the website owner's configuration.","instance":"a2e8a3b3ba62d9f4","error_code":1015,"error_name":"rate_limited","error_category":"rate_limit","ray_id":"a2e8a3b3ba62d9f4","timestamp":"2026-08-21T09:34:00Z","zone":"api-t1.fyers.in","cloudflare_error":true,"retryable":true,"retry
[15:04:01]   SBIN chain unavailable [OPTIONS_CHAIN_ERROR]: FyersAPIError: Fyers HTTP 429 on https://api-t1.fyers.in/data/options-chain-v3?symbol=NSE%3ASBIN-EQ&strikecount=30: {"type":"https://developers.cloudflare.com/support/troubleshooting/http-status-codes/cloudflare-1xxx-errors/error-1015/","title":"Error 1015: You are being rate limited","status":429,"detail":"You are being rate-limited by the website owner's configuration.","instance":"a2e8a3b4bda93c46","error_code":1015,"error_name":"rate_limited","error_category":"rate_limit","ray_id":"a2e8a3b4bda93c46","timestamp":"2026-08-21T09:34:00Z","zone":"api-t1.fyers.in","cloudflare_error":true,"retryable":true,"retry
[15:04:01]   SUNPHARMA chain unavailable [OPTIONS_CHAIN_ERROR]: FyersAPIError: Fyers HTTP 429 on https://api-t1.fyers.in/data/options-chain-v3?symbol=NSE%3ASUNPHARMA-EQ&strikecount=30: {"type":"https://developers.cloudflare.com/support/troubleshooting/http-status-codes/cloudflare-1xxx-errors/error-1015/","title":"Error 1015: You are being rate limited","status":429,"detail":"You are being rate-limited by the website owner's configuration.","instance":"a2e8a3b5fb0248ef","error_code":1015,"error_name":"rate_limited","error_category":"rate_limit","ray_id":"a2e8a3b5fb0248ef","timestamp":"2026-08-21T09:34:00Z","zone":"api-t1.fyers.in","cloudflare_error":true,"retryable":true,"retry
[15:04:02]   TATACONSUM chain unavailable [OPTIONS_CHAIN_ERROR]: FyersAPIError: Fyers HTTP 429 on https://api-t1.fyers.in/data/options-chain-v3?symbol=NSE%3ATATACONSUM-EQ&strikecount=30: {"type":"https://developers.cloudflare.com/support/troubleshooting/http-status-codes/cloudflare-1xxx-errors/error-1015/","title":"Error 1015: You are being rate limited","status":429,"detail":"You are being rate-limited by the website owner's configuration.","instance":"a2e8a3b6fa722ddf","error_code":1015,"error_name":"rate_limited","error_category":"rate_limit","ray_id":"a2e8a3b6fa722ddf","timestamp":"2026-08-21T09:34:00Z","zone":"api-t1.fyers.in","cloudflare_error":true,"retryable":true,"retry
[15:04:02]   TMPV chain unavailable [OPTIONS_CHAIN_ERROR]: FyersAPIError: Fyers HTTP 429 on https://api-t1.fyers.in/data/options-chain-v3?symbol=NSE%3ATMPV-EQ&strikecount=30: {"type":"https://developers.cloudflare.com/support/troubleshooting/http-status-codes/cloudflare-1xxx-errors/error-1015/","title":"Error 1015: You are being rate limited","status":429,"detail":"You are being rate-limited by the website owner's configuration.","instance":"a2e8a3b81ef34198","error_code":1015,"error_name":"rate_limited","error_category":"rate_limit","ray_id":"a2e8a3b81ef34198","timestamp":"2026-08-21T09:34:00Z","zone":"api-t1.fyers.in","cloudflare_error":true,"retryable":true,"retry
[15:04:07]   TITAN NSE:TITAN26AUG5100CE depth unavailable: FyersAPIError: Fyers HTTP 429 on https://api-t1.fyers.in/data/depth?symbol=NSE%3ATITAN26AUG5100CE&ohlcv_flag=1: {"type":"https://developers.cloudflare.com/support/troubleshooting/http-status-code
[15:04:10]   DATA HEALTH ALERT TRENT: CE/PE timestamp delta 86448.00s at 2850.0; CE/PE timestamp delta 3.00s at 2900.0; CE/PE timestamp delta 11.00s at 2950.0; Candidate option quote warning stale 6.59s; Candidate option quote stale 86467.59s; Candidate option quote stale 19.59s; Candidate option quote stale 15.60s
[15:04:38]   DATA HEALTH ALERT TATASTEEL: CE/PE timestamp delta 71.00s at 180.0; CE/PE timestamp delta 9.00s at 182.5; CE/PE timestamp delta 109.00s at 185.0; Candidate option quote stale 47.21s; Candidate option quote stale 38.21s; Candidate option quote stale 47.21s; Candidate option quote stale 118.21s; Candidate option quote stale 19.21s; Candidate option quote stale 128.21s
[15:04:38]   DATA HEALTH ALERT TECHM: CE/PE timestamp delta 63.00s at 1560.0; CE/PE timestamp delta 981.00s at 1564.0; CE/PE timestamp delta 13.00s at 1580.0; Candidate option quote stale 36.21s; Candidate option quote stale 23.21s; Candidate option quote stale 1157.21s; Candidate option quote stale 176.22s; Candidate option quote stale 191.22s; Candidate option quote stale 254.22s
[15:04:38]   DATA HEALTH ALERT TITAN: CE/PE timestamp delta 8.00s at 5100.0; CE/PE timestamp delta 67.00s at 5150.0; Candidate option quote stale 10.22s; Candidate option quote stale 18.22s; Candidate option quote stale 38.22s; Candidate option quote stale 38.22s; Candidate option quote stale 19.22s; Candidate option quote stale 86.22s
[15:04:43]   NIFTY chain unavailable [OPTIONS_CHAIN_ERROR]: FyersAPIError: Fyers HTTP 429 on https://api-t1.fyers.in/data/options-chain-v3?symbol=NSE%3ANIFTY50-INDEX&strikecount=30: {"type":"https://developers.cloudflare.com/support/troubleshooting/http-status-codes/cloudflare-1xxx-errors/error-1015/","title":"Error 1015: You are being rate limited","status":429,"detail":"You are being rate-limited by the website owner's configuration.","instance":"a2e8a4b98ea21651","error_code":1015,"error_name":"rate_limited","error_category":"rate_limit","ray_id":"a2e8a4b98ea21651","timestamp":"2026-08-21T09:34:42Z","zone":"api-t1.fyers.in","cloudflare_error":true,"retryable":true,"retry
[15:04:43]   BANKNIFTY chain unavailable [OPTIONS_CHAIN_ERROR]: FyersAPIError: Fyers HTTP 429 on https://api-t1.fyers.in/data/options-chain-v3?symbol=NSE%3ANIFTYBANK-INDEX&strikecount=30: {"type":"https://developers.cloudflare.com/support/troubleshooting/http-status-codes/cloudflare-1xxx-errors/error-1015/","title":"Error 1015: You are being rate limited","status":429,"detail":"You are being rate-limited by the website owner's configuration.","instance":"a2e8a4ba8aa747b0","error_code":1015,"error_name":"rate_limited","error_category":"rate_limit","ray_id":"a2e8a4ba8aa747b0","timestamp":"2026-08-21T09:34:42Z","zone":"api-t1.fyers.in","cloudflare_error":true,"retryable":true,"retry
[15:04:43]   FINNIFTY chain unavailable [OPTIONS_CHAIN_ERROR]: FyersAPIError: Fyers HTTP 429 on https://api-t1.fyers.in/data/options-chain-v3?symbol=NSE%3AFINNIFTY-INDEX&strikecount=30: {"type":"https://developers.cloudflare.com/support/troubleshooting/http-status-codes/cloudflare-1xxx-errors/error-1015/","title":"Error 1015: You are being rate limited","status":429,"detail":"You are being rate-limited by the website owner's configuration.","instance":"a2e8a4bb7c35e624","error_code":1015,"error_name":"rate_limited","error_category":"rate_limit","ray_id":"a2e8a4bb7c35e624","timestamp":"2026-08-21T09:34:42Z","zone":"api-t1.fyers.in","cloudflare_error":true,"retryable":true,"retry
[15:04:43]   MIDCPNIFTY chain unavailable [OPTIONS_CHAIN_ERROR]: FyersAPIError: Fyers HTTP 429 on https://api-t1.fyers.in/data/options-chain-v3?symbol=NSE%3AMIDCPNIFTY-INDEX&strikecount=30: {"type":"https://developers.cloudflare.com/support/troubleshooting/http-status-codes/cloudflare-1xxx-errors/error-1015/","title":"Error 1015: You are being rate limited","status":429,"detail":"You are being rate-limited by the website owner's configuration.","instance":"a2e8a4bc6dbe8eef","error_code":1015,"error_name":"rate_limited","error_category":"rate_limit","ray_id":"a2e8a4bc6dbe8eef","timestamp":"2026-08-21T09:34:42Z","zone":"api-t1.fyers.in","cloudflare_error":true,"retryable":true,"retry
[15:04:44]   ULTRACEMCO chain unavailable [OPTIONS_CHAIN_ERROR]: FyersAPIError: Fyers HTTP 429 on https://api-t1.fyers.in/data/options-chain-v3?symbol=NSE%3AULTRACEMCO-EQ&strikecount=30: {"type":"https://developers.cloudflare.com/support/troubleshooting/http-status-codes/cloudflare-1xxx-errors/error-1015/","title":"Error 1015: You are being rate limited","status":429,"detail":"You are being rate-limited by the website owner's configuration.","instance":"a2e8a4bd5ddc80b2","error_code":1015,"error_name":"rate_limited","error_category":"rate_limit","ray_id":"a2e8a4bd5ddc80b2","timestamp":"2026-08-21T09:34:42Z","zone":"api-t1.fyers.in","cloudflare_error":true,"retryable":true,"retry
[15:04:44]   WIPRO chain unavailable [OPTIONS_CHAIN_ERROR]: FyersAPIError: Fyers HTTP 429 on https://api-t1.fyers.in/data/options-chain-v3?symbol=NSE%3AWIPRO-EQ&strikecount=30: {"type":"https://developers.cloudflare.com/support/troubleshooting/http-status-codes/cloudflare-1xxx-errors/error-1015/","title":"Error 1015: You are being rate limited","status":429,"detail":"You are being rate-limited by the website owner's configuration.","instance":"a2e8a4be48364702","error_code":1015,"error_name":"rate_limited","error_category":"rate_limit","ray_id":"a2e8a4be48364702","timestamp":"2026-08-21T09:34:42Z","zone":"api-t1.fyers.in","cloudflare_error":true,"retryable":true,"retry
[15:04:50]   NIFTYNXT50 NSE:NIFTYNXT5026AUG73700CE depth unavailable: ValueError: Fyers depth source timestamp invalid
[15:04:51]   NIFTYNXT50 NSE:NIFTYNXT5026AUG73700PE depth unavailable: ValueError: Fyers depth source timestamp invalid
[15:04:51]   NIFTYNXT50 NSE:NIFTYNXT5026AUG73800PE depth unavailable: ValueError: Fyers depth source timestamp invalid
[15:04:51]   NIFTYNXT50 NSE:NIFTYNXT5026AUG73900CE depth unavailable: ValueError: Fyers depth source timestamp invalid
[15:04:51]   NIFTYNXT50 NSE:NIFTYNXT5026AUG73900PE depth unavailable: ValueError: Fyers depth source timestamp invalid
[15:05:18]   NIFTYNXT50 NSE:NIFTYNXT5026AUG73700CE depth unavailable: FyersAPIError: Fyers HTTP 429 on https://api-t1.fyers.in/data/depth?symbol=NSE%3ANIFTYNXT5026AUG73700CE&ohlcv_flag=1: {"type":"https://developers.cloudflare.com/support/troubleshooting/http-statu
[15:05:18]   NIFTYNXT50 NSE:NIFTYNXT5026AUG73700PE depth unavailable: ValueError: Fyers depth source timestamp invalid
[15:05:19]   NIFTYNXT50 NSE:NIFTYNXT5026AUG73800PE depth unavailable: ValueError: Fyers depth source timestamp invalid
[15:05:19]   NIFTYNXT50 NSE:NIFTYNXT5026AUG73900CE depth unavailable: ValueError: Fyers depth source timestamp invalid
[15:05:19]   NIFTYNXT50 NSE:NIFTYNXT5026AUG73900PE depth unavailable: ValueError: Fyers depth source timestamp invalid
[15:05:30]   FINNIFTY chain unavailable [OPTIONS_CHAIN_ERROR]: FyersAPIError: Fyers HTTP 429 on https://api-t1.fyers.in/data/options-chain-v3?symbol=NSE%3AFINNIFTY-INDEX&strikecount=30: {"type":"https://developers.cloudflare.com/support/troubleshooting/http-status-codes/cloudflare-1xxx-errors/error-1015/","title":"Error 1015: You are being rate limited","status":429,"detail":"You are being rate-limited by the website owner's configuration.","instance":"a2e8a5dedc173c88","error_code":1015,"error_name":"rate_limited","error_category":"rate_limit","ray_id":"a2e8a5dedc173c88","timestamp":"2026-08-21T09:35:29Z","zone":"api-t1.fyers.in","cloudflare_error":true,"retryable":true,"retry
[15:05:30]   MIDCPNIFTY chain unavailable [OPTIONS_CHAIN_ERROR]: FyersAPIError: Fyers HTTP 429 on https://api-t1.fyers.in/data/options-chain-v3?symbol=NSE%3AMIDCPNIFTY-INDEX&strikecount=30: {"type":"https://developers.cloudflare.com/support/troubleshooting/http-status-codes/cloudflare-1xxx-errors/error-1015/","title":"Error 1015: You are being rate limited","status":429,"detail":"You are being rate-limited by the website owner's configuration.","instance":"a2e8a5dfabd43e33","error_code":1015,"error_name":"rate_limited","error_category":"rate_limit","ray_id":"a2e8a5dfabd43e33","timestamp":"2026-08-21T09:35:29Z","zone":"api-t1.fyers.in","cloudflare_error":true,"retryable":true,"retry
[15:05:30]   ULTRACEMCO chain unavailable [OPTIONS_CHAIN_ERROR]: FyersAPIError: Fyers HTTP 429 on https://api-t1.fyers.in/data/options-chain-v3?symbol=NSE%3AULTRACEMCO-EQ&strikecount=30: {"type":"https://developers.cloudflare.com/support/troubleshooting/http-status-codes/cloudflare-1xxx-errors/error-1015/","title":"Error 1015: You are being rate limited","status":429,"detail":"You are being rate-limited by the website owner's configuration.","instance":"a2e8a5e0c8ffffa2","error_code":1015,"error_name":"rate_limited","error_category":"rate_limit","ray_id":"a2e8a5e0c8ffffa2","timestamp":"2026-08-21T09:35:29Z","zone":"api-t1.fyers.in","cloudflare_error":true,"retryable":true,"retry
[15:05:30]   WIPRO chain unavailable [OPTIONS_CHAIN_ERROR]: FyersAPIError: Fyers HTTP 429 on https://api-t1.fyers.in/data/options-chain-v3?symbol=NSE%3AWIPRO-EQ&strikecount=30: {"type":"https://developers.cloudflare.com/support/troubleshooting/http-status-codes/cloudflare-1xxx-errors/error-1015/","title":"Error 1015: You are being rate limited","status":429,"detail":"You are being rate-limited by the website owner's configuration.","instance":"a2e8a5e1ba3580be","error_code":1015,"error_name":"rate_limited","error_category":"rate_limit","ray_id":"a2e8a5e1ba3580be","timestamp":"2026-08-21T09:35:29Z","zone":"api-t1.fyers.in","cloudflare_error":true,"retryable":true,"retry
[15:05:30]   SENSEX chain unavailable [OPTIONS_CHAIN_ERROR]: FyersAPIError: Fyers HTTP 429 on https://api-t1.fyers.in/data/options-chain-v3?symbol=BSE%3ASENSEX-INDEX&strikecount=30: {"type":"https://developers.cloudflare.com/support/troubleshooting/http-status-codes/cloudflare-1xxx-errors/error-1015/","title":"Error 1015: You are being rate limited","status":429,"detail":"You are being rate-limited by the website owner's configuration.","instance":"a2e8a5e2b8716ee9","error_code":1015,"error_name":"rate_limited","error_category":"rate_limit","ray_id":"a2e8a5e2b8716ee9","timestamp":"2026-08-21T09:35:29Z","zone":"api-t1.fyers.in","cloudflare_error":true,"retryable":true,"retry
[15:05:31]   BANKEX chain unavailable [OPTIONS_CHAIN_ERROR]: FyersAPIError: Fyers HTTP 429 on https://api-t1.fyers.in/data/options-chain-v3?symbol=BSE%3ABANKEX-INDEX&strikecount=30: {"type":"https://developers.cloudflare.com/support/troubleshooting/http-status-codes/cloudflare-1xxx-errors/error-1015/","title":"Error 1015: You are being rate limited","status":429,"detail":"You are being rate-limited by the website owner's configuration.","instance":"a2e8a5e3aa57066f","error_code":1015,"error_name":"rate_limited","error_category":"rate_limit","ray_id":"a2e8a5e3aa57066f","timestamp":"2026-08-21T09:35:29Z","zone":"api-t1.fyers.in","cloudflare_error":true,"retryable":true,"retry
[15:05:31]   FOCIT chain unavailable [OPTIONS_CHAIN_ERROR]: FyersAPIError: Fyers HTTP 429 on https://api-t1.fyers.in/data/options-chain-v3?symbol=BSE%3AFOCIT-INDEX&strikecount=30: {"type":"https://developers.cloudflare.com/support/troubleshooting/http-status-codes/cloudflare-1xxx-errors/error-1015/","title":"Error 1015: You are being rate limited","status":429,"detail":"You are being rate-limited by the website owner's configuration.","instance":"a2e8a5e4ccab3e40","error_code":1015,"error_name":"rate_limited","error_category":"rate_limit","ray_id":"a2e8a5e4ccab3e40","timestamp":"2026-08-21T09:35:30Z","zone":"api-t1.fyers.in","cloudflare_error":true,"retryable":true,"retry
[15:05:31]   NIFTYNXT50 chain unavailable [OPTIONS_CHAIN_ERROR]: FyersAPIError: Fyers HTTP 429 on https://api-t1.fyers.in/data/options-chain-v3?symbol=NSE%3ANIFTYNXT50-INDEX&strikecount=30: {"type":"https://developers.cloudflare.com/support/troubleshooting/http-status-codes/cloudflare-1xxx-errors/error-1015/","title":"Error 1015: You are being rate limited","status":429,"detail":"You are being rate-limited by the website owner's configuration.","instance":"a2e8a5e5c871540b","error_code":1015,"error_name":"rate_limited","error_category":"rate_limit","ray_id":"a2e8a5e5c871540b","timestamp":"2026-08-21T09:35:30Z","zone":"api-t1.fyers.in","cloudflare_error":true,"retryable":true,"retry
[15:05:31]   ADANIENT chain unavailable [OPTIONS_CHAIN_ERROR]: FyersAPIError: Fyers HTTP 429 on https://api-t1.fyers.in/data/options-chain-v3?symbol=NSE%3AADANIENT-EQ&strikecount=30: {"type":"https://developers.cloudflare.com/support/troubleshooting/http-status-codes/cloudflare-1xxx-errors/error-1015/","title":"Error 1015: You are being rate limited","status":429,"detail":"You are being rate-limited by the website owner's configuration.","instance":"a2e8a5e6a9424901","error_code":1015,"error_name":"rate_limited","error_category":"rate_limit","ray_id":"a2e8a5e6a9424901","timestamp":"2026-08-21T09:35:30Z","zone":"api-t1.fyers.in","cloudflare_error":true,"retryable":true,"retry
[15:05:31]   ADANIPORTS chain unavailable [OPTIONS_CHAIN_ERROR]: FyersAPIError: Fyers HTTP 429 on https://api-t1.fyers.in/data/options-chain-v3?symbol=NSE%3AADANIPORTS-EQ&strikecount=30: {"type":"https://developers.cloudflare.com/support/troubleshooting/http-status-codes/cloudflare-1xxx-errors/error-1015/","title":"Error 1015: You are being rate limited","status":429,"detail":"You are being rate-limited by the website owner's configuration.","instance":"a2e8a5e7aff4c29a","error_code":1015,"error_name":"rate_limited","error_category":"rate_limit","ray_id":"a2e8a5e7aff4c29a","timestamp":"2026-08-21T09:35:30Z","zone":"api-t1.fyers.in","cloudflare_error":true,"retryable":true,"retry
[15:05:31]   DATA HEALTH ALERT NIFTY: Invalid IV for CE 22750.0; Missing delta for CE 22750.0; Invalid IV for PE 22750.0; Zero volume CE at 22750.0; Zero volume CE at 22850.0; Zero volume CE at 22950.0; Candidate option quote warning stale 6.84s; Candidate option quote warning stale 6.84s; Candidate option quote warning stale 6.84s; Candidate option quote warning stale 6.84s; Candidate option quote warning stale 6.84s; Candidate option quote warning stale 5.84s
[15:05:31]   DATA HEALTH ALERT BANKNIFTY: CE/PE timestamp delta 6.00s at 57800.0; Candidate option quote stale 10.85s
[15:05:53]   FOCIT BSE:FOCIT26AUG37000CE depth unavailable: FyersAPIError: Fyers HTTP 429 on https://api-t1.fyers.in/data/depth?symbol=BSE%3AFOCIT26AUG37000CE&ohlcv_flag=1: {"type":"https://developers.cloudflare.com/support/troubleshooting/http-status-cod
[15:05:56]   NIFTYNXT50 NSE:NIFTYNXT5026AUG73700CE depth unavailable: ValueError: Fyers depth source timestamp invalid
[15:05:56]   NIFTYNXT50 NSE:NIFTYNXT5026AUG73700PE depth unavailable: ValueError: Fyers depth source timestamp invalid
[15:05:56]   NIFTYNXT50 NSE:NIFTYNXT5026AUG73800PE depth unavailable: ValueError: Fyers depth source timestamp invalid
[15:05:56]   NIFTYNXT50 NSE:NIFTYNXT5026AUG73900CE depth unavailable: ValueError: Fyers depth source timestamp invalid
[15:05:57]   NIFTYNXT50 NSE:NIFTYNXT5026AUG73900PE depth unavailable: ValueError: Fyers depth source timestamp invalid
[15:05:59]   ADANIENT NSE:ADANIENT26AUG3040PE depth unavailable: FyersAPIError: Fyers HTTP 429 on https://api-t1.fyers.in/data/depth?symbol=NSE%3AADANIENT26AUG3040PE&ohlcv_flag=1: {"type":"https://developers.cloudflare.com/support/troubleshooting/http-status-c
[15:06:00]   ADANIPORTS chain unavailable [OPTIONS_CHAIN_ERROR]: FyersAPIError: Fyers HTTP 429 on https://api-t1.fyers.in/data/options-chain-v3?symbol=NSE%3AADANIPORTS-EQ&strikecount=30: {"type":"https://developers.cloudflare.com/support/troubleshooting/http-status-codes/cloudflare-1xxx-errors/error-1015/","title":"Error 1015: You are being rate limited","status":429,"detail":"You are being rate-limited by the website owner's configuration.","instance":"a2e8a69908ab6cb3","error_code":1015,"error_name":"rate_limited","error_category":"rate_limit","ray_id":"a2e8a69908ab6cb3","timestamp":"2026-08-21T09:35:58Z","zone":"api-t1.fyers.in","cloudflare_error":true,"retryable":true,"retry
[15:06:05]   NIFTY chain unavailable [OPTIONS_CHAIN_ERROR]: FyersAPIError: Fyers HTTP 429 on https://api-t1.fyers.in/data/options-chain-v3?symbol=NSE%3ANIFTY50-INDEX&strikecount=30: {"type":"https://developers.cloudflare.com/support/troubleshooting/http-status-codes/cloudflare-1xxx-errors/error-1015/","title":"Error 1015: You are being rate limited","status":429,"detail":"You are being rate-limited by the website owner's configuration.","instance":"a2e8a6ba7d5e4838","error_code":1015,"error_name":"rate_limited","error_category":"rate_limit","ray_id":"a2e8a6ba7d5e4838","timestamp":"2026-08-21T09:36:04Z","zone":"api-t1.fyers.in","cloudflare_error":true,"retryable":true,"retry
[15:06:05]   BANKNIFTY chain unavailable [OPTIONS_CHAIN_ERROR]: FyersAPIError: Fyers HTTP 429 on https://api-t1.fyers.in/data/options-chain-v3?symbol=NSE%3ANIFTYBANK-INDEX&strikecount=30: {"type":"https://developers.cloudflare.com/support/troubleshooting/http-status-codes/cloudflare-1xxx-errors/error-1015/","title":"Error 1015: You are being rate limited","status":429,"detail":"You are being rate-limited by the website owner's configuration.","instance":"a2e8a6bb5bb8a9ef","error_code":1015,"error_name":"rate_limited","error_category":"rate_limit","ray_id":"a2e8a6bb5bb8a9ef","timestamp":"2026-08-21T09:36:04Z","zone":"api-t1.fyers.in","cloudflare_error":true,"retryable":true,"retry
[15:06:05]   FINNIFTY chain unavailable [OPTIONS_CHAIN_ERROR]: FyersAPIError: Fyers HTTP 429 on https://api-t1.fyers.in/data/options-chain-v3?symbol=NSE%3AFINNIFTY-INDEX&strikecount=30: {"type":"https://developers.cloudflare.com/support/troubleshooting/http-status-codes/cloudflare-1xxx-errors/error-1015/","title":"Error 1015: You are being rate limited","status":429,"detail":"You are being rate-limited by the website owner's configuration.","instance":"a2e8a6bc6fac4278","error_code":1015,"error_name":"rate_limited","error_category":"rate_limit","ray_id":"a2e8a6bc6fac4278","timestamp":"2026-08-21T09:36:04Z","zone":"api-t1.fyers.in","cloudflare_error":true,"retryable":true,"retry
[15:06:05]   MIDCPNIFTY chain unavailable [OPTIONS_CHAIN_ERROR]: FyersAPIError: Fyers HTTP 429 on https://api-t1.fyers.in/data/options-chain-v3?symbol=NSE%3AMIDCPNIFTY-INDEX&strikecount=30: {"type":"https://developers.cloudflare.com/support/troubleshooting/http-status-codes/cloudflare-1xxx-errors/error-1015/","title":"Error 1015: You are being rate limited","status":429,"detail":"You are being rate-limited by the website owner's configuration.","instance":"a2e8a6bd6ffaff66","error_code":1015,"error_name":"rate_limited","error_category":"rate_limit","ray_id":"a2e8a6bd6ffaff66","timestamp":"2026-08-21T09:36:04Z","zone":"api-t1.fyers.in","cloudflare_error":true,"retryable":true,"retry
[15:06:06]   APOLLOHOSP chain unavailable [OPTIONS_CHAIN_ERROR]: FyersAPIError: Fyers HTTP 429 on https://api-t1.fyers.in/data/options-chain-v3?symbol=NSE%3AAPOLLOHOSP-EQ&strikecount=30: {"type":"https://developers.cloudflare.com/support/troubleshooting/http-status-codes/cloudflare-1xxx-errors/error-1015/","title":"Error 1015: You are being rate limited","status":429,"detail":"You are being rate-limited by the website owner's configuration.","instance":"a2e8a6be48b9ff6f","error_code":1015,"error_name":"rate_limited","error_category":"rate_limit","ray_id":"a2e8a6be48b9ff6f","timestamp":"2026-08-21T09:36:04Z","zone":"api-t1.fyers.in","cloudflare_error":true,"retryable":true,"retry
[15:06:06]   BAJAJFINSV chain unavailable [OPTIONS_CHAIN_ERROR]: FyersAPIError: Fyers HTTP 429 on https://api-t1.fyers.in/data/options-chain-v3?symbol=NSE%3ABAJAJFINSV-EQ&strikecount=30: {"type":"https://developers.cloudflare.com/support/troubleshooting/http-status-codes/cloudflare-1xxx-errors/error-1015/","title":"Error 1015: You are being rate limited","status":429,"detail":"You are being rate-limited by the website owner's configuration.","instance":"a2e8a6bf2edfd91f","error_code":1015,"error_name":"rate_limited","error_category":"rate_limit","ray_id":"a2e8a6bf2edfd91f","timestamp":"2026-08-21T09:36:04Z","zone":"api-t1.fyers.in","cloudflare_error":true,"retryable":true,"retry
[15:06:12]   KOTAKBANK chain unavailable [OPTIONS_CHAIN_ERROR]: FyersAPIError: Fyers HTTP 429 on https://api-t1.fyers.in/data/options-chain-v3?symbol=NSE%3AKOTAKBANK-EQ&strikecount=30: {"type":"https://developers.cloudflare.com/support/troubleshooting/http-status-codes/cloudflare-1xxx-errors/error-1015/","title":"Error 1015: You are being rate limited","status":429,"detail":"You are being rate-limited by the website owner's configuration.","instance":"a2e8a6e458552e89","error_code":1015,"error_name":"rate_limited","error_category":"rate_limit","ray_id":"a2e8a6e458552e89","timestamp":"2026-08-21T09:36:10Z","zone":"api-t1.fyers.in","cloudflare_error":true,"retryable":true,"retry
[15:06:12]   M&M chain unavailable [OPTIONS_CHAIN_ERROR]: FyersAPIError: Fyers HTTP 429 on https://api-t1.fyers.in/data/options-chain-v3?symbol=NSE%3AM%26M-EQ&strikecount=30: {"type":"https://developers.cloudflare.com/support/troubleshooting/http-status-codes/cloudflare-1xxx-errors/error-1015/","title":"Error 1015: You are being rate limited","status":429,"detail":"You are being rate-limited by the website owner's configuration.","instance":"a2e8a6e5382f3b9d","error_code":1015,"error_name":"rate_limited","error_category":"rate_limit","ray_id":"a2e8a6e5382f3b9d","timestamp":"2026-08-21T09:36:11Z","zone":"api-t1.fyers.in","cloudflare_error":true,"retryable":true,"retry
[15:06:12]   DATA HEALTH ALERT CIPLA: CE/PE timestamp delta 14.00s at 1410.0; CE/PE timestamp delta 102.00s at 1420.0; Candidate option quote stale 144.39s; Candidate option quote stale 42.39s; Candidate option quote stale 73.39s; Candidate option quote stale 59.39s; Candidate option quote stale 37.39s; Candidate option quote stale 37.39s
[15:06:18]   BANKNIFTY chain unavailable [OPTIONS_CHAIN_ERROR]: FyersAPIError: Fyers HTTP 429 on https://api-t1.fyers.in/data/options-chain-v3?symbol=NSE%3ANIFTYBANK-INDEX&strikecount=30: {"type":"https://developers.cloudflare.com/support/troubleshooting/http-status-codes/cloudflare-1xxx-errors/error-1015/","title":"Error 1015: You are being rate limited","status":429,"detail":"You are being rate-limited by the website owner's configuration.","instance":"a2e8a70e1d1d3b2b","error_code":1015,"error_name":"rate_limited","error_category":"rate_limit","ray_id":"a2e8a70e1d1d3b2b","timestamp":"2026-08-21T09:36:17Z","zone":"api-t1.fyers.in","cloudflare_error":true,"retryable":true,"retry
[15:06:18]   FINNIFTY chain unavailable [OPTIONS_CHAIN_ERROR]: FyersAPIError: Fyers HTTP 429 on https://api-t1.fyers.in/data/options-chain-v3?symbol=NSE%3AFINNIFTY-INDEX&strikecount=30: {"type":"https://developers.cloudflare.com/support/troubleshooting/http-status-codes/cloudflare-1xxx-errors/error-1015/","title":"Error 1015: You are being rate limited","status":429,"detail":"You are being rate-limited by the website owner's configuration.","instance":"a2e8a70f0a1fdc57","error_code":1015,"error_name":"rate_limited","error_category":"rate_limit","ray_id":"a2e8a70f0a1fdc57","timestamp":"2026-08-21T09:36:17Z","zone":"api-t1.fyers.in","cloudflare_error":true,"retryable":true,"retry
[15:06:19]   MIDCPNIFTY chain unavailable [OPTIONS_CHAIN_ERROR]: FyersAPIError: Fyers HTTP 429 on https://api-t1.fyers.in/data/options-chain-v3?symbol=NSE%3AMIDCPNIFTY-INDEX&strikecount=30: {"type":"https://developers.cloudflare.com/support/troubleshooting/http-status-codes/cloudflare-1xxx-errors/error-1015/","title":"Error 1015: You are being rate limited","status":429,"detail":"You are being rate-limited by the website owner's configuration.","instance":"a2e8a70fded3cec4","error_code":1015,"error_name":"rate_limited","error_category":"rate_limit","ray_id":"a2e8a70fded3cec4","timestamp":"2026-08-21T09:36:17Z","zone":"api-t1.fyers.in","cloudflare_error":true,"retryable":true,"retry
[15:06:34]   M&M NSE:M&M26AUG3450CE depth unavailable: FyersAPIError: Fyers HTTP 429 on https://api-t1.fyers.in/data/depth?symbol=NSE%3AM%26M26AUG3450CE&ohlcv_flag=1: {"type":"https://developers.cloudflare.com/support/troubleshooting/http-status-code
[15:07:01]   KOTAKBANK NSE:KOTAKBANK26AUG410PE depth unavailable: FyersAPIError: Fyers HTTP 429 on https://api-t1.fyers.in/data/depth?symbol=NSE%3AKOTAKBANK26AUG410PE&ohlcv_flag=1: {"type":"https://developers.cloudflare.com/support/troubleshooting/http-status-c
[15:07:01]   M&M chain unavailable [OPTIONS_CHAIN_ERROR]: FyersAPIError: Fyers HTTP 429 on https://api-t1.fyers.in/data/options-chain-v3?symbol=NSE%3AM%26M-EQ&strikecount=30: {"type":"https://developers.cloudflare.com/support/troubleshooting/http-status-codes/cloudflare-1xxx-errors/error-1015/","title":"Error 1015: You are being rate limited","status":429,"detail":"You are being rate-limited by the website owner's configuration.","instance":"a2e8a81a7bb73c23","error_code":1015,"error_name":"rate_limited","error_category":"rate_limit","ray_id":"a2e8a81a7bb73c23","timestamp":"2026-08-21T09:37:00Z","zone":"api-t1.fyers.in","cloudflare_error":true,"retryable":true,"retry
[15:07:01]   DATA HEALTH ALERT NIFTY: Invalid IV for CE 22750.0; Missing delta for CE 22750.0; Invalid IV for PE 22750.0; Zero volume CE at 22750.0; Zero volume CE at 22850.0; Zero volume CE at 23050.0; Candidate option quote stale 20.93s; Candidate option quote stale 20.93s; Candidate option quote stale 21.93s; Candidate option quote stale 21.93s; Candidate option quote stale 20.93s; Candidate option quote stale 20.93s
[15:07:01]   DATA HEALTH ALERT APOLLOHOSP: CE/PE timestamp delta 44.00s at 8500.0; CE/PE timestamp delta 5.00s at 8600.0; CE/PE timestamp delta 10.00s at 8700.0; Candidate option quote stale 30.94s; Candidate option quote stale 25.95s; Candidate option quote stale 68.95s; Candidate option quote stale 24.95s; Candidate option quote stale 17.95s; Candidate option quote stale 27.95s
[15:07:01]   DATA HEALTH ALERT BAJAJFINSV: CE/PE timestamp delta 12.00s at 2000.0; CE/PE timestamp delta 57.00s at 2020.0; Candidate option quote stale 25.95s; Candidate option quote stale 82.95s; Candidate option quote stale 54.95s; Candidate option quote stale 66.95s; Candidate option quote stale 53.95s; Candidate option quote stale 54.95s
[15:07:01]   DATA HEALTH ALERT KOTAKBANK: CE/PE timestamp delta 45.00s at 405.0; CE/PE timestamp delta 26.96s at 410.0; Candidate option quote stale 11.97s; Candidate option quote stale 56.97s; Candidate option quote stale 16.97s; Candidate option quote stale 15.97s; Candidate option quote stale 46.97s; Candidate option quote depth unavailable
[15:07:07]   NIFTY chain unavailable [OPTIONS_CHAIN_ERROR]: FyersAPIError: Fyers HTTP 429 on https://api-t1.fyers.in/data/options-chain-v3?symbol=NSE%3ANIFTY50-INDEX&strikecount=30: {"type":"https://developers.cloudflare.com/support/troubleshooting/http-status-codes/cloudflare-1xxx-errors/error-1015/","title":"Error 1015: You are being rate limited","status":429,"detail":"You are being rate-limited by the website owner's configuration.","instance":"a2e8a83be9d5402b","error_code":1015,"error_name":"rate_limited","error_category":"rate_limit","ray_id":"a2e8a83be9d5402b","timestamp":"2026-08-21T09:37:05Z","zone":"api-t1.fyers.in","cloudflare_error":true,"retryable":true,"retry
[15:07:07]   BANKNIFTY chain unavailable [OPTIONS_CHAIN_ERROR]: FyersAPIError: Fyers HTTP 429 on https://api-t1.fyers.in/data/options-chain-v3?symbol=NSE%3ANIFTYBANK-INDEX&strikecount=30: {"type":"https://developers.cloudflare.com/support/troubleshooting/http-status-codes/cloudflare-1xxx-errors/error-1015/","title":"Error 1015: You are being rate limited","status":429,"detail":"You are being rate-limited by the website owner's configuration.","instance":"a2e8a83ccd0d11ea","error_code":1015,"error_name":"rate_limited","error_category":"rate_limit","ray_id":"a2e8a83ccd0d11ea","timestamp":"2026-08-21T09:37:06Z","zone":"api-t1.fyers.in","cloudflare_error":true,"retryable":true,"retry
[15:07:07]   FINNIFTY chain unavailable [OPTIONS_CHAIN_ERROR]: FyersAPIError: Fyers HTTP 429 on https://api-t1.fyers.in/data/options-chain-v3?symbol=NSE%3AFINNIFTY-INDEX&strikecount=30: {"type":"https://developers.cloudflare.com/support/troubleshooting/http-status-codes/cloudflare-1xxx-errors/error-1015/","title":"Error 1015: You are being rate limited","status":429,"detail":"You are being rate-limited by the website owner's configuration.","instance":"a2e8a83d9d31ff9d","error_code":1015,"error_name":"rate_limited","error_category":"rate_limit","ray_id":"a2e8a83d9d31ff9d","timestamp":"2026-08-21T09:37:06Z","zone":"api-t1.fyers.in","cloudflare_error":true,"retryable":true,"retry
[15:07:07]   MIDCPNIFTY chain unavailable [OPTIONS_CHAIN_ERROR]: FyersAPIError: Fyers HTTP 429 on https://api-t1.fyers.in/data/options-chain-v3?symbol=NSE%3AMIDCPNIFTY-INDEX&strikecount=30: {"type":"https://developers.cloudflare.com/support/troubleshooting/http-status-codes/cloudflare-1xxx-errors/error-1015/","title":"Error 1015: You are being rate limited","status":429,"detail":"You are being rate-limited by the website owner's configuration.","instance":"a2e8a83e7e683a1e","error_code":1015,"error_name":"rate_limited","error_category":"rate_limit","ray_id":"a2e8a83e7e683a1e","timestamp":"2026-08-21T09:37:06Z","zone":"api-t1.fyers.in","cloudflare_error":true,"retryable":true,"retry
[15:07:07]   MARUTI chain unavailable [OPTIONS_CHAIN_ERROR]: FyersAPIError: Fyers HTTP 429 on https://api-t1.fyers.in/data/options-chain-v3?symbol=NSE%3AMARUTI-EQ&strikecount=30: {"type":"https://developers.cloudflare.com/support/troubleshooting/http-status-codes/cloudflare-1xxx-errors/error-1015/","title":"Error 1015: You are being rate limited","status":429,"detail":"You are being rate-limited by the website owner's configuration.","instance":"a2e8a83f79f341c9","error_code":1015,"error_name":"rate_limited","error_category":"rate_limit","ray_id":"a2e8a83f79f341c9","timestamp":"2026-08-21T09:37:06Z","zone":"api-t1.fyers.in","cloudflare_error":true,"retryable":true,"retry
[15:07:07]   NESTLEIND chain unavailable [OPTIONS_CHAIN_ERROR]: FyersAPIError: Fyers HTTP 429 on https://api-t1.fyers.in/data/options-chain-v3?symbol=NSE%3ANESTLEIND-EQ&strikecount=30: {"type":"https://developers.cloudflare.com/support/troubleshooting/http-status-codes/cloudflare-1xxx-errors/error-1015/","title":"Error 1015: You are being rate limited","status":429,"detail":"You are being rate-limited by the website owner's configuration.","instance":"a2e8a8405aa485ea","error_code":1015,"error_name":"rate_limited","error_category":"rate_limit","ray_id":"a2e8a8405aa485ea","timestamp":"2026-08-21T09:37:06Z","zone":"api-t1.fyers.in","cloudflare_error":true,"retryable":true,"retry
[15:07:07]   ONGC chain unavailable [OPTIONS_CHAIN_ERROR]: FyersAPIError: Fyers HTTP 429 on https://api-t1.fyers.in/data/options-chain-v3?symbol=NSE%3AONGC-EQ&strikecount=30: {"type":"https://developers.cloudflare.com/support/troubleshooting/http-status-codes/cloudflare-1xxx-errors/error-1015/","title":"Error 1015: You are being rate limited","status":429,"detail":"You are being rate-limited by the website owner's configuration.","instance":"a2e8a8414f094934","error_code":1015,"error_name":"rate_limited","error_category":"rate_limit","ray_id":"a2e8a8414f094934","timestamp":"2026-08-21T09:37:06Z","zone":"api-t1.fyers.in","cloudflare_error":true,"retryable":true,"retry
[15:07:08]   POWERGRID chain unavailable [OPTIONS_CHAIN_ERROR]: FyersAPIError: Fyers HTTP 429 on https://api-t1.fyers.in/data/options-chain-v3?symbol=NSE%3APOWERGRID-EQ&strikecount=30: {"type":"https://developers.cloudflare.com/support/troubleshooting/http-status-codes/cloudflare-1xxx-errors/error-1015/","title":"Error 1015: You are being rate limited","status":429,"detail":"You are being rate-limited by the website owner's configuration.","instance":"a2e8a842497eff75","error_code":1015,"error_name":"rate_limited","error_category":"rate_limit","ray_id":"a2e8a842497eff75","timestamp":"2026-08-21T09:37:06Z","zone":"api-t1.fyers.in","cloudflare_error":true,"retryable":true,"retry
[15:07:15]   DATA HEALTH ALERT SBIN: CE/PE timestamp delta 6.00s at 1030.0; CE/PE timestamp delta 6.00s at 1040.0; CE/PE timestamp delta 11.00s at 1050.0; Candidate option quote stale 22.83s; Candidate option quote stale 16.83s; Candidate option quote stale 16.83s; Candidate option quote stale 22.83s; Candidate option quote stale 11.83s; Candidate option quote stale 22.83s
[15:07:15]   DATA HEALTH ALERT SUNPHARMA: CE/PE timestamp delta 4.00s at 1880.0; CE/PE timestamp delta 49.00s at 1900.0; CE/PE timestamp delta 55.00s at 1920.0; Candidate option quote stale 35.84s; Candidate option quote stale 84.84s; Candidate option quote stale 15.84s; Candidate option quote stale 19.84s; Candidate option quote stale 19.84s; Candidate option quote stale 74.84s
[15:07:15]   DATA HEALTH ALERT TATACONSUM: CE/PE timestamp delta 29.00s at 1050.0; Candidate option quote stale 23.84s; Candidate option quote stale 52.84s; Candidate option quote stale 23.84s; Candidate option quote stale 23.84s; Candidate option quote stale 23.84s; Candidate option quote stale 23.84s
[15:07:15]   DATA HEALTH ALERT TMPV: CE/PE timestamp delta 268.00s at 310.0; CE/PE timestamp delta 10.00s at 315.0; Candidate option quote stale 32.85s; Candidate option quote stale 22.85s; Candidate option quote stale 288.85s; Candidate option quote stale 20.85s; Candidate option quote stale 10.85s; Candidate option quote stale 9.85s
[15:07:21]   NIFTY chain unavailable [OPTIONS_CHAIN_ERROR]: FyersAPIError: Fyers HTTP 429 on https://api-t1.fyers.in/data/options-chain-v3?symbol=NSE%3ANIFTY50-INDEX&strikecount=30: {"type":"https://developers.cloudflare.com/support/troubleshooting/http-status-codes/cloudflare-1xxx-errors/error-1015/","title":"Error 1015: You are being rate limited","status":429,"detail":"You are being rate-limited by the website owner's configuration.","instance":"a2e8a892a8cdd91f","error_code":1015,"error_name":"rate_limited","error_category":"rate_limit","ray_id":"a2e8a892a8cdd91f","timestamp":"2026-08-21T09:37:19Z","zone":"api-t1.fyers.in","cloudflare_error":true,"retryable":true,"retry
[15:07:21]   BANKNIFTY chain unavailable [OPTIONS_CHAIN_ERROR]: FyersAPIError: Fyers HTTP 429 on https://api-t1.fyers.in/data/options-chain-v3?symbol=NSE%3ANIFTYBANK-INDEX&strikecount=30: {"type":"https://developers.cloudflare.com/support/troubleshooting/http-status-codes/cloudflare-1xxx-errors/error-1015/","title":"Error 1015: You are being rate limited","status":429,"detail":"You are being rate-limited by the website owner's configuration.","instance":"a2e8a8939bfdf7ce","error_code":1015,"error_name":"rate_limited","error_category":"rate_limit","ray_id":"a2e8a8939bfdf7ce","timestamp":"2026-08-21T09:37:19Z","zone":"api-t1.fyers.in","cloudflare_error":true,"retryable":true,"retry
[15:07:27]   NESTLEIND chain unavailable [OPTIONS_CHAIN_ERROR]: FyersAPIError: Fyers HTTP 429 on https://api-t1.fyers.in/data/options-chain-v3?symbol=NSE%3ANESTLEIND-EQ&strikecount=30: {"type":"https://developers.cloudflare.com/support/troubleshooting/http-status-codes/cloudflare-1xxx-errors/error-1015/","title":"Error 1015: You are being rate limited","status":429,"detail":"You are being rate-limited by the website owner's configuration.","instance":"a2e8a8b90af8d8bc","error_code":1015,"error_name":"rate_limited","error_category":"rate_limit","ray_id":"a2e8a8b90af8d8bc","timestamp":"2026-08-21T09:37:25Z","zone":"api-t1.fyers.in","cloudflare_error":true,"retryable":true,"retry
[15:07:27]   ONGC chain unavailable [OPTIONS_CHAIN_ERROR]: FyersAPIError: Fyers HTTP 429 on https://api-t1.fyers.in/data/options-chain-v3?symbol=NSE%3AONGC-EQ&strikecount=30: {"type":"https://developers.cloudflare.com/support/troubleshooting/http-status-codes/cloudflare-1xxx-errors/error-1015/","title":"Error 1015: You are being rate limited","status":429,"detail":"You are being rate-limited by the website owner's configuration.","instance":"a2e8a8ba1eef0abd","error_code":1015,"error_name":"rate_limited","error_category":"rate_limit","ray_id":"a2e8a8ba1eef0abd","timestamp":"2026-08-21T09:37:26Z","zone":"api-t1.fyers.in","cloudflare_error":true,"retryable":true,"retry
[15:07:27]   POWERGRID chain unavailable [OPTIONS_CHAIN_ERROR]: FyersAPIError: Fyers HTTP 429 on https://api-t1.fyers.in/data/options-chain-v3?symbol=NSE%3APOWERGRID-EQ&strikecount=30: {"type":"https://developers.cloudflare.com/support/troubleshooting/http-status-codes/cloudflare-1xxx-errors/error-1015/","title":"Error 1015: You are being rate limited","status":429,"detail":"You are being rate-limited by the website owner's configuration.","instance":"a2e8a8bafc114198","error_code":1015,"error_name":"rate_limited","error_category":"rate_limit","ray_id":"a2e8a8bafc114198","timestamp":"2026-08-21T09:37:26Z","zone":"api-t1.fyers.in","cloudflare_error":true,"retryable":true,"retry
[15:07:27]   SBIN chain unavailable [OPTIONS_CHAIN_ERROR]: FyersAPIError: Fyers HTTP 429 on https://api-t1.fyers.in/data/options-chain-v3?symbol=NSE%3ASBIN-EQ&strikecount=30: {"type":"https://developers.cloudflare.com/support/troubleshooting/http-status-codes/cloudflare-1xxx-errors/error-1015/","title":"Error 1015: You are being rate limited","status":429,"detail":"You are being rate-limited by the website owner's configuration.","instance":"a2e8a8bc28b59a40","error_code":1015,"error_name":"rate_limited","error_category":"rate_limit","ray_id":"a2e8a8bc28b59a40","timestamp":"2026-08-21T09:37:26Z","zone":"api-t1.fyers.in","cloudflare_error":true,"retryable":true,"retry
[15:07:27]   SUNPHARMA chain unavailable [OPTIONS_CHAIN_ERROR]: FyersAPIError: Fyers HTTP 429 on https://api-t1.fyers.in/data/options-chain-v3?symbol=NSE%3ASUNPHARMA-EQ&strikecount=30: {"type":"https://developers.cloudflare.com/support/troubleshooting/http-status-codes/cloudflare-1xxx-errors/error-1015/","title":"Error 1015: You are being rate limited","status":429,"detail":"You are being rate-limited by the website owner's configuration.","instance":"a2e8a8bd2f46d5f0","error_code":1015,"error_name":"rate_limited","error_category":"rate_limit","ray_id":"a2e8a8bd2f46d5f0","timestamp":"2026-08-21T09:37:26Z","zone":"api-t1.fyers.in","cloudflare_error":true,"retryable":true,"retry
[15:07:27]   TATACONSUM chain unavailable [OPTIONS_CHAIN_ERROR]: FyersAPIError: Fyers HTTP 429 on https://api-t1.fyers.in/data/options-chain-v3?symbol=NSE%3ATATACONSUM-EQ&strikecount=30: {"type":"https://developers.cloudflare.com/support/troubleshooting/http-status-codes/cloudflare-1xxx-errors/error-1015/","title":"Error 1015: You are being rate limited","status":429,"detail":"You are being rate-limited by the website owner's configuration.","instance":"a2e8a8be2e313d26","error_code":1015,"error_name":"rate_limited","error_category":"rate_limit","ray_id":"a2e8a8be2e313d26","timestamp":"2026-08-21T09:37:26Z","zone":"api-t1.fyers.in","cloudflare_error":true,"retryable":true,"retry
[15:07:28]   TMPV chain unavailable [OPTIONS_CHAIN_ERROR]: FyersAPIError: Fyers HTTP 429 on https://api-t1.fyers.in/data/options-chain-v3?symbol=NSE%3ATMPV-EQ&strikecount=30: {"type":"https://developers.cloudflare.com/support/troubleshooting/http-status-codes/cloudflare-1xxx-errors/error-1015/","title":"Error 1015: You are being rate limited","status":429,"detail":"You are being rate-limited by the website owner's configuration.","instance":"a2e8a8bf1f8e40e1","error_code":1015,"error_name":"rate_limited","error_category":"rate_limit","ray_id":"a2e8a8bf1f8e40e1","timestamp":"2026-08-21T09:37:26Z","zone":"api-t1.fyers.in","cloudflare_error":true,"retryable":true,"retry
[15:07:36]   NIFTY NSE:NIFTY26AUG24300CE depth unavailable: FyersAPIError: Fyers HTTP 429 on https://api-t1.fyers.in/data/depth?symbol=NSE%3ANIFTY26AUG24300CE&ohlcv_flag=1: {"type":"https://developers.cloudflare.com/support/troubleshooting/http-status-cod
[15:07:42]   NESTLEIND NSE:NESTLEIND26AUG1470CE depth unavailable: FyersAPIError: Fyers HTTP 429 on https://api-t1.fyers.in/data/depth?symbol=NSE%3ANESTLEIND26AUG1470CE&ohlcv_flag=1: {"type":"https://developers.cloudflare.com/support/troubleshooting/http-status-
[15:07:49]   POWERGRID NSE:POWERGRID26AUG272.5CE depth unavailable: FyersAPIError: Fyers HTTP 429 on https://api-t1.fyers.in/data/depth?symbol=NSE%3APOWERGRID26AUG272.5CE&ohlcv_flag=1: {"type":"https://developers.cloudflare.com/support/troubleshooting/http-status
[15:07:57]   DATA HEALTH ALERT MIDCPNIFTY: Invalid IV for CE 14100.0; Missing delta for CE 14100.0; Invalid IV for PE 14100.0; Zero volume CE at 14100.0; Zero volume CE at 14125.0; Zero volume CE at 14150.0; Candidate option quote stale 21.60s; Candidate option quote stale 20.60s; Candidate option quote stale 46.60s; Candidate option quote stale 46.61s; Candidate option quote stale 22.61s; Candidate option quote stale 20.61s
[15:07:57]   DATA HEALTH ALERT MARUTI: CE/PE timestamp delta 36.00s at 13500.0; CE/PE timestamp delta 37.00s at 13600.0; CE/PE timestamp delta 14.00s at 13700.0; Candidate option quote stale 56.61s; Candidate option quote stale 19.61s; Candidate option quote stale 56.61s; Candidate option quote stale 20.61s; Candidate option quote stale 25.61s; Candidate option quote stale 39.61s
[15:08:02]   NIFTY chain unavailable [OPTIONS_CHAIN_ERROR]: FyersAPIError: Fyers HTTP 429 on https://api-t1.fyers.in/data/options-chain-v3?symbol=NSE%3ANIFTY50-INDEX&strikecount=30: {"type":"https://developers.cloudflare.com/support/troubleshooting/http-status-codes/cloudflare-1xxx-errors/error-1015/","title":"Error 1015: You are being rate limited","status":429,"detail":"You are being rate-limited by the website owner's configuration.","instance":"a2e8a997efc6320b","error_code":1015,"error_name":"rate_limited","error_category":"rate_limit","ray_id":"a2e8a997efc6320b","timestamp":"2026-08-21T09:38:01Z","zone":"api-t1.fyers.in","cloudflare_error":true,"retryable":true,"retry
[15:08:03]   BANKNIFTY chain unavailable [OPTIONS_CHAIN_ERROR]: FyersAPIError: Fyers HTTP 429 on https://api-t1.fyers.in/data/options-chain-v3?symbol=NSE%3ANIFTYBANK-INDEX&strikecount=30: {"type":"https://developers.cloudflare.com/support/troubleshooting/http-status-codes/cloudflare-1xxx-errors/error-1015/","title":"Error 1015: You are being rate limited","status":429,"detail":"You are being rate-limited by the website owner's configuration.","instance":"a2e8a9991da7f321","error_code":1015,"error_name":"rate_limited","error_category":"rate_limit","ray_id":"a2e8a9991da7f321","timestamp":"2026-08-21T09:38:01Z","zone":"api-t1.fyers.in","cloudflare_error":true,"retryable":true,"retry
[15:08:17]   SUNPHARMA NSE:SUNPHARMA26AUG1920CE depth unavailable: FyersAPIError: Fyers HTTP 429 on https://api-t1.fyers.in/data/depth?symbol=NSE%3ASUNPHARMA26AUG1920CE&ohlcv_flag=1: {"type":"https://developers.cloudflare.com/support/troubleshooting/http-status-
[15:08:20]   DATA HEALTH ALERT NESTLEIND: CE/PE timestamp delta 23.00s at 1480.0; CE/PE timestamp delta 7416.00s at 1490.0; Candidate option quote stale 14.62s; Candidate option quote stale 37.62s; Candidate option quote stale 25.62s; Candidate option quote stale 26.62s; Candidate option quote stale 27.62s; Candidate option quote stale 7443.63s
[15:08:20]   DATA HEALTH ALERT ONGC: CE/PE timestamp delta 203.00s at 235.0; CE/PE timestamp delta 3.00s at 240.0; Candidate option quote stale 38.63s; Candidate option quote stale 36.63s; Candidate option quote stale 242.63s; Candidate option quote stale 39.64s; Candidate option quote stale 39.64s; Candidate option quote stale 36.64s
[15:08:20]   DATA HEALTH ALERT POWERGRID: CE/PE timestamp delta 19.00s at 270.0; CE/PE timestamp delta 17.00s at 272.5; CE/PE timestamp delta 15.00s at 275.0; Candidate option quote stale 26.64s; Candidate option quote stale 43.64s; Candidate option quote stale 39.64s; Candidate option quote stale 20.64s; Candidate option quote stale 16.64s; Candidate option quote stale 31.64s
[15:08:20]   DATA HEALTH ALERT SBIN: CE/PE timestamp delta 16.00s at 1030.0; CE/PE timestamp delta 3.00s at 1040.0; CE/PE timestamp delta 4.00s at 1050.0; Candidate option quote stale 21.65s; Candidate option quote stale 24.65s; Candidate option quote stale 24.65s; Candidate option quote stale 40.65s; Candidate option quote stale 19.65s; Candidate option quote stale 23.65s
[15:08:20]   DATA HEALTH ALERT SUNPHARMA: CE/PE timestamp delta 32.68s at 1920.0; Candidate option quote stale 13.65s; Candidate option quote stale 14.65s; Candidate option quote stale 60.65s; Candidate option quote stale 60.66s; Candidate option quote depth unavailable; Candidate option quote stale 50.66s
[15:08:20]   DATA HEALTH ALERT TATACONSUM: CE/PE timestamp delta 54.00s at 1040.0; CE/PE timestamp delta 103.00s at 1050.0; CE/PE timestamp delta 19.00s at 1060.0; Candidate option quote stale 14.66s; Candidate option quote stale 117.66s; Candidate option quote stale 88.66s; Candidate option quote stale 34.66s; Candidate option quote stale 68.66s; Candidate option quote stale 49.66s
[15:08:20]   DATA HEALTH ALERT TMPV: CE/PE timestamp delta 323.00s at 310.0; CE/PE timestamp delta 31.00s at 315.0; CE/PE timestamp delta 15.00s at 320.0; Candidate option quote stale 43.66s; Candidate option quote stale 12.66s; Candidate option quote stale 353.66s; Candidate option quote stale 30.66s; Candidate option quote stale 43.66s; Candidate option quote stale 58.67s
[15:08:30]   FINNIFTY NSE:FINNIFTY26AUG26200CE depth unavailable: FyersAPIError: Fyers HTTP 429 on https://api-t1.fyers.in/data/depth?symbol=NSE%3AFINNIFTY26AUG26200CE&ohlcv_flag=1: {"type":"https://developers.cloudflare.com/support/troubleshooting/http-status-
[15:08:49]   DATA HEALTH ALERT ULTRACEMCO: CE/PE timestamp delta 42.00s at 11600.0; Candidate option quote stale 11.19s; Candidate option quote stale 10.19s; Candidate option quote stale 11.19s; Candidate option quote stale 53.19s; Candidate option quote stale 11.19s; Candidate option quote stale 11.20s
[15:08:49]   DATA HEALTH ALERT WIPRO: CE/PE timestamp delta 149.00s at 177.5; CE/PE timestamp delta 84.00s at 182.5; Candidate option quote stale 113.20s; Candidate option quote stale 113.20s; Candidate option quote stale 207.20s; Candidate option quote stale 58.20s; Candidate option quote stale 75.20s; Candidate option quote stale 159.20s
[15:08:49]   DATA HEALTH ALERT SENSEX: Invalid IV for CE 74500.0; Missing delta for CE 74500.0; Invalid IV for PE 74500.0; Zero volume CE at 74600.0; Zero volume CE at 74700.0; Zero volume CE at 74800.0; Candidate option quote warning stale 5.20s
[15:08:49]   DATA HEALTH ALERT BANKEX: CE/PE timestamp delta 4194.00s at 65200.0; CE/PE timestamp delta 1214.00s at 65300.0; CE/PE timestamp delta 1427.00s at 65400.0; Candidate option quote stale 15.21s; Candidate option quote stale 1229.21s; Candidate option quote stale 4199.21s; Candidate option quote warning stale 5.21s; Candidate option quote stale 134.21s; Candidate option quote stale 1561.21s
[15:09:06]   TITAN NSE:TITAN26AUG5050CE depth unavailable: FyersAPIError: Fyers HTTP 429 on https://api-t1.fyers.in/data/depth?symbol=NSE%3ATITAN26AUG5050CE&ohlcv_flag=1: {"type":"https://developers.cloudflare.com/support/troubleshooting/http-status-code
[15:09:15]   DATA HEALTH ALERT NIFTY: Invalid IV for CE 22750.0; Missing delta for CE 22750.0; Invalid IV for PE 22750.0; Zero volume CE at 22750.0; Zero volume CE at 22850.0; Zero volume CE at 23050.0; Candidate option quote stale 21.90s; Candidate option quote stale 21.90s; Candidate option quote stale 22.90s; Candidate option quote stale 21.90s; Candidate option quote stale 20.90s; Candidate option quote stale 20.90s
[15:09:15]   DATA HEALTH ALERT BANKNIFTY: Invalid IV for CE 54700.0; Missing delta for CE 54700.0; Invalid IV for PE 54700.0; Zero volume CE at 54700.0; Zero volume CE at 54800.0; Zero volume CE at 54900.0; Candidate option quote stale 18.91s; Candidate option quote stale 18.91s; Candidate option quote stale 21.91s; Candidate option quote stale 20.91s; Candidate option quote stale 18.91s; Candidate option quote stale 18.91s
[15:09:25]   MIDCPNIFTY chain unavailable [OPTIONS_CHAIN_ERROR]: FyersAPIError: Fyers HTTP 429 on https://api-t1.fyers.in/data/options-chain-v3?symbol=NSE%3AMIDCPNIFTY-INDEX&strikecount=30: {"message":"request limit reached","code":429,"s":"error"}
[15:09:25]   TATASTEEL chain unavailable [OPTIONS_CHAIN_ERROR]: FyersAPIError: Fyers HTTP 429 on https://api-t1.fyers.in/data/options-chain-v3?symbol=NSE%3ATATASTEEL-EQ&strikecount=30: {"message":"request limit reached","code":429,"s":"error"}
[15:09:25]   TECHM chain unavailable [OPTIONS_CHAIN_ERROR]: FyersAPIError: Fyers HTTP 429 on https://api-t1.fyers.in/data/options-chain-v3?symbol=NSE%3ATECHM-EQ&strikecount=30: {"type":"https://developers.cloudflare.com/support/troubleshooting/http-status-codes/cloudflare-1xxx-errors/error-1015/","title":"Error 1015: You are being rate limited","status":429,"detail":"You are being rate-limited by the website owner's configuration.","instance":"a2e8ab9f4d910fce","error_code":1015,"error_name":"rate_limited","error_category":"rate_limit","ray_id":"a2e8ab9f4d910fce","timestamp":"2026-08-21T09:39:24Z","zone":"api-t1.fyers.in","cloudflare_error":true,"retryable":true,"retry
[15:09:26]   TITAN chain unavailable [OPTIONS_CHAIN_ERROR]: FyersAPIError: Fyers HTTP 429 on https://api-t1.fyers.in/data/options-chain-v3?symbol=NSE%3ATITAN-EQ&strikecount=30: {"type":"https://developers.cloudflare.com/support/troubleshooting/http-status-codes/cloudflare-1xxx-errors/error-1015/","title":"Error 1015: You are being rate limited","status":429,"detail":"You are being rate-limited by the website owner's configuration.","instance":"a2e8aba04ad4edc9","error_code":1015,"error_name":"rate_limited","error_category":"rate_limit","ray_id":"a2e8aba04ad4edc9","timestamp":"2026-08-21T09:39:24Z","zone":"api-t1.fyers.in","cloudflare_error":true,"retryable":true,"retry
[15:09:26]   TRENT chain unavailable [OPTIONS_CHAIN_ERROR]: FyersAPIError: Fyers HTTP 429 on https://api-t1.fyers.in/data/options-chain-v3?symbol=NSE%3ATRENT-EQ&strikecount=30: {"type":"https://developers.cloudflare.com/support/troubleshooting/http-status-codes/cloudflare-1xxx-errors/error-1015/","title":"Error 1015: You are being rate limited","status":429,"detail":"You are being rate-limited by the website owner's configuration.","instance":"a2e8aba12b99ff65","error_code":1015,"error_name":"rate_limited","error_category":"rate_limit","ray_id":"a2e8aba12b99ff65","timestamp":"2026-08-21T09:39:24Z","zone":"api-t1.fyers.in","cloudflare_error":true,"retryable":true,"retry
[15:09:26]   ULTRACEMCO chain unavailable [OPTIONS_CHAIN_ERROR]: FyersAPIError: Fyers HTTP 429 on https://api-t1.fyers.in/data/options-chain-v3?symbol=NSE%3AULTRACEMCO-EQ&strikecount=30: {"type":"https://developers.cloudflare.com/support/troubleshooting/http-status-codes/cloudflare-1xxx-errors/error-1015/","title":"Error 1015: You are being rate limited","status":429,"detail":"You are being rate-limited by the website owner's configuration.","instance":"a2e8aba24ab72ce4","error_code":1015,"error_name":"rate_limited","error_category":"rate_limit","ray_id":"a2e8aba24ab72ce4","timestamp":"2026-08-21T09:39:25Z","zone":"api-t1.fyers.in","cloudflare_error":true,"retryable":true,"retry
[15:09:26]   WIPRO chain unavailable [OPTIONS_CHAIN_ERROR]: FyersAPIError: Fyers HTTP 429 on https://api-t1.fyers.in/data/options-chain-v3?symbol=NSE%3AWIPRO-EQ&strikecount=30: {"type":"https://developers.cloudflare.com/support/troubleshooting/http-status-codes/cloudflare-1xxx-errors/error-1015/","title":"Error 1015: You are being rate limited","status":429,"detail":"You are being rate-limited by the website owner's configuration.","instance":"a2e8aba31e95ffa6","error_code":1015,"error_name":"rate_limited","error_category":"rate_limit","ray_id":"a2e8aba31e95ffa6","timestamp":"2026-08-21T09:39:25Z","zone":"api-t1.fyers.in","cloudflare_error":true,"retryable":true,"retry
[15:09:26]   SENSEX chain unavailable [OPTIONS_CHAIN_ERROR]: FyersAPIError: Fyers HTTP 429 on https://api-t1.fyers.in/data/options-chain-v3?symbol=BSE%3ASENSEX-INDEX&strikecount=30: {"type":"https://developers.cloudflare.com/support/troubleshooting/http-status-codes/cloudflare-1xxx-errors/error-1015/","title":"Error 1015: You are being rate limited","status":429,"detail":"You are being rate-limited by the website owner's configuration.","instance":"a2e8aba40aea3a48","error_code":1015,"error_name":"rate_limited","error_category":"rate_limit","ray_id":"a2e8aba40aea3a48","timestamp":"2026-08-21T09:39:25Z","zone":"api-t1.fyers.in","cloudflare_error":true,"retryable":true,"retry
[15:09:26]   BANKEX chain unavailable [OPTIONS_CHAIN_ERROR]: FyersAPIError: Fyers HTTP 429 on https://api-t1.fyers.in/data/options-chain-v3?symbol=BSE%3ABANKEX-INDEX&strikecount=30: {"type":"https://developers.cloudflare.com/support/troubleshooting/http-status-codes/cloudflare-1xxx-errors/error-1015/","title":"Error 1015: You are being rate limited","status":429,"detail":"You are being rate-limited by the website owner's configuration.","instance":"a2e8aba4fb1a3b13","error_code":1015,"error_name":"rate_limited","error_category":"rate_limit","ray_id":"a2e8aba4fb1a3b13","timestamp":"2026-08-21T09:39:25Z","zone":"api-t1.fyers.in","cloudflare_error":true,"retryable":true,"retry
[15:09:39]   FOCIT chain unavailable [OPTIONS_CHAIN_ERROR]: FyersAPIError: Fyers HTTP 429 on https://api-t1.fyers.in/data/options-chain-v3?symbol=BSE%3AFOCIT-INDEX&strikecount=30: {"type":"https://developers.cloudflare.com/support/troubleshooting/http-status-codes/cloudflare-1xxx-errors/error-1015/","title":"Error 1015: You are being rate limited","status":429,"detail":"You are being rate-limited by the website owner's configuration.","instance":"a2e8abf45af4439e","error_code":1015,"error_name":"rate_limited","error_category":"rate_limit","ray_id":"a2e8abf45af4439e","timestamp":"2026-08-21T09:39:38Z","zone":"api-t1.fyers.in","cloudflare_error":true,"retryable":true,"retry
[15:09:39]   NIFTYNXT50 chain unavailable [OPTIONS_CHAIN_ERROR]: FyersAPIError: Fyers HTTP 429 on https://api-t1.fyers.in/data/options-chain-v3?symbol=NSE%3ANIFTYNXT50-INDEX&strikecount=30: {"type":"https://developers.cloudflare.com/support/troubleshooting/http-status-codes/cloudflare-1xxx-errors/error-1015/","title":"Error 1015: You are being rate limited","status":429,"detail":"You are being rate-limited by the website owner's configuration.","instance":"a2e8abf53f74dce3","error_code":1015,"error_name":"rate_limited","error_category":"rate_limit","ray_id":"a2e8abf53f74dce3","timestamp":"2026-08-21T09:39:38Z","zone":"api-t1.fyers.in","cloudflare_error":true,"retryable":true,"retry
[15:09:39]   ADANIENT chain unavailable [OPTIONS_CHAIN_ERROR]: FyersAPIError: Fyers HTTP 429 on https://api-t1.fyers.in/data/options-chain-v3?symbol=NSE%3AADANIENT-EQ&strikecount=30: {"type":"https://developers.cloudflare.com/support/troubleshooting/http-status-codes/cloudflare-1xxx-errors/error-1015/","title":"Error 1015: You are being rate limited","status":429,"detail":"You are being rate-limited by the website owner's configuration.","instance":"a2e8abf5fb01e40f","error_code":1015,"error_name":"rate_limited","error_category":"rate_limit","ray_id":"a2e8abf5fb01e40f","timestamp":"2026-08-21T09:39:38Z","zone":"api-t1.fyers.in","cloudflare_error":true,"retryable":true,"retry
[15:09:39]   ITC chain unavailable [OPTIONS_CHAIN_ERROR]: FyersAPIError: Fyers HTTP 429 on https://api-t1.fyers.in/data/options-chain-v3?symbol=NSE%3AITC-EQ&strikecount=30: {"type":"https://developers.cloudflare.com/support/troubleshooting/http-status-codes/cloudflare-1xxx-errors/error-1015/","title":"Error 1015: You are being rate limited","status":429,"detail":"You are being rate-limited by the website owner's configuration.","instance":"a2e8abf6df803fe7","error_code":1015,"error_name":"rate_limited","error_category":"rate_limit","ray_id":"a2e8abf6df803fe7","timestamp":"2026-08-21T09:39:38Z","zone":"api-t1.fyers.in","cloudflare_error":true,"retryable":true,"retry
[15:09:40]   JIOFIN chain unavailable [OPTIONS_CHAIN_ERROR]: FyersAPIError: Fyers HTTP 429 on https://api-t1.fyers.in/data/options-chain-v3?symbol=NSE%3AJIOFIN-EQ&strikecount=30: {"type":"https://developers.cloudflare.com/support/troubleshooting/http-status-codes/cloudflare-1xxx-errors/error-1015/","title":"Error 1015: You are being rate limited","status":429,"detail":"You are being rate-limited by the website owner's configuration.","instance":"a2e8abf7cc4d3cbe","error_code":1015,"error_name":"rate_limited","error_category":"rate_limit","ray_id":"a2e8abf7cc4d3cbe","timestamp":"2026-08-21T09:39:38Z","zone":"api-t1.fyers.in","cloudflare_error":true,"retryable":true,"retry
[15:09:40]   KOTAKBANK chain unavailable [OPTIONS_CHAIN_ERROR]: FyersAPIError: Fyers HTTP 429 on https://api-t1.fyers.in/data/options-chain-v3?symbol=NSE%3AKOTAKBANK-EQ&strikecount=30: {"type":"https://developers.cloudflare.com/support/troubleshooting/http-status-codes/cloudflare-1xxx-errors/error-1015/","title":"Error 1015: You are being rate limited","status":429,"detail":"You are being rate-limited by the website owner's configuration.","instance":"a2e8abf8bad6ff9e","error_code":1015,"error_name":"rate_limited","error_category":"rate_limit","ray_id":"a2e8abf8bad6ff9e","timestamp":"2026-08-21T09:39:38Z","zone":"api-t1.fyers.in","cloudflare_error":true,"retryable":true,"retry
[15:09:40]   APOLLOHOSP chain unavailable [OPTIONS_CHAIN_ERROR]: FyersAPIError: Fyers HTTP 429 on https://api-t1.fyers.in/data/options-chain-v3?symbol=NSE%3AAPOLLOHOSP-EQ&strikecount=30: {"type":"https://developers.cloudflare.com/support/troubleshooting/http-status-codes/cloudflare-1xxx-errors/error-1015/","title":"Error 1015: You are being rate limited","status":429,"detail":"You are being rate-limited by the website owner's configuration.","instance":"a2e8abf9fc84ffa2","error_code":1015,"error_name":"rate_limited","error_category":"rate_limit","ray_id":"a2e8abf9fc84ffa2","timestamp":"2026-08-21T09:39:39Z","zone":"api-t1.fyers.in","cloudflare_error":true,"retryable":true,"retry
[15:09:40]   BAJAJFINSV chain unavailable [OPTIONS_CHAIN_ERROR]: FyersAPIError: Fyers HTTP 429 on https://api-t1.fyers.in/data/options-chain-v3?symbol=NSE%3ABAJAJFINSV-EQ&strikecount=30: {"type":"https://developers.cloudflare.com/support/troubleshooting/http-status-codes/cloudflare-1xxx-errors/error-1015/","title":"Error 1015: You are being rate limited","status":429,"detail":"You are being rate-limited by the website owner's configuration.","instance":"a2e8abfafd753e45","error_code":1015,"error_name":"rate_limited","error_category":"rate_limit","ray_id":"a2e8abfafd753e45","timestamp":"2026-08-21T09:39:39Z","zone":"api-t1.fyers.in","cloudflare_error":true,"retryable":true,"retry
[15:09:47]   NIFTY NSE:NIFTY26AUG24200PE depth unavailable: FyersAPIError: Fyers HTTP 429 on https://api-t1.fyers.in/data/depth?symbol=NSE%3ANIFTY26AUG24200PE&ohlcv_flag=1: {"type":"https://developers.cloudflare.com/support/troubleshooting/http-status-cod
[15:09:55]   FOCIT BSE:FOCIT26AUG37000CE depth unavailable: FyersAPIError: Fyers HTTP 429 on https://api-t1.fyers.in/data/depth?symbol=BSE%3AFOCIT26AUG37000CE&ohlcv_flag=1: {"type":"https://developers.cloudflare.com/support/troubleshooting/http-status-cod
[15:09:59]   NIFTYNXT50 NSE:NIFTYNXT5026AUG73700CE depth unavailable: ValueError: Fyers depth source timestamp invalid
[15:09:59]   NIFTYNXT50 NSE:NIFTYNXT5026AUG73700PE depth unavailable: ValueError: Fyers depth source timestamp invalid
[15:09:59]   NIFTYNXT50 NSE:NIFTYNXT5026AUG73800PE depth unavailable: ValueError: Fyers depth source timestamp invalid
[15:09:59]   NIFTYNXT50 NSE:NIFTYNXT5026AUG73900CE depth unavailable: ValueError: Fyers depth source timestamp invalid
[15:10:00]   NIFTYNXT50 NSE:NIFTYNXT5026AUG73900PE depth unavailable: ValueError: Fyers depth source timestamp invalid
[15:10:09]   BAJAJFINSV chain unavailable [OPTIONS_CHAIN_ERROR]: FyersAPIError: Fyers HTTP 429 on https://api-t1.fyers.in/data/options-chain-v3?symbol=NSE%3ABAJAJFINSV-EQ&strikecount=30: {"type":"https://developers.cloudflare.com/support/troubleshooting/http-status-codes/cloudflare-1xxx-errors/error-1015/","title":"Error 1015: You are being rate limited","status":429,"detail":"You are being rate-limited by the website owner's configuration.","instance":"a2e8acb06bbdffab","error_code":1015,"error_name":"rate_limited","error_category":"rate_limit","ray_id":"a2e8acb06bbdffab","timestamp":"2026-08-21T09:40:08Z","zone":"api-t1.fyers.in","cloudflare_error":true,"retryable":true,"retry
[15:10:09]   DATA HEALTH ALERT MIDCPNIFTY: CE/PE timestamp delta 4.00s at 14875.0; Candidate option quote stale 20.81s; Candidate option quote stale 20.82s; Candidate option quote stale 23.82s; Candidate option quote stale 23.82s; Candidate option quote stale 18.82s; Candidate option quote stale 22.82s
[15:10:27]   FOCIT BSE:FOCIT26AUG37000PE depth unavailable: FyersAPIError: Fyers HTTP 429 on https://api-t1.fyers.in/data/depth?symbol=BSE%3AFOCIT26AUG37000PE&ohlcv_flag=1: {"type":"https://developers.cloudflare.com/support/troubleshooting/http-status-cod
[15:10:27]   NIFTYNXT50 NSE:NIFTYNXT5026AUG73700CE depth unavailable: ValueError: Fyers depth source timestamp invalid
[15:10:27]   NIFTYNXT50 NSE:NIFTYNXT5026AUG73700PE depth unavailable: ValueError: Fyers depth source timestamp invalid
[15:10:28]   NIFTYNXT50 NSE:NIFTYNXT5026AUG73800PE depth unavailable: ValueError: Fyers depth source timestamp invalid
[15:10:28]   NIFTYNXT50 NSE:NIFTYNXT5026AUG73900CE depth unavailable: ValueError: Fyers depth source timestamp invalid
[15:10:28]   NIFTYNXT50 NSE:NIFTYNXT5026AUG73900PE depth unavailable: ValueError: Fyers depth source timestamp invalid
[15:10:32]   KOTAKBANK chain unavailable [OPTIONS_CHAIN_ERROR]: FyersAPIError: Fyers HTTP 429 on https://api-t1.fyers.in/data/options-chain-v3?symbol=NSE%3AKOTAKBANK-EQ&strikecount=30: {"type":"https://developers.cloudflare.com/support/troubleshooting/http-status-codes/cloudflare-1xxx-errors/error-1015/","title":"Error 1015: You are being rate limited","status":429,"detail":"You are being rate-limited by the website owner's configuration.","instance":"a2e8ad3dad42002c","error_code":1015,"error_name":"rate_limited","error_category":"rate_limit","ray_id":"a2e8ad3dad42002c","timestamp":"2026-08-21T09:40:30Z","zone":"api-t1.fyers.in","cloudflare_error":true,"retryable":true,"retry
[15:10:32]   APOLLOHOSP chain unavailable [OPTIONS_CHAIN_ERROR]: FyersAPIError: Fyers HTTP 429 on https://api-t1.fyers.in/data/options-chain-v3?symbol=NSE%3AAPOLLOHOSP-EQ&strikecount=30: {"type":"https://developers.cloudflare.com/support/troubleshooting/http-status-codes/cloudflare-1xxx-errors/error-1015/","title":"Error 1015: You are being rate limited","status":429,"detail":"You are being rate-limited by the website owner's configuration.","instance":"a2e8ad3efae63ba3","error_code":1015,"error_name":"rate_limited","error_category":"rate_limit","ray_id":"a2e8ad3efae63ba3","timestamp":"2026-08-21T09:40:31Z","zone":"api-t1.fyers.in","cloudflare_error":true,"retryable":true,"retry
[15:10:32]   BAJAJFINSV chain unavailable [OPTIONS_CHAIN_ERROR]: FyersAPIError: Fyers HTTP 429 on https://api-t1.fyers.in/data/options-chain-v3?symbol=NSE%3ABAJAJFINSV-EQ&strikecount=30: {"type":"https://developers.cloudflare.com/support/troubleshooting/http-status-codes/cloudflare-1xxx-errors/error-1015/","title":"Error 1015: You are being rate limited","status":429,"detail":"You are being rate-limited by the website owner's configuration.","instance":"a2e8ad3fb9894719","error_code":1015,"error_name":"rate_limited","error_category":"rate_limit","ray_id":"a2e8ad3fb9894719","timestamp":"2026-08-21T09:40:31Z","zone":"api-t1.fyers.in","cloudflare_error":true,"retryable":true,"retry
[15:10:32]   DATA HEALTH ALERT FOCIT: CE/PE timestamp delta 789.89s at 37000.0; CE/PE timestamp delta 49300.00s at 37100.0; Candidate option quote stale 807.81s; Candidate option quote depth unavailable; Candidate option quote stale 54632.81s; Candidate option quote stale 54632.81s; Candidate option quote stale 5332.81s; Candidate option quote stale 54632.81s
[15:10:32]   DATA HEALTH ALERT NIFTYNXT50: CE/PE timestamp delta 1818885.89s at 73800.0; Candidate option quote stale 1818903.81s; Candidate option quote depth unavailable; Candidate option quote depth unavailable; Candidate option quote depth unavailable; Candidate option quote depth unavailable; Candidate option quote depth unavailable
[15:10:32]   DATA HEALTH ALERT ADANIENT: CE/PE timestamp delta 10.00s at 3000.0; Candidate option quote stale 28.82s; Candidate option quote stale 38.82s; Candidate option quote stale 69.82s; Candidate option quote stale 420.82s
[15:10:32]   DATA HEALTH ALERT ITC: CE/PE timestamp delta 173.00s at 267.5; CE/PE timestamp delta 113.00s at 272.5; Candidate option quote stale 45.82s; Candidate option quote stale 44.82s; Candidate option quote stale 332.83s; Candidate option quote stale 159.83s; Candidate option quote stale 46.83s; Candidate option quote stale 159.83s
[15:10:32]   DATA HEALTH ALERT JIOFIN: Invalid IV for CE 167.5; Missing delta for CE 167.5; Invalid IV for PE 167.5; Zero volume CE at 167.5; Zero volume PE at 167.5; Zero volume CE at 170.0; Candidate option quote stale 26.83s; Candidate option quote stale 26.83s; Candidate option quote stale 26.83s; Candidate option quote stale 26.83s; Candidate option quote stale 40.83s; Candidate option quote stale 42.83s
[15:10:39]   BANKNIFTY chain unavailable [OPTIONS_CHAIN_ERROR]: FyersAPIError: Fyers HTTP 429 on https://api-t1.fyers.in/data/options-chain-v3?symbol=NSE%3ANIFTYBANK-INDEX&strikecount=30: {"type":"https://developers.cloudflare.com/support/troubleshooting/http-status-codes/cloudflare-1xxx-errors/error-1015/","title":"Error 1015: You are being rate limited","status":429,"detail":"You are being rate-limited by the website owner's configuration.","instance":"a2e8ad6bac084081","error_code":1015,"error_name":"rate_limited","error_category":"rate_limit","ray_id":"a2e8ad6bac084081","timestamp":"2026-08-21T09:40:38Z","zone":"api-t1.fyers.in","cloudflare_error":true,"retryable":true,"retry
[15:10:39]   FINNIFTY chain unavailable [OPTIONS_CHAIN_ERROR]: FyersAPIError: Fyers HTTP 429 on https://api-t1.fyers.in/data/options-chain-v3?symbol=NSE%3AFINNIFTY-INDEX&strikecount=30: {"type":"https://developers.cloudflare.com/support/troubleshooting/http-status-codes/cloudflare-1xxx-errors/error-1015/","title":"Error 1015: You are being rate limited","status":429,"detail":"You are being rate-limited by the website owner's configuration.","instance":"a2e8ad6c9dc20522","error_code":1015,"error_name":"rate_limited","error_category":"rate_limit","ray_id":"a2e8ad6c9dc20522","timestamp":"2026-08-21T09:40:38Z","zone":"api-t1.fyers.in","cloudflare_error":true,"retryable":true,"retry
[15:10:39]   MIDCPNIFTY chain unavailable [OPTIONS_CHAIN_ERROR]: FyersAPIError: Fyers HTTP 429 on https://api-t1.fyers.in/data/options-chain-v3?symbol=NSE%3AMIDCPNIFTY-INDEX&strikecount=30: {"type":"https://developers.cloudflare.com/support/troubleshooting/http-status-codes/cloudflare-1xxx-errors/error-1015/","title":"Error 1015: You are being rate limited","status":429,"detail":"You are being rate-limited by the website owner's configuration.","instance":"a2e8ad6d7fb247f1","error_code":1015,"error_name":"rate_limited","error_category":"rate_limit","ray_id":"a2e8ad6d7fb247f1","timestamp":"2026-08-21T09:40:38Z","zone":"api-t1.fyers.in","cloudflare_error":true,"retryable":true,"retry
[15:10:40]   CIPLA chain unavailable [OPTIONS_CHAIN_ERROR]: FyersAPIError: Fyers HTTP 429 on https://api-t1.fyers.in/data/options-chain-v3?symbol=NSE%3ACIPLA-EQ&strikecount=30: {"type":"https://developers.cloudflare.com/support/troubleshooting/http-status-codes/cloudflare-1xxx-errors/error-1015/","title":"Error 1015: You are being rate limited","status":429,"detail":"You are being rate-limited by the website owner's configuration.","instance":"a2e8ad6e5b383f5b","error_code":1015,"error_name":"rate_limited","error_category":"rate_limit","ray_id":"a2e8ad6e5b383f5b","timestamp":"2026-08-21T09:40:38Z","zone":"api-t1.fyers.in","cloudflare_error":true,"retryable":true,"retry
[15:10:40]   HINDUNILVR chain unavailable [OPTIONS_CHAIN_ERROR]: FyersAPIError: Fyers HTTP 429 on https://api-t1.fyers.in/data/options-chain-v3?symbol=NSE%3AHINDUNILVR-EQ&strikecount=30: {"type":"https://developers.cloudflare.com/support/troubleshooting/http-status-codes/cloudflare-1xxx-errors/error-1015/","title":"Error 1015: You are being rate limited","status":429,"detail":"You are being rate-limited by the website owner's configuration.","instance":"a2e8ad6f3e043200","error_code":1015,"error_name":"rate_limited","error_category":"rate_limit","ray_id":"a2e8ad6f3e043200","timestamp":"2026-08-21T09:40:38Z","zone":"api-t1.fyers.in","cloudflare_error":true,"retryable":true,"retry
[15:10:40]   MARUTI chain unavailable [OPTIONS_CHAIN_ERROR]: FyersAPIError: Fyers HTTP 429 on https://api-t1.fyers.in/data/options-chain-v3?symbol=NSE%3AMARUTI-EQ&strikecount=30: {"type":"https://developers.cloudflare.com/support/troubleshooting/http-status-codes/cloudflare-1xxx-errors/error-1015/","title":"Error 1015: You are being rate limited","status":429,"detail":"You are being rate-limited by the website owner's configuration.","instance":"a2e8ad701b8d48d7","error_code":1015,"error_name":"rate_limited","error_category":"rate_limit","ray_id":"a2e8ad701b8d48d7","timestamp":"2026-08-21T09:40:39Z","zone":"api-t1.fyers.in","cloudflare_error":true,"retryable":true,"retry
[15:10:40]   MAXHEALTH chain unavailable [OPTIONS_CHAIN_ERROR]: FyersAPIError: Fyers HTTP 429 on https://api-t1.fyers.in/data/options-chain-v3?symbol=NSE%3AMAXHEALTH-EQ&strikecount=30: {"type":"https://developers.cloudflare.com/support/troubleshooting/http-status-codes/cloudflare-1xxx-errors/error-1015/","title":"Error 1015: You are being rate limited","status":429,"detail":"You are being rate-limited by the website owner's configuration.","instance":"a2e8ad710bb548ef","error_code":1015,"error_name":"rate_limited","error_category":"rate_limit","ray_id":"a2e8ad710bb548ef","timestamp":"2026-08-21T09:40:39Z","zone":"api-t1.fyers.in","cloudflare_error":true,"retryable":true,"retry
[15:10:40]   NTPC chain unavailable [OPTIONS_CHAIN_ERROR]: FyersAPIError: Fyers HTTP 429 on https://api-t1.fyers.in/data/options-chain-v3?symbol=NSE%3ANTPC-EQ&strikecount=30: {"type":"https://developers.cloudflare.com/support/troubleshooting/http-status-codes/cloudflare-1xxx-errors/error-1015/","title":"Error 1015: You are being rate limited","status":429,"detail":"You are being rate-limited by the website owner's configuration.","instance":"a2e8ad7228a00c0c","error_code":1015,"error_name":"rate_limited","error_category":"rate_limit","ray_id":"a2e8ad7228a00c0c","timestamp":"2026-08-21T09:40:39Z","zone":"api-t1.fyers.in","cloudflare_error":true,"retryable":true,"retry
[15:10:40]   NESTLEIND chain unavailable [OPTIONS_CHAIN_ERROR]: FyersAPIError: Fyers HTTP 429 on https://api-t1.fyers.in/data/options-chain-v3?symbol=NSE%3ANESTLEIND-EQ&strikecount=30: {"type":"https://developers.cloudflare.com/support/troubleshooting/http-status-codes/cloudflare-1xxx-errors/error-1015/","title":"Error 1015: You are being rate limited","status":429,"detail":"You are being rate-limited by the website owner's configuration.","instance":"a2e8ad730d9cff74","error_code":1015,"error_name":"rate_limited","error_category":"rate_limit","ray_id":"a2e8ad730d9cff74","timestamp":"2026-08-21T09:40:39Z","zone":"api-t1.fyers.in","cloudflare_error":true,"retryable":true,"retry
[15:10:40]   ONGC chain unavailable [OPTIONS_CHAIN_ERROR]: FyersAPIError: Fyers HTTP 429 on https://api-t1.fyers.in/data/options-chain-v3?symbol=NSE%3AONGC-EQ&strikecount=30: {"type":"https://developers.cloudflare.com/support/troubleshooting/http-status-codes/cloudflare-1xxx-errors/error-1015/","title":"Error 1015: You are being rate limited","status":429,"detail":"You are being rate-limited by the website owner's configuration.","instance":"a2e8ad73ff1aedf5","error_code":1015,"error_name":"rate_limited","error_category":"rate_limit","ray_id":"a2e8ad73ff1aedf5","timestamp":"2026-08-21T09:40:39Z","zone":"api-t1.fyers.in","cloudflare_error":true,"retryable":true,"retry
[15:10:41]   POWERGRID chain unavailable [OPTIONS_CHAIN_ERROR]: FyersAPIError: Fyers HTTP 429 on https://api-t1.fyers.in/data/options-chain-v3?symbol=NSE%3APOWERGRID-EQ&strikecount=30: {"type":"https://developers.cloudflare.com/support/troubleshooting/http-status-codes/cloudflare-1xxx-errors/error-1015/","title":"Error 1015: You are being rate limited","status":429,"detail":"You are being rate-limited by the website owner's configuration.","instance":"a2e8ad74dc4cd7fb","error_code":1015,"error_name":"rate_limited","error_category":"rate_limit","ray_id":"a2e8ad74dc4cd7fb","timestamp":"2026-08-21T09:40:39Z","zone":"api-t1.fyers.in","cloudflare_error":true,"retryable":true,"retry
[15:11:00]   MAXHEALTH chain unavailable [OPTIONS_CHAIN_ERROR]: FyersAPIError: Fyers HTTP 429 on https://api-t1.fyers.in/data/options-chain-v3?symbol=NSE%3AMAXHEALTH-EQ&strikecount=30: {"type":"https://developers.cloudflare.com/support/troubleshooting/http-status-codes/cloudflare-1xxx-errors/error-1015/","title":"Error 1015: You are being rate limited","status":429,"detail":"You are being rate-limited by the website owner's configuration.","instance":"a2e8adeb79fbff76","error_code":1015,"error_name":"rate_limited","error_category":"rate_limit","ray_id":"a2e8adeb79fbff76","timestamp":"2026-08-21T09:40:58Z","zone":"api-t1.fyers.in","cloudflare_error":true,"retryable":true,"retry
[15:11:00]   NTPC chain unavailable [OPTIONS_CHAIN_ERROR]: FyersAPIError: Fyers HTTP 429 on https://api-t1.fyers.in/data/options-chain-v3?symbol=NSE%3ANTPC-EQ&strikecount=30: {"type":"https://developers.cloudflare.com/support/troubleshooting/http-status-codes/cloudflare-1xxx-errors/error-1015/","title":"Error 1015: You are being rate limited","status":429,"detail":"You are being rate-limited by the website owner's configuration.","instance":"a2e8adec6ce3540b","error_code":1015,"error_name":"rate_limited","error_category":"rate_limit","ray_id":"a2e8adec6ce3540b","timestamp":"2026-08-21T09:40:58Z","zone":"api-t1.fyers.in","cloudflare_error":true,"retryable":true,"retry
[15:11:00]   NESTLEIND chain unavailable [OPTIONS_CHAIN_ERROR]: FyersAPIError: Fyers HTTP 429 on https://api-t1.fyers.in/data/options-chain-v3?symbol=NSE%3ANESTLEIND-EQ&strikecount=30: {"type":"https://developers.cloudflare.com/support/troubleshooting/http-status-codes/cloudflare-1xxx-errors/error-1015/","title":"Error 1015: You are being rate limited","status":429,"detail":"You are being rate-limited by the website owner's configuration.","instance":"a2e8aded38f23fe8","error_code":1015,"error_name":"rate_limited","error_category":"rate_limit","ray_id":"a2e8aded38f23fe8","timestamp":"2026-08-21T09:40:59Z","zone":"api-t1.fyers.in","cloudflare_error":true,"retryable":true,"retry
[15:11:00]   ONGC chain unavailable [OPTIONS_CHAIN_ERROR]: FyersAPIError: Fyers HTTP 429 on https://api-t1.fyers.in/data/options-chain-v3?symbol=NSE%3AONGC-EQ&strikecount=30: {"type":"https://developers.cloudflare.com/support/troubleshooting/http-status-codes/cloudflare-1xxx-errors/error-1015/","title":"Error 1015: You are being rate limited","status":429,"detail":"You are being rate-limited by the website owner's configuration.","instance":"a2e8adee2b603b1f","error_code":1015,"error_name":"rate_limited","error_category":"rate_limit","ray_id":"a2e8adee2b603b1f","timestamp":"2026-08-21T09:40:59Z","zone":"api-t1.fyers.in","cloudflare_error":true,"retryable":true,"retry
[15:11:00]   POWERGRID chain unavailable [OPTIONS_CHAIN_ERROR]: FyersAPIError: Fyers HTTP 429 on https://api-t1.fyers.in/data/options-chain-v3?symbol=NSE%3APOWERGRID-EQ&strikecount=30: {"type":"https://developers.cloudflare.com/support/troubleshooting/http-status-codes/cloudflare-1xxx-errors/error-1015/","title":"Error 1015: You are being rate limited","status":429,"detail":"You are being rate-limited by the website owner's configuration.","instance":"a2e8adef2cb147e4","error_code":1015,"error_name":"rate_limited","error_category":"rate_limit","ray_id":"a2e8adef2cb147e4","timestamp":"2026-08-21T09:40:59Z","zone":"api-t1.fyers.in","cloudflare_error":true,"retryable":true,"retry
[15:11:20]   NESTLEIND chain unavailable [OPTIONS_CHAIN_ERROR]: FyersAPIError: Fyers HTTP 429 on https://api-t1.fyers.in/data/options-chain-v3?symbol=NSE%3ANESTLEIND-EQ&strikecount=30: {"type":"https://developers.cloudflare.com/support/troubleshooting/http-status-codes/cloudflare-1xxx-errors/error-1015/","title":"Error 1015: You are being rate limited","status":429,"detail":"You are being rate-limited by the website owner's configuration.","instance":"a2e8ae6e489447d6","error_code":1015,"error_name":"rate_limited","error_category":"rate_limit","ray_id":"a2e8ae6e489447d6","timestamp":"2026-08-21T09:41:19Z","zone":"api-t1.fyers.in","cloudflare_error":true,"retryable":true,"retry
[15:11:21]   ONGC chain unavailable [OPTIONS_CHAIN_ERROR]: FyersAPIError: Fyers HTTP 429 on https://api-t1.fyers.in/data/options-chain-v3?symbol=NSE%3AONGC-EQ&strikecount=30: {"type":"https://developers.cloudflare.com/support/troubleshooting/http-status-codes/cloudflare-1xxx-errors/error-1015/","title":"Error 1015: You are being rate limited","status":429,"detail":"You are being rate-limited by the website owner's configuration.","instance":"a2e8ae6f4bc3e8eb","error_code":1015,"error_name":"rate_limited","error_category":"rate_limit","ray_id":"a2e8ae6f4bc3e8eb","timestamp":"2026-08-21T09:41:19Z","zone":"api-t1.fyers.in","cloudflare_error":true,"retryable":true,"retry
[15:11:24]   DATA HEALTH ALERT BANKNIFTY: Invalid IV for CE 54600.0; Missing delta for CE 54600.0; Invalid IV for PE 54600.0; Zero volume CE at 54600.0; Zero volume CE at 54700.0; Zero volume CE at 54800.0; Candidate option quote stale 18.71s; Candidate option quote stale 17.71s; Candidate option quote stale 17.71s; Candidate option quote stale 17.71s; Candidate option quote stale 16.71s; Candidate option quote stale 16.71s
[15:11:24]   DATA HEALTH ALERT MIDCPNIFTY: CE/PE timestamp delta 11.00s at 14825.0; CE/PE timestamp delta 20.00s at 14875.0; Candidate option quote stale 16.72s; Candidate option quote stale 15.72s; Candidate option quote stale 29.72s; Candidate option quote stale 40.73s; Candidate option quote stale 14.73s; Candidate option quote stale 34.73s
[15:11:24]   DATA HEALTH ALERT CIPLA: CE/PE timestamp delta 304.00s at 1410.0; CE/PE timestamp delta 13.00s at 1420.0; CE/PE timestamp delta 95.00s at 1430.0; Candidate option quote stale 41.74s; Candidate option quote stale 54.74s; Candidate option quote stale 385.74s; Candidate option quote stale 81.75s; Candidate option quote stale 61.75s; Candidate option quote stale 156.75s
[15:11:24]   DATA HEALTH ALERT HINDUNILVR: CE/PE timestamp delta 6.00s at 2040.0; Candidate option quote stale 30.76s; Candidate option quote stale 30.76s; Candidate option quote stale 17.76s; Candidate option quote stale 17.77s; Candidate option quote stale 19.77s; Candidate option quote stale 25.77s
[15:11:24]   DATA HEALTH ALERT MARUTI: CE/PE timestamp delta 27.00s at 13600.0; CE/PE timestamp delta 6.00s at 13700.0; Candidate option quote stale 14.78s; Candidate option quote stale 41.78s; Candidate option quote stale 14.79s; Candidate option quote stale 14.79s; Candidate option quote stale 14.79s; Candidate option quote stale 20.79s
[15:11:43]   MAXHEALTH NSE:MAXHEALTH26AUG1000PE depth unavailable: FyersAPIError: Fyers HTTP 429 on https://api-t1.fyers.in/data/depth?symbol=NSE%3AMAXHEALTH26AUG1000PE&ohlcv_flag=1: {"type":"https://developers.cloudflare.com/support/troubleshooting/http-status-
[15:11:48]   POWERGRID chain unavailable [OPTIONS_CHAIN_ERROR]: FyersAPIError: Fyers HTTP 429 on https://api-t1.fyers.in/data/options-chain-v3?symbol=NSE%3APOWERGRID-EQ&strikecount=30: {"type":"https://developers.cloudflare.com/support/troubleshooting/http-status-codes/cloudflare-1xxx-errors/error-1015/","title":"Error 1015: You are being rate limited","status":429,"detail":"You are being rate-limited by the website owner's configuration.","instance":"a2e8af1d6cd6c058","error_code":1015,"error_name":"rate_limited","error_category":"rate_limit","ray_id":"a2e8af1d6cd6c058","timestamp":"2026-08-21T09:41:47Z","zone":"api-t1.fyers.in","cloudflare_error":true,"retryable":true,"retry
[15:11:49]   DATA HEALTH ALERT MAXHEALTH: CE/PE timestamp delta 76.00s at 990.0; CE/PE timestamp delta 55.85s at 1000.0; CE/PE timestamp delta 75.00s at 1010.0; Candidate option quote stale 75.30s; Candidate option quote depth unavailable; Candidate option quote stale 33.30s; Candidate option quote stale 109.30s; Candidate option quote stale 99.30s; Candidate option quote stale 24.30s
[15:11:49]   DATA HEALTH ALERT NTPC: CE/PE timestamp delta 14.00s at 335.0; CE/PE timestamp delta 4.00s at 340.0; CE/PE timestamp delta 354.00s at 345.0; Candidate option quote stale 20.30s; Candidate option quote stale 24.30s; Candidate option quote stale 68.31s; Candidate option quote stale 54.31s; Candidate option quote stale 23.31s; Candidate option quote stale 377.31s
[15:11:56]   BANKNIFTY chain unavailable [OPTIONS_CHAIN_ERROR]: FyersAPIError: Fyers HTTP 429 on https://api-t1.fyers.in/data/options-chain-v3?symbol=NSE%3ANIFTYBANK-INDEX&strikecount=30: {"type":"https://developers.cloudflare.com/support/troubleshooting/http-status-codes/cloudflare-1xxx-errors/error-1015/","title":"Error 1015: You are being rate limited","status":429,"detail":"You are being rate-limited by the website owner's configuration.","instance":"a2e8af4a5d65b5d1","error_code":1015,"error_name":"rate_limited","error_category":"rate_limit","ray_id":"a2e8af4a5d65b5d1","timestamp":"2026-08-21T09:41:54Z","zone":"api-t1.fyers.in","cloudflare_error":true,"retryable":true,"retry
[15:12:10]   BHARTIARTL chain unavailable [OPTIONS_CHAIN_ERROR]: FyersAPIError: Fyers HTTP 429 on https://api-t1.fyers.in/data/options-chain-v3?symbol=NSE%3ABHARTIARTL-EQ&strikecount=30: {"type":"https://developers.cloudflare.com/support/troubleshooting/http-status-codes/cloudflare-1xxx-errors/error-1015/","title":"Error 1015: You are being rate limited","status":429,"detail":"You are being rate-limited by the website owner's configuration.","instance":"a2e8afa24a0c4707","error_code":1015,"error_name":"rate_limited","error_category":"rate_limit","ray_id":"a2e8afa24a0c4707","timestamp":"2026-08-21T09:42:09Z","zone":"api-t1.fyers.in","cloudflare_error":true,"retryable":true,"retry
[15:12:10]   EICHERMOT chain unavailable [OPTIONS_CHAIN_ERROR]: FyersAPIError: Fyers HTTP 429 on https://api-t1.fyers.in/data/options-chain-v3?symbol=NSE%3AEICHERMOT-EQ&strikecount=30: {"type":"https://developers.cloudflare.com/support/troubleshooting/http-status-codes/cloudflare-1xxx-errors/error-1015/","title":"Error 1015: You are being rate limited","status":429,"detail":"You are being rate-limited by the website owner's configuration.","instance":"a2e8afa34ecf77fc","error_code":1015,"error_name":"rate_limited","error_category":"rate_limit","ray_id":"a2e8afa34ecf77fc","timestamp":"2026-08-21T09:42:09Z","zone":"api-t1.fyers.in","cloudflare_error":true,"retryable":true,"retry
[15:12:10]   ETERNAL chain unavailable [OPTIONS_CHAIN_ERROR]: FyersAPIError: Fyers HTTP 429 on https://api-t1.fyers.in/data/options-chain-v3?symbol=NSE%3AETERNAL-EQ&strikecount=30: {"type":"https://developers.cloudflare.com/support/troubleshooting/http-status-codes/cloudflare-1xxx-errors/error-1015/","title":"Error 1015: You are being rate limited","status":429,"detail":"You are being rate-limited by the website owner's configuration.","instance":"a2e8afa459553a93","error_code":1015,"error_name":"rate_limited","error_category":"rate_limit","ray_id":"a2e8afa459553a93","timestamp":"2026-08-21T09:42:09Z","zone":"api-t1.fyers.in","cloudflare_error":true,"retryable":true,"retry
[15:12:25]   SBIN NSE:SBIN26AUG1040CE depth unavailable: FyersAPIError: Fyers HTTP 429 on https://api-t1.fyers.in/data/depth?symbol=NSE%3ASBIN26AUG1040CE&ohlcv_flag=1: {"type":"https://developers.cloudflare.com/support/troubleshooting/http-status-codes
[15:12:40]   DATA HEALTH ALERT BAJFINANCE: CE/PE timestamp delta 77.00s at 1080.0; Candidate option quote stale 23.28s; Candidate option quote stale 23.28s; Candidate option quote stale 153.28s; Candidate option quote stale 76.28s; Candidate option quote stale 36.28s; Candidate option quote stale 34.29s
[15:12:45]   NIFTY chain unavailable [OPTIONS_CHAIN_ERROR]: FyersAPIError: Fyers HTTP 429 on https://api-t1.fyers.in/data/options-chain-v3?symbol=NSE%3ANIFTY50-INDEX&strikecount=30: {"type":"https://developers.cloudflare.com/support/troubleshooting/http-status-codes/cloudflare-1xxx-errors/error-1015/","title":"Error 1015: You are being rate limited","status":429,"detail":"You are being rate-limited by the website owner's configuration.","instance":"a2e8b07ea8cd3af8","error_code":1015,"error_name":"rate_limited","error_category":"rate_limit","ray_id":"a2e8b07ea8cd3af8","timestamp":"2026-08-21T09:42:44Z","zone":"api-t1.fyers.in","cloudflare_error":true,"retryable":true,"retry
[15:12:45]   BANKNIFTY chain unavailable [OPTIONS_CHAIN_ERROR]: FyersAPIError: Fyers HTTP 429 on https://api-t1.fyers.in/data/options-chain-v3?symbol=NSE%3ANIFTYBANK-INDEX&strikecount=30: {"type":"https://developers.cloudflare.com/support/troubleshooting/http-status-codes/cloudflare-1xxx-errors/error-1015/","title":"Error 1015: You are being rate limited","status":429,"detail":"You are being rate-limited by the website owner's configuration.","instance":"a2e8b07fdee40ac9","error_code":1015,"error_name":"rate_limited","error_category":"rate_limit","ray_id":"a2e8b07fdee40ac9","timestamp":"2026-08-21T09:42:44Z","zone":"api-t1.fyers.in","cloudflare_error":true,"retryable":true,"retry
[15:12:45]   FINNIFTY chain unavailable [OPTIONS_CHAIN_ERROR]: FyersAPIError: Fyers HTTP 429 on https://api-t1.fyers.in/data/options-chain-v3?symbol=NSE%3AFINNIFTY-INDEX&strikecount=30: {"type":"https://developers.cloudflare.com/support/troubleshooting/http-status-codes/cloudflare-1xxx-errors/error-1015/","title":"Error 1015: You are being rate limited","status":429,"detail":"You are being rate-limited by the website owner's configuration.","instance":"a2e8b080db05ff62","error_code":1015,"error_name":"rate_limited","error_category":"rate_limit","ray_id":"a2e8b080db05ff62","timestamp":"2026-08-21T09:42:44Z","zone":"api-t1.fyers.in","cloudflare_error":true,"retryable":true,"retry
[15:12:45]   MIDCPNIFTY chain unavailable [OPTIONS_CHAIN_ERROR]: FyersAPIError: Fyers HTTP 429 on https://api-t1.fyers.in/data/options-chain-v3?symbol=NSE%3AMIDCPNIFTY-INDEX&strikecount=30: {"type":"https://developers.cloudflare.com/support/troubleshooting/http-status-codes/cloudflare-1xxx-errors/error-1015/","title":"Error 1015: You are being rate limited","status":429,"detail":"You are being rate-limited by the website owner's configuration.","instance":"a2e8b081c836066f","error_code":1015,"error_name":"rate_limited","error_category":"rate_limit","ray_id":"a2e8b081c836066f","timestamp":"2026-08-21T09:42:44Z","zone":"api-t1.fyers.in","cloudflare_error":true,"retryable":true,"retry
[15:12:46]   SBIN chain unavailable [OPTIONS_CHAIN_ERROR]: FyersAPIError: Fyers HTTP 429 on https://api-t1.fyers.in/data/options-chain-v3?symbol=NSE%3ASBIN-EQ&strikecount=30: {"type":"https://developers.cloudflare.com/support/troubleshooting/http-status-codes/cloudflare-1xxx-errors/error-1015/","title":"Error 1015: You are being rate limited","status":429,"detail":"You are being rate-limited by the website owner's configuration.","instance":"a2e8b082b843ff64","error_code":1015,"error_name":"rate_limited","error_category":"rate_limit","ray_id":"a2e8b082b843ff64","timestamp":"2026-08-21T09:42:44Z","zone":"api-t1.fyers.in","cloudflare_error":true,"retryable":true,"retry
[15:12:53]   BHARTIARTL NSE:BHARTIARTL26AUG1920PE depth unavailable: FyersAPIError: Fyers HTTP 429 on https://api-t1.fyers.in/data/depth?symbol=NSE%3ABHARTIARTL26AUG1920PE&ohlcv_flag=1: {"type":"https://developers.cloudflare.com/support/troubleshooting/http-status
[15:12:57]   DATA HEALTH ALERT BHARTIARTL: CE/PE timestamp delta 18.36s at 1920.0; CE/PE timestamp delta 22.00s at 1940.0; CE/PE timestamp delta 15.00s at 1960.0; Candidate option quote stale 66.71s; Candidate option quote stale 44.71s; Candidate option quote stale 30.71s; Candidate option quote depth unavailable; Candidate option quote warning stale 7.71s; Candidate option quote stale 22.71s
[15:12:57]   DATA HEALTH ALERT EICHERMOT: CE/PE timestamp delta 24.00s at 8000.0; CE/PE timestamp delta 24.00s at 8100.0; Candidate option quote stale 10.72s; Candidate option quote stale 34.72s; Candidate option quote stale 34.72s; Candidate option quote stale 34.73s; Candidate option quote stale 33.73s; Candidate option quote stale 57.73s
[15:12:57]   DATA HEALTH ALERT ETERNAL: CE/PE timestamp delta 30.00s at 335.0; Candidate option quote stale 35.75s; Candidate option quote stale 35.75s; Candidate option quote stale 11.76s; Candidate option quote stale 11.76s; Candidate option quote stale 50.76s; Candidate option quote stale 80.76s
[15:13:07]   BANKNIFTY NSE:BANKNIFTY26AUG57600CE depth unavailable: FyersAPIError: Fyers HTTP 429 on https://api-t1.fyers.in/data/depth?symbol=NSE%3ABANKNIFTY26AUG57600CE&ohlcv_flag=1: {"type":"https://developers.cloudflare.com/support/troubleshooting/http-status
[15:13:15]   NIFTYNXT50 NSE:NIFTYNXT5026AUG73700CE depth unavailable: ValueError: Fyers depth source timestamp invalid
[15:13:15]   NIFTYNXT50 NSE:NIFTYNXT5026AUG73700PE depth unavailable: ValueError: Fyers depth source timestamp invalid
[15:13:16]   NIFTYNXT50 NSE:NIFTYNXT5026AUG73800PE depth unavailable: ValueError: Fyers depth source timestamp invalid
[15:13:16]   NIFTYNXT50 NSE:NIFTYNXT5026AUG73900CE depth unavailable: ValueError: Fyers depth source timestamp invalid
[15:13:16]   NIFTYNXT50 NSE:NIFTYNXT5026AUG73900PE depth unavailable: ValueError: Fyers depth source timestamp invalid
[15:13:19]   JIOFIN chain unavailable [OPTIONS_CHAIN_ERROR]: FyersAPIError: Fyers HTTP 429 on https://api-t1.fyers.in/data/options-chain-v3?symbol=NSE%3AJIOFIN-EQ&strikecount=30: {"type":"https://developers.cloudflare.com/support/troubleshooting/http-status-codes/cloudflare-1xxx-errors/error-1015/","title":"Error 1015: You are being rate limited","status":429,"detail":"You are being rate-limited by the website owner's configuration.","instance":"a2e8b1555d27edf5","error_code":1015,"error_name":"rate_limited","error_category":"rate_limit","ray_id":"a2e8b1555d27edf5","timestamp":"2026-08-21T09:43:18Z","zone":"api-t1.fyers.in","cloudflare_error":true,"retryable":true,"retry
[15:13:20]   TITAN chain unavailable [OPTIONS_CHAIN_ERROR]: FyersAPIError: Fyers HTTP 429 on https://api-t1.fyers.in/data/options-chain-v3?symbol=NSE%3ATITAN-EQ&strikecount=30: {"type":"https://developers.cloudflare.com/support/troubleshooting/http-status-codes/cloudflare-1xxx-errors/error-1015/","title":"Error 1015: You are being rate limited","status":429,"detail":"You are being rate-limited by the website owner's configuration.","instance":"a2e8b1567a344015","error_code":1015,"error_name":"rate_limited","error_category":"rate_limit","ray_id":"a2e8b1567a344015","timestamp":"2026-08-21T09:43:18Z","zone":"api-t1.fyers.in","cloudflare_error":true,"retryable":true,"retry
[15:13:20]   TRENT chain unavailable [OPTIONS_CHAIN_ERROR]: FyersAPIError: Fyers HTTP 429 on https://api-t1.fyers.in/data/options-chain-v3?symbol=NSE%3ATRENT-EQ&strikecount=30: {"type":"https://developers.cloudflare.com/support/troubleshooting/http-status-codes/cloudflare-1xxx-errors/error-1015/","title":"Error 1015: You are being rate limited","status":429,"detail":"You are being rate-limited by the website owner's configuration.","instance":"a2e8b1577dfcb1c5","error_code":1015,"error_name":"rate_limited","error_category":"rate_limit","ray_id":"a2e8b1577dfcb1c5","timestamp":"2026-08-21T09:43:18Z","zone":"api-t1.fyers.in","cloudflare_error":true,"retryable":true,"retry
[15:13:20]   ULTRACEMCO chain unavailable [OPTIONS_CHAIN_ERROR]: FyersAPIError: Fyers HTTP 429 on https://api-t1.fyers.in/data/options-chain-v3?symbol=NSE%3AULTRACEMCO-EQ&strikecount=30: {"type":"https://developers.cloudflare.com/support/troubleshooting/http-status-codes/cloudflare-1xxx-errors/error-1015/","title":"Error 1015: You are being rate limited","status":429,"detail":"You are being rate-limited by the website owner's configuration.","instance":"a2e8b15869d8d4bc","error_code":1015,"error_name":"rate_limited","error_category":"rate_limit","ray_id":"a2e8b15869d8d4bc","timestamp":"2026-08-21T09:43:19Z","zone":"api-t1.fyers.in","cloudflare_error":true,"retryable":true,"retry
[15:13:36]   NIFTYNXT50 NSE:NIFTYNXT5026AUG73700CE depth unavailable: ValueError: Fyers depth source timestamp invalid
[15:13:36]   NIFTYNXT50 NSE:NIFTYNXT5026AUG73700PE depth unavailable: ValueError: Fyers depth source timestamp invalid
[15:13:36]   NIFTYNXT50 NSE:NIFTYNXT5026AUG73800PE depth unavailable: ValueError: Fyers depth source timestamp invalid
[15:13:36]   NIFTYNXT50 NSE:NIFTYNXT5026AUG73900CE depth unavailable: ValueError: Fyers depth source timestamp invalid
[15:13:37]   NIFTYNXT50 NSE:NIFTYNXT5026AUG73900PE depth unavailable: ValueError: Fyers depth source timestamp invalid
[15:13:40]   TITAN chain unavailable [OPTIONS_CHAIN_ERROR]: FyersAPIError: Fyers HTTP 429 on https://api-t1.fyers.in/data/options-chain-v3?symbol=NSE%3ATITAN-EQ&strikecount=30: {"type":"https://developers.cloudflare.com/support/troubleshooting/http-status-codes/cloudflare-1xxx-errors/error-1015/","title":"Error 1015: You are being rate limited","status":429,"detail":"You are being rate-limited by the website owner's configuration.","instance":"a2e8b1d748cb1494","error_code":1015,"error_name":"rate_limited","error_category":"rate_limit","ray_id":"a2e8b1d748cb1494","timestamp":"2026-08-21T09:43:39Z","zone":"api-t1.fyers.in","cloudflare_error":true,"retryable":true,"retry
[15:13:40]   TRENT chain unavailable [OPTIONS_CHAIN_ERROR]: FyersAPIError: Fyers HTTP 429 on https://api-t1.fyers.in/data/options-chain-v3?symbol=NSE%3ATRENT-EQ&strikecount=30: {"type":"https://developers.cloudflare.com/support/troubleshooting/http-status-codes/cloudflare-1xxx-errors/error-1015/","title":"Error 1015: You are being rate limited","status":429,"detail":"You are being rate-limited by the website owner's configuration.","instance":"a2e8b1d81bf53ee3","error_code":1015,"error_name":"rate_limited","error_category":"rate_limit","ray_id":"a2e8b1d81bf53ee3","timestamp":"2026-08-21T09:43:39Z","zone":"api-t1.fyers.in","cloudflare_error":true,"retryable":true,"retry
[15:13:40]   ULTRACEMCO chain unavailable [OPTIONS_CHAIN_ERROR]: FyersAPIError: Fyers HTTP 429 on https://api-t1.fyers.in/data/options-chain-v3?symbol=NSE%3AULTRACEMCO-EQ&strikecount=30: {"type":"https://developers.cloudflare.com/support/troubleshooting/http-status-codes/cloudflare-1xxx-errors/error-1015/","title":"Error 1015: You are being rate limited","status":429,"detail":"You are being rate-limited by the website owner's configuration.","instance":"a2e8b1d8fa9646a7","error_code":1015,"error_name":"rate_limited","error_category":"rate_limit","ray_id":"a2e8b1d8fa9646a7","timestamp":"2026-08-21T09:43:39Z","zone":"api-t1.fyers.in","cloudflare_error":true,"retryable":true,"retry
[15:13:41]   DATA HEALTH ALERT NIFTY: Invalid IV for CE 22750.0; Missing delta for CE 22750.0; Invalid IV for PE 22750.0; Zero volume CE at 22750.0; Zero volume CE at 22850.0; Zero volume CE at 23050.0; Candidate option quote stale 16.06s; Candidate option quote stale 16.06s; Candidate option quote stale 17.06s; Candidate option quote stale 17.06s; Candidate option quote stale 15.06s; Candidate option quote stale 15.06s
[15:13:41]   DATA HEALTH ALERT BANKNIFTY: Invalid IV for CE 54700.0; Missing delta for CE 54700.0; Invalid IV for PE 54700.0; Zero volume CE at 54700.0; Zero volume CE at 54800.0; Zero volume CE at 54900.0; Candidate option quote stale 14.06s; Candidate option quote stale 13.06s; Candidate option quote stale 14.06s; Candidate option quote stale 13.06s; Candidate option quote stale 13.06s; Candidate option quote stale 13.06s
[15:13:41]   DATA HEALTH ALERT MIDCPNIFTY: CE/PE timestamp delta 3.00s at 14825.0; CE/PE timestamp delta 3.00s at 14850.0; Candidate option quote stale 11.07s; Candidate option quote stale 14.07s; Candidate option quote stale 14.07s; Candidate option quote stale 11.07s; Candidate option quote stale 14.07s; Candidate option quote stale 14.07s
[15:13:49]   NIFTY NSE:NIFTY26AUG24300PE depth unavailable: FyersAPIError: Fyers HTTP 429 on https://api-t1.fyers.in/data/depth?symbol=NSE%3ANIFTY26AUG24300PE&ohlcv_flag=1: {"type":"https://developers.cloudflare.com/support/troubleshooting/http-status-cod
[15:13:55]   NIFTYNXT50 NSE:NIFTYNXT5026AUG73700CE depth unavailable: ValueError: Fyers depth source timestamp invalid
[15:13:56]   NIFTYNXT50 NSE:NIFTYNXT5026AUG73700PE depth unavailable: ValueError: Fyers depth source timestamp invalid
[15:13:56]   NIFTYNXT50 NSE:NIFTYNXT5026AUG73800PE depth unavailable: ValueError: Fyers depth source timestamp invalid
[15:13:56]   NIFTYNXT50 NSE:NIFTYNXT5026AUG73900CE depth unavailable: ValueError: Fyers depth source timestamp invalid
[15:13:56]   NIFTYNXT50 NSE:NIFTYNXT5026AUG73900PE depth unavailable: ValueError: Fyers depth source timestamp invalid
[15:14:06]   DATA HEALTH ALERT JIOFIN: CE/PE timestamp delta 6.00s at 242.5; CE/PE timestamp delta 8.00s at 245.0; Candidate option quote stale 21.33s; Candidate option quote stale 27.33s; Candidate option quote stale 36.33s; Candidate option quote stale 36.33s; Candidate option quote stale 28.33s; Candidate option quote stale 36.33s
[15:14:14]   FINNIFTY chain unavailable [OPTIONS_CHAIN_ERROR]: FyersAPIError: Fyers HTTP 429 on https://api-t1.fyers.in/data/options-chain-v3?symbol=NSE%3AFINNIFTY-INDEX&strikecount=30: {"type":"https://developers.cloudflare.com/support/troubleshooting/http-status-codes/cloudflare-1xxx-errors/error-1015/","title":"Error 1015: You are being rate limited","status":429,"detail":"You are being rate-limited by the website owner's configuration.","instance":"a2e8b2ab3e59442a","error_code":1015,"error_name":"rate_limited","error_category":"rate_limit","ray_id":"a2e8b2ab3e59442a","timestamp":"2026-08-21T09:44:13Z","zone":"api-t1.fyers.in","cloudflare_error":true,"retryable":true,"retry
[15:14:14]   MIDCPNIFTY chain unavailable [OPTIONS_CHAIN_ERROR]: FyersAPIError: Fyers HTTP 429 on https://api-t1.fyers.in/data/options-chain-v3?symbol=NSE%3AMIDCPNIFTY-INDEX&strikecount=30: {"type":"https://developers.cloudflare.com/support/troubleshooting/http-status-codes/cloudflare-1xxx-errors/error-1015/","title":"Error 1015: You are being rate limited","status":429,"detail":"You are being rate-limited by the website owner's configuration.","instance":"a2e8b2ac2e9345ed","error_code":1015,"error_name":"rate_limited","error_category":"rate_limit","ray_id":"a2e8b2ac2e9345ed","timestamp":"2026-08-21T09:44:13Z","zone":"api-t1.fyers.in","cloudflare_error":true,"retryable":true,"retry
[15:14:14]   APOLLOHOSP chain unavailable [OPTIONS_CHAIN_ERROR]: FyersAPIError: Fyers HTTP 429 on https://api-t1.fyers.in/data/options-chain-v3?symbol=NSE%3AAPOLLOHOSP-EQ&strikecount=30: {"type":"https://developers.cloudflare.com/support/troubleshooting/http-status-codes/cloudflare-1xxx-errors/error-1015/","title":"Error 1015: You are being rate limited","status":429,"detail":"You are being rate-limited by the website owner's configuration.","instance":"a2e8b2ad19224087","error_code":1015,"error_name":"rate_limited","error_category":"rate_limit","ray_id":"a2e8b2ad19224087","timestamp":"2026-08-21T09:44:13Z","zone":"api-t1.fyers.in","cloudflare_error":true,"retryable":true,"retry
[15:14:15]   CIPLA chain unavailable [OPTIONS_CHAIN_ERROR]: FyersAPIError: Fyers HTTP 429 on https://api-t1.fyers.in/data/options-chain-v3?symbol=NSE%3ACIPLA-EQ&strikecount=30: {"type":"https://developers.cloudflare.com/support/troubleshooting/http-status-codes/cloudflare-1xxx-errors/error-1015/","title":"Error 1015: You are being rate limited","status":429,"detail":"You are being rate-limited by the website owner's configuration.","instance":"a2e8b2ae1d1447f5","error_code":1015,"error_name":"rate_limited","error_category":"rate_limit","ray_id":"a2e8b2ae1d1447f5","timestamp":"2026-08-21T09:44:13Z","zone":"api-t1.fyers.in","cloudflare_error":true,"retryable":true,"retry
[15:14:15]   GRASIM chain unavailable [OPTIONS_CHAIN_ERROR]: FyersAPIError: Fyers HTTP 429 on https://api-t1.fyers.in/data/options-chain-v3?symbol=NSE%3AGRASIM-EQ&strikecount=30: {"type":"https://developers.cloudflare.com/support/troubleshooting/http-status-codes/cloudflare-1xxx-errors/error-1015/","title":"Error 1015: You are being rate limited","status":429,"detail":"You are being rate-limited by the website owner's configuration.","instance":"a2e8b2af0de131a5","error_code":1015,"error_name":"rate_limited","error_category":"rate_limit","ray_id":"a2e8b2af0de131a5","timestamp":"2026-08-21T09:44:13Z","zone":"api-t1.fyers.in","cloudflare_error":true,"retryable":true,"retry
[15:14:21]   HINDALCO chain unavailable [OPTIONS_CHAIN_ERROR]: FyersAPIError: Fyers HTTP 429 on https://api-t1.fyers.in/data/options-chain-v3?symbol=NSE%3AHINDALCO-EQ&strikecount=30: {"type":"https://developers.cloudflare.com/support/troubleshooting/http-status-codes/cloudflare-1xxx-errors/error-1015/","title":"Error 1015: You are being rate limited","status":429,"detail":"You are being rate-limited by the website owner's configuration.","instance":"a2e8b2d6dd0fd689","error_code":1015,"error_name":"rate_limited","error_category":"rate_limit","ray_id":"a2e8b2d6dd0fd689","timestamp":"2026-08-21T09:44:20Z","zone":"api-t1.fyers.in","cloudflare_error":true,"retryable":true,"retry
[15:14:21]   HINDUNILVR chain unavailable [OPTIONS_CHAIN_ERROR]: FyersAPIError: Fyers HTTP 429 on https://api-t1.fyers.in/data/options-chain-v3?symbol=NSE%3AHINDUNILVR-EQ&strikecount=30: {"type":"https://developers.cloudflare.com/support/troubleshooting/http-status-codes/cloudflare-1xxx-errors/error-1015/","title":"Error 1015: You are being rate limited","status":429,"detail":"You are being rate-limited by the website owner's configuration.","instance":"a2e8b2d7beceb1c5","error_code":1015,"error_name":"rate_limited","error_category":"rate_limit","ray_id":"a2e8b2d7beceb1c5","timestamp":"2026-08-21T09:44:20Z","zone":"api-t1.fyers.in","cloudflare_error":true,"retryable":true,"retry
[15:14:36]   APOLLOHOSP NSE:APOLLOHOSP26AUG8700CE depth unavailable: FyersAPIError: Fyers HTTP 429 on https://api-t1.fyers.in/data/depth?symbol=NSE%3AAPOLLOHOSP26AUG8700CE&ohlcv_flag=1: {"type":"https://developers.cloudflare.com/support/troubleshooting/http-status
[15:14:54]   DATA HEALTH ALERT HCLTECH: CE/PE timestamp delta 6.00s at 1300.0; CE/PE timestamp delta 8.00s at 1310.0; CE/PE timestamp delta 3.00s at 1320.0; Candidate option quote stale 39.64s; Candidate option quote stale 31.64s; Candidate option quote stale 41.65s; Candidate option quote stale 35.65s; Candidate option quote stale 39.65s; Candidate option quote stale 36.65s
[15:14:54]   DATA HEALTH ALERT HDFCBANK: CE/PE timestamp delta 23.00s at 720.0; CE/PE timestamp delta 3.00s at 730.0; CE/PE timestamp delta 17.00s at 740.0; Candidate option quote stale 10.66s; Candidate option quote stale 13.66s; Candidate option quote stale 13.66s; Candidate option quote stale 36.66s; Candidate option quote stale 36.66s; Candidate option quote stale 19.66s
[15:14:54]   DATA HEALTH ALERT HDFCLIFE: CE/PE timestamp delta 12.00s at 550.0; CE/PE timestamp delta 35.00s at 555.0; CE/PE timestamp delta 270.00s at 560.0; Candidate option quote stale 26.66s; Candidate option quote stale 61.66s; Candidate option quote stale 35.66s; Candidate option quote stale 47.66s; Candidate option quote stale 44.66s; Candidate option quote stale 314.67s
[15:15:03]   MIDCPNIFTY chain unavailable [OPTIONS_CHAIN_ERROR]: FyersAPIError: Fyers HTTP 429 on https://api-t1.fyers.in/data/options-chain-v3?symbol=NSE%3AMIDCPNIFTY-INDEX&strikecount=30: {"type":"https://developers.cloudflare.com/support/troubleshooting/http-status-codes/cloudflare-1xxx-errors/error-1015/","title":"Error 1015: You are being rate limited","status":429,"detail":"You are being rate-limited by the website owner's configuration.","instance":"a2e8b3e0489d29d8","error_code":1015,"error_name":"rate_limited","error_category":"rate_limit","ray_id":"a2e8b3e0489d29d8","timestamp":"2026-08-21T09:45:02Z","zone":"api-t1.fyers.in","cloudflare_error":true,"retryable":true,"retry
[15:15:04]   APOLLOHOSP chain unavailable [OPTIONS_CHAIN_ERROR]: FyersAPIError: Fyers HTTP 429 on https://api-t1.fyers.in/data/options-chain-v3?symbol=NSE%3AAPOLLOHOSP-EQ&strikecount=30: {"type":"https://developers.cloudflare.com/support/troubleshooting/http-status-codes/cloudflare-1xxx-errors/error-1015/","title":"Error 1015: You are being rate limited","status":429,"detail":"You are being rate-limited by the website owner's configuration.","instance":"a2e8b3e17ecd47ec","error_code":1015,"error_name":"rate_limited","error_category":"rate_limit","ray_id":"a2e8b3e17ecd47ec","timestamp":"2026-08-21T09:45:02Z","zone":"api-t1.fyers.in","cloudflare_error":true,"retryable":true,"retry
[15:15:11]   HINDALCO chain unavailable [OPTIONS_CHAIN_ERROR]: FyersAPIError: Fyers HTTP 429 on https://api-t1.fyers.in/data/options-chain-v3?symbol=NSE%3AHINDALCO-EQ&strikecount=30: {"type":"https://developers.cloudflare.com/support/troubleshooting/http-status-codes/cloudflare-1xxx-errors/error-1015/","title":"Error 1015: You are being rate limited","status":429,"detail":"You are being rate-limited by the website owner's configuration.","instance":"a2e8b40c9810c161","error_code":1015,"error_name":"rate_limited","error_category":"rate_limit","ray_id":"a2e8b40c9810c161","timestamp":"2026-08-21T09:45:09Z","zone":"api-t1.fyers.in","cloudflare_error":true,"retryable":true,"retry
[15:15:11]   HINDUNILVR chain unavailable [OPTIONS_CHAIN_ERROR]: FyersAPIError: Fyers HTTP 429 on https://api-t1.fyers.in/data/options-chain-v3?symbol=NSE%3AHINDUNILVR-EQ&strikecount=30: {"type":"https://developers.cloudflare.com/support/troubleshooting/http-status-codes/cloudflare-1xxx-errors/error-1015/","title":"Error 1015: You are being rate limited","status":429,"detail":"You are being rate-limited by the website owner's configuration.","instance":"a2e8b40d8d05efc3","error_code":1015,"error_name":"rate_limited","error_category":"rate_limit","ray_id":"a2e8b40d8d05efc3","timestamp":"2026-08-21T09:45:10Z","zone":"api-t1.fyers.in","cloudflare_error":true,"retryable":true,"retry
[15:15:11]   DATA HEALTH ALERT CIPLA: CE/PE timestamp delta 25.00s at 1420.0; CE/PE timestamp delta 270.00s at 1430.0; CE/PE timestamp delta 71.00s at 1440.0; Candidate option quote stale 113.43s; Candidate option quote stale 383.43s; Candidate option quote stale 83.43s; Candidate option quote stale 58.43s; Candidate option quote stale 85.43s; Candidate option quote stale 14.43s
[15:15:11]   DATA HEALTH ALERT GRASIM: CE/PE timestamp delta 20.00s at 3320.0; CE/PE timestamp delta 25.00s at 3340.0; CE/PE timestamp delta 14.00s at 3360.0; Candidate option quote stale 8.44s; Candidate option quote stale 33.44s; Candidate option quote stale 20.44s; Candidate option quote stale 40.44s; Candidate option quote stale 8.44s; Candidate option quote stale 22.44s
[15:15:18]   BANKNIFTY chain unavailable [OPTIONS_CHAIN_ERROR]: FyersAPIError: Fyers HTTP 429 on https://api-t1.fyers.in/data/options-chain-v3?symbol=NSE%3ANIFTYBANK-INDEX&strikecount=30: {"type":"https://developers.cloudflare.com/support/troubleshooting/http-status-codes/cloudflare-1xxx-errors/error-1015/","title":"Error 1015: You are being rate limited","status":429,"detail":"You are being rate-limited by the website owner's configuration.","instance":"a2e8b43bb93c26a7","error_code":1015,"error_name":"rate_limited","error_category":"rate_limit","ray_id":"a2e8b43bb93c26a7","timestamp":"2026-08-21T09:45:17Z","zone":"api-t1.fyers.in","cloudflare_error":true,"retryable":true,"retry
[15:15:18]   FINNIFTY chain unavailable [OPTIONS_CHAIN_ERROR]: FyersAPIError: Fyers HTTP 429 on https://api-t1.fyers.in/data/options-chain-v3?symbol=NSE%3AFINNIFTY-INDEX&strikecount=30: {"type":"https://developers.cloudflare.com/support/troubleshooting/http-status-codes/cloudflare-1xxx-errors/error-1015/","title":"Error 1015: You are being rate limited","status":429,"detail":"You are being rate-limited by the website owner's configuration.","instance":"a2e8b43cafcab85f","error_code":1015,"error_name":"rate_limited","error_category":"rate_limit","ray_id":"a2e8b43cafcab85f","timestamp":"2026-08-21T09:45:17Z","zone":"api-t1.fyers.in","cloudflare_error":true,"retryable":true,"retry
[15:15:18]   MIDCPNIFTY chain unavailable [OPTIONS_CHAIN_ERROR]: FyersAPIError: Fyers HTTP 429 on https://api-t1.fyers.in/data/options-chain-v3?symbol=NSE%3AMIDCPNIFTY-INDEX&strikecount=30: {"type":"https://developers.cloudflare.com/support/troubleshooting/http-status-codes/cloudflare-1xxx-errors/error-1015/","title":"Error 1015: You are being rate limited","status":429,"detail":"You are being rate-limited by the website owner's configuration.","instance":"a2e8b43d9d0f446e","error_code":1015,"error_name":"rate_limited","error_category":"rate_limit","ray_id":"a2e8b43d9d0f446e","timestamp":"2026-08-21T09:45:17Z","zone":"api-t1.fyers.in","cloudflare_error":true,"retryable":true,"retry
[15:15:19]   MARUTI chain unavailable [OPTIONS_CHAIN_ERROR]: FyersAPIError: Fyers HTTP 429 on https://api-t1.fyers.in/data/options-chain-v3?symbol=NSE%3AMARUTI-EQ&strikecount=30: {"type":"https://developers.cloudflare.com/support/troubleshooting/http-status-codes/cloudflare-1xxx-errors/error-1015/","title":"Error 1015: You are being rate limited","status":429,"detail":"You are being rate-limited by the website owner's configuration.","instance":"a2e8b43e99ca8a7f","error_code":1015,"error_name":"rate_limited","error_category":"rate_limit","ray_id":"a2e8b43e99ca8a7f","timestamp":"2026-08-21T09:45:17Z","zone":"api-t1.fyers.in","cloudflare_error":true,"retryable":true,"retry
[15:15:50]   DATA HEALTH ALERT NESTLEIND: Option chain stale 34.08s; Candidate option quote stale 51.56s; Candidate option quote stale 79.56s; Candidate option quote stale 54.56s; Candidate option quote stale 53.56s; Candidate option quote stale 44.56s; Candidate option quote stale 276.56s
[15:15:50]   DATA HEALTH ALERT ONGC: Option chain stale 34.08s; Candidate option quote stale 63.57s; Candidate option quote stale 63.57s; Candidate option quote stale 133.57s; Candidate option quote stale 63.57s; Candidate option quote stale 31.57s; Candidate option quote stale 63.58s
[15:16:01]   FINNIFTY NSE:FINNIFTY26AUG26300CE depth unavailable: FyersAPIError: Fyers HTTP 429 on https://api-t1.fyers.in/data/depth?symbol=NSE%3AFINNIFTY26AUG26300CE&ohlcv_flag=1: {"type":"https://developers.cloudflare.com/support/troubleshooting/http-status-
[15:16:34]   TMPV chain unavailable [OPTIONS_CHAIN_ERROR]: FyersAPIError: Fyers HTTP 429 on https://api-t1.fyers.in/data/options-chain-v3?symbol=NSE%3ATMPV-EQ&strikecount=30: {"type":"https://developers.cloudflare.com/support/troubleshooting/http-status-codes/cloudflare-1xxx-errors/error-1015/","title":"Error 1015: You are being rate limited","status":429,"detail":"You are being rate-limited by the website owner's configuration.","instance":"a2e8b6151d5f3c7c","error_code":1015,"error_name":"rate_limited","error_category":"rate_limit","ray_id":"a2e8b6151d5f3c7c","timestamp":"2026-08-21T09:46:33Z","zone":"api-t1.fyers.in","cloudflare_error":true,"retryable":true,"retry
[15:16:34]   BAJFINANCE chain unavailable [OPTIONS_CHAIN_ERROR]: FyersAPIError: Fyers HTTP 429 on https://api-t1.fyers.in/data/options-chain-v3?symbol=NSE%3ABAJFINANCE-EQ&strikecount=30: {"type":"https://developers.cloudflare.com/support/troubleshooting/http-status-codes/cloudflare-1xxx-errors/error-1015/","title":"Error 1015: You are being rate limited","status":429,"detail":"You are being rate-limited by the website owner's configuration.","instance":"a2e8b6160c83ffa6","error_code":1015,"error_name":"rate_limited","error_category":"rate_limit","ray_id":"a2e8b6160c83ffa6","timestamp":"2026-08-21T09:46:33Z","zone":"api-t1.fyers.in","cloudflare_error":true,"retryable":true,"retry
[15:16:34]   ICICIBANK chain unavailable [OPTIONS_CHAIN_ERROR]: FyersAPIError: Fyers HTTP 429 on https://api-t1.fyers.in/data/options-chain-v3?symbol=NSE%3AICICIBANK-EQ&strikecount=30: {"type":"https://developers.cloudflare.com/support/troubleshooting/http-status-codes/cloudflare-1xxx-errors/error-1015/","title":"Error 1015: You are being rate limited","status":429,"detail":"You are being rate-limited by the website owner's configuration.","instance":"a2e8b616f98674eb","error_code":1015,"error_name":"rate_limited","error_category":"rate_limit","ray_id":"a2e8b616f98674eb","timestamp":"2026-08-21T09:46:33Z","zone":"api-t1.fyers.in","cloudflare_error":true,"retryable":true,"retry
[15:16:34]   INFY chain unavailable [OPTIONS_CHAIN_ERROR]: FyersAPIError: Fyers HTTP 429 on https://api-t1.fyers.in/data/options-chain-v3?symbol=NSE%3AINFY-EQ&strikecount=30: {"type":"https://developers.cloudflare.com/support/troubleshooting/http-status-codes/cloudflare-1xxx-errors/error-1015/","title":"Error 1015: You are being rate limited","status":429,"detail":"You are being rate-limited by the website owner's configuration.","instance":"a2e8b6180a32c03d","error_code":1015,"error_name":"rate_limited","error_category":"rate_limit","ray_id":"a2e8b6180a32c03d","timestamp":"2026-08-21T09:46:33Z","zone":"api-t1.fyers.in","cloudflare_error":true,"retryable":true,"retry
[15:16:34]   INDIGO chain unavailable [OPTIONS_CHAIN_ERROR]: FyersAPIError: Fyers HTTP 429 on https://api-t1.fyers.in/data/options-chain-v3?symbol=NSE%3AINDIGO-EQ&strikecount=30: {"type":"https://developers.cloudflare.com/support/troubleshooting/http-status-codes/cloudflare-1xxx-errors/error-1015/","title":"Error 1015: You are being rate limited","status":429,"detail":"You are being rate-limited by the website owner's configuration.","instance":"a2e8b618ea4320fe","error_code":1015,"error_name":"rate_limited","error_category":"rate_limit","ray_id":"a2e8b618ea4320fe","timestamp":"2026-08-21T09:46:33Z","zone":"api-t1.fyers.in","cloudflare_error":true,"retryable":true,"retry
[15:16:35]   JSWSTEEL chain unavailable [OPTIONS_CHAIN_ERROR]: FyersAPIError: Fyers HTTP 429 on https://api-t1.fyers.in/data/options-chain-v3?symbol=NSE%3AJSWSTEEL-EQ&strikecount=30: {"type":"https://developers.cloudflare.com/support/troubleshooting/http-status-codes/cloudflare-1xxx-errors/error-1015/","title":"Error 1015: You are being rate limited","status":429,"detail":"You are being rate-limited by the website owner's configuration.","instance":"a2e8b619bf7b3d42","error_code":1015,"error_name":"rate_limited","error_category":"rate_limit","ray_id":"a2e8b619bf7b3d42","timestamp":"2026-08-21T09:46:33Z","zone":"api-t1.fyers.in","cloudflare_error":true,"retryable":true,"retry
[15:16:35]   DATA HEALTH ALERT BANKNIFTY: Invalid IV for CE 54600.0; Missing delta for CE 54600.0; Invalid IV for PE 54600.0; Zero volume CE at 54600.0; Zero volume CE at 54700.0; Zero volume CE at 54800.0; Candidate option quote stale 12.28s; Candidate option quote stale 12.28s; Candidate option quote stale 12.28s; Candidate option quote stale 12.28s; Candidate option quote stale 11.28s; Candidate option quote stale 10.28s
[15:16:35]   DATA HEALTH ALERT MIDCPNIFTY: CE/PE timestamp delta 36.00s at 14825.0; Candidate option quote warning stale 7.28s; Candidate option quote stale 9.29s; Candidate option quote stale 44.29s; Candidate option quote stale 8.29s; Candidate option quote warning stale 6.29s; Candidate option quote warning stale 7.29s
[15:16:42]   NIFTY NSE:NIFTY26AUG24250CE depth unavailable: FyersAPIError: Fyers HTTP 429 on https://api-t1.fyers.in/data/depth?symbol=NSE%3ANIFTY26AUG24250CE&ohlcv_flag=1: {"type":"https://developers.cloudflare.com/support/troubleshooting/http-status-cod
[15:16:49]   MIDCPNIFTY NSE:MIDCPNIFTY26AUG14825CE depth unavailable: FyersAPIError: Fyers HTTP 429 on https://api-t1.fyers.in/data/depth?symbol=NSE%3AMIDCPNIFTY26AUG14825CE&ohlcv_flag=1: {"type":"https://developers.cloudflare.com/support/troubleshooting/http-statu
[15:17:22]   TMPV chain unavailable [OPTIONS_CHAIN_ERROR]: FyersAPIError: Fyers HTTP 429 on https://api-t1.fyers.in/data/options-chain-v3?symbol=NSE%3ATMPV-EQ&strikecount=30: {"type":"https://developers.cloudflare.com/support/troubleshooting/http-status-codes/cloudflare-1xxx-errors/error-1015/","title":"Error 1015: You are being rate limited","status":429,"detail":"You are being rate-limited by the website owner's configuration.","instance":"a2e8b7448b6a46aa","error_code":1015,"error_name":"rate_limited","error_category":"rate_limit","ray_id":"a2e8b7448b6a46aa","timestamp":"2026-08-21T09:47:21Z","zone":"api-t1.fyers.in","cloudflare_error":true,"retryable":true,"retry
[15:17:23]   BAJFINANCE chain unavailable [OPTIONS_CHAIN_ERROR]: FyersAPIError: Fyers HTTP 429 on https://api-t1.fyers.in/data/options-chain-v3?symbol=NSE%3ABAJFINANCE-EQ&strikecount=30: {"type":"https://developers.cloudflare.com/support/troubleshooting/http-status-codes/cloudflare-1xxx-errors/error-1015/","title":"Error 1015: You are being rate limited","status":429,"detail":"You are being rate-limited by the website owner's configuration.","instance":"a2e8b74559e54154","error_code":1015,"error_name":"rate_limited","error_category":"rate_limit","ray_id":"a2e8b74559e54154","timestamp":"2026-08-21T09:47:21Z","zone":"api-t1.fyers.in","cloudflare_error":true,"retryable":true,"retry
[15:17:23]   ICICIBANK chain unavailable [OPTIONS_CHAIN_ERROR]: FyersAPIError: Fyers HTTP 429 on https://api-t1.fyers.in/data/options-chain-v3?symbol=NSE%3AICICIBANK-EQ&strikecount=30: {"type":"https://developers.cloudflare.com/support/troubleshooting/http-status-codes/cloudflare-1xxx-errors/error-1015/","title":"Error 1015: You are being rate limited","status":429,"detail":"You are being rate-limited by the website owner's configuration.","instance":"a2e8b7464dd54737","error_code":1015,"error_name":"rate_limited","error_category":"rate_limit","ray_id":"a2e8b7464dd54737","timestamp":"2026-08-21T09:47:21Z","zone":"api-t1.fyers.in","cloudflare_error":true,"retryable":true,"retry
[15:17:32]   DATA HEALTH ALERT INFY: CE/PE timestamp delta 4.00s at 1115.0; CE/PE timestamp delta 14.00s at 1120.0; Candidate option quote stale 12.45s; Candidate option quote stale 26.45s; Candidate option quote stale 36.46s; Candidate option quote stale 32.46s; Candidate option quote stale 131.46s
[15:17:32]   DATA HEALTH ALERT INDIGO: CE/PE timestamp delta 50.00s at 5000.0; CE/PE timestamp delta 6.00s at 5200.0; Candidate option quote stale 11.46s; Candidate option quote stale 11.46s; Candidate option quote stale 59.46s; Candidate option quote stale 9.46s; Candidate option quote stale 25.46s; Candidate option quote stale 19.47s
[15:17:32]   DATA HEALTH ALERT JSWSTEEL: CE/PE timestamp delta 7.00s at 1280.0; CE/PE timestamp delta 56.00s at 1300.0; CE/PE timestamp delta 303.00s at 1320.0; Candidate option quote stale 83.47s; Candidate option quote stale 139.47s; Candidate option quote stale 139.47s; Candidate option quote stale 146.47s; Candidate option quote stale 27.47s; Candidate option quote stale 330.47s
[15:17:37]   NIFTY chain unavailable [OPTIONS_CHAIN_ERROR]: FyersAPIError: Fyers HTTP 429 on https://api-t1.fyers.in/data/options-chain-v3?symbol=NSE%3ANIFTY50-INDEX&strikecount=30: {"type":"https://developers.cloudflare.com/support/troubleshooting/http-status-codes/cloudflare-1xxx-errors/error-1015/","title":"Error 1015: You are being rate limited","status":429,"detail":"You are being rate-limited by the website owner's configuration.","instance":"a2e8b7a0ad6bff62","error_code":1015,"error_name":"rate_limited","error_category":"rate_limit","ray_id":"a2e8b7a0ad6bff62","timestamp":"2026-08-21T09:47:36Z","zone":"api-t1.fyers.in","cloudflare_error":true,"retryable":true,"retry
[15:17:37]   BANKNIFTY chain unavailable [OPTIONS_CHAIN_ERROR]: FyersAPIError: Fyers HTTP 429 on https://api-t1.fyers.in/data/options-chain-v3?symbol=NSE%3ANIFTYBANK-INDEX&strikecount=30: {"type":"https://developers.cloudflare.com/support/troubleshooting/http-status-codes/cloudflare-1xxx-errors/error-1015/","title":"Error 1015: You are being rate limited","status":429,"detail":"You are being rate-limited by the website owner's configuration.","instance":"a2e8b7a19e3e46b3","error_code":1015,"error_name":"rate_limited","error_category":"rate_limit","ray_id":"a2e8b7a19e3e46b3","timestamp":"2026-08-21T09:47:36Z","zone":"api-t1.fyers.in","cloudflare_error":true,"retryable":true,"retry
[15:17:37]   FINNIFTY chain unavailable [OPTIONS_CHAIN_ERROR]: FyersAPIError: Fyers HTTP 429 on https://api-t1.fyers.in/data/options-chain-v3?symbol=NSE%3AFINNIFTY-INDEX&strikecount=30: {"type":"https://developers.cloudflare.com/support/troubleshooting/http-status-codes/cloudflare-1xxx-errors/error-1015/","title":"Error 1015: You are being rate limited","status":429,"detail":"You are being rate-limited by the website owner's configuration.","instance":"a2e8b7a29a8a41b3","error_code":1015,"error_name":"rate_limited","error_category":"rate_limit","ray_id":"a2e8b7a29a8a41b3","timestamp":"2026-08-21T09:47:36Z","zone":"api-t1.fyers.in","cloudflare_error":true,"retryable":true,"retry
[15:17:38]   MIDCPNIFTY chain unavailable [OPTIONS_CHAIN_ERROR]: FyersAPIError: Fyers HTTP 429 on https://api-t1.fyers.in/data/options-chain-v3?symbol=NSE%3AMIDCPNIFTY-INDEX&strikecount=30: {"type":"https://developers.cloudflare.com/support/troubleshooting/http-status-codes/cloudflare-1xxx-errors/error-1015/","title":"Error 1015: You are being rate limited","status":429,"detail":"You are being rate-limited by the website owner's configuration.","instance":"a2e8b7a39df00e0c","error_code":1015,"error_name":"rate_limited","error_category":"rate_limit","ray_id":"a2e8b7a39df00e0c","timestamp":"2026-08-21T09:47:36Z","zone":"api-t1.fyers.in","cloudflare_error":true,"retryable":true,"retry
[15:17:38]   JIOFIN chain unavailable [OPTIONS_CHAIN_ERROR]: FyersAPIError: Fyers HTTP 429 on https://api-t1.fyers.in/data/options-chain-v3?symbol=NSE%3AJIOFIN-EQ&strikecount=30: {"type":"https://developers.cloudflare.com/support/troubleshooting/http-status-codes/cloudflare-1xxx-errors/error-1015/","title":"Error 1015: You are being rate limited","status":429,"detail":"You are being rate-limited by the website owner's configuration.","instance":"a2e8b7a478ff48e9","error_code":1015,"error_name":"rate_limited","error_category":"rate_limit","ray_id":"a2e8b7a478ff48e9","timestamp":"2026-08-21T09:47:37Z","zone":"api-t1.fyers.in","cloudflare_error":true,"retryable":true,"retry
[15:17:38]   TITAN chain unavailable [OPTIONS_CHAIN_ERROR]: FyersAPIError: Fyers HTTP 429 on https://api-t1.fyers.in/data/options-chain-v3?symbol=NSE%3ATITAN-EQ&strikecount=30: {"type":"https://developers.cloudflare.com/support/troubleshooting/http-status-codes/cloudflare-1xxx-errors/error-1015/","title":"Error 1015: You are being rate limited","status":429,"detail":"You are being rate-limited by the website owner's configuration.","instance":"a2e8b7a62a1eff9b","error_code":1015,"error_name":"rate_limited","error_category":"rate_limit","ray_id":"a2e8b7a62a1eff9b","timestamp":"2026-08-21T09:47:37Z","zone":"api-t1.fyers.in","cloudflare_error":true,"retryable":true,"retry
[15:17:38]   TRENT chain unavailable [OPTIONS_CHAIN_ERROR]: FyersAPIError: Fyers HTTP 429 on https://api-t1.fyers.in/data/options-chain-v3?symbol=NSE%3ATRENT-EQ&strikecount=30: {"type":"https://developers.cloudflare.com/support/troubleshooting/http-status-codes/cloudflare-1xxx-errors/error-1015/","title":"Error 1015: You are being rate limited","status":429,"detail":"You are being rate-limited by the website owner's configuration.","instance":"a2e8b7a73e1247b6","error_code":1015,"error_name":"rate_limited","error_category":"rate_limit","ray_id":"a2e8b7a73e1247b6","timestamp":"2026-08-21T09:47:37Z","zone":"api-t1.fyers.in","cloudflare_error":true,"retryable":true,"retry
[15:17:38]   ULTRACEMCO chain unavailable [OPTIONS_CHAIN_ERROR]: FyersAPIError: Fyers HTTP 429 on https://api-t1.fyers.in/data/options-chain-v3?symbol=NSE%3AULTRACEMCO-EQ&strikecount=30: {"type":"https://developers.cloudflare.com/support/troubleshooting/http-status-codes/cloudflare-1xxx-errors/error-1015/","title":"Error 1015: You are being rate limited","status":429,"detail":"You are being rate-limited by the website owner's configuration.","instance":"a2e8b7a849ba3fe7","error_code":1015,"error_name":"rate_limited","error_category":"rate_limit","ray_id":"a2e8b7a849ba3fe7","timestamp":"2026-08-21T09:47:37Z","zone":"api-t1.fyers.in","cloudflare_error":true,"retryable":true,"retry
[15:17:39]   FOCIT chain unavailable [OPTIONS_CHAIN_ERROR]: FyersAPIError: Fyers HTTP 429 on https://api-t1.fyers.in/data/options-chain-v3?symbol=BSE%3AFOCIT-INDEX&strikecount=30: {"type":"https://developers.cloudflare.com/support/troubleshooting/http-status-codes/cloudflare-1xxx-errors/error-1015/","title":"Error 1015: You are being rate limited","status":429,"detail":"You are being rate-limited by the website owner's configuration.","instance":"a2e8b7a94c8784d7","error_code":1015,"error_name":"rate_limited","error_category":"rate_limit","ray_id":"a2e8b7a94c8784d7","timestamp":"2026-08-21T09:47:37Z","zone":"api-t1.fyers.in","cloudflare_error":true,"retryable":true,"retry
[15:17:39]   NIFTYNXT50 chain unavailable [OPTIONS_CHAIN_ERROR]: FyersAPIError: Fyers HTTP 429 on https://api-t1.fyers.in/data/options-chain-v3?symbol=NSE%3ANIFTYNXT50-INDEX&strikecount=30: {"type":"https://developers.cloudflare.com/support/troubleshooting/http-status-codes/cloudflare-1xxx-errors/error-1015/","title":"Error 1015: You are being rate limited","status":429,"detail":"You are being rate-limited by the website owner's configuration.","instance":"a2e8b7aa3a7b4081","error_code":1015,"error_name":"rate_limited","error_category":"rate_limit","ray_id":"a2e8b7aa3a7b4081","timestamp":"2026-08-21T09:47:37Z","zone":"api-t1.fyers.in","cloudflare_error":true,"retryable":true,"retry
[15:18:02]   FOCIT BSE:FOCIT26AUG36900PE depth unavailable: ValueError: Fyers depth best quote invalid
[15:18:03]   NIFTYNXT50 NSE:NIFTYNXT5026AUG73700CE depth unavailable: ValueError: Fyers depth source timestamp invalid
[15:18:03]   NIFTYNXT50 NSE:NIFTYNXT5026AUG73700PE depth unavailable: ValueError: Fyers depth source timestamp invalid
[15:18:03]   NIFTYNXT50 NSE:NIFTYNXT5026AUG73800PE depth unavailable: ValueError: Fyers depth source timestamp invalid
[15:18:05]   NIFTYNXT50 NSE:NIFTYNXT5026AUG73900CE depth unavailable: ValueError: Fyers depth source timestamp invalid
[15:18:05]   NIFTYNXT50 NSE:NIFTYNXT5026AUG73900PE depth unavailable: ValueError: Fyers depth best quote invalid
[15:18:28]   FOCIT BSE:FOCIT26AUG36900PE depth unavailable: ValueError: Fyers depth best quote invalid
[15:18:29]   NIFTYNXT50 NSE:NIFTYNXT5026AUG73700CE depth unavailable: ValueError: Fyers depth source timestamp invalid
[15:18:29]   NIFTYNXT50 NSE:NIFTYNXT5026AUG73700PE depth unavailable: ValueError: Fyers depth source timestamp invalid
[15:18:29]   NIFTYNXT50 NSE:NIFTYNXT5026AUG73800PE depth unavailable: ValueError: Fyers depth source timestamp invalid
[15:18:30]   NIFTYNXT50 NSE:NIFTYNXT5026AUG73900CE depth unavailable: ValueError: Fyers depth source timestamp invalid
[15:18:30]   NIFTYNXT50 NSE:NIFTYNXT5026AUG73900PE depth unavailable: ValueError: Fyers depth source timestamp invalid
[15:18:34]   DATA HEALTH ALERT NIFTY: Invalid IV for CE 22750.0; Missing delta for CE 22750.0; Invalid IV for PE 22750.0; Zero volume CE at 22750.0; Zero volume CE at 22850.0; Zero volume CE at 23050.0; Candidate option quote stale 22.55s; Candidate option quote stale 22.55s; Candidate option quote stale 23.56s; Candidate option quote stale 22.56s; Candidate option quote stale 22.56s; Candidate option quote stale 21.56s
[15:18:34]   DATA HEALTH ALERT BANKNIFTY: Invalid IV for CE 54600.0; Missing delta for CE 54600.0; Invalid IV for PE 54600.0; Zero volume CE at 54600.0; Zero volume CE at 54700.0; Zero volume CE at 54800.0; Candidate option quote stale 21.57s; Candidate option quote stale 21.57s; Candidate option quote stale 21.57s; Candidate option quote stale 21.58s; Candidate option quote stale 21.58s; Candidate option quote stale 21.58s
[15:18:34]   DATA HEALTH ALERT MIDCPNIFTY: CE/PE timestamp delta 3.00s at 14850.0; Candidate option quote stale 16.58s; Candidate option quote stale 19.58s; Candidate option quote stale 17.59s; Candidate option quote stale 17.59s; Candidate option quote stale 15.59s; Candidate option quote stale 17.59s
[15:18:34]   DATA HEALTH ALERT JIOFIN: CE/PE timestamp delta 89.00s at 240.0; CE/PE timestamp delta 17.00s at 245.0; Candidate option quote stale 43.59s; Candidate option quote stale 43.59s; Candidate option quote stale 114.59s; Candidate option quote stale 25.59s; Candidate option quote stale 37.60s; Candidate option quote stale 54.60s
[15:18:34]   DATA HEALTH ALERT TITAN: CE/PE timestamp delta 147.00s at 5050.0; CE/PE timestamp delta 130.00s at 5100.0; CE/PE timestamp delta 346.00s at 5150.0; Candidate option quote stale 51.60s; Candidate option quote stale 181.60s; Candidate option quote stale 174.60s; Candidate option quote stale 27.60s; Candidate option quote stale 47.61s; Candidate option quote stale 393.61s
[15:18:34]   DATA HEALTH ALERT TRENT: CE/PE timestamp delta 87274.00s at 2850.0; CE/PE timestamp delta 53.00s at 2950.0; Candidate option quote stale 37.61s; Candidate option quote stale 35.61s; Candidate option quote stale 87331.61s; Candidate option quote stale 57.61s; Candidate option quote stale 17.61s; Candidate option quote stale 70.61s
[15:18:34]   DATA HEALTH ALERT ULTRACEMCO: CE/PE timestamp delta 5.00s at 11500.0; CE/PE timestamp delta 34.00s at 11600.0; Candidate option quote stale 52.61s; Candidate option quote stale 52.61s; Candidate option quote stale 18.61s; Candidate option quote stale 52.61s; Candidate option quote stale 52.62s; Candidate option quote stale 47.62s
[15:18:34]   DATA HEALTH ALERT FOCIT: CE/PE timestamp delta 55093.42s at 36900.0; CE/PE timestamp delta 16.00s at 37000.0; CE/PE timestamp delta 49300.00s at 37100.0; Candidate option quote stale 13.62s; Candidate option quote stale 29.62s; Candidate option quote stale 55114.62s; Candidate option quote invalid; Candidate option quote stale 5814.62s; Candidate option quote stale 55114.62s
[15:18:34]   DATA HEALTH ALERT NIFTYNXT50: CE/PE timestamp delta 1819364.42s at 73800.0; Candidate option quote stale 1819385.63s; Candidate option quote depth unavailable; Candidate option quote depth unavailable; Candidate option quote depth unavailable; Candidate option quote depth unavailable; Candidate option quote depth unavailable
[15:18:39]   NIFTY chain unavailable [OPTIONS_CHAIN_ERROR]: FyersAPIError: Fyers HTTP 429 on https://api-t1.fyers.in/data/options-chain-v3?symbol=NSE%3ANIFTY50-INDEX&strikecount=30: {"type":"https://developers.cloudflare.com/support/troubleshooting/http-status-codes/cloudflare-1xxx-errors/error-1015/","title":"Error 1015: You are being rate limited","status":429,"detail":"You are being rate-limited by the website owner's configuration.","instance":"a2e8b9254e6d3c58","error_code":1015,"error_name":"rate_limited","error_category":"rate_limit","ray_id":"a2e8b9254e6d3c58","timestamp":"2026-08-21T09:48:38Z","zone":"api-t1.fyers.in","cloudflare_error":true,"retryable":true,"retry
[15:18:39]   BANKNIFTY chain unavailable [OPTIONS_CHAIN_ERROR]: FyersAPIError: Fyers HTTP 429 on https://api-t1.fyers.in/data/options-chain-v3?symbol=NSE%3ANIFTYBANK-INDEX&strikecount=30: {"type":"https://developers.cloudflare.com/support/troubleshooting/http-status-codes/cloudflare-1xxx-errors/error-1015/","title":"Error 1015: You are being rate limited","status":429,"detail":"You are being rate-limited by the website owner's configuration.","instance":"a2e8b9264dd0ff6e","error_code":1015,"error_name":"rate_limited","error_category":"rate_limit","ray_id":"a2e8b9264dd0ff6e","timestamp":"2026-08-21T09:48:38Z","zone":"api-t1.fyers.in","cloudflare_error":true,"retryable":true,"retry
[15:18:40]   FINNIFTY chain unavailable [OPTIONS_CHAIN_ERROR]: FyersAPIError: Fyers HTTP 429 on https://api-t1.fyers.in/data/options-chain-v3?symbol=NSE%3AFINNIFTY-INDEX&strikecount=30: {"type":"https://developers.cloudflare.com/support/troubleshooting/http-status-codes/cloudflare-1xxx-errors/error-1015/","title":"Error 1015: You are being rate limited","status":429,"detail":"You are being rate-limited by the website owner's configuration.","instance":"a2e8b9276d7bc03d","error_code":1015,"error_name":"rate_limited","error_category":"rate_limit","ray_id":"a2e8b9276d7bc03d","timestamp":"2026-08-21T09:48:38Z","zone":"api-t1.fyers.in","cloudflare_error":true,"retryable":true,"retry
[15:18:47]   HCLTECH NSE:HCLTECH26AUG1310PE depth unavailable: FyersAPIError: Fyers HTTP 429 on https://api-t1.fyers.in/data/depth?symbol=NSE%3AHCLTECH26AUG1310PE&ohlcv_flag=1: {"type":"https://developers.cloudflare.com/support/troubleshooting/http-status-co
[15:18:51]   HDFCLIFE NSE:HDFCLIFE26AUG555CE depth unavailable: FyersAPIError: Fyers HTTP 429 on https://api-t1.fyers.in/data/depth?symbol=NSE%3AHDFCLIFE26AUG555CE&ohlcv_flag=1: {"message":"request limit reached","code":429,"s":"error"}
[15:18:54]   HDFCLIFE NSE:HDFCLIFE26AUG560CE depth unavailable: FyersAPIError: Fyers HTTP 429 on https://api-t1.fyers.in/data/depth?symbol=NSE%3AHDFCLIFE26AUG560CE&ohlcv_flag=1: {"type":"https://developers.cloudflare.com/support/troubleshooting/http-status-co
[15:19:07]   BANKNIFTY NSE:BANKNIFTY26AUG57500CE depth unavailable: FyersAPIError: Fyers HTTP 429 on https://api-t1.fyers.in/data/depth?symbol=NSE%3ABANKNIFTY26AUG57500CE&ohlcv_flag=1: {"type":"https://developers.cloudflare.com/support/troubleshooting/http-status
[15:19:49]   NTPC NSE:NTPC26AUG345CE depth unavailable: FyersAPIError: Fyers HTTP 429 on https://api-t1.fyers.in/data/depth?symbol=NSE%3ANTPC26AUG345CE&ohlcv_flag=1: {"type":"https://developers.cloudflare.com/support/troubleshooting/http-status-codes/
[15:19:52]   DATA HEALTH ALERT NIFTY: Invalid IV for CE 22750.0; Missing delta for CE 22750.0; Invalid IV for PE 22750.0; Zero volume CE at 22750.0; Zero volume CE at 22850.0; Zero volume CE at 23050.0; Candidate option quote stale 24.96s; Candidate option quote stale 24.96s; Candidate option quote stale 24.96s; Candidate option quote stale 24.96s; Candidate option quote stale 24.96s; Candidate option quote stale 23.96s
[15:19:52]   DATA HEALTH ALERT BANKNIFTY: Invalid IV for CE 54600.0; Missing delta for CE 54600.0; Invalid IV for PE 54600.0; Zero volume CE at 54600.0; Zero volume CE at 54700.0; Zero volume CE at 54800.0; Candidate option quote stale 23.97s; Candidate option quote stale 22.97s; Candidate option quote stale 22.97s; Candidate option quote stale 22.97s; Candidate option quote stale 22.97s; Candidate option quote stale 21.97s
[15:20:03]   FINNIFTY NSE:FINNIFTY26AUG26300CE depth unavailable: FyersAPIError: Fyers HTTP 429 on https://api-t1.fyers.in/data/depth?symbol=NSE%3AFINNIFTY26AUG26300CE&ohlcv_flag=1: {"type":"https://developers.cloudflare.com/support/troubleshooting/http-status-
[15:20:09]   ETERNAL NSE:ETERNAL26AUG335CE depth unavailable: FyersAPIError: Fyers HTTP 429 on https://api-t1.fyers.in/data/depth?symbol=NSE%3AETERNAL26AUG335CE&ohlcv_flag=1: {"type":"https://developers.cloudflare.com/support/troubleshooting/http-status-cod
[15:20:16]   SBIN NSE:SBIN26AUG1050CE depth unavailable: FyersAPIError: Fyers HTTP 429 on https://api-t1.fyers.in/data/depth?symbol=NSE%3ASBIN26AUG1050CE&ohlcv_flag=1: {"type":"https://developers.cloudflare.com/support/troubleshooting/http-status-codes
[15:20:21]   DATA HEALTH ALERT MARUTI: CE/PE timestamp delta 42.00s at 13500.0; CE/PE timestamp delta 10.00s at 13700.0; Candidate option quote stale 16.00s; Candidate option quote stale 14.00s; Candidate option quote stale 105.00s; Candidate option quote stale 63.00s; Candidate option quote stale 14.00s; Candidate option quote stale 24.00s
[15:20:47]   DATA HEALTH ALERT SBIN: CE/PE timestamp delta 75.00s at 1030.0; CE/PE timestamp delta 21.00s at 1040.0; CE/PE timestamp delta 13.00s at 1050.0; Candidate option quote stale 46.04s; Candidate option quote stale 25.04s; Candidate option quote stale 100.05s; Candidate option quote stale 25.05s; Candidate option quote stale 9.05s; Candidate option quote stale 22.05s
[15:20:56]   MIDCPNIFTY chain unavailable [OPTIONS_CHAIN_ERROR]: FyersAPIError: Fyers HTTP 429 on https://api-t1.fyers.in/data/options-chain-v3?symbol=NSE%3AMIDCPNIFTY-INDEX&strikecount=30: {"type":"https://developers.cloudflare.com/support/troubleshooting/http-status-codes/cloudflare-1xxx-errors/error-1015/","title":"Error 1015: You are being rate limited","status":429,"detail":"You are being rate-limited by the website owner's configuration.","instance":"a2e8bc7c6a21d7f3","error_code":1015,"error_name":"rate_limited","error_category":"rate_limit","ray_id":"a2e8bc7c6a21d7f3","timestamp":"2026-08-21T09:50:55Z","zone":"api-t1.fyers.in","cloudflare_error":true,"retryable":true,"retry
[15:20:56]   BHARTIARTL chain unavailable [OPTIONS_CHAIN_ERROR]: FyersAPIError: Fyers HTTP 429 on https://api-t1.fyers.in/data/options-chain-v3?symbol=NSE%3ABHARTIARTL-EQ&strikecount=30: {"type":"https://developers.cloudflare.com/support/troubleshooting/http-status-codes/cloudflare-1xxx-errors/error-1015/","title":"Error 1015: You are being rate limited","status":429,"detail":"You are being rate-limited by the website owner's configuration.","instance":"a2e8bc7d6d393026","error_code":1015,"error_name":"rate_limited","error_category":"rate_limit","ray_id":"a2e8bc7d6d393026","timestamp":"2026-08-21T09:50:55Z","zone":"api-t1.fyers.in","cloudflare_error":true,"retryable":true,"retry
[15:20:56]   EICHERMOT chain unavailable [OPTIONS_CHAIN_ERROR]: FyersAPIError: Fyers HTTP 429 on https://api-t1.fyers.in/data/options-chain-v3?symbol=NSE%3AEICHERMOT-EQ&strikecount=30: {"type":"https://developers.cloudflare.com/support/troubleshooting/http-status-codes/cloudflare-1xxx-errors/error-1015/","title":"Error 1015: You are being rate limited","status":429,"detail":"You are being rate-limited by the website owner's configuration.","instance":"a2e8bc7e584b0029","error_code":1015,"error_name":"rate_limited","error_category":"rate_limit","ray_id":"a2e8bc7e584b0029","timestamp":"2026-08-21T09:50:55Z","zone":"api-t1.fyers.in","cloudflare_error":true,"retryable":true,"retry
[15:20:57]   ETERNAL chain unavailable [OPTIONS_CHAIN_ERROR]: FyersAPIError: Fyers HTTP 429 on https://api-t1.fyers.in/data/options-chain-v3?symbol=NSE%3AETERNAL-EQ&strikecount=30: {"type":"https://developers.cloudflare.com/support/troubleshooting/http-status-codes/cloudflare-1xxx-errors/error-1015/","title":"Error 1015: You are being rate limited","status":429,"detail":"You are being rate-limited by the website owner's configuration.","instance":"a2e8bc7f2f4f3228","error_code":1015,"error_name":"rate_limited","error_category":"rate_limit","ray_id":"a2e8bc7f2f4f3228","timestamp":"2026-08-21T09:50:55Z","zone":"api-t1.fyers.in","cloudflare_error":true,"retryable":true,"retry
[15:21:17]   INFY chain unavailable [OPTIONS_CHAIN_ERROR]: FyersAPIError: Fyers HTTP 429 on https://api-t1.fyers.in/data/options-chain-v3?symbol=NSE%3AINFY-EQ&strikecount=30: {"type":"https://developers.cloudflare.com/support/troubleshooting/http-status-codes/cloudflare-1xxx-errors/error-1015/","title":"Error 1015: You are being rate limited","status":429,"detail":"You are being rate-limited by the website owner's configuration.","instance":"a2e8bcfdf87416f6","error_code":1015,"error_name":"rate_limited","error_category":"rate_limit","ray_id":"a2e8bcfdf87416f6","timestamp":"2026-08-21T09:51:16Z","zone":"api-t1.fyers.in","cloudflare_error":true,"retryable":true,"retry
[15:21:17]   INDIGO chain unavailable [OPTIONS_CHAIN_ERROR]: FyersAPIError: Fyers HTTP 429 on https://api-t1.fyers.in/data/options-chain-v3?symbol=NSE%3AINDIGO-EQ&strikecount=30: {"type":"https://developers.cloudflare.com/support/troubleshooting/http-status-codes/cloudflare-1xxx-errors/error-1015/","title":"Error 1015: You are being rate limited","status":429,"detail":"You are being rate-limited by the website owner's configuration.","instance":"a2e8bcfecc871c69","error_code":1015,"error_name":"rate_limited","error_category":"rate_limit","ray_id":"a2e8bcfecc871c69","timestamp":"2026-08-21T09:51:16Z","zone":"api-t1.fyers.in","cloudflare_error":true,"retryable":true,"retry
[15:21:17]   JSWSTEEL chain unavailable [OPTIONS_CHAIN_ERROR]: FyersAPIError: Fyers HTTP 429 on https://api-t1.fyers.in/data/options-chain-v3?symbol=NSE%3AJSWSTEEL-EQ&strikecount=30: {"type":"https://developers.cloudflare.com/support/troubleshooting/http-status-codes/cloudflare-1xxx-errors/error-1015/","title":"Error 1015: You are being rate limited","status":429,"detail":"You are being rate-limited by the website owner's configuration.","instance":"a2e8bcffbc6980b0","error_code":1015,"error_name":"rate_limited","error_category":"rate_limit","ray_id":"a2e8bcffbc6980b0","timestamp":"2026-08-21T09:51:16Z","zone":"api-t1.fyers.in","cloudflare_error":true,"retryable":true,"retry
[15:21:17]   TRENT chain unavailable [OPTIONS_CHAIN_ERROR]: FyersAPIError: Fyers HTTP 429 on https://api-t1.fyers.in/data/options-chain-v3?symbol=NSE%3ATRENT-EQ&strikecount=30: {"type":"https://developers.cloudflare.com/support/troubleshooting/http-status-codes/cloudflare-1xxx-errors/error-1015/","title":"Error 1015: You are being rate limited","status":429,"detail":"You are being rate-limited by the website owner's configuration.","instance":"a2e8bd008e0c3a3f","error_code":1015,"error_name":"rate_limited","error_category":"rate_limit","ray_id":"a2e8bd008e0c3a3f","timestamp":"2026-08-21T09:51:16Z","zone":"api-t1.fyers.in","cloudflare_error":true,"retryable":true,"retry
[15:21:17]   ULTRACEMCO chain unavailable [OPTIONS_CHAIN_ERROR]: FyersAPIError: Fyers HTTP 429 on https://api-t1.fyers.in/data/options-chain-v3?symbol=NSE%3AULTRACEMCO-EQ&strikecount=30: {"type":"https://developers.cloudflare.com/support/troubleshooting/http-status-codes/cloudflare-1xxx-errors/error-1015/","title":"Error 1015: You are being rate limited","status":429,"detail":"You are being rate-limited by the website owner's configuration.","instance":"a2e8bd018ce2fcad","error_code":1015,"error_name":"rate_limited","error_category":"rate_limit","ray_id":"a2e8bd018ce2fcad","timestamp":"2026-08-21T09:51:16Z","zone":"api-t1.fyers.in","cloudflare_error":true,"retryable":true,"retry
[15:21:18]   WIPRO chain unavailable [OPTIONS_CHAIN_ERROR]: FyersAPIError: Fyers HTTP 429 on https://api-t1.fyers.in/data/options-chain-v3?symbol=NSE%3AWIPRO-EQ&strikecount=30: {"type":"https://developers.cloudflare.com/support/troubleshooting/http-status-codes/cloudflare-1xxx-errors/error-1015/","title":"Error 1015: You are being rate limited","status":429,"detail":"You are being rate-limited by the website owner's configuration.","instance":"a2e8bd029dbe85cb","error_code":1015,"error_name":"rate_limited","error_category":"rate_limit","ray_id":"a2e8bd029dbe85cb","timestamp":"2026-08-21T09:51:16Z","zone":"api-t1.fyers.in","cloudflare_error":true,"retryable":true,"retry
[15:21:30]   FINNIFTY chain unavailable [OPTIONS_CHAIN_ERROR]: FyersAPIError: Fyers HTTP 429 on https://api-t1.fyers.in/data/options-chain-v3?symbol=NSE%3AFINNIFTY-INDEX&strikecount=30: {"type":"https://developers.cloudflare.com/support/troubleshooting/http-status-codes/cloudflare-1xxx-errors/error-1015/","title":"Error 1015: You are being rate limited","status":429,"detail":"You are being rate-limited by the website owner's configuration.","instance":"a2e8bd52d921ffa2","error_code":1015,"error_name":"rate_limited","error_category":"rate_limit","ray_id":"a2e8bd52d921ffa2","timestamp":"2026-08-21T09:51:29Z","zone":"api-t1.fyers.in","cloudflare_error":true,"retryable":true,"retry
[15:21:31]   MIDCPNIFTY chain unavailable [OPTIONS_CHAIN_ERROR]: FyersAPIError: Fyers HTTP 429 on https://api-t1.fyers.in/data/options-chain-v3?symbol=NSE%3AMIDCPNIFTY-INDEX&strikecount=30: {"type":"https://developers.cloudflare.com/support/troubleshooting/http-status-codes/cloudflare-1xxx-errors/error-1015/","title":"Error 1015: You are being rate limited","status":429,"detail":"You are being rate-limited by the website owner's configuration.","instance":"a2e8bd53ef554460","error_code":1015,"error_name":"rate_limited","error_category":"rate_limit","ray_id":"a2e8bd53ef554460","timestamp":"2026-08-21T09:51:29Z","zone":"api-t1.fyers.in","cloudflare_error":true,"retryable":true,"retry
[15:21:31]   INFY chain unavailable [OPTIONS_CHAIN_ERROR]: FyersAPIError: Fyers HTTP 429 on https://api-t1.fyers.in/data/options-chain-v3?symbol=NSE%3AINFY-EQ&strikecount=30: {"type":"https://developers.cloudflare.com/support/troubleshooting/http-status-codes/cloudflare-1xxx-errors/error-1015/","title":"Error 1015: You are being rate limited","status":429,"detail":"You are being rate-limited by the website owner's configuration.","instance":"a2e8bd550f0485c5","error_code":1015,"error_name":"rate_limited","error_category":"rate_limit","ray_id":"a2e8bd550f0485c5","timestamp":"2026-08-21T09:51:30Z","zone":"api-t1.fyers.in","cloudflare_error":true,"retryable":true,"retry
[15:21:31]   INDIGO chain unavailable [OPTIONS_CHAIN_ERROR]: FyersAPIError: Fyers HTTP 429 on https://api-t1.fyers.in/data/options-chain-v3?symbol=NSE%3AINDIGO-EQ&strikecount=30: {"type":"https://developers.cloudflare.com/support/troubleshooting/http-status-codes/cloudflare-1xxx-errors/error-1015/","title":"Error 1015: You are being rate limited","status":429,"detail":"You are being rate-limited by the website owner's configuration.","instance":"a2e8bd55fb9f1699","error_code":1015,"error_name":"rate_limited","error_category":"rate_limit","ray_id":"a2e8bd55fb9f1699","timestamp":"2026-08-21T09:51:30Z","zone":"api-t1.fyers.in","cloudflare_error":true,"retryable":true,"retry
[15:21:31]   JSWSTEEL chain unavailable [OPTIONS_CHAIN_ERROR]: FyersAPIError: Fyers HTTP 429 on https://api-t1.fyers.in/data/options-chain-v3?symbol=NSE%3AJSWSTEEL-EQ&strikecount=30: {"type":"https://developers.cloudflare.com/support/troubleshooting/http-status-codes/cloudflare-1xxx-errors/error-1015/","title":"Error 1015: You are being rate limited","status":429,"detail":"You are being rate-limited by the website owner's configuration.","instance":"a2e8bd56ec73853d","error_code":1015,"error_name":"rate_limited","error_category":"rate_limit","ray_id":"a2e8bd56ec73853d","timestamp":"2026-08-21T09:51:30Z","zone":"api-t1.fyers.in","cloudflare_error":true,"retryable":true,"retry
[15:21:31]   TRENT chain unavailable [OPTIONS_CHAIN_ERROR]: FyersAPIError: Fyers HTTP 429 on https://api-t1.fyers.in/data/options-chain-v3?symbol=NSE%3ATRENT-EQ&strikecount=30: {"type":"https://developers.cloudflare.com/support/troubleshooting/http-status-codes/cloudflare-1xxx-errors/error-1015/","title":"Error 1015: You are being rate limited","status":429,"detail":"You are being rate-limited by the website owner's configuration.","instance":"a2e8bd57f9770eea","error_code":1015,"error_name":"rate_limited","error_category":"rate_limit","ray_id":"a2e8bd57f9770eea","timestamp":"2026-08-21T09:51:30Z","zone":"api-t1.fyers.in","cloudflare_error":true,"retryable":true,"retry
[15:21:31]   ULTRACEMCO chain unavailable [OPTIONS_CHAIN_ERROR]: FyersAPIError: Fyers HTTP 429 on https://api-t1.fyers.in/data/options-chain-v3?symbol=NSE%3AULTRACEMCO-EQ&strikecount=30: {"type":"https://developers.cloudflare.com/support/troubleshooting/http-status-codes/cloudflare-1xxx-errors/error-1015/","title":"Error 1015: You are being rate limited","status":429,"detail":"You are being rate-limited by the website owner's configuration.","instance":"a2e8bd58ce0041a2","error_code":1015,"error_name":"rate_limited","error_category":"rate_limit","ray_id":"a2e8bd58ce0041a2","timestamp":"2026-08-21T09:51:30Z","zone":"api-t1.fyers.in","cloudflare_error":true,"retryable":true,"retry
[15:21:32]   WIPRO chain unavailable [OPTIONS_CHAIN_ERROR]: FyersAPIError: Fyers HTTP 429 on https://api-t1.fyers.in/data/options-chain-v3?symbol=NSE%3AWIPRO-EQ&strikecount=30: {"type":"https://developers.cloudflare.com/support/troubleshooting/http-status-codes/cloudflare-1xxx-errors/error-1015/","title":"Error 1015: You are being rate limited","status":429,"detail":"You are being rate-limited by the website owner's configuration.","instance":"a2e8bd59da3c48f5","error_code":1015,"error_name":"rate_limited","error_category":"rate_limit","ray_id":"a2e8bd59da3c48f5","timestamp":"2026-08-21T09:51:30Z","zone":"api-t1.fyers.in","cloudflare_error":true,"retryable":true,"retry
[15:21:34]   DATA HEALTH ALERT SENSEX: Invalid IV for CE 74500.0; Missing delta for CE 74500.0; Invalid IV for PE 74500.0; Zero volume CE at 74600.0; Zero volume CE at 74700.0; Zero volume CE at 74800.0; Candidate option quote warning stale 5.49s; Candidate option quote warning stale 6.49s
[15:21:34]   DATA HEALTH ALERT BANKEX: CE/PE timestamp delta 299.00s at 65200.0; CE/PE timestamp delta 193.00s at 65300.0; CE/PE timestamp delta 2230.00s at 65400.0; Candidate option quote stale 246.50s; Candidate option quote stale 439.50s; Candidate option quote stale 471.50s; Candidate option quote stale 770.50s; Candidate option quote stale 96.50s; Candidate option quote stale 2326.50s
[15:21:44]   INFY chain unavailable [OPTIONS_CHAIN_ERROR]: FyersAPIError: Fyers HTTP 429 on https://api-t1.fyers.in/data/options-chain-v3?symbol=NSE%3AINFY-EQ&strikecount=30: {"type":"https://developers.cloudflare.com/support/troubleshooting/http-status-codes/cloudflare-1xxx-errors/error-1015/","title":"Error 1015: You are being rate limited","status":429,"detail":"You are being rate-limited by the website owner's configuration.","instance":"a2e8bda9cd3bd895","error_code":1015,"error_name":"rate_limited","error_category":"rate_limit","ray_id":"a2e8bda9cd3bd895","timestamp":"2026-08-21T09:51:43Z","zone":"api-t1.fyers.in","cloudflare_error":true,"retryable":true,"retry
[15:21:45]   INDIGO chain unavailable [OPTIONS_CHAIN_ERROR]: FyersAPIError: Fyers HTTP 429 on https://api-t1.fyers.in/data/options-chain-v3?symbol=NSE%3AINDIGO-EQ&strikecount=30: {"type":"https://developers.cloudflare.com/support/troubleshooting/http-status-codes/cloudflare-1xxx-errors/error-1015/","title":"Error 1015: You are being rate limited","status":429,"detail":"You are being rate-limited by the website owner's configuration.","instance":"a2e8bdaabf180c0c","error_code":1015,"error_name":"rate_limited","error_category":"rate_limit","ray_id":"a2e8bdaabf180c0c","timestamp":"2026-08-21T09:51:43Z","zone":"api-t1.fyers.in","cloudflare_error":true,"retryable":true,"retry
[15:21:45]   JSWSTEEL chain unavailable [OPTIONS_CHAIN_ERROR]: FyersAPIError: Fyers HTTP 429 on https://api-t1.fyers.in/data/options-chain-v3?symbol=NSE%3AJSWSTEEL-EQ&strikecount=30: {"type":"https://developers.cloudflare.com/support/troubleshooting/http-status-codes/cloudflare-1xxx-errors/error-1015/","title":"Error 1015: You are being rate limited","status":429,"detail":"You are being rate-limited by the website owner's configuration.","instance":"a2e8bdabaf40e624","error_code":1015,"error_name":"rate_limited","error_category":"rate_limit","ray_id":"a2e8bdabaf40e624","timestamp":"2026-08-21T09:51:43Z","zone":"api-t1.fyers.in","cloudflare_error":true,"retryable":true,"retry
[15:22:07]   MIDCPNIFTY NSE:MIDCPNIFTY26AUG14850CE depth unavailable: FyersAPIError: Fyers HTTP 429 on https://api-t1.fyers.in/data/depth?symbol=NSE%3AMIDCPNIFTY26AUG14850CE&ohlcv_flag=1: {"type":"https://developers.cloudflare.com/support/troubleshooting/http-statu
[15:22:12]   JSWSTEEL chain unavailable [OPTIONS_CHAIN_ERROR]: FyersAPIError: Fyers HTTP 429 on https://api-t1.fyers.in/data/options-chain-v3?symbol=NSE%3AJSWSTEEL-EQ&strikecount=30: {"type":"https://developers.cloudflare.com/support/troubleshooting/http-status-codes/cloudflare-1xxx-errors/error-1015/","title":"Error 1015: You are being rate limited","status":429,"detail":"You are being rate-limited by the website owner's configuration.","instance":"a2e8be55fd978c3a","error_code":1015,"error_name":"rate_limited","error_category":"rate_limit","ray_id":"a2e8be55fd978c3a","timestamp":"2026-08-21T09:52:11Z","zone":"api-t1.fyers.in","cloudflare_error":true,"retryable":true,"retry
[15:22:12]   TRENT chain unavailable [OPTIONS_CHAIN_ERROR]: FyersAPIError: Fyers HTTP 429 on https://api-t1.fyers.in/data/options-chain-v3?symbol=NSE%3ATRENT-EQ&strikecount=30: {"type":"https://developers.cloudflare.com/support/troubleshooting/http-status-codes/cloudflare-1xxx-errors/error-1015/","title":"Error 1015: You are being rate limited","status":429,"detail":"You are being rate-limited by the website owner's configuration.","instance":"a2e8be56eb1d23ff","error_code":1015,"error_name":"rate_limited","error_category":"rate_limit","ray_id":"a2e8be56eb1d23ff","timestamp":"2026-08-21T09:52:11Z","zone":"api-t1.fyers.in","cloudflare_error":true,"retryable":true,"retry
[15:22:12]   ULTRACEMCO chain unavailable [OPTIONS_CHAIN_ERROR]: FyersAPIError: Fyers HTTP 429 on https://api-t1.fyers.in/data/options-chain-v3?symbol=NSE%3AULTRACEMCO-EQ&strikecount=30: {"type":"https://developers.cloudflare.com/support/troubleshooting/http-status-codes/cloudflare-1xxx-errors/error-1015/","title":"Error 1015: You are being rate limited","status":429,"detail":"You are being rate-limited by the website owner's configuration.","instance":"a2e8be57fb6247ec","error_code":1015,"error_name":"rate_limited","error_category":"rate_limit","ray_id":"a2e8be57fb6247ec","timestamp":"2026-08-21T09:52:11Z","zone":"api-t1.fyers.in","cloudflare_error":true,"retryable":true,"retry
[15:22:12]   WIPRO chain unavailable [OPTIONS_CHAIN_ERROR]: FyersAPIError: Fyers HTTP 429 on https://api-t1.fyers.in/data/options-chain-v3?symbol=NSE%3AWIPRO-EQ&strikecount=30: {"type":"https://developers.cloudflare.com/support/troubleshooting/http-status-codes/cloudflare-1xxx-errors/error-1015/","title":"Error 1015: You are being rate limited","status":429,"detail":"You are being rate-limited by the website owner's configuration.","instance":"a2e8be58dc296eb9","error_code":1015,"error_name":"rate_limited","error_category":"rate_limit","ray_id":"a2e8be58dc296eb9","timestamp":"2026-08-21T09:52:11Z","zone":"api-t1.fyers.in","cloudflare_error":true,"retryable":true,"retry
[15:22:13]   SENSEX chain unavailable [OPTIONS_CHAIN_ERROR]: FyersAPIError: Fyers HTTP 429 on https://api-t1.fyers.in/data/options-chain-v3?symbol=BSE%3ASENSEX-INDEX&strikecount=30: {"type":"https://developers.cloudflare.com/support/troubleshooting/http-status-codes/cloudflare-1xxx-errors/error-1015/","title":"Error 1015: You are being rate limited","status":429,"detail":"You are being rate-limited by the website owner's configuration.","instance":"a2e8be59e97fb630","error_code":1015,"error_name":"rate_limited","error_category":"rate_limit","ray_id":"a2e8be59e97fb630","timestamp":"2026-08-21T09:52:11Z","zone":"api-t1.fyers.in","cloudflare_error":true,"retryable":true,"retry
[15:22:13]   BANKEX chain unavailable [OPTIONS_CHAIN_ERROR]: FyersAPIError: Fyers HTTP 429 on https://api-t1.fyers.in/data/options-chain-v3?symbol=BSE%3ABANKEX-INDEX&strikecount=30: {"type":"https://developers.cloudflare.com/support/troubleshooting/http-status-codes/cloudflare-1xxx-errors/error-1015/","title":"Error 1015: You are being rate limited","status":429,"detail":"You are being rate-limited by the website owner's configuration.","instance":"a2e8be5ae83e46bc","error_code":1015,"error_name":"rate_limited","error_category":"rate_limit","ray_id":"a2e8be5ae83e46bc","timestamp":"2026-08-21T09:52:11Z","zone":"api-t1.fyers.in","cloudflare_error":true,"retryable":true,"retry
[15:22:13]   DATA HEALTH ALERT MIDCPNIFTY: CE/PE timestamp delta 39.00s at 14825.0; CE/PE timestamp delta 6.14s at 14850.0; Candidate option quote depth unavailable; Candidate option quote warning stale 6.40s; Candidate option quote stale 51.40s; Candidate option quote stale 12.40s; Candidate option quote warning stale 6.40s; Candidate option quote warning stale 7.40s
[15:22:20]   NIFTY NSE:NIFTY26AUG24250CE depth unavailable: FyersAPIError: Fyers HTTP 429 on https://api-t1.fyers.in/data/depth?symbol=NSE%3ANIFTY26AUG24250CE&ohlcv_flag=1: {"type":"https://developers.cloudflare.com/support/troubleshooting/http-status-cod
[15:22:26]   ADANIENT chain unavailable [OPTIONS_CHAIN_ERROR]: FyersAPIError: Fyers HTTP 429 on https://api-t1.fyers.in/data/options-chain-v3?symbol=NSE%3AADANIENT-EQ&strikecount=30: {"type":"https://developers.cloudflare.com/support/troubleshooting/http-status-codes/cloudflare-1xxx-errors/error-1015/","title":"Error 1015: You are being rate limited","status":429,"detail":"You are being rate-limited by the website owner's configuration.","instance":"a2e8beac1e83cb6e","error_code":1015,"error_name":"rate_limited","error_category":"rate_limit","ray_id":"a2e8beac1e83cb6e","timestamp":"2026-08-21T09:52:24Z","zone":"api-t1.fyers.in","cloudflare_error":true,"retryable":true,"retry
[15:22:26]   ITC chain unavailable [OPTIONS_CHAIN_ERROR]: FyersAPIError: Fyers HTTP 429 on https://api-t1.fyers.in/data/options-chain-v3?symbol=NSE%3AITC-EQ&strikecount=30: {"type":"https://developers.cloudflare.com/support/troubleshooting/http-status-codes/cloudflare-1xxx-errors/error-1015/","title":"Error 1015: You are being rate limited","status":429,"detail":"You are being rate-limited by the website owner's configuration.","instance":"a2e8bead0d599094","error_code":1015,"error_name":"rate_limited","error_category":"rate_limit","ray_id":"a2e8bead0d599094","timestamp":"2026-08-21T09:52:25Z","zone":"api-t1.fyers.in","cloudflare_error":true,"retryable":true,"retry
[15:22:26]   JIOFIN chain unavailable [OPTIONS_CHAIN_ERROR]: FyersAPIError: Fyers HTTP 429 on https://api-t1.fyers.in/data/options-chain-v3?symbol=NSE%3AJIOFIN-EQ&strikecount=30: {"type":"https://developers.cloudflare.com/support/troubleshooting/http-status-codes/cloudflare-1xxx-errors/error-1015/","title":"Error 1015: You are being rate limited","status":429,"detail":"You are being rate-limited by the website owner's configuration.","instance":"a2e8beadfccbcf40","error_code":1015,"error_name":"rate_limited","error_category":"rate_limit","ray_id":"a2e8beadfccbcf40","timestamp":"2026-08-21T09:52:25Z","zone":"api-t1.fyers.in","cloudflare_error":true,"retryable":true,"retry
[15:22:26]   TITAN chain unavailable [OPTIONS_CHAIN_ERROR]: FyersAPIError: Fyers HTTP 429 on https://api-t1.fyers.in/data/options-chain-v3?symbol=NSE%3ATITAN-EQ&strikecount=30: {"type":"https://developers.cloudflare.com/support/troubleshooting/http-status-codes/cloudflare-1xxx-errors/error-1015/","title":"Error 1015: You are being rate limited","status":429,"detail":"You are being rate-limited by the website owner's configuration.","instance":"a2e8beaed93db13b","error_code":1015,"error_name":"rate_limited","error_category":"rate_limit","ray_id":"a2e8beaed93db13b","timestamp":"2026-08-21T09:52:25Z","zone":"api-t1.fyers.in","cloudflare_error":true,"retryable":true,"retry
[15:22:26]   FOCIT chain unavailable [OPTIONS_CHAIN_ERROR]: FyersAPIError: Fyers HTTP 429 on https://api-t1.fyers.in/data/options-chain-v3?symbol=BSE%3AFOCIT-INDEX&strikecount=30: {"type":"https://developers.cloudflare.com/support/troubleshooting/http-status-codes/cloudflare-1xxx-errors/error-1015/","title":"Error 1015: You are being rate limited","status":429,"detail":"You are being rate-limited by the website owner's configuration.","instance":"a2e8beafdaa5ffab","error_code":1015,"error_name":"rate_limited","error_category":"rate_limit","ray_id":"a2e8beafdaa5ffab","timestamp":"2026-08-21T09:52:25Z","zone":"api-t1.fyers.in","cloudflare_error":true,"retryable":true,"retry
[15:22:26]   NIFTYNXT50 chain unavailable [OPTIONS_CHAIN_ERROR]: FyersAPIError: Fyers HTTP 429 on https://api-t1.fyers.in/data/options-chain-v3?symbol=NSE%3ANIFTYNXT50-INDEX&strikecount=30: {"type":"https://developers.cloudflare.com/support/troubleshooting/http-status-codes/cloudflare-1xxx-errors/error-1015/","title":"Error 1015: You are being rate limited","status":429,"detail":"You are being rate-limited by the website owner's configuration.","instance":"a2e8beb0be462e8f","error_code":1015,"error_name":"rate_limited","error_category":"rate_limit","ray_id":"a2e8beb0be462e8f","timestamp":"2026-08-21T09:52:25Z","zone":"api-t1.fyers.in","cloudflare_error":true,"retryable":true,"retry
[15:22:27]   CIPLA chain unavailable [OPTIONS_CHAIN_ERROR]: FyersAPIError: Fyers HTTP 429 on https://api-t1.fyers.in/data/options-chain-v3?symbol=NSE%3ACIPLA-EQ&strikecount=30: {"type":"https://developers.cloudflare.com/support/troubleshooting/http-status-codes/cloudflare-1xxx-errors/error-1015/","title":"Error 1015: You are being rate limited","status":429,"detail":"You are being rate-limited by the website owner's configuration.","instance":"a2e8beb1bd6eb85f","error_code":1015,"error_name":"rate_limited","error_category":"rate_limit","ray_id":"a2e8beb1bd6eb85f","timestamp":"2026-08-21T09:52:25Z","zone":"api-t1.fyers.in","cloudflare_error":true,"retryable":true,"retry
[15:22:47]   TITAN chain unavailable [OPTIONS_CHAIN_ERROR]: FyersAPIError: Fyers HTTP 429 on https://api-t1.fyers.in/data/options-chain-v3?symbol=NSE%3ATITAN-EQ&strikecount=30: {"type":"https://developers.cloudflare.com/support/troubleshooting/http-status-codes/cloudflare-1xxx-errors/error-1015/","title":"Error 1015: You are being rate limited","status":429,"detail":"You are being rate-limited by the website owner's configuration.","instance":"a2e8bf2f7ee7493a","error_code":1015,"error_name":"rate_limited","error_category":"rate_limit","ray_id":"a2e8bf2f7ee7493a","timestamp":"2026-08-21T09:52:46Z","zone":"api-t1.fyers.in","cloudflare_error":true,"retryable":true,"retry
[15:22:47]   FOCIT chain unavailable [OPTIONS_CHAIN_ERROR]: FyersAPIError: Fyers HTTP 429 on https://api-t1.fyers.in/data/options-chain-v3?symbol=BSE%3AFOCIT-INDEX&strikecount=30: {"type":"https://developers.cloudflare.com/support/troubleshooting/http-status-codes/cloudflare-1xxx-errors/error-1015/","title":"Error 1015: You are being rate limited","status":429,"detail":"You are being rate-limited by the website owner's configuration.","instance":"a2e8bf307dceff9a","error_code":1015,"error_name":"rate_limited","error_category":"rate_limit","ray_id":"a2e8bf307dceff9a","timestamp":"2026-08-21T09:52:46Z","zone":"api-t1.fyers.in","cloudflare_error":true,"retryable":true,"retry
[15:22:47]   NIFTYNXT50 chain unavailable [OPTIONS_CHAIN_ERROR]: FyersAPIError: Fyers HTTP 429 on https://api-t1.fyers.in/data/options-chain-v3?symbol=NSE%3ANIFTYNXT50-INDEX&strikecount=30: {"type":"https://developers.cloudflare.com/support/troubleshooting/http-status-codes/cloudflare-1xxx-errors/error-1015/","title":"Error 1015: You are being rate limited","status":429,"detail":"You are being rate-limited by the website owner's configuration.","instance":"a2e8bf316b1b47de","error_code":1015,"error_name":"rate_limited","error_category":"rate_limit","ray_id":"a2e8bf316b1b47de","timestamp":"2026-08-21T09:52:46Z","zone":"api-t1.fyers.in","cloudflare_error":true,"retryable":true,"retry
[15:22:47]   CIPLA chain unavailable [OPTIONS_CHAIN_ERROR]: FyersAPIError: Fyers HTTP 429 on https://api-t1.fyers.in/data/options-chain-v3?symbol=NSE%3ACIPLA-EQ&strikecount=30: {"type":"https://developers.cloudflare.com/support/troubleshooting/http-status-codes/cloudflare-1xxx-errors/error-1015/","title":"Error 1015: You are being rate limited","status":429,"detail":"You are being rate-limited by the website owner's configuration.","instance":"a2e8bf326c60b8bf","error_code":1015,"error_name":"rate_limited","error_category":"rate_limit","ray_id":"a2e8bf326c60b8bf","timestamp":"2026-08-21T09:52:46Z","zone":"api-t1.fyers.in","cloudflare_error":true,"retryable":true,"retry
[15:22:47]   GRASIM chain unavailable [OPTIONS_CHAIN_ERROR]: FyersAPIError: Fyers HTTP 429 on https://api-t1.fyers.in/data/options-chain-v3?symbol=NSE%3AGRASIM-EQ&strikecount=30: {"type":"https://developers.cloudflare.com/support/troubleshooting/http-status-codes/cloudflare-1xxx-errors/error-1015/","title":"Error 1015: You are being rate limited","status":429,"detail":"You are being rate-limited by the website owner's configuration.","instance":"a2e8bf337cc43a8d","error_code":1015,"error_name":"rate_limited","error_category":"rate_limit","ray_id":"a2e8bf337cc43a8d","timestamp":"2026-08-21T09:52:46Z","zone":"api-t1.fyers.in","cloudflare_error":true,"retryable":true,"retry
[15:23:07]   FOCIT BSE:FOCIT26AUG36900PE depth unavailable: ValueError: Fyers depth best quote invalid
[15:23:10]   NIFTYNXT50 NSE:NIFTYNXT5026AUG73700CE depth unavailable: ValueError: Fyers depth source timestamp invalid
[15:23:10]   NIFTYNXT50 NSE:NIFTYNXT5026AUG73700PE depth unavailable: ValueError: Fyers depth source timestamp invalid
[15:23:11]   NIFTYNXT50 NSE:NIFTYNXT5026AUG73800PE depth unavailable: ValueError: Fyers depth source timestamp invalid
[15:23:11]   NIFTYNXT50 NSE:NIFTYNXT5026AUG73900CE depth unavailable: ValueError: Fyers depth source timestamp invalid
[15:23:11]   NIFTYNXT50 NSE:NIFTYNXT5026AUG73900PE depth unavailable: ValueError: Fyers depth source timestamp invalid
[15:23:14]   DATA HEALTH ALERT ADANIENT: CE/PE timestamp delta 39.00s at 3000.0; Candidate option quote stale 23.86s; Candidate option quote stale 62.86s; Candidate option quote stale 86.86s; Candidate option quote stale 329.86s
[15:23:14]   DATA HEALTH ALERT ITC: CE/PE timestamp delta 27.00s at 272.5; Candidate option quote stale 19.86s; Candidate option quote stale 19.86s; Candidate option quote stale 65.86s; Candidate option quote stale 67.86s; Candidate option quote stale 34.86s; Candidate option quote stale 61.86s
[15:23:14]   DATA HEALTH ALERT JIOFIN: CE/PE timestamp delta 9.00s at 240.0; CE/PE timestamp delta 16.00s at 242.5; CE/PE timestamp delta 14.00s at 245.0; Candidate option quote stale 50.87s; Candidate option quote stale 66.87s; Candidate option quote stale 70.87s; Candidate option quote stale 61.87s; Candidate option quote stale 27.87s; Candidate option quote stale 41.88s
[15:23:21]   BANKNIFTY chain unavailable [OPTIONS_CHAIN_ERROR]: FyersAPIError: Fyers HTTP 429 on https://api-t1.fyers.in/data/options-chain-v3?symbol=NSE%3ANIFTYBANK-INDEX&strikecount=30: {"type":"https://developers.cloudflare.com/support/troubleshooting/http-status-codes/cloudflare-1xxx-errors/error-1015/","title":"Error 1015: You are being rate limited","status":429,"detail":"You are being rate-limited by the website owner's configuration.","instance":"a2e8c006c9e9c5da","error_code":1015,"error_name":"rate_limited","error_category":"rate_limit","ray_id":"a2e8c006c9e9c5da","timestamp":"2026-08-21T09:53:20Z","zone":"api-t1.fyers.in","cloudflare_error":true,"retryable":true,"retry
[15:23:21]   FINNIFTY chain unavailable [OPTIONS_CHAIN_ERROR]: FyersAPIError: Fyers HTTP 429 on https://api-t1.fyers.in/data/options-chain-v3?symbol=NSE%3AFINNIFTY-INDEX&strikecount=30: {"type":"https://developers.cloudflare.com/support/troubleshooting/http-status-codes/cloudflare-1xxx-errors/error-1015/","title":"Error 1015: You are being rate limited","status":429,"detail":"You are being rate-limited by the website owner's configuration.","instance":"a2e8c007ae5547c6","error_code":1015,"error_name":"rate_limited","error_category":"rate_limit","ray_id":"a2e8c007ae5547c6","timestamp":"2026-08-21T09:53:20Z","zone":"api-t1.fyers.in","cloudflare_error":true,"retryable":true,"retry
[15:23:21]   MIDCPNIFTY chain unavailable [OPTIONS_CHAIN_ERROR]: FyersAPIError: Fyers HTTP 429 on https://api-t1.fyers.in/data/options-chain-v3?symbol=NSE%3AMIDCPNIFTY-INDEX&strikecount=30: {"type":"https://developers.cloudflare.com/support/troubleshooting/http-status-codes/cloudflare-1xxx-errors/error-1015/","title":"Error 1015: You are being rate limited","status":429,"detail":"You are being rate-limited by the website owner's configuration.","instance":"a2e8c0087a073fae","error_code":1015,"error_name":"rate_limited","error_category":"rate_limit","ray_id":"a2e8c0087a073fae","timestamp":"2026-08-21T09:53:20Z","zone":"api-t1.fyers.in","cloudflare_error":true,"retryable":true,"retry
[15:23:22]   HCLTECH chain unavailable [OPTIONS_CHAIN_ERROR]: FyersAPIError: Fyers HTTP 429 on https://api-t1.fyers.in/data/options-chain-v3?symbol=NSE%3AHCLTECH-EQ&strikecount=30: {"type":"https://developers.cloudflare.com/support/troubleshooting/http-status-codes/cloudflare-1xxx-errors/error-1015/","title":"Error 1015: You are being rate limited","status":429,"detail":"You are being rate-limited by the website owner's configuration.","instance":"a2e8c0096ca746c0","error_code":1015,"error_name":"rate_limited","error_category":"rate_limit","ray_id":"a2e8c0096ca746c0","timestamp":"2026-08-21T09:53:20Z","zone":"api-t1.fyers.in","cloudflare_error":true,"retryable":true,"retry
[15:23:22]   HDFCBANK chain unavailable [OPTIONS_CHAIN_ERROR]: FyersAPIError: Fyers HTTP 429 on https://api-t1.fyers.in/data/options-chain-v3?symbol=NSE%3AHDFCBANK-EQ&strikecount=30: {"type":"https://developers.cloudflare.com/support/troubleshooting/http-status-codes/cloudflare-1xxx-errors/error-1015/","title":"Error 1015: You are being rate limited","status":429,"detail":"You are being rate-limited by the website owner's configuration.","instance":"a2e8c00abfaab6fe","error_code":1015,"error_name":"rate_limited","error_category":"rate_limit","ray_id":"a2e8c00abfaab6fe","timestamp":"2026-08-21T09:53:21Z","zone":"api-t1.fyers.in","cloudflare_error":true,"retryable":true,"retry
[15:23:22]   HDFCLIFE chain unavailable [OPTIONS_CHAIN_ERROR]: FyersAPIError: Fyers HTTP 429 on https://api-t1.fyers.in/data/options-chain-v3?symbol=NSE%3AHDFCLIFE-EQ&strikecount=30: {"type":"https://developers.cloudflare.com/support/troubleshooting/http-status-codes/cloudflare-1xxx-errors/error-1015/","title":"Error 1015: You are being rate limited","status":429,"detail":"You are being rate-limited by the website owner's configuration.","instance":"a2e8c00b9b8d46f2","error_code":1015,"error_name":"rate_limited","error_category":"rate_limit","ray_id":"a2e8c00b9b8d46f2","timestamp":"2026-08-21T09:53:21Z","zone":"api-t1.fyers.in","cloudflare_error":true,"retryable":true,"retry
[15:23:22]   MAXHEALTH chain unavailable [OPTIONS_CHAIN_ERROR]: FyersAPIError: Fyers HTTP 429 on https://api-t1.fyers.in/data/options-chain-v3?symbol=NSE%3AMAXHEALTH-EQ&strikecount=30: {"type":"https://developers.cloudflare.com/support/troubleshooting/http-status-codes/cloudflare-1xxx-errors/error-1015/","title":"Error 1015: You are being rate limited","status":429,"detail":"You are being rate-limited by the website owner's configuration.","instance":"a2e8c00c8f1e47c9","error_code":1015,"error_name":"rate_limited","error_category":"rate_limit","ray_id":"a2e8c00c8f1e47c9","timestamp":"2026-08-21T09:53:21Z","zone":"api-t1.fyers.in","cloudflare_error":true,"retryable":true,"retry
[15:23:22]   NTPC chain unavailable [OPTIONS_CHAIN_ERROR]: FyersAPIError: Fyers HTTP 429 on https://api-t1.fyers.in/data/options-chain-v3?symbol=NSE%3ANTPC-EQ&strikecount=30: {"type":"https://developers.cloudflare.com/support/troubleshooting/http-status-codes/cloudflare-1xxx-errors/error-1015/","title":"Error 1015: You are being rate limited","status":429,"detail":"You are being rate-limited by the website owner's configuration.","instance":"a2e8c00dab1ccc8c","error_code":1015,"error_name":"rate_limited","error_category":"rate_limit","ray_id":"a2e8c00dab1ccc8c","timestamp":"2026-08-21T09:53:21Z","zone":"api-t1.fyers.in","cloudflare_error":true,"retryable":true,"retry
[15:23:22]   NESTLEIND chain unavailable [OPTIONS_CHAIN_ERROR]: FyersAPIError: Fyers HTTP 429 on https://api-t1.fyers.in/data/options-chain-v3?symbol=NSE%3ANESTLEIND-EQ&strikecount=30: {"type":"https://developers.cloudflare.com/support/troubleshooting/http-status-codes/cloudflare-1xxx-errors/error-1015/","title":"Error 1015: You are being rate limited","status":429,"detail":"You are being rate-limited by the website owner's configuration.","instance":"a2e8c00eab1ba7b7","error_code":1015,"error_name":"rate_limited","error_category":"rate_limit","ray_id":"a2e8c00eab1ba7b7","timestamp":"2026-08-21T09:53:21Z","zone":"api-t1.fyers.in","cloudflare_error":true,"retryable":true,"retry
[15:23:23]   MARUTI chain unavailable [OPTIONS_CHAIN_ERROR]: FyersAPIError: Fyers HTTP 429 on https://api-t1.fyers.in/data/options-chain-v3?symbol=NSE%3AMARUTI-EQ&strikecount=30: {"type":"https://developers.cloudflare.com/support/troubleshooting/http-status-codes/cloudflare-1xxx-errors/error-1015/","title":"Error 1015: You are being rate limited","status":429,"detail":"You are being rate-limited by the website owner's configuration.","instance":"a2e8c00f9fc13ee3","error_code":1015,"error_name":"rate_limited","error_category":"rate_limit","ray_id":"a2e8c00f9fc13ee3","timestamp":"2026-08-21T09:53:21Z","zone":"api-t1.fyers.in","cloudflare_error":true,"retryable":true,"retry
[15:23:29]   NIFTY chain unavailable [OPTIONS_CHAIN_ERROR]: FyersAPIError: Fyers HTTP 429 on https://api-t1.fyers.in/data/options-chain-v3?symbol=NSE%3ANIFTY50-INDEX&strikecount=30: {"type":"https://developers.cloudflare.com/support/troubleshooting/http-status-codes/cloudflare-1xxx-errors/error-1015/","title":"Error 1015: You are being rate limited","status":429,"detail":"You are being rate-limited by the website owner's configuration.","instance":"a2e8c039dc8380a9","error_code":1015,"error_name":"rate_limited","error_category":"rate_limit","ray_id":"a2e8c039dc8380a9","timestamp":"2026-08-21T09:53:28Z","zone":"api-t1.fyers.in","cloudflare_error":true,"retryable":true,"retry
[15:23:29]   BANKNIFTY chain unavailable [OPTIONS_CHAIN_ERROR]: FyersAPIError: Fyers HTTP 429 on https://api-t1.fyers.in/data/options-chain-v3?symbol=NSE%3ANIFTYBANK-INDEX&strikecount=30: {"type":"https://developers.cloudflare.com/support/troubleshooting/http-status-codes/cloudflare-1xxx-errors/error-1015/","title":"Error 1015: You are being rate limited","status":429,"detail":"You are being rate-limited by the website owner's configuration.","instance":"a2e8c03aca5e41b6","error_code":1015,"error_name":"rate_limited","error_category":"rate_limit","ray_id":"a2e8c03aca5e41b6","timestamp":"2026-08-21T09:53:28Z","zone":"api-t1.fyers.in","cloudflare_error":true,"retryable":true,"retry
[15:23:30]   FINNIFTY chain unavailable [OPTIONS_CHAIN_ERROR]: FyersAPIError: Fyers HTTP 429 on https://api-t1.fyers.in/data/options-chain-v3?symbol=NSE%3AFINNIFTY-INDEX&strikecount=30: {"type":"https://developers.cloudflare.com/support/troubleshooting/http-status-codes/cloudflare-1xxx-errors/error-1015/","title":"Error 1015: You are being rate limited","status":429,"detail":"You are being rate-limited by the website owner's configuration.","instance":"a2e8c03baf423aec","error_code":1015,"error_name":"rate_limited","error_category":"rate_limit","ray_id":"a2e8c03baf423aec","timestamp":"2026-08-21T09:53:28Z","zone":"api-t1.fyers.in","cloudflare_error":true,"retryable":true,"retry
[15:23:35]   MAXHEALTH chain unavailable [OPTIONS_CHAIN_ERROR]: FyersAPIError: Fyers HTTP 429 on https://api-t1.fyers.in/data/options-chain-v3?symbol=NSE%3AMAXHEALTH-EQ&strikecount=30: {"type":"https://developers.cloudflare.com/support/troubleshooting/http-status-codes/cloudflare-1xxx-errors/error-1015/","title":"Error 1015: You are being rate limited","status":429,"detail":"You are being rate-limited by the website owner's configuration.","instance":"a2e8c05e5a0a47ca","error_code":1015,"error_name":"rate_limited","error_category":"rate_limit","ray_id":"a2e8c05e5a0a47ca","timestamp":"2026-08-21T09:53:34Z","zone":"api-t1.fyers.in","cloudflare_error":true,"retryable":true,"retry
[15:23:35]   NTPC chain unavailable [OPTIONS_CHAIN_ERROR]: FyersAPIError: Fyers HTTP 429 on https://api-t1.fyers.in/data/options-chain-v3?symbol=NSE%3ANTPC-EQ&strikecount=30: {"type":"https://developers.cloudflare.com/support/troubleshooting/http-status-codes/cloudflare-1xxx-errors/error-1015/","title":"Error 1015: You are being rate limited","status":429,"detail":"You are being rate-limited by the website owner's configuration.","instance":"a2e8c05f6fac88ea","error_code":1015,"error_name":"rate_limited","error_category":"rate_limit","ray_id":"a2e8c05f6fac88ea","timestamp":"2026-08-21T09:53:34Z","zone":"api-t1.fyers.in","cloudflare_error":true,"retryable":true,"retry
[15:23:36]   NESTLEIND chain unavailable [OPTIONS_CHAIN_ERROR]: FyersAPIError: Fyers HTTP 429 on https://api-t1.fyers.in/data/options-chain-v3?symbol=NSE%3ANESTLEIND-EQ&strikecount=30: {"type":"https://developers.cloudflare.com/support/troubleshooting/http-status-codes/cloudflare-1xxx-errors/error-1015/","title":"Error 1015: You are being rate limited","status":429,"detail":"You are being rate-limited by the website owner's configuration.","instance":"a2e8c06049862e53","error_code":1015,"error_name":"rate_limited","error_category":"rate_limit","ray_id":"a2e8c06049862e53","timestamp":"2026-08-21T09:53:34Z","zone":"api-t1.fyers.in","cloudflare_error":true,"retryable":true,"retry
[15:23:36]   MARUTI chain unavailable [OPTIONS_CHAIN_ERROR]: FyersAPIError: Fyers HTTP 429 on https://api-t1.fyers.in/data/options-chain-v3?symbol=NSE%3AMARUTI-EQ&strikecount=30: {"type":"https://developers.cloudflare.com/support/troubleshooting/http-status-codes/cloudflare-1xxx-errors/error-1015/","title":"Error 1015: You are being rate limited","status":429,"detail":"You are being rate-limited by the website owner's configuration.","instance":"a2e8c0615ea52c60","error_code":1015,"error_name":"rate_limited","error_category":"rate_limit","ray_id":"a2e8c0615ea52c60","timestamp":"2026-08-21T09:53:34Z","zone":"api-t1.fyers.in","cloudflare_error":true,"retryable":true,"retry
[15:23:36]   ONGC chain unavailable [OPTIONS_CHAIN_ERROR]: FyersAPIError: Fyers HTTP 429 on https://api-t1.fyers.in/data/options-chain-v3?symbol=NSE%3AONGC-EQ&strikecount=30: {"type":"https://developers.cloudflare.com/support/troubleshooting/http-status-codes/cloudflare-1xxx-errors/error-1015/","title":"Error 1015: You are being rate limited","status":429,"detail":"You are being rate-limited by the website owner's configuration.","instance":"a2e8c0624af52a99","error_code":1015,"error_name":"rate_limited","error_category":"rate_limit","ray_id":"a2e8c0624af52a99","timestamp":"2026-08-21T09:53:35Z","zone":"api-t1.fyers.in","cloudflare_error":true,"retryable":true,"retry
[15:23:56]   NTPC chain unavailable [OPTIONS_CHAIN_ERROR]: FyersAPIError: Fyers HTTP 429 on https://api-t1.fyers.in/data/options-chain-v3?symbol=NSE%3ANTPC-EQ&strikecount=30: {"type":"https://developers.cloudflare.com/support/troubleshooting/http-status-codes/cloudflare-1xxx-errors/error-1015/","title":"Error 1015: You are being rate limited","status":429,"detail":"You are being rate-limited by the website owner's configuration.","instance":"a2e8c0e11d493a2b","error_code":1015,"error_name":"rate_limited","error_category":"rate_limit","ray_id":"a2e8c0e11d493a2b","timestamp":"2026-08-21T09:53:55Z","zone":"api-t1.fyers.in","cloudflare_error":true,"retryable":true,"retry
[15:23:56]   NESTLEIND chain unavailable [OPTIONS_CHAIN_ERROR]: FyersAPIError: Fyers HTTP 429 on https://api-t1.fyers.in/data/options-chain-v3?symbol=NSE%3ANESTLEIND-EQ&strikecount=30: {"type":"https://developers.cloudflare.com/support/troubleshooting/http-status-codes/cloudflare-1xxx-errors/error-1015/","title":"Error 1015: You are being rate limited","status":429,"detail":"You are being rate-limited by the website owner's configuration.","instance":"a2e8c0e20a6c4bfb","error_code":1015,"error_name":"rate_limited","error_category":"rate_limit","ray_id":"a2e8c0e20a6c4bfb","timestamp":"2026-08-21T09:53:55Z","zone":"api-t1.fyers.in","cloudflare_error":true,"retryable":true,"retry
[15:23:56]   MARUTI chain unavailable [OPTIONS_CHAIN_ERROR]: FyersAPIError: Fyers HTTP 429 on https://api-t1.fyers.in/data/options-chain-v3?symbol=NSE%3AMARUTI-EQ&strikecount=30: {"type":"https://developers.cloudflare.com/support/troubleshooting/http-status-codes/cloudflare-1xxx-errors/error-1015/","title":"Error 1015: You are being rate limited","status":429,"detail":"You are being rate-limited by the website owner's configuration.","instance":"a2e8c0e2fc19ffaa","error_code":1015,"error_name":"rate_limited","error_category":"rate_limit","ray_id":"a2e8c0e2fc19ffaa","timestamp":"2026-08-21T09:53:55Z","zone":"api-t1.fyers.in","cloudflare_error":true,"retryable":true,"retry
[15:23:57]   ONGC chain unavailable [OPTIONS_CHAIN_ERROR]: FyersAPIError: Fyers HTTP 429 on https://api-t1.fyers.in/data/options-chain-v3?symbol=NSE%3AONGC-EQ&strikecount=30: {"type":"https://developers.cloudflare.com/support/troubleshooting/http-status-codes/cloudflare-1xxx-errors/error-1015/","title":"Error 1015: You are being rate limited","status":429,"detail":"You are being rate-limited by the website owner's configuration.","instance":"a2e8c0e3eaec3e1c","error_code":1015,"error_name":"rate_limited","error_category":"rate_limit","ray_id":"a2e8c0e3eaec3e1c","timestamp":"2026-08-21T09:53:55Z","zone":"api-t1.fyers.in","cloudflare_error":true,"retryable":true,"retry
[15:23:57]   DATA HEALTH ALERT MIDCPNIFTY: CE/PE timestamp delta 12.00s at 14825.0; Candidate option quote stale 11.29s; Candidate option quote stale 11.29s; Candidate option quote stale 25.29s; Candidate option quote stale 13.29s; Candidate option quote stale 14.29s; Candidate option quote stale 12.30s
[15:23:57]   DATA HEALTH ALERT HCLTECH: CE/PE timestamp delta 25.00s at 1300.0; Candidate option quote stale 36.30s; Candidate option quote stale 36.31s; Candidate option quote stale 18.31s; Candidate option quote stale 43.31s; Candidate option quote stale 21.31s; Candidate option quote stale 21.31s
[15:23:57]   DATA HEALTH ALERT HDFCBANK: CE/PE timestamp delta 10.00s at 730.0; CE/PE timestamp delta 6.00s at 740.0; Candidate option quote warning stale 6.31s; Candidate option quote stale 16.31s; Candidate option quote stale 16.31s; Candidate option quote stale 18.31s; Candidate option quote stale 13.31s; Candidate option quote stale 19.32s
[15:23:57]   DATA HEALTH ALERT HDFCLIFE: CE/PE timestamp delta 17.00s at 550.0; CE/PE timestamp delta 15.00s at 555.0; CE/PE timestamp delta 126.00s at 560.0; Candidate option quote stale 29.32s; Candidate option quote stale 14.32s; Candidate option quote stale 17.33s; Candidate option quote stale 34.33s; Candidate option quote stale 13.33s; Candidate option quote stale 139.33s
[15:24:05]   NIFTY NSE:NIFTY26AUG24300CE depth unavailable: FyersAPIError: Fyers HTTP 429 on https://api-t1.fyers.in/data/depth?symbol=NSE%3ANIFTY26AUG24300CE&ohlcv_flag=1: {"type":"https://developers.cloudflare.com/support/troubleshooting/http-status-cod
[15:24:11]   HCLTECH NSE:HCLTECH26AUG1310CE depth unavailable: FyersAPIError: Fyers HTTP 429 on https://api-t1.fyers.in/data/depth?symbol=NSE%3AHCLTECH26AUG1310CE&ohlcv_flag=1: {"type":"https://developers.cloudflare.com/support/troubleshooting/http-status-co
[15:24:17]   NTPC chain unavailable [OPTIONS_CHAIN_ERROR]: FyersAPIError: Fyers HTTP 429 on https://api-t1.fyers.in/data/options-chain-v3?symbol=NSE%3ANTPC-EQ&strikecount=30: {"type":"https://developers.cloudflare.com/support/troubleshooting/http-status-codes/cloudflare-1xxx-errors/error-1015/","title":"Error 1015: You are being rate limited","status":429,"detail":"You are being rate-limited by the website owner's configuration.","instance":"a2e8c160e91c7143","error_code":1015,"error_name":"rate_limited","error_category":"rate_limit","ray_id":"a2e8c160e91c7143","timestamp":"2026-08-21T09:54:15Z","zone":"api-t1.fyers.in","cloudflare_error":true,"retryable":true,"retry
[15:24:17]   NESTLEIND chain unavailable [OPTIONS_CHAIN_ERROR]: FyersAPIError: Fyers HTTP 429 on https://api-t1.fyers.in/data/options-chain-v3?symbol=NSE%3ANESTLEIND-EQ&strikecount=30: {"type":"https://developers.cloudflare.com/support/troubleshooting/http-status-codes/cloudflare-1xxx-errors/error-1015/","title":"Error 1015: You are being rate limited","status":429,"detail":"You are being rate-limited by the website owner's configuration.","instance":"a2e8c161e9653d36","error_code":1015,"error_name":"rate_limited","error_category":"rate_limit","ray_id":"a2e8c161e9653d36","timestamp":"2026-08-21T09:54:15Z","zone":"api-t1.fyers.in","cloudflare_error":true,"retryable":true,"retry
[15:24:17]   MARUTI chain unavailable [OPTIONS_CHAIN_ERROR]: FyersAPIError: Fyers HTTP 429 on https://api-t1.fyers.in/data/options-chain-v3?symbol=NSE%3AMARUTI-EQ&strikecount=30: {"type":"https://developers.cloudflare.com/support/troubleshooting/http-status-codes/cloudflare-1xxx-errors/error-1015/","title":"Error 1015: You are being rate limited","status":429,"detail":"You are being rate-limited by the website owner's configuration.","instance":"a2e8c162db46c0d9","error_code":1015,"error_name":"rate_limited","error_category":"rate_limit","ray_id":"a2e8c162db46c0d9","timestamp":"2026-08-21T09:54:16Z","zone":"api-t1.fyers.in","cloudflare_error":true,"retryable":true,"retry
[15:24:17]   ONGC chain unavailable [OPTIONS_CHAIN_ERROR]: FyersAPIError: Fyers HTTP 429 on https://api-t1.fyers.in/data/options-chain-v3?symbol=NSE%3AONGC-EQ&strikecount=30: {"type":"https://developers.cloudflare.com/support/troubleshooting/http-status-codes/cloudflare-1xxx-errors/error-1015/","title":"Error 1015: You are being rate limited","status":429,"detail":"You are being rate-limited by the website owner's configuration.","instance":"a2e8c163a9a62b14","error_code":1015,"error_name":"rate_limited","error_category":"rate_limit","ray_id":"a2e8c163a9a62b14","timestamp":"2026-08-21T09:54:16Z","zone":"api-t1.fyers.in","cloudflare_error":true,"retryable":true,"retry
[15:24:17]   DATA HEALTH ALERT NIFTY: Invalid IV for CE 22750.0; Missing delta for CE 22750.0; Invalid IV for PE 22750.0; Zero volume CE at 22750.0; Zero volume CE at 22850.0; Zero volume CE at 23050.0; Candidate option quote stale 16.70s; Candidate option quote stale 16.70s; Candidate option quote stale 17.70s; Candidate option quote stale 17.70s; Candidate option quote depth unavailable; Candidate option quote stale 14.70s
[15:24:17]   DATA HEALTH ALERT BANKNIFTY: Invalid IV for CE 54600.0; Missing delta for CE 54600.0; Invalid IV for PE 54600.0; Zero volume CE at 54600.0; Zero volume CE at 54700.0; Zero volume CE at 54800.0; Candidate option quote stale 13.71s; Candidate option quote stale 13.71s; Candidate option quote stale 14.71s; Candidate option quote stale 14.71s; Candidate option quote stale 12.71s; Candidate option quote stale 13.71s
[15:24:17]   DATA HEALTH ALERT MAXHEALTH: CE/PE timestamp delta 46.00s at 990.0; CE/PE timestamp delta 5.00s at 1000.0; Candidate option quote stale 57.74s; Candidate option quote stale 52.74s; Candidate option quote stale 103.74s; Candidate option quote stale 57.74s; Candidate option quote stale 103.75s; Candidate option quote stale 103.75s
[15:24:33]   SUNPHARMA NSE:SUNPHARMA26AUG1880CE depth unavailable: FyersAPIError: Fyers HTTP 429 on https://api-t1.fyers.in/data/depth?symbol=NSE%3ASUNPHARMA26AUG1880CE&ohlcv_flag=1: {"type":"https://developers.cloudflare.com/support/troubleshooting/http-status-
[15:24:39]   INDIGO NSE:INDIGO26AUG5000PE depth unavailable: FyersAPIError: Fyers HTTP 429 on https://api-t1.fyers.in/data/depth?symbol=NSE%3AINDIGO26AUG5000PE&ohlcv_flag=1: {"type":"https://developers.cloudflare.com/support/troubleshooting/http-status-cod
[15:24:48]   DATA HEALTH ALERT INFY: CE/PE timestamp delta 28.00s at 1115.0; CE/PE timestamp delta 18.00s at 1120.0; Candidate option quote stale 33.21s; Candidate option quote stale 51.21s; Candidate option quote stale 57.22s; Candidate option quote stale 29.22s; Candidate option quote stale 57.22s
[15:24:48]   DATA HEALTH ALERT INDIGO: CE/PE timestamp delta 8.78s at 5000.0; CE/PE timestamp delta 20.00s at 5100.0; CE/PE timestamp delta 6.00s at 5200.0; Candidate option quote stale 28.23s; Candidate option quote stale 48.23s; Candidate option quote stale 34.23s; Candidate option quote depth unavailable; Candidate option quote stale 20.23s; Candidate option quote stale 14.23s
[15:24:53]   NIFTY chain unavailable [OPTIONS_CHAIN_ERROR]: FyersAPIError: Fyers HTTP 429 on https://api-t1.fyers.in/data/options-chain-v3?symbol=NSE%3ANIFTY50-INDEX&strikecount=30: {"type":"https://developers.cloudflare.com/support/troubleshooting/http-status-codes/cloudflare-1xxx-errors/error-1015/","title":"Error 1015: You are being rate limited","status":429,"detail":"You are being rate-limited by the website owner's configuration.","instance":"a2e8c24489313b10","error_code":1015,"error_name":"rate_limited","error_category":"rate_limit","ray_id":"a2e8c24489313b10","timestamp":"2026-08-21T09:54:52Z","zone":"api-t1.fyers.in","cloudflare_error":true,"retryable":true,"retry
[15:24:53]   BANKNIFTY chain unavailable [OPTIONS_CHAIN_ERROR]: FyersAPIError: Fyers HTTP 429 on https://api-t1.fyers.in/data/options-chain-v3?symbol=NSE%3ANIFTYBANK-INDEX&strikecount=30: {"type":"https://developers.cloudflare.com/support/troubleshooting/http-status-codes/cloudflare-1xxx-errors/error-1015/","title":"Error 1015: You are being rate limited","status":429,"detail":"You are being rate-limited by the website owner's configuration.","instance":"a2e8c245adeb8edf","error_code":1015,"error_name":"rate_limited","error_category":"rate_limit","ray_id":"a2e8c245adeb8edf","timestamp":"2026-08-21T09:54:52Z","zone":"api-t1.fyers.in","cloudflare_error":true,"retryable":true,"retry
[15:24:53]   FINNIFTY chain unavailable [OPTIONS_CHAIN_ERROR]: FyersAPIError: Fyers HTTP 429 on https://api-t1.fyers.in/data/options-chain-v3?symbol=NSE%3AFINNIFTY-INDEX&strikecount=30: {"type":"https://developers.cloudflare.com/support/troubleshooting/http-status-codes/cloudflare-1xxx-errors/error-1015/","title":"Error 1015: You are being rate limited","status":429,"detail":"You are being rate-limited by the website owner's configuration.","instance":"a2e8c246cda9a6dc","error_code":1015,"error_name":"rate_limited","error_category":"rate_limit","ray_id":"a2e8c246cda9a6dc","timestamp":"2026-08-21T09:54:52Z","zone":"api-t1.fyers.in","cloudflare_error":true,"retryable":true,"retry
[15:24:53]   MIDCPNIFTY chain unavailable [OPTIONS_CHAIN_ERROR]: FyersAPIError: Fyers HTTP 429 on https://api-t1.fyers.in/data/options-chain-v3?symbol=NSE%3AMIDCPNIFTY-INDEX&strikecount=30: {"type":"https://developers.cloudflare.com/support/troubleshooting/http-status-codes/cloudflare-1xxx-errors/error-1015/","title":"Error 1015: You are being rate limited","status":429,"detail":"You are being rate-limited by the website owner's configuration.","instance":"a2e8c247acc94451","error_code":1015,"error_name":"rate_limited","error_category":"rate_limit","ray_id":"a2e8c247acc94451","timestamp":"2026-08-21T09:54:52Z","zone":"api-t1.fyers.in","cloudflare_error":true,"retryable":true,"retry
[15:24:54]   SBIN chain unavailable [OPTIONS_CHAIN_ERROR]: FyersAPIError: Fyers HTTP 429 on https://api-t1.fyers.in/data/options-chain-v3?symbol=NSE%3ASBIN-EQ&strikecount=30: {"type":"https://developers.cloudflare.com/support/troubleshooting/http-status-codes/cloudflare-1xxx-errors/error-1015/","title":"Error 1015: You are being rate limited","status":429,"detail":"You are being rate-limited by the website owner's configuration.","instance":"a2e8c248cb023c46","error_code":1015,"error_name":"rate_limited","error_category":"rate_limit","ray_id":"a2e8c248cb023c46","timestamp":"2026-08-21T09:54:52Z","zone":"api-t1.fyers.in","cloudflare_error":true,"retryable":true,"retry
[15:25:01]   HINDALCO NSE:HINDALCO26AUG1020PE depth unavailable: FyersAPIError: Fyers HTTP 429 on https://api-t1.fyers.in/data/depth?symbol=NSE%3AHINDALCO26AUG1020PE&ohlcv_flag=1: {"type":"https://developers.cloudflare.com/support/troubleshooting/http-status-c
[15:25:05]   DATA HEALTH ALERT HINDALCO: CE/PE timestamp delta 21.31s at 1020.0; CE/PE timestamp delta 354.00s at 1060.0; Candidate option quote stale 9.46s; Candidate option quote stale 10.46s; Candidate option quote stale 33.46s; Candidate option quote depth unavailable; Candidate option quote stale 18.46s; Candidate option quote stale 372.47s
[15:25:05]   DATA HEALTH ALERT HINDUNILVR: CE/PE timestamp delta 59.00s at 2000.0; CE/PE timestamp delta 55.00s at 2020.0; CE/PE timestamp delta 38.00s at 2040.0; Candidate option quote stale 34.47s; Candidate option quote stale 89.47s; Candidate option quote stale 78.47s; Candidate option quote stale 19.48s; Candidate option quote stale 35.48s; Candidate option quote stale 73.48s
[15:25:05]   DATA HEALTH ALERT ICICIBANK: CE/PE timestamp delta 52.00s at 1410.0; CE/PE timestamp delta 6.00s at 1420.0; CE/PE timestamp delta 82.00s at 1430.0; Candidate option quote stale 12.48s; Candidate option quote stale 18.48s; Candidate option quote stale 59.48s; Candidate option quote warning stale 7.48s; Candidate option quote warning stale 7.48s; Candidate option quote stale 89.48s
[15:25:15]   BANKNIFTY NSE:BANKNIFTY26AUG57500CE depth unavailable: FyersAPIError: Fyers HTTP 429 on https://api-t1.fyers.in/data/depth?symbol=NSE%3ABANKNIFTY26AUG57500CE&ohlcv_flag=1: {"type":"https://developers.cloudflare.com/support/troubleshooting/http-status
[15:25:21]   SBIN NSE:SBIN26AUG1040PE depth unavailable: FyersAPIError: Fyers HTTP 429 on https://api-t1.fyers.in/data/depth?symbol=NSE%3ASBIN26AUG1040PE&ohlcv_flag=1: {"type":"https://developers.cloudflare.com/support/troubleshooting/http-status-codes
[15:25:51]   FOCIT BSE:FOCIT26AUG36900PE depth unavailable: ValueError: Fyers depth best quote invalid
[15:25:52]   NIFTYNXT50 NSE:NIFTYNXT5026AUG73700CE depth unavailable: ValueError: Fyers depth source timestamp invalid
[15:25:53]   NIFTYNXT50 NSE:NIFTYNXT5026AUG73700PE depth unavailable: ValueError: Fyers depth source timestamp invalid
[15:25:53]   NIFTYNXT50 NSE:NIFTYNXT5026AUG73800PE depth unavailable: ValueError: Fyers depth source timestamp invalid
[15:25:53]   NIFTYNXT50 NSE:NIFTYNXT5026AUG73900CE depth unavailable: ValueError: Fyers depth source timestamp invalid
[15:25:53]   NIFTYNXT50 NSE:NIFTYNXT5026AUG73900PE depth unavailable: ValueError: Fyers depth source timestamp invalid
[15:26:02]   DATA HEALTH ALERT NIFTY: Invalid IV for CE 22750.0; Missing delta for CE 22750.0; Invalid IV for PE 22750.0; Zero volume CE at 22750.0; Zero volume CE at 22850.0; Zero volume CE at 23050.0; Candidate option quote stale 25.28s; Candidate option quote stale 25.28s; Candidate option quote stale 26.28s; Candidate option quote stale 25.28s; Candidate option quote stale 26.28s; Candidate option quote stale 25.28s
[15:26:02]   DATA HEALTH ALERT BANKNIFTY: Invalid IV for CE 54600.0; Missing delta for CE 54600.0; Invalid IV for PE 54600.0; Zero volume CE at 54600.0; Zero volume CE at 54700.0; Zero volume CE at 54800.0; Candidate option quote stale 24.29s; Candidate option quote stale 24.29s; Candidate option quote stale 25.29s; Candidate option quote stale 24.29s; Candidate option quote stale 24.29s; Candidate option quote stale 24.29s
[15:26:02]   DATA HEALTH ALERT MIDCPNIFTY: CE/PE timestamp delta 40.00s at 14825.0; CE/PE timestamp delta 16.00s at 14875.0; Candidate option quote stale 21.29s; Candidate option quote stale 21.29s; Candidate option quote stale 61.29s; Candidate option quote stale 21.29s; Candidate option quote stale 20.29s; Candidate option quote stale 36.29s
[15:26:02]   DATA HEALTH ALERT TITAN: CE/PE timestamp delta 33.00s at 5050.0; CE/PE timestamp delta 30.00s at 5100.0; CE/PE timestamp delta 810.00s at 5150.0; Candidate option quote stale 62.30s; Candidate option quote stale 32.31s; Candidate option quote stale 61.31s; Candidate option quote stale 28.31s; Candidate option quote stale 31.31s; Candidate option quote stale 841.31s
[15:26:02]   DATA HEALTH ALERT FOCIT: CE/PE timestamp delta 55538.10s at 36900.0; CE/PE timestamp delta 72.00s at 37000.0; CE/PE timestamp delta 49300.00s at 37100.0; Candidate option quote stale 53.31s; Candidate option quote stale 125.31s; Candidate option quote stale 55562.31s; Candidate option quote invalid; Candidate option quote stale 6262.31s; Candidate option quote stale 55562.31s
[15:26:02]   DATA HEALTH ALERT NIFTYNXT50: CE/PE timestamp delta 1819809.10s at 73800.0; Candidate option quote stale 1819833.31s; Candidate option quote depth unavailable; Candidate option quote depth unavailable; Candidate option quote depth unavailable; Candidate option quote depth unavailable; Candidate option quote depth unavailable
[15:26:02]   DATA HEALTH ALERT CIPLA: CE/PE timestamp delta 86.00s at 1420.0; CE/PE timestamp delta 255.00s at 1430.0; CE/PE timestamp delta 26.00s at 1440.0; Candidate option quote stale 24.33s; Candidate option quote stale 279.33s; Candidate option quote stale 143.33s; Candidate option quote stale 57.33s; Candidate option quote stale 82.33s; Candidate option quote stale 56.33s
[15:26:02]   DATA HEALTH ALERT GRASIM: CE/PE timestamp delta 301.00s at 3320.0; CE/PE timestamp delta 483.00s at 3360.0; Candidate option quote stale 26.33s; Candidate option quote stale 26.33s; Candidate option quote warning stale 5.34s; Candidate option quote stale 306.34s; Candidate option quote stale 14.34s; Candidate option quote stale 497.34s
[15:26:19]   FOCIT BSE:FOCIT26AUG36900PE depth unavailable: ValueError: Fyers depth best quote invalid
[15:26:20]   NIFTYNXT50 NSE:NIFTYNXT5026AUG73700CE depth unavailable: ValueError: Fyers depth source timestamp invalid
[15:26:20]   NIFTYNXT50 NSE:NIFTYNXT5026AUG73700PE depth unavailable: ValueError: Fyers depth source timestamp invalid
[15:26:21]   NIFTYNXT50 NSE:NIFTYNXT5026AUG73800PE depth unavailable: ValueError: Fyers depth source timestamp invalid
[15:26:21]   NIFTYNXT50 NSE:NIFTYNXT5026AUG73900CE depth unavailable: ValueError: Fyers depth source timestamp invalid
[15:26:21]   NIFTYNXT50 NSE:NIFTYNXT5026AUG73900PE depth unavailable: ValueError: Fyers depth source timestamp invalid
[15:26:37]   MIDCPNIFTY chain unavailable [OPTIONS_CHAIN_ERROR]: FyersAPIError: Fyers HTTP 429 on https://api-t1.fyers.in/data/options-chain-v3?symbol=NSE%3AMIDCPNIFTY-INDEX&strikecount=30: {"type":"https://developers.cloudflare.com/support/troubleshooting/http-status-codes/cloudflare-1xxx-errors/error-1015/","title":"Error 1015: You are being rate limited","status":429,"detail":"You are being rate-limited by the website owner's configuration.","instance":"a2e8c4d0c93585ff","error_code":1015,"error_name":"rate_limited","error_category":"rate_limit","ray_id":"a2e8c4d0c93585ff","timestamp":"2026-08-21T09:56:36Z","zone":"api-t1.fyers.in","cloudflare_error":true,"retryable":true,"retry
[15:26:37]   JIOFIN chain unavailable [OPTIONS_CHAIN_ERROR]: FyersAPIError: Fyers HTTP 429 on https://api-t1.fyers.in/data/options-chain-v3?symbol=NSE%3AJIOFIN-EQ&strikecount=30: {"type":"https://developers.cloudflare.com/support/troubleshooting/http-status-codes/cloudflare-1xxx-errors/error-1015/","title":"Error 1015: You are being rate limited","status":429,"detail":"You are being rate-limited by the website owner's configuration.","instance":"a2e8c4d1bc9090f3","error_code":1015,"error_name":"rate_limited","error_category":"rate_limit","ray_id":"a2e8c4d1bc9090f3","timestamp":"2026-08-21T09:56:36Z","zone":"api-t1.fyers.in","cloudflare_error":true,"retryable":true,"retry
[15:26:38]   TITAN chain unavailable [OPTIONS_CHAIN_ERROR]: FyersAPIError: Fyers HTTP 429 on https://api-t1.fyers.in/data/options-chain-v3?symbol=NSE%3ATITAN-EQ&strikecount=30: {"type":"https://developers.cloudflare.com/support/troubleshooting/http-status-codes/cloudflare-1xxx-errors/error-1015/","title":"Error 1015: You are being rate limited","status":429,"detail":"You are being rate-limited by the website owner's configuration.","instance":"a2e8c4d2981046c5","error_code":1015,"error_name":"rate_limited","error_category":"rate_limit","ray_id":"a2e8c4d2981046c5","timestamp":"2026-08-21T09:56:36Z","zone":"api-t1.fyers.in","cloudflare_error":true,"retryable":true,"retry
[15:26:38]   FOCIT chain unavailable [OPTIONS_CHAIN_ERROR]: FyersAPIError: Fyers HTTP 429 on https://api-t1.fyers.in/data/options-chain-v3?symbol=BSE%3AFOCIT-INDEX&strikecount=30: {"type":"https://developers.cloudflare.com/support/troubleshooting/http-status-codes/cloudflare-1xxx-errors/error-1015/","title":"Error 1015: You are being rate limited","status":429,"detail":"You are being rate-limited by the website owner's configuration.","instance":"a2e8c4d3895c47e2","error_code":1015,"error_name":"rate_limited","error_category":"rate_limit","ray_id":"a2e8c4d3895c47e2","timestamp":"2026-08-21T09:56:37Z","zone":"api-t1.fyers.in","cloudflare_error":true,"retryable":true,"retry
[15:26:38]   NIFTYNXT50 chain unavailable [OPTIONS_CHAIN_ERROR]: FyersAPIError: Fyers HTTP 429 on https://api-t1.fyers.in/data/options-chain-v3?symbol=NSE%3ANIFTYNXT50-INDEX&strikecount=30: {"type":"https://developers.cloudflare.com/support/troubleshooting/http-status-codes/cloudflare-1xxx-errors/error-1015/","title":"Error 1015: You are being rate limited","status":429,"detail":"You are being rate-limited by the website owner's configuration.","instance":"a2e8c4d469894254","error_code":1015,"error_name":"rate_limited","error_category":"rate_limit","ray_id":"a2e8c4d469894254","timestamp":"2026-08-21T09:56:37Z","zone":"api-t1.fyers.in","cloudflare_error":true,"retryable":true,"retry
[15:26:38]   ADANIENT chain unavailable [OPTIONS_CHAIN_ERROR]: FyersAPIError: Fyers HTTP 429 on https://api-t1.fyers.in/data/options-chain-v3?symbol=NSE%3AADANIENT-EQ&strikecount=30: {"type":"https://developers.cloudflare.com/support/troubleshooting/http-status-codes/cloudflare-1xxx-errors/error-1015/","title":"Error 1015: You are being rate limited","status":429,"detail":"You are being rate-limited by the website owner's configuration.","instance":"a2e8c4d52a2047b1","error_code":1015,"error_name":"rate_limited","error_category":"rate_limit","ray_id":"a2e8c4d52a2047b1","timestamp":"2026-08-21T09:56:37Z","zone":"api-t1.fyers.in","cloudflare_error":true,"retryable":true,"retry
[15:26:38]   CIPLA chain unavailable [OPTIONS_CHAIN_ERROR]: FyersAPIError: Fyers HTTP 429 on https://api-t1.fyers.in/data/options-chain-v3?symbol=NSE%3ACIPLA-EQ&strikecount=30: {"type":"https://developers.cloudflare.com/support/troubleshooting/http-status-codes/cloudflare-1xxx-errors/error-1015/","title":"Error 1015: You are being rate limited","status":429,"detail":"You are being rate-limited by the website owner's configuration.","instance":"a2e8c4d609f5ff74","error_code":1015,"error_name":"rate_limited","error_category":"rate_limit","ray_id":"a2e8c4d609f5ff74","timestamp":"2026-08-21T09:56:37Z","zone":"api-t1.fyers.in","cloudflare_error":true,"retryable":true,"retry
[15:26:38]   GRASIM chain unavailable [OPTIONS_CHAIN_ERROR]: FyersAPIError: Fyers HTTP 429 on https://api-t1.fyers.in/data/options-chain-v3?symbol=NSE%3AGRASIM-EQ&strikecount=30: {"type":"https://developers.cloudflare.com/support/troubleshooting/http-status-codes/cloudflare-1xxx-errors/error-1015/","title":"Error 1015: You are being rate limited","status":429,"detail":"You are being rate-limited by the website owner's configuration.","instance":"a2e8c4d6dda03f97","error_code":1015,"error_name":"rate_limited","error_category":"rate_limit","ray_id":"a2e8c4d6dda03f97","timestamp":"2026-08-21T09:56:37Z","zone":"api-t1.fyers.in","cloudflare_error":true,"retryable":true,"retry
[15:26:38]   ITC chain unavailable [OPTIONS_CHAIN_ERROR]: FyersAPIError: Fyers HTTP 429 on https://api-t1.fyers.in/data/options-chain-v3?symbol=NSE%3AITC-EQ&strikecount=30: {"type":"https://developers.cloudflare.com/support/troubleshooting/http-status-codes/cloudflare-1xxx-errors/error-1015/","title":"Error 1015: You are being rate limited","status":429,"detail":"You are being rate-limited by the website owner's configuration.","instance":"a2e8c4d7b8a3f4b7","error_code":1015,"error_name":"rate_limited","error_category":"rate_limit","ray_id":"a2e8c4d7b8a3f4b7","timestamp":"2026-08-21T09:56:37Z","zone":"api-t1.fyers.in","cloudflare_error":true,"retryable":true,"retry
[15:26:46]   NIFTY NSE:NIFTY26AUG24200PE depth unavailable: FyersAPIError: Fyers HTTP 429 on https://api-t1.fyers.in/data/depth?symbol=NSE%3ANIFTY26AUG24200PE&ohlcv_flag=1: {"type":"https://developers.cloudflare.com/support/troubleshooting/http-status-cod
[15:26:52]   POWERGRID chain unavailable [OPTIONS_CHAIN_ERROR]: FyersAPIError: Fyers HTTP 429 on https://api-t1.fyers.in/data/options-chain-v3?symbol=NSE%3APOWERGRID-EQ&strikecount=30: {"type":"https://developers.cloudflare.com/support/troubleshooting/http-status-codes/cloudflare-1xxx-errors/error-1015/","title":"Error 1015: You are being rate limited","status":429,"detail":"You are being rate-limited by the website owner's configuration.","instance":"a2e8c529fdd680ac","error_code":1015,"error_name":"rate_limited","error_category":"rate_limit","ray_id":"a2e8c529fdd680ac","timestamp":"2026-08-21T09:56:50Z","zone":"api-t1.fyers.in","cloudflare_error":true,"retryable":true,"retry
[15:26:54]   TMPV NSE:TMPV26AUG310CE depth unavailable: FyersAPIError: Fyers HTTP 429 on https://api-t1.fyers.in/data/depth?symbol=NSE%3ATMPV26AUG310CE&ohlcv_flag=1: {"type":"https://developers.cloudflare.com/support/troubleshooting/http-status-codes/
[15:27:00]   TRENT NSE:TRENT26AUG2850CE depth unavailable: FyersAPIError: Fyers HTTP 429 on https://api-t1.fyers.in/data/depth?symbol=NSE%3ATRENT26AUG2850CE&ohlcv_flag=1: {"type":"https://developers.cloudflare.com/support/troubleshooting/http-status-code
[15:27:07]   WIPRO NSE:WIPRO26AUG180PE depth unavailable: FyersAPIError: Fyers HTTP 429 on https://api-t1.fyers.in/data/depth?symbol=NSE%3AWIPRO26AUG180PE&ohlcv_flag=1: {"type":"https://developers.cloudflare.com/support/troubleshooting/http-status-codes
[15:27:22]   FINNIFTY NSE:FINNIFTY26AUG26250CE depth unavailable: FyersAPIError: Fyers HTTP 429 on https://api-t1.fyers.in/data/depth?symbol=NSE%3AFINNIFTY26AUG26250CE&ohlcv_flag=1: {"type":"https://developers.cloudflare.com/support/troubleshooting/http-status-
[15:27:29]   TATASTEEL NSE:TATASTEEL26AUG180PE depth unavailable: FyersAPIError: Fyers HTTP 429 on https://api-t1.fyers.in/data/depth?symbol=NSE%3ATATASTEEL26AUG180PE&ohlcv_flag=1: {"type":"https://developers.cloudflare.com/support/troubleshooting/http-status-c
[15:27:36]   WIPRO NSE:WIPRO26AUG182.5CE depth unavailable: FyersAPIError: Fyers HTTP 429 on https://api-t1.fyers.in/data/depth?symbol=NSE%3AWIPRO26AUG182.5CE&ohlcv_flag=1: {"type":"https://developers.cloudflare.com/support/troubleshooting/http-status-cod
[15:27:37]   DATA HEALTH ALERT MIDCPNIFTY: CE/PE timestamp delta 45.00s at 14825.0; CE/PE timestamp delta 18.00s at 14850.0; CE/PE timestamp delta 18.00s at 14875.0; Candidate option quote stale 35.80s; Candidate option quote stale 17.80s; Candidate option quote stale 62.80s; Candidate option quote stale 17.80s; Candidate option quote stale 21.80s; Candidate option quote stale 39.80s
[15:27:37]   DATA HEALTH ALERT TMPV: CE/PE timestamp delta 10.00s at 310.0; CE/PE timestamp delta 7.00s at 315.0; CE/PE timestamp delta 75.00s at 320.0; Candidate option quote stale 38.82s; Candidate option quote stale 45.82s; Candidate option quote stale 59.82s; Candidate option quote stale 69.82s; Candidate option quote stale 33.82s; Candidate option quote stale 108.83s
[15:27:37]   DATA HEALTH ALERT TATASTEEL: CE/PE timestamp delta 60.36s at 180.0; CE/PE timestamp delta 6.00s at 182.5; Candidate option quote stale 33.83s; Candidate option quote stale 27.83s; Candidate option quote stale 81.83s; Candidate option quote depth unavailable; Candidate option quote stale 19.83s; Candidate option quote stale 19.83s
[15:27:37]   DATA HEALTH ALERT TECHM: CE/PE timestamp delta 18.00s at 1560.0; CE/PE timestamp delta 720.00s at 1564.0; CE/PE timestamp delta 14.00s at 1580.0; Candidate option quote stale 86.83s; Candidate option quote stale 100.84s; Candidate option quote stale 837.84s; Candidate option quote stale 117.84s; Candidate option quote stale 125.84s; Candidate option quote stale 107.84s
[15:27:37]   DATA HEALTH ALERT TRENT: CE/PE timestamp delta 87808.00s at 2850.0; CE/PE timestamp delta 9.00s at 2900.0; CE/PE timestamp delta 15.00s at 2950.0; Candidate option quote stale 19.84s; Candidate option quote stale 10.84s; Candidate option quote stale 87874.84s; Candidate option quote stale 66.84s; Candidate option quote stale 17.84s; Candidate option quote stale 32.84s
[15:27:37]   DATA HEALTH ALERT ULTRACEMCO: CE/PE timestamp delta 56.00s at 11500.0; CE/PE timestamp delta 5.00s at 11560.0; CE/PE timestamp delta 5.00s at 11600.0; Candidate option quote stale 16.85s; Candidate option quote stale 11.85s; Candidate option quote stale 37.85s; Candidate option quote stale 42.85s; Candidate option quote stale 80.85s; Candidate option quote stale 136.85s
[15:27:37]   DATA HEALTH ALERT WIPRO: CE/PE timestamp delta 305.00s at 177.5; CE/PE timestamp delta 10.00s at 180.0; CE/PE timestamp delta 42.36s at 182.5; Candidate option quote stale 53.85s; Candidate option quote stale 63.85s; Candidate option quote stale 392.85s; Candidate option quote stale 87.85s; Candidate option quote depth unavailable; Candidate option quote stale 63.86s
[15:27:37]   DATA HEALTH ALERT SENSEX: Invalid IV for CE 74500.0; Missing delta for CE 74500.0; Invalid IV for PE 74500.0; Zero volume CE at 74600.0; Zero volume CE at 74700.0; Zero volume CE at 74800.0
[15:27:43]   NIFTY chain unavailable [OPTIONS_CHAIN_ERROR]: FyersAPIError: Fyers HTTP 429 on https://api-t1.fyers.in/data/options-chain-v3?symbol=NSE%3ANIFTY50-INDEX&strikecount=30: {"type":"https://developers.cloudflare.com/support/troubleshooting/http-status-codes/cloudflare-1xxx-errors/error-1015/","title":"Error 1015: You are being rate limited","status":429,"detail":"You are being rate-limited by the website owner's configuration.","instance":"a2e8c6685b4c47e2","error_code":1015,"error_name":"rate_limited","error_category":"rate_limit","ray_id":"a2e8c6685b4c47e2","timestamp":"2026-08-21T09:57:41Z","zone":"api-t1.fyers.in","cloudflare_error":true,"retryable":true,"retry
[15:27:43]   BANKNIFTY chain unavailable [OPTIONS_CHAIN_ERROR]: FyersAPIError: Fyers HTTP 429 on https://api-t1.fyers.in/data/options-chain-v3?symbol=NSE%3ANIFTYBANK-INDEX&strikecount=30: {"type":"https://developers.cloudflare.com/support/troubleshooting/http-status-codes/cloudflare-1xxx-errors/error-1015/","title":"Error 1015: You are being rate limited","status":429,"detail":"You are being rate-limited by the website owner's configuration.","instance":"a2e8c6692bf285d9","error_code":1015,"error_name":"rate_limited","error_category":"rate_limit","ray_id":"a2e8c6692bf285d9","timestamp":"2026-08-21T09:57:41Z","zone":"api-t1.fyers.in","cloudflare_error":true,"retryable":true,"retry
[15:27:43]   FINNIFTY chain unavailable [OPTIONS_CHAIN_ERROR]: FyersAPIError: Fyers HTTP 429 on https://api-t1.fyers.in/data/options-chain-v3?symbol=NSE%3AFINNIFTY-INDEX&strikecount=30: {"type":"https://developers.cloudflare.com/support/troubleshooting/http-status-codes/cloudflare-1xxx-errors/error-1015/","title":"Error 1015: You are being rate limited","status":429,"detail":"You are being rate-limited by the website owner's configuration.","instance":"a2e8c66a5e186ee3","error_code":1015,"error_name":"rate_limited","error_category":"rate_limit","ray_id":"a2e8c66a5e186ee3","timestamp":"2026-08-21T09:57:42Z","zone":"api-t1.fyers.in","cloudflare_error":true,"retryable":true,"retry
[15:27:43]   MIDCPNIFTY chain unavailable [OPTIONS_CHAIN_ERROR]: FyersAPIError: Fyers HTTP 429 on https://api-t1.fyers.in/data/options-chain-v3?symbol=NSE%3AMIDCPNIFTY-INDEX&strikecount=30: {"type":"https://developers.cloudflare.com/support/troubleshooting/http-status-codes/cloudflare-1xxx-errors/error-1015/","title":"Error 1015: You are being rate limited","status":429,"detail":"You are being rate-limited by the website owner's configuration.","instance":"a2e8c66b3cf1ca57","error_code":1015,"error_name":"rate_limited","error_category":"rate_limit","ray_id":"a2e8c66b3cf1ca57","timestamp":"2026-08-21T09:57:42Z","zone":"api-t1.fyers.in","cloudflare_error":true,"retryable":true,"retry
[15:27:43]   POWERGRID chain unavailable [OPTIONS_CHAIN_ERROR]: FyersAPIError: Fyers HTTP 429 on https://api-t1.fyers.in/data/options-chain-v3?symbol=NSE%3APOWERGRID-EQ&strikecount=30: {"type":"https://developers.cloudflare.com/support/troubleshooting/http-status-codes/cloudflare-1xxx-errors/error-1015/","title":"Error 1015: You are being rate limited","status":429,"detail":"You are being rate-limited by the website owner's configuration.","instance":"a2e8c66c2e6440a5","error_code":1015,"error_name":"rate_limited","error_category":"rate_limit","ray_id":"a2e8c66c2e6440a5","timestamp":"2026-08-21T09:57:42Z","zone":"api-t1.fyers.in","cloudflare_error":true,"retryable":true,"retry
[15:27:43]   TMPV chain unavailable [OPTIONS_CHAIN_ERROR]: FyersAPIError: Fyers HTTP 429 on https://api-t1.fyers.in/data/options-chain-v3?symbol=NSE%3ATMPV-EQ&strikecount=30: {"type":"https://developers.cloudflare.com/support/troubleshooting/http-status-codes/cloudflare-1xxx-errors/error-1015/","title":"Error 1015: You are being rate limited","status":429,"detail":"You are being rate-limited by the website owner's configuration.","instance":"a2e8c66d3d5e117e","error_code":1015,"error_name":"rate_limited","error_category":"rate_limit","ray_id":"a2e8c66d3d5e117e","timestamp":"2026-08-21T09:57:42Z","zone":"api-t1.fyers.in","cloudflare_error":true,"retryable":true,"retry
[15:27:43]   TATASTEEL chain unavailable [OPTIONS_CHAIN_ERROR]: FyersAPIError: Fyers HTTP 429 on https://api-t1.fyers.in/data/options-chain-v3?symbol=NSE%3ATATASTEEL-EQ&strikecount=30: {"type":"https://developers.cloudflare.com/support/troubleshooting/http-status-codes/cloudflare-1xxx-errors/error-1015/","title":"Error 1015: You are being rate limited","status":429,"detail":"You are being rate-limited by the website owner's configuration.","instance":"a2e8c66e5d02ff76","error_code":1015,"error_name":"rate_limited","error_category":"rate_limit","ray_id":"a2e8c66e5d02ff76","timestamp":"2026-08-21T09:57:42Z","zone":"api-t1.fyers.in","cloudflare_error":true,"retryable":true,"retry
[15:27:44]   TECHM chain unavailable [OPTIONS_CHAIN_ERROR]: FyersAPIError: Fyers HTTP 429 on https://api-t1.fyers.in/data/options-chain-v3?symbol=NSE%3ATECHM-EQ&strikecount=30: {"type":"https://developers.cloudflare.com/support/troubleshooting/http-status-codes/cloudflare-1xxx-errors/error-1015/","title":"Error 1015: You are being rate limited","status":429,"detail":"You are being rate-limited by the website owner's configuration.","instance":"a2e8c66f4b6e1fb1","error_code":1015,"error_name":"rate_limited","error_category":"rate_limit","ray_id":"a2e8c66f4b6e1fb1","timestamp":"2026-08-21T09:57:42Z","zone":"api-t1.fyers.in","cloudflare_error":true,"retryable":true,"retry
[15:27:47]   SENSEX chain unavailable [OPTIONS_CHAIN_ERROR]: FyersAPIError: Fyers HTTP 429 on https://api-t1.fyers.in/data/options-chain-v3?symbol=BSE%3ASENSEX-INDEX&strikecount=30: {"type":"https://developers.cloudflare.com/support/troubleshooting/http-status-codes/cloudflare-1xxx-errors/error-1015/","title":"Error 1015: You are being rate limited","status":429,"detail":"You are being rate-limited by the website owner's configuration.","instance":"a2e8c686eed34f9b","error_code":1015,"error_name":"rate_limited","error_category":"rate_limit","ray_id":"a2e8c686eed34f9b","timestamp":"2026-08-21T09:57:46Z","zone":"api-t1.fyers.in","cloudflare_error":true,"retryable":true,"retry
[15:27:57]   BANKNIFTY NSE:BANKNIFTY26AUG57500PE depth unavailable: FyersAPIError: Fyers HTTP 429 on https://api-t1.fyers.in/data/depth?symbol=NSE%3ABANKNIFTY26AUG57500PE&ohlcv_flag=1: {"type":"https://developers.cloudflare.com/support/troubleshooting/http-status
[15:28:02]   HDFCBANK chain unavailable [OPTIONS_CHAIN_ERROR]: FyersAPIError: Fyers HTTP 429 on https://api-t1.fyers.in/data/options-chain-v3?symbol=NSE%3AHDFCBANK-EQ&strikecount=30: {"type":"https://developers.cloudflare.com/support/troubleshooting/http-status-codes/cloudflare-1xxx-errors/error-1015/","title":"Error 1015: You are being rate limited","status":429,"detail":"You are being rate-limited by the website owner's configuration.","instance":"a2e8c6e36c733b79","error_code":1015,"error_name":"rate_limited","error_category":"rate_limit","ray_id":"a2e8c6e36c733b79","timestamp":"2026-08-21T09:58:01Z","zone":"api-t1.fyers.in","cloudflare_error":true,"retryable":true,"retry
[15:28:02]   HDFCLIFE chain unavailable [OPTIONS_CHAIN_ERROR]: FyersAPIError: Fyers HTTP 429 on https://api-t1.fyers.in/data/options-chain-v3?symbol=NSE%3AHDFCLIFE-EQ&strikecount=30: {"type":"https://developers.cloudflare.com/support/troubleshooting/http-status-codes/cloudflare-1xxx-errors/error-1015/","title":"Error 1015: You are being rate limited","status":429,"detail":"You are being rate-limited by the website owner's configuration.","instance":"a2e8c6e4782b3a2a","error_code":1015,"error_name":"rate_limited","error_category":"rate_limit","ray_id":"a2e8c6e4782b3a2a","timestamp":"2026-08-21T09:58:01Z","zone":"api-t1.fyers.in","cloudflare_error":true,"retryable":true,"retry
[15:28:03]   MAXHEALTH chain unavailable [OPTIONS_CHAIN_ERROR]: FyersAPIError: Fyers HTTP 429 on https://api-t1.fyers.in/data/options-chain-v3?symbol=NSE%3AMAXHEALTH-EQ&strikecount=30: {"type":"https://developers.cloudflare.com/support/troubleshooting/http-status-codes/cloudflare-1xxx-errors/error-1015/","title":"Error 1015: You are being rate limited","status":429,"detail":"You are being rate-limited by the website owner's configuration.","instance":"a2e8c6e5de270e2c","error_code":1015,"error_name":"rate_limited","error_category":"rate_limit","ray_id":"a2e8c6e5de270e2c","timestamp":"2026-08-21T09:58:01Z","zone":"api-t1.fyers.in","cloudflare_error":true,"retryable":true,"retry
[15:28:23]   HDFCBANK chain unavailable [OPTIONS_CHAIN_ERROR]: FyersAPIError: Fyers HTTP 429 on https://api-t1.fyers.in/data/options-chain-v3?symbol=NSE%3AHDFCBANK-EQ&strikecount=30: {"type":"https://developers.cloudflare.com/support/troubleshooting/http-status-codes/cloudflare-1xxx-errors/error-1015/","title":"Error 1015: You are being rate limited","status":429,"detail":"You are being rate-limited by the website owner's configuration.","instance":"a2e8c7667c9a4832","error_code":1015,"error_name":"rate_limited","error_category":"rate_limit","ray_id":"a2e8c7667c9a4832","timestamp":"2026-08-21T09:58:22Z","zone":"api-t1.fyers.in","cloudflare_error":true,"retryable":true,"retry
[15:28:23]   HDFCLIFE chain unavailable [OPTIONS_CHAIN_ERROR]: FyersAPIError: Fyers HTTP 429 on https://api-t1.fyers.in/data/options-chain-v3?symbol=NSE%3AHDFCLIFE-EQ&strikecount=30: {"type":"https://developers.cloudflare.com/support/troubleshooting/http-status-codes/cloudflare-1xxx-errors/error-1015/","title":"Error 1015: You are being rate limited","status":429,"detail":"You are being rate-limited by the website owner's configuration.","instance":"a2e8c7676bb2aa12","error_code":1015,"error_name":"rate_limited","error_category":"rate_limit","ray_id":"a2e8c7676bb2aa12","timestamp":"2026-08-21T09:58:22Z","zone":"api-t1.fyers.in","cloudflare_error":true,"retryable":true,"retry
[15:28:24]   MAXHEALTH chain unavailable [OPTIONS_CHAIN_ERROR]: FyersAPIError: Fyers HTTP 429 on https://api-t1.fyers.in/data/options-chain-v3?symbol=NSE%3AMAXHEALTH-EQ&strikecount=30: {"type":"https://developers.cloudflare.com/support/troubleshooting/http-status-codes/cloudflare-1xxx-errors/error-1015/","title":"Error 1015: You are being rate limited","status":429,"detail":"You are being rate-limited by the website owner's configuration.","instance":"a2e8c7695de7ff77","error_code":1015,"error_name":"rate_limited","error_category":"rate_limit","ray_id":"a2e8c7695de7ff77","timestamp":"2026-08-21T09:58:22Z","zone":"api-t1.fyers.in","cloudflare_error":true,"retryable":true,"retry
[15:28:30]   DATA HEALTH ALERT NIFTY: Invalid IV for CE 22750.0; Missing delta for CE 22750.0; Invalid IV for PE 22750.0; Zero volume CE at 22750.0; Zero volume CE at 22850.0; Zero volume CE at 23050.0; Candidate option quote stale 16.98s; Candidate option quote stale 16.98s; Candidate option quote stale 18.98s; Candidate option quote stale 16.98s; Candidate option quote stale 16.98s; Candidate option quote stale 16.98s
[15:28:30]   DATA HEALTH ALERT BANKNIFTY: Invalid IV for CE 54600.0; Missing delta for CE 54600.0; Invalid IV for PE 54600.0; Zero volume CE at 54600.0; Zero volume CE at 54700.0; Zero volume CE at 54800.0; Candidate option quote stale 16.99s; Candidate option quote stale 14.99s; Candidate option quote stale 16.99s; Candidate option quote stale 17.99s; Candidate option quote stale 13.99s; Candidate option quote stale 13.99s
[15:28:30]   DATA HEALTH ALERT MIDCPNIFTY: CE/PE timestamp delta 6.00s at 14850.0; CE/PE timestamp delta 36.00s at 14875.0; Candidate option quote stale 18.00s; Candidate option quote stale 12.00s; Candidate option quote stale 28.00s; Candidate option quote stale 29.00s; Candidate option quote stale 22.00s; Candidate option quote stale 58.00s
[15:28:31]   DATA HEALTH ALERT BANKEX: CE/PE timestamp delta 798.00s at 65200.0; Candidate option quote stale 91.02s; Candidate option quote stale 90.02s; Candidate option quote stale 888.02s; Candidate option quote stale 90.02s; Candidate option quote stale 91.02s; Candidate option quote stale 90.02s
[15:28:31]   DATA HEALTH ALERT APOLLOHOSP: CE/PE timestamp delta 34.00s at 8500.0; CE/PE timestamp delta 41.00s at 8600.0; CE/PE timestamp delta 3.00s at 8700.0; Candidate option quote stale 44.02s; Candidate option quote stale 43.02s; Candidate option quote stale 9.02s; Candidate option quote stale 8.03s; Candidate option quote stale 11.03s
[15:28:40]   BANKNIFTY NSE:BANKNIFTY26AUG57700CE depth unavailable: FyersAPIError: Fyers HTTP 429 on https://api-t1.fyers.in/data/depth?symbol=NSE%3ABANKNIFTY26AUG57700CE&ohlcv_flag=1: {"type":"https://developers.cloudflare.com/support/troubleshooting/http-status
[15:28:46]   HDFCBANK chain unavailable [OPTIONS_CHAIN_ERROR]: FyersAPIError: Fyers HTTP 429 on https://api-t1.fyers.in/data/options-chain-v3?symbol=NSE%3AHDFCBANK-EQ&strikecount=30: {"type":"https://developers.cloudflare.com/support/troubleshooting/http-status-codes/cloudflare-1xxx-errors/error-1015/","title":"Error 1015: You are being rate limited","status":429,"detail":"You are being rate-limited by the website owner's configuration.","instance":"a2e8c7f49dd0892d","error_code":1015,"error_name":"rate_limited","error_category":"rate_limit","ray_id":"a2e8c7f49dd0892d","timestamp":"2026-08-21T09:58:45Z","zone":"api-t1.fyers.in","cloudflare_error":true,"retryable":true,"retry
[15:28:46]   HDFCLIFE chain unavailable [OPTIONS_CHAIN_ERROR]: FyersAPIError: Fyers HTTP 429 on https://api-t1.fyers.in/data/options-chain-v3?symbol=NSE%3AHDFCLIFE-EQ&strikecount=30: {"type":"https://developers.cloudflare.com/support/troubleshooting/http-status-codes/cloudflare-1xxx-errors/error-1015/","title":"Error 1015: You are being rate limited","status":429,"detail":"You are being rate-limited by the website owner's configuration.","instance":"a2e8c7f61a1d4457","error_code":1015,"error_name":"rate_limited","error_category":"rate_limit","ray_id":"a2e8c7f61a1d4457","timestamp":"2026-08-21T09:58:45Z","zone":"api-t1.fyers.in","cloudflare_error":true,"retryable":true,"retry
[15:28:46]   MAXHEALTH chain unavailable [OPTIONS_CHAIN_ERROR]: FyersAPIError: Fyers HTTP 429 on https://api-t1.fyers.in/data/options-chain-v3?symbol=NSE%3AMAXHEALTH-EQ&strikecount=30: {"type":"https://developers.cloudflare.com/support/troubleshooting/http-status-codes/cloudflare-1xxx-errors/error-1015/","title":"Error 1015: You are being rate limited","status":429,"detail":"You are being rate-limited by the website owner's configuration.","instance":"a2e8c7f70f1d482f","error_code":1015,"error_name":"rate_limited","error_category":"rate_limit","ray_id":"a2e8c7f70f1d482f","timestamp":"2026-08-21T09:58:45Z","zone":"api-t1.fyers.in","cloudflare_error":true,"retryable":true,"retry
[15:28:46]   SUNPHARMA chain unavailable [OPTIONS_CHAIN_ERROR]: FyersAPIError: Fyers HTTP 429 on https://api-t1.fyers.in/data/options-chain-v3?symbol=NSE%3ASUNPHARMA-EQ&strikecount=30: {"type":"https://developers.cloudflare.com/support/troubleshooting/http-status-codes/cloudflare-1xxx-errors/error-1015/","title":"Error 1015: You are being rate limited","status":429,"detail":"You are being rate-limited by the website owner's configuration.","instance":"a2e8c7f7f96dd109","error_code":1015,"error_name":"rate_limited","error_category":"rate_limit","ray_id":"a2e8c7f7f96dd109","timestamp":"2026-08-21T09:58:45Z","zone":"api-t1.fyers.in","cloudflare_error":true,"retryable":true,"retry
[15:28:47]   TATACONSUM chain unavailable [OPTIONS_CHAIN_ERROR]: FyersAPIError: Fyers HTTP 429 on https://api-t1.fyers.in/data/options-chain-v3?symbol=NSE%3ATATACONSUM-EQ&strikecount=30: {"type":"https://developers.cloudflare.com/support/troubleshooting/http-status-codes/cloudflare-1xxx-errors/error-1015/","title":"Error 1015: You are being rate limited","status":429,"detail":"You are being rate-limited by the website owner's configuration.","instance":"a2e8c7f8aa4b2cb1","error_code":1015,"error_name":"rate_limited","error_category":"rate_limit","ray_id":"a2e8c7f8aa4b2cb1","timestamp":"2026-08-21T09:58:45Z","zone":"api-t1.fyers.in","cloudflare_error":true,"retryable":true,"retry
[15:28:47]   BANKEX chain unavailable [OPTIONS_CHAIN_ERROR]: FyersAPIError: Fyers HTTP 429 on https://api-t1.fyers.in/data/options-chain-v3?symbol=BSE%3ABANKEX-INDEX&strikecount=30: {"type":"https://developers.cloudflare.com/support/troubleshooting/http-status-codes/cloudflare-1xxx-errors/error-1015/","title":"Error 1015: You are being rate limited","status":429,"detail":"You are being rate-limited by the website owner's configuration.","instance":"a2e8c7f97f55abf2","error_code":1015,"error_name":"rate_limited","error_category":"rate_limit","ray_id":"a2e8c7f97f55abf2","timestamp":"2026-08-21T09:58:46Z","zone":"api-t1.fyers.in","cloudflare_error":true,"retryable":true,"retry
[15:28:53]   NIFTY chain unavailable [OPTIONS_CHAIN_ERROR]: FyersAPIError: Fyers HTTP 429 on https://api-t1.fyers.in/data/options-chain-v3?symbol=NSE%3ANIFTY50-INDEX&strikecount=30: {"type":"https://developers.cloudflare.com/support/troubleshooting/http-status-codes/cloudflare-1xxx-errors/error-1015/","title":"Error 1015: You are being rate limited","status":429,"detail":"You are being rate-limited by the website owner's configuration.","instance":"a2e8c821b8dc3c40","error_code":1015,"error_name":"rate_limited","error_category":"rate_limit","ray_id":"a2e8c821b8dc3c40","timestamp":"2026-08-21T09:58:52Z","zone":"api-t1.fyers.in","cloudflare_error":true,"retryable":true,"retry
[15:28:53]   BANKNIFTY chain unavailable [OPTIONS_CHAIN_ERROR]: FyersAPIError: Fyers HTTP 429 on https://api-t1.fyers.in/data/options-chain-v3?symbol=NSE%3ANIFTYBANK-INDEX&strikecount=30: {"type":"https://developers.cloudflare.com/support/troubleshooting/http-status-codes/cloudflare-1xxx-errors/error-1015/","title":"Error 1015: You are being rate limited","status":429,"detail":"You are being rate-limited by the website owner's configuration.","instance":"a2e8c822aed6f4b7","error_code":1015,"error_name":"rate_limited","error_category":"rate_limit","ray_id":"a2e8c822aed6f4b7","timestamp":"2026-08-21T09:58:52Z","zone":"api-t1.fyers.in","cloudflare_error":true,"retryable":true,"retry
[15:28:53]   FINNIFTY chain unavailable [OPTIONS_CHAIN_ERROR]: FyersAPIError: Fyers HTTP 429 on https://api-t1.fyers.in/data/options-chain-v3?symbol=NSE%3AFINNIFTY-INDEX&strikecount=30: {"type":"https://developers.cloudflare.com/support/troubleshooting/http-status-codes/cloudflare-1xxx-errors/error-1015/","title":"Error 1015: You are being rate limited","status":429,"detail":"You are being rate-limited by the website owner's configuration.","instance":"a2e8c8237bece89d","error_code":1015,"error_name":"rate_limited","error_category":"rate_limit","ray_id":"a2e8c8237bece89d","timestamp":"2026-08-21T09:58:52Z","zone":"api-t1.fyers.in","cloudflare_error":true,"retryable":true,"retry
[15:28:54]   MIDCPNIFTY chain unavailable [OPTIONS_CHAIN_ERROR]: FyersAPIError: Fyers HTTP 429 on https://api-t1.fyers.in/data/options-chain-v3?symbol=NSE%3AMIDCPNIFTY-INDEX&strikecount=30: {"type":"https://developers.cloudflare.com/support/troubleshooting/http-status-codes/cloudflare-1xxx-errors/error-1015/","title":"Error 1015: You are being rate limited","status":429,"detail":"You are being rate-limited by the website owner's configuration.","instance":"a2e8c8248cad3cc3","error_code":1015,"error_name":"rate_limited","error_category":"rate_limit","ray_id":"a2e8c8248cad3cc3","timestamp":"2026-08-21T09:58:52Z","zone":"api-t1.fyers.in","cloudflare_error":true,"retryable":true,"retry
[15:29:01]   INFY NSE:INFY26AUG1135PE depth unavailable: FyersAPIError: Fyers HTTP 429 on https://api-t1.fyers.in/data/depth?symbol=NSE%3AINFY26AUG1135PE&ohlcv_flag=1: {"type":"https://developers.cloudflare.com/support/troubleshooting/http-status-codes
[15:29:02]   INDIGO chain unavailable [OPTIONS_CHAIN_ERROR]: FyersAPIError: Fyers HTTP 429 on https://api-t1.fyers.in/data/options-chain-v3?symbol=NSE%3AINDIGO-EQ&strikecount=30: {"type":"https://developers.cloudflare.com/support/troubleshooting/http-status-codes/cloudflare-1xxx-errors/error-1015/","title":"Error 1015: You are being rate limited","status":429,"detail":"You are being rate-limited by the website owner's configuration.","instance":"a2e8c856abcb3b15","error_code":1015,"error_name":"rate_limited","error_category":"rate_limit","ray_id":"a2e8c856abcb3b15","timestamp":"2026-08-21T09:59:00Z","zone":"api-t1.fyers.in","cloudflare_error":true,"retryable":true,"retry
[15:29:06]   DATA HEALTH ALERT SBIN: CE/PE timestamp delta 16.00s at 1040.0; CE/PE timestamp delta 24.00s at 1050.0; Candidate option quote stale 40.83s; Candidate option quote stale 24.83s; Candidate option quote stale 30.83s; Candidate option quote stale 30.83s; Candidate option quote warning stale 5.83s; Candidate option quote stale 29.83s
[15:29:27]   SBIN chain unavailable [OPTIONS_CHAIN_ERROR]: FyersAPIError: Fyers HTTP 429 on https://api-t1.fyers.in/data/options-chain-v3?symbol=NSE%3ASBIN-EQ&strikecount=30: {"type":"https://developers.cloudflare.com/support/troubleshooting/http-status-codes/cloudflare-1xxx-errors/error-1015/","title":"Error 1015: You are being rate limited","status":429,"detail":"You are being rate-limited by the website owner's configuration.","instance":"a2e8c8f65b3a0027","error_code":1015,"error_name":"rate_limited","error_category":"rate_limit","ray_id":"a2e8c8f65b3a0027","timestamp":"2026-08-21T09:59:26Z","zone":"api-t1.fyers.in","cloudflare_error":true,"retryable":true,"retry
[15:29:27]   BAJFINANCE chain unavailable [OPTIONS_CHAIN_ERROR]: FyersAPIError: Fyers HTTP 429 on https://api-t1.fyers.in/data/options-chain-v3?symbol=NSE%3ABAJFINANCE-EQ&strikecount=30: {"type":"https://developers.cloudflare.com/support/troubleshooting/http-status-codes/cloudflare-1xxx-errors/error-1015/","title":"Error 1015: You are being rate limited","status":429,"detail":"You are being rate-limited by the website owner's configuration.","instance":"a2e8c8f73d4f1432","error_code":1015,"error_name":"rate_limited","error_category":"rate_limit","ray_id":"a2e8c8f73d4f1432","timestamp":"2026-08-21T09:59:26Z","zone":"api-t1.fyers.in","cloudflare_error":true,"retryable":true,"retry
[15:29:28]   BHARTIARTL chain unavailable [OPTIONS_CHAIN_ERROR]: FyersAPIError: Fyers HTTP 429 on https://api-t1.fyers.in/data/options-chain-v3?symbol=NSE%3ABHARTIARTL-EQ&strikecount=30: {"type":"https://developers.cloudflare.com/support/troubleshooting/http-status-codes/cloudflare-1xxx-errors/error-1015/","title":"Error 1015: You are being rate limited","status":429,"detail":"You are being rate-limited by the website owner's configuration.","instance":"a2e8c8f8693523e4","error_code":1015,"error_name":"rate_limited","error_category":"rate_limit","ray_id":"a2e8c8f8693523e4","timestamp":"2026-08-21T09:59:26Z","zone":"api-t1.fyers.in","cloudflare_error":true,"retryable":true,"retry
[15:29:43]   HINDALCO NSE:HINDALCO26AUG1040CE depth unavailable: FyersAPIError: Fyers HTTP 429 on https://api-t1.fyers.in/data/depth?symbol=NSE%3AHINDALCO26AUG1040CE&ohlcv_flag=1: {"type":"https://developers.cloudflare.com/support/troubleshooting/http-status-c
[15:29:59]   DATA HEALTH ALERT NIFTY: Invalid IV for CE 22750.0; Missing delta for CE 22750.0; Invalid IV for PE 22750.0; Zero volume CE at 22750.0; Zero volume CE at 22850.0; Zero volume CE at 23050.0; Candidate option quote stale 27.74s; Candidate option quote stale 27.74s; Candidate option quote stale 27.74s; Candidate option quote stale 28.74s; Candidate option quote stale 27.74s; Candidate option quote stale 25.74s
[15:29:59]   DATA HEALTH ALERT BANKNIFTY: Invalid IV for CE 54600.0; Missing delta for CE 54600.0; Invalid IV for PE 54600.0; Zero volume CE at 54600.0; Zero volume CE at 54700.0; Zero volume CE at 54800.0; Candidate option quote stale 23.74s; Candidate option quote stale 24.75s; Candidate option quote stale 25.75s; Candidate option quote stale 24.75s; Candidate option quote stale 25.75s; Candidate option quote stale 23.75s
[15:29:59]   DATA HEALTH ALERT MIDCPNIFTY: CE/PE timestamp delta 37.00s at 14825.0; CE/PE timestamp delta 42.00s at 14875.0; Candidate option quote stale 21.75s; Candidate option quote stale 21.75s; Candidate option quote stale 60.75s; Candidate option quote stale 23.75s; Candidate option quote stale 64.75s; Candidate option quote stale 22.75s
[15:29:59]   DATA HEALTH ALERT INDIGO: CE/PE timestamp delta 9.00s at 5100.0; Candidate option quote stale 10.77s; Candidate option quote stale 19.77s; Candidate option quote stale 14.78s; Candidate option quote stale 14.78s; Candidate option quote stale 14.78s; Candidate option quote stale 14.78s
[15:30:04]   NIFTY chain unavailable [OPTIONS_CHAIN_ERROR]: FyersAPIError: Fyers HTTP 429 on https://api-t1.fyers.in/data/options-chain-v3?symbol=NSE%3ANIFTY50-INDEX&strikecount=30: {"type":"https://developers.cloudflare.com/support/troubleshooting/http-status-codes/cloudflare-1xxx-errors/error-1015/","title":"Error 1015: You are being rate limited","status":429,"detail":"You are being rate-limited by the website owner's configuration.","instance":"a2e8c9df9d6221c3","error_code":1015,"error_name":"rate_limited","error_category":"rate_limit","ray_id":"a2e8c9df9d6221c3","timestamp":"2026-08-21T10:00:03Z","zone":"api-t1.fyers.in","cloudflare_error":true,"retryable":true,"retry
[15:30:05]   BANKNIFTY chain unavailable [OPTIONS_CHAIN_ERROR]: FyersAPIError: Fyers HTTP 429 on https://api-t1.fyers.in/data/options-chain-v3?symbol=NSE%3ANIFTYBANK-INDEX&strikecount=30: {"type":"https://developers.cloudflare.com/support/troubleshooting/http-status-codes/cloudflare-1xxx-errors/error-1015/","title":"Error 1015: You are being rate limited","status":429,"detail":"You are being rate-limited by the website owner's configuration.","instance":"a2e8c9e08d063a14","error_code":1015,"error_name":"rate_limited","error_category":"rate_limit","ray_id":"a2e8c9e08d063a14","timestamp":"2026-08-21T10:00:03Z","zone":"api-t1.fyers.in","cloudflare_error":true,"retryable":true,"retry
[15:30:12]   EICHERMOT NSE:EICHERMOT26AUG8100PE depth unavailable: FyersAPIError: Fyers HTTP 429 on https://api-t1.fyers.in/data/depth?symbol=NSE%3AEICHERMOT26AUG8100PE&ohlcv_flag=1: {"type":"https://developers.cloudflare.com/support/troubleshooting/http-status-
[15:30:13]   ETERNAL chain unavailable [OPTIONS_CHAIN_ERROR]: FyersAPIError: Fyers HTTP 429 on https://api-t1.fyers.in/data/options-chain-v3?symbol=NSE%3AETERNAL-EQ&strikecount=30: {"type":"https://developers.cloudflare.com/support/troubleshooting/http-status-codes/cloudflare-1xxx-errors/error-1015/","title":"Error 1015: You are being rate limited","status":429,"detail":"You are being rate-limited by the website owner's configuration.","instance":"a2e8ca11ecdf3bfe","error_code":1015,"error_name":"rate_limited","error_category":"rate_limit","ray_id":"a2e8ca11ecdf3bfe","timestamp":"2026-08-21T10:00:11Z","zone":"api-t1.fyers.in","cloudflare_error":true,"retryable":true,"retry
[15:30:20]   KOTAKBANK NSE:KOTAKBANK26AUG405PE depth unavailable: FyersAPIError: Fyers HTTP 429 on https://api-t1.fyers.in/data/depth?symbol=NSE%3AKOTAKBANK26AUG405PE&ohlcv_flag=1: {"type":"https://developers.cloudflare.com/support/troubleshooting/http-status-c
[15:30:43]   ETERNAL chain unavailable [OPTIONS_CHAIN_ERROR]: FyersAPIError: Fyers HTTP 429 on https://api-t1.fyers.in/data/options-chain-v3?symbol=NSE%3AETERNAL-EQ&strikecount=30: {"type":"https://developers.cloudflare.com/support/troubleshooting/http-status-codes/cloudflare-1xxx-errors/error-1015/","title":"Error 1015: You are being rate limited","status":429,"detail":"You are being rate-limited by the website owner's configuration.","instance":"a2e8caceba9b80af","error_code":1015,"error_name":"rate_limited","error_category":"rate_limit","ray_id":"a2e8caceba9b80af","timestamp":"2026-08-21T10:00:42Z","zone":"api-t1.fyers.in","cloudflare_error":true,"retryable":true,"retry
[15:30:43]   GRASIM chain unavailable [OPTIONS_CHAIN_ERROR]: FyersAPIError: Fyers HTTP 429 on https://api-t1.fyers.in/data/options-chain-v3?symbol=NSE%3AGRASIM-EQ&strikecount=30: {"type":"https://developers.cloudflare.com/support/troubleshooting/http-status-codes/cloudflare-1xxx-errors/error-1015/","title":"Error 1015: You are being rate limited","status":429,"detail":"You are being rate-limited by the website owner's configuration.","instance":"a2e8cacf9b7dc87d","error_code":1015,"error_name":"rate_limited","error_category":"rate_limit","ray_id":"a2e8cacf9b7dc87d","timestamp":"2026-08-21T10:00:42Z","zone":"api-t1.fyers.in","cloudflare_error":true,"retryable":true,"retry
[15:30:43]   ITC chain unavailable [OPTIONS_CHAIN_ERROR]: FyersAPIError: Fyers HTTP 429 on https://api-t1.fyers.in/data/options-chain-v3?symbol=NSE%3AITC-EQ&strikecount=30: {"type":"https://developers.cloudflare.com/support/troubleshooting/http-status-codes/cloudflare-1xxx-errors/error-1015/","title":"Error 1015: You are being rate limited","status":429,"detail":"You are being rate-limited by the website owner's configuration.","instance":"a2e8cad0bd713c2e","error_code":1015,"error_name":"rate_limited","error_category":"rate_limit","ray_id":"a2e8cad0bd713c2e","timestamp":"2026-08-21T10:00:42Z","zone":"api-t1.fyers.in","cloudflare_error":true,"retryable":true,"retry
[15:30:43]   JIOFIN chain unavailable [OPTIONS_CHAIN_ERROR]: FyersAPIError: Fyers HTTP 429 on https://api-t1.fyers.in/data/options-chain-v3?symbol=NSE%3AJIOFIN-EQ&strikecount=30: {"type":"https://developers.cloudflare.com/support/troubleshooting/http-status-codes/cloudflare-1xxx-errors/error-1015/","title":"Error 1015: You are being rate limited","status":429,"detail":"You are being rate-limited by the website owner's configuration.","instance":"a2e8cad1c9e668a4","error_code":1015,"error_name":"rate_limited","error_category":"rate_limit","ray_id":"a2e8cad1c9e668a4","timestamp":"2026-08-21T10:00:42Z","zone":"api-t1.fyers.in","cloudflare_error":true,"retryable":true,"retry
[15:30:43]   KOTAKBANK chain unavailable [OPTIONS_CHAIN_ERROR]: FyersAPIError: Fyers HTTP 429 on https://api-t1.fyers.in/data/options-chain-v3?symbol=NSE%3AKOTAKBANK-EQ&strikecount=30: {"type":"https://developers.cloudflare.com/support/troubleshooting/http-status-codes/cloudflare-1xxx-errors/error-1015/","title":"Error 1015: You are being rate limited","status":429,"detail":"You are being rate-limited by the website owner's configuration.","instance":"a2e8cad29b67ff9b","error_code":1015,"error_name":"rate_limited","error_category":"rate_limit","ray_id":"a2e8cad29b67ff9b","timestamp":"2026-08-21T10:00:42Z","zone":"api-t1.fyers.in","cloudflare_error":true,"retryable":true,"retry
[15:30:44]   LT chain unavailable [OPTIONS_CHAIN_ERROR]: FyersAPIError: Fyers HTTP 429 on https://api-t1.fyers.in/data/options-chain-v3?symbol=NSE%3ALT-EQ&strikecount=30: {"type":"https://developers.cloudflare.com/support/troubleshooting/http-status-codes/cloudflare-1xxx-errors/error-1015/","title":"Error 1015: You are being rate limited","status":429,"detail":"You are being rate-limited by the website owner's configuration.","instance":"a2e8cad3b80f3026","error_code":1015,"error_name":"rate_limited","error_category":"rate_limit","ray_id":"a2e8cad3b80f3026","timestamp":"2026-08-21T10:00:42Z","zone":"api-t1.fyers.in","cloudflare_error":true,"retryable":true,"retry
[15:30:44]   DATA HEALTH ALERT CIPLA: CE/PE timestamp delta 23.00s at 1420.0; CE/PE timestamp delta 19.00s at 1430.0; CE/PE timestamp delta 26.00s at 1440.0; Candidate option quote stale 25.21s; Candidate option quote stale 44.21s; Candidate option quote stale 38.21s; Candidate option quote stale 61.21s; Candidate option quote stale 37.21s; Candidate option quote stale 63.21s
[15:30:44]   DATA HEALTH ALERT EICHERMOT: CE/PE timestamp delta 218.00s at 7900.0; CE/PE timestamp delta 10.00s at 8000.0; CE/PE timestamp delta 50.00s at 8100.0; Candidate option quote stale 44.21s; Candidate option quote stale 34.22s; Candidate option quote stale 237.22s; Candidate option quote stale 19.22s; Candidate option quote stale 24.22s; Candidate option quote stale 74.22s
[15:30:52]   NIFTY NSE:NIFTY26AUG24300CE depth unavailable: FyersAPIError: Fyers HTTP 429 on https://api-t1.fyers.in/data/depth?symbol=NSE%3ANIFTY26AUG24300CE&ohlcv_flag=1: {"type":"https://developers.cloudflare.com/support/troubleshooting/http-status-cod
[15:31:09]   DATA HEALTH ALERT NIFTY: Invalid IV for CE 22750.0; Missing delta for CE 22750.0; Invalid IV for PE 22750.0; Zero volume CE at 22750.0; Zero volume CE at 22850.0; Zero volume CE at 23050.0; Candidate option quote stale 21.74s; Candidate option quote stale 21.74s; Candidate option quote stale 21.74s; Candidate option quote stale 21.74s; Candidate option quote depth unavailable; Candidate option quote stale 18.74s
[15:31:09]   DATA HEALTH ALERT BANKNIFTY: Invalid IV for CE 54800.0; Missing delta for CE 54800.0; Invalid IV for PE 54800.0; Zero volume CE at 54800.0; Zero volume CE at 54900.0; Zero volume CE at 55100.0; Candidate option quote stale 16.75s; Candidate option quote stale 16.75s; Candidate option quote stale 17.75s; Candidate option quote stale 17.75s; Candidate option quote stale 17.75s; Candidate option quote stale 18.75s
