event_id,ts,event_type,session_id,underlying,exchange,instrument_kind,instrument_class,lifecycle_state,exposure_group,decision_source,strategy_version,score_version,universe_version,parameter_profile,payload_json
20260818102403145939-1,2026-08-18T10:24:03.145939+05:30,DAILY_MODE_CONTEXT,20260818_102402,,,,,,INDEX:,daily_mode_operator_control,paper-strategy-8ade763620b6,opportunity-score-8ade763620b6,universe-a8e55c76a270,PAPER_OVERRIDE::FYERS_PAPER_PROXY_RESEARCH,"{""computed_mode"": ""NORMAL"", ""effective_mode"": ""NORMAL"", ""path"": ""uploads\\DAILY_MODE.txt"", ""reason"": ""Daily mode is for 2026-08-17, not 2026-08-18"", ""status"": ""STALE""}"
20260818102438576200-2,2026-08-18T10:24:38.576200+05:30,INCIDENT_ENTRY_BLOCK,20260818_102402,,,,,,INDEX:,incident_guard,paper-strategy-8ade763620b6,opportunity-score-8ade763620b6,universe-a8e55c76a270,PAPER_OVERRIDE::FYERS_PAPER_PROXY_RESEARCH,"{""reason"": ""Cycle failure: OptionChainParseError: Missing CE at strike 3040.0; reconnect stabilization in progress""}"
20260818102449844044-3,2026-08-18T10:24:49.844044+05:30,INCIDENT_ENTRY_BLOCK,20260818_102402,,,,,,INDEX:,incident_guard,paper-strategy-8ade763620b6,opportunity-score-8ade763620b6,universe-a8e55c76a270,PAPER_OVERRIDE::FYERS_PAPER_PROXY_RESEARCH,"{""reason"": ""Cycle failure: OptionChainParseError: Missing CE at strike 3040.0; reconnect stabilization in progress""}"
20260818102513239500-4,2026-08-18T10:25:13.239500+05:30,INCIDENT_ENTRY_BLOCK,20260818_102402,,,,,,INDEX:,incident_guard,paper-strategy-8ade763620b6,opportunity-score-8ade763620b6,universe-a8e55c76a270,PAPER_OVERRIDE::FYERS_PAPER_PROXY_RESEARCH,"{""reason"": ""Cycle failure: OptionChainParseError: Missing CE at strike 3040.0; reconnect stabilization in progress""}"
20260818102533860709-5,2026-08-18T10:25:33.860709+05:30,PORTFOLIO_NO_TRADE_BLOCK,20260818_102402,,,,,,INDEX:,portfolio_no_trade_engine,paper-strategy-8ade763620b6,opportunity-score-8ade763620b6,universe-a8e55c76a270,PAPER_OVERRIDE::FYERS_PAPER_PROXY_RESEARCH,"{""reason"": ""Portfolio no-trade hard veto: 24_instruments_data_invalid, no_candidate_grade_A_or_better"", ""snapshot"": {""components"": {""best_candidate_weakness_risk"": 56.18428376054531, ""calibration_uncertainty_risk"": 91.66666666666667, ""cross_instrument_market_hostility"": 25.158902205705427, ""data_breadth_risk"": 100.0, ""event_gap_system_risk"": 0.0, ""liquidity_breadth_risk"": 100.0, ""recent_loss_psychology_risk"": 0.0}, ""enabled"": true, ""hard_vetoes"": [""24_instruments_data_invalid"", ""no_candidate_grade_A_or_better""], ""score"": 53.66118471461075, ""shutdown_above"": 70.0, ""status"": ""BLOCKED"", ""timestamp"": ""2026-08-18T10:25:33.860709+05:30""}}"
20260818102546615138-6,2026-08-18T10:25:46.615138+05:30,PORTFOLIO_NO_TRADE_BLOCK,20260818_102402,,,,,,INDEX:,portfolio_no_trade_engine,paper-strategy-8ade763620b6,opportunity-score-8ade763620b6,universe-a8e55c76a270,PAPER_OVERRIDE::FYERS_PAPER_PROXY_RESEARCH,"{""reason"": ""Portfolio no-trade hard veto: 22_instruments_data_invalid, no_candidate_grade_A_or_better"", ""snapshot"": {""components"": {""best_candidate_weakness_risk"": 49.886028907803286, ""calibration_uncertainty_risk"": 90.9090909090909, ""cross_instrument_market_hostility"": 24.620833105911007, ""data_breadth_risk"": 100.0, ""event_gap_system_risk"": 0.0, ""liquidity_breadth_risk"": 100.0, ""recent_loss_psychology_risk"": 0.0}, ""enabled"": true, ""hard_vetoes"": [""22_instruments_data_invalid"", ""no_candidate_grade_A_or_better""], ""score"": 51.94112839358757, ""shutdown_above"": 70.0, ""status"": ""BLOCKED"", ""timestamp"": ""2026-08-18T10:25:46.615138+05:30""}}"
20260818102607926983-1,2026-08-18T10:26:07.926983+05:30,DAILY_MODE_CONTEXT,20260818_102607,,,,,,INDEX:,daily_mode_operator_control,paper-strategy-8ade763620b6,opportunity-score-8ade763620b6,universe-a8e55c76a270,PAPER_OVERRIDE::FYERS_PAPER_PROXY_RESEARCH,"{""computed_mode"": ""NORMAL"", ""effective_mode"": ""NORMAL"", ""path"": ""uploads\\DAILY_MODE.txt"", ""reason"": ""Daily mode is for 2026-08-17, not 2026-08-18"", ""status"": ""STALE""}"
20260818102635783495-2,2026-08-18T10:26:35.783495+05:30,INCIDENT_ENTRY_BLOCK,20260818_102607,,,,,,INDEX:,incident_guard,paper-strategy-8ade763620b6,opportunity-score-8ade763620b6,universe-a8e55c76a270,PAPER_OVERRIDE::FYERS_PAPER_PROXY_RESEARCH,"{""reason"": ""Cycle failure: OptionChainParseError: Missing CE at strike 3040.0; reconnect stabilization in progress""}"
20260818102646727922-3,2026-08-18T10:26:46.727922+05:30,INCIDENT_ENTRY_BLOCK,20260818_102607,,,,,,INDEX:,incident_guard,paper-strategy-8ade763620b6,opportunity-score-8ade763620b6,universe-a8e55c76a270,PAPER_OVERRIDE::FYERS_PAPER_PROXY_RESEARCH,"{""reason"": ""Cycle failure: OptionChainParseError: Missing CE at strike 3040.0; reconnect stabilization in progress""}"
20260818102709649656-4,2026-08-18T10:27:09.649656+05:30,INCIDENT_ENTRY_BLOCK,20260818_102607,,,,,,INDEX:,incident_guard,paper-strategy-8ade763620b6,opportunity-score-8ade763620b6,universe-a8e55c76a270,PAPER_OVERRIDE::FYERS_PAPER_PROXY_RESEARCH,"{""reason"": ""Cycle failure: OptionChainParseError: Missing CE at strike 3040.0; reconnect stabilization in progress""}"
20260818102729342392-5,2026-08-18T10:27:29.342392+05:30,PORTFOLIO_NO_TRADE_BLOCK,20260818_102607,,,,,,INDEX:,portfolio_no_trade_engine,paper-strategy-8ade763620b6,opportunity-score-8ade763620b6,universe-a8e55c76a270,PAPER_OVERRIDE::FYERS_PAPER_PROXY_RESEARCH,"{""reason"": ""Portfolio no-trade hard veto: 26_instruments_data_invalid, no_candidate_grade_A_or_better"", ""snapshot"": {""components"": {""best_candidate_weakness_risk"": 44.867417215971344, ""calibration_uncertainty_risk"": 84.61538461538461, ""cross_instrument_market_hostility"": 24.750552251847317, ""data_breadth_risk"": 100.0, ""event_gap_system_risk"": 0.0, ""liquidity_breadth_risk"": 100.0, ""recent_loss_psychology_risk"": 0.0}, ""enabled"": true, ""hard_vetoes"": [""26_instruments_data_invalid"", ""no_candidate_grade_A_or_better""], ""score"": 50.39773398513153, ""shutdown_above"": 70.0, ""status"": ""BLOCKED"", ""timestamp"": ""2026-08-18T10:27:29.342392+05:30""}}"
20260818102740683090-6,2026-08-18T10:27:40.683090+05:30,PORTFOLIO_NO_TRADE_BLOCK,20260818_102607,,,,,,INDEX:,portfolio_no_trade_engine,paper-strategy-8ade763620b6,opportunity-score-8ade763620b6,universe-a8e55c76a270,PAPER_OVERRIDE::FYERS_PAPER_PROXY_RESEARCH,"{""reason"": ""Portfolio no-trade hard veto: 19_instruments_data_invalid, no_candidate_grade_A_or_better"", ""snapshot"": {""components"": {""best_candidate_weakness_risk"": 54.03240308742631, ""calibration_uncertainty_risk"": 84.21052631578948, ""cross_instrument_market_hostility"": 24.07141351121492, ""data_breadth_risk"": 100.0, ""event_gap_system_risk"": 0.0, ""liquidity_breadth_risk"": 100.0, ""recent_loss_psychology_risk"": 0.0}, ""enabled"": true, ""hard_vetoes"": [""19_instruments_data_invalid"", ""no_candidate_grade_A_or_better""], ""score"": 52.53290978988903, ""shutdown_above"": 70.0, ""status"": ""BLOCKED"", ""timestamp"": ""2026-08-18T10:27:40.683090+05:30""}}"
20260818102752011204-7,2026-08-18T10:27:52.011204+05:30,PORTFOLIO_NO_TRADE_BLOCK,20260818_102607,,,,,,INDEX:,portfolio_no_trade_engine,paper-strategy-8ade763620b6,opportunity-score-8ade763620b6,universe-a8e55c76a270,PAPER_OVERRIDE::FYERS_PAPER_PROXY_RESEARCH,"{""reason"": ""Portfolio no-trade hard veto: 24_instruments_data_invalid, no_candidate_grade_A_or_better"", ""snapshot"": {""components"": {""best_candidate_weakness_risk"": 42.82241788422985, ""calibration_uncertainty_risk"": 75.0, ""cross_instrument_market_hostility"": 23.951093815299117, ""data_breadth_risk"": 100.0, ""event_gap_system_risk"": 0.0, ""liquidity_breadth_risk"": 100.0, ""recent_loss_psychology_risk"": 0.0}, ""enabled"": true, ""hard_vetoes"": [""24_instruments_data_invalid"", ""no_candidate_grade_A_or_better""], ""score"": 49.24582323411728, ""shutdown_above"": 70.0, ""status"": ""BLOCKED"", ""timestamp"": ""2026-08-18T10:27:52.011204+05:30""}}"
20260818102803318947-8,2026-08-18T10:28:03.318947+05:30,PORTFOLIO_NO_TRADE_BLOCK,20260818_102607,,,,,,INDEX:,portfolio_no_trade_engine,paper-strategy-8ade763620b6,opportunity-score-8ade763620b6,universe-a8e55c76a270,PAPER_OVERRIDE::FYERS_PAPER_PROXY_RESEARCH,"{""reason"": ""Portfolio no-trade hard veto: 20_instruments_data_invalid, no_candidate_grade_A_or_better"", ""snapshot"": {""components"": {""best_candidate_weakness_risk"": 54.032262869272344, ""calibration_uncertainty_risk"": 95.0, ""cross_instrument_market_hostility"": 24.93258226504194, ""data_breadth_risk"": 100.0, ""event_gap_system_risk"": 0.0, ""liquidity_breadth_risk"": 100.0, ""recent_loss_psychology_risk"": 0.0}, ""enabled"": true, ""hard_vetoes"": [""20_instruments_data_invalid"", ""no_candidate_grade_A_or_better""], ""score"": 53.244582170326474, ""shutdown_above"": 70.0, ""status"": ""BLOCKED"", ""timestamp"": ""2026-08-18T10:28:03.318947+05:30""}}"
20260818102814679914-9,2026-08-18T10:28:14.679914+05:30,PORTFOLIO_NO_TRADE_BLOCK,20260818_102607,,,,,,INDEX:,portfolio_no_trade_engine,paper-strategy-8ade763620b6,opportunity-score-8ade763620b6,universe-a8e55c76a270,PAPER_OVERRIDE::FYERS_PAPER_PROXY_RESEARCH,"{""reason"": ""Portfolio no-trade hard veto: 23_instruments_data_invalid, no_candidate_grade_A_or_better"", ""snapshot"": {""components"": {""best_candidate_weakness_risk"": 43.121987585417, ""calibration_uncertainty_risk"": 78.26086956521739, ""cross_instrument_market_hostility"": 24.200587909501397, ""data_breadth_risk"": 100.0, ""event_gap_system_risk"": 0.0, ""liquidity_breadth_risk"": 100.0, ""recent_loss_psychology_risk"": 0.0}, ""enabled"": true, ""hard_vetoes"": [""23_instruments_data_invalid"", ""no_candidate_grade_A_or_better""], ""score"": 49.5336579565154, ""shutdown_above"": 70.0, ""status"": ""BLOCKED"", ""timestamp"": ""2026-08-18T10:28:14.679914+05:30""}}"
20260818102835202671-10,2026-08-18T10:28:35.202671+05:30,PORTFOLIO_NO_TRADE_BLOCK,20260818_102607,,,,,,INDEX:,portfolio_no_trade_engine,paper-strategy-8ade763620b6,opportunity-score-8ade763620b6,universe-a8e55c76a270,PAPER_OVERRIDE::FYERS_PAPER_PROXY_RESEARCH,"{""reason"": ""Portfolio no-trade hard veto: 13_instruments_data_invalid, no_candidate_grade_A_or_better"", ""snapshot"": {""components"": {""best_candidate_weakness_risk"": 54.68413078266519, ""calibration_uncertainty_risk"": 84.61538461538461, ""cross_instrument_market_hostility"": 29.39462279549074, ""data_breadth_risk"": 100.0, ""event_gap_system_risk"": 0.0, ""liquidity_breadth_risk"": 100.0, ""recent_loss_psychology_risk"": 0.0}, ""enabled"": true, ""hard_vetoes"": [""13_instruments_data_invalid"", ""no_candidate_grade_A_or_better""], ""score"": 53.780726485533684, ""shutdown_above"": 70.0, ""status"": ""BLOCKED"", ""timestamp"": ""2026-08-18T10:28:35.202671+05:30""}}"
20260818102847163459-11,2026-08-18T10:28:47.163459+05:30,PORTFOLIO_NO_TRADE_BLOCK,20260818_102607,,,,,,INDEX:,portfolio_no_trade_engine,paper-strategy-8ade763620b6,opportunity-score-8ade763620b6,universe-a8e55c76a270,PAPER_OVERRIDE::FYERS_PAPER_PROXY_RESEARCH,"{""reason"": ""Portfolio no-trade hard veto: 18_instruments_data_invalid, no_candidate_grade_A_or_better"", ""snapshot"": {""components"": {""best_candidate_weakness_risk"": 54.68413078266519, ""calibration_uncertainty_risk"": 77.77777777777777, ""cross_instrument_market_hostility"": 27.842960467459932, ""data_breadth_risk"": 100.0, ""event_gap_system_risk"": 0.0, ""liquidity_breadth_risk"": 100.0, ""recent_loss_psychology_risk"": 0.0}, ""enabled"": true, ""hard_vetoes"": [""18_instruments_data_invalid"", ""no_candidate_grade_A_or_better""], ""score"": 53.12851367804717, ""shutdown_above"": 70.0, ""status"": ""BLOCKED"", ""timestamp"": ""2026-08-18T10:28:47.163459+05:30""}}"
20260818102858512534-12,2026-08-18T10:28:58.512534+05:30,PORTFOLIO_NO_TRADE_BLOCK,20260818_102607,,,,,,INDEX:,portfolio_no_trade_engine,paper-strategy-8ade763620b6,opportunity-score-8ade763620b6,universe-a8e55c76a270,PAPER_OVERRIDE::FYERS_PAPER_PROXY_RESEARCH,"{""reason"": ""Portfolio no-trade hard veto: 17_instruments_data_invalid, no_candidate_grade_A_or_better"", ""snapshot"": {""components"": {""best_candidate_weakness_risk"": 42.14836229575995, ""calibration_uncertainty_risk"": 70.58823529411765, ""cross_instrument_market_hostility"": 27.260115148742415, ""data_breadth_risk"": 100.0, ""event_gap_system_risk"": 0.0, ""liquidity_breadth_risk"": 100.0, ""recent_loss_psychology_risk"": 0.0}, ""enabled"": true, ""hard_vetoes"": [""17_instruments_data_invalid"", ""no_candidate_grade_A_or_better""], ""score"": 49.51852536839436, ""shutdown_above"": 70.0, ""status"": ""BLOCKED"", ""timestamp"": ""2026-08-18T10:28:58.512534+05:30""}}"
20260818102910222791-13,2026-08-18T10:29:10.222791+05:30,PORTFOLIO_NO_TRADE_BLOCK,20260818_102607,,,,,,INDEX:,portfolio_no_trade_engine,paper-strategy-8ade763620b6,opportunity-score-8ade763620b6,universe-a8e55c76a270,PAPER_OVERRIDE::FYERS_PAPER_PROXY_RESEARCH,"{""reason"": ""Portfolio no-trade hard veto: 18_instruments_data_invalid, no_candidate_grade_A_or_better"", ""snapshot"": {""components"": {""best_candidate_weakness_risk"": 43.64591568440655, ""calibration_uncertainty_risk"": 77.77777777777777, ""cross_instrument_market_hostility"": 27.85106827902689, ""data_breadth_risk"": 100.0, ""event_gap_system_risk"": 0.0, ""liquidity_breadth_risk"": 100.0, ""recent_loss_psychology_risk"": 0.0}, ""enabled"": true, ""hard_vetoes"": [""18_instruments_data_invalid"", ""no_candidate_grade_A_or_better""], ""score"": 50.3705814657959, ""shutdown_above"": 70.0, ""status"": ""BLOCKED"", ""timestamp"": ""2026-08-18T10:29:10.222791+05:30""}}"
20260818102921592101-14,2026-08-18T10:29:21.592101+05:30,PORTFOLIO_NO_TRADE_BLOCK,20260818_102607,,,,,,INDEX:,portfolio_no_trade_engine,paper-strategy-8ade763620b6,opportunity-score-8ade763620b6,universe-a8e55c76a270,PAPER_OVERRIDE::FYERS_PAPER_PROXY_RESEARCH,"{""reason"": ""Portfolio no-trade hard veto: 18_instruments_data_invalid, no_candidate_grade_A_or_better"", ""snapshot"": {""components"": {""best_candidate_weakness_risk"": 40.44594955066899, ""calibration_uncertainty_risk"": 72.22222222222223, ""cross_instrument_market_hostility"": 27.201535559067406, ""data_breadth_risk"": 100.0, ""event_gap_system_risk"": 0.0, ""liquidity_breadth_risk"": 100.0, ""recent_loss_psychology_risk"": 0.0}, ""enabled"": true, ""hard_vetoes"": [""18_instruments_data_invalid"", ""no_candidate_grade_A_or_better""], ""score"": 49.16290561059184, ""shutdown_above"": 70.0, ""status"": ""BLOCKED"", ""timestamp"": ""2026-08-18T10:29:21.592101+05:30""}}"
20260818102953165834-15,2026-08-18T10:29:53.165834+05:30,INCIDENT_ENTRY_BLOCK,20260818_102607,,,,,,INDEX:,incident_guard,paper-strategy-8ade763620b6,opportunity-score-8ade763620b6,universe-a8e55c76a270,PAPER_OVERRIDE::FYERS_PAPER_PROXY_RESEARCH,"{""reason"": ""Cycle failure: OptionChainParseError: Missing CE at strike 1135.0; reconnect stabilization in progress""}"
20260818103004462496-16,2026-08-18T10:30:04.462496+05:30,INCIDENT_ENTRY_BLOCK,20260818_102607,,,,,,INDEX:,incident_guard,paper-strategy-8ade763620b6,opportunity-score-8ade763620b6,universe-a8e55c76a270,PAPER_OVERRIDE::FYERS_PAPER_PROXY_RESEARCH,"{""reason"": ""Cycle failure: OptionChainParseError: Missing CE at strike 1135.0; reconnect stabilization in progress""}"
20260818103027390918-17,2026-08-18T10:30:27.390918+05:30,INCIDENT_ENTRY_BLOCK,20260818_102607,,,,,,INDEX:,incident_guard,paper-strategy-8ade763620b6,opportunity-score-8ade763620b6,universe-a8e55c76a270,PAPER_OVERRIDE::FYERS_PAPER_PROXY_RESEARCH,"{""reason"": ""Cycle failure: OptionChainParseError: Missing CE at strike 1135.0; reconnect stabilization in progress""}"
20260818103059111868-18,2026-08-18T10:30:59.111868+05:30,INCIDENT_ENTRY_BLOCK,20260818_102607,,,,,,INDEX:,incident_guard,paper-strategy-8ade763620b6,opportunity-score-8ade763620b6,universe-a8e55c76a270,PAPER_OVERRIDE::FYERS_PAPER_PROXY_RESEARCH,"{""reason"": ""Cycle failure: OptionChainParseError: Missing CE at strike 4080.0; reconnect stabilization in progress""}"
20260818103110563136-19,2026-08-18T10:31:10.563136+05:30,INCIDENT_ENTRY_BLOCK,20260818_102607,,,,,,INDEX:,incident_guard,paper-strategy-8ade763620b6,opportunity-score-8ade763620b6,universe-a8e55c76a270,PAPER_OVERRIDE::FYERS_PAPER_PROXY_RESEARCH,"{""reason"": ""Cycle failure: OptionChainParseError: Missing CE at strike 4080.0; reconnect stabilization in progress""}"
20260818103133607720-20,2026-08-18T10:31:33.607720+05:30,INCIDENT_ENTRY_BLOCK,20260818_102607,,,,,,INDEX:,incident_guard,paper-strategy-8ade763620b6,opportunity-score-8ade763620b6,universe-a8e55c76a270,PAPER_OVERRIDE::FYERS_PAPER_PROXY_RESEARCH,"{""reason"": ""Cycle failure: OptionChainParseError: Missing CE at strike 4080.0; reconnect stabilization in progress""}"
20260818103153964995-21,2026-08-18T10:31:53.964995+05:30,PORTFOLIO_NO_TRADE_BLOCK,20260818_102607,,,,,,INDEX:,portfolio_no_trade_engine,paper-strategy-8ade763620b6,opportunity-score-8ade763620b6,universe-a8e55c76a270,PAPER_OVERRIDE::FYERS_PAPER_PROXY_RESEARCH,"{""reason"": ""Portfolio no-trade hard veto: 24_instruments_data_invalid, no_candidate_grade_A_or_better"", ""snapshot"": {""components"": {""best_candidate_weakness_risk"": 54.999348689360986, ""calibration_uncertainty_risk"": 87.5, ""cross_instrument_market_hostility"": 27.70816587287869, ""data_breadth_risk"": 100.0, ""event_gap_system_risk"": 0.0, ""liquidity_breadth_risk"": 100.0, ""recent_loss_psychology_risk"": 0.0}, ""enabled"": true, ""hard_vetoes"": [""24_instruments_data_invalid"", ""no_candidate_grade_A_or_better""], ""score"": 53.666470346915986, ""shutdown_above"": 70.0, ""status"": ""BLOCKED"", ""timestamp"": ""2026-08-18T10:31:53.964995+05:30""}}"
20260818103205895288-22,2026-08-18T10:32:05.895288+05:30,PORTFOLIO_NO_TRADE_BLOCK,20260818_102607,,,,,,INDEX:,portfolio_no_trade_engine,paper-strategy-8ade763620b6,opportunity-score-8ade763620b6,universe-a8e55c76a270,PAPER_OVERRIDE::FYERS_PAPER_PROXY_RESEARCH,"{""reason"": ""Portfolio no-trade hard veto: 25_instruments_data_invalid, no_candidate_grade_A_or_better"", ""snapshot"": {""components"": {""best_candidate_weakness_risk"": 45.31957927495003, ""calibration_uncertainty_risk"": 96.0, ""cross_instrument_market_hostility"": 28.28714985498345, ""data_breadth_risk"": 100.0, ""event_gap_system_risk"": 0.0, ""liquidity_breadth_risk"": 100.0, ""recent_loss_psychology_risk"": 0.0}, ""enabled"": true, ""hard_vetoes"": [""25_instruments_data_invalid"", ""no_candidate_grade_A_or_better""], ""score"": 51.7873247897342, ""shutdown_above"": 70.0, ""status"": ""BLOCKED"", ""timestamp"": ""2026-08-18T10:32:05.895288+05:30""}}"
20260818103217452804-23,2026-08-18T10:32:17.452804+05:30,PORTFOLIO_NO_TRADE_BLOCK,20260818_102607,,,,,,INDEX:,portfolio_no_trade_engine,paper-strategy-8ade763620b6,opportunity-score-8ade763620b6,universe-a8e55c76a270,PAPER_OVERRIDE::FYERS_PAPER_PROXY_RESEARCH,"{""reason"": ""Portfolio no-trade hard veto: 26_instruments_data_invalid, no_candidate_grade_A_or_better"", ""snapshot"": {""components"": {""best_candidate_weakness_risk"": 45.31950425364317, ""calibration_uncertainty_risk"": 88.46153846153847, ""cross_instrument_market_hostility"": 27.97750088909169, ""data_breadth_risk"": 100.0, ""event_gap_system_risk"": 0.0, ""liquidity_breadth_risk"": 100.0, ""recent_loss_psychology_risk"": 0.0}, ""enabled"": true, ""hard_vetoes"": [""26_instruments_data_invalid"", ""no_candidate_grade_A_or_better""], ""score"": 51.34845316430605, ""shutdown_above"": 70.0, ""status"": ""BLOCKED"", ""timestamp"": ""2026-08-18T10:32:17.452804+05:30""}}"
20260818103229081624-24,2026-08-18T10:32:29.081624+05:30,PORTFOLIO_NO_TRADE_BLOCK,20260818_102607,,,,,,INDEX:,portfolio_no_trade_engine,paper-strategy-8ade763620b6,opportunity-score-8ade763620b6,universe-a8e55c76a270,PAPER_OVERRIDE::FYERS_PAPER_PROXY_RESEARCH,"{""reason"": ""Portfolio no-trade hard veto: 22_instruments_data_invalid, no_candidate_grade_A_or_better"", ""snapshot"": {""components"": {""best_candidate_weakness_risk"": 55.299672158330566, ""calibration_uncertainty_risk"": 95.45454545454545, ""cross_instrument_market_hostility"": 28.327689523798963, ""data_breadth_risk"": 100.0, ""event_gap_system_risk"": 0.0, ""liquidity_breadth_risk"": 100.0, ""recent_loss_psychology_risk"": 0.0}, ""enabled"": true, ""hard_vetoes"": [""22_instruments_data_invalid"", ""no_candidate_grade_A_or_better""], ""score"": 54.26318321706971, ""shutdown_above"": 70.0, ""status"": ""BLOCKED"", ""timestamp"": ""2026-08-18T10:32:29.081624+05:30""}}"
20260818103240933527-25,2026-08-18T10:32:40.933527+05:30,PORTFOLIO_NO_TRADE_BLOCK,20260818_102607,,,,,,INDEX:,portfolio_no_trade_engine,paper-strategy-8ade763620b6,opportunity-score-8ade763620b6,universe-a8e55c76a270,PAPER_OVERRIDE::FYERS_PAPER_PROXY_RESEARCH,"{""reason"": ""Portfolio no-trade hard veto: 23_instruments_data_invalid, no_candidate_grade_A_or_better"", ""snapshot"": {""components"": {""best_candidate_weakness_risk"": 43.929010145900804, ""calibration_uncertainty_risk"": 78.26086956521739, ""cross_instrument_market_hostility"": 26.098118122037366, ""data_breadth_risk"": 100.0, ""event_gap_system_risk"": 0.0, ""liquidity_breadth_risk"": 100.0, ""recent_loss_psychology_risk"": 0.0}, ""enabled"": true, ""hard_vetoes"": [""23_instruments_data_invalid"", ""no_candidate_grade_A_or_better""], ""score"": 50.114919639143544, ""shutdown_above"": 70.0, ""status"": ""BLOCKED"", ""timestamp"": ""2026-08-18T10:32:40.933527+05:30""}}"
20260818103313038051-26,2026-08-18T10:33:13.038051+05:30,INCIDENT_ENTRY_BLOCK,20260818_102607,,,,,,INDEX:,incident_guard,paper-strategy-8ade763620b6,opportunity-score-8ade763620b6,universe-a8e55c76a270,PAPER_OVERRIDE::FYERS_PAPER_PROXY_RESEARCH,"{""reason"": ""Cycle failure: OptionChainParseError: Missing PE at strike 2960.0; reconnect stabilization in progress""}"
20260818103324593144-27,2026-08-18T10:33:24.593144+05:30,INCIDENT_ENTRY_BLOCK,20260818_102607,,,,,,INDEX:,incident_guard,paper-strategy-8ade763620b6,opportunity-score-8ade763620b6,universe-a8e55c76a270,PAPER_OVERRIDE::FYERS_PAPER_PROXY_RESEARCH,"{""reason"": ""Cycle failure: OptionChainParseError: Missing PE at strike 2960.0; reconnect stabilization in progress""}"
20260818103347594292-28,2026-08-18T10:33:47.594292+05:30,INCIDENT_ENTRY_BLOCK,20260818_102607,,,,,,INDEX:,incident_guard,paper-strategy-8ade763620b6,opportunity-score-8ade763620b6,universe-a8e55c76a270,PAPER_OVERRIDE::FYERS_PAPER_PROXY_RESEARCH,"{""reason"": ""Cycle failure: OptionChainParseError: Missing PE at strike 2960.0; reconnect stabilization in progress""}"
20260818103419342590-29,2026-08-18T10:34:19.342590+05:30,INCIDENT_ENTRY_BLOCK,20260818_102607,,,,,,INDEX:,incident_guard,paper-strategy-8ade763620b6,opportunity-score-8ade763620b6,universe-a8e55c76a270,PAPER_OVERRIDE::FYERS_PAPER_PROXY_RESEARCH,"{""reason"": ""Cycle failure: OptionChainParseError: Missing CE at strike 3040.0; reconnect stabilization in progress""}"
20260818103430752116-30,2026-08-18T10:34:30.752116+05:30,INCIDENT_ENTRY_BLOCK,20260818_102607,,,,,,INDEX:,incident_guard,paper-strategy-8ade763620b6,opportunity-score-8ade763620b6,universe-a8e55c76a270,PAPER_OVERRIDE::FYERS_PAPER_PROXY_RESEARCH,"{""reason"": ""Cycle failure: OptionChainParseError: Missing CE at strike 3040.0; reconnect stabilization in progress""}"
20260818103453843107-31,2026-08-18T10:34:53.843107+05:30,INCIDENT_ENTRY_BLOCK,20260818_102607,,,,,,INDEX:,incident_guard,paper-strategy-8ade763620b6,opportunity-score-8ade763620b6,universe-a8e55c76a270,PAPER_OVERRIDE::FYERS_PAPER_PROXY_RESEARCH,"{""reason"": ""Cycle failure: OptionChainParseError: Missing CE at strike 3040.0; reconnect stabilization in progress""}"
20260818103514327007-32,2026-08-18T10:35:14.327007+05:30,PORTFOLIO_NO_TRADE_BLOCK,20260818_102607,,,,,,INDEX:,portfolio_no_trade_engine,paper-strategy-8ade763620b6,opportunity-score-8ade763620b6,universe-a8e55c76a270,PAPER_OVERRIDE::FYERS_PAPER_PROXY_RESEARCH,"{""reason"": ""Portfolio no-trade hard veto: 14_instruments_data_invalid, no_candidate_grade_A_or_better"", ""snapshot"": {""components"": {""best_candidate_weakness_risk"": 45.28475252044909, ""calibration_uncertainty_risk"": 78.57142857142857, ""cross_instrument_market_hostility"": 24.399018890228238, ""data_breadth_risk"": 100.0, ""event_gap_system_risk"": 0.0, ""liquidity_breadth_risk"": 100.0, ""recent_loss_psychology_risk"": 0.0}, ""enabled"": true, ""hard_vetoes"": [""14_instruments_data_invalid"", ""no_candidate_grade_A_or_better""], ""score"": 50.12956333672935, ""shutdown_above"": 70.0, ""status"": ""BLOCKED"", ""timestamp"": ""2026-08-18T10:35:14.327007+05:30""}}"
20260818103525991833-33,2026-08-18T10:35:25.991833+05:30,PORTFOLIO_NO_TRADE_BLOCK,20260818_102607,,,,,,INDEX:,portfolio_no_trade_engine,paper-strategy-8ade763620b6,opportunity-score-8ade763620b6,universe-a8e55c76a270,PAPER_OVERRIDE::FYERS_PAPER_PROXY_RESEARCH,"{""reason"": ""Portfolio no-trade hard veto: 17_instruments_data_invalid, no_candidate_grade_A_or_better"", ""snapshot"": {""components"": {""best_candidate_weakness_risk"": 48.18466120124578, ""calibration_uncertainty_risk"": 76.47058823529412, ""cross_instrument_market_hostility"": 24.81245956024999, ""data_breadth_risk"": 100.0, ""event_gap_system_risk"": 0.0, ""liquidity_breadth_risk"": 100.0, ""recent_loss_psychology_risk"": 0.0}, ""enabled"": true, ""hard_vetoes"": [""17_instruments_data_invalid"", ""no_candidate_grade_A_or_better""], ""score"": 50.832186624126145, ""shutdown_above"": 70.0, ""status"": ""BLOCKED"", ""timestamp"": ""2026-08-18T10:35:25.991833+05:30""}}"
20260818103537535419-34,2026-08-18T10:35:37.535419+05:30,PORTFOLIO_NO_TRADE_BLOCK,20260818_102607,,,,,,INDEX:,portfolio_no_trade_engine,paper-strategy-8ade763620b6,opportunity-score-8ade763620b6,universe-a8e55c76a270,PAPER_OVERRIDE::FYERS_PAPER_PROXY_RESEARCH,"{""reason"": ""Portfolio no-trade hard veto: 16_instruments_data_invalid, no_candidate_grade_A_or_better"", ""snapshot"": {""components"": {""best_candidate_weakness_risk"": 49.906562477330034, ""calibration_uncertainty_risk"": 81.25, ""cross_instrument_market_hostility"": 25.150152157764126, ""data_breadth_risk"": 100.0, ""event_gap_system_risk"": 0.0, ""liquidity_breadth_risk"": 100.0, ""recent_loss_psychology_risk"": 0.0}, ""enabled"": true, ""hard_vetoes"": [""16_instruments_data_invalid"", ""no_candidate_grade_A_or_better""], ""score"": 51.56917105088533, ""shutdown_above"": 70.0, ""status"": ""BLOCKED"", ""timestamp"": ""2026-08-18T10:35:37.535419+05:30""}}"
20260818103549465218-35,2026-08-18T10:35:49.465218+05:30,PORTFOLIO_NO_TRADE_BLOCK,20260818_102607,,,,,,INDEX:,portfolio_no_trade_engine,paper-strategy-8ade763620b6,opportunity-score-8ade763620b6,universe-a8e55c76a270,PAPER_OVERRIDE::FYERS_PAPER_PROXY_RESEARCH,"{""reason"": ""Portfolio no-trade hard veto: 13_instruments_data_invalid, no_candidate_grade_A_or_better"", ""snapshot"": {""components"": {""best_candidate_weakness_risk"": 45.28465574969046, ""calibration_uncertainty_risk"": 76.92307692307692, ""cross_instrument_market_hostility"": 25.298172711123218, ""data_breadth_risk"": 100.0, ""event_gap_system_risk"": 0.0, ""liquidity_breadth_risk"": 100.0, ""recent_loss_psychology_risk"": 0.0}, ""enabled"": true, ""hard_vetoes"": [""13_instruments_data_invalid"", ""no_candidate_grade_A_or_better""], ""score"": 50.2269523258011, ""shutdown_above"": 70.0, ""status"": ""BLOCKED"", ""timestamp"": ""2026-08-18T10:35:49.465218+05:30""}}"
20260818103600980452-36,2026-08-18T10:36:00.980452+05:30,PORTFOLIO_NO_TRADE_BLOCK,20260818_102607,,,,,,INDEX:,portfolio_no_trade_engine,paper-strategy-8ade763620b6,opportunity-score-8ade763620b6,universe-a8e55c76a270,PAPER_OVERRIDE::FYERS_PAPER_PROXY_RESEARCH,"{""reason"": ""Portfolio no-trade hard veto: 14_instruments_data_invalid, no_candidate_grade_A_or_better"", ""snapshot"": {""components"": {""best_candidate_weakness_risk"": 49.906553948095976, ""calibration_uncertainty_risk"": 85.71428571428571, ""cross_instrument_market_hostility"": 25.440477343791226, ""data_breadth_risk"": 100.0, ""event_gap_system_risk"": 0.0, ""liquidity_breadth_risk"": 100.0, ""recent_loss_psychology_risk"": 0.0}, ""enabled"": true, ""hard_vetoes"": [""14_instruments_data_invalid"", ""no_candidate_grade_A_or_better""], ""score"": 51.85044824149652, ""shutdown_above"": 70.0, ""status"": ""BLOCKED"", ""timestamp"": ""2026-08-18T10:36:00.980452+05:30""}}"
20260818103622067919-37,2026-08-18T10:36:22.067919+05:30,PORTFOLIO_NO_TRADE_BLOCK,20260818_102607,,,,,,INDEX:,portfolio_no_trade_engine,paper-strategy-8ade763620b6,opportunity-score-8ade763620b6,universe-a8e55c76a270,PAPER_OVERRIDE::FYERS_PAPER_PROXY_RESEARCH,"{""reason"": ""Portfolio no-trade hard veto: 20_instruments_data_invalid, no_candidate_grade_A_or_better"", ""snapshot"": {""components"": {""best_candidate_weakness_risk"": 52.44594362336355, ""calibration_uncertainty_risk"": 75.0, ""cross_instrument_market_hostility"": 27.37128619600775, ""data_breadth_risk"": 100.0, ""event_gap_system_risk"": 0.0, ""liquidity_breadth_risk"": 100.0, ""recent_loss_psychology_risk"": 0.0}, ""enabled"": true, ""hard_vetoes"": [""20_instruments_data_invalid"", ""no_candidate_grade_A_or_better""], ""score"": 52.335743145042436, ""shutdown_above"": 70.0, ""status"": ""BLOCKED"", ""timestamp"": ""2026-08-18T10:36:22.067919+05:30""}}"
20260818103633772028-38,2026-08-18T10:36:33.772028+05:30,PORTFOLIO_NO_TRADE_BLOCK,20260818_102607,,,,,,INDEX:,portfolio_no_trade_engine,paper-strategy-8ade763620b6,opportunity-score-8ade763620b6,universe-a8e55c76a270,PAPER_OVERRIDE::FYERS_PAPER_PROXY_RESEARCH,"{""reason"": ""Portfolio no-trade hard veto: 18_instruments_data_invalid, no_candidate_grade_A_or_better"", ""snapshot"": {""components"": {""best_candidate_weakness_risk"": 52.745943623363544, ""calibration_uncertainty_risk"": 83.33333333333333, ""cross_instrument_market_hostility"": 27.40635963100735, ""data_breadth_risk"": 100.0, ""event_gap_system_risk"": 0.0, ""liquidity_breadth_risk"": 100.0, ""recent_loss_psychology_risk"": 0.0}, ""enabled"": true, ""hard_vetoes"": [""18_instruments_data_invalid"", ""no_candidate_grade_A_or_better""], ""score"": 52.83442449870902, ""shutdown_above"": 70.0, ""status"": ""BLOCKED"", ""timestamp"": ""2026-08-18T10:36:33.772028+05:30""}}"
20260818103645805162-39,2026-08-18T10:36:45.805162+05:30,PORTFOLIO_NO_TRADE_BLOCK,20260818_102607,,,,,,INDEX:,portfolio_no_trade_engine,paper-strategy-8ade763620b6,opportunity-score-8ade763620b6,universe-a8e55c76a270,PAPER_OVERRIDE::FYERS_PAPER_PROXY_RESEARCH,"{""reason"": ""Portfolio no-trade hard veto: 20_instruments_data_invalid, no_candidate_grade_A_or_better"", ""snapshot"": {""components"": {""best_candidate_weakness_risk"": 52.745943623363544, ""calibration_uncertainty_risk"": 75.0, ""cross_instrument_market_hostility"": 27.37309143716913, ""data_breadth_risk"": 100.0, ""event_gap_system_risk"": 0.0, ""liquidity_breadth_risk"": 100.0, ""recent_loss_psychology_risk"": 0.0}, ""enabled"": true, ""hard_vetoes"": [""20_instruments_data_invalid"", ""no_candidate_grade_A_or_better""], ""score"": 52.41110419327471, ""shutdown_above"": 70.0, ""status"": ""BLOCKED"", ""timestamp"": ""2026-08-18T10:36:45.805162+05:30""}}"
20260818103657433537-40,2026-08-18T10:36:57.433537+05:30,PORTFOLIO_NO_TRADE_BLOCK,20260818_102607,,,,,,INDEX:,portfolio_no_trade_engine,paper-strategy-8ade763620b6,opportunity-score-8ade763620b6,universe-a8e55c76a270,PAPER_OVERRIDE::FYERS_PAPER_PROXY_RESEARCH,"{""reason"": ""Portfolio no-trade hard veto: 21_instruments_data_invalid, no_candidate_grade_A_or_better"", ""snapshot"": {""components"": {""best_candidate_weakness_risk"": 52.745943623363544, ""calibration_uncertainty_risk"": 80.95238095238095, ""cross_instrument_market_hostility"": 28.296808737522944, ""data_breadth_risk"": 100.0, ""event_gap_system_risk"": 0.0, ""liquidity_breadth_risk"": 100.0, ""recent_loss_psychology_risk"": 0.0}, ""enabled"": true, ""hard_vetoes"": [""21_instruments_data_invalid"", ""no_candidate_grade_A_or_better""], ""score"": 52.893466700964524, ""shutdown_above"": 70.0, ""status"": ""BLOCKED"", ""timestamp"": ""2026-08-18T10:36:57.433537+05:30""}}"
20260818103709060630-41,2026-08-18T10:37:09.060630+05:30,PORTFOLIO_NO_TRADE_BLOCK,20260818_102607,,,,,,INDEX:,portfolio_no_trade_engine,paper-strategy-8ade763620b6,opportunity-score-8ade763620b6,universe-a8e55c76a270,PAPER_OVERRIDE::FYERS_PAPER_PROXY_RESEARCH,"{""reason"": ""Portfolio no-trade hard veto: 19_instruments_data_invalid, no_candidate_grade_A_or_better"", ""snapshot"": {""components"": {""best_candidate_weakness_risk"": 52.56221565146269, ""calibration_uncertainty_risk"": 73.6842105263158, ""cross_instrument_market_hostility"": 26.872196879016975, ""data_breadth_risk"": 100.0, ""event_gap_system_risk"": 0.0, ""liquidity_breadth_risk"": 100.0, ""recent_loss_psychology_risk"": 0.0}, ""enabled"": true, ""hard_vetoes"": [""19_instruments_data_invalid"", ""no_candidate_grade_A_or_better""], ""score"": 52.199203814984855, ""shutdown_above"": 70.0, ""status"": ""BLOCKED"", ""timestamp"": ""2026-08-18T10:37:09.060630+05:30""}}"
20260818103741357602-42,2026-08-18T10:37:41.357602+05:30,INCIDENT_ENTRY_BLOCK,20260818_102607,,,,,,INDEX:,incident_guard,paper-strategy-8ade763620b6,opportunity-score-8ade763620b6,universe-a8e55c76a270,PAPER_OVERRIDE::FYERS_PAPER_PROXY_RESEARCH,"{""reason"": ""Cycle failure: OptionChainParseError: Missing CE at strike 1135.0; reconnect stabilization in progress""}"
20260818103753121230-43,2026-08-18T10:37:53.121230+05:30,INCIDENT_ENTRY_BLOCK,20260818_102607,,,,,,INDEX:,incident_guard,paper-strategy-8ade763620b6,opportunity-score-8ade763620b6,universe-a8e55c76a270,PAPER_OVERRIDE::FYERS_PAPER_PROXY_RESEARCH,"{""reason"": ""Cycle failure: OptionChainParseError: Missing CE at strike 1135.0; reconnect stabilization in progress""}"
20260818103816537761-44,2026-08-18T10:38:16.537761+05:30,INCIDENT_ENTRY_BLOCK,20260818_102607,,,,,,INDEX:,incident_guard,paper-strategy-8ade763620b6,opportunity-score-8ade763620b6,universe-a8e55c76a270,PAPER_OVERRIDE::FYERS_PAPER_PROXY_RESEARCH,"{""reason"": ""Cycle failure: OptionChainParseError: Missing CE at strike 1135.0; reconnect stabilization in progress""}"
20260818103848969704-45,2026-08-18T10:38:48.969704+05:30,INCIDENT_ENTRY_BLOCK,20260818_102607,,,,,,INDEX:,incident_guard,paper-strategy-8ade763620b6,opportunity-score-8ade763620b6,universe-a8e55c76a270,PAPER_OVERRIDE::FYERS_PAPER_PROXY_RESEARCH,"{""reason"": ""Cycle failure: OptionChainParseError: Missing CE at strike 4080.0; reconnect stabilization in progress""}"
20260818103900658043-46,2026-08-18T10:39:00.658043+05:30,INCIDENT_ENTRY_BLOCK,20260818_102607,,,,,,INDEX:,incident_guard,paper-strategy-8ade763620b6,opportunity-score-8ade763620b6,universe-a8e55c76a270,PAPER_OVERRIDE::FYERS_PAPER_PROXY_RESEARCH,"{""reason"": ""Cycle failure: OptionChainParseError: Missing CE at strike 4080.0; reconnect stabilization in progress""}"
20260818103924062108-47,2026-08-18T10:39:24.062108+05:30,INCIDENT_ENTRY_BLOCK,20260818_102607,,,,,,INDEX:,incident_guard,paper-strategy-8ade763620b6,opportunity-score-8ade763620b6,universe-a8e55c76a270,PAPER_OVERRIDE::FYERS_PAPER_PROXY_RESEARCH,"{""reason"": ""Cycle failure: OptionChainParseError: Missing CE at strike 4080.0; reconnect stabilization in progress""}"
20260818103943958634-48,2026-08-18T10:39:43.958634+05:30,PORTFOLIO_NO_TRADE_BLOCK,20260818_102607,,,,,,INDEX:,portfolio_no_trade_engine,paper-strategy-8ade763620b6,opportunity-score-8ade763620b6,universe-a8e55c76a270,PAPER_OVERRIDE::FYERS_PAPER_PROXY_RESEARCH,"{""reason"": ""Portfolio no-trade hard veto: 18_instruments_data_invalid, no_candidate_grade_A_or_better"", ""snapshot"": {""components"": {""best_candidate_weakness_risk"": 43.68349154364878, ""calibration_uncertainty_risk"": 83.33333333333333, ""cross_instrument_market_hostility"": 26.131192764309507, ""data_breadth_risk"": 100.0, ""event_gap_system_risk"": 0.0, ""liquidity_breadth_risk"": 100.0, ""recent_loss_psychology_risk"": 0.0}, ""enabled"": true, ""hard_vetoes"": [""18_instruments_data_invalid"", ""no_candidate_grade_A_or_better""], ""score"": 50.31377810544076, ""shutdown_above"": 70.0, ""status"": ""BLOCKED"", ""timestamp"": ""2026-08-18T10:39:43.958634+05:30""}}"
20260818103955935781-49,2026-08-18T10:39:55.935781+05:30,PORTFOLIO_NO_TRADE_BLOCK,20260818_102607,,,,,,INDEX:,portfolio_no_trade_engine,paper-strategy-8ade763620b6,opportunity-score-8ade763620b6,universe-a8e55c76a270,PAPER_OVERRIDE::FYERS_PAPER_PROXY_RESEARCH,"{""reason"": ""Portfolio no-trade hard veto: 20_instruments_data_invalid, no_candidate_grade_A_or_better"", ""snapshot"": {""components"": {""best_candidate_weakness_risk"": 40.48329712791448, ""calibration_uncertainty_risk"": 75.0, ""cross_instrument_market_hostility"": 25.188335611116315, ""data_breadth_risk"": 100.0, ""event_gap_system_risk"": 0.0, ""liquidity_breadth_risk"": 100.0, ""recent_loss_psychology_risk"": 0.0}, ""enabled"": true, ""hard_vetoes"": [""20_instruments_data_invalid"", ""no_candidate_grade_A_or_better""], ""score"": 48.90849140420188, ""shutdown_above"": 70.0, ""status"": ""BLOCKED"", ""timestamp"": ""2026-08-18T10:39:55.935781+05:30""}}"
20260818104007632899-50,2026-08-18T10:40:07.632899+05:30,PORTFOLIO_NO_TRADE_BLOCK,20260818_102607,,,,,,INDEX:,portfolio_no_trade_engine,paper-strategy-8ade763620b6,opportunity-score-8ade763620b6,universe-a8e55c76a270,PAPER_OVERRIDE::FYERS_PAPER_PROXY_RESEARCH,"{""reason"": ""Portfolio no-trade hard veto: 18_instruments_data_invalid, no_candidate_grade_A_or_better"", ""snapshot"": {""components"": {""best_candidate_weakness_risk"": 40.48344504745951, ""calibration_uncertainty_risk"": 77.77777777777777, ""cross_instrument_market_hostility"": 25.34835423201779, ""data_breadth_risk"": 100.0, ""event_gap_system_risk"": 0.0, ""liquidity_breadth_risk"": 100.0, ""recent_loss_psychology_risk"": 0.0}, ""enabled"": true, ""hard_vetoes"": [""18_instruments_data_invalid"", ""no_candidate_grade_A_or_better""], ""score"": 49.07942099715732, ""shutdown_above"": 70.0, ""status"": ""BLOCKED"", ""timestamp"": ""2026-08-18T10:40:07.632899+05:30""}}"
20260818104019533148-51,2026-08-18T10:40:19.533148+05:30,PORTFOLIO_NO_TRADE_BLOCK,20260818_102607,,,,,,INDEX:,portfolio_no_trade_engine,paper-strategy-8ade763620b6,opportunity-score-8ade763620b6,universe-a8e55c76a270,PAPER_OVERRIDE::FYERS_PAPER_PROXY_RESEARCH,"{""reason"": ""Portfolio no-trade hard veto: 22_instruments_data_invalid, no_candidate_grade_A_or_better"", ""snapshot"": {""components"": {""best_candidate_weakness_risk"": 40.48339010185097, ""calibration_uncertainty_risk"": 77.27272727272727, ""cross_instrument_market_hostility"": 25.979990457525922, ""data_breadth_risk"": 100.0, ""event_gap_system_risk"": 0.0, ""liquidity_breadth_risk"": 100.0, ""recent_loss_psychology_risk"": 0.0}, ""enabled"": true, ""hard_vetoes"": [""22_instruments_data_invalid"", ""no_candidate_grade_A_or_better""], ""score"": 49.180481980604284, ""shutdown_above"": 70.0, ""status"": ""BLOCKED"", ""timestamp"": ""2026-08-18T10:40:19.533148+05:30""}}"
20260818104031381785-52,2026-08-18T10:40:31.381785+05:30,PORTFOLIO_NO_TRADE_BLOCK,20260818_102607,,,,,,INDEX:,portfolio_no_trade_engine,paper-strategy-8ade763620b6,opportunity-score-8ade763620b6,universe-a8e55c76a270,PAPER_OVERRIDE::FYERS_PAPER_PROXY_RESEARCH,"{""reason"": ""Portfolio no-trade hard veto: 21_instruments_data_invalid, no_candidate_grade_A_or_better"", ""snapshot"": {""components"": {""best_candidate_weakness_risk"": 40.48346618166469, ""calibration_uncertainty_risk"": 76.19047619047619, ""cross_instrument_market_hostility"": 25.911721131076526, ""data_breadth_risk"": 100.0, ""event_gap_system_risk"": 0.0, ""liquidity_breadth_risk"": 100.0, ""recent_loss_psychology_risk"": 0.0}, ""enabled"": true, ""hard_vetoes"": [""21_instruments_data_invalid"", ""no_candidate_grade_A_or_better""], ""score"": 49.11273458115529, ""shutdown_above"": 70.0, ""status"": ""BLOCKED"", ""timestamp"": ""2026-08-18T10:40:31.381785+05:30""}}"
20260818104103859717-53,2026-08-18T10:41:03.859717+05:30,INCIDENT_ENTRY_BLOCK,20260818_102607,,,,,,INDEX:,incident_guard,paper-strategy-8ade763620b6,opportunity-score-8ade763620b6,universe-a8e55c76a270,PAPER_OVERRIDE::FYERS_PAPER_PROXY_RESEARCH,"{""reason"": ""Cycle failure: OptionChainParseError: Missing PE at strike 2960.0; reconnect stabilization in progress""}"
20260818104115538674-54,2026-08-18T10:41:15.538674+05:30,INCIDENT_ENTRY_BLOCK,20260818_102607,,,,,,INDEX:,incident_guard,paper-strategy-8ade763620b6,opportunity-score-8ade763620b6,universe-a8e55c76a270,PAPER_OVERRIDE::FYERS_PAPER_PROXY_RESEARCH,"{""reason"": ""Cycle failure: OptionChainParseError: Missing PE at strike 2960.0; reconnect stabilization in progress""}"
20260818104138743501-55,2026-08-18T10:41:38.743501+05:30,INCIDENT_ENTRY_BLOCK,20260818_102607,,,,,,INDEX:,incident_guard,paper-strategy-8ade763620b6,opportunity-score-8ade763620b6,universe-a8e55c76a270,PAPER_OVERRIDE::FYERS_PAPER_PROXY_RESEARCH,"{""reason"": ""Cycle failure: OptionChainParseError: Missing PE at strike 2960.0; reconnect stabilization in progress""}"
20260818104210613556-56,2026-08-18T10:42:10.613556+05:30,INCIDENT_ENTRY_BLOCK,20260818_102607,,,,,,INDEX:,incident_guard,paper-strategy-8ade763620b6,opportunity-score-8ade763620b6,universe-a8e55c76a270,PAPER_OVERRIDE::FYERS_PAPER_PROXY_RESEARCH,"{""reason"": ""Cycle failure: OptionChainParseError: Missing CE at strike 3040.0; reconnect stabilization in progress""}"
20260818104222048593-57,2026-08-18T10:42:22.048593+05:30,INCIDENT_ENTRY_BLOCK,20260818_102607,,,,,,INDEX:,incident_guard,paper-strategy-8ade763620b6,opportunity-score-8ade763620b6,universe-a8e55c76a270,PAPER_OVERRIDE::FYERS_PAPER_PROXY_RESEARCH,"{""reason"": ""Cycle failure: OptionChainParseError: Missing CE at strike 3040.0; reconnect stabilization in progress""}"
20260818104244336584-58,2026-08-18T10:42:44.336584+05:30,INCIDENT_ENTRY_BLOCK,20260818_102607,,,,,,INDEX:,incident_guard,paper-strategy-8ade763620b6,opportunity-score-8ade763620b6,universe-a8e55c76a270,PAPER_OVERRIDE::FYERS_PAPER_PROXY_RESEARCH,"{""reason"": ""Cycle failure: OptionChainParseError: Missing CE at strike 3040.0; reconnect stabilization in progress""}"
20260818104303712417-59,2026-08-18T10:43:03.712417+05:30,PORTFOLIO_NO_TRADE_BLOCK,20260818_102607,,,,,,INDEX:,portfolio_no_trade_engine,paper-strategy-8ade763620b6,opportunity-score-8ade763620b6,universe-a8e55c76a270,PAPER_OVERRIDE::FYERS_PAPER_PROXY_RESEARCH,"{""reason"": ""Portfolio no-trade hard veto: 21_instruments_data_invalid, no_candidate_grade_A_or_better"", ""snapshot"": {""components"": {""best_candidate_weakness_risk"": 43.41621483904706, ""calibration_uncertainty_risk"": 76.19047619047619, ""cross_instrument_market_hostility"": 25.84574499976673, ""data_breadth_risk"": 100.0, ""event_gap_system_risk"": 0.0, ""liquidity_breadth_risk"": 100.0, ""recent_loss_psychology_risk"": 0.0}, ""enabled"": true, ""hard_vetoes"": [""21_instruments_data_invalid"", ""no_candidate_grade_A_or_better""], ""score"": 49.83272651923892, ""shutdown_above"": 70.0, ""status"": ""BLOCKED"", ""timestamp"": ""2026-08-18T10:43:03.712417+05:30""}}"
20260818104315311710-60,2026-08-18T10:43:15.311710+05:30,PORTFOLIO_NO_TRADE_BLOCK,20260818_102607,,,,,,INDEX:,portfolio_no_trade_engine,paper-strategy-8ade763620b6,opportunity-score-8ade763620b6,universe-a8e55c76a270,PAPER_OVERRIDE::FYERS_PAPER_PROXY_RESEARCH,"{""reason"": ""Portfolio no-trade hard veto: 22_instruments_data_invalid, no_candidate_grade_A_or_better"", ""snapshot"": {""components"": {""best_candidate_weakness_risk"": 43.41642898678153, ""calibration_uncertainty_risk"": 77.27272727272727, ""cross_instrument_market_hostility"": 25.99997736720861, ""data_breadth_risk"": 100.0, ""event_gap_system_risk"": 0.0, ""liquidity_breadth_risk"": 100.0, ""recent_loss_psychology_risk"": 0.0}, ""enabled"": true, ""hard_vetoes"": [""22_instruments_data_invalid"", ""no_candidate_grade_A_or_better""], ""score"": 49.91773908377347, ""shutdown_above"": 70.0, ""status"": ""BLOCKED"", ""timestamp"": ""2026-08-18T10:43:15.311710+05:30""}}"
20260818104326838696-61,2026-08-18T10:43:26.838696+05:30,PORTFOLIO_NO_TRADE_BLOCK,20260818_102607,,,,,,INDEX:,portfolio_no_trade_engine,paper-strategy-8ade763620b6,opportunity-score-8ade763620b6,universe-a8e55c76a270,PAPER_OVERRIDE::FYERS_PAPER_PROXY_RESEARCH,"{""reason"": ""Portfolio no-trade hard veto: 20_instruments_data_invalid, no_candidate_grade_A_or_better"", ""snapshot"": {""components"": {""best_candidate_weakness_risk"": 50.04317904010507, ""calibration_uncertainty_risk"": 80.0, ""cross_instrument_market_hostility"": 26.225052948208106, ""data_breadth_risk"": 100.0, ""event_gap_system_risk"": 0.0, ""liquidity_breadth_risk"": 100.0, ""recent_loss_psychology_risk"": 0.0}, ""enabled"": true, ""hard_vetoes"": [""20_instruments_data_invalid"", ""no_candidate_grade_A_or_better""], ""score"": 51.75580534966789, ""shutdown_above"": 70.0, ""status"": ""BLOCKED"", ""timestamp"": ""2026-08-18T10:43:26.838696+05:30""}}"
20260818104338407817-62,2026-08-18T10:43:38.407817+05:30,PORTFOLIO_NO_TRADE_BLOCK,20260818_102607,,,,,,INDEX:,portfolio_no_trade_engine,paper-strategy-8ade763620b6,opportunity-score-8ade763620b6,universe-a8e55c76a270,PAPER_OVERRIDE::FYERS_PAPER_PROXY_RESEARCH,"{""reason"": ""Portfolio no-trade hard veto: 18_instruments_data_invalid, no_candidate_grade_A_or_better"", ""snapshot"": {""components"": {""best_candidate_weakness_risk"": 43.11628245774336, ""calibration_uncertainty_risk"": 66.66666666666667, ""cross_instrument_market_hostility"": 25.372770590311795, ""data_breadth_risk"": 100.0, ""event_gap_system_risk"": 0.0, ""liquidity_breadth_risk"": 100.0, ""recent_loss_psychology_risk"": 0.0}, ""enabled"": true, ""hard_vetoes"": [""18_instruments_data_invalid"", ""no_candidate_grade_A_or_better""], ""score"": 49.18695806583153, ""shutdown_above"": 70.0, ""status"": ""BLOCKED"", ""timestamp"": ""2026-08-18T10:43:38.407817+05:30""}}"
20260818104350144165-63,2026-08-18T10:43:50.144165+05:30,PORTFOLIO_NO_TRADE_BLOCK,20260818_102607,,,,,,INDEX:,portfolio_no_trade_engine,paper-strategy-8ade763620b6,opportunity-score-8ade763620b6,universe-a8e55c76a270,PAPER_OVERRIDE::FYERS_PAPER_PROXY_RESEARCH,"{""reason"": ""Portfolio no-trade hard veto: 19_instruments_data_invalid, no_candidate_grade_A_or_better"", ""snapshot"": {""components"": {""best_candidate_weakness_risk"": 43.41638264530374, ""calibration_uncertainty_risk"": 68.42105263157895, ""cross_instrument_market_hostility"": 25.446218387180807, ""data_breadth_risk"": 100.0, ""event_gap_system_risk"": 0.0, ""liquidity_breadth_risk"": 100.0, ""recent_loss_psychology_risk"": 0.0}, ""enabled"": true, ""hard_vetoes"": [""19_instruments_data_invalid"", ""no_candidate_grade_A_or_better""], ""score"": 49.364391970341046, ""shutdown_above"": 70.0, ""status"": ""BLOCKED"", ""timestamp"": ""2026-08-18T10:43:50.144165+05:30""}}"
20260818104410005317-64,2026-08-18T10:44:10.005317+05:30,PORTFOLIO_NO_TRADE_BLOCK,20260818_102607,,,,,,INDEX:,portfolio_no_trade_engine,paper-strategy-8ade763620b6,opportunity-score-8ade763620b6,universe-a8e55c76a270,PAPER_OVERRIDE::FYERS_PAPER_PROXY_RESEARCH,"{""reason"": ""Portfolio no-trade hard veto: 20_instruments_data_invalid, no_candidate_grade_A_or_better"", ""snapshot"": {""components"": {""best_candidate_weakness_risk"": 46.650264703323565, ""calibration_uncertainty_risk"": 80.0, ""cross_instrument_market_hostility"": 27.01863840963578, ""data_breadth_risk"": 100.0, ""event_gap_system_risk"": 0.0, ""liquidity_breadth_risk"": 100.0, ""recent_loss_psychology_risk"": 0.0}, ""enabled"": true, ""hard_vetoes"": [""20_instruments_data_invalid"", ""no_candidate_grade_A_or_better""], ""score"": 51.06629385775805, ""shutdown_above"": 70.0, ""status"": ""BLOCKED"", ""timestamp"": ""2026-08-18T10:44:10.005317+05:30""}}"
20260818104421631634-65,2026-08-18T10:44:21.631634+05:30,PORTFOLIO_NO_TRADE_BLOCK,20260818_102607,,,,,,INDEX:,portfolio_no_trade_engine,paper-strategy-8ade763620b6,opportunity-score-8ade763620b6,universe-a8e55c76a270,PAPER_OVERRIDE::FYERS_PAPER_PROXY_RESEARCH,"{""reason"": ""Portfolio no-trade hard veto: 20_instruments_data_invalid, no_candidate_grade_A_or_better"", ""snapshot"": {""components"": {""best_candidate_weakness_risk"": 39.342798566107156, ""calibration_uncertainty_risk"": 75.0, ""cross_instrument_market_hostility"": 28.045323633399, ""data_breadth_risk"": 100.0, ""event_gap_system_risk"": 0.0, ""liquidity_breadth_risk"": 100.0, ""recent_loss_psychology_risk"": 0.0}, ""enabled"": true, ""hard_vetoes"": [""20_instruments_data_invalid"", ""no_candidate_grade_A_or_better""], ""score"": 49.19476436820659, ""shutdown_above"": 70.0, ""status"": ""BLOCKED"", ""timestamp"": ""2026-08-18T10:44:21.631634+05:30""}}"
20260818104433390969-66,2026-08-18T10:44:33.390969+05:30,PORTFOLIO_NO_TRADE_BLOCK,20260818_102607,,,,,,INDEX:,portfolio_no_trade_engine,paper-strategy-8ade763620b6,opportunity-score-8ade763620b6,universe-a8e55c76a270,PAPER_OVERRIDE::FYERS_PAPER_PROXY_RESEARCH,"{""reason"": ""Portfolio no-trade hard veto: 21_instruments_data_invalid, no_candidate_grade_A_or_better"", ""snapshot"": {""components"": {""best_candidate_weakness_risk"": 36.142778851348844, ""calibration_uncertainty_risk"": 76.19047619047619, ""cross_instrument_market_hostility"": 27.662569247352156, ""data_breadth_risk"": 100.0, ""event_gap_system_risk"": 0.0, ""liquidity_breadth_risk"": 100.0, ""recent_loss_psychology_risk"": 0.0}, ""enabled"": true, ""hard_vetoes"": [""21_instruments_data_invalid"", ""no_candidate_grade_A_or_better""], ""score"": 48.377732371831456, ""shutdown_above"": 70.0, ""status"": ""BLOCKED"", ""timestamp"": ""2026-08-18T10:44:33.390969+05:30""}}"
20260818104445301487-67,2026-08-18T10:44:45.301487+05:30,PORTFOLIO_NO_TRADE_BLOCK,20260818_102607,,,,,,INDEX:,portfolio_no_trade_engine,paper-strategy-8ade763620b6,opportunity-score-8ade763620b6,universe-a8e55c76a270,PAPER_OVERRIDE::FYERS_PAPER_PROXY_RESEARCH,"{""reason"": ""Portfolio no-trade hard veto: 19_instruments_data_invalid, no_candidate_grade_A_or_better"", ""snapshot"": {""components"": {""best_candidate_weakness_risk"": 36.44283430050958, ""calibration_uncertainty_risk"": 68.42105263157895, ""cross_instrument_market_hostility"": 27.289622254931857, ""data_breadth_risk"": 100.0, ""event_gap_system_risk"": 0.0, ""liquidity_breadth_risk"": 100.0, ""recent_loss_psychology_risk"": 0.0}, ""enabled"": true, ""hard_vetoes"": [""19_instruments_data_invalid"", ""no_candidate_grade_A_or_better""], ""score"": 47.98968565769271, ""shutdown_above"": 70.0, ""status"": ""BLOCKED"", ""timestamp"": ""2026-08-18T10:44:45.301487+05:30""}}"
20260818104457068493-68,2026-08-18T10:44:57.068493+05:30,PORTFOLIO_NO_TRADE_BLOCK,20260818_102607,,,,,,INDEX:,portfolio_no_trade_engine,paper-strategy-8ade763620b6,opportunity-score-8ade763620b6,universe-a8e55c76a270,PAPER_OVERRIDE::FYERS_PAPER_PROXY_RESEARCH,"{""reason"": ""Portfolio no-trade hard veto: 23_instruments_data_invalid, no_candidate_grade_A_or_better"", ""snapshot"": {""components"": {""best_candidate_weakness_risk"": 36.142878662973274, ""calibration_uncertainty_risk"": 69.56521739130434, ""cross_instrument_market_hostility"": 27.257077218380104, ""data_breadth_risk"": 100.0, ""event_gap_system_risk"": 0.0, ""liquidity_breadth_risk"": 100.0, ""recent_loss_psychology_risk"": 0.0}, ""enabled"": true, ""hard_vetoes"": [""23_instruments_data_invalid"", ""no_candidate_grade_A_or_better""], ""score"": 47.96539597898456, ""shutdown_above"": 70.0, ""status"": ""BLOCKED"", ""timestamp"": ""2026-08-18T10:44:57.068493+05:30""}}"
20260818104529433871-69,2026-08-18T10:45:29.433871+05:30,INCIDENT_ENTRY_BLOCK,20260818_102607,,,,,,INDEX:,incident_guard,paper-strategy-8ade763620b6,opportunity-score-8ade763620b6,universe-a8e55c76a270,PAPER_OVERRIDE::FYERS_PAPER_PROXY_RESEARCH,"{""reason"": ""Cycle failure: OptionChainParseError: Missing CE at strike 1135.0; reconnect stabilization in progress""}"
20260818104540723857-70,2026-08-18T10:45:40.723857+05:30,INCIDENT_ENTRY_BLOCK,20260818_102607,,,,,,INDEX:,incident_guard,paper-strategy-8ade763620b6,opportunity-score-8ade763620b6,universe-a8e55c76a270,PAPER_OVERRIDE::FYERS_PAPER_PROXY_RESEARCH,"{""reason"": ""Cycle failure: OptionChainParseError: Missing CE at strike 1135.0; reconnect stabilization in progress""}"
20260818104604635774-71,2026-08-18T10:46:04.635774+05:30,INCIDENT_ENTRY_BLOCK,20260818_102607,,,,,,INDEX:,incident_guard,paper-strategy-8ade763620b6,opportunity-score-8ade763620b6,universe-a8e55c76a270,PAPER_OVERRIDE::FYERS_PAPER_PROXY_RESEARCH,"{""reason"": ""Cycle failure: OptionChainParseError: Missing CE at strike 1135.0; reconnect stabilization in progress""}"
20260818104625021597-72,2026-08-18T10:46:25.021597+05:30,PORTFOLIO_NO_TRADE_BLOCK,20260818_102607,,,,,,INDEX:,portfolio_no_trade_engine,paper-strategy-8ade763620b6,opportunity-score-8ade763620b6,universe-a8e55c76a270,PAPER_OVERRIDE::FYERS_PAPER_PROXY_RESEARCH,"{""reason"": ""Portfolio no-trade hard veto: 14_instruments_data_invalid, no_candidate_grade_A_or_better"", ""snapshot"": {""components"": {""best_candidate_weakness_risk"": 50.159121980658156, ""calibration_uncertainty_risk"": 71.42857142857143, ""cross_instrument_market_hostility"": 26.713482260372395, ""data_breadth_risk"": 100.0, ""event_gap_system_risk"": 0.0, ""liquidity_breadth_risk"": 100.0, ""recent_loss_psychology_risk"": 0.0}, ""enabled"": true, ""hard_vetoes"": [""14_instruments_data_invalid"", ""no_candidate_grade_A_or_better""], ""score"": 51.45390551866759, ""shutdown_above"": 70.0, ""status"": ""BLOCKED"", ""timestamp"": ""2026-08-18T10:46:25.021597+05:30""}}"
20260818104642538704-73,2026-08-18T10:46:42.538704+05:30,PORTFOLIO_NO_TRADE_BLOCK,20260818_102607,,,,,,INDEX:,portfolio_no_trade_engine,paper-strategy-8ade763620b6,opportunity-score-8ade763620b6,universe-a8e55c76a270,PAPER_OVERRIDE::FYERS_PAPER_PROXY_RESEARCH,"{""reason"": ""Portfolio no-trade hard veto: 19_instruments_data_invalid, no_candidate_grade_A_or_better"", ""snapshot"": {""components"": {""best_candidate_weakness_risk"": 50.86166038503721, ""calibration_uncertainty_risk"": 84.21052631578948, ""cross_instrument_market_hostility"": 26.71353603658642, ""data_breadth_risk"": 100.0, ""event_gap_system_risk"": 0.0, ""liquidity_breadth_risk"": 100.0, ""recent_loss_psychology_risk"": 0.0}, ""enabled"": true, ""hard_vetoes"": [""19_instruments_data_invalid"", ""no_candidate_grade_A_or_better""], ""score"": 52.26864861936606, ""shutdown_above"": 70.0, ""status"": ""BLOCKED"", ""timestamp"": ""2026-08-18T10:46:42.538704+05:30""}}"
20260818104701854663-74,2026-08-18T10:47:01.854663+05:30,PORTFOLIO_NO_TRADE_BLOCK,20260818_102607,,,,,,INDEX:,portfolio_no_trade_engine,paper-strategy-8ade763620b6,opportunity-score-8ade763620b6,universe-a8e55c76a270,PAPER_OVERRIDE::FYERS_PAPER_PROXY_RESEARCH,"{""reason"": ""Portfolio no-trade hard veto: 16_instruments_data_invalid, no_candidate_grade_A_or_better"", ""snapshot"": {""components"": {""best_candidate_weakness_risk"": 50.861698232404784, ""calibration_uncertainty_risk"": 81.25, ""cross_instrument_market_hostility"": 26.19944876999415, ""data_breadth_risk"": 100.0, ""event_gap_system_risk"": 0.0, ""liquidity_breadth_risk"": 100.0, ""recent_loss_psychology_risk"": 0.0}, ""enabled"": true, ""hard_vetoes"": [""16_instruments_data_invalid"", ""no_candidate_grade_A_or_better""], ""score"": 52.01781431210003, ""shutdown_above"": 70.0, ""status"": ""BLOCKED"", ""timestamp"": ""2026-08-18T10:47:01.854663+05:30""}}"
20260818104731265179-75,2026-08-18T10:47:31.265179+05:30,PORTFOLIO_NO_TRADE_BLOCK,20260818_102607,,,,,,INDEX:,portfolio_no_trade_engine,paper-strategy-8ade763620b6,opportunity-score-8ade763620b6,universe-a8e55c76a270,PAPER_OVERRIDE::FYERS_PAPER_PROXY_RESEARCH,"{""reason"": ""Portfolio no-trade hard veto: 12_instruments_data_invalid, no_candidate_grade_A_or_better"", ""snapshot"": {""components"": {""best_candidate_weakness_risk"": 53.05947680570088, ""calibration_uncertainty_risk"": 91.66666666666667, ""cross_instrument_market_hostility"": 26.382781468709084, ""data_breadth_risk"": 100.0, ""event_gap_system_risk"": 0.0, ""liquidity_breadth_risk"": 100.0, ""recent_loss_psychology_risk"": 0.0}, ""enabled"": true, ""hard_vetoes"": [""12_instruments_data_invalid"", ""no_candidate_grade_A_or_better""], ""score"": 53.12475882850037, ""shutdown_above"": 70.0, ""status"": ""BLOCKED"", ""timestamp"": ""2026-08-18T10:47:31.265179+05:30""}}"
20260818104805642875-76,2026-08-18T10:48:05.642875+05:30,PORTFOLIO_NO_TRADE_BLOCK,20260818_102607,,,,,,INDEX:,portfolio_no_trade_engine,paper-strategy-8ade763620b6,opportunity-score-8ade763620b6,universe-a8e55c76a270,PAPER_OVERRIDE::FYERS_PAPER_PROXY_RESEARCH,"{""reason"": ""Portfolio no-trade hard veto: 22_instruments_data_invalid, no_candidate_grade_A_or_better"", ""snapshot"": {""components"": {""best_candidate_weakness_risk"": 49.4234379306232, ""calibration_uncertainty_risk"": 86.36363636363636, ""cross_instrument_market_hostility"": 25.765946419604017, ""data_breadth_risk"": 100.0, ""event_gap_system_risk"": 0.0, ""liquidity_breadth_risk"": 100.0, ""recent_loss_psychology_risk"": 0.0}, ""enabled"": true, ""hard_vetoes"": [""22_instruments_data_invalid"", ""no_candidate_grade_A_or_better""], ""score"": 51.827230584758425, ""shutdown_above"": 70.0, ""status"": ""BLOCKED"", ""timestamp"": ""2026-08-18T10:48:05.642875+05:30""}}"
20260818104824047001-77,2026-08-18T10:48:24.047001+05:30,PORTFOLIO_NO_TRADE_BLOCK,20260818_102607,,,,,,INDEX:,portfolio_no_trade_engine,paper-strategy-8ade763620b6,opportunity-score-8ade763620b6,universe-a8e55c76a270,PAPER_OVERRIDE::FYERS_PAPER_PROXY_RESEARCH,"{""reason"": ""Portfolio no-trade hard veto: 26_instruments_data_invalid, no_candidate_grade_A_or_better"", ""snapshot"": {""components"": {""best_candidate_weakness_risk"": 34.74147953839666, ""calibration_uncertainty_risk"": 76.92307692307692, ""cross_instrument_market_hostility"": 25.587565497459003, ""data_breadth_risk"": 100.0, ""event_gap_system_risk"": 0.0, ""liquidity_breadth_risk"": 100.0, ""recent_loss_psychology_risk"": 0.0}, ""enabled"": true, ""hard_vetoes"": [""26_instruments_data_invalid"", ""no_candidate_grade_A_or_better""], ""score"": 47.64903683024482, ""shutdown_above"": 70.0, ""status"": ""BLOCKED"", ""timestamp"": ""2026-08-18T10:48:24.047001+05:30""}}"
20260818104957007347-78,2026-08-18T10:49:57.007347+05:30,PORTFOLIO_NO_TRADE_BLOCK,20260818_102607,,,,,,INDEX:,portfolio_no_trade_engine,paper-strategy-8ade763620b6,opportunity-score-8ade763620b6,universe-a8e55c76a270,PAPER_OVERRIDE::FYERS_PAPER_PROXY_RESEARCH,"{""reason"": ""Portfolio no-trade hard veto: 27_instruments_data_invalid, no_candidate_grade_A_or_better"", ""snapshot"": {""components"": {""best_candidate_weakness_risk"": 48.37273203732832, ""calibration_uncertainty_risk"": 92.5925925925926, ""cross_instrument_market_hostility"": 27.323153277010945, ""data_breadth_risk"": 100.0, ""event_gap_system_risk"": 0.0, ""liquidity_breadth_risk"": 100.0, ""recent_loss_psychology_risk"": 0.0}, ""enabled"": true, ""hard_vetoes"": [""27_instruments_data_invalid"", ""no_candidate_grade_A_or_better""], ""score"": 52.1874432943639, ""shutdown_above"": 70.0, ""status"": ""BLOCKED"", ""timestamp"": ""2026-08-18T10:49:57.007347+05:30""}}"
20260818105055255357-79,2026-08-18T10:50:55.255357+05:30,INCIDENT_ENTRY_BLOCK,20260818_102607,,,,,,INDEX:,incident_guard,paper-strategy-8ade763620b6,opportunity-score-8ade763620b6,universe-a8e55c76a270,PAPER_OVERRIDE::FYERS_PAPER_PROXY_RESEARCH,"{""reason"": ""Cycle failure: OptionChainParseError: Missing PE at strike 2960.0; reconnect stabilization in progress""}"
20260818105138531088-80,2026-08-18T10:51:38.531088+05:30,INCIDENT_ENTRY_BLOCK,20260818_102607,,,,,,INDEX:,incident_guard,paper-strategy-8ade763620b6,opportunity-score-8ade763620b6,universe-a8e55c76a270,PAPER_OVERRIDE::FYERS_PAPER_PROXY_RESEARCH,"{""reason"": ""Cycle failure: OptionChainParseError: Missing PE at strike 2960.0; reconnect stabilization in progress""}"
20260818105220225091-81,2026-08-18T10:52:20.225091+05:30,INCIDENT_ENTRY_BLOCK,20260818_102607,,,,,,INDEX:,incident_guard,paper-strategy-8ade763620b6,opportunity-score-8ade763620b6,universe-a8e55c76a270,PAPER_OVERRIDE::FYERS_PAPER_PROXY_RESEARCH,"{""reason"": ""Cycle failure: OptionChainParseError: Missing CE at strike 3040.0; reconnect stabilization in progress""}"
20260818105254619890-82,2026-08-18T10:52:54.619890+05:30,PORTFOLIO_NO_TRADE_BLOCK,20260818_102607,,,,,,INDEX:,portfolio_no_trade_engine,paper-strategy-8ade763620b6,opportunity-score-8ade763620b6,universe-a8e55c76a270,PAPER_OVERRIDE::FYERS_PAPER_PROXY_RESEARCH,"{""reason"": ""Portfolio no-trade hard veto: 18_instruments_data_invalid, no_candidate_grade_A_or_better"", ""snapshot"": {""components"": {""best_candidate_weakness_risk"": 46.06255224694997, ""calibration_uncertainty_risk"": 94.44444444444444, ""cross_instrument_market_hostility"": 30.62078215254755, ""data_breadth_risk"": 100.0, ""event_gap_system_risk"": 0.0, ""liquidity_breadth_risk"": 100.0, ""recent_loss_psychology_risk"": 0.0}, ""enabled"": true, ""hard_vetoes"": [""18_instruments_data_invalid"", ""no_candidate_grade_A_or_better""], ""score"": 52.36201671446923, ""shutdown_above"": 70.0, ""status"": ""BLOCKED"", ""timestamp"": ""2026-08-18T10:52:54.619890+05:30""}}"
20260818105313733023-83,2026-08-18T10:53:13.733023+05:30,PORTFOLIO_NO_TRADE_BLOCK,20260818_102607,,,,,,INDEX:,portfolio_no_trade_engine,paper-strategy-8ade763620b6,opportunity-score-8ade763620b6,universe-a8e55c76a270,PAPER_OVERRIDE::FYERS_PAPER_PROXY_RESEARCH,"{""reason"": ""Portfolio no-trade hard veto: 19_instruments_data_invalid, no_candidate_grade_A_or_better"", ""snapshot"": {""components"": {""best_candidate_weakness_risk"": 45.4594391342254, ""calibration_uncertainty_risk"": 89.47368421052632, ""cross_instrument_market_hostility"": 30.162085666743458, ""data_breadth_risk"": 100.0, ""event_gap_system_risk"": 0.0, ""liquidity_breadth_risk"": 100.0, ""recent_loss_psychology_risk"": 0.0}, ""enabled"": true, ""hard_vetoes"": [""19_instruments_data_invalid"", ""no_candidate_grade_A_or_better""], ""score"": 51.87096112743136, ""shutdown_above"": 70.0, ""status"": ""BLOCKED"", ""timestamp"": ""2026-08-18T10:53:13.733023+05:30""}}"
20260818105331284991-84,2026-08-18T10:53:31.284991+05:30,PORTFOLIO_NO_TRADE_BLOCK,20260818_102607,,,,,,INDEX:,portfolio_no_trade_engine,paper-strategy-8ade763620b6,opportunity-score-8ade763620b6,universe-a8e55c76a270,PAPER_OVERRIDE::FYERS_PAPER_PROXY_RESEARCH,"{""reason"": ""Portfolio no-trade hard veto: 19_instruments_data_invalid, no_candidate_grade_A_or_better"", ""snapshot"": {""components"": {""best_candidate_weakness_risk"": 70.25431793232008, ""calibration_uncertainty_risk"": 100.0, ""cross_instrument_market_hostility"": 30.81196254534867, ""data_breadth_risk"": 100.0, ""event_gap_system_risk"": 0.0, ""liquidity_breadth_risk"": 100.0, ""recent_loss_psychology_risk"": 0.0}, ""enabled"": true, ""hard_vetoes"": [""19_instruments_data_invalid"", ""no_candidate_grade_A_or_better""], ""score"": 58.72597199214975, ""shutdown_above"": 70.0, ""status"": ""BLOCKED"", ""timestamp"": ""2026-08-18T10:53:31.284991+05:30""}}"
20260818105410997639-85,2026-08-18T10:54:10.997639+05:30,PORTFOLIO_NO_TRADE_BLOCK,20260818_102607,,,,,,INDEX:,portfolio_no_trade_engine,paper-strategy-8ade763620b6,opportunity-score-8ade763620b6,universe-a8e55c76a270,PAPER_OVERRIDE::FYERS_PAPER_PROXY_RESEARCH,"{""reason"": ""Portfolio no-trade hard veto: 10_instruments_data_invalid, no_candidate_grade_A_or_better"", ""snapshot"": {""components"": {""best_candidate_weakness_risk"": 75.46331439322697, ""calibration_uncertainty_risk"": 100.0, ""cross_instrument_market_hostility"": 30.615333432579337, ""data_breadth_risk"": 100.0, ""event_gap_system_risk"": 0.0, ""liquidity_breadth_risk"": 100.0, ""recent_loss_psychology_risk"": 0.0}, ""enabled"": true, ""hard_vetoes"": [""10_instruments_data_invalid"", ""no_candidate_grade_A_or_better""], ""score"": 59.98889528482261, ""shutdown_above"": 70.0, ""status"": ""BLOCKED"", ""timestamp"": ""2026-08-18T10:54:10.997639+05:30""}}"
20260818105434923062-86,2026-08-18T10:54:34.923062+05:30,PORTFOLIO_NO_TRADE_BLOCK,20260818_102607,,,,,,INDEX:,portfolio_no_trade_engine,paper-strategy-8ade763620b6,opportunity-score-8ade763620b6,universe-a8e55c76a270,PAPER_OVERRIDE::FYERS_PAPER_PROXY_RESEARCH,"{""reason"": ""Portfolio no-trade hard veto: 7_instruments_data_invalid, no_candidate_grade_A_or_better"", ""snapshot"": {""components"": {""best_candidate_weakness_risk"": 47.39255219001879, ""calibration_uncertainty_risk"": 85.71428571428571, ""cross_instrument_market_hostility"": 30.847671126500114, ""data_breadth_risk"": 100.0, ""event_gap_system_risk"": 0.0, ""liquidity_breadth_risk"": 100.0, ""recent_loss_psychology_risk"": 0.0}, ""enabled"": true, ""hard_vetoes"": [""7_instruments_data_invalid"", ""no_candidate_grade_A_or_better""], ""score"": 52.303386558519, ""shutdown_above"": 70.0, ""status"": ""BLOCKED"", ""timestamp"": ""2026-08-18T10:54:34.923062+05:30""}}"
20260818105514349698-87,2026-08-18T10:55:14.349698+05:30,INCIDENT_ENTRY_BLOCK,20260818_102607,,,,,,INDEX:,incident_guard,paper-strategy-8ade763620b6,opportunity-score-8ade763620b6,universe-a8e55c76a270,PAPER_OVERRIDE::FYERS_PAPER_PROXY_RESEARCH,"{""reason"": ""Cycle failure: OptionChainParseError: Missing CE at strike 1135.0; reconnect stabilization in progress""}"
20260818105727464342-88,2026-08-18T10:57:27.464342+05:30,PORTFOLIO_NO_TRADE_BLOCK,20260818_102607,,,,,,INDEX:,portfolio_no_trade_engine,paper-strategy-8ade763620b6,opportunity-score-8ade763620b6,universe-a8e55c76a270,PAPER_OVERRIDE::FYERS_PAPER_PROXY_RESEARCH,"{""reason"": ""Portfolio no-trade hard veto: 22_instruments_data_invalid, no_candidate_grade_A_or_better"", ""snapshot"": {""components"": {""best_candidate_weakness_risk"": 50.75314213387597, ""calibration_uncertainty_risk"": 81.81818181818181, ""cross_instrument_market_hostility"": 25.389151771584896, ""data_breadth_risk"": 100.0, ""event_gap_system_risk"": 0.0, ""liquidity_breadth_risk"": 100.0, ""recent_loss_psychology_risk"": 0.0}, ""enabled"": true, ""hard_vetoes"": [""22_instruments_data_invalid"", ""no_candidate_grade_A_or_better""], ""score"": 51.857024978695065, ""shutdown_above"": 70.0, ""status"": ""BLOCKED"", ""timestamp"": ""2026-08-18T10:57:27.464342+05:30""}}"
20260818105811267609-89,2026-08-18T10:58:11.267609+05:30,PORTFOLIO_NO_TRADE_BLOCK,20260818_102607,,,,,,INDEX:,portfolio_no_trade_engine,paper-strategy-8ade763620b6,opportunity-score-8ade763620b6,universe-a8e55c76a270,PAPER_OVERRIDE::FYERS_PAPER_PROXY_RESEARCH,"{""reason"": ""Portfolio no-trade hard veto: 26_instruments_data_invalid, no_candidate_grade_A_or_better"", ""snapshot"": {""components"": {""best_candidate_weakness_risk"": 51.778215974504846, ""calibration_uncertainty_risk"": 76.92307692307692, ""cross_instrument_market_hostility"": 27.475256185706556, ""data_breadth_risk"": 100.0, ""event_gap_system_risk"": 0.0, ""liquidity_breadth_risk"": 100.0, ""recent_loss_psychology_risk"": 0.0}, ""enabled"": true, ""hard_vetoes"": [""26_instruments_data_invalid"", ""no_candidate_grade_A_or_better""], ""score"": 52.28575907692137, ""shutdown_above"": 70.0, ""status"": ""BLOCKED"", ""timestamp"": ""2026-08-18T10:58:11.267609+05:30""}}"
20260818105838604749-90,2026-08-18T10:58:38.604749+05:30,PORTFOLIO_NO_TRADE_BLOCK,20260818_102607,,,,,,INDEX:,portfolio_no_trade_engine,paper-strategy-8ade763620b6,opportunity-score-8ade763620b6,universe-a8e55c76a270,PAPER_OVERRIDE::FYERS_PAPER_PROXY_RESEARCH,"{""reason"": ""Portfolio no-trade hard veto: 23_instruments_data_invalid, no_candidate_grade_A_or_better"", ""snapshot"": {""components"": {""best_candidate_weakness_risk"": 49.2937824399254, ""calibration_uncertainty_risk"": 78.26086956521739, ""cross_instrument_market_hostility"": 27.40726637789903, ""data_breadth_risk"": 100.0, ""event_gap_system_risk"": 0.0, ""liquidity_breadth_risk"": 100.0, ""recent_loss_psychology_risk"": 0.0}, ""enabled"": true, ""hard_vetoes"": [""23_instruments_data_invalid"", ""no_candidate_grade_A_or_better""], ""score"": 51.717942363822026, ""shutdown_above"": 70.0, ""status"": ""BLOCKED"", ""timestamp"": ""2026-08-18T10:58:38.604749+05:30""}}"
20260818105927522577-91,2026-08-18T10:59:27.522577+05:30,INCIDENT_ENTRY_BLOCK,20260818_102607,,,,,,INDEX:,incident_guard,paper-strategy-8ade763620b6,opportunity-score-8ade763620b6,universe-a8e55c76a270,PAPER_OVERRIDE::FYERS_PAPER_PROXY_RESEARCH,"{""reason"": ""Cycle failure: OptionChainParseError: Missing PE at strike 2960.0; reconnect stabilization in progress""}"
20260818105939749262-92,2026-08-18T10:59:39.749262+05:30,INCIDENT_ENTRY_BLOCK,20260818_102607,,,,,,INDEX:,incident_guard,paper-strategy-8ade763620b6,opportunity-score-8ade763620b6,universe-a8e55c76a270,PAPER_OVERRIDE::FYERS_PAPER_PROXY_RESEARCH,"{""reason"": ""Cycle failure: OptionChainParseError: Missing PE at strike 2960.0; reconnect stabilization in progress""}"
20260818110011083858-93,2026-08-18T11:00:11.083858+05:30,INCIDENT_ENTRY_BLOCK,20260818_102607,,,,,,INDEX:,incident_guard,paper-strategy-8ade763620b6,opportunity-score-8ade763620b6,universe-a8e55c76a270,PAPER_OVERRIDE::FYERS_PAPER_PROXY_RESEARCH,"{""reason"": ""Cycle failure: OptionChainParseError: Missing CE at strike 3040.0; reconnect stabilization in progress""}"
20260818110022538457-94,2026-08-18T11:00:22.538457+05:30,INCIDENT_ENTRY_BLOCK,20260818_102607,,,,,,INDEX:,incident_guard,paper-strategy-8ade763620b6,opportunity-score-8ade763620b6,universe-a8e55c76a270,PAPER_OVERRIDE::FYERS_PAPER_PROXY_RESEARCH,"{""reason"": ""Cycle failure: OptionChainParseError: Missing CE at strike 3040.0; reconnect stabilization in progress""}"
20260818110046441440-95,2026-08-18T11:00:46.441440+05:30,INCIDENT_ENTRY_BLOCK,20260818_102607,,,,,,INDEX:,incident_guard,paper-strategy-8ade763620b6,opportunity-score-8ade763620b6,universe-a8e55c76a270,PAPER_OVERRIDE::FYERS_PAPER_PROXY_RESEARCH,"{""reason"": ""Cycle failure: OptionChainParseError: Missing CE at strike 3040.0; reconnect stabilization in progress""}"
20260818110103672777-96,2026-08-18T11:01:03.672777+05:30,INCIDENT_ENTRY_BLOCK,20260818_102607,,,,,,INDEX:,incident_guard,paper-strategy-8ade763620b6,opportunity-score-8ade763620b6,universe-a8e55c76a270,PAPER_OVERRIDE::FYERS_PAPER_PROXY_RESEARCH,"{""reason"": ""Cycle failure: OptionChainParseError: Missing CE at strike 3040.0; reconnect stabilization in progress""}"
20260818110118993559-97,2026-08-18T11:01:18.993559+05:30,PORTFOLIO_NO_TRADE_BLOCK,20260818_102607,,,,,,INDEX:,portfolio_no_trade_engine,paper-strategy-8ade763620b6,opportunity-score-8ade763620b6,universe-a8e55c76a270,PAPER_OVERRIDE::FYERS_PAPER_PROXY_RESEARCH,"{""reason"": ""Portfolio no-trade hard veto: 13_instruments_data_invalid, no_candidate_grade_A_or_better"", ""snapshot"": {""components"": {""best_candidate_weakness_risk"": 54.571390648444144, ""calibration_uncertainty_risk"": 84.61538461538461, ""cross_instrument_market_hostility"": 28.788074582399886, ""data_breadth_risk"": 100.0, ""event_gap_system_risk"": 0.0, ""liquidity_breadth_risk"": 100.0, ""recent_loss_psychology_risk"": 0.0}, ""enabled"": true, ""hard_vetoes"": [""13_instruments_data_invalid"", ""no_candidate_grade_A_or_better""], ""score"": 53.63123180936025, ""shutdown_above"": 70.0, ""status"": ""BLOCKED"", ""timestamp"": ""2026-08-18T11:01:18.993559+05:30""}}"
20260818110131394561-98,2026-08-18T11:01:31.394561+05:30,PORTFOLIO_NO_TRADE_BLOCK,20260818_102607,,,,,,INDEX:,portfolio_no_trade_engine,paper-strategy-8ade763620b6,opportunity-score-8ade763620b6,universe-a8e55c76a270,PAPER_OVERRIDE::FYERS_PAPER_PROXY_RESEARCH,"{""reason"": ""Portfolio no-trade hard veto: 16_instruments_data_invalid, no_candidate_grade_A_or_better"", ""snapshot"": {""components"": {""best_candidate_weakness_risk"": 54.57151374394923, ""calibration_uncertainty_risk"": 87.5, ""cross_instrument_market_hostility"": 29.066331292421776, ""data_breadth_risk"": 100.0, ""event_gap_system_risk"": 0.0, ""liquidity_breadth_risk"": 100.0, ""recent_loss_psychology_risk"": 0.0}, ""enabled"": true, ""hard_vetoes"": [""16_instruments_data_invalid"", ""no_candidate_grade_A_or_better""], ""score"": 53.83114469447166, ""shutdown_above"": 70.0, ""status"": ""BLOCKED"", ""timestamp"": ""2026-08-18T11:01:31.394561+05:30""}}"
20260818110143385448-99,2026-08-18T11:01:43.385448+05:30,PORTFOLIO_NO_TRADE_BLOCK,20260818_102607,,,,,,INDEX:,portfolio_no_trade_engine,paper-strategy-8ade763620b6,opportunity-score-8ade763620b6,universe-a8e55c76a270,PAPER_OVERRIDE::FYERS_PAPER_PROXY_RESEARCH,"{""reason"": ""Portfolio no-trade hard veto: 18_instruments_data_invalid, no_candidate_grade_A_or_better"", ""snapshot"": {""components"": {""best_candidate_weakness_risk"": 51.95043626243342, ""calibration_uncertainty_risk"": 72.22222222222223, ""cross_instrument_market_hostility"": 28.142474801917864, ""data_breadth_risk"": 100.0, ""event_gap_system_risk"": 0.0, ""liquidity_breadth_risk"": 100.0, ""recent_loss_psychology_risk"": 0.0}, ""enabled"": true, ""hard_vetoes"": [""18_instruments_data_invalid"", ""no_candidate_grade_A_or_better""], ""score"": 52.227215137103045, ""shutdown_above"": 70.0, ""status"": ""BLOCKED"", ""timestamp"": ""2026-08-18T11:01:43.385448+05:30""}}"
20260818110156003076-100,2026-08-18T11:01:56.003076+05:30,PORTFOLIO_NO_TRADE_BLOCK,20260818_102607,,,,,,INDEX:,portfolio_no_trade_engine,paper-strategy-8ade763620b6,opportunity-score-8ade763620b6,universe-a8e55c76a270,PAPER_OVERRIDE::FYERS_PAPER_PROXY_RESEARCH,"{""reason"": ""Portfolio no-trade hard veto: 19_instruments_data_invalid, no_candidate_grade_A_or_better"", ""snapshot"": {""components"": {""best_candidate_weakness_risk"": 54.48180415061029, ""calibration_uncertainty_risk"": 84.21052631578948, ""cross_instrument_market_hostility"": 28.679384360945225, ""data_breadth_risk"": 100.0, ""event_gap_system_risk"": 0.0, ""liquidity_breadth_risk"": 100.0, ""recent_loss_psychology_risk"": 0.0}, ""enabled"": true, ""hard_vetoes"": [""19_instruments_data_invalid"", ""no_candidate_grade_A_or_better""], ""score"": 53.56685422563109, ""shutdown_above"": 70.0, ""status"": ""BLOCKED"", ""timestamp"": ""2026-08-18T11:01:56.003076+05:30""}}"
20260818110213068176-101,2026-08-18T11:02:13.068176+05:30,PORTFOLIO_NO_TRADE_BLOCK,20260818_102607,,,,,,INDEX:,portfolio_no_trade_engine,paper-strategy-8ade763620b6,opportunity-score-8ade763620b6,universe-a8e55c76a270,PAPER_OVERRIDE::FYERS_PAPER_PROXY_RESEARCH,"{""reason"": ""Portfolio no-trade hard veto: 17_instruments_data_invalid, no_candidate_grade_A_or_better"", ""snapshot"": {""components"": {""best_candidate_weakness_risk"": 54.57124616933437, ""calibration_uncertainty_risk"": 76.47058823529412, ""cross_instrument_market_hostility"": 26.282247381003074, ""data_breadth_risk"": 100.0, ""event_gap_system_risk"": 0.0, ""liquidity_breadth_risk"": 100.0, ""recent_loss_psychology_risk"": 0.0}, ""enabled"": true, ""hard_vetoes"": [""17_instruments_data_invalid"", ""no_candidate_grade_A_or_better""], ""score"": 52.72279043029891, ""shutdown_above"": 70.0, ""status"": ""BLOCKED"", ""timestamp"": ""2026-08-18T11:02:13.068176+05:30""}}"
20260818110229658316-102,2026-08-18T11:02:29.658316+05:30,PORTFOLIO_NO_TRADE_BLOCK,20260818_102607,,,,,,INDEX:,portfolio_no_trade_engine,paper-strategy-8ade763620b6,opportunity-score-8ade763620b6,universe-a8e55c76a270,PAPER_OVERRIDE::FYERS_PAPER_PROXY_RESEARCH,"{""reason"": ""Portfolio no-trade hard veto: 16_instruments_data_invalid, no_candidate_grade_A_or_better"", ""snapshot"": {""components"": {""best_candidate_weakness_risk"": 49.121946962319555, ""calibration_uncertainty_risk"": 75.0, ""cross_instrument_market_hostility"": 26.312724271973472, ""data_breadth_risk"": 100.0, ""event_gap_system_risk"": 0.0, ""liquidity_breadth_risk"": 100.0, ""recent_loss_psychology_risk"": 0.0}, ""enabled"": true, ""hard_vetoes"": [""16_instruments_data_invalid"", ""no_candidate_grade_A_or_better""], ""score"": 51.29303159497458, ""shutdown_above"": 70.0, ""status"": ""BLOCKED"", ""timestamp"": ""2026-08-18T11:02:29.658316+05:30""}}"
20260818110242311930-103,2026-08-18T11:02:42.311930+05:30,PORTFOLIO_NO_TRADE_BLOCK,20260818_102607,,,,,,INDEX:,portfolio_no_trade_engine,paper-strategy-8ade763620b6,opportunity-score-8ade763620b6,universe-a8e55c76a270,PAPER_OVERRIDE::FYERS_PAPER_PROXY_RESEARCH,"{""reason"": ""Portfolio no-trade hard veto: 17_instruments_data_invalid, no_candidate_grade_A_or_better"", ""snapshot"": {""components"": {""best_candidate_weakness_risk"": 48.57430848939698, ""calibration_uncertainty_risk"": 76.47058823529412, ""cross_instrument_market_hostility"": 26.636750754804073, ""data_breadth_risk"": 100.0, ""event_gap_system_risk"": 0.0, ""liquidity_breadth_risk"": 100.0, ""recent_loss_psychology_risk"": 0.0}, ""enabled"": true, ""hard_vetoes"": [""17_instruments_data_invalid"", ""no_candidate_grade_A_or_better""], ""score"": 51.29445668507476, ""shutdown_above"": 70.0, ""status"": ""BLOCKED"", ""timestamp"": ""2026-08-18T11:02:42.311930+05:30""}}"
20260818110254373008-104,2026-08-18T11:02:54.373008+05:30,PORTFOLIO_NO_TRADE_BLOCK,20260818_102607,,,,,,INDEX:,portfolio_no_trade_engine,paper-strategy-8ade763620b6,opportunity-score-8ade763620b6,universe-a8e55c76a270,PAPER_OVERRIDE::FYERS_PAPER_PROXY_RESEARCH,"{""reason"": ""Portfolio no-trade hard veto: 19_instruments_data_invalid, no_candidate_grade_A_or_better"", ""snapshot"": {""components"": {""best_candidate_weakness_risk"": 48.57413607253365, ""calibration_uncertainty_risk"": 68.42105263157895, ""cross_instrument_market_hostility"": 26.0808354972835, ""data_breadth_risk"": 100.0, ""event_gap_system_risk"": 0.0, ""liquidity_breadth_risk"": 100.0, ""recent_loss_psychology_risk"": 0.0}, ""enabled"": true, ""hard_vetoes"": [""19_instruments_data_invalid"", ""no_candidate_grade_A_or_better""], ""score"": 50.78075374916906, ""shutdown_above"": 70.0, ""status"": ""BLOCKED"", ""timestamp"": ""2026-08-18T11:02:54.373008+05:30""}}"
20260818110307052240-105,2026-08-18T11:03:07.052240+05:30,PORTFOLIO_NO_TRADE_BLOCK,20260818_102607,,,,,,INDEX:,portfolio_no_trade_engine,paper-strategy-8ade763620b6,opportunity-score-8ade763620b6,universe-a8e55c76a270,PAPER_OVERRIDE::FYERS_PAPER_PROXY_RESEARCH,"{""reason"": ""Portfolio no-trade hard veto: 18_instruments_data_invalid, no_candidate_grade_A_or_better"", ""snapshot"": {""components"": {""best_candidate_weakness_risk"": 48.57418309151811, ""calibration_uncertainty_risk"": 72.22222222222223, ""cross_instrument_market_hostility"": 26.35683095125391, ""data_breadth_risk"": 100.0, ""event_gap_system_risk"": 0.0, ""liquidity_breadth_risk"": 100.0, ""recent_loss_psychology_risk"": 0.0}, ""enabled"": true, ""hard_vetoes"": [""18_instruments_data_invalid"", ""no_candidate_grade_A_or_better""], ""score"": 51.02602307424142, ""shutdown_above"": 70.0, ""status"": ""BLOCKED"", ""timestamp"": ""2026-08-18T11:03:07.052240+05:30""}}"
20260818110338496458-106,2026-08-18T11:03:38.496458+05:30,INCIDENT_ENTRY_BLOCK,20260818_102607,,,,,,INDEX:,incident_guard,paper-strategy-8ade763620b6,opportunity-score-8ade763620b6,universe-a8e55c76a270,PAPER_OVERRIDE::FYERS_PAPER_PROXY_RESEARCH,"{""reason"": ""Cycle failure: OptionChainParseError: Missing CE at strike 4080.0; reconnect stabilization in progress""}"
20260818110349930336-107,2026-08-18T11:03:49.930336+05:30,INCIDENT_ENTRY_BLOCK,20260818_102607,,,,,,INDEX:,incident_guard,paper-strategy-8ade763620b6,opportunity-score-8ade763620b6,universe-a8e55c76a270,PAPER_OVERRIDE::FYERS_PAPER_PROXY_RESEARCH,"{""reason"": ""Cycle failure: OptionChainParseError: Missing CE at strike 4080.0; reconnect stabilization in progress""}"
20260818110413551279-108,2026-08-18T11:04:13.551279+05:30,INCIDENT_ENTRY_BLOCK,20260818_102607,,,,,,INDEX:,incident_guard,paper-strategy-8ade763620b6,opportunity-score-8ade763620b6,universe-a8e55c76a270,PAPER_OVERRIDE::FYERS_PAPER_PROXY_RESEARCH,"{""reason"": ""Cycle failure: OptionChainParseError: Missing CE at strike 4080.0; reconnect stabilization in progress""}"
20260818110429182200-109,2026-08-18T11:04:29.182200+05:30,INCIDENT_ENTRY_BLOCK,20260818_102607,,,,,,INDEX:,incident_guard,paper-strategy-8ade763620b6,opportunity-score-8ade763620b6,universe-a8e55c76a270,PAPER_OVERRIDE::FYERS_PAPER_PROXY_RESEARCH,"{""reason"": ""Cycle failure: OptionChainParseError: Missing CE at strike 4080.0; reconnect stabilization in progress""}"
20260818110444218625-110,2026-08-18T11:04:44.218625+05:30,PORTFOLIO_NO_TRADE_BLOCK,20260818_102607,,,,,,INDEX:,portfolio_no_trade_engine,paper-strategy-8ade763620b6,opportunity-score-8ade763620b6,universe-a8e55c76a270,PAPER_OVERRIDE::FYERS_PAPER_PROXY_RESEARCH,"{""reason"": ""Portfolio no-trade hard veto: 29_instruments_data_invalid, no_candidate_grade_A_or_better"", ""snapshot"": {""components"": {""best_candidate_weakness_risk"": 47.38721279120906, ""calibration_uncertainty_risk"": 72.41379310344827, ""cross_instrument_market_hostility"": 25.909649671949747, ""data_breadth_risk"": 100.0, ""event_gap_system_risk"": 0.0, ""liquidity_breadth_risk"": 100.0, ""recent_loss_psychology_risk"": 0.0}, ""enabled"": true, ""hard_vetoes"": [""29_instruments_data_invalid"", ""no_candidate_grade_A_or_better""], ""score"": 50.64942278736463, ""shutdown_above"": 70.0, ""status"": ""BLOCKED"", ""timestamp"": ""2026-08-18T11:04:44.218625+05:30""}}"
20260818110457215365-111,2026-08-18T11:04:57.215365+05:30,PORTFOLIO_NO_TRADE_BLOCK,20260818_102607,,,,,,INDEX:,portfolio_no_trade_engine,paper-strategy-8ade763620b6,opportunity-score-8ade763620b6,universe-a8e55c76a270,PAPER_OVERRIDE::FYERS_PAPER_PROXY_RESEARCH,"{""reason"": ""Portfolio no-trade hard veto: 31_instruments_data_invalid, no_candidate_grade_A_or_better"", ""snapshot"": {""components"": {""best_candidate_weakness_risk"": 42.48641344381151, ""calibration_uncertainty_risk"": 64.51612903225806, ""cross_instrument_market_hostility"": 25.3119426353795, ""data_breadth_risk"": 100.0, ""event_gap_system_risk"": 0.0, ""liquidity_breadth_risk"": 100.0, ""recent_loss_psychology_risk"": 0.0}, ""enabled"": true, ""hard_vetoes"": [""31_instruments_data_invalid"", ""no_candidate_grade_A_or_better""], ""score"": 48.90979833964168, ""shutdown_above"": 70.0, ""status"": ""BLOCKED"", ""timestamp"": ""2026-08-18T11:04:57.215365+05:30""}}"
20260818110510196602-112,2026-08-18T11:05:10.196602+05:30,PORTFOLIO_NO_TRADE_BLOCK,20260818_102607,,,,,,INDEX:,portfolio_no_trade_engine,paper-strategy-8ade763620b6,opportunity-score-8ade763620b6,universe-a8e55c76a270,PAPER_OVERRIDE::FYERS_PAPER_PROXY_RESEARCH,"{""reason"": ""Portfolio no-trade hard veto: 26_instruments_data_invalid, no_candidate_grade_A_or_better"", ""snapshot"": {""components"": {""best_candidate_weakness_risk"": 53.191001548164614, ""calibration_uncertainty_risk"": 76.92307692307692, ""cross_instrument_market_hostility"": 26.216660323656527, ""data_breadth_risk"": 100.0, ""event_gap_system_risk"": 0.0, ""liquidity_breadth_risk"": 100.0, ""recent_loss_psychology_risk"": 0.0}, ""enabled"": true, ""hard_vetoes"": [""26_instruments_data_invalid"", ""no_candidate_grade_A_or_better""], ""score"": 52.38723629792631, ""shutdown_above"": 70.0, ""status"": ""BLOCKED"", ""timestamp"": ""2026-08-18T11:05:10.196602+05:30""}}"
20260818110523591372-113,2026-08-18T11:05:23.591372+05:30,PORTFOLIO_NO_TRADE_BLOCK,20260818_102607,,,,,,INDEX:,portfolio_no_trade_engine,paper-strategy-8ade763620b6,opportunity-score-8ade763620b6,universe-a8e55c76a270,PAPER_OVERRIDE::FYERS_PAPER_PROXY_RESEARCH,"{""reason"": ""Portfolio no-trade hard veto: 27_instruments_data_invalid, no_candidate_grade_A_or_better"", ""snapshot"": {""components"": {""best_candidate_weakness_risk"": 53.19103934576695, ""calibration_uncertainty_risk"": 77.77777777777777, ""cross_instrument_market_hostility"": 26.319222863221572, ""data_breadth_risk"": 100.0, ""event_gap_system_risk"": 0.0, ""liquidity_breadth_risk"": 100.0, ""recent_loss_psychology_risk"": 0.0}, ""enabled"": true, ""hard_vetoes"": [""27_instruments_data_invalid"", ""no_candidate_grade_A_or_better""], ""score"": 52.45049329797494, ""shutdown_above"": 70.0, ""status"": ""BLOCKED"", ""timestamp"": ""2026-08-18T11:05:23.591372+05:30""}}"
20260818110540945018-114,2026-08-18T11:05:40.945018+05:30,PORTFOLIO_NO_TRADE_BLOCK,20260818_102607,,,,,,INDEX:,portfolio_no_trade_engine,paper-strategy-8ade763620b6,opportunity-score-8ade763620b6,universe-a8e55c76a270,PAPER_OVERRIDE::FYERS_PAPER_PROXY_RESEARCH,"{""reason"": ""Portfolio no-trade hard veto: 22_instruments_data_invalid, no_candidate_grade_A_or_better"", ""snapshot"": {""components"": {""best_candidate_weakness_risk"": 53.19093135733899, ""calibration_uncertainty_risk"": 72.72727272727273, ""cross_instrument_market_hostility"": 25.170089812521816, ""data_breadth_risk"": 100.0, ""event_gap_system_risk"": 0.0, ""liquidity_breadth_risk"": 100.0, ""recent_loss_psychology_risk"": 0.0}, ""enabled"": true, ""hard_vetoes"": [""22_instruments_data_invalid"", ""no_candidate_grade_A_or_better""], ""score"": 51.96811443820275, ""shutdown_above"": 70.0, ""status"": ""BLOCKED"", ""timestamp"": ""2026-08-18T11:05:40.945018+05:30""}}"
20260818110557033614-115,2026-08-18T11:05:57.033614+05:30,PORTFOLIO_NO_TRADE_BLOCK,20260818_102607,,,,,,INDEX:,portfolio_no_trade_engine,paper-strategy-8ade763620b6,opportunity-score-8ade763620b6,universe-a8e55c76a270,PAPER_OVERRIDE::FYERS_PAPER_PROXY_RESEARCH,"{""reason"": ""Portfolio no-trade hard veto: 23_instruments_data_invalid, no_candidate_grade_A_or_better"", ""snapshot"": {""components"": {""best_candidate_weakness_risk"": 46.019931538684204, ""calibration_uncertainty_risk"": 78.26086956521739, ""cross_instrument_market_hostility"": 25.899635911539917, ""data_breadth_risk"": 100.0, ""event_gap_system_risk"": 0.0, ""liquidity_breadth_risk"": 100.0, ""recent_loss_psychology_risk"": 0.0}, ""enabled"": true, ""hard_vetoes"": [""23_instruments_data_invalid"", ""no_candidate_grade_A_or_better""], ""score"": 50.5979535452399, ""shutdown_above"": 70.0, ""status"": ""BLOCKED"", ""timestamp"": ""2026-08-18T11:05:57.033614+05:30""}}"
20260818110609729445-116,2026-08-18T11:06:09.729445+05:30,PORTFOLIO_NO_TRADE_BLOCK,20260818_102607,,,,,,INDEX:,portfolio_no_trade_engine,paper-strategy-8ade763620b6,opportunity-score-8ade763620b6,universe-a8e55c76a270,PAPER_OVERRIDE::FYERS_PAPER_PROXY_RESEARCH,"{""reason"": ""Portfolio no-trade hard veto: 22_instruments_data_invalid, no_candidate_grade_A_or_better"", ""snapshot"": {""components"": {""best_candidate_weakness_risk"": 46.32571375155349, ""calibration_uncertainty_risk"": 86.36363636363636, ""cross_instrument_market_hostility"": 26.41248173948468, ""data_breadth_risk"": 100.0, ""event_gap_system_risk"": 0.0, ""liquidity_breadth_risk"": 100.0, ""recent_loss_psychology_risk"": 0.0}, ""enabled"": true, ""hard_vetoes"": [""22_instruments_data_invalid"", ""no_candidate_grade_A_or_better""], ""score"": 51.18210660396713, ""shutdown_above"": 70.0, ""status"": ""BLOCKED"", ""timestamp"": ""2026-08-18T11:06:09.729445+05:30""}}"
20260818110622598063-117,2026-08-18T11:06:22.598063+05:30,PORTFOLIO_NO_TRADE_BLOCK,20260818_102607,,,,,,INDEX:,portfolio_no_trade_engine,paper-strategy-8ade763620b6,opportunity-score-8ade763620b6,universe-a8e55c76a270,PAPER_OVERRIDE::FYERS_PAPER_PROXY_RESEARCH,"{""reason"": ""Portfolio no-trade hard veto: 23_instruments_data_invalid, no_candidate_grade_A_or_better"", ""snapshot"": {""components"": {""best_candidate_weakness_risk"": 42.280768426828146, ""calibration_uncertainty_risk"": 82.6086956521739, ""cross_instrument_market_hostility"": 26.141482374026406, ""data_breadth_risk"": 100.0, ""event_gap_system_risk"": 0.0, ""liquidity_breadth_risk"": 100.0, ""recent_loss_psychology_risk"": 0.0}, ""enabled"": true, ""hard_vetoes"": [""23_instruments_data_invalid"", ""no_candidate_grade_A_or_better""], ""score"": 49.92892336412101, ""shutdown_above"": 70.0, ""status"": ""BLOCKED"", ""timestamp"": ""2026-08-18T11:06:22.598063+05:30""}}"
20260818110635955567-118,2026-08-18T11:06:35.955567+05:30,PORTFOLIO_NO_TRADE_BLOCK,20260818_102607,,,,,,INDEX:,portfolio_no_trade_engine,paper-strategy-8ade763620b6,opportunity-score-8ade763620b6,universe-a8e55c76a270,PAPER_OVERRIDE::FYERS_PAPER_PROXY_RESEARCH,"{""reason"": ""Portfolio no-trade hard veto: 21_instruments_data_invalid, no_candidate_grade_A_or_better"", ""snapshot"": {""components"": {""best_candidate_weakness_risk"": 46.32560279855244, ""calibration_uncertainty_risk"": 85.71428571428571, ""cross_instrument_market_hostility"": 26.341692594452482, ""data_breadth_risk"": 100.0, ""event_gap_system_risk"": 0.0, ""liquidity_breadth_risk"": 100.0, ""recent_loss_psychology_risk"": 0.0}, ""enabled"": true, ""hard_vetoes"": [""21_instruments_data_invalid"", ""no_candidate_grade_A_or_better""], ""score"": 51.13545350424289, ""shutdown_above"": 70.0, ""status"": ""BLOCKED"", ""timestamp"": ""2026-08-18T11:06:35.955567+05:30""}}"
20260818110707712581-119,2026-08-18T11:07:07.712581+05:30,INCIDENT_ENTRY_BLOCK,20260818_102607,,,,,,INDEX:,incident_guard,paper-strategy-8ade763620b6,opportunity-score-8ade763620b6,universe-a8e55c76a270,PAPER_OVERRIDE::FYERS_PAPER_PROXY_RESEARCH,"{""reason"": ""Cycle failure: OptionChainParseError: Missing PE at strike 2960.0; reconnect stabilization in progress""}"
20260818110719598289-120,2026-08-18T11:07:19.598289+05:30,INCIDENT_ENTRY_BLOCK,20260818_102607,,,,,,INDEX:,incident_guard,paper-strategy-8ade763620b6,opportunity-score-8ade763620b6,universe-a8e55c76a270,PAPER_OVERRIDE::FYERS_PAPER_PROXY_RESEARCH,"{""reason"": ""Cycle failure: OptionChainParseError: Missing PE at strike 2960.0; reconnect stabilization in progress""}"
20260818110743825194-121,2026-08-18T11:07:43.825194+05:30,INCIDENT_ENTRY_BLOCK,20260818_102607,,,,,,INDEX:,incident_guard,paper-strategy-8ade763620b6,opportunity-score-8ade763620b6,universe-a8e55c76a270,PAPER_OVERRIDE::FYERS_PAPER_PROXY_RESEARCH,"{""reason"": ""Cycle failure: OptionChainParseError: Missing PE at strike 2960.0; reconnect stabilization in progress""}"
20260818110759830436-122,2026-08-18T11:07:59.830436+05:30,INCIDENT_ENTRY_BLOCK,20260818_102607,,,,,,INDEX:,incident_guard,paper-strategy-8ade763620b6,opportunity-score-8ade763620b6,universe-a8e55c76a270,PAPER_OVERRIDE::FYERS_PAPER_PROXY_RESEARCH,"{""reason"": ""Cycle failure: OptionChainParseError: Missing PE at strike 2960.0; reconnect stabilization in progress""}"
20260818110826004738-123,2026-08-18T11:08:26.004738+05:30,INCIDENT_ENTRY_BLOCK,20260818_102607,,,,,,INDEX:,incident_guard,paper-strategy-8ade763620b6,opportunity-score-8ade763620b6,universe-a8e55c76a270,PAPER_OVERRIDE::FYERS_PAPER_PROXY_RESEARCH,"{""reason"": ""Cycle failure: OptionChainParseError: Missing CE at strike 3040.0; reconnect stabilization in progress""}"
20260818110837823380-124,2026-08-18T11:08:37.823380+05:30,INCIDENT_ENTRY_BLOCK,20260818_102607,,,,,,INDEX:,incident_guard,paper-strategy-8ade763620b6,opportunity-score-8ade763620b6,universe-a8e55c76a270,PAPER_OVERRIDE::FYERS_PAPER_PROXY_RESEARCH,"{""reason"": ""Cycle failure: OptionChainParseError: Missing CE at strike 3040.0; reconnect stabilization in progress""}"
20260818110907023081-125,2026-08-18T11:09:07.023081+05:30,INCIDENT_ENTRY_BLOCK,20260818_102607,,,,,,INDEX:,incident_guard,paper-strategy-8ade763620b6,opportunity-score-8ade763620b6,universe-a8e55c76a270,PAPER_OVERRIDE::FYERS_PAPER_PROXY_RESEARCH,"{""reason"": ""Cycle failure: OptionChainParseError: Missing CE at strike 3040.0; reconnect stabilization in progress""}"
20260818110923000573-126,2026-08-18T11:09:23.000573+05:30,PORTFOLIO_NO_TRADE_BLOCK,20260818_102607,,,,,,INDEX:,portfolio_no_trade_engine,paper-strategy-8ade763620b6,opportunity-score-8ade763620b6,universe-a8e55c76a270,PAPER_OVERRIDE::FYERS_PAPER_PROXY_RESEARCH,"{""reason"": ""Portfolio no-trade hard veto: 21_instruments_data_invalid, no_candidate_grade_A_or_better"", ""snapshot"": {""components"": {""best_candidate_weakness_risk"": 43.02581163410144, ""calibration_uncertainty_risk"": 61.904761904761905, ""cross_instrument_market_hostility"": 24.866054351620143, ""data_breadth_risk"": 100.0, ""event_gap_system_risk"": 0.0, ""liquidity_breadth_risk"": 100.0, ""recent_loss_psychology_risk"": 0.0}, ""enabled"": true, ""hard_vetoes"": [""21_instruments_data_invalid"", ""no_candidate_grade_A_or_better""], ""score"": 48.82490187408748, ""shutdown_above"": 70.0, ""status"": ""BLOCKED"", ""timestamp"": ""2026-08-18T11:09:23.000573+05:30""}}"
20260818110936626098-127,2026-08-18T11:09:36.626098+05:30,PORTFOLIO_NO_TRADE_BLOCK,20260818_102607,,,,,,INDEX:,portfolio_no_trade_engine,paper-strategy-8ade763620b6,opportunity-score-8ade763620b6,universe-a8e55c76a270,PAPER_OVERRIDE::FYERS_PAPER_PROXY_RESEARCH,"{""reason"": ""Portfolio no-trade hard veto: 18_instruments_data_invalid, no_candidate_grade_A_or_better"", ""snapshot"": {""components"": {""best_candidate_weakness_risk"": 43.84316650209527, ""calibration_uncertainty_risk"": 72.22222222222223, ""cross_instrument_market_hostility"": 25.31981459373799, ""data_breadth_risk"": 100.0, ""event_gap_system_risk"": 0.0, ""liquidity_breadth_risk"": 100.0, ""recent_loss_psychology_risk"": 0.0}, ""enabled"": true, ""hard_vetoes"": [""18_instruments_data_invalid"", ""no_candidate_grade_A_or_better""], ""score"": 49.63586565538253, ""shutdown_above"": 70.0, ""status"": ""BLOCKED"", ""timestamp"": ""2026-08-18T11:09:36.626098+05:30""}}"
20260818110950630363-128,2026-08-18T11:09:50.630363+05:30,PORTFOLIO_NO_TRADE_BLOCK,20260818_102607,,,,,,INDEX:,portfolio_no_trade_engine,paper-strategy-8ade763620b6,opportunity-score-8ade763620b6,universe-a8e55c76a270,PAPER_OVERRIDE::FYERS_PAPER_PROXY_RESEARCH,"{""reason"": ""Portfolio no-trade hard veto: 21_instruments_data_invalid, no_candidate_grade_A_or_better"", ""snapshot"": {""components"": {""best_candidate_weakness_risk"": 43.843175627552355, ""calibration_uncertainty_risk"": 71.42857142857143, ""cross_instrument_market_hostility"": 25.660258386682397, ""data_breadth_risk"": 100.0, ""event_gap_system_risk"": 0.0, ""liquidity_breadth_risk"": 100.0, ""recent_loss_psychology_risk"": 0.0}, ""enabled"": true, ""hard_vetoes"": [""21_instruments_data_invalid"", ""no_candidate_grade_A_or_better""], ""score"": 49.66427415565314, ""shutdown_above"": 70.0, ""status"": ""BLOCKED"", ""timestamp"": ""2026-08-18T11:09:50.630363+05:30""}}"
20260818111012297776-129,2026-08-18T11:10:12.297776+05:30,PORTFOLIO_NO_TRADE_BLOCK,20260818_102607,,,,,,INDEX:,portfolio_no_trade_engine,paper-strategy-8ade763620b6,opportunity-score-8ade763620b6,universe-a8e55c76a270,PAPER_OVERRIDE::FYERS_PAPER_PROXY_RESEARCH,"{""reason"": ""Portfolio no-trade hard veto: 12_instruments_data_invalid, no_candidate_grade_A_or_better"", ""snapshot"": {""components"": {""best_candidate_weakness_risk"": 39.17846425447138, ""calibration_uncertainty_risk"": 66.66666666666667, ""cross_instrument_market_hostility"": 23.73500860321134, ""data_breadth_risk"": 100.0, ""event_gap_system_risk"": 0.0, ""liquidity_breadth_risk"": 100.0, ""recent_loss_psychology_risk"": 0.0}, ""enabled"": true, ""hard_vetoes"": [""12_instruments_data_invalid"", ""no_candidate_grade_A_or_better""], ""score"": 47.87495111759345, ""shutdown_above"": 70.0, ""status"": ""BLOCKED"", ""timestamp"": ""2026-08-18T11:10:12.297776+05:30""}}"
20260818111029388008-130,2026-08-18T11:10:29.388008+05:30,PORTFOLIO_NO_TRADE_BLOCK,20260818_102607,,,,,,INDEX:,portfolio_no_trade_engine,paper-strategy-8ade763620b6,opportunity-score-8ade763620b6,universe-a8e55c76a270,PAPER_OVERRIDE::FYERS_PAPER_PROXY_RESEARCH,"{""reason"": ""Portfolio no-trade hard veto: 11_instruments_data_invalid, no_candidate_grade_A_or_better"", ""snapshot"": {""components"": {""best_candidate_weakness_risk"": 38.04550906652213, ""calibration_uncertainty_risk"": 45.45454545454545, ""cross_instrument_market_hostility"": 22.482234484541497, ""data_breadth_risk"": 100.0, ""event_gap_system_risk"": 0.0, ""liquidity_breadth_risk"": 100.0, ""recent_loss_psychology_risk"": 0.0}, ""enabled"": true, ""hard_vetoes"": [""11_instruments_data_invalid"", ""no_candidate_grade_A_or_better""], ""score"": 46.2805514362661, ""shutdown_above"": 70.0, ""status"": ""BLOCKED"", ""timestamp"": ""2026-08-18T11:10:29.388008+05:30""}}"
20260818111043758205-131,2026-08-18T11:10:43.758205+05:30,PORTFOLIO_NO_TRADE_BLOCK,20260818_102607,,,,,,INDEX:,portfolio_no_trade_engine,paper-strategy-8ade763620b6,opportunity-score-8ade763620b6,universe-a8e55c76a270,PAPER_OVERRIDE::FYERS_PAPER_PROXY_RESEARCH,"{""reason"": ""Portfolio no-trade hard veto: 9_instruments_data_invalid, no_candidate_grade_A_or_better"", ""snapshot"": {""components"": {""best_candidate_weakness_risk"": 47.98149199565145, ""calibration_uncertainty_risk"": 55.55555555555556, ""cross_instrument_market_hostility"": 23.109093513553965, ""data_breadth_risk"": 100.0, ""event_gap_system_risk"": 0.0, ""liquidity_breadth_risk"": 100.0, ""recent_loss_psychology_risk"": 0.0}, ""enabled"": true, ""hard_vetoes"": [""9_instruments_data_invalid"", ""no_candidate_grade_A_or_better""], ""score"": 49.39496947940143, ""shutdown_above"": 70.0, ""status"": ""BLOCKED"", ""timestamp"": ""2026-08-18T11:10:43.758205+05:30""}}"
20260818111056340477-132,2026-08-18T11:10:56.340477+05:30,PORTFOLIO_NO_TRADE_BLOCK,20260818_102607,,,,,,INDEX:,portfolio_no_trade_engine,paper-strategy-8ade763620b6,opportunity-score-8ade763620b6,universe-a8e55c76a270,PAPER_OVERRIDE::FYERS_PAPER_PROXY_RESEARCH,"{""reason"": ""Portfolio no-trade hard veto: 11_instruments_data_invalid, no_candidate_grade_A_or_better"", ""snapshot"": {""components"": {""best_candidate_weakness_risk"": 39.17857166888487, ""calibration_uncertainty_risk"": 54.54545454545455, ""cross_instrument_market_hostility"": 22.820666804085647, ""data_breadth_risk"": 100.0, ""event_gap_system_risk"": 0.0, ""liquidity_breadth_risk"": 100.0, ""recent_loss_psychology_risk"": 0.0}, ""enabled"": true, ""hard_vetoes"": [""11_instruments_data_invalid"", ""no_candidate_grade_A_or_better""], ""score"": 47.086049005311075, ""shutdown_above"": 70.0, ""status"": ""BLOCKED"", ""timestamp"": ""2026-08-18T11:10:56.340477+05:30""}}"
20260818111124856613-133,2026-08-18T11:11:24.856613+05:30,INCIDENT_ENTRY_BLOCK,20260818_102607,,,,,,INDEX:,incident_guard,paper-strategy-8ade763620b6,opportunity-score-8ade763620b6,universe-a8e55c76a270,PAPER_OVERRIDE::FYERS_PAPER_PROXY_RESEARCH,"{""reason"": ""Cycle failure: OptionChainParseError: Missing CE at strike 4080.0; reconnect stabilization in progress""}"
20260818111139681795-134,2026-08-18T11:11:39.681795+05:30,INCIDENT_ENTRY_BLOCK,20260818_102607,,,,,,INDEX:,incident_guard,paper-strategy-8ade763620b6,opportunity-score-8ade763620b6,universe-a8e55c76a270,PAPER_OVERRIDE::FYERS_PAPER_PROXY_RESEARCH,"{""reason"": ""Cycle failure: OptionChainParseError: Missing CE at strike 4080.0; reconnect stabilization in progress""}"
20260818111203626365-135,2026-08-18T11:12:03.626365+05:30,INCIDENT_ENTRY_BLOCK,20260818_102607,,,,,,INDEX:,incident_guard,paper-strategy-8ade763620b6,opportunity-score-8ade763620b6,universe-a8e55c76a270,PAPER_OVERRIDE::FYERS_PAPER_PROXY_RESEARCH,"{""reason"": ""Cycle failure: OptionChainParseError: Missing CE at strike 4080.0; reconnect stabilization in progress""}"
20260818111220218266-136,2026-08-18T11:12:20.218266+05:30,INCIDENT_ENTRY_BLOCK,20260818_102607,,,,,,INDEX:,incident_guard,paper-strategy-8ade763620b6,opportunity-score-8ade763620b6,universe-a8e55c76a270,PAPER_OVERRIDE::FYERS_PAPER_PROXY_RESEARCH,"{""reason"": ""Cycle failure: OptionChainParseError: Missing CE at strike 4080.0; reconnect stabilization in progress""}"
20260818111232875405-137,2026-08-18T11:12:32.875405+05:30,PORTFOLIO_NO_TRADE_BLOCK,20260818_102607,,,,,,INDEX:,portfolio_no_trade_engine,paper-strategy-8ade763620b6,opportunity-score-8ade763620b6,universe-a8e55c76a270,PAPER_OVERRIDE::FYERS_PAPER_PROXY_RESEARCH,"{""reason"": ""Portfolio no-trade hard veto: 20_instruments_data_invalid, no_candidate_grade_A_or_better"", ""snapshot"": {""components"": {""best_candidate_weakness_risk"": 52.52330718331295, ""calibration_uncertainty_risk"": 85.0, ""cross_instrument_market_hostility"": 25.67067545342179, ""data_breadth_risk"": 100.0, ""event_gap_system_risk"": 0.0, ""liquidity_breadth_risk"": 100.0, ""recent_loss_psychology_risk"": 0.0}, ""enabled"": true, ""hard_vetoes"": [""20_instruments_data_invalid"", ""no_candidate_grade_A_or_better""], ""score"": 52.514961886512594, ""shutdown_above"": 70.0, ""status"": ""BLOCKED"", ""timestamp"": ""2026-08-18T11:12:32.875405+05:30""}}"
20260818111251144485-138,2026-08-18T11:12:51.144485+05:30,PORTFOLIO_NO_TRADE_BLOCK,20260818_102607,,,,,,INDEX:,portfolio_no_trade_engine,paper-strategy-8ade763620b6,opportunity-score-8ade763620b6,universe-a8e55c76a270,PAPER_OVERRIDE::FYERS_PAPER_PROXY_RESEARCH,"{""reason"": ""Portfolio no-trade hard veto: 21_instruments_data_invalid, no_candidate_grade_A_or_better"", ""snapshot"": {""components"": {""best_candidate_weakness_risk"": 49.855273947357745, ""calibration_uncertainty_risk"": 80.95238095238095, ""cross_instrument_market_hostility"": 25.377355702749707, ""data_breadth_risk"": 100.0, ""event_gap_system_risk"": 0.0, ""liquidity_breadth_risk"": 100.0, ""recent_loss_psychology_risk"": 0.0}, ""enabled"": true, ""hard_vetoes"": [""21_instruments_data_invalid"", ""no_candidate_grade_A_or_better""], ""score"": 51.58690867500843, ""shutdown_above"": 70.0, ""status"": ""BLOCKED"", ""timestamp"": ""2026-08-18T11:12:51.144485+05:30""}}"
20260818111305457623-139,2026-08-18T11:13:05.457623+05:30,PORTFOLIO_NO_TRADE_BLOCK,20260818_102607,,,,,,INDEX:,portfolio_no_trade_engine,paper-strategy-8ade763620b6,opportunity-score-8ade763620b6,universe-a8e55c76a270,PAPER_OVERRIDE::FYERS_PAPER_PROXY_RESEARCH,"{""reason"": ""Portfolio no-trade hard veto: 23_instruments_data_invalid, no_candidate_grade_A_or_better"", ""snapshot"": {""components"": {""best_candidate_weakness_risk"": 47.286546495923616, ""calibration_uncertainty_risk"": 69.56521739130434, ""cross_instrument_market_hostility"": 24.72123539170579, ""data_breadth_risk"": 100.0, ""event_gap_system_risk"": 0.0, ""liquidity_breadth_risk"": 100.0, ""recent_loss_psychology_risk"": 0.0}, ""enabled"": true, ""hard_vetoes"": [""23_instruments_data_invalid"", ""no_candidate_grade_A_or_better""], ""score"": 50.24414457188728, ""shutdown_above"": 70.0, ""status"": ""BLOCKED"", ""timestamp"": ""2026-08-18T11:13:05.457623+05:30""}}"
20260818111335996590-140,2026-08-18T11:13:35.996590+05:30,INCIDENT_ENTRY_BLOCK,20260818_102607,,,,,,INDEX:,incident_guard,paper-strategy-8ade763620b6,opportunity-score-8ade763620b6,universe-a8e55c76a270,PAPER_OVERRIDE::FYERS_PAPER_PROXY_RESEARCH,"{""reason"": ""Cycle failure: OptionChainParseError: Missing PE at strike 2960.0; reconnect stabilization in progress""}"
20260818111351156734-141,2026-08-18T11:13:51.156734+05:30,INCIDENT_ENTRY_BLOCK,20260818_102607,,,,,,INDEX:,incident_guard,paper-strategy-8ade763620b6,opportunity-score-8ade763620b6,universe-a8e55c76a270,PAPER_OVERRIDE::FYERS_PAPER_PROXY_RESEARCH,"{""reason"": ""Cycle failure: OptionChainParseError: Missing PE at strike 2960.0; reconnect stabilization in progress""}"
20260818111414536123-142,2026-08-18T11:14:14.536123+05:30,INCIDENT_ENTRY_BLOCK,20260818_102607,,,,,,INDEX:,incident_guard,paper-strategy-8ade763620b6,opportunity-score-8ade763620b6,universe-a8e55c76a270,PAPER_OVERRIDE::FYERS_PAPER_PROXY_RESEARCH,"{""reason"": ""Cycle failure: OptionChainParseError: Missing PE at strike 2960.0; reconnect stabilization in progress""}"
20260818111430754025-143,2026-08-18T11:14:30.754025+05:30,INCIDENT_ENTRY_BLOCK,20260818_102607,,,,,,INDEX:,incident_guard,paper-strategy-8ade763620b6,opportunity-score-8ade763620b6,universe-a8e55c76a270,PAPER_OVERRIDE::FYERS_PAPER_PROXY_RESEARCH,"{""reason"": ""Cycle failure: OptionChainParseError: Missing PE at strike 2960.0; reconnect stabilization in progress""}"
20260818111457601621-144,2026-08-18T11:14:57.601621+05:30,INCIDENT_ENTRY_BLOCK,20260818_102607,,,,,,INDEX:,incident_guard,paper-strategy-8ade763620b6,opportunity-score-8ade763620b6,universe-a8e55c76a270,PAPER_OVERRIDE::FYERS_PAPER_PROXY_RESEARCH,"{""reason"": ""Cycle failure: OptionChainParseError: Missing CE at strike 3040.0; reconnect stabilization in progress""}"
20260818111509304709-145,2026-08-18T11:15:09.304709+05:30,INCIDENT_ENTRY_BLOCK,20260818_102607,,,,,,INDEX:,incident_guard,paper-strategy-8ade763620b6,opportunity-score-8ade763620b6,universe-a8e55c76a270,PAPER_OVERRIDE::FYERS_PAPER_PROXY_RESEARCH,"{""reason"": ""Cycle failure: OptionChainParseError: Missing CE at strike 3040.0; reconnect stabilization in progress""}"
20260818111537812151-146,2026-08-18T11:15:37.812151+05:30,INCIDENT_ENTRY_BLOCK,20260818_102607,,,,,,INDEX:,incident_guard,paper-strategy-8ade763620b6,opportunity-score-8ade763620b6,universe-a8e55c76a270,PAPER_OVERRIDE::FYERS_PAPER_PROXY_RESEARCH,"{""reason"": ""Cycle failure: OptionChainParseError: Missing CE at strike 3040.0; reconnect stabilization in progress""}"
20260818111549448994-147,2026-08-18T11:15:49.448994+05:30,INCIDENT_ENTRY_BLOCK,20260818_102607,,,,,,INDEX:,incident_guard,paper-strategy-8ade763620b6,opportunity-score-8ade763620b6,universe-a8e55c76a270,PAPER_OVERRIDE::FYERS_PAPER_PROXY_RESEARCH,"{""reason"": ""Cycle failure: OptionChainParseError: Missing CE at strike 3040.0; reconnect stabilization in progress""}"
20260818111605009044-148,2026-08-18T11:16:05.009044+05:30,PORTFOLIO_NO_TRADE_BLOCK,20260818_102607,,,,,,INDEX:,portfolio_no_trade_engine,paper-strategy-8ade763620b6,opportunity-score-8ade763620b6,universe-a8e55c76a270,PAPER_OVERRIDE::FYERS_PAPER_PROXY_RESEARCH,"{""reason"": ""Portfolio no-trade hard veto: 19_instruments_data_invalid, no_candidate_grade_A_or_better"", ""snapshot"": {""components"": {""best_candidate_weakness_risk"": 43.002302399993084, ""calibration_uncertainty_risk"": 78.94736842105263, ""cross_instrument_market_hostility"": 26.18745356679084, ""data_breadth_risk"": 100.0, ""event_gap_system_risk"": 0.0, ""liquidity_breadth_risk"": 100.0, ""recent_loss_psychology_risk"": 0.0}, ""enabled"": true, ""hard_vetoes"": [""19_instruments_data_invalid"", ""no_candidate_grade_A_or_better""], ""score"": 49.93543473440907, ""shutdown_above"": 70.0, ""status"": ""BLOCKED"", ""timestamp"": ""2026-08-18T11:16:05.009044+05:30""}}"
20260818111617761209-149,2026-08-18T11:16:17.761209+05:30,PORTFOLIO_NO_TRADE_BLOCK,20260818_102607,,,,,,INDEX:,portfolio_no_trade_engine,paper-strategy-8ade763620b6,opportunity-score-8ade763620b6,universe-a8e55c76a270,PAPER_OVERRIDE::FYERS_PAPER_PROXY_RESEARCH,"{""reason"": ""Portfolio no-trade hard veto: 19_instruments_data_invalid, no_candidate_grade_A_or_better"", ""snapshot"": {""components"": {""best_candidate_weakness_risk"": 43.81644756843981, ""calibration_uncertainty_risk"": 73.6842105263158, ""cross_instrument_market_hostility"": 25.837574696976095, ""data_breadth_risk"": 100.0, ""event_gap_system_risk"": 0.0, ""liquidity_breadth_risk"": 100.0, ""recent_loss_psychology_risk"": 0.0}, ""enabled"": true, ""hard_vetoes"": [""19_instruments_data_invalid"", ""no_candidate_grade_A_or_better""], ""score"": 49.805837357820955, ""shutdown_above"": 70.0, ""status"": ""BLOCKED"", ""timestamp"": ""2026-08-18T11:16:17.761209+05:30""}}"
20260818111630668317-150,2026-08-18T11:16:30.668317+05:30,PORTFOLIO_NO_TRADE_BLOCK,20260818_102607,,,,,,INDEX:,portfolio_no_trade_engine,paper-strategy-8ade763620b6,opportunity-score-8ade763620b6,universe-a8e55c76a270,PAPER_OVERRIDE::FYERS_PAPER_PROXY_RESEARCH,"{""reason"": ""Portfolio no-trade hard veto: 21_instruments_data_invalid, no_candidate_grade_A_or_better"", ""snapshot"": {""components"": {""best_candidate_weakness_risk"": 43.81654479836631, ""calibration_uncertainty_risk"": 66.66666666666667, ""cross_instrument_market_hostility"": 25.412297608523232, ""data_breadth_risk"": 100.0, ""event_gap_system_risk"": 0.0, ""liquidity_breadth_risk"": 100.0, ""recent_loss_psychology_risk"": 0.0}, ""enabled"": true, ""hard_vetoes"": [""21_instruments_data_invalid"", ""no_candidate_grade_A_or_better""], ""score"": 49.36992905462956, ""shutdown_above"": 70.0, ""status"": ""BLOCKED"", ""timestamp"": ""2026-08-18T11:16:30.668317+05:30""}}"
20260818111648541614-151,2026-08-18T11:16:48.541614+05:30,PORTFOLIO_NO_TRADE_BLOCK,20260818_102607,,,,,,INDEX:,portfolio_no_trade_engine,paper-strategy-8ade763620b6,opportunity-score-8ade763620b6,universe-a8e55c76a270,PAPER_OVERRIDE::FYERS_PAPER_PROXY_RESEARCH,"{""reason"": ""Portfolio no-trade hard veto: 19_instruments_data_invalid, no_candidate_grade_A_or_better"", ""snapshot"": {""components"": {""best_candidate_weakness_risk"": 44.11656795037321, ""calibration_uncertainty_risk"": 84.21052631578948, ""cross_instrument_market_hostility"": 26.365320857016595, ""data_breadth_risk"": 100.0, ""event_gap_system_risk"": 0.0, ""liquidity_breadth_risk"": 100.0, ""recent_loss_psychology_risk"": 0.0}, ""enabled"": true, ""hard_vetoes"": [""19_instruments_data_invalid"", ""no_candidate_grade_A_or_better""], ""score"": 50.5127324747861, ""shutdown_above"": 70.0, ""status"": ""BLOCKED"", ""timestamp"": ""2026-08-18T11:16:48.541614+05:30""}}"
20260818111701407368-152,2026-08-18T11:17:01.407368+05:30,PORTFOLIO_NO_TRADE_BLOCK,20260818_102607,,,,,,INDEX:,portfolio_no_trade_engine,paper-strategy-8ade763620b6,opportunity-score-8ade763620b6,universe-a8e55c76a270,PAPER_OVERRIDE::FYERS_PAPER_PROXY_RESEARCH,"{""reason"": ""Portfolio no-trade hard veto: 20_instruments_data_invalid, no_candidate_grade_A_or_better"", ""snapshot"": {""components"": {""best_candidate_weakness_risk"": 43.81647997688931, ""calibration_uncertainty_risk"": 75.0, ""cross_instrument_market_hostility"": 25.78279741234965, ""data_breadth_risk"": 100.0, ""event_gap_system_risk"": 0.0, ""liquidity_breadth_risk"": 100.0, ""recent_loss_psychology_risk"": 0.0}, ""enabled"": true, ""hard_vetoes"": [""20_instruments_data_invalid"", ""no_candidate_grade_A_or_better""], ""score"": 49.860679476692255, ""shutdown_above"": 70.0, ""status"": ""BLOCKED"", ""timestamp"": ""2026-08-18T11:17:01.407368+05:30""}}"
20260818111718388366-153,2026-08-18T11:17:18.388366+05:30,PORTFOLIO_NO_TRADE_BLOCK,20260818_102607,,,,,,INDEX:,portfolio_no_trade_engine,paper-strategy-8ade763620b6,opportunity-score-8ade763620b6,universe-a8e55c76a270,PAPER_OVERRIDE::FYERS_PAPER_PROXY_RESEARCH,"{""reason"": ""Portfolio no-trade hard veto: 19_instruments_data_invalid, no_candidate_grade_A_or_better"", ""snapshot"": {""components"": {""best_candidate_weakness_risk"": 53.44723924298084, ""calibration_uncertainty_risk"": 78.94736842105263, ""cross_instrument_market_hostility"": 26.532054238436654, ""data_breadth_risk"": 100.0, ""event_gap_system_risk"": 0.0, ""liquidity_breadth_risk"": 100.0, ""recent_loss_psychology_risk"": 0.0}, ""enabled"": true, ""hard_vetoes"": [""19_instruments_data_invalid"", ""no_candidate_grade_A_or_better""], ""score"": 52.615589079485176, ""shutdown_above"": 70.0, ""status"": ""BLOCKED"", ""timestamp"": ""2026-08-18T11:17:18.388366+05:30""}}"
20260818111731081442-154,2026-08-18T11:17:31.081442+05:30,PORTFOLIO_NO_TRADE_BLOCK,20260818_102607,,,,,,INDEX:,portfolio_no_trade_engine,paper-strategy-8ade763620b6,opportunity-score-8ade763620b6,universe-a8e55c76a270,PAPER_OVERRIDE::FYERS_PAPER_PROXY_RESEARCH,"{""reason"": ""Portfolio no-trade hard veto: 21_instruments_data_invalid, no_candidate_grade_A_or_better"", ""snapshot"": {""components"": {""best_candidate_weakness_risk"": 52.57931882968235, ""calibration_uncertainty_risk"": 71.42857142857143, ""cross_instrument_market_hostility"": 25.467207794863228, ""data_breadth_risk"": 100.0, ""event_gap_system_risk"": 0.0, ""liquidity_breadth_risk"": 100.0, ""recent_loss_psychology_risk"": 0.0}, ""enabled"": true, ""hard_vetoes"": [""21_instruments_data_invalid"", ""no_candidate_grade_A_or_better""], ""score"": 51.8096998378218, ""shutdown_above"": 70.0, ""status"": ""BLOCKED"", ""timestamp"": ""2026-08-18T11:17:31.081442+05:30""}}"
20260818111748288030-155,2026-08-18T11:17:48.288030+05:30,PORTFOLIO_NO_TRADE_BLOCK,20260818_102607,,,,,,INDEX:,portfolio_no_trade_engine,paper-strategy-8ade763620b6,opportunity-score-8ade763620b6,universe-a8e55c76a270,PAPER_OVERRIDE::FYERS_PAPER_PROXY_RESEARCH,"{""reason"": ""Portfolio no-trade hard veto: 16_instruments_data_invalid, no_candidate_grade_A_or_better"", ""snapshot"": {""components"": {""best_candidate_weakness_risk"": 52.27937174610439, ""calibration_uncertainty_risk"": 56.25, ""cross_instrument_market_hostility"": 23.73148699900895, ""data_breadth_risk"": 100.0, ""event_gap_system_risk"": 0.0, ""liquidity_breadth_risk"": 100.0, ""recent_loss_psychology_risk"": 0.0}, ""enabled"": true, ""hard_vetoes"": [""16_instruments_data_invalid"", ""no_candidate_grade_A_or_better""], ""score"": 50.62864033632789, ""shutdown_above"": 70.0, ""status"": ""BLOCKED"", ""timestamp"": ""2026-08-18T11:17:48.288030+05:30""}}"
20260818111801518970-156,2026-08-18T11:18:01.518970+05:30,PORTFOLIO_NO_TRADE_BLOCK,20260818_102607,,,,,,INDEX:,portfolio_no_trade_engine,paper-strategy-8ade763620b6,opportunity-score-8ade763620b6,universe-a8e55c76a270,PAPER_OVERRIDE::FYERS_PAPER_PROXY_RESEARCH,"{""reason"": ""Portfolio no-trade hard veto: 16_instruments_data_invalid, no_candidate_grade_A_or_better"", ""snapshot"": {""components"": {""best_candidate_weakness_risk"": 53.33097671752991, ""calibration_uncertainty_risk"": 62.5, ""cross_instrument_market_hostility"": 24.103301161750785, ""data_breadth_risk"": 100.0, ""event_gap_system_risk"": 0.0, ""liquidity_breadth_risk"": 100.0, ""recent_loss_psychology_risk"": 0.0}, ""enabled"": true, ""hard_vetoes"": [""16_instruments_data_invalid"", ""no_candidate_grade_A_or_better""], ""score"": 51.27840441173264, ""shutdown_above"": 70.0, ""status"": ""BLOCKED"", ""timestamp"": ""2026-08-18T11:18:01.518970+05:30""}}"
20260818111814290227-157,2026-08-18T11:18:14.290227+05:30,PORTFOLIO_NO_TRADE_BLOCK,20260818_102607,,,,,,INDEX:,portfolio_no_trade_engine,paper-strategy-8ade763620b6,opportunity-score-8ade763620b6,universe-a8e55c76a270,PAPER_OVERRIDE::FYERS_PAPER_PROXY_RESEARCH,"{""reason"": ""Portfolio no-trade hard veto: 15_instruments_data_invalid, no_candidate_grade_A_or_better"", ""snapshot"": {""components"": {""best_candidate_weakness_risk"": 53.33111663446231, ""calibration_uncertainty_risk"": 66.66666666666667, ""cross_instrument_market_hostility"": 24.354516895601698, ""data_breadth_risk"": 100.0, ""event_gap_system_risk"": 0.0, ""liquidity_breadth_risk"": 100.0, ""recent_loss_psychology_risk"": 0.0}, ""enabled"": true, ""hard_vetoes"": [""15_instruments_data_invalid"", ""no_candidate_grade_A_or_better""], ""score"": 51.53701587106925, ""shutdown_above"": 70.0, ""status"": ""BLOCKED"", ""timestamp"": ""2026-08-18T11:18:14.290227+05:30""}}"
20260818111830412495-158,2026-08-18T11:18:30.412495+05:30,PORTFOLIO_NO_TRADE_BLOCK,20260818_102607,,,,,,INDEX:,portfolio_no_trade_engine,paper-strategy-8ade763620b6,opportunity-score-8ade763620b6,universe-a8e55c76a270,PAPER_OVERRIDE::FYERS_PAPER_PROXY_RESEARCH,"{""reason"": ""Portfolio no-trade hard veto: 14_instruments_data_invalid, no_candidate_grade_A_or_better"", ""snapshot"": {""components"": {""best_candidate_weakness_risk"": 51.30023414248684, ""calibration_uncertainty_risk"": 57.142857142857146, ""cross_instrument_market_hostility"": 24.037992055761688, ""data_breadth_risk"": 100.0, ""event_gap_system_risk"": 0.0, ""liquidity_breadth_risk"": 100.0, ""recent_loss_psychology_risk"": 0.0}, ""enabled"": true, ""hard_vetoes"": [""14_instruments_data_invalid"", ""no_candidate_grade_A_or_better""], ""score"": 50.48979980391691, ""shutdown_above"": 70.0, ""status"": ""BLOCKED"", ""timestamp"": ""2026-08-18T11:18:30.412495+05:30""}}"
20260818111843519371-159,2026-08-18T11:18:43.519371+05:30,PORTFOLIO_NO_TRADE_BLOCK,20260818_102607,,,,,,INDEX:,portfolio_no_trade_engine,paper-strategy-8ade763620b6,opportunity-score-8ade763620b6,universe-a8e55c76a270,PAPER_OVERRIDE::FYERS_PAPER_PROXY_RESEARCH,"{""reason"": ""Portfolio no-trade hard veto: 15_instruments_data_invalid, no_candidate_grade_A_or_better"", ""snapshot"": {""components"": {""best_candidate_weakness_risk"": 51.30031876045938, ""calibration_uncertainty_risk"": 60.0, ""cross_instrument_market_hostility"": 23.9900418189246, ""data_breadth_risk"": 100.0, ""event_gap_system_risk"": 0.0, ""liquidity_breadth_risk"": 100.0, ""recent_loss_psychology_risk"": 0.0}, ""enabled"": true, ""hard_vetoes"": [""15_instruments_data_invalid"", ""no_candidate_grade_A_or_better""], ""score"": 50.623088053899764, ""shutdown_above"": 70.0, ""status"": ""BLOCKED"", ""timestamp"": ""2026-08-18T11:18:43.519371+05:30""}}"
20260818111913105572-160,2026-08-18T11:19:13.105572+05:30,INCIDENT_ENTRY_BLOCK,20260818_102607,,,,,,INDEX:,incident_guard,paper-strategy-8ade763620b6,opportunity-score-8ade763620b6,universe-a8e55c76a270,PAPER_OVERRIDE::FYERS_PAPER_PROXY_RESEARCH,"{""reason"": ""Cycle failure: OptionChainParseError: Missing CE at strike 4080.0; reconnect stabilization in progress""}"
20260818111925164835-161,2026-08-18T11:19:25.164835+05:30,INCIDENT_ENTRY_BLOCK,20260818_102607,,,,,,INDEX:,incident_guard,paper-strategy-8ade763620b6,opportunity-score-8ade763620b6,universe-a8e55c76a270,PAPER_OVERRIDE::FYERS_PAPER_PROXY_RESEARCH,"{""reason"": ""Cycle failure: OptionChainParseError: Missing CE at strike 4080.0; reconnect stabilization in progress""}"
20260818111952791277-162,2026-08-18T11:19:52.791277+05:30,INCIDENT_ENTRY_BLOCK,20260818_102607,,,,,,INDEX:,incident_guard,paper-strategy-8ade763620b6,opportunity-score-8ade763620b6,universe-a8e55c76a270,PAPER_OVERRIDE::FYERS_PAPER_PROXY_RESEARCH,"{""reason"": ""Cycle failure: OptionChainParseError: Missing CE at strike 4080.0; reconnect stabilization in progress""}"
20260818112009352320-163,2026-08-18T11:20:09.352320+05:30,INCIDENT_ENTRY_BLOCK,20260818_102607,,,,,,INDEX:,incident_guard,paper-strategy-8ade763620b6,opportunity-score-8ade763620b6,universe-a8e55c76a270,PAPER_OVERRIDE::FYERS_PAPER_PROXY_RESEARCH,"{""reason"": ""Cycle failure: OptionChainParseError: Missing CE at strike 4080.0; reconnect stabilization in progress""}"
20260818112022131326-164,2026-08-18T11:20:22.131326+05:30,PORTFOLIO_NO_TRADE_BLOCK,20260818_102607,,,,,,INDEX:,portfolio_no_trade_engine,paper-strategy-8ade763620b6,opportunity-score-8ade763620b6,universe-a8e55c76a270,PAPER_OVERRIDE::FYERS_PAPER_PROXY_RESEARCH,"{""reason"": ""Portfolio no-trade hard veto: 28_instruments_data_invalid, no_candidate_grade_A_or_better"", ""snapshot"": {""components"": {""best_candidate_weakness_risk"": 49.808058135966675, ""calibration_uncertainty_risk"": 75.0, ""cross_instrument_market_hostility"": 24.26005403953051, ""data_breadth_risk"": 100.0, ""event_gap_system_risk"": 0.0, ""liquidity_breadth_risk"": 100.0, ""recent_loss_psychology_risk"": 0.0}, ""enabled"": true, ""hard_vetoes"": [""28_instruments_data_invalid"", ""no_candidate_grade_A_or_better""], ""score"": 51.05402534189777, ""shutdown_above"": 70.0, ""status"": ""BLOCKED"", ""timestamp"": ""2026-08-18T11:20:22.131326+05:30""}}"
20260818112035746783-165,2026-08-18T11:20:35.746783+05:30,PORTFOLIO_NO_TRADE_BLOCK,20260818_102607,,,,,,INDEX:,portfolio_no_trade_engine,paper-strategy-8ade763620b6,opportunity-score-8ade763620b6,universe-a8e55c76a270,PAPER_OVERRIDE::FYERS_PAPER_PROXY_RESEARCH,"{""reason"": ""Portfolio no-trade hard veto: 24_instruments_data_invalid, no_candidate_grade_A_or_better"", ""snapshot"": {""components"": {""best_candidate_weakness_risk"": 49.80811655235701, ""calibration_uncertainty_risk"": 75.0, ""cross_instrument_market_hostility"": 24.191653870693873, ""data_breadth_risk"": 100.0, ""event_gap_system_risk"": 0.0, ""liquidity_breadth_risk"": 100.0, ""recent_loss_psychology_risk"": 0.0}, ""enabled"": true, ""hard_vetoes"": [""24_instruments_data_invalid"", ""no_candidate_grade_A_or_better""], ""score"": 51.04035991222803, ""shutdown_above"": 70.0, ""status"": ""BLOCKED"", ""timestamp"": ""2026-08-18T11:20:35.746783+05:30""}}"
20260818112052829873-166,2026-08-18T11:20:52.829873+05:30,PORTFOLIO_NO_TRADE_BLOCK,20260818_102607,,,,,,INDEX:,portfolio_no_trade_engine,paper-strategy-8ade763620b6,opportunity-score-8ade763620b6,universe-a8e55c76a270,PAPER_OVERRIDE::FYERS_PAPER_PROXY_RESEARCH,"{""reason"": ""Portfolio no-trade hard veto: 22_instruments_data_invalid, no_candidate_grade_A_or_better"", ""snapshot"": {""components"": {""best_candidate_weakness_risk"": 49.67939547030421, ""calibration_uncertainty_risk"": 72.72727272727273, ""cross_instrument_market_hostility"": 23.830589454084485, ""data_breadth_risk"": 100.0, ""event_gap_system_risk"": 0.0, ""liquidity_breadth_risk"": 100.0, ""recent_loss_psychology_risk"": 0.0}, ""enabled"": true, ""hard_vetoes"": [""22_instruments_data_invalid"", ""no_candidate_grade_A_or_better""], ""score"": 50.82233039475659, ""shutdown_above"": 70.0, ""status"": ""BLOCKED"", ""timestamp"": ""2026-08-18T11:20:52.829873+05:30""}}"
20260818112123903018-167,2026-08-18T11:21:23.903018+05:30,INCIDENT_ENTRY_BLOCK,20260818_102607,,,,,,INDEX:,incident_guard,paper-strategy-8ade763620b6,opportunity-score-8ade763620b6,universe-a8e55c76a270,PAPER_OVERRIDE::FYERS_PAPER_PROXY_RESEARCH,"{""reason"": ""Cycle failure: OptionChainParseError: Missing PE at strike 2960.0; reconnect stabilization in progress""}"
20260818112136361352-168,2026-08-18T11:21:36.361352+05:30,INCIDENT_ENTRY_BLOCK,20260818_102607,,,,,,INDEX:,incident_guard,paper-strategy-8ade763620b6,opportunity-score-8ade763620b6,universe-a8e55c76a270,PAPER_OVERRIDE::FYERS_PAPER_PROXY_RESEARCH,"{""reason"": ""Cycle failure: OptionChainParseError: Missing PE at strike 2960.0; reconnect stabilization in progress""}"
20260818112213398080-169,2026-08-18T11:22:13.398080+05:30,INCIDENT_ENTRY_BLOCK,20260818_102607,,,,,,INDEX:,incident_guard,paper-strategy-8ade763620b6,opportunity-score-8ade763620b6,universe-a8e55c76a270,PAPER_OVERRIDE::FYERS_PAPER_PROXY_RESEARCH,"{""reason"": ""Cycle failure: OptionChainParseError: Missing PE at strike 2960.0; reconnect stabilization in progress""}"
20260818112243252004-170,2026-08-18T11:22:43.252004+05:30,INCIDENT_ENTRY_BLOCK,20260818_102607,,,,,,INDEX:,incident_guard,paper-strategy-8ade763620b6,opportunity-score-8ade763620b6,universe-a8e55c76a270,PAPER_OVERRIDE::FYERS_PAPER_PROXY_RESEARCH,"{""reason"": ""Cycle failure: OptionChainParseError: Missing CE at strike 3040.0; reconnect stabilization in progress""}"
20260818112255284725-171,2026-08-18T11:22:55.284725+05:30,INCIDENT_ENTRY_BLOCK,20260818_102607,,,,,,INDEX:,incident_guard,paper-strategy-8ade763620b6,opportunity-score-8ade763620b6,universe-a8e55c76a270,PAPER_OVERRIDE::FYERS_PAPER_PROXY_RESEARCH,"{""reason"": ""Cycle failure: OptionChainParseError: Missing CE at strike 3040.0; reconnect stabilization in progress""}"
20260818112323914134-172,2026-08-18T11:23:23.914134+05:30,INCIDENT_ENTRY_BLOCK,20260818_102607,,,,,,INDEX:,incident_guard,paper-strategy-8ade763620b6,opportunity-score-8ade763620b6,universe-a8e55c76a270,PAPER_OVERRIDE::FYERS_PAPER_PROXY_RESEARCH,"{""reason"": ""Cycle failure: OptionChainParseError: Missing CE at strike 3040.0; reconnect stabilization in progress""}"
20260818112340940770-173,2026-08-18T11:23:40.940770+05:30,INCIDENT_ENTRY_BLOCK,20260818_102607,,,,,,INDEX:,incident_guard,paper-strategy-8ade763620b6,opportunity-score-8ade763620b6,universe-a8e55c76a270,PAPER_OVERRIDE::FYERS_PAPER_PROXY_RESEARCH,"{""reason"": ""Cycle failure: OptionChainParseError: Missing CE at strike 3040.0; reconnect stabilization in progress""}"
20260818112352788174-174,2026-08-18T11:23:52.788174+05:30,PORTFOLIO_NO_TRADE_BLOCK,20260818_102607,,,,,,INDEX:,portfolio_no_trade_engine,paper-strategy-8ade763620b6,opportunity-score-8ade763620b6,universe-a8e55c76a270,PAPER_OVERRIDE::FYERS_PAPER_PROXY_RESEARCH,"{""reason"": ""Portfolio no-trade hard veto: 20_instruments_data_invalid, no_candidate_grade_A_or_better"", ""snapshot"": {""components"": {""best_candidate_weakness_risk"": 51.02900875926714, ""calibration_uncertainty_risk"": 80.0, ""cross_instrument_market_hostility"": 26.629209324179413, ""data_breadth_risk"": 100.0, ""event_gap_system_risk"": 0.0, ""liquidity_breadth_risk"": 100.0, ""recent_loss_psychology_risk"": 0.0}, ""enabled"": true, ""hard_vetoes"": [""20_instruments_data_invalid"", ""no_candidate_grade_A_or_better""], ""score"": 52.08309405465267, ""shutdown_above"": 70.0, ""status"": ""BLOCKED"", ""timestamp"": ""2026-08-18T11:23:52.788174+05:30""}}"
20260818112406477714-175,2026-08-18T11:24:06.477714+05:30,PORTFOLIO_NO_TRADE_BLOCK,20260818_102607,,,,,,INDEX:,portfolio_no_trade_engine,paper-strategy-8ade763620b6,opportunity-score-8ade763620b6,universe-a8e55c76a270,PAPER_OVERRIDE::FYERS_PAPER_PROXY_RESEARCH,"{""reason"": ""Portfolio no-trade hard veto: 21_instruments_data_invalid, no_candidate_grade_A_or_better"", ""snapshot"": {""components"": {""best_candidate_weakness_risk"": 40.83944924611157, ""calibration_uncertainty_risk"": 76.19047619047619, ""cross_instrument_market_hostility"": 26.418864656451213, ""data_breadth_risk"": 100.0, ""event_gap_system_risk"": 0.0, ""liquidity_breadth_risk"": 100.0, ""recent_loss_psychology_risk"": 0.0}, ""enabled"": true, ""hard_vetoes"": [""21_instruments_data_invalid"", ""no_candidate_grade_A_or_better""], ""score"": 49.30315905234195, ""shutdown_above"": 70.0, ""status"": ""BLOCKED"", ""timestamp"": ""2026-08-18T11:24:06.477714+05:30""}}"
20260818112425081440-176,2026-08-18T11:24:25.081440+05:30,PORTFOLIO_NO_TRADE_BLOCK,20260818_102607,,,,,,INDEX:,portfolio_no_trade_engine,paper-strategy-8ade763620b6,opportunity-score-8ade763620b6,universe-a8e55c76a270,PAPER_OVERRIDE::FYERS_PAPER_PROXY_RESEARCH,"{""reason"": ""Portfolio no-trade hard veto: 19_instruments_data_invalid, no_candidate_grade_A_or_better"", ""snapshot"": {""components"": {""best_candidate_weakness_risk"": 47.90749020242596, ""calibration_uncertainty_risk"": 78.94736842105263, ""cross_instrument_market_hostility"": 26.68565849190841, ""data_breadth_risk"": 100.0, ""event_gap_system_risk"": 0.0, ""liquidity_breadth_risk"": 100.0, ""recent_loss_psychology_risk"": 0.0}, ""enabled"": true, ""hard_vetoes"": [""19_instruments_data_invalid"", ""no_candidate_grade_A_or_better""], ""score"": 51.2613726700408, ""shutdown_above"": 70.0, ""status"": ""BLOCKED"", ""timestamp"": ""2026-08-18T11:24:25.081440+05:30""}}"
20260818112445450671-177,2026-08-18T11:24:45.450671+05:30,PORTFOLIO_NO_TRADE_BLOCK,20260818_102607,,,,,,INDEX:,portfolio_no_trade_engine,paper-strategy-8ade763620b6,opportunity-score-8ade763620b6,universe-a8e55c76a270,PAPER_OVERRIDE::FYERS_PAPER_PROXY_RESEARCH,"{""reason"": ""Portfolio no-trade hard veto: 20_instruments_data_invalid, no_candidate_grade_A_or_better"", ""snapshot"": {""components"": {""best_candidate_weakness_risk"": 42.01541006582428, ""calibration_uncertainty_risk"": 75.0, ""cross_instrument_market_hostility"": 25.580609839999664, ""data_breadth_risk"": 100.0, ""event_gap_system_risk"": 0.0, ""liquidity_breadth_risk"": 100.0, ""recent_loss_psychology_risk"": 0.0}, ""enabled"": true, ""hard_vetoes"": [""20_instruments_data_invalid"", ""no_candidate_grade_A_or_better""], ""score"": 49.369974484456, ""shutdown_above"": 70.0, ""status"": ""BLOCKED"", ""timestamp"": ""2026-08-18T11:24:45.450671+05:30""}}"
20260818112458731769-178,2026-08-18T11:24:58.731769+05:30,PORTFOLIO_NO_TRADE_BLOCK,20260818_102607,,,,,,INDEX:,portfolio_no_trade_engine,paper-strategy-8ade763620b6,opportunity-score-8ade763620b6,universe-a8e55c76a270,PAPER_OVERRIDE::FYERS_PAPER_PROXY_RESEARCH,"{""reason"": ""Portfolio no-trade hard veto: 17_instruments_data_invalid, no_candidate_grade_A_or_better"", ""snapshot"": {""components"": {""best_candidate_weakness_risk"": 45.69574492642619, ""calibration_uncertainty_risk"": 70.58823529411765, ""cross_instrument_market_hostility"": 24.989245686584933, ""data_breadth_risk"": 100.0, ""event_gap_system_risk"": 0.0, ""liquidity_breadth_risk"": 100.0, ""recent_loss_psychology_risk"": 0.0}, ""enabled"": true, ""hard_vetoes"": [""17_instruments_data_invalid"", ""no_candidate_grade_A_or_better""], ""score"": 49.95119713362942, ""shutdown_above"": 70.0, ""status"": ""BLOCKED"", ""timestamp"": ""2026-08-18T11:24:58.731769+05:30""}}"
20260818112511686588-179,2026-08-18T11:25:11.686588+05:30,PORTFOLIO_NO_TRADE_BLOCK,20260818_102607,,,,,,INDEX:,portfolio_no_trade_engine,paper-strategy-8ade763620b6,opportunity-score-8ade763620b6,universe-a8e55c76a270,PAPER_OVERRIDE::FYERS_PAPER_PROXY_RESEARCH,"{""reason"": ""Portfolio no-trade hard veto: 18_instruments_data_invalid, no_candidate_grade_A_or_better"", ""snapshot"": {""components"": {""best_candidate_weakness_risk"": 45.695657835770916, ""calibration_uncertainty_risk"": 72.22222222222223, ""cross_instrument_market_hostility"": 25.795478163943674, ""data_breadth_risk"": 100.0, ""event_gap_system_risk"": 0.0, ""liquidity_breadth_risk"": 100.0, ""recent_loss_psychology_risk"": 0.0}, ""enabled"": true, ""hard_vetoes"": [""18_instruments_data_invalid"", ""no_candidate_grade_A_or_better""], ""score"": 50.19412120284258, ""shutdown_above"": 70.0, ""status"": ""BLOCKED"", ""timestamp"": ""2026-08-18T11:25:11.686588+05:30""}}"
20260818112528043110-180,2026-08-18T11:25:28.043110+05:30,PORTFOLIO_NO_TRADE_BLOCK,20260818_102607,,,,,,INDEX:,portfolio_no_trade_engine,paper-strategy-8ade763620b6,opportunity-score-8ade763620b6,universe-a8e55c76a270,PAPER_OVERRIDE::FYERS_PAPER_PROXY_RESEARCH,"{""reason"": ""Portfolio no-trade hard veto: 19_instruments_data_invalid, no_candidate_grade_A_or_better"", ""snapshot"": {""components"": {""best_candidate_weakness_risk"": 41.71550199051557, ""calibration_uncertainty_risk"": 68.42105263157895, ""cross_instrument_market_hostility"": 26.08960752616325, ""data_breadth_risk"": 100.0, ""event_gap_system_risk"": 0.0, ""liquidity_breadth_risk"": 100.0, ""recent_loss_psychology_risk"": 0.0}, ""enabled"": true, ""hard_vetoes"": [""19_instruments_data_invalid"", ""no_candidate_grade_A_or_better""], ""score"": 49.06784963444049, ""shutdown_above"": 70.0, ""status"": ""BLOCKED"", ""timestamp"": ""2026-08-18T11:25:28.043110+05:30""}}"
20260818112546502402-181,2026-08-18T11:25:46.502402+05:30,PORTFOLIO_NO_TRADE_BLOCK,20260818_102607,,,,,,INDEX:,portfolio_no_trade_engine,paper-strategy-8ade763620b6,opportunity-score-8ade763620b6,universe-a8e55c76a270,PAPER_OVERRIDE::FYERS_PAPER_PROXY_RESEARCH,"{""reason"": ""Portfolio no-trade hard veto: 18_instruments_data_invalid, no_candidate_grade_A_or_better"", ""snapshot"": {""components"": {""best_candidate_weakness_risk"": 45.82860684195116, ""calibration_uncertainty_risk"": 72.22222222222223, ""cross_instrument_market_hostility"": 25.13234527700492, ""data_breadth_risk"": 100.0, ""event_gap_system_risk"": 0.0, ""liquidity_breadth_risk"": 100.0, ""recent_loss_psychology_risk"": 0.0}, ""enabled"": true, ""hard_vetoes"": [""18_instruments_data_invalid"", ""no_candidate_grade_A_or_better""], ""score"": 50.09473187699989, ""shutdown_above"": 70.0, ""status"": ""BLOCKED"", ""timestamp"": ""2026-08-18T11:25:46.502402+05:30""}}"
20260818112600995841-182,2026-08-18T11:26:00.995841+05:30,PORTFOLIO_NO_TRADE_BLOCK,20260818_102607,,,,,,INDEX:,portfolio_no_trade_engine,paper-strategy-8ade763620b6,opportunity-score-8ade763620b6,universe-a8e55c76a270,PAPER_OVERRIDE::FYERS_PAPER_PROXY_RESEARCH,"{""reason"": ""Portfolio no-trade hard veto: 18_instruments_data_invalid, no_candidate_grade_A_or_better"", ""snapshot"": {""components"": {""best_candidate_weakness_risk"": 48.780627604555605, ""calibration_uncertainty_risk"": 66.66666666666667, ""cross_instrument_market_hostility"": 24.19128615718334, ""data_breadth_risk"": 100.0, ""event_gap_system_risk"": 0.0, ""liquidity_breadth_risk"": 100.0, ""recent_loss_psychology_risk"": 0.0}, ""enabled"": true, ""hard_vetoes"": [""18_instruments_data_invalid"", ""no_candidate_grade_A_or_better""], ""score"": 50.36674746590891, ""shutdown_above"": 70.0, ""status"": ""BLOCKED"", ""timestamp"": ""2026-08-18T11:26:00.995841+05:30""}}"
20260818112615354414-183,2026-08-18T11:26:15.354414+05:30,PORTFOLIO_NO_TRADE_BLOCK,20260818_102607,,,,,,INDEX:,portfolio_no_trade_engine,paper-strategy-8ade763620b6,opportunity-score-8ade763620b6,universe-a8e55c76a270,PAPER_OVERRIDE::FYERS_PAPER_PROXY_RESEARCH,"{""reason"": ""Portfolio no-trade hard veto: 17_instruments_data_invalid, no_candidate_grade_A_or_better"", ""snapshot"": {""components"": {""best_candidate_weakness_risk"": 48.780627604555605, ""calibration_uncertainty_risk"": 64.70588235294117, ""cross_instrument_market_hostility"": 24.006272967822785, ""data_breadth_risk"": 100.0, ""event_gap_system_risk"": 0.0, ""liquidity_breadth_risk"": 100.0, ""recent_loss_psychology_risk"": 0.0}, ""enabled"": true, ""hard_vetoes"": [""17_instruments_data_invalid"", ""no_candidate_grade_A_or_better""], ""score"": 50.23170561235052, ""shutdown_above"": 70.0, ""status"": ""BLOCKED"", ""timestamp"": ""2026-08-18T11:26:15.354414+05:30""}}"
20260818112633243368-184,2026-08-18T11:26:33.243368+05:30,PORTFOLIO_NO_TRADE_BLOCK,20260818_102607,,,,,,INDEX:,portfolio_no_trade_engine,paper-strategy-8ade763620b6,opportunity-score-8ade763620b6,universe-a8e55c76a270,PAPER_OVERRIDE::FYERS_PAPER_PROXY_RESEARCH,"{""reason"": ""Portfolio no-trade hard veto: 18_instruments_data_invalid, no_candidate_grade_A_or_better"", ""snapshot"": {""components"": {""best_candidate_weakness_risk"": 42.928623520794545, ""calibration_uncertainty_risk"": 61.111111111111114, ""cross_instrument_market_hostility"": 24.12965986004606, ""data_breadth_risk"": 100.0, ""event_gap_system_risk"": 0.0, ""liquidity_breadth_risk"": 100.0, ""recent_loss_psychology_risk"": 0.0}, ""enabled"": true, ""hard_vetoes"": [""18_instruments_data_invalid"", ""no_candidate_grade_A_or_better""], ""score"": 48.613643407763405, ""shutdown_above"": 70.0, ""status"": ""BLOCKED"", ""timestamp"": ""2026-08-18T11:26:33.243368+05:30""}}"
20260818112705229271-185,2026-08-18T11:27:05.229271+05:30,INCIDENT_ENTRY_BLOCK,20260818_102607,,,,,,INDEX:,incident_guard,paper-strategy-8ade763620b6,opportunity-score-8ade763620b6,universe-a8e55c76a270,PAPER_OVERRIDE::FYERS_PAPER_PROXY_RESEARCH,"{""reason"": ""Cycle failure: OptionChainParseError: Missing CE at strike 4080.0; reconnect stabilization in progress""}"
20260818112717527812-186,2026-08-18T11:27:17.527812+05:30,INCIDENT_ENTRY_BLOCK,20260818_102607,,,,,,INDEX:,incident_guard,paper-strategy-8ade763620b6,opportunity-score-8ade763620b6,universe-a8e55c76a270,PAPER_OVERRIDE::FYERS_PAPER_PROXY_RESEARCH,"{""reason"": ""Cycle failure: OptionChainParseError: Missing CE at strike 4080.0; reconnect stabilization in progress""}"
20260818112745185727-187,2026-08-18T11:27:45.185727+05:30,INCIDENT_ENTRY_BLOCK,20260818_102607,,,,,,INDEX:,incident_guard,paper-strategy-8ade763620b6,opportunity-score-8ade763620b6,universe-a8e55c76a270,PAPER_OVERRIDE::FYERS_PAPER_PROXY_RESEARCH,"{""reason"": ""Cycle failure: OptionChainParseError: Missing CE at strike 4080.0; reconnect stabilization in progress""}"
20260818112805464934-188,2026-08-18T11:28:05.464934+05:30,PORTFOLIO_NO_TRADE_BLOCK,20260818_102607,,,,,,INDEX:,portfolio_no_trade_engine,paper-strategy-8ade763620b6,opportunity-score-8ade763620b6,universe-a8e55c76a270,PAPER_OVERRIDE::FYERS_PAPER_PROXY_RESEARCH,"{""reason"": ""Portfolio no-trade hard veto: 15_instruments_data_invalid, no_candidate_grade_A_or_better"", ""snapshot"": {""components"": {""best_candidate_weakness_risk"": 46.57246846924561, ""calibration_uncertainty_risk"": 80.0, ""cross_instrument_market_hostility"": 25.686255412462785, ""data_breadth_risk"": 100.0, ""event_gap_system_risk"": 0.0, ""liquidity_breadth_risk"": 100.0, ""recent_loss_psychology_risk"": 0.0}, ""enabled"": true, ""hard_vetoes"": [""15_instruments_data_invalid"", ""no_candidate_grade_A_or_better""], ""score"": 50.78036819980396, ""shutdown_above"": 70.0, ""status"": ""BLOCKED"", ""timestamp"": ""2026-08-18T11:28:05.464934+05:30""}}"
20260818112820072884-189,2026-08-18T11:28:20.072884+05:30,PORTFOLIO_NO_TRADE_BLOCK,20260818_102607,,,,,,INDEX:,portfolio_no_trade_engine,paper-strategy-8ade763620b6,opportunity-score-8ade763620b6,universe-a8e55c76a270,PAPER_OVERRIDE::FYERS_PAPER_PROXY_RESEARCH,"{""reason"": ""Portfolio no-trade hard veto: 16_instruments_data_invalid, no_candidate_grade_A_or_better"", ""snapshot"": {""components"": {""best_candidate_weakness_risk"": 46.57256269010764, ""calibration_uncertainty_risk"": 87.5, ""cross_instrument_market_hostility"": 26.727942758014393, ""data_breadth_risk"": 100.0, ""event_gap_system_risk"": 0.0, ""liquidity_breadth_risk"": 100.0, ""recent_loss_psychology_risk"": 0.0}, ""enabled"": true, ""hard_vetoes"": [""16_instruments_data_invalid"", ""no_candidate_grade_A_or_better""], ""score"": 51.363729224129784, ""shutdown_above"": 70.0, ""status"": ""BLOCKED"", ""timestamp"": ""2026-08-18T11:28:20.072884+05:30""}}"
20260818112837410397-190,2026-08-18T11:28:37.410397+05:30,PORTFOLIO_NO_TRADE_BLOCK,20260818_102607,,,,,,INDEX:,portfolio_no_trade_engine,paper-strategy-8ade763620b6,opportunity-score-8ade763620b6,universe-a8e55c76a270,PAPER_OVERRIDE::FYERS_PAPER_PROXY_RESEARCH,"{""reason"": ""Portfolio no-trade hard veto: 16_instruments_data_invalid, no_candidate_grade_A_or_better"", ""snapshot"": {""components"": {""best_candidate_weakness_risk"": 41.2798372046569, ""calibration_uncertainty_risk"": 81.25, ""cross_instrument_market_hostility"": 26.0337441204915, ""data_breadth_risk"": 100.0, ""event_gap_system_risk"": 0.0, ""liquidity_breadth_risk"": 100.0, ""recent_loss_psychology_risk"": 0.0}, ""enabled"": true, ""hard_vetoes"": [""16_instruments_data_invalid"", ""no_candidate_grade_A_or_better""], ""score"": 49.58920812526253, ""shutdown_above"": 70.0, ""status"": ""BLOCKED"", ""timestamp"": ""2026-08-18T11:28:37.410397+05:30""}}"
20260818112850693176-191,2026-08-18T11:28:50.693176+05:30,PORTFOLIO_NO_TRADE_BLOCK,20260818_102607,,,,,,INDEX:,portfolio_no_trade_engine,paper-strategy-8ade763620b6,opportunity-score-8ade763620b6,universe-a8e55c76a270,PAPER_OVERRIDE::FYERS_PAPER_PROXY_RESEARCH,"{""reason"": ""Portfolio no-trade hard veto: 15_instruments_data_invalid, no_candidate_grade_A_or_better"", ""snapshot"": {""components"": {""best_candidate_weakness_risk"": 41.279868034337696, ""calibration_uncertainty_risk"": 86.66666666666667, ""cross_instrument_market_hostility"": 26.37566602911081, ""data_breadth_risk"": 100.0, ""event_gap_system_risk"": 0.0, ""liquidity_breadth_risk"": 100.0, ""recent_loss_psychology_risk"": 0.0}, ""enabled"": true, ""hard_vetoes"": [""15_instruments_data_invalid"", ""no_candidate_grade_A_or_better""], ""score"": 49.92843354773992, ""shutdown_above"": 70.0, ""status"": ""BLOCKED"", ""timestamp"": ""2026-08-18T11:28:50.693176+05:30""}}"
20260818112921210286-192,2026-08-18T11:29:21.210286+05:30,INCIDENT_ENTRY_BLOCK,20260818_102607,,,,,,INDEX:,incident_guard,paper-strategy-8ade763620b6,opportunity-score-8ade763620b6,universe-a8e55c76a270,PAPER_OVERRIDE::FYERS_PAPER_PROXY_RESEARCH,"{""reason"": ""Cycle failure: OptionChainParseError: Missing PE at strike 2960.0; reconnect stabilization in progress""}"
20260818112933779637-193,2026-08-18T11:29:33.779637+05:30,INCIDENT_ENTRY_BLOCK,20260818_102607,,,,,,INDEX:,incident_guard,paper-strategy-8ade763620b6,opportunity-score-8ade763620b6,universe-a8e55c76a270,PAPER_OVERRIDE::FYERS_PAPER_PROXY_RESEARCH,"{""reason"": ""Cycle failure: OptionChainParseError: Missing PE at strike 2960.0; reconnect stabilization in progress""}"
20260818113002128760-194,2026-08-18T11:30:02.128760+05:30,INCIDENT_ENTRY_BLOCK,20260818_102607,,,,,,INDEX:,incident_guard,paper-strategy-8ade763620b6,opportunity-score-8ade763620b6,universe-a8e55c76a270,PAPER_OVERRIDE::FYERS_PAPER_PROXY_RESEARCH,"{""reason"": ""Cycle failure: OptionChainParseError: Missing PE at strike 2960.0; reconnect stabilization in progress""}"
20260818113019663334-195,2026-08-18T11:30:19.663334+05:30,INCIDENT_ENTRY_BLOCK,20260818_102607,,,,,,INDEX:,incident_guard,paper-strategy-8ade763620b6,opportunity-score-8ade763620b6,universe-a8e55c76a270,PAPER_OVERRIDE::FYERS_PAPER_PROXY_RESEARCH,"{""reason"": ""Cycle failure: OptionChainParseError: Missing PE at strike 2960.0; reconnect stabilization in progress""}"
20260818113043504121-196,2026-08-18T11:30:43.504121+05:30,INCIDENT_ENTRY_BLOCK,20260818_102607,,,,,,INDEX:,incident_guard,paper-strategy-8ade763620b6,opportunity-score-8ade763620b6,universe-a8e55c76a270,PAPER_OVERRIDE::FYERS_PAPER_PROXY_RESEARCH,"{""reason"": ""Cycle failure: OptionChainParseError: Missing CE at strike 3040.0; reconnect stabilization in progress""}"
20260818113059590506-197,2026-08-18T11:30:59.590506+05:30,INCIDENT_ENTRY_BLOCK,20260818_102607,,,,,,INDEX:,incident_guard,paper-strategy-8ade763620b6,opportunity-score-8ade763620b6,universe-a8e55c76a270,PAPER_OVERRIDE::FYERS_PAPER_PROXY_RESEARCH,"{""reason"": ""Cycle failure: OptionChainParseError: Missing CE at strike 3040.0; reconnect stabilization in progress""}"
20260818113129785724-198,2026-08-18T11:31:29.785724+05:30,INCIDENT_ENTRY_BLOCK,20260818_102607,,,,,,INDEX:,incident_guard,paper-strategy-8ade763620b6,opportunity-score-8ade763620b6,universe-a8e55c76a270,PAPER_OVERRIDE::FYERS_PAPER_PROXY_RESEARCH,"{""reason"": ""Cycle failure: OptionChainParseError: Missing CE at strike 2960.0; reconnect stabilization in progress""}"
20260818113142214182-199,2026-08-18T11:31:42.214182+05:30,PORTFOLIO_NO_TRADE_BLOCK,20260818_102607,,,,,,INDEX:,portfolio_no_trade_engine,paper-strategy-8ade763620b6,opportunity-score-8ade763620b6,universe-a8e55c76a270,PAPER_OVERRIDE::FYERS_PAPER_PROXY_RESEARCH,"{""reason"": ""Portfolio no-trade hard veto: 23_instruments_data_invalid, no_candidate_grade_A_or_better"", ""snapshot"": {""components"": {""best_candidate_weakness_risk"": 41.202212099630366, ""calibration_uncertainty_risk"": 78.26086956521739, ""cross_instrument_market_hostility"": 25.178635982735447, ""data_breadth_risk"": 100.0, ""event_gap_system_risk"": 0.0, ""liquidity_breadth_risk"": 100.0, ""recent_loss_psychology_risk"": 0.0}, ""enabled"": true, ""hard_vetoes"": [""23_instruments_data_invalid"", ""no_candidate_grade_A_or_better""], ""score"": 49.249323699715546, ""shutdown_above"": 70.0, ""status"": ""BLOCKED"", ""timestamp"": ""2026-08-18T11:31:42.214182+05:30""}}"
20260818113156248391-200,2026-08-18T11:31:56.248391+05:30,PORTFOLIO_NO_TRADE_BLOCK,20260818_102607,,,,,,INDEX:,portfolio_no_trade_engine,paper-strategy-8ade763620b6,opportunity-score-8ade763620b6,universe-a8e55c76a270,PAPER_OVERRIDE::FYERS_PAPER_PROXY_RESEARCH,"{""reason"": ""Portfolio no-trade hard veto: 21_instruments_data_invalid, no_candidate_grade_A_or_better"", ""snapshot"": {""components"": {""best_candidate_weakness_risk"": 50.417226549527385, ""calibration_uncertainty_risk"": 85.71428571428571, ""cross_instrument_market_hostility"": 25.410277493347, ""data_breadth_risk"": 100.0, ""event_gap_system_risk"": 0.0, ""liquidity_breadth_risk"": 100.0, ""recent_loss_psychology_risk"": 0.0}, ""enabled"": true, ""hard_vetoes"": [""21_instruments_data_invalid"", ""no_candidate_grade_A_or_better""], ""score"": 51.97207642176553, ""shutdown_above"": 70.0, ""status"": ""BLOCKED"", ""timestamp"": ""2026-08-18T11:31:56.248391+05:30""}}"
20260818113213498109-201,2026-08-18T11:32:13.498109+05:30,PORTFOLIO_NO_TRADE_BLOCK,20260818_102607,,,,,,INDEX:,portfolio_no_trade_engine,paper-strategy-8ade763620b6,opportunity-score-8ade763620b6,universe-a8e55c76a270,PAPER_OVERRIDE::FYERS_PAPER_PROXY_RESEARCH,"{""reason"": ""Portfolio no-trade hard veto: 22_instruments_data_invalid, no_candidate_grade_A_or_better"", ""snapshot"": {""components"": {""best_candidate_weakness_risk"": 48.43166537734928, ""calibration_uncertainty_risk"": 81.81818181818181, ""cross_instrument_market_hostility"": 25.246742371222123, ""data_breadth_risk"": 100.0, ""event_gap_system_risk"": 0.0, ""liquidity_breadth_risk"": 100.0, ""recent_loss_psychology_risk"": 0.0}, ""enabled"": true, ""hard_vetoes"": [""22_instruments_data_invalid"", ""no_candidate_grade_A_or_better""], ""score"": 51.24817390949084, ""shutdown_above"": 70.0, ""status"": ""BLOCKED"", ""timestamp"": ""2026-08-18T11:32:13.498109+05:30""}}"
20260818113232535918-202,2026-08-18T11:32:32.535918+05:30,PORTFOLIO_NO_TRADE_BLOCK,20260818_102607,,,,,,INDEX:,portfolio_no_trade_engine,paper-strategy-8ade763620b6,opportunity-score-8ade763620b6,universe-a8e55c76a270,PAPER_OVERRIDE::FYERS_PAPER_PROXY_RESEARCH,"{""reason"": ""Portfolio no-trade hard veto: 8_instruments_data_invalid, no_candidate_grade_A_or_better"", ""snapshot"": {""components"": {""best_candidate_weakness_risk"": 48.73168288822573, ""calibration_uncertainty_risk"": 87.5, ""cross_instrument_market_hostility"": 27.784856714289734, ""data_breadth_risk"": 100.0, ""event_gap_system_risk"": 0.0, ""liquidity_breadth_risk"": 100.0, ""recent_loss_psychology_risk"": 0.0}, ""enabled"": true, ""hard_vetoes"": [""8_instruments_data_invalid"", ""no_candidate_grade_A_or_better""], ""score"": 52.11489206491438, ""shutdown_above"": 70.0, ""status"": ""BLOCKED"", ""timestamp"": ""2026-08-18T11:32:32.535918+05:30""}}"
20260818113245607750-203,2026-08-18T11:32:45.607750+05:30,PORTFOLIO_NO_TRADE_BLOCK,20260818_102607,,,,,,INDEX:,portfolio_no_trade_engine,paper-strategy-8ade763620b6,opportunity-score-8ade763620b6,universe-a8e55c76a270,PAPER_OVERRIDE::FYERS_PAPER_PROXY_RESEARCH,"{""reason"": ""Portfolio no-trade hard veto: 14_instruments_data_invalid, no_candidate_grade_A_or_better"", ""snapshot"": {""components"": {""best_candidate_weakness_risk"": 48.53055265321938, ""calibration_uncertainty_risk"": 85.71428571428571, ""cross_instrument_market_hostility"": 25.93964623939515, ""data_breadth_risk"": 100.0, ""event_gap_system_risk"": 0.0, ""liquidity_breadth_risk"": 100.0, ""recent_loss_psychology_risk"": 0.0}, ""enabled"": true, ""hard_vetoes"": [""14_instruments_data_invalid"", ""no_candidate_grade_A_or_better""], ""score"": 51.60628169689816, ""shutdown_above"": 70.0, ""status"": ""BLOCKED"", ""timestamp"": ""2026-08-18T11:32:45.607750+05:30""}}"
20260818113258594279-204,2026-08-18T11:32:58.594279+05:30,PORTFOLIO_NO_TRADE_BLOCK,20260818_102607,,,,,,INDEX:,portfolio_no_trade_engine,paper-strategy-8ade763620b6,opportunity-score-8ade763620b6,universe-a8e55c76a270,PAPER_OVERRIDE::FYERS_PAPER_PROXY_RESEARCH,"{""reason"": ""Portfolio no-trade hard veto: 11_instruments_data_invalid, no_candidate_grade_A_or_better"", ""snapshot"": {""components"": {""best_candidate_weakness_risk"": 48.43159096138272, ""calibration_uncertainty_risk"": 81.81818181818181, ""cross_instrument_market_hostility"": 26.3816598231401, ""data_breadth_risk"": 100.0, ""event_gap_system_risk"": 0.0, ""liquidity_breadth_risk"": 100.0, ""recent_loss_psychology_risk"": 0.0}, ""enabled"": true, ""hard_vetoes"": [""11_instruments_data_invalid"", ""no_candidate_grade_A_or_better""], ""score"": 51.47513879588279, ""shutdown_above"": 70.0, ""status"": ""BLOCKED"", ""timestamp"": ""2026-08-18T11:32:58.594279+05:30""}}"
20260818113315218946-205,2026-08-18T11:33:15.218946+05:30,PORTFOLIO_NO_TRADE_BLOCK,20260818_102607,,,,,,INDEX:,portfolio_no_trade_engine,paper-strategy-8ade763620b6,opportunity-score-8ade763620b6,universe-a8e55c76a270,PAPER_OVERRIDE::FYERS_PAPER_PROXY_RESEARCH,"{""reason"": ""Portfolio no-trade hard veto: 12_instruments_data_invalid, no_candidate_grade_A_or_better"", ""snapshot"": {""components"": {""best_candidate_weakness_risk"": 53.93421140180926, ""calibration_uncertainty_risk"": 66.66666666666667, ""cross_instrument_market_hostility"": 25.586094817915264, ""data_breadth_risk"": 100.0, ""event_gap_system_risk"": 0.0, ""liquidity_breadth_risk"": 100.0, ""recent_loss_psychology_risk"": 0.0}, ""enabled"": true, ""hard_vetoes"": [""12_instruments_data_invalid"", ""no_candidate_grade_A_or_better""], ""score"": 51.934105147368705, ""shutdown_above"": 70.0, ""status"": ""BLOCKED"", ""timestamp"": ""2026-08-18T11:33:15.218946+05:30""}}"
20260818113334274629-206,2026-08-18T11:33:34.274629+05:30,PORTFOLIO_NO_TRADE_BLOCK,20260818_102607,,,,,,INDEX:,portfolio_no_trade_engine,paper-strategy-8ade763620b6,opportunity-score-8ade763620b6,universe-a8e55c76a270,PAPER_OVERRIDE::FYERS_PAPER_PROXY_RESEARCH,"{""reason"": ""Portfolio no-trade hard veto: 18_instruments_data_invalid, no_candidate_grade_A_or_better"", ""snapshot"": {""components"": {""best_candidate_weakness_risk"": 46.989136260944804, ""calibration_uncertainty_risk"": 66.66666666666667, ""cross_instrument_market_hostility"": 23.270778667543887, ""data_breadth_risk"": 100.0, ""event_gap_system_risk"": 0.0, ""liquidity_breadth_risk"": 100.0, ""recent_loss_psychology_risk"": 0.0}, ""enabled"": true, ""hard_vetoes"": [""18_instruments_data_invalid"", ""no_candidate_grade_A_or_better""], ""score"": 49.73477313207831, ""shutdown_above"": 70.0, ""status"": ""BLOCKED"", ""timestamp"": ""2026-08-18T11:33:34.274629+05:30""}}"
20260818113348275626-207,2026-08-18T11:33:48.275626+05:30,PORTFOLIO_NO_TRADE_BLOCK,20260818_102607,,,,,,INDEX:,portfolio_no_trade_engine,paper-strategy-8ade763620b6,opportunity-score-8ade763620b6,universe-a8e55c76a270,PAPER_OVERRIDE::FYERS_PAPER_PROXY_RESEARCH,"{""reason"": ""Portfolio no-trade hard veto: 17_instruments_data_invalid, no_candidate_grade_A_or_better"", ""snapshot"": {""components"": {""best_candidate_weakness_risk"": 53.93429226359255, ""calibration_uncertainty_risk"": 76.47058823529412, ""cross_instrument_market_hostility"": 23.752103257471738, ""data_breadth_risk"": 100.0, ""event_gap_system_risk"": 0.0, ""liquidity_breadth_risk"": 100.0, ""recent_loss_psychology_risk"": 0.0}, ""enabled"": true, ""hard_vetoes"": [""17_instruments_data_invalid"", ""no_candidate_grade_A_or_better""], ""score"": 52.05752312915719, ""shutdown_above"": 70.0, ""status"": ""BLOCKED"", ""timestamp"": ""2026-08-18T11:33:48.275626+05:30""}}"
20260818113401938793-208,2026-08-18T11:34:01.938793+05:30,PORTFOLIO_NO_TRADE_BLOCK,20260818_102607,,,,,,INDEX:,portfolio_no_trade_engine,paper-strategy-8ade763620b6,opportunity-score-8ade763620b6,universe-a8e55c76a270,PAPER_OVERRIDE::FYERS_PAPER_PROXY_RESEARCH,"{""reason"": ""Portfolio no-trade hard veto: 19_instruments_data_invalid, no_candidate_grade_A_or_better"", ""snapshot"": {""components"": {""best_candidate_weakness_risk"": 47.28928467255128, ""calibration_uncertainty_risk"": 84.21052631578948, ""cross_instrument_market_hostility"": 24.12003507750279, ""data_breadth_risk"": 100.0, ""event_gap_system_risk"": 0.0, ""liquidity_breadth_risk"": 100.0, ""recent_loss_psychology_risk"": 0.0}, ""enabled"": true, ""hard_vetoes"": [""19_instruments_data_invalid"", ""no_candidate_grade_A_or_better""], ""score"": 50.856854499427854, ""shutdown_above"": 70.0, ""status"": ""BLOCKED"", ""timestamp"": ""2026-08-18T11:34:01.938793+05:30""}}"
20260818113419194528-209,2026-08-18T11:34:19.194528+05:30,PORTFOLIO_NO_TRADE_BLOCK,20260818_102607,,,,,,INDEX:,portfolio_no_trade_engine,paper-strategy-8ade763620b6,opportunity-score-8ade763620b6,universe-a8e55c76a270,PAPER_OVERRIDE::FYERS_PAPER_PROXY_RESEARCH,"{""reason"": ""Portfolio no-trade hard veto: 17_instruments_data_invalid, no_candidate_grade_A_or_better"", ""snapshot"": {""components"": {""best_candidate_weakness_risk"": 53.78856665461723, ""calibration_uncertainty_risk"": 82.3529411764706, ""cross_instrument_market_hostility"": 23.908421627081637, ""data_breadth_risk"": 100.0, ""event_gap_system_risk"": 0.0, ""liquidity_breadth_risk"": 100.0, ""recent_loss_psychology_risk"": 0.0}, ""enabled"": true, ""hard_vetoes"": [""17_instruments_data_invalid"", ""no_candidate_grade_A_or_better""], ""score"": 52.346473047894165, ""shutdown_above"": 70.0, ""status"": ""BLOCKED"", ""timestamp"": ""2026-08-18T11:34:19.194528+05:30""}}"
20260818113450610169-210,2026-08-18T11:34:50.610169+05:30,INCIDENT_ENTRY_BLOCK,20260818_102607,,,,,,INDEX:,incident_guard,paper-strategy-8ade763620b6,opportunity-score-8ade763620b6,universe-a8e55c76a270,PAPER_OVERRIDE::FYERS_PAPER_PROXY_RESEARCH,"{""reason"": ""Cycle failure: OptionChainParseError: Missing CE at strike 4080.0; reconnect stabilization in progress""}"
20260818113503410009-211,2026-08-18T11:35:03.410009+05:30,INCIDENT_ENTRY_BLOCK,20260818_102607,,,,,,INDEX:,incident_guard,paper-strategy-8ade763620b6,opportunity-score-8ade763620b6,universe-a8e55c76a270,PAPER_OVERRIDE::FYERS_PAPER_PROXY_RESEARCH,"{""reason"": ""Cycle failure: OptionChainParseError: Missing CE at strike 4080.0; reconnect stabilization in progress""}"
20260818113542722068-212,2026-08-18T11:35:42.722068+05:30,INCIDENT_ENTRY_BLOCK,20260818_102607,,,,,,INDEX:,incident_guard,paper-strategy-8ade763620b6,opportunity-score-8ade763620b6,universe-a8e55c76a270,PAPER_OVERRIDE::FYERS_PAPER_PROXY_RESEARCH,"{""reason"": ""Cycle failure: OptionChainParseError: Missing CE at strike 4080.0; reconnect stabilization in progress""}"
20260818113559577421-213,2026-08-18T11:35:59.577421+05:30,PORTFOLIO_NO_TRADE_BLOCK,20260818_102607,,,,,,INDEX:,portfolio_no_trade_engine,paper-strategy-8ade763620b6,opportunity-score-8ade763620b6,universe-a8e55c76a270,PAPER_OVERRIDE::FYERS_PAPER_PROXY_RESEARCH,"{""reason"": ""Portfolio no-trade hard veto: 23_instruments_data_invalid, no_candidate_grade_A_or_better"", ""snapshot"": {""components"": {""best_candidate_weakness_risk"": 49.504831160026534, ""calibration_uncertainty_risk"": 82.6086956521739, ""cross_instrument_market_hostility"": 27.533242025667096, ""data_breadth_risk"": 100.0, ""event_gap_system_risk"": 0.0, ""liquidity_breadth_risk"": 100.0, ""recent_loss_psychology_risk"": 0.0}, ""enabled"": true, ""hard_vetoes"": [""23_instruments_data_invalid"", ""no_candidate_grade_A_or_better""], ""score"": 52.013290977748746, ""shutdown_above"": 70.0, ""status"": ""BLOCKED"", ""timestamp"": ""2026-08-18T11:35:59.577421+05:30""}}"
20260818113613671322-214,2026-08-18T11:36:13.671322+05:30,PORTFOLIO_NO_TRADE_BLOCK,20260818_102607,,,,,,INDEX:,portfolio_no_trade_engine,paper-strategy-8ade763620b6,opportunity-score-8ade763620b6,universe-a8e55c76a270,PAPER_OVERRIDE::FYERS_PAPER_PROXY_RESEARCH,"{""reason"": ""Portfolio no-trade hard veto: 22_instruments_data_invalid, no_candidate_grade_A_or_better"", ""snapshot"": {""components"": {""best_candidate_weakness_risk"": 49.504932578534664, ""calibration_uncertainty_risk"": 81.81818181818181, ""cross_instrument_market_hostility"": 27.356106870572805, ""data_breadth_risk"": 100.0, ""event_gap_system_risk"": 0.0, ""liquidity_breadth_risk"": 100.0, ""recent_loss_psychology_risk"": 0.0}, ""enabled"": true, ""hard_vetoes"": [""22_instruments_data_invalid"", ""no_candidate_grade_A_or_better""], ""score"": 51.93836360965732, ""shutdown_above"": 70.0, ""status"": ""BLOCKED"", ""timestamp"": ""2026-08-18T11:36:13.671322+05:30""}}"
20260818113629914579-215,2026-08-18T11:36:29.914579+05:30,PORTFOLIO_NO_TRADE_BLOCK,20260818_102607,,,,,,INDEX:,portfolio_no_trade_engine,paper-strategy-8ade763620b6,opportunity-score-8ade763620b6,universe-a8e55c76a270,PAPER_OVERRIDE::FYERS_PAPER_PROXY_RESEARCH,"{""reason"": ""Portfolio no-trade hard veto: 19_instruments_data_invalid, no_candidate_grade_A_or_better"", ""snapshot"": {""components"": {""best_candidate_weakness_risk"": 49.50496485120838, ""calibration_uncertainty_risk"": 89.47368421052632, ""cross_instrument_market_hostility"": 28.174287648291518, ""data_breadth_risk"": 100.0, ""event_gap_system_risk"": 0.0, ""liquidity_breadth_risk"": 100.0, ""recent_loss_psychology_risk"": 0.0}, ""enabled"": true, ""hard_vetoes"": [""19_instruments_data_invalid"", ""no_candidate_grade_A_or_better""], ""score"": 52.48478295298671, ""shutdown_above"": 70.0, ""status"": ""BLOCKED"", ""timestamp"": ""2026-08-18T11:36:29.914579+05:30""}}"
20260818113646947232-216,2026-08-18T11:36:46.947232+05:30,PORTFOLIO_NO_TRADE_BLOCK,20260818_102607,,,,,,INDEX:,portfolio_no_trade_engine,paper-strategy-8ade763620b6,opportunity-score-8ade763620b6,universe-a8e55c76a270,PAPER_OVERRIDE::FYERS_PAPER_PROXY_RESEARCH,"{""reason"": ""Portfolio no-trade hard veto: 21_instruments_data_invalid, no_candidate_grade_A_or_better"", ""snapshot"": {""components"": {""best_candidate_weakness_risk"": 52.69683232820897, ""calibration_uncertainty_risk"": 85.71428571428571, ""cross_instrument_market_hostility"": 27.973228437050942, ""data_breadth_risk"": 100.0, ""event_gap_system_risk"": 0.0, ""liquidity_breadth_risk"": 100.0, ""recent_loss_psychology_risk"": 0.0}, ""enabled"": true, ""hard_vetoes"": [""21_instruments_data_invalid"", ""no_candidate_grade_A_or_better""], ""score"": 53.054568055176716, ""shutdown_above"": 70.0, ""status"": ""BLOCKED"", ""timestamp"": ""2026-08-18T11:36:46.947232+05:30""}}"
20260818113718963077-217,2026-08-18T11:37:18.963077+05:30,INCIDENT_ENTRY_BLOCK,20260818_102607,,,,,,INDEX:,incident_guard,paper-strategy-8ade763620b6,opportunity-score-8ade763620b6,universe-a8e55c76a270,PAPER_OVERRIDE::FYERS_PAPER_PROXY_RESEARCH,"{""reason"": ""Cycle failure: OptionChainParseError: Missing PE at strike 2960.0; reconnect stabilization in progress""}"
20260818113733995823-218,2026-08-18T11:37:33.995823+05:30,INCIDENT_ENTRY_BLOCK,20260818_102607,,,,,,INDEX:,incident_guard,paper-strategy-8ade763620b6,opportunity-score-8ade763620b6,universe-a8e55c76a270,PAPER_OVERRIDE::FYERS_PAPER_PROXY_RESEARCH,"{""reason"": ""Cycle failure: OptionChainParseError: Missing PE at strike 2960.0; reconnect stabilization in progress""}"
20260818113812105082-219,2026-08-18T11:38:12.105082+05:30,INCIDENT_ENTRY_BLOCK,20260818_102607,,,,,,INDEX:,incident_guard,paper-strategy-8ade763620b6,opportunity-score-8ade763620b6,universe-a8e55c76a270,PAPER_OVERRIDE::FYERS_PAPER_PROXY_RESEARCH,"{""reason"": ""Cycle failure: OptionChainParseError: Missing PE at strike 2960.0; reconnect stabilization in progress""}"
20260818113838703282-220,2026-08-18T11:38:38.703282+05:30,INCIDENT_ENTRY_BLOCK,20260818_102607,,,,,,INDEX:,incident_guard,paper-strategy-8ade763620b6,opportunity-score-8ade763620b6,universe-a8e55c76a270,PAPER_OVERRIDE::FYERS_PAPER_PROXY_RESEARCH,"{""reason"": ""Cycle failure: OptionChainParseError: Missing CE at strike 3040.0; reconnect stabilization in progress""}"
20260818113852984263-221,2026-08-18T11:38:52.984263+05:30,INCIDENT_ENTRY_BLOCK,20260818_102607,,,,,,INDEX:,incident_guard,paper-strategy-8ade763620b6,opportunity-score-8ade763620b6,universe-a8e55c76a270,PAPER_OVERRIDE::FYERS_PAPER_PROXY_RESEARCH,"{""reason"": ""Cycle failure: OptionChainParseError: Missing CE at strike 3040.0; reconnect stabilization in progress""}"
20260818113910573218-222,2026-08-18T11:39:10.573218+05:30,PORTFOLIO_NO_TRADE_BLOCK,20260818_102607,,,,,,INDEX:,portfolio_no_trade_engine,paper-strategy-8ade763620b6,opportunity-score-8ade763620b6,universe-a8e55c76a270,PAPER_OVERRIDE::FYERS_PAPER_PROXY_RESEARCH,"{""reason"": ""Portfolio no-trade hard veto: 18_instruments_data_invalid, no_candidate_grade_A_or_better"", ""snapshot"": {""components"": {""best_candidate_weakness_risk"": 47.408891466103654, ""calibration_uncertainty_risk"": 77.77777777777777, ""cross_instrument_market_hostility"": 24.618886222266166, ""data_breadth_risk"": 100.0, ""event_gap_system_risk"": 0.0, ""liquidity_breadth_risk"": 100.0, ""recent_loss_psychology_risk"": 0.0}, ""enabled"": true, ""hard_vetoes"": [""18_instruments_data_invalid"", ""no_candidate_grade_A_or_better""], ""score"": 50.66488899986803, ""shutdown_above"": 70.0, ""status"": ""BLOCKED"", ""timestamp"": ""2026-08-18T11:39:10.573218+05:30""}}"
20260818113923870494-223,2026-08-18T11:39:23.870494+05:30,PORTFOLIO_NO_TRADE_BLOCK,20260818_102607,,,,,,INDEX:,portfolio_no_trade_engine,paper-strategy-8ade763620b6,opportunity-score-8ade763620b6,universe-a8e55c76a270,PAPER_OVERRIDE::FYERS_PAPER_PROXY_RESEARCH,"{""reason"": ""Portfolio no-trade hard veto: 20_instruments_data_invalid, no_candidate_grade_A_or_better"", ""snapshot"": {""components"": {""best_candidate_weakness_risk"": 44.50882958744002, ""calibration_uncertainty_risk"": 80.0, ""cross_instrument_market_hostility"": 24.0404105897967, ""data_breadth_risk"": 100.0, ""event_gap_system_risk"": 0.0, ""liquidity_breadth_risk"": 100.0, ""recent_loss_psychology_risk"": 0.0}, ""enabled"": true, ""hard_vetoes"": [""20_instruments_data_invalid"", ""no_candidate_grade_A_or_better""], ""score"": 49.935289514819345, ""shutdown_above"": 70.0, ""status"": ""BLOCKED"", ""timestamp"": ""2026-08-18T11:39:23.870494+05:30""}}"
20260818113938944476-224,2026-08-18T11:39:38.944476+05:30,PORTFOLIO_NO_TRADE_BLOCK,20260818_102607,,,,,,INDEX:,portfolio_no_trade_engine,paper-strategy-8ade763620b6,opportunity-score-8ade763620b6,universe-a8e55c76a270,PAPER_OVERRIDE::FYERS_PAPER_PROXY_RESEARCH,"{""reason"": ""Portfolio no-trade hard veto: 21_instruments_data_invalid, no_candidate_grade_A_or_better"", ""snapshot"": {""components"": {""best_candidate_weakness_risk"": 44.50896178853537, ""calibration_uncertainty_risk"": 76.19047619047619, ""cross_instrument_market_hostility"": 24.38162407651336, ""data_breadth_risk"": 100.0, ""event_gap_system_risk"": 0.0, ""liquidity_breadth_risk"": 100.0, ""recent_loss_psychology_risk"": 0.0}, ""enabled"": true, ""hard_vetoes"": [""21_instruments_data_invalid"", ""no_candidate_grade_A_or_better""], ""score"": 49.81308907196033, ""shutdown_above"": 70.0, ""status"": ""BLOCKED"", ""timestamp"": ""2026-08-18T11:39:38.944476+05:30""}}"
20260818113954565529-225,2026-08-18T11:39:54.565529+05:30,PORTFOLIO_NO_TRADE_BLOCK,20260818_102607,,,,,,INDEX:,portfolio_no_trade_engine,paper-strategy-8ade763620b6,opportunity-score-8ade763620b6,universe-a8e55c76a270,PAPER_OVERRIDE::FYERS_PAPER_PROXY_RESEARCH,"{""reason"": ""Portfolio no-trade hard veto: 18_instruments_data_invalid, no_candidate_grade_A_or_better"", ""snapshot"": {""components"": {""best_candidate_weakness_risk"": 39.32906692395102, ""calibration_uncertainty_risk"": 72.22222222222223, ""cross_instrument_market_hostility"": 24.25432604760146, ""data_breadth_risk"": 100.0, ""event_gap_system_risk"": 0.0, ""liquidity_breadth_risk"": 100.0, ""recent_loss_psychology_risk"": 0.0}, ""enabled"": true, ""hard_vetoes"": [""18_instruments_data_invalid"", ""no_candidate_grade_A_or_better""], ""score"": 48.29424305161916, ""shutdown_above"": 70.0, ""status"": ""BLOCKED"", ""timestamp"": ""2026-08-18T11:39:54.565529+05:30""}}"
20260818114011720730-226,2026-08-18T11:40:11.720730+05:30,PORTFOLIO_NO_TRADE_BLOCK,20260818_102607,,,,,,INDEX:,portfolio_no_trade_engine,paper-strategy-8ade763620b6,opportunity-score-8ade763620b6,universe-a8e55c76a270,PAPER_OVERRIDE::FYERS_PAPER_PROXY_RESEARCH,"{""reason"": ""Portfolio no-trade hard veto: 16_instruments_data_invalid, no_candidate_grade_A_or_better"", ""snapshot"": {""components"": {""best_candidate_weakness_risk"": 39.32923235364158, ""calibration_uncertainty_risk"": 81.25, ""cross_instrument_market_hostility"": 25.556108493517762, ""data_breadth_risk"": 100.0, ""event_gap_system_risk"": 0.0, ""liquidity_breadth_risk"": 100.0, ""recent_loss_psychology_risk"": 0.0}, ""enabled"": true, ""hard_vetoes"": [""16_instruments_data_invalid"", ""no_candidate_grade_A_or_better""], ""score"": 49.006029787113945, ""shutdown_above"": 70.0, ""status"": ""BLOCKED"", ""timestamp"": ""2026-08-18T11:40:11.720730+05:30""}}"
20260818114024368647-227,2026-08-18T11:40:24.368647+05:30,PORTFOLIO_NO_TRADE_BLOCK,20260818_102607,,,,,,INDEX:,portfolio_no_trade_engine,paper-strategy-8ade763620b6,opportunity-score-8ade763620b6,universe-a8e55c76a270,PAPER_OVERRIDE::FYERS_PAPER_PROXY_RESEARCH,"{""reason"": ""Portfolio no-trade hard veto: 18_instruments_data_invalid, no_candidate_grade_A_or_better"", ""snapshot"": {""components"": {""best_candidate_weakness_risk"": 37.75882049263947, ""calibration_uncertainty_risk"": 77.77777777777777, ""cross_instrument_market_hostility"": 24.46223318779364, ""data_breadth_risk"": 100.0, ""event_gap_system_risk"": 0.0, ""liquidity_breadth_risk"": 100.0, ""recent_loss_psychology_risk"": 0.0}, ""enabled"": true, ""hard_vetoes"": [""18_instruments_data_invalid"", ""no_candidate_grade_A_or_better""], ""score"": 48.22104064960748, ""shutdown_above"": 70.0, ""status"": ""BLOCKED"", ""timestamp"": ""2026-08-18T11:40:24.368647+05:30""}}"
20260818114038950805-228,2026-08-18T11:40:38.950805+05:30,PORTFOLIO_NO_TRADE_BLOCK,20260818_102607,,,,,,INDEX:,portfolio_no_trade_engine,paper-strategy-8ade763620b6,opportunity-score-8ade763620b6,universe-a8e55c76a270,PAPER_OVERRIDE::FYERS_PAPER_PROXY_RESEARCH,"{""reason"": ""Portfolio no-trade hard veto: 14_instruments_data_invalid, no_candidate_grade_A_or_better"", ""snapshot"": {""components"": {""best_candidate_weakness_risk"": 50.846933000038, ""calibration_uncertainty_risk"": 85.71428571428571, ""cross_instrument_market_hostility"": 25.40617071992268, ""data_breadth_risk"": 100.0, ""event_gap_system_risk"": 0.0, ""liquidity_breadth_risk"": 100.0, ""recent_loss_psychology_risk"": 0.0}, ""enabled"": true, ""hard_vetoes"": [""14_instruments_data_invalid"", ""no_candidate_grade_A_or_better""], ""score"": 52.07868167970832, ""shutdown_above"": 70.0, ""status"": ""BLOCKED"", ""timestamp"": ""2026-08-18T11:40:38.950805+05:30""}}"
20260818114051683154-229,2026-08-18T11:40:51.683154+05:30,PORTFOLIO_NO_TRADE_BLOCK,20260818_102607,,,,,,INDEX:,portfolio_no_trade_engine,paper-strategy-8ade763620b6,opportunity-score-8ade763620b6,universe-a8e55c76a270,PAPER_OVERRIDE::FYERS_PAPER_PROXY_RESEARCH,"{""reason"": ""Portfolio no-trade hard veto: 15_instruments_data_invalid, no_candidate_grade_A_or_better"", ""snapshot"": {""components"": {""best_candidate_weakness_risk"": 39.32962864805333, ""calibration_uncertainty_risk"": 73.33333333333333, ""cross_instrument_market_hostility"": 24.311405350014468, ""data_breadth_risk"": 100.0, ""event_gap_system_risk"": 0.0, ""liquidity_breadth_risk"": 100.0, ""recent_loss_psychology_risk"": 0.0}, ""enabled"": true, ""hard_vetoes"": [""15_instruments_data_invalid"", ""no_candidate_grade_A_or_better""], ""score"": 48.36135489868289, ""shutdown_above"": 70.0, ""status"": ""BLOCKED"", ""timestamp"": ""2026-08-18T11:40:51.683154+05:30""}}"
20260818114107085420-230,2026-08-18T11:41:07.085420+05:30,PORTFOLIO_NO_TRADE_BLOCK,20260818_102607,,,,,,INDEX:,portfolio_no_trade_engine,paper-strategy-8ade763620b6,opportunity-score-8ade763620b6,universe-a8e55c76a270,PAPER_OVERRIDE::FYERS_PAPER_PROXY_RESEARCH,"{""reason"": ""Portfolio no-trade hard veto: 14_instruments_data_invalid, no_candidate_grade_A_or_better"", ""snapshot"": {""components"": {""best_candidate_weakness_risk"": 44.099956596351824, ""calibration_uncertainty_risk"": 78.57142857142857, ""cross_instrument_market_hostility"": 24.289553005317504, ""data_breadth_risk"": 100.0, ""event_gap_system_risk"": 0.0, ""liquidity_breadth_risk"": 100.0, ""recent_loss_psychology_risk"": 0.0}, ""enabled"": true, ""hard_vetoes"": [""14_instruments_data_invalid"", ""no_candidate_grade_A_or_better""], ""score"": 49.81147117872289, ""shutdown_above"": 70.0, ""status"": ""BLOCKED"", ""timestamp"": ""2026-08-18T11:41:07.085420+05:30""}}"
20260818114124223029-231,2026-08-18T11:41:24.223029+05:30,PORTFOLIO_NO_TRADE_BLOCK,20260818_102607,,,,,,INDEX:,portfolio_no_trade_engine,paper-strategy-8ade763620b6,opportunity-score-8ade763620b6,universe-a8e55c76a270,PAPER_OVERRIDE::FYERS_PAPER_PROXY_RESEARCH,"{""reason"": ""Portfolio no-trade hard veto: 17_instruments_data_invalid, no_candidate_grade_A_or_better"", ""snapshot"": {""components"": {""best_candidate_weakness_risk"": 45.242218939995404, ""calibration_uncertainty_risk"": 70.58823529411765, ""cross_instrument_market_hostility"": 24.0283699095077, ""data_breadth_risk"": 100.0, ""event_gap_system_risk"": 0.0, ""liquidity_breadth_risk"": 100.0, ""recent_loss_psychology_risk"": 0.0}, ""enabled"": true, ""hard_vetoes"": [""17_instruments_data_invalid"", ""no_candidate_grade_A_or_better""], ""score"": 49.64564048160628, ""shutdown_above"": 70.0, ""status"": ""BLOCKED"", ""timestamp"": ""2026-08-18T11:41:24.223029+05:30""}}"
20260818114137089789-232,2026-08-18T11:41:37.089789+05:30,PORTFOLIO_NO_TRADE_BLOCK,20260818_102607,,,,,,INDEX:,portfolio_no_trade_engine,paper-strategy-8ade763620b6,opportunity-score-8ade763620b6,universe-a8e55c76a270,PAPER_OVERRIDE::FYERS_PAPER_PROXY_RESEARCH,"{""reason"": ""Portfolio no-trade hard veto: 18_instruments_data_invalid, no_candidate_grade_A_or_better"", ""snapshot"": {""components"": {""best_candidate_weakness_risk"": 45.54228556004241, ""calibration_uncertainty_risk"": 72.22222222222223, ""cross_instrument_market_hostility"": 23.880783280274905, ""data_breadth_risk"": 100.0, ""event_gap_system_risk"": 0.0, ""liquidity_breadth_risk"": 100.0, ""recent_loss_psychology_risk"": 0.0}, ""enabled"": true, ""hard_vetoes"": [""18_instruments_data_invalid"", ""no_candidate_grade_A_or_better""], ""score"": 49.7728391571767, ""shutdown_above"": 70.0, ""status"": ""BLOCKED"", ""timestamp"": ""2026-08-18T11:41:37.089789+05:30""}}"
20260818114151840591-233,2026-08-18T11:41:51.840591+05:30,PORTFOLIO_NO_TRADE_BLOCK,20260818_102607,,,,,,INDEX:,portfolio_no_trade_engine,paper-strategy-8ade763620b6,opportunity-score-8ade763620b6,universe-a8e55c76a270,PAPER_OVERRIDE::FYERS_PAPER_PROXY_RESEARCH,"{""reason"": ""Portfolio no-trade hard veto: 11_instruments_data_invalid, no_candidate_grade_A_or_better"", ""snapshot"": {""components"": {""best_candidate_weakness_risk"": 47.05362789254507, ""calibration_uncertainty_risk"": 81.81818181818181, ""cross_instrument_market_hostility"": 24.398301034555413, ""data_breadth_risk"": 100.0, ""event_gap_system_risk"": 0.0, ""liquidity_breadth_risk"": 100.0, ""recent_loss_psychology_risk"": 0.0}, ""enabled"": true, ""hard_vetoes"": [""11_instruments_data_invalid"", ""no_candidate_grade_A_or_better""], ""score"": 50.73397627095645, ""shutdown_above"": 70.0, ""status"": ""BLOCKED"", ""timestamp"": ""2026-08-18T11:41:51.840591+05:30""}}"
20260818114204397956-234,2026-08-18T11:42:04.397956+05:30,PORTFOLIO_NO_TRADE_BLOCK,20260818_102607,,,,,,INDEX:,portfolio_no_trade_engine,paper-strategy-8ade763620b6,opportunity-score-8ade763620b6,universe-a8e55c76a270,PAPER_OVERRIDE::FYERS_PAPER_PROXY_RESEARCH,"{""reason"": ""Portfolio no-trade hard veto: 13_instruments_data_invalid, no_candidate_grade_A_or_better"", ""snapshot"": {""components"": {""best_candidate_weakness_risk"": 47.05360066091656, ""calibration_uncertainty_risk"": 76.92307692307692, ""cross_instrument_market_hostility"": 24.321399155207864, ""data_breadth_risk"": 100.0, ""event_gap_system_risk"": 0.0, ""liquidity_breadth_risk"": 100.0, ""recent_loss_psychology_risk"": 0.0}, ""enabled"": true, ""hard_vetoes"": [""13_instruments_data_invalid"", ""no_candidate_grade_A_or_better""], ""score"": 50.47383384242456, ""shutdown_above"": 70.0, ""status"": ""BLOCKED"", ""timestamp"": ""2026-08-18T11:42:04.397956+05:30""}}"
20260818114220182498-235,2026-08-18T11:42:20.182498+05:30,PORTFOLIO_NO_TRADE_BLOCK,20260818_102607,,,,,,INDEX:,portfolio_no_trade_engine,paper-strategy-8ade763620b6,opportunity-score-8ade763620b6,universe-a8e55c76a270,PAPER_OVERRIDE::FYERS_PAPER_PROXY_RESEARCH,"{""reason"": ""Portfolio no-trade hard veto: 14_instruments_data_invalid, no_candidate_grade_A_or_better"", ""snapshot"": {""components"": {""best_candidate_weakness_risk"": 46.46438018129936, ""calibration_uncertainty_risk"": 78.57142857142857, ""cross_instrument_market_hostility"": 24.072846008747916, ""data_breadth_risk"": 100.0, ""event_gap_system_risk"": 0.0, ""liquidity_breadth_risk"": 100.0, ""recent_loss_psychology_risk"": 0.0}, ""enabled"": true, ""hard_vetoes"": [""14_instruments_data_invalid"", ""no_candidate_grade_A_or_better""], ""score"": 50.359235675645856, ""shutdown_above"": 70.0, ""status"": ""BLOCKED"", ""timestamp"": ""2026-08-18T11:42:20.182498+05:30""}}"
20260818114252907502-236,2026-08-18T11:42:52.907502+05:30,INCIDENT_ENTRY_BLOCK,20260818_102607,,,,,,INDEX:,incident_guard,paper-strategy-8ade763620b6,opportunity-score-8ade763620b6,universe-a8e55c76a270,PAPER_OVERRIDE::FYERS_PAPER_PROXY_RESEARCH,"{""reason"": ""Cycle failure: OptionChainParseError: Missing CE at strike 4080.0; reconnect stabilization in progress""}"
20260818114305526541-237,2026-08-18T11:43:05.526541+05:30,INCIDENT_ENTRY_BLOCK,20260818_102607,,,,,,INDEX:,incident_guard,paper-strategy-8ade763620b6,opportunity-score-8ade763620b6,universe-a8e55c76a270,PAPER_OVERRIDE::FYERS_PAPER_PROXY_RESEARCH,"{""reason"": ""Cycle failure: OptionChainParseError: Missing CE at strike 4080.0; reconnect stabilization in progress""}"
20260818114333099493-238,2026-08-18T11:43:33.099493+05:30,INCIDENT_ENTRY_BLOCK,20260818_102607,,,,,,INDEX:,incident_guard,paper-strategy-8ade763620b6,opportunity-score-8ade763620b6,universe-a8e55c76a270,PAPER_OVERRIDE::FYERS_PAPER_PROXY_RESEARCH,"{""reason"": ""Cycle failure: OptionChainParseError: Missing CE at strike 4080.0; reconnect stabilization in progress""}"
20260818114350277914-239,2026-08-18T11:43:50.277914+05:30,PORTFOLIO_NO_TRADE_BLOCK,20260818_102607,,,,,,INDEX:,portfolio_no_trade_engine,paper-strategy-8ade763620b6,opportunity-score-8ade763620b6,universe-a8e55c76a270,PAPER_OVERRIDE::FYERS_PAPER_PROXY_RESEARCH,"{""reason"": ""Portfolio no-trade hard veto: 19_instruments_data_invalid, no_candidate_grade_A_or_better"", ""snapshot"": {""components"": {""best_candidate_weakness_risk"": 42.52061556725967, ""calibration_uncertainty_risk"": 89.47368421052632, ""cross_instrument_market_hostility"": 26.62193015123949, ""data_breadth_risk"": 100.0, ""event_gap_system_risk"": 0.0, ""liquidity_breadth_risk"": 100.0, ""recent_loss_psychology_risk"": 0.0}, ""enabled"": true, ""hard_vetoes"": [""19_instruments_data_invalid"", ""no_candidate_grade_A_or_better""], ""score"": 50.42822413258913, ""shutdown_above"": 70.0, ""status"": ""BLOCKED"", ""timestamp"": ""2026-08-18T11:43:50.277914+05:30""}}"
20260818114405757915-240,2026-08-18T11:44:05.757915+05:30,PORTFOLIO_NO_TRADE_BLOCK,20260818_102607,,,,,,INDEX:,portfolio_no_trade_engine,paper-strategy-8ade763620b6,opportunity-score-8ade763620b6,universe-a8e55c76a270,PAPER_OVERRIDE::FYERS_PAPER_PROXY_RESEARCH,"{""reason"": ""Portfolio no-trade hard veto: 22_instruments_data_invalid, no_candidate_grade_A_or_better"", ""snapshot"": {""components"": {""best_candidate_weakness_risk"": 42.52068217216957, ""calibration_uncertainty_risk"": 77.27272727272727, ""cross_instrument_market_hostility"": 25.851923716143403, ""data_breadth_risk"": 100.0, ""event_gap_system_risk"": 0.0, ""liquidity_breadth_risk"": 100.0, ""recent_loss_psychology_risk"": 0.0}, ""enabled"": true, ""hard_vetoes"": [""22_instruments_data_invalid"", ""no_candidate_grade_A_or_better""], ""score"": 49.66419164990744, ""shutdown_above"": 70.0, ""status"": ""BLOCKED"", ""timestamp"": ""2026-08-18T11:44:05.757915+05:30""}}"
20260818114419313638-241,2026-08-18T11:44:19.313638+05:30,PORTFOLIO_NO_TRADE_BLOCK,20260818_102607,,,,,,INDEX:,portfolio_no_trade_engine,paper-strategy-8ade763620b6,opportunity-score-8ade763620b6,universe-a8e55c76a270,PAPER_OVERRIDE::FYERS_PAPER_PROXY_RESEARCH,"{""reason"": ""Portfolio no-trade hard veto: 24_instruments_data_invalid, no_candidate_grade_A_or_better"", ""snapshot"": {""components"": {""best_candidate_weakness_risk"": 42.520686612736014, ""calibration_uncertainty_risk"": 75.0, ""cross_instrument_market_hostility"": 25.038662882873723, ""data_breadth_risk"": 100.0, ""event_gap_system_risk"": 0.0, ""liquidity_breadth_risk"": 100.0, ""recent_loss_psychology_risk"": 0.0}, ""enabled"": true, ""hard_vetoes"": [""24_instruments_data_invalid"", ""no_candidate_grade_A_or_better""], ""score"": 49.387904229758746, ""shutdown_above"": 70.0, ""status"": ""BLOCKED"", ""timestamp"": ""2026-08-18T11:44:19.313638+05:30""}}"
20260818114436181856-242,2026-08-18T11:44:36.181856+05:30,PORTFOLIO_NO_TRADE_BLOCK,20260818_102607,,,,,,INDEX:,portfolio_no_trade_engine,paper-strategy-8ade763620b6,opportunity-score-8ade763620b6,universe-a8e55c76a270,PAPER_OVERRIDE::FYERS_PAPER_PROXY_RESEARCH,"{""reason"": ""Portfolio no-trade hard veto: 17_instruments_data_invalid, no_candidate_grade_A_or_better"", ""snapshot"": {""components"": {""best_candidate_weakness_risk"": 43.89417177754389, ""calibration_uncertainty_risk"": 82.3529411764706, ""cross_instrument_market_hostility"": 26.02982912265158, ""data_breadth_risk"": 100.0, ""event_gap_system_risk"": 0.0, ""liquidity_breadth_risk"": 100.0, ""recent_loss_psychology_risk"": 0.0}, ""enabled"": true, ""hard_vetoes"": [""17_instruments_data_invalid"", ""no_candidate_grade_A_or_better""], ""score"": 50.29715582773982, ""shutdown_above"": 70.0, ""status"": ""BLOCKED"", ""timestamp"": ""2026-08-18T11:44:36.181856+05:30""}}"
20260818114508338703-243,2026-08-18T11:45:08.338703+05:30,INCIDENT_ENTRY_BLOCK,20260818_102607,,,,,,INDEX:,incident_guard,paper-strategy-8ade763620b6,opportunity-score-8ade763620b6,universe-a8e55c76a270,PAPER_OVERRIDE::FYERS_PAPER_PROXY_RESEARCH,"{""reason"": ""Cycle failure: OptionChainParseError: Missing PE at strike 2960.0; reconnect stabilization in progress""}"
20260818114521030049-244,2026-08-18T11:45:21.030049+05:30,INCIDENT_ENTRY_BLOCK,20260818_102607,,,,,,INDEX:,incident_guard,paper-strategy-8ade763620b6,opportunity-score-8ade763620b6,universe-a8e55c76a270,PAPER_OVERRIDE::FYERS_PAPER_PROXY_RESEARCH,"{""reason"": ""Cycle failure: OptionChainParseError: Missing PE at strike 2960.0; reconnect stabilization in progress""}"
20260818114548054030-245,2026-08-18T11:45:48.054030+05:30,INCIDENT_ENTRY_BLOCK,20260818_102607,,,,,,INDEX:,incident_guard,paper-strategy-8ade763620b6,opportunity-score-8ade763620b6,universe-a8e55c76a270,PAPER_OVERRIDE::FYERS_PAPER_PROXY_RESEARCH,"{""reason"": ""Cycle failure: OptionChainParseError: Missing PE at strike 2960.0; reconnect stabilization in progress""}"
20260818114618084712-246,2026-08-18T11:46:18.084712+05:30,INCIDENT_ENTRY_BLOCK,20260818_102607,,,,,,INDEX:,incident_guard,paper-strategy-8ade763620b6,opportunity-score-8ade763620b6,universe-a8e55c76a270,PAPER_OVERRIDE::FYERS_PAPER_PROXY_RESEARCH,"{""reason"": ""Cycle failure: OptionChainParseError: Missing CE at strike 3040.0; reconnect stabilization in progress""}"
20260818114630341128-247,2026-08-18T11:46:30.341128+05:30,INCIDENT_ENTRY_BLOCK,20260818_102607,,,,,,INDEX:,incident_guard,paper-strategy-8ade763620b6,opportunity-score-8ade763620b6,universe-a8e55c76a270,PAPER_OVERRIDE::FYERS_PAPER_PROXY_RESEARCH,"{""reason"": ""Cycle failure: OptionChainParseError: Missing CE at strike 3040.0; reconnect stabilization in progress""}"
20260818114657240083-248,2026-08-18T11:46:57.240083+05:30,INCIDENT_ENTRY_BLOCK,20260818_102607,,,,,,INDEX:,incident_guard,paper-strategy-8ade763620b6,opportunity-score-8ade763620b6,universe-a8e55c76a270,PAPER_OVERRIDE::FYERS_PAPER_PROXY_RESEARCH,"{""reason"": ""Cycle failure: OptionChainParseError: Missing CE at strike 3040.0; reconnect stabilization in progress""}"
20260818114714305362-249,2026-08-18T11:47:14.305362+05:30,PORTFOLIO_NO_TRADE_BLOCK,20260818_102607,,,,,,INDEX:,portfolio_no_trade_engine,paper-strategy-8ade763620b6,opportunity-score-8ade763620b6,universe-a8e55c76a270,PAPER_OVERRIDE::FYERS_PAPER_PROXY_RESEARCH,"{""reason"": ""Portfolio no-trade hard veto: 15_instruments_data_invalid, no_candidate_grade_A_or_better"", ""snapshot"": {""components"": {""best_candidate_weakness_risk"": 45.09782097524933, ""calibration_uncertainty_risk"": 93.33333333333333, ""cross_instrument_market_hostility"": 23.646211851832685, ""data_breadth_risk"": 100.0, ""event_gap_system_risk"": 0.0, ""liquidity_breadth_risk"": 100.0, ""recent_loss_psychology_risk"": 0.0}, ""enabled"": true, ""hard_vetoes"": [""15_instruments_data_invalid"", ""no_candidate_grade_A_or_better""], ""score"": 50.67036428084553, ""shutdown_above"": 70.0, ""status"": ""BLOCKED"", ""timestamp"": ""2026-08-18T11:47:14.305362+05:30""}}"
20260818114729247709-250,2026-08-18T11:47:29.247709+05:30,PORTFOLIO_NO_TRADE_BLOCK,20260818_102607,,,,,,INDEX:,portfolio_no_trade_engine,paper-strategy-8ade763620b6,opportunity-score-8ade763620b6,universe-a8e55c76a270,PAPER_OVERRIDE::FYERS_PAPER_PROXY_RESEARCH,"{""reason"": ""Portfolio no-trade hard veto: 18_instruments_data_invalid, no_candidate_grade_A_or_better"", ""snapshot"": {""components"": {""best_candidate_weakness_risk"": 45.0979378698733, ""calibration_uncertainty_risk"": 88.88888888888889, ""cross_instrument_market_hostility"": 23.331203538683653, ""data_breadth_risk"": 100.0, ""event_gap_system_risk"": 0.0, ""liquidity_breadth_risk"": 100.0, ""recent_loss_psychology_risk"": 0.0}, ""enabled"": true, ""hard_vetoes"": [""18_instruments_data_invalid"", ""no_candidate_grade_A_or_better""], ""score"": 50.3851696196495, ""shutdown_above"": 70.0, ""status"": ""BLOCKED"", ""timestamp"": ""2026-08-18T11:47:29.247709+05:30""}}"
20260818114743031897-251,2026-08-18T11:47:43.031897+05:30,PORTFOLIO_NO_TRADE_BLOCK,20260818_102607,,,,,,INDEX:,portfolio_no_trade_engine,paper-strategy-8ade763620b6,opportunity-score-8ade763620b6,universe-a8e55c76a270,PAPER_OVERRIDE::FYERS_PAPER_PROXY_RESEARCH,"{""reason"": ""Portfolio no-trade hard veto: 20_instruments_data_invalid, no_candidate_grade_A_or_better"", ""snapshot"": {""components"": {""best_candidate_weakness_risk"": 45.09808076993121, ""calibration_uncertainty_risk"": 85.0, ""cross_instrument_market_hostility"": 23.233602317766234, ""data_breadth_risk"": 100.0, ""event_gap_system_risk"": 0.0, ""liquidity_breadth_risk"": 100.0, ""recent_loss_psychology_risk"": 0.0}, ""enabled"": true, ""hard_vetoes"": [""20_instruments_data_invalid"", ""no_candidate_grade_A_or_better""], ""score"": 50.17124065603605, ""shutdown_above"": 70.0, ""status"": ""BLOCKED"", ""timestamp"": ""2026-08-18T11:47:43.031897+05:30""}}"
20260818114759693775-252,2026-08-18T11:47:59.693775+05:30,PORTFOLIO_NO_TRADE_BLOCK,20260818_102607,,,,,,INDEX:,portfolio_no_trade_engine,paper-strategy-8ade763620b6,opportunity-score-8ade763620b6,universe-a8e55c76a270,PAPER_OVERRIDE::FYERS_PAPER_PROXY_RESEARCH,"{""reason"": ""Portfolio no-trade hard veto: 17_instruments_data_invalid, no_candidate_grade_A_or_better"", ""snapshot"": {""components"": {""best_candidate_weakness_risk"": 43.76020648150057, ""calibration_uncertainty_risk"": 88.23529411764706, ""cross_instrument_market_hostility"": 23.266455657603846, ""data_breadth_risk"": 100.0, ""event_gap_system_risk"": 0.0, ""liquidity_breadth_risk"": 100.0, ""recent_loss_psychology_risk"": 0.0}, ""enabled"": true, ""hard_vetoes"": [""17_instruments_data_invalid"", ""no_candidate_grade_A_or_better""], ""score"": 50.005107457778266, ""shutdown_above"": 70.0, ""status"": ""BLOCKED"", ""timestamp"": ""2026-08-18T11:47:59.693775+05:30""}}"
20260818114818180927-253,2026-08-18T11:48:18.180927+05:30,PORTFOLIO_NO_TRADE_BLOCK,20260818_102607,,,,,,INDEX:,portfolio_no_trade_engine,paper-strategy-8ade763620b6,opportunity-score-8ade763620b6,universe-a8e55c76a270,PAPER_OVERRIDE::FYERS_PAPER_PROXY_RESEARCH,"{""reason"": ""Portfolio no-trade hard veto: 13_instruments_data_invalid, no_candidate_grade_A_or_better"", ""snapshot"": {""components"": {""best_candidate_weakness_risk"": 43.76024907196529, ""calibration_uncertainty_risk"": 84.61538461538461, ""cross_instrument_market_hostility"": 25.4102657767661, ""data_breadth_risk"": 100.0, ""event_gap_system_risk"": 0.0, ""liquidity_breadth_risk"": 100.0, ""recent_loss_psychology_risk"": 0.0}, ""enabled"": true, ""hard_vetoes"": [""13_instruments_data_invalid"", ""no_candidate_grade_A_or_better""], ""score"": 50.25288465411378, ""shutdown_above"": 70.0, ""status"": ""BLOCKED"", ""timestamp"": ""2026-08-18T11:48:18.180927+05:30""}}"
20260818114833447893-254,2026-08-18T11:48:33.447893+05:30,PORTFOLIO_NO_TRADE_BLOCK,20260818_102607,,,,,,INDEX:,portfolio_no_trade_engine,paper-strategy-8ade763620b6,opportunity-score-8ade763620b6,universe-a8e55c76a270,PAPER_OVERRIDE::FYERS_PAPER_PROXY_RESEARCH,"{""reason"": ""Portfolio no-trade hard veto: 16_instruments_data_invalid, no_candidate_grade_A_or_better"", ""snapshot"": {""components"": {""best_candidate_weakness_risk"": 43.76026184966376, ""calibration_uncertainty_risk"": 87.5, ""cross_instrument_market_hostility"": 26.53480549720389, ""data_breadth_risk"": 100.0, ""event_gap_system_risk"": 0.0, ""liquidity_breadth_risk"": 100.0, ""recent_loss_psychology_risk"": 0.0}, ""enabled"": true, ""hard_vetoes"": [""16_instruments_data_invalid"", ""no_candidate_grade_A_or_better""], ""score"": 50.62202656185672, ""shutdown_above"": 70.0, ""status"": ""BLOCKED"", ""timestamp"": ""2026-08-18T11:48:33.447893+05:30""}}"
20260818114846823078-255,2026-08-18T11:48:46.823078+05:30,PORTFOLIO_NO_TRADE_BLOCK,20260818_102607,,,,,,INDEX:,portfolio_no_trade_engine,paper-strategy-8ade763620b6,opportunity-score-8ade763620b6,universe-a8e55c76a270,PAPER_OVERRIDE::FYERS_PAPER_PROXY_RESEARCH,"{""reason"": ""Portfolio no-trade hard veto: 16_instruments_data_invalid, no_candidate_grade_A_or_better"", ""snapshot"": {""components"": {""best_candidate_weakness_risk"": 43.76027036827276, ""calibration_uncertainty_risk"": 75.0, ""cross_instrument_market_hostility"": 25.493586295577366, ""data_breadth_risk"": 100.0, ""event_gap_system_risk"": 0.0, ""liquidity_breadth_risk"": 100.0, ""recent_loss_psychology_risk"": 0.0}, ""enabled"": true, ""hard_vetoes"": [""16_instruments_data_invalid"", ""no_candidate_grade_A_or_better""], ""score"": 49.788784851183664, ""shutdown_above"": 70.0, ""status"": ""BLOCKED"", ""timestamp"": ""2026-08-18T11:48:46.823078+05:30""}}"
20260818114902372492-256,2026-08-18T11:49:02.372492+05:30,PORTFOLIO_NO_TRADE_BLOCK,20260818_102607,,,,,,INDEX:,portfolio_no_trade_engine,paper-strategy-8ade763620b6,opportunity-score-8ade763620b6,universe-a8e55c76a270,PAPER_OVERRIDE::FYERS_PAPER_PROXY_RESEARCH,"{""reason"": ""Portfolio no-trade hard veto: 15_instruments_data_invalid, no_candidate_grade_A_or_better"", ""snapshot"": {""components"": {""best_candidate_weakness_risk"": 47.16832779517, ""calibration_uncertainty_risk"": 86.66666666666667, ""cross_instrument_market_hostility"": 26.85054987474414, ""data_breadth_risk"": 100.0, ""event_gap_system_risk"": 0.0, ""liquidity_breadth_risk"": 100.0, ""recent_loss_psychology_risk"": 0.0}, ""enabled"": true, ""hard_vetoes"": [""15_instruments_data_invalid"", ""no_candidate_grade_A_or_better""], ""score"": 51.49552525707467, ""shutdown_above"": 70.0, ""status"": ""BLOCKED"", ""timestamp"": ""2026-08-18T11:49:02.372492+05:30""}}"
20260818114934425306-257,2026-08-18T11:49:34.425306+05:30,INCIDENT_ENTRY_BLOCK,20260818_102607,,,,,,INDEX:,incident_guard,paper-strategy-8ade763620b6,opportunity-score-8ade763620b6,universe-a8e55c76a270,PAPER_OVERRIDE::FYERS_PAPER_PROXY_RESEARCH,"{""reason"": ""Cycle failure: OptionChainParseError: Missing CE at strike 4080.0; reconnect stabilization in progress""}"
20260818114946658380-258,2026-08-18T11:49:46.658380+05:30,INCIDENT_ENTRY_BLOCK,20260818_102607,,,,,,INDEX:,incident_guard,paper-strategy-8ade763620b6,opportunity-score-8ade763620b6,universe-a8e55c76a270,PAPER_OVERRIDE::FYERS_PAPER_PROXY_RESEARCH,"{""reason"": ""Cycle failure: OptionChainParseError: Missing CE at strike 4080.0; reconnect stabilization in progress""}"
20260818115014462830-259,2026-08-18T11:50:14.462830+05:30,INCIDENT_ENTRY_BLOCK,20260818_102607,,,,,,INDEX:,incident_guard,paper-strategy-8ade763620b6,opportunity-score-8ade763620b6,universe-a8e55c76a270,PAPER_OVERRIDE::FYERS_PAPER_PROXY_RESEARCH,"{""reason"": ""Cycle failure: OptionChainParseError: Missing CE at strike 4080.0; reconnect stabilization in progress""}"
20260818115031313992-260,2026-08-18T11:50:31.313992+05:30,PORTFOLIO_NO_TRADE_BLOCK,20260818_102607,,,,,,INDEX:,portfolio_no_trade_engine,paper-strategy-8ade763620b6,opportunity-score-8ade763620b6,universe-a8e55c76a270,PAPER_OVERRIDE::FYERS_PAPER_PROXY_RESEARCH,"{""reason"": ""Portfolio no-trade hard veto: 13_instruments_data_invalid, no_candidate_grade_A_or_better"", ""snapshot"": {""components"": {""best_candidate_weakness_risk"": 52.112252216696625, ""calibration_uncertainty_risk"": 92.3076923076923, ""cross_instrument_market_hostility"": 27.636654316084737, ""data_breadth_risk"": 100.0, ""event_gap_system_risk"": 0.0, ""liquidity_breadth_risk"": 100.0, ""recent_loss_psychology_risk"": 0.0}, ""enabled"": true, ""hard_vetoes"": [""13_instruments_data_invalid"", ""no_candidate_grade_A_or_better""], ""score"": 53.170778532775714, ""shutdown_above"": 70.0, ""status"": ""BLOCKED"", ""timestamp"": ""2026-08-18T11:50:31.313992+05:30""}}"
20260818115046510897-261,2026-08-18T11:50:46.510897+05:30,PORTFOLIO_NO_TRADE_BLOCK,20260818_102607,,,,,,INDEX:,portfolio_no_trade_engine,paper-strategy-8ade763620b6,opportunity-score-8ade763620b6,universe-a8e55c76a270,PAPER_OVERRIDE::FYERS_PAPER_PROXY_RESEARCH,"{""reason"": ""Portfolio no-trade hard veto: 17_instruments_data_invalid, no_candidate_grade_A_or_better"", ""snapshot"": {""components"": {""best_candidate_weakness_risk"": 52.04962426514489, ""calibration_uncertainty_risk"": 88.23529411764706, ""cross_instrument_market_hostility"": 26.503476975422714, ""data_breadth_risk"": 100.0, ""event_gap_system_risk"": 0.0, ""liquidity_breadth_risk"": 100.0, ""recent_loss_psychology_risk"": 0.0}, ""enabled"": true, ""hard_vetoes"": [""17_instruments_data_invalid"", ""no_candidate_grade_A_or_better""], ""score"": 52.72486616725312, ""shutdown_above"": 70.0, ""status"": ""BLOCKED"", ""timestamp"": ""2026-08-18T11:50:46.510897+05:30""}}"
20260818115101224375-262,2026-08-18T11:51:01.224375+05:30,PORTFOLIO_NO_TRADE_BLOCK,20260818_102607,,,,,,INDEX:,portfolio_no_trade_engine,paper-strategy-8ade763620b6,opportunity-score-8ade763620b6,universe-a8e55c76a270,PAPER_OVERRIDE::FYERS_PAPER_PROXY_RESEARCH,"{""reason"": ""Portfolio no-trade hard veto: 17_instruments_data_invalid, no_candidate_grade_A_or_better"", ""snapshot"": {""components"": {""best_candidate_weakness_risk"": 47.835754687842034, ""calibration_uncertainty_risk"": 82.3529411764706, ""cross_instrument_market_hostility"": 25.997697292669997, ""data_breadth_risk"": 100.0, ""event_gap_system_risk"": 0.0, ""liquidity_breadth_risk"": 100.0, ""recent_loss_psychology_risk"": 0.0}, ""enabled"": true, ""hard_vetoes"": [""17_instruments_data_invalid"", ""no_candidate_grade_A_or_better""], ""score"": 51.27612518931804, ""shutdown_above"": 70.0, ""status"": ""BLOCKED"", ""timestamp"": ""2026-08-18T11:51:01.224375+05:30""}}"
20260818115118241088-263,2026-08-18T11:51:18.241088+05:30,PORTFOLIO_NO_TRADE_BLOCK,20260818_102607,,,,,,INDEX:,portfolio_no_trade_engine,paper-strategy-8ade763620b6,opportunity-score-8ade763620b6,universe-a8e55c76a270,PAPER_OVERRIDE::FYERS_PAPER_PROXY_RESEARCH,"{""reason"": ""Portfolio no-trade hard veto: 14_instruments_data_invalid, no_candidate_grade_A_or_better"", ""snapshot"": {""components"": {""best_candidate_weakness_risk"": 44.961739968451326, ""calibration_uncertainty_risk"": 92.85714285714286, ""cross_instrument_market_hostility"": 27.308915992800515, ""data_breadth_risk"": 100.0, ""event_gap_system_risk"": 0.0, ""liquidity_breadth_risk"": 100.0, ""recent_loss_psychology_risk"": 0.0}, ""enabled"": true, ""hard_vetoes"": [""14_instruments_data_invalid"", ""no_candidate_grade_A_or_better""], ""score"": 51.34507533353008, ""shutdown_above"": 70.0, ""status"": ""BLOCKED"", ""timestamp"": ""2026-08-18T11:51:18.241088+05:30""}}"
20260818115137015369-264,2026-08-18T11:51:37.015369+05:30,PORTFOLIO_NO_TRADE_BLOCK,20260818_102607,,,,,,INDEX:,portfolio_no_trade_engine,paper-strategy-8ade763620b6,opportunity-score-8ade763620b6,universe-a8e55c76a270,PAPER_OVERRIDE::FYERS_PAPER_PROXY_RESEARCH,"{""reason"": ""Portfolio no-trade hard veto: 27_instruments_data_invalid, no_candidate_grade_A_or_better"", ""snapshot"": {""components"": {""best_candidate_weakness_risk"": 39.76542189364214, ""calibration_uncertainty_risk"": 74.07407407407408, ""cross_instrument_market_hostility"": 25.53872761430066, ""data_breadth_risk"": 100.0, ""event_gap_system_risk"": 0.0, ""liquidity_breadth_risk"": 100.0, ""recent_loss_psychology_risk"": 0.0}, ""enabled"": true, ""hard_vetoes"": [""27_instruments_data_invalid"", ""no_candidate_grade_A_or_better""], ""score"": 48.75280469997437, ""shutdown_above"": 70.0, ""status"": ""BLOCKED"", ""timestamp"": ""2026-08-18T11:51:37.015369+05:30""}}"
20260818115153751844-265,2026-08-18T11:51:53.751844+05:30,PORTFOLIO_NO_TRADE_BLOCK,20260818_102607,,,,,,INDEX:,portfolio_no_trade_engine,paper-strategy-8ade763620b6,opportunity-score-8ade763620b6,universe-a8e55c76a270,PAPER_OVERRIDE::FYERS_PAPER_PROXY_RESEARCH,"{""reason"": ""Portfolio no-trade hard veto: 24_instruments_data_invalid, no_candidate_grade_A_or_better"", ""snapshot"": {""components"": {""best_candidate_weakness_risk"": 44.11484890774495, ""calibration_uncertainty_risk"": 83.33333333333333, ""cross_instrument_market_hostility"": 26.175222946084574, ""data_breadth_risk"": 100.0, ""event_gap_system_risk"": 0.0, ""liquidity_breadth_risk"": 100.0, ""recent_loss_psychology_risk"": 0.0}, ""enabled"": true, ""hard_vetoes"": [""24_instruments_data_invalid"", ""no_candidate_grade_A_or_better""], ""score"": 50.43042348281982, ""shutdown_above"": 70.0, ""status"": ""BLOCKED"", ""timestamp"": ""2026-08-18T11:51:53.751844+05:30""}}"
20260818115209783016-266,2026-08-18T11:52:09.783016+05:30,PORTFOLIO_NO_TRADE_BLOCK,20260818_102607,,,,,,INDEX:,portfolio_no_trade_engine,paper-strategy-8ade763620b6,opportunity-score-8ade763620b6,universe-a8e55c76a270,PAPER_OVERRIDE::FYERS_PAPER_PROXY_RESEARCH,"{""reason"": ""Portfolio no-trade hard veto: 22_instruments_data_invalid, no_candidate_grade_A_or_better"", ""snapshot"": {""components"": {""best_candidate_weakness_risk"": 41.84745941065735, ""calibration_uncertainty_risk"": 90.9090909090909, ""cross_instrument_market_hostility"": 26.82336790110294, ""data_breadth_risk"": 100.0, ""event_gap_system_risk"": 0.0, ""liquidity_breadth_risk"": 100.0, ""recent_loss_psychology_risk"": 0.0}, ""enabled"": true, ""hard_vetoes"": [""22_instruments_data_invalid"", ""no_candidate_grade_A_or_better""], ""score"": 50.37199297833948, ""shutdown_above"": 70.0, ""status"": ""BLOCKED"", ""timestamp"": ""2026-08-18T11:52:09.783016+05:30""}}"
20260818115228146371-267,2026-08-18T11:52:28.146371+05:30,PORTFOLIO_NO_TRADE_BLOCK,20260818_102607,,,,,,INDEX:,portfolio_no_trade_engine,paper-strategy-8ade763620b6,opportunity-score-8ade763620b6,universe-a8e55c76a270,PAPER_OVERRIDE::FYERS_PAPER_PROXY_RESEARCH,"{""reason"": ""Portfolio no-trade hard veto: 22_instruments_data_invalid, no_candidate_grade_A_or_better"", ""snapshot"": {""components"": {""best_candidate_weakness_risk"": 50.846249843654235, ""calibration_uncertainty_risk"": 95.45454545454545, ""cross_instrument_market_hostility"": 27.299337087581637, ""data_breadth_risk"": 100.0, ""event_gap_system_risk"": 0.0, ""liquidity_breadth_risk"": 100.0, ""recent_loss_psychology_risk"": 0.0}, ""enabled"": true, ""hard_vetoes"": [""22_instruments_data_invalid"", ""no_candidate_grade_A_or_better""], ""score"": 52.944157151157164, ""shutdown_above"": 70.0, ""status"": ""BLOCKED"", ""timestamp"": ""2026-08-18T11:52:28.146371+05:30""}}"
20260818115304364486-268,2026-08-18T11:53:04.364486+05:30,INCIDENT_ENTRY_BLOCK,20260818_102607,,,,,,INDEX:,incident_guard,paper-strategy-8ade763620b6,opportunity-score-8ade763620b6,universe-a8e55c76a270,PAPER_OVERRIDE::FYERS_PAPER_PROXY_RESEARCH,"{""reason"": ""Cycle failure: OptionChainParseError: Missing PE at strike 2960.0; reconnect stabilization in progress""}"
20260818115318800190-269,2026-08-18T11:53:18.800190+05:30,INCIDENT_ENTRY_BLOCK,20260818_102607,,,,,,INDEX:,incident_guard,paper-strategy-8ade763620b6,opportunity-score-8ade763620b6,universe-a8e55c76a270,PAPER_OVERRIDE::FYERS_PAPER_PROXY_RESEARCH,"{""reason"": ""Cycle failure: OptionChainParseError: Missing PE at strike 2960.0; reconnect stabilization in progress""}"
20260818115353970306-270,2026-08-18T11:53:53.970306+05:30,INCIDENT_ENTRY_BLOCK,20260818_102607,,,,,,INDEX:,incident_guard,paper-strategy-8ade763620b6,opportunity-score-8ade763620b6,universe-a8e55c76a270,PAPER_OVERRIDE::FYERS_PAPER_PROXY_RESEARCH,"{""reason"": ""Cycle failure: OptionChainParseError: Missing PE at strike 2960.0; reconnect stabilization in progress""}"
20260818115422647036-271,2026-08-18T11:54:22.647036+05:30,INCIDENT_ENTRY_BLOCK,20260818_102607,,,,,,INDEX:,incident_guard,paper-strategy-8ade763620b6,opportunity-score-8ade763620b6,universe-a8e55c76a270,PAPER_OVERRIDE::FYERS_PAPER_PROXY_RESEARCH,"{""reason"": ""Cycle failure: OptionChainParseError: Missing CE at strike 3040.0; reconnect stabilization in progress""}"
20260818115438966365-272,2026-08-18T11:54:38.966365+05:30,INCIDENT_ENTRY_BLOCK,20260818_102607,,,,,,INDEX:,incident_guard,paper-strategy-8ade763620b6,opportunity-score-8ade763620b6,universe-a8e55c76a270,PAPER_OVERRIDE::FYERS_PAPER_PROXY_RESEARCH,"{""reason"": ""Cycle failure: OptionChainParseError: Missing CE at strike 3040.0; reconnect stabilization in progress""}"
20260818115457364881-273,2026-08-18T11:54:57.364881+05:30,PORTFOLIO_NO_TRADE_BLOCK,20260818_102607,,,,,,INDEX:,portfolio_no_trade_engine,paper-strategy-8ade763620b6,opportunity-score-8ade763620b6,universe-a8e55c76a270,PAPER_OVERRIDE::FYERS_PAPER_PROXY_RESEARCH,"{""reason"": ""Portfolio no-trade hard veto: 19_instruments_data_invalid, no_candidate_grade_A_or_better"", ""snapshot"": {""components"": {""best_candidate_weakness_risk"": 42.41904849916635, ""calibration_uncertainty_risk"": 78.94736842105263, ""cross_instrument_market_hostility"": 23.69808538992082, ""data_breadth_risk"": 100.0, ""event_gap_system_risk"": 0.0, ""liquidity_breadth_risk"": 100.0, ""recent_loss_psychology_risk"": 0.0}, ""enabled"": true, ""hard_vetoes"": [""19_instruments_data_invalid"", ""no_candidate_grade_A_or_better""], ""score"": 49.291747623828385, ""shutdown_above"": 70.0, ""status"": ""BLOCKED"", ""timestamp"": ""2026-08-18T11:54:57.364881+05:30""}}"
20260818115514498454-274,2026-08-18T11:55:14.498454+05:30,PORTFOLIO_NO_TRADE_BLOCK,20260818_102607,,,,,,INDEX:,portfolio_no_trade_engine,paper-strategy-8ade763620b6,opportunity-score-8ade763620b6,universe-a8e55c76a270,PAPER_OVERRIDE::FYERS_PAPER_PROXY_RESEARCH,"{""reason"": ""Portfolio no-trade hard veto: 22_instruments_data_invalid, no_candidate_grade_A_or_better"", ""snapshot"": {""components"": {""best_candidate_weakness_risk"": 42.119339085503526, ""calibration_uncertainty_risk"": 77.27272727272727, ""cross_instrument_market_hostility"": 23.816085736521188, ""data_breadth_risk"": 100.0, ""event_gap_system_risk"": 0.0, ""liquidity_breadth_risk"": 100.0, ""recent_loss_psychology_risk"": 0.0}, ""enabled"": true, ""hard_vetoes"": [""22_instruments_data_invalid"", ""no_candidate_grade_A_or_better""], ""score"": 49.15668828231648, ""shutdown_above"": 70.0, ""status"": ""BLOCKED"", ""timestamp"": ""2026-08-18T11:55:14.498454+05:30""}}"
20260818115529226109-275,2026-08-18T11:55:29.226109+05:30,PORTFOLIO_NO_TRADE_BLOCK,20260818_102607,,,,,,INDEX:,portfolio_no_trade_engine,paper-strategy-8ade763620b6,opportunity-score-8ade763620b6,universe-a8e55c76a270,PAPER_OVERRIDE::FYERS_PAPER_PROXY_RESEARCH,"{""reason"": ""Portfolio no-trade hard veto: 24_instruments_data_invalid, no_candidate_grade_A_or_better"", ""snapshot"": {""components"": {""best_candidate_weakness_risk"": 42.119181868258416, ""calibration_uncertainty_risk"": 75.0, ""cross_instrument_market_hostility"": 23.304138278264336, ""data_breadth_risk"": 100.0, ""event_gap_system_risk"": 0.0, ""liquidity_breadth_risk"": 100.0, ""recent_loss_psychology_risk"": 0.0}, ""enabled"": true, ""hard_vetoes"": [""24_instruments_data_invalid"", ""no_candidate_grade_A_or_better""], ""score"": 48.94062312271747, ""shutdown_above"": 70.0, ""status"": ""BLOCKED"", ""timestamp"": ""2026-08-18T11:55:29.226109+05:30""}}"
20260818115546869531-276,2026-08-18T11:55:46.869531+05:30,PORTFOLIO_NO_TRADE_BLOCK,20260818_102607,,,,,,INDEX:,portfolio_no_trade_engine,paper-strategy-8ade763620b6,opportunity-score-8ade763620b6,universe-a8e55c76a270,PAPER_OVERRIDE::FYERS_PAPER_PROXY_RESEARCH,"{""reason"": ""Portfolio no-trade hard veto: 19_instruments_data_invalid, no_candidate_grade_A_or_better"", ""snapshot"": {""components"": {""best_candidate_weakness_risk"": 41.00764834905226, ""calibration_uncertainty_risk"": 68.42105263157895, ""cross_instrument_market_hostility"": 23.582631569945068, ""data_breadth_risk"": 100.0, ""event_gap_system_risk"": 0.0, ""liquidity_breadth_risk"": 100.0, ""recent_loss_psychology_risk"": 0.0}, ""enabled"": true, ""hard_vetoes"": [""19_instruments_data_invalid"", ""no_candidate_grade_A_or_better""], ""score"": 48.389491032831025, ""shutdown_above"": 70.0, ""status"": ""BLOCKED"", ""timestamp"": ""2026-08-18T11:55:46.869531+05:30""}}"
20260818115606329781-277,2026-08-18T11:56:06.329781+05:30,PORTFOLIO_NO_TRADE_BLOCK,20260818_102607,,,,,,INDEX:,portfolio_no_trade_engine,paper-strategy-8ade763620b6,opportunity-score-8ade763620b6,universe-a8e55c76a270,PAPER_OVERRIDE::FYERS_PAPER_PROXY_RESEARCH,"{""reason"": ""Portfolio no-trade hard veto: 20_instruments_data_invalid, no_candidate_grade_A_or_better"", ""snapshot"": {""components"": {""best_candidate_weakness_risk"": 41.00734453854992, ""calibration_uncertainty_risk"": 70.0, ""cross_instrument_market_hostility"": 25.62296436409735, ""data_breadth_risk"": 100.0, ""event_gap_system_risk"": 0.0, ""liquidity_breadth_risk"": 100.0, ""recent_loss_psychology_risk"": 0.0}, ""enabled"": true, ""hard_vetoes"": [""20_instruments_data_invalid"", ""no_candidate_grade_A_or_better""], ""score"": 48.87642900745695, ""shutdown_above"": 70.0, ""status"": ""BLOCKED"", ""timestamp"": ""2026-08-18T11:56:06.329781+05:30""}}"
20260818115623133231-278,2026-08-18T11:56:23.133231+05:30,PORTFOLIO_NO_TRADE_BLOCK,20260818_102607,,,,,,INDEX:,portfolio_no_trade_engine,paper-strategy-8ade763620b6,opportunity-score-8ade763620b6,universe-a8e55c76a270,PAPER_OVERRIDE::FYERS_PAPER_PROXY_RESEARCH,"{""reason"": ""Portfolio no-trade hard veto: 15_instruments_data_invalid, no_candidate_grade_A_or_better"", ""snapshot"": {""components"": {""best_candidate_weakness_risk"": 41.00758564745747, ""calibration_uncertainty_risk"": 66.66666666666667, ""cross_instrument_market_hostility"": 24.39228537441041, ""data_breadth_risk"": 100.0, ""event_gap_system_risk"": 0.0, ""liquidity_breadth_risk"": 100.0, ""recent_loss_psychology_risk"": 0.0}, ""enabled"": true, ""hard_vetoes"": [""15_instruments_data_invalid"", ""no_candidate_grade_A_or_better""], ""score"": 48.463686820079786, ""shutdown_above"": 70.0, ""status"": ""BLOCKED"", ""timestamp"": ""2026-08-18T11:56:23.133231+05:30""}}"
20260818115638024705-279,2026-08-18T11:56:38.024705+05:30,PORTFOLIO_NO_TRADE_BLOCK,20260818_102607,,,,,,INDEX:,portfolio_no_trade_engine,paper-strategy-8ade763620b6,opportunity-score-8ade763620b6,universe-a8e55c76a270,PAPER_OVERRIDE::FYERS_PAPER_PROXY_RESEARCH,"{""reason"": ""Portfolio no-trade hard veto: 19_instruments_data_invalid, no_candidate_grade_A_or_better"", ""snapshot"": {""components"": {""best_candidate_weakness_risk"": 41.0078027147943, ""calibration_uncertainty_risk"": 68.42105263157895, ""cross_instrument_market_hostility"": 24.809681755847418, ""data_breadth_risk"": 100.0, ""event_gap_system_risk"": 0.0, ""liquidity_breadth_risk"": 100.0, ""recent_loss_psychology_risk"": 0.0}, ""enabled"": true, ""hard_vetoes"": [""19_instruments_data_invalid"", ""no_candidate_grade_A_or_better""], ""score"": 48.63493966144701, ""shutdown_above"": 70.0, ""status"": ""BLOCKED"", ""timestamp"": ""2026-08-18T11:56:38.024705+05:30""}}"
20260818115655238366-280,2026-08-18T11:56:55.238366+05:30,PORTFOLIO_NO_TRADE_BLOCK,20260818_102607,,,,,,INDEX:,portfolio_no_trade_engine,paper-strategy-8ade763620b6,opportunity-score-8ade763620b6,universe-a8e55c76a270,PAPER_OVERRIDE::FYERS_PAPER_PROXY_RESEARCH,"{""reason"": ""Portfolio no-trade hard veto: 18_instruments_data_invalid, no_candidate_grade_A_or_better"", ""snapshot"": {""components"": {""best_candidate_weakness_risk"": 40.302571862549364, ""calibration_uncertainty_risk"": 72.22222222222223, ""cross_instrument_market_hostility"": 24.69732367836645, ""data_breadth_risk"": 100.0, ""event_gap_system_risk"": 0.0, ""liquidity_breadth_risk"": 100.0, ""recent_loss_psychology_risk"": 0.0}, ""enabled"": true, ""hard_vetoes"": [""18_instruments_data_invalid"", ""no_candidate_grade_A_or_better""], ""score"": 48.62621881242175, ""shutdown_above"": 70.0, ""status"": ""BLOCKED"", ""timestamp"": ""2026-08-18T11:56:55.238366+05:30""}}"
20260818115728330676-281,2026-08-18T11:57:28.330676+05:30,INCIDENT_ENTRY_BLOCK,20260818_102607,,,,,,INDEX:,incident_guard,paper-strategy-8ade763620b6,opportunity-score-8ade763620b6,universe-a8e55c76a270,PAPER_OVERRIDE::FYERS_PAPER_PROXY_RESEARCH,"{""reason"": ""Cycle failure: OptionChainParseError: Missing CE at strike 4080.0; reconnect stabilization in progress""}"
20260818115741065770-282,2026-08-18T11:57:41.065770+05:30,INCIDENT_ENTRY_BLOCK,20260818_102607,,,,,,INDEX:,incident_guard,paper-strategy-8ade763620b6,opportunity-score-8ade763620b6,universe-a8e55c76a270,PAPER_OVERRIDE::FYERS_PAPER_PROXY_RESEARCH,"{""reason"": ""Cycle failure: OptionChainParseError: Missing CE at strike 4080.0; reconnect stabilization in progress""}"
20260818115815678348-283,2026-08-18T11:58:15.678348+05:30,INCIDENT_ENTRY_BLOCK,20260818_102607,,,,,,INDEX:,incident_guard,paper-strategy-8ade763620b6,opportunity-score-8ade763620b6,universe-a8e55c76a270,PAPER_OVERRIDE::FYERS_PAPER_PROXY_RESEARCH,"{""reason"": ""Cycle failure: OptionChainParseError: Missing CE at strike 4080.0; reconnect stabilization in progress""}"
20260818115830092050-284,2026-08-18T11:58:30.092050+05:30,PORTFOLIO_NO_TRADE_BLOCK,20260818_102607,,,,,,INDEX:,portfolio_no_trade_engine,paper-strategy-8ade763620b6,opportunity-score-8ade763620b6,universe-a8e55c76a270,PAPER_OVERRIDE::FYERS_PAPER_PROXY_RESEARCH,"{""reason"": ""Portfolio no-trade hard veto: 21_instruments_data_invalid, no_candidate_grade_A_or_better"", ""snapshot"": {""components"": {""best_candidate_weakness_risk"": 39.86829394126302, ""calibration_uncertainty_risk"": 76.19047619047619, ""cross_instrument_market_hostility"": 26.280675842048804, ""data_breadth_risk"": 100.0, ""event_gap_system_risk"": 0.0, ""liquidity_breadth_risk"": 100.0, ""recent_loss_psychology_risk"": 0.0}, ""enabled"": true, ""hard_vetoes"": [""21_instruments_data_invalid"", ""no_candidate_grade_A_or_better""], ""score"": 49.032732463249324, ""shutdown_above"": 70.0, ""status"": ""BLOCKED"", ""timestamp"": ""2026-08-18T11:58:30.092050+05:30""}}"
20260818115845073874-285,2026-08-18T11:58:45.073874+05:30,PORTFOLIO_NO_TRADE_BLOCK,20260818_102607,,,,,,INDEX:,portfolio_no_trade_engine,paper-strategy-8ade763620b6,opportunity-score-8ade763620b6,universe-a8e55c76a270,PAPER_OVERRIDE::FYERS_PAPER_PROXY_RESEARCH,"{""reason"": ""Portfolio no-trade hard veto: 24_instruments_data_invalid, no_candidate_grade_A_or_better"", ""snapshot"": {""components"": {""best_candidate_weakness_risk"": 39.86833636730167, ""calibration_uncertainty_risk"": 75.0, ""cross_instrument_market_hostility"": 26.150991740843565, ""data_breadth_risk"": 100.0, ""event_gap_system_risk"": 0.0, ""liquidity_breadth_risk"": 100.0, ""recent_loss_psychology_risk"": 0.0}, ""enabled"": true, ""hard_vetoes"": [""24_instruments_data_invalid"", ""no_candidate_grade_A_or_better""], ""score"": 48.94728243999413, ""shutdown_above"": 70.0, ""status"": ""BLOCKED"", ""timestamp"": ""2026-08-18T11:58:45.073874+05:30""}}"
20260818115902874961-286,2026-08-18T11:59:02.874961+05:30,PORTFOLIO_NO_TRADE_BLOCK,20260818_102607,,,,,,INDEX:,portfolio_no_trade_engine,paper-strategy-8ade763620b6,opportunity-score-8ade763620b6,universe-a8e55c76a270,PAPER_OVERRIDE::FYERS_PAPER_PROXY_RESEARCH,"{""reason"": ""Portfolio no-trade hard veto: 20_instruments_data_invalid, no_candidate_grade_A_or_better"", ""snapshot"": {""components"": {""best_candidate_weakness_risk"": 36.03184525368905, ""calibration_uncertainty_risk"": 70.0, ""cross_instrument_market_hostility"": 25.957302971058045, ""data_breadth_risk"": 100.0, ""event_gap_system_risk"": 0.0, ""liquidity_breadth_risk"": 100.0, ""recent_loss_psychology_risk"": 0.0}, ""enabled"": true, ""hard_vetoes"": [""20_instruments_data_invalid"", ""no_candidate_grade_A_or_better""], ""score"": 47.69942190763387, ""shutdown_above"": 70.0, ""status"": ""BLOCKED"", ""timestamp"": ""2026-08-18T11:59:02.874961+05:30""}}"
20260818115922557050-287,2026-08-18T11:59:22.557050+05:30,PORTFOLIO_NO_TRADE_BLOCK,20260818_102607,,,,,,INDEX:,portfolio_no_trade_engine,paper-strategy-8ade763620b6,opportunity-score-8ade763620b6,universe-a8e55c76a270,PAPER_OVERRIDE::FYERS_PAPER_PROXY_RESEARCH,"{""reason"": ""Portfolio no-trade hard veto: 24_instruments_data_invalid, no_candidate_grade_A_or_better"", ""snapshot"": {""components"": {""best_candidate_weakness_risk"": 36.031937143103136, ""calibration_uncertainty_risk"": 70.83333333333333, ""cross_instrument_market_hostility"": 26.48274968854786, ""data_breadth_risk"": 100.0, ""event_gap_system_risk"": 0.0, ""liquidity_breadth_risk"": 100.0, ""recent_loss_psychology_risk"": 0.0}, ""enabled"": true, ""hard_vetoes"": [""24_instruments_data_invalid"", ""no_candidate_grade_A_or_better""], ""score"": 47.84620089015202, ""shutdown_above"": 70.0, ""status"": ""BLOCKED"", ""timestamp"": ""2026-08-18T11:59:22.557050+05:30""}}"
20260818115939324152-288,2026-08-18T11:59:39.324152+05:30,PORTFOLIO_NO_TRADE_BLOCK,20260818_102607,,,,,,INDEX:,portfolio_no_trade_engine,paper-strategy-8ade763620b6,opportunity-score-8ade763620b6,universe-a8e55c76a270,PAPER_OVERRIDE::FYERS_PAPER_PROXY_RESEARCH,"{""reason"": ""Portfolio no-trade hard veto: 25_instruments_data_invalid, no_candidate_grade_A_or_better"", ""snapshot"": {""components"": {""best_candidate_weakness_risk"": 36.331802015245664, ""calibration_uncertainty_risk"": 76.0, ""cross_instrument_market_hostility"": 26.899651164193557, ""data_breadth_risk"": 100.0, ""event_gap_system_risk"": 0.0, ""liquidity_breadth_risk"": 100.0, ""recent_loss_psychology_risk"": 0.0}, ""enabled"": true, ""hard_vetoes"": [""25_instruments_data_invalid"", ""no_candidate_grade_A_or_better""], ""score"": 48.262880736650125, ""shutdown_above"": 70.0, ""status"": ""BLOCKED"", ""timestamp"": ""2026-08-18T11:59:39.324152+05:30""}}"
20260818115956692932-289,2026-08-18T11:59:56.692932+05:30,PORTFOLIO_NO_TRADE_BLOCK,20260818_102607,,,,,,INDEX:,portfolio_no_trade_engine,paper-strategy-8ade763620b6,opportunity-score-8ade763620b6,universe-a8e55c76a270,PAPER_OVERRIDE::FYERS_PAPER_PROXY_RESEARCH,"{""reason"": ""Portfolio no-trade hard veto: 27_instruments_data_invalid, no_candidate_grade_A_or_better"", ""snapshot"": {""components"": {""best_candidate_weakness_risk"": 36.33173175773472, ""calibration_uncertainty_risk"": 77.77777777777777, ""cross_instrument_market_hostility"": 26.86560871676231, ""data_breadth_risk"": 100.0, ""event_gap_system_risk"": 0.0, ""liquidity_breadth_risk"": 100.0, ""recent_loss_psychology_risk"": 0.0}, ""enabled"": true, ""hard_vetoes"": [""27_instruments_data_invalid"", ""no_candidate_grade_A_or_better""], ""score"": 48.34494357167503, ""shutdown_above"": 70.0, ""status"": ""BLOCKED"", ""timestamp"": ""2026-08-18T11:59:56.692932+05:30""}}"
20260818120016773749-290,2026-08-18T12:00:16.773749+05:30,PORTFOLIO_NO_TRADE_BLOCK,20260818_102607,,,,,,INDEX:,portfolio_no_trade_engine,paper-strategy-8ade763620b6,opportunity-score-8ade763620b6,universe-a8e55c76a270,PAPER_OVERRIDE::FYERS_PAPER_PROXY_RESEARCH,"{""reason"": ""Portfolio no-trade hard veto: 28_instruments_data_invalid, no_candidate_grade_A_or_better"", ""snapshot"": {""components"": {""best_candidate_weakness_risk"": 37.13467931460136, ""calibration_uncertainty_risk"": 75.0, ""cross_instrument_market_hostility"": 26.66088493365058, ""data_breadth_risk"": 100.0, ""event_gap_system_risk"": 0.0, ""liquidity_breadth_risk"": 100.0, ""recent_loss_psychology_risk"": 0.0}, ""enabled"": true, ""hard_vetoes"": [""28_instruments_data_invalid"", ""no_candidate_grade_A_or_better""], ""score"": 48.36584681538045, ""shutdown_above"": 70.0, ""status"": ""BLOCKED"", ""timestamp"": ""2026-08-18T12:00:16.773749+05:30""}}"
20260818120052633582-291,2026-08-18T12:00:52.633582+05:30,INCIDENT_ENTRY_BLOCK,20260818_102607,,,,,,INDEX:,incident_guard,paper-strategy-8ade763620b6,opportunity-score-8ade763620b6,universe-a8e55c76a270,PAPER_OVERRIDE::FYERS_PAPER_PROXY_RESEARCH,"{""reason"": ""Cycle failure: OptionChainParseError: Missing PE at strike 2960.0; reconnect stabilization in progress""}"
20260818120105599674-292,2026-08-18T12:01:05.599674+05:30,INCIDENT_ENTRY_BLOCK,20260818_102607,,,,,,INDEX:,incident_guard,paper-strategy-8ade763620b6,opportunity-score-8ade763620b6,universe-a8e55c76a270,PAPER_OVERRIDE::FYERS_PAPER_PROXY_RESEARCH,"{""reason"": ""Cycle failure: OptionChainParseError: Missing PE at strike 2960.0; reconnect stabilization in progress""}"
20260818120140228502-293,2026-08-18T12:01:40.228502+05:30,INCIDENT_ENTRY_BLOCK,20260818_102607,,,,,,INDEX:,incident_guard,paper-strategy-8ade763620b6,opportunity-score-8ade763620b6,universe-a8e55c76a270,PAPER_OVERRIDE::FYERS_PAPER_PROXY_RESEARCH,"{""reason"": ""Cycle failure: OptionChainParseError: Missing PE at strike 2960.0; reconnect stabilization in progress""}"
20260818120208869961-294,2026-08-18T12:02:08.869961+05:30,INCIDENT_ENTRY_BLOCK,20260818_102607,,,,,,INDEX:,incident_guard,paper-strategy-8ade763620b6,opportunity-score-8ade763620b6,universe-a8e55c76a270,PAPER_OVERRIDE::FYERS_PAPER_PROXY_RESEARCH,"{""reason"": ""Cycle failure: OptionChainParseError: Missing CE at strike 2960.0; reconnect stabilization in progress""}"
20260818120223907026-295,2026-08-18T12:02:23.907026+05:30,INCIDENT_ENTRY_BLOCK,20260818_102607,,,,,,INDEX:,incident_guard,paper-strategy-8ade763620b6,opportunity-score-8ade763620b6,universe-a8e55c76a270,PAPER_OVERRIDE::FYERS_PAPER_PROXY_RESEARCH,"{""reason"": ""Cycle failure: OptionChainParseError: Missing CE at strike 2960.0; reconnect stabilization in progress""}"
20260818120241367176-296,2026-08-18T12:02:41.367176+05:30,PORTFOLIO_NO_TRADE_BLOCK,20260818_102607,,,,,,INDEX:,portfolio_no_trade_engine,paper-strategy-8ade763620b6,opportunity-score-8ade763620b6,universe-a8e55c76a270,PAPER_OVERRIDE::FYERS_PAPER_PROXY_RESEARCH,"{""reason"": ""Portfolio no-trade hard veto: 20_instruments_data_invalid, no_candidate_grade_A_or_better"", ""snapshot"": {""components"": {""best_candidate_weakness_risk"": 54.63474309871913, ""calibration_uncertainty_risk"": 75.0, ""cross_instrument_market_hostility"": 25.467535414584326, ""data_breadth_risk"": 100.0, ""event_gap_system_risk"": 0.0, ""liquidity_breadth_risk"": 100.0, ""recent_loss_psychology_risk"": 0.0}, ""enabled"": true, ""hard_vetoes"": [""20_instruments_data_invalid"", ""no_candidate_grade_A_or_better""], ""score"": 52.50219285759665, ""shutdown_above"": 70.0, ""status"": ""BLOCKED"", ""timestamp"": ""2026-08-18T12:02:41.367176+05:30""}}"
20260818120257893009-297,2026-08-18T12:02:57.893009+05:30,PORTFOLIO_NO_TRADE_BLOCK,20260818_102607,,,,,,INDEX:,portfolio_no_trade_engine,paper-strategy-8ade763620b6,opportunity-score-8ade763620b6,universe-a8e55c76a270,PAPER_OVERRIDE::FYERS_PAPER_PROXY_RESEARCH,"{""reason"": ""Portfolio no-trade hard veto: 19_instruments_data_invalid, no_candidate_grade_A_or_better"", ""snapshot"": {""components"": {""best_candidate_weakness_risk"": 54.63460179594353, ""calibration_uncertainty_risk"": 73.6842105263158, ""cross_instrument_market_hostility"": 25.53798988728448, ""data_breadth_risk"": 100.0, ""event_gap_system_risk"": 0.0, ""liquidity_breadth_risk"": 100.0, ""recent_loss_psychology_risk"": 0.0}, ""enabled"": true, ""hard_vetoes"": [""19_instruments_data_invalid"", ""no_candidate_grade_A_or_better""], ""score"": 52.45045895275857, ""shutdown_above"": 70.0, ""status"": ""BLOCKED"", ""timestamp"": ""2026-08-18T12:02:57.893009+05:30""}}"
20260818120312759299-298,2026-08-18T12:03:12.759299+05:30,PORTFOLIO_NO_TRADE_BLOCK,20260818_102607,,,,,,INDEX:,portfolio_no_trade_engine,paper-strategy-8ade763620b6,opportunity-score-8ade763620b6,universe-a8e55c76a270,PAPER_OVERRIDE::FYERS_PAPER_PROXY_RESEARCH,"{""reason"": ""Portfolio no-trade hard veto: 21_instruments_data_invalid, no_candidate_grade_A_or_better"", ""snapshot"": {""components"": {""best_candidate_weakness_risk"": 46.70300591362389, ""calibration_uncertainty_risk"": 71.42857142857143, ""cross_instrument_market_hostility"": 25.579786447165247, ""data_breadth_risk"": 100.0, ""event_gap_system_risk"": 0.0, ""liquidity_breadth_risk"": 100.0, ""recent_loss_psychology_risk"": 0.0}, ""enabled"": true, ""hard_vetoes"": [""21_instruments_data_invalid"", ""no_candidate_grade_A_or_better""], ""score"": 50.363137339267595, ""shutdown_above"": 70.0, ""status"": ""BLOCKED"", ""timestamp"": ""2026-08-18T12:03:12.759299+05:30""}}"
20260818120330643049-299,2026-08-18T12:03:30.643049+05:30,PORTFOLIO_NO_TRADE_BLOCK,20260818_102607,,,,,,INDEX:,portfolio_no_trade_engine,paper-strategy-8ade763620b6,opportunity-score-8ade763620b6,universe-a8e55c76a270,PAPER_OVERRIDE::FYERS_PAPER_PROXY_RESEARCH,"{""reason"": ""Portfolio no-trade hard veto: 22_instruments_data_invalid, no_candidate_grade_A_or_better"", ""snapshot"": {""components"": {""best_candidate_weakness_risk"": 47.249431655275835, ""calibration_uncertainty_risk"": 72.72727272727273, ""cross_instrument_market_hostility"": 25.45375685415655, ""data_breadth_risk"": 100.0, ""event_gap_system_risk"": 0.0, ""liquidity_breadth_risk"": 100.0, ""recent_loss_psychology_risk"": 0.0}, ""enabled"": true, ""hard_vetoes"": [""22_instruments_data_invalid"", ""no_candidate_grade_A_or_better""], ""score"": 50.53947292101391, ""shutdown_above"": 70.0, ""status"": ""BLOCKED"", ""timestamp"": ""2026-08-18T12:03:30.643049+05:30""}}"
20260818120350889536-300,2026-08-18T12:03:50.889536+05:30,PORTFOLIO_NO_TRADE_BLOCK,20260818_102607,,,,,,INDEX:,portfolio_no_trade_engine,paper-strategy-8ade763620b6,opportunity-score-8ade763620b6,universe-a8e55c76a270,PAPER_OVERRIDE::FYERS_PAPER_PROXY_RESEARCH,"{""reason"": ""Portfolio no-trade hard veto: 17_instruments_data_invalid, no_candidate_grade_A_or_better"", ""snapshot"": {""components"": {""best_candidate_weakness_risk"": 52.50754512487352, ""calibration_uncertainty_risk"": 70.58823529411765, ""cross_instrument_market_hostility"": 26.381988634069092, ""data_breadth_risk"": 100.0, ""event_gap_system_risk"": 0.0, ""liquidity_breadth_risk"": 100.0, ""recent_loss_psychology_risk"": 0.0}, ""enabled"": true, ""hard_vetoes"": [""17_instruments_data_invalid"", ""no_candidate_grade_A_or_better""], ""score"": 51.932695772738086, ""shutdown_above"": 70.0, ""status"": ""BLOCKED"", ""timestamp"": ""2026-08-18T12:03:50.889536+05:30""}}"
20260818120408023610-301,2026-08-18T12:04:08.023610+05:30,PORTFOLIO_NO_TRADE_BLOCK,20260818_102607,,,,,,INDEX:,portfolio_no_trade_engine,paper-strategy-8ade763620b6,opportunity-score-8ade763620b6,universe-a8e55c76a270,PAPER_OVERRIDE::FYERS_PAPER_PROXY_RESEARCH,"{""reason"": ""Portfolio no-trade hard veto: 20_instruments_data_invalid, no_candidate_grade_A_or_better"", ""snapshot"": {""components"": {""best_candidate_weakness_risk"": 52.50742393344103, ""calibration_uncertainty_risk"": 70.0, ""cross_instrument_market_hostility"": 25.38839611162608, ""data_breadth_risk"": 100.0, ""event_gap_system_risk"": 0.0, ""liquidity_breadth_risk"": 100.0, ""recent_loss_psychology_risk"": 0.0}, ""enabled"": true, ""hard_vetoes"": [""20_instruments_data_invalid"", ""no_candidate_grade_A_or_better""], ""score"": 51.704535205685474, ""shutdown_above"": 70.0, ""status"": ""BLOCKED"", ""timestamp"": ""2026-08-18T12:04:08.023610+05:30""}}"
20260818120423374023-302,2026-08-18T12:04:23.374023+05:30,PORTFOLIO_NO_TRADE_BLOCK,20260818_102607,,,,,,INDEX:,portfolio_no_trade_engine,paper-strategy-8ade763620b6,opportunity-score-8ade763620b6,universe-a8e55c76a270,PAPER_OVERRIDE::FYERS_PAPER_PROXY_RESEARCH,"{""reason"": ""Portfolio no-trade hard veto: 21_instruments_data_invalid, no_candidate_grade_A_or_better"", ""snapshot"": {""components"": {""best_candidate_weakness_risk"": 37.020079872407706, ""calibration_uncertainty_risk"": 66.66666666666667, ""cross_instrument_market_hostility"": 25.400600030162195, ""data_breadth_risk"": 100.0, ""event_gap_system_risk"": 0.0, ""liquidity_breadth_risk"": 100.0, ""recent_loss_psychology_risk"": 0.0}, ""enabled"": true, ""hard_vetoes"": [""21_instruments_data_invalid"", ""no_candidate_grade_A_or_better""], ""score"": 47.6684733074677, ""shutdown_above"": 70.0, ""status"": ""BLOCKED"", ""timestamp"": ""2026-08-18T12:04:23.374023+05:30""}}"
20260818120441199139-303,2026-08-18T12:04:41.199139+05:30,PORTFOLIO_NO_TRADE_BLOCK,20260818_102607,,,,,,INDEX:,portfolio_no_trade_engine,paper-strategy-8ade763620b6,opportunity-score-8ade763620b6,universe-a8e55c76a270,PAPER_OVERRIDE::FYERS_PAPER_PROXY_RESEARCH,"{""reason"": ""Portfolio no-trade hard veto: 21_instruments_data_invalid, no_candidate_grade_A_or_better"", ""snapshot"": {""components"": {""best_candidate_weakness_risk"": 42.84481420724626, ""calibration_uncertainty_risk"": 61.904761904761905, ""cross_instrument_market_hostility"": 24.592390324304194, ""data_breadth_risk"": 100.0, ""event_gap_system_risk"": 0.0, ""liquidity_breadth_risk"": 100.0, ""recent_loss_psychology_risk"": 0.0}, ""enabled"": true, ""hard_vetoes"": [""21_instruments_data_invalid"", ""no_candidate_grade_A_or_better""], ""score"": 48.724919711910495, ""shutdown_above"": 70.0, ""status"": ""BLOCKED"", ""timestamp"": ""2026-08-18T12:04:41.199139+05:30""}}"
20260818120516557481-304,2026-08-18T12:05:16.557481+05:30,INCIDENT_ENTRY_BLOCK,20260818_102607,,,,,,INDEX:,incident_guard,paper-strategy-8ade763620b6,opportunity-score-8ade763620b6,universe-a8e55c76a270,PAPER_OVERRIDE::FYERS_PAPER_PROXY_RESEARCH,"{""reason"": ""Cycle failure: OptionChainParseError: Missing CE at strike 4080.0; reconnect stabilization in progress""}"
20260818120529383794-305,2026-08-18T12:05:29.383794+05:30,INCIDENT_ENTRY_BLOCK,20260818_102607,,,,,,INDEX:,incident_guard,paper-strategy-8ade763620b6,opportunity-score-8ade763620b6,universe-a8e55c76a270,PAPER_OVERRIDE::FYERS_PAPER_PROXY_RESEARCH,"{""reason"": ""Cycle failure: OptionChainParseError: Missing CE at strike 4080.0; reconnect stabilization in progress""}"
20260818120602714541-306,2026-08-18T12:06:02.714541+05:30,INCIDENT_ENTRY_BLOCK,20260818_102607,,,,,,INDEX:,incident_guard,paper-strategy-8ade763620b6,opportunity-score-8ade763620b6,universe-a8e55c76a270,PAPER_OVERRIDE::FYERS_PAPER_PROXY_RESEARCH,"{""reason"": ""Cycle failure: OptionChainParseError: Missing CE at strike 4080.0; reconnect stabilization in progress""}"
20260818120617261186-307,2026-08-18T12:06:17.261186+05:30,PORTFOLIO_NO_TRADE_BLOCK,20260818_102607,,,,,,INDEX:,portfolio_no_trade_engine,paper-strategy-8ade763620b6,opportunity-score-8ade763620b6,universe-a8e55c76a270,PAPER_OVERRIDE::FYERS_PAPER_PROXY_RESEARCH,"{""reason"": ""Portfolio no-trade hard veto: 29_instruments_data_invalid, no_candidate_grade_A_or_better"", ""snapshot"": {""components"": {""best_candidate_weakness_risk"": 38.71860187538309, ""calibration_uncertainty_risk"": 68.96551724137932, ""cross_instrument_market_hostility"": 27.658188841538678, ""data_breadth_risk"": 100.0, ""event_gap_system_risk"": 0.0, ""liquidity_breadth_risk"": 100.0, ""recent_loss_psychology_risk"": 0.0}, ""enabled"": true, ""hard_vetoes"": [""29_instruments_data_invalid"", ""no_candidate_grade_A_or_better""], ""score"": 48.65956409922248, ""shutdown_above"": 70.0, ""status"": ""BLOCKED"", ""timestamp"": ""2026-08-18T12:06:17.261186+05:30""}}"
20260818120632202135-308,2026-08-18T12:06:32.202135+05:30,PORTFOLIO_NO_TRADE_BLOCK,20260818_102607,,,,,,INDEX:,portfolio_no_trade_engine,paper-strategy-8ade763620b6,opportunity-score-8ade763620b6,universe-a8e55c76a270,PAPER_OVERRIDE::FYERS_PAPER_PROXY_RESEARCH,"{""reason"": ""Portfolio no-trade hard veto: 28_instruments_data_invalid, no_candidate_grade_A_or_better"", ""snapshot"": {""components"": {""best_candidate_weakness_risk"": 40.263753477738746, ""calibration_uncertainty_risk"": 75.0, ""cross_instrument_market_hostility"": 28.657058305042224, ""data_breadth_risk"": 100.0, ""event_gap_system_risk"": 0.0, ""liquidity_breadth_risk"": 100.0, ""recent_loss_psychology_risk"": 0.0}, ""enabled"": true, ""hard_vetoes"": [""28_instruments_data_invalid"", ""no_candidate_grade_A_or_better""], ""score"": 49.54735003044313, ""shutdown_above"": 70.0, ""status"": ""BLOCKED"", ""timestamp"": ""2026-08-18T12:06:32.202135+05:30""}}"
20260818120649286797-309,2026-08-18T12:06:49.286797+05:30,PORTFOLIO_NO_TRADE_BLOCK,20260818_102607,,,,,,INDEX:,portfolio_no_trade_engine,paper-strategy-8ade763620b6,opportunity-score-8ade763620b6,universe-a8e55c76a270,PAPER_OVERRIDE::FYERS_PAPER_PROXY_RESEARCH,"{""reason"": ""Portfolio no-trade hard veto: 21_instruments_data_invalid, no_candidate_grade_A_or_better"", ""snapshot"": {""components"": {""best_candidate_weakness_risk"": 49.492476602170896, ""calibration_uncertainty_risk"": 76.19047619047619, ""cross_instrument_market_hostility"": 28.444056451984537, ""data_breadth_risk"": 100.0, ""event_gap_system_risk"": 0.0, ""liquidity_breadth_risk"": 100.0, ""recent_loss_psychology_risk"": 0.0}, ""enabled"": true, ""hard_vetoes"": [""21_instruments_data_invalid"", ""no_candidate_grade_A_or_better""], ""score"": 51.871454250463444, ""shutdown_above"": 70.0, ""status"": ""BLOCKED"", ""timestamp"": ""2026-08-18T12:06:49.286797+05:30""}}"
20260818120708132240-310,2026-08-18T12:07:08.132240+05:30,PORTFOLIO_NO_TRADE_BLOCK,20260818_102607,,,,,,INDEX:,portfolio_no_trade_engine,paper-strategy-8ade763620b6,opportunity-score-8ade763620b6,universe-a8e55c76a270,PAPER_OVERRIDE::FYERS_PAPER_PROXY_RESEARCH,"{""reason"": ""Portfolio no-trade hard veto: 24_instruments_data_invalid, no_candidate_grade_A_or_better"", ""snapshot"": {""components"": {""best_candidate_weakness_risk"": 45.32267161544361, ""calibration_uncertainty_risk"": 70.83333333333333, ""cross_instrument_market_hostility"": 24.74542390760232, ""data_breadth_risk"": 100.0, ""event_gap_system_risk"": 0.0, ""liquidity_breadth_risk"": 100.0, ""recent_loss_psychology_risk"": 0.0}, ""enabled"": true, ""hard_vetoes"": [""24_instruments_data_invalid"", ""no_candidate_grade_A_or_better""], ""score"": 49.82141935204803, ""shutdown_above"": 70.0, ""status"": ""BLOCKED"", ""timestamp"": ""2026-08-18T12:07:08.132240+05:30""}}"
20260818120731030497-311,2026-08-18T12:07:31.030497+05:30,PORTFOLIO_NO_TRADE_BLOCK,20260818_102607,,,,,,INDEX:,portfolio_no_trade_engine,paper-strategy-8ade763620b6,opportunity-score-8ade763620b6,universe-a8e55c76a270,PAPER_OVERRIDE::FYERS_PAPER_PROXY_RESEARCH,"{""reason"": ""Portfolio no-trade hard veto: 28_instruments_data_invalid, no_candidate_grade_A_or_better"", ""snapshot"": {""components"": {""best_candidate_weakness_risk"": 45.322254423962434, ""calibration_uncertainty_risk"": 75.0, ""cross_instrument_market_hostility"": 25.74660294918586, ""data_breadth_risk"": 100.0, ""event_gap_system_risk"": 0.0, ""liquidity_breadth_risk"": 100.0, ""recent_loss_psychology_risk"": 0.0}, ""enabled"": true, ""hard_vetoes"": [""28_instruments_data_invalid"", ""no_candidate_grade_A_or_better""], ""score"": 50.22988419582778, ""shutdown_above"": 70.0, ""status"": ""BLOCKED"", ""timestamp"": ""2026-08-18T12:07:31.030497+05:30""}}"
20260818120745495229-312,2026-08-18T12:07:45.495229+05:30,PORTFOLIO_NO_TRADE_BLOCK,20260818_102607,,,,,,INDEX:,portfolio_no_trade_engine,paper-strategy-8ade763620b6,opportunity-score-8ade763620b6,universe-a8e55c76a270,PAPER_OVERRIDE::FYERS_PAPER_PROXY_RESEARCH,"{""reason"": ""Portfolio no-trade hard veto: 33_instruments_data_invalid, no_candidate_grade_A_or_better"", ""snapshot"": {""components"": {""best_candidate_weakness_risk"": 46.39394901040122, ""calibration_uncertainty_risk"": 78.78787878787878, ""cross_instrument_market_hostility"": 25.495626075645717, ""data_breadth_risk"": 100.0, ""event_gap_system_risk"": 0.0, ""liquidity_breadth_risk"": 100.0, ""recent_loss_psychology_risk"": 0.0}, ""enabled"": true, ""hard_vetoes"": [""33_instruments_data_invalid"", ""no_candidate_grade_A_or_better""], ""score"": 50.63700640712339, ""shutdown_above"": 70.0, ""status"": ""BLOCKED"", ""timestamp"": ""2026-08-18T12:07:45.495229+05:30""}}"
20260818120810194705-313,2026-08-18T12:08:10.194705+05:30,PORTFOLIO_NO_TRADE_BLOCK,20260818_102607,,,,,,INDEX:,portfolio_no_trade_engine,paper-strategy-8ade763620b6,opportunity-score-8ade763620b6,universe-a8e55c76a270,PAPER_OVERRIDE::FYERS_PAPER_PROXY_RESEARCH,"{""reason"": ""Portfolio no-trade hard veto: 29_instruments_data_invalid, no_candidate_grade_A_or_better"", ""snapshot"": {""components"": {""best_candidate_weakness_risk"": 44.58948532369436, ""calibration_uncertainty_risk"": 79.3103448275862, ""cross_instrument_market_hostility"": 25.861154353820044, ""data_breadth_risk"": 100.0, ""event_gap_system_risk"": 0.0, ""liquidity_breadth_risk"": 100.0, ""recent_loss_psychology_risk"": 0.0}, ""enabled"": true, ""hard_vetoes"": [""29_instruments_data_invalid"", ""no_candidate_grade_A_or_better""], ""score"": 50.28511944306691, ""shutdown_above"": 70.0, ""status"": ""BLOCKED"", ""timestamp"": ""2026-08-18T12:08:10.194705+05:30""}}"
20260818120849668742-314,2026-08-18T12:08:49.668742+05:30,INCIDENT_ENTRY_BLOCK,20260818_102607,,,,,,INDEX:,incident_guard,paper-strategy-8ade763620b6,opportunity-score-8ade763620b6,universe-a8e55c76a270,PAPER_OVERRIDE::FYERS_PAPER_PROXY_RESEARCH,"{""reason"": ""Cycle failure: OptionChainParseError: Missing PE at strike 2960.0; reconnect stabilization in progress""}"
20260818120904867037-315,2026-08-18T12:09:04.867037+05:30,INCIDENT_ENTRY_BLOCK,20260818_102607,,,,,,INDEX:,incident_guard,paper-strategy-8ade763620b6,opportunity-score-8ade763620b6,universe-a8e55c76a270,PAPER_OVERRIDE::FYERS_PAPER_PROXY_RESEARCH,"{""reason"": ""Cycle failure: OptionChainParseError: Missing PE at strike 2960.0; reconnect stabilization in progress""}"
20260818120935779438-316,2026-08-18T12:09:35.779438+05:30,INCIDENT_ENTRY_BLOCK,20260818_102607,,,,,,INDEX:,incident_guard,paper-strategy-8ade763620b6,opportunity-score-8ade763620b6,universe-a8e55c76a270,PAPER_OVERRIDE::FYERS_PAPER_PROXY_RESEARCH,"{""reason"": ""Cycle failure: OptionChainParseError: Missing PE at strike 2960.0; reconnect stabilization in progress""}"
20260818121002600293-317,2026-08-18T12:10:02.600293+05:30,INCIDENT_ENTRY_BLOCK,20260818_102607,,,,,,INDEX:,incident_guard,paper-strategy-8ade763620b6,opportunity-score-8ade763620b6,universe-a8e55c76a270,PAPER_OVERRIDE::FYERS_PAPER_PROXY_RESEARCH,"{""reason"": ""Cycle failure: OptionChainParseError: Missing CE at strike 3040.0; reconnect stabilization in progress""}"
20260818121018427593-318,2026-08-18T12:10:18.427593+05:30,INCIDENT_ENTRY_BLOCK,20260818_102607,,,,,,INDEX:,incident_guard,paper-strategy-8ade763620b6,opportunity-score-8ade763620b6,universe-a8e55c76a270,PAPER_OVERRIDE::FYERS_PAPER_PROXY_RESEARCH,"{""reason"": ""Cycle failure: OptionChainParseError: Missing CE at strike 3040.0; reconnect stabilization in progress""}"
20260818121040860215-319,2026-08-18T12:10:40.860215+05:30,PORTFOLIO_NO_TRADE_BLOCK,20260818_102607,,,,,,INDEX:,portfolio_no_trade_engine,paper-strategy-8ade763620b6,opportunity-score-8ade763620b6,universe-a8e55c76a270,PAPER_OVERRIDE::FYERS_PAPER_PROXY_RESEARCH,"{""reason"": ""Portfolio no-trade hard veto: 23_instruments_data_invalid, no_candidate_grade_A_or_better"", ""snapshot"": {""components"": {""best_candidate_weakness_risk"": 47.560937680390204, ""calibration_uncertainty_risk"": 73.91304347826087, ""cross_instrument_market_hostility"": 25.206286040190495, ""data_breadth_risk"": 100.0, ""event_gap_system_risk"": 0.0, ""liquidity_breadth_risk"": 100.0, ""recent_loss_psychology_risk"": 0.0}, ""enabled"": true, ""hard_vetoes"": [""23_instruments_data_invalid"", ""no_candidate_grade_A_or_better""], ""score"": 50.62714380204869, ""shutdown_above"": 70.0, ""status"": ""BLOCKED"", ""timestamp"": ""2026-08-18T12:10:40.860215+05:30""}}"
20260818121101447433-320,2026-08-18T12:11:01.447433+05:30,PORTFOLIO_NO_TRADE_BLOCK,20260818_102607,,,,,,INDEX:,portfolio_no_trade_engine,paper-strategy-8ade763620b6,opportunity-score-8ade763620b6,universe-a8e55c76a270,PAPER_OVERRIDE::FYERS_PAPER_PROXY_RESEARCH,"{""reason"": ""Portfolio no-trade hard veto: 22_instruments_data_invalid, no_candidate_grade_A_or_better"", ""snapshot"": {""components"": {""best_candidate_weakness_risk"": 47.5609470386813, ""calibration_uncertainty_risk"": 77.27272727272727, ""cross_instrument_market_hostility"": 25.407352806919018, ""data_breadth_risk"": 100.0, ""event_gap_system_risk"": 0.0, ""liquidity_breadth_risk"": 100.0, ""recent_loss_psychology_risk"": 0.0}, ""enabled"": true, ""hard_vetoes"": [""22_instruments_data_invalid"", ""no_candidate_grade_A_or_better""], ""score"": 50.835343684690486, ""shutdown_above"": 70.0, ""status"": ""BLOCKED"", ""timestamp"": ""2026-08-18T12:11:01.447433+05:30""}}"
20260818121129196543-321,2026-08-18T12:11:29.196543+05:30,PORTFOLIO_NO_TRADE_BLOCK,20260818_102607,,,,,,INDEX:,portfolio_no_trade_engine,paper-strategy-8ade763620b6,opportunity-score-8ade763620b6,universe-a8e55c76a270,PAPER_OVERRIDE::FYERS_PAPER_PROXY_RESEARCH,"{""reason"": ""Portfolio no-trade hard veto: 22_instruments_data_invalid, no_candidate_grade_A_or_better"", ""snapshot"": {""components"": {""best_candidate_weakness_risk"": 53.63718389185631, ""calibration_uncertainty_risk"": 81.81818181818181, ""cross_instrument_market_hostility"": 25.999766083863356, ""data_breadth_risk"": 100.0, ""event_gap_system_risk"": 0.0, ""liquidity_breadth_risk"": 100.0, ""recent_loss_psychology_risk"": 0.0}, ""enabled"": true, ""hard_vetoes"": [""22_instruments_data_invalid"", ""no_candidate_grade_A_or_better""], ""score"": 52.700158280645844, ""shutdown_above"": 70.0, ""status"": ""BLOCKED"", ""timestamp"": ""2026-08-18T12:11:29.196543+05:30""}}"
20260818121210398784-322,2026-08-18T12:12:10.398784+05:30,PORTFOLIO_NO_TRADE_BLOCK,20260818_102607,,,,,,INDEX:,portfolio_no_trade_engine,paper-strategy-8ade763620b6,opportunity-score-8ade763620b6,universe-a8e55c76a270,PAPER_OVERRIDE::FYERS_PAPER_PROXY_RESEARCH,"{""reason"": ""Portfolio no-trade hard veto: 13_instruments_data_invalid, no_candidate_grade_A_or_better"", ""snapshot"": {""components"": {""best_candidate_weakness_risk"": 45.27874028458639, ""calibration_uncertainty_risk"": 69.23076923076923, ""cross_instrument_market_hostility"": 24.449663503926047, ""data_breadth_risk"": 100.0, ""event_gap_system_risk"": 0.0, ""liquidity_breadth_risk"": 100.0, ""recent_loss_psychology_risk"": 0.0}, ""enabled"": true, ""hard_vetoes"": [""13_instruments_data_invalid"", ""no_candidate_grade_A_or_better""], ""score"": 49.67115623347026, ""shutdown_above"": 70.0, ""status"": ""BLOCKED"", ""timestamp"": ""2026-08-18T12:12:10.398784+05:30""}}"
20260818121230190235-323,2026-08-18T12:12:30.190235+05:30,PORTFOLIO_NO_TRADE_BLOCK,20260818_102607,,,,,,INDEX:,portfolio_no_trade_engine,paper-strategy-8ade763620b6,opportunity-score-8ade763620b6,universe-a8e55c76a270,PAPER_OVERRIDE::FYERS_PAPER_PROXY_RESEARCH,"{""reason"": ""Portfolio no-trade hard veto: 11_instruments_data_invalid, no_candidate_grade_A_or_better"", ""snapshot"": {""components"": {""best_candidate_weakness_risk"": 51.11037321176717, ""calibration_uncertainty_risk"": 72.72727272727273, ""cross_instrument_market_hostility"": 25.23457041845344, ""data_breadth_risk"": 100.0, ""event_gap_system_risk"": 0.0, ""liquidity_breadth_risk"": 100.0, ""recent_loss_psychology_risk"": 0.0}, ""enabled"": true, ""hard_vetoes"": [""11_instruments_data_invalid"", ""no_candidate_grade_A_or_better""], ""score"": 51.460871022996116, ""shutdown_above"": 70.0, ""status"": ""BLOCKED"", ""timestamp"": ""2026-08-18T12:12:30.190235+05:30""}}"
20260818121247744919-324,2026-08-18T12:12:47.744919+05:30,PORTFOLIO_NO_TRADE_BLOCK,20260818_102607,,,,,,INDEX:,portfolio_no_trade_engine,paper-strategy-8ade763620b6,opportunity-score-8ade763620b6,universe-a8e55c76a270,PAPER_OVERRIDE::FYERS_PAPER_PROXY_RESEARCH,"{""reason"": ""Portfolio no-trade hard veto: 13_instruments_data_invalid, no_candidate_grade_A_or_better"", ""snapshot"": {""components"": {""best_candidate_weakness_risk"": 51.110425936608685, ""calibration_uncertainty_risk"": 76.92307692307692, ""cross_instrument_market_hostility"": 25.02896929554449, ""data_breadth_risk"": 100.0, ""event_gap_system_risk"": 0.0, ""liquidity_breadth_risk"": 100.0, ""recent_loss_psychology_risk"": 0.0}, ""enabled"": true, ""hard_vetoes"": [""13_instruments_data_invalid"", ""no_candidate_grade_A_or_better""], ""score"": 51.62955418941492, ""shutdown_above"": 70.0, ""status"": ""BLOCKED"", ""timestamp"": ""2026-08-18T12:12:47.744919+05:30""}}"
20260818121323331085-325,2026-08-18T12:13:23.331085+05:30,INCIDENT_ENTRY_BLOCK,20260818_102607,,,,,,INDEX:,incident_guard,paper-strategy-8ade763620b6,opportunity-score-8ade763620b6,universe-a8e55c76a270,PAPER_OVERRIDE::FYERS_PAPER_PROXY_RESEARCH,"{""reason"": ""Cycle failure: OptionChainParseError: Missing CE at strike 4080.0; reconnect stabilization in progress""}"
20260818121355499578-326,2026-08-18T12:13:55.499578+05:30,INCIDENT_ENTRY_BLOCK,20260818_102607,,,,,,INDEX:,incident_guard,paper-strategy-8ade763620b6,opportunity-score-8ade763620b6,universe-a8e55c76a270,PAPER_OVERRIDE::FYERS_PAPER_PROXY_RESEARCH,"{""reason"": ""Cycle failure: OptionChainParseError: Missing CE at strike 4080.0; reconnect stabilization in progress""}"
20260818121414848468-327,2026-08-18T12:14:14.848468+05:30,PORTFOLIO_NO_TRADE_BLOCK,20260818_102607,,,,,,INDEX:,portfolio_no_trade_engine,paper-strategy-8ade763620b6,opportunity-score-8ade763620b6,universe-a8e55c76a270,PAPER_OVERRIDE::FYERS_PAPER_PROXY_RESEARCH,"{""reason"": ""Portfolio no-trade hard veto: 21_instruments_data_invalid, no_candidate_grade_A_or_better"", ""snapshot"": {""components"": {""best_candidate_weakness_risk"": 43.179993103719525, ""calibration_uncertainty_risk"": 76.19047619047619, ""cross_instrument_market_hostility"": 27.974257077056087, ""data_breadth_risk"": 100.0, ""event_gap_system_risk"": 0.0, ""liquidity_breadth_risk"": 100.0, ""recent_loss_psychology_risk"": 0.0}, ""enabled"": true, ""hard_vetoes"": [""21_instruments_data_invalid"", ""no_candidate_grade_A_or_better""], ""score"": 50.19937350086491, ""shutdown_above"": 70.0, ""status"": ""BLOCKED"", ""timestamp"": ""2026-08-18T12:14:14.848468+05:30""}}"
20260818121430731060-328,2026-08-18T12:14:30.731060+05:30,PORTFOLIO_NO_TRADE_BLOCK,20260818_102607,,,,,,INDEX:,portfolio_no_trade_engine,paper-strategy-8ade763620b6,opportunity-score-8ade763620b6,universe-a8e55c76a270,PAPER_OVERRIDE::FYERS_PAPER_PROXY_RESEARCH,"{""reason"": ""Portfolio no-trade hard veto: 21_instruments_data_invalid, no_candidate_grade_A_or_better"", ""snapshot"": {""components"": {""best_candidate_weakness_risk"": 43.18031402030449, ""calibration_uncertainty_risk"": 71.42857142857143, ""cross_instrument_market_hostility"": 26.870223603092953, ""data_breadth_risk"": 100.0, ""event_gap_system_risk"": 0.0, ""liquidity_breadth_risk"": 100.0, ""recent_loss_psychology_risk"": 0.0}, ""enabled"": true, ""hard_vetoes"": [""21_instruments_data_invalid"", ""no_candidate_grade_A_or_better""], ""score"": 49.74055179712329, ""shutdown_above"": 70.0, ""status"": ""BLOCKED"", ""timestamp"": ""2026-08-18T12:14:30.731060+05:30""}}"
20260818121450513449-329,2026-08-18T12:14:50.513449+05:30,PORTFOLIO_NO_TRADE_BLOCK,20260818_102607,,,,,,INDEX:,portfolio_no_trade_engine,paper-strategy-8ade763620b6,opportunity-score-8ade763620b6,universe-a8e55c76a270,PAPER_OVERRIDE::FYERS_PAPER_PROXY_RESEARCH,"{""reason"": ""Portfolio no-trade hard veto: 21_instruments_data_invalid, no_candidate_grade_A_or_better"", ""snapshot"": {""components"": {""best_candidate_weakness_risk"": 37.36245086794439, ""calibration_uncertainty_risk"": 76.19047619047619, ""cross_instrument_market_hostility"": 27.588969538710227, ""data_breadth_risk"": 100.0, ""event_gap_system_risk"": 0.0, ""liquidity_breadth_risk"": 100.0, ""recent_loss_psychology_risk"": 0.0}, ""enabled"": true, ""hard_vetoes"": [""21_instruments_data_invalid"", ""no_candidate_grade_A_or_better""], ""score"": 48.66793043425196, ""shutdown_above"": 70.0, ""status"": ""BLOCKED"", ""timestamp"": ""2026-08-18T12:14:50.513449+05:30""}}"
20260818121532193802-330,2026-08-18T12:15:32.193802+05:30,PORTFOLIO_NO_TRADE_BLOCK,20260818_102607,,,,,,INDEX:,portfolio_no_trade_engine,paper-strategy-8ade763620b6,opportunity-score-8ade763620b6,universe-a8e55c76a270,PAPER_OVERRIDE::FYERS_PAPER_PROXY_RESEARCH,"{""reason"": ""Portfolio no-trade hard veto: 21_instruments_data_invalid, no_candidate_grade_A_or_better"", ""snapshot"": {""components"": {""best_candidate_weakness_risk"": 37.228819424527146, ""calibration_uncertainty_risk"": 71.42857142857143, ""cross_instrument_market_hostility"": 27.985938357928642, ""data_breadth_risk"": 100.0, ""event_gap_system_risk"": 0.0, ""liquidity_breadth_risk"": 100.0, ""recent_loss_psychology_risk"": 0.0}, ""enabled"": true, ""hard_vetoes"": [""21_instruments_data_invalid"", ""no_candidate_grade_A_or_better""], ""score"": 48.47582109914609, ""shutdown_above"": 70.0, ""status"": ""BLOCKED"", ""timestamp"": ""2026-08-18T12:15:32.193802+05:30""}}"
20260818121609781253-331,2026-08-18T12:16:09.781253+05:30,INCIDENT_ENTRY_BLOCK,20260818_102607,,,,,,INDEX:,incident_guard,paper-strategy-8ade763620b6,opportunity-score-8ade763620b6,universe-a8e55c76a270,PAPER_OVERRIDE::FYERS_PAPER_PROXY_RESEARCH,"{""reason"": ""Cycle failure: OptionChainParseError: Missing PE at strike 2960.0; reconnect stabilization in progress""}"
20260818121622808026-332,2026-08-18T12:16:22.808026+05:30,INCIDENT_ENTRY_BLOCK,20260818_102607,,,,,,INDEX:,incident_guard,paper-strategy-8ade763620b6,opportunity-score-8ade763620b6,universe-a8e55c76a270,PAPER_OVERRIDE::FYERS_PAPER_PROXY_RESEARCH,"{""reason"": ""Cycle failure: OptionChainParseError: Missing PE at strike 2960.0; reconnect stabilization in progress""}"
20260818121657640092-333,2026-08-18T12:16:57.640092+05:30,INCIDENT_ENTRY_BLOCK,20260818_102607,,,,,,INDEX:,incident_guard,paper-strategy-8ade763620b6,opportunity-score-8ade763620b6,universe-a8e55c76a270,PAPER_OVERRIDE::FYERS_PAPER_PROXY_RESEARCH,"{""reason"": ""Cycle failure: OptionChainParseError: Missing PE at strike 2960.0; reconnect stabilization in progress""}"
20260818121723696766-334,2026-08-18T12:17:23.696766+05:30,INCIDENT_ENTRY_BLOCK,20260818_102607,,,,,,INDEX:,incident_guard,paper-strategy-8ade763620b6,opportunity-score-8ade763620b6,universe-a8e55c76a270,PAPER_OVERRIDE::FYERS_PAPER_PROXY_RESEARCH,"{""reason"": ""Cycle failure: OptionChainParseError: Missing CE at strike 3040.0; reconnect stabilization in progress""}"
20260818121737194258-335,2026-08-18T12:17:37.194258+05:30,INCIDENT_ENTRY_BLOCK,20260818_102607,,,,,,INDEX:,incident_guard,paper-strategy-8ade763620b6,opportunity-score-8ade763620b6,universe-a8e55c76a270,PAPER_OVERRIDE::FYERS_PAPER_PROXY_RESEARCH,"{""reason"": ""Cycle failure: OptionChainParseError: Missing CE at strike 3040.0; reconnect stabilization in progress""}"
20260818121759211880-336,2026-08-18T12:17:59.211880+05:30,PORTFOLIO_NO_TRADE_BLOCK,20260818_102607,,,,,,INDEX:,portfolio_no_trade_engine,paper-strategy-8ade763620b6,opportunity-score-8ade763620b6,universe-a8e55c76a270,PAPER_OVERRIDE::FYERS_PAPER_PROXY_RESEARCH,"{""reason"": ""Portfolio no-trade hard veto: 27_instruments_data_invalid, no_candidate_grade_A_or_better"", ""snapshot"": {""components"": {""best_candidate_weakness_risk"": 40.99363117106529, ""calibration_uncertainty_risk"": 70.37037037037037, ""cross_instrument_market_hostility"": 26.84430442608944, ""data_breadth_risk"": 100.0, ""event_gap_system_risk"": 0.0, ""liquidity_breadth_risk"": 100.0, ""recent_loss_psychology_risk"": 0.0}, ""enabled"": true, ""hard_vetoes"": [""27_instruments_data_invalid"", ""no_candidate_grade_A_or_better""], ""score"": 49.13578719650273, ""shutdown_above"": 70.0, ""status"": ""BLOCKED"", ""timestamp"": ""2026-08-18T12:17:59.211880+05:30""}}"
20260818121814896918-337,2026-08-18T12:18:14.896918+05:30,PORTFOLIO_NO_TRADE_BLOCK,20260818_102607,,,,,,INDEX:,portfolio_no_trade_engine,paper-strategy-8ade763620b6,opportunity-score-8ade763620b6,universe-a8e55c76a270,PAPER_OVERRIDE::FYERS_PAPER_PROXY_RESEARCH,"{""reason"": ""Portfolio no-trade hard veto: 25_instruments_data_invalid, no_candidate_grade_A_or_better"", ""snapshot"": {""components"": {""best_candidate_weakness_risk"": 40.99363117106529, ""calibration_uncertainty_risk"": 68.0, ""cross_instrument_market_hostility"": 26.22008780307259, ""data_breadth_risk"": 100.0, ""event_gap_system_risk"": 0.0, ""liquidity_breadth_risk"": 100.0, ""recent_loss_psychology_risk"": 0.0}, ""enabled"": true, ""hard_vetoes"": [""25_instruments_data_invalid"", ""no_candidate_grade_A_or_better""], ""score"": 48.89242535338084, ""shutdown_above"": 70.0, ""status"": ""BLOCKED"", ""timestamp"": ""2026-08-18T12:18:14.896918+05:30""}}"
20260818121830332736-338,2026-08-18T12:18:30.332736+05:30,PORTFOLIO_NO_TRADE_BLOCK,20260818_102607,,,,,,INDEX:,portfolio_no_trade_engine,paper-strategy-8ade763620b6,opportunity-score-8ade763620b6,universe-a8e55c76a270,PAPER_OVERRIDE::FYERS_PAPER_PROXY_RESEARCH,"{""reason"": ""Portfolio no-trade hard veto: 23_instruments_data_invalid, no_candidate_grade_A_or_better"", ""snapshot"": {""components"": {""best_candidate_weakness_risk"": 40.99363117106529, ""calibration_uncertainty_risk"": 73.91304347826087, ""cross_instrument_market_hostility"": 26.744280504228133, ""data_breadth_risk"": 100.0, ""event_gap_system_risk"": 0.0, ""liquidity_breadth_risk"": 100.0, ""recent_loss_psychology_risk"": 0.0}, ""enabled"": true, ""hard_vetoes"": [""23_instruments_data_invalid"", ""no_candidate_grade_A_or_better""], ""score"": 49.292916067525, ""shutdown_above"": 70.0, ""status"": ""BLOCKED"", ""timestamp"": ""2026-08-18T12:18:30.332736+05:30""}}"
20260818121845516083-339,2026-08-18T12:18:45.516083+05:30,PORTFOLIO_NO_TRADE_BLOCK,20260818_102607,,,,,,INDEX:,portfolio_no_trade_engine,paper-strategy-8ade763620b6,opportunity-score-8ade763620b6,universe-a8e55c76a270,PAPER_OVERRIDE::FYERS_PAPER_PROXY_RESEARCH,"{""reason"": ""Portfolio no-trade hard veto: 25_instruments_data_invalid, no_candidate_grade_A_or_better"", ""snapshot"": {""components"": {""best_candidate_weakness_risk"": 40.99363117106529, ""calibration_uncertainty_risk"": 72.0, ""cross_instrument_market_hostility"": 27.15612942339993, ""data_breadth_risk"": 100.0, ""event_gap_system_risk"": 0.0, ""liquidity_breadth_risk"": 100.0, ""recent_loss_psychology_risk"": 0.0}, ""enabled"": true, ""hard_vetoes"": [""25_instruments_data_invalid"", ""no_candidate_grade_A_or_better""], ""score"": 49.279633677446306, ""shutdown_above"": 70.0, ""status"": ""BLOCKED"", ""timestamp"": ""2026-08-18T12:18:45.516083+05:30""}}"
20260818121913083769-340,2026-08-18T12:19:13.083769+05:30,PORTFOLIO_NO_TRADE_BLOCK,20260818_102607,,,,,,INDEX:,portfolio_no_trade_engine,paper-strategy-8ade763620b6,opportunity-score-8ade763620b6,universe-a8e55c76a270,PAPER_OVERRIDE::FYERS_PAPER_PROXY_RESEARCH,"{""reason"": ""Portfolio no-trade hard veto: 28_instruments_data_invalid, no_candidate_grade_A_or_better"", ""snapshot"": {""components"": {""best_candidate_weakness_risk"": 45.33175385765915, ""calibration_uncertainty_risk"": 82.14285714285714, ""cross_instrument_market_hostility"": 24.593759932867965, ""data_breadth_risk"": 100.0, ""event_gap_system_risk"": 0.0, ""liquidity_breadth_risk"": 100.0, ""recent_loss_psychology_risk"": 0.0}, ""enabled"": true, ""hard_vetoes"": [""28_instruments_data_invalid"", ""no_candidate_grade_A_or_better""], ""score"": 50.35883330813123, ""shutdown_above"": 70.0, ""status"": ""BLOCKED"", ""timestamp"": ""2026-08-18T12:19:13.083769+05:30""}}"
20260818121927861590-341,2026-08-18T12:19:27.861590+05:30,PORTFOLIO_NO_TRADE_BLOCK,20260818_102607,,,,,,INDEX:,portfolio_no_trade_engine,paper-strategy-8ade763620b6,opportunity-score-8ade763620b6,universe-a8e55c76a270,PAPER_OVERRIDE::FYERS_PAPER_PROXY_RESEARCH,"{""reason"": ""Portfolio no-trade hard veto: 30_instruments_data_invalid, no_candidate_grade_A_or_better"", ""snapshot"": {""components"": {""best_candidate_weakness_risk"": 44.30786289805493, ""calibration_uncertainty_risk"": 80.0, ""cross_instrument_market_hostility"": 24.71943677816486, ""data_breadth_risk"": 100.0, ""event_gap_system_risk"": 0.0, ""liquidity_breadth_risk"": 100.0, ""recent_loss_psychology_risk"": 0.0}, ""enabled"": true, ""hard_vetoes"": [""30_instruments_data_invalid"", ""no_candidate_grade_A_or_better""], ""score"": 50.02085308014671, ""shutdown_above"": 70.0, ""status"": ""BLOCKED"", ""timestamp"": ""2026-08-18T12:19:27.861590+05:30""}}"
20260818121942977584-342,2026-08-18T12:19:42.977584+05:30,PORTFOLIO_NO_TRADE_BLOCK,20260818_102607,,,,,,INDEX:,portfolio_no_trade_engine,paper-strategy-8ade763620b6,opportunity-score-8ade763620b6,universe-a8e55c76a270,PAPER_OVERRIDE::FYERS_PAPER_PROXY_RESEARCH,"{""reason"": ""Portfolio no-trade hard veto: 24_instruments_data_invalid, no_candidate_grade_A_or_better"", ""snapshot"": {""components"": {""best_candidate_weakness_risk"": 44.60795417975429, ""calibration_uncertainty_risk"": 79.16666666666667, ""cross_instrument_market_hostility"": 24.07688430626152, ""data_breadth_risk"": 100.0, ""event_gap_system_risk"": 0.0, ""liquidity_breadth_risk"": 100.0, ""recent_loss_psychology_risk"": 0.0}, ""enabled"": true, ""hard_vetoes"": [""24_instruments_data_invalid"", ""no_candidate_grade_A_or_better""], ""score"": 49.925698739524215, ""shutdown_above"": 70.0, ""status"": ""BLOCKED"", ""timestamp"": ""2026-08-18T12:19:42.977584+05:30""}}"
20260818121957687148-343,2026-08-18T12:19:57.687148+05:30,PORTFOLIO_NO_TRADE_BLOCK,20260818_102607,,,,,,INDEX:,portfolio_no_trade_engine,paper-strategy-8ade763620b6,opportunity-score-8ade763620b6,universe-a8e55c76a270,PAPER_OVERRIDE::FYERS_PAPER_PROXY_RESEARCH,"{""reason"": ""Portfolio no-trade hard veto: 23_instruments_data_invalid, no_candidate_grade_A_or_better"", ""snapshot"": {""components"": {""best_candidate_weakness_risk"": 45.031753857659155, ""calibration_uncertainty_risk"": 82.6086956521739, ""cross_instrument_market_hostility"": 24.271454781238702, ""data_breadth_risk"": 100.0, ""event_gap_system_risk"": 0.0, ""liquidity_breadth_risk"": 100.0, ""recent_loss_psychology_risk"": 0.0}, ""enabled"": true, ""hard_vetoes"": [""23_instruments_data_invalid"", ""no_candidate_grade_A_or_better""], ""score"": 50.242664203271225, ""shutdown_above"": 70.0, ""status"": ""BLOCKED"", ""timestamp"": ""2026-08-18T12:19:57.687148+05:30""}}"
20260818122021318072-344,2026-08-18T12:20:21.318072+05:30,PORTFOLIO_NO_TRADE_BLOCK,20260818_102607,,,,,,INDEX:,portfolio_no_trade_engine,paper-strategy-8ade763620b6,opportunity-score-8ade763620b6,universe-a8e55c76a270,PAPER_OVERRIDE::FYERS_PAPER_PROXY_RESEARCH,"{""reason"": ""Portfolio no-trade hard veto: 12_instruments_data_invalid, no_candidate_grade_A_or_better"", ""snapshot"": {""components"": {""best_candidate_weakness_risk"": 43.432655229025386, ""calibration_uncertainty_risk"": 75.0, ""cross_instrument_market_hostility"": 25.767619560946656, ""data_breadth_risk"": 100.0, ""event_gap_system_risk"": 0.0, ""liquidity_breadth_risk"": 100.0, ""recent_loss_psychology_risk"": 0.0}, ""enabled"": true, ""hard_vetoes"": [""12_instruments_data_invalid"", ""no_candidate_grade_A_or_better""], ""score"": 49.761687719445675, ""shutdown_above"": 70.0, ""status"": ""BLOCKED"", ""timestamp"": ""2026-08-18T12:20:21.318072+05:30""}}"
20260818122034811657-345,2026-08-18T12:20:34.811657+05:30,PORTFOLIO_NO_TRADE_BLOCK,20260818_102607,,,,,,INDEX:,portfolio_no_trade_engine,paper-strategy-8ade763620b6,opportunity-score-8ade763620b6,universe-a8e55c76a270,PAPER_OVERRIDE::FYERS_PAPER_PROXY_RESEARCH,"{""reason"": ""Portfolio no-trade hard veto: 11_instruments_data_invalid, no_candidate_grade_A_or_better"", ""snapshot"": {""components"": {""best_candidate_weakness_risk"": 43.432655229025386, ""calibration_uncertainty_risk"": 72.72727272727273, ""cross_instrument_market_hostility"": 26.209294784541758, ""data_breadth_risk"": 100.0, ""event_gap_system_risk"": 0.0, ""liquidity_breadth_risk"": 100.0, ""recent_loss_psychology_risk"": 0.0}, ""enabled"": true, ""hard_vetoes"": [""11_instruments_data_invalid"", ""no_candidate_grade_A_or_better""], ""score"": 49.73638640052833, ""shutdown_above"": 70.0, ""status"": ""BLOCKED"", ""timestamp"": ""2026-08-18T12:20:34.811657+05:30""}}"
20260818122048142286-346,2026-08-18T12:20:48.142286+05:30,PORTFOLIO_NO_TRADE_BLOCK,20260818_102607,,,,,,INDEX:,portfolio_no_trade_engine,paper-strategy-8ade763620b6,opportunity-score-8ade763620b6,universe-a8e55c76a270,PAPER_OVERRIDE::FYERS_PAPER_PROXY_RESEARCH,"{""reason"": ""Portfolio no-trade hard veto: 14_instruments_data_invalid, no_candidate_grade_A_or_better"", ""snapshot"": {""components"": {""best_candidate_weakness_risk"": 43.432655229025386, ""calibration_uncertainty_risk"": 57.142857142857146, ""cross_instrument_market_hostility"": 25.115148840145917, ""data_breadth_risk"": 100.0, ""event_gap_system_risk"": 0.0, ""liquidity_breadth_risk"": 100.0, ""recent_loss_psychology_risk"": 0.0}, ""enabled"": true, ""hard_vetoes"": [""14_instruments_data_invalid"", ""no_candidate_grade_A_or_better""], ""score"": 48.73833643242838, ""shutdown_above"": 70.0, ""status"": ""BLOCKED"", ""timestamp"": ""2026-08-18T12:20:48.142286+05:30""}}"
20260818122102366447-347,2026-08-18T12:21:02.366447+05:30,PORTFOLIO_NO_TRADE_BLOCK,20260818_102607,,,,,,INDEX:,portfolio_no_trade_engine,paper-strategy-8ade763620b6,opportunity-score-8ade763620b6,universe-a8e55c76a270,PAPER_OVERRIDE::FYERS_PAPER_PROXY_RESEARCH,"{""reason"": ""Portfolio no-trade hard veto: 11_instruments_data_invalid, no_candidate_grade_A_or_better"", ""snapshot"": {""components"": {""best_candidate_weakness_risk"": 43.432655229025386, ""calibration_uncertainty_risk"": 72.72727272727273, ""cross_instrument_market_hostility"": 25.38505436465873, ""data_breadth_risk"": 100.0, ""event_gap_system_risk"": 0.0, ""liquidity_breadth_risk"": 100.0, ""recent_loss_psychology_risk"": 0.0}, ""enabled"": true, ""hard_vetoes"": [""11_instruments_data_invalid"", ""no_candidate_grade_A_or_better""], ""score"": 49.571538316551724, ""shutdown_above"": 70.0, ""status"": ""BLOCKED"", ""timestamp"": ""2026-08-18T12:21:02.366447+05:30""}}"
20260818122137574297-348,2026-08-18T12:21:37.574297+05:30,INCIDENT_ENTRY_BLOCK,20260818_102607,,,,,,INDEX:,incident_guard,paper-strategy-8ade763620b6,opportunity-score-8ade763620b6,universe-a8e55c76a270,PAPER_OVERRIDE::FYERS_PAPER_PROXY_RESEARCH,"{""reason"": ""Cycle failure: OptionChainParseError: Missing CE at strike 4080.0; reconnect stabilization in progress""}"
20260818122150224053-349,2026-08-18T12:21:50.224053+05:30,INCIDENT_ENTRY_BLOCK,20260818_102607,,,,,,INDEX:,incident_guard,paper-strategy-8ade763620b6,opportunity-score-8ade763620b6,universe-a8e55c76a270,PAPER_OVERRIDE::FYERS_PAPER_PROXY_RESEARCH,"{""reason"": ""Cycle failure: OptionChainParseError: Missing CE at strike 4080.0; reconnect stabilization in progress""}"
20260818122222063081-350,2026-08-18T12:22:22.063081+05:30,INCIDENT_ENTRY_BLOCK,20260818_102607,,,,,,INDEX:,incident_guard,paper-strategy-8ade763620b6,opportunity-score-8ade763620b6,universe-a8e55c76a270,PAPER_OVERRIDE::FYERS_PAPER_PROXY_RESEARCH,"{""reason"": ""Cycle failure: OptionChainParseError: Missing CE at strike 4080.0; reconnect stabilization in progress""}"
20260818122237134877-351,2026-08-18T12:22:37.134877+05:30,PORTFOLIO_NO_TRADE_BLOCK,20260818_102607,,,,,,INDEX:,portfolio_no_trade_engine,paper-strategy-8ade763620b6,opportunity-score-8ade763620b6,universe-a8e55c76a270,PAPER_OVERRIDE::FYERS_PAPER_PROXY_RESEARCH,"{""reason"": ""Portfolio no-trade hard veto: 19_instruments_data_invalid, no_candidate_grade_A_or_better"", ""snapshot"": {""components"": {""best_candidate_weakness_risk"": 45.25414649757093, ""calibration_uncertainty_risk"": 78.94736842105263, ""cross_instrument_market_hostility"": 26.802745888909516, ""data_breadth_risk"": 100.0, ""event_gap_system_risk"": 0.0, ""liquidity_breadth_risk"": 100.0, ""recent_loss_psychology_risk"": 0.0}, ""enabled"": true, ""hard_vetoes"": [""19_instruments_data_invalid"", ""no_candidate_grade_A_or_better""], ""score"": 50.62145422322727, ""shutdown_above"": 70.0, ""status"": ""BLOCKED"", ""timestamp"": ""2026-08-18T12:22:37.134877+05:30""}}"
20260818122251639835-352,2026-08-18T12:22:51.639835+05:30,PORTFOLIO_NO_TRADE_BLOCK,20260818_102607,,,,,,INDEX:,portfolio_no_trade_engine,paper-strategy-8ade763620b6,opportunity-score-8ade763620b6,universe-a8e55c76a270,PAPER_OVERRIDE::FYERS_PAPER_PROXY_RESEARCH,"{""reason"": ""Portfolio no-trade hard veto: 19_instruments_data_invalid, no_candidate_grade_A_or_better"", ""snapshot"": {""components"": {""best_candidate_weakness_risk"": 45.25414649757093, ""calibration_uncertainty_risk"": 78.94736842105263, ""cross_instrument_market_hostility"": 26.981742721682114, ""data_breadth_risk"": 100.0, ""event_gap_system_risk"": 0.0, ""liquidity_breadth_risk"": 100.0, ""recent_loss_psychology_risk"": 0.0}, ""enabled"": true, ""hard_vetoes"": [""19_instruments_data_invalid"", ""no_candidate_grade_A_or_better""], ""score"": 50.65725358978179, ""shutdown_above"": 70.0, ""status"": ""BLOCKED"", ""timestamp"": ""2026-08-18T12:22:51.639835+05:30""}}"
20260818122306300687-353,2026-08-18T12:23:06.300687+05:30,PORTFOLIO_NO_TRADE_BLOCK,20260818_102607,,,,,,INDEX:,portfolio_no_trade_engine,paper-strategy-8ade763620b6,opportunity-score-8ade763620b6,universe-a8e55c76a270,PAPER_OVERRIDE::FYERS_PAPER_PROXY_RESEARCH,"{""reason"": ""Portfolio no-trade hard veto: 24_instruments_data_invalid, no_candidate_grade_A_or_better"", ""snapshot"": {""components"": {""best_candidate_weakness_risk"": 44.954146497570925, ""calibration_uncertainty_risk"": 75.0, ""cross_instrument_market_hostility"": 26.254493361169917, ""data_breadth_risk"": 100.0, ""event_gap_system_risk"": 0.0, ""liquidity_breadth_risk"": 100.0, ""recent_loss_psychology_risk"": 0.0}, ""enabled"": true, ""hard_vetoes"": [""24_instruments_data_invalid"", ""no_candidate_grade_A_or_better""], ""score"": 50.239435296626716, ""shutdown_above"": 70.0, ""status"": ""BLOCKED"", ""timestamp"": ""2026-08-18T12:23:06.300687+05:30""}}"
20260818122341926447-354,2026-08-18T12:23:41.926447+05:30,INCIDENT_ENTRY_BLOCK,20260818_102607,,,,,,INDEX:,incident_guard,paper-strategy-8ade763620b6,opportunity-score-8ade763620b6,universe-a8e55c76a270,PAPER_OVERRIDE::FYERS_PAPER_PROXY_RESEARCH,"{""reason"": ""Cycle failure: OptionChainParseError: Missing PE at strike 2960.0; reconnect stabilization in progress""}"
20260818122354807784-355,2026-08-18T12:23:54.807784+05:30,INCIDENT_ENTRY_BLOCK,20260818_102607,,,,,,INDEX:,incident_guard,paper-strategy-8ade763620b6,opportunity-score-8ade763620b6,universe-a8e55c76a270,PAPER_OVERRIDE::FYERS_PAPER_PROXY_RESEARCH,"{""reason"": ""Cycle failure: OptionChainParseError: Missing PE at strike 2960.0; reconnect stabilization in progress""}"
20260818122425887813-356,2026-08-18T12:24:25.887813+05:30,INCIDENT_ENTRY_BLOCK,20260818_102607,,,,,,INDEX:,incident_guard,paper-strategy-8ade763620b6,opportunity-score-8ade763620b6,universe-a8e55c76a270,PAPER_OVERRIDE::FYERS_PAPER_PROXY_RESEARCH,"{""reason"": ""Cycle failure: OptionChainParseError: Missing PE at strike 2960.0; reconnect stabilization in progress""}"
20260818122453319762-357,2026-08-18T12:24:53.319762+05:30,INCIDENT_ENTRY_BLOCK,20260818_102607,,,,,,INDEX:,incident_guard,paper-strategy-8ade763620b6,opportunity-score-8ade763620b6,universe-a8e55c76a270,PAPER_OVERRIDE::FYERS_PAPER_PROXY_RESEARCH,"{""reason"": ""Cycle failure: OptionChainParseError: Missing CE at strike 3040.0; reconnect stabilization in progress""}"
20260818122506031344-358,2026-08-18T12:25:06.031344+05:30,INCIDENT_ENTRY_BLOCK,20260818_102607,,,,,,INDEX:,incident_guard,paper-strategy-8ade763620b6,opportunity-score-8ade763620b6,universe-a8e55c76a270,PAPER_OVERRIDE::FYERS_PAPER_PROXY_RESEARCH,"{""reason"": ""Cycle failure: OptionChainParseError: Missing CE at strike 3040.0; reconnect stabilization in progress""}"
20260818122538752174-359,2026-08-18T12:25:38.752174+05:30,INCIDENT_ENTRY_BLOCK,20260818_102607,,,,,,INDEX:,incident_guard,paper-strategy-8ade763620b6,opportunity-score-8ade763620b6,universe-a8e55c76a270,PAPER_OVERRIDE::FYERS_PAPER_PROXY_RESEARCH,"{""reason"": ""Cycle failure: OptionChainParseError: Missing CE at strike 3040.0; reconnect stabilization in progress""}"
20260818122552338931-360,2026-08-18T12:25:52.338931+05:30,PORTFOLIO_NO_TRADE_BLOCK,20260818_102607,,,,,,INDEX:,portfolio_no_trade_engine,paper-strategy-8ade763620b6,opportunity-score-8ade763620b6,universe-a8e55c76a270,PAPER_OVERRIDE::FYERS_PAPER_PROXY_RESEARCH,"{""reason"": ""Portfolio no-trade hard veto: 17_instruments_data_invalid, no_candidate_grade_A_or_better"", ""snapshot"": {""components"": {""best_candidate_weakness_risk"": 49.73960331785115, ""calibration_uncertainty_risk"": 70.58823529411765, ""cross_instrument_market_hostility"": 26.86829728129272, ""data_breadth_risk"": 100.0, ""event_gap_system_risk"": 0.0, ""liquidity_breadth_risk"": 100.0, ""recent_loss_psychology_risk"": 0.0}, ""enabled"": true, ""hard_vetoes"": [""17_instruments_data_invalid"", ""no_candidate_grade_A_or_better""], ""score"": 51.33797205042721, ""shutdown_above"": 70.0, ""status"": ""BLOCKED"", ""timestamp"": ""2026-08-18T12:25:52.338931+05:30""}}"
20260818122610109914-361,2026-08-18T12:26:10.109914+05:30,PORTFOLIO_NO_TRADE_BLOCK,20260818_102607,,,,,,INDEX:,portfolio_no_trade_engine,paper-strategy-8ade763620b6,opportunity-score-8ade763620b6,universe-a8e55c76a270,PAPER_OVERRIDE::FYERS_PAPER_PROXY_RESEARCH,"{""reason"": ""Portfolio no-trade hard veto: 19_instruments_data_invalid, no_candidate_grade_A_or_better"", ""snapshot"": {""components"": {""best_candidate_weakness_risk"": 51.21629548246537, ""calibration_uncertainty_risk"": 63.1578947368421, ""cross_instrument_market_hostility"": 26.161741103183115, ""data_breadth_risk"": 100.0, ""event_gap_system_risk"": 0.0, ""liquidity_breadth_risk"": 100.0, ""recent_loss_psychology_risk"": 0.0}, ""enabled"": true, ""hard_vetoes"": [""19_instruments_data_invalid"", ""no_candidate_grade_A_or_better""], ""score"": 51.19431682809507, ""shutdown_above"": 70.0, ""status"": ""BLOCKED"", ""timestamp"": ""2026-08-18T12:26:10.109914+05:30""}}"
20260818122625625871-362,2026-08-18T12:26:25.625871+05:30,PORTFOLIO_NO_TRADE_BLOCK,20260818_102607,,,,,,INDEX:,portfolio_no_trade_engine,paper-strategy-8ade763620b6,opportunity-score-8ade763620b6,universe-a8e55c76a270,PAPER_OVERRIDE::FYERS_PAPER_PROXY_RESEARCH,"{""reason"": ""Portfolio no-trade hard veto: 15_instruments_data_invalid, no_candidate_grade_A_or_better"", ""snapshot"": {""components"": {""best_candidate_weakness_risk"": 53.17544670317382, ""calibration_uncertainty_risk"": 66.66666666666667, ""cross_instrument_market_hostility"": 26.89883337696335, ""data_breadth_risk"": 100.0, ""event_gap_system_risk"": 0.0, ""liquidity_breadth_risk"": 100.0, ""recent_loss_psychology_risk"": 0.0}, ""enabled"": true, ""hard_vetoes"": [""15_instruments_data_invalid"", ""no_candidate_grade_A_or_better""], ""score"": 52.00696168451946, ""shutdown_above"": 70.0, ""status"": ""BLOCKED"", ""timestamp"": ""2026-08-18T12:26:25.625871+05:30""}}"
20260818122646364483-363,2026-08-18T12:26:46.364483+05:30,PORTFOLIO_NO_TRADE_BLOCK,20260818_102607,,,,,,INDEX:,portfolio_no_trade_engine,paper-strategy-8ade763620b6,opportunity-score-8ade763620b6,universe-a8e55c76a270,PAPER_OVERRIDE::FYERS_PAPER_PROXY_RESEARCH,"{""reason"": ""Portfolio no-trade hard veto: 22_instruments_data_invalid, no_candidate_grade_A_or_better"", ""snapshot"": {""components"": {""best_candidate_weakness_risk"": 53.17544670317382, ""calibration_uncertainty_risk"": 77.27272727272727, ""cross_instrument_market_hostility"": 24.88751303644796, ""data_breadth_risk"": 100.0, ""event_gap_system_risk"": 0.0, ""liquidity_breadth_risk"": 100.0, ""recent_loss_psychology_risk"": 0.0}, ""enabled"": true, ""hard_vetoes"": [""22_instruments_data_invalid"", ""no_candidate_grade_A_or_better""], ""score"": 52.135000646719405, ""shutdown_above"": 70.0, ""status"": ""BLOCKED"", ""timestamp"": ""2026-08-18T12:26:46.364483+05:30""}}"
20260818122702456609-364,2026-08-18T12:27:02.456609+05:30,PORTFOLIO_NO_TRADE_BLOCK,20260818_102607,,,,,,INDEX:,portfolio_no_trade_engine,paper-strategy-8ade763620b6,opportunity-score-8ade763620b6,universe-a8e55c76a270,PAPER_OVERRIDE::FYERS_PAPER_PROXY_RESEARCH,"{""reason"": ""Portfolio no-trade hard veto: 22_instruments_data_invalid, no_candidate_grade_A_or_better"", ""snapshot"": {""components"": {""best_candidate_weakness_risk"": 53.17544670317382, ""calibration_uncertainty_risk"": 81.81818181818181, ""cross_instrument_market_hostility"": 25.021382046617543, ""data_breadth_risk"": 100.0, ""event_gap_system_risk"": 0.0, ""liquidity_breadth_risk"": 100.0, ""recent_loss_psychology_risk"": 0.0}, ""enabled"": true, ""hard_vetoes"": [""22_instruments_data_invalid"", ""no_candidate_grade_A_or_better""], ""score"": 52.389047176026054, ""shutdown_above"": 70.0, ""status"": ""BLOCKED"", ""timestamp"": ""2026-08-18T12:27:02.456609+05:30""}}"
20260818122720806918-365,2026-08-18T12:27:20.806918+05:30,PORTFOLIO_NO_TRADE_BLOCK,20260818_102607,,,,,,INDEX:,portfolio_no_trade_engine,paper-strategy-8ade763620b6,opportunity-score-8ade763620b6,universe-a8e55c76a270,PAPER_OVERRIDE::FYERS_PAPER_PROXY_RESEARCH,"{""reason"": ""Portfolio no-trade hard veto: 22_instruments_data_invalid, no_candidate_grade_A_or_better"", ""snapshot"": {""components"": {""best_candidate_weakness_risk"": 52.69529830581926, ""calibration_uncertainty_risk"": 77.27272727272727, ""cross_instrument_market_hostility"": 24.874150716804717, ""data_breadth_risk"": 100.0, ""event_gap_system_risk"": 0.0, ""liquidity_breadth_risk"": 100.0, ""recent_loss_psychology_risk"": 0.0}, ""enabled"": true, ""hard_vetoes"": [""22_instruments_data_invalid"", ""no_candidate_grade_A_or_better""], ""score"": 52.012291083452126, ""shutdown_above"": 70.0, ""status"": ""BLOCKED"", ""timestamp"": ""2026-08-18T12:27:20.806918+05:30""}}"
20260818122736844834-366,2026-08-18T12:27:36.844834+05:30,PORTFOLIO_NO_TRADE_BLOCK,20260818_102607,,,,,,INDEX:,portfolio_no_trade_engine,paper-strategy-8ade763620b6,opportunity-score-8ade763620b6,universe-a8e55c76a270,PAPER_OVERRIDE::FYERS_PAPER_PROXY_RESEARCH,"{""reason"": ""Portfolio no-trade hard veto: 23_instruments_data_invalid, no_candidate_grade_A_or_better"", ""snapshot"": {""components"": {""best_candidate_weakness_risk"": 52.69529830581926, ""calibration_uncertainty_risk"": 78.26086956521739, ""cross_instrument_market_hostility"": 25.24244133172681, ""data_breadth_risk"": 100.0, ""event_gap_system_risk"": 0.0, ""liquidity_breadth_risk"": 100.0, ""recent_loss_psychology_risk"": 0.0}, ""enabled"": true, ""hard_vetoes"": [""23_instruments_data_invalid"", ""no_candidate_grade_A_or_better""], ""score"": 52.135356321061046, ""shutdown_above"": 70.0, ""status"": ""BLOCKED"", ""timestamp"": ""2026-08-18T12:27:36.844834+05:30""}}"
20260818122758797098-367,2026-08-18T12:27:58.797098+05:30,PORTFOLIO_NO_TRADE_BLOCK,20260818_102607,,,,,,INDEX:,portfolio_no_trade_engine,paper-strategy-8ade763620b6,opportunity-score-8ade763620b6,universe-a8e55c76a270,PAPER_OVERRIDE::FYERS_PAPER_PROXY_RESEARCH,"{""reason"": ""Portfolio no-trade hard veto: 18_instruments_data_invalid, no_candidate_grade_A_or_better"", ""snapshot"": {""components"": {""best_candidate_weakness_risk"": 52.69529830581926, ""calibration_uncertainty_risk"": 72.22222222222223, ""cross_instrument_market_hostility"": 25.179420101196744, ""data_breadth_risk"": 100.0, ""event_gap_system_risk"": 0.0, ""liquidity_breadth_risk"": 100.0, ""recent_loss_psychology_risk"": 0.0}, ""enabled"": true, ""hard_vetoes"": [""18_instruments_data_invalid"", ""no_candidate_grade_A_or_better""], ""score"": 51.82081970780528, ""shutdown_above"": 70.0, ""status"": ""BLOCKED"", ""timestamp"": ""2026-08-18T12:27:58.797098+05:30""}}"
20260818122813983873-368,2026-08-18T12:28:13.983873+05:30,PORTFOLIO_NO_TRADE_BLOCK,20260818_102607,,,,,,INDEX:,portfolio_no_trade_engine,paper-strategy-8ade763620b6,opportunity-score-8ade763620b6,universe-a8e55c76a270,PAPER_OVERRIDE::FYERS_PAPER_PROXY_RESEARCH,"{""reason"": ""Portfolio no-trade hard veto: 18_instruments_data_invalid, no_candidate_grade_A_or_better"", ""snapshot"": {""components"": {""best_candidate_weakness_risk"": 52.69529830581926, ""calibration_uncertainty_risk"": 66.66666666666667, ""cross_instrument_market_hostility"": 24.44882682750398, ""data_breadth_risk"": 100.0, ""event_gap_system_risk"": 0.0, ""liquidity_breadth_risk"": 100.0, ""recent_loss_psychology_risk"": 0.0}, ""enabled"": true, ""hard_vetoes"": [""18_instruments_data_invalid"", ""no_candidate_grade_A_or_better""], ""score"": 51.39692327528895, ""shutdown_above"": 70.0, ""status"": ""BLOCKED"", ""timestamp"": ""2026-08-18T12:28:13.983873+05:30""}}"
20260818122831964749-369,2026-08-18T12:28:31.964749+05:30,PORTFOLIO_NO_TRADE_BLOCK,20260818_102607,,,,,,INDEX:,portfolio_no_trade_engine,paper-strategy-8ade763620b6,opportunity-score-8ade763620b6,universe-a8e55c76a270,PAPER_OVERRIDE::FYERS_PAPER_PROXY_RESEARCH,"{""reason"": ""Portfolio no-trade hard veto: 18_instruments_data_invalid, no_candidate_grade_A_or_better"", ""snapshot"": {""components"": {""best_candidate_weakness_risk"": 52.77825702857445, ""calibration_uncertainty_risk"": 72.22222222222223, ""cross_instrument_market_hostility"": 24.72988067176229, ""data_breadth_risk"": 100.0, ""event_gap_system_risk"": 0.0, ""liquidity_breadth_risk"": 100.0, ""recent_loss_psychology_risk"": 0.0}, ""enabled"": true, ""hard_vetoes"": [""18_instruments_data_invalid"", ""no_candidate_grade_A_or_better""], ""score"": 51.75165150260719, ""shutdown_above"": 70.0, ""status"": ""BLOCKED"", ""timestamp"": ""2026-08-18T12:28:31.964749+05:30""}}"
20260818122847608468-370,2026-08-18T12:28:47.608468+05:30,PORTFOLIO_NO_TRADE_BLOCK,20260818_102607,,,,,,INDEX:,portfolio_no_trade_engine,paper-strategy-8ade763620b6,opportunity-score-8ade763620b6,universe-a8e55c76a270,PAPER_OVERRIDE::FYERS_PAPER_PROXY_RESEARCH,"{""reason"": ""Portfolio no-trade hard veto: 20_instruments_data_invalid, no_candidate_grade_A_or_better"", ""snapshot"": {""components"": {""best_candidate_weakness_risk"": 49.57798380955518, ""calibration_uncertainty_risk"": 65.0, ""cross_instrument_market_hostility"": 25.044275941693837, ""data_breadth_risk"": 100.0, ""event_gap_system_risk"": 0.0, ""liquidity_breadth_risk"": 100.0, ""recent_loss_psychology_risk"": 0.0}, ""enabled"": true, ""hard_vetoes"": [""20_instruments_data_invalid"", ""no_candidate_grade_A_or_better""], ""score"": 50.653351140727565, ""shutdown_above"": 70.0, ""status"": ""BLOCKED"", ""timestamp"": ""2026-08-18T12:28:47.608468+05:30""}}"
20260818122921915466-371,2026-08-18T12:29:21.915466+05:30,INCIDENT_ENTRY_BLOCK,20260818_102607,,,,,,INDEX:,incident_guard,paper-strategy-8ade763620b6,opportunity-score-8ade763620b6,universe-a8e55c76a270,PAPER_OVERRIDE::FYERS_PAPER_PROXY_RESEARCH,"{""reason"": ""Cycle failure: OptionChainParseError: Missing CE at strike 4080.0; reconnect stabilization in progress""}"
20260818122938198879-372,2026-08-18T12:29:38.198879+05:30,INCIDENT_ENTRY_BLOCK,20260818_102607,,,,,,INDEX:,incident_guard,paper-strategy-8ade763620b6,opportunity-score-8ade763620b6,universe-a8e55c76a270,PAPER_OVERRIDE::FYERS_PAPER_PROXY_RESEARCH,"{""reason"": ""Cycle failure: OptionChainParseError: Missing CE at strike 4080.0; reconnect stabilization in progress""}"
20260818123011938727-373,2026-08-18T12:30:11.938727+05:30,INCIDENT_ENTRY_BLOCK,20260818_102607,,,,,,INDEX:,incident_guard,paper-strategy-8ade763620b6,opportunity-score-8ade763620b6,universe-a8e55c76a270,PAPER_OVERRIDE::FYERS_PAPER_PROXY_RESEARCH,"{""reason"": ""Cycle failure: OptionChainParseError: Missing CE at strike 4080.0; reconnect stabilization in progress""}"
20260818123025781402-374,2026-08-18T12:30:25.781402+05:30,PORTFOLIO_NO_TRADE_BLOCK,20260818_102607,,,,,,INDEX:,portfolio_no_trade_engine,paper-strategy-8ade763620b6,opportunity-score-8ade763620b6,universe-a8e55c76a270,PAPER_OVERRIDE::FYERS_PAPER_PROXY_RESEARCH,"{""reason"": ""Portfolio no-trade hard veto: 21_instruments_data_invalid, no_candidate_grade_A_or_better"", ""snapshot"": {""components"": {""best_candidate_weakness_risk"": 43.01728787915328, ""calibration_uncertainty_risk"": 66.66666666666667, ""cross_instrument_market_hostility"": 25.1459598955131, ""data_breadth_risk"": 100.0, ""event_gap_system_risk"": 0.0, ""liquidity_breadth_risk"": 100.0, ""recent_loss_psychology_risk"": 0.0}, ""enabled"": true, ""hard_vetoes"": [""21_instruments_data_invalid"", ""no_candidate_grade_A_or_better""], ""score"": 49.11684728222428, ""shutdown_above"": 70.0, ""status"": ""BLOCKED"", ""timestamp"": ""2026-08-18T12:30:25.781402+05:30""}}"
20260818123044524957-375,2026-08-18T12:30:44.524957+05:30,PORTFOLIO_NO_TRADE_BLOCK,20260818_102607,,,,,,INDEX:,portfolio_no_trade_engine,paper-strategy-8ade763620b6,opportunity-score-8ade763620b6,universe-a8e55c76a270,PAPER_OVERRIDE::FYERS_PAPER_PROXY_RESEARCH,"{""reason"": ""Portfolio no-trade hard veto: 19_instruments_data_invalid, no_candidate_grade_A_or_better"", ""snapshot"": {""components"": {""best_candidate_weakness_risk"": 43.071642538338814, ""calibration_uncertainty_risk"": 73.6842105263158, ""cross_instrument_market_hostility"": 25.878657386830465, ""data_breadth_risk"": 100.0, ""event_gap_system_risk"": 0.0, ""liquidity_breadth_risk"": 100.0, ""recent_loss_psychology_risk"": 0.0}, ""enabled"": true, ""hard_vetoes"": [""19_instruments_data_invalid"", ""no_candidate_grade_A_or_better""], ""score"": 49.62785263826658, ""shutdown_above"": 70.0, ""status"": ""BLOCKED"", ""timestamp"": ""2026-08-18T12:30:44.524957+05:30""}}"
20260818123100640436-376,2026-08-18T12:31:00.640436+05:30,PORTFOLIO_NO_TRADE_BLOCK,20260818_102607,,,,,,INDEX:,portfolio_no_trade_engine,paper-strategy-8ade763620b6,opportunity-score-8ade763620b6,universe-a8e55c76a270,PAPER_OVERRIDE::FYERS_PAPER_PROXY_RESEARCH,"{""reason"": ""Portfolio no-trade hard veto: 21_instruments_data_invalid, no_candidate_grade_A_or_better"", ""snapshot"": {""components"": {""best_candidate_weakness_risk"": 43.071642538338814, ""calibration_uncertainty_risk"": 76.19047619047619, ""cross_instrument_market_hostility"": 26.605998424189423, ""data_breadth_risk"": 100.0, ""event_gap_system_risk"": 0.0, ""liquidity_breadth_risk"": 100.0, ""recent_loss_psychology_risk"": 0.0}, ""enabled"": true, ""hard_vetoes"": [""21_instruments_data_invalid"", ""no_candidate_grade_A_or_better""], ""score"": 49.8986341289464, ""shutdown_above"": 70.0, ""status"": ""BLOCKED"", ""timestamp"": ""2026-08-18T12:31:00.640436+05:30""}}"
20260818123137428196-377,2026-08-18T12:31:37.428196+05:30,INCIDENT_ENTRY_BLOCK,20260818_102607,,,,,,INDEX:,incident_guard,paper-strategy-8ade763620b6,opportunity-score-8ade763620b6,universe-a8e55c76a270,PAPER_OVERRIDE::FYERS_PAPER_PROXY_RESEARCH,"{""reason"": ""Cycle failure: OptionChainParseError: Missing PE at strike 2960.0; reconnect stabilization in progress""}"
20260818123153514221-378,2026-08-18T12:31:53.514221+05:30,INCIDENT_ENTRY_BLOCK,20260818_102607,,,,,,INDEX:,incident_guard,paper-strategy-8ade763620b6,opportunity-score-8ade763620b6,universe-a8e55c76a270,PAPER_OVERRIDE::FYERS_PAPER_PROXY_RESEARCH,"{""reason"": ""Cycle failure: OptionChainParseError: Missing PE at strike 2960.0; reconnect stabilization in progress""}"
20260818123226374215-379,2026-08-18T12:32:26.374215+05:30,INCIDENT_ENTRY_BLOCK,20260818_102607,,,,,,INDEX:,incident_guard,paper-strategy-8ade763620b6,opportunity-score-8ade763620b6,universe-a8e55c76a270,PAPER_OVERRIDE::FYERS_PAPER_PROXY_RESEARCH,"{""reason"": ""Cycle failure: OptionChainParseError: Missing PE at strike 2960.0; reconnect stabilization in progress""}"
20260818123255613439-380,2026-08-18T12:32:55.613439+05:30,INCIDENT_ENTRY_BLOCK,20260818_102607,,,,,,INDEX:,incident_guard,paper-strategy-8ade763620b6,opportunity-score-8ade763620b6,universe-a8e55c76a270,PAPER_OVERRIDE::FYERS_PAPER_PROXY_RESEARCH,"{""reason"": ""Cycle failure: OptionChainParseError: Missing CE at strike 3040.0; reconnect stabilization in progress""}"
20260818123309549005-381,2026-08-18T12:33:09.549005+05:30,INCIDENT_ENTRY_BLOCK,20260818_102607,,,,,,INDEX:,incident_guard,paper-strategy-8ade763620b6,opportunity-score-8ade763620b6,universe-a8e55c76a270,PAPER_OVERRIDE::FYERS_PAPER_PROXY_RESEARCH,"{""reason"": ""Cycle failure: OptionChainParseError: Missing CE at strike 3040.0; reconnect stabilization in progress""}"
20260818123329251110-382,2026-08-18T12:33:29.251110+05:30,PORTFOLIO_NO_TRADE_BLOCK,20260818_102607,,,,,,INDEX:,portfolio_no_trade_engine,paper-strategy-8ade763620b6,opportunity-score-8ade763620b6,universe-a8e55c76a270,PAPER_OVERRIDE::FYERS_PAPER_PROXY_RESEARCH,"{""reason"": ""Portfolio no-trade hard veto: 22_instruments_data_invalid, no_candidate_grade_A_or_better"", ""snapshot"": {""components"": {""best_candidate_weakness_risk"": 38.83693481692258, ""calibration_uncertainty_risk"": 86.36363636363636, ""cross_instrument_market_hostility"": 27.545805813021158, ""data_breadth_risk"": 100.0, ""event_gap_system_risk"": 0.0, ""liquidity_breadth_risk"": 100.0, ""recent_loss_psychology_risk"": 0.0}, ""enabled"": true, ""hard_vetoes"": [""22_instruments_data_invalid"", ""no_candidate_grade_A_or_better""], ""score"": 49.5365766850167, ""shutdown_above"": 70.0, ""status"": ""BLOCKED"", ""timestamp"": ""2026-08-18T12:33:29.251110+05:30""}}"
20260818123345909683-383,2026-08-18T12:33:45.909683+05:30,PORTFOLIO_NO_TRADE_BLOCK,20260818_102607,,,,,,INDEX:,portfolio_no_trade_engine,paper-strategy-8ade763620b6,opportunity-score-8ade763620b6,universe-a8e55c76a270,PAPER_OVERRIDE::FYERS_PAPER_PROXY_RESEARCH,"{""reason"": ""Portfolio no-trade hard veto: 24_instruments_data_invalid, no_candidate_grade_A_or_better"", ""snapshot"": {""components"": {""best_candidate_weakness_risk"": 38.83693481692258, ""calibration_uncertainty_risk"": 79.16666666666667, ""cross_instrument_market_hostility"": 27.234820873766324, ""data_breadth_risk"": 100.0, ""event_gap_system_risk"": 0.0, ""liquidity_breadth_risk"": 100.0, ""recent_loss_psychology_risk"": 0.0}, ""enabled"": true, ""hard_vetoes"": [""24_instruments_data_invalid"", ""no_candidate_grade_A_or_better""], ""score"": 49.114531212317246, ""shutdown_above"": 70.0, ""status"": ""BLOCKED"", ""timestamp"": ""2026-08-18T12:33:45.909683+05:30""}}"
20260818123404531736-384,2026-08-18T12:34:04.531736+05:30,PORTFOLIO_NO_TRADE_BLOCK,20260818_102607,,,,,,INDEX:,portfolio_no_trade_engine,paper-strategy-8ade763620b6,opportunity-score-8ade763620b6,universe-a8e55c76a270,PAPER_OVERRIDE::FYERS_PAPER_PROXY_RESEARCH,"{""reason"": ""Portfolio no-trade hard veto: 19_instruments_data_invalid, no_candidate_grade_A_or_better"", ""snapshot"": {""components"": {""best_candidate_weakness_risk"": 39.40845697627088, ""calibration_uncertainty_risk"": 84.21052631578948, ""cross_instrument_market_hostility"": 27.596269427056708, ""data_breadth_risk"": 100.0, ""event_gap_system_risk"": 0.0, ""liquidity_breadth_risk"": 100.0, ""recent_loss_psychology_risk"": 0.0}, ""enabled"": true, ""hard_vetoes"": [""19_instruments_data_invalid"", ""no_candidate_grade_A_or_better""], ""score"": 49.58189444526853, ""shutdown_above"": 70.0, ""status"": ""BLOCKED"", ""timestamp"": ""2026-08-18T12:34:04.531736+05:30""}}"
20260818123420808095-385,2026-08-18T12:34:20.808095+05:30,PORTFOLIO_NO_TRADE_BLOCK,20260818_102607,,,,,,INDEX:,portfolio_no_trade_engine,paper-strategy-8ade763620b6,opportunity-score-8ade763620b6,universe-a8e55c76a270,PAPER_OVERRIDE::FYERS_PAPER_PROXY_RESEARCH,"{""reason"": ""Portfolio no-trade hard veto: 23_instruments_data_invalid, no_candidate_grade_A_or_better"", ""snapshot"": {""components"": {""best_candidate_weakness_risk"": 39.40845697627088, ""calibration_uncertainty_risk"": 82.6086956521739, ""cross_instrument_market_hostility"": 27.01646594567524, ""data_breadth_risk"": 100.0, ""event_gap_system_risk"": 0.0, ""liquidity_breadth_risk"": 100.0, ""recent_loss_psychology_risk"": 0.0}, ""enabled"": true, ""hard_vetoes"": [""23_instruments_data_invalid"", ""no_candidate_grade_A_or_better""], ""score"": 49.385842215811465, ""shutdown_above"": 70.0, ""status"": ""BLOCKED"", ""timestamp"": ""2026-08-18T12:34:20.808095+05:30""}}"
20260818123443642870-386,2026-08-18T12:34:43.642870+05:30,PORTFOLIO_NO_TRADE_BLOCK,20260818_102607,,,,,,INDEX:,portfolio_no_trade_engine,paper-strategy-8ade763620b6,opportunity-score-8ade763620b6,universe-a8e55c76a270,PAPER_OVERRIDE::FYERS_PAPER_PROXY_RESEARCH,"{""reason"": ""Portfolio no-trade hard veto: 20_instruments_data_invalid, no_candidate_grade_A_or_better"", ""snapshot"": {""components"": {""best_candidate_weakness_risk"": 39.40845697627088, ""calibration_uncertainty_risk"": 65.0, ""cross_instrument_market_hostility"": 26.493557313366853, ""data_breadth_risk"": 100.0, ""event_gap_system_risk"": 0.0, ""liquidity_breadth_risk"": 100.0, ""recent_loss_psychology_risk"": 0.0}, ""enabled"": true, ""hard_vetoes"": [""20_instruments_data_invalid"", ""no_candidate_grade_A_or_better""], ""score"": 48.40082570674109, ""shutdown_above"": 70.0, ""status"": ""BLOCKED"", ""timestamp"": ""2026-08-18T12:34:43.642870+05:30""}}"
20260818123500500381-387,2026-08-18T12:35:00.500381+05:30,PORTFOLIO_NO_TRADE_BLOCK,20260818_102607,,,,,,INDEX:,portfolio_no_trade_engine,paper-strategy-8ade763620b6,opportunity-score-8ade763620b6,universe-a8e55c76a270,PAPER_OVERRIDE::FYERS_PAPER_PROXY_RESEARCH,"{""reason"": ""Portfolio no-trade hard veto: 19_instruments_data_invalid, no_candidate_grade_A_or_better"", ""snapshot"": {""components"": {""best_candidate_weakness_risk"": 39.40845697627088, ""calibration_uncertainty_risk"": 73.6842105263158, ""cross_instrument_market_hostility"": 25.954402092187706, ""data_breadth_risk"": 100.0, ""event_gap_system_risk"": 0.0, ""liquidity_breadth_risk"": 100.0, ""recent_loss_psychology_risk"": 0.0}, ""enabled"": true, ""hard_vetoes"": [""19_instruments_data_invalid"", ""no_candidate_grade_A_or_better""], ""score"": 48.72720518882105, ""shutdown_above"": 70.0, ""status"": ""BLOCKED"", ""timestamp"": ""2026-08-18T12:35:00.500381+05:30""}}"
