skip_id,created_at,underlying,expiry,strike,side,entry_mid,entry_bid,entry_ask,hard_stop_points,target_r,ComparableOpportunityScore,gate_snapshot_id,gate_features_json,instrument_id,instrument_class,evidence_profile,parameter_profile,strategy_version,score_version,universe_version
202608181025_1_MIDCPNIFTY_PE,2026-08-18T04:55:34.002615+00:00,MIDCPNIFTY,2026-08-25,14825.0,PE,76.17500000000001,75.9,76.45,15.235000000000003,2.0,43.81571623945469,712afad509f5,"{""contract_quality_min"": 0.0, ""direction_min"": 1.4808980973825128, ""excellent_score_min"": 43.81571623945469, ""execution_quality_min"": 100.0, ""expected_required_ratio_min"": 1.0833333333333333, ""final_confidence_min"": 74.31545495036369, ""iv_crush_max"": 24.0, ""market_hostility_max"": 21.068256666610594, ""min_top_book_lots"": 0.0, ""premium_elasticity_min"": 0.3, ""regime_confidence_min"": 60.0, ""spread_pct_max"": 0.7220216606498157, ""trade_quality_min"": 8.644400785854371}",MIDCPNIFTY,NSE_INDEX,FYERS_PAPER_PROXY_RESEARCH,PAPER_OVERRIDE::FYERS_PAPER_PROXY_RESEARCH,paper-strategy-8ade763620b6,opportunity-score-8ade763620b6,universe-a8e55c76a270
202608181025_2_MIDCPNIFTY_CE,2026-08-18T04:55:34.009044+00:00,MIDCPNIFTY,2026-08-25,14875.0,CE,97.2,96.9,97.5,19.44,2.0,43.54915458192583,712afad509f5,"{""contract_quality_min"": 0.0, ""direction_min"": 0.0, ""excellent_score_min"": 43.54915458192583, ""execution_quality_min"": 100.0, ""expected_required_ratio_min"": 1.0833333333333333, ""final_confidence_min"": 73.87118552114893, ""iv_crush_max"": 24.0, ""market_hostility_max"": 21.068256666610594, ""min_top_book_lots"": 0.0, ""premium_elasticity_min"": 0.3, ""regime_confidence_min"": 60.0, ""spread_pct_max"": 0.6172839506172781, ""trade_quality_min"": 8.644400785854371}",MIDCPNIFTY,NSE_INDEX,FYERS_PAPER_PROXY_RESEARCH,PAPER_OVERRIDE::FYERS_PAPER_PROXY_RESEARCH,paper-strategy-8ade763620b6,opportunity-score-8ade763620b6,universe-a8e55c76a270
202608181025_3_BAJFINANCE_CE,2026-08-18T04:55:34.010002+00:00,BAJFINANCE,2026-08-25,1080.0,CE,24.05,23.85,24.25,4.8100000000000005,2.0,34.090402009688475,58c303dc05a9,"{""contract_quality_min"": 0.0, ""direction_min"": 11.720538412234312, ""excellent_score_min"": 34.090402009688475, ""execution_quality_min"": 58.57588357588399, ""expected_required_ratio_min"": 1.1666666666666665, ""final_confidence_min"": 76.0996608034158, ""iv_crush_max"": 24.0, ""market_hostility_max"": 25.72810947548156, ""min_top_book_lots"": 0.0, ""premium_elasticity_min"": 0.7, ""regime_confidence_min"": 60.0, ""spread_pct_max"": 1.6632016632016573, ""trade_quality_min"": 63.99999999999818}",BAJFINANCE,NSE_STOCK_OPTION,FYERS_PAPER_PROXY_RESEARCH,PAPER_OVERRIDE::FYERS_PAPER_PROXY_RESEARCH,paper-strategy-8ade763620b6,opportunity-score-8ade763620b6,universe-a8e55c76a270
202608181025_4_BAJFINANCE_PE,2026-08-18T04:55:34.010838+00:00,BAJFINANCE,2026-08-25,1100.0,PE,16.35,16.2,16.5,3.2700000000000005,2.0,29.972274646688774,58c303dc05a9,"{""contract_quality_min"": 0.0, ""direction_min"": 0.0, ""excellent_score_min"": 29.972274646688774, ""execution_quality_min"": 46.559633027522636, ""expected_required_ratio_min"": 1.1666666666666665, ""final_confidence_min"": 70.52357061431215, ""iv_crush_max"": 24.0, ""market_hostility_max"": 25.72810947548156, ""min_top_book_lots"": 0.0, ""premium_elasticity_min"": 0.7, ""regime_confidence_min"": 60.0, ""spread_pct_max"": 1.8348623853211052, ""trade_quality_min"": 63.99999999999818}",BAJFINANCE,NSE_STOCK_OPTION,FYERS_PAPER_PROXY_RESEARCH,PAPER_OVERRIDE::FYERS_PAPER_PROXY_RESEARCH,paper-strategy-8ade763620b6,opportunity-score-8ade763620b6,universe-a8e55c76a270
202608181025_5_BAJAJFINSV_PE,2026-08-18T04:55:34.011536+00:00,BAJAJFINSV,2026-08-25,2020.0,PE,30.45,30.25,30.65,6.09,2.0,28.323008719232348,e97256bacfa6,"{""contract_quality_min"": 0.0, ""direction_min"": 0.0, ""excellent_score_min"": 28.323008719232348, ""execution_quality_min"": 77.98733286418035, ""expected_required_ratio_min"": 1.1666666666666667, ""final_confidence_min"": 71.64324789279416, ""iv_crush_max"": 24.0, ""market_hostility_max"": 26.25035365386862, ""min_top_book_lots"": 0.0, ""premium_elasticity_min"": 0.7, ""regime_confidence_min"": 60.0, ""spread_pct_max"": 1.313628899835792, ""trade_quality_min"": 38.62068965517209}",BAJAJFINSV,NSE_STOCK_OPTION,FYERS_PAPER_PROXY_RESEARCH,PAPER_OVERRIDE::FYERS_PAPER_PROXY_RESEARCH,paper-strategy-8ade763620b6,opportunity-score-8ade763620b6,universe-a8e55c76a270
202608181027_1_BANKNIFTY_CE,2026-08-18T04:57:29.455499+00:00,BANKNIFTY,2026-08-25,57400.0,CE,432.75,432.5,433.0,25.0,2.0,55.132582784028656,2e840ccd58d1,"{""contract_quality_min"": 0.0, ""direction_min"": 6.416964807067332, ""excellent_score_min"": 55.132582784028656, ""execution_quality_min"": 100.0, ""expected_required_ratio_min"": 1.4166666666666665, ""final_confidence_min"": 85.52115928589099, ""iv_crush_max"": 24.0, ""market_hostility_max"": 20.929026678585117, ""min_top_book_lots"": 0.0, ""premium_elasticity_min"": 0.3, ""regime_confidence_min"": 60.0, ""spread_pct_max"": 0.11554015020219525, ""trade_quality_min"": 43.52871521610295}",BANKNIFTY,NSE_INDEX,FYERS_PAPER_PROXY_RESEARCH,PAPER_OVERRIDE::FYERS_PAPER_PROXY_RESEARCH,paper-strategy-8ade763620b6,opportunity-score-8ade763620b6,universe-a8e55c76a270
202608181027_2_MIDCPNIFTY_PE,2026-08-18T04:57:29.456498+00:00,MIDCPNIFTY,2026-08-25,14875.0,PE,93.94999999999999,93.6,94.3,18.79,2.0,45.66752178483632,712afad509f5,"{""contract_quality_min"": 0.0, ""direction_min"": 0.9152209316404843, ""excellent_score_min"": 45.66752178483632, ""execution_quality_min"": 100.0, ""expected_required_ratio_min"": 1.0833333333333335, ""final_confidence_min"": 73.17690578125442, ""iv_crush_max"": 24.0, ""market_hostility_max"": 20.953883203835286, ""min_top_book_lots"": 0.0, ""premium_elasticity_min"": 0.7, ""regime_confidence_min"": 60.0, ""spread_pct_max"": 0.745077168706762, ""trade_quality_min"": 5.132075471694467}",MIDCPNIFTY,NSE_INDEX,FYERS_PAPER_PROXY_RESEARCH,PAPER_OVERRIDE::FYERS_PAPER_PROXY_RESEARCH,paper-strategy-8ade763620b6,opportunity-score-8ade763620b6,universe-a8e55c76a270
202608181027_3_MIDCPNIFTY_CE,2026-08-18T04:57:29.456971+00:00,MIDCPNIFTY,2026-08-25,14875.0,CE,101.55000000000001,101.2,101.9,20.310000000000002,2.0,42.602782017141024,712afad509f5,"{""contract_quality_min"": 0.0, ""direction_min"": 0.0, ""excellent_score_min"": 42.602782017141024, ""execution_quality_min"": 100.0, ""expected_required_ratio_min"": 1.0833333333333335, ""final_confidence_min"": 72.90233950176227, ""iv_crush_max"": 24.0, ""market_hostility_max"": 20.953883203835286, ""min_top_book_lots"": 0.0, ""premium_elasticity_min"": 0.3, ""regime_confidence_min"": 60.0, ""spread_pct_max"": 0.6893156080748427, ""trade_quality_min"": 5.132075471694467}",MIDCPNIFTY,NSE_INDEX,FYERS_PAPER_PROXY_RESEARCH,PAPER_OVERRIDE::FYERS_PAPER_PROXY_RESEARCH,paper-strategy-8ade763620b6,opportunity-score-8ade763620b6,universe-a8e55c76a270
202608181027_4_MIDCPNIFTY_PE,2026-08-18T04:57:29.457412+00:00,MIDCPNIFTY,2026-08-25,14825.0,PE,73.19999999999999,72.85,73.55,14.639999999999999,2.0,41.76283794408687,712afad509f5,"{""contract_quality_min"": 0.0, ""direction_min"": 0.9152209316404843, ""excellent_score_min"": 41.76283794408687, ""execution_quality_min"": 93.30210772833706, ""expected_required_ratio_min"": 1.0833333333333335, ""final_confidence_min"": 73.17690578125442, ""iv_crush_max"": 24.0, ""market_hostility_max"": 20.953883203835286, ""min_top_book_lots"": 0.0, ""premium_elasticity_min"": 0.3, ""regime_confidence_min"": 60.0, ""spread_pct_max"": 0.9562841530054685, ""trade_quality_min"": 5.132075471694467}",MIDCPNIFTY,NSE_INDEX,FYERS_PAPER_PROXY_RESEARCH,PAPER_OVERRIDE::FYERS_PAPER_PROXY_RESEARCH,paper-strategy-8ade763620b6,opportunity-score-8ade763620b6,universe-a8e55c76a270
202608181027_5_BAJFINANCE_CE,2026-08-18T04:57:29.458358+00:00,BAJFINANCE,2026-08-25,1090.0,CE,18.25,18.1,18.4,3.6500000000000004,2.0,36.56935695076046,58c303dc05a9,"{""contract_quality_min"": 0.0, ""direction_min"": 23.428205362862965, ""excellent_score_min"": 36.56935695076046, ""execution_quality_min"": 59.93150684931615, ""expected_required_ratio_min"": 1.1666666666666665, ""final_confidence_min"": 77.07767709137934, ""iv_crush_max"": 24.0, ""market_hostility_max"": 27.40989141345074, ""min_top_book_lots"": 0.0, ""premium_elasticity_min"": 0.7, ""regime_confidence_min"": 60.0, ""spread_pct_max"": 1.6438356164383408, ""trade_quality_min"": 67.36842105263335}",BAJFINANCE,NSE_STOCK_OPTION,FYERS_PAPER_PROXY_RESEARCH,PAPER_OVERRIDE::FYERS_PAPER_PROXY_RESEARCH,paper-strategy-8ade763620b6,opportunity-score-8ade763620b6,universe-a8e55c76a270
202608181028_1_MIDCPNIFTY_PE,2026-08-18T04:58:35.324181+00:00,MIDCPNIFTY,2026-08-25,14850.0,PE,83.45,83.15,83.75,16.69,2.0,45.31586921733481,712afad509f5,"{""contract_quality_min"": 0.0, ""direction_min"": 0.5651580087605366, ""excellent_score_min"": 45.31586921733481, ""execution_quality_min"": 100.0, ""expected_required_ratio_min"": 1.0833333333333335, ""final_confidence_min"": 72.51295049689516, ""iv_crush_max"": 24.0, ""market_hostility_max"": 21.046720786612116, ""min_top_book_lots"": 0.0, ""premium_elasticity_min"": 0.5, ""regime_confidence_min"": 60.0, ""spread_pct_max"": 0.7189934092270752, ""trade_quality_min"": 3.093922651936959}",MIDCPNIFTY,NSE_INDEX,FYERS_PAPER_PROXY_RESEARCH,PAPER_OVERRIDE::FYERS_PAPER_PROXY_RESEARCH,paper-strategy-8ade763620b6,opportunity-score-8ade763620b6,universe-a8e55c76a270
202608181028_2_HCLTECH_CE,2026-08-18T04:58:35.324745+00:00,HCLTECH,2026-08-25,1300.0,CE,29.025,28.85,29.2,5.805,2.0,42.54726616429153,bd3813497287,"{""contract_quality_min"": 0.0, ""direction_min"": 22.614409045762503, ""excellent_score_min"": 42.54726616429153, ""execution_quality_min"": 82.60612772240711, ""expected_required_ratio_min"": 1.1666666666666665, ""final_confidence_min"": 79.65264634990925, ""iv_crush_max"": 24.0, ""market_hostility_max"": 26.1737518411298, ""min_top_book_lots"": 0.0, ""premium_elasticity_min"": 0.7, ""regime_confidence_min"": 60.0, ""spread_pct_max"": 1.205857019810501, ""trade_quality_min"": 75.8974358974304}",HCLTECH,NSE_STOCK_OPTION,FYERS_PAPER_PROXY_RESEARCH,PAPER_OVERRIDE::FYERS_PAPER_PROXY_RESEARCH,paper-strategy-8ade763620b6,opportunity-score-8ade763620b6,universe-a8e55c76a270
202608181028_3_MIDCPNIFTY_PE,2026-08-18T04:58:35.326111+00:00,MIDCPNIFTY,2026-08-25,14825.0,PE,72.35,72.05,72.65,14.469999999999999,2.0,41.927499190678596,712afad509f5,"{""contract_quality_min"": 0.0, ""direction_min"": 0.5651580087605366, ""excellent_score_min"": 41.927499190678596, ""execution_quality_min"": 98.74419982229193, ""expected_required_ratio_min"": 1.0833333333333335, ""final_confidence_min"": 72.51295049689516, ""iv_crush_max"": 24.0, ""market_hostility_max"": 21.046720786612116, ""min_top_book_lots"": 0.0, ""premium_elasticity_min"": 0.3, ""regime_confidence_min"": 60.0, ""spread_pct_max"": 0.8293020041465218, ""trade_quality_min"": 3.093922651936959}",MIDCPNIFTY,NSE_INDEX,FYERS_PAPER_PROXY_RESEARCH,PAPER_OVERRIDE::FYERS_PAPER_PROXY_RESEARCH,paper-strategy-8ade763620b6,opportunity-score-8ade763620b6,universe-a8e55c76a270
202608181028_4_GRASIM_CE,2026-08-18T04:58:35.326707+00:00,GRASIM,2026-08-25,3260.0,CE,57.0,56.8,57.2,11.4,2.0,20.100625084153606,3f3175605513,"{""contract_quality_min"": 0.0, ""direction_min"": 0.0, ""excellent_score_min"": 20.100625084153606, ""execution_quality_min"": 100.0, ""expected_required_ratio_min"": 1.1666666666666665, ""final_confidence_min"": 65.87979750655359, ""iv_crush_max"": 24.0, ""market_hostility_max"": 32.930852628269605, ""min_top_book_lots"": 0.0, ""premium_elasticity_min"": 0.7, ""regime_confidence_min"": 60.0, ""spread_pct_max"": 0.7017543859649222, ""trade_quality_min"": 1.509433962262597}",GRASIM,NSE_STOCK_OPTION,FYERS_PAPER_PROXY_RESEARCH,PAPER_OVERRIDE::FYERS_PAPER_PROXY_RESEARCH,paper-strategy-8ade763620b6,opportunity-score-8ade763620b6,universe-a8e55c76a270
202608181028_5_GRASIM_PE,2026-08-18T04:58:35.327200+00:00,GRASIM,2026-08-25,3300.0,PE,49.575,49.25,49.9,9.915000000000001,2.0,16.52896021798373,3f3175605513,"{""contract_quality_min"": 0.0, ""direction_min"": 0.48688454750123084, ""excellent_score_min"": 16.52896021798373, ""execution_quality_min"": 78.09379727685338, ""expected_required_ratio_min"": 1.1666666666666665, ""final_confidence_min"": 62.29212610832292, ""iv_crush_max"": 24.0, ""market_hostility_max"": 32.930852628269605, ""min_top_book_lots"": 0.0, ""premium_elasticity_min"": 0.7, ""regime_confidence_min"": 60.0, ""spread_pct_max"": 1.3111447302067545, ""trade_quality_min"": 1.509433962262597}",GRASIM,NSE_STOCK_OPTION,FYERS_PAPER_PROXY_RESEARCH,PAPER_OVERRIDE::FYERS_PAPER_PROXY_RESEARCH,paper-strategy-8ade763620b6,opportunity-score-8ade763620b6,universe-a8e55c76a270
202608181031_1_MIDCPNIFTY_PE,2026-08-18T05:01:54.174869+00:00,MIDCPNIFTY,2026-08-25,14875.0,PE,92.05000000000001,91.7,92.4,18.410000000000004,2.0,45.000651310639014,712afad509f5,"{""contract_quality_min"": 0.0, ""direction_min"": 0.0, ""excellent_score_min"": 45.000651310639014, ""execution_quality_min"": 100.0, ""expected_required_ratio_min"": 1.0833333333333335, ""final_confidence_min"": 72.10489771927827, ""iv_crush_max"": 24.0, ""market_hostility_max"": 20.916078254600322, ""min_top_book_lots"": 0.0, ""premium_elasticity_min"": 0.5, ""regime_confidence_min"": 60.0, ""spread_pct_max"": 0.7604562737642616, ""trade_quality_min"": 2.204724409445097}",MIDCPNIFTY,NSE_INDEX,FYERS_PAPER_PROXY_RESEARCH,PAPER_OVERRIDE::FYERS_PAPER_PROXY_RESEARCH,paper-strategy-8ade763620b6,opportunity-score-8ade763620b6,universe-a8e55c76a270
202608181031_2_MIDCPNIFTY_PE,2026-08-18T05:01:54.175412+00:00,MIDCPNIFTY,2026-08-25,14900.0,PE,103.7,103.45,103.95,20.740000000000002,2.0,44.70065131063902,712afad509f5,"{""contract_quality_min"": 0.0, ""direction_min"": 0.0, ""excellent_score_min"": 44.70065131063902, ""execution_quality_min"": 100.0, ""expected_required_ratio_min"": 1.0833333333333335, ""final_confidence_min"": 72.10489771927827, ""iv_crush_max"": 24.0, ""market_hostility_max"": 20.916078254600322, ""min_top_book_lots"": 0.0, ""premium_elasticity_min"": 0.7, ""regime_confidence_min"": 60.0, ""spread_pct_max"": 0.4821600771456124, ""trade_quality_min"": 2.204724409445097}",MIDCPNIFTY,NSE_INDEX,FYERS_PAPER_PROXY_RESEARCH,PAPER_OVERRIDE::FYERS_PAPER_PROXY_RESEARCH,paper-strategy-8ade763620b6,opportunity-score-8ade763620b6,universe-a8e55c76a270
202608181031_3_MIDCPNIFTY_CE,2026-08-18T05:01:54.175995+00:00,MIDCPNIFTY,2026-08-25,14900.0,CE,88.875,88.6,89.15,17.775000000000002,2.0,41.86847483490534,712afad509f5,"{""contract_quality_min"": 0.0, ""direction_min"": 0.37679735703509387, ""excellent_score_min"": 41.86847483490534, ""execution_quality_min"": 100.0, ""expected_required_ratio_min"": 1.0833333333333335, ""final_confidence_min"": 72.21793692638879, ""iv_crush_max"": 24.0, ""market_hostility_max"": 20.916078254600322, ""min_top_book_lots"": 0.0, ""premium_elasticity_min"": 0.3, ""regime_confidence_min"": 60.0, ""spread_pct_max"": 0.6188466947960747, ""trade_quality_min"": 2.204724409445097}",MIDCPNIFTY,NSE_INDEX,FYERS_PAPER_PROXY_RESEARCH,PAPER_OVERRIDE::FYERS_PAPER_PROXY_RESEARCH,paper-strategy-8ade763620b6,opportunity-score-8ade763620b6,universe-a8e55c76a270
202608181031_4_TCS_CE,2026-08-18T05:01:54.176496+00:00,TCS,2026-08-25,2300.0,CE,33.825,33.7,33.95,6.765000000000001,2.0,34.65022593262026,5450c99e8b35,"{""contract_quality_min"": 0.0, ""direction_min"": 13.25831915914249, ""excellent_score_min"": 34.65022593262026, ""execution_quality_min"": 100.0, ""expected_required_ratio_min"": 1.1666666666666667, ""final_confidence_min"": 80.5173193024444, ""iv_crush_max"": 24.0, ""market_hostility_max"": 31.661586914558992, ""min_top_book_lots"": 0.0, ""premium_elasticity_min"": 0.5, ""regime_confidence_min"": 60.0, ""spread_pct_max"": 0.7390983000739098, ""trade_quality_min"": 43.428571428576774}",TCS,NSE_STOCK_OPTION,FYERS_PAPER_PROXY_RESEARCH,PAPER_OVERRIDE::FYERS_PAPER_PROXY_RESEARCH,paper-strategy-8ade763620b6,opportunity-score-8ade763620b6,universe-a8e55c76a270
202608181031_5_TCS_CE,2026-08-18T05:01:54.176960+00:00,TCS,2026-08-25,2280.0,CE,44.974999999999994,44.8,45.15,8.995,2.0,34.35022593262026,5450c99e8b35,"{""contract_quality_min"": 0.0, ""direction_min"": 13.25831915914249, ""excellent_score_min"": 34.35022593262026, ""execution_quality_min"": 100.0, ""expected_required_ratio_min"": 1.1666666666666667, ""final_confidence_min"": 80.5173193024444, ""iv_crush_max"": 24.0, ""market_hostility_max"": 31.661586914558992, ""min_top_book_lots"": 0.0, ""premium_elasticity_min"": 0.7, ""regime_confidence_min"": 60.0, ""spread_pct_max"": 0.7782101167315207, ""trade_quality_min"": 43.428571428576774}",TCS,NSE_STOCK_OPTION,FYERS_PAPER_PROXY_RESEARCH,PAPER_OVERRIDE::FYERS_PAPER_PROXY_RESEARCH,paper-strategy-8ade763620b6,opportunity-score-8ade763620b6,universe-a8e55c76a270
202608181035_1_BANKNIFTY_PE,2026-08-18T05:05:14.481874+00:00,BANKNIFTY,2026-08-25,57500.0,PE,409.625,409.45,409.8,25.0,2.0,54.71524747955091,2e840ccd58d1,"{""contract_quality_min"": 0.0, ""direction_min"": 0.0, ""excellent_score_min"": 54.71524747955091, ""execution_quality_min"": 100.0, ""expected_required_ratio_min"": 1.4166666666666665, ""final_confidence_min"": 81.44636825597566, ""iv_crush_max"": 24.0, ""market_hostility_max"": 21.254422249052418, ""min_top_book_lots"": 0.0, ""premium_elasticity_min"": 0.7, ""regime_confidence_min"": 60.0, ""spread_pct_max"": 0.08544400366189142, ""trade_quality_min"": 36.064864864865804}",BANKNIFTY,NSE_INDEX,FYERS_PAPER_PROXY_RESEARCH,PAPER_OVERRIDE::FYERS_PAPER_PROXY_RESEARCH,paper-strategy-8ade763620b6,opportunity-score-8ade763620b6,universe-a8e55c76a270
202608181035_2_MIDCPNIFTY_PE,2026-08-18T05:05:14.482434+00:00,MIDCPNIFTY,2026-08-25,14850.0,PE,81.35,81.1,81.6,16.27,2.0,50.09348869635242,712afad509f5,"{""contract_quality_min"": 0.0, ""direction_min"": 0.0, ""excellent_score_min"": 50.09348869635242, ""execution_quality_min"": 100.0, ""expected_required_ratio_min"": 1.0833333333333335, ""final_confidence_min"": 77.13278651473172, ""iv_crush_max"": 24.0, ""market_hostility_max"": 20.069469679636924, ""min_top_book_lots"": 0.0, ""premium_elasticity_min"": 0.5, ""regime_confidence_min"": 60.0, ""spread_pct_max"": 0.6146281499692686, ""trade_quality_min"": 19.71830985915392}",MIDCPNIFTY,NSE_INDEX,FYERS_PAPER_PROXY_RESEARCH,PAPER_OVERRIDE::FYERS_PAPER_PROXY_RESEARCH,paper-strategy-8ade763620b6,opportunity-score-8ade763620b6,universe-a8e55c76a270
202608181035_3_MIDCPNIFTY_PE,2026-08-18T05:05:14.482959+00:00,MIDCPNIFTY,2026-08-25,14825.0,PE,70.92500000000001,70.7,71.15,14.185000000000002,2.0,46.89348869635242,712afad509f5,"{""contract_quality_min"": 0.0, ""direction_min"": 0.0, ""excellent_score_min"": 46.89348869635242, ""execution_quality_min"": 100.0, ""expected_required_ratio_min"": 1.0833333333333335, ""final_confidence_min"": 77.13278651473172, ""iv_crush_max"": 24.0, ""market_hostility_max"": 20.069469679636924, ""min_top_book_lots"": 0.0, ""premium_elasticity_min"": 0.3, ""regime_confidence_min"": 60.0, ""spread_pct_max"": 0.6344730348960209, ""trade_quality_min"": 19.71830985915392}",MIDCPNIFTY,NSE_INDEX,FYERS_PAPER_PROXY_RESEARCH,PAPER_OVERRIDE::FYERS_PAPER_PROXY_RESEARCH,paper-strategy-8ade763620b6,opportunity-score-8ade763620b6,universe-a8e55c76a270
202608181035_4_BAJAJFINSV_PE,2026-08-18T05:05:14.483443+00:00,BAJAJFINSV,2026-08-25,2020.0,PE,28.925,28.75,29.1,5.785,2.0,36.038697619447284,e97256bacfa6,"{""contract_quality_min"": 0.0, ""direction_min"": 0.0, ""excellent_score_min"": 36.038697619447284, ""execution_quality_min"": 82.42746018026895, ""expected_required_ratio_min"": 1.1666666666666665, ""final_confidence_min"": 77.86939684167993, ""iv_crush_max"": 24.0, ""market_hostility_max"": 24.900167771299692, ""min_top_book_lots"": 0.0, ""premium_elasticity_min"": 0.7, ""regime_confidence_min"": 60.0, ""spread_pct_max"": 1.2100259291270576, ""trade_quality_min"": 62.97872340425548}",BAJAJFINSV,NSE_STOCK_OPTION,FYERS_PAPER_PROXY_RESEARCH,PAPER_OVERRIDE::FYERS_PAPER_PROXY_RESEARCH,paper-strategy-8ade763620b6,opportunity-score-8ade763620b6,universe-a8e55c76a270
202608181035_5_BAJAJFINSV_CE,2026-08-18T05:05:14.484007+00:00,BAJAJFINSV,2026-08-25,1980.0,CE,43.75,43.4,44.1,8.75,2.0,35.316619692381835,e97256bacfa6,"{""contract_quality_min"": 0.0, ""direction_min"": 14.777833250124994, ""excellent_score_min"": 35.316619692381835, ""execution_quality_min"": 62.999999999999545, ""expected_required_ratio_min"": 1.1666666666666665, ""final_confidence_min"": 77.62305796624202, ""iv_crush_max"": 24.0, ""market_hostility_max"": 24.900167771299692, ""min_top_book_lots"": 0.0, ""premium_elasticity_min"": 0.7, ""regime_confidence_min"": 60.0, ""spread_pct_max"": 1.6000000000000065, ""trade_quality_min"": 62.97872340425548}",BAJAJFINSV,NSE_STOCK_OPTION,FYERS_PAPER_PROXY_RESEARCH,PAPER_OVERRIDE::FYERS_PAPER_PROXY_RESEARCH,paper-strategy-8ade763620b6,opportunity-score-8ade763620b6,universe-a8e55c76a270
202608181036_1_MIDCPNIFTY_PE,2026-08-18T05:06:22.289198+00:00,MIDCPNIFTY,2026-08-25,14850.0,PE,80.8,80.5,81.1,16.16,2.0,47.55405637663645,712afad509f5,"{""contract_quality_min"": 0.0, ""direction_min"": 0.6459557116619109, ""excellent_score_min"": 47.55405637663645, ""execution_quality_min"": 100.0, ""expected_required_ratio_min"": 1.0833333333333333, ""final_confidence_min"": 74.62847230411955, ""iv_crush_max"": 24.0, ""market_hostility_max"": 19.975275036479548, ""min_top_book_lots"": 0.0, ""premium_elasticity_min"": 0.5, ""regime_confidence_min"": 60.0, ""spread_pct_max"": 0.7425742574257356, ""trade_quality_min"": 10.105263157900865}",MIDCPNIFTY,NSE_INDEX,FYERS_PAPER_PROXY_RESEARCH,PAPER_OVERRIDE::FYERS_PAPER_PROXY_RESEARCH,paper-strategy-8ade763620b6,opportunity-score-8ade763620b6,universe-a8e55c76a270
202608181036_2_MIDCPNIFTY_PE,2026-08-18T05:06:22.289725+00:00,MIDCPNIFTY,2026-08-25,14875.0,PE,92.225,91.9,92.55,18.445,2.0,47.254056376636456,712afad509f5,"{""contract_quality_min"": 0.0, ""direction_min"": 0.6459557116619109, ""excellent_score_min"": 47.254056376636456, ""execution_quality_min"": 100.0, ""expected_required_ratio_min"": 1.0833333333333333, ""final_confidence_min"": 74.62847230411955, ""iv_crush_max"": 24.0, ""market_hostility_max"": 19.975275036479548, ""min_top_book_lots"": 0.0, ""premium_elasticity_min"": 0.7, ""regime_confidence_min"": 60.0, ""spread_pct_max"": 0.7047980482515495, ""trade_quality_min"": 10.105263157900865}",MIDCPNIFTY,NSE_INDEX,FYERS_PAPER_PROXY_RESEARCH,PAPER_OVERRIDE::FYERS_PAPER_PROXY_RESEARCH,paper-strategy-8ade763620b6,opportunity-score-8ade763620b6,universe-a8e55c76a270
202608181036_3_BANKNIFTY_CE,2026-08-18T05:06:22.290215+00:00,BANKNIFTY,2026-08-25,57400.0,CE,430.325,430.0,430.65,25.0,2.0,46.5904737372261,2e840ccd58d1,"{""contract_quality_min"": 0.0, ""direction_min"": 0.5091409989278683, ""excellent_score_min"": 46.5904737372261, ""execution_quality_min"": 100.0, ""expected_required_ratio_min"": 1.4166666666666667, ""final_confidence_min"": 73.1763711498396, ""iv_crush_max"": 24.0, ""market_hostility_max"": 21.219471443722917, ""min_top_book_lots"": 0.0, ""premium_elasticity_min"": 0.5, ""regime_confidence_min"": 60.0, ""spread_pct_max"": 0.151048626038454, ""trade_quality_min"": 5.3333333333347515}",BANKNIFTY,NSE_INDEX,FYERS_PAPER_PROXY_RESEARCH,PAPER_OVERRIDE::FYERS_PAPER_PROXY_RESEARCH,paper-strategy-8ade763620b6,opportunity-score-8ade763620b6,universe-a8e55c76a270
202608181036_4_BANKNIFTY_PE,2026-08-18T05:06:22.290646+00:00,BANKNIFTY,2026-08-25,57500.0,PE,415.79999999999995,415.65,415.95,25.0,2.0,46.19882835741909,2e840ccd58d1,"{""contract_quality_min"": 0.0, ""direction_min"": 0.0, ""excellent_score_min"": 46.19882835741909, ""execution_quality_min"": 100.0, ""expected_required_ratio_min"": 1.4166666666666667, ""final_confidence_min"": 73.02362885016124, ""iv_crush_max"": 24.0, ""market_hostility_max"": 21.219471443722917, ""min_top_book_lots"": 0.0, ""premium_elasticity_min"": 0.7, ""regime_confidence_min"": 60.0, ""spread_pct_max"": 0.07215007215007489, ""trade_quality_min"": 5.3333333333347515}",BANKNIFTY,NSE_INDEX,FYERS_PAPER_PROXY_RESEARCH,PAPER_OVERRIDE::FYERS_PAPER_PROXY_RESEARCH,paper-strategy-8ade763620b6,opportunity-score-8ade763620b6,universe-a8e55c76a270
202608181036_5_MIDCPNIFTY_PE,2026-08-18T05:06:22.291098+00:00,MIDCPNIFTY,2026-08-25,14825.0,PE,70.82499999999999,70.6,71.05,14.165,2.0,44.354056376636464,712afad509f5,"{""contract_quality_min"": 0.0, ""direction_min"": 0.6459557116619109, ""excellent_score_min"": 44.354056376636464, ""execution_quality_min"": 100.0, ""expected_required_ratio_min"": 1.0833333333333333, ""final_confidence_min"": 74.62847230411955, ""iv_crush_max"": 24.0, ""market_hostility_max"": 19.975275036479548, ""min_top_book_lots"": 0.0, ""premium_elasticity_min"": 0.3, ""regime_confidence_min"": 60.0, ""spread_pct_max"": 0.6353688669255247, ""trade_quality_min"": 10.105263157900865}",MIDCPNIFTY,NSE_INDEX,FYERS_PAPER_PROXY_RESEARCH,PAPER_OVERRIDE::FYERS_PAPER_PROXY_RESEARCH,paper-strategy-8ade763620b6,opportunity-score-8ade763620b6,universe-a8e55c76a270
202608181039_1_MIDCPNIFTY_CE,2026-08-18T05:09:44.190538+00:00,MIDCPNIFTY,2026-08-25,14900.0,CE,92.575,92.25,92.9,18.515,2.0,56.31650845635122,712afad509f5,"{""contract_quality_min"": 0.0, ""direction_min"": 6.298131756109277, ""excellent_score_min"": 56.31650845635122, ""execution_quality_min"": 100.0, ""expected_required_ratio_min"": 1.0833333333333335, ""final_confidence_min"": 87.30186262056189, ""iv_crush_max"": 24.0, ""market_hostility_max"": 20.029399800303764, ""min_top_book_lots"": 0.0, ""premium_elasticity_min"": 0.3, ""regime_confidence_min"": 60.0, ""spread_pct_max"": 0.7021334053470221, ""trade_quality_min"": 49.52380952381833}",MIDCPNIFTY,NSE_INDEX,FYERS_PAPER_PROXY_RESEARCH,PAPER_OVERRIDE::FYERS_PAPER_PROXY_RESEARCH,paper-strategy-8ade763620b6,opportunity-score-8ade763620b6,universe-a8e55c76a270
202608181039_2_MIDCPNIFTY_PE,2026-08-18T05:09:44.191170+00:00,MIDCPNIFTY,2026-08-25,14850.0,PE,77.225,76.95,77.5,15.445,2.0,55.182844740251554,712afad509f5,"{""contract_quality_min"": 0.0, ""direction_min"": 0.0, ""excellent_score_min"": 55.182844740251554, ""execution_quality_min"": 100.0, ""expected_required_ratio_min"": 1.0833333333333335, ""final_confidence_min"": 85.41242309372912, ""iv_crush_max"": 24.0, ""market_hostility_max"": 20.029399800303764, ""min_top_book_lots"": 0.0, ""premium_elasticity_min"": 0.3, ""regime_confidence_min"": 60.0, ""spread_pct_max"": 0.7122045969569404, ""trade_quality_min"": 49.52380952381833}",MIDCPNIFTY,NSE_INDEX,FYERS_PAPER_PROXY_RESEARCH,PAPER_OVERRIDE::FYERS_PAPER_PROXY_RESEARCH,paper-strategy-8ade763620b6,opportunity-score-8ade763620b6,universe-a8e55c76a270
202608181039_3_BANKNIFTY_PE,2026-08-18T05:09:44.191652+00:00,BANKNIFTY,2026-08-25,57500.0,PE,414.65,414.3,415.0,25.0,2.0,46.690327579629226,2e840ccd58d1,"{""contract_quality_min"": 0.0, ""direction_min"": 0.0, ""excellent_score_min"": 46.690327579629226, ""execution_quality_min"": 100.0, ""expected_required_ratio_min"": 1.4166666666666665, ""final_confidence_min"": 73.53006487540502, ""iv_crush_max"": 24.0, ""market_hostility_max"": 21.179038692219947, ""min_top_book_lots"": 0.0, ""premium_elasticity_min"": 0.7, ""regime_confidence_min"": 60.0, ""spread_pct_max"": 0.16881707464126097, ""trade_quality_min"": 7.056323060574805}",BANKNIFTY,NSE_INDEX,FYERS_PAPER_PROXY_RESEARCH,PAPER_OVERRIDE::FYERS_PAPER_PROXY_RESEARCH,paper-strategy-8ade763620b6,opportunity-score-8ade763620b6,universe-a8e55c76a270
202608181039_4_SBILIFE_CE,2026-08-18T05:09:44.192058+00:00,SBILIFE,2026-08-25,1780.0,CE,27.2,27.0,27.4,5.44,2.0,27.185864251092767,e7a0ecf82f7b,"{""contract_quality_min"": 0.0, ""direction_min"": 9.410183162494311, ""excellent_score_min"": 27.185864251092767, ""execution_quality_min"": 71.2605042016809, ""expected_required_ratio_min"": 1.1666666666666665, ""final_confidence_min"": 70.77390261310967, ""iv_crush_max"": 24.0, ""market_hostility_max"": 26.338629666927446, ""min_top_book_lots"": 0.0, ""premium_elasticity_min"": 0.5, ""regime_confidence_min"": 60.0, ""spread_pct_max"": 1.4705882352941124, ""trade_quality_min"": 31.698113207549508}",SBILIFE,NSE_STOCK_OPTION,FYERS_PAPER_PROXY_RESEARCH,PAPER_OVERRIDE::FYERS_PAPER_PROXY_RESEARCH,paper-strategy-8ade763620b6,opportunity-score-8ade763620b6,universe-a8e55c76a270
202608181039_5_TCS_PE,2026-08-18T05:09:44.192528+00:00,TCS,2026-08-25,2320.0,PE,43.175,43.0,43.35,8.635,2.0,20.14813157496745,5450c99e8b35,"{""contract_quality_min"": 0.0, ""direction_min"": 0.0, ""excellent_score_min"": 20.14813157496745, ""execution_quality_min"": 99.54338654975584, ""expected_required_ratio_min"": 1.1666666666666665, ""final_confidence_min"": 66.29257571841563, ""iv_crush_max"": 24.0, ""market_hostility_max"": 34.984604882866186, ""min_top_book_lots"": 0.0, ""premium_elasticity_min"": 0.7, ""regime_confidence_min"": 60.0, ""spread_pct_max"": 0.8106543138390305, ""trade_quality_min"": 3.8620689655162384}",TCS,NSE_STOCK_OPTION,FYERS_PAPER_PROXY_RESEARCH,PAPER_OVERRIDE::FYERS_PAPER_PROXY_RESEARCH,paper-strategy-8ade763620b6,opportunity-score-8ade763620b6,universe-a8e55c76a270
202608181043_1_BANKNIFTY_PE,2026-08-18T05:13:04.094344+00:00,BANKNIFTY,2026-08-25,57400.0,PE,392.75,392.45,393.05,25.0,2.0,56.58378516095294,2e840ccd58d1,"{""contract_quality_min"": 0.0, ""direction_min"": 5.384955431995117, ""excellent_score_min"": 56.58378516095294, ""execution_quality_min"": 100.0, ""expected_required_ratio_min"": 1.4166666666666667, ""final_confidence_min"": 83.94593426957078, ""iv_crush_max"": 24.0, ""market_hostility_max"": 20.740176172452024, ""min_top_book_lots"": 0.0, ""premium_elasticity_min"": 0.7, ""regime_confidence_min"": 60.0, ""spread_pct_max"": 0.1527689369828193, ""trade_quality_min"": 38.79396984923839}",BANKNIFTY,NSE_INDEX,FYERS_PAPER_PROXY_RESEARCH,PAPER_OVERRIDE::FYERS_PAPER_PROXY_RESEARCH,paper-strategy-8ade763620b6,opportunity-score-8ade763620b6,universe-a8e55c76a270
202608181043_2_MIDCPNIFTY_PE,2026-08-18T05:13:04.094902+00:00,MIDCPNIFTY,2026-08-25,14875.0,PE,90.025,89.7,90.35,18.005000000000003,2.0,49.9565269829112,712afad509f5,"{""contract_quality_min"": 0.0, ""direction_min"": 0.0, ""excellent_score_min"": 49.9565269829112, ""execution_quality_min"": 100.0, ""expected_required_ratio_min"": 1.0833333333333335, ""final_confidence_min"": 76.83516331404223, ""iv_crush_max"": 24.0, ""market_hostility_max"": 20.380683346785695, ""min_top_book_lots"": 0.0, ""premium_elasticity_min"": 0.5, ""regime_confidence_min"": 60.0, ""spread_pct_max"": 0.72202166064981, ""trade_quality_min"": 19.600725952813587}",MIDCPNIFTY,NSE_INDEX,FYERS_PAPER_PROXY_RESEARCH,PAPER_OVERRIDE::FYERS_PAPER_PROXY_RESEARCH,paper-strategy-8ade763620b6,opportunity-score-8ade763620b6,universe-a8e55c76a270
202608181043_3_MIDCPNIFTY_PE,2026-08-18T05:13:04.095363+00:00,MIDCPNIFTY,2026-08-25,14900.0,PE,102.55,102.3,102.8,20.51,2.0,49.65652698291119,712afad509f5,"{""contract_quality_min"": 0.0, ""direction_min"": 0.0, ""excellent_score_min"": 49.65652698291119, ""execution_quality_min"": 100.0, ""expected_required_ratio_min"": 1.0833333333333335, ""final_confidence_min"": 76.83516331404223, ""iv_crush_max"": 24.0, ""market_hostility_max"": 20.380683346785695, ""min_top_book_lots"": 0.0, ""premium_elasticity_min"": 0.7, ""regime_confidence_min"": 60.0, ""spread_pct_max"": 0.48756704046806437, ""trade_quality_min"": 19.600725952813587}",MIDCPNIFTY,NSE_INDEX,FYERS_PAPER_PROXY_RESEARCH,PAPER_OVERRIDE::FYERS_PAPER_PROXY_RESEARCH,paper-strategy-8ade763620b6,opportunity-score-8ade763620b6,universe-a8e55c76a270
202608181043_4_MIDCPNIFTY_CE,2026-08-18T05:13:04.095776+00:00,MIDCPNIFTY,2026-08-25,14900.0,CE,90.375,90.05,90.7,18.075,2.0,47.41059234907341,712afad509f5,"{""contract_quality_min"": 0.0, ""direction_min"": 3.6336964786789494, ""excellent_score_min"": 47.41059234907341, ""execution_quality_min"": 100.0, ""expected_required_ratio_min"": 1.0833333333333335, ""final_confidence_min"": 77.92527225764593, ""iv_crush_max"": 24.0, ""market_hostility_max"": 20.380683346785695, ""min_top_book_lots"": 0.0, ""premium_elasticity_min"": 0.3, ""regime_confidence_min"": 60.0, ""spread_pct_max"": 0.7192254495159123, ""trade_quality_min"": 19.600725952813587}",MIDCPNIFTY,NSE_INDEX,FYERS_PAPER_PROXY_RESEARCH,PAPER_OVERRIDE::FYERS_PAPER_PROXY_RESEARCH,paper-strategy-8ade763620b6,opportunity-score-8ade763620b6,universe-a8e55c76a270
202608181043_5_MIDCPNIFTY_PE,2026-08-18T05:13:04.096178+00:00,MIDCPNIFTY,2026-08-25,14850.0,PE,79.525,79.25,79.8,15.905000000000001,2.0,46.7565269829112,712afad509f5,"{""contract_quality_min"": 0.0, ""direction_min"": 0.0, ""excellent_score_min"": 46.7565269829112, ""execution_quality_min"": 100.0, ""expected_required_ratio_min"": 1.0833333333333335, ""final_confidence_min"": 76.83516331404223, ""iv_crush_max"": 24.0, ""market_hostility_max"": 20.380683346785695, ""min_top_book_lots"": 0.0, ""premium_elasticity_min"": 0.3, ""regime_confidence_min"": 60.0, ""spread_pct_max"": 0.6916064130776449, ""trade_quality_min"": 19.600725952813587}",MIDCPNIFTY,NSE_INDEX,FYERS_PAPER_PROXY_RESEARCH,PAPER_OVERRIDE::FYERS_PAPER_PROXY_RESEARCH,paper-strategy-8ade763620b6,opportunity-score-8ade763620b6,universe-a8e55c76a270
202608181044_1_MIDCPNIFTY_PE,2026-08-18T05:14:10.334252+00:00,MIDCPNIFTY,2026-08-25,14875.0,PE,89.875,89.5,90.25,17.975,2.0,53.349735296676435,712afad509f5,"{""contract_quality_min"": 0.0, ""direction_min"": 0.0, ""excellent_score_min"": 53.349735296676435, ""execution_quality_min"": 98.52175640770912, ""expected_required_ratio_min"": 1.0833333333333335, ""final_confidence_min"": 80.27526998797155, ""iv_crush_max"": 24.0, ""market_hostility_max"": 20.298511978806637, ""min_top_book_lots"": 0.0, ""premium_elasticity_min"": 0.5, ""regime_confidence_min"": 60.0, ""spread_pct_max"": 0.8344923504867872, ""trade_quality_min"": 32.60229132569827}",MIDCPNIFTY,NSE_INDEX,FYERS_PAPER_PROXY_RESEARCH,PAPER_OVERRIDE::FYERS_PAPER_PROXY_RESEARCH,paper-strategy-8ade763620b6,opportunity-score-8ade763620b6,universe-a8e55c76a270
202608181044_2_MIDCPNIFTY_PE,2026-08-18T05:14:10.334789+00:00,MIDCPNIFTY,2026-08-25,14900.0,PE,100.375,100.2,100.55,20.075000000000003,2.0,53.27147183552007,712afad509f5,"{""contract_quality_min"": 0.0, ""direction_min"": 0.0, ""excellent_score_min"": 53.27147183552007, ""execution_quality_min"": 100.0, ""expected_required_ratio_min"": 1.0833333333333335, ""final_confidence_min"": 80.27526998797155, ""iv_crush_max"": 24.0, ""market_hostility_max"": 20.298511978806637, ""min_top_book_lots"": 0.0, ""premium_elasticity_min"": 0.7, ""regime_confidence_min"": 60.0, ""spread_pct_max"": 0.3486924034869184, ""trade_quality_min"": 32.60229132569827}",MIDCPNIFTY,NSE_INDEX,FYERS_PAPER_PROXY_RESEARCH,PAPER_OVERRIDE::FYERS_PAPER_PROXY_RESEARCH,paper-strategy-8ade763620b6,opportunity-score-8ade763620b6,universe-a8e55c76a270
202608181044_3_MIDCPNIFTY_CE,2026-08-18T05:14:10.335385+00:00,MIDCPNIFTY,2026-08-25,14900.0,CE,91.65,91.35,91.95,18.330000000000002,2.0,51.57797272720559,712afad509f5,"{""contract_quality_min"": 0.0, ""direction_min"": 6.702782731586246, ""excellent_score_min"": 51.57797272720559, ""execution_quality_min"": 100.0, ""expected_required_ratio_min"": 1.0833333333333335, ""final_confidence_min"": 82.28610480744742, ""iv_crush_max"": 24.0, ""market_hostility_max"": 20.298511978806637, ""min_top_book_lots"": 0.0, ""premium_elasticity_min"": 0.3, ""regime_confidence_min"": 60.0, ""spread_pct_max"": 0.6546644844517278, ""trade_quality_min"": 32.60229132569827}",MIDCPNIFTY,NSE_INDEX,FYERS_PAPER_PROXY_RESEARCH,PAPER_OVERRIDE::FYERS_PAPER_PROXY_RESEARCH,paper-strategy-8ade763620b6,opportunity-score-8ade763620b6,universe-a8e55c76a270
202608181044_4_MIDCPNIFTY_PE,2026-08-18T05:14:10.335835+00:00,MIDCPNIFTY,2026-08-25,14850.0,PE,79.0,78.65,79.35,15.8,2.0,49.81812644673173,712afad509f5,"{""contract_quality_min"": 0.0, ""direction_min"": 0.0, ""excellent_score_min"": 49.81812644673173, ""execution_quality_min"": 96.3110307414111, ""expected_required_ratio_min"": 1.0833333333333335, ""final_confidence_min"": 80.27526998797155, ""iv_crush_max"": 24.0, ""market_hostility_max"": 20.298511978806637, ""min_top_book_lots"": 0.0, ""premium_elasticity_min"": 0.3, ""regime_confidence_min"": 60.0, ""spread_pct_max"": 0.8860759493670742, ""trade_quality_min"": 32.60229132569827}",MIDCPNIFTY,NSE_INDEX,FYERS_PAPER_PROXY_RESEARCH,PAPER_OVERRIDE::FYERS_PAPER_PROXY_RESEARCH,paper-strategy-8ade763620b6,opportunity-score-8ade763620b6,universe-a8e55c76a270
202608181044_5_GRASIM_CE,2026-08-18T05:14:10.336262+00:00,GRASIM,2026-08-25,3280.0,CE,47.675,47.45,47.9,9.535,2.0,35.61248522515747,3f3175605513,"{""contract_quality_min"": 0.0, ""direction_min"": 19.255377490707676, ""excellent_score_min"": 35.61248522515747, ""execution_quality_min"": 93.83324593602555, ""expected_required_ratio_min"": 1.1666666666666667, ""final_confidence_min"": 83.31744048187372, ""iv_crush_max"": 24.0, ""market_hostility_max"": 33.96598887571814, ""min_top_book_lots"": 0.0, ""premium_elasticity_min"": 0.7, ""regime_confidence_min"": 60.0, ""spread_pct_max"": 0.9438909281594039, ""trade_quality_min"": 49.76377952755856}",GRASIM,NSE_STOCK_OPTION,FYERS_PAPER_PROXY_RESEARCH,PAPER_OVERRIDE::FYERS_PAPER_PROXY_RESEARCH,paper-strategy-8ade763620b6,opportunity-score-8ade763620b6,universe-a8e55c76a270
202608181046_1_MIDCPNIFTY_CE,2026-08-18T05:16:25.309250+00:00,MIDCPNIFTY,2026-08-25,14850.0,CE,120.575,120.2,120.95,24.115000000000002,2.0,49.840878019341844,712afad509f5,"{""contract_quality_min"": 0.0, ""direction_min"": 3.9021764725670267, ""excellent_score_min"": 49.840878019341844, ""execution_quality_min"": 100.0, ""expected_required_ratio_min"": 1.0833333333333335, ""final_confidence_min"": 77.48067530809435, ""iv_crush_max"": 24.0, ""market_hostility_max"": 20.6265600534416, ""min_top_book_lots"": 0.0, ""premium_elasticity_min"": 0.7, ""regime_confidence_min"": 60.0, ""spread_pct_max"": 0.6220194899440182, ""trade_quality_min"": 17.984496124031008}",MIDCPNIFTY,NSE_INDEX,FYERS_PAPER_PROXY_RESEARCH,PAPER_OVERRIDE::FYERS_PAPER_PROXY_RESEARCH,paper-strategy-8ade763620b6,opportunity-score-8ade763620b6,universe-a8e55c76a270
202608181046_2_MIDCPNIFTY_PE,2026-08-18T05:16:25.309859+00:00,MIDCPNIFTY,2026-08-25,14900.0,PE,100.775,100.5,101.05,20.155,2.0,49.138486254279776,712afad509f5,"{""contract_quality_min"": 0.0, ""direction_min"": 0.0, ""excellent_score_min"": 49.138486254279776, ""execution_quality_min"": 100.0, ""expected_required_ratio_min"": 1.0833333333333335, ""final_confidence_min"": 76.31002236632425, ""iv_crush_max"": 24.0, ""market_hostility_max"": 20.6265600534416, ""min_top_book_lots"": 0.0, ""premium_elasticity_min"": 0.7, ""regime_confidence_min"": 60.0, ""spread_pct_max"": 0.5457702803274593, ""trade_quality_min"": 17.984496124031008}",MIDCPNIFTY,NSE_INDEX,FYERS_PAPER_PROXY_RESEARCH,PAPER_OVERRIDE::FYERS_PAPER_PROXY_RESEARCH,paper-strategy-8ade763620b6,opportunity-score-8ade763620b6,universe-a8e55c76a270
202608181046_3_MIDCPNIFTY_CE,2026-08-18T05:16:25.310339+00:00,MIDCPNIFTY,2026-08-25,14900.0,CE,92.4,92.1,92.7,18.48,2.0,46.94087801934184,712afad509f5,"{""contract_quality_min"": 0.0, ""direction_min"": 3.9021764725670267, ""excellent_score_min"": 46.94087801934184, ""execution_quality_min"": 100.0, ""expected_required_ratio_min"": 1.0833333333333335, ""final_confidence_min"": 77.48067530809435, ""iv_crush_max"": 24.0, ""market_hostility_max"": 20.6265600534416, ""min_top_book_lots"": 0.0, ""premium_elasticity_min"": 0.3, ""regime_confidence_min"": 60.0, ""spread_pct_max"": 0.6493506493506584, ""trade_quality_min"": 17.984496124031008}",MIDCPNIFTY,NSE_INDEX,FYERS_PAPER_PROXY_RESEARCH,PAPER_OVERRIDE::FYERS_PAPER_PROXY_RESEARCH,paper-strategy-8ade763620b6,opportunity-score-8ade763620b6,universe-a8e55c76a270
202608181046_4_MIDCPNIFTY_PE,2026-08-18T05:16:25.310770+00:00,MIDCPNIFTY,2026-08-25,14850.0,PE,78.1,77.85,78.35,15.62,2.0,46.23848625427978,712afad509f5,"{""contract_quality_min"": 0.0, ""direction_min"": 0.0, ""excellent_score_min"": 46.23848625427978, ""execution_quality_min"": 100.0, ""expected_required_ratio_min"": 1.0833333333333335, ""final_confidence_min"": 76.31002236632425, ""iv_crush_max"": 24.0, ""market_hostility_max"": 20.6265600534416, ""min_top_book_lots"": 0.0, ""premium_elasticity_min"": 0.3, ""regime_confidence_min"": 60.0, ""spread_pct_max"": 0.6402048655569783, ""trade_quality_min"": 17.984496124031008}",MIDCPNIFTY,NSE_INDEX,FYERS_PAPER_PROXY_RESEARCH,PAPER_OVERRIDE::FYERS_PAPER_PROXY_RESEARCH,paper-strategy-8ade763620b6,opportunity-score-8ade763620b6,universe-a8e55c76a270
202608181046_5_M&M_CE,2026-08-18T05:16:25.311182+00:00,M&M,2026-08-25,3400.0,CE,52.725,52.5,52.95,10.545000000000002,2.0,33.63287294518115,0fdd6afea273,"{""contract_quality_min"": 0.0, ""direction_min"": 9.373169302870533, ""excellent_score_min"": 33.63287294518115, ""execution_quality_min"": 97.70778297094064, ""expected_required_ratio_min"": 1.1666666666666665, ""final_confidence_min"": 78.61329246860026, ""iv_crush_max"": 24.0, ""market_hostility_max"": 26.858786814901183, ""min_top_book_lots"": 0.0, ""premium_elasticity_min"": 0.5, ""regime_confidence_min"": 60.0, ""spread_pct_max"": 0.8534850640113851, ""trade_quality_min"": 39.02439024389898}",M&M,NSE_STOCK_OPTION,FYERS_PAPER_PROXY_RESEARCH,PAPER_OVERRIDE::FYERS_PAPER_PROXY_RESEARCH,paper-strategy-8ade763620b6,opportunity-score-8ade763620b6,universe-a8e55c76a270
202608181047_1_MIDCPNIFTY_CE,2026-08-18T05:17:32.007796+00:00,MIDCPNIFTY,2026-08-25,14900.0,CE,89.875,89.6,90.15,17.975,2.0,46.94052319429912,712afad509f5,"{""contract_quality_min"": 0.0, ""direction_min"": 3.9021764725670267, ""excellent_score_min"": 46.94052319429912, ""execution_quality_min"": 100.0, ""expected_required_ratio_min"": 1.0833333333333335, ""final_confidence_min"": 77.48067530809435, ""iv_crush_max"": 24.0, ""market_hostility_max"": 20.627979353612485, ""min_top_book_lots"": 0.0, ""premium_elasticity_min"": 0.3, ""regime_confidence_min"": 60.0, ""spread_pct_max"": 0.6119610570236566, ""trade_quality_min"": 17.984496124031008}",MIDCPNIFTY,NSE_INDEX,FYERS_PAPER_PROXY_RESEARCH,PAPER_OVERRIDE::FYERS_PAPER_PROXY_RESEARCH,paper-strategy-8ade763620b6,opportunity-score-8ade763620b6,universe-a8e55c76a270
202608181047_2_M&M_CE,2026-08-18T05:17:32.008651+00:00,M&M,2026-08-25,3450.0,CE,29.225,29.05,29.4,5.845000000000001,2.0,27.98389586593514,0fdd6afea273,"{""contract_quality_min"": 0.0, ""direction_min"": 9.373169302870533, ""excellent_score_min"": 27.98389586593514, ""execution_quality_min"": 82.95979469632196, ""expected_required_ratio_min"": 1.1666666666666665, ""final_confidence_min"": 76.24203498357042, ""iv_crush_max"": 24.0, ""market_hostility_max"": 26.85739917310211, ""min_top_book_lots"": 0.0, ""premium_elasticity_min"": 0.3, ""regime_confidence_min"": 60.0, ""spread_pct_max"": 1.1976047904191542, ""trade_quality_min"": 39.02439024389898}",M&M,NSE_STOCK_OPTION,FYERS_PAPER_PROXY_RESEARCH,PAPER_OVERRIDE::FYERS_PAPER_PROXY_RESEARCH,paper-strategy-8ade763620b6,opportunity-score-8ade763620b6,universe-a8e55c76a270
202608181047_3_ONGC_CE,2026-08-18T05:17:32.009392+00:00,ONGC,2026-08-25,237.5,CE,4.345000000000001,4.32,4.37,0.8690000000000002,2.0,26.990284920089174,8a2588edd437,"{""contract_quality_min"": 0.0, ""direction_min"": 0.0, ""excellent_score_min"": 26.990284920089174, ""execution_quality_min"": 84.96794344895629, ""expected_required_ratio_min"": 1.1666666666666665, ""final_confidence_min"": 70.99137399079514, ""iv_crush_max"": 24.0, ""market_hostility_max"": 23.55484265200181, ""min_top_book_lots"": 0.0, ""premium_elasticity_min"": 0.7, ""regime_confidence_min"": 60.0, ""spread_pct_max"": 1.15074798619102, ""trade_quality_min"": 26.666666666666664}",ONGC,NSE_STOCK_OPTION,FYERS_PAPER_PROXY_RESEARCH,PAPER_OVERRIDE::FYERS_PAPER_PROXY_RESEARCH,paper-strategy-8ade763620b6,opportunity-score-8ade763620b6,universe-a8e55c76a270
202608181047_4_M&M_PE,2026-08-18T05:17:32.010083+00:00,M&M,2026-08-25,3400.0,PE,36.025,35.75,36.3,7.205,2.0,26.877286515625897,0fdd6afea273,"{""contract_quality_min"": 0.0, ""direction_min"": 0.0, ""excellent_score_min"": 26.877286515625897, ""execution_quality_min"": 68.12977099236697, ""expected_required_ratio_min"": 1.1666666666666665, ""final_confidence_min"": 69.48073099071632, ""iv_crush_max"": 24.0, ""market_hostility_max"": 26.85739917310211, ""min_top_book_lots"": 0.0, ""premium_elasticity_min"": 0.5, ""regime_confidence_min"": 60.0, ""spread_pct_max"": 1.5267175572519005, ""trade_quality_min"": 39.02439024389898}",M&M,NSE_STOCK_OPTION,FYERS_PAPER_PROXY_RESEARCH,PAPER_OVERRIDE::FYERS_PAPER_PROXY_RESEARCH,paper-strategy-8ade763620b6,opportunity-score-8ade763620b6,universe-a8e55c76a270
202608181047_5_NTPC_PE,2026-08-18T05:17:32.012195+00:00,NTPC,2026-08-25,345.0,PE,7.125,7.0,7.25,1.425,2.0,23.387068122543937,91d36097a929,"{""contract_quality_min"": 0.0, ""direction_min"": 12.975523444411946, ""excellent_score_min"": 23.387068122543937, ""execution_quality_min"": 0.0, ""expected_required_ratio_min"": 1.1666666666666665, ""final_confidence_min"": 50.01582919142628, ""iv_crush_max"": 24.0, ""market_hostility_max"": 27.40768094534748, ""min_top_book_lots"": 0.0, ""premium_elasticity_min"": 0.7, ""regime_confidence_min"": 60.0, ""spread_pct_max"": 3.508771929824561, ""trade_quality_min"": 67.69230769230555}",NTPC,NSE_STOCK_OPTION,FYERS_PAPER_PROXY_RESEARCH,PAPER_OVERRIDE::FYERS_PAPER_PROXY_RESEARCH,paper-strategy-8ade763620b6,opportunity-score-8ade763620b6,universe-a8e55c76a270
202608181049_1_MIDCPNIFTY_PE,2026-08-18T05:19:57.610634+00:00,MIDCPNIFTY,2026-08-25,14850.0,PE,84.44999999999999,84.1,84.8,16.889999999999997,2.0,51.62726796267168,712afad509f5,"{""contract_quality_min"": 0.0, ""direction_min"": 4.438317474193874, ""excellent_score_min"": 51.62726796267168, ""execution_quality_min"": 98.76173560010135, ""expected_required_ratio_min"": 1.0833333333333335, ""final_confidence_min"": 79.4052357381313, ""iv_crush_max"": 24.0, ""market_hostility_max"": 21.176681345816974, ""min_top_book_lots"": 0.0, ""premium_elasticity_min"": 0.5, ""regime_confidence_min"": 60.0, ""spread_pct_max"": 0.8288928359976352, ""trade_quality_min"": 24.131627056674045}",MIDCPNIFTY,NSE_INDEX,FYERS_PAPER_PROXY_RESEARCH,PAPER_OVERRIDE::FYERS_PAPER_PROXY_RESEARCH,paper-strategy-8ade763620b6,opportunity-score-8ade763620b6,universe-a8e55c76a270
202608181049_2_MIDCPNIFTY_PE,2026-08-18T05:19:57.611461+00:00,MIDCPNIFTY,2026-08-25,14875.0,PE,95.4,95.05,95.75,19.080000000000002,2.0,51.51300762265648,712afad509f5,"{""contract_quality_min"": 0.0, ""direction_min"": 4.438317474193874, ""excellent_score_min"": 51.51300762265648, ""execution_quality_min"": 100.0, ""expected_required_ratio_min"": 1.0833333333333335, ""final_confidence_min"": 79.4052357381313, ""iv_crush_max"": 24.0, ""market_hostility_max"": 21.176681345816974, ""min_top_book_lots"": 0.0, ""premium_elasticity_min"": 0.7, ""regime_confidence_min"": 60.0, ""spread_pct_max"": 0.7337526205450763, ""trade_quality_min"": 24.131627056674045}",MIDCPNIFTY,NSE_INDEX,FYERS_PAPER_PROXY_RESEARCH,PAPER_OVERRIDE::FYERS_PAPER_PROXY_RESEARCH,paper-strategy-8ade763620b6,opportunity-score-8ade763620b6,universe-a8e55c76a270
202608181049_3_TATASTEEL_PE,2026-08-18T05:19:57.612022+00:00,TATASTEEL,2026-08-25,187.5,PE,4.095000000000001,4.07,4.12,0.8190000000000002,2.0,36.222236255118176,5277066ebc2f,"{""contract_quality_min"": 0.0, ""direction_min"": 25.450231855925953, ""excellent_score_min"": 36.222236255118176, ""execution_quality_min"": 81.9570905285193, ""expected_required_ratio_min"": 1.1666666666666667, ""final_confidence_min"": 82.225959686814, ""iv_crush_max"": 24.0, ""market_hostility_max"": 29.785964153052433, ""min_top_book_lots"": 0.0, ""premium_elasticity_min"": 0.7, ""regime_confidence_min"": 60.0, ""spread_pct_max"": 1.2210012210012164, ""trade_quality_min"": 51.86813186813236}",TATASTEEL,NSE_STOCK_OPTION,FYERS_PAPER_PROXY_RESEARCH,PAPER_OVERRIDE::FYERS_PAPER_PROXY_RESEARCH,paper-strategy-8ade763620b6,opportunity-score-8ade763620b6,universe-a8e55c76a270
202608181049_4_TATASTEEL_CE,2026-08-18T05:19:57.612454+00:00,TATASTEEL,2026-08-25,182.5,CE,4.0,3.96,4.04,0.8,2.0,23.662832406975042,5277066ebc2f,"{""contract_quality_min"": 0.0, ""direction_min"": 0.0, ""excellent_score_min"": 23.662832406975042, ""execution_quality_min"": 34.99999999999987, ""expected_required_ratio_min"": 1.1666666666666667, ""final_confidence_min"": 65.2429047820508, ""iv_crush_max"": 24.0, ""market_hostility_max"": 29.785964153052433, ""min_top_book_lots"": 0.0, ""premium_elasticity_min"": 0.7, ""regime_confidence_min"": 60.0, ""spread_pct_max"": 2.0000000000000018, ""trade_quality_min"": 51.86813186813236}",TATASTEEL,NSE_STOCK_OPTION,FYERS_PAPER_PROXY_RESEARCH,PAPER_OVERRIDE::FYERS_PAPER_PROXY_RESEARCH,paper-strategy-8ade763620b6,opportunity-score-8ade763620b6,universe-a8e55c76a270
202608181049_5_TCS_CE,2026-08-18T05:19:57.612909+00:00,TCS,2026-08-25,2280.0,CE,44.575,44.4,44.75,8.915000000000001,2.0,23.520391156060008,5450c99e8b35,"{""contract_quality_min"": 0.0, ""direction_min"": 4.534949635894918, ""excellent_score_min"": 23.520391156060008, ""execution_quality_min"": 100.0, ""expected_required_ratio_min"": 1.1666666666666665, ""final_confidence_min"": 69.15167101681206, ""iv_crush_max"": 24.0, ""market_hostility_max"": 31.676835468781142, ""min_top_book_lots"": 0.0, ""premium_elasticity_min"": 0.7, ""regime_confidence_min"": 60.0, ""spread_pct_max"": 0.7851934941110519, ""trade_quality_min"": 9.904761904759397}",TCS,NSE_STOCK_OPTION,FYERS_PAPER_PROXY_RESEARCH,PAPER_OVERRIDE::FYERS_PAPER_PROXY_RESEARCH,paper-strategy-8ade763620b6,opportunity-score-8ade763620b6,universe-a8e55c76a270
202608181052_1_BANKNIFTY_PE,2026-08-18T05:22:55.208782+00:00,BANKNIFTY,2026-08-25,57100.0,PE,301.625,301.3,301.95,25.0,2.0,53.93744775305003,2e840ccd58d1,"{""contract_quality_min"": 0.0, ""direction_min"": 7.469217835026269, ""excellent_score_min"": 53.93744775305003, ""execution_quality_min"": 100.0, ""expected_required_ratio_min"": 1.4166666666666667, ""final_confidence_min"": 84.35712856190749, ""iv_crush_max"": 24.0, ""market_hostility_max"": 21.46907740242378, ""min_top_book_lots"": 0.0, ""premium_elasticity_min"": 0.3, ""regime_confidence_min"": 60.0, ""spread_pct_max"": 0.21549937836717026, ""trade_quality_min"": 39.122486288845145}",BANKNIFTY,NSE_INDEX,FYERS_PAPER_PROXY_RESEARCH,PAPER_OVERRIDE::FYERS_PAPER_PROXY_RESEARCH,paper-strategy-8ade763620b6,opportunity-score-8ade763620b6,universe-a8e55c76a270
202608181052_2_BAJAJFINSV_PE,2026-08-18T05:22:55.209376+00:00,BAJAJFINSV,2026-08-25,2000.0,PE,20.950000000000003,20.8,21.1,4.19,2.0,31.676660738917498,e97256bacfa6,"{""contract_quality_min"": 0.0, ""direction_min"": 15.155291888928389, ""excellent_score_min"": 31.676660738917498, ""execution_quality_min"": 72.91510398908953, ""expected_required_ratio_min"": 1.1666666666666665, ""final_confidence_min"": 76.8395229002848, ""iv_crush_max"": 24.0, ""market_hostility_max"": 31.043403731256284, ""min_top_book_lots"": 0.0, ""premium_elasticity_min"": 0.5, ""regime_confidence_min"": 60.0, ""spread_pct_max"": 1.4319809069212441, ""trade_quality_min"": 47.5000000000016}",BAJAJFINSV,NSE_STOCK_OPTION,FYERS_PAPER_PROXY_RESEARCH,PAPER_OVERRIDE::FYERS_PAPER_PROXY_RESEARCH,paper-strategy-8ade763620b6,opportunity-score-8ade763620b6,universe-a8e55c76a270
202608181052_3_BAJAJFINSV_PE,2026-08-18T05:22:55.209969+00:00,BAJAJFINSV,2026-08-25,2020.0,PE,31.275,30.95,31.6,6.255,2.0,24.075558000242374,e97256bacfa6,"{""contract_quality_min"": 0.0, ""direction_min"": 15.155291888928389, ""excellent_score_min"": 24.075558000242374, ""execution_quality_min"": 29.516386890487137, ""expected_required_ratio_min"": 1.1666666666666665, ""final_confidence_min"": 68.92657116143715, ""iv_crush_max"": 24.0, ""market_hostility_max"": 31.043403731256284, ""min_top_book_lots"": 0.0, ""premium_elasticity_min"": 0.7, ""regime_confidence_min"": 60.0, ""spread_pct_max"": 2.078337330135898, ""trade_quality_min"": 47.5000000000016}",BAJAJFINSV,NSE_STOCK_OPTION,FYERS_PAPER_PROXY_RESEARCH,PAPER_OVERRIDE::FYERS_PAPER_PROXY_RESEARCH,paper-strategy-8ade763620b6,opportunity-score-8ade763620b6,universe-a8e55c76a270
202608181052_4_BHARTIARTL_CE,2026-08-18T05:22:55.210445+00:00,BHARTIARTL,2026-08-25,1920.0,CE,33.474999999999994,33.3,33.65,6.694999999999999,2.0,22.36067187658471,d009a6fae530,"{""contract_quality_min"": 0.0, ""direction_min"": 2.4710424710420966, ""excellent_score_min"": 22.36067187658471, ""execution_quality_min"": 89.47615491304794, ""expected_required_ratio_min"": 1.1666666666666667, ""final_confidence_min"": 67.99064641297596, ""iv_crush_max"": 24.0, ""market_hostility_max"": 27.282778378192983, ""min_top_book_lots"": 0.0, ""premium_elasticity_min"": 0.7, ""regime_confidence_min"": 60.0, ""spread_pct_max"": 1.045556385362215, ""trade_quality_min"": 8.888888888887392}",BHARTIARTL,NSE_STOCK_OPTION,FYERS_PAPER_PROXY_RESEARCH,PAPER_OVERRIDE::FYERS_PAPER_PROXY_RESEARCH,paper-strategy-8ade763620b6,opportunity-score-8ade763620b6,universe-a8e55c76a270
202608181052_5_BHARTIARTL_PE,2026-08-18T05:22:55.210887+00:00,BHARTIARTL,2026-08-25,1960.0,PE,29.0,28.85,29.15,5.800000000000001,2.0,22.00036018436827,d009a6fae530,"{""contract_quality_min"": 0.0, ""direction_min"": 0.0, ""excellent_score_min"": 22.00036018436827, ""execution_quality_min"": 89.95073891625657, ""expected_required_ratio_min"": 1.1666666666666667, ""final_confidence_min"": 67.38221719256174, ""iv_crush_max"": 24.0, ""market_hostility_max"": 27.282778378192983, ""min_top_book_lots"": 0.0, ""premium_elasticity_min"": 0.7, ""regime_confidence_min"": 60.0, ""spread_pct_max"": 1.03448275862068, ""trade_quality_min"": 8.888888888887392}",BHARTIARTL,NSE_STOCK_OPTION,FYERS_PAPER_PROXY_RESEARCH,PAPER_OVERRIDE::FYERS_PAPER_PROXY_RESEARCH,paper-strategy-8ade763620b6,opportunity-score-8ade763620b6,universe-a8e55c76a270
202608181054_1_HINDALCO_CE,2026-08-18T05:24:11.522068+00:00,HINDALCO,2026-08-25,1020.0,CE,25.85,25.7,26.0,5.170000000000001,2.0,24.536685606773027,0b8f346aac89,"{""contract_quality_min"": 0.0, ""direction_min"": 0.0, ""excellent_score_min"": 24.536685606773027, ""execution_quality_min"": 84.54821773970698, ""expected_required_ratio_min"": 1.1666666666666665, ""final_confidence_min"": 67.98300232239343, ""iv_crush_max"": 24.0, ""market_hostility_max"": 23.025166923471716, ""min_top_book_lots"": 0.0, ""premium_elasticity_min"": 0.7, ""regime_confidence_min"": 60.0, ""spread_pct_max"": 1.1605415860735036, ""trade_quality_min"": 17.77777777778227}",HINDALCO,NSE_STOCK_OPTION,FYERS_PAPER_PROXY_RESEARCH,PAPER_OVERRIDE::FYERS_PAPER_PROXY_RESEARCH,paper-strategy-8ade763620b6,opportunity-score-8ade763620b6,universe-a8e55c76a270
202608181054_2_HINDUNILVR_CE,2026-08-18T05:24:11.522865+00:00,HINDUNILVR,2026-08-25,2040.0,CE,21.925,21.75,22.1,4.385000000000001,2.0,20.628385406268343,7c6072ee0b40,"{""contract_quality_min"": 0.0, ""direction_min"": 0.0, ""excellent_score_min"": 20.628385406268343, ""execution_quality_min"": 63.25541619156171, ""expected_required_ratio_min"": 1.1666666666666667, ""final_confidence_min"": 63.65218575314193, ""iv_crush_max"": 24.0, ""market_hostility_max"": 27.03204185058041, ""min_top_book_lots"": 0.0, ""premium_elasticity_min"": 0.5, ""regime_confidence_min"": 60.0, ""spread_pct_max"": 1.5963511972634041, ""trade_quality_min"": 19.459459459459993}",HINDUNILVR,NSE_STOCK_OPTION,FYERS_PAPER_PROXY_RESEARCH,PAPER_OVERRIDE::FYERS_PAPER_PROXY_RESEARCH,paper-strategy-8ade763620b6,opportunity-score-8ade763620b6,universe-a8e55c76a270
202608181054_3_HINDUNILVR_PE,2026-08-18T05:24:11.523312+00:00,HINDUNILVR,2026-08-25,2060.0,PE,33.125,32.85,33.4,6.625,2.0,20.214604580952923,7c6072ee0b40,"{""contract_quality_min"": 0.0, ""direction_min"": 3.529584783568178, ""excellent_score_min"": 20.214604580952923, ""execution_quality_min"": 58.773584905660975, ""expected_required_ratio_min"": 1.1666666666666667, ""final_confidence_min"": 63.94274725348654, ""iv_crush_max"": 24.0, ""market_hostility_max"": 27.03204185058041, ""min_top_book_lots"": 0.0, ""premium_elasticity_min"": 0.7, ""regime_confidence_min"": 60.0, ""spread_pct_max"": 1.6603773584905575, ""trade_quality_min"": 19.459459459459993}",HINDUNILVR,NSE_STOCK_OPTION,FYERS_PAPER_PROXY_RESEARCH,PAPER_OVERRIDE::FYERS_PAPER_PROXY_RESEARCH,paper-strategy-8ade763620b6,opportunity-score-8ade763620b6,universe-a8e55c76a270
202608181054_4_GRASIM_CE,2026-08-18T05:24:11.523837+00:00,GRASIM,2026-08-25,3280.0,CE,46.625,46.35,46.9,9.325000000000001,2.0,19.813140390491455,3f3175605513,"{""contract_quality_min"": 0.0, ""direction_min"": 0.0, ""excellent_score_min"": 19.813140390491455, ""execution_quality_min"": 83.7303715051707, ""expected_required_ratio_min"": 1.1666666666666665, ""final_confidence_min"": 65.81093646751685, ""iv_crush_max"": 24.0, ""market_hostility_max"": 35.0, ""min_top_book_lots"": 0.0, ""premium_elasticity_min"": 0.5, ""regime_confidence_min"": 60.0, ""spread_pct_max"": 1.1796246648793505, ""trade_quality_min"": 11.01796407185668}",GRASIM,NSE_STOCK_OPTION,FYERS_PAPER_PROXY_RESEARCH,PAPER_OVERRIDE::FYERS_PAPER_PROXY_RESEARCH,paper-strategy-8ade763620b6,opportunity-score-8ade763620b6,universe-a8e55c76a270
202608181054_5_HINDUNILVR_CE,2026-08-18T05:24:11.529496+00:00,HINDUNILVR,2026-08-25,2020.0,CE,33.425,33.15,33.7,6.685,2.0,19.75363757057014,7c6072ee0b40,"{""contract_quality_min"": 0.0, ""direction_min"": 0.0, ""excellent_score_min"": 19.75363757057014, ""execution_quality_min"": 59.81675392670067, ""expected_required_ratio_min"": 1.1666666666666667, ""final_confidence_min"": 63.06270079345146, ""iv_crush_max"": 24.0, ""market_hostility_max"": 27.03204185058041, ""min_top_book_lots"": 0.0, ""premium_elasticity_min"": 0.7, ""regime_confidence_min"": 60.0, ""spread_pct_max"": 1.6454749439042762, ""trade_quality_min"": 19.459459459459993}",HINDUNILVR,NSE_STOCK_OPTION,FYERS_PAPER_PROXY_RESEARCH,PAPER_OVERRIDE::FYERS_PAPER_PROXY_RESEARCH,paper-strategy-8ade763620b6,opportunity-score-8ade763620b6,universe-a8e55c76a270
202608181057_1_BANKNIFTY_PE,2026-08-18T05:27:28.000311+00:00,BANKNIFTY,2026-08-25,57300.0,PE,378.2,378.0,378.4,25.0,2.0,49.24685786612403,2e840ccd58d1,"{""contract_quality_min"": 0.0, ""direction_min"": 2.304925993540969, ""excellent_score_min"": 49.24685786612403, ""execution_quality_min"": 100.0, ""expected_required_ratio_min"": 1.4166666666666665, ""final_confidence_min"": 76.02295408890444, ""iv_crush_max"": 24.0, ""market_hostility_max"": 21.400756400101216, ""min_top_book_lots"": 0.0, ""premium_elasticity_min"": 0.5, ""regime_confidence_min"": 60.0, ""spread_pct_max"": 0.10576414595451542, ""trade_quality_min"": 13.924050632910966}",BANKNIFTY,NSE_INDEX,FYERS_PAPER_PROXY_RESEARCH,PAPER_OVERRIDE::FYERS_PAPER_PROXY_RESEARCH,paper-strategy-8ade763620b6,opportunity-score-8ade763620b6,universe-a8e55c76a270
202608181057_2_MIDCPNIFTY_PE,2026-08-18T05:27:28.001207+00:00,MIDCPNIFTY,2026-08-25,14850.0,PE,88.0,87.7,88.3,17.6,2.0,48.52226424540942,712afad509f5,"{""contract_quality_min"": 0.0, ""direction_min"": 3.228431722032029, ""excellent_score_min"": 48.52226424540942, ""execution_quality_min"": 100.0, ""expected_required_ratio_min"": 1.0833333333333333, ""final_confidence_min"": 76.09855047259052, ""iv_crush_max"": 24.0, ""market_hostility_max"": 21.8737079549035, ""min_top_book_lots"": 0.0, ""premium_elasticity_min"": 0.5, ""regime_confidence_min"": 60.0, ""spread_pct_max"": 0.6818181818181753, ""trade_quality_min"": 13.714285714285715}",MIDCPNIFTY,NSE_INDEX,FYERS_PAPER_PROXY_RESEARCH,PAPER_OVERRIDE::FYERS_PAPER_PROXY_RESEARCH,paper-strategy-8ade763620b6,opportunity-score-8ade763620b6,universe-a8e55c76a270
202608181057_3_MIDCPNIFTY_PE,2026-08-18T05:27:28.001689+00:00,MIDCPNIFTY,2026-08-25,14875.0,PE,99.575,99.25,99.9,19.915000000000003,2.0,48.22226424540941,712afad509f5,"{""contract_quality_min"": 0.0, ""direction_min"": 3.228431722032029, ""excellent_score_min"": 48.22226424540941, ""execution_quality_min"": 100.0, ""expected_required_ratio_min"": 1.0833333333333333, ""final_confidence_min"": 76.09855047259052, ""iv_crush_max"": 24.0, ""market_hostility_max"": 21.8737079549035, ""min_top_book_lots"": 0.0, ""premium_elasticity_min"": 0.7, ""regime_confidence_min"": 60.0, ""spread_pct_max"": 0.6527742907356321, ""trade_quality_min"": 13.714285714285715}",MIDCPNIFTY,NSE_INDEX,FYERS_PAPER_PROXY_RESEARCH,PAPER_OVERRIDE::FYERS_PAPER_PROXY_RESEARCH,paper-strategy-8ade763620b6,opportunity-score-8ade763620b6,universe-a8e55c76a270
202608181057_4_MIDCPNIFTY_CE,2026-08-18T05:27:28.002256+00:00,MIDCPNIFTY,2026-08-25,14850.0,CE,110.8,110.55,111.05,22.16,2.0,47.94114653544365,712afad509f5,"{""contract_quality_min"": 0.0, ""direction_min"": 0.0, ""excellent_score_min"": 47.94114653544365, ""execution_quality_min"": 100.0, ""expected_required_ratio_min"": 1.0833333333333333, ""final_confidence_min"": 75.13002095598091, ""iv_crush_max"": 24.0, ""market_hostility_max"": 21.8737079549035, ""min_top_book_lots"": 0.0, ""premium_elasticity_min"": 0.5, ""regime_confidence_min"": 60.0, ""spread_pct_max"": 0.45126353790613716, ""trade_quality_min"": 13.714285714285715}",MIDCPNIFTY,NSE_INDEX,FYERS_PAPER_PROXY_RESEARCH,PAPER_OVERRIDE::FYERS_PAPER_PROXY_RESEARCH,paper-strategy-8ade763620b6,opportunity-score-8ade763620b6,universe-a8e55c76a270
202608181057_5_ONGC_CE,2026-08-18T05:27:28.002744+00:00,ONGC,2026-08-25,237.5,CE,4.285,4.25,4.32,0.8570000000000001,2.0,17.073019319482604,8a2588edd437,"{""contract_quality_min"": 0.0, ""direction_min"": 0.0, ""excellent_score_min"": 17.073019319482604, ""execution_quality_min"": 60.647607934655326, ""expected_required_ratio_min"": 1.1666666666666665, ""final_confidence_min"": 58.996732788798425, ""iv_crush_max"": 24.0, ""market_hostility_max"": 21.16718059838359, ""min_top_book_lots"": 0.0, ""premium_elasticity_min"": 0.7, ""regime_confidence_min"": 60.0, ""spread_pct_max"": 1.6336056009334954, ""trade_quality_min"": 4.000000000001421}",ONGC,NSE_STOCK_OPTION,FYERS_PAPER_PROXY_RESEARCH,PAPER_OVERRIDE::FYERS_PAPER_PROXY_RESEARCH,paper-strategy-8ade763620b6,opportunity-score-8ade763620b6,universe-a8e55c76a270
202608181058_1_BANKNIFTY_CE,2026-08-18T05:28:39.386905+00:00,BANKNIFTY,2026-08-25,57300.0,CE,448.225,447.95,448.5,25.0,2.0,50.7062175600746,2e840ccd58d1,"{""contract_quality_min"": 0.0, ""direction_min"": 0.0, ""excellent_score_min"": 50.7062175600746, ""execution_quality_min"": 100.0, ""expected_required_ratio_min"": 1.4166666666666667, ""final_confidence_min"": 77.22220805644955, ""iv_crush_max"": 24.0, ""market_hostility_max"": 21.370750431789283, ""min_top_book_lots"": 0.0, ""premium_elasticity_min"": 0.5, ""regime_confidence_min"": 60.0, ""spread_pct_max"": 0.12270623012995958, ""trade_quality_min"": 20.63473744950783}",BANKNIFTY,NSE_INDEX,FYERS_PAPER_PROXY_RESEARCH,PAPER_OVERRIDE::FYERS_PAPER_PROXY_RESEARCH,paper-strategy-8ade763620b6,opportunity-score-8ade763620b6,universe-a8e55c76a270
202608181058_2_MIDCPNIFTY_PE,2026-08-18T05:28:39.387556+00:00,MIDCPNIFTY,2026-08-25,14850.0,PE,86.94999999999999,86.6,87.3,17.389999999999997,2.0,48.18968539030825,712afad509f5,"{""contract_quality_min"": 0.0, ""direction_min"": 2.5297293660542497, ""excellent_score_min"": 48.18968539030825, ""execution_quality_min"": 99.78312659163709, ""expected_required_ratio_min"": 1.0833333333333335, ""final_confidence_min"": 75.74247310353877, ""iv_crush_max"": 24.0, ""market_hostility_max"": 21.67467358356611, ""min_top_book_lots"": 0.0, ""premium_elasticity_min"": 0.5, ""regime_confidence_min"": 60.0, ""spread_pct_max"": 0.805060379528468, ""trade_quality_min"": 12.876712328768797}",MIDCPNIFTY,NSE_INDEX,FYERS_PAPER_PROXY_RESEARCH,PAPER_OVERRIDE::FYERS_PAPER_PROXY_RESEARCH,paper-strategy-8ade763620b6,opportunity-score-8ade763620b6,universe-a8e55c76a270
202608181058_3_MIDCPNIFTY_CE,2026-08-18T05:28:39.388080+00:00,MIDCPNIFTY,2026-08-25,14850.0,CE,112.475,112.1,112.85,22.495,2.0,47.76686511567293,712afad509f5,"{""contract_quality_min"": 0.0, ""direction_min"": 0.0, ""excellent_score_min"": 47.76686511567293, ""execution_quality_min"": 100.0, ""expected_required_ratio_min"": 1.0833333333333335, ""final_confidence_min"": 74.9835542937225, ""iv_crush_max"": 24.0, ""market_hostility_max"": 21.67467358356611, ""min_top_book_lots"": 0.0, ""premium_elasticity_min"": 0.5, ""regime_confidence_min"": 60.0, ""spread_pct_max"": 0.6668148477439432, ""trade_quality_min"": 12.876712328768797}",MIDCPNIFTY,NSE_INDEX,FYERS_PAPER_PROXY_RESEARCH,PAPER_OVERRIDE::FYERS_PAPER_PROXY_RESEARCH,paper-strategy-8ade763620b6,opportunity-score-8ade763620b6,universe-a8e55c76a270
202608181058_4_MIDCPNIFTY_PE,2026-08-18T05:28:39.388622+00:00,MIDCPNIFTY,2026-08-25,14825.0,PE,75.9,75.6,76.2,15.180000000000001,2.0,45.02221640156268,712afad509f5,"{""contract_quality_min"": 0.0, ""direction_min"": 2.5297293660542497, ""excellent_score_min"": 45.02221640156268, ""execution_quality_min"": 100.0, ""expected_required_ratio_min"": 1.0833333333333335, ""final_confidence_min"": 75.74247310353877, ""iv_crush_max"": 24.0, ""market_hostility_max"": 21.67467358356611, ""min_top_book_lots"": 0.0, ""premium_elasticity_min"": 0.3, ""regime_confidence_min"": 60.0, ""spread_pct_max"": 0.7905138339921061, ""trade_quality_min"": 12.876712328768797}",MIDCPNIFTY,NSE_INDEX,FYERS_PAPER_PROXY_RESEARCH,PAPER_OVERRIDE::FYERS_PAPER_PROXY_RESEARCH,paper-strategy-8ade763620b6,opportunity-score-8ade763620b6,universe-a8e55c76a270
202608181058_5_MIDCPNIFTY_CE,2026-08-18T05:28:39.389430+00:00,MIDCPNIFTY,2026-08-25,14875.0,CE,98.225,98.0,98.45,19.645,2.0,44.566865115672925,712afad509f5,"{""contract_quality_min"": 0.0, ""direction_min"": 0.0, ""excellent_score_min"": 44.566865115672925, ""execution_quality_min"": 100.0, ""expected_required_ratio_min"": 1.0833333333333335, ""final_confidence_min"": 74.9835542937225, ""iv_crush_max"": 24.0, ""market_hostility_max"": 21.67467358356611, ""min_top_book_lots"": 0.0, ""premium_elasticity_min"": 0.3, ""regime_confidence_min"": 60.0, ""spread_pct_max"": 0.45813184016289427, ""trade_quality_min"": 12.876712328768797}",MIDCPNIFTY,NSE_INDEX,FYERS_PAPER_PROXY_RESEARCH,PAPER_OVERRIDE::FYERS_PAPER_PROXY_RESEARCH,paper-strategy-8ade763620b6,opportunity-score-8ade763620b6,universe-a8e55c76a270
202608181101_1_MIDCPNIFTY_PE,2026-08-18T05:31:19.530735+00:00,MIDCPNIFTY,2026-08-25,14850.0,PE,87.025,86.75,87.3,17.405,2.0,45.428609351555856,712afad509f5,"{""contract_quality_min"": 0.0, ""direction_min"": 0.5114228996336476, ""excellent_score_min"": 45.428609351555856, ""execution_quality_min"": 100.0, ""expected_required_ratio_min"": 1.0833333333333335, ""final_confidence_min"": 72.71957057780303, ""iv_crush_max"": 24.0, ""market_hostility_max"": 21.361768374204583, ""min_top_book_lots"": 0.0, ""premium_elasticity_min"": 0.5, ""regime_confidence_min"": 60.0, ""spread_pct_max"": 0.632002298190172, ""trade_quality_min"": 3.8095238095265884}",MIDCPNIFTY,NSE_INDEX,FYERS_PAPER_PROXY_RESEARCH,PAPER_OVERRIDE::FYERS_PAPER_PROXY_RESEARCH,paper-strategy-8ade763620b6,opportunity-score-8ade763620b6,universe-a8e55c76a270
202608181101_2_MIDCPNIFTY_PE,2026-08-18T05:31:19.531595+00:00,MIDCPNIFTY,2026-08-25,14825.0,PE,76.475,76.2,76.75,15.295,2.0,42.22860935155585,712afad509f5,"{""contract_quality_min"": 0.0, ""direction_min"": 0.5114228996336476, ""excellent_score_min"": 42.22860935155585, ""execution_quality_min"": 100.0, ""expected_required_ratio_min"": 1.0833333333333335, ""final_confidence_min"": 72.71957057780303, ""iv_crush_max"": 24.0, ""market_hostility_max"": 21.361768374204583, ""min_top_book_lots"": 0.0, ""premium_elasticity_min"": 0.3, ""regime_confidence_min"": 60.0, ""spread_pct_max"": 0.7191892775416766, ""trade_quality_min"": 3.8095238095265884}",MIDCPNIFTY,NSE_INDEX,FYERS_PAPER_PROXY_RESEARCH,PAPER_OVERRIDE::FYERS_PAPER_PROXY_RESEARCH,paper-strategy-8ade763620b6,opportunity-score-8ade763620b6,universe-a8e55c76a270
202608181101_3_CIPLA_CE,2026-08-18T05:31:19.532547+00:00,CIPLA,2026-08-25,1420.0,CE,23.9,23.75,24.05,4.78,2.0,19.5290388856278,fcbb76385597,"{""contract_quality_min"": 0.0, ""direction_min"": 0.0, ""excellent_score_min"": 19.5290388856278, ""execution_quality_min"": 80.49013747758505, ""expected_required_ratio_min"": 1.1666666666666665, ""final_confidence_min"": 65.14521421070005, ""iv_crush_max"": 24.0, ""market_hostility_max"": 32.688404785178975, ""min_top_book_lots"": 0.0, ""premium_elasticity_min"": 0.7, ""regime_confidence_min"": 60.0, ""spread_pct_max"": 1.2552301255230156, ""trade_quality_min"": 10.98039215685911}",CIPLA,NSE_STOCK_OPTION,FYERS_PAPER_PROXY_RESEARCH,PAPER_OVERRIDE::FYERS_PAPER_PROXY_RESEARCH,paper-strategy-8ade763620b6,opportunity-score-8ade763620b6,universe-a8e55c76a270
202608181101_4_BAJAJFINSV_CE,2026-08-18T05:31:19.533086+00:00,BAJAJFINSV,2026-08-25,2000.0,CE,29.0,28.8,29.2,5.800000000000001,2.0,19.148180432115304,e97256bacfa6,"{""contract_quality_min"": 0.0, ""direction_min"": 2.795806290564335, ""excellent_score_min"": 19.148180432115304, ""execution_quality_min"": 75.17241379310366, ""expected_required_ratio_min"": 1.1666666666666667, ""final_confidence_min"": 63.875109492220986, ""iv_crush_max"": 24.0, ""market_hostility_max"": 30.768463073852324, ""min_top_book_lots"": 0.0, ""premium_elasticity_min"": 0.5, ""regime_confidence_min"": 60.0, ""spread_pct_max"": 1.3793103448275814, ""trade_quality_min"": 8.358208955224368}",BAJAJFINSV,NSE_STOCK_OPTION,FYERS_PAPER_PROXY_RESEARCH,PAPER_OVERRIDE::FYERS_PAPER_PROXY_RESEARCH,paper-strategy-8ade763620b6,opportunity-score-8ade763620b6,universe-a8e55c76a270
202608181101_5_BAJAJFINSV_PE,2026-08-18T05:31:19.533633+00:00,BAJAJFINSV,2026-08-25,2000.0,PE,20.4,20.25,20.55,4.08,2.0,17.948615392540404,e97256bacfa6,"{""contract_quality_min"": 0.0, ""direction_min"": 0.0, ""excellent_score_min"": 17.948615392540404, ""execution_quality_min"": 71.26050420168052, ""expected_required_ratio_min"": 1.1666666666666667, ""final_confidence_min"": 61.9410329194532, ""iv_crush_max"": 24.0, ""market_hostility_max"": 30.768463073852324, ""min_top_book_lots"": 0.0, ""premium_elasticity_min"": 0.5, ""regime_confidence_min"": 60.0, ""spread_pct_max"": 1.4705882352941213, ""trade_quality_min"": 8.358208955224368}",BAJAJFINSV,NSE_STOCK_OPTION,FYERS_PAPER_PROXY_RESEARCH,PAPER_OVERRIDE::FYERS_PAPER_PROXY_RESEARCH,paper-strategy-8ade763620b6,opportunity-score-8ade763620b6,universe-a8e55c76a270
202608181102_1_MIDCPNIFTY_PE,2026-08-18T05:32:30.716994+00:00,MIDCPNIFTY,2026-08-25,14850.0,PE,85.85,85.55,86.15,17.169999999999998,2.0,50.878053037680445,712afad509f5,"{""contract_quality_min"": 0.0, ""direction_min"": 0.0, ""excellent_score_min"": 50.878053037680445, ""execution_quality_min"": 100.0, ""expected_required_ratio_min"": 1.0833333333333335, ""final_confidence_min"": 78.12458326262757, ""iv_crush_max"": 24.0, ""market_hostility_max"": 21.212754313602467, ""min_top_book_lots"": 0.0, ""premium_elasticity_min"": 0.5, ""regime_confidence_min"": 60.0, ""spread_pct_max"": 0.6988934187536501, ""trade_quality_min"": 23.603133159273213}",MIDCPNIFTY,NSE_INDEX,FYERS_PAPER_PROXY_RESEARCH,PAPER_OVERRIDE::FYERS_PAPER_PROXY_RESEARCH,paper-strategy-8ade763620b6,opportunity-score-8ade763620b6,universe-a8e55c76a270
202608181102_2_MIDCPNIFTY_CE,2026-08-18T05:32:30.717793+00:00,MIDCPNIFTY,2026-08-25,14875.0,CE,98.0,97.65,98.35,19.6,2.0,48.225681059865714,712afad509f5,"{""contract_quality_min"": 0.0, ""direction_min"": 3.042377901029269, ""excellent_score_min"": 48.225681059865714, ""execution_quality_min"": 100.0, ""expected_required_ratio_min"": 1.0833333333333335, ""final_confidence_min"": 79.03729663293635, ""iv_crush_max"": 24.0, ""market_hostility_max"": 21.212754313602467, ""min_top_book_lots"": 0.0, ""premium_elasticity_min"": 0.3, ""regime_confidence_min"": 60.0, ""spread_pct_max"": 0.7142857142857028, ""trade_quality_min"": 23.603133159273213}",MIDCPNIFTY,NSE_INDEX,FYERS_PAPER_PROXY_RESEARCH,PAPER_OVERRIDE::FYERS_PAPER_PROXY_RESEARCH,paper-strategy-8ade763620b6,opportunity-score-8ade763620b6,universe-a8e55c76a270
202608181102_3_MIDCPNIFTY_PE,2026-08-18T05:32:30.718200+00:00,MIDCPNIFTY,2026-08-25,14825.0,PE,75.85,75.55,76.15,15.17,2.0,47.67805303768045,712afad509f5,"{""contract_quality_min"": 0.0, ""direction_min"": 0.0, ""excellent_score_min"": 47.67805303768045, ""execution_quality_min"": 100.0, ""expected_required_ratio_min"": 1.0833333333333335, ""final_confidence_min"": 78.12458326262757, ""iv_crush_max"": 24.0, ""market_hostility_max"": 21.212754313602467, ""min_top_book_lots"": 0.0, ""premium_elasticity_min"": 0.3, ""regime_confidence_min"": 60.0, ""spread_pct_max"": 0.7910349373764121, ""trade_quality_min"": 23.603133159273213}",MIDCPNIFTY,NSE_INDEX,FYERS_PAPER_PROXY_RESEARCH,PAPER_OVERRIDE::FYERS_PAPER_PROXY_RESEARCH,paper-strategy-8ade763620b6,opportunity-score-8ade763620b6,universe-a8e55c76a270
202608181102_4_BANKNIFTY_PE,2026-08-18T05:32:30.718664+00:00,BANKNIFTY,2026-08-25,57200.0,PE,323.7,323.4,324.0,25.0,2.0,45.26553039115946,2e840ccd58d1,"{""contract_quality_min"": 0.0, ""direction_min"": 0.0, ""excellent_score_min"": 45.26553039115946, ""execution_quality_min"": 100.0, ""expected_required_ratio_min"": 1.4166666666666667, ""final_confidence_min"": 74.99155589203914, ""iv_crush_max"": 24.0, ""market_hostility_max"": 21.14725290269947, ""min_top_book_lots"": 0.0, ""premium_elasticity_min"": 0.3, ""regime_confidence_min"": 60.0, ""spread_pct_max"": 0.18535681186284297, ""trade_quality_min"": 12.340752110521633}",BANKNIFTY,NSE_INDEX,FYERS_PAPER_PROXY_RESEARCH,PAPER_OVERRIDE::FYERS_PAPER_PROXY_RESEARCH,paper-strategy-8ade763620b6,opportunity-score-8ade763620b6,universe-a8e55c76a270
202608181102_5_HINDALCO_CE,2026-08-18T05:32:30.719132+00:00,HINDALCO,2026-08-25,1020.0,CE,26.65,26.45,26.85,5.33,2.0,39.67747563672957,0b8f346aac89,"{""contract_quality_min"": 0.0, ""direction_min"": 14.641429465875747, ""excellent_score_min"": 39.67747563672957, ""execution_quality_min"": 69.93433395872363, ""expected_required_ratio_min"": 1.1666666666666665, ""final_confidence_min"": 74.88495738423302, ""iv_crush_max"": 24.0, ""market_hostility_max"": 23.461538461537764, ""min_top_book_lots"": 0.0, ""premium_elasticity_min"": 0.7, ""regime_confidence_min"": 60.0, ""spread_pct_max"": 1.500938086303948, ""trade_quality_min"": 76.00000000000318}",HINDALCO,NSE_STOCK_OPTION,FYERS_PAPER_PROXY_RESEARCH,PAPER_OVERRIDE::FYERS_PAPER_PROXY_RESEARCH,paper-strategy-8ade763620b6,opportunity-score-8ade763620b6,universe-a8e55c76a270
202608181104_1_BANKNIFTY_PE,2026-08-18T05:34:45.123302+00:00,BANKNIFTY,2026-08-25,57400.0,PE,411.70000000000005,411.35,412.05,25.0,2.0,52.61278720879094,2e840ccd58d1,"{""contract_quality_min"": 0.0, ""direction_min"": 0.0, ""excellent_score_min"": 52.61278720879094, ""execution_quality_min"": 100.0, ""expected_required_ratio_min"": 1.4166666666666667, ""final_confidence_min"": 79.56145926224782, ""iv_crush_max"": 24.0, ""market_hostility_max"": 20.730050254356634, ""min_top_book_lots"": 0.0, ""premium_elasticity_min"": 0.7, ""regime_confidence_min"": 60.0, ""spread_pct_max"": 0.17002671848433049, ""trade_quality_min"": 27.884615384621238}",BANKNIFTY,NSE_INDEX,FYERS_PAPER_PROXY_RESEARCH,PAPER_OVERRIDE::FYERS_PAPER_PROXY_RESEARCH,paper-strategy-8ade763620b6,opportunity-score-8ade763620b6,universe-a8e55c76a270
202608181104_2_BANKNIFTY_CE,2026-08-18T05:34:45.124326+00:00,BANKNIFTY,2026-08-25,57400.0,CE,396.175,395.8,396.55,25.0,2.0,50.0774976325572,2e840ccd58d1,"{""contract_quality_min"": 0.0, ""direction_min"": 2.0261690209236884, ""excellent_score_min"": 50.0774976325572, ""execution_quality_min"": 100.0, ""expected_required_ratio_min"": 1.4166666666666667, ""final_confidence_min"": 80.16930996852493, ""iv_crush_max"": 24.0, ""market_hostility_max"": 20.730050254356634, ""min_top_book_lots"": 0.0, ""premium_elasticity_min"": 0.3, ""regime_confidence_min"": 60.0, ""spread_pct_max"": 0.18931027954817947, ""trade_quality_min"": 27.884615384621238}",BANKNIFTY,NSE_INDEX,FYERS_PAPER_PROXY_RESEARCH,PAPER_OVERRIDE::FYERS_PAPER_PROXY_RESEARCH,paper-strategy-8ade763620b6,opportunity-score-8ade763620b6,universe-a8e55c76a270
202608181104_3_BANKNIFTY_PE,2026-08-18T05:34:45.124892+00:00,BANKNIFTY,2026-08-25,57200.0,PE,320.175,319.8,320.55,25.0,2.0,49.712787208790935,2e840ccd58d1,"{""contract_quality_min"": 0.0, ""direction_min"": 0.0, ""excellent_score_min"": 49.712787208790935, ""execution_quality_min"": 100.0, ""expected_required_ratio_min"": 1.4166666666666667, ""final_confidence_min"": 79.56145926224782, ""iv_crush_max"": 24.0, ""market_hostility_max"": 20.730050254356634, ""min_top_book_lots"": 0.0, ""premium_elasticity_min"": 0.3, ""regime_confidence_min"": 60.0, ""spread_pct_max"": 0.23424689622862496, ""trade_quality_min"": 27.884615384621238}",BANKNIFTY,NSE_INDEX,FYERS_PAPER_PROXY_RESEARCH,PAPER_OVERRIDE::FYERS_PAPER_PROXY_RESEARCH,paper-strategy-8ade763620b6,opportunity-score-8ade763620b6,universe-a8e55c76a270
202608181104_4_MIDCPNIFTY_CE,2026-08-18T05:34:45.125389+00:00,MIDCPNIFTY,2026-08-25,14875.0,CE,100.175,99.85,100.5,20.035,2.0,46.80865280749223,712afad509f5,"{""contract_quality_min"": 0.0, ""direction_min"": 1.0228217093905858, ""excellent_score_min"": 46.80865280749223, ""execution_quality_min"": 100.0, ""expected_required_ratio_min"": 1.0833333333333335, ""final_confidence_min"": 74.20090928992771, ""iv_crush_max"": 24.0, ""market_hostility_max"": 21.42306562336691, ""min_top_book_lots"": 0.0, ""premium_elasticity_min"": 0.5, ""regime_confidence_min"": 60.0, ""spread_pct_max"": 0.6488644871474976, ""trade_quality_min"": 8.49162011173039}",MIDCPNIFTY,NSE_INDEX,FYERS_PAPER_PROXY_RESEARCH,PAPER_OVERRIDE::FYERS_PAPER_PROXY_RESEARCH,paper-strategy-8ade763620b6,opportunity-score-8ade763620b6,universe-a8e55c76a270
202608181104_5_MIDCPNIFTY_PE,2026-08-18T05:34:45.125843+00:00,MIDCPNIFTY,2026-08-25,14875.0,PE,95.675,95.3,96.05,19.135,2.0,46.624544899801926,712afad509f5,"{""contract_quality_min"": 0.0, ""direction_min"": 0.0, ""excellent_score_min"": 46.624544899801926, ""execution_quality_min"": 100.0, ""expected_required_ratio_min"": 1.0833333333333335, ""final_confidence_min"": 73.89406277711053, ""iv_crush_max"": 24.0, ""market_hostility_max"": 21.42306562336691, ""min_top_book_lots"": 0.0, ""premium_elasticity_min"": 0.5, ""regime_confidence_min"": 60.0, ""spread_pct_max"": 0.7839038411288215, ""trade_quality_min"": 8.49162011173039}",MIDCPNIFTY,NSE_INDEX,FYERS_PAPER_PROXY_RESEARCH,PAPER_OVERRIDE::FYERS_PAPER_PROXY_RESEARCH,paper-strategy-8ade763620b6,opportunity-score-8ade763620b6,universe-a8e55c76a270
202608181105_1_MIDCPNIFTY_CE,2026-08-18T05:35:57.909281+00:00,MIDCPNIFTY,2026-08-25,14850.0,CE,113.975,113.6,114.35,22.795,2.0,53.980068461315796,712afad509f5,"{""contract_quality_min"": 0.0, ""direction_min"": 3.3651338481988122, ""excellent_score_min"": 53.980068461315796, ""execution_quality_min"": 100.0, ""expected_required_ratio_min"": 1.0833333333333335, ""final_confidence_min"": 82.10578017824092, ""iv_crush_max"": 24.0, ""market_hostility_max"": 21.283152204989456, ""min_top_book_lots"": 0.0, ""premium_elasticity_min"": 0.7, ""regime_confidence_min"": 60.0, ""spread_pct_max"": 0.6580390436499233, ""trade_quality_min"": 33.67003367003697}",MIDCPNIFTY,NSE_INDEX,FYERS_PAPER_PROXY_RESEARCH,PAPER_OVERRIDE::FYERS_PAPER_PROXY_RESEARCH,paper-strategy-8ade763620b6,opportunity-score-8ade763620b6,universe-a8e55c76a270
202608181105_2_MIDCPNIFTY_PE,2026-08-18T05:35:57.909877+00:00,MIDCPNIFTY,2026-08-25,14875.0,PE,96.4,96.05,96.75,19.28,2.0,53.67434436864001,712afad509f5,"{""contract_quality_min"": 0.0, ""direction_min"": 0.0, ""excellent_score_min"": 53.67434436864001, ""execution_quality_min"": 100.0, ""expected_required_ratio_min"": 1.0833333333333335, ""final_confidence_min"": 81.09624002378128, ""iv_crush_max"": 24.0, ""market_hostility_max"": 21.283152204989456, ""min_top_book_lots"": 0.0, ""premium_elasticity_min"": 0.5, ""regime_confidence_min"": 60.0, ""spread_pct_max"": 0.7261410788381771, ""trade_quality_min"": 33.67003367003697}",MIDCPNIFTY,NSE_INDEX,FYERS_PAPER_PROXY_RESEARCH,PAPER_OVERRIDE::FYERS_PAPER_PROXY_RESEARCH,paper-strategy-8ade763620b6,opportunity-score-8ade763620b6,universe-a8e55c76a270
202608181105_3_MIDCPNIFTY_PE,2026-08-18T05:35:57.910352+00:00,MIDCPNIFTY,2026-08-25,14900.0,PE,107.82499999999999,107.55,108.1,21.564999999999998,2.0,53.37434436864001,712afad509f5,"{""contract_quality_min"": 0.0, ""direction_min"": 0.0, ""excellent_score_min"": 53.37434436864001, ""execution_quality_min"": 100.0, ""expected_required_ratio_min"": 1.0833333333333335, ""final_confidence_min"": 81.09624002378128, ""iv_crush_max"": 24.0, ""market_hostility_max"": 21.283152204989456, ""min_top_book_lots"": 0.0, ""premium_elasticity_min"": 0.7, ""regime_confidence_min"": 60.0, ""spread_pct_max"": 0.5100857871551099, ""trade_quality_min"": 33.67003367003697}",MIDCPNIFTY,NSE_INDEX,FYERS_PAPER_PROXY_RESEARCH,PAPER_OVERRIDE::FYERS_PAPER_PROXY_RESEARCH,paper-strategy-8ade763620b6,opportunity-score-8ade763620b6,universe-a8e55c76a270
202608181105_4_MIDCPNIFTY_CE,2026-08-18T05:35:57.910913+00:00,MIDCPNIFTY,2026-08-25,14900.0,CE,87.525,87.2,87.85,17.505000000000003,2.0,51.08006846131579,712afad509f5,"{""contract_quality_min"": 0.0, ""direction_min"": 3.3651338481988122, ""excellent_score_min"": 51.08006846131579, ""execution_quality_min"": 100.0, ""expected_required_ratio_min"": 1.0833333333333335, ""final_confidence_min"": 82.10578017824092, ""iv_crush_max"": 24.0, ""market_hostility_max"": 21.283152204989456, ""min_top_book_lots"": 0.0, ""premium_elasticity_min"": 0.3, ""regime_confidence_min"": 60.0, ""spread_pct_max"": 0.7426449585832521, ""trade_quality_min"": 33.67003367003697}",MIDCPNIFTY,NSE_INDEX,FYERS_PAPER_PROXY_RESEARCH,PAPER_OVERRIDE::FYERS_PAPER_PROXY_RESEARCH,paper-strategy-8ade763620b6,opportunity-score-8ade763620b6,universe-a8e55c76a270
202608181105_5_MIDCPNIFTY_PE,2026-08-18T05:35:57.911408+00:00,MIDCPNIFTY,2026-08-25,14850.0,PE,84.75,84.4,85.1,16.95,2.0,50.3074669982229,712afad509f5,"{""contract_quality_min"": 0.0, ""direction_min"": 0.0, ""excellent_score_min"": 50.3074669982229, ""execution_quality_min"": 98.88748419721928, ""expected_required_ratio_min"": 1.0833333333333335, ""final_confidence_min"": 81.09624002378128, ""iv_crush_max"": 24.0, ""market_hostility_max"": 21.283152204989456, ""min_top_book_lots"": 0.0, ""premium_elasticity_min"": 0.3, ""regime_confidence_min"": 60.0, ""spread_pct_max"": 0.8259587020648834, ""trade_quality_min"": 33.67003367003697}",MIDCPNIFTY,NSE_INDEX,FYERS_PAPER_PROXY_RESEARCH,PAPER_OVERRIDE::FYERS_PAPER_PROXY_RESEARCH,paper-strategy-8ade763620b6,opportunity-score-8ade763620b6,universe-a8e55c76a270
202608181109_1_BANKNIFTY_CE,2026-08-18T05:39:24.680200+00:00,BANKNIFTY,2026-08-25,57300.0,CE,467.32500000000005,467.1,467.55,25.0,2.0,56.97418836589856,2e840ccd58d1,"{""contract_quality_min"": 0.0, ""direction_min"": 5.210616106461815, ""excellent_score_min"": 56.97418836589856, ""execution_quality_min"": 100.0, ""expected_required_ratio_min"": 1.4166666666666667, ""final_confidence_min"": 84.02962391203138, ""iv_crush_max"": 24.0, ""market_hostility_max"": 20.673570751969123, ""min_top_book_lots"": 0.0, ""premium_elasticity_min"": 0.5, ""regime_confidence_min"": 60.0, ""spread_pct_max"": 0.09629272989889019, ""trade_quality_min"": 39.16010498687372}",BANKNIFTY,NSE_INDEX,FYERS_PAPER_PROXY_RESEARCH,PAPER_OVERRIDE::FYERS_PAPER_PROXY_RESEARCH,paper-strategy-8ade763620b6,opportunity-score-8ade763620b6,universe-a8e55c76a270
202608181109_2_BANKNIFTY_CE,2026-08-18T05:39:24.680996+00:00,BANKNIFTY,2026-08-25,57200.0,CE,524.775,524.55,525.0,25.0,2.0,56.674188365898566,2e840ccd58d1,"{""contract_quality_min"": 0.0, ""direction_min"": 5.210616106461815, ""excellent_score_min"": 56.674188365898566, ""execution_quality_min"": 100.0, ""expected_required_ratio_min"": 1.4166666666666667, ""final_confidence_min"": 84.02962391203138, ""iv_crush_max"": 24.0, ""market_hostility_max"": 20.673570751969123, ""min_top_book_lots"": 0.0, ""premium_elasticity_min"": 0.7, ""regime_confidence_min"": 60.0, ""spread_pct_max"": 0.08575103615836224, ""trade_quality_min"": 39.16010498687372}",BANKNIFTY,NSE_INDEX,FYERS_PAPER_PROXY_RESEARCH,PAPER_OVERRIDE::FYERS_PAPER_PROXY_RESEARCH,paper-strategy-8ade763620b6,opportunity-score-8ade763620b6,universe-a8e55c76a270
202608181109_3_BANKNIFTY_PE,2026-08-18T05:39:24.681491+00:00,BANKNIFTY,2026-08-25,57300.0,PE,339.9,339.55,340.25,25.0,2.0,56.036277466735434,2e840ccd58d1,"{""contract_quality_min"": 0.0, ""direction_min"": 0.0, ""excellent_score_min"": 56.036277466735434, ""execution_quality_min"": 100.0, ""expected_required_ratio_min"": 1.4166666666666667, ""final_confidence_min"": 82.46643908009284, ""iv_crush_max"": 24.0, ""market_hostility_max"": 20.673570751969123, ""min_top_book_lots"": 0.0, ""premium_elasticity_min"": 0.5, ""regime_confidence_min"": 60.0, ""spread_pct_max"": 0.20594292438952302, ""trade_quality_min"": 39.16010498687372}",BANKNIFTY,NSE_INDEX,FYERS_PAPER_PROXY_RESEARCH,PAPER_OVERRIDE::FYERS_PAPER_PROXY_RESEARCH,paper-strategy-8ade763620b6,opportunity-score-8ade763620b6,universe-a8e55c76a270
202608181109_4_BANKNIFTY_PE,2026-08-18T05:39:24.688642+00:00,BANKNIFTY,2026-08-25,57400.0,PE,386.04999999999995,385.7,386.4,25.0,2.0,55.73627746673544,2e840ccd58d1,"{""contract_quality_min"": 0.0, ""direction_min"": 0.0, ""excellent_score_min"": 55.73627746673544, ""execution_quality_min"": 100.0, ""expected_required_ratio_min"": 1.4166666666666667, ""final_confidence_min"": 82.46643908009284, ""iv_crush_max"": 24.0, ""market_hostility_max"": 20.673570751969123, ""min_top_book_lots"": 0.0, ""premium_elasticity_min"": 0.7, ""regime_confidence_min"": 60.0, ""spread_pct_max"": 0.1813236627379844, ""trade_quality_min"": 39.16010498687372}",BANKNIFTY,NSE_INDEX,FYERS_PAPER_PROXY_RESEARCH,PAPER_OVERRIDE::FYERS_PAPER_PROXY_RESEARCH,paper-strategy-8ade763620b6,opportunity-score-8ade763620b6,universe-a8e55c76a270
202608181109_5_MIDCPNIFTY_PE,2026-08-18T05:39:24.691981+00:00,MIDCPNIFTY,2026-08-25,14875.0,PE,93.15,92.9,93.4,18.630000000000003,2.0,55.609000001550775,712afad509f5,"{""contract_quality_min"": 0.0, ""direction_min"": 0.0, ""excellent_score_min"": 55.609000001550775, ""execution_quality_min"": 100.0, ""expected_required_ratio_min"": 1.0833333333333335, ""final_confidence_min"": 82.75916239333546, ""iv_crush_max"": 24.0, ""market_hostility_max"": 20.425704837172642, ""min_top_book_lots"": 0.0, ""premium_elasticity_min"": 0.5, ""regime_confidence_min"": 60.0, ""spread_pct_max"": 0.5367686527106816, ""trade_quality_min"": 39.886039886041544}",MIDCPNIFTY,NSE_INDEX,FYERS_PAPER_PROXY_RESEARCH,PAPER_OVERRIDE::FYERS_PAPER_PROXY_RESEARCH,paper-strategy-8ade763620b6,opportunity-score-8ade763620b6,universe-a8e55c76a270
202608181110_1_BANKNIFTY_CE,2026-08-18T05:40:30.226540+00:00,BANKNIFTY,2026-08-25,57300.0,CE,462.325,462.0,462.65,25.0,2.0,61.95449093347787,2e840ccd58d1,"{""contract_quality_min"": 0.0, ""direction_min"": 6.294322447800233, ""excellent_score_min"": 61.95449093347787, ""execution_quality_min"": 100.0, ""expected_required_ratio_min"": 1.4166666666666667, ""final_confidence_min"": 89.2199435572379, ""iv_crush_max"": 24.0, ""market_hostility_max"": 20.23792445789003, ""min_top_book_lots"": 0.0, ""premium_elasticity_min"": 0.5, ""regime_confidence_min"": 60.0, ""spread_pct_max"": 0.140593738171195, ""trade_quality_min"": 55.919317300226254}",BANKNIFTY,NSE_INDEX,FYERS_PAPER_PROXY_RESEARCH,PAPER_OVERRIDE::FYERS_PAPER_PROXY_RESEARCH,paper-strategy-8ade763620b6,opportunity-score-8ade763620b6,universe-a8e55c76a270
202608181110_2_BANKNIFTY_PE,2026-08-18T05:40:30.229240+00:00,BANKNIFTY,2026-08-25,57400.0,PE,394.8,394.6,395.0,25.0,2.0,60.521512892873844,2e840ccd58d1,"{""contract_quality_min"": 0.0, ""direction_min"": 0.0, ""excellent_score_min"": 60.521512892873844, ""execution_quality_min"": 100.0, ""expected_required_ratio_min"": 1.4166666666666667, ""final_confidence_min"": 87.33164682289784, ""iv_crush_max"": 24.0, ""market_hostility_max"": 20.23792445789003, ""min_top_book_lots"": 0.0, ""premium_elasticity_min"": 0.7, ""regime_confidence_min"": 60.0, ""spread_pct_max"": 0.10131712259371257, ""trade_quality_min"": 55.919317300226254}",BANKNIFTY,NSE_INDEX,FYERS_PAPER_PROXY_RESEARCH,PAPER_OVERRIDE::FYERS_PAPER_PROXY_RESEARCH,paper-strategy-8ade763620b6,opportunity-score-8ade763620b6,universe-a8e55c76a270
202608181110_3_MIDCPNIFTY_CE,2026-08-18T05:40:30.230981+00:00,MIDCPNIFTY,2026-08-25,14875.0,CE,100.275,99.9,100.65,20.055000000000003,2.0,52.018526814993464,712afad509f5,"{""contract_quality_min"": 0.0, ""direction_min"": 2.4224317177059573, ""excellent_score_min"": 52.018526814993464, ""execution_quality_min"": 100.0, ""expected_required_ratio_min"": 1.0833333333333333, ""final_confidence_min"": 79.52293922574178, ""iv_crush_max"": 24.0, ""market_hostility_max"": 20.592442354566096, ""min_top_book_lots"": 0.0, ""premium_elasticity_min"": 0.5, ""regime_confidence_min"": 60.0, ""spread_pct_max"": 0.7479431563201197, ""trade_quality_min"": 25.531914893619657}",MIDCPNIFTY,NSE_INDEX,FYERS_PAPER_PROXY_RESEARCH,PAPER_OVERRIDE::FYERS_PAPER_PROXY_RESEARCH,paper-strategy-8ade763620b6,opportunity-score-8ade763620b6,universe-a8e55c76a270
202608181110_4_MIDCPNIFTY_PE,2026-08-18T05:40:30.231530+00:00,MIDCPNIFTY,2026-08-25,14875.0,PE,94.4,94.05,94.75,18.880000000000003,2.0,51.582489105806395,712afad509f5,"{""contract_quality_min"": 0.0, ""direction_min"": 0.0, ""excellent_score_min"": 51.582489105806395, ""execution_quality_min"": 100.0, ""expected_required_ratio_min"": 1.0833333333333333, ""final_confidence_min"": 78.79620971043, ""iv_crush_max"": 24.0, ""market_hostility_max"": 20.592442354566096, ""min_top_book_lots"": 0.0, ""premium_elasticity_min"": 0.5, ""regime_confidence_min"": 60.0, ""spread_pct_max"": 0.7415254237288166, ""trade_quality_min"": 25.531914893619657}",MIDCPNIFTY,NSE_INDEX,FYERS_PAPER_PROXY_RESEARCH,PAPER_OVERRIDE::FYERS_PAPER_PROXY_RESEARCH,paper-strategy-8ade763620b6,opportunity-score-8ade763620b6,universe-a8e55c76a270
202608181110_5_MIDCPNIFTY_PE,2026-08-18T05:40:30.234641+00:00,MIDCPNIFTY,2026-08-25,14900.0,PE,106.675,106.35,107.0,21.335,2.0,51.2824891058064,712afad509f5,"{""contract_quality_min"": 0.0, ""direction_min"": 0.0, ""excellent_score_min"": 51.2824891058064, ""execution_quality_min"": 100.0, ""expected_required_ratio_min"": 1.0833333333333333, ""final_confidence_min"": 78.79620971043, ""iv_crush_max"": 24.0, ""market_hostility_max"": 20.592442354566096, ""min_top_book_lots"": 0.0, ""premium_elasticity_min"": 0.7, ""regime_confidence_min"": 60.0, ""spread_pct_max"": 0.6093273962971696, ""trade_quality_min"": 25.531914893619657}",MIDCPNIFTY,NSE_INDEX,FYERS_PAPER_PROXY_RESEARCH,PAPER_OVERRIDE::FYERS_PAPER_PROXY_RESEARCH,paper-strategy-8ade763620b6,opportunity-score-8ade763620b6,universe-a8e55c76a270
202608181112_1_MIDCPNIFTY_PE,2026-08-18T05:42:34.758292+00:00,MIDCPNIFTY,2026-08-25,14850.0,PE,87.05,86.75,87.35,17.41,2.0,47.47669281668705,712afad509f5,"{""contract_quality_min"": 0.0, ""direction_min"": 0.9687673444670386, ""excellent_score_min"": 47.47669281668705, ""execution_quality_min"": 100.0, ""expected_required_ratio_min"": 1.0833333333333335, ""final_confidence_min"": 74.70914488890317, ""iv_crush_max"": 24.0, ""market_hostility_max"": 20.64291305293704, ""min_top_book_lots"": 0.0, ""premium_elasticity_min"": 0.5, ""regime_confidence_min"": 60.0, ""spread_pct_max"": 0.6892590465249792, ""trade_quality_min"": 10.212765957443736}",MIDCPNIFTY,NSE_INDEX,FYERS_PAPER_PROXY_RESEARCH,PAPER_OVERRIDE::FYERS_PAPER_PROXY_RESEARCH,paper-strategy-8ade763620b6,opportunity-score-8ade763620b6,universe-a8e55c76a270
202608181112_2_MIDCPNIFTY_CE,2026-08-18T05:42:34.759117+00:00,MIDCPNIFTY,2026-08-25,14850.0,CE,111.55000000000001,111.2,111.9,22.310000000000002,2.0,47.302314694682984,712afad509f5,"{""contract_quality_min"": 0.0, ""direction_min"": 0.0, ""excellent_score_min"": 47.302314694682984, ""execution_quality_min"": 100.0, ""expected_required_ratio_min"": 1.0833333333333335, ""final_confidence_min"": 74.41851468556307, ""iv_crush_max"": 24.0, ""market_hostility_max"": 20.64291305293704, ""min_top_book_lots"": 0.0, ""premium_elasticity_min"": 0.5, ""regime_confidence_min"": 60.0, ""spread_pct_max"": 0.6275212909009438, ""trade_quality_min"": 10.212765957443736}",MIDCPNIFTY,NSE_INDEX,FYERS_PAPER_PROXY_RESEARCH,PAPER_OVERRIDE::FYERS_PAPER_PROXY_RESEARCH,paper-strategy-8ade763620b6,opportunity-score-8ade763620b6,universe-a8e55c76a270
202608181112_3_MIDCPNIFTY_CE,2026-08-18T05:42:34.759619+00:00,MIDCPNIFTY,2026-08-25,14875.0,CE,98.025,97.7,98.35,19.605000000000004,2.0,44.10231469468298,712afad509f5,"{""contract_quality_min"": 0.0, ""direction_min"": 0.0, ""excellent_score_min"": 44.10231469468298, ""execution_quality_min"": 100.0, ""expected_required_ratio_min"": 1.0833333333333335, ""final_confidence_min"": 74.41851468556307, ""iv_crush_max"": 24.0, ""market_hostility_max"": 20.64291305293704, ""min_top_book_lots"": 0.0, ""premium_elasticity_min"": 0.3, ""regime_confidence_min"": 60.0, ""spread_pct_max"": 0.6630961489415877, ""trade_quality_min"": 10.212765957443736}",MIDCPNIFTY,NSE_INDEX,FYERS_PAPER_PROXY_RESEARCH,PAPER_OVERRIDE::FYERS_PAPER_PROXY_RESEARCH,paper-strategy-8ade763620b6,opportunity-score-8ade763620b6,universe-a8e55c76a270
202608181112_4_NESTLEIND_PE,2026-08-18T05:42:34.760123+00:00,NESTLEIND,2026-08-25,1480.0,PE,22.924999999999997,22.7,23.15,4.585,2.0,25.804735534679885,d4955abe6c09,"{""contract_quality_min"": 0.0, ""direction_min"": 9.777294948397364, ""excellent_score_min"": 25.804735534679885, ""execution_quality_min"": 37.59541984732843, ""expected_required_ratio_min"": 1.1666666666666667, ""final_confidence_min"": 69.8115233589452, ""iv_crush_max"": 24.0, ""market_hostility_max"": 26.601296082296447, ""min_top_book_lots"": 0.0, ""premium_elasticity_min"": 0.7, ""regime_confidence_min"": 60.0, ""spread_pct_max"": 1.9629225736095939, ""trade_quality_min"": 48.00000000000242}",NESTLEIND,NSE_STOCK_OPTION,FYERS_PAPER_PROXY_RESEARCH,PAPER_OVERRIDE::FYERS_PAPER_PROXY_RESEARCH,paper-strategy-8ade763620b6,opportunity-score-8ade763620b6,universe-a8e55c76a270
202608181112_5_SBILIFE_PE,2026-08-18T05:42:34.760638+00:00,SBILIFE,2026-08-25,1800.0,PE,26.6,26.4,26.8,5.32,2.0,24.226524045407956,e7a0ecf82f7b,"{""contract_quality_min"": 0.0, ""direction_min"": 2.688623760712078, ""excellent_score_min"": 24.226524045407956, ""execution_quality_min"": 69.73684210526261, ""expected_required_ratio_min"": 1.1666666666666665, ""final_confidence_min"": 67.05818078215076, ""iv_crush_max"": 24.0, ""market_hostility_max"": 22.84445565080966, ""min_top_book_lots"": 0.0, ""premium_elasticity_min"": 0.7, ""regime_confidence_min"": 60.0, ""spread_pct_max"": 1.5037593984962485, ""trade_quality_min"": 23.999999999996362}",SBILIFE,NSE_STOCK_OPTION,FYERS_PAPER_PROXY_RESEARCH,PAPER_OVERRIDE::FYERS_PAPER_PROXY_RESEARCH,paper-strategy-8ade763620b6,opportunity-score-8ade763620b6,universe-a8e55c76a270
202608181116_1_MIDCPNIFTY_CE,2026-08-18T05:46:05.909274+00:00,MIDCPNIFTY,2026-08-25,14875.0,CE,99.25,98.9,99.6,19.85,2.0,56.997697600006916,712afad509f5,"{""contract_quality_min"": 0.0, ""direction_min"": 4.521948609937997, ""excellent_score_min"": 56.997697600006916, ""execution_quality_min"": 100.0, ""expected_required_ratio_min"": 1.0833333333333335, ""final_confidence_min"": 84.7782922914916, ""iv_crush_max"": 24.0, ""market_hostility_max"": 20.50569568253474, ""min_top_book_lots"": 0.0, ""premium_elasticity_min"": 0.5, ""regime_confidence_min"": 60.0, ""spread_pct_max"": 0.7052896725440692, ""trade_quality_min"": 42.00000000000296}",MIDCPNIFTY,NSE_INDEX,FYERS_PAPER_PROXY_RESEARCH,PAPER_OVERRIDE::FYERS_PAPER_PROXY_RESEARCH,paper-strategy-8ade763620b6,opportunity-score-8ade763620b6,universe-a8e55c76a270
202608181116_2_MIDCPNIFTY_PE,2026-08-18T05:46:05.909870+00:00,MIDCPNIFTY,2026-08-25,14900.0,PE,107.2,106.9,107.5,21.44,2.0,55.88374685021808,712afad509f5,"{""contract_quality_min"": 0.0, ""direction_min"": 0.0, ""excellent_score_min"": 55.88374685021808, ""execution_quality_min"": 100.0, ""expected_required_ratio_min"": 1.0833333333333335, ""final_confidence_min"": 83.42170770851018, ""iv_crush_max"": 24.0, ""market_hostility_max"": 20.50569568253474, ""min_top_book_lots"": 0.0, ""premium_elasticity_min"": 0.7, ""regime_confidence_min"": 60.0, ""spread_pct_max"": 0.559701492537308, ""trade_quality_min"": 42.00000000000296}",MIDCPNIFTY,NSE_INDEX,FYERS_PAPER_PROXY_RESEARCH,PAPER_OVERRIDE::FYERS_PAPER_PROXY_RESEARCH,paper-strategy-8ade763620b6,opportunity-score-8ade763620b6,universe-a8e55c76a270
202608181116_3_MIDCPNIFTY_CE,2026-08-18T05:46:05.910306+00:00,MIDCPNIFTY,2026-08-25,14900.0,CE,88.225,88.0,88.45,17.645,2.0,53.79769760000691,712afad509f5,"{""contract_quality_min"": 0.0, ""direction_min"": 4.521948609937997, ""excellent_score_min"": 53.79769760000691, ""execution_quality_min"": 100.0, ""expected_required_ratio_min"": 1.0833333333333335, ""final_confidence_min"": 84.7782922914916, ""iv_crush_max"": 24.0, ""market_hostility_max"": 20.50569568253474, ""min_top_book_lots"": 0.0, ""premium_elasticity_min"": 0.3, ""regime_confidence_min"": 60.0, ""spread_pct_max"": 0.5100595069424798, ""trade_quality_min"": 42.00000000000296}",MIDCPNIFTY,NSE_INDEX,FYERS_PAPER_PROXY_RESEARCH,PAPER_OVERRIDE::FYERS_PAPER_PROXY_RESEARCH,paper-strategy-8ade763620b6,opportunity-score-8ade763620b6,universe-a8e55c76a270
202608181116_4_MIDCPNIFTY_PE,2026-08-18T05:46:05.910739+00:00,MIDCPNIFTY,2026-08-25,14850.0,PE,85.07499999999999,84.85,85.3,17.014999999999997,2.0,52.983746850218076,712afad509f5,"{""contract_quality_min"": 0.0, ""direction_min"": 0.0, ""excellent_score_min"": 52.983746850218076, ""execution_quality_min"": 100.0, ""expected_required_ratio_min"": 1.0833333333333335, ""final_confidence_min"": 83.42170770851018, ""iv_crush_max"": 24.0, ""market_hostility_max"": 20.50569568253474, ""min_top_book_lots"": 0.0, ""premium_elasticity_min"": 0.3, ""regime_confidence_min"": 60.0, ""spread_pct_max"": 0.5289450484866329, ""trade_quality_min"": 42.00000000000296}",MIDCPNIFTY,NSE_INDEX,FYERS_PAPER_PROXY_RESEARCH,PAPER_OVERRIDE::FYERS_PAPER_PROXY_RESEARCH,paper-strategy-8ade763620b6,opportunity-score-8ade763620b6,universe-a8e55c76a270
202608181116_5_ASIANPAINT_CE,2026-08-18T05:46:05.911194+00:00,ASIANPAINT,2026-08-25,2640.0,CE,36.599999999999994,36.3,36.9,7.319999999999999,2.0,29.85102467877948,8512c046e489,"{""contract_quality_min"": 0.0, ""direction_min"": 9.675712449920079, ""excellent_score_min"": 29.85102467877948, ""execution_quality_min"": 60.24590163934396, ""expected_required_ratio_min"": 1.1666666666666667, ""final_confidence_min"": 73.50144794216696, ""iv_crush_max"": 24.0, ""market_hostility_max"": 26.028856322707174, ""min_top_book_lots"": 0.0, ""premium_elasticity_min"": 0.5, ""regime_confidence_min"": 60.0, ""spread_pct_max"": 1.6393442622950862, ""trade_quality_min"": 47.407407407399916}",ASIANPAINT,NSE_STOCK_OPTION,FYERS_PAPER_PROXY_RESEARCH,PAPER_OVERRIDE::FYERS_PAPER_PROXY_RESEARCH,paper-strategy-8ade763620b6,opportunity-score-8ade763620b6,universe-a8e55c76a270
202608181117_1_MIDCPNIFTY_PE,2026-08-18T05:47:19.296558+00:00,MIDCPNIFTY,2026-08-25,14875.0,PE,95.9,95.55,96.25,19.180000000000003,2.0,46.55276075701916,712afad509f5,"{""contract_quality_min"": 0.0, ""direction_min"": 0.0, ""excellent_score_min"": 46.55276075701916, ""execution_quality_min"": 100.0, ""expected_required_ratio_min"": 1.0833333333333335, ""final_confidence_min"": 73.58495154833905, ""iv_crush_max"": 24.0, ""market_hostility_max"": 20.367664863992285, ""min_top_book_lots"": 0.0, ""premium_elasticity_min"": 0.5, ""regime_confidence_min"": 60.0, ""spread_pct_max"": 0.729927007299273, ""trade_quality_min"": 7.272727272733286}",MIDCPNIFTY,NSE_INDEX,FYERS_PAPER_PROXY_RESEARCH,PAPER_OVERRIDE::FYERS_PAPER_PROXY_RESEARCH,paper-strategy-8ade763620b6,opportunity-score-8ade763620b6,universe-a8e55c76a270
202608181117_2_MIDCPNIFTY_PE,2026-08-18T05:47:19.297442+00:00,MIDCPNIFTY,2026-08-25,14900.0,PE,108.67500000000001,108.4,108.95,21.735000000000003,2.0,46.25276075701916,712afad509f5,"{""contract_quality_min"": 0.0, ""direction_min"": 0.0, ""excellent_score_min"": 46.25276075701916, ""execution_quality_min"": 100.0, ""expected_required_ratio_min"": 1.0833333333333335, ""final_confidence_min"": 73.58495154833905, ""iv_crush_max"": 24.0, ""market_hostility_max"": 20.367664863992285, ""min_top_book_lots"": 0.0, ""premium_elasticity_min"": 0.7, ""regime_confidence_min"": 60.0, ""spread_pct_max"": 0.5060961582700686, ""trade_quality_min"": 7.272727272733286}",MIDCPNIFTY,NSE_INDEX,FYERS_PAPER_PROXY_RESEARCH,PAPER_OVERRIDE::FYERS_PAPER_PROXY_RESEARCH,paper-strategy-8ade763620b6,opportunity-score-8ade763620b6,universe-a8e55c76a270
202608181117_3_MIDCPNIFTY_CE,2026-08-18T05:47:19.297952+00:00,MIDCPNIFTY,2026-08-25,14900.0,CE,87.17500000000001,86.9,87.45,17.435000000000002,2.0,43.46900071719628,712afad509f5,"{""contract_quality_min"": 0.0, ""direction_min"": 0.645777556539562, ""excellent_score_min"": 43.46900071719628, ""execution_quality_min"": 100.0, ""expected_required_ratio_min"": 1.0833333333333335, ""final_confidence_min"": 73.7786848153009, ""iv_crush_max"": 24.0, ""market_hostility_max"": 20.367664863992285, ""min_top_book_lots"": 0.0, ""premium_elasticity_min"": 0.3, ""regime_confidence_min"": 60.0, ""spread_pct_max"": 0.6309148264984193, ""trade_quality_min"": 7.272727272733286}",MIDCPNIFTY,NSE_INDEX,FYERS_PAPER_PROXY_RESEARCH,PAPER_OVERRIDE::FYERS_PAPER_PROXY_RESEARCH,paper-strategy-8ade763620b6,opportunity-score-8ade763620b6,universe-a8e55c76a270
202608181117_4_MIDCPNIFTY_PE,2026-08-18T05:47:19.298467+00:00,MIDCPNIFTY,2026-08-25,14850.0,PE,84.07499999999999,83.8,84.35,16.814999999999998,2.0,43.352760757019155,712afad509f5,"{""contract_quality_min"": 0.0, ""direction_min"": 0.0, ""excellent_score_min"": 43.352760757019155, ""execution_quality_min"": 100.0, ""expected_required_ratio_min"": 1.0833333333333335, ""final_confidence_min"": 73.58495154833905, ""iv_crush_max"": 24.0, ""market_hostility_max"": 20.367664863992285, ""min_top_book_lots"": 0.0, ""premium_elasticity_min"": 0.3, ""regime_confidence_min"": 60.0, ""spread_pct_max"": 0.654177817424915, ""trade_quality_min"": 7.272727272733286}",MIDCPNIFTY,NSE_INDEX,FYERS_PAPER_PROXY_RESEARCH,PAPER_OVERRIDE::FYERS_PAPER_PROXY_RESEARCH,paper-strategy-8ade763620b6,opportunity-score-8ade763620b6,universe-a8e55c76a270
202608181117_5_GRASIM_CE,2026-08-18T05:47:19.299022+00:00,GRASIM,2026-08-25,3280.0,CE,44.525000000000006,44.35,44.7,8.905000000000001,2.0,35.77414039992802,3f3175605513,"{""contract_quality_min"": 0.0, ""direction_min"": 0.0, ""excellent_score_min"": 35.77414039992802, ""execution_quality_min"": 100.0, ""expected_required_ratio_min"": 1.1666666666666665, ""final_confidence_min"": 80.56140399927165, ""iv_crush_max"": 24.0, ""market_hostility_max"": 35.0, ""min_top_book_lots"": 0.0, ""premium_elasticity_min"": 0.5, ""regime_confidence_min"": 60.0, ""spread_pct_max"": 0.7860752386299862, ""trade_quality_min"": 59.20000000000343}",GRASIM,NSE_STOCK_OPTION,FYERS_PAPER_PROXY_RESEARCH,PAPER_OVERRIDE::FYERS_PAPER_PROXY_RESEARCH,paper-strategy-8ade763620b6,opportunity-score-8ade763620b6,universe-a8e55c76a270
202608181118_1_BANKNIFTY_PE,2026-08-18T05:48:31.324446+00:00,BANKNIFTY,2026-08-25,57300.0,PE,356.29999999999995,355.95,356.65,25.0,2.0,48.69976585751316,2e840ccd58d1,"{""contract_quality_min"": 0.0, ""direction_min"": 1.5147998387479265, ""excellent_score_min"": 48.69976585751316, ""execution_quality_min"": 100.0, ""expected_required_ratio_min"": 1.4166666666666667, ""final_confidence_min"": 75.3413768113456, ""iv_crush_max"": 24.0, ""market_hostility_max"": 20.96555664951239, ""min_top_book_lots"": 0.0, ""premium_elasticity_min"": 0.5, ""regime_confidence_min"": 60.0, ""spread_pct_max"": 0.1964636542239654, ""trade_quality_min"": 12.047189451778014}",BANKNIFTY,NSE_INDEX,FYERS_PAPER_PROXY_RESEARCH,PAPER_OVERRIDE::FYERS_PAPER_PROXY_RESEARCH,paper-strategy-8ade763620b6,opportunity-score-8ade763620b6,universe-a8e55c76a270
202608181118_2_MIDCPNIFTY_CE,2026-08-18T05:48:31.325333+00:00,MIDCPNIFTY,2026-08-25,14875.0,CE,99.325,99.0,99.65,19.865000000000002,2.0,45.59735924229883,712afad509f5,"{""contract_quality_min"": 0.0, ""direction_min"": 0.3228844342797599, ""excellent_score_min"": 45.59735924229883, ""execution_quality_min"": 100.0, ""expected_required_ratio_min"": 1.0833333333333335, ""final_confidence_min"": 72.5995275556539, ""iv_crush_max"": 24.0, ""market_hostility_max"": 20.21975434867395, ""min_top_book_lots"": 0.0, ""premium_elasticity_min"": 0.5, ""regime_confidence_min"": 60.0, ""spread_pct_max"": 0.6544173168890065, ""trade_quality_min"": 3.5036496350398303}",MIDCPNIFTY,NSE_INDEX,FYERS_PAPER_PROXY_RESEARCH,PAPER_OVERRIDE::FYERS_PAPER_PROXY_RESEARCH,paper-strategy-8ade763620b6,opportunity-score-8ade763620b6,universe-a8e55c76a270
202608181118_3_MIDCPNIFTY_CE,2026-08-18T05:48:31.325793+00:00,MIDCPNIFTY,2026-08-25,14850.0,CE,112.775,112.45,113.1,22.555000000000003,2.0,45.29735924229883,712afad509f5,"{""contract_quality_min"": 0.0, ""direction_min"": 0.3228844342797599, ""excellent_score_min"": 45.29735924229883, ""execution_quality_min"": 100.0, ""expected_required_ratio_min"": 1.0833333333333335, ""final_confidence_min"": 72.5995275556539, ""iv_crush_max"": 24.0, ""market_hostility_max"": 20.21975434867395, ""min_top_book_lots"": 0.0, ""premium_elasticity_min"": 0.7, ""regime_confidence_min"": 60.0, ""spread_pct_max"": 0.5763688760806841, ""trade_quality_min"": 3.5036496350398303}",MIDCPNIFTY,NSE_INDEX,FYERS_PAPER_PROXY_RESEARCH,PAPER_OVERRIDE::FYERS_PAPER_PROXY_RESEARCH,paper-strategy-8ade763620b6,opportunity-score-8ade763620b6,universe-a8e55c76a270
202608181118_4_MIDCPNIFTY_PE,2026-08-18T05:48:31.326405+00:00,MIDCPNIFTY,2026-08-25,14900.0,PE,108.4,108.1,108.7,21.680000000000003,2.0,45.23924004412847,712afad509f5,"{""contract_quality_min"": 0.0, ""direction_min"": 0.0, ""excellent_score_min"": 45.23924004412847, ""execution_quality_min"": 100.0, ""expected_required_ratio_min"": 1.0833333333333335, ""final_confidence_min"": 72.50266222536999, ""iv_crush_max"": 24.0, ""market_hostility_max"": 20.21975434867395, ""min_top_book_lots"": 0.0, ""premium_elasticity_min"": 0.7, ""regime_confidence_min"": 60.0, ""spread_pct_max"": 0.5535055350553584, ""trade_quality_min"": 3.5036496350398303}",MIDCPNIFTY,NSE_INDEX,FYERS_PAPER_PROXY_RESEARCH,PAPER_OVERRIDE::FYERS_PAPER_PROXY_RESEARCH,paper-strategy-8ade763620b6,opportunity-score-8ade763620b6,universe-a8e55c76a270
202608181118_5_MIDCPNIFTY_CE,2026-08-18T05:48:31.326902+00:00,MIDCPNIFTY,2026-08-25,14900.0,CE,87.3,87.05,87.55,17.46,2.0,42.397359242298826,712afad509f5,"{""contract_quality_min"": 0.0, ""direction_min"": 0.3228844342797599, ""excellent_score_min"": 42.397359242298826, ""execution_quality_min"": 100.0, ""expected_required_ratio_min"": 1.0833333333333335, ""final_confidence_min"": 72.5995275556539, ""iv_crush_max"": 24.0, ""market_hostility_max"": 20.21975434867395, ""min_top_book_lots"": 0.0, ""premium_elasticity_min"": 0.3, ""regime_confidence_min"": 60.0, ""spread_pct_max"": 0.5727376861397481, ""trade_quality_min"": 3.5036496350398303}",MIDCPNIFTY,NSE_INDEX,FYERS_PAPER_PROXY_RESEARCH,PAPER_OVERRIDE::FYERS_PAPER_PROXY_RESEARCH,paper-strategy-8ade763620b6,opportunity-score-8ade763620b6,universe-a8e55c76a270
202608181120_1_MIDCPNIFTY_CE,2026-08-18T05:50:23.578039+00:00,MIDCPNIFTY,2026-08-25,14850.0,CE,114.375,114.0,114.75,22.875,2.0,50.191941864033325,712afad509f5,"{""contract_quality_min"": 0.0, ""direction_min"": 2.0719811638077976, ""excellent_score_min"": 50.191941864033325, ""execution_quality_min"": 100.0, ""expected_required_ratio_min"": 1.0833333333333335, ""final_confidence_min"": 77.83034114851439, ""iv_crush_max"": 24.0, ""market_hostility_max"": 20.344704281367896, ""min_top_book_lots"": 0.0, ""premium_elasticity_min"": 0.7, ""regime_confidence_min"": 60.0, ""spread_pct_max"": 0.6557377049180327, ""trade_quality_min"": 20.06514657981074}",MIDCPNIFTY,NSE_INDEX,FYERS_PAPER_PROXY_RESEARCH,PAPER_OVERRIDE::FYERS_PAPER_PROXY_RESEARCH,paper-strategy-8ade763620b6,opportunity-score-8ade763620b6,universe-a8e55c76a270
202608181120_2_MIDCPNIFTY_PE,2026-08-18T05:50:23.578876+00:00,MIDCPNIFTY,2026-08-25,14900.0,PE,107.0,106.7,107.3,21.400000000000002,2.0,49.81898525454791,712afad509f5,"{""contract_quality_min"": 0.0, ""direction_min"": 0.0, ""excellent_score_min"": 49.81898525454791, ""execution_quality_min"": 100.0, ""expected_required_ratio_min"": 1.0833333333333335, ""final_confidence_min"": 77.20874679937207, ""iv_crush_max"": 24.0, ""market_hostility_max"": 20.344704281367896, ""min_top_book_lots"": 0.0, ""premium_elasticity_min"": 0.7, ""regime_confidence_min"": 60.0, ""spread_pct_max"": 0.5607476635513965, ""trade_quality_min"": 20.06514657981074}",MIDCPNIFTY,NSE_INDEX,FYERS_PAPER_PROXY_RESEARCH,PAPER_OVERRIDE::FYERS_PAPER_PROXY_RESEARCH,paper-strategy-8ade763620b6,opportunity-score-8ade763620b6,universe-a8e55c76a270
202608181120_3_BANKNIFTY_CE,2026-08-18T05:50:23.579325+00:00,BANKNIFTY,2026-08-25,57300.0,CE,457.275,457.0,457.55,25.0,2.0,47.813349574059444,2e840ccd58d1,"{""contract_quality_min"": 0.0, ""direction_min"": 0.0, ""excellent_score_min"": 47.813349574059444, ""execution_quality_min"": 100.0, ""expected_required_ratio_min"": 1.4166666666666665, ""final_confidence_min"": 74.24710836986097, ""iv_crush_max"": 24.0, ""market_hostility_max"": 20.927281117279797, ""min_top_book_lots"": 0.0, ""premium_elasticity_min"": 0.5, ""regime_confidence_min"": 60.0, ""spread_pct_max"": 0.12027773221803323, ""trade_quality_min"": 9.80983606557318}",BANKNIFTY,NSE_INDEX,FYERS_PAPER_PROXY_RESEARCH,PAPER_OVERRIDE::FYERS_PAPER_PROXY_RESEARCH,paper-strategy-8ade763620b6,opportunity-score-8ade763620b6,universe-a8e55c76a270
202608181120_4_BANKNIFTY_PE,2026-08-18T05:50:23.579782+00:00,BANKNIFTY,2026-08-25,57400.0,PE,404.075,403.7,404.45,25.0,2.0,47.74836051383262,2e840ccd58d1,"{""contract_quality_min"": 0.0, ""direction_min"": 1.3056163320731873, ""excellent_score_min"": 47.74836051383262, ""execution_quality_min"": 100.0, ""expected_required_ratio_min"": 1.4166666666666665, ""final_confidence_min"": 74.63879326948293, ""iv_crush_max"": 24.0, ""market_hostility_max"": 20.927281117279797, ""min_top_book_lots"": 0.0, ""premium_elasticity_min"": 0.7, ""regime_confidence_min"": 60.0, ""spread_pct_max"": 0.18560910722019427, ""trade_quality_min"": 9.80983606557318}",BANKNIFTY,NSE_INDEX,FYERS_PAPER_PROXY_RESEARCH,PAPER_OVERRIDE::FYERS_PAPER_PROXY_RESEARCH,paper-strategy-8ade763620b6,opportunity-score-8ade763620b6,universe-a8e55c76a270
202608181120_5_MIDCPNIFTY_CE,2026-08-18T05:50:23.580222+00:00,MIDCPNIFTY,2026-08-25,14900.0,CE,88.4,88.15,88.65,17.680000000000003,2.0,47.29194186403332,712afad509f5,"{""contract_quality_min"": 0.0, ""direction_min"": 2.0719811638077976, ""excellent_score_min"": 47.29194186403332, ""execution_quality_min"": 100.0, ""expected_required_ratio_min"": 1.0833333333333335, ""final_confidence_min"": 77.83034114851439, ""iv_crush_max"": 24.0, ""market_hostility_max"": 20.344704281367896, ""min_top_book_lots"": 0.0, ""premium_elasticity_min"": 0.3, ""regime_confidence_min"": 60.0, ""spread_pct_max"": 0.5656108597285068, ""trade_quality_min"": 20.06514657981074}",MIDCPNIFTY,NSE_INDEX,FYERS_PAPER_PROXY_RESEARCH,PAPER_OVERRIDE::FYERS_PAPER_PROXY_RESEARCH,paper-strategy-8ade763620b6,opportunity-score-8ade763620b6,universe-a8e55c76a270
202608181123_1_MIDCPNIFTY_PE,2026-08-18T05:53:53.936522+00:00,MIDCPNIFTY,2026-08-25,14875.0,PE,97.325,97.0,97.65,19.465000000000003,2.0,48.97099124073286,712afad509f5,"{""contract_quality_min"": 0.0, ""direction_min"": 1.829863096639449, ""excellent_score_min"": 48.97099124073286, ""execution_quality_min"": 100.0, ""expected_required_ratio_min"": 1.0833333333333335, ""final_confidence_min"": 76.11490499641093, ""iv_crush_max"": 24.0, ""market_hostility_max"": 19.812587180487522, ""min_top_book_lots"": 0.0, ""premium_elasticity_min"": 0.5, ""regime_confidence_min"": 60.0, ""spread_pct_max"": 0.667865399434889, ""trade_quality_min"": 14.468085106383391}",MIDCPNIFTY,NSE_INDEX,FYERS_PAPER_PROXY_RESEARCH,PAPER_OVERRIDE::FYERS_PAPER_PROXY_RESEARCH,paper-strategy-8ade763620b6,opportunity-score-8ade763620b6,universe-a8e55c76a270
202608181123_2_MIDCPNIFTY_PE,2026-08-18T05:53:53.937534+00:00,MIDCPNIFTY,2026-08-25,14900.0,PE,108.6,108.4,108.8,21.72,2.0,48.67099124073286,712afad509f5,"{""contract_quality_min"": 0.0, ""direction_min"": 1.829863096639449, ""excellent_score_min"": 48.67099124073286, ""execution_quality_min"": 100.0, ""expected_required_ratio_min"": 1.0833333333333335, ""final_confidence_min"": 76.11490499641093, ""iv_crush_max"": 24.0, ""market_hostility_max"": 19.812587180487522, ""min_top_book_lots"": 0.0, ""premium_elasticity_min"": 0.7, ""regime_confidence_min"": 60.0, ""spread_pct_max"": 0.36832412523019475, ""trade_quality_min"": 14.468085106383391}",MIDCPNIFTY,NSE_INDEX,FYERS_PAPER_PROXY_RESEARCH,PAPER_OVERRIDE::FYERS_PAPER_PROXY_RESEARCH,paper-strategy-8ade763620b6,opportunity-score-8ade763620b6,universe-a8e55c76a270
202608181123_3_MIDCPNIFTY_PE,2026-08-18T05:53:53.938073+00:00,MIDCPNIFTY,2026-08-25,14850.0,PE,85.45,85.15,85.75,17.09,2.0,45.770991240732855,712afad509f5,"{""contract_quality_min"": 0.0, ""direction_min"": 1.829863096639449, ""excellent_score_min"": 45.770991240732855, ""execution_quality_min"": 100.0, ""expected_required_ratio_min"": 1.0833333333333335, ""final_confidence_min"": 76.11490499641093, ""iv_crush_max"": 24.0, ""market_hostility_max"": 19.812587180487522, ""min_top_book_lots"": 0.0, ""premium_elasticity_min"": 0.3, ""regime_confidence_min"": 60.0, ""spread_pct_max"": 0.7021650087770559, ""trade_quality_min"": 14.468085106383391}",MIDCPNIFTY,NSE_INDEX,FYERS_PAPER_PROXY_RESEARCH,PAPER_OVERRIDE::FYERS_PAPER_PROXY_RESEARCH,paper-strategy-8ade763620b6,opportunity-score-8ade763620b6,universe-a8e55c76a270
202608181123_4_MIDCPNIFTY_CE,2026-08-18T05:53:53.938711+00:00,MIDCPNIFTY,2026-08-25,14900.0,CE,87.42500000000001,87.15,87.7,17.485000000000003,2.0,45.44161588333776,712afad509f5,"{""contract_quality_min"": 0.0, ""direction_min"": 0.0, ""excellent_score_min"": 45.44161588333776, ""execution_quality_min"": 100.0, ""expected_required_ratio_min"": 1.0833333333333335, ""final_confidence_min"": 75.5659460674191, ""iv_crush_max"": 24.0, ""market_hostility_max"": 19.812587180487522, ""min_top_book_lots"": 0.0, ""premium_elasticity_min"": 0.3, ""regime_confidence_min"": 60.0, ""spread_pct_max"": 0.6291106662853841, ""trade_quality_min"": 14.468085106383391}",MIDCPNIFTY,NSE_INDEX,FYERS_PAPER_PROXY_RESEARCH,PAPER_OVERRIDE::FYERS_PAPER_PROXY_RESEARCH,paper-strategy-8ade763620b6,opportunity-score-8ade763620b6,universe-a8e55c76a270
202608181123_5_ASIANPAINT_PE,2026-08-18T05:53:53.939299+00:00,ASIANPAINT,2026-08-25,2660.0,PE,41.725,41.45,42.0,8.345,2.0,34.564070781127576,8512c046e489,"{""contract_quality_min"": 0.0, ""direction_min"": 16.312351319714807, ""excellent_score_min"": 34.564070781127576, ""execution_quality_min"": 77.79337498930099, ""expected_required_ratio_min"": 1.1666666666666665, ""final_confidence_min"": 79.19876513682239, ""iv_crush_max"": 24.0, ""market_hostility_max"": 25.591216855164426, ""min_top_book_lots"": 0.0, ""premium_elasticity_min"": 0.7, ""regime_confidence_min"": 60.0, ""spread_pct_max"": 1.3181545835829769, ""trade_quality_min"": 50.232558139536266}",ASIANPAINT,NSE_STOCK_OPTION,FYERS_PAPER_PROXY_RESEARCH,PAPER_OVERRIDE::FYERS_PAPER_PROXY_RESEARCH,paper-strategy-8ade763620b6,opportunity-score-8ade763620b6,universe-a8e55c76a270
202608181124_1_BANKNIFTY_CE,2026-08-18T05:54:59.569563+00:00,BANKNIFTY,2026-08-25,57400.0,CE,405.675,405.35,406.0,25.0,2.0,54.30425507357381,2e840ccd58d1,"{""contract_quality_min"": 0.0, ""direction_min"": 0.0, ""excellent_score_min"": 54.30425507357381, ""execution_quality_min"": 100.0, ""expected_required_ratio_min"": 1.4166666666666667, ""final_confidence_min"": 84.12141669907275, ""iv_crush_max"": 24.0, ""market_hostility_max"": 20.54219286796231, ""min_top_book_lots"": 0.0, ""premium_elasticity_min"": 0.3, ""regime_confidence_min"": 60.0, ""spread_pct_max"": 0.16022678252294997, ""trade_quality_min"": 44.23864648262844}",BANKNIFTY,NSE_INDEX,FYERS_PAPER_PROXY_RESEARCH,PAPER_OVERRIDE::FYERS_PAPER_PROXY_RESEARCH,paper-strategy-8ade763620b6,opportunity-score-8ade763620b6,universe-a8e55c76a270
202608181124_2_MIDCPNIFTY_PE,2026-08-18T05:54:59.570305+00:00,MIDCPNIFTY,2026-08-25,14900.0,PE,108.2,108.0,108.4,21.64,2.0,51.792509797574034,712afad509f5,"{""contract_quality_min"": 0.0, ""direction_min"": 2.5019083776938116, ""excellent_score_min"": 51.792509797574034, ""execution_quality_min"": 100.0, ""expected_required_ratio_min"": 1.0833333333333335, ""final_confidence_min"": 79.44138795156968, ""iv_crush_max"": 24.0, ""market_hostility_max"": 19.718589088038172, ""min_top_book_lots"": 0.0, ""premium_elasticity_min"": 0.7, ""regime_confidence_min"": 60.0, ""spread_pct_max"": 0.36968576709797196, ""trade_quality_min"": 25.220338983051988}",MIDCPNIFTY,NSE_INDEX,FYERS_PAPER_PROXY_RESEARCH,PAPER_OVERRIDE::FYERS_PAPER_PROXY_RESEARCH,paper-strategy-8ade763620b6,opportunity-score-8ade763620b6,universe-a8e55c76a270
202608181124_3_MIDCPNIFTY_CE,2026-08-18T05:54:59.570739+00:00,MIDCPNIFTY,2026-08-25,14875.0,CE,100.15,99.8,100.5,20.03,2.0,51.642166289589156,712afad509f5,"{""contract_quality_min"": 0.0, ""direction_min"": 0.0, ""excellent_score_min"": 51.642166289589156, ""execution_quality_min"": 100.0, ""expected_required_ratio_min"": 1.0833333333333335, ""final_confidence_min"": 78.69081543826152, ""iv_crush_max"": 24.0, ""market_hostility_max"": 19.718589088038172, ""min_top_book_lots"": 0.0, ""premium_elasticity_min"": 0.5, ""regime_confidence_min"": 60.0, ""spread_pct_max"": 0.6989515726410412, ""trade_quality_min"": 25.220338983051988}",MIDCPNIFTY,NSE_INDEX,FYERS_PAPER_PROXY_RESEARCH,PAPER_OVERRIDE::FYERS_PAPER_PROXY_RESEARCH,paper-strategy-8ade763620b6,opportunity-score-8ade763620b6,universe-a8e55c76a270
202608181124_4_MIDCPNIFTY_PE,2026-08-18T05:54:59.571224+00:00,MIDCPNIFTY,2026-08-25,14850.0,PE,84.725,84.45,85.0,16.945,2.0,48.892509797574036,712afad509f5,"{""contract_quality_min"": 0.0, ""direction_min"": 2.5019083776938116, ""excellent_score_min"": 48.892509797574036, ""execution_quality_min"": 100.0, ""expected_required_ratio_min"": 1.0833333333333335, ""final_confidence_min"": 79.44138795156968, ""iv_crush_max"": 24.0, ""market_hostility_max"": 19.718589088038172, ""min_top_book_lots"": 0.0, ""premium_elasticity_min"": 0.3, ""regime_confidence_min"": 60.0, ""spread_pct_max"": 0.6491590439657683, ""trade_quality_min"": 25.220338983051988}",MIDCPNIFTY,NSE_INDEX,FYERS_PAPER_PROXY_RESEARCH,PAPER_OVERRIDE::FYERS_PAPER_PROXY_RESEARCH,paper-strategy-8ade763620b6,opportunity-score-8ade763620b6,universe-a8e55c76a270
202608181124_5_MIDCPNIFTY_CE,2026-08-18T05:54:59.571729+00:00,MIDCPNIFTY,2026-08-25,14900.0,CE,87.6,87.25,87.95,17.52,2.0,48.44216628958915,712afad509f5,"{""contract_quality_min"": 0.0, ""direction_min"": 0.0, ""excellent_score_min"": 48.44216628958915, ""execution_quality_min"": 100.0, ""expected_required_ratio_min"": 1.0833333333333335, ""final_confidence_min"": 78.69081543826152, ""iv_crush_max"": 24.0, ""market_hostility_max"": 19.718589088038172, ""min_top_book_lots"": 0.0, ""premium_elasticity_min"": 0.3, ""regime_confidence_min"": 60.0, ""spread_pct_max"": 0.7990867579908708, ""trade_quality_min"": 25.220338983051988}",MIDCPNIFTY,NSE_INDEX,FYERS_PAPER_PROXY_RESEARCH,PAPER_OVERRIDE::FYERS_PAPER_PROXY_RESEARCH,paper-strategy-8ade763620b6,opportunity-score-8ade763620b6,universe-a8e55c76a270
202608181126_1_MIDCPNIFTY_PE,2026-08-18T05:56:02.447404+00:00,MIDCPNIFTY,2026-08-25,14875.0,PE,96.9,96.55,97.25,19.380000000000003,2.0,51.219372395444395,712afad509f5,"{""contract_quality_min"": 0.0, ""direction_min"": 1.910341742649303, ""excellent_score_min"": 51.219372395444395, ""execution_quality_min"": 100.0, ""expected_required_ratio_min"": 1.0833333333333335, ""final_confidence_min"": 78.5217291270123, ""iv_crush_max"": 24.0, ""market_hostility_max"": 19.732076978108935, ""min_top_book_lots"": 0.0, ""premium_elasticity_min"": 0.5, ""regime_confidence_min"": 60.0, ""spread_pct_max"": 0.7223942208462361, ""trade_quality_min"": 22.450592885383045}",MIDCPNIFTY,NSE_INDEX,FYERS_PAPER_PROXY_RESEARCH,PAPER_OVERRIDE::FYERS_PAPER_PROXY_RESEARCH,paper-strategy-8ade763620b6,opportunity-score-8ade763620b6,universe-a8e55c76a270
202608181126_2_MIDCPNIFTY_PE,2026-08-18T05:56:02.448558+00:00,MIDCPNIFTY,2026-08-25,14900.0,PE,108.75,108.45,109.05,21.75,2.0,50.9193723954444,712afad509f5,"{""contract_quality_min"": 0.0, ""direction_min"": 1.910341742649303, ""excellent_score_min"": 50.9193723954444, ""execution_quality_min"": 100.0, ""expected_required_ratio_min"": 1.0833333333333335, ""final_confidence_min"": 78.5217291270123, ""iv_crush_max"": 24.0, ""market_hostility_max"": 19.732076978108935, ""min_top_book_lots"": 0.0, ""premium_elasticity_min"": 0.7, ""regime_confidence_min"": 60.0, ""spread_pct_max"": 0.5517241379310293, ""trade_quality_min"": 22.450592885383045}",MIDCPNIFTY,NSE_INDEX,FYERS_PAPER_PROXY_RESEARCH,PAPER_OVERRIDE::FYERS_PAPER_PROXY_RESEARCH,paper-strategy-8ade763620b6,opportunity-score-8ade763620b6,universe-a8e55c76a270
202608181126_3_MIDCPNIFTY_CE,2026-08-18T05:56:02.449229+00:00,MIDCPNIFTY,2026-08-25,14875.0,CE,99.125,98.8,99.45,19.825000000000003,2.0,50.87551088176751,712afad509f5,"{""contract_quality_min"": 0.0, ""direction_min"": 0.0, ""excellent_score_min"": 50.87551088176751, ""execution_quality_min"": 100.0, ""expected_required_ratio_min"": 1.0833333333333335, ""final_confidence_min"": 77.94862660421752, ""iv_crush_max"": 24.0, ""market_hostility_max"": 19.732076978108935, ""min_top_book_lots"": 0.0, ""premium_elasticity_min"": 0.5, ""regime_confidence_min"": 60.0, ""spread_pct_max"": 0.6557377049180385, ""trade_quality_min"": 22.450592885383045}",MIDCPNIFTY,NSE_INDEX,FYERS_PAPER_PROXY_RESEARCH,PAPER_OVERRIDE::FYERS_PAPER_PROXY_RESEARCH,paper-strategy-8ade763620b6,opportunity-score-8ade763620b6,universe-a8e55c76a270
202608181126_4_MIDCPNIFTY_CE,2026-08-18T05:56:02.453187+00:00,MIDCPNIFTY,2026-08-25,14850.0,CE,113.19999999999999,112.85,113.55,22.64,2.0,50.575510881767514,712afad509f5,"{""contract_quality_min"": 0.0, ""direction_min"": 0.0, ""excellent_score_min"": 50.575510881767514, ""execution_quality_min"": 100.0, ""expected_required_ratio_min"": 1.0833333333333335, ""final_confidence_min"": 77.94862660421752, ""iv_crush_max"": 24.0, ""market_hostility_max"": 19.732076978108935, ""min_top_book_lots"": 0.0, ""premium_elasticity_min"": 0.7, ""regime_confidence_min"": 60.0, ""spread_pct_max"": 0.6183745583038895, ""trade_quality_min"": 22.450592885383045}",MIDCPNIFTY,NSE_INDEX,FYERS_PAPER_PROXY_RESEARCH,PAPER_OVERRIDE::FYERS_PAPER_PROXY_RESEARCH,paper-strategy-8ade763620b6,opportunity-score-8ade763620b6,universe-a8e55c76a270
202608181126_5_MIDCPNIFTY_PE,2026-08-18T05:56:02.456597+00:00,MIDCPNIFTY,2026-08-25,14850.0,PE,85.35,85.05,85.65,17.07,2.0,48.01937239544439,712afad509f5,"{""contract_quality_min"": 0.0, ""direction_min"": 1.910341742649303, ""excellent_score_min"": 48.01937239544439, ""execution_quality_min"": 100.0, ""expected_required_ratio_min"": 1.0833333333333335, ""final_confidence_min"": 78.5217291270123, ""iv_crush_max"": 24.0, ""market_hostility_max"": 19.732076978108935, ""min_top_book_lots"": 0.0, ""premium_elasticity_min"": 0.3, ""regime_confidence_min"": 60.0, ""spread_pct_max"": 0.7029876977153, ""trade_quality_min"": 22.450592885383045}",MIDCPNIFTY,NSE_INDEX,FYERS_PAPER_PROXY_RESEARCH,PAPER_OVERRIDE::FYERS_PAPER_PROXY_RESEARCH,paper-strategy-8ade763620b6,opportunity-score-8ade763620b6,universe-a8e55c76a270
202608181128_1_MIDCPNIFTY_PE,2026-08-18T05:58:07.711434+00:00,MIDCPNIFTY,2026-08-25,14850.0,PE,84.35,84.1,84.6,16.87,2.0,53.42753153075439,712afad509f5,"{""contract_quality_min"": 0.0, ""direction_min"": 3.739977398697147, ""excellent_score_min"": 53.42753153075439, ""execution_quality_min"": 100.0, ""expected_required_ratio_min"": 1.0833333333333335, ""final_confidence_min"": 80.86310742774565, ""iv_crush_max"": 24.0, ""market_hostility_max"": 20.09147268043591, ""min_top_book_lots"": 0.0, ""premium_elasticity_min"": 0.5, ""regime_confidence_min"": 60.0, ""spread_pct_max"": 0.5927682276229995, ""trade_quality_min"": 29.34036939313693}",MIDCPNIFTY,NSE_INDEX,FYERS_PAPER_PROXY_RESEARCH,PAPER_OVERRIDE::FYERS_PAPER_PROXY_RESEARCH,paper-strategy-8ade763620b6,opportunity-score-8ade763620b6,universe-a8e55c76a270
202608181128_2_MIDCPNIFTY_PE,2026-08-18T05:58:07.712646+00:00,MIDCPNIFTY,2026-08-25,14875.0,PE,97.1,96.75,97.45,19.42,2.0,53.12753153075439,712afad509f5,"{""contract_quality_min"": 0.0, ""direction_min"": 3.739977398697147, ""excellent_score_min"": 53.12753153075439, ""execution_quality_min"": 100.0, ""expected_required_ratio_min"": 1.0833333333333335, ""final_confidence_min"": 80.86310742774565, ""iv_crush_max"": 24.0, ""market_hostility_max"": 20.09147268043591, ""min_top_book_lots"": 0.0, ""premium_elasticity_min"": 0.7, ""regime_confidence_min"": 60.0, ""spread_pct_max"": 0.7209062821833191, ""trade_quality_min"": 29.34036939313693}",MIDCPNIFTY,NSE_INDEX,FYERS_PAPER_PROXY_RESEARCH,PAPER_OVERRIDE::FYERS_PAPER_PROXY_RESEARCH,paper-strategy-8ade763620b6,opportunity-score-8ade763620b6,universe-a8e55c76a270
202608181128_3_MIDCPNIFTY_CE,2026-08-18T05:58:07.713209+00:00,MIDCPNIFTY,2026-08-25,14875.0,CE,99.42500000000001,99.2,99.65,19.885000000000005,2.0,49.55433559898891,712afad509f5,"{""contract_quality_min"": 0.0, ""direction_min"": 0.0, ""excellent_score_min"": 49.55433559898891, ""execution_quality_min"": 100.0, ""expected_required_ratio_min"": 1.0833333333333335, ""final_confidence_min"": 79.7411142081365, ""iv_crush_max"": 24.0, ""market_hostility_max"": 20.09147268043591, ""min_top_book_lots"": 0.0, ""premium_elasticity_min"": 0.3, ""regime_confidence_min"": 60.0, ""spread_pct_max"": 0.45260246416897437, ""trade_quality_min"": 29.34036939313693}",MIDCPNIFTY,NSE_INDEX,FYERS_PAPER_PROXY_RESEARCH,PAPER_OVERRIDE::FYERS_PAPER_PROXY_RESEARCH,paper-strategy-8ade763620b6,opportunity-score-8ade763620b6,universe-a8e55c76a270
202608181128_4_TCS_PE,2026-08-18T05:58:07.713755+00:00,TCS,2026-08-25,2280.0,PE,29.9,29.75,30.05,5.98,2.0,35.23553846187069,5450c99e8b35,"{""contract_quality_min"": 0.0, ""direction_min"": 17.480225494908883, ""excellent_score_min"": 35.23553846187069, ""execution_quality_min"": 91.2852365026277, ""expected_required_ratio_min"": 1.1666666666666667, ""final_confidence_min"": 81.71826368133685, ""iv_crush_max"": 24.0, ""market_hostility_max"": 29.130974278123162, ""min_top_book_lots"": 0.0, ""premium_elasticity_min"": 0.5, ""regime_confidence_min"": 60.0, ""spread_pct_max"": 1.0033444816053536, ""trade_quality_min"": 45.45454545454922}",TCS,NSE_STOCK_OPTION,FYERS_PAPER_PROXY_RESEARCH,PAPER_OVERRIDE::FYERS_PAPER_PROXY_RESEARCH,paper-strategy-8ade763620b6,opportunity-score-8ade763620b6,universe-a8e55c76a270
202608181128_5_TCS_CE,2026-08-18T05:58:07.714388+00:00,TCS,2026-08-25,2280.0,CE,37.15,37.0,37.3,7.43,2.0,33.35187355459263,5450c99e8b35,"{""contract_quality_min"": 0.0, ""direction_min"": 0.0, ""excellent_score_min"": 33.35187355459263, ""execution_quality_min"": 99.67698519515511, ""expected_required_ratio_min"": 1.1666666666666667, ""final_confidence_min"": 76.51432981212844, ""iv_crush_max"": 24.0, ""market_hostility_max"": 29.130974278123162, ""min_top_book_lots"": 0.0, ""premium_elasticity_min"": 0.5, ""regime_confidence_min"": 60.0, ""spread_pct_max"": 0.8075370121130475, ""trade_quality_min"": 45.45454545454922}",TCS,NSE_STOCK_OPTION,FYERS_PAPER_PROXY_RESEARCH,PAPER_OVERRIDE::FYERS_PAPER_PROXY_RESEARCH,paper-strategy-8ade763620b6,opportunity-score-8ade763620b6,universe-a8e55c76a270
202608181131_1_BANKNIFTY_PE,2026-08-18T06:01:43.742938+00:00,BANKNIFTY,2026-08-25,57200.0,PE,337.92499999999995,337.65,338.2,25.0,2.0,58.797787900369634,2e840ccd58d1,"{""contract_quality_min"": 0.0, ""direction_min"": 5.790111934598187, ""excellent_score_min"": 58.797787900369634, ""execution_quality_min"": 100.0, ""expected_required_ratio_min"": 1.4166666666666667, ""final_confidence_min"": 85.80268289417309, ""iv_crush_max"": 24.0, ""market_hostility_max"": 20.056542396894134, ""min_top_book_lots"": 0.0, ""premium_elasticity_min"": 0.5, ""regime_confidence_min"": 60.0, ""spread_pct_max"": 0.16275800843382746, ""trade_quality_min"": 44.780553679944546}",BANKNIFTY,NSE_INDEX,FYERS_PAPER_PROXY_RESEARCH,PAPER_OVERRIDE::FYERS_PAPER_PROXY_RESEARCH,paper-strategy-8ade763620b6,opportunity-score-8ade763620b6,universe-a8e55c76a270
202608181131_2_MIDCPNIFTY_PE,2026-08-18T06:01:43.745880+00:00,MIDCPNIFTY,2026-08-25,14850.0,PE,87.57499999999999,87.35,87.8,17.514999999999997,2.0,49.58279096653517,712afad509f5,"{""contract_quality_min"": 0.0, ""direction_min"": 1.2649327668051302, ""excellent_score_min"": 49.58279096653517, ""execution_quality_min"": 100.0, ""expected_required_ratio_min"": 1.0833333333333333, ""final_confidence_min"": 76.84042484653064, ""iv_crush_max"": 24.0, ""market_hostility_max"": 20.20491550425423, ""min_top_book_lots"": 0.0, ""premium_elasticity_min"": 0.5, ""regime_confidence_min"": 60.0, ""spread_pct_max"": 0.5138452754781648, ""trade_quality_min"": 17.16894977169957}",MIDCPNIFTY,NSE_INDEX,FYERS_PAPER_PROXY_RESEARCH,PAPER_OVERRIDE::FYERS_PAPER_PROXY_RESEARCH,paper-strategy-8ade763620b6,opportunity-score-8ade763620b6,universe-a8e55c76a270
202608181131_3_MIDCPNIFTY_CE,2026-08-18T06:01:43.746343+00:00,MIDCPNIFTY,2026-08-25,14850.0,CE,113.4,113.05,113.75,22.680000000000003,2.0,49.355103068510246,712afad509f5,"{""contract_quality_min"": 0.0, ""direction_min"": 0.0, ""excellent_score_min"": 49.355103068510246, ""execution_quality_min"": 100.0, ""expected_required_ratio_min"": 1.0833333333333333, ""final_confidence_min"": 76.4609450164891, ""iv_crush_max"": 24.0, ""market_hostility_max"": 20.20491550425423, ""min_top_book_lots"": 0.0, ""premium_elasticity_min"": 0.5, ""regime_confidence_min"": 60.0, ""spread_pct_max"": 0.6172839506172865, ""trade_quality_min"": 17.16894977169957}",MIDCPNIFTY,NSE_INDEX,FYERS_PAPER_PROXY_RESEARCH,PAPER_OVERRIDE::FYERS_PAPER_PROXY_RESEARCH,paper-strategy-8ade763620b6,opportunity-score-8ade763620b6,universe-a8e55c76a270
202608181131_4_MIDCPNIFTY_PE,2026-08-18T06:01:43.746780+00:00,MIDCPNIFTY,2026-08-25,14875.0,PE,98.725,98.5,98.95,19.745,2.0,49.28279096653516,712afad509f5,"{""contract_quality_min"": 0.0, ""direction_min"": 1.2649327668051302, ""excellent_score_min"": 49.28279096653516, ""execution_quality_min"": 100.0, ""expected_required_ratio_min"": 1.0833333333333333, ""final_confidence_min"": 76.84042484653064, ""iv_crush_max"": 24.0, ""market_hostility_max"": 20.20491550425423, ""min_top_book_lots"": 0.0, ""premium_elasticity_min"": 0.7, ""regime_confidence_min"": 60.0, ""spread_pct_max"": 0.45581159787288206, ""trade_quality_min"": 17.16894977169957}",MIDCPNIFTY,NSE_INDEX,FYERS_PAPER_PROXY_RESEARCH,PAPER_OVERRIDE::FYERS_PAPER_PROXY_RESEARCH,paper-strategy-8ade763620b6,opportunity-score-8ade763620b6,universe-a8e55c76a270
202608181131_5_MIDCPNIFTY_CE,2026-08-18T06:01:43.747309+00:00,MIDCPNIFTY,2026-08-25,14875.0,CE,99.55000000000001,99.2,99.9,19.910000000000004,2.0,46.15510306851024,712afad509f5,"{""contract_quality_min"": 0.0, ""direction_min"": 0.0, ""excellent_score_min"": 46.15510306851024, ""execution_quality_min"": 100.0, ""expected_required_ratio_min"": 1.0833333333333333, ""final_confidence_min"": 76.4609450164891, ""iv_crush_max"": 24.0, ""market_hostility_max"": 20.20491550425423, ""min_top_book_lots"": 0.0, ""premium_elasticity_min"": 0.3, ""regime_confidence_min"": 60.0, ""spread_pct_max"": 0.703164239075844, ""trade_quality_min"": 17.16894977169957}",MIDCPNIFTY,NSE_INDEX,FYERS_PAPER_PROXY_RESEARCH,PAPER_OVERRIDE::FYERS_PAPER_PROXY_RESEARCH,paper-strategy-8ade763620b6,opportunity-score-8ade763620b6,universe-a8e55c76a270
202608181132_1_MIDCPNIFTY_PE,2026-08-18T06:02:46.375800+00:00,MIDCPNIFTY,2026-08-25,14850.0,PE,85.85,85.5,86.2,17.169999999999998,2.0,51.46944734678062,712afad509f5,"{""contract_quality_min"": 0.0, ""direction_min"": 2.072190264742686, ""excellent_score_min"": 51.46944734678062, ""execution_quality_min"": 99.34104334803214, ""expected_required_ratio_min"": 1.0833333333333333, ""final_confidence_min"": 78.94596367484982, ""iv_crush_max"": 24.0, ""market_hostility_max"": 20.204320034277053, ""min_top_book_lots"": 0.0, ""premium_elasticity_min"": 0.5, ""regime_confidence_min"": 60.0, ""spread_pct_max"": 0.8153756552125835, ""trade_quality_min"": 23.783783783794718}",MIDCPNIFTY,NSE_INDEX,FYERS_PAPER_PROXY_RESEARCH,PAPER_OVERRIDE::FYERS_PAPER_PROXY_RESEARCH,paper-strategy-8ade763620b6,opportunity-score-8ade763620b6,universe-a8e55c76a270
202608181132_2_MIDCPNIFTY_PE,2026-08-18T06:02:46.376430+00:00,MIDCPNIFTY,2026-08-25,14875.0,PE,97.575,97.2,97.95,19.515,2.0,51.268290844575795,712afad509f5,"{""contract_quality_min"": 0.0, ""direction_min"": 2.072190264742686, ""excellent_score_min"": 51.268290844575795, ""execution_quality_min"": 100.0, ""expected_required_ratio_min"": 1.0833333333333333, ""final_confidence_min"": 78.94596367484982, ""iv_crush_max"": 24.0, ""market_hostility_max"": 20.204320034277053, ""min_top_book_lots"": 0.0, ""premium_elasticity_min"": 0.7, ""regime_confidence_min"": 60.0, ""spread_pct_max"": 0.7686395080707148, ""trade_quality_min"": 23.783783783794718}",MIDCPNIFTY,NSE_INDEX,FYERS_PAPER_PROXY_RESEARCH,PAPER_OVERRIDE::FYERS_PAPER_PROXY_RESEARCH,paper-strategy-8ade763620b6,opportunity-score-8ade763620b6,universe-a8e55c76a270
202608181132_3_DRREDDY_PE,2026-08-18T06:02:46.376880+00:00,DRREDDY,2026-08-25,1200.0,PE,23.225,23.1,23.35,4.6450000000000005,2.0,38.21381911335202,97ea730b14bf,"{""contract_quality_min"": 0.0, ""direction_min"": 8.083529808014942, ""excellent_score_min"": 38.21381911335202, ""execution_quality_min"": 88.1531600799631, ""expected_required_ratio_min"": 1.1666666666666667, ""final_confidence_min"": 83.79541429359021, ""iv_crush_max"": 24.0, ""market_hostility_max"": 23.876903196809167, ""min_top_book_lots"": 0.0, ""premium_elasticity_min"": 0.7, ""regime_confidence_min"": 60.0, ""spread_pct_max"": 1.0764262648008611, ""trade_quality_min"": 59.999999999994316}",DRREDDY,NSE_STOCK_OPTION,FYERS_PAPER_PROXY_RESEARCH,PAPER_OVERRIDE::FYERS_PAPER_PROXY_RESEARCH,paper-strategy-8ade763620b6,opportunity-score-8ade763620b6,universe-a8e55c76a270
202608181132_4_HCLTECH_CE,2026-08-18T06:02:46.377324+00:00,HCLTECH,2026-08-25,1290.0,CE,26.1,25.95,26.25,5.220000000000001,2.0,34.11118680945097,bd3813497287,"{""contract_quality_min"": 0.0, ""direction_min"": 0.0, ""excellent_score_min"": 34.11118680945097, ""execution_quality_min"": 85.02463054187182, ""expected_required_ratio_min"": 1.1666666666666665, ""final_confidence_min"": 78.22735582582659, ""iv_crush_max"": 24.0, ""market_hostility_max"": 24.6663067509908, ""min_top_book_lots"": 0.0, ""premium_elasticity_min"": 0.7, ""regime_confidence_min"": 60.0, ""spread_pct_max"": 1.1494252873563244, ""trade_quality_min"": 53.333333333340924}",HCLTECH,NSE_STOCK_OPTION,FYERS_PAPER_PROXY_RESEARCH,PAPER_OVERRIDE::FYERS_PAPER_PROXY_RESEARCH,paper-strategy-8ade763620b6,opportunity-score-8ade763620b6,universe-a8e55c76a270
202608181132_5_DRREDDY_PE,2026-08-18T06:02:46.377964+00:00,DRREDDY,2026-08-25,1190.0,PE,16.6,16.45,16.75,3.3200000000000003,2.0,31.68797830586552,97ea730b14bf,"{""contract_quality_min"": 0.0, ""direction_min"": 8.083529808014942, ""excellent_score_min"": 31.68797830586552, ""execution_quality_min"": 48.49397590361418, ""expected_required_ratio_min"": 1.1666666666666667, ""final_confidence_min"": 75.02578248324868, ""iv_crush_max"": 24.0, ""market_hostility_max"": 23.876903196809167, ""min_top_book_lots"": 0.0, ""premium_elasticity_min"": 0.5, ""regime_confidence_min"": 60.0, ""spread_pct_max"": 1.8072289156626546, ""trade_quality_min"": 59.999999999994316}",DRREDDY,NSE_STOCK_OPTION,FYERS_PAPER_PROXY_RESEARCH,PAPER_OVERRIDE::FYERS_PAPER_PROXY_RESEARCH,paper-strategy-8ade763620b6,opportunity-score-8ade763620b6,universe-a8e55c76a270
202608181133_1_MIDCPNIFTY_CE,2026-08-18T06:03:49.281975+00:00,MIDCPNIFTY,2026-08-25,14850.0,CE,115.825,115.5,116.15,23.165000000000003,2.0,46.06570773640745,712afad509f5,"{""contract_quality_min"": 0.0, ""direction_min"": 0.7266243923773678, ""excellent_score_min"": 46.06570773640745, ""execution_quality_min"": 100.0, ""expected_required_ratio_min"": 1.0833333333333333, ""final_confidence_min"": 73.44468770984902, ""iv_crush_max"": 24.0, ""market_hostility_max"": 20.341998943710962, ""min_top_book_lots"": 0.0, ""premium_elasticity_min"": 0.7, ""regime_confidence_min"": 60.0, ""spread_pct_max"": 0.5611914526224957, ""trade_quality_min"": 6.118980169974709}",MIDCPNIFTY,NSE_INDEX,FYERS_PAPER_PROXY_RESEARCH,PAPER_OVERRIDE::FYERS_PAPER_PROXY_RESEARCH,paper-strategy-8ade763620b6,opportunity-score-8ade763620b6,universe-a8e55c76a270
202608181133_2_MIDCPNIFTY_PE,2026-08-18T06:03:49.282563+00:00,MIDCPNIFTY,2026-08-25,14900.0,PE,108.975,108.7,109.25,21.795,2.0,45.93491534577952,712afad509f5,"{""contract_quality_min"": 0.0, ""direction_min"": 0.0, ""excellent_score_min"": 45.93491534577952, ""execution_quality_min"": 100.0, ""expected_required_ratio_min"": 1.0833333333333333, ""final_confidence_min"": 73.22670039213581, ""iv_crush_max"": 24.0, ""market_hostility_max"": 20.341998943710962, ""min_top_book_lots"": 0.0, ""premium_elasticity_min"": 0.7, ""regime_confidence_min"": 60.0, ""spread_pct_max"": 0.5047029135122709, ""trade_quality_min"": 6.118980169974709}",MIDCPNIFTY,NSE_INDEX,FYERS_PAPER_PROXY_RESEARCH,PAPER_OVERRIDE::FYERS_PAPER_PROXY_RESEARCH,paper-strategy-8ade763620b6,opportunity-score-8ade763620b6,universe-a8e55c76a270
202608181133_3_MIDCPNIFTY_CE,2026-08-18T06:03:49.284717+00:00,MIDCPNIFTY,2026-08-25,14900.0,CE,88.67500000000001,88.4,88.95,17.735000000000003,2.0,43.16570773640744,712afad509f5,"{""contract_quality_min"": 0.0, ""direction_min"": 0.7266243923773678, ""excellent_score_min"": 43.16570773640744, ""execution_quality_min"": 100.0, ""expected_required_ratio_min"": 1.0833333333333333, ""final_confidence_min"": 73.44468770984902, ""iv_crush_max"": 24.0, ""market_hostility_max"": 20.341998943710962, ""min_top_book_lots"": 0.0, ""premium_elasticity_min"": 0.3, ""regime_confidence_min"": 60.0, ""spread_pct_max"": 0.6202424584155591, ""trade_quality_min"": 6.118980169974709}",MIDCPNIFTY,NSE_INDEX,FYERS_PAPER_PROXY_RESEARCH,PAPER_OVERRIDE::FYERS_PAPER_PROXY_RESEARCH,paper-strategy-8ade763620b6,opportunity-score-8ade763620b6,universe-a8e55c76a270
202608181133_4_MIDCPNIFTY_PE,2026-08-18T06:03:49.285284+00:00,MIDCPNIFTY,2026-08-25,14850.0,PE,84.35,84.05,84.65,16.87,2.0,43.03491534577952,712afad509f5,"{""contract_quality_min"": 0.0, ""direction_min"": 0.0, ""excellent_score_min"": 43.03491534577952, ""execution_quality_min"": 100.0, ""expected_required_ratio_min"": 1.0833333333333333, ""final_confidence_min"": 73.22670039213581, ""iv_crush_max"": 24.0, ""market_hostility_max"": 20.341998943710962, ""min_top_book_lots"": 0.0, ""premium_elasticity_min"": 0.3, ""regime_confidence_min"": 60.0, ""spread_pct_max"": 0.7113218731476094, ""trade_quality_min"": 6.118980169974709}",MIDCPNIFTY,NSE_INDEX,FYERS_PAPER_PROXY_RESEARCH,PAPER_OVERRIDE::FYERS_PAPER_PROXY_RESEARCH,paper-strategy-8ade763620b6,opportunity-score-8ade763620b6,universe-a8e55c76a270
202608181133_5_HINDUNILVR_CE,2026-08-18T06:03:49.285772+00:00,HINDUNILVR,2026-08-25,2020.0,CE,32.15,31.9,32.4,6.43,2.0,27.131407109828928,7c6072ee0b40,"{""contract_quality_min"": 0.0, ""direction_min"": 9.035996660609753, ""excellent_score_min"": 27.131407109828928, ""execution_quality_min"": 66.1353032659409, ""expected_required_ratio_min"": 1.1666666666666667, ""final_confidence_min"": 70.60797439858958, ""iv_crush_max"": 24.0, ""market_hostility_max"": 25.009322408125634, ""min_top_book_lots"": 0.0, ""premium_elasticity_min"": 0.7, ""regime_confidence_min"": 60.0, ""spread_pct_max"": 1.5552099533437014, ""trade_quality_min"": 34.716981132075084}",HINDUNILVR,NSE_STOCK_OPTION,FYERS_PAPER_PROXY_RESEARCH,PAPER_OVERRIDE::FYERS_PAPER_PROXY_RESEARCH,paper-strategy-8ade763620b6,opportunity-score-8ade763620b6,universe-a8e55c76a270
202608181136_1_MIDCPNIFTY_PE,2026-08-18T06:06:01.175332+00:00,MIDCPNIFTY,2026-08-25,14875.0,PE,98.375,98.0,98.75,19.675,2.0,50.495168839973466,712afad509f5,"{""contract_quality_min"": 0.0, ""direction_min"": 2.6639040994518326, ""excellent_score_min"": 50.495168839973466, ""execution_quality_min"": 100.0, ""expected_required_ratio_min"": 1.0833333333333335, ""final_confidence_min"": 77.85447283296406, ""iv_crush_max"": 24.0, ""market_hostility_max"": 20.481080293117213, ""min_top_book_lots"": 0.0, ""premium_elasticity_min"": 0.5, ""regime_confidence_min"": 60.0, ""spread_pct_max"": 0.7623888182973316, ""trade_quality_min"": 19.849624060154326}",MIDCPNIFTY,NSE_INDEX,FYERS_PAPER_PROXY_RESEARCH,PAPER_OVERRIDE::FYERS_PAPER_PROXY_RESEARCH,paper-strategy-8ade763620b6,opportunity-score-8ade763620b6,universe-a8e55c76a270
202608181136_2_MIDCPNIFTY_PE,2026-08-18T06:06:01.175938+00:00,MIDCPNIFTY,2026-08-25,14900.0,PE,108.725,108.45,109.0,21.745,2.0,50.19516883997346,712afad509f5,"{""contract_quality_min"": 0.0, ""direction_min"": 2.6639040994518326, ""excellent_score_min"": 50.19516883997346, ""execution_quality_min"": 100.0, ""expected_required_ratio_min"": 1.0833333333333335, ""final_confidence_min"": 77.85447283296406, ""iv_crush_max"": 24.0, ""market_hostility_max"": 20.481080293117213, ""min_top_book_lots"": 0.0, ""premium_elasticity_min"": 0.7, ""regime_confidence_min"": 60.0, ""spread_pct_max"": 0.5058634168774405, ""trade_quality_min"": 19.849624060154326}",MIDCPNIFTY,NSE_INDEX,FYERS_PAPER_PROXY_RESEARCH,PAPER_OVERRIDE::FYERS_PAPER_PROXY_RESEARCH,paper-strategy-8ade763620b6,opportunity-score-8ade763620b6,universe-a8e55c76a270
202608181136_3_MIDCPNIFTY_PE,2026-08-18T06:06:01.176395+00:00,MIDCPNIFTY,2026-08-25,14850.0,PE,86.45,86.2,86.7,17.290000000000003,2.0,47.29516883997346,712afad509f5,"{""contract_quality_min"": 0.0, ""direction_min"": 2.6639040994518326, ""excellent_score_min"": 47.29516883997346, ""execution_quality_min"": 100.0, ""expected_required_ratio_min"": 1.0833333333333335, ""final_confidence_min"": 77.85447283296406, ""iv_crush_max"": 24.0, ""market_hostility_max"": 20.481080293117213, ""min_top_book_lots"": 0.0, ""premium_elasticity_min"": 0.3, ""regime_confidence_min"": 60.0, ""spread_pct_max"": 0.578368999421631, ""trade_quality_min"": 19.849624060154326}",MIDCPNIFTY,NSE_INDEX,FYERS_PAPER_PROXY_RESEARCH,PAPER_OVERRIDE::FYERS_PAPER_PROXY_RESEARCH,paper-strategy-8ade763620b6,opportunity-score-8ade763620b6,universe-a8e55c76a270
202608181136_4_MIDCPNIFTY_CE,2026-08-18T06:06:01.176799+00:00,MIDCPNIFTY,2026-08-25,14900.0,CE,91.32499999999999,91.05,91.6,18.264999999999997,2.0,46.815666102072136,712afad509f5,"{""contract_quality_min"": 0.0, ""direction_min"": 0.0, ""excellent_score_min"": 46.815666102072136, ""execution_quality_min"": 100.0, ""expected_required_ratio_min"": 1.0833333333333335, ""final_confidence_min"": 77.05530160312853, ""iv_crush_max"": 24.0, ""market_hostility_max"": 20.481080293117213, ""min_top_book_lots"": 0.0, ""premium_elasticity_min"": 0.3, ""regime_confidence_min"": 60.0, ""spread_pct_max"": 0.6022447303586064, ""trade_quality_min"": 19.849624060154326}",MIDCPNIFTY,NSE_INDEX,FYERS_PAPER_PROXY_RESEARCH,PAPER_OVERRIDE::FYERS_PAPER_PROXY_RESEARCH,paper-strategy-8ade763620b6,opportunity-score-8ade763620b6,universe-a8e55c76a270
202608181136_5_TATACONSUM_PE,2026-08-18T06:06:01.177307+00:00,TATACONSUM,2026-08-25,1080.0,PE,17.9,17.7,18.1,3.58,2.0,29.99715700222734,9add61d653ca,"{""contract_quality_min"": 0.0, ""direction_min"": 5.969592388769366, ""excellent_score_min"": 29.99715700222734, ""execution_quality_min"": 18.575418994412548, ""expected_required_ratio_min"": 1.1666666666666667, ""final_confidence_min"": 63.11052265719791, ""iv_crush_max"": 24.0, ""market_hostility_max"": 25.454587883878947, ""min_top_book_lots"": 0.0, ""premium_elasticity_min"": 0.7, ""regime_confidence_min"": 60.0, ""spread_pct_max"": 2.234636871508392, ""trade_quality_min"": 80.0}",TATACONSUM,NSE_STOCK_OPTION,FYERS_PAPER_PROXY_RESEARCH,PAPER_OVERRIDE::FYERS_PAPER_PROXY_RESEARCH,paper-strategy-8ade763620b6,opportunity-score-8ade763620b6,universe-a8e55c76a270
202608181139_1_BANKNIFTY_PE,2026-08-18T06:09:11.418297+00:00,BANKNIFTY,2026-08-25,57200.0,PE,310.2,310.0,310.4,25.0,2.0,52.591108533896346,2e840ccd58d1,"{""contract_quality_min"": 0.0, ""direction_min"": 0.0, ""excellent_score_min"": 52.591108533896346, ""execution_quality_min"": 100.0, ""expected_required_ratio_min"": 1.4166666666666665, ""final_confidence_min"": 82.22518435461578, ""iv_crush_max"": 24.0, ""market_hostility_max"": 21.446243535939118, ""min_top_book_lots"": 0.0, ""premium_elasticity_min"": 0.3, ""regime_confidence_min"": 60.0, ""spread_pct_max"": 0.12894906511927057, ""trade_quality_min"": 39.048603929678194}",BANKNIFTY,NSE_INDEX,FYERS_PAPER_PROXY_RESEARCH,PAPER_OVERRIDE::FYERS_PAPER_PROXY_RESEARCH,paper-strategy-8ade763620b6,opportunity-score-8ade763620b6,universe-a8e55c76a270
202608181139_2_MIDCPNIFTY_PE,2026-08-18T06:09:11.423396+00:00,MIDCPNIFTY,2026-08-25,14875.0,PE,95.875,95.55,96.2,19.175,2.0,47.6228990510731,712afad509f5,"{""contract_quality_min"": 0.0, ""direction_min"": 0.0, ""excellent_score_min"": 47.6228990510731, ""execution_quality_min"": 100.0, ""expected_required_ratio_min"": 1.0833333333333335, ""final_confidence_min"": 74.69445640390889, ""iv_crush_max"": 24.0, ""market_hostility_max"": 20.552304004341675, ""min_top_book_lots"": 0.0, ""premium_elasticity_min"": 0.5, ""regime_confidence_min"": 60.0, ""spread_pct_max"": 0.6779661016949212, ""trade_quality_min"": 11.294117647070506}",MIDCPNIFTY,NSE_INDEX,FYERS_PAPER_PROXY_RESEARCH,PAPER_OVERRIDE::FYERS_PAPER_PROXY_RESEARCH,paper-strategy-8ade763620b6,opportunity-score-8ade763620b6,universe-a8e55c76a270
202608181139_3_MIDCPNIFTY_PE,2026-08-18T06:09:11.424211+00:00,MIDCPNIFTY,2026-08-25,14900.0,PE,107.775,107.5,108.05,21.555000000000003,2.0,47.3228990510731,712afad509f5,"{""contract_quality_min"": 0.0, ""direction_min"": 0.0, ""excellent_score_min"": 47.3228990510731, ""execution_quality_min"": 100.0, ""expected_required_ratio_min"": 1.0833333333333335, ""final_confidence_min"": 74.69445640390889, ""iv_crush_max"": 24.0, ""market_hostility_max"": 20.552304004341675, ""min_top_book_lots"": 0.0, ""premium_elasticity_min"": 0.7, ""regime_confidence_min"": 60.0, ""spread_pct_max"": 0.5103224309904868, ""trade_quality_min"": 11.294117647070506}",MIDCPNIFTY,NSE_INDEX,FYERS_PAPER_PROXY_RESEARCH,PAPER_OVERRIDE::FYERS_PAPER_PROXY_RESEARCH,paper-strategy-8ade763620b6,opportunity-score-8ade763620b6,universe-a8e55c76a270
202608181139_4_MIDCPNIFTY_CE,2026-08-18T06:09:11.424709+00:00,MIDCPNIFTY,2026-08-25,14900.0,CE,91.67500000000001,91.4,91.95,18.335000000000004,2.0,44.655433719327824,712afad509f5,"{""contract_quality_min"": 0.0, ""direction_min"": 1.2918592680817669, ""excellent_score_min"": 44.655433719327824, ""execution_quality_min"": 100.0, ""expected_required_ratio_min"": 1.0833333333333335, ""final_confidence_min"": 75.08201418433343, ""iv_crush_max"": 24.0, ""market_hostility_max"": 20.552304004341675, ""min_top_book_lots"": 0.0, ""premium_elasticity_min"": 0.3, ""regime_confidence_min"": 60.0, ""spread_pct_max"": 0.5999454595036783, ""trade_quality_min"": 11.294117647070506}",MIDCPNIFTY,NSE_INDEX,FYERS_PAPER_PROXY_RESEARCH,PAPER_OVERRIDE::FYERS_PAPER_PROXY_RESEARCH,paper-strategy-8ade763620b6,opportunity-score-8ade763620b6,universe-a8e55c76a270
202608181139_5_BAJAJ-AUTO_CE,2026-08-18T06:09:11.425253+00:00,BAJAJ-AUTO,2026-08-25,11800.0,CE,100.575,100.2,100.95,20.115000000000002,2.0,41.78282670089859,41f3d34033d6,"{""contract_quality_min"": 0.0, ""direction_min"": 3.4231921266581087, ""excellent_score_min"": 41.78282670089859, ""execution_quality_min"": 100.0, ""expected_required_ratio_min"": 1.1666666666666667, ""final_confidence_min"": 78.01347881899872, ""iv_crush_max"": 24.0, ""market_hostility_max"": 18.649843170801255, ""min_top_book_lots"": 0.0, ""premium_elasticity_min"": 0.3, ""regime_confidence_min"": 60.0, ""spread_pct_max"": 0.7457121551081283, ""trade_quality_min"": 80.0}",BAJAJ-AUTO,NSE_STOCK_OPTION,FYERS_PAPER_PROXY_RESEARCH,PAPER_OVERRIDE::FYERS_PAPER_PROXY_RESEARCH,paper-strategy-8ade763620b6,opportunity-score-8ade763620b6,universe-a8e55c76a270
202608181140_1_BANKNIFTY_CE,2026-08-18T06:10:12.501009+00:00,BANKNIFTY,2026-08-25,57400.0,CE,410.25,410.05,410.45,25.0,2.0,60.67076764635842,2e840ccd58d1,"{""contract_quality_min"": 0.0, ""direction_min"": 9.05129972645155, ""excellent_score_min"": 60.67076764635842, ""execution_quality_min"": 100.0, ""expected_required_ratio_min"": 1.4166666666666667, ""final_confidence_min"": 89.94107901252694, ""iv_crush_max"": 24.0, ""market_hostility_max"": 21.651527343583986, ""min_top_book_lots"": 0.0, ""premium_elasticity_min"": 0.3, ""regime_confidence_min"": 60.0, ""spread_pct_max"": 0.09750152346129853, ""trade_quality_min"": 63.05538648813594}",BANKNIFTY,NSE_INDEX,FYERS_PAPER_PROXY_RESEARCH,PAPER_OVERRIDE::FYERS_PAPER_PROXY_RESEARCH,paper-strategy-8ade763620b6,opportunity-score-8ade763620b6,universe-a8e55c76a270
202608181140_2_MIDCPNIFTY_PE,2026-08-18T06:10:12.501583+00:00,MIDCPNIFTY,2026-08-25,14875.0,PE,98.275,97.9,98.65,19.655,2.0,49.153326684707615,712afad509f5,"{""contract_quality_min"": 0.0, ""direction_min"": 0.0, ""excellent_score_min"": 49.153326684707615, ""execution_quality_min"": 100.0, ""expected_required_ratio_min"": 1.0833333333333335, ""final_confidence_min"": 76.58870324822358, ""iv_crush_max"": 24.0, ""market_hostility_max"": 20.61215563301626, ""min_top_book_lots"": 0.0, ""premium_elasticity_min"": 0.7, ""regime_confidence_min"": 60.0, ""spread_pct_max"": 0.7631645891630628, ""trade_quality_min"": 17.917981072557293}",MIDCPNIFTY,NSE_INDEX,FYERS_PAPER_PROXY_RESEARCH,PAPER_OVERRIDE::FYERS_PAPER_PROXY_RESEARCH,paper-strategy-8ade763620b6,opportunity-score-8ade763620b6,universe-a8e55c76a270
202608181140_3_MIDCPNIFTY_CE,2026-08-18T06:10:12.502009+00:00,MIDCPNIFTY,2026-08-25,14875.0,CE,102.65,102.45,102.85,20.53,2.0,46.59735597295994,712afad509f5,"{""contract_quality_min"": 0.0, ""direction_min"": 1.9112738236240294, ""excellent_score_min"": 46.59735597295994, ""execution_quality_min"": 100.0, ""expected_required_ratio_min"": 1.0833333333333335, ""final_confidence_min"": 77.1620853953108, ""iv_crush_max"": 24.0, ""market_hostility_max"": 20.61215563301626, ""min_top_book_lots"": 0.0, ""premium_elasticity_min"": 0.3, ""regime_confidence_min"": 60.0, ""spread_pct_max"": 0.38967364831952406, ""trade_quality_min"": 17.917981072557293}",MIDCPNIFTY,NSE_INDEX,FYERS_PAPER_PROXY_RESEARCH,PAPER_OVERRIDE::FYERS_PAPER_PROXY_RESEARCH,paper-strategy-8ade763620b6,opportunity-score-8ade763620b6,universe-a8e55c76a270
202608181140_4_HCLTECH_CE,2026-08-18T06:10:12.502464+00:00,HCLTECH,2026-08-25,1290.0,CE,27.1,26.95,27.25,5.420000000000001,2.0,30.281544389871584,bd3813497287,"{""contract_quality_min"": 0.0, ""direction_min"": 12.958963282936804, ""excellent_score_min"": 30.281544389871584, ""execution_quality_min"": 86.84238270954127, ""expected_required_ratio_min"": 1.1666666666666667, ""final_confidence_min"": 75.6691456133763, ""iv_crush_max"": 24.0, ""market_hostility_max"": 26.192401488898476, ""min_top_book_lots"": 0.0, ""premium_elasticity_min"": 0.7, ""regime_confidence_min"": 60.0, ""spread_pct_max"": 1.1070110701107037, ""trade_quality_min"": 31.698113207547433}",HCLTECH,NSE_STOCK_OPTION,FYERS_PAPER_PROXY_RESEARCH,PAPER_OVERRIDE::FYERS_PAPER_PROXY_RESEARCH,paper-strategy-8ade763620b6,opportunity-score-8ade763620b6,universe-a8e55c76a270
202608181140_5_GRASIM_CE,2026-08-18T06:10:12.503004+00:00,GRASIM,2026-08-25,3280.0,CE,45.5,45.25,45.75,9.1,2.0,29.679040817345225,3f3175605513,"{""contract_quality_min"": 0.0, ""direction_min"": 10.471522936897342, ""excellent_score_min"": 29.679040817345225, ""execution_quality_min"": 87.18995290423861, ""expected_required_ratio_min"": 1.1666666666666665, ""final_confidence_min"": 76.98068944727005, ""iv_crush_max"": 24.0, ""market_hostility_max"": 34.334245326037504, ""min_top_book_lots"": 0.0, ""premium_elasticity_min"": 0.5, ""regime_confidence_min"": 60.0, ""spread_pct_max"": 1.098901098901099, ""trade_quality_min"": 36.9892473118288}",GRASIM,NSE_STOCK_OPTION,FYERS_PAPER_PROXY_RESEARCH,PAPER_OVERRIDE::FYERS_PAPER_PROXY_RESEARCH,paper-strategy-8ade763620b6,opportunity-score-8ade763620b6,universe-a8e55c76a270
202608181141_1_BANKNIFTY_PE,2026-08-18T06:11:25.069660+00:00,BANKNIFTY,2026-08-25,57300.0,PE,364.725,364.45,365.0,25.0,2.0,54.757781060004596,2e840ccd58d1,"{""contract_quality_min"": 0.0, ""direction_min"": 0.0, ""excellent_score_min"": 54.757781060004596, ""execution_quality_min"": 100.0, ""expected_required_ratio_min"": 1.4166666666666667, ""final_confidence_min"": 81.28292478216039, ""iv_crush_max"": 24.0, ""market_hostility_max"": 21.937296904376584, ""min_top_book_lots"": 0.0, ""premium_elasticity_min"": 0.5, ""regime_confidence_min"": 60.0, ""spread_pct_max"": 0.1507985468503698, ""trade_quality_min"": 35.783251231530805}",BANKNIFTY,NSE_INDEX,FYERS_PAPER_PROXY_RESEARCH,PAPER_OVERRIDE::FYERS_PAPER_PROXY_RESEARCH,paper-strategy-8ade763620b6,opportunity-score-8ade763620b6,universe-a8e55c76a270
202608181141_2_BANKNIFTY_PE,2026-08-18T06:11:25.070264+00:00,BANKNIFTY,2026-08-25,57400.0,PE,412.65,412.3,413.0,25.0,2.0,54.4577810600046,2e840ccd58d1,"{""contract_quality_min"": 0.0, ""direction_min"": 0.0, ""excellent_score_min"": 54.4577810600046, ""execution_quality_min"": 100.0, ""expected_required_ratio_min"": 1.4166666666666667, ""final_confidence_min"": 81.28292478216039, ""iv_crush_max"": 24.0, ""market_hostility_max"": 21.937296904376584, ""min_top_book_lots"": 0.0, ""premium_elasticity_min"": 0.7, ""regime_confidence_min"": 60.0, ""spread_pct_max"": 0.16963528413909817, ""trade_quality_min"": 35.783251231530805}",BANKNIFTY,NSE_INDEX,FYERS_PAPER_PROXY_RESEARCH,PAPER_OVERRIDE::FYERS_PAPER_PROXY_RESEARCH,paper-strategy-8ade763620b6,opportunity-score-8ade763620b6,universe-a8e55c76a270
202608181141_3_MIDCPNIFTY_PE,2026-08-18T06:11:25.070679+00:00,MIDCPNIFTY,2026-08-25,14875.0,PE,98.8,98.55,99.05,19.76,2.0,52.94671242378045,712afad509f5,"{""contract_quality_min"": 0.0, ""direction_min"": 2.771862900431394, ""excellent_score_min"": 52.94671242378045, ""execution_quality_min"": 100.0, ""expected_required_ratio_min"": 1.0833333333333335, ""final_confidence_min"": 80.77599448883052, ""iv_crush_max"": 24.0, ""market_hostility_max"": 20.39271601988864, ""min_top_book_lots"": 0.0, ""premium_elasticity_min"": 0.7, ""regime_confidence_min"": 60.0, ""spread_pct_max"": 0.5060728744939271, ""trade_quality_min"": 29.534050179219395}",MIDCPNIFTY,NSE_INDEX,FYERS_PAPER_PROXY_RESEARCH,PAPER_OVERRIDE::FYERS_PAPER_PROXY_RESEARCH,paper-strategy-8ade763620b6,opportunity-score-8ade763620b6,universe-a8e55c76a270
202608181141_4_MIDCPNIFTY_PE,2026-08-18T06:11:25.071110+00:00,MIDCPNIFTY,2026-08-25,14850.0,PE,87.225,86.85,87.6,17.445,2.0,52.86199310182983,712afad509f5,"{""contract_quality_min"": 0.0, ""direction_min"": 2.771862900431394, ""excellent_score_min"": 52.86199310182983, ""execution_quality_min"": 97.4352045203292, ""expected_required_ratio_min"": 1.0833333333333335, ""final_confidence_min"": 80.77599448883052, ""iv_crush_max"": 24.0, ""market_hostility_max"": 20.39271601988864, ""min_top_book_lots"": 0.0, ""premium_elasticity_min"": 0.5, ""regime_confidence_min"": 60.0, ""spread_pct_max"": 0.8598452278589854, ""trade_quality_min"": 29.534050179219395}",MIDCPNIFTY,NSE_INDEX,FYERS_PAPER_PROXY_RESEARCH,PAPER_OVERRIDE::FYERS_PAPER_PROXY_RESEARCH,paper-strategy-8ade763620b6,opportunity-score-8ade763620b6,universe-a8e55c76a270
202608181141_5_MIDCPNIFTY_CE,2026-08-18T06:11:25.071665+00:00,MIDCPNIFTY,2026-08-25,14875.0,CE,101.35,101.05,101.65,20.27,2.0,49.5477771017028,712afad509f5,"{""contract_quality_min"": 0.0, ""direction_min"": 0.0, ""excellent_score_min"": 49.5477771017028, ""execution_quality_min"": 100.0, ""expected_required_ratio_min"": 1.0833333333333335, ""final_confidence_min"": 79.9444356187011, ""iv_crush_max"": 24.0, ""market_hostility_max"": 20.39271601988864, ""min_top_book_lots"": 0.0, ""premium_elasticity_min"": 0.3, ""regime_confidence_min"": 60.0, ""spread_pct_max"": 0.5920078934385876, ""trade_quality_min"": 29.534050179219395}",MIDCPNIFTY,NSE_INDEX,FYERS_PAPER_PROXY_RESEARCH,PAPER_OVERRIDE::FYERS_PAPER_PROXY_RESEARCH,paper-strategy-8ade763620b6,opportunity-score-8ade763620b6,universe-a8e55c76a270
202608181143_1_MIDCPNIFTY_PE,2026-08-18T06:13:51.496686+00:00,MIDCPNIFTY,2026-08-25,14850.0,PE,89.375,89.1,89.65,17.875,2.0,57.47938443274033,712afad509f5,"{""contract_quality_min"": 0.0, ""direction_min"": 4.440318088241231, ""excellent_score_min"": 57.47938443274033, ""execution_quality_min"": 100.0, ""expected_required_ratio_min"": 1.0833333333333333, ""final_confidence_min"": 85.23535464393113, ""iv_crush_max"": 24.0, ""market_hostility_max"": 20.277151415205726, ""min_top_book_lots"": 0.0, ""premium_elasticity_min"": 0.5, ""regime_confidence_min"": 60.0, ""spread_pct_max"": 0.6153846153846282, ""trade_quality_min"": 43.56435643564984}",MIDCPNIFTY,NSE_INDEX,FYERS_PAPER_PROXY_RESEARCH,PAPER_OVERRIDE::FYERS_PAPER_PROXY_RESEARCH,paper-strategy-8ade763620b6,opportunity-score-8ade763620b6,universe-a8e55c76a270
202608181143_2_MIDCPNIFTY_PE,2026-08-18T06:13:51.497448+00:00,MIDCPNIFTY,2026-08-25,14875.0,PE,100.07499999999999,99.8,100.35,20.015,2.0,57.17938443274032,712afad509f5,"{""contract_quality_min"": 0.0, ""direction_min"": 4.440318088241231, ""excellent_score_min"": 57.17938443274032, ""execution_quality_min"": 100.0, ""expected_required_ratio_min"": 1.0833333333333333, ""final_confidence_min"": 85.23535464393113, ""iv_crush_max"": 24.0, ""market_hostility_max"": 20.277151415205726, ""min_top_book_lots"": 0.0, ""premium_elasticity_min"": 0.7, ""regime_confidence_min"": 60.0, ""spread_pct_max"": 0.5495878091431399, ""trade_quality_min"": 43.56435643564984}",MIDCPNIFTY,NSE_INDEX,FYERS_PAPER_PROXY_RESEARCH,PAPER_OVERRIDE::FYERS_PAPER_PROXY_RESEARCH,paper-strategy-8ade763620b6,opportunity-score-8ade763620b6,universe-a8e55c76a270
202608181143_3_SBILIFE_PE,2026-08-18T06:13:51.497987+00:00,SBILIFE,2026-08-25,1800.0,PE,25.9,25.75,26.05,5.18,2.0,33.806234822884846,e7a0ecf82f7b,"{""contract_quality_min"": 0.0, ""direction_min"": 0.0, ""excellent_score_min"": 33.806234822884846, ""execution_quality_min"": 84.64423607280739, ""expected_required_ratio_min"": 1.1666666666666665, ""final_confidence_min"": 78.13536492588351, ""iv_crush_max"": 24.0, ""market_hostility_max"": 26.341802376555165, ""min_top_book_lots"": 0.0, ""premium_elasticity_min"": 0.7, ""regime_confidence_min"": 60.0, ""spread_pct_max"": 1.158301158301161, ""trade_quality_min"": 54.054054054056714}",SBILIFE,NSE_STOCK_OPTION,FYERS_PAPER_PROXY_RESEARCH,PAPER_OVERRIDE::FYERS_PAPER_PROXY_RESEARCH,paper-strategy-8ade763620b6,opportunity-score-8ade763620b6,universe-a8e55c76a270
202608181143_4_SBILIFE_CE,2026-08-18T06:13:51.498497+00:00,SBILIFE,2026-08-25,1780.0,CE,25.85,25.65,26.05,5.170000000000001,2.0,32.96259692804191,e7a0ecf82f7b,"{""contract_quality_min"": 0.0, ""direction_min"": 11.208249271463798, ""excellent_score_min"": 32.96259692804191, ""execution_quality_min"": 66.68278529980601, ""expected_required_ratio_min"": 1.1666666666666665, ""final_confidence_min"": 76.82878822976048, ""iv_crush_max"": 24.0, ""market_hostility_max"": 26.341802376555165, ""min_top_book_lots"": 0.0, ""premium_elasticity_min"": 0.5, ""regime_confidence_min"": 60.0, ""spread_pct_max"": 1.5473887814313427, ""trade_quality_min"": 54.054054054056714}",SBILIFE,NSE_STOCK_OPTION,FYERS_PAPER_PROXY_RESEARCH,PAPER_OVERRIDE::FYERS_PAPER_PROXY_RESEARCH,paper-strategy-8ade763620b6,opportunity-score-8ade763620b6,universe-a8e55c76a270
202608181143_5_SBILIFE_PE,2026-08-18T06:13:51.499061+00:00,SBILIFE,2026-08-25,1780.0,PE,15.975000000000001,15.85,16.1,3.1950000000000003,2.0,30.739701646995428,e7a0ecf82f7b,"{""contract_quality_min"": 0.0, ""direction_min"": 0.0, ""excellent_score_min"": 30.739701646995428, ""execution_quality_min"": 65.45383411580518, ""expected_required_ratio_min"": 1.1666666666666665, ""final_confidence_min"": 73.25563610249262, ""iv_crush_max"": 24.0, ""market_hostility_max"": 26.341802376555165, ""min_top_book_lots"": 0.0, ""premium_elasticity_min"": 0.5, ""regime_confidence_min"": 60.0, ""spread_pct_max"": 1.564945226917069, ""trade_quality_min"": 54.054054054056714}",SBILIFE,NSE_STOCK_OPTION,FYERS_PAPER_PROXY_RESEARCH,PAPER_OVERRIDE::FYERS_PAPER_PROXY_RESEARCH,paper-strategy-8ade763620b6,opportunity-score-8ade763620b6,universe-a8e55c76a270
202608181147_1_MIDCPNIFTY_PE,2026-08-18T06:17:15.150602+00:00,MIDCPNIFTY,2026-08-25,14850.0,PE,87.15,86.85,87.45,17.430000000000003,2.0,54.90217902475067,712afad509f5,"{""contract_quality_min"": 0.0, ""direction_min"": 3.4443554951595434, ""excellent_score_min"": 54.90217902475067, ""execution_quality_min"": 100.0, ""expected_required_ratio_min"": 1.0833333333333335, ""final_confidence_min"": 82.46563291610826, ""iv_crush_max"": 24.0, ""market_hostility_max"": 20.14608233731743, ""min_top_book_lots"": 0.0, ""premium_elasticity_min"": 0.5, ""regime_confidence_min"": 60.0, ""spread_pct_max"": 0.6884681583476862, ""trade_quality_min"": 34.829931972781104}",MIDCPNIFTY,NSE_INDEX,FYERS_PAPER_PROXY_RESEARCH,PAPER_OVERRIDE::FYERS_PAPER_PROXY_RESEARCH,paper-strategy-8ade763620b6,opportunity-score-8ade763620b6,universe-a8e55c76a270
202608181147_2_BHARTIARTL_CE,2026-08-18T06:17:15.151649+00:00,BHARTIARTL,2026-08-25,1920.0,CE,35.95,35.75,36.15,7.190000000000001,2.0,34.16817049477412,d009a6fae530,"{""contract_quality_min"": 0.0, ""direction_min"": 0.0, ""excellent_score_min"": 34.16817049477412, ""execution_quality_min"": 86.6004371150409, ""expected_required_ratio_min"": 1.1666666666666665, ""final_confidence_min"": 78.70254967272285, ""iv_crush_max"": 24.0, ""market_hostility_max"": 24.654393262466385, ""min_top_book_lots"": 0.0, ""premium_elasticity_min"": 0.7, ""regime_confidence_min"": 60.0, ""spread_pct_max"": 1.1126564673157122, ""trade_quality_min"": 52.413793103449144}",BHARTIARTL,NSE_STOCK_OPTION,FYERS_PAPER_PROXY_RESEARCH,PAPER_OVERRIDE::FYERS_PAPER_PROXY_RESEARCH,paper-strategy-8ade763620b6,opportunity-score-8ade763620b6,universe-a8e55c76a270
202608181147_3_BHARTIARTL_CE,2026-08-18T06:17:15.152212+00:00,BHARTIARTL,2026-08-25,1940.0,CE,22.9,22.75,23.05,4.58,2.0,32.962388134335484,d009a6fae530,"{""contract_quality_min"": 0.0, ""direction_min"": 0.0, ""excellent_score_min"": 32.962388134335484, ""execution_quality_min"": 78.14098565190254, ""expected_required_ratio_min"": 1.1666666666666665, ""final_confidence_min"": 76.3339032630441, ""iv_crush_max"": 24.0, ""market_hostility_max"": 24.654393262466385, ""min_top_book_lots"": 0.0, ""premium_elasticity_min"": 0.5, ""regime_confidence_min"": 60.0, ""spread_pct_max"": 1.310043668122274, ""trade_quality_min"": 52.413793103449144}",BHARTIARTL,NSE_STOCK_OPTION,FYERS_PAPER_PROXY_RESEARCH,PAPER_OVERRIDE::FYERS_PAPER_PROXY_RESEARCH,paper-strategy-8ade763620b6,opportunity-score-8ade763620b6,universe-a8e55c76a270
202608181147_4_CIPLA_PE,2026-08-18T06:17:15.152713+00:00,CIPLA,2026-08-25,1450.0,PE,22.625,22.45,22.8,4.525,2.0,29.778722938811093,fcbb76385597,"{""contract_quality_min"": 0.0, ""direction_min"": 4.456514170322148, ""excellent_score_min"": 29.778722938811093, ""execution_quality_min"": 66.71270718232, ""expected_required_ratio_min"": 1.1666666666666667, ""final_confidence_min"": 73.31922692822785, ""iv_crush_max"": 24.0, ""market_hostility_max"": 24.100617541904796, ""min_top_book_lots"": 0.0, ""premium_elasticity_min"": 0.7, ""regime_confidence_min"": 60.0, ""spread_pct_max"": 1.546961325966857, ""trade_quality_min"": 45.71428571427272}",CIPLA,NSE_STOCK_OPTION,FYERS_PAPER_PROXY_RESEARCH,PAPER_OVERRIDE::FYERS_PAPER_PROXY_RESEARCH,paper-strategy-8ade763620b6,opportunity-score-8ade763620b6,universe-a8e55c76a270
202608181147_5_DRREDDY_CE,2026-08-18T06:17:15.153262+00:00,DRREDDY,2026-08-25,1180.0,CE,15.525,15.4,15.65,3.1050000000000004,2.0,25.208477782054636,97ea730b14bf,"{""contract_quality_min"": 0.0, ""direction_min"": 4.719366256531573, ""excellent_score_min"": 25.208477782054636, ""execution_quality_min"": 62.278582930756855, ""expected_required_ratio_min"": 1.1666666666666665, ""final_confidence_min"": 67.72633870405431, ""iv_crush_max"": 24.0, ""market_hostility_max"": 21.401078076306618, ""min_top_book_lots"": 0.0, ""premium_elasticity_min"": 0.7, ""regime_confidence_min"": 60.0, ""spread_pct_max"": 1.610305958132045, ""trade_quality_min"": 29.47368421053035}",DRREDDY,NSE_STOCK_OPTION,FYERS_PAPER_PROXY_RESEARCH,PAPER_OVERRIDE::FYERS_PAPER_PROXY_RESEARCH,paper-strategy-8ade763620b6,opportunity-score-8ade763620b6,universe-a8e55c76a270
202608181148_1_MIDCPNIFTY_PE,2026-08-18T06:18:19.156533+00:00,MIDCPNIFTY,2026-08-25,14850.0,PE,88.0,87.65,88.35,17.6,2.0,56.23975092803471,712afad509f5,"{""contract_quality_min"": 0.0, ""direction_min"": 4.305502297389116, ""excellent_score_min"": 56.23975092803471, ""execution_quality_min"": 100.0, ""expected_required_ratio_min"": 1.0833333333333335, ""final_confidence_min"": 83.85314241777806, ""iv_crush_max"": 24.0, ""market_hostility_max"": 20.061944877304857, ""min_top_book_lots"": 0.0, ""premium_elasticity_min"": 0.5, ""regime_confidence_min"": 60.0, ""spread_pct_max"": 0.7954545454545325, ""trade_quality_min"": 39.02439024389898}",MIDCPNIFTY,NSE_INDEX,FYERS_PAPER_PROXY_RESEARCH,PAPER_OVERRIDE::FYERS_PAPER_PROXY_RESEARCH,paper-strategy-8ade763620b6,opportunity-score-8ade763620b6,universe-a8e55c76a270
202608181148_2_MIDCPNIFTY_CE,2026-08-18T06:18:19.157633+00:00,MIDCPNIFTY,2026-08-25,14875.0,CE,101.05,100.8,101.3,20.21,2.0,52.264760514504665,712afad509f5,"{""contract_quality_min"": 0.0, ""direction_min"": 0.0, ""excellent_score_min"": 52.264760514504665, ""execution_quality_min"": 100.0, ""expected_required_ratio_min"": 1.0833333333333335, ""final_confidence_min"": 82.56149172856132, ""iv_crush_max"": 24.0, ""market_hostility_max"": 20.061944877304857, ""min_top_book_lots"": 0.0, ""premium_elasticity_min"": 0.3, ""regime_confidence_min"": 60.0, ""spread_pct_max"": 0.4948045522018803, ""trade_quality_min"": 39.02439024389898}",MIDCPNIFTY,NSE_INDEX,FYERS_PAPER_PROXY_RESEARCH,PAPER_OVERRIDE::FYERS_PAPER_PROXY_RESEARCH,paper-strategy-8ade763620b6,opportunity-score-8ade763620b6,universe-a8e55c76a270
202608181148_3_GRASIM_CE,2026-08-18T06:18:19.158130+00:00,GRASIM,2026-08-25,3280.0,CE,42.25,42.0,42.5,8.450000000000001,2.0,31.30521719741187,3f3175605513,"{""contract_quality_min"": 0.0, ""direction_min"": 0.0, ""excellent_score_min"": 31.30521719741187, ""execution_quality_min"": 83.5672020287405, ""expected_required_ratio_min"": 1.1666666666666665, ""final_confidence_min"": 76.31797910051125, ""iv_crush_max"": 24.0, ""market_hostility_max"": 35.0, ""min_top_book_lots"": 0.0, ""premium_elasticity_min"": 0.5, ""regime_confidence_min"": 60.0, ""spread_pct_max"": 1.183431952662722, ""trade_quality_min"": 52.88135593219869}",GRASIM,NSE_STOCK_OPTION,FYERS_PAPER_PROXY_RESEARCH,PAPER_OVERRIDE::FYERS_PAPER_PROXY_RESEARCH,paper-strategy-8ade763620b6,opportunity-score-8ade763620b6,universe-a8e55c76a270
202608181148_4_HINDUNILVR_CE,2026-08-18T06:18:19.158583+00:00,HINDUNILVR,2026-08-25,2020.0,CE,32.3,32.15,32.45,6.46,2.0,30.933334243730755,7c6072ee0b40,"{""contract_quality_min"": 0.0, ""direction_min"": 0.0, ""excellent_score_min"": 30.933334243730755, ""execution_quality_min"": 94.48031844316617, ""expected_required_ratio_min"": 1.1666666666666667, ""final_confidence_min"": 75.23210106062812, ""iv_crush_max"": 24.0, ""market_hostility_max"": 24.883330878863536, ""min_top_book_lots"": 0.0, ""premium_elasticity_min"": 0.7, ""regime_confidence_min"": 60.0, ""spread_pct_max"": 0.928792569659456, ""trade_quality_min"": 36.363636363635614}",HINDUNILVR,NSE_STOCK_OPTION,FYERS_PAPER_PROXY_RESEARCH,PAPER_OVERRIDE::FYERS_PAPER_PROXY_RESEARCH,paper-strategy-8ade763620b6,opportunity-score-8ade763620b6,universe-a8e55c76a270
202608181148_5_HINDUNILVR_PE,2026-08-18T06:18:19.159027+00:00,HINDUNILVR,2026-08-25,2060.0,PE,32.725,32.5,32.95,6.545000000000001,2.0,29.026517250774795,7c6072ee0b40,"{""contract_quality_min"": 0.0, ""direction_min"": 7.8465989897503805, ""excellent_score_min"": 29.026517250774795, ""execution_quality_min"": 75.35305031103313, ""expected_required_ratio_min"": 1.1666666666666667, ""final_confidence_min"": 73.08493484464252, ""iv_crush_max"": 24.0, ""market_hostility_max"": 24.883330878863536, ""min_top_book_lots"": 0.0, ""premium_elasticity_min"": 0.7, ""regime_confidence_min"": 60.0, ""spread_pct_max"": 1.3750954927425603, ""trade_quality_min"": 36.363636363635614}",HINDUNILVR,NSE_STOCK_OPTION,FYERS_PAPER_PROXY_RESEARCH,PAPER_OVERRIDE::FYERS_PAPER_PROXY_RESEARCH,paper-strategy-8ade763620b6,opportunity-score-8ade763620b6,universe-a8e55c76a270
202608181150_1_MIDCPNIFTY_PE,2026-08-18T06:20:32.318010+00:00,MIDCPNIFTY,2026-08-25,14850.0,PE,87.575,87.2,87.95,17.515,2.0,47.887747783303375,712afad509f5,"{""contract_quality_min"": 0.0, ""direction_min"": 0.0, ""excellent_score_min"": 47.887747783303375, ""execution_quality_min"": 97.58248032298846, ""expected_required_ratio_min"": 1.0833333333333333, ""final_confidence_min"": 75.26561781366732, ""iv_crush_max"": 24.0, ""market_hostility_max"": 19.692987326466195, ""min_top_book_lots"": 0.0, ""premium_elasticity_min"": 0.5, ""regime_confidence_min"": 60.0, ""spread_pct_max"": 0.8564087924636026, ""trade_quality_min"": 13.02325581395349}",MIDCPNIFTY,NSE_INDEX,FYERS_PAPER_PROXY_RESEARCH,PAPER_OVERRIDE::FYERS_PAPER_PROXY_RESEARCH,paper-strategy-8ade763620b6,opportunity-score-8ade763620b6,universe-a8e55c76a270
202608181150_2_M&M_CE,2026-08-18T06:20:32.318989+00:00,M&M,2026-08-25,3400.0,CE,57.75,57.5,58.0,11.55,2.0,35.7294687761004,0fdd6afea273,"{""contract_quality_min"": 0.0, ""direction_min"": 8.17685366352247, ""excellent_score_min"": 35.7294687761004, ""execution_quality_min"": 97.1799628942486, ""expected_required_ratio_min"": 1.1666666666666665, ""final_confidence_min"": 80.49701985280623, ""iv_crush_max"": 24.0, ""market_hostility_max"": 23.86866211564311, ""min_top_book_lots"": 0.0, ""premium_elasticity_min"": 0.7, ""regime_confidence_min"": 60.0, ""spread_pct_max"": 0.8658008658008658, ""trade_quality_min"": 45.901639344259564}",M&M,NSE_STOCK_OPTION,FYERS_PAPER_PROXY_RESEARCH,PAPER_OVERRIDE::FYERS_PAPER_PROXY_RESEARCH,paper-strategy-8ade763620b6,opportunity-score-8ade763620b6,universe-a8e55c76a270
202608181150_3_M&M_CE,2026-08-18T06:20:32.320525+00:00,M&M,2026-08-25,3450.0,CE,33.275000000000006,33.1,33.45,6.655000000000001,2.0,34.77128941119137,0fdd6afea273,"{""contract_quality_min"": 0.0, ""direction_min"": 8.17685366352247, ""excellent_score_min"": 34.77128941119137, ""execution_quality_min"": 89.20682623161944, ""expected_required_ratio_min"": 1.1666666666666665, ""final_confidence_min"": 79.87493119765968, ""iv_crush_max"": 24.0, ""market_hostility_max"": 23.86866211564311, ""min_top_book_lots"": 0.0, ""premium_elasticity_min"": 0.5, ""regime_confidence_min"": 60.0, ""spread_pct_max"": 1.051840721262213, ""trade_quality_min"": 45.901639344259564}",M&M,NSE_STOCK_OPTION,FYERS_PAPER_PROXY_RESEARCH,PAPER_OVERRIDE::FYERS_PAPER_PROXY_RESEARCH,paper-strategy-8ade763620b6,opportunity-score-8ade763620b6,universe-a8e55c76a270
202608181150_4_NESTLEIND_PE,2026-08-18T06:20:32.321555+00:00,NESTLEIND,2026-08-25,1470.0,PE,18.275,18.1,18.45,3.655,2.0,27.938844461380604,d4955abe6c09,"{""contract_quality_min"": 0.0, ""direction_min"": 11.416145691763573, ""excellent_score_min"": 27.938844461380604, ""execution_quality_min"": 40.93707250342077, ""expected_required_ratio_min"": 1.1666666666666667, ""final_confidence_min"": 72.48827022762262, ""iv_crush_max"": 24.0, ""market_hostility_max"": 29.517409549733262, ""min_top_book_lots"": 0.0, ""premium_elasticity_min"": 0.5, ""regime_confidence_min"": 60.0, ""spread_pct_max"": 1.9151846785225604, ""trade_quality_min"": 54.19354838709602}",NESTLEIND,NSE_STOCK_OPTION,FYERS_PAPER_PROXY_RESEARCH,PAPER_OVERRIDE::FYERS_PAPER_PROXY_RESEARCH,paper-strategy-8ade763620b6,opportunity-score-8ade763620b6,universe-a8e55c76a270
202608181150_5_NESTLEIND_CE,2026-08-18T06:20:32.322678+00:00,NESTLEIND,2026-08-25,1470.0,CE,17.325,17.15,17.5,3.465,2.0,24.65119493517298,d4955abe6c09,"{""contract_quality_min"": 0.0, ""direction_min"": 0.0, ""excellent_score_min"": 24.65119493517298, ""execution_quality_min"": 33.58585858585802, ""expected_required_ratio_min"": 1.1666666666666667, ""final_confidence_min"": 67.76281437953587, ""iv_crush_max"": 24.0, ""market_hostility_max"": 29.517409549733262, ""min_top_book_lots"": 0.0, ""premium_elasticity_min"": 0.5, ""regime_confidence_min"": 60.0, ""spread_pct_max"": 2.0202020202020283, ""trade_quality_min"": 54.19354838709602}",NESTLEIND,NSE_STOCK_OPTION,FYERS_PAPER_PROXY_RESEARCH,PAPER_OVERRIDE::FYERS_PAPER_PROXY_RESEARCH,paper-strategy-8ade763620b6,opportunity-score-8ade763620b6,universe-a8e55c76a270
202608181151_1_NIFTY_CE,2026-08-18T06:21:39.182722+00:00,NIFTY,2026-08-18,24150.0,CE,79.325,79.2,79.45,15.865000000000002,2.0,60.23457810635786,00929e22c867,"{""contract_quality_min"": 0.0, ""direction_min"": 4.611856106783719, ""excellent_score_min"": 60.23457810635786, ""execution_quality_min"": 100.0, ""expected_required_ratio_min"": 2.001903296243296, ""final_confidence_min"": 89.43547589501047, ""iv_crush_max"": 29.5, ""market_hostility_max"": 18.956437884338527, ""min_top_book_lots"": 0.0, ""premium_elasticity_min"": 0.7, ""regime_confidence_min"": 60.0, ""spread_pct_max"": 0.31515915537346356, ""trade_quality_min"": 62.521008403356966}",NIFTY,NSE_INDEX,FYERS_PAPER_PROXY_RESEARCH,PAPER_OVERRIDE::FYERS_PAPER_PROXY_RESEARCH,paper-strategy-8ade763620b6,opportunity-score-8ade763620b6,universe-a8e55c76a270
202608181151_2_BANKNIFTY_CE,2026-08-18T06:21:39.183360+00:00,BANKNIFTY,2026-08-25,57200.0,CE,523.575,523.4,523.75,25.0,2.0,59.246654910603645,2e840ccd58d1,"{""contract_quality_min"": 0.0, ""direction_min"": 6.075997105171494, ""excellent_score_min"": 59.246654910603645, ""execution_quality_min"": 100.0, ""expected_required_ratio_min"": 1.4166666666666667, ""final_confidence_min"": 86.91139956577572, ""iv_crush_max"": 24.0, ""market_hostility_max"": 21.228871780331946, ""min_top_book_lots"": 0.0, ""premium_elasticity_min"": 0.7, ""regime_confidence_min"": 60.0, ""spread_pct_max"": 0.06684811154085331, ""trade_quality_min"": 48.333333333333336}",BANKNIFTY,NSE_INDEX,FYERS_PAPER_PROXY_RESEARCH,PAPER_OVERRIDE::FYERS_PAPER_PROXY_RESEARCH,paper-strategy-8ade763620b6,opportunity-score-8ade763620b6,universe-a8e55c76a270
202608181151_3_BANKNIFTY_CE,2026-08-18T06:21:39.187319+00:00,BANKNIFTY,2026-08-25,57400.0,CE,412.42499999999995,412.15,412.7,25.0,2.0,56.34665491060364,2e840ccd58d1,"{""contract_quality_min"": 0.0, ""direction_min"": 6.075997105171494, ""excellent_score_min"": 56.34665491060364, ""execution_quality_min"": 100.0, ""expected_required_ratio_min"": 1.4166666666666667, ""final_confidence_min"": 86.91139956577572, ""iv_crush_max"": 24.0, ""market_hostility_max"": 21.228871780331946, ""min_top_book_lots"": 0.0, ""premium_elasticity_min"": 0.3, ""regime_confidence_min"": 60.0, ""spread_pct_max"": 0.1333575801660936, ""trade_quality_min"": 48.333333333333336}",BANKNIFTY,NSE_INDEX,FYERS_PAPER_PROXY_RESEARCH,PAPER_OVERRIDE::FYERS_PAPER_PROXY_RESEARCH,paper-strategy-8ade763620b6,opportunity-score-8ade763620b6,universe-a8e55c76a270
202608181151_4_MIDCPNIFTY_CE,2026-08-18T06:21:39.191234+00:00,MIDCPNIFTY,2026-08-25,14875.0,CE,103.775,103.4,104.15,20.755000000000003,2.0,55.885249043189674,712afad509f5,"{""contract_quality_min"": 0.0, ""direction_min"": 3.9850828654897943, ""excellent_score_min"": 55.885249043189674, ""execution_quality_min"": 100.0, ""expected_required_ratio_min"": 1.0833333333333335, ""final_confidence_min"": 83.48237781443804, ""iv_crush_max"": 24.0, ""market_hostility_max"": 20.063722621025626, ""min_top_book_lots"": 0.0, ""premium_elasticity_min"": 0.5, ""regime_confidence_min"": 60.0, ""spread_pct_max"": 0.7227174174897615, ""trade_quality_min"": 37.9487179487152}",MIDCPNIFTY,NSE_INDEX,FYERS_PAPER_PROXY_RESEARCH,PAPER_OVERRIDE::FYERS_PAPER_PROXY_RESEARCH,paper-strategy-8ade763620b6,opportunity-score-8ade763620b6,universe-a8e55c76a270
202608181151_5_MIDCPNIFTY_PE,2026-08-18T06:21:39.191827+00:00,MIDCPNIFTY,2026-08-25,14900.0,PE,106.75,106.5,107.0,21.35,2.0,54.867934127401504,712afad509f5,"{""contract_quality_min"": 0.0, ""direction_min"": 0.0, ""excellent_score_min"": 54.867934127401504, ""execution_quality_min"": 100.0, ""expected_required_ratio_min"": 1.0833333333333335, ""final_confidence_min"": 82.28685295479109, ""iv_crush_max"": 24.0, ""market_hostility_max"": 20.063722621025626, ""min_top_book_lots"": 0.0, ""premium_elasticity_min"": 0.7, ""regime_confidence_min"": 60.0, ""spread_pct_max"": 0.468384074941452, ""trade_quality_min"": 37.9487179487152}",MIDCPNIFTY,NSE_INDEX,FYERS_PAPER_PROXY_RESEARCH,PAPER_OVERRIDE::FYERS_PAPER_PROXY_RESEARCH,paper-strategy-8ade763620b6,opportunity-score-8ade763620b6,universe-a8e55c76a270
202608181154_1_MIDCPNIFTY_CE,2026-08-18T06:24:59.946303+00:00,MIDCPNIFTY,2026-08-25,14850.0,CE,119.25,118.9,119.6,23.85,2.0,57.58095150083365,712afad509f5,"{""contract_quality_min"": 0.0, ""direction_min"": 5.814716482096137, ""excellent_score_min"": 57.58095150083365, ""execution_quality_min"": 100.0, ""expected_required_ratio_min"": 1.0833333333333335, ""final_confidence_min"": 85.73303221458306, ""iv_crush_max"": 24.0, ""market_hostility_max"": 20.666319245985115, ""min_top_book_lots"": 0.0, ""premium_elasticity_min"": 0.7, ""regime_confidence_min"": 60.0, ""spread_pct_max"": 0.5870020964360492, ""trade_quality_min"": 44.53608247422881}",MIDCPNIFTY,NSE_INDEX,FYERS_PAPER_PROXY_RESEARCH,PAPER_OVERRIDE::FYERS_PAPER_PROXY_RESEARCH,paper-strategy-8ade763620b6,opportunity-score-8ade763620b6,universe-a8e55c76a270
202608181154_2_MIDCPNIFTY_PE,2026-08-18T06:24:59.949495+00:00,MIDCPNIFTY,2026-08-25,14875.0,PE,91.19999999999999,90.85,91.55,18.24,2.0,56.83430253405635,712afad509f5,"{""contract_quality_min"": 0.0, ""direction_min"": 0.0, ""excellent_score_min"": 56.83430253405635, ""execution_quality_min"": 100.0, ""expected_required_ratio_min"": 1.0833333333333335, ""final_confidence_min"": 83.98861726995423, ""iv_crush_max"": 24.0, ""market_hostility_max"": 20.666319245985115, ""min_top_book_lots"": 0.0, ""premium_elasticity_min"": 0.5, ""regime_confidence_min"": 60.0, ""spread_pct_max"": 0.7675438596491261, ""trade_quality_min"": 44.53608247422881}",MIDCPNIFTY,NSE_INDEX,FYERS_PAPER_PROXY_RESEARCH,PAPER_OVERRIDE::FYERS_PAPER_PROXY_RESEARCH,paper-strategy-8ade763620b6,opportunity-score-8ade763620b6,universe-a8e55c76a270
202608181154_3_MIDCPNIFTY_PE,2026-08-18T06:24:59.950009+00:00,MIDCPNIFTY,2026-08-25,14900.0,PE,104.0,103.75,104.25,20.8,2.0,56.53430253405635,712afad509f5,"{""contract_quality_min"": 0.0, ""direction_min"": 0.0, ""excellent_score_min"": 56.53430253405635, ""execution_quality_min"": 100.0, ""expected_required_ratio_min"": 1.0833333333333335, ""final_confidence_min"": 83.98861726995423, ""iv_crush_max"": 24.0, ""market_hostility_max"": 20.666319245985115, ""min_top_book_lots"": 0.0, ""premium_elasticity_min"": 0.7, ""regime_confidence_min"": 60.0, ""spread_pct_max"": 0.4807692307692308, ""trade_quality_min"": 44.53608247422881}",MIDCPNIFTY,NSE_INDEX,FYERS_PAPER_PROXY_RESEARCH,PAPER_OVERRIDE::FYERS_PAPER_PROXY_RESEARCH,paper-strategy-8ade763620b6,opportunity-score-8ade763620b6,universe-a8e55c76a270
202608181154_4_MIDCPNIFTY_CE,2026-08-18T06:24:59.953895+00:00,MIDCPNIFTY,2026-08-25,14900.0,CE,92.15,91.9,92.4,18.430000000000003,2.0,54.68095150083366,712afad509f5,"{""contract_quality_min"": 0.0, ""direction_min"": 5.814716482096137, ""excellent_score_min"": 54.68095150083366, ""execution_quality_min"": 100.0, ""expected_required_ratio_min"": 1.0833333333333335, ""final_confidence_min"": 85.73303221458306, ""iv_crush_max"": 24.0, ""market_hostility_max"": 20.666319245985115, ""min_top_book_lots"": 0.0, ""premium_elasticity_min"": 0.3, ""regime_confidence_min"": 60.0, ""spread_pct_max"": 0.5425935973955507, ""trade_quality_min"": 44.53608247422881}",MIDCPNIFTY,NSE_INDEX,FYERS_PAPER_PROXY_RESEARCH,PAPER_OVERRIDE::FYERS_PAPER_PROXY_RESEARCH,paper-strategy-8ade763620b6,opportunity-score-8ade763620b6,universe-a8e55c76a270
202608181154_5_BAJAJFINSV_CE,2026-08-18T06:24:59.956682+00:00,BAJAJFINSV,2026-08-25,2000.0,CE,30.225,30.0,30.45,6.045000000000001,2.0,24.422547083835255,e97256bacfa6,"{""contract_quality_min"": 0.0, ""direction_min"": 5.989219405070872, ""excellent_score_min"": 24.422547083835255, ""execution_quality_min"": 70.47855370436025, ""expected_required_ratio_min"": 1.1666666666666667, ""final_confidence_min"": 67.87931672349157, ""iv_crush_max"": 24.0, ""market_hostility_max"": 26.503998138081194, ""min_top_book_lots"": 0.0, ""premium_elasticity_min"": 0.5, ""regime_confidence_min"": 60.0, ""spread_pct_max"": 1.4888337468982606, ""trade_quality_min"": 24.489795918366895}",BAJAJFINSV,NSE_STOCK_OPTION,FYERS_PAPER_PROXY_RESEARCH,PAPER_OVERRIDE::FYERS_PAPER_PROXY_RESEARCH,paper-strategy-8ade763620b6,opportunity-score-8ade763620b6,universe-a8e55c76a270
202608181156_1_MIDCPNIFTY_CE,2026-08-18T06:26:08.124940+00:00,MIDCPNIFTY,2026-08-25,14875.0,CE,104.575,104.2,104.95,20.915000000000003,2.0,58.99265546145008,712afad509f5,"{""contract_quality_min"": 0.0, ""direction_min"": 6.6492136026221935, ""excellent_score_min"": 58.99265546145008, ""execution_quality_min"": 100.0, ""expected_required_ratio_min"": 1.0833333333333335, ""final_confidence_min"": 86.92073970462913, ""iv_crush_max"": 24.0, ""market_hostility_max"": 20.737061078410612, ""min_top_book_lots"": 0.0, ""premium_elasticity_min"": 0.5, ""regime_confidence_min"": 60.0, ""spread_pct_max"": 0.7171886206072198, ""trade_quality_min"": 48.07785888078597}",MIDCPNIFTY,NSE_INDEX,FYERS_PAPER_PROXY_RESEARCH,PAPER_OVERRIDE::FYERS_PAPER_PROXY_RESEARCH,paper-strategy-8ade763620b6,opportunity-score-8ade763620b6,universe-a8e55c76a270
202608181156_2_MIDCPNIFTY_CE,2026-08-18T06:26:08.125724+00:00,MIDCPNIFTY,2026-08-25,14850.0,CE,119.375,119.0,119.75,23.875,2.0,58.69265546145008,712afad509f5,"{""contract_quality_min"": 0.0, ""direction_min"": 6.6492136026221935, ""excellent_score_min"": 58.69265546145008, ""execution_quality_min"": 100.0, ""expected_required_ratio_min"": 1.0833333333333335, ""final_confidence_min"": 86.92073970462913, ""iv_crush_max"": 24.0, ""market_hostility_max"": 20.737061078410612, ""min_top_book_lots"": 0.0, ""premium_elasticity_min"": 0.7, ""regime_confidence_min"": 60.0, ""spread_pct_max"": 0.6282722513089005, ""trade_quality_min"": 48.07785888078597}",MIDCPNIFTY,NSE_INDEX,FYERS_PAPER_PROXY_RESEARCH,PAPER_OVERRIDE::FYERS_PAPER_PROXY_RESEARCH,paper-strategy-8ade763620b6,opportunity-score-8ade763620b6,universe-a8e55c76a270
202608181156_3_MIDCPNIFTY_PE,2026-08-18T06:26:08.126180+00:00,MIDCPNIFTY,2026-08-25,14875.0,PE,92.825,92.5,93.15,18.565,2.0,57.795797012978085,712afad509f5,"{""contract_quality_min"": 0.0, ""direction_min"": 0.0, ""excellent_score_min"": 57.795797012978085, ""execution_quality_min"": 100.0, ""expected_required_ratio_min"": 1.0833333333333335, ""final_confidence_min"": 84.92597562384246, ""iv_crush_max"": 24.0, ""market_hostility_max"": 20.737061078410612, ""min_top_book_lots"": 0.0, ""premium_elasticity_min"": 0.5, ""regime_confidence_min"": 60.0, ""spread_pct_max"": 0.7002423915970974, ""trade_quality_min"": 48.07785888078597}",MIDCPNIFTY,NSE_INDEX,FYERS_PAPER_PROXY_RESEARCH,PAPER_OVERRIDE::FYERS_PAPER_PROXY_RESEARCH,paper-strategy-8ade763620b6,opportunity-score-8ade763620b6,universe-a8e55c76a270
202608181156_4_MIDCPNIFTY_PE,2026-08-18T06:26:08.126667+00:00,MIDCPNIFTY,2026-08-25,14900.0,PE,102.35,102.05,102.65,20.47,2.0,57.49579701297809,712afad509f5,"{""contract_quality_min"": 0.0, ""direction_min"": 0.0, ""excellent_score_min"": 57.49579701297809, ""execution_quality_min"": 100.0, ""expected_required_ratio_min"": 1.0833333333333335, ""final_confidence_min"": 84.92597562384246, ""iv_crush_max"": 24.0, ""market_hostility_max"": 20.737061078410612, ""min_top_book_lots"": 0.0, ""premium_elasticity_min"": 0.7, ""regime_confidence_min"": 60.0, ""spread_pct_max"": 0.5862237420615619, ""trade_quality_min"": 48.07785888078597}",MIDCPNIFTY,NSE_INDEX,FYERS_PAPER_PROXY_RESEARCH,PAPER_OVERRIDE::FYERS_PAPER_PROXY_RESEARCH,paper-strategy-8ade763620b6,opportunity-score-8ade763620b6,universe-a8e55c76a270
202608181156_5_MIDCPNIFTY_CE,2026-08-18T06:26:08.127228+00:00,MIDCPNIFTY,2026-08-25,14900.0,CE,93.17500000000001,92.95,93.4,18.635,2.0,55.79265546145008,712afad509f5,"{""contract_quality_min"": 0.0, ""direction_min"": 6.6492136026221935, ""excellent_score_min"": 55.79265546145008, ""execution_quality_min"": 100.0, ""expected_required_ratio_min"": 1.0833333333333335, ""final_confidence_min"": 86.92073970462913, ""iv_crush_max"": 24.0, ""market_hostility_max"": 20.737061078410612, ""min_top_book_lots"": 0.0, ""premium_elasticity_min"": 0.3, ""regime_confidence_min"": 60.0, ""spread_pct_max"": 0.48296216796351255, ""trade_quality_min"": 48.07785888078597}",MIDCPNIFTY,NSE_INDEX,FYERS_PAPER_PROXY_RESEARCH,PAPER_OVERRIDE::FYERS_PAPER_PROXY_RESEARCH,paper-strategy-8ade763620b6,opportunity-score-8ade763620b6,universe-a8e55c76a270
202608181158_1_MIDCPNIFTY_CE,2026-08-18T06:28:31.926122+00:00,MIDCPNIFTY,2026-08-25,14875.0,CE,106.675,106.3,107.05,21.335,2.0,60.13170605873698,712afad509f5,"{""contract_quality_min"": 0.0, ""direction_min"": 8.26585354361469, ""excellent_score_min"": 60.13170605873698, ""execution_quality_min"": 100.0, ""expected_required_ratio_min"": 1.0833333333333335, ""final_confidence_min"": 88.25145697891219, ""iv_crush_max"": 24.0, ""market_hostility_max"": 21.310533840685714, ""min_top_book_lots"": 0.0, ""premium_elasticity_min"": 0.5, ""regime_confidence_min"": 60.0, ""spread_pct_max"": 0.7030700726505742, ""trade_quality_min"": 51.70526315789993}",MIDCPNIFTY,NSE_INDEX,FYERS_PAPER_PROXY_RESEARCH,PAPER_OVERRIDE::FYERS_PAPER_PROXY_RESEARCH,paper-strategy-8ade763620b6,opportunity-score-8ade763620b6,universe-a8e55c76a270
202608181158_2_MIDCPNIFTY_PE,2026-08-18T06:28:31.926745+00:00,MIDCPNIFTY,2026-08-25,14875.0,PE,90.6,90.25,90.95,18.12,2.0,58.64385242088634,712afad509f5,"{""contract_quality_min"": 0.0, ""direction_min"": 0.0, ""excellent_score_min"": 58.64385242088634, ""execution_quality_min"": 100.0, ""expected_required_ratio_min"": 1.0833333333333335, ""final_confidence_min"": 85.77170091582778, ""iv_crush_max"": 24.0, ""market_hostility_max"": 21.310533840685714, ""min_top_book_lots"": 0.0, ""premium_elasticity_min"": 0.5, ""regime_confidence_min"": 60.0, ""spread_pct_max"": 0.7726269315673321, ""trade_quality_min"": 51.70526315789993}",MIDCPNIFTY,NSE_INDEX,FYERS_PAPER_PROXY_RESEARCH,PAPER_OVERRIDE::FYERS_PAPER_PROXY_RESEARCH,paper-strategy-8ade763620b6,opportunity-score-8ade763620b6,universe-a8e55c76a270
202608181158_3_MIDCPNIFTY_PE,2026-08-18T06:28:31.927160+00:00,MIDCPNIFTY,2026-08-25,14900.0,PE,101.175,100.85,101.5,20.235,2.0,58.343852420886336,712afad509f5,"{""contract_quality_min"": 0.0, ""direction_min"": 0.0, ""excellent_score_min"": 58.343852420886336, ""execution_quality_min"": 100.0, ""expected_required_ratio_min"": 1.0833333333333335, ""final_confidence_min"": 85.77170091582778, ""iv_crush_max"": 24.0, ""market_hostility_max"": 21.310533840685714, ""min_top_book_lots"": 0.0, ""premium_elasticity_min"": 0.7, ""regime_confidence_min"": 60.0, ""spread_pct_max"": 0.6424511984185873, ""trade_quality_min"": 51.70526315789993}",MIDCPNIFTY,NSE_INDEX,FYERS_PAPER_PROXY_RESEARCH,PAPER_OVERRIDE::FYERS_PAPER_PROXY_RESEARCH,paper-strategy-8ade763620b6,opportunity-score-8ade763620b6,universe-a8e55c76a270
202608181158_4_MIDCPNIFTY_CE,2026-08-18T06:28:31.927623+00:00,MIDCPNIFTY,2026-08-25,14900.0,CE,93.5,93.25,93.75,18.7,2.0,56.93170605873698,712afad509f5,"{""contract_quality_min"": 0.0, ""direction_min"": 8.26585354361469, ""excellent_score_min"": 56.93170605873698, ""execution_quality_min"": 100.0, ""expected_required_ratio_min"": 1.0833333333333335, ""final_confidence_min"": 88.25145697891219, ""iv_crush_max"": 24.0, ""market_hostility_max"": 21.310533840685714, ""min_top_book_lots"": 0.0, ""premium_elasticity_min"": 0.3, ""regime_confidence_min"": 60.0, ""spread_pct_max"": 0.53475935828877, ""trade_quality_min"": 51.70526315789993}",MIDCPNIFTY,NSE_INDEX,FYERS_PAPER_PROXY_RESEARCH,PAPER_OVERRIDE::FYERS_PAPER_PROXY_RESEARCH,paper-strategy-8ade763620b6,opportunity-score-8ade763620b6,universe-a8e55c76a270
202608181158_5_MIDCPNIFTY_PE,2026-08-18T06:28:31.928035+00:00,MIDCPNIFTY,2026-08-25,14850.0,PE,80.55,80.3,80.8,16.11,2.0,55.44385242088634,712afad509f5,"{""contract_quality_min"": 0.0, ""direction_min"": 0.0, ""excellent_score_min"": 55.44385242088634, ""execution_quality_min"": 100.0, ""expected_required_ratio_min"": 1.0833333333333335, ""final_confidence_min"": 85.77170091582778, ""iv_crush_max"": 24.0, ""market_hostility_max"": 21.310533840685714, ""min_top_book_lots"": 0.0, ""premium_elasticity_min"": 0.3, ""regime_confidence_min"": 60.0, ""spread_pct_max"": 0.6207324643078833, ""trade_quality_min"": 51.70526315789993}",MIDCPNIFTY,NSE_INDEX,FYERS_PAPER_PROXY_RESEARCH,PAPER_OVERRIDE::FYERS_PAPER_PROXY_RESEARCH,paper-strategy-8ade763620b6,opportunity-score-8ade763620b6,universe-a8e55c76a270
202608181159_1_MIDCPNIFTY_CE,2026-08-18T06:29:41.425448+00:00,MIDCPNIFTY,2026-08-25,14850.0,CE,121.65,121.3,122.0,24.330000000000002,2.0,63.668197984754336,712afad509f5,"{""contract_quality_min"": 0.0, ""direction_min"": 10.097270371242974, ""excellent_score_min"": 63.668197984754336, ""execution_quality_min"": 100.0, ""expected_required_ratio_min"": 1.0833333333333333, ""final_confidence_min"": 89.32093628872676, ""iv_crush_max"": 24.0, ""market_hostility_max"": 21.431459022418068, ""min_top_book_lots"": 0.0, ""premium_elasticity_min"": 0.7, ""regime_confidence_min"": 60.0, ""spread_pct_max"": 0.575421290587754, ""trade_quality_min"": 65.64551422319893}",MIDCPNIFTY,NSE_INDEX,FYERS_PAPER_PROXY_RESEARCH,PAPER_OVERRIDE::FYERS_PAPER_PROXY_RESEARCH,paper-strategy-8ade763620b6,opportunity-score-8ade763620b6,universe-a8e55c76a270
202608181159_2_MIDCPNIFTY_PE,2026-08-18T06:29:41.426504+00:00,MIDCPNIFTY,2026-08-25,14875.0,PE,88.875,88.6,89.15,17.775000000000002,2.0,62.150689317930606,712afad509f5,"{""contract_quality_min"": 0.0, ""direction_min"": 0.0, ""excellent_score_min"": 62.150689317930606, ""execution_quality_min"": 100.0, ""expected_required_ratio_min"": 1.0833333333333333, ""final_confidence_min"": 86.29175517735388, ""iv_crush_max"": 24.0, ""market_hostility_max"": 21.431459022418068, ""min_top_book_lots"": 0.0, ""premium_elasticity_min"": 0.5, ""regime_confidence_min"": 60.0, ""spread_pct_max"": 0.6188466947960747, ""trade_quality_min"": 65.64551422319893}",MIDCPNIFTY,NSE_INDEX,FYERS_PAPER_PROXY_RESEARCH,PAPER_OVERRIDE::FYERS_PAPER_PROXY_RESEARCH,paper-strategy-8ade763620b6,opportunity-score-8ade763620b6,universe-a8e55c76a270
202608181159_3_MIDCPNIFTY_PE,2026-08-18T06:29:41.427118+00:00,MIDCPNIFTY,2026-08-25,14900.0,PE,100.775,100.6,100.95,20.155,2.0,61.85068931793061,712afad509f5,"{""contract_quality_min"": 0.0, ""direction_min"": 0.0, ""excellent_score_min"": 61.85068931793061, ""execution_quality_min"": 100.0, ""expected_required_ratio_min"": 1.0833333333333333, ""final_confidence_min"": 86.29175517735388, ""iv_crush_max"": 24.0, ""market_hostility_max"": 21.431459022418068, ""min_top_book_lots"": 0.0, ""premium_elasticity_min"": 0.7, ""regime_confidence_min"": 60.0, ""spread_pct_max"": 0.34730836020839345, ""trade_quality_min"": 65.64551422319893}",MIDCPNIFTY,NSE_INDEX,FYERS_PAPER_PROXY_RESEARCH,PAPER_OVERRIDE::FYERS_PAPER_PROXY_RESEARCH,paper-strategy-8ade763620b6,opportunity-score-8ade763620b6,universe-a8e55c76a270
202608181159_4_MIDCPNIFTY_CE,2026-08-18T06:29:41.427695+00:00,MIDCPNIFTY,2026-08-25,14900.0,CE,93.775,93.55,94.0,18.755000000000003,2.0,60.768197984754345,712afad509f5,"{""contract_quality_min"": 0.0, ""direction_min"": 10.097270371242974, ""excellent_score_min"": 60.768197984754345, ""execution_quality_min"": 100.0, ""expected_required_ratio_min"": 1.0833333333333333, ""final_confidence_min"": 89.32093628872676, ""iv_crush_max"": 24.0, ""market_hostility_max"": 21.431459022418068, ""min_top_book_lots"": 0.0, ""premium_elasticity_min"": 0.3, ""regime_confidence_min"": 60.0, ""spread_pct_max"": 0.4798720341242365, ""trade_quality_min"": 65.64551422319893}",MIDCPNIFTY,NSE_INDEX,FYERS_PAPER_PROXY_RESEARCH,PAPER_OVERRIDE::FYERS_PAPER_PROXY_RESEARCH,paper-strategy-8ade763620b6,opportunity-score-8ade763620b6,universe-a8e55c76a270
202608181159_5_MIDCPNIFTY_PE,2026-08-18T06:29:41.428260+00:00,MIDCPNIFTY,2026-08-25,14850.0,PE,79.2,79.0,79.4,15.840000000000002,2.0,58.9506893179306,712afad509f5,"{""contract_quality_min"": 0.0, ""direction_min"": 0.0, ""excellent_score_min"": 58.9506893179306, ""execution_quality_min"": 100.0, ""expected_required_ratio_min"": 1.0833333333333333, ""final_confidence_min"": 86.29175517735388, ""iv_crush_max"": 24.0, ""market_hostility_max"": 21.431459022418068, ""min_top_book_lots"": 0.0, ""premium_elasticity_min"": 0.3, ""regime_confidence_min"": 60.0, ""spread_pct_max"": 0.5050505050505122, ""trade_quality_min"": 65.64551422319893}",MIDCPNIFTY,NSE_INDEX,FYERS_PAPER_PROXY_RESEARCH,PAPER_OVERRIDE::FYERS_PAPER_PROXY_RESEARCH,paper-strategy-8ade763620b6,opportunity-score-8ade763620b6,universe-a8e55c76a270
202608181202_1_MIDCPNIFTY_CE,2026-08-18T06:32:43.226590+00:00,MIDCPNIFTY,2026-08-25,14875.0,CE,105.4,105.05,105.75,21.080000000000002,2.0,45.36525690128087,712afad509f5,"{""contract_quality_min"": 0.0, ""direction_min"": 0.5110772634506336, ""excellent_score_min"": 45.36525690128087, ""execution_quality_min"": 100.0, ""expected_required_ratio_min"": 1.0833333333333335, ""final_confidence_min"": 72.7488980933747, ""iv_crush_max"": 24.0, ""market_hostility_max"": 21.724633003153855, ""min_top_book_lots"": 0.0, ""premium_elasticity_min"": 0.5, ""regime_confidence_min"": 60.0, ""spread_pct_max"": 0.6641366223908945, ""trade_quality_min"": 3.907455012857048}",MIDCPNIFTY,NSE_INDEX,FYERS_PAPER_PROXY_RESEARCH,PAPER_OVERRIDE::FYERS_PAPER_PROXY_RESEARCH,paper-strategy-8ade763620b6,opportunity-score-8ade763620b6,universe-a8e55c76a270
202608181202_2_MIDCPNIFTY_PE,2026-08-18T06:32:43.227214+00:00,MIDCPNIFTY,2026-08-25,14875.0,PE,90.175,90.0,90.35,18.035,2.0,45.27326299385975,712afad509f5,"{""contract_quality_min"": 0.0, ""direction_min"": 0.0, ""excellent_score_min"": 45.27326299385975, ""execution_quality_min"": 100.0, ""expected_required_ratio_min"": 1.0833333333333335, ""final_confidence_min"": 72.59557491433951, ""iv_crush_max"": 24.0, ""market_hostility_max"": 21.724633003153855, ""min_top_book_lots"": 0.0, ""premium_elasticity_min"": 0.5, ""regime_confidence_min"": 60.0, ""spread_pct_max"": 0.3881341835320148, ""trade_quality_min"": 3.907455012857048}",MIDCPNIFTY,NSE_INDEX,FYERS_PAPER_PROXY_RESEARCH,PAPER_OVERRIDE::FYERS_PAPER_PROXY_RESEARCH,paper-strategy-8ade763620b6,opportunity-score-8ade763620b6,universe-a8e55c76a270
202608181202_3_MIDCPNIFTY_PE,2026-08-18T06:32:43.227635+00:00,MIDCPNIFTY,2026-08-25,14900.0,PE,101.975,101.8,102.15,20.395,2.0,44.973262993859755,712afad509f5,"{""contract_quality_min"": 0.0, ""direction_min"": 0.0, ""excellent_score_min"": 44.973262993859755, ""execution_quality_min"": 100.0, ""expected_required_ratio_min"": 1.0833333333333335, ""final_confidence_min"": 72.59557491433951, ""iv_crush_max"": 24.0, ""market_hostility_max"": 21.724633003153855, ""min_top_book_lots"": 0.0, ""premium_elasticity_min"": 0.7, ""regime_confidence_min"": 60.0, ""spread_pct_max"": 0.3432213777886821, ""trade_quality_min"": 3.907455012857048}",MIDCPNIFTY,NSE_INDEX,FYERS_PAPER_PROXY_RESEARCH,PAPER_OVERRIDE::FYERS_PAPER_PROXY_RESEARCH,paper-strategy-8ade763620b6,opportunity-score-8ade763620b6,universe-a8e55c76a270
202608181202_4_MIDCPNIFTY_CE,2026-08-18T06:32:43.228840+00:00,MIDCPNIFTY,2026-08-25,14900.0,CE,92.475,92.25,92.7,18.495,2.0,42.16525690128087,712afad509f5,"{""contract_quality_min"": 0.0, ""direction_min"": 0.5110772634506336, ""excellent_score_min"": 42.16525690128087, ""execution_quality_min"": 100.0, ""expected_required_ratio_min"": 1.0833333333333335, ""final_confidence_min"": 72.7488980933747, ""iv_crush_max"": 24.0, ""market_hostility_max"": 21.724633003153855, ""min_top_book_lots"": 0.0, ""premium_elasticity_min"": 0.3, ""regime_confidence_min"": 60.0, ""spread_pct_max"": 0.4866180048661832, ""trade_quality_min"": 3.907455012857048}",MIDCPNIFTY,NSE_INDEX,FYERS_PAPER_PROXY_RESEARCH,PAPER_OVERRIDE::FYERS_PAPER_PROXY_RESEARCH,paper-strategy-8ade763620b6,opportunity-score-8ade763620b6,universe-a8e55c76a270
202608181202_5_MIDCPNIFTY_PE,2026-08-18T06:32:43.229432+00:00,MIDCPNIFTY,2026-08-25,14850.0,PE,79.9,79.65,80.15,15.980000000000002,2.0,42.07326299385975,712afad509f5,"{""contract_quality_min"": 0.0, ""direction_min"": 0.0, ""excellent_score_min"": 42.07326299385975, ""execution_quality_min"": 100.0, ""expected_required_ratio_min"": 1.0833333333333335, ""final_confidence_min"": 72.59557491433951, ""iv_crush_max"": 24.0, ""market_hostility_max"": 21.724633003153855, ""min_top_book_lots"": 0.0, ""premium_elasticity_min"": 0.3, ""regime_confidence_min"": 60.0, ""spread_pct_max"": 0.6257822277847309, ""trade_quality_min"": 3.907455012857048}",MIDCPNIFTY,NSE_INDEX,FYERS_PAPER_PROXY_RESEARCH,PAPER_OVERRIDE::FYERS_PAPER_PROXY_RESEARCH,paper-strategy-8ade763620b6,opportunity-score-8ade763620b6,universe-a8e55c76a270
202608181203_1_MIDCPNIFTY_CE,2026-08-18T06:33:52.845837+00:00,MIDCPNIFTY,2026-08-25,14875.0,CE,105.55,105.3,105.8,21.11,2.0,47.49245487512648,712afad509f5,"{""contract_quality_min"": 0.0, ""direction_min"": 1.452603758611638, ""excellent_score_min"": 47.49245487512648, ""execution_quality_min"": 100.0, ""expected_required_ratio_min"": 1.0833333333333335, ""final_confidence_min"": 75.04096748686763, ""iv_crush_max"": 24.0, ""market_hostility_max"": 21.867052826327754, ""min_top_book_lots"": 0.0, ""premium_elasticity_min"": 0.5, ""regime_confidence_min"": 60.0, ""spread_pct_max"": 0.47370914258645197, ""trade_quality_min"": 11.076923076919634}",MIDCPNIFTY,NSE_INDEX,FYERS_PAPER_PROXY_RESEARCH,PAPER_OVERRIDE::FYERS_PAPER_PROXY_RESEARCH,paper-strategy-8ade763620b6,opportunity-score-8ade763620b6,universe-a8e55c76a270
202608181203_2_MIDCPNIFTY_PE,2026-08-18T06:33:52.846514+00:00,MIDCPNIFTY,2026-08-25,14875.0,PE,89.9,89.6,90.2,17.98,2.0,47.23098619857639,712afad509f5,"{""contract_quality_min"": 0.0, ""direction_min"": 0.0, ""excellent_score_min"": 47.23098619857639, ""execution_quality_min"": 100.0, ""expected_required_ratio_min"": 1.0833333333333335, ""final_confidence_min"": 74.60518635928415, ""iv_crush_max"": 24.0, ""market_hostility_max"": 21.867052826327754, ""min_top_book_lots"": 0.0, ""premium_elasticity_min"": 0.5, ""regime_confidence_min"": 60.0, ""spread_pct_max"": 0.6674082313681963, ""trade_quality_min"": 11.076923076919634}",MIDCPNIFTY,NSE_INDEX,FYERS_PAPER_PROXY_RESEARCH,PAPER_OVERRIDE::FYERS_PAPER_PROXY_RESEARCH,paper-strategy-8ade763620b6,opportunity-score-8ade763620b6,universe-a8e55c76a270
202608181203_3_MIDCPNIFTY_PE,2026-08-18T06:33:52.846963+00:00,MIDCPNIFTY,2026-08-25,14900.0,PE,100.975,100.7,101.25,20.195,2.0,46.93098619857639,712afad509f5,"{""contract_quality_min"": 0.0, ""direction_min"": 0.0, ""excellent_score_min"": 46.93098619857639, ""execution_quality_min"": 100.0, ""expected_required_ratio_min"": 1.0833333333333335, ""final_confidence_min"": 74.60518635928415, ""iv_crush_max"": 24.0, ""market_hostility_max"": 21.867052826327754, ""min_top_book_lots"": 0.0, ""premium_elasticity_min"": 0.7, ""regime_confidence_min"": 60.0, ""spread_pct_max"": 0.544689279524632, ""trade_quality_min"": 11.076923076919634}",MIDCPNIFTY,NSE_INDEX,FYERS_PAPER_PROXY_RESEARCH,PAPER_OVERRIDE::FYERS_PAPER_PROXY_RESEARCH,paper-strategy-8ade763620b6,opportunity-score-8ade763620b6,universe-a8e55c76a270
202608181203_4_MIDCPNIFTY_CE,2026-08-18T06:33:52.847533+00:00,MIDCPNIFTY,2026-08-25,14900.0,CE,93.225,92.95,93.5,18.645,2.0,44.29245487512648,712afad509f5,"{""contract_quality_min"": 0.0, ""direction_min"": 1.452603758611638, ""excellent_score_min"": 44.29245487512648, ""execution_quality_min"": 100.0, ""expected_required_ratio_min"": 1.0833333333333335, ""final_confidence_min"": 75.04096748686763, ""iv_crush_max"": 24.0, ""market_hostility_max"": 21.867052826327754, ""min_top_book_lots"": 0.0, ""premium_elasticity_min"": 0.3, ""regime_confidence_min"": 60.0, ""spread_pct_max"": 0.5899705014749232, ""trade_quality_min"": 11.076923076919634}",MIDCPNIFTY,NSE_INDEX,FYERS_PAPER_PROXY_RESEARCH,PAPER_OVERRIDE::FYERS_PAPER_PROXY_RESEARCH,paper-strategy-8ade763620b6,opportunity-score-8ade763620b6,universe-a8e55c76a270
202608181203_5_MIDCPNIFTY_PE,2026-08-18T06:33:52.848080+00:00,MIDCPNIFTY,2026-08-25,14850.0,PE,79.9,79.65,80.15,15.980000000000002,2.0,44.030986198576386,712afad509f5,"{""contract_quality_min"": 0.0, ""direction_min"": 0.0, ""excellent_score_min"": 44.030986198576386, ""execution_quality_min"": 100.0, ""expected_required_ratio_min"": 1.0833333333333335, ""final_confidence_min"": 74.60518635928415, ""iv_crush_max"": 24.0, ""market_hostility_max"": 21.867052826327754, ""min_top_book_lots"": 0.0, ""premium_elasticity_min"": 0.3, ""regime_confidence_min"": 60.0, ""spread_pct_max"": 0.6257822277847309, ""trade_quality_min"": 11.076923076919634}",MIDCPNIFTY,NSE_INDEX,FYERS_PAPER_PROXY_RESEARCH,PAPER_OVERRIDE::FYERS_PAPER_PROXY_RESEARCH,paper-strategy-8ade763620b6,opportunity-score-8ade763620b6,universe-a8e55c76a270
202608181206_1_BANKNIFTY_CE,2026-08-18T06:36:19.543693+00:00,BANKNIFTY,2026-08-25,57300.0,CE,497.775,497.55,498.0,25.0,2.0,61.28139812461691,2e840ccd58d1,"{""contract_quality_min"": 0.0, ""direction_min"": 8.583503796717507, ""excellent_score_min"": 61.28139812461691, ""execution_quality_min"": 100.0, ""expected_required_ratio_min"": 1.4166666666666665, ""final_confidence_min"": 88.97173609582134, ""iv_crush_max"": 24.0, ""market_hostility_max"": 21.03257263893712, ""min_top_book_lots"": 0.0, ""premium_elasticity_min"": 0.7, ""regime_confidence_min"": 60.0, ""spread_pct_max"": 0.09040229019134924, ""trade_quality_min"": 53.94736842104575}",BANKNIFTY,NSE_INDEX,FYERS_PAPER_PROXY_RESEARCH,PAPER_OVERRIDE::FYERS_PAPER_PROXY_RESEARCH,paper-strategy-8ade763620b6,opportunity-score-8ade763620b6,universe-a8e55c76a270
202608181206_2_BANKNIFTY_PE,2026-08-18T06:36:19.544469+00:00,BANKNIFTY,2026-08-25,57500.0,PE,405.375,405.0,405.75,25.0,2.0,59.73636744120777,2e840ccd58d1,"{""contract_quality_min"": 0.0, ""direction_min"": 0.0, ""excellent_score_min"": 59.73636744120777, ""execution_quality_min"": 100.0, ""expected_required_ratio_min"": 1.4166666666666665, ""final_confidence_min"": 86.3966849568061, ""iv_crush_max"": 24.0, ""market_hostility_max"": 21.03257263893712, ""min_top_book_lots"": 0.0, ""premium_elasticity_min"": 0.7, ""regime_confidence_min"": 60.0, ""spread_pct_max"": 0.18501387604070307, ""trade_quality_min"": 53.94736842104575}",BANKNIFTY,NSE_INDEX,FYERS_PAPER_PROXY_RESEARCH,PAPER_OVERRIDE::FYERS_PAPER_PROXY_RESEARCH,paper-strategy-8ade763620b6,opportunity-score-8ade763620b6,universe-a8e55c76a270
202608181206_3_BANKNIFTY_CE,2026-08-18T06:36:19.545009+00:00,BANKNIFTY,2026-08-25,57500.0,CE,389.8,389.6,390.0,25.0,2.0,58.381398124616915,2e840ccd58d1,"{""contract_quality_min"": 0.0, ""direction_min"": 8.583503796717507, ""excellent_score_min"": 58.381398124616915, ""execution_quality_min"": 100.0, ""expected_required_ratio_min"": 1.4166666666666665, ""final_confidence_min"": 88.97173609582134, ""iv_crush_max"": 24.0, ""market_hostility_max"": 21.03257263893712, ""min_top_book_lots"": 0.0, ""premium_elasticity_min"": 0.3, ""regime_confidence_min"": 60.0, ""spread_pct_max"": 0.10261672652641797, ""trade_quality_min"": 53.94736842104575}",BANKNIFTY,NSE_INDEX,FYERS_PAPER_PROXY_RESEARCH,PAPER_OVERRIDE::FYERS_PAPER_PROXY_RESEARCH,paper-strategy-8ade763620b6,opportunity-score-8ade763620b6,universe-a8e55c76a270
202608181206_4_BANKNIFTY_PE,2026-08-18T06:36:19.545486+00:00,BANKNIFTY,2026-08-25,57300.0,PE,315.2,315.0,315.4,25.0,2.0,56.83636744120776,2e840ccd58d1,"{""contract_quality_min"": 0.0, ""direction_min"": 0.0, ""excellent_score_min"": 56.83636744120776, ""execution_quality_min"": 100.0, ""expected_required_ratio_min"": 1.4166666666666665, ""final_confidence_min"": 86.3966849568061, ""iv_crush_max"": 24.0, ""market_hostility_max"": 21.03257263893712, ""min_top_book_lots"": 0.0, ""premium_elasticity_min"": 0.3, ""regime_confidence_min"": 60.0, ""spread_pct_max"": 0.1269035532994852, ""trade_quality_min"": 53.94736842104575}",BANKNIFTY,NSE_INDEX,FYERS_PAPER_PROXY_RESEARCH,PAPER_OVERRIDE::FYERS_PAPER_PROXY_RESEARCH,paper-strategy-8ade763620b6,opportunity-score-8ade763620b6,universe-a8e55c76a270
202608181206_5_MIDCPNIFTY_CE,2026-08-18T06:36:19.546150+00:00,MIDCPNIFTY,2026-08-25,14875.0,CE,107.875,107.55,108.2,21.575000000000003,2.0,49.60524532262829,712afad509f5,"{""contract_quality_min"": 0.0, ""direction_min"": 2.2859371165592615, ""excellent_score_min"": 49.60524532262829, ""execution_quality_min"": 100.0, ""expected_required_ratio_min"": 1.0833333333333335, ""final_confidence_min"": 77.22547631946361, ""iv_crush_max"": 24.0, ""market_hostility_max"": 21.65472401380687, ""min_top_book_lots"": 0.0, ""premium_elasticity_min"": 0.5, ""regime_confidence_min"": 60.0, ""spread_pct_max"": 0.6025492468134467, ""trade_quality_min"": 17.941952506599062}",MIDCPNIFTY,NSE_INDEX,FYERS_PAPER_PROXY_RESEARCH,PAPER_OVERRIDE::FYERS_PAPER_PROXY_RESEARCH,paper-strategy-8ade763620b6,opportunity-score-8ade763620b6,universe-a8e55c76a270
202608181207_1_BANKNIFTY_PE,2026-08-18T06:37:33.074354+00:00,BANKNIFTY,2026-08-25,57400.0,PE,357.475,357.2,357.75,25.0,2.0,54.677745576037566,2e840ccd58d1,"{""contract_quality_min"": 0.0, ""direction_min"": 0.0, ""excellent_score_min"": 54.677745576037566, ""execution_quality_min"": 100.0, ""expected_required_ratio_min"": 1.4166666666666667, ""final_confidence_min"": 81.1404938011532, ""iv_crush_max"": 24.0, ""market_hostility_max"": 20.749640284426807, ""min_top_book_lots"": 0.0, ""premium_elasticity_min"": 0.5, ""regime_confidence_min"": 60.0, ""spread_pct_max"": 0.15385691307084728, ""trade_quality_min"": 34.3324250681158}",BANKNIFTY,NSE_INDEX,FYERS_PAPER_PROXY_RESEARCH,PAPER_OVERRIDE::FYERS_PAPER_PROXY_RESEARCH,paper-strategy-8ade763620b6,opportunity-score-8ade763620b6,universe-a8e55c76a270
202608181207_2_BANKNIFTY_PE,2026-08-18T06:37:33.074920+00:00,BANKNIFTY,2026-08-25,57500.0,PE,404.5,404.15,404.85,25.0,2.0,54.37774557603757,2e840ccd58d1,"{""contract_quality_min"": 0.0, ""direction_min"": 0.0, ""excellent_score_min"": 54.37774557603757, ""execution_quality_min"": 100.0, ""expected_required_ratio_min"": 1.4166666666666667, ""final_confidence_min"": 81.1404938011532, ""iv_crush_max"": 24.0, ""market_hostility_max"": 20.749640284426807, ""min_top_book_lots"": 0.0, ""premium_elasticity_min"": 0.7, ""regime_confidence_min"": 60.0, ""spread_pct_max"": 0.17305315203956625, ""trade_quality_min"": 34.3324250681158}",BANKNIFTY,NSE_INDEX,FYERS_PAPER_PROXY_RESEARCH,PAPER_OVERRIDE::FYERS_PAPER_PROXY_RESEARCH,paper-strategy-8ade763620b6,opportunity-score-8ade763620b6,universe-a8e55c76a270
202608181207_3_BANKNIFTY_PE,2026-08-18T06:37:33.075442+00:00,BANKNIFTY,2026-08-25,57300.0,PE,313.225,313.0,313.45,25.0,2.0,51.47774557603756,2e840ccd58d1,"{""contract_quality_min"": 0.0, ""direction_min"": 0.0, ""excellent_score_min"": 51.47774557603756, ""execution_quality_min"": 100.0, ""expected_required_ratio_min"": 1.4166666666666667, ""final_confidence_min"": 81.1404938011532, ""iv_crush_max"": 24.0, ""market_hostility_max"": 20.749640284426807, ""min_top_book_lots"": 0.0, ""premium_elasticity_min"": 0.3, ""regime_confidence_min"": 60.0, ""spread_pct_max"": 0.14366669327160622, ""trade_quality_min"": 34.3324250681158}",BANKNIFTY,NSE_INDEX,FYERS_PAPER_PROXY_RESEARCH,PAPER_OVERRIDE::FYERS_PAPER_PROXY_RESEARCH,paper-strategy-8ade763620b6,opportunity-score-8ade763620b6,universe-a8e55c76a270
202608181207_4_MIDCPNIFTY_CE,2026-08-18T06:37:33.075973+00:00,MIDCPNIFTY,2026-08-25,14875.0,CE,107.875,107.55,108.2,21.575000000000003,2.0,50.50715629673758,712afad509f5,"{""contract_quality_min"": 0.0, ""direction_min"": 2.58185974584779, ""excellent_score_min"": 50.50715629673758, ""execution_quality_min"": 100.0, ""expected_required_ratio_min"": 1.0833333333333335, ""final_confidence_min"": 78.14814852709435, ""iv_crush_max"": 24.0, ""market_hostility_max"": 21.5213152887867, ""min_top_book_lots"": 0.0, ""premium_elasticity_min"": 0.5, ""regime_confidence_min"": 60.0, ""spread_pct_max"": 0.6025492468134467, ""trade_quality_min"": 20.869565217390615}",MIDCPNIFTY,NSE_INDEX,FYERS_PAPER_PROXY_RESEARCH,PAPER_OVERRIDE::FYERS_PAPER_PROXY_RESEARCH,paper-strategy-8ade763620b6,opportunity-score-8ade763620b6,universe-a8e55c76a270
202608181207_5_MIDCPNIFTY_PE,2026-08-18T06:37:33.076634+00:00,MIDCPNIFTY,2026-08-25,14875.0,PE,87.17500000000001,86.9,87.45,17.435000000000002,2.0,50.04242154248498,712afad509f5,"{""contract_quality_min"": 0.0, ""direction_min"": 0.0, ""excellent_score_min"": 50.04242154248498, ""execution_quality_min"": 100.0, ""expected_required_ratio_min"": 1.0833333333333335, ""final_confidence_min"": 77.37359060334, ""iv_crush_max"": 24.0, ""market_hostility_max"": 21.5213152887867, ""min_top_book_lots"": 0.0, ""premium_elasticity_min"": 0.5, ""regime_confidence_min"": 60.0, ""spread_pct_max"": 0.6309148264984193, ""trade_quality_min"": 20.869565217390615}",MIDCPNIFTY,NSE_INDEX,FYERS_PAPER_PROXY_RESEARCH,PAPER_OVERRIDE::FYERS_PAPER_PROXY_RESEARCH,paper-strategy-8ade763620b6,opportunity-score-8ade763620b6,universe-a8e55c76a270
202608181210_1_MIDCPNIFTY_CE,2026-08-18T06:40:42.912872+00:00,MIDCPNIFTY,2026-08-25,14875.0,CE,107.475,107.15,107.8,21.495,2.0,52.439062319609796,712afad509f5,"{""contract_quality_min"": 0.0, ""direction_min"": 2.2861907355482485, ""excellent_score_min"": 52.439062319609796, ""execution_quality_min"": 100.0, ""expected_required_ratio_min"": 1.0833333333333335, ""final_confidence_min"": 79.97041865017334, ""iv_crush_max"": 24.0, ""market_hostility_max"": 20.567266089096137, ""min_top_book_lots"": 0.0, ""premium_elasticity_min"": 0.5, ""regime_confidence_min"": 60.0, ""spread_pct_max"": 0.6047918120493059, ""trade_quality_min"": 27.09163346613703}",MIDCPNIFTY,NSE_INDEX,FYERS_PAPER_PROXY_RESEARCH,PAPER_OVERRIDE::FYERS_PAPER_PROXY_RESEARCH,paper-strategy-8ade763620b6,opportunity-score-8ade763620b6,universe-a8e55c76a270
202608181210_2_MIDCPNIFTY_PE,2026-08-18T06:40:42.913516+00:00,MIDCPNIFTY,2026-08-25,14875.0,PE,88.125,87.8,88.45,17.625,2.0,52.02754798721111,712afad509f5,"{""contract_quality_min"": 0.0, ""direction_min"": 0.0, ""excellent_score_min"": 52.02754798721111, ""execution_quality_min"": 100.0, ""expected_required_ratio_min"": 1.0833333333333335, ""final_confidence_min"": 79.28456142950887, ""iv_crush_max"": 24.0, ""market_hostility_max"": 20.567266089096137, ""min_top_book_lots"": 0.0, ""premium_elasticity_min"": 0.5, ""regime_confidence_min"": 60.0, ""spread_pct_max"": 0.737588652482276, ""trade_quality_min"": 27.09163346613703}",MIDCPNIFTY,NSE_INDEX,FYERS_PAPER_PROXY_RESEARCH,PAPER_OVERRIDE::FYERS_PAPER_PROXY_RESEARCH,paper-strategy-8ade763620b6,opportunity-score-8ade763620b6,universe-a8e55c76a270
202608181210_3_MIDCPNIFTY_PE,2026-08-18T06:40:42.914151+00:00,MIDCPNIFTY,2026-08-25,14900.0,PE,101.6,101.35,101.85,20.32,2.0,51.72754798721111,712afad509f5,"{""contract_quality_min"": 0.0, ""direction_min"": 0.0, ""excellent_score_min"": 51.72754798721111, ""execution_quality_min"": 100.0, ""expected_required_ratio_min"": 1.0833333333333335, ""final_confidence_min"": 79.28456142950887, ""iv_crush_max"": 24.0, ""market_hostility_max"": 20.567266089096137, ""min_top_book_lots"": 0.0, ""premium_elasticity_min"": 0.7, ""regime_confidence_min"": 60.0, ""spread_pct_max"": 0.4921259842519685, ""trade_quality_min"": 27.09163346613703}",MIDCPNIFTY,NSE_INDEX,FYERS_PAPER_PROXY_RESEARCH,PAPER_OVERRIDE::FYERS_PAPER_PROXY_RESEARCH,paper-strategy-8ade763620b6,opportunity-score-8ade763620b6,universe-a8e55c76a270
202608181210_4_BANKNIFTY_PE,2026-08-18T06:40:42.914630+00:00,BANKNIFTY,2026-08-25,57300.0,PE,324.825,324.65,325.0,25.0,2.0,49.76360624938105,2e840ccd58d1,"{""contract_quality_min"": 0.0, ""direction_min"": 0.0, ""excellent_score_min"": 49.76360624938105, ""execution_quality_min"": 100.0, ""expected_required_ratio_min"": 1.4166666666666667, ""final_confidence_min"": 79.30551769579422, ""iv_crush_max"": 24.0, ""market_hostility_max"": 20.828755464821455, ""min_top_book_lots"": 0.0, ""premium_elasticity_min"": 0.3, ""regime_confidence_min"": 60.0, ""spread_pct_max"": 0.10775032709921427, ""trade_quality_min"": 28.288973384027965}",BANKNIFTY,NSE_INDEX,FYERS_PAPER_PROXY_RESEARCH,PAPER_OVERRIDE::FYERS_PAPER_PROXY_RESEARCH,paper-strategy-8ade763620b6,opportunity-score-8ade763620b6,universe-a8e55c76a270
202608181210_5_MIDCPNIFTY_CE,2026-08-18T06:40:42.915193+00:00,MIDCPNIFTY,2026-08-25,14900.0,CE,92.42500000000001,92.15,92.7,18.485000000000003,2.0,49.23906231960979,712afad509f5,"{""contract_quality_min"": 0.0, ""direction_min"": 2.2861907355482485, ""excellent_score_min"": 49.23906231960979, ""execution_quality_min"": 100.0, ""expected_required_ratio_min"": 1.0833333333333335, ""final_confidence_min"": 79.97041865017334, ""iv_crush_max"": 24.0, ""market_hostility_max"": 20.567266089096137, ""min_top_book_lots"": 0.0, ""premium_elasticity_min"": 0.3, ""regime_confidence_min"": 60.0, ""spread_pct_max"": 0.5950770895320499, ""trade_quality_min"": 27.09163346613703}",MIDCPNIFTY,NSE_INDEX,FYERS_PAPER_PROXY_RESEARCH,PAPER_OVERRIDE::FYERS_PAPER_PROXY_RESEARCH,paper-strategy-8ade763620b6,opportunity-score-8ade763620b6,universe-a8e55c76a270
202608181212_1_BANKNIFTY_CE,2026-08-18T06:42:12.515369+00:00,BANKNIFTY,2026-08-25,57400.0,CE,438.35,438.0,438.7,25.0,2.0,54.72125971541361,2e840ccd58d1,"{""contract_quality_min"": 0.0, ""direction_min"": 4.771921012149156, ""excellent_score_min"": 54.72125971541361, ""execution_quality_min"": 100.0, ""expected_required_ratio_min"": 1.4166666666666667, ""final_confidence_min"": 81.71578815182221, ""iv_crush_max"": 24.0, ""market_hostility_max"": 21.003095673030064, ""min_top_book_lots"": 0.0, ""premium_elasticity_min"": 0.5, ""regime_confidence_min"": 60.0, ""spread_pct_max"": 0.1596897456370454, ""trade_quality_min"": 31.666666666666107}",BANKNIFTY,NSE_INDEX,FYERS_PAPER_PROXY_RESEARCH,PAPER_OVERRIDE::FYERS_PAPER_PROXY_RESEARCH,paper-strategy-8ade763620b6,opportunity-score-8ade763620b6,universe-a8e55c76a270
202608181212_2_MIDCPNIFTY_PE,2026-08-18T06:42:12.516516+00:00,MIDCPNIFTY,2026-08-25,14900.0,PE,101.05000000000001,100.9,101.2,20.210000000000004,2.0,46.062825166014974,712afad509f5,"{""contract_quality_min"": 0.0, ""direction_min"": 0.5647894142323019, ""excellent_score_min"": 46.062825166014974, ""execution_quality_min"": 100.0, ""expected_required_ratio_min"": 1.0833333333333335, ""final_confidence_min"": 73.45832436008884, ""iv_crush_max"": 24.0, ""market_hostility_max"": 20.388255888361662, ""min_top_book_lots"": 0.0, ""premium_elasticity_min"": 0.7, ""regime_confidence_min"": 60.0, ""spread_pct_max"": 0.2968827313211253, ""trade_quality_min"": 6.245353159846637}",MIDCPNIFTY,NSE_INDEX,FYERS_PAPER_PROXY_RESEARCH,PAPER_OVERRIDE::FYERS_PAPER_PROXY_RESEARCH,paper-strategy-8ade763620b6,opportunity-score-8ade763620b6,universe-a8e55c76a270
202608181212_3_MIDCPNIFTY_CE,2026-08-18T06:42:12.517098+00:00,MIDCPNIFTY,2026-08-25,14900.0,CE,92.775,92.55,93.0,18.555000000000003,2.0,43.06116307145316,712afad509f5,"{""contract_quality_min"": 0.0, ""direction_min"": 0.0, ""excellent_score_min"": 43.06116307145316, ""execution_quality_min"": 100.0, ""expected_required_ratio_min"": 1.0833333333333335, ""final_confidence_min"": 73.28888753581914, ""iv_crush_max"": 24.0, ""market_hostility_max"": 20.388255888361662, ""min_top_book_lots"": 0.0, ""premium_elasticity_min"": 0.3, ""regime_confidence_min"": 60.0, ""spread_pct_max"": 0.48504446240905724, ""trade_quality_min"": 6.245353159846637}",MIDCPNIFTY,NSE_INDEX,FYERS_PAPER_PROXY_RESEARCH,PAPER_OVERRIDE::FYERS_PAPER_PROXY_RESEARCH,paper-strategy-8ade763620b6,opportunity-score-8ade763620b6,universe-a8e55c76a270
202608181212_4_MIDCPNIFTY_PE,2026-08-18T06:42:12.517553+00:00,MIDCPNIFTY,2026-08-25,14850.0,PE,78.875,78.55,79.2,15.775,2.0,43.00796892874981,712afad509f5,"{""contract_quality_min"": 0.0, ""direction_min"": 0.5647894142323019, ""excellent_score_min"": 43.00796892874981, ""execution_quality_min"": 98.96762508489894, ""expected_required_ratio_min"": 1.0833333333333335, ""final_confidence_min"": 73.45832436008884, ""iv_crush_max"": 24.0, ""market_hostility_max"": 20.388255888361662, ""min_top_book_lots"": 0.0, ""premium_elasticity_min"": 0.3, ""regime_confidence_min"": 60.0, ""spread_pct_max"": 0.8240887480190245, ""trade_quality_min"": 6.245353159846637}",MIDCPNIFTY,NSE_INDEX,FYERS_PAPER_PROXY_RESEARCH,PAPER_OVERRIDE::FYERS_PAPER_PROXY_RESEARCH,paper-strategy-8ade763620b6,opportunity-score-8ade763620b6,universe-a8e55c76a270
202608181212_5_HINDUNILVR_CE,2026-08-18T06:42:12.522307+00:00,HINDUNILVR,2026-08-25,2020.0,CE,33.8,33.55,34.05,6.76,2.0,30.981579889728003,7c6072ee0b40,"{""contract_quality_min"": 0.0, ""direction_min"": 23.967388635136334, ""excellent_score_min"": 30.981579889728003, ""execution_quality_min"": 70.88757396449704, ""expected_required_ratio_min"": 1.1666666666666665, ""final_confidence_min"": 76.07406378793885, ""iv_crush_max"": 24.0, ""market_hostility_max"": 31.323066124741022, ""min_top_book_lots"": 0.0, ""premium_elasticity_min"": 0.7, ""regime_confidence_min"": 60.0, ""spread_pct_max"": 1.4792899408284024, ""trade_quality_min"": 42.43478260869745}",HINDUNILVR,NSE_STOCK_OPTION,FYERS_PAPER_PROXY_RESEARCH,PAPER_OVERRIDE::FYERS_PAPER_PROXY_RESEARCH,paper-strategy-8ade763620b6,opportunity-score-8ade763620b6,universe-a8e55c76a270
202608181214_1_MIDCPNIFTY_PE,2026-08-18T06:44:16.843455+00:00,MIDCPNIFTY,2026-08-25,14875.0,PE,91.375,91.0,91.75,18.275000000000002,2.0,56.820006896280475,712afad509f5,"{""contract_quality_min"": 0.0, ""direction_min"": 3.710512783455757, ""excellent_score_min"": 56.820006896280475, ""execution_quality_min"": 99.10885284346297, ""expected_required_ratio_min"": 1.0833333333333335, ""final_confidence_min"": 84.69779829156316, ""iv_crush_max"": 24.0, ""market_hostility_max"": 20.300115687803896, ""min_top_book_lots"": 0.0, ""premium_elasticity_min"": 0.5, ""regime_confidence_min"": 60.0, ""spread_pct_max"": 0.8207934336525308, ""trade_quality_min"": 42.13740458014928}",MIDCPNIFTY,NSE_INDEX,FYERS_PAPER_PROXY_RESEARCH,PAPER_OVERRIDE::FYERS_PAPER_PROXY_RESEARCH,paper-strategy-8ade763620b6,opportunity-score-8ade763620b6,universe-a8e55c76a270
202608181214_2_MIDCPNIFTY_PE,2026-08-18T06:44:16.849415+00:00,MIDCPNIFTY,2026-08-25,14900.0,PE,103.3,103.05,103.55,20.66,2.0,56.653678969761025,712afad509f5,"{""contract_quality_min"": 0.0, ""direction_min"": 3.710512783455757, ""excellent_score_min"": 56.653678969761025, ""execution_quality_min"": 100.0, ""expected_required_ratio_min"": 1.0833333333333335, ""final_confidence_min"": 84.69779829156316, ""iv_crush_max"": 24.0, ""market_hostility_max"": 20.300115687803896, ""min_top_book_lots"": 0.0, ""premium_elasticity_min"": 0.7, ""regime_confidence_min"": 60.0, ""spread_pct_max"": 0.48402710551790895, ""trade_quality_min"": 42.13740458014928}",MIDCPNIFTY,NSE_INDEX,FYERS_PAPER_PROXY_RESEARCH,PAPER_OVERRIDE::FYERS_PAPER_PROXY_RESEARCH,paper-strategy-8ade763620b6,opportunity-score-8ade763620b6,universe-a8e55c76a270
202608181214_3_MIDCPNIFTY_CE,2026-08-18T06:44:16.850610+00:00,MIDCPNIFTY,2026-08-25,14875.0,CE,104.125,103.8,104.45,20.825000000000003,2.0,56.28578666873899,712afad509f5,"{""contract_quality_min"": 0.0, ""direction_min"": 0.0, ""excellent_score_min"": 56.28578666873899, ""execution_quality_min"": 100.0, ""expected_required_ratio_min"": 1.0833333333333335, ""final_confidence_min"": 83.58464445652642, ""iv_crush_max"": 24.0, ""market_hostility_max"": 20.300115687803896, ""min_top_book_lots"": 0.0, ""premium_elasticity_min"": 0.5, ""regime_confidence_min"": 60.0, ""spread_pct_max"": 0.6242496998799575, ""trade_quality_min"": 42.13740458014928}",MIDCPNIFTY,NSE_INDEX,FYERS_PAPER_PROXY_RESEARCH,PAPER_OVERRIDE::FYERS_PAPER_PROXY_RESEARCH,paper-strategy-8ade763620b6,opportunity-score-8ade763620b6,universe-a8e55c76a270
202608181214_4_MIDCPNIFTY_PE,2026-08-18T06:44:16.857049+00:00,MIDCPNIFTY,2026-08-25,14850.0,PE,80.85,80.5,81.2,16.169999999999998,2.0,53.330673403898295,712afad509f5,"{""contract_quality_min"": 0.0, ""direction_min"": 3.710512783455757, ""excellent_score_min"": 53.330673403898295, ""execution_quality_min"": 97.17996289424846, ""expected_required_ratio_min"": 1.0833333333333335, ""final_confidence_min"": 84.69779829156316, ""iv_crush_max"": 24.0, ""market_hostility_max"": 20.300115687803896, ""min_top_book_lots"": 0.0, ""premium_elasticity_min"": 0.3, ""regime_confidence_min"": 60.0, ""spread_pct_max"": 0.8658008658008695, ""trade_quality_min"": 42.13740458014928}",MIDCPNIFTY,NSE_INDEX,FYERS_PAPER_PROXY_RESEARCH,PAPER_OVERRIDE::FYERS_PAPER_PROXY_RESEARCH,paper-strategy-8ade763620b6,opportunity-score-8ade763620b6,universe-a8e55c76a270
202608181214_5_MIDCPNIFTY_CE,2026-08-18T06:44:16.858289+00:00,MIDCPNIFTY,2026-08-25,14900.0,CE,90.875,90.6,91.15,18.175,2.0,53.08578666873899,712afad509f5,"{""contract_quality_min"": 0.0, ""direction_min"": 0.0, ""excellent_score_min"": 53.08578666873899, ""execution_quality_min"": 100.0, ""expected_required_ratio_min"": 1.0833333333333335, ""final_confidence_min"": 83.58464445652642, ""iv_crush_max"": 24.0, ""market_hostility_max"": 20.300115687803896, ""min_top_book_lots"": 0.0, ""premium_elasticity_min"": 0.3, ""regime_confidence_min"": 60.0, ""spread_pct_max"": 0.6052269601100538, ""trade_quality_min"": 42.13740458014928}",MIDCPNIFTY,NSE_INDEX,FYERS_PAPER_PROXY_RESEARCH,PAPER_OVERRIDE::FYERS_PAPER_PROXY_RESEARCH,paper-strategy-8ade763620b6,opportunity-score-8ade763620b6,universe-a8e55c76a270
202608181215_1_MIDCPNIFTY_PE,2026-08-18T06:45:34.326326+00:00,MIDCPNIFTY,2026-08-25,14875.0,PE,92.25,91.9,92.6,18.45,2.0,62.771180575472854,712afad509f5,"{""contract_quality_min"": 0.0, ""direction_min"": 7.044075885130676, ""excellent_score_min"": 62.771180575472854, ""execution_quality_min"": 100.0, ""expected_required_ratio_min"": 1.0833333333333335, ""final_confidence_min"": 90.17064647048878, ""iv_crush_max"": 24.0, ""market_hostility_max"": 20.36853152498525, ""min_top_book_lots"": 0.0, ""premium_elasticity_min"": 0.5, ""regime_confidence_min"": 60.0, ""spread_pct_max"": 0.7588075880758685, ""trade_quality_min"": 61.286549707602745}",MIDCPNIFTY,NSE_INDEX,FYERS_PAPER_PROXY_RESEARCH,PAPER_OVERRIDE::FYERS_PAPER_PROXY_RESEARCH,paper-strategy-8ade763620b6,opportunity-score-8ade763620b6,universe-a8e55c76a270
202608181215_2_MIDCPNIFTY_PE,2026-08-18T06:45:34.327053+00:00,MIDCPNIFTY,2026-08-25,14900.0,PE,104.30000000000001,104.15,104.45,20.860000000000003,2.0,62.47118057547285,712afad509f5,"{""contract_quality_min"": 0.0, ""direction_min"": 7.044075885130676, ""excellent_score_min"": 62.47118057547285, ""execution_quality_min"": 100.0, ""expected_required_ratio_min"": 1.0833333333333335, ""final_confidence_min"": 90.17064647048878, ""iv_crush_max"": 24.0, ""market_hostility_max"": 20.36853152498525, ""min_top_book_lots"": 0.0, ""premium_elasticity_min"": 0.7, ""regime_confidence_min"": 60.0, ""spread_pct_max"": 0.28763183125598957, ""trade_quality_min"": 61.286549707602745}",MIDCPNIFTY,NSE_INDEX,FYERS_PAPER_PROXY_RESEARCH,PAPER_OVERRIDE::FYERS_PAPER_PROXY_RESEARCH,paper-strategy-8ade763620b6,opportunity-score-8ade763620b6,universe-a8e55c76a270
202608181215_3_MIDCPNIFTY_PE,2026-08-18T06:45:34.327643+00:00,MIDCPNIFTY,2026-08-25,14850.0,PE,81.875,81.55,82.2,16.375,2.0,59.57118057547285,712afad509f5,"{""contract_quality_min"": 0.0, ""direction_min"": 7.044075885130676, ""excellent_score_min"": 59.57118057547285, ""execution_quality_min"": 100.0, ""expected_required_ratio_min"": 1.0833333333333335, ""final_confidence_min"": 90.17064647048878, ""iv_crush_max"": 24.0, ""market_hostility_max"": 20.36853152498525, ""min_top_book_lots"": 0.0, ""premium_elasticity_min"": 0.3, ""regime_confidence_min"": 60.0, ""spread_pct_max"": 0.7938931297709994, ""trade_quality_min"": 61.286549707602745}",MIDCPNIFTY,NSE_INDEX,FYERS_PAPER_PROXY_RESEARCH,PAPER_OVERRIDE::FYERS_PAPER_PROXY_RESEARCH,paper-strategy-8ade763620b6,opportunity-score-8ade763620b6,universe-a8e55c76a270
202608181215_4_MIDCPNIFTY_CE,2026-08-18T06:45:34.328180+00:00,MIDCPNIFTY,2026-08-25,14900.0,CE,89.975,89.75,90.2,17.995,2.0,58.303246916149334,712afad509f5,"{""contract_quality_min"": 0.0, ""direction_min"": 0.0, ""excellent_score_min"": 58.303246916149334, ""execution_quality_min"": 100.0, ""expected_required_ratio_min"": 1.0833333333333335, ""final_confidence_min"": 88.05742370494957, ""iv_crush_max"": 24.0, ""market_hostility_max"": 20.36853152498525, ""min_top_book_lots"": 0.0, ""premium_elasticity_min"": 0.3, ""regime_confidence_min"": 60.0, ""spread_pct_max"": 0.5001389274798587, ""trade_quality_min"": 61.286549707602745}",MIDCPNIFTY,NSE_INDEX,FYERS_PAPER_PROXY_RESEARCH,PAPER_OVERRIDE::FYERS_PAPER_PROXY_RESEARCH,paper-strategy-8ade763620b6,opportunity-score-8ade763620b6,universe-a8e55c76a270
202608181215_5_BANKNIFTY_PE,2026-08-18T06:45:34.328801+00:00,BANKNIFTY,2026-08-25,57300.0,PE,327.125,326.75,327.5,25.0,2.0,51.02771261482458,2e840ccd58d1,"{""contract_quality_min"": 0.0, ""direction_min"": 3.924924490518164, ""excellent_score_min"": 51.02771261482458, ""execution_quality_min"": 100.0, ""expected_required_ratio_min"": 1.4166666666666667, ""final_confidence_min"": 81.24941663968079, ""iv_crush_max"": 24.0, ""market_hostility_max"": 21.15146411122848, ""min_top_book_lots"": 0.0, ""premium_elasticity_min"": 0.3, ""regime_confidence_min"": 60.0, ""spread_pct_max"": 0.22927015666794037, ""trade_quality_min"": 30.53559322034357}",BANKNIFTY,NSE_INDEX,FYERS_PAPER_PROXY_RESEARCH,PAPER_OVERRIDE::FYERS_PAPER_PROXY_RESEARCH,paper-strategy-8ade763620b6,opportunity-score-8ade763620b6,universe-a8e55c76a270
202608181218_1_MIDCPNIFTY_PE,2026-08-18T06:48:01.716418+00:00,MIDCPNIFTY,2026-08-25,14875.0,PE,92.25,92.05,92.45,18.45,2.0,59.00636882893471,712afad509f5,"{""contract_quality_min"": 0.0, ""direction_min"": 5.2433273617660605, ""excellent_score_min"": 59.00636882893471, ""execution_quality_min"": 100.0, ""expected_required_ratio_min"": 1.0833333333333333, ""final_confidence_min"": 86.77566319095418, ""iv_crush_max"": 24.0, ""market_hostility_max"": 19.632338927566096, ""min_top_book_lots"": 0.0, ""premium_elasticity_min"": 0.5, ""regime_confidence_min"": 60.0, ""spread_pct_max"": 0.43360433604336657, ""trade_quality_min"": 48.29721362229755}",MIDCPNIFTY,NSE_INDEX,FYERS_PAPER_PROXY_RESEARCH,PAPER_OVERRIDE::FYERS_PAPER_PROXY_RESEARCH,paper-strategy-8ade763620b6,opportunity-score-8ade763620b6,universe-a8e55c76a270
202608181218_2_MIDCPNIFTY_PE,2026-08-18T06:48:01.716988+00:00,MIDCPNIFTY,2026-08-25,14900.0,PE,104.0,103.75,104.25,20.8,2.0,58.706368828934714,712afad509f5,"{""contract_quality_min"": 0.0, ""direction_min"": 5.2433273617660605, ""excellent_score_min"": 58.706368828934714, ""execution_quality_min"": 100.0, ""expected_required_ratio_min"": 1.0833333333333333, ""final_confidence_min"": 86.77566319095418, ""iv_crush_max"": 24.0, ""market_hostility_max"": 19.632338927566096, ""min_top_book_lots"": 0.0, ""premium_elasticity_min"": 0.7, ""regime_confidence_min"": 60.0, ""spread_pct_max"": 0.4807692307692308, ""trade_quality_min"": 48.29721362229755}",MIDCPNIFTY,NSE_INDEX,FYERS_PAPER_PROXY_RESEARCH,PAPER_OVERRIDE::FYERS_PAPER_PROXY_RESEARCH,paper-strategy-8ade763620b6,opportunity-score-8ade763620b6,universe-a8e55c76a270
202608181218_3_MIDCPNIFTY_CE,2026-08-18T06:48:01.717658+00:00,MIDCPNIFTY,2026-08-25,14875.0,CE,103.075,102.7,103.45,20.615000000000002,2.0,58.06256990381682,712afad509f5,"{""contract_quality_min"": 0.0, ""direction_min"": 0.0, ""excellent_score_min"": 58.06256990381682, ""execution_quality_min"": 100.0, ""expected_required_ratio_min"": 1.0833333333333333, ""final_confidence_min"": 85.20266498242437, ""iv_crush_max"": 24.0, ""market_hostility_max"": 19.632338927566096, ""min_top_book_lots"": 0.0, ""premium_elasticity_min"": 0.5, ""regime_confidence_min"": 60.0, ""spread_pct_max"": 0.7276255154014066, ""trade_quality_min"": 48.29721362229755}",MIDCPNIFTY,NSE_INDEX,FYERS_PAPER_PROXY_RESEARCH,PAPER_OVERRIDE::FYERS_PAPER_PROXY_RESEARCH,paper-strategy-8ade763620b6,opportunity-score-8ade763620b6,universe-a8e55c76a270
202608181218_4_BANKNIFTY_PE,2026-08-18T06:48:01.720984+00:00,BANKNIFTY,2026-08-25,57300.0,PE,330.575,330.2,330.95,25.0,2.0,55.9202582038229,2e840ccd58d1,"{""contract_quality_min"": 0.0, ""direction_min"": 3.7790806619315735, ""excellent_score_min"": 55.9202582038229, ""execution_quality_min"": 100.0, ""expected_required_ratio_min"": 1.4166666666666665, ""final_confidence_min"": 83.20384840065873, ""iv_crush_max"": 24.0, ""market_hostility_max"": 21.663242613360794, ""min_top_book_lots"": 0.0, ""premium_elasticity_min"": 0.5, ""regime_confidence_min"": 60.0, ""spread_pct_max"": 0.22687741057248736, ""trade_quality_min"": 37.12328767122996}",BANKNIFTY,NSE_INDEX,FYERS_PAPER_PROXY_RESEARCH,PAPER_OVERRIDE::FYERS_PAPER_PROXY_RESEARCH,paper-strategy-8ade763620b6,opportunity-score-8ade763620b6,universe-a8e55c76a270
202608181218_5_MIDCPNIFTY_PE,2026-08-18T06:48:01.723464+00:00,MIDCPNIFTY,2026-08-25,14850.0,PE,81.475,81.15,81.8,16.294999999999998,2.0,55.806368828934716,712afad509f5,"{""contract_quality_min"": 0.0, ""direction_min"": 5.2433273617660605, ""excellent_score_min"": 55.806368828934716, ""execution_quality_min"": 100.0, ""expected_required_ratio_min"": 1.0833333333333333, ""final_confidence_min"": 86.77566319095418, ""iv_crush_max"": 24.0, ""market_hostility_max"": 19.632338927566096, ""min_top_book_lots"": 0.0, ""premium_elasticity_min"": 0.3, ""regime_confidence_min"": 60.0, ""spread_pct_max"": 0.797790733353779, ""trade_quality_min"": 48.29721362229755}",MIDCPNIFTY,NSE_INDEX,FYERS_PAPER_PROXY_RESEARCH,PAPER_OVERRIDE::FYERS_PAPER_PROXY_RESEARCH,paper-strategy-8ade763620b6,opportunity-score-8ade763620b6,universe-a8e55c76a270
202608181219_1_MIDCPNIFTY_PE,2026-08-18T06:49:15.182656+00:00,MIDCPNIFTY,2026-08-25,14900.0,PE,103.67500000000001,103.45,103.9,20.735000000000003,2.0,54.66824614234085,712afad509f5,"{""contract_quality_min"": 0.0, ""direction_min"": 3.979872065936604, ""excellent_score_min"": 54.66824614234085, ""execution_quality_min"": 100.0, ""expected_required_ratio_min"": 1.0833333333333335, ""final_confidence_min"": 82.48294572217047, ""iv_crush_max"": 24.0, ""market_hostility_max"": 19.600685394505017, ""min_top_book_lots"": 0.0, ""premium_elasticity_min"": 0.7, ""regime_confidence_min"": 60.0, ""spread_pct_max"": 0.43404870991078154, ""trade_quality_min"": 34.61988304093324}",MIDCPNIFTY,NSE_INDEX,FYERS_PAPER_PROXY_RESEARCH,PAPER_OVERRIDE::FYERS_PAPER_PROXY_RESEARCH,paper-strategy-8ade763620b6,opportunity-score-8ade763620b6,universe-a8e55c76a270
202608181219_2_BANKNIFTY_CE,2026-08-18T06:49:15.183251+00:00,BANKNIFTY,2026-08-25,57400.0,CE,421.35,421.0,421.7,25.0,2.0,51.821866243064115,2e840ccd58d1,"{""contract_quality_min"": 0.0, ""direction_min"": 0.0, ""excellent_score_min"": 51.821866243064115, ""execution_quality_min"": 100.0, ""expected_required_ratio_min"": 1.4166666666666667, ""final_confidence_min"": 81.83947378769886, ""iv_crush_max"": 24.0, ""market_hostility_max"": 21.646855155062248, ""min_top_book_lots"": 0.0, ""premium_elasticity_min"": 0.3, ""regime_confidence_min"": 60.0, ""spread_pct_max"": 0.16613266880265543, ""trade_quality_min"": 36.32653061223914}",BANKNIFTY,NSE_INDEX,FYERS_PAPER_PROXY_RESEARCH,PAPER_OVERRIDE::FYERS_PAPER_PROXY_RESEARCH,paper-strategy-8ade763620b6,opportunity-score-8ade763620b6,universe-a8e55c76a270
202608181219_3_MIDCPNIFTY_PE,2026-08-18T06:49:15.183850+00:00,MIDCPNIFTY,2026-08-25,14850.0,PE,81.32499999999999,81.1,81.55,16.264999999999997,2.0,51.76824614234085,712afad509f5,"{""contract_quality_min"": 0.0, ""direction_min"": 3.979872065936604, ""excellent_score_min"": 51.76824614234085, ""execution_quality_min"": 100.0, ""expected_required_ratio_min"": 1.0833333333333335, ""final_confidence_min"": 82.48294572217047, ""iv_crush_max"": 24.0, ""market_hostility_max"": 19.600685394505017, ""min_top_book_lots"": 0.0, ""premium_elasticity_min"": 0.3, ""regime_confidence_min"": 60.0, ""spread_pct_max"": 0.5533353827236432, ""trade_quality_min"": 34.61988304093324}",MIDCPNIFTY,NSE_INDEX,FYERS_PAPER_PROXY_RESEARCH,PAPER_OVERRIDE::FYERS_PAPER_PROXY_RESEARCH,paper-strategy-8ade763620b6,opportunity-score-8ade763620b6,universe-a8e55c76a270
202608181219_4_MIDCPNIFTY_CE,2026-08-18T06:49:15.184354+00:00,MIDCPNIFTY,2026-08-25,14900.0,CE,90.275,90.0,90.55,18.055000000000003,2.0,51.05186917047226,712afad509f5,"{""contract_quality_min"": 0.0, ""direction_min"": 0.0, ""excellent_score_min"": 51.05186917047226, ""execution_quality_min"": 100.0, ""expected_required_ratio_min"": 1.0833333333333335, ""final_confidence_min"": 81.28898410238948, ""iv_crush_max"": 24.0, ""market_hostility_max"": 19.600685394505017, ""min_top_book_lots"": 0.0, ""premium_elasticity_min"": 0.3, ""regime_confidence_min"": 60.0, ""spread_pct_max"": 0.6092495153697005, ""trade_quality_min"": 34.61988304093324}",MIDCPNIFTY,NSE_INDEX,FYERS_PAPER_PROXY_RESEARCH,PAPER_OVERRIDE::FYERS_PAPER_PROXY_RESEARCH,paper-strategy-8ade763620b6,opportunity-score-8ade763620b6,universe-a8e55c76a270
202608181219_5_FINNIFTY_PE,2026-08-18T06:49:15.184856+00:00,FINNIFTY,2026-08-25,26100.0,PE,136.625,136.3,136.95,25.0,2.0,49.87008145723185,e172b0fef65b,"{""contract_quality_min"": 0.0, ""direction_min"": 2.6905606799778403, ""excellent_score_min"": 49.87008145723185, ""execution_quality_min"": 100.0, ""expected_required_ratio_min"": 1.25, ""final_confidence_min"": 80.21854473191796, ""iv_crush_max"": 24.0, ""market_hostility_max"": 21.809963904897455, ""min_top_book_lots"": 0.0, ""premium_elasticity_min"": 0.3, ""regime_confidence_min"": 60.0, ""spread_pct_max"": 0.4757548032936705, ""trade_quality_min"": 27.716535433070955}",FINNIFTY,NSE_INDEX,FYERS_PAPER_PROXY_RESEARCH,PAPER_OVERRIDE::FYERS_PAPER_PROXY_RESEARCH,paper-strategy-8ade763620b6,opportunity-score-8ade763620b6,universe-a8e55c76a270
202608181220_1_MIDCPNIFTY_PE,2026-08-18T06:50:22.296655+00:00,MIDCPNIFTY,2026-08-25,14875.0,PE,92.42500000000001,92.15,92.7,18.485000000000003,2.0,56.567344770974614,712afad509f5,"{""contract_quality_min"": 0.0, ""direction_min"": 4.330023062078961, ""excellent_score_min"": 56.567344770974614, ""execution_quality_min"": 100.0, ""expected_required_ratio_min"": 1.0833333333333335, ""final_confidence_min"": 84.1868866368814, ""iv_crush_max"": 24.0, ""market_hostility_max"": 19.44441454592726, ""min_top_book_lots"": 0.0, ""premium_elasticity_min"": 0.5, ""regime_confidence_min"": 60.0, ""spread_pct_max"": 0.5950770895320499, ""trade_quality_min"": 40.12461059189851}",MIDCPNIFTY,NSE_INDEX,FYERS_PAPER_PROXY_RESEARCH,PAPER_OVERRIDE::FYERS_PAPER_PROXY_RESEARCH,paper-strategy-8ade763620b6,opportunity-score-8ade763620b6,universe-a8e55c76a270
202608181220_2_MIDCPNIFTY_PE,2026-08-18T06:50:22.297611+00:00,MIDCPNIFTY,2026-08-25,14900.0,PE,104.05000000000001,103.9,104.2,20.810000000000002,2.0,56.26734477097462,712afad509f5,"{""contract_quality_min"": 0.0, ""direction_min"": 4.330023062078961, ""excellent_score_min"": 56.26734477097462, ""execution_quality_min"": 100.0, ""expected_required_ratio_min"": 1.0833333333333335, ""final_confidence_min"": 84.1868866368814, ""iv_crush_max"": 24.0, ""market_hostility_max"": 19.44441454592726, ""min_top_book_lots"": 0.0, ""premium_elasticity_min"": 0.7, ""regime_confidence_min"": 60.0, ""spread_pct_max"": 0.2883229216722702, ""trade_quality_min"": 40.12461059189851}",MIDCPNIFTY,NSE_INDEX,FYERS_PAPER_PROXY_RESEARCH,PAPER_OVERRIDE::FYERS_PAPER_PROXY_RESEARCH,paper-strategy-8ade763620b6,opportunity-score-8ade763620b6,universe-a8e55c76a270
202608181220_3_MIDCPNIFTY_CE,2026-08-18T06:50:22.298041+00:00,MIDCPNIFTY,2026-08-25,14900.0,CE,89.9,89.65,90.15,17.98,2.0,52.5879406198004,712afad509f5,"{""contract_quality_min"": 0.0, ""direction_min"": 0.0, ""excellent_score_min"": 52.5879406198004, ""execution_quality_min"": 100.0, ""expected_required_ratio_min"": 1.0833333333333335, ""final_confidence_min"": 82.88787971825771, ""iv_crush_max"": 24.0, ""market_hostility_max"": 19.44441454592726, ""min_top_book_lots"": 0.0, ""premium_elasticity_min"": 0.3, ""regime_confidence_min"": 60.0, ""spread_pct_max"": 0.5561735261401557, ""trade_quality_min"": 40.12461059189851}",MIDCPNIFTY,NSE_INDEX,FYERS_PAPER_PROXY_RESEARCH,PAPER_OVERRIDE::FYERS_PAPER_PROXY_RESEARCH,paper-strategy-8ade763620b6,opportunity-score-8ade763620b6,universe-a8e55c76a270
202608181220_4_HINDALCO_CE,2026-08-18T06:50:22.298587+00:00,HINDALCO,2026-08-25,1020.0,CE,29.4,29.25,29.55,5.88,2.0,24.52701250510394,0b8f346aac89,"{""contract_quality_min"": 0.0, ""direction_min"": 0.0, ""excellent_score_min"": 24.52701250510394, ""execution_quality_min"": 90.5539358600582, ""expected_required_ratio_min"": 1.1666666666666667, ""final_confidence_min"": 68.91060443316033, ""iv_crush_max"": 24.0, ""market_hostility_max"": 22.59388660221499, ""min_top_book_lots"": 0.0, ""premium_elasticity_min"": 0.7, ""regime_confidence_min"": 60.0, ""spread_pct_max"": 1.0204081632653086, ""trade_quality_min"": 13.33333333333165}",HINDALCO,NSE_STOCK_OPTION,FYERS_PAPER_PROXY_RESEARCH,PAPER_OVERRIDE::FYERS_PAPER_PROXY_RESEARCH,paper-strategy-8ade763620b6,opportunity-score-8ade763620b6,universe-a8e55c76a270
202608181220_5_HINDALCO_PE,2026-08-18T06:50:22.299074+00:00,HINDALCO,2026-08-25,1060.0,PE,23.4,23.25,23.55,4.68,2.0,22.94444641383746,0b8f346aac89,"{""contract_quality_min"": 0.0, ""direction_min"": 2.296650717703001, ""excellent_score_min"": 22.94444641383746, ""execution_quality_min"": 79.34065934065922, ""expected_required_ratio_min"": 1.1666666666666667, ""final_confidence_min"": 66.45988222303953, ""iv_crush_max"": 24.0, ""market_hostility_max"": 22.59388660221499, ""min_top_book_lots"": 0.0, ""premium_elasticity_min"": 0.7, ""regime_confidence_min"": 60.0, ""spread_pct_max"": 1.282051282051285, ""trade_quality_min"": 13.33333333333165}",HINDALCO,NSE_STOCK_OPTION,FYERS_PAPER_PROXY_RESEARCH,PAPER_OVERRIDE::FYERS_PAPER_PROXY_RESEARCH,paper-strategy-8ade763620b6,opportunity-score-8ade763620b6,universe-a8e55c76a270
202608181222_1_MIDCPNIFTY_PE,2026-08-18T06:52:38.600262+00:00,MIDCPNIFTY,2026-08-25,14875.0,PE,93.2,93.0,93.4,18.64,2.0,54.74585350242907,712afad509f5,"{""contract_quality_min"": 0.0, ""direction_min"": 3.3898305084741844, ""excellent_score_min"": 54.74585350242907, ""execution_quality_min"": 100.0, ""expected_required_ratio_min"": 1.0833333333333335, ""final_confidence_min"": 82.58190114969702, ""iv_crush_max"": 24.0, ""market_hostility_max"": 19.391586903740325, ""min_top_book_lots"": 0.0, ""premium_elasticity_min"": 0.7, ""regime_confidence_min"": 60.0, ""spread_pct_max"": 0.42918454935622924, ""trade_quality_min"": 35.24475524475297}",MIDCPNIFTY,NSE_INDEX,FYERS_PAPER_PROXY_RESEARCH,PAPER_OVERRIDE::FYERS_PAPER_PROXY_RESEARCH,paper-strategy-8ade763620b6,opportunity-score-8ade763620b6,universe-a8e55c76a270
202608181222_2_MIDCPNIFTY_CE,2026-08-18T06:52:38.600801+00:00,MIDCPNIFTY,2026-08-25,14850.0,CE,115.4,115.05,115.75,23.080000000000002,2.0,54.43568401090373,712afad509f5,"{""contract_quality_min"": 0.0, ""direction_min"": 0.0, ""excellent_score_min"": 54.43568401090373, ""execution_quality_min"": 100.0, ""expected_required_ratio_min"": 1.0833333333333335, ""final_confidence_min"": 81.56495199715476, ""iv_crush_max"": 24.0, ""market_hostility_max"": 19.391586903740325, ""min_top_book_lots"": 0.0, ""premium_elasticity_min"": 0.5, ""regime_confidence_min"": 60.0, ""spread_pct_max"": 0.6065857885615276, ""trade_quality_min"": 35.24475524475297}",MIDCPNIFTY,NSE_INDEX,FYERS_PAPER_PROXY_RESEARCH,PAPER_OVERRIDE::FYERS_PAPER_PROXY_RESEARCH,paper-strategy-8ade763620b6,opportunity-score-8ade763620b6,universe-a8e55c76a270
202608181222_3_BANKNIFTY_PE,2026-08-18T06:52:38.601520+00:00,BANKNIFTY,2026-08-25,57300.0,PE,325.225,325.0,325.45,25.0,2.0,46.22251909153091,2e840ccd58d1,"{""contract_quality_min"": 0.0, ""direction_min"": 0.0, ""excellent_score_min"": 46.22251909153091, ""execution_quality_min"": 100.0, ""expected_required_ratio_min"": 1.4166666666666665, ""final_confidence_min"": 72.66225759082496, ""iv_crush_max"": 24.0, ""market_hostility_max"": 20.89540966615823, ""min_top_book_lots"": 0.0, ""premium_elasticity_min"": 0.5, ""regime_confidence_min"": 60.0, ""spread_pct_max"": 0.13836574679067987, ""trade_quality_min"": 4.048582995951895}",BANKNIFTY,NSE_INDEX,FYERS_PAPER_PROXY_RESEARCH,PAPER_OVERRIDE::FYERS_PAPER_PROXY_RESEARCH,paper-strategy-8ade763620b6,opportunity-score-8ade763620b6,universe-a8e55c76a270
202608181222_4_BANKNIFTY_PE,2026-08-18T06:52:38.602110+00:00,BANKNIFTY,2026-08-25,57400.0,PE,370.375,370.0,370.75,25.0,2.0,45.92251909153091,2e840ccd58d1,"{""contract_quality_min"": 0.0, ""direction_min"": 0.0, ""excellent_score_min"": 45.92251909153091, ""execution_quality_min"": 100.0, ""expected_required_ratio_min"": 1.4166666666666665, ""final_confidence_min"": 72.66225759082496, ""iv_crush_max"": 24.0, ""market_hostility_max"": 20.89540966615823, ""min_top_book_lots"": 0.0, ""premium_elasticity_min"": 0.7, ""regime_confidence_min"": 60.0, ""spread_pct_max"": 0.20249746878164024, ""trade_quality_min"": 4.048582995951895}",BANKNIFTY,NSE_INDEX,FYERS_PAPER_PROXY_RESEARCH,PAPER_OVERRIDE::FYERS_PAPER_PROXY_RESEARCH,paper-strategy-8ade763620b6,opportunity-score-8ade763620b6,universe-a8e55c76a270
202608181222_5_RELIANCE_PE,2026-08-18T06:52:38.602581+00:00,RELIANCE,2026-08-25,1340.0,PE,22.225,22.1,22.35,4.445,2.0,28.05688914404324,3ba6a2c9a638,"{""contract_quality_min"": 0.0, ""direction_min"": 4.22482082233147, ""excellent_score_min"": 28.05688914404324, ""execution_quality_min"": 86.0774546038888, ""expected_required_ratio_min"": 1.1666666666666667, ""final_confidence_min"": 72.63541041243859, ""iv_crush_max"": 24.0, ""market_hostility_max"": 23.14663951120131, ""min_top_book_lots"": 0.0, ""premium_elasticity_min"": 0.7, ""regime_confidence_min"": 60.0, ""spread_pct_max"": 1.124859392575928, ""trade_quality_min"": 26.666666666666664}",RELIANCE,NSE_STOCK_OPTION,FYERS_PAPER_PROXY_RESEARCH,PAPER_OVERRIDE::FYERS_PAPER_PROXY_RESEARCH,paper-strategy-8ade763620b6,opportunity-score-8ade763620b6,universe-a8e55c76a270
202608181225_1_MIDCPNIFTY_PE,2026-08-18T06:55:54.013139+00:00,MIDCPNIFTY,2026-08-25,14875.0,PE,92.19999999999999,91.85,92.55,18.439999999999998,2.0,50.26039668214885,712afad509f5,"{""contract_quality_min"": 0.0, ""direction_min"": 1.6145253463661406, ""excellent_score_min"": 50.26039668214885, ""execution_quality_min"": 100.0, ""expected_required_ratio_min"": 1.0833333333333335, ""final_confidence_min"": 77.50217880195325, ""iv_crush_max"": 24.0, ""market_hostility_max"": 19.41780307362449, ""min_top_book_lots"": 0.0, ""premium_elasticity_min"": 0.5, ""regime_confidence_min"": 60.0, ""spread_pct_max"": 0.7592190889370964, ""trade_quality_min"": 19.199999999994414}",MIDCPNIFTY,NSE_INDEX,FYERS_PAPER_PROXY_RESEARCH,PAPER_OVERRIDE::FYERS_PAPER_PROXY_RESEARCH,paper-strategy-8ade763620b6,opportunity-score-8ade763620b6,universe-a8e55c76a270
202608181225_2_MIDCPNIFTY_PE,2026-08-18T06:55:54.013695+00:00,MIDCPNIFTY,2026-08-25,14900.0,PE,104.1,103.9,104.3,20.82,2.0,49.960396682148854,712afad509f5,"{""contract_quality_min"": 0.0, ""direction_min"": 1.6145253463661406, ""excellent_score_min"": 49.960396682148854, ""execution_quality_min"": 100.0, ""expected_required_ratio_min"": 1.0833333333333335, ""final_confidence_min"": 77.50217880195325, ""iv_crush_max"": 24.0, ""market_hostility_max"": 19.41780307362449, ""min_top_book_lots"": 0.0, ""premium_elasticity_min"": 0.7, ""regime_confidence_min"": 60.0, ""spread_pct_max"": 0.3842459173871196, ""trade_quality_min"": 19.199999999994414}",MIDCPNIFTY,NSE_INDEX,FYERS_PAPER_PROXY_RESEARCH,PAPER_OVERRIDE::FYERS_PAPER_PROXY_RESEARCH,paper-strategy-8ade763620b6,opportunity-score-8ade763620b6,universe-a8e55c76a270
202608181225_3_MIDCPNIFTY_PE,2026-08-18T06:55:54.014213+00:00,MIDCPNIFTY,2026-08-25,14850.0,PE,81.05,80.8,81.3,16.21,2.0,47.06039668214885,712afad509f5,"{""contract_quality_min"": 0.0, ""direction_min"": 1.6145253463661406, ""excellent_score_min"": 47.06039668214885, ""execution_quality_min"": 100.0, ""expected_required_ratio_min"": 1.0833333333333335, ""final_confidence_min"": 77.50217880195325, ""iv_crush_max"": 24.0, ""market_hostility_max"": 19.41780307362449, ""min_top_book_lots"": 0.0, ""premium_elasticity_min"": 0.3, ""regime_confidence_min"": 60.0, ""spread_pct_max"": 0.6169031462060457, ""trade_quality_min"": 19.199999999994414}",MIDCPNIFTY,NSE_INDEX,FYERS_PAPER_PROXY_RESEARCH,PAPER_OVERRIDE::FYERS_PAPER_PROXY_RESEARCH,paper-strategy-8ade763620b6,opportunity-score-8ade763620b6,universe-a8e55c76a270
202608181225_4_MIDCPNIFTY_CE,2026-08-18T06:55:54.014827+00:00,MIDCPNIFTY,2026-08-25,14900.0,CE,89.1,88.9,89.3,17.82,2.0,46.76978211980295,712afad509f5,"{""contract_quality_min"": 0.0, ""direction_min"": 0.0, ""excellent_score_min"": 46.76978211980295, ""execution_quality_min"": 100.0, ""expected_required_ratio_min"": 1.0833333333333335, ""final_confidence_min"": 77.0178211980434, ""iv_crush_max"": 24.0, ""market_hostility_max"": 19.41780307362449, ""min_top_book_lots"": 0.0, ""premium_elasticity_min"": 0.3, ""regime_confidence_min"": 60.0, ""spread_pct_max"": 0.4489337822671061, ""trade_quality_min"": 19.199999999994414}",MIDCPNIFTY,NSE_INDEX,FYERS_PAPER_PROXY_RESEARCH,PAPER_OVERRIDE::FYERS_PAPER_PROXY_RESEARCH,paper-strategy-8ade763620b6,opportunity-score-8ade763620b6,universe-a8e55c76a270
202608181225_5_BANKNIFTY_PE,2026-08-18T06:55:54.015326+00:00,BANKNIFTY,2026-08-25,57400.0,PE,361.375,361.0,361.75,25.0,2.0,46.65121746892942,2e840ccd58d1,"{""contract_quality_min"": 0.0, ""direction_min"": 0.5858506603892893, ""excellent_score_min"": 46.65121746892942, ""execution_quality_min"": 100.0, ""expected_required_ratio_min"": 1.4166666666666667, ""final_confidence_min"": 73.43403144521125, ""iv_crush_max"": 24.0, ""market_hostility_max"": 20.74609925244333, ""min_top_book_lots"": 0.0, ""premium_elasticity_min"": 0.7, ""regime_confidence_min"": 60.0, ""spread_pct_max"": 0.20754064337599448, ""trade_quality_min"": 6.153846153842874}",BANKNIFTY,NSE_INDEX,FYERS_PAPER_PROXY_RESEARCH,PAPER_OVERRIDE::FYERS_PAPER_PROXY_RESEARCH,paper-strategy-8ade763620b6,opportunity-score-8ade763620b6,universe-a8e55c76a270
202608181227_1_MIDCPNIFTY_PE,2026-08-18T06:57:04.648602+00:00,MIDCPNIFTY,2026-08-25,14875.0,PE,90.8,90.5,91.1,18.16,2.0,46.82455329682618,712afad509f5,"{""contract_quality_min"": 0.0, ""direction_min"": 0.6457775565385832, ""excellent_score_min"": 46.82455329682618, ""execution_quality_min"": 100.0, ""expected_required_ratio_min"": 1.0833333333333333, ""final_confidence_min"": 73.84686663347792, ""iv_crush_max"": 24.0, ""market_hostility_max"": 19.286827310587686, ""min_top_book_lots"": 0.0, ""premium_elasticity_min"": 0.5, ""regime_confidence_min"": 60.0, ""spread_pct_max"": 0.660792951541844, ""trade_quality_min"": 7.499999999990408}",MIDCPNIFTY,NSE_INDEX,FYERS_PAPER_PROXY_RESEARCH,PAPER_OVERRIDE::FYERS_PAPER_PROXY_RESEARCH,paper-strategy-8ade763620b6,opportunity-score-8ade763620b6,universe-a8e55c76a270
202608181227_2_MIDCPNIFTY_PE,2026-08-18T06:57:04.649183+00:00,MIDCPNIFTY,2026-08-25,14900.0,PE,103.125,102.9,103.35,20.625,2.0,46.524553296826184,712afad509f5,"{""contract_quality_min"": 0.0, ""direction_min"": 0.6457775565385832, ""excellent_score_min"": 46.524553296826184, ""execution_quality_min"": 100.0, ""expected_required_ratio_min"": 1.0833333333333333, ""final_confidence_min"": 73.84686663347792, ""iv_crush_max"": 24.0, ""market_hostility_max"": 19.286827310587686, ""min_top_book_lots"": 0.0, ""premium_elasticity_min"": 0.7, ""regime_confidence_min"": 60.0, ""spread_pct_max"": 0.43636363636362535, ""trade_quality_min"": 7.499999999990408}",MIDCPNIFTY,NSE_INDEX,FYERS_PAPER_PROXY_RESEARCH,PAPER_OVERRIDE::FYERS_PAPER_PROXY_RESEARCH,paper-strategy-8ade763620b6,opportunity-score-8ade763620b6,universe-a8e55c76a270
202608181227_3_MIDCPNIFTY_PE,2026-08-18T06:57:04.649645+00:00,MIDCPNIFTY,2026-08-25,14850.0,PE,80.45,80.15,80.75,16.09,2.0,43.624553296826186,712afad509f5,"{""contract_quality_min"": 0.0, ""direction_min"": 0.6457775565385832, ""excellent_score_min"": 43.624553296826186, ""execution_quality_min"": 100.0, ""expected_required_ratio_min"": 1.0833333333333333, ""final_confidence_min"": 73.84686663347792, ""iv_crush_max"": 24.0, ""market_hostility_max"": 19.286827310587686, ""min_top_book_lots"": 0.0, ""premium_elasticity_min"": 0.3, ""regime_confidence_min"": 60.0, ""spread_pct_max"": 0.7458048477315031, ""trade_quality_min"": 7.499999999990408}",MIDCPNIFTY,NSE_INDEX,FYERS_PAPER_PROXY_RESEARCH,PAPER_OVERRIDE::FYERS_PAPER_PROXY_RESEARCH,paper-strategy-8ade763620b6,opportunity-score-8ade763620b6,universe-a8e55c76a270
202608181227_4_MIDCPNIFTY_CE,2026-08-18T06:57:04.650204+00:00,MIDCPNIFTY,2026-08-25,14900.0,CE,90.275,90.0,90.55,18.055000000000003,2.0,43.50831333664924,712afad509f5,"{""contract_quality_min"": 0.0, ""direction_min"": 0.0, ""excellent_score_min"": 43.50831333664924, ""execution_quality_min"": 100.0, ""expected_required_ratio_min"": 1.0833333333333333, ""final_confidence_min"": 73.65313336651634, ""iv_crush_max"": 24.0, ""market_hostility_max"": 19.286827310587686, ""min_top_book_lots"": 0.0, ""premium_elasticity_min"": 0.3, ""regime_confidence_min"": 60.0, ""spread_pct_max"": 0.6092495153697005, ""trade_quality_min"": 7.499999999990408}",MIDCPNIFTY,NSE_INDEX,FYERS_PAPER_PROXY_RESEARCH,PAPER_OVERRIDE::FYERS_PAPER_PROXY_RESEARCH,paper-strategy-8ade763620b6,opportunity-score-8ade763620b6,universe-a8e55c76a270
202608181227_5_HCLTECH_CE,2026-08-18T06:57:04.650807+00:00,HCLTECH,2026-08-25,1290.0,CE,25.450000000000003,25.3,25.6,5.090000000000001,2.0,37.48420546024449,bd3813497287,"{""contract_quality_min"": 0.0, ""direction_min"": 0.0, ""excellent_score_min"": 37.48420546024449, ""execution_quality_min"": 83.76648891383654, ""expected_required_ratio_min"": 1.1666666666666665, ""final_confidence_min"": 77.06041768163605, ""iv_crush_max"": 24.0, ""market_hostility_max"": 26.619238579985513, ""min_top_book_lots"": 0.0, ""premium_elasticity_min"": 0.7, ""regime_confidence_min"": 60.0, ""spread_pct_max"": 1.178781925343814, ""trade_quality_min"": 70.0000000000071}",HCLTECH,NSE_STOCK_OPTION,FYERS_PAPER_PROXY_RESEARCH,PAPER_OVERRIDE::FYERS_PAPER_PROXY_RESEARCH,paper-strategy-8ade763620b6,opportunity-score-8ade763620b6,universe-a8e55c76a270
202608181228_1_MIDCPNIFTY_PE,2026-08-18T06:58:15.826289+00:00,MIDCPNIFTY,2026-08-25,14875.0,PE,90.65,90.45,90.85,18.130000000000003,2.0,47.30470169418074,712afad509f5,"{""contract_quality_min"": 0.0, ""direction_min"": 0.8878515673604973, ""excellent_score_min"": 47.30470169418074, ""execution_quality_min"": 100.0, ""expected_required_ratio_min"": 1.0833333333333335, ""final_confidence_min"": 74.35482721963935, ""iv_crush_max"": 24.0, ""market_hostility_max"": 19.44827091404796, ""min_top_book_lots"": 0.0, ""premium_elasticity_min"": 0.5, ""regime_confidence_min"": 60.0, ""spread_pct_max"": 0.44125758411471755, ""trade_quality_min"": 9.072164948450927}",MIDCPNIFTY,NSE_INDEX,FYERS_PAPER_PROXY_RESEARCH,PAPER_OVERRIDE::FYERS_PAPER_PROXY_RESEARCH,paper-strategy-8ade763620b6,opportunity-score-8ade763620b6,universe-a8e55c76a270
202608181228_2_MIDCPNIFTY_PE,2026-08-18T06:58:15.826914+00:00,MIDCPNIFTY,2026-08-25,14900.0,PE,101.725,101.45,102.0,20.345,2.0,47.00470169418074,712afad509f5,"{""contract_quality_min"": 0.0, ""direction_min"": 0.8878515673604973, ""excellent_score_min"": 47.00470169418074, ""execution_quality_min"": 100.0, ""expected_required_ratio_min"": 1.0833333333333335, ""final_confidence_min"": 74.35482721963935, ""iv_crush_max"": 24.0, ""market_hostility_max"": 19.44827091404796, ""min_top_book_lots"": 0.0, ""premium_elasticity_min"": 0.7, ""regime_confidence_min"": 60.0, ""spread_pct_max"": 0.5406733841238606, ""trade_quality_min"": 9.072164948450927}",MIDCPNIFTY,NSE_INDEX,FYERS_PAPER_PROXY_RESEARCH,PAPER_OVERRIDE::FYERS_PAPER_PROXY_RESEARCH,paper-strategy-8ade763620b6,opportunity-score-8ade763620b6,universe-a8e55c76a270
202608181228_3_BANKNIFTY_CE,2026-08-18T06:58:15.827398+00:00,BANKNIFTY,2026-08-25,57300.0,CE,483.675,483.35,484.0,25.0,2.0,45.22907315596599,2e840ccd58d1,"{""contract_quality_min"": 0.0, ""direction_min"": 0.0, ""excellent_score_min"": 45.22907315596599, ""execution_quality_min"": 100.0, ""expected_required_ratio_min"": 1.4166666666666667, ""final_confidence_min"": 71.92929963304405, ""iv_crush_max"": 24.0, ""market_hostility_max"": 20.821203162954493, ""min_top_book_lots"": 0.0, ""premium_elasticity_min"": 0.7, ""regime_confidence_min"": 60.0, ""spread_pct_max"": 0.13438776037628103, ""trade_quality_min"": 1.4937759336008387}",BANKNIFTY,NSE_INDEX,FYERS_PAPER_PROXY_RESEARCH,PAPER_OVERRIDE::FYERS_PAPER_PROXY_RESEARCH,paper-strategy-8ade763620b6,opportunity-score-8ade763620b6,universe-a8e55c76a270
202608181228_4_MIDCPNIFTY_PE,2026-08-18T06:58:15.828072+00:00,MIDCPNIFTY,2026-08-25,14850.0,PE,79.875,79.6,80.15,15.975000000000001,2.0,44.10470169418075,712afad509f5,"{""contract_quality_min"": 0.0, ""direction_min"": 0.8878515673604973, ""excellent_score_min"": 44.10470169418075, ""execution_quality_min"": 100.0, ""expected_required_ratio_min"": 1.0833333333333335, ""final_confidence_min"": 74.35482721963935, ""iv_crush_max"": 24.0, ""market_hostility_max"": 19.44827091404796, ""min_top_book_lots"": 0.0, ""premium_elasticity_min"": 0.3, ""regime_confidence_min"": 60.0, ""spread_pct_max"": 0.6885758998435197, ""trade_quality_min"": 9.072164948450927}",MIDCPNIFTY,NSE_INDEX,FYERS_PAPER_PROXY_RESEARCH,PAPER_OVERRIDE::FYERS_PAPER_PROXY_RESEARCH,paper-strategy-8ade763620b6,opportunity-score-8ade763620b6,universe-a8e55c76a270
202608181228_5_MIDCPNIFTY_CE,2026-08-18T06:58:15.828619+00:00,MIDCPNIFTY,2026-08-25,14900.0,CE,90.5,90.2,90.8,18.1,2.0,43.94488841205585,712afad509f5,"{""contract_quality_min"": 0.0, ""direction_min"": 0.0, ""excellent_score_min"": 43.94488841205585, ""execution_quality_min"": 100.0, ""expected_required_ratio_min"": 1.0833333333333335, ""final_confidence_min"": 74.0884717494312, ""iv_crush_max"": 24.0, ""market_hostility_max"": 19.44827091404796, ""min_top_book_lots"": 0.0, ""premium_elasticity_min"": 0.3, ""regime_confidence_min"": 60.0, ""spread_pct_max"": 0.6629834254143584, ""trade_quality_min"": 9.072164948450927}",MIDCPNIFTY,NSE_INDEX,FYERS_PAPER_PROXY_RESEARCH,PAPER_OVERRIDE::FYERS_PAPER_PROXY_RESEARCH,paper-strategy-8ade763620b6,opportunity-score-8ade763620b6,universe-a8e55c76a270
202608181230_1_BANKNIFTY_PE,2026-08-18T07:00:28.015003+00:00,BANKNIFTY,2026-08-25,57400.0,PE,357.075,356.7,357.45,25.0,2.0,56.98271212084672,2e840ccd58d1,"{""contract_quality_min"": 0.0, ""direction_min"": 0.0, ""excellent_score_min"": 56.98271212084672, ""execution_quality_min"": 100.0, ""expected_required_ratio_min"": 1.4166666666666667, ""final_confidence_min"": 83.50338243813523, ""iv_crush_max"": 24.0, ""market_hostility_max"": 20.581528882116153, ""min_top_book_lots"": 0.0, ""premium_elasticity_min"": 0.5, ""regime_confidence_min"": 60.0, ""spread_pct_max"": 0.21003990758244068, ""trade_quality_min"": 42.43902439024893}",BANKNIFTY,NSE_INDEX,FYERS_PAPER_PROXY_RESEARCH,PAPER_OVERRIDE::FYERS_PAPER_PROXY_RESEARCH,paper-strategy-8ade763620b6,opportunity-score-8ade763620b6,universe-a8e55c76a270
202608181230_2_BANKNIFTY_CE,2026-08-18T07:00:28.015565+00:00,BANKNIFTY,2026-08-25,57500.0,CE,382.3,382.05,382.55,25.0,2.0,54.65670197557405,2e840ccd58d1,"{""contract_quality_min"": 0.0, ""direction_min"": 4.855499192929616, ""excellent_score_min"": 54.65670197557405, ""execution_quality_min"": 100.0, ""expected_required_ratio_min"": 1.4166666666666667, ""final_confidence_min"": 84.96003219601413, ""iv_crush_max"": 24.0, ""market_hostility_max"": 20.581528882116153, ""min_top_book_lots"": 0.0, ""premium_elasticity_min"": 0.3, ""regime_confidence_min"": 60.0, ""spread_pct_max"": 0.13078733978550877, ""trade_quality_min"": 42.43902439024893}",BANKNIFTY,NSE_INDEX,FYERS_PAPER_PROXY_RESEARCH,PAPER_OVERRIDE::FYERS_PAPER_PROXY_RESEARCH,paper-strategy-8ade763620b6,opportunity-score-8ade763620b6,universe-a8e55c76a270
202608181230_3_MIDCPNIFTY_PE,2026-08-18T07:00:28.016083+00:00,MIDCPNIFTY,2026-08-25,14875.0,PE,87.35,87.0,87.7,17.47,2.0,54.50024698328134,712afad509f5,"{""contract_quality_min"": 0.0, ""direction_min"": 0.0, ""excellent_score_min"": 54.50024698328134, ""execution_quality_min"": 99.94112355875365, ""expected_required_ratio_min"": 1.0833333333333335, ""final_confidence_min"": 81.70110707533853, ""iv_crush_max"": 24.0, ""market_hostility_max"": 19.308697314013788, ""min_top_book_lots"": 0.0, ""premium_elasticity_min"": 0.5, ""regime_confidence_min"": 60.0, ""spread_pct_max"": 0.8013737836290817, ""trade_quality_min"": 35.48387096773777}",MIDCPNIFTY,NSE_INDEX,FYERS_PAPER_PROXY_RESEARCH,PAPER_OVERRIDE::FYERS_PAPER_PROXY_RESEARCH,paper-strategy-8ade763620b6,opportunity-score-8ade763620b6,universe-a8e55c76a270
202608181230_4_MIDCPNIFTY_PE,2026-08-18T07:00:28.016631+00:00,MIDCPNIFTY,2026-08-25,14900.0,PE,100.725,100.45,101.0,20.145,2.0,54.209078449468294,712afad509f5,"{""contract_quality_min"": 0.0, ""direction_min"": 0.0, ""excellent_score_min"": 54.209078449468294, ""execution_quality_min"": 100.0, ""expected_required_ratio_min"": 1.0833333333333335, ""final_confidence_min"": 81.70110707533853, ""iv_crush_max"": 24.0, ""market_hostility_max"": 19.308697314013788, ""min_top_book_lots"": 0.0, ""premium_elasticity_min"": 0.7, ""regime_confidence_min"": 60.0, ""spread_pct_max"": 0.54604120129064, ""trade_quality_min"": 35.48387096773777}",MIDCPNIFTY,NSE_INDEX,FYERS_PAPER_PROXY_RESEARCH,PAPER_OVERRIDE::FYERS_PAPER_PROXY_RESEARCH,paper-strategy-8ade763620b6,opportunity-score-8ade763620b6,universe-a8e55c76a270
202608181230_5_BANKNIFTY_PE,2026-08-18T07:00:28.017083+00:00,BANKNIFTY,2026-08-25,57300.0,PE,313.175,312.85,313.5,25.0,2.0,53.78271212084672,2e840ccd58d1,"{""contract_quality_min"": 0.0, ""direction_min"": 0.0, ""excellent_score_min"": 53.78271212084672, ""execution_quality_min"": 100.0, ""expected_required_ratio_min"": 1.4166666666666667, ""final_confidence_min"": 83.50338243813523, ""iv_crush_max"": 24.0, ""market_hostility_max"": 20.581528882116153, ""min_top_book_lots"": 0.0, ""premium_elasticity_min"": 0.3, ""regime_confidence_min"": 60.0, ""spread_pct_max"": 0.2075516883531499, ""trade_quality_min"": 42.43902439024893}",BANKNIFTY,NSE_INDEX,FYERS_PAPER_PROXY_RESEARCH,PAPER_OVERRIDE::FYERS_PAPER_PROXY_RESEARCH,paper-strategy-8ade763620b6,opportunity-score-8ade763620b6,universe-a8e55c76a270
202608181233_1_MIDCPNIFTY_PE,2026-08-18T07:03:31.749940+00:00,MIDCPNIFTY,2026-08-25,14875.0,PE,86.5,86.25,86.75,17.3,2.0,61.16306518307742,712afad509f5,"{""contract_quality_min"": 0.0, ""direction_min"": 0.0, ""excellent_score_min"": 61.16306518307742, ""execution_quality_min"": 100.0, ""expected_required_ratio_min"": 1.0833333333333335, ""final_confidence_min"": 88.56355505654278, ""iv_crush_max"": 24.0, ""market_hostility_max"": 19.433715063199557, ""min_top_book_lots"": 0.0, ""premium_elasticity_min"": 0.5, ""regime_confidence_min"": 60.0, ""spread_pct_max"": 0.5780346820809248, ""trade_quality_min"": 59.35483870969256}",MIDCPNIFTY,NSE_INDEX,FYERS_PAPER_PROXY_RESEARCH,PAPER_OVERRIDE::FYERS_PAPER_PROXY_RESEARCH,paper-strategy-8ade763620b6,opportunity-score-8ade763620b6,universe-a8e55c76a270
202608181233_2_MIDCPNIFTY_PE,2026-08-18T07:03:31.750570+00:00,MIDCPNIFTY,2026-08-25,14900.0,PE,98.15,97.85,98.45,19.630000000000003,2.0,60.86306518307742,712afad509f5,"{""contract_quality_min"": 0.0, ""direction_min"": 0.0, ""excellent_score_min"": 60.86306518307742, ""execution_quality_min"": 100.0, ""expected_required_ratio_min"": 1.0833333333333335, ""final_confidence_min"": 88.56355505654278, ""iv_crush_max"": 24.0, ""market_hostility_max"": 19.433715063199557, ""min_top_book_lots"": 0.0, ""premium_elasticity_min"": 0.7, ""regime_confidence_min"": 60.0, ""spread_pct_max"": 0.6113092205807524, ""trade_quality_min"": 59.35483870969256}",MIDCPNIFTY,NSE_INDEX,FYERS_PAPER_PROXY_RESEARCH,PAPER_OVERRIDE::FYERS_PAPER_PROXY_RESEARCH,paper-strategy-8ade763620b6,opportunity-score-8ade763620b6,universe-a8e55c76a270
202608181233_3_MIDCPNIFTY_CE,2026-08-18T07:03:31.751046+00:00,MIDCPNIFTY,2026-08-25,14900.0,CE,93.1,92.85,93.35,18.62,2.0,58.8545410507154,712afad509f5,"{""contract_quality_min"": 0.0, ""direction_min"": 4.952643709099865, ""excellent_score_min"": 58.8545410507154, ""execution_quality_min"": 100.0, ""expected_required_ratio_min"": 1.0833333333333335, ""final_confidence_min"": 90.04934816927275, ""iv_crush_max"": 24.0, ""market_hostility_max"": 19.433715063199557, ""min_top_book_lots"": 0.0, ""premium_elasticity_min"": 0.3, ""regime_confidence_min"": 60.0, ""spread_pct_max"": 0.5370569280343717, ""trade_quality_min"": 59.35483870969256}",MIDCPNIFTY,NSE_INDEX,FYERS_PAPER_PROXY_RESEARCH,PAPER_OVERRIDE::FYERS_PAPER_PROXY_RESEARCH,paper-strategy-8ade763620b6,opportunity-score-8ade763620b6,universe-a8e55c76a270
202608181233_4_ASIANPAINT_CE,2026-08-18T07:03:31.751644+00:00,ASIANPAINT,2026-08-25,2620.0,CE,37.05,36.9,37.2,7.41,2.0,41.58791812780443,8512c046e489,"{""contract_quality_min"": 0.0, ""direction_min"": 35.78255218288804, ""excellent_score_min"": 41.58791812780443, ""execution_quality_min"": 99.58357432041593, ""expected_required_ratio_min"": 1.1666666666666665, ""final_confidence_min"": 88.3083766162534, ""iv_crush_max"": 24.0, ""market_hostility_max"": 35.0, ""min_top_book_lots"": 0.0, ""premium_elasticity_min"": 0.5, ""regime_confidence_min"": 60.0, ""spread_pct_max"": 0.809716599190295, ""trade_quality_min"": 58.136645962733986}",ASIANPAINT,NSE_STOCK_OPTION,FYERS_PAPER_PROXY_RESEARCH,PAPER_OVERRIDE::FYERS_PAPER_PROXY_RESEARCH,paper-strategy-8ade763620b6,opportunity-score-8ade763620b6,universe-a8e55c76a270
202608181233_5_BAJAJFINSV_CE,2026-08-18T07:03:31.754651+00:00,BAJAJFINSV,2026-08-25,2000.0,CE,33.525000000000006,33.35,33.7,6.705000000000002,2.0,36.1127387485278,e97256bacfa6,"{""contract_quality_min"": 0.0, ""direction_min"": 11.549183592194707, ""excellent_score_min"": 36.1127387485278, ""execution_quality_min"": 89.54298497922642, ""expected_required_ratio_min"": 1.1666666666666667, ""final_confidence_min"": 82.89045984463863, ""iv_crush_max"": 24.0, ""market_hostility_max"": 28.786018458683643, ""min_top_book_lots"": 0.0, ""premium_elasticity_min"": 0.7, ""regime_confidence_min"": 60.0, ""spread_pct_max"": 1.0439970171513835, ""trade_quality_min"": 53.953488372086724}",BAJAJFINSV,NSE_STOCK_OPTION,FYERS_PAPER_PROXY_RESEARCH,PAPER_OVERRIDE::FYERS_PAPER_PROXY_RESEARCH,paper-strategy-8ade763620b6,opportunity-score-8ade763620b6,universe-a8e55c76a270
202608181234_1_MIDCPNIFTY_PE,2026-08-18T07:04:46.565196+00:00,MIDCPNIFTY,2026-08-25,14875.0,PE,87.07499999999999,86.8,87.35,17.415,2.0,60.59154302372912,712afad509f5,"{""contract_quality_min"": 0.0, ""direction_min"": 0.0, ""excellent_score_min"": 60.59154302372912, ""execution_quality_min"": 100.0, ""expected_required_ratio_min"": 1.0833333333333335, ""final_confidence_min"": 87.94041108016954, ""iv_crush_max"": 24.0, ""market_hostility_max"": 19.460988209765244, ""min_top_book_lots"": 0.0, ""premium_elasticity_min"": 0.5, ""regime_confidence_min"": 60.0, ""spread_pct_max"": 0.6316393913293106, ""trade_quality_min"": 57.318007662848665}",MIDCPNIFTY,NSE_INDEX,FYERS_PAPER_PROXY_RESEARCH,PAPER_OVERRIDE::FYERS_PAPER_PROXY_RESEARCH,paper-strategy-8ade763620b6,opportunity-score-8ade763620b6,universe-a8e55c76a270
202608181234_2_MIDCPNIFTY_PE,2026-08-18T07:04:46.565797+00:00,MIDCPNIFTY,2026-08-25,14900.0,PE,98.775,98.5,99.05,19.755000000000003,2.0,60.29154302372912,712afad509f5,"{""contract_quality_min"": 0.0, ""direction_min"": 0.0, ""excellent_score_min"": 60.29154302372912, ""execution_quality_min"": 100.0, ""expected_required_ratio_min"": 1.0833333333333335, ""final_confidence_min"": 87.94041108016954, ""iv_crush_max"": 24.0, ""market_hostility_max"": 19.460988209765244, ""min_top_book_lots"": 0.0, ""premium_elasticity_min"": 0.7, ""regime_confidence_min"": 60.0, ""spread_pct_max"": 0.5568210579600072, ""trade_quality_min"": 57.318007662848665}",MIDCPNIFTY,NSE_INDEX,FYERS_PAPER_PROXY_RESEARCH,PAPER_OVERRIDE::FYERS_PAPER_PROXY_RESEARCH,paper-strategy-8ade763620b6,opportunity-score-8ade763620b6,universe-a8e55c76a270
202608181234_3_MIDCPNIFTY_CE,2026-08-18T07:04:46.566323+00:00,MIDCPNIFTY,2026-08-25,14900.0,CE,92.475,92.25,92.7,18.495,2.0,58.297532486151184,712afad509f5,"{""contract_quality_min"": 0.0, ""direction_min"": 5.033274791233684, ""excellent_score_min"": 58.297532486151184, ""execution_quality_min"": 100.0, ""expected_required_ratio_min"": 1.0833333333333335, ""final_confidence_min"": 89.45039351753964, ""iv_crush_max"": 24.0, ""market_hostility_max"": 19.460988209765244, ""min_top_book_lots"": 0.0, ""premium_elasticity_min"": 0.3, ""regime_confidence_min"": 60.0, ""spread_pct_max"": 0.4866180048661832, ""trade_quality_min"": 57.318007662848665}",MIDCPNIFTY,NSE_INDEX,FYERS_PAPER_PROXY_RESEARCH,PAPER_OVERRIDE::FYERS_PAPER_PROXY_RESEARCH,paper-strategy-8ade763620b6,opportunity-score-8ade763620b6,universe-a8e55c76a270
202608181234_4_BANKNIFTY_CE,2026-08-18T07:04:46.566881+00:00,BANKNIFTY,2026-08-25,57400.0,CE,432.625,432.35,432.9,25.0,2.0,53.8323386544871,2e840ccd58d1,"{""contract_quality_min"": 0.0, ""direction_min"": 2.601943610022569, ""excellent_score_min"": 53.8323386544871, ""execution_quality_min"": 100.0, ""expected_required_ratio_min"": 1.4166666666666667, ""final_confidence_min"": 80.69265142351274, ""iv_crush_max"": 24.0, ""market_hostility_max"": 20.52207172416812, ""min_top_book_lots"": 0.0, ""premium_elasticity_min"": 0.5, ""regime_confidence_min"": 60.0, ""spread_pct_max"": 0.12713088702686035, ""trade_quality_min"": 29.34119960669786}",BANKNIFTY,NSE_INDEX,FYERS_PAPER_PROXY_RESEARCH,PAPER_OVERRIDE::FYERS_PAPER_PROXY_RESEARCH,paper-strategy-8ade763620b6,opportunity-score-8ade763620b6,universe-a8e55c76a270
202608181234_5_BANKNIFTY_CE,2026-08-18T07:04:46.567328+00:00,BANKNIFTY,2026-08-25,57300.0,CE,488.525,488.2,488.85,25.0,2.0,53.5323386544871,2e840ccd58d1,"{""contract_quality_min"": 0.0, ""direction_min"": 2.601943610022569, ""excellent_score_min"": 53.5323386544871, ""execution_quality_min"": 100.0, ""expected_required_ratio_min"": 1.4166666666666667, ""final_confidence_min"": 80.69265142351274, ""iv_crush_max"": 24.0, ""market_hostility_max"": 20.52207172416812, ""min_top_book_lots"": 0.0, ""premium_elasticity_min"": 0.7, ""regime_confidence_min"": 60.0, ""spread_pct_max"": 0.1330535796530442, ""trade_quality_min"": 29.34119960669786}",BANKNIFTY,NSE_INDEX,FYERS_PAPER_PROXY_RESEARCH,PAPER_OVERRIDE::FYERS_PAPER_PROXY_RESEARCH,paper-strategy-8ade763620b6,opportunity-score-8ade763620b6,universe-a8e55c76a270
