timestamp,label,underlying,status,direction,option_side,raw_signal,range_high,range_low,last_close,atr_points,displacement_points,late_entry_atr,direction_score,trend_efficiency,relative_volume,history_bars,quote_age_seconds,trigger_key,candidate_key,reason,cost_model_valid,portfolio_blocked,research_only,paper_entry_enabled
2026-08-21T14:41:27.384643+05:30,EXPERIMENTAL_IMPULSE_BREAKOUT,NIFTY,INSUFFICIENT_HISTORY,,,False,,,,,,,,,,0,,,,Need at least 20 valid history bars,False,False,True,False
2026-08-21T14:41:27.384643+05:30,EXPERIMENTAL_IMPULSE_BREAKOUT,BANKNIFTY,NO_BREAKOUT,,,False,57700.3,57634.6,57650.75,18.878571428572155,14.158928571429115,,,,,40,27.384643,,,Latest close did not break the prior rolling range,False,False,True,False
2026-08-21T14:41:27.384643+05:30,EXPERIMENTAL_IMPULSE_BREAKOUT,FINNIFTY,NO_BREAKOUT,,,False,26257.7,26230.4,26242.25,7.0966666666667155,5.322500000000037,,,,,40,27.384643,,,Latest close did not break the prior rolling range,False,False,True,False
2026-08-21T14:41:27.384643+05:30,EXPERIMENTAL_IMPULSE_BREAKOUT,MIDCPNIFTY,INSUFFICIENT_HISTORY,,,False,,,,,,,,,,0,,,,Need at least 20 valid history bars,False,False,True,False
2026-08-21T14:41:27.384643+05:30,EXPERIMENTAL_IMPULSE_BREAKOUT,FOCIT,NO_BREAKOUT,,,False,37121.25,37056.43,37054.82,9.44000000000025,7.0800000000001875,,,,,40,27.384643,,,Latest close did not break the prior rolling range,False,False,True,False
2026-08-21T14:41:27.384643+05:30,EXPERIMENTAL_IMPULSE_BREAKOUT,NIFTYNXT50,NO_BREAKOUT,,,False,73896.75,73832.75,73864.7,11.424999999999793,8.568749999999845,,,,,40,27.384643,,,Latest close did not break the prior rolling range,False,False,True,False
2026-08-21T14:41:27.384643+05:30,EXPERIMENTAL_IMPULSE_BREAKOUT,ADANIENT,NO_BREAKOUT,,,False,3002.0,2995.0,2995.9,2.121428571428656,1.591071428571492,,,,,40,27.384643,,,Latest close did not break the prior rolling range,False,False,True,False
2026-08-21T14:41:27.384643+05:30,EXPERIMENTAL_IMPULSE_BREAKOUT,ADANIPORTS,NO_BREAKOUT,,,False,1698.5,1694.0,1696.8,1.2066666666666757,0.9050000000000067,,,,,40,27.384643,,,Latest close did not break the prior rolling range,False,False,True,False
2026-08-21T14:41:27.384643+05:30,EXPERIMENTAL_IMPULSE_BREAKOUT,APOLLOHOSP,NO_BREAKOUT,,,False,8666.0,8652.0,8656.5,3.0357142857142856,2.2767857142857144,,,,,40,27.384643,,,Latest close did not break the prior rolling range,False,False,True,False
2026-08-21T14:41:57.804440+05:30,EXPERIMENTAL_IMPULSE_BREAKOUT,BANKNIFTY,NO_BREAKOUT,,,False,57700.3,57634.6,57650.75,18.878571428572155,14.158928571429115,,,,,40,57.80444,,,Latest close did not break the prior rolling range,False,False,True,False
2026-08-21T14:41:57.804440+05:30,EXPERIMENTAL_IMPULSE_BREAKOUT,FINNIFTY,NO_BREAKOUT,,,False,26257.7,26230.4,26242.25,7.0966666666667155,5.322500000000037,,,,,40,57.80444,,,Latest close did not break the prior rolling range,False,False,True,False
2026-08-21T14:41:57.804440+05:30,EXPERIMENTAL_IMPULSE_BREAKOUT,MIDCPNIFTY,NO_BREAKOUT,,,False,14862.0,14845.0,14852.75,3.3928571428574026,2.544642857143052,,,,,40,0.0,,,Latest close did not break the prior rolling range,False,False,True,False
2026-08-21T14:41:57.804440+05:30,EXPERIMENTAL_IMPULSE_BREAKOUT,SENSEX,NO_BREAKOUT,,,False,77576.25,77509.6,77538.33,14.661428571428198,10.996071428571149,,,,,40,0.0,,,Latest close did not break the prior rolling range,False,False,True,False
2026-08-21T14:41:57.804440+05:30,EXPERIMENTAL_IMPULSE_BREAKOUT,BANKEX,NO_BREAKOUT,,,False,65377.79,65307.25,65327.14,16.251428571429383,12.188571428572036,,,,,40,0.0,,,Latest close did not break the prior rolling range,False,False,True,False
2026-08-21T14:41:57.804440+05:30,EXPERIMENTAL_IMPULSE_BREAKOUT,FOCIT,NO_BREAKOUT,,,False,37121.25,37056.43,37054.82,9.44000000000025,7.0800000000001875,,,,,40,57.80444,,,Latest close did not break the prior rolling range,False,False,True,False
2026-08-21T14:41:57.804440+05:30,EXPERIMENTAL_IMPULSE_BREAKOUT,NIFTYNXT50,NO_BREAKOUT,,,False,73896.75,73832.75,73864.7,11.424999999999793,8.568749999999845,,,,,40,57.80444,,,Latest close did not break the prior rolling range,False,False,True,False
2026-08-21T14:41:57.804440+05:30,EXPERIMENTAL_IMPULSE_BREAKOUT,ADANIENT,NO_BREAKOUT,,,False,3002.0,2995.0,2995.9,2.121428571428656,1.591071428571492,,,,,40,57.80444,,,Latest close did not break the prior rolling range,False,False,True,False
2026-08-21T14:41:57.804440+05:30,EXPERIMENTAL_IMPULSE_BREAKOUT,ADANIPORTS,NO_BREAKOUT,,,False,1698.5,1694.0,1696.8,1.2066666666666757,0.9050000000000067,,,,,40,57.80444,,,Latest close did not break the prior rolling range,False,False,True,False
2026-08-21T14:41:57.804440+05:30,EXPERIMENTAL_IMPULSE_BREAKOUT,APOLLOHOSP,NO_BREAKOUT,,,False,8666.0,8652.0,8656.5,3.0357142857142856,2.2767857142857144,,,,,40,57.80444,,,Latest close did not break the prior rolling range,False,False,True,False
2026-08-21T14:42:18.528696+05:30,EXPERIMENTAL_IMPULSE_BREAKOUT,NIFTY,NO_BREAKOUT,,,False,24246.25,24224.9,24236.3,4.714285714285714,3.5357142857142856,,,,,40,18.528696,,,Latest close did not break the prior rolling range,False,False,True,False
2026-08-21T14:42:18.528696+05:30,EXPERIMENTAL_IMPULSE_BREAKOUT,BANKNIFTY,NO_BREAKOUT,,,False,57700.3,57634.6,57650.75,18.878571428572155,14.158928571429115,,,,,40,78.528696,,,Latest close did not break the prior rolling range,False,False,True,False
2026-08-21T14:42:18.528696+05:30,EXPERIMENTAL_IMPULSE_BREAKOUT,FINNIFTY,NO_BREAKOUT,,,False,26257.7,26230.4,26242.25,7.0966666666667155,5.322500000000037,,,,,40,78.528696,,,Latest close did not break the prior rolling range,False,False,True,False
2026-08-21T14:42:18.528696+05:30,EXPERIMENTAL_IMPULSE_BREAKOUT,MIDCPNIFTY,NO_BREAKOUT,,,False,14862.0,14845.0,14852.75,3.3928571428574026,2.544642857143052,,,,,40,18.528696,,,Latest close did not break the prior rolling range,False,False,True,False
2026-08-21T14:42:18.528696+05:30,EXPERIMENTAL_IMPULSE_BREAKOUT,SENSEX,NO_BREAKOUT,,,False,77576.25,77509.6,77538.33,14.661428571428198,10.996071428571149,,,,,40,18.528696,,,Latest close did not break the prior rolling range,False,False,True,False
2026-08-21T14:42:18.528696+05:30,EXPERIMENTAL_IMPULSE_BREAKOUT,BANKEX,NO_BREAKOUT,,,False,65377.79,65307.25,65327.14,16.251428571429383,12.188571428572036,,,,,40,18.528696,,,Latest close did not break the prior rolling range,False,False,True,False
2026-08-21T14:42:18.528696+05:30,EXPERIMENTAL_IMPULSE_BREAKOUT,FOCIT,NO_BREAKOUT,,,False,37121.25,37056.43,37054.82,9.44000000000025,7.0800000000001875,,,,,40,78.528696,,,Latest close did not break the prior rolling range,False,False,True,False
2026-08-21T14:42:18.528696+05:30,EXPERIMENTAL_IMPULSE_BREAKOUT,NIFTYNXT50,NO_BREAKOUT,,,False,73896.75,73832.75,73864.7,11.424999999999793,8.568749999999845,,,,,40,78.528696,,,Latest close did not break the prior rolling range,False,False,True,False
2026-08-21T14:42:18.528696+05:30,EXPERIMENTAL_IMPULSE_BREAKOUT,ADANIENT,NO_BREAKOUT,,,False,3002.0,2995.0,2995.9,2.121428571428656,1.591071428571492,,,,,40,78.528696,,,Latest close did not break the prior rolling range,False,False,True,False
2026-08-21T14:42:18.528696+05:30,EXPERIMENTAL_IMPULSE_BREAKOUT,ADANIPORTS,NO_BREAKOUT,,,False,1698.5,1694.0,1696.8,1.2066666666666757,0.9050000000000067,,,,,40,78.528696,,,Latest close did not break the prior rolling range,False,False,True,False
2026-08-21T14:42:18.528696+05:30,EXPERIMENTAL_IMPULSE_BREAKOUT,APOLLOHOSP,NO_BREAKOUT,,,False,8666.0,8652.0,8656.5,3.0357142857142856,2.2767857142857144,,,,,40,78.528696,,,Latest close did not break the prior rolling range,False,False,True,False
2026-08-21T14:42:40.350003+05:30,EXPERIMENTAL_IMPULSE_BREAKOUT,NIFTY,NO_BREAKOUT,,,False,24246.25,24224.9,24236.3,4.714285714285714,3.5357142857142856,,,,,40,40.350003,,,Latest close did not break the prior rolling range,False,False,True,False
2026-08-21T14:42:40.350003+05:30,EXPERIMENTAL_IMPULSE_BREAKOUT,BANKNIFTY,NO_BREAKOUT,,,False,57700.3,57638.75,57651.75,18.6464285714293,13.984821428571976,,,,,40,40.350003,,,Latest close did not break the prior rolling range,False,False,True,False
2026-08-21T14:42:40.350003+05:30,EXPERIMENTAL_IMPULSE_BREAKOUT,FINNIFTY,NO_BREAKOUT,,,False,26257.7,26231.75,26245.9,7.121428571428363,5.341071428571272,,,,,40,40.350003,,,Latest close did not break the prior rolling range,False,False,True,False
2026-08-21T14:42:40.350003+05:30,EXPERIMENTAL_IMPULSE_BREAKOUT,MIDCPNIFTY,NO_BREAKOUT,,,False,14862.0,14845.0,14852.75,3.3928571428574026,2.544642857143052,,,,,40,40.350003,,,Latest close did not break the prior rolling range,False,False,True,False
2026-08-21T14:42:40.350003+05:30,EXPERIMENTAL_IMPULSE_BREAKOUT,ASIANPAINT,NO_BREAKOUT,,,False,2628.6,2623.9,2626.0,0.8071428571430326,0.6053571428572744,,,,,40,40.350003,,,Latest close did not break the prior rolling range,False,False,True,False
2026-08-21T14:42:40.350003+05:30,EXPERIMENTAL_IMPULSE_BREAKOUT,AXISBANK,NO_BREAKOUT,,,False,1242.3,1240.5,1241.6,0.5785714285714383,0.4339285714285787,,,,,40,40.350003,,,Latest close did not break the prior rolling range,False,False,True,False
2026-08-21T14:42:40.350003+05:30,EXPERIMENTAL_IMPULSE_BREAKOUT,BAJAJ-AUTO,INSUFFICIENT_HISTORY,,,False,,,,,,,,,,0,,,,Need at least 20 valid history bars,False,False,True,False
2026-08-21T14:43:01.213574+05:30,EXPERIMENTAL_IMPULSE_BREAKOUT,NIFTY,NO_BREAKOUT,,,False,24246.25,24224.9,24236.3,4.714285714285714,3.5357142857142856,,,,,40,61.213574,,,Latest close did not break the prior rolling range,False,False,True,False
2026-08-21T14:43:01.213574+05:30,EXPERIMENTAL_IMPULSE_BREAKOUT,BANKNIFTY,NO_BREAKOUT,,,False,57700.3,57638.75,57651.75,18.6464285714293,13.984821428571976,,,,,40,61.213574,,,Latest close did not break the prior rolling range,False,False,True,False
2026-08-21T14:43:01.213574+05:30,EXPERIMENTAL_IMPULSE_BREAKOUT,FINNIFTY,NO_BREAKOUT,,,False,26257.7,26231.75,26245.9,7.121428571428363,5.341071428571272,,,,,40,61.213574,,,Latest close did not break the prior rolling range,False,False,True,False
2026-08-21T14:43:01.213574+05:30,EXPERIMENTAL_IMPULSE_BREAKOUT,MIDCPNIFTY,NO_BREAKOUT,,,False,14862.0,14845.0,14851.7,3.464285714285844,2.5982142857143833,,,,,40,1.213574,,,Latest close did not break the prior rolling range,False,False,True,False
2026-08-21T14:43:01.213574+05:30,EXPERIMENTAL_IMPULSE_BREAKOUT,ASIANPAINT,NO_BREAKOUT,,,False,2628.6,2623.9,2626.0,0.8071428571430326,0.6053571428572744,,,,,40,61.213574,,,Latest close did not break the prior rolling range,False,False,True,False
2026-08-21T14:43:01.213574+05:30,EXPERIMENTAL_IMPULSE_BREAKOUT,AXISBANK,NO_BREAKOUT,,,False,1242.3,1240.5,1241.6,0.5785714285714383,0.4339285714285787,,,,,40,61.213574,,,Latest close did not break the prior rolling range,False,False,True,False
2026-08-21T14:43:01.213574+05:30,EXPERIMENTAL_IMPULSE_BREAKOUT,BAJAJ-AUTO,NO_BREAKOUT,,,False,11731.0,11704.0,11706.0,5.571428571428571,4.178571428571429,,,,,40,1.213574,,,Latest close did not break the prior rolling range,False,False,True,False
2026-08-21T14:43:01.213574+05:30,EXPERIMENTAL_IMPULSE_BREAKOUT,BAJFINANCE,NO_BREAKOUT,,,False,1094.5,1092.2,1093.7,0.36428571428574025,0.27321428571430517,,,,,40,1.213574,,,Latest close did not break the prior rolling range,False,False,True,False
2026-08-21T14:43:01.213574+05:30,EXPERIMENTAL_IMPULSE_BREAKOUT,BAJAJFINSV,NO_BREAKOUT,,,False,2026.6,2020.1,2020.1,0.8857142857142597,0.6642857142856948,,,,,40,1.213574,,,Latest close did not break the prior rolling range,False,False,True,False
2026-08-21T14:43:22.364269+05:30,EXPERIMENTAL_IMPULSE_BREAKOUT,NIFTY,NO_BREAKOUT,,,False,24246.25,24224.9,24236.3,4.714285714285714,3.5357142857142856,,,,,40,82.364269,,,Latest close did not break the prior rolling range,False,False,True,False
2026-08-21T14:43:30.183254+05:30,EXPERIMENTAL_IMPULSE_BREAKOUT,BAJFINANCE,NO_BREAKOUT,,,False,1094.5,1092.2,1093.7,0.36428571428574025,0.27321428571430517,,,,,40,30.183254,,,Latest close did not break the prior rolling range,False,False,True,False
2026-08-21T14:43:30.183254+05:30,EXPERIMENTAL_IMPULSE_BREAKOUT,BAJAJFINSV,NO_BREAKOUT,,,False,2026.6,2020.1,2020.1,0.8857142857142597,0.6642857142856948,,,,,40,30.183254,,,Latest close did not break the prior rolling range,False,False,True,False
2026-08-21T14:43:30.183254+05:30,EXPERIMENTAL_IMPULSE_BREAKOUT,BEL,NO_BREAKOUT,,,False,414.25,412.85,413.85,0.21785714285713556,0.16339285714285168,,,,,40,30.183254,,,Latest close did not break the prior rolling range,False,False,True,False
2026-08-21T14:43:30.183254+05:30,EXPERIMENTAL_IMPULSE_BREAKOUT,BHARTIARTL,NO_BREAKOUT,,,False,1947.4,1944.5,1945.3,0.2399999999999333,0.17999999999994998,,,,,40,30.183254,,,Latest close did not break the prior rolling range,False,False,True,False
2026-08-21T14:43:30.183254+05:30,EXPERIMENTAL_IMPULSE_BREAKOUT,CIPLA,NO_BREAKOUT,,,False,1426.6,1420.8,1426.0,0.8066666666666454,0.6049999999999841,,,,,40,30.183254,,,Latest close did not break the prior rolling range,False,False,True,False
2026-08-21T14:43:46.575406+05:30,EXPERIMENTAL_IMPULSE_BREAKOUT,NIFTY,NO_BREAKOUT,,,False,24246.25,24227.1,24234.1,4.599999999999844,3.449999999999883,,,,,40,46.575406,,,Latest close did not break the prior rolling range,False,False,True,False
2026-08-21T14:43:46.575406+05:30,EXPERIMENTAL_IMPULSE_BREAKOUT,BANKNIFTY,NO_BREAKOUT,,,False,57700.3,57638.75,57651.75,18.485714285715012,13.86428571428626,,,,,40,46.575406,,,Latest close did not break the prior rolling range,False,False,True,False
2026-08-21T14:43:46.575406+05:30,EXPERIMENTAL_IMPULSE_BREAKOUT,FINNIFTY,NO_BREAKOUT,,,False,26257.7,26233.65,26243.75,7.114285714285351,5.335714285714013,,,,,40,46.575406,,,Latest close did not break the prior rolling range,False,False,True,False
2026-08-21T14:43:46.575406+05:30,EXPERIMENTAL_IMPULSE_BREAKOUT,MIDCPNIFTY,NO_BREAKOUT,,,False,14862.0,14845.0,14851.7,3.464285714285844,2.5982142857143833,,,,,40,46.575406,,,Latest close did not break the prior rolling range,False,False,True,False
2026-08-21T14:43:46.575406+05:30,EXPERIMENTAL_IMPULSE_BREAKOUT,COALINDIA,NO_BREAKOUT,,,False,405.1,404.2,404.45,0.14333333333330908,0.1074999999999818,,,,,40,46.575406,,,Latest close did not break the prior rolling range,False,False,True,False
2026-08-21T14:43:46.575406+05:30,EXPERIMENTAL_IMPULSE_BREAKOUT,DRREDDY,NO_BREAKOUT,,,False,1180.3,1178.4,1179.2,0.8428571428571233,0.6321428571428425,,,,,40,46.575406,,,Latest close did not break the prior rolling range,False,False,True,False
2026-08-21T14:43:46.575406+05:30,EXPERIMENTAL_IMPULSE_BREAKOUT,EICHERMOT,NO_BREAKOUT,,,False,8010.0,7995.0,8001.5,4.535714285714286,3.4017857142857144,,,,,40,46.575406,,,Latest close did not break the prior rolling range,False,False,True,False
2026-08-21T14:43:46.575406+05:30,EXPERIMENTAL_IMPULSE_BREAKOUT,ETERNAL,NO_BREAKOUT,,,False,328.15,327.15,327.45,0.22142857142856087,0.16607142857142065,,,,,40,0.0,,,Latest close did not break the prior rolling range,False,False,True,False
2026-08-21T14:43:46.575406+05:30,EXPERIMENTAL_IMPULSE_BREAKOUT,GRASIM,NO_BREAKOUT,,,False,3298.5,3282.0,3287.5,3.3000000000000194,2.4750000000000147,,,,,40,0.0,,,Latest close did not break the prior rolling range,False,False,True,False
2026-08-21T14:43:46.575406+05:30,EXPERIMENTAL_IMPULSE_BREAKOUT,HCLTECH,NO_BREAKOUT,,,False,1311.7,1307.1,1307.8,0.8428571428571558,0.6321428571428669,,,,,40,0.0,,,Latest close did not break the prior rolling range,False,False,True,False
2026-08-21T14:43:46.575406+05:30,EXPERIMENTAL_IMPULSE_BREAKOUT,HDFCBANK,NO_BREAKOUT,,,False,731.35,730.35,730.6,0.3428571428571396,0.2571428571428547,,,,,40,0.0,,,Latest close did not break the prior rolling range,False,False,True,False
2026-08-21T14:43:46.575406+05:30,EXPERIMENTAL_IMPULSE_BREAKOUT,HDFCLIFE,NO_BREAKOUT,,,False,553.25,550.35,552.4,0.31428571428571267,0.2357142857142845,,,,,40,0.0,,,Latest close did not break the prior rolling range,False,False,True,False
2026-08-21T14:44:18.534403+05:30,EXPERIMENTAL_IMPULSE_BREAKOUT,HDFCLIFE,NO_BREAKOUT,,,False,553.25,550.35,552.4,0.31428571428571267,0.2357142857142845,,,,,40,18.534403,,,Latest close did not break the prior rolling range,False,False,True,False
2026-08-21T14:44:26.335402+05:30,EXPERIMENTAL_IMPULSE_BREAKOUT,EICHERMOT,NO_BREAKOUT,,,False,8010.0,7995.0,8001.5,4.535714285714286,3.4017857142857144,,,,,40,86.335402,,,Latest close did not break the prior rolling range,False,False,True,False
2026-08-21T14:44:26.335402+05:30,EXPERIMENTAL_IMPULSE_BREAKOUT,ETERNAL,NO_BREAKOUT,,,False,328.15,327.15,327.45,0.22142857142856087,0.16607142857142065,,,,,40,26.335402,,,Latest close did not break the prior rolling range,False,False,True,False
2026-08-21T14:44:26.335402+05:30,EXPERIMENTAL_IMPULSE_BREAKOUT,GRASIM,NO_BREAKOUT,,,False,3298.5,3282.0,3287.5,3.3000000000000194,2.4750000000000147,,,,,40,26.335402,,,Latest close did not break the prior rolling range,False,False,True,False
2026-08-21T14:44:26.335402+05:30,EXPERIMENTAL_IMPULSE_BREAKOUT,HCLTECH,NO_BREAKOUT,,,False,1311.7,1307.1,1307.8,0.8428571428571558,0.6321428571428669,,,,,40,26.335402,,,Latest close did not break the prior rolling range,False,False,True,False
2026-08-21T14:44:26.335402+05:30,EXPERIMENTAL_IMPULSE_BREAKOUT,HDFCBANK,NO_BREAKOUT,,,False,731.35,730.35,730.6,0.3428571428571396,0.2571428571428547,,,,,40,26.335402,,,Latest close did not break the prior rolling range,False,False,True,False
2026-08-21T14:44:26.335402+05:30,EXPERIMENTAL_IMPULSE_BREAKOUT,HDFCLIFE,NO_BREAKOUT,,,False,553.25,550.35,552.4,0.31428571428571267,0.2357142857142845,,,,,40,26.335402,,,Latest close did not break the prior rolling range,False,False,True,False
2026-08-21T14:44:40.777307+05:30,EXPERIMENTAL_IMPULSE_BREAKOUT,NIFTY,NO_BREAKOUT,,,False,24246.25,24227.1,24234.1,4.599999999999844,3.449999999999883,,,,,40,100.777307,,,Latest close did not break the prior rolling range,False,False,True,False
2026-08-21T14:44:40.777307+05:30,EXPERIMENTAL_IMPULSE_BREAKOUT,BANKNIFTY,NO_BREAKOUT,,,False,57700.3,57638.75,57651.75,18.485714285715012,13.86428571428626,,,,,40,100.777307,,,Latest close did not break the prior rolling range,False,False,True,False
2026-08-21T14:44:40.777307+05:30,EXPERIMENTAL_IMPULSE_BREAKOUT,FINNIFTY,NO_BREAKOUT,,,False,26257.7,26233.65,26243.75,7.114285714285351,5.335714285714013,,,,,40,100.777307,,,Latest close did not break the prior rolling range,False,False,True,False
2026-08-21T14:44:40.777307+05:30,EXPERIMENTAL_IMPULSE_BREAKOUT,MIDCPNIFTY,NO_BREAKOUT,,,False,14862.0,14845.0,14850.15,3.532142857142909,2.649107142857182,,,,,40,40.777307,,,Latest close did not break the prior rolling range,False,False,True,False
2026-08-21T14:44:51.859243+05:30,EXPERIMENTAL_IMPULSE_BREAKOUT,NIFTY,NO_BREAKOUT,,,False,24246.25,24227.1,24234.5,4.446428571428312,3.334821428571234,,,,,40,51.859243,,,Latest close did not break the prior rolling range,False,False,True,False
2026-08-21T14:44:51.859243+05:30,EXPERIMENTAL_IMPULSE_BREAKOUT,BANKNIFTY,NO_BREAKOUT,,,False,57700.3,57638.75,57654.85,18.110714285715012,13.58303571428626,,,,,40,51.859243,,,Latest close did not break the prior rolling range,False,False,True,False
2026-08-21T14:44:51.859243+05:30,EXPERIMENTAL_IMPULSE_BREAKOUT,FINNIFTY,NO_BREAKOUT,,,False,26257.7,26233.65,26246.7,7.132142857142493,5.3491071428568695,,,,,40,51.859243,,,Latest close did not break the prior rolling range,False,False,True,False
2026-08-21T14:44:51.859243+05:30,EXPERIMENTAL_IMPULSE_BREAKOUT,MIDCPNIFTY,NO_BREAKOUT,,,False,14862.0,14845.0,14850.15,3.532142857142909,2.649107142857182,,,,,40,51.859243,,,Latest close did not break the prior rolling range,False,False,True,False
2026-08-21T14:44:51.859243+05:30,EXPERIMENTAL_IMPULSE_BREAKOUT,HINDALCO,NO_BREAKOUT,,,False,1039.1,1037.35,1037.7,0.3785714285714903,0.2839285714286177,,,,,40,0.0,,,Latest close did not break the prior rolling range,False,False,True,False
2026-08-21T14:44:51.859243+05:30,EXPERIMENTAL_IMPULSE_BREAKOUT,HINDUNILVR,NO_BREAKOUT,,,False,2023.9,2020.6,2023.6,0.7000000000000455,0.5250000000000341,,,,,40,0.0,,,Latest close did not break the prior rolling range,False,False,True,False
2026-08-21T14:44:51.859243+05:30,EXPERIMENTAL_IMPULSE_BREAKOUT,ICICIBANK,NO_BREAKOUT,,,False,1419.8,1417.9,1418.6,0.45000000000006174,0.3375000000000463,,,,,40,0.0,,,Latest close did not break the prior rolling range,False,False,True,False
2026-08-21T14:45:12.684306+05:30,EXPERIMENTAL_IMPULSE_BREAKOUT,NIFTY,NO_BREAKOUT,,,False,24246.25,24227.1,24234.5,4.446428571428312,3.334821428571234,,,,,40,72.684306,,,Latest close did not break the prior rolling range,False,False,True,False
2026-08-21T14:45:12.684306+05:30,EXPERIMENTAL_IMPULSE_BREAKOUT,BANKNIFTY,NO_BREAKOUT,,,False,57700.3,57638.75,57654.85,18.110714285715012,13.58303571428626,,,,,40,72.684306,,,Latest close did not break the prior rolling range,False,False,True,False
2026-08-21T14:45:12.684306+05:30,EXPERIMENTAL_IMPULSE_BREAKOUT,FINNIFTY,NO_BREAKOUT,,,False,26257.7,26233.65,26246.7,7.132142857142493,5.3491071428568695,,,,,40,72.684306,,,Latest close did not break the prior rolling range,False,False,True,False
2026-08-21T14:45:12.684306+05:30,EXPERIMENTAL_IMPULSE_BREAKOUT,MIDCPNIFTY,NO_BREAKOUT,,,False,14862.0,14845.0,14850.15,3.532142857142909,2.649107142857182,,,,,40,72.684306,,,Latest close did not break the prior rolling range,False,False,True,False
2026-08-21T14:45:12.684306+05:30,EXPERIMENTAL_IMPULSE_BREAKOUT,HINDALCO,NO_BREAKOUT,,,False,1039.1,1037.35,1037.7,0.3785714285714903,0.2839285714286177,,,,,40,12.684306,,,Latest close did not break the prior rolling range,False,False,True,False
2026-08-21T14:45:12.684306+05:30,EXPERIMENTAL_IMPULSE_BREAKOUT,HINDUNILVR,NO_BREAKOUT,,,False,2023.9,2020.6,2023.6,0.7000000000000455,0.5250000000000341,,,,,40,12.684306,,,Latest close did not break the prior rolling range,False,False,True,False
2026-08-21T14:45:12.684306+05:30,EXPERIMENTAL_IMPULSE_BREAKOUT,ICICIBANK,NO_BREAKOUT,,,False,1419.8,1417.9,1418.6,0.45000000000006174,0.3375000000000463,,,,,40,12.684306,,,Latest close did not break the prior rolling range,False,False,True,False
2026-08-21T14:45:12.684306+05:30,EXPERIMENTAL_IMPULSE_BREAKOUT,ITC,NO_BREAKOUT,,,False,269.4,269.1,269.3,0.1071428571428612,0.0803571428571459,,,,,40,12.684306,,,Latest close did not break the prior rolling range,False,False,True,False
2026-08-21T14:45:12.684306+05:30,EXPERIMENTAL_IMPULSE_BREAKOUT,INFY,NO_BREAKOUT,,,False,1125.7,1120.0,1121.4,0.6733333333333272,0.5049999999999955,,,,,40,12.684306,,,Latest close did not break the prior rolling range,False,False,True,False
2026-08-21T14:45:12.684306+05:30,EXPERIMENTAL_IMPULSE_BREAKOUT,INDIGO,NO_BREAKOUT,,,False,5099.0,5078.5,5095.0,4.035714285714286,3.0267857142857144,,,,,40,12.684306,,,Latest close did not break the prior rolling range,False,False,True,False
2026-08-21T14:45:12.684306+05:30,EXPERIMENTAL_IMPULSE_BREAKOUT,JSWSTEEL,NO_BREAKOUT,,,False,1290.8,1284.9,1287.8,0.8357142857143215,0.6267857142857411,,,,,40,12.684306,,,Latest close did not break the prior rolling range,False,False,True,False
2026-08-21T14:45:12.684306+05:30,EXPERIMENTAL_IMPULSE_BREAKOUT,JIOFIN,NO_BREAKOUT,,,False,244.25,243.85,243.9,0.07499999999999878,0.05624999999999908,,,,,40,12.684306,,,Latest close did not break the prior rolling range,False,False,True,False
2026-08-21T14:45:44.442277+05:30,EXPERIMENTAL_IMPULSE_BREAKOUT,HINDUNILVR,NO_BREAKOUT,,,False,2023.9,2020.6,2023.6,0.7000000000000455,0.5250000000000341,,,,,40,44.442277,,,Latest close did not break the prior rolling range,False,False,True,False
2026-08-21T14:45:44.442277+05:30,EXPERIMENTAL_IMPULSE_BREAKOUT,ICICIBANK,NO_BREAKOUT,,,False,1419.8,1417.9,1418.6,0.45000000000006174,0.3375000000000463,,,,,40,44.442277,,,Latest close did not break the prior rolling range,False,False,True,False
2026-08-21T14:45:44.442277+05:30,EXPERIMENTAL_IMPULSE_BREAKOUT,ITC,NO_BREAKOUT,,,False,269.4,269.1,269.3,0.1071428571428612,0.0803571428571459,,,,,40,44.442277,,,Latest close did not break the prior rolling range,False,False,True,False
2026-08-21T14:45:44.442277+05:30,EXPERIMENTAL_IMPULSE_BREAKOUT,INFY,NO_BREAKOUT,,,False,1125.7,1120.0,1121.4,0.6733333333333272,0.5049999999999955,,,,,40,44.442277,,,Latest close did not break the prior rolling range,False,False,True,False
2026-08-21T14:45:44.442277+05:30,EXPERIMENTAL_IMPULSE_BREAKOUT,INDIGO,NO_BREAKOUT,,,False,5099.0,5078.5,5095.0,4.035714285714286,3.0267857142857144,,,,,40,44.442277,,,Latest close did not break the prior rolling range,False,False,True,False
2026-08-21T14:45:44.442277+05:30,EXPERIMENTAL_IMPULSE_BREAKOUT,JSWSTEEL,NO_BREAKOUT,,,False,1290.8,1284.9,1287.8,0.8357142857143215,0.6267857142857411,,,,,40,44.442277,,,Latest close did not break the prior rolling range,False,False,True,False
2026-08-21T14:45:44.442277+05:30,EXPERIMENTAL_IMPULSE_BREAKOUT,JIOFIN,NO_BREAKOUT,,,False,244.25,243.85,243.9,0.07499999999999878,0.05624999999999908,,,,,40,44.442277,,,Latest close did not break the prior rolling range,False,False,True,False
2026-08-21T14:46:00.454146+05:30,EXPERIMENTAL_IMPULSE_BREAKOUT,NIFTY,NO_BREAKOUT,,,False,24246.25,24231.75,24236.9,4.378571428571116,3.283928571428337,,,,,40,0.454146,,,Latest close did not break the prior rolling range,False,False,True,False
2026-08-21T14:46:00.454146+05:30,EXPERIMENTAL_IMPULSE_BREAKOUT,BANKNIFTY,NO_BREAKOUT,,,False,57700.3,57638.75,57657.15,17.43928571428634,13.079464285714753,,,,,40,0.454146,,,Latest close did not break the prior rolling range,False,False,True,False
2026-08-21T14:46:00.454146+05:30,EXPERIMENTAL_IMPULSE_BREAKOUT,FINNIFTY,NO_BREAKOUT,,,False,26257.7,26233.65,26247.6,7.017857142856623,5.263392857142467,,,,,40,0.454146,,,Latest close did not break the prior rolling range,False,False,True,False
2026-08-21T14:46:00.454146+05:30,EXPERIMENTAL_IMPULSE_BREAKOUT,MIDCPNIFTY,NO_BREAKOUT,,,False,14862.0,14847.35,14854.7,3.517857142857143,2.638392857142857,,,,,40,0.454146,,,Latest close did not break the prior rolling range,False,False,True,False
2026-08-21T14:46:00.454146+05:30,EXPERIMENTAL_IMPULSE_BREAKOUT,KOTAKBANK,NO_BREAKOUT,,,False,402.6,401.95,402.3,0.2571428571428588,0.1928571428571441,,,,,40,0.454146,,,Latest close did not break the prior rolling range,False,False,True,False
2026-08-21T14:46:00.454146+05:30,EXPERIMENTAL_IMPULSE_BREAKOUT,LT,NO_BREAKOUT,,,False,4100.0,4090.1,4091.8,1.6428571428571428,1.2321428571428572,,,,,40,0.454146,,,Latest close did not break the prior rolling range,False,False,True,False
2026-08-21T14:46:00.454146+05:30,EXPERIMENTAL_IMPULSE_BREAKOUT,M&M,NO_BREAKOUT,,,False,3439.0,3432.8,3437.3,2.1214285714285586,1.591071428571419,,,,,40,0.454146,,,Latest close did not break the prior rolling range,False,False,True,False
2026-08-21T14:46:00.454146+05:30,EXPERIMENTAL_IMPULSE_BREAKOUT,MARUTI,NO_BREAKOUT,,,False,13631.0,13600.0,13611.0,7.285714285714286,5.464285714285714,,,,,40,0.454146,,,Latest close did not break the prior rolling range,False,False,True,False
2026-08-21T14:46:00.454146+05:30,EXPERIMENTAL_IMPULSE_BREAKOUT,MAXHEALTH,INSUFFICIENT_HISTORY,,,False,,,,,,,,,,0,,,,Need at least 20 valid history bars,False,False,True,False
2026-08-21T14:46:25.777917+05:30,EXPERIMENTAL_IMPULSE_BREAKOUT,NIFTY,NO_BREAKOUT,,,False,24246.25,24231.75,24236.9,4.378571428571116,3.283928571428337,,,,,40,25.777917,,,Latest close did not break the prior rolling range,False,False,True,False
2026-08-21T14:46:25.777917+05:30,EXPERIMENTAL_IMPULSE_BREAKOUT,BANKNIFTY,NO_BREAKOUT,,,False,57700.3,57638.75,57657.15,17.43928571428634,13.079464285714753,,,,,40,25.777917,,,Latest close did not break the prior rolling range,False,False,True,False
2026-08-21T14:46:25.777917+05:30,EXPERIMENTAL_IMPULSE_BREAKOUT,FINNIFTY,NO_BREAKOUT,,,False,26257.7,26233.65,26247.6,7.017857142856623,5.263392857142467,,,,,40,25.777917,,,Latest close did not break the prior rolling range,False,False,True,False
2026-08-21T14:46:25.777917+05:30,EXPERIMENTAL_IMPULSE_BREAKOUT,MIDCPNIFTY,NO_BREAKOUT,,,False,14862.0,14847.35,14854.7,3.517857142857143,2.638392857142857,,,,,40,25.777917,,,Latest close did not break the prior rolling range,False,False,True,False
2026-08-21T14:46:25.777917+05:30,EXPERIMENTAL_IMPULSE_BREAKOUT,KOTAKBANK,NO_BREAKOUT,,,False,402.6,401.95,402.3,0.2571428571428588,0.1928571428571441,,,,,40,25.777917,,,Latest close did not break the prior rolling range,False,False,True,False
2026-08-21T14:46:25.777917+05:30,EXPERIMENTAL_IMPULSE_BREAKOUT,LT,NO_BREAKOUT,,,False,4100.0,4090.1,4091.8,1.6428571428571428,1.2321428571428572,,,,,40,25.777917,,,Latest close did not break the prior rolling range,False,False,True,False
2026-08-21T14:46:25.777917+05:30,EXPERIMENTAL_IMPULSE_BREAKOUT,M&M,NO_BREAKOUT,,,False,3439.0,3432.8,3437.3,2.1214285714285586,1.591071428571419,,,,,40,25.777917,,,Latest close did not break the prior rolling range,False,False,True,False
2026-08-21T14:46:25.777917+05:30,EXPERIMENTAL_IMPULSE_BREAKOUT,MARUTI,NO_BREAKOUT,,,False,13631.0,13600.0,13611.0,7.285714285714286,5.464285714285714,,,,,40,25.777917,,,Latest close did not break the prior rolling range,False,False,True,False
2026-08-21T14:46:25.777917+05:30,EXPERIMENTAL_IMPULSE_BREAKOUT,MAXHEALTH,NO_BREAKOUT,,,False,1001.3,996.0,996.5,0.7928571428571038,0.5946428571428279,,,,,40,25.777917,,,Latest close did not break the prior rolling range,False,False,True,False
2026-08-21T14:46:46.614130+05:30,EXPERIMENTAL_IMPULSE_BREAKOUT,NIFTY,NO_BREAKOUT,,,False,24246.25,24231.75,24236.9,4.378571428571116,3.283928571428337,,,,,40,46.61413,,,Latest close did not break the prior rolling range,False,False,True,False
2026-08-21T14:46:46.614130+05:30,EXPERIMENTAL_IMPULSE_BREAKOUT,MIDCPNIFTY,NO_BREAKOUT,,,False,14862.0,14847.35,14854.7,3.517857142857143,2.638392857142857,,,,,40,46.61413,,,Latest close did not break the prior rolling range,False,False,True,False
2026-08-21T14:46:46.614130+05:30,EXPERIMENTAL_IMPULSE_BREAKOUT,KOTAKBANK,NO_BREAKOUT,,,False,402.6,401.95,402.3,0.2571428571428588,0.1928571428571441,,,,,40,46.61413,,,Latest close did not break the prior rolling range,False,False,True,False
2026-08-21T14:46:46.614130+05:30,EXPERIMENTAL_IMPULSE_BREAKOUT,LT,NO_BREAKOUT,,,False,4100.0,4090.1,4091.8,1.6428571428571428,1.2321428571428572,,,,,40,46.61413,,,Latest close did not break the prior rolling range,False,False,True,False
2026-08-21T14:46:46.614130+05:30,EXPERIMENTAL_IMPULSE_BREAKOUT,M&M,NO_BREAKOUT,,,False,3439.0,3432.8,3437.3,2.1214285714285586,1.591071428571419,,,,,40,46.61413,,,Latest close did not break the prior rolling range,False,False,True,False
2026-08-21T14:46:46.614130+05:30,EXPERIMENTAL_IMPULSE_BREAKOUT,MARUTI,NO_BREAKOUT,,,False,13631.0,13600.0,13611.0,7.285714285714286,5.464285714285714,,,,,40,46.61413,,,Latest close did not break the prior rolling range,False,False,True,False
2026-08-21T14:46:46.614130+05:30,EXPERIMENTAL_IMPULSE_BREAKOUT,MAXHEALTH,NO_BREAKOUT,,,False,1001.3,996.0,996.5,0.7928571428571038,0.5946428571428279,,,,,40,46.61413,,,Latest close did not break the prior rolling range,False,False,True,False
2026-08-21T14:46:46.614130+05:30,EXPERIMENTAL_IMPULSE_BREAKOUT,NTPC,NO_BREAKOUT,,,False,339.3,338.45,339.05,0.1535714285714107,0.11517857142855803,,,,,40,46.61413,,,Latest close did not break the prior rolling range,False,False,True,False
2026-08-21T14:46:46.614130+05:30,EXPERIMENTAL_IMPULSE_BREAKOUT,NESTLEIND,NO_BREAKOUT,,,False,1474.6,1468.7,1474.3,1.0357142857142858,0.7767857142857144,,,,,40,0.0,,,Latest close did not break the prior rolling range,False,False,True,False
2026-08-21T14:46:46.614130+05:30,EXPERIMENTAL_IMPULSE_BREAKOUT,ONGC,NO_BREAKOUT,,,False,237.0,236.46,236.48,0.10357142857142776,0.07767857142857082,,,,,40,0.0,,,Latest close did not break the prior rolling range,False,False,True,False
2026-08-21T14:47:13.474398+05:30,EXPERIMENTAL_IMPULSE_BREAKOUT,NIFTY,NO_BREAKOUT,,,False,24246.25,24232.9,24239.5,4.410714285714026,3.30803571428552,,,,,40,13.474398,,,Latest close did not break the prior rolling range,False,False,True,False
2026-08-21T14:47:13.474398+05:30,EXPERIMENTAL_IMPULSE_BREAKOUT,BANKNIFTY,NO_BREAKOUT,,,False,57700.3,57638.75,57657.45,17.057142857143585,12.792857142857688,,,,,40,13.474398,,,Latest close did not break the prior rolling range,False,False,True,False
2026-08-21T14:47:13.474398+05:30,EXPERIMENTAL_IMPULSE_BREAKOUT,FINNIFTY,NO_BREAKOUT,,,False,26257.7,26233.65,26257.15,7.046428571428156,5.284821428571117,,,,,40,13.474398,,,Latest close did not break the prior rolling range,False,False,True,False
2026-08-21T14:47:13.474398+05:30,EXPERIMENTAL_IMPULSE_BREAKOUT,MIDCPNIFTY,NO_BREAKOUT,,,False,14862.0,14847.35,14854.7,3.517857142857143,2.638392857142857,,,,,40,73.474398,,,Latest close did not break the prior rolling range,False,False,True,False
2026-08-21T14:47:13.474398+05:30,EXPERIMENTAL_IMPULSE_BREAKOUT,RELIANCE,NO_BREAKOUT,,,False,1310.6,1308.5,1309.6,0.614285714285724,0.46071428571429296,,,,,40,13.474398,,,Latest close did not break the prior rolling range,False,False,True,False
2026-08-21T14:47:13.474398+05:30,EXPERIMENTAL_IMPULSE_BREAKOUT,SBILIFE,NO_BREAKOUT,,,False,1795.3,1780.0,1794.4,1.3999999999999935,1.0499999999999952,,,,,40,13.474398,,,Latest close did not break the prior rolling range,False,False,True,False
2026-08-21T14:47:13.474398+05:30,EXPERIMENTAL_IMPULSE_BREAKOUT,SHRIRAMFIN,NO_BREAKOUT,,,False,1137.0,1130.4,1133.1,0.9071428571428442,0.6803571428571331,,,,,40,13.474398,,,Latest close did not break the prior rolling range,False,False,True,False
2026-08-21T14:47:42.919634+05:30,EXPERIMENTAL_IMPULSE_BREAKOUT,NIFTY,NO_BREAKOUT,,,False,24246.25,24232.9,24239.5,4.410714285714026,3.30803571428552,,,,,40,42.919634,,,Latest close did not break the prior rolling range,False,False,True,False
2026-08-21T14:47:42.919634+05:30,EXPERIMENTAL_IMPULSE_BREAKOUT,BANKNIFTY,NO_BREAKOUT,,,False,57700.3,57638.75,57657.45,17.057142857143585,12.792857142857688,,,,,40,42.919634,,,Latest close did not break the prior rolling range,False,False,True,False
2026-08-21T14:47:42.919634+05:30,EXPERIMENTAL_IMPULSE_BREAKOUT,FINNIFTY,NO_BREAKOUT,,,False,26257.7,26233.65,26257.15,7.046428571428156,5.284821428571117,,,,,40,42.919634,,,Latest close did not break the prior rolling range,False,False,True,False
2026-08-21T14:47:42.919634+05:30,EXPERIMENTAL_IMPULSE_BREAKOUT,MIDCPNIFTY,NO_BREAKOUT,,,False,14862.0,14847.4,14858.2,3.846666666666594,2.8849999999999456,,,,,40,42.919634,,,Latest close did not break the prior rolling range,False,False,True,False
2026-08-21T14:47:42.919634+05:30,EXPERIMENTAL_IMPULSE_BREAKOUT,POWERGRID,NO_BREAKOUT,,,False,273.15,272.3,272.7,0.2071428571428474,0.15535714285713553,,,,,40,42.919634,,,Latest close did not break the prior rolling range,False,False,True,False
2026-08-21T14:47:42.919634+05:30,EXPERIMENTAL_IMPULSE_BREAKOUT,RELIANCE,NO_BREAKOUT,,,False,1310.6,1308.5,1309.6,0.614285714285724,0.46071428571429296,,,,,40,42.919634,,,Latest close did not break the prior rolling range,False,False,True,False
2026-08-21T14:47:42.919634+05:30,EXPERIMENTAL_IMPULSE_BREAKOUT,SBILIFE,NO_BREAKOUT,,,False,1795.3,1780.0,1794.4,1.3999999999999935,1.0499999999999952,,,,,40,42.919634,,,Latest close did not break the prior rolling range,False,False,True,False
2026-08-21T14:47:42.919634+05:30,EXPERIMENTAL_IMPULSE_BREAKOUT,SHRIRAMFIN,NO_BREAKOUT,,,False,1137.0,1130.4,1133.1,0.9071428571428442,0.6803571428571331,,,,,40,42.919634,,,Latest close did not break the prior rolling range,False,False,True,False
2026-08-21T14:47:42.919634+05:30,EXPERIMENTAL_IMPULSE_BREAKOUT,SBIN,NO_BREAKOUT,,,False,1044.8,1042.8,1044.0,0.39285714285714285,0.29464285714285715,,,,,40,0.0,,,Latest close did not break the prior rolling range,False,False,True,False
2026-08-21T14:47:42.919634+05:30,EXPERIMENTAL_IMPULSE_BREAKOUT,SUNPHARMA,NO_BREAKOUT,,,False,1898.5,1892.2,1896.1,1.0857142857142728,0.8142857142857045,,,,,40,0.0,,,Latest close did not break the prior rolling range,False,False,True,False
2026-08-21T14:47:42.919634+05:30,EXPERIMENTAL_IMPULSE_BREAKOUT,TCS,NO_BREAKOUT,,,False,2294.6,2287.2,2293.1,1.7714285714285845,1.3285714285714383,,,,,40,0.0,,,Latest close did not break the prior rolling range,False,False,True,False
2026-08-21T14:48:12.127727+05:30,EXPERIMENTAL_IMPULSE_BREAKOUT,NIFTY,NO_BREAKOUT,,,False,24246.25,24232.9,24239.5,4.410714285714026,3.30803571428552,,,,,40,72.127727,,,Latest close did not break the prior rolling range,False,False,True,False
2026-08-21T14:48:12.127727+05:30,EXPERIMENTAL_IMPULSE_BREAKOUT,BANKNIFTY,NO_BREAKOUT,,,False,57700.3,57638.75,57657.45,17.057142857143585,12.792857142857688,,,,,40,72.127727,,,Latest close did not break the prior rolling range,False,False,True,False
2026-08-21T14:48:12.127727+05:30,EXPERIMENTAL_IMPULSE_BREAKOUT,FINNIFTY,NO_BREAKOUT,,,False,26257.7,26233.65,26257.15,7.046428571428156,5.284821428571117,,,,,40,72.127727,,,Latest close did not break the prior rolling range,False,False,True,False
2026-08-21T14:48:12.127727+05:30,EXPERIMENTAL_IMPULSE_BREAKOUT,MIDCPNIFTY,NO_BREAKOUT,,,False,14862.0,14847.4,14858.2,3.846666666666594,2.8849999999999456,,,,,40,72.127727,,,Latest close did not break the prior rolling range,False,False,True,False
2026-08-21T14:48:12.127727+05:30,EXPERIMENTAL_IMPULSE_BREAKOUT,POWERGRID,NO_BREAKOUT,,,False,273.15,272.3,272.7,0.2071428571428474,0.15535714285713553,,,,,40,72.127727,,,Latest close did not break the prior rolling range,False,False,True,False
2026-08-21T14:48:12.127727+05:30,EXPERIMENTAL_IMPULSE_BREAKOUT,RELIANCE,NO_BREAKOUT,,,False,1310.6,1308.5,1309.6,0.614285714285724,0.46071428571429296,,,,,40,72.127727,,,Latest close did not break the prior rolling range,False,False,True,False
2026-08-21T14:48:12.127727+05:30,EXPERIMENTAL_IMPULSE_BREAKOUT,SBILIFE,NO_BREAKOUT,,,False,1795.3,1780.0,1794.4,1.3999999999999935,1.0499999999999952,,,,,40,72.127727,,,Latest close did not break the prior rolling range,False,False,True,False
2026-08-21T14:48:12.127727+05:30,EXPERIMENTAL_IMPULSE_BREAKOUT,SHRIRAMFIN,NO_BREAKOUT,,,False,1137.0,1130.4,1133.1,0.9071428571428442,0.6803571428571331,,,,,40,72.127727,,,Latest close did not break the prior rolling range,False,False,True,False
2026-08-21T14:48:12.127727+05:30,EXPERIMENTAL_IMPULSE_BREAKOUT,SBIN,NO_BREAKOUT,,,False,1044.8,1042.8,1044.0,0.39285714285714285,0.29464285714285715,,,,,40,12.127727,,,Latest close did not break the prior rolling range,False,False,True,False
2026-08-21T14:48:12.127727+05:30,EXPERIMENTAL_IMPULSE_BREAKOUT,SUNPHARMA,NO_BREAKOUT,,,False,1898.5,1892.2,1896.1,1.0857142857142728,0.8142857142857045,,,,,40,12.127727,,,Latest close did not break the prior rolling range,False,False,True,False
2026-08-21T14:48:12.127727+05:30,EXPERIMENTAL_IMPULSE_BREAKOUT,TCS,NO_BREAKOUT,,,False,2294.6,2287.2,2293.1,1.7714285714285845,1.3285714285714383,,,,,40,12.127727,,,Latest close did not break the prior rolling range,False,False,True,False
2026-08-21T14:48:12.127727+05:30,EXPERIMENTAL_IMPULSE_BREAKOUT,TATACONSUM,NO_BREAKOUT,,,False,1048.4,1045.7,1046.9,0.8285714285714383,0.6214285714285788,,,,,40,12.127727,,,Latest close did not break the prior rolling range,False,False,True,False
2026-08-21T14:48:48.956219+05:30,EXPERIMENTAL_IMPULSE_BREAKOUT,TITAN,NO_BREAKOUT,,,False,5085.1,5060.4,5082.6,3.3071428571428703,2.4803571428571525,,,,,40,48.956219,,,Latest close did not break the prior rolling range,False,False,True,False
2026-08-21T14:48:48.956219+05:30,EXPERIMENTAL_IMPULSE_BREAKOUT,TRENT,NO_BREAKOUT,,,False,2926.0,2917.2,2920.1,1.9642857142857792,1.4732142857143344,,,,,40,48.956219,,,Latest close did not break the prior rolling range,False,False,True,False
2026-08-21T14:48:48.956219+05:30,EXPERIMENTAL_IMPULSE_BREAKOUT,ULTRACEMCO,NO_BREAKOUT,,,False,11570.0,11531.0,11558.0,8.214285714285714,6.160714285714285,,,,,40,48.956219,,,Latest close did not break the prior rolling range,False,False,True,False
2026-08-21T14:48:48.956219+05:30,EXPERIMENTAL_IMPULSE_BREAKOUT,WIPRO,NO_BREAKOUT,,,False,180.65,180.35,180.42,0.06000000000000038,0.04500000000000028,,,,,40,48.956219,,,Latest close did not break the prior rolling range,False,False,True,False
2026-08-21T14:48:48.956219+05:30,EXPERIMENTAL_IMPULSE_BREAKOUT,SENSEX,NO_BREAKOUT,,,False,77576.25,77527.59,77556.42,13.867857142855687,10.400892857141766,,,,,40,48.956219,,,Latest close did not break the prior rolling range,False,False,True,False
2026-08-21T14:49:06.558679+05:30,EXPERIMENTAL_IMPULSE_BREAKOUT,NIFTY,NO_BREAKOUT,,,False,24246.25,24232.9,24239.8,4.267857142857143,3.2008928571428577,,,,,40,6.558679,,,Latest close did not break the prior rolling range,False,False,True,False
2026-08-21T14:49:06.558679+05:30,EXPERIMENTAL_IMPULSE_BREAKOUT,BANKNIFTY,NO_BREAKOUT,,,False,57700.3,57638.75,57657.45,17.057142857143585,12.792857142857688,,,,,40,126.558679,,,Latest close did not break the prior rolling range,False,False,True,False
2026-08-21T14:49:16.255173+05:30,EXPERIMENTAL_IMPULSE_BREAKOUT,NIFTY,NO_BREAKOUT,,,False,24246.25,24232.9,24239.8,4.267857142857143,3.2008928571428577,,,,,40,16.255173,,,Latest close did not break the prior rolling range,False,False,True,False
2026-08-21T14:49:16.255173+05:30,EXPERIMENTAL_IMPULSE_BREAKOUT,BANKNIFTY,NO_BREAKOUT,,,False,57700.3,57638.75,57667.65,16.20714285714348,12.15535714285761,,,,,40,16.255173,,,Latest close did not break the prior rolling range,False,False,True,False
2026-08-21T14:49:16.255173+05:30,EXPERIMENTAL_IMPULSE_BREAKOUT,FINNIFTY,NO_BREAKOUT,,,False,26261.3,26233.65,26258.95,6.724999999999584,5.043749999999688,,,,,40,16.255173,,,Latest close did not break the prior rolling range,False,False,True,False
2026-08-21T14:49:16.255173+05:30,EXPERIMENTAL_IMPULSE_BREAKOUT,MIDCPNIFTY,NO_BREAKOUT,,,False,14862.0,14848.15,14858.6,3.87499999999974,2.906249999999805,,,,,40,16.255173,,,Latest close did not break the prior rolling range,False,False,True,False
2026-08-21T14:49:16.255173+05:30,EXPERIMENTAL_IMPULSE_BREAKOUT,TMPV,NO_BREAKOUT,,,False,317.7,317.2,317.35,0.16785714285713635,0.12589285714285225,,,,,40,16.255173,,,Latest close did not break the prior rolling range,False,False,True,False
2026-08-21T14:49:16.255173+05:30,EXPERIMENTAL_IMPULSE_BREAKOUT,TATASTEEL,NO_BREAKOUT,,,False,182.79,182.38,182.49,0.10999999999999537,0.08249999999999652,,,,,40,16.255173,,,Latest close did not break the prior rolling range,False,False,True,False
2026-08-21T14:49:16.255173+05:30,EXPERIMENTAL_IMPULSE_BREAKOUT,TECHM,NO_BREAKOUT,,,False,1580.5,1577.5,1578.3,1.114285714285724,0.8357142857142931,,,,,40,16.255173,,,Latest close did not break the prior rolling range,False,False,True,False
2026-08-21T14:49:16.255173+05:30,EXPERIMENTAL_IMPULSE_BREAKOUT,TITAN,NO_BREAKOUT,,,False,5085.1,5060.4,5082.6,3.3071428571428703,2.4803571428571525,,,,,40,76.255173,,,Latest close did not break the prior rolling range,False,False,True,False
2026-08-21T14:49:16.255173+05:30,EXPERIMENTAL_IMPULSE_BREAKOUT,TRENT,NO_BREAKOUT,,,False,2926.0,2917.2,2920.1,1.9642857142857792,1.4732142857143344,,,,,40,76.255173,,,Latest close did not break the prior rolling range,False,False,True,False
2026-08-21T14:49:16.255173+05:30,EXPERIMENTAL_IMPULSE_BREAKOUT,ULTRACEMCO,NO_BREAKOUT,,,False,11570.0,11531.0,11558.0,8.214285714285714,6.160714285714285,,,,,40,76.255173,,,Latest close did not break the prior rolling range,False,False,True,False
2026-08-21T14:49:16.255173+05:30,EXPERIMENTAL_IMPULSE_BREAKOUT,WIPRO,NO_BREAKOUT,,,False,180.65,180.35,180.42,0.06000000000000038,0.04500000000000028,,,,,40,76.255173,,,Latest close did not break the prior rolling range,False,False,True,False
2026-08-21T14:49:16.255173+05:30,EXPERIMENTAL_IMPULSE_BREAKOUT,SENSEX,NO_BREAKOUT,,,False,77576.25,77527.59,77556.42,13.867857142855687,10.400892857141766,,,,,40,76.255173,,,Latest close did not break the prior rolling range,False,False,True,False
2026-08-21T14:49:46.263669+05:30,EXPERIMENTAL_IMPULSE_BREAKOUT,NIFTY,NO_BREAKOUT,,,False,24246.25,24232.9,24239.8,4.267857142857143,3.2008928571428577,,,,,40,46.263669,,,Latest close did not break the prior rolling range,False,False,True,False
2026-08-21T14:49:46.263669+05:30,EXPERIMENTAL_IMPULSE_BREAKOUT,BANKNIFTY,NO_BREAKOUT,,,False,57700.3,57638.75,57667.65,16.20714285714348,12.15535714285761,,,,,40,46.263669,,,Latest close did not break the prior rolling range,False,False,True,False
2026-08-21T14:49:46.263669+05:30,EXPERIMENTAL_IMPULSE_BREAKOUT,FINNIFTY,NO_BREAKOUT,,,False,26261.3,26233.65,26258.95,6.724999999999584,5.043749999999688,,,,,40,46.263669,,,Latest close did not break the prior rolling range,False,False,True,False
2026-08-21T14:49:46.263669+05:30,EXPERIMENTAL_IMPULSE_BREAKOUT,MIDCPNIFTY,NO_BREAKOUT,,,False,14862.0,14848.15,14858.6,3.87499999999974,2.906249999999805,,,,,40,46.263669,,,Latest close did not break the prior rolling range,False,False,True,False
2026-08-21T14:49:46.263669+05:30,EXPERIMENTAL_IMPULSE_BREAKOUT,FOCIT,NO_BREAKOUT,,,False,37098.45,37046.98,37066.07,10.841428571427969,8.131071428570976,,,,,40,46.263669,,,Latest close did not break the prior rolling range,False,False,True,False
2026-08-21T14:49:46.263669+05:30,EXPERIMENTAL_IMPULSE_BREAKOUT,NIFTYNXT50,NO_BREAKOUT,,,False,73897.5,73844.25,73887.95,12.464285714283635,9.348214285712727,,,,,40,46.263669,,,Latest close did not break the prior rolling range,False,False,True,False
2026-08-21T14:49:46.263669+05:30,EXPERIMENTAL_IMPULSE_BREAKOUT,ADANIENT,NO_BREAKOUT,,,False,3002.0,2994.4,2996.2,1.7785714285715,1.333928571428625,,,,,40,46.263669,,,Latest close did not break the prior rolling range,False,False,True,False
2026-08-21T14:49:46.263669+05:30,EXPERIMENTAL_IMPULSE_BREAKOUT,ADANIPORTS,NO_BREAKOUT,,,False,1698.5,1694.0,1696.7,1.2785714285714351,0.9589285714285763,,,,,40,46.263669,,,Latest close did not break the prior rolling range,False,False,True,False
2026-08-21T14:49:46.263669+05:30,EXPERIMENTAL_IMPULSE_BREAKOUT,APOLLOHOSP,NO_BREAKOUT,,,False,8667.0,8652.0,8660.0,3.25,2.4375,,,,,40,0.0,,,Latest close did not break the prior rolling range,False,False,True,False
2026-08-21T14:49:46.263669+05:30,EXPERIMENTAL_IMPULSE_BREAKOUT,BAJFINANCE,NO_BREAKOUT,,,False,1094.6,1093.0,1093.5,0.43571428571429544,0.32678571428572156,,,,,40,0.0,,,Latest close did not break the prior rolling range,False,False,True,False
2026-08-21T14:49:46.263669+05:30,EXPERIMENTAL_IMPULSE_BREAKOUT,BAJAJFINSV,NO_BREAKOUT,,,False,2024.0,2019.7,2019.6,0.5357142857142695,0.4017857142857021,,,,,40,0.0,,,Latest close did not break the prior rolling range,False,False,True,False
2026-08-21T14:50:10.172722+05:30,EXPERIMENTAL_IMPULSE_BREAKOUT,NIFTY,NO_BREAKOUT,,,False,24246.25,24232.9,24239.75,4.296428571428676,3.2223214285715067,,,,,40,10.172722,,,Latest close did not break the prior rolling range,False,False,True,False
2026-08-21T14:50:10.172722+05:30,EXPERIMENTAL_IMPULSE_BREAKOUT,BANKNIFTY,NO_BREAKOUT,,,False,57700.3,57638.75,57667.65,16.20714285714348,12.15535714285761,,,,,40,70.172722,,,Latest close did not break the prior rolling range,False,False,True,False
2026-08-21T14:50:10.172722+05:30,EXPERIMENTAL_IMPULSE_BREAKOUT,FINNIFTY,NO_BREAKOUT,,,False,26261.3,26233.65,26258.95,6.724999999999584,5.043749999999688,,,,,40,70.172722,,,Latest close did not break the prior rolling range,False,False,True,False
2026-08-21T14:50:10.172722+05:30,EXPERIMENTAL_IMPULSE_BREAKOUT,MIDCPNIFTY,NO_BREAKOUT,,,False,14862.0,14848.15,14858.6,3.87499999999974,2.906249999999805,,,,,40,70.172722,,,Latest close did not break the prior rolling range,False,False,True,False
2026-08-21T14:50:26.036407+05:30,EXPERIMENTAL_IMPULSE_BREAKOUT,NIFTY,NO_BREAKOUT,,,False,24246.25,24232.9,24239.75,4.296428571428676,3.2223214285715067,,,,,40,26.036407,,,Latest close did not break the prior rolling range,False,False,True,False
2026-08-21T14:50:26.036407+05:30,EXPERIMENTAL_IMPULSE_BREAKOUT,BANKNIFTY,NO_BREAKOUT,,,False,57700.3,57638.75,57669.25,16.050000000000313,12.037500000000236,,,,,40,26.036407,,,Latest close did not break the prior rolling range,False,False,True,False
2026-08-21T14:50:26.036407+05:30,EXPERIMENTAL_IMPULSE_BREAKOUT,FINNIFTY,NO_BREAKOUT,,,False,26261.3,26233.65,26258.95,6.724999999999584,5.043749999999688,,,,,40,86.036407,,,Latest close did not break the prior rolling range,False,False,True,False
2026-08-21T14:50:26.036407+05:30,EXPERIMENTAL_IMPULSE_BREAKOUT,MIDCPNIFTY,NO_BREAKOUT,,,False,14862.0,14848.15,14860.75,3.8966666666664724,2.922499999999854,,,,,40,26.036407,,,Latest close did not break the prior rolling range,False,False,True,False
2026-08-21T14:50:26.036407+05:30,EXPERIMENTAL_IMPULSE_BREAKOUT,BANKEX,NO_BREAKOUT,,,False,65377.79,65307.25,65338.96,16.350000000001142,12.262500000000855,,,,,40,26.036407,,,Latest close did not break the prior rolling range,False,False,True,False
2026-08-21T14:50:26.036407+05:30,EXPERIMENTAL_IMPULSE_BREAKOUT,FOCIT,NO_BREAKOUT,,,False,37098.45,37046.98,37066.07,10.841428571427969,8.131071428570976,,,,,40,86.036407,,,Latest close did not break the prior rolling range,False,False,True,False
2026-08-21T14:50:26.036407+05:30,EXPERIMENTAL_IMPULSE_BREAKOUT,NIFTYNXT50,NO_BREAKOUT,,,False,73897.5,73844.25,73887.95,12.464285714283635,9.348214285712727,,,,,40,86.036407,,,Latest close did not break the prior rolling range,False,False,True,False
2026-08-21T14:50:26.036407+05:30,EXPERIMENTAL_IMPULSE_BREAKOUT,ADANIENT,NO_BREAKOUT,,,False,3002.0,2994.4,2996.2,1.7785714285715,1.333928571428625,,,,,40,86.036407,,,Latest close did not break the prior rolling range,False,False,True,False
2026-08-21T14:50:26.036407+05:30,EXPERIMENTAL_IMPULSE_BREAKOUT,ADANIPORTS,NO_BREAKOUT,,,False,1698.5,1694.0,1696.7,1.2785714285714351,0.9589285714285763,,,,,40,86.036407,,,Latest close did not break the prior rolling range,False,False,True,False
2026-08-21T14:50:26.036407+05:30,EXPERIMENTAL_IMPULSE_BREAKOUT,APOLLOHOSP,NO_BREAKOUT,,,False,8667.0,8652.0,8660.0,3.25,2.4375,,,,,40,26.036407,,,Latest close did not break the prior rolling range,False,False,True,False
2026-08-21T14:50:26.036407+05:30,EXPERIMENTAL_IMPULSE_BREAKOUT,BAJFINANCE,NO_BREAKOUT,,,False,1094.6,1093.0,1093.5,0.43571428571429544,0.32678571428572156,,,,,40,26.036407,,,Latest close did not break the prior rolling range,False,False,True,False
2026-08-21T14:50:26.036407+05:30,EXPERIMENTAL_IMPULSE_BREAKOUT,BAJAJFINSV,NO_BREAKOUT,,,False,2024.0,2019.7,2019.6,0.5357142857142695,0.4017857142857021,,,,,40,26.036407,,,Latest close did not break the prior rolling range,False,False,True,False
2026-08-21T14:50:57.804753+05:30,EXPERIMENTAL_IMPULSE_BREAKOUT,FINNIFTY,NO_BREAKOUT,,,False,26261.3,26233.65,26257.1,6.68999999999966,5.017499999999745,,,,,40,57.804753,,,Latest close did not break the prior rolling range,False,False,True,False
2026-08-21T14:50:57.804753+05:30,EXPERIMENTAL_IMPULSE_BREAKOUT,MIDCPNIFTY,NO_BREAKOUT,,,False,14862.0,14848.15,14860.75,3.8966666666664724,2.922499999999854,,,,,40,57.804753,,,Latest close did not break the prior rolling range,False,False,True,False
2026-08-21T14:50:57.804753+05:30,EXPERIMENTAL_IMPULSE_BREAKOUT,BEL,NO_BREAKOUT,,,False,414.5,413.0,414.45,0.19999999999999268,0.14999999999999453,,,,,40,0.0,,,Latest close did not break the prior rolling range,False,False,True,False
2026-08-21T14:50:57.804753+05:30,EXPERIMENTAL_IMPULSE_BREAKOUT,BHARTIARTL,NO_BREAKOUT,,,False,1947.1,1943.9,1945.4,0.42857142857137986,0.32142857142853487,,,,,40,0.0,,,Latest close did not break the prior rolling range,False,False,True,False
2026-08-21T14:50:57.804753+05:30,EXPERIMENTAL_IMPULSE_BREAKOUT,CIPLA,NO_BREAKOUT,,,False,1426.6,1421.0,1425.6,0.9357142857143117,0.7017857142857338,,,,,40,0.0,,,Latest close did not break the prior rolling range,False,False,True,False
2026-08-21T14:50:57.804753+05:30,EXPERIMENTAL_IMPULSE_BREAKOUT,HINDUNILVR,NO_BREAKOUT,,,False,2023.9,2021.2,2024.4,0.6800000000000334,0.510000000000025,,,,,40,0.0,,,Latest close did not break the prior rolling range,False,False,True,False
2026-08-21T14:50:57.804753+05:30,EXPERIMENTAL_IMPULSE_BREAKOUT,ICICIBANK,NO_BREAKOUT,,,False,1419.8,1417.9,1419.0,0.46000000000000607,0.3450000000000045,,,,,40,0.0,,,Latest close did not break the prior rolling range,False,False,True,False
2026-08-21T14:50:57.804753+05:30,EXPERIMENTAL_IMPULSE_BREAKOUT,ITC,NO_BREAKOUT,,,False,269.5,269.1,269.4,0.11071428571428653,0.08303571428571489,,,,,40,0.0,,,Latest close did not break the prior rolling range,False,False,True,False
2026-08-21T14:50:57.804753+05:30,EXPERIMENTAL_IMPULSE_BREAKOUT,INFY,NO_BREAKOUT,,,False,1125.1,1119.8,1120.1,0.7357142857142988,0.5517857142857241,,,,,40,0.0,,,Latest close did not break the prior rolling range,False,False,True,False
2026-08-21T14:50:57.804753+05:30,EXPERIMENTAL_IMPULSE_BREAKOUT,INDIGO,NO_BREAKOUT,,,False,5099.0,5082.5,5098.0,3.142857142857143,2.357142857142857,,,,,40,0.0,,,Latest close did not break the prior rolling range,False,False,True,False
2026-08-21T14:51:22.339958+05:30,EXPERIMENTAL_IMPULSE_BREAKOUT,NIFTY,NO_BREAKOUT,,,False,24246.25,24232.9,24242.7,4.335714285714597,3.2517857142859476,,,,,40,22.339958,,,Latest close did not break the prior rolling range,False,False,True,False
2026-08-21T14:51:22.339958+05:30,EXPERIMENTAL_IMPULSE_BREAKOUT,BANKNIFTY,NO_BREAKOUT,,,False,57700.3,57638.75,57669.25,16.050000000000313,12.037500000000236,,,,,40,82.339958,,,Latest close did not break the prior rolling range,False,False,True,False
2026-08-21T14:51:22.339958+05:30,EXPERIMENTAL_IMPULSE_BREAKOUT,FINNIFTY,NO_BREAKOUT,,,False,26261.3,26233.65,26257.1,6.68999999999966,5.017499999999745,,,,,40,82.339958,,,Latest close did not break the prior rolling range,False,False,True,False
2026-08-21T14:51:22.339958+05:30,EXPERIMENTAL_IMPULSE_BREAKOUT,MIDCPNIFTY,NO_BREAKOUT,,,False,14862.0,14848.15,14860.75,3.8966666666664724,2.922499999999854,,,,,40,82.339958,,,Latest close did not break the prior rolling range,False,False,True,False
2026-08-21T14:51:22.339958+05:30,EXPERIMENTAL_IMPULSE_BREAKOUT,BEL,NO_BREAKOUT,,,False,414.5,413.0,414.45,0.19999999999999268,0.14999999999999453,,,,,40,22.339958,,,Latest close did not break the prior rolling range,False,False,True,False
2026-08-21T14:51:22.339958+05:30,EXPERIMENTAL_IMPULSE_BREAKOUT,BHARTIARTL,NO_BREAKOUT,,,False,1947.1,1943.9,1945.4,0.42857142857137986,0.32142857142853487,,,,,40,22.339958,,,Latest close did not break the prior rolling range,False,False,True,False
2026-08-21T14:51:22.339958+05:30,EXPERIMENTAL_IMPULSE_BREAKOUT,CIPLA,NO_BREAKOUT,,,False,1426.6,1421.0,1425.6,0.9357142857143117,0.7017857142857338,,,,,40,22.339958,,,Latest close did not break the prior rolling range,False,False,True,False
2026-08-21T14:51:22.339958+05:30,EXPERIMENTAL_IMPULSE_BREAKOUT,HINDUNILVR,NO_BREAKOUT,,,False,2023.9,2021.2,2024.4,0.6800000000000334,0.510000000000025,,,,,40,22.339958,,,Latest close did not break the prior rolling range,False,False,True,False
2026-08-21T14:51:22.339958+05:30,EXPERIMENTAL_IMPULSE_BREAKOUT,ICICIBANK,NO_BREAKOUT,,,False,1419.8,1417.9,1419.0,0.46000000000000607,0.3450000000000045,,,,,40,22.339958,,,Latest close did not break the prior rolling range,False,False,True,False
2026-08-21T14:51:22.339958+05:30,EXPERIMENTAL_IMPULSE_BREAKOUT,ITC,NO_BREAKOUT,,,False,269.5,269.1,269.4,0.11071428571428653,0.08303571428571489,,,,,40,22.339958,,,Latest close did not break the prior rolling range,False,False,True,False
2026-08-21T14:51:43.569080+05:30,EXPERIMENTAL_IMPULSE_BREAKOUT,NIFTY,NO_BREAKOUT,,,False,24246.25,24232.9,24242.7,4.335714285714597,3.2517857142859476,,,,,40,43.56908,,,Latest close did not break the prior rolling range,False,False,True,False
2026-08-21T14:51:43.569080+05:30,EXPERIMENTAL_IMPULSE_BREAKOUT,BEL,NO_BREAKOUT,,,False,414.5,413.0,414.45,0.19999999999999268,0.14999999999999453,,,,,40,43.56908,,,Latest close did not break the prior rolling range,False,False,True,False
2026-08-21T14:51:43.569080+05:30,EXPERIMENTAL_IMPULSE_BREAKOUT,BHARTIARTL,NO_BREAKOUT,,,False,1947.1,1943.9,1945.4,0.42857142857137986,0.32142857142853487,,,,,40,43.56908,,,Latest close did not break the prior rolling range,False,False,True,False
2026-08-21T14:51:43.569080+05:30,EXPERIMENTAL_IMPULSE_BREAKOUT,CIPLA,NO_BREAKOUT,,,False,1426.6,1421.0,1425.6,0.9357142857143117,0.7017857142857338,,,,,40,43.56908,,,Latest close did not break the prior rolling range,False,False,True,False
2026-08-21T14:51:43.569080+05:30,EXPERIMENTAL_IMPULSE_BREAKOUT,HINDUNILVR,NO_BREAKOUT,,,False,2023.9,2021.2,2024.4,0.6800000000000334,0.510000000000025,,,,,40,43.56908,,,Latest close did not break the prior rolling range,False,False,True,False
2026-08-21T14:51:43.569080+05:30,EXPERIMENTAL_IMPULSE_BREAKOUT,ICICIBANK,NO_BREAKOUT,,,False,1419.8,1417.9,1419.0,0.46000000000000607,0.3450000000000045,,,,,40,43.56908,,,Latest close did not break the prior rolling range,False,False,True,False
2026-08-21T14:51:43.569080+05:30,EXPERIMENTAL_IMPULSE_BREAKOUT,ITC,NO_BREAKOUT,,,False,269.5,269.1,269.4,0.11071428571428653,0.08303571428571489,,,,,40,43.56908,,,Latest close did not break the prior rolling range,False,False,True,False
2026-08-21T14:51:43.569080+05:30,EXPERIMENTAL_IMPULSE_BREAKOUT,INFY,NO_BREAKOUT,,,False,1125.1,1119.8,1120.1,0.7357142857142988,0.5517857142857241,,,,,40,43.56908,,,Latest close did not break the prior rolling range,False,False,True,False
2026-08-21T14:51:43.569080+05:30,EXPERIMENTAL_IMPULSE_BREAKOUT,INDIGO,NO_BREAKOUT,,,False,5099.0,5082.5,5098.0,3.142857142857143,2.357142857142857,,,,,40,43.56908,,,Latest close did not break the prior rolling range,False,False,True,False
2026-08-21T14:52:03.758216+05:30,EXPERIMENTAL_IMPULSE_BREAKOUT,NIFTY,NO_BREAKOUT,,,False,24246.25,24232.9,24242.7,4.335714285714597,3.2517857142859476,,,,,40,63.758216,,,Latest close did not break the prior rolling range,False,False,True,False
2026-08-21T14:52:03.758216+05:30,EXPERIMENTAL_IMPULSE_BREAKOUT,BANKNIFTY,NO_BREAKOUT,,,False,57700.3,57638.75,57672.45,15.11428571428561,11.335714285714207,,,,,40,3.758216,,,Latest close did not break the prior rolling range,False,False,True,False
2026-08-21T14:52:03.758216+05:30,EXPERIMENTAL_IMPULSE_BREAKOUT,FINNIFTY,NO_BREAKOUT,,,False,26261.65,26233.65,26259.6,6.732142857142337,5.049107142856753,,,,,40,3.758216,,,Latest close did not break the prior rolling range,False,False,True,False
2026-08-21T14:52:03.758216+05:30,EXPERIMENTAL_IMPULSE_BREAKOUT,MIDCPNIFTY,NO_BREAKOUT,,,False,14865.2,14848.15,14864.15,3.9642857142853245,2.9732142857139934,,,,,40,3.758216,,,Latest close did not break the prior rolling range,False,False,True,False
2026-08-21T14:52:03.758216+05:30,EXPERIMENTAL_IMPULSE_BREAKOUT,JSWSTEEL,BLOCKED_STALE_HISTORY,,,False,,,1287.8,,,,,,,40,423.758216,,,Latest history bar is 423.8s old,False,False,True,False
2026-08-21T14:52:03.758216+05:30,EXPERIMENTAL_IMPULSE_BREAKOUT,M&M,NO_BREAKOUT,,,False,3441.0,3432.8,3436.4,2.0642857142857856,1.548214285714339,,,,,40,3.758216,,,Latest close did not break the prior rolling range,False,False,True,False
2026-08-21T14:52:03.758216+05:30,EXPERIMENTAL_IMPULSE_BREAKOUT,MARUTI,NO_BREAKOUT,,,False,13631.0,13600.0,13609.0,7.214285714285714,5.410714285714286,,,,,40,3.758216,,,Latest close did not break the prior rolling range,False,False,True,False
2026-08-21T14:52:03.758216+05:30,EXPERIMENTAL_IMPULSE_BREAKOUT,MAXHEALTH,NO_BREAKOUT,,,False,1001.3,995.8,996.6,0.48571428571424996,0.36428571428568746,,,,,40,3.758216,,,Latest close did not break the prior rolling range,False,False,True,False
2026-08-21T14:52:28.003353+05:30,EXPERIMENTAL_IMPULSE_BREAKOUT,NIFTY,NO_BREAKOUT,,,False,24246.25,24232.9,24241.2,4.317857142857455,3.238392857143091,,,,,40,28.003353,,,Latest close did not break the prior rolling range,False,False,True,False
2026-08-21T14:52:28.003353+05:30,EXPERIMENTAL_IMPULSE_BREAKOUT,BANKNIFTY,NO_BREAKOUT,,,False,57700.3,57638.75,57672.45,15.11428571428561,11.335714285714207,,,,,40,28.003353,,,Latest close did not break the prior rolling range,False,False,True,False
2026-08-21T14:52:28.003353+05:30,EXPERIMENTAL_IMPULSE_BREAKOUT,FINNIFTY,NO_BREAKOUT,,,False,26261.65,26233.65,26259.6,6.732142857142337,5.049107142856753,,,,,40,28.003353,,,Latest close did not break the prior rolling range,False,False,True,False
2026-08-21T14:52:28.003353+05:30,EXPERIMENTAL_IMPULSE_BREAKOUT,MIDCPNIFTY,NO_BREAKOUT,,,False,14865.2,14848.15,14864.15,3.9642857142853245,2.9732142857139934,,,,,40,28.003353,,,Latest close did not break the prior rolling range,False,False,True,False
2026-08-21T14:52:28.003353+05:30,EXPERIMENTAL_IMPULSE_BREAKOUT,JSWSTEEL,NO_BREAKOUT,,,False,1290.8,1284.9,1289.3,0.7666666666666818,0.5750000000000114,,,,,40,28.003353,,,Latest close did not break the prior rolling range,False,False,True,False
2026-08-21T14:52:28.003353+05:30,EXPERIMENTAL_IMPULSE_BREAKOUT,LT,NO_BREAKOUT,,,False,4099.0,4090.0,4091.8,1.3357142857142403,1.0017857142856803,,,,,40,28.003353,,,Latest close did not break the prior rolling range,False,False,True,False
2026-08-21T14:52:28.003353+05:30,EXPERIMENTAL_IMPULSE_BREAKOUT,M&M,NO_BREAKOUT,,,False,3441.0,3432.8,3436.4,2.0642857142857856,1.548214285714339,,,,,40,28.003353,,,Latest close did not break the prior rolling range,False,False,True,False
2026-08-21T14:52:28.003353+05:30,EXPERIMENTAL_IMPULSE_BREAKOUT,MARUTI,NO_BREAKOUT,,,False,13631.0,13600.0,13609.0,7.214285714285714,5.410714285714286,,,,,40,28.003353,,,Latest close did not break the prior rolling range,False,False,True,False
2026-08-21T14:52:28.003353+05:30,EXPERIMENTAL_IMPULSE_BREAKOUT,MAXHEALTH,NO_BREAKOUT,,,False,1001.3,995.8,996.6,0.48571428571424996,0.36428571428568746,,,,,40,28.003353,,,Latest close did not break the prior rolling range,False,False,True,False
2026-08-21T14:52:28.003353+05:30,EXPERIMENTAL_IMPULSE_BREAKOUT,NTPC,NO_BREAKOUT,,,False,339.7,338.55,339.6,0.15714285714284415,0.11785714285713311,,,,,40,28.003353,,,Latest close did not break the prior rolling range,False,False,True,False
2026-08-21T14:52:58.138463+05:30,EXPERIMENTAL_IMPULSE_BREAKOUT,NIFTY,NO_BREAKOUT,,,False,24246.25,24232.9,24241.2,4.317857142857455,3.238392857143091,,,,,40,58.138463,,,Latest close did not break the prior rolling range,False,False,True,False
2026-08-21T14:52:58.138463+05:30,EXPERIMENTAL_IMPULSE_BREAKOUT,BANKNIFTY,NO_BREAKOUT,,,False,57700.3,57638.75,57672.45,15.11428571428561,11.335714285714207,,,,,40,58.138463,,,Latest close did not break the prior rolling range,False,False,True,False
2026-08-21T14:52:58.138463+05:30,EXPERIMENTAL_IMPULSE_BREAKOUT,FINNIFTY,NO_BREAKOUT,,,False,26261.65,26233.65,26259.6,6.732142857142337,5.049107142856753,,,,,40,58.138463,,,Latest close did not break the prior rolling range,False,False,True,False
2026-08-21T14:52:58.138463+05:30,EXPERIMENTAL_IMPULSE_BREAKOUT,MIDCPNIFTY,NO_BREAKOUT,,,False,14865.2,14848.15,14864.15,3.9642857142853245,2.9732142857139934,,,,,40,58.138463,,,Latest close did not break the prior rolling range,False,False,True,False
2026-08-21T14:52:58.138463+05:30,EXPERIMENTAL_IMPULSE_BREAKOUT,JSWSTEEL,NO_BREAKOUT,,,False,1290.8,1284.9,1289.3,0.7666666666666818,0.5750000000000114,,,,,40,58.138463,,,Latest close did not break the prior rolling range,False,False,True,False
2026-08-21T14:52:58.138463+05:30,EXPERIMENTAL_IMPULSE_BREAKOUT,JIOFIN,NO_BREAKOUT,,,False,244.25,243.85,243.85,0.07499999999998863,0.056249999999991473,,,,,40,0.0,,,Latest close did not break the prior rolling range,False,False,True,False
2026-08-21T14:52:58.138463+05:30,EXPERIMENTAL_IMPULSE_BREAKOUT,KOTAKBANK,BLOCKED_STALE_HISTORY,,,False,,,402.3,,,,,,,40,418.138463,,,Latest history bar is 418.1s old,False,False,True,False
2026-08-21T14:53:17.289769+05:30,EXPERIMENTAL_IMPULSE_BREAKOUT,NIFTY,NO_BREAKOUT,,,False,24246.25,24232.9,24241.2,4.317857142857455,3.238392857143091,,,,,40,77.289769,,,Latest close did not break the prior rolling range,False,False,True,False
2026-08-21T14:53:25.145307+05:30,EXPERIMENTAL_IMPULSE_BREAKOUT,NIFTY,NO_BREAKOUT,,,False,24246.25,24232.9,24241.2,4.317857142857455,3.238392857143091,,,,,40,85.145307,,,Latest close did not break the prior rolling range,False,False,True,False
2026-08-21T14:53:25.145307+05:30,EXPERIMENTAL_IMPULSE_BREAKOUT,BANKNIFTY,NO_BREAKOUT,,,False,57700.3,57638.75,57671.2,15.067857142857454,11.30089285714309,,,,,40,25.145307,,,Latest close did not break the prior rolling range,False,False,True,False
2026-08-21T14:53:25.145307+05:30,EXPERIMENTAL_IMPULSE_BREAKOUT,FINNIFTY,NO_BREAKOUT,,,False,26261.65,26233.65,26254.65,6.77142857142826,5.078571428571195,,,,,40,25.145307,,,Latest close did not break the prior rolling range,False,False,True,False
2026-08-21T14:53:25.145307+05:30,EXPERIMENTAL_IMPULSE_BREAKOUT,MIDCPNIFTY,NO_BREAKOUT,,,False,14865.7,14848.15,14860.75,3.87499999999961,2.906249999999708,,,,,40,25.145307,,,Latest close did not break the prior rolling range,False,False,True,False
2026-08-21T14:53:25.145307+05:30,EXPERIMENTAL_IMPULSE_BREAKOUT,SHRIRAMFIN,NO_BREAKOUT,,,False,1135.0,1130.4,1134.5,0.8500000000000065,0.6375000000000048,,,,,40,25.145307,,,Latest close did not break the prior rolling range,False,False,True,False
2026-08-21T14:53:25.145307+05:30,EXPERIMENTAL_IMPULSE_BREAKOUT,SBIN,NO_BREAKOUT,,,False,1044.8,1042.8,1043.6,0.44285714285712985,0.3321428571428474,,,,,40,25.145307,,,Latest close did not break the prior rolling range,False,False,True,False
2026-08-21T14:53:25.145307+05:30,EXPERIMENTAL_IMPULSE_BREAKOUT,SUNPHARMA,BLOCKED_STALE_HISTORY,,,False,,,1896.1,,,,,,,40,325.145307,,,Latest history bar is 325.1s old,False,False,True,False
2026-08-21T14:53:44.332999+05:30,EXPERIMENTAL_IMPULSE_BREAKOUT,NIFTY,NO_BREAKOUT,,,False,24246.25,24232.9,24239.35,4.346428571428727,3.259821428571545,,,,,40,44.332999,,,Latest close did not break the prior rolling range,False,False,True,False
2026-08-21T14:53:44.332999+05:30,EXPERIMENTAL_IMPULSE_BREAKOUT,BANKNIFTY,NO_BREAKOUT,,,False,57700.3,57638.75,57671.2,15.067857142857454,11.30089285714309,,,,,40,44.332999,,,Latest close did not break the prior rolling range,False,False,True,False
2026-08-21T14:53:44.332999+05:30,EXPERIMENTAL_IMPULSE_BREAKOUT,FINNIFTY,NO_BREAKOUT,,,False,26261.65,26233.65,26254.65,6.77142857142826,5.078571428571195,,,,,40,44.332999,,,Latest close did not break the prior rolling range,False,False,True,False
2026-08-21T14:53:44.332999+05:30,EXPERIMENTAL_IMPULSE_BREAKOUT,MIDCPNIFTY,NO_BREAKOUT,,,False,14865.7,14848.15,14860.75,3.87499999999961,2.906249999999708,,,,,40,44.332999,,,Latest close did not break the prior rolling range,False,False,True,False
2026-08-21T14:53:44.332999+05:30,EXPERIMENTAL_IMPULSE_BREAKOUT,NESTLEIND,NO_BREAKOUT,,,False,1474.9,1469.6,1473.9,1.0571428571428538,0.7928571428571404,,,,,40,44.332999,,,Latest close did not break the prior rolling range,False,False,True,False
2026-08-21T14:53:44.332999+05:30,EXPERIMENTAL_IMPULSE_BREAKOUT,SUNPHARMA,NO_BREAKOUT,,,False,1898.5,1895.5,1896.6,1.0866666666666789,0.8150000000000092,,,,,40,44.332999,,,Latest close did not break the prior rolling range,False,False,True,False
2026-08-21T14:54:01.560786+05:30,EXPERIMENTAL_IMPULSE_BREAKOUT,NESTLEIND,NO_BREAKOUT,,,False,1474.9,1469.6,1473.9,1.0571428571428538,0.7928571428571404,,,,,40,61.560786,,,Latest close did not break the prior rolling range,False,False,True,False
2026-08-21T14:54:01.560786+05:30,EXPERIMENTAL_IMPULSE_BREAKOUT,ONGC,NO_BREAKOUT,,,False,237.0,236.44,236.54,0.10142857142857256,0.07607142857142943,,,,,40,1.560786,,,Latest close did not break the prior rolling range,False,False,True,False
2026-08-21T14:54:01.560786+05:30,EXPERIMENTAL_IMPULSE_BREAKOUT,POWERGRID,NO_BREAKOUT,,,False,273.15,271.65,271.95,0.24999999999998782,0.18749999999999087,,,,,40,1.560786,,,Latest close did not break the prior rolling range,False,False,True,False
2026-08-21T14:54:01.560786+05:30,EXPERIMENTAL_IMPULSE_BREAKOUT,SBIN,NO_BREAKOUT,,,False,1044.8,1042.8,1043.6,0.44285714285712985,0.3321428571428474,,,,,40,61.560786,,,Latest close did not break the prior rolling range,False,False,True,False
2026-08-21T14:54:01.560786+05:30,EXPERIMENTAL_IMPULSE_BREAKOUT,SUNPHARMA,NO_BREAKOUT,,,False,1898.5,1895.5,1896.6,1.0866666666666789,0.8150000000000092,,,,,40,61.560786,,,Latest close did not break the prior rolling range,False,False,True,False
2026-08-21T14:54:17.488270+05:30,EXPERIMENTAL_IMPULSE_BREAKOUT,NIFTY,NO_BREAKOUT,,,False,24246.25,24232.9,24239.35,4.346428571428727,3.259821428571545,,,,,40,77.48827,,,Latest close did not break the prior rolling range,False,False,True,False
2026-08-21T14:54:17.488270+05:30,EXPERIMENTAL_IMPULSE_BREAKOUT,BANKNIFTY,NO_BREAKOUT,,,False,57700.3,57638.75,57671.2,15.067857142857454,11.30089285714309,,,,,40,77.48827,,,Latest close did not break the prior rolling range,False,False,True,False
2026-08-21T14:54:17.488270+05:30,EXPERIMENTAL_IMPULSE_BREAKOUT,FINNIFTY,NO_BREAKOUT,,,False,26261.65,26233.65,26254.65,6.77142857142826,5.078571428571195,,,,,40,77.48827,,,Latest close did not break the prior rolling range,False,False,True,False
2026-08-21T14:54:17.488270+05:30,EXPERIMENTAL_IMPULSE_BREAKOUT,MIDCPNIFTY,NO_BREAKOUT,,,False,14865.7,14848.15,14860.75,3.87499999999961,2.906249999999708,,,,,40,77.48827,,,Latest close did not break the prior rolling range,False,False,True,False
2026-08-21T14:54:17.488270+05:30,EXPERIMENTAL_IMPULSE_BREAKOUT,TCS,NO_BREAKOUT,,,False,2295.2,2289.6,2292.3,1.8857142857143248,1.4142857142857435,,,,,40,17.48827,,,Latest close did not break the prior rolling range,False,False,True,False
2026-08-21T14:54:17.488270+05:30,EXPERIMENTAL_IMPULSE_BREAKOUT,TATACONSUM,NO_BREAKOUT,,,False,1048.4,1045.9,1047.3,0.7857142857142857,0.5892857142857143,,,,,40,17.48827,,,Latest close did not break the prior rolling range,False,False,True,False
2026-08-21T14:54:17.488270+05:30,EXPERIMENTAL_IMPULSE_BREAKOUT,TMPV,NO_BREAKOUT,,,False,317.7,317.2,317.35,0.1499999999999854,0.11249999999998905,,,,,40,17.48827,,,Latest close did not break the prior rolling range,False,False,True,False
2026-08-21T14:54:17.488270+05:30,EXPERIMENTAL_IMPULSE_BREAKOUT,TATASTEEL,NO_BREAKOUT,,,False,182.79,182.38,182.48,0.0878571428571401,0.06589285714285507,,,,,40,17.48827,,,Latest close did not break the prior rolling range,False,False,True,False
2026-08-21T14:54:17.488270+05:30,EXPERIMENTAL_IMPULSE_BREAKOUT,TECHM,NO_BREAKOUT,,,False,1580.4,1577.5,1579.8,0.8785714285714415,0.6589285714285812,,,,,40,17.48827,,,Latest close did not break the prior rolling range,False,False,True,False
2026-08-21T14:54:17.488270+05:30,EXPERIMENTAL_IMPULSE_BREAKOUT,TITAN,NO_BREAKOUT,,,False,5085.1,5060.4,5079.8,2.6866666666665577,2.0149999999999184,,,,,40,17.48827,,,Latest close did not break the prior rolling range,False,False,True,False
2026-08-21T14:54:17.488270+05:30,EXPERIMENTAL_IMPULSE_BREAKOUT,TRENT,NO_BREAKOUT,,,False,2926.0,2917.2,2919.3,1.9500000000000455,1.462500000000034,,,,,40,17.48827,,,Latest close did not break the prior rolling range,False,False,True,False
2026-08-21T14:54:17.488270+05:30,EXPERIMENTAL_IMPULSE_BREAKOUT,ULTRACEMCO,NO_BREAKOUT,,,False,11573.0,11533.0,11565.0,8.142857142857142,6.107142857142857,,,,,40,17.48827,,,Latest close did not break the prior rolling range,False,False,True,False
2026-08-21T14:54:46.625305+05:30,EXPERIMENTAL_IMPULSE_BREAKOUT,NIFTY,NO_BREAKOUT,,,False,24246.25,24232.9,24238.6,4.314285714285818,3.2357142857143635,,,,,40,46.625305,,,Latest close did not break the prior rolling range,False,False,True,False
2026-08-21T14:54:46.625305+05:30,EXPERIMENTAL_IMPULSE_BREAKOUT,BANKNIFTY,NO_BREAKOUT,,,False,57700.3,57638.75,57667.15,15.23333333333382,11.425000000000365,,,,,40,46.625305,,,Latest close did not break the prior rolling range,False,False,True,False
2026-08-21T14:54:46.625305+05:30,EXPERIMENTAL_IMPULSE_BREAKOUT,TRENT,NO_BREAKOUT,,,False,2926.0,2917.2,2919.3,1.9500000000000455,1.462500000000034,,,,,40,46.625305,,,Latest close did not break the prior rolling range,False,False,True,False
2026-08-21T14:54:46.625305+05:30,EXPERIMENTAL_IMPULSE_BREAKOUT,ULTRACEMCO,NO_BREAKOUT,,,False,11573.0,11533.0,11565.0,8.142857142857142,6.107142857142857,,,,,40,46.625305,,,Latest close did not break the prior rolling range,False,False,True,False
2026-08-21T14:54:59.846401+05:30,EXPERIMENTAL_IMPULSE_BREAKOUT,NIFTY,NO_BREAKOUT,,,False,24246.25,24232.9,24238.6,4.314285714285818,3.2357142857143635,,,,,40,59.846401,,,Latest close did not break the prior rolling range,False,False,True,False
2026-08-21T14:54:59.846401+05:30,EXPERIMENTAL_IMPULSE_BREAKOUT,BANKNIFTY,NO_BREAKOUT,,,False,57700.3,57638.75,57667.15,15.23333333333382,11.425000000000365,,,,,40,59.846401,,,Latest close did not break the prior rolling range,False,False,True,False
2026-08-21T14:54:59.846401+05:30,EXPERIMENTAL_IMPULSE_BREAKOUT,FINNIFTY,NO_BREAKOUT,,,False,26261.65,26233.65,26253.8,6.63571428571439,4.976785714285793,,,,,40,0.0,,,Latest close did not break the prior rolling range,False,False,True,False
2026-08-21T14:54:59.846401+05:30,EXPERIMENTAL_IMPULSE_BREAKOUT,MIDCPNIFTY,NO_BREAKOUT,,,False,14865.7,14848.15,14860.75,3.87499999999961,2.906249999999708,,,,,40,119.846401,,,Latest close did not break the prior rolling range,False,False,True,False
2026-08-21T14:54:59.846401+05:30,EXPERIMENTAL_IMPULSE_BREAKOUT,TATACONSUM,NO_BREAKOUT,,,False,1048.4,1045.9,1047.3,0.7857142857142857,0.5892857142857143,,,,,40,59.846401,,,Latest close did not break the prior rolling range,False,False,True,False
2026-08-21T14:54:59.846401+05:30,EXPERIMENTAL_IMPULSE_BREAKOUT,TMPV,NO_BREAKOUT,,,False,317.7,317.2,317.35,0.1499999999999854,0.11249999999998905,,,,,40,59.846401,,,Latest close did not break the prior rolling range,False,False,True,False
2026-08-21T14:54:59.846401+05:30,EXPERIMENTAL_IMPULSE_BREAKOUT,TATASTEEL,NO_BREAKOUT,,,False,182.79,182.38,182.48,0.0878571428571401,0.06589285714285507,,,,,40,59.846401,,,Latest close did not break the prior rolling range,False,False,True,False
2026-08-21T14:54:59.846401+05:30,EXPERIMENTAL_IMPULSE_BREAKOUT,TECHM,NO_BREAKOUT,,,False,1580.4,1577.5,1579.8,0.8785714285714415,0.6589285714285812,,,,,40,59.846401,,,Latest close did not break the prior rolling range,False,False,True,False
2026-08-21T14:54:59.846401+05:30,EXPERIMENTAL_IMPULSE_BREAKOUT,TITAN,NO_BREAKOUT,,,False,5085.1,5060.4,5079.8,2.6866666666665577,2.0149999999999184,,,,,40,59.846401,,,Latest close did not break the prior rolling range,False,False,True,False
2026-08-21T14:54:59.846401+05:30,EXPERIMENTAL_IMPULSE_BREAKOUT,TRENT,NO_BREAKOUT,,,False,2926.0,2917.2,2919.3,1.9500000000000455,1.462500000000034,,,,,40,59.846401,,,Latest close did not break the prior rolling range,False,False,True,False
2026-08-21T14:54:59.846401+05:30,EXPERIMENTAL_IMPULSE_BREAKOUT,ULTRACEMCO,NO_BREAKOUT,,,False,11573.0,11533.0,11565.0,8.142857142857142,6.107142857142857,,,,,40,59.846401,,,Latest close did not break the prior rolling range,False,False,True,False
2026-08-21T14:55:22.735604+05:30,EXPERIMENTAL_IMPULSE_BREAKOUT,NIFTY,NO_BREAKOUT,,,False,24246.25,24232.9,24238.6,4.314285714285818,3.2357142857143635,,,,,40,82.735604,,,Latest close did not break the prior rolling range,False,False,True,False
2026-08-21T14:55:22.735604+05:30,EXPERIMENTAL_IMPULSE_BREAKOUT,BANKNIFTY,NO_BREAKOUT,,,False,57700.3,57638.75,57667.15,15.23333333333382,11.425000000000365,,,,,40,82.735604,,,Latest close did not break the prior rolling range,False,False,True,False
2026-08-21T14:55:22.735604+05:30,EXPERIMENTAL_IMPULSE_BREAKOUT,FINNIFTY,NO_BREAKOUT,,,False,26261.65,26233.65,26253.8,6.63571428571439,4.976785714285793,,,,,40,22.735604,,,Latest close did not break the prior rolling range,False,False,True,False
2026-08-21T14:55:22.735604+05:30,EXPERIMENTAL_IMPULSE_BREAKOUT,MIDCPNIFTY,NO_BREAKOUT,,,False,14865.7,14848.15,14859.45,4.096428571428207,3.0723214285711555,,,,,40,22.735604,,,Latest close did not break the prior rolling range,False,False,True,False
2026-08-21T14:55:22.735604+05:30,EXPERIMENTAL_IMPULSE_BREAKOUT,WIPRO,NO_BREAKOUT,,,False,180.65,180.33,180.44,0.07857142857142208,0.058928571428566556,,,,,40,22.735604,,,Latest close did not break the prior rolling range,False,False,True,False
2026-08-21T14:55:22.735604+05:30,EXPERIMENTAL_IMPULSE_BREAKOUT,SENSEX,NO_BREAKOUT,,,False,77576.25,77527.59,77550.14,14.833999999999651,11.12549999999974,,,,,40,22.735604,,,Latest close did not break the prior rolling range,False,False,True,False
2026-08-21T14:55:22.735604+05:30,EXPERIMENTAL_IMPULSE_BREAKOUT,BANKEX,NO_BREAKOUT,,,False,65377.79,65307.25,65335.71,17.431333333333896,13.073500000000422,,,,,40,22.735604,,,Latest close did not break the prior rolling range,False,False,True,False
2026-08-21T14:55:22.735604+05:30,EXPERIMENTAL_IMPULSE_BREAKOUT,FOCIT,NO_BREAKOUT,,,False,37090.88,37046.98,37074.43,10.830714285713059,8.123035714284795,,,,,40,22.735604,,,Latest close did not break the prior rolling range,False,False,True,False
2026-08-21T14:55:22.735604+05:30,EXPERIMENTAL_IMPULSE_BREAKOUT,NIFTYNXT50,NO_BREAKOUT,,,False,73908.65,73844.25,73864.95,14.760714285710751,11.070535714283064,,,,,40,22.735604,,,Latest close did not break the prior rolling range,False,False,True,False
2026-08-21T14:55:22.735604+05:30,EXPERIMENTAL_IMPULSE_BREAKOUT,ADANIENT,NO_BREAKOUT,,,False,3002.0,2994.4,2997.0,1.7857142857142532,1.33928571428569,,,,,40,22.735604,,,Latest close did not break the prior rolling range,False,False,True,False
2026-08-21T14:55:22.735604+05:30,EXPERIMENTAL_IMPULSE_BREAKOUT,ADANIPORTS,NO_BREAKOUT,,,False,1698.2,1693.2,1694.3,1.2714285714285845,0.9535714285714383,,,,,40,22.735604,,,Latest close did not break the prior rolling range,False,False,True,False
2026-08-21T14:55:22.735604+05:30,EXPERIMENTAL_IMPULSE_BREAKOUT,APOLLOHOSP,BLOCKED_STALE_HISTORY,,,False,,,8660.0,,,,,,,40,322.735604,,,Latest history bar is 322.7s old,False,False,True,False
2026-08-21T14:55:53.042021+05:30,EXPERIMENTAL_IMPULSE_BREAKOUT,NIFTY,NO_BREAKOUT,,,False,24246.25,24232.9,24239.45,4.264285714285767,3.198214285714325,,,,,40,53.042021,,,Latest close did not break the prior rolling range,False,False,True,False
2026-08-21T14:56:08.212651+05:30,EXPERIMENTAL_IMPULSE_BREAKOUT,NIFTY,NO_BREAKOUT,,,False,24246.25,24232.9,24239.45,4.264285714285767,3.198214285714325,,,,,40,68.212651,,,Latest close did not break the prior rolling range,False,False,True,False
2026-08-21T14:56:08.212651+05:30,EXPERIMENTAL_IMPULSE_BREAKOUT,BANKNIFTY,NO_BREAKOUT,,,False,57700.3,57638.75,57664.85,15.19642857142961,11.397321428572209,,,,,40,8.212651,,,Latest close did not break the prior rolling range,False,False,True,False
2026-08-21T14:56:08.212651+05:30,EXPERIMENTAL_IMPULSE_BREAKOUT,FINNIFTY,NO_BREAKOUT,,,False,26261.65,26233.65,26252.3,6.578571428571324,4.933928571428494,,,,,40,8.212651,,,Latest close did not break the prior rolling range,False,False,True,False
2026-08-21T14:56:08.212651+05:30,EXPERIMENTAL_IMPULSE_BREAKOUT,MIDCPNIFTY,NO_BREAKOUT,,,False,14865.7,14848.15,14859.45,4.096428571428207,3.0723214285711555,,,,,40,68.212651,,,Latest close did not break the prior rolling range,False,False,True,False
2026-08-21T14:56:08.212651+05:30,EXPERIMENTAL_IMPULSE_BREAKOUT,WIPRO,NO_BREAKOUT,,,False,180.65,180.33,180.44,0.07857142857142208,0.058928571428566556,,,,,40,68.212651,,,Latest close did not break the prior rolling range,False,False,True,False
2026-08-21T14:56:08.212651+05:30,EXPERIMENTAL_IMPULSE_BREAKOUT,SENSEX,NO_BREAKOUT,,,False,77576.25,77527.59,77550.14,14.833999999999651,11.12549999999974,,,,,40,68.212651,,,Latest close did not break the prior rolling range,False,False,True,False
2026-08-21T14:56:08.212651+05:30,EXPERIMENTAL_IMPULSE_BREAKOUT,BANKEX,NO_BREAKOUT,,,False,65377.79,65307.25,65335.71,17.431333333333896,13.073500000000422,,,,,40,68.212651,,,Latest close did not break the prior rolling range,False,False,True,False
2026-08-21T14:56:08.212651+05:30,EXPERIMENTAL_IMPULSE_BREAKOUT,FOCIT,NO_BREAKOUT,,,False,37090.88,37046.98,37074.43,10.830714285713059,8.123035714284795,,,,,40,68.212651,,,Latest close did not break the prior rolling range,False,False,True,False
2026-08-21T14:56:08.212651+05:30,EXPERIMENTAL_IMPULSE_BREAKOUT,NIFTYNXT50,NO_BREAKOUT,,,False,73908.65,73844.25,73864.95,14.760714285710751,11.070535714283064,,,,,40,68.212651,,,Latest close did not break the prior rolling range,False,False,True,False
2026-08-21T14:56:08.212651+05:30,EXPERIMENTAL_IMPULSE_BREAKOUT,ADANIENT,NO_BREAKOUT,,,False,3002.0,2994.4,2997.0,1.7857142857142532,1.33928571428569,,,,,40,68.212651,,,Latest close did not break the prior rolling range,False,False,True,False
2026-08-21T14:56:08.212651+05:30,EXPERIMENTAL_IMPULSE_BREAKOUT,ADANIPORTS,NO_BREAKOUT,,,False,1698.2,1693.2,1694.3,1.2714285714285845,0.9535714285714383,,,,,40,68.212651,,,Latest close did not break the prior rolling range,False,False,True,False
2026-08-21T14:56:08.212651+05:30,EXPERIMENTAL_IMPULSE_BREAKOUT,APOLLOHOSP,BLOCKED_STALE_HISTORY,,,False,,,8660.0,,,,,,,40,368.212651,,,Latest history bar is 368.2s old,False,False,True,False
2026-08-21T14:56:33.830691+05:30,EXPERIMENTAL_IMPULSE_BREAKOUT,NIFTY,NO_BREAKOUT,,,False,24246.25,24232.9,24239.45,4.264285714285767,3.198214285714325,,,,,40,93.830691,,,Latest close did not break the prior rolling range,False,False,True,False
2026-08-21T14:56:42.225464+05:30,EXPERIMENTAL_IMPULSE_BREAKOUT,NIFTY,NO_BREAKOUT,,,False,24246.25,24232.9,24239.45,4.264285714285767,3.198214285714325,,,,,40,102.225464,,,Latest close did not break the prior rolling range,False,False,True,False
2026-08-21T14:56:42.225464+05:30,EXPERIMENTAL_IMPULSE_BREAKOUT,BANKNIFTY,NO_BREAKOUT,,,False,57700.3,57638.75,57664.85,15.19642857142961,11.397321428572209,,,,,40,42.225464,,,Latest close did not break the prior rolling range,False,False,True,False
2026-08-21T14:56:42.225464+05:30,EXPERIMENTAL_IMPULSE_BREAKOUT,FINNIFTY,NO_BREAKOUT,,,False,26261.65,26233.65,26252.3,6.578571428571324,4.933928571428494,,,,,40,42.225464,,,Latest close did not break the prior rolling range,False,False,True,False
2026-08-21T14:56:42.225464+05:30,EXPERIMENTAL_IMPULSE_BREAKOUT,MIDCPNIFTY,NO_BREAKOUT,,,False,14865.7,14848.15,14858.25,3.9714285714283375,2.9785714285712532,,,,,40,42.225464,,,Latest close did not break the prior rolling range,False,False,True,False
2026-08-21T14:56:42.225464+05:30,EXPERIMENTAL_IMPULSE_BREAKOUT,BAJFINANCE,NO_BREAKOUT,,,False,1094.6,1093.0,1093.4,0.4571428571428474,0.34285714285713553,,,,,40,42.225464,,,Latest close did not break the prior rolling range,False,False,True,False
2026-08-21T14:56:42.225464+05:30,EXPERIMENTAL_IMPULSE_BREAKOUT,BAJAJFINSV,NO_BREAKOUT,,,False,2023.7,2019.0,2019.2,0.24666666666668485,0.18500000000001365,,,,,40,42.225464,,,Latest close did not break the prior rolling range,False,False,True,False
2026-08-21T14:56:42.225464+05:30,EXPERIMENTAL_IMPULSE_BREAKOUT,BEL,NO_BREAKOUT,,,False,414.85,413.15,414.35,0.2428571428571453,0.18214285714285897,,,,,40,42.225464,,,Latest close did not break the prior rolling range,False,False,True,False
2026-08-21T14:56:42.225464+05:30,EXPERIMENTAL_IMPULSE_BREAKOUT,BHARTIARTL,NO_BREAKOUT,,,False,1946.0,1943.9,1945.7,0.4714285714285649,0.3535714285714237,,,,,40,42.225464,,,Latest close did not break the prior rolling range,False,False,True,False
2026-08-21T14:56:42.225464+05:30,EXPERIMENTAL_IMPULSE_BREAKOUT,CIPLA,NO_BREAKOUT,,,False,1426.6,1422.7,1426.1,0.9357142857142792,0.7017857142857093,,,,,40,42.225464,,,Latest close did not break the prior rolling range,False,False,True,False
2026-08-21T14:56:42.225464+05:30,EXPERIMENTAL_IMPULSE_BREAKOUT,HINDUNILVR,NO_BREAKOUT,,,False,2025.0,2022.0,2023.8,0.7214285714285974,0.5410714285714481,,,,,40,0.0,,,Latest close did not break the prior rolling range,False,False,True,False
2026-08-21T14:56:42.225464+05:30,EXPERIMENTAL_IMPULSE_BREAKOUT,ICICIBANK,NO_BREAKOUT,,,False,1419.0,1417.9,1418.9,0.635714285714276,0.47678571428570704,,,,,40,0.0,,,Latest close did not break the prior rolling range,False,False,True,False
2026-08-21T14:56:42.225464+05:30,EXPERIMENTAL_IMPULSE_BREAKOUT,ITC,NO_BREAKOUT,,,False,269.5,269.1,269.4,0.1285714285714172,0.0964285714285629,,,,,40,0.0,,,Latest close did not break the prior rolling range,False,False,True,False
2026-08-21T14:57:13.192095+05:30,EXPERIMENTAL_IMPULSE_BREAKOUT,NIFTY,NO_BREAKOUT,,,False,24246.25,24232.9,24238.05,4.26071428571439,3.1955357142857927,,,,,40,13.192095,,,Latest close did not break the prior rolling range,False,False,True,False
2026-08-21T14:57:13.192095+05:30,EXPERIMENTAL_IMPULSE_BREAKOUT,BANKNIFTY,NO_BREAKOUT,,,False,57700.3,57638.75,57665.5,15.389285714287066,11.541964285715299,,,,,40,13.192095,,,Latest close did not break the prior rolling range,False,False,True,False
2026-08-21T14:57:13.192095+05:30,EXPERIMENTAL_IMPULSE_BREAKOUT,FINNIFTY,NO_BREAKOUT,,,False,26261.65,26233.65,26249.8,6.689285714285818,5.016964285714364,,,,,40,13.192095,,,Latest close did not break the prior rolling range,False,False,True,False
2026-08-21T14:57:13.192095+05:30,EXPERIMENTAL_IMPULSE_BREAKOUT,MIDCPNIFTY,NO_BREAKOUT,,,False,14865.7,14848.15,14858.25,3.9714285714283375,2.9785714285712532,,,,,40,73.192095,,,Latest close did not break the prior rolling range,False,False,True,False
2026-08-21T14:57:13.192095+05:30,EXPERIMENTAL_IMPULSE_BREAKOUT,BAJFINANCE,NO_BREAKOUT,,,False,1094.6,1093.0,1093.4,0.4571428571428474,0.34285714285713553,,,,,40,73.192095,,,Latest close did not break the prior rolling range,False,False,True,False
2026-08-21T14:57:13.192095+05:30,EXPERIMENTAL_IMPULSE_BREAKOUT,BAJAJFINSV,NO_BREAKOUT,,,False,2023.7,2019.0,2019.2,0.24666666666668485,0.18500000000001365,,,,,40,73.192095,,,Latest close did not break the prior rolling range,False,False,True,False
2026-08-21T14:57:13.192095+05:30,EXPERIMENTAL_IMPULSE_BREAKOUT,BEL,NO_BREAKOUT,,,False,414.85,413.15,414.35,0.2428571428571453,0.18214285714285897,,,,,40,73.192095,,,Latest close did not break the prior rolling range,False,False,True,False
2026-08-21T14:57:13.192095+05:30,EXPERIMENTAL_IMPULSE_BREAKOUT,BHARTIARTL,NO_BREAKOUT,,,False,1946.0,1943.9,1945.7,0.4714285714285649,0.3535714285714237,,,,,40,73.192095,,,Latest close did not break the prior rolling range,False,False,True,False
2026-08-21T14:57:13.192095+05:30,EXPERIMENTAL_IMPULSE_BREAKOUT,CIPLA,NO_BREAKOUT,,,False,1426.6,1422.7,1426.1,0.9357142857142792,0.7017857142857093,,,,,40,73.192095,,,Latest close did not break the prior rolling range,False,False,True,False
2026-08-21T14:57:13.192095+05:30,EXPERIMENTAL_IMPULSE_BREAKOUT,HINDUNILVR,NO_BREAKOUT,,,False,2025.0,2022.0,2023.8,0.7214285714285974,0.5410714285714481,,,,,40,13.192095,,,Latest close did not break the prior rolling range,False,False,True,False
2026-08-21T14:57:13.192095+05:30,EXPERIMENTAL_IMPULSE_BREAKOUT,ICICIBANK,NO_BREAKOUT,,,False,1419.0,1417.9,1418.9,0.635714285714276,0.47678571428570704,,,,,40,13.192095,,,Latest close did not break the prior rolling range,False,False,True,False
2026-08-21T14:57:13.192095+05:30,EXPERIMENTAL_IMPULSE_BREAKOUT,ITC,NO_BREAKOUT,,,False,269.5,269.1,269.4,0.1285714285714172,0.0964285714285629,,,,,40,13.192095,,,Latest close did not break the prior rolling range,False,False,True,False
2026-08-21T14:57:40.612641+05:30,EXPERIMENTAL_IMPULSE_BREAKOUT,NIFTY,NO_BREAKOUT,,,False,24246.25,24232.9,24238.05,4.26071428571439,3.1955357142857927,,,,,40,40.612641,,,Latest close did not break the prior rolling range,False,False,True,False
2026-08-21T14:57:40.612641+05:30,EXPERIMENTAL_IMPULSE_BREAKOUT,BANKNIFTY,NO_BREAKOUT,,,False,57700.3,57638.75,57665.5,15.389285714287066,11.541964285715299,,,,,40,40.612641,,,Latest close did not break the prior rolling range,False,False,True,False
2026-08-21T14:57:40.612641+05:30,EXPERIMENTAL_IMPULSE_BREAKOUT,FINNIFTY,NO_BREAKOUT,,,False,26261.65,26233.65,26249.8,6.689285714285818,5.016964285714364,,,,,40,40.612641,,,Latest close did not break the prior rolling range,False,False,True,False
2026-08-21T14:57:40.612641+05:30,EXPERIMENTAL_IMPULSE_BREAKOUT,MIDCPNIFTY,NO_BREAKOUT,,,False,14865.7,14848.15,14858.25,3.9714285714283375,2.9785714285712532,,,,,40,100.612641,,,Latest close did not break the prior rolling range,False,False,True,False
2026-08-21T14:57:40.612641+05:30,EXPERIMENTAL_IMPULSE_BREAKOUT,INFY,NO_BREAKOUT,,,False,1124.2,1119.8,1120.0,0.7000000000000455,0.5250000000000341,,,,,40,40.612641,,,Latest close did not break the prior rolling range,False,False,True,False
2026-08-21T14:57:40.612641+05:30,EXPERIMENTAL_IMPULSE_BREAKOUT,INDIGO,NO_BREAKOUT,,,False,5109.0,5082.5,5101.5,3.466666666666667,2.6,,,,,40,40.612641,,,Latest close did not break the prior rolling range,False,False,True,False
2026-08-21T14:57:40.612641+05:30,EXPERIMENTAL_IMPULSE_BREAKOUT,JSWSTEEL,NO_BREAKOUT,,,False,1290.8,1285.4,1288.9,0.9642857142857305,0.7232142857142979,,,,,40,40.612641,,,Latest close did not break the prior rolling range,False,False,True,False
2026-08-21T14:57:40.612641+05:30,EXPERIMENTAL_IMPULSE_BREAKOUT,JIOFIN,NO_BREAKOUT,,,False,244.2,243.7,243.75,0.09642857142856087,0.07232142857142065,,,,,40,40.612641,,,Latest close did not break the prior rolling range,False,False,True,False
2026-08-21T14:57:40.612641+05:30,EXPERIMENTAL_IMPULSE_BREAKOUT,KOTAKBANK,NO_BREAKOUT,,,False,403.1,402.0,402.8,0.2678571428571388,0.2008928571428541,,,,,40,40.612641,,,Latest close did not break the prior rolling range,False,False,True,False
2026-08-21T14:57:40.612641+05:30,EXPERIMENTAL_IMPULSE_BREAKOUT,NESTLEIND,NO_BREAKOUT,,,False,1475.0,1469.6,1474.1,1.0571428571429027,0.792857142857177,,,,,40,40.612641,,,Latest close did not break the prior rolling range,False,False,True,False
2026-08-21T14:57:40.612641+05:30,EXPERIMENTAL_IMPULSE_BREAKOUT,ONGC,NO_BREAKOUT,,,False,237.0,236.44,236.54,0.10285714285714269,0.07714285714285701,,,,,40,40.612641,,,Latest close did not break the prior rolling range,False,False,True,False
2026-08-21T14:57:40.612641+05:30,EXPERIMENTAL_IMPULSE_BREAKOUT,POWERGRID,NO_BREAKOUT,,,False,273.15,271.65,271.8,0.24285714285714124,0.18214285714285594,,,,,40,0.0,,,Latest close did not break the prior rolling range,False,False,True,False
2026-08-21T14:58:08.189903+05:30,EXPERIMENTAL_IMPULSE_BREAKOUT,NIFTY,NO_BREAKOUT,,,False,24246.25,24232.9,24238.05,4.26071428571439,3.1955357142857927,,,,,40,68.189903,,,Latest close did not break the prior rolling range,False,False,True,False
2026-08-21T14:58:08.189903+05:30,EXPERIMENTAL_IMPULSE_BREAKOUT,BANKNIFTY,NO_BREAKOUT,,,False,57700.3,57638.75,57665.5,15.389285714287066,11.541964285715299,,,,,40,68.189903,,,Latest close did not break the prior rolling range,False,False,True,False
2026-08-21T14:58:08.189903+05:30,EXPERIMENTAL_IMPULSE_BREAKOUT,FINNIFTY,NO_BREAKOUT,,,False,26261.65,26233.65,26249.8,6.689285714285818,5.016964285714364,,,,,40,68.189903,,,Latest close did not break the prior rolling range,False,False,True,False
2026-08-21T14:58:08.189903+05:30,EXPERIMENTAL_IMPULSE_BREAKOUT,MIDCPNIFTY,NO_BREAKOUT,,,False,14865.7,14848.15,14858.95,3.9035714285715324,2.9276785714286495,,,,,40,8.189903,,,Latest close did not break the prior rolling range,False,False,True,False
2026-08-21T14:58:08.189903+05:30,EXPERIMENTAL_IMPULSE_BREAKOUT,INFY,NO_BREAKOUT,,,False,1124.2,1119.8,1120.0,0.7000000000000455,0.5250000000000341,,,,,40,68.189903,,,Latest close did not break the prior rolling range,False,False,True,False
2026-08-21T14:58:08.189903+05:30,EXPERIMENTAL_IMPULSE_BREAKOUT,INDIGO,NO_BREAKOUT,,,False,5109.0,5082.5,5101.5,3.466666666666667,2.6,,,,,40,68.189903,,,Latest close did not break the prior rolling range,False,False,True,False
2026-08-21T14:58:08.189903+05:30,EXPERIMENTAL_IMPULSE_BREAKOUT,JSWSTEEL,NO_BREAKOUT,,,False,1290.8,1285.4,1288.9,0.9642857142857305,0.7232142857142979,,,,,40,68.189903,,,Latest close did not break the prior rolling range,False,False,True,False
2026-08-21T14:58:08.189903+05:30,EXPERIMENTAL_IMPULSE_BREAKOUT,JIOFIN,NO_BREAKOUT,,,False,244.2,243.7,243.75,0.09642857142856087,0.07232142857142065,,,,,40,68.189903,,,Latest close did not break the prior rolling range,False,False,True,False
2026-08-21T14:58:08.189903+05:30,EXPERIMENTAL_IMPULSE_BREAKOUT,KOTAKBANK,NO_BREAKOUT,,,False,403.1,402.0,402.8,0.2678571428571388,0.2008928571428541,,,,,40,68.189903,,,Latest close did not break the prior rolling range,False,False,True,False
2026-08-21T14:58:08.189903+05:30,EXPERIMENTAL_IMPULSE_BREAKOUT,NESTLEIND,NO_BREAKOUT,,,False,1475.0,1469.6,1474.1,1.0571428571429027,0.792857142857177,,,,,40,68.189903,,,Latest close did not break the prior rolling range,False,False,True,False
2026-08-21T14:58:08.189903+05:30,EXPERIMENTAL_IMPULSE_BREAKOUT,ONGC,NO_BREAKOUT,,,False,237.0,236.44,236.54,0.10285714285714269,0.07714285714285701,,,,,40,68.189903,,,Latest close did not break the prior rolling range,False,False,True,False
2026-08-21T14:58:08.189903+05:30,EXPERIMENTAL_IMPULSE_BREAKOUT,POWERGRID,NO_BREAKOUT,,,False,273.15,271.65,271.8,0.24285714285714124,0.18214285714285594,,,,,40,8.189903,,,Latest close did not break the prior rolling range,False,False,True,False
2026-08-21T14:58:35.808024+05:30,EXPERIMENTAL_IMPULSE_BREAKOUT,NIFTY,NO_BREAKOUT,,,False,24246.25,24232.9,24237.3,4.346428571428727,3.259821428571545,,,,,40,35.808024,,,Latest close did not break the prior rolling range,False,False,True,False
2026-08-21T14:58:35.808024+05:30,EXPERIMENTAL_IMPULSE_BREAKOUT,BANKNIFTY,NO_BREAKOUT,,,False,57700.3,57638.75,57661.65,15.540000000001358,11.655000000001019,,,,,40,35.808024,,,Latest close did not break the prior rolling range,False,False,True,False
2026-08-21T14:58:35.808024+05:30,EXPERIMENTAL_IMPULSE_BREAKOUT,FINNIFTY,NO_BREAKOUT,,,False,26261.65,26233.65,26253.05,6.642857142857403,4.982142857143052,,,,,40,35.808024,,,Latest close did not break the prior rolling range,False,False,True,False
2026-08-21T14:58:35.808024+05:30,EXPERIMENTAL_IMPULSE_BREAKOUT,JIOFIN,NO_BREAKOUT,,,False,244.2,243.7,243.75,0.09642857142856087,0.07232142857142065,,,,,40,95.808024,,,Latest close did not break the prior rolling range,False,False,True,False
2026-08-21T14:58:35.808024+05:30,EXPERIMENTAL_IMPULSE_BREAKOUT,KOTAKBANK,NO_BREAKOUT,,,False,403.1,402.0,402.8,0.2678571428571388,0.2008928571428541,,,,,40,95.808024,,,Latest close did not break the prior rolling range,False,False,True,False
2026-08-21T14:58:35.808024+05:30,EXPERIMENTAL_IMPULSE_BREAKOUT,NESTLEIND,NO_BREAKOUT,,,False,1475.0,1469.6,1474.1,1.0571428571429027,0.792857142857177,,,,,40,95.808024,,,Latest close did not break the prior rolling range,False,False,True,False
2026-08-21T14:58:35.808024+05:30,EXPERIMENTAL_IMPULSE_BREAKOUT,ONGC,NO_BREAKOUT,,,False,237.0,236.44,236.54,0.10285714285714269,0.07714285714285701,,,,,40,95.808024,,,Latest close did not break the prior rolling range,False,False,True,False
2026-08-21T14:58:35.808024+05:30,EXPERIMENTAL_IMPULSE_BREAKOUT,POWERGRID,NO_BREAKOUT,,,False,273.15,271.65,271.8,0.24285714285714124,0.18214285714285594,,,,,40,35.808024,,,Latest close did not break the prior rolling range,False,False,True,False
2026-08-21T14:58:56.613889+05:30,EXPERIMENTAL_IMPULSE_BREAKOUT,MIDCPNIFTY,NO_BREAKOUT,,,False,14865.7,14848.15,14858.95,3.9035714285715324,2.9276785714286495,,,,,40,56.613889,,,Latest close did not break the prior rolling range,False,False,True,False
2026-08-21T14:58:56.613889+05:30,EXPERIMENTAL_IMPULSE_BREAKOUT,SBIN,NO_BREAKOUT,,,False,1044.8,1042.8,1043.1,0.4928571428571494,0.36964285714286205,,,,,40,56.613889,,,Latest close did not break the prior rolling range,False,False,True,False
2026-08-21T14:58:56.613889+05:30,EXPERIMENTAL_IMPULSE_BREAKOUT,SUNPHARMA,NO_BREAKOUT,,,False,1898.5,1895.7,1898.0,1.2357142857142986,0.926785714285724,,,,,40,0.0,,,Latest close did not break the prior rolling range,False,False,True,False
2026-08-21T14:59:07.509861+05:30,EXPERIMENTAL_IMPULSE_BREAKOUT,NIFTY,NO_BREAKOUT,,,False,24246.25,24232.9,24237.3,4.346428571428727,3.259821428571545,,,,,40,67.509861,,,Latest close did not break the prior rolling range,False,False,True,False
2026-08-21T14:59:07.509861+05:30,EXPERIMENTAL_IMPULSE_BREAKOUT,MIDCPNIFTY,NO_BREAKOUT,,,False,14865.7,14848.15,14858.95,3.9035714285715324,2.9276785714286495,,,,,40,67.509861,,,Latest close did not break the prior rolling range,False,False,True,False
2026-08-21T14:59:07.509861+05:30,EXPERIMENTAL_IMPULSE_BREAKOUT,SBIN,NO_BREAKOUT,,,False,1044.8,1042.8,1043.1,0.4928571428571494,0.36964285714286205,,,,,40,67.509861,,,Latest close did not break the prior rolling range,False,False,True,False
2026-08-21T14:59:07.509861+05:30,EXPERIMENTAL_IMPULSE_BREAKOUT,SUNPHARMA,NO_BREAKOUT,,,False,1898.5,1895.7,1898.0,1.2357142857142986,0.926785714285724,,,,,40,7.509861,,,Latest close did not break the prior rolling range,False,False,True,False
2026-08-21T14:59:07.509861+05:30,EXPERIMENTAL_IMPULSE_BREAKOUT,TATACONSUM,NO_BREAKOUT,,,False,1048.0,1045.9,1046.3,0.799999999999987,0.5999999999999903,,,,,40,7.509861,,,Latest close did not break the prior rolling range,False,False,True,False
2026-08-21T14:59:07.509861+05:30,EXPERIMENTAL_IMPULSE_BREAKOUT,TMPV,NO_BREAKOUT,,,False,317.7,317.2,317.45,0.17857142857142044,0.13392857142856535,,,,,40,7.509861,,,Latest close did not break the prior rolling range,False,False,True,False
2026-08-21T14:59:07.509861+05:30,EXPERIMENTAL_IMPULSE_BREAKOUT,TATASTEEL,NO_BREAKOUT,,,False,182.79,182.4,182.4,0.07499999999999675,0.056249999999997566,,,,,40,7.509861,,,Latest close did not break the prior rolling range,False,False,True,False
2026-08-21T14:59:07.509861+05:30,EXPERIMENTAL_IMPULSE_BREAKOUT,TECHM,NO_BREAKOUT,,,False,1580.4,1577.5,1580.0,0.75,0.5625,,,,,40,7.509861,,,Latest close did not break the prior rolling range,False,False,True,False
2026-08-21T14:59:07.509861+05:30,EXPERIMENTAL_IMPULSE_BREAKOUT,TITAN,NO_BREAKOUT,,,False,5085.1,5071.0,5078.0,2.1933333333332485,1.6449999999999365,,,,,40,7.509861,,,Latest close did not break the prior rolling range,False,False,True,False
2026-08-21T14:59:07.509861+05:30,EXPERIMENTAL_IMPULSE_BREAKOUT,TRENT,BREAKOUT_BLOCKED_LATE_ENTRY,DOWN,PE,True,2924.6,2917.0,2914.4,1.4866666666666484,1.1149999999999862,1.7488789237667766,-11.786069140369966,51.80722891565539,,40,7.509861,TRENT|DOWN|2924.6000|2917.0000,,Breakout extension is too large for a fresh long-option entry,False,False,True,False
2026-08-21T14:59:31.864853+05:30,EXPERIMENTAL_IMPULSE_BREAKOUT,NIFTY,NO_BREAKOUT,,,False,24246.25,24232.9,24237.3,4.346428571428727,3.259821428571545,,,,,40,91.864853,,,Latest close did not break the prior rolling range,False,False,True,False
2026-08-21T14:59:31.864853+05:30,EXPERIMENTAL_IMPULSE_BREAKOUT,BANKNIFTY,NO_BREAKOUT,,,False,57700.3,57638.75,57661.65,15.540000000001358,11.655000000001019,,,,,40,91.864853,,,Latest close did not break the prior rolling range,False,False,True,False
2026-08-21T14:59:31.864853+05:30,EXPERIMENTAL_IMPULSE_BREAKOUT,FINNIFTY,NO_BREAKOUT,,,False,26261.65,26233.65,26253.05,6.642857142857403,4.982142857143052,,,,,40,91.864853,,,Latest close did not break the prior rolling range,False,False,True,False
2026-08-21T14:59:31.864853+05:30,EXPERIMENTAL_IMPULSE_BREAKOUT,MIDCPNIFTY,NO_BREAKOUT,,,False,14865.7,14848.15,14857.3,3.825000000000078,2.8687500000000585,,,,,40,31.864853,,,Latest close did not break the prior rolling range,False,False,True,False
2026-08-21T14:59:31.864853+05:30,EXPERIMENTAL_IMPULSE_BREAKOUT,SBIN,NO_BREAKOUT,,,False,1044.8,1042.8,1043.1,0.4928571428571494,0.36964285714286205,,,,,40,91.864853,,,Latest close did not break the prior rolling range,False,False,True,False
2026-08-21T14:59:31.864853+05:30,EXPERIMENTAL_IMPULSE_BREAKOUT,SUNPHARMA,NO_BREAKOUT,,,False,1898.5,1895.7,1898.0,1.2357142857142986,0.926785714285724,,,,,40,31.864853,,,Latest close did not break the prior rolling range,False,False,True,False
2026-08-21T14:59:31.864853+05:30,EXPERIMENTAL_IMPULSE_BREAKOUT,TATACONSUM,NO_BREAKOUT,,,False,1048.0,1045.9,1046.3,0.799999999999987,0.5999999999999903,,,,,40,31.864853,,,Latest close did not break the prior rolling range,False,False,True,False
2026-08-21T14:59:31.864853+05:30,EXPERIMENTAL_IMPULSE_BREAKOUT,TMPV,NO_BREAKOUT,,,False,317.7,317.2,317.45,0.17857142857142044,0.13392857142856535,,,,,40,31.864853,,,Latest close did not break the prior rolling range,False,False,True,False
2026-08-21T14:59:31.864853+05:30,EXPERIMENTAL_IMPULSE_BREAKOUT,TATASTEEL,NO_BREAKOUT,,,False,182.79,182.4,182.4,0.07499999999999675,0.056249999999997566,,,,,40,31.864853,,,Latest close did not break the prior rolling range,False,False,True,False
2026-08-21T14:59:31.864853+05:30,EXPERIMENTAL_IMPULSE_BREAKOUT,TECHM,NO_BREAKOUT,,,False,1580.4,1577.5,1580.0,0.75,0.5625,,,,,40,31.864853,,,Latest close did not break the prior rolling range,False,False,True,False
2026-08-21T14:59:31.864853+05:30,EXPERIMENTAL_IMPULSE_BREAKOUT,TITAN,NO_BREAKOUT,,,False,5085.1,5071.0,5078.0,2.1933333333332485,1.6449999999999365,,,,,40,31.864853,,,Latest close did not break the prior rolling range,False,False,True,False
2026-08-21T14:59:31.864853+05:30,EXPERIMENTAL_IMPULSE_BREAKOUT,TRENT,BREAKOUT_SUPPRESSED_ONE_SHOT,DOWN,PE,True,2924.6,2917.0,2914.4,1.4866666666666484,1.1149999999999862,1.7488789237667766,-11.786069140369966,51.80722891565539,,40,31.864853,TRENT|DOWN|2924.6000|2917.0000,,Same breakout episode is inside one-shot lockout,False,False,True,False
2026-08-21T15:00:01.348329+05:30,EXPERIMENTAL_IMPULSE_BREAKOUT,NIFTY,NO_BREAKOUT,,,False,24246.25,24232.9,24235.2,4.442857142857455,3.332142857143091,,,,,40,1.348329,,,Latest close did not break the prior rolling range,False,False,True,False
2026-08-21T15:00:01.348329+05:30,EXPERIMENTAL_IMPULSE_BREAKOUT,BANKNIFTY,NO_BREAKOUT,,,False,57700.3,57638.75,57655.2,16.496666666668414,12.37250000000131,,,,,40,1.348329,,,Latest close did not break the prior rolling range,False,False,True,False
2026-08-21T15:00:01.348329+05:30,EXPERIMENTAL_IMPULSE_BREAKOUT,FINNIFTY,NO_BREAKOUT,,,False,26261.65,26233.65,26247.65,6.866666666666666,5.1499999999999995,,,,,40,1.348329,,,Latest close did not break the prior rolling range,False,False,True,False
2026-08-21T15:00:01.348329+05:30,EXPERIMENTAL_IMPULSE_BREAKOUT,MIDCPNIFTY,NO_BREAKOUT,,,False,14865.7,14848.15,14857.3,3.825000000000078,2.8687500000000585,,,,,40,61.348329,,,Latest close did not break the prior rolling range,False,False,True,False
2026-08-21T15:00:01.348329+05:30,EXPERIMENTAL_IMPULSE_BREAKOUT,ULTRACEMCO,NO_BREAKOUT,,,False,11573.0,11551.0,11559.0,7.714285714285714,5.785714285714286,,,,,40,1.348329,,,Latest close did not break the prior rolling range,False,False,True,False
2026-08-21T15:00:01.348329+05:30,EXPERIMENTAL_IMPULSE_BREAKOUT,WIPRO,NO_BREAKOUT,,,False,180.65,180.33,180.41,0.06428571428571063,0.048214285714282976,,,,,40,1.348329,,,Latest close did not break the prior rolling range,False,False,True,False
2026-08-21T15:00:01.348329+05:30,EXPERIMENTAL_IMPULSE_BREAKOUT,SENSEX,NO_BREAKOUT,,,False,77576.25,77521.3,77530.61,14.785714285715326,11.089285714286493,,,,,40,1.348329,,,Latest close did not break the prior rolling range,False,False,True,False
2026-08-21T15:00:01.348329+05:30,EXPERIMENTAL_IMPULSE_BREAKOUT,BANKEX,NO_BREAKOUT,,,False,65377.79,65307.25,65327.46,18.04357142857147,13.532678571428605,,,,,40,1.348329,,,Latest close did not break the prior rolling range,False,False,True,False
2026-08-21T15:00:01.348329+05:30,EXPERIMENTAL_IMPULSE_BREAKOUT,FOCIT,NO_BREAKOUT,,,False,37085.28,37046.98,37060.01,9.849999999999584,7.387499999999688,,,,,40,1.348329,,,Latest close did not break the prior rolling range,False,False,True,False
2026-08-21T15:00:01.348329+05:30,EXPERIMENTAL_IMPULSE_BREAKOUT,NIFTYNXT50,NO_BREAKOUT,,,False,73908.65,73826.4,73840.8,17.806666666665116,13.354999999998837,,,,,40,1.348329,,,Latest close did not break the prior rolling range,False,False,True,False
2026-08-21T15:00:01.348329+05:30,EXPERIMENTAL_IMPULSE_BREAKOUT,ADANIENT,NO_BREAKOUT,,,False,3002.0,2994.1,2996.0,2.0214285714285194,1.5160714285713897,,,,,40,1.348329,,,Latest close did not break the prior rolling range,False,False,True,False
2026-08-21T15:00:01.348329+05:30,EXPERIMENTAL_IMPULSE_BREAKOUT,ADANIPORTS,NO_BREAKOUT,,,False,1697.7,1693.0,1694.0,1.221428571428581,0.9160714285714358,,,,,40,1.348329,,,Latest close did not break the prior rolling range,False,False,True,False
2026-08-21T15:00:32.812145+05:30,EXPERIMENTAL_IMPULSE_BREAKOUT,FINNIFTY,NO_BREAKOUT,,,False,26261.65,26233.65,26247.65,6.866666666666666,5.1499999999999995,,,,,40,32.812145,,,Latest close did not break the prior rolling range,False,False,True,False
2026-08-21T15:00:32.812145+05:30,EXPERIMENTAL_IMPULSE_BREAKOUT,MIDCPNIFTY,NO_BREAKOUT,,,False,14865.7,14848.15,14857.3,3.825000000000078,2.8687500000000585,,,,,40,92.812145,,,Latest close did not break the prior rolling range,False,False,True,False
2026-08-21T15:00:32.812145+05:30,EXPERIMENTAL_IMPULSE_BREAKOUT,ULTRACEMCO,NO_BREAKOUT,,,False,11573.0,11551.0,11559.0,7.714285714285714,5.785714285714286,,,,,40,32.812145,,,Latest close did not break the prior rolling range,False,False,True,False
2026-08-21T15:00:32.812145+05:30,EXPERIMENTAL_IMPULSE_BREAKOUT,WIPRO,NO_BREAKOUT,,,False,180.65,180.33,180.41,0.06428571428571063,0.048214285714282976,,,,,40,32.812145,,,Latest close did not break the prior rolling range,False,False,True,False
2026-08-21T15:00:32.812145+05:30,EXPERIMENTAL_IMPULSE_BREAKOUT,SENSEX,NO_BREAKOUT,,,False,77576.25,77521.3,77530.61,14.785714285715326,11.089285714286493,,,,,40,32.812145,,,Latest close did not break the prior rolling range,False,False,True,False
2026-08-21T15:00:32.812145+05:30,EXPERIMENTAL_IMPULSE_BREAKOUT,BANKEX,NO_BREAKOUT,,,False,65377.79,65307.25,65327.46,18.04357142857147,13.532678571428605,,,,,40,32.812145,,,Latest close did not break the prior rolling range,False,False,True,False
2026-08-21T15:00:32.812145+05:30,EXPERIMENTAL_IMPULSE_BREAKOUT,FOCIT,NO_BREAKOUT,,,False,37085.28,37046.98,37060.01,9.849999999999584,7.387499999999688,,,,,40,32.812145,,,Latest close did not break the prior rolling range,False,False,True,False
2026-08-21T15:00:32.812145+05:30,EXPERIMENTAL_IMPULSE_BREAKOUT,NIFTYNXT50,NO_BREAKOUT,,,False,73908.65,73826.4,73840.8,17.806666666665116,13.354999999998837,,,,,40,32.812145,,,Latest close did not break the prior rolling range,False,False,True,False
2026-08-21T15:00:32.812145+05:30,EXPERIMENTAL_IMPULSE_BREAKOUT,ADANIENT,NO_BREAKOUT,,,False,3002.0,2994.1,2996.0,2.0214285714285194,1.5160714285713897,,,,,40,32.812145,,,Latest close did not break the prior rolling range,False,False,True,False
2026-08-21T15:00:32.812145+05:30,EXPERIMENTAL_IMPULSE_BREAKOUT,ADANIPORTS,NO_BREAKOUT,,,False,1697.7,1693.0,1694.0,1.221428571428581,0.9160714285714358,,,,,40,32.812145,,,Latest close did not break the prior rolling range,False,False,True,False
2026-08-21T15:01:03.292423+05:30,EXPERIMENTAL_IMPULSE_BREAKOUT,NIFTY,NO_BREAKOUT,,,False,24245.2,24232.9,24238.75,4.60357142857174,3.4526785714288053,,,,,40,3.292423,,,Latest close did not break the prior rolling range,False,False,True,False
2026-08-21T15:01:03.292423+05:30,EXPERIMENTAL_IMPULSE_BREAKOUT,BANKNIFTY,NO_BREAKOUT,,,False,57700.3,57638.75,57654.85,16.721428571430028,12.541071428572522,,,,,40,3.292423,,,Latest close did not break the prior rolling range,False,False,True,False
2026-08-21T15:01:03.292423+05:30,EXPERIMENTAL_IMPULSE_BREAKOUT,FINNIFTY,NO_BREAKOUT,,,False,26261.65,26233.65,26249.65,6.921428571428415,5.191071428571312,,,,,40,3.292423,,,Latest close did not break the prior rolling range,False,False,True,False
2026-08-21T15:01:03.292423+05:30,EXPERIMENTAL_IMPULSE_BREAKOUT,MIDCPNIFTY,NO_BREAKOUT,,,False,14865.7,14848.15,14852.9,3.921428571428675,2.9410714285715063,,,,,40,3.292423,,,Latest close did not break the prior rolling range,False,False,True,False
2026-08-21T15:01:03.292423+05:30,EXPERIMENTAL_IMPULSE_BREAKOUT,ICICIBANK,NO_BREAKOUT,,,False,1419.0,1417.9,1419.0,0.6933333333333394,0.5200000000000045,,,,,40,3.292423,,,Latest close did not break the prior rolling range,False,False,True,False
2026-08-21T15:01:03.292423+05:30,EXPERIMENTAL_IMPULSE_BREAKOUT,ITC,NO_BREAKOUT,,,False,269.55,269.1,269.5,0.13666666666665225,0.10249999999998918,,,,,40,3.292423,,,Latest close did not break the prior rolling range,False,False,True,False
2026-08-21T15:01:03.292423+05:30,EXPERIMENTAL_IMPULSE_BREAKOUT,BAJFINANCE,NO_BREAKOUT,,,False,1094.6,1092.2,1092.8,0.559999999999991,0.4199999999999932,,,,,40,3.292423,,,Latest close did not break the prior rolling range,False,False,True,False
2026-08-21T15:01:03.292423+05:30,EXPERIMENTAL_IMPULSE_BREAKOUT,BHARTIARTL,BLOCKED_STALE_HISTORY,,,False,,,1945.7,,,,,,,40,303.292423,,,Latest history bar is 303.3s old,False,False,True,False
2026-08-21T15:01:37.252221+05:30,EXPERIMENTAL_IMPULSE_BREAKOUT,BANKNIFTY,NO_BREAKOUT,,,False,57700.3,57638.75,57654.85,16.721428571430028,12.541071428572522,,,,,40,37.252221,,,Latest close did not break the prior rolling range,False,False,True,False
2026-08-21T15:01:37.252221+05:30,EXPERIMENTAL_IMPULSE_BREAKOUT,FINNIFTY,NO_BREAKOUT,,,False,26261.65,26233.65,26249.65,6.921428571428415,5.191071428571312,,,,,40,37.252221,,,Latest close did not break the prior rolling range,False,False,True,False
2026-08-21T15:01:37.252221+05:30,EXPERIMENTAL_IMPULSE_BREAKOUT,MIDCPNIFTY,NO_BREAKOUT,,,False,14865.7,14848.15,14852.9,3.921428571428675,2.9410714285715063,,,,,40,37.252221,,,Latest close did not break the prior rolling range,False,False,True,False
2026-08-21T15:01:37.252221+05:30,EXPERIMENTAL_IMPULSE_BREAKOUT,APOLLOHOSP,BLOCKED_STALE_HISTORY,,,False,,,8660.0,,,,,,,40,697.252221,,,Latest history bar is 697.3s old,False,False,True,False
2026-08-21T15:01:37.252221+05:30,EXPERIMENTAL_IMPULSE_BREAKOUT,ITC,NO_BREAKOUT,,,False,269.55,269.1,269.5,0.13666666666665225,0.10249999999998918,,,,,40,37.252221,,,Latest close did not break the prior rolling range,False,False,True,False
2026-08-21T15:01:37.252221+05:30,EXPERIMENTAL_IMPULSE_BREAKOUT,BAJAJFINSV,NO_BREAKOUT,,,False,2023.7,2018.4,2022.1,0.7857142857142857,0.5892857142857143,,,,,40,0.0,,,Latest close did not break the prior rolling range,False,False,True,False
2026-08-21T15:01:37.252221+05:30,EXPERIMENTAL_IMPULSE_BREAKOUT,CIPLA,NO_BREAKOUT,,,False,1426.6,1422.7,1424.4,0.899999999999961,0.6749999999999707,,,,,40,0.0,,,Latest close did not break the prior rolling range,False,False,True,False
2026-08-21T15:02:17.533869+05:30,EXPERIMENTAL_IMPULSE_BREAKOUT,NIFTY,NO_BREAKOUT,,,False,24244.4,24232.9,24238.9,4.646428571428779,3.4848214285715846,,,,,40,17.533869,,,Latest close did not break the prior rolling range,False,False,True,False
2026-08-21T15:02:17.533869+05:30,EXPERIMENTAL_IMPULSE_BREAKOUT,FINNIFTY,NO_BREAKOUT,,,False,26261.65,26233.65,26249.45,6.942857142856935,5.207142857142701,,,,,40,17.533869,,,Latest close did not break the prior rolling range,False,False,True,False
2026-08-21T15:02:17.533869+05:30,EXPERIMENTAL_IMPULSE_BREAKOUT,MIDCPNIFTY,NO_BREAKOUT,,,False,14865.7,14848.15,14858.05,4.142857142857403,3.107142857143052,,,,,40,17.533869,,,Latest close did not break the prior rolling range,False,False,True,False
2026-08-21T15:02:17.533869+05:30,EXPERIMENTAL_IMPULSE_BREAKOUT,HINDUNILVR,NO_BREAKOUT,,,False,2025.0,2022.1,2024.5,0.8071428571428864,0.6053571428571648,,,,,40,17.533869,,,Latest close did not break the prior rolling range,False,False,True,False
2026-08-21T15:02:17.533869+05:30,EXPERIMENTAL_IMPULSE_BREAKOUT,NESTLEIND,BREAKOUT_BLOCKED_LATE_ENTRY,UP,CE,True,1475.0,1471.0,1476.8,1.1933333333333698,0.8950000000000273,1.5083798882680723,15.740552276273089,50.877192982453344,,40,17.533869,NESTLEIND|UP|1475.0000|1471.0000,,Breakout extension is too large for a fresh long-option entry,False,False,True,False
2026-08-21T15:02:17.533869+05:30,EXPERIMENTAL_IMPULSE_BREAKOUT,ONGC,NO_BREAKOUT,,,False,237.0,236.42,236.48,0.09785714285714724,0.07339285714286042,,,,,40,17.533869,,,Latest close did not break the prior rolling range,False,False,True,False
2026-08-21T15:02:17.533869+05:30,EXPERIMENTAL_IMPULSE_BREAKOUT,POWERGRID,NO_BREAKOUT,,,False,273.1,271.65,272.15,0.2642857142857175,0.19821428571428812,,,,,40,17.533869,,,Latest close did not break the prior rolling range,False,False,True,False
2026-08-21T15:02:17.533869+05:30,EXPERIMENTAL_IMPULSE_BREAKOUT,JIOFIN,BLOCKED_STALE_HISTORY,,,False,,,243.75,,,,,,,40,317.533869,,,Latest history bar is 317.5s old,False,False,True,False
2026-08-21T15:02:17.533869+05:30,EXPERIMENTAL_IMPULSE_BREAKOUT,MARUTI,NO_BREAKOUT,,,False,13631.0,13600.0,13613.0,5.714285714285714,4.285714285714286,,,,,40,17.533869,,,Latest close did not break the prior rolling range,False,False,True,False
2026-08-21T15:02:50.741061+05:30,EXPERIMENTAL_IMPULSE_BREAKOUT,NIFTY,NO_BREAKOUT,,,False,24244.4,24232.9,24238.9,4.646428571428779,3.4848214285715846,,,,,40,50.741061,,,Latest close did not break the prior rolling range,False,False,True,False
2026-08-21T15:02:50.741061+05:30,EXPERIMENTAL_IMPULSE_BREAKOUT,BANKNIFTY,NO_BREAKOUT,,,False,57700.3,57638.75,57666.7,16.550000000001454,12.41250000000109,,,,,40,50.741061,,,Latest close did not break the prior rolling range,False,False,True,False
2026-08-21T15:02:50.741061+05:30,EXPERIMENTAL_IMPULSE_BREAKOUT,FINNIFTY,NO_BREAKOUT,,,False,26261.65,26233.65,26249.45,6.942857142856935,5.207142857142701,,,,,40,50.741061,,,Latest close did not break the prior rolling range,False,False,True,False
2026-08-21T15:02:50.741061+05:30,EXPERIMENTAL_IMPULSE_BREAKOUT,MIDCPNIFTY,NO_BREAKOUT,,,False,14865.7,14848.15,14858.05,4.142857142857403,3.107142857143052,,,,,40,50.741061,,,Latest close did not break the prior rolling range,False,False,True,False
2026-08-21T15:02:50.741061+05:30,EXPERIMENTAL_IMPULSE_BREAKOUT,HINDUNILVR,NO_BREAKOUT,,,False,2025.0,2022.1,2024.5,0.8071428571428864,0.6053571428571648,,,,,40,50.741061,,,Latest close did not break the prior rolling range,False,False,True,False
2026-08-21T15:02:50.741061+05:30,EXPERIMENTAL_IMPULSE_BREAKOUT,NESTLEIND,BREAKOUT_SUPPRESSED_ONE_SHOT,UP,CE,True,1475.0,1471.0,1476.8,1.1933333333333698,0.8950000000000273,1.5083798882680723,15.740552276273089,50.877192982453344,,40,50.741061,NESTLEIND|UP|1475.0000|1471.0000,,Same breakout episode is inside one-shot lockout,False,False,True,False
2026-08-21T15:02:50.741061+05:30,EXPERIMENTAL_IMPULSE_BREAKOUT,ONGC,NO_BREAKOUT,,,False,237.0,236.42,236.48,0.09785714285714724,0.07339285714286042,,,,,40,50.741061,,,Latest close did not break the prior rolling range,False,False,True,False
2026-08-21T15:02:50.741061+05:30,EXPERIMENTAL_IMPULSE_BREAKOUT,POWERGRID,NO_BREAKOUT,,,False,273.1,271.65,272.15,0.2642857142857175,0.19821428571428812,,,,,40,50.741061,,,Latest close did not break the prior rolling range,False,False,True,False
2026-08-21T15:02:50.741061+05:30,EXPERIMENTAL_IMPULSE_BREAKOUT,JIOFIN,NO_BREAKOUT,,,False,244.0,243.6,243.65,0.1321428571428608,0.09910714285714561,,,,,40,0.0,,,Latest close did not break the prior rolling range,False,False,True,False
2026-08-21T15:02:50.741061+05:30,EXPERIMENTAL_IMPULSE_BREAKOUT,KOTAKBANK,NO_BREAKOUT,,,False,403.1,402.0,402.45,0.2678571428571388,0.2008928571428541,,,,,40,0.0,,,Latest close did not break the prior rolling range,False,False,True,False
2026-08-21T15:02:50.741061+05:30,EXPERIMENTAL_IMPULSE_BREAKOUT,M&M,NO_BREAKOUT,,,False,3441.0,3432.8,3435.1,2.607142857142857,1.9553571428571428,,,,,40,0.0,,,Latest close did not break the prior rolling range,False,False,True,False
2026-08-21T15:02:50.741061+05:30,EXPERIMENTAL_IMPULSE_BREAKOUT,MARUTI,NO_BREAKOUT,,,False,13631.0,13600.0,13613.0,5.714285714285714,4.285714285714286,,,,,40,50.741061,,,Latest close did not break the prior rolling range,False,False,True,False
2026-08-21T15:03:23.639723+05:30,EXPERIMENTAL_IMPULSE_BREAKOUT,MIDCPNIFTY,NO_BREAKOUT,,,False,14865.7,14848.15,14858.05,4.142857142857403,3.107142857143052,,,,,40,83.639723,,,Latest close did not break the prior rolling range,False,False,True,False
2026-08-21T15:03:23.639723+05:30,EXPERIMENTAL_IMPULSE_BREAKOUT,SBIN,NO_BREAKOUT,,,False,1044.2,1042.0,1042.5,0.5357142857143019,0.4017857142857264,,,,,40,23.639723,,,Latest close did not break the prior rolling range,False,False,True,False
2026-08-21T15:03:23.639723+05:30,EXPERIMENTAL_IMPULSE_BREAKOUT,SUNPHARMA,NO_BREAKOUT,,,False,1901.3,1895.7,1900.8,1.4571428571428637,1.0928571428571479,,,,,40,23.639723,,,Latest close did not break the prior rolling range,False,False,True,False
2026-08-21T15:03:23.639723+05:30,EXPERIMENTAL_IMPULSE_BREAKOUT,TATACONSUM,NO_BREAKOUT,,,False,1047.9,1045.6,1046.6,0.7928571428571688,0.5946428571428766,,,,,40,23.639723,,,Latest close did not break the prior rolling range,False,False,True,False
2026-08-21T15:03:35.924856+05:30,EXPERIMENTAL_IMPULSE_BREAKOUT,NIFTY,NO_BREAKOUT,,,False,24244.4,24232.9,24238.9,4.646428571428779,3.4848214285715846,,,,,40,95.924856,,,Latest close did not break the prior rolling range,False,False,True,False
2026-08-21T15:03:35.924856+05:30,EXPERIMENTAL_IMPULSE_BREAKOUT,BANKNIFTY,NO_BREAKOUT,,,False,57700.3,57638.75,57666.7,16.550000000001454,12.41250000000109,,,,,40,95.924856,,,Latest close did not break the prior rolling range,False,False,True,False
2026-08-21T15:03:35.924856+05:30,EXPERIMENTAL_IMPULSE_BREAKOUT,FINNIFTY,NO_BREAKOUT,,,False,26261.65,26233.65,26242.2,7.1633333333331395,5.372499999999855,,,,,40,35.924856,,,Latest close did not break the prior rolling range,False,False,True,False
2026-08-21T15:03:35.924856+05:30,EXPERIMENTAL_IMPULSE_BREAKOUT,MIDCPNIFTY,NO_BREAKOUT,,,False,14865.7,14848.15,14859.4,4.303571428571688,3.227678571428766,,,,,40,35.924856,,,Latest close did not break the prior rolling range,False,False,True,False
2026-08-21T15:03:35.924856+05:30,EXPERIMENTAL_IMPULSE_BREAKOUT,SBIN,NO_BREAKOUT,,,False,1044.2,1042.0,1042.5,0.5357142857143019,0.4017857142857264,,,,,40,35.924856,,,Latest close did not break the prior rolling range,False,False,True,False
2026-08-21T15:03:35.924856+05:30,EXPERIMENTAL_IMPULSE_BREAKOUT,SUNPHARMA,NO_BREAKOUT,,,False,1901.3,1895.7,1900.8,1.4571428571428637,1.0928571428571479,,,,,40,35.924856,,,Latest close did not break the prior rolling range,False,False,True,False
2026-08-21T15:03:35.924856+05:30,EXPERIMENTAL_IMPULSE_BREAKOUT,TATACONSUM,NO_BREAKOUT,,,False,1047.9,1045.6,1046.6,0.7928571428571688,0.5946428571428766,,,,,40,35.924856,,,Latest close did not break the prior rolling range,False,False,True,False
2026-08-21T15:03:35.924856+05:30,EXPERIMENTAL_IMPULSE_BREAKOUT,TMPV,NO_BREAKOUT,,,False,317.7,317.2,317.35,0.1999999999999962,0.14999999999999716,,,,,40,35.924856,,,Latest close did not break the prior rolling range,False,False,True,False
2026-08-21T15:03:35.924856+05:30,EXPERIMENTAL_IMPULSE_BREAKOUT,TRENT,NO_BREAKOUT,,,False,2923.1,2914.0,2921.7,1.8857142857142921,1.414285714285719,,,,,40,35.924856,,,Latest close did not break the prior rolling range,False,False,True,False
2026-08-21T15:04:00.796099+05:30,EXPERIMENTAL_IMPULSE_BREAKOUT,TATASTEEL,NO_BREAKOUT,,,False,182.79,182.33,182.38,0.06642857142856785,0.049821428571425894,,,,,40,0.796099,,,Latest close did not break the prior rolling range,False,False,True,False
2026-08-21T15:04:00.796099+05:30,EXPERIMENTAL_IMPULSE_BREAKOUT,TECHM,NO_BREAKOUT,,,False,1580.4,1577.5,1577.8,0.7785714285714026,0.5839285714285519,,,,,40,0.796099,,,Latest close did not break the prior rolling range,False,False,True,False
2026-08-21T15:04:00.796099+05:30,EXPERIMENTAL_IMPULSE_BREAKOUT,TITAN,NO_BREAKOUT,,,False,5085.1,5071.0,5078.2,2.249999999999935,1.6874999999999514,,,,,40,0.796099,,,Latest close did not break the prior rolling range,False,False,True,False
2026-08-21T15:04:00.796099+05:30,EXPERIMENTAL_IMPULSE_BREAKOUT,TRENT,NO_BREAKOUT,,,False,2923.1,2914.0,2921.7,1.8857142857142921,1.414285714285719,,,,,40,60.796099,,,Latest close did not break the prior rolling range,False,False,True,False
2026-08-21T15:04:15.609184+05:30,EXPERIMENTAL_IMPULSE_BREAKOUT,NIFTY,NO_BREAKOUT,,,False,24244.4,24232.9,24236.8,5.007142857143273,3.755357142857455,,,,,40,15.609184,,,Latest close did not break the prior rolling range,False,False,True,False
2026-08-21T15:04:15.609184+05:30,EXPERIMENTAL_IMPULSE_BREAKOUT,BANKNIFTY,NO_BREAKOUT,,,False,57688.0,57638.75,57659.45,16.982142857144417,12.736607142858313,,,,,40,15.609184,,,Latest close did not break the prior rolling range,False,False,True,False
2026-08-21T15:04:15.609184+05:30,EXPERIMENTAL_IMPULSE_BREAKOUT,FINNIFTY,NO_BREAKOUT,,,False,26261.65,26233.65,26242.2,7.1633333333331395,5.372499999999855,,,,,40,75.609184,,,Latest close did not break the prior rolling range,False,False,True,False
2026-08-21T15:04:15.609184+05:30,EXPERIMENTAL_IMPULSE_BREAKOUT,MIDCPNIFTY,NO_BREAKOUT,,,False,14865.7,14848.15,14859.4,4.303571428571688,3.227678571428766,,,,,40,75.609184,,,Latest close did not break the prior rolling range,False,False,True,False
2026-08-21T15:04:15.609184+05:30,EXPERIMENTAL_IMPULSE_BREAKOUT,SBIN,NO_BREAKOUT,,,False,1044.2,1042.0,1042.5,0.5357142857143019,0.4017857142857264,,,,,40,75.609184,,,Latest close did not break the prior rolling range,False,False,True,False
2026-08-21T15:04:15.609184+05:30,EXPERIMENTAL_IMPULSE_BREAKOUT,SUNPHARMA,NO_BREAKOUT,,,False,1901.3,1895.7,1900.8,1.4571428571428637,1.0928571428571479,,,,,40,75.609184,,,Latest close did not break the prior rolling range,False,False,True,False
2026-08-21T15:04:15.609184+05:30,EXPERIMENTAL_IMPULSE_BREAKOUT,TATACONSUM,NO_BREAKOUT,,,False,1047.9,1045.6,1046.6,0.7928571428571688,0.5946428571428766,,,,,40,75.609184,,,Latest close did not break the prior rolling range,False,False,True,False
2026-08-21T15:04:15.609184+05:30,EXPERIMENTAL_IMPULSE_BREAKOUT,TMPV,NO_BREAKOUT,,,False,317.7,317.2,317.35,0.1999999999999962,0.14999999999999716,,,,,40,75.609184,,,Latest close did not break the prior rolling range,False,False,True,False
2026-08-21T15:04:15.609184+05:30,EXPERIMENTAL_IMPULSE_BREAKOUT,TATASTEEL,NO_BREAKOUT,,,False,182.79,182.33,182.38,0.06642857142856785,0.049821428571425894,,,,,40,15.609184,,,Latest close did not break the prior rolling range,False,False,True,False
2026-08-21T15:04:15.609184+05:30,EXPERIMENTAL_IMPULSE_BREAKOUT,TECHM,NO_BREAKOUT,,,False,1580.4,1577.5,1577.8,0.7785714285714026,0.5839285714285519,,,,,40,15.609184,,,Latest close did not break the prior rolling range,False,False,True,False
2026-08-21T15:04:15.609184+05:30,EXPERIMENTAL_IMPULSE_BREAKOUT,TITAN,NO_BREAKOUT,,,False,5085.1,5071.0,5078.2,2.249999999999935,1.6874999999999514,,,,,40,15.609184,,,Latest close did not break the prior rolling range,False,False,True,False
2026-08-21T15:04:15.609184+05:30,EXPERIMENTAL_IMPULSE_BREAKOUT,TRENT,NO_BREAKOUT,,,False,2923.1,2914.0,2921.7,1.8857142857142921,1.414285714285719,,,,,40,75.609184,,,Latest close did not break the prior rolling range,False,False,True,False
2026-08-21T15:04:43.248146+05:30,EXPERIMENTAL_IMPULSE_BREAKOUT,SENSEX,NO_BREAKOUT,,,False,77564.06,77521.3,77533.85,16.701999999999924,12.526499999999942,,,,,40,43.248146,,,Latest close did not break the prior rolling range,False,False,True,False
2026-08-21T15:04:43.248146+05:30,EXPERIMENTAL_IMPULSE_BREAKOUT,BANKEX,NO_BREAKOUT,,,False,65369.74,65307.25,65319.52,18.40133333333312,13.80099999999984,,,,,40,43.248146,,,Latest close did not break the prior rolling range,False,False,True,False
2026-08-21T15:04:43.248146+05:30,EXPERIMENTAL_IMPULSE_BREAKOUT,FOCIT,NO_BREAKOUT,,,False,37085.28,37031.64,37049.94,10.973571428570722,8.230178571428041,,,,,40,43.248146,,,Latest close did not break the prior rolling range,False,False,True,False
2026-08-21T15:04:43.248146+05:30,EXPERIMENTAL_IMPULSE_BREAKOUT,NIFTYNXT50,NO_BREAKOUT,,,False,73908.65,73821.65,73835.05,18.514285714285506,13.88571428571413,,,,,40,43.248146,,,Latest close did not break the prior rolling range,False,False,True,False
2026-08-21T15:04:43.248146+05:30,EXPERIMENTAL_IMPULSE_BREAKOUT,ADANIENT,NO_BREAKOUT,,,False,2999.9,2994.1,2996.2,2.0714285714285063,1.5535714285713798,,,,,40,43.248146,,,Latest close did not break the prior rolling range,False,False,True,False
2026-08-21T15:04:43.248146+05:30,EXPERIMENTAL_IMPULSE_BREAKOUT,ADANIPORTS,NO_BREAKOUT,,,False,1697.2,1692.6,1693.0,1.1357142857142921,0.851785714285719,,,,,40,43.248146,,,Latest close did not break the prior rolling range,False,False,True,False
2026-08-21T15:04:59.692596+05:30,EXPERIMENTAL_IMPULSE_BREAKOUT,NIFTY,NO_BREAKOUT,,,False,24244.4,24232.9,24236.8,5.007142857143273,3.755357142857455,,,,,40,59.692596,,,Latest close did not break the prior rolling range,False,False,True,False
2026-08-21T15:04:59.692596+05:30,EXPERIMENTAL_IMPULSE_BREAKOUT,BANKNIFTY,NO_BREAKOUT,,,False,57688.0,57638.75,57659.45,16.982142857144417,12.736607142858313,,,,,40,59.692596,,,Latest close did not break the prior rolling range,False,False,True,False
2026-08-21T15:04:59.692596+05:30,EXPERIMENTAL_IMPULSE_BREAKOUT,FINNIFTY,NO_BREAKOUT,,,False,26261.65,26233.65,26243.25,7.37499999999974,5.531249999999805,,,,,40,0.0,,,Latest close did not break the prior rolling range,False,False,True,False
2026-08-21T15:04:59.692596+05:30,EXPERIMENTAL_IMPULSE_BREAKOUT,MIDCPNIFTY,NO_BREAKOUT,,,False,14865.7,14848.15,14857.8,4.3142857142859485,3.2357142857144616,,,,,40,0.0,,,Latest close did not break the prior rolling range,False,False,True,False
2026-08-21T15:04:59.692596+05:30,EXPERIMENTAL_IMPULSE_BREAKOUT,ULTRACEMCO,NO_BREAKOUT,,,False,11573.0,11551.0,11566.0,7.214285714285714,5.410714285714286,,,,,40,0.0,,,Latest close did not break the prior rolling range,False,False,True,False
2026-08-21T15:04:59.692596+05:30,EXPERIMENTAL_IMPULSE_BREAKOUT,WIPRO,NO_BREAKOUT,,,False,180.64,180.16,180.22,0.08785714285714416,0.06589285714285811,,,,,40,0.0,,,Latest close did not break the prior rolling range,False,False,True,False
2026-08-21T15:04:59.692596+05:30,EXPERIMENTAL_IMPULSE_BREAKOUT,SENSEX,NO_BREAKOUT,,,False,77564.06,77521.3,77533.85,16.701999999999924,12.526499999999942,,,,,40,59.692596,,,Latest close did not break the prior rolling range,False,False,True,False
2026-08-21T15:04:59.692596+05:30,EXPERIMENTAL_IMPULSE_BREAKOUT,BANKEX,NO_BREAKOUT,,,False,65369.74,65307.25,65319.52,18.40133333333312,13.80099999999984,,,,,40,59.692596,,,Latest close did not break the prior rolling range,False,False,True,False
2026-08-21T15:04:59.692596+05:30,EXPERIMENTAL_IMPULSE_BREAKOUT,FOCIT,NO_BREAKOUT,,,False,37085.28,37031.64,37049.94,10.973571428570722,8.230178571428041,,,,,40,59.692596,,,Latest close did not break the prior rolling range,False,False,True,False
2026-08-21T15:04:59.692596+05:30,EXPERIMENTAL_IMPULSE_BREAKOUT,NIFTYNXT50,NO_BREAKOUT,,,False,73908.65,73821.65,73835.05,18.514285714285506,13.88571428571413,,,,,40,59.692596,,,Latest close did not break the prior rolling range,False,False,True,False
2026-08-21T15:04:59.692596+05:30,EXPERIMENTAL_IMPULSE_BREAKOUT,ADANIENT,NO_BREAKOUT,,,False,2999.9,2994.1,2996.2,2.0714285714285063,1.5535714285713798,,,,,40,59.692596,,,Latest close did not break the prior rolling range,False,False,True,False
2026-08-21T15:04:59.692596+05:30,EXPERIMENTAL_IMPULSE_BREAKOUT,ADANIPORTS,NO_BREAKOUT,,,False,1697.2,1692.6,1693.0,1.1357142857142921,0.851785714285719,,,,,40,59.692596,,,Latest close did not break the prior rolling range,False,False,True,False
2026-08-21T15:05:26.650742+05:30,EXPERIMENTAL_IMPULSE_BREAKOUT,NIFTY,NO_BREAKOUT,,,False,24244.4,24232.9,24235.45,5.11428571428587,3.8357142857144026,,,,,40,26.650742,,,Latest close did not break the prior rolling range,False,False,True,False
2026-08-21T15:05:26.650742+05:30,EXPERIMENTAL_IMPULSE_BREAKOUT,BANKNIFTY,NO_BREAKOUT,,,False,57678.8,57638.75,57655.7,17.960714285716158,13.470535714287118,,,,,40,26.650742,,,Latest close did not break the prior rolling range,False,False,True,False
2026-08-21T15:05:36.866139+05:30,EXPERIMENTAL_IMPULSE_BREAKOUT,NIFTY,NO_BREAKOUT,,,False,24244.4,24232.9,24235.45,5.11428571428587,3.8357142857144026,,,,,40,36.866139,,,Latest close did not break the prior rolling range,False,False,True,False
2026-08-21T15:05:36.866139+05:30,EXPERIMENTAL_IMPULSE_BREAKOUT,BANKNIFTY,NO_BREAKOUT,,,False,57678.8,57638.75,57655.7,17.960714285716158,13.470535714287118,,,,,40,36.866139,,,Latest close did not break the prior rolling range,False,False,True,False
2026-08-21T15:05:36.866139+05:30,EXPERIMENTAL_IMPULSE_BREAKOUT,FINNIFTY,NO_BREAKOUT,,,False,26261.65,26233.65,26243.25,7.37499999999974,5.531249999999805,,,,,40,36.866139,,,Latest close did not break the prior rolling range,False,False,True,False
2026-08-21T15:05:36.866139+05:30,EXPERIMENTAL_IMPULSE_BREAKOUT,MIDCPNIFTY,NO_BREAKOUT,,,False,14865.7,14848.15,14857.8,4.3142857142859485,3.2357142857144616,,,,,40,36.866139,,,Latest close did not break the prior rolling range,False,False,True,False
2026-08-21T15:05:36.866139+05:30,EXPERIMENTAL_IMPULSE_BREAKOUT,ULTRACEMCO,NO_BREAKOUT,,,False,11573.0,11551.0,11566.0,7.214285714285714,5.410714285714286,,,,,40,36.866139,,,Latest close did not break the prior rolling range,False,False,True,False
2026-08-21T15:05:36.866139+05:30,EXPERIMENTAL_IMPULSE_BREAKOUT,WIPRO,NO_BREAKOUT,,,False,180.64,180.16,180.22,0.08785714285714416,0.06589285714285811,,,,,40,36.866139,,,Latest close did not break the prior rolling range,False,False,True,False
2026-08-21T15:05:36.866139+05:30,EXPERIMENTAL_IMPULSE_BREAKOUT,SENSEX,NO_BREAKOUT,,,False,77564.06,77521.3,77525.27,17.045333333333836,12.784000000000377,,,,,40,36.866139,,,Latest close did not break the prior rolling range,False,False,True,False
2026-08-21T15:05:36.866139+05:30,EXPERIMENTAL_IMPULSE_BREAKOUT,BANKEX,NO_BREAKOUT,,,False,65354.33,65307.25,65317.82,18.915999999999865,14.186999999999898,,,,,40,36.866139,,,Latest close did not break the prior rolling range,False,False,True,False
2026-08-21T15:05:36.866139+05:30,EXPERIMENTAL_IMPULSE_BREAKOUT,FOCIT,NO_BREAKOUT,,,False,37085.28,37031.64,37056.01,11.63266666666653,8.724499999999898,,,,,40,36.866139,,,Latest close did not break the prior rolling range,False,False,True,False
2026-08-21T15:05:36.866139+05:30,EXPERIMENTAL_IMPULSE_BREAKOUT,NIFTYNXT50,NO_BREAKOUT,,,False,73908.65,73821.65,73816.5,18.003333333333526,13.502500000000143,,,,,40,36.866139,,,Latest close did not break the prior rolling range,False,False,True,False
2026-08-21T15:05:36.866139+05:30,EXPERIMENTAL_IMPULSE_BREAKOUT,ADANIENT,NO_BREAKOUT,,,False,2999.9,2994.1,2996.2,2.0714285714285063,1.5535714285713798,,,,,40,96.866139,,,Latest close did not break the prior rolling range,False,False,True,False
2026-08-21T15:06:05.323726+05:30,EXPERIMENTAL_IMPULSE_BREAKOUT,CIPLA,NO_BREAKOUT,,,False,1426.6,1422.1,1422.5,1.0071428571428345,0.7553571428571259,,,,,40,5.323726,,,Latest close did not break the prior rolling range,False,False,True,False
2026-08-21T15:06:05.323726+05:30,EXPERIMENTAL_IMPULSE_BREAKOUT,ITC,NO_BREAKOUT,,,False,269.6,269.1,269.55,0.1357142857142841,0.10178571428571306,,,,,40,5.323726,,,Latest close did not break the prior rolling range,False,False,True,False
2026-08-21T15:06:05.323726+05:30,EXPERIMENTAL_IMPULSE_BREAKOUT,HINDUNILVR,NO_BREAKOUT,,,False,2025.1,2022.1,2024.4,0.75,0.5625,,,,,40,5.323726,,,Latest close did not break the prior rolling range,False,False,True,False
2026-08-21T15:06:05.323726+05:30,EXPERIMENTAL_IMPULSE_BREAKOUT,JIOFIN,NO_BREAKOUT,,,False,244.0,243.6,243.6,0.13928571428571956,0.10446428571428967,,,,,40,5.323726,,,Latest close did not break the prior rolling range,False,False,True,False
2026-08-21T15:06:17.415037+05:30,EXPERIMENTAL_IMPULSE_BREAKOUT,NIFTY,NO_BREAKOUT,,,False,24244.4,24232.9,24235.45,5.11428571428587,3.8357142857144026,,,,,40,77.415037,,,Latest close did not break the prior rolling range,False,False,True,False
2026-08-21T15:06:17.415037+05:30,EXPERIMENTAL_IMPULSE_BREAKOUT,APOLLOHOSP,NO_BREAKOUT,,,False,8667.0,8647.0,8647.0,4.178571428571429,3.1339285714285716,,,,,40,17.415037,,,Latest close did not break the prior rolling range,False,False,True,False
2026-08-21T15:06:17.415037+05:30,EXPERIMENTAL_IMPULSE_BREAKOUT,BAJAJFINSV,NO_BREAKOUT,,,False,2025.0,2018.4,2023.3,1.1000000000000065,0.8250000000000048,,,,,40,17.415037,,,Latest close did not break the prior rolling range,False,False,True,False
2026-08-21T15:06:17.415037+05:30,EXPERIMENTAL_IMPULSE_BREAKOUT,CIPLA,NO_BREAKOUT,,,False,1426.6,1422.1,1422.5,1.0071428571428345,0.7553571428571259,,,,,40,17.415037,,,Latest close did not break the prior rolling range,False,False,True,False
2026-08-21T15:06:17.415037+05:30,EXPERIMENTAL_IMPULSE_BREAKOUT,ITC,NO_BREAKOUT,,,False,269.6,269.1,269.55,0.1357142857142841,0.10178571428571306,,,,,40,17.415037,,,Latest close did not break the prior rolling range,False,False,True,False
2026-08-21T15:06:17.415037+05:30,EXPERIMENTAL_IMPULSE_BREAKOUT,HINDUNILVR,NO_BREAKOUT,,,False,2025.1,2022.1,2024.4,0.75,0.5625,,,,,40,17.415037,,,Latest close did not break the prior rolling range,False,False,True,False
2026-08-21T15:06:17.415037+05:30,EXPERIMENTAL_IMPULSE_BREAKOUT,JIOFIN,NO_BREAKOUT,,,False,244.0,243.6,243.6,0.13928571428571956,0.10446428571428967,,,,,40,17.415037,,,Latest close did not break the prior rolling range,False,False,True,False
2026-08-21T15:06:17.415037+05:30,EXPERIMENTAL_IMPULSE_BREAKOUT,KOTAKBANK,NO_BREAKOUT,,,False,403.1,402.0,402.75,0.23214285714285307,0.1741071428571398,,,,,40,17.415037,,,Latest close did not break the prior rolling range,False,False,True,False
2026-08-21T15:06:17.415037+05:30,EXPERIMENTAL_IMPULSE_BREAKOUT,M&M,NO_BREAKOUT,,,False,3441.0,3432.1,3435.7,2.721428571428565,2.0410714285714238,,,,,40,17.415037,,,Latest close did not break the prior rolling range,False,False,True,False
2026-08-21T15:06:41.961348+05:30,EXPERIMENTAL_IMPULSE_BREAKOUT,NIFTY,NO_BREAKOUT,,,False,24244.4,24231.55,24238.45,5.280000000000048,3.9600000000000364,,,,,40,41.961348,,,Latest close did not break the prior rolling range,False,False,True,False
2026-08-21T15:06:41.961348+05:30,EXPERIMENTAL_IMPULSE_BREAKOUT,BANKNIFTY,NO_BREAKOUT,,,False,57678.8,57638.75,57659.55,18.07500000000177,13.556250000001327,,,,,40,41.961348,,,Latest close did not break the prior rolling range,False,False,True,False
2026-08-21T15:06:41.961348+05:30,EXPERIMENTAL_IMPULSE_BREAKOUT,FINNIFTY,NO_BREAKOUT,,,False,26261.65,26233.65,26240.2,7.557142857142545,5.667857142856909,,,,,40,41.961348,,,Latest close did not break the prior rolling range,False,False,True,False
2026-08-21T15:06:41.961348+05:30,EXPERIMENTAL_IMPULSE_BREAKOUT,MIDCPNIFTY,NO_BREAKOUT,,,False,14865.7,14848.15,14856.8,4.360714285714494,3.27053571428587,,,,,40,41.961348,,,Latest close did not break the prior rolling range,False,False,True,False
2026-08-21T15:06:41.961348+05:30,EXPERIMENTAL_IMPULSE_BREAKOUT,APOLLOHOSP,NO_BREAKOUT,,,False,8667.0,8647.0,8647.0,4.178571428571429,3.1339285714285716,,,,,40,41.961348,,,Latest close did not break the prior rolling range,False,False,True,False
2026-08-21T15:06:41.961348+05:30,EXPERIMENTAL_IMPULSE_BREAKOUT,BAJAJFINSV,NO_BREAKOUT,,,False,2025.0,2018.4,2023.3,1.1000000000000065,0.8250000000000048,,,,,40,41.961348,,,Latest close did not break the prior rolling range,False,False,True,False
2026-08-21T15:06:41.961348+05:30,EXPERIMENTAL_IMPULSE_BREAKOUT,CIPLA,NO_BREAKOUT,,,False,1426.6,1422.1,1422.5,1.0071428571428345,0.7553571428571259,,,,,40,41.961348,,,Latest close did not break the prior rolling range,False,False,True,False
2026-08-21T15:06:41.961348+05:30,EXPERIMENTAL_IMPULSE_BREAKOUT,ITC,NO_BREAKOUT,,,False,269.6,269.1,269.55,0.1357142857142841,0.10178571428571306,,,,,40,41.961348,,,Latest close did not break the prior rolling range,False,False,True,False
2026-08-21T15:06:41.961348+05:30,EXPERIMENTAL_IMPULSE_BREAKOUT,HINDUNILVR,NO_BREAKOUT,,,False,2025.1,2022.1,2024.4,0.75,0.5625,,,,,40,41.961348,,,Latest close did not break the prior rolling range,False,False,True,False
2026-08-21T15:06:41.961348+05:30,EXPERIMENTAL_IMPULSE_BREAKOUT,JIOFIN,NO_BREAKOUT,,,False,244.0,243.6,243.6,0.13928571428571956,0.10446428571428967,,,,,40,41.961348,,,Latest close did not break the prior rolling range,False,False,True,False
2026-08-21T15:06:41.961348+05:30,EXPERIMENTAL_IMPULSE_BREAKOUT,KOTAKBANK,NO_BREAKOUT,,,False,403.1,402.0,402.75,0.23214285714285307,0.1741071428571398,,,,,40,41.961348,,,Latest close did not break the prior rolling range,False,False,True,False
2026-08-21T15:07:06.994131+05:30,EXPERIMENTAL_IMPULSE_BREAKOUT,SBIN,NO_BREAKOUT,,,False,1044.2,1040.9,1041.7,0.664285714285711,0.4982142857142833,,,,,40,6.994131,,,Latest close did not break the prior rolling range,False,False,True,False
2026-08-21T15:07:06.994131+05:30,EXPERIMENTAL_IMPULSE_BREAKOUT,SUNPHARMA,NO_BREAKOUT,,,False,1901.3,1895.7,1899.4,1.6999999999999968,1.2749999999999977,,,,,40,6.994131,,,Latest close did not break the prior rolling range,False,False,True,False
2026-08-21T15:07:06.994131+05:30,EXPERIMENTAL_IMPULSE_BREAKOUT,TATACONSUM,NO_BREAKOUT,,,False,1047.9,1045.6,1046.9,0.7642857142857176,0.5732142857142881,,,,,40,6.994131,,,Latest close did not break the prior rolling range,False,False,True,False
2026-08-21T15:07:06.994131+05:30,EXPERIMENTAL_IMPULSE_BREAKOUT,TMPV,NO_BREAKOUT,,,False,317.7,316.9,317.05,0.2214285714285771,0.16607142857143284,,,,,40,6.994131,,,Latest close did not break the prior rolling range,False,False,True,False
2026-08-21T15:07:20.858159+05:30,EXPERIMENTAL_IMPULSE_BREAKOUT,FINNIFTY,NO_BREAKOUT,,,False,26261.65,26233.65,26240.2,7.557142857142545,5.667857142856909,,,,,40,80.858159,,,Latest close did not break the prior rolling range,False,False,True,False
2026-08-21T15:07:20.858159+05:30,EXPERIMENTAL_IMPULSE_BREAKOUT,MIDCPNIFTY,NO_BREAKOUT,,,False,14865.7,14848.15,14856.8,4.360714285714494,3.27053571428587,,,,,40,80.858159,,,Latest close did not break the prior rolling range,False,False,True,False
2026-08-21T15:07:20.858159+05:30,EXPERIMENTAL_IMPULSE_BREAKOUT,MARUTI,NO_BREAKOUT,,,False,13631.0,13581.0,13591.0,8.142857142857142,6.107142857142857,,,,,40,20.858159,,,Latest close did not break the prior rolling range,False,False,True,False
2026-08-21T15:07:33.249540+05:30,EXPERIMENTAL_IMPULSE_BREAKOUT,NIFTY,NO_BREAKOUT,,,False,24244.4,24231.55,24238.45,5.280000000000048,3.9600000000000364,,,,,40,93.24954,,,Latest close did not break the prior rolling range,False,False,True,False
2026-08-21T15:07:33.249540+05:30,EXPERIMENTAL_IMPULSE_BREAKOUT,BANKNIFTY,NO_BREAKOUT,,,False,57678.8,57638.75,57659.55,18.07500000000177,13.556250000001327,,,,,40,93.24954,,,Latest close did not break the prior rolling range,False,False,True,False
2026-08-21T15:07:33.249540+05:30,EXPERIMENTAL_IMPULSE_BREAKOUT,FINNIFTY,NO_BREAKOUT,,,False,26261.65,26233.65,26240.2,7.557142857142545,5.667857142856909,,,,,40,93.24954,,,Latest close did not break the prior rolling range,False,False,True,False
2026-08-21T15:07:33.249540+05:30,EXPERIMENTAL_IMPULSE_BREAKOUT,MIDCPNIFTY,NO_BREAKOUT,,,False,14865.7,14848.15,14856.8,4.360714285714494,3.27053571428587,,,,,40,93.24954,,,Latest close did not break the prior rolling range,False,False,True,False
2026-08-21T15:07:33.249540+05:30,EXPERIMENTAL_IMPULSE_BREAKOUT,MARUTI,NO_BREAKOUT,,,False,13631.0,13581.0,13591.0,8.142857142857142,6.107142857142857,,,,,40,33.24954,,,Latest close did not break the prior rolling range,False,False,True,False
2026-08-21T15:07:33.249540+05:30,EXPERIMENTAL_IMPULSE_BREAKOUT,NESTLEIND,NO_BREAKOUT,,,False,1482.3,1471.4,1482.1,1.814285714285737,1.3607142857143026,,,,,40,33.24954,,,Latest close did not break the prior rolling range,False,False,True,False
2026-08-21T15:07:33.249540+05:30,EXPERIMENTAL_IMPULSE_BREAKOUT,ONGC,NO_BREAKOUT,,,False,237.0,236.42,236.49,0.08285714285715073,0.06214285714286305,,,,,40,33.24954,,,Latest close did not break the prior rolling range,False,False,True,False
2026-08-21T15:07:33.249540+05:30,EXPERIMENTAL_IMPULSE_BREAKOUT,POWERGRID,NO_BREAKOUT,,,False,272.9,271.65,272.7,0.2466666666666659,0.18499999999999941,,,,,40,33.24954,,,Latest close did not break the prior rolling range,False,False,True,False
2026-08-21T15:07:33.249540+05:30,EXPERIMENTAL_IMPULSE_BREAKOUT,SBIN,NO_BREAKOUT,,,False,1044.2,1040.9,1041.7,0.664285714285711,0.4982142857142833,,,,,40,33.24954,,,Latest close did not break the prior rolling range,False,False,True,False
2026-08-21T15:07:33.249540+05:30,EXPERIMENTAL_IMPULSE_BREAKOUT,SUNPHARMA,NO_BREAKOUT,,,False,1901.3,1895.7,1899.4,1.6999999999999968,1.2749999999999977,,,,,40,33.24954,,,Latest close did not break the prior rolling range,False,False,True,False
2026-08-21T15:07:33.249540+05:30,EXPERIMENTAL_IMPULSE_BREAKOUT,TATACONSUM,NO_BREAKOUT,,,False,1047.9,1045.6,1046.9,0.7642857142857176,0.5732142857142881,,,,,40,33.24954,,,Latest close did not break the prior rolling range,False,False,True,False
2026-08-21T15:07:33.249540+05:30,EXPERIMENTAL_IMPULSE_BREAKOUT,TMPV,NO_BREAKOUT,,,False,317.7,316.9,317.05,0.2214285714285771,0.16607142857143284,,,,,40,33.24954,,,Latest close did not break the prior rolling range,False,False,True,False
2026-08-21T15:08:02.684042+05:30,EXPERIMENTAL_IMPULSE_BREAKOUT,FINNIFTY,NO_BREAKOUT,,,False,26261.65,26233.65,26234.95,7.753571428571116,5.815178571428337,,,,,40,2.684042,,,Latest close did not break the prior rolling range,False,False,True,False
2026-08-21T15:08:02.684042+05:30,EXPERIMENTAL_IMPULSE_BREAKOUT,MIDCPNIFTY,NO_BREAKOUT,,,False,14865.7,14848.15,14856.2,4.342857142857091,3.257142857142818,,,,,40,2.684042,,,Latest close did not break the prior rolling range,False,False,True,False
2026-08-21T15:08:02.684042+05:30,EXPERIMENTAL_IMPULSE_BREAKOUT,MARUTI,NO_BREAKOUT,,,False,13631.0,13581.0,13591.0,8.142857142857142,6.107142857142857,,,,,40,62.684042,,,Latest close did not break the prior rolling range,False,False,True,False
2026-08-21T15:08:02.684042+05:30,EXPERIMENTAL_IMPULSE_BREAKOUT,NESTLEIND,NO_BREAKOUT,,,False,1482.3,1471.4,1482.1,1.814285714285737,1.3607142857143026,,,,,40,62.684042,,,Latest close did not break the prior rolling range,False,False,True,False
2026-08-21T15:08:02.684042+05:30,EXPERIMENTAL_IMPULSE_BREAKOUT,ONGC,NO_BREAKOUT,,,False,237.0,236.42,236.49,0.08285714285715073,0.06214285714286305,,,,,40,62.684042,,,Latest close did not break the prior rolling range,False,False,True,False
2026-08-21T15:08:02.684042+05:30,EXPERIMENTAL_IMPULSE_BREAKOUT,POWERGRID,NO_BREAKOUT,,,False,272.9,271.65,272.7,0.2466666666666659,0.18499999999999941,,,,,40,62.684042,,,Latest close did not break the prior rolling range,False,False,True,False
2026-08-21T15:08:02.684042+05:30,EXPERIMENTAL_IMPULSE_BREAKOUT,SBIN,NO_BREAKOUT,,,False,1044.2,1040.8,1041.2,0.7142857142857143,0.5357142857142857,,,,,40,2.684042,,,Latest close did not break the prior rolling range,False,False,True,False
2026-08-21T15:08:02.684042+05:30,EXPERIMENTAL_IMPULSE_BREAKOUT,SUNPHARMA,NO_BREAKOUT,,,False,1901.3,1895.7,1899.2,1.6785714285714286,1.2589285714285714,,,,,40,2.684042,,,Latest close did not break the prior rolling range,False,False,True,False
2026-08-21T15:08:02.684042+05:30,EXPERIMENTAL_IMPULSE_BREAKOUT,TATACONSUM,NO_BREAKOUT,,,False,1047.9,1045.6,1047.4,0.7714285714285845,0.5785714285714383,,,,,40,2.684042,,,Latest close did not break the prior rolling range,False,False,True,False
2026-08-21T15:08:02.684042+05:30,EXPERIMENTAL_IMPULSE_BREAKOUT,TMPV,NO_BREAKOUT,,,False,317.7,316.9,317.2,0.23214285714286526,0.17410714285714896,,,,,40,2.684042,,,Latest close did not break the prior rolling range,False,False,True,False
2026-08-21T15:08:25.687091+05:30,EXPERIMENTAL_IMPULSE_BREAKOUT,NIFTY,NO_BREAKOUT,,,False,24244.4,24231.55,24236.9,5.357142857143117,4.017857142857338,,,,,40,25.687091,,,Latest close did not break the prior rolling range,False,False,True,False
2026-08-21T15:08:25.687091+05:30,EXPERIMENTAL_IMPULSE_BREAKOUT,BANKNIFTY,NO_BREAKOUT,,,False,57678.8,57638.75,57645.2,18.03214285714421,13.524107142858156,,,,,40,25.687091,,,Latest close did not break the prior rolling range,False,False,True,False
2026-08-21T15:08:25.687091+05:30,EXPERIMENTAL_IMPULSE_BREAKOUT,FINNIFTY,NO_BREAKOUT,,,False,26261.65,26233.65,26234.95,7.753571428571116,5.815178571428337,,,,,40,25.687091,,,Latest close did not break the prior rolling range,False,False,True,False
2026-08-21T15:08:25.687091+05:30,EXPERIMENTAL_IMPULSE_BREAKOUT,MIDCPNIFTY,NO_BREAKOUT,,,False,14865.7,14848.15,14856.2,4.342857142857091,3.257142857142818,,,,,40,25.687091,,,Latest close did not break the prior rolling range,False,False,True,False
2026-08-21T15:08:25.687091+05:30,EXPERIMENTAL_IMPULSE_BREAKOUT,TATASTEEL,NO_BREAKOUT,,,False,182.75,182.2,182.44,0.08142857142857045,0.06107142857142783,,,,,40,25.687091,,,Latest close did not break the prior rolling range,False,False,True,False
2026-08-21T15:08:25.687091+05:30,EXPERIMENTAL_IMPULSE_BREAKOUT,TECHM,NO_BREAKOUT,,,False,1580.1,1577.5,1578.5,0.8642857142856916,0.6482142857142686,,,,,40,25.687091,,,Latest close did not break the prior rolling range,False,False,True,False
2026-08-21T15:08:25.687091+05:30,EXPERIMENTAL_IMPULSE_BREAKOUT,TITAN,NO_BREAKOUT,,,False,5085.1,5072.5,5077.5,2.7785714285713374,2.083928571428503,,,,,40,25.687091,,,Latest close did not break the prior rolling range,False,False,True,False
2026-08-21T15:08:25.687091+05:30,EXPERIMENTAL_IMPULSE_BREAKOUT,TRENT,NO_BREAKOUT,,,False,2924.0,2914.0,2924.4,2.2571428571428833,1.6928571428571626,,,,,40,25.687091,,,Latest close did not break the prior rolling range,False,False,True,False
2026-08-21T15:08:25.687091+05:30,EXPERIMENTAL_IMPULSE_BREAKOUT,ULTRACEMCO,NO_BREAKOUT,,,False,11575.0,11551.0,11565.0,7.857142857142857,5.892857142857142,,,,,40,25.687091,,,Latest close did not break the prior rolling range,False,False,True,False
2026-08-21T15:08:25.687091+05:30,EXPERIMENTAL_IMPULSE_BREAKOUT,WIPRO,NO_BREAKOUT,,,False,180.64,180.15,180.3,0.08857142857143126,0.06642857142857345,,,,,40,25.687091,,,Latest close did not break the prior rolling range,False,False,True,False
2026-08-21T15:08:25.687091+05:30,EXPERIMENTAL_IMPULSE_BREAKOUT,SENSEX,NO_BREAKOUT,,,False,77564.06,77521.3,77538.87,18.192142857143022,13.644107142857266,,,,,40,25.687091,,,Latest close did not break the prior rolling range,False,False,True,False
2026-08-21T15:08:25.687091+05:30,EXPERIMENTAL_IMPULSE_BREAKOUT,BANKEX,NO_BREAKOUT,,,False,65353.7,65307.25,65328.05,19.150000000000414,14.36250000000031,,,,,40,25.687091,,,Latest close did not break the prior rolling range,False,False,True,False
2026-08-21T15:08:54.233778+05:30,EXPERIMENTAL_IMPULSE_BREAKOUT,NIFTY,NO_BREAKOUT,,,False,24244.4,24231.55,24236.9,5.357142857143117,4.017857142857338,,,,,40,54.233778,,,Latest close did not break the prior rolling range,False,False,True,False
2026-08-21T15:08:54.233778+05:30,EXPERIMENTAL_IMPULSE_BREAKOUT,BANKNIFTY,NO_BREAKOUT,,,False,57678.8,57638.75,57645.2,18.03214285714421,13.524107142858156,,,,,40,54.233778,,,Latest close did not break the prior rolling range,False,False,True,False
2026-08-21T15:08:54.233778+05:30,EXPERIMENTAL_IMPULSE_BREAKOUT,FINNIFTY,NO_BREAKOUT,,,False,26261.65,26233.65,26234.95,7.753571428571116,5.815178571428337,,,,,40,54.233778,,,Latest close did not break the prior rolling range,False,False,True,False
2026-08-21T15:08:54.233778+05:30,EXPERIMENTAL_IMPULSE_BREAKOUT,MIDCPNIFTY,NO_BREAKOUT,,,False,14865.7,14848.15,14856.2,4.342857142857091,3.257142857142818,,,,,40,54.233778,,,Latest close did not break the prior rolling range,False,False,True,False
2026-08-21T15:08:54.233778+05:30,EXPERIMENTAL_IMPULSE_BREAKOUT,TATASTEEL,NO_BREAKOUT,,,False,182.75,182.2,182.44,0.08142857142857045,0.06107142857142783,,,,,40,54.233778,,,Latest close did not break the prior rolling range,False,False,True,False
2026-08-21T15:08:54.233778+05:30,EXPERIMENTAL_IMPULSE_BREAKOUT,TECHM,NO_BREAKOUT,,,False,1580.1,1577.5,1578.5,0.8642857142856916,0.6482142857142686,,,,,40,54.233778,,,Latest close did not break the prior rolling range,False,False,True,False
2026-08-21T15:08:54.233778+05:30,EXPERIMENTAL_IMPULSE_BREAKOUT,TITAN,NO_BREAKOUT,,,False,5085.1,5072.5,5077.5,2.7785714285713374,2.083928571428503,,,,,40,54.233778,,,Latest close did not break the prior rolling range,False,False,True,False
2026-08-21T15:08:54.233778+05:30,EXPERIMENTAL_IMPULSE_BREAKOUT,TRENT,NO_BREAKOUT,,,False,2924.0,2914.0,2924.4,2.2571428571428833,1.6928571428571626,,,,,40,54.233778,,,Latest close did not break the prior rolling range,False,False,True,False
2026-08-21T15:08:54.233778+05:30,EXPERIMENTAL_IMPULSE_BREAKOUT,ULTRACEMCO,NO_BREAKOUT,,,False,11575.0,11551.0,11565.0,7.857142857142857,5.892857142857142,,,,,40,54.233778,,,Latest close did not break the prior rolling range,False,False,True,False
2026-08-21T15:08:54.233778+05:30,EXPERIMENTAL_IMPULSE_BREAKOUT,WIPRO,NO_BREAKOUT,,,False,180.64,180.15,180.3,0.08857142857143126,0.06642857142857345,,,,,40,54.233778,,,Latest close did not break the prior rolling range,False,False,True,False
2026-08-21T15:08:54.233778+05:30,EXPERIMENTAL_IMPULSE_BREAKOUT,SENSEX,NO_BREAKOUT,,,False,77564.06,77521.3,77538.87,18.192142857143022,13.644107142857266,,,,,40,54.233778,,,Latest close did not break the prior rolling range,False,False,True,False
2026-08-21T15:08:54.233778+05:30,EXPERIMENTAL_IMPULSE_BREAKOUT,BANKEX,NO_BREAKOUT,,,False,65353.7,65307.25,65328.05,19.150000000000414,14.36250000000031,,,,,40,54.233778,,,Latest close did not break the prior rolling range,False,False,True,False
2026-08-21T15:09:20.975150+05:30,EXPERIMENTAL_IMPULSE_BREAKOUT,NIFTY,NO_BREAKOUT,,,False,24244.4,24231.55,24236.9,5.357142857143117,4.017857142857338,,,,,40,80.97515,,,Latest close did not break the prior rolling range,False,False,True,False
2026-08-21T15:09:20.975150+05:30,EXPERIMENTAL_IMPULSE_BREAKOUT,BANKNIFTY,NO_BREAKOUT,,,False,57678.8,57638.75,57645.2,18.03214285714421,13.524107142858156,,,,,40,80.97515,,,Latest close did not break the prior rolling range,False,False,True,False
2026-08-21T15:09:20.975150+05:30,EXPERIMENTAL_IMPULSE_BREAKOUT,FINNIFTY,NO_BREAKOUT,,,False,26261.65,26232.35,26236.65,7.7466666666664725,5.809999999999855,,,,,40,20.97515,,,Latest close did not break the prior rolling range,False,False,True,False
2026-08-21T15:09:31.992729+05:30,EXPERIMENTAL_IMPULSE_BREAKOUT,NIFTY,NO_BREAKOUT,,,False,24244.4,24231.55,24233.8,5.3366666666668605,4.002500000000145,,,,,40,31.992729,,,Latest close did not break the prior rolling range,False,False,True,False
2026-08-21T15:09:31.992729+05:30,EXPERIMENTAL_IMPULSE_BREAKOUT,BANKNIFTY,NO_BREAKOUT,,,False,57678.8,57638.75,57647.25,18.00000000000104,13.500000000000782,,,,,40,31.992729,,,Latest close did not break the prior rolling range,False,False,True,False
2026-08-21T15:09:31.992729+05:30,EXPERIMENTAL_IMPULSE_BREAKOUT,FINNIFTY,NO_BREAKOUT,,,False,26261.65,26232.35,26236.65,7.7466666666664725,5.809999999999855,,,,,40,31.992729,,,Latest close did not break the prior rolling range,False,False,True,False
2026-08-21T15:09:31.992729+05:30,EXPERIMENTAL_IMPULSE_BREAKOUT,MIDCPNIFTY,NO_BREAKOUT,,,False,14865.7,14848.15,14856.1,4.289285714285662,3.216964285714247,,,,,40,31.992729,,,Latest close did not break the prior rolling range,False,False,True,False
2026-08-21T15:09:45.747897+05:30,EXPERIMENTAL_IMPULSE_BREAKOUT,NIFTY,NO_BREAKOUT,,,False,24244.4,24231.55,24233.8,5.3366666666668605,4.002500000000145,,,,,40,45.747897,,,Latest close did not break the prior rolling range,False,False,True,False
2026-08-21T15:09:45.747897+05:30,EXPERIMENTAL_IMPULSE_BREAKOUT,BANKNIFTY,NO_BREAKOUT,,,False,57678.8,57638.75,57647.25,18.00000000000104,13.500000000000782,,,,,40,45.747897,,,Latest close did not break the prior rolling range,False,False,True,False
2026-08-21T15:09:45.747897+05:30,EXPERIMENTAL_IMPULSE_BREAKOUT,FINNIFTY,NO_BREAKOUT,,,False,26261.65,26232.35,26236.65,7.7466666666664725,5.809999999999855,,,,,40,45.747897,,,Latest close did not break the prior rolling range,False,False,True,False
2026-08-21T15:09:45.747897+05:30,EXPERIMENTAL_IMPULSE_BREAKOUT,MIDCPNIFTY,NO_BREAKOUT,,,False,14865.7,14848.15,14856.1,4.289285714285662,3.216964285714247,,,,,40,45.747897,,,Latest close did not break the prior rolling range,False,False,True,False
2026-08-21T15:09:45.747897+05:30,EXPERIMENTAL_IMPULSE_BREAKOUT,FOCIT,NO_BREAKOUT,,,False,37085.28,37031.64,37047.07,11.937999999999981,8.953499999999986,,,,,40,45.747897,,,Latest close did not break the prior rolling range,False,False,True,False
2026-08-21T15:09:45.747897+05:30,EXPERIMENTAL_IMPULSE_BREAKOUT,NIFTYNXT50,NO_BREAKOUT,,,False,73908.65,73810.15,73826.45,17.92666666666725,13.445000000000437,,,,,40,45.747897,,,Latest close did not break the prior rolling range,False,False,True,False
2026-08-21T15:09:45.747897+05:30,EXPERIMENTAL_IMPULSE_BREAKOUT,ADANIENT,NO_BREAKOUT,,,False,2999.7,2990.4,2991.0,2.1142857142857077,1.5857142857142807,,,,,40,0.0,,,Latest close did not break the prior rolling range,False,False,True,False
2026-08-21T15:09:45.747897+05:30,EXPERIMENTAL_IMPULSE_BREAKOUT,ITC,NO_BREAKOUT,,,False,269.6,269.1,269.55,0.11785714285715342,0.08839285714286506,,,,,40,0.0,,,Latest close did not break the prior rolling range,False,False,True,False
2026-08-21T15:09:45.747897+05:30,EXPERIMENTAL_IMPULSE_BREAKOUT,JIOFIN,NO_BREAKOUT,,,False,244.0,243.6,243.65,0.142857142857153,0.10714285714286476,,,,,40,0.0,,,Latest close did not break the prior rolling range,False,False,True,False
2026-08-21T15:09:45.747897+05:30,EXPERIMENTAL_IMPULSE_BREAKOUT,KOTAKBANK,NO_BREAKOUT,,,False,403.1,402.0,402.7,0.21785714285714367,0.16339285714285776,,,,,40,0.0,,,Latest close did not break the prior rolling range,False,False,True,False
2026-08-21T15:09:45.747897+05:30,EXPERIMENTAL_IMPULSE_BREAKOUT,APOLLOHOSP,BLOCKED_STALE_HISTORY,,,False,,,8647.0,,,,,,,40,225.747897,,,Latest history bar is 225.7s old,False,False,True,False
2026-08-21T15:10:14.887461+05:30,EXPERIMENTAL_IMPULSE_BREAKOUT,NIFTY,NO_BREAKOUT,,,False,24244.4,24231.55,24233.8,5.3366666666668605,4.002500000000145,,,,,40,74.887461,,,Latest close did not break the prior rolling range,False,False,True,False
2026-08-21T15:10:14.887461+05:30,EXPERIMENTAL_IMPULSE_BREAKOUT,BANKNIFTY,NO_BREAKOUT,,,False,57678.8,57638.75,57647.25,18.00000000000104,13.500000000000782,,,,,40,74.887461,,,Latest close did not break the prior rolling range,False,False,True,False
2026-08-21T15:10:14.887461+05:30,EXPERIMENTAL_IMPULSE_BREAKOUT,FINNIFTY,NO_BREAKOUT,,,False,26261.65,26232.35,26236.65,7.7466666666664725,5.809999999999855,,,,,40,74.887461,,,Latest close did not break the prior rolling range,False,False,True,False
2026-08-21T15:10:14.887461+05:30,EXPERIMENTAL_IMPULSE_BREAKOUT,MIDCPNIFTY,NO_BREAKOUT,,,False,14865.7,14848.15,14856.1,4.289285714285662,3.216964285714247,,,,,40,74.887461,,,Latest close did not break the prior rolling range,False,False,True,False
2026-08-21T15:10:14.887461+05:30,EXPERIMENTAL_IMPULSE_BREAKOUT,FOCIT,NO_BREAKOUT,,,False,37085.28,37031.64,37047.07,11.937999999999981,8.953499999999986,,,,,40,74.887461,,,Latest close did not break the prior rolling range,False,False,True,False
2026-08-21T15:10:14.887461+05:30,EXPERIMENTAL_IMPULSE_BREAKOUT,NIFTYNXT50,NO_BREAKOUT,,,False,73908.65,73810.15,73826.45,17.92666666666725,13.445000000000437,,,,,40,74.887461,,,Latest close did not break the prior rolling range,False,False,True,False
2026-08-21T15:10:14.887461+05:30,EXPERIMENTAL_IMPULSE_BREAKOUT,ADANIENT,NO_BREAKOUT,,,False,2999.7,2990.4,2991.0,2.1142857142857077,1.5857142857142807,,,,,40,14.887461,,,Latest close did not break the prior rolling range,False,False,True,False
2026-08-21T15:10:14.887461+05:30,EXPERIMENTAL_IMPULSE_BREAKOUT,ITC,NO_BREAKOUT,,,False,269.6,269.1,269.55,0.11785714285715342,0.08839285714286506,,,,,40,14.887461,,,Latest close did not break the prior rolling range,False,False,True,False
2026-08-21T15:10:14.887461+05:30,EXPERIMENTAL_IMPULSE_BREAKOUT,JIOFIN,NO_BREAKOUT,,,False,244.0,243.6,243.65,0.142857142857153,0.10714285714286476,,,,,40,14.887461,,,Latest close did not break the prior rolling range,False,False,True,False
2026-08-21T15:10:37.856557+05:30,EXPERIMENTAL_IMPULSE_BREAKOUT,NIFTY,NO_BREAKOUT,,,False,24244.4,24231.55,24233.8,5.3366666666668605,4.002500000000145,,,,,40,97.856557,,,Latest close did not break the prior rolling range,False,False,True,False
2026-08-21T15:10:46.099060+05:30,EXPERIMENTAL_IMPULSE_BREAKOUT,NIFTY,NO_BREAKOUT,,,False,24244.4,24230.9,24233.1,5.514285714285767,4.135714285714325,,,,,40,46.09906,,,Latest close did not break the prior rolling range,False,False,True,False
2026-08-21T15:10:46.099060+05:30,EXPERIMENTAL_IMPULSE_BREAKOUT,BANKNIFTY,NO_BREAKOUT,,,False,57678.8,57635.35,57644.2,18.382142857143794,13.786607142857846,,,,,40,46.09906,,,Latest close did not break the prior rolling range,False,False,True,False
2026-08-21T15:10:46.099060+05:30,EXPERIMENTAL_IMPULSE_BREAKOUT,FINNIFTY,NO_BREAKOUT,,,False,26261.65,26229.9,26234.5,7.792857142856779,5.844642857142585,,,,,40,46.09906,,,Latest close did not break the prior rolling range,False,False,True,False
2026-08-21T15:10:46.099060+05:30,EXPERIMENTAL_IMPULSE_BREAKOUT,MIDCPNIFTY,NO_BREAKOUT,,,False,14865.7,14848.15,14853.1,4.5071428571426235,3.3803571428569676,,,,,40,46.09906,,,Latest close did not break the prior rolling range,False,False,True,False
2026-08-21T15:10:46.099060+05:30,EXPERIMENTAL_IMPULSE_BREAKOUT,CIPLA,NO_BREAKOUT,,,False,1426.6,1421.6,1423.8,1.060000000000006,0.7950000000000046,,,,,40,46.09906,,,Latest close did not break the prior rolling range,False,False,True,False
2026-08-21T15:10:46.099060+05:30,EXPERIMENTAL_IMPULSE_BREAKOUT,HINDUNILVR,NO_BREAKOUT,,,False,2025.1,2023.0,2024.8,0.6666666666666818,0.5000000000000113,,,,,40,46.09906,,,Latest close did not break the prior rolling range,False,False,True,False
2026-08-21T15:10:46.099060+05:30,EXPERIMENTAL_IMPULSE_BREAKOUT,MARUTI,NO_BREAKOUT,,,False,13631.0,13580.0,13588.0,9.071428571428571,6.803571428571429,,,,,40,46.09906,,,Latest close did not break the prior rolling range,False,False,True,False
2026-08-21T15:11:05.862042+05:30,EXPERIMENTAL_IMPULSE_BREAKOUT,NIFTY,NO_BREAKOUT,,,False,24244.4,24230.9,24233.1,5.514285714285767,4.135714285714325,,,,,40,65.862042,,,Latest close did not break the prior rolling range,False,False,True,False
2026-08-21T15:11:05.862042+05:30,EXPERIMENTAL_IMPULSE_BREAKOUT,BANKNIFTY,NO_BREAKOUT,,,False,57678.8,57635.35,57644.2,18.382142857143794,13.786607142857846,,,,,40,65.862042,,,Latest close did not break the prior rolling range,False,False,True,False
2026-08-21T15:11:05.862042+05:30,EXPERIMENTAL_IMPULSE_BREAKOUT,FINNIFTY,NO_BREAKOUT,,,False,26261.65,26229.9,26234.5,7.792857142856779,5.844642857142585,,,,,40,65.862042,,,Latest close did not break the prior rolling range,False,False,True,False
2026-08-21T15:11:05.862042+05:30,EXPERIMENTAL_IMPULSE_BREAKOUT,MIDCPNIFTY,NO_BREAKOUT,,,False,14865.7,14848.15,14853.1,4.5071428571426235,3.3803571428569676,,,,,40,65.862042,,,Latest close did not break the prior rolling range,False,False,True,False
2026-08-21T15:11:05.862042+05:30,EXPERIMENTAL_IMPULSE_BREAKOUT,CIPLA,NO_BREAKOUT,,,False,1426.6,1421.6,1423.8,1.060000000000006,0.7950000000000046,,,,,40,65.862042,,,Latest close did not break the prior rolling range,False,False,True,False
2026-08-21T15:11:05.862042+05:30,EXPERIMENTAL_IMPULSE_BREAKOUT,HINDUNILVR,NO_BREAKOUT,,,False,2025.1,2023.0,2024.8,0.6666666666666818,0.5000000000000113,,,,,40,65.862042,,,Latest close did not break the prior rolling range,False,False,True,False
2026-08-21T15:11:05.862042+05:30,EXPERIMENTAL_IMPULSE_BREAKOUT,MARUTI,NO_BREAKOUT,,,False,13631.0,13580.0,13588.0,9.071428571428571,6.803571428571429,,,,,40,65.862042,,,Latest close did not break the prior rolling range,False,False,True,False
2026-08-21T15:11:05.862042+05:30,EXPERIMENTAL_IMPULSE_BREAKOUT,MAXHEALTH,NO_BREAKOUT,,,False,1000.0,995.8,997.7,0.7214285714285487,0.5410714285714116,,,,,40,5.862042,,,Latest close did not break the prior rolling range,False,False,True,False
2026-08-21T15:11:05.862042+05:30,EXPERIMENTAL_IMPULSE_BREAKOUT,NTPC,NO_BREAKOUT,,,False,339.7,339.0,339.4,0.13214285714284252,0.09910714285713189,,,,,40,5.862042,,,Latest close did not break the prior rolling range,False,False,True,False
2026-08-21T15:11:05.862042+05:30,EXPERIMENTAL_IMPULSE_BREAKOUT,POWERGRID,NO_BREAKOUT,,,False,272.9,271.65,272.15,0.2571428571428506,0.19285714285713795,,,,,40,5.862042,,,Latest close did not break the prior rolling range,False,False,True,False
2026-08-21T15:11:29.847344+05:30,EXPERIMENTAL_IMPULSE_BREAKOUT,NIFTY,NO_BREAKOUT,,,False,24244.4,24230.9,24233.1,5.514285714285767,4.135714285714325,,,,,40,89.847344,,,Latest close did not break the prior rolling range,False,False,True,False
2026-08-21T15:11:29.847344+05:30,EXPERIMENTAL_IMPULSE_BREAKOUT,BANKNIFTY,NO_BREAKOUT,,,False,57678.8,57635.35,57644.2,18.382142857143794,13.786607142857846,,,,,40,89.847344,,,Latest close did not break the prior rolling range,False,False,True,False
2026-08-21T15:11:29.847344+05:30,EXPERIMENTAL_IMPULSE_BREAKOUT,FINNIFTY,NO_BREAKOUT,,,False,26261.65,26229.9,26234.5,7.792857142856779,5.844642857142585,,,,,40,89.847344,,,Latest close did not break the prior rolling range,False,False,True,False
2026-08-21T15:11:29.847344+05:30,EXPERIMENTAL_IMPULSE_BREAKOUT,MIDCPNIFTY,NO_BREAKOUT,,,False,14865.7,14848.15,14853.1,4.5071428571426235,3.3803571428569676,,,,,40,89.847344,,,Latest close did not break the prior rolling range,False,False,True,False
2026-08-21T15:11:29.847344+05:30,EXPERIMENTAL_IMPULSE_BREAKOUT,CIPLA,NO_BREAKOUT,,,False,1426.6,1421.6,1423.8,1.060000000000006,0.7950000000000046,,,,,40,89.847344,,,Latest close did not break the prior rolling range,False,False,True,False
2026-08-21T15:11:29.847344+05:30,EXPERIMENTAL_IMPULSE_BREAKOUT,HINDUNILVR,NO_BREAKOUT,,,False,2025.1,2023.0,2024.8,0.6666666666666818,0.5000000000000113,,,,,40,89.847344,,,Latest close did not break the prior rolling range,False,False,True,False
2026-08-21T15:11:29.847344+05:30,EXPERIMENTAL_IMPULSE_BREAKOUT,MARUTI,NO_BREAKOUT,,,False,13631.0,13580.0,13588.0,9.071428571428571,6.803571428571429,,,,,40,89.847344,,,Latest close did not break the prior rolling range,False,False,True,False
2026-08-21T15:11:29.847344+05:30,EXPERIMENTAL_IMPULSE_BREAKOUT,MAXHEALTH,NO_BREAKOUT,,,False,1000.0,995.8,997.7,0.7214285714285487,0.5410714285714116,,,,,40,29.847344,,,Latest close did not break the prior rolling range,False,False,True,False
2026-08-21T15:11:29.847344+05:30,EXPERIMENTAL_IMPULSE_BREAKOUT,NTPC,NO_BREAKOUT,,,False,339.7,339.0,339.4,0.13214285714284252,0.09910714285713189,,,,,40,29.847344,,,Latest close did not break the prior rolling range,False,False,True,False
2026-08-21T15:11:29.847344+05:30,EXPERIMENTAL_IMPULSE_BREAKOUT,NESTLEIND,NO_BREAKOUT,,,False,1483.7,1471.9,1483.0,2.057142857142854,1.5428571428571405,,,,,40,29.847344,,,Latest close did not break the prior rolling range,False,False,True,False
2026-08-21T15:11:29.847344+05:30,EXPERIMENTAL_IMPULSE_BREAKOUT,ONGC,BLOCKED_STALE_HISTORY,,,False,,,236.49,,,,,,,40,269.847344,,,Latest history bar is 269.8s old,False,False,True,False
2026-08-21T15:11:54.362505+05:30,EXPERIMENTAL_IMPULSE_BREAKOUT,NIFTY,NO_BREAKOUT,,,False,24244.4,24230.9,24233.1,5.514285714285767,4.135714285714325,,,,,40,114.362505,,,Latest close did not break the prior rolling range,False,False,True,False
2026-08-21T15:11:54.362505+05:30,EXPERIMENTAL_IMPULSE_BREAKOUT,FINNIFTY,NO_BREAKOUT,,,False,26261.65,26229.9,26233.45,7.710714285714078,5.783035714285559,,,,,40,54.362505,,,Latest close did not break the prior rolling range,False,False,True,False
2026-08-21T15:11:54.362505+05:30,EXPERIMENTAL_IMPULSE_BREAKOUT,MIDCPNIFTY,NO_BREAKOUT,,,False,14865.7,14848.95,14852.7,4.4642857142853245,3.3482142857139934,,,,,40,0.0,,,Latest close did not break the prior rolling range,False,False,True,False
2026-08-21T15:11:54.362505+05:30,EXPERIMENTAL_IMPULSE_BREAKOUT,SBIN,BLOCKED_STALE_HISTORY,,,False,,,1041.2,,,,,,,40,234.362505,,,Latest history bar is 234.4s old,False,False,True,False
2026-08-21T15:11:54.362505+05:30,EXPERIMENTAL_IMPULSE_BREAKOUT,SUNPHARMA,NO_BREAKOUT,,,False,1901.3,1895.7,1899.5,1.8142857142857207,1.3607142857142907,,,,,40,0.0,,,Latest close did not break the prior rolling range,False,False,True,False
2026-08-21T15:11:54.362505+05:30,EXPERIMENTAL_IMPULSE_BREAKOUT,TATACONSUM,NO_BREAKOUT,,,False,1047.9,1045.6,1046.8,0.6928571428571948,0.5196428571428962,,,,,40,0.0,,,Latest close did not break the prior rolling range,False,False,True,False
2026-08-21T15:11:54.362505+05:30,EXPERIMENTAL_IMPULSE_BREAKOUT,TMPV,NO_BREAKOUT,,,False,317.7,316.9,317.1,0.2321428571428612,0.1741071428571459,,,,,40,0.0,,,Latest close did not break the prior rolling range,False,False,True,False
2026-08-21T15:11:54.362505+05:30,EXPERIMENTAL_IMPULSE_BREAKOUT,BAJFINANCE,BLOCKED_STALE_HISTORY,,,False,,,1092.8,,,,,,,40,654.362505,,,Latest history bar is 654.4s old,False,False,True,False
2026-08-21T15:12:15.875197+05:30,EXPERIMENTAL_IMPULSE_BREAKOUT,NIFTY,NO_BREAKOUT,,,False,24244.4,24228.9,24231.2,5.864285714285351,4.398214285714013,,,,,40,15.875197,,,Latest close did not break the prior rolling range,False,False,True,False
2026-08-21T15:12:15.875197+05:30,EXPERIMENTAL_IMPULSE_BREAKOUT,BANKNIFTY,NO_BREAKOUT,,,False,57678.8,57626.85,57624.95,18.69642857142961,14.022321428572209,,,,,40,15.875197,,,Latest close did not break the prior rolling range,False,False,True,False
2026-08-21T15:12:15.875197+05:30,EXPERIMENTAL_IMPULSE_BREAKOUT,FINNIFTY,NO_BREAKOUT,,,False,26261.65,26229.9,26233.45,7.710714285714078,5.783035714285559,,,,,40,75.875197,,,Latest close did not break the prior rolling range,False,False,True,False
2026-08-21T15:12:15.875197+05:30,EXPERIMENTAL_IMPULSE_BREAKOUT,MIDCPNIFTY,NO_BREAKOUT,,,False,14865.7,14848.95,14852.7,4.4642857142853245,3.3482142857139934,,,,,40,15.875197,,,Latest close did not break the prior rolling range,False,False,True,False
2026-08-21T15:12:15.875197+05:30,EXPERIMENTAL_IMPULSE_BREAKOUT,SBIN,NO_BREAKOUT,,,False,1044.2,1040.3,1040.9,0.7142857142857143,0.5357142857142857,,,,,40,15.875197,,,Latest close did not break the prior rolling range,False,False,True,False
2026-08-21T15:12:15.875197+05:30,EXPERIMENTAL_IMPULSE_BREAKOUT,SUNPHARMA,NO_BREAKOUT,,,False,1901.3,1895.7,1899.5,1.8142857142857207,1.3607142857142907,,,,,40,15.875197,,,Latest close did not break the prior rolling range,False,False,True,False
2026-08-21T15:12:15.875197+05:30,EXPERIMENTAL_IMPULSE_BREAKOUT,TATACONSUM,NO_BREAKOUT,,,False,1047.9,1045.6,1046.8,0.6928571428571948,0.5196428571428962,,,,,40,15.875197,,,Latest close did not break the prior rolling range,False,False,True,False
2026-08-21T15:12:15.875197+05:30,EXPERIMENTAL_IMPULSE_BREAKOUT,TMPV,NO_BREAKOUT,,,False,317.7,316.9,317.1,0.2321428571428612,0.1741071428571459,,,,,40,15.875197,,,Latest close did not break the prior rolling range,False,False,True,False
2026-08-21T15:12:15.875197+05:30,EXPERIMENTAL_IMPULSE_BREAKOUT,BAJFINANCE,NO_BREAKOUT,,,False,1094.6,1092.2,1092.4,0.6071428571428896,0.4553571428571672,,,,,40,15.875197,,,Latest close did not break the prior rolling range,False,False,True,False
2026-08-21T15:12:15.875197+05:30,EXPERIMENTAL_IMPULSE_BREAKOUT,BHARTIARTL,NO_BREAKOUT,,,False,1948.4,1943.9,1948.0,0.6928571428571136,0.5196428571428352,,,,,40,15.875197,,,Latest close did not break the prior rolling range,False,False,True,False
2026-08-21T15:12:15.875197+05:30,EXPERIMENTAL_IMPULSE_BREAKOUT,EICHERMOT,NO_BREAKOUT,,,False,8010.0,8000.0,8005.5,2.3666666666666667,1.775,,,,,40,15.875197,,,Latest close did not break the prior rolling range,False,False,True,False
2026-08-21T15:12:15.875197+05:30,EXPERIMENTAL_IMPULSE_BREAKOUT,ETERNAL,NO_BREAKOUT,,,False,328.45,327.45,328.3,0.24666666666665832,0.18499999999999373,,,,,40,15.875197,,,Latest close did not break the prior rolling range,False,False,True,False
2026-08-21T15:12:45.359606+05:30,EXPERIMENTAL_IMPULSE_BREAKOUT,SUNPHARMA,NO_BREAKOUT,,,False,1901.3,1895.7,1899.5,1.8142857142857207,1.3607142857142907,,,,,40,45.359606,,,Latest close did not break the prior rolling range,False,False,True,False
2026-08-21T15:12:45.359606+05:30,EXPERIMENTAL_IMPULSE_BREAKOUT,TATACONSUM,NO_BREAKOUT,,,False,1047.9,1045.6,1046.8,0.6928571428571948,0.5196428571428962,,,,,40,45.359606,,,Latest close did not break the prior rolling range,False,False,True,False
2026-08-21T15:12:45.359606+05:30,EXPERIMENTAL_IMPULSE_BREAKOUT,TMPV,NO_BREAKOUT,,,False,317.7,316.9,317.1,0.2321428571428612,0.1741071428571459,,,,,40,45.359606,,,Latest close did not break the prior rolling range,False,False,True,False
2026-08-21T15:12:45.359606+05:30,EXPERIMENTAL_IMPULSE_BREAKOUT,BAJFINANCE,NO_BREAKOUT,,,False,1094.6,1092.2,1092.4,0.6071428571428896,0.4553571428571672,,,,,40,45.359606,,,Latest close did not break the prior rolling range,False,False,True,False
2026-08-21T15:12:45.359606+05:30,EXPERIMENTAL_IMPULSE_BREAKOUT,BHARTIARTL,NO_BREAKOUT,,,False,1948.4,1943.9,1948.0,0.6928571428571136,0.5196428571428352,,,,,40,45.359606,,,Latest close did not break the prior rolling range,False,False,True,False
2026-08-21T15:12:45.359606+05:30,EXPERIMENTAL_IMPULSE_BREAKOUT,EICHERMOT,NO_BREAKOUT,,,False,8010.0,8000.0,8005.5,2.3666666666666667,1.775,,,,,40,45.359606,,,Latest close did not break the prior rolling range,False,False,True,False
2026-08-21T15:12:45.359606+05:30,EXPERIMENTAL_IMPULSE_BREAKOUT,ETERNAL,NO_BREAKOUT,,,False,328.45,327.45,328.3,0.24666666666665832,0.18499999999999373,,,,,40,45.359606,,,Latest close did not break the prior rolling range,False,False,True,False
2026-08-21T15:13:02.790113+05:30,EXPERIMENTAL_IMPULSE_BREAKOUT,NIFTY,NO_BREAKOUT,,,False,24244.4,24228.9,24231.2,5.864285714285351,4.398214285714013,,,,,40,62.790113,,,Latest close did not break the prior rolling range,False,False,True,False
2026-08-21T15:13:02.790113+05:30,EXPERIMENTAL_IMPULSE_BREAKOUT,BANKNIFTY,NO_BREAKOUT,,,False,57678.8,57626.85,57624.95,18.69642857142961,14.022321428572209,,,,,40,62.790113,,,Latest close did not break the prior rolling range,False,False,True,False
2026-08-21T15:13:02.790113+05:30,EXPERIMENTAL_IMPULSE_BREAKOUT,FINNIFTY,NO_BREAKOUT,,,False,26261.65,26221.85,26231.15,8.25,6.1875,,,,,40,2.790113,,,Latest close did not break the prior rolling range,False,False,True,False
2026-08-21T15:13:02.790113+05:30,EXPERIMENTAL_IMPULSE_BREAKOUT,MIDCPNIFTY,NO_BREAKOUT,,,False,14865.7,14846.0,14850.45,4.864285714285351,3.6482142857140127,,,,,40,2.790113,,,Latest close did not break the prior rolling range,False,False,True,False
2026-08-21T15:13:02.790113+05:30,EXPERIMENTAL_IMPULSE_BREAKOUT,FOCIT,NO_BREAKOUT,,,False,37085.28,37013.56,37026.26,13.681428571429153,10.261071428571865,,,,,40,2.790113,,,Latest close did not break the prior rolling range,False,False,True,False
2026-08-21T15:13:02.790113+05:30,EXPERIMENTAL_IMPULSE_BREAKOUT,NIFTYNXT50,NO_BREAKOUT,,,False,73908.65,73803.95,73834.75,18.867857142857765,14.150892857143324,,,,,40,2.790113,,,Latest close did not break the prior rolling range,False,False,True,False
2026-08-21T15:13:02.790113+05:30,EXPERIMENTAL_IMPULSE_BREAKOUT,ADANIENT,NO_BREAKOUT,,,False,2999.7,2986.1,2995.0,2.8071428571428703,2.1053571428571525,,,,,40,2.790113,,,Latest close did not break the prior rolling range,False,False,True,False
2026-08-21T15:13:02.790113+05:30,EXPERIMENTAL_IMPULSE_BREAKOUT,ITC,NO_BREAKOUT,,,False,269.6,269.0,269.4,0.14642857142859253,0.10982142857144439,,,,,40,2.790113,,,Latest close did not break the prior rolling range,False,False,True,False
2026-08-21T15:13:25.677105+05:30,EXPERIMENTAL_IMPULSE_BREAKOUT,NIFTY,NO_BREAKOUT,,,False,24244.4,24223.6,24230.1,6.307142857142545,4.730357142856909,,,,,40,25.677105,,,Latest close did not break the prior rolling range,False,False,True,False
2026-08-21T15:13:25.677105+05:30,EXPERIMENTAL_IMPULSE_BREAKOUT,BANKNIFTY,NO_BREAKOUT,,,False,57678.8,57619.95,57649.85,19.616666666667637,14.712500000000727,,,,,40,25.677105,,,Latest close did not break the prior rolling range,False,False,True,False
2026-08-21T15:13:25.677105+05:30,EXPERIMENTAL_IMPULSE_BREAKOUT,FINNIFTY,NO_BREAKOUT,,,False,26261.65,26221.85,26231.15,8.25,6.1875,,,,,40,25.677105,,,Latest close did not break the prior rolling range,False,False,True,False
2026-08-21T15:13:25.677105+05:30,EXPERIMENTAL_IMPULSE_BREAKOUT,MIDCPNIFTY,NO_BREAKOUT,,,False,14865.7,14846.0,14850.45,4.864285714285351,3.6482142857140127,,,,,40,25.677105,,,Latest close did not break the prior rolling range,False,False,True,False
2026-08-21T15:13:25.677105+05:30,EXPERIMENTAL_IMPULSE_BREAKOUT,FOCIT,NO_BREAKOUT,,,False,37085.28,37013.56,37026.26,13.681428571429153,10.261071428571865,,,,,40,25.677105,,,Latest close did not break the prior rolling range,False,False,True,False
2026-08-21T15:13:25.677105+05:30,EXPERIMENTAL_IMPULSE_BREAKOUT,NIFTYNXT50,NO_BREAKOUT,,,False,73908.65,73803.95,73834.75,18.867857142857765,14.150892857143324,,,,,40,25.677105,,,Latest close did not break the prior rolling range,False,False,True,False
2026-08-21T15:13:25.677105+05:30,EXPERIMENTAL_IMPULSE_BREAKOUT,ADANIENT,NO_BREAKOUT,,,False,2999.7,2986.1,2995.0,2.8071428571428703,2.1053571428571525,,,,,40,25.677105,,,Latest close did not break the prior rolling range,False,False,True,False
2026-08-21T15:13:25.677105+05:30,EXPERIMENTAL_IMPULSE_BREAKOUT,ITC,NO_BREAKOUT,,,False,269.6,269.0,269.4,0.14642857142859253,0.10982142857144439,,,,,40,25.677105,,,Latest close did not break the prior rolling range,False,False,True,False
2026-08-21T15:13:25.677105+05:30,EXPERIMENTAL_IMPULSE_BREAKOUT,JIOFIN,NO_BREAKOUT,,,False,244.0,243.5,243.8,0.15666666666667198,0.11750000000000399,,,,,40,25.677105,,,Latest close did not break the prior rolling range,False,False,True,False
2026-08-21T15:13:46.104662+05:30,EXPERIMENTAL_IMPULSE_BREAKOUT,NIFTY,NO_BREAKOUT,,,False,24244.4,24223.6,24230.1,6.307142857142545,4.730357142856909,,,,,40,46.104662,,,Latest close did not break the prior rolling range,False,False,True,False
2026-08-21T15:13:46.104662+05:30,EXPERIMENTAL_IMPULSE_BREAKOUT,BANKNIFTY,NO_BREAKOUT,,,False,57678.8,57619.95,57649.85,19.616666666667637,14.712500000000727,,,,,40,46.104662,,,Latest close did not break the prior rolling range,False,False,True,False
2026-08-21T15:13:46.104662+05:30,EXPERIMENTAL_IMPULSE_BREAKOUT,FINNIFTY,NO_BREAKOUT,,,False,26261.65,26221.85,26231.15,8.25,6.1875,,,,,40,46.104662,,,Latest close did not break the prior rolling range,False,False,True,False
2026-08-21T15:13:46.104662+05:30,EXPERIMENTAL_IMPULSE_BREAKOUT,MIDCPNIFTY,NO_BREAKOUT,,,False,14865.7,14846.0,14850.45,4.864285714285351,3.6482142857140127,,,,,40,46.104662,,,Latest close did not break the prior rolling range,False,False,True,False
2026-08-21T15:13:46.104662+05:30,EXPERIMENTAL_IMPULSE_BREAKOUT,FOCIT,NO_BREAKOUT,,,False,37085.28,37013.56,37026.26,13.681428571429153,10.261071428571865,,,,,40,46.104662,,,Latest close did not break the prior rolling range,False,False,True,False
2026-08-21T15:13:46.104662+05:30,EXPERIMENTAL_IMPULSE_BREAKOUT,NIFTYNXT50,NO_BREAKOUT,,,False,73908.65,73803.95,73834.75,18.867857142857765,14.150892857143324,,,,,40,46.104662,,,Latest close did not break the prior rolling range,False,False,True,False
2026-08-21T15:13:46.104662+05:30,EXPERIMENTAL_IMPULSE_BREAKOUT,ADANIENT,NO_BREAKOUT,,,False,2999.7,2986.1,2995.0,2.8071428571428703,2.1053571428571525,,,,,40,46.104662,,,Latest close did not break the prior rolling range,False,False,True,False
2026-08-21T15:13:46.104662+05:30,EXPERIMENTAL_IMPULSE_BREAKOUT,ITC,NO_BREAKOUT,,,False,269.6,269.0,269.4,0.14642857142859253,0.10982142857144439,,,,,40,46.104662,,,Latest close did not break the prior rolling range,False,False,True,False
2026-08-21T15:13:46.104662+05:30,EXPERIMENTAL_IMPULSE_BREAKOUT,JIOFIN,NO_BREAKOUT,,,False,244.0,243.5,243.8,0.15666666666667198,0.11750000000000399,,,,,40,46.104662,,,Latest close did not break the prior rolling range,False,False,True,False
2026-08-21T15:13:46.104662+05:30,EXPERIMENTAL_IMPULSE_BREAKOUT,TITAN,NO_BREAKOUT,,,False,5085.1,5072.7,5076.9,3.0285714285713374,2.271428571428503,,,,,40,0.0,,,Latest close did not break the prior rolling range,False,False,True,False
2026-08-21T15:13:46.104662+05:30,EXPERIMENTAL_IMPULSE_BREAKOUT,TRENT,NO_BREAKOUT,,,False,2926.4,2914.0,2921.8,2.9714285714285973,2.228571428571448,,,,,40,0.0,,,Latest close did not break the prior rolling range,False,False,True,False
2026-08-21T15:13:46.104662+05:30,EXPERIMENTAL_IMPULSE_BREAKOUT,ULTRACEMCO,NO_BREAKOUT,,,False,11575.0,11540.0,11550.0,9.928571428571429,7.446428571428571,,,,,40,0.0,,,Latest close did not break the prior rolling range,False,False,True,False
2026-08-21T15:14:11.373017+05:30,EXPERIMENTAL_IMPULSE_BREAKOUT,NIFTY,NO_BREAKOUT,,,False,24244.4,24223.6,24230.1,6.307142857142545,4.730357142856909,,,,,40,71.373017,,,Latest close did not break the prior rolling range,False,False,True,False
2026-08-21T15:14:11.373017+05:30,EXPERIMENTAL_IMPULSE_BREAKOUT,BANKNIFTY,NO_BREAKOUT,,,False,57678.8,57619.95,57649.85,19.616666666667637,14.712500000000727,,,,,40,71.373017,,,Latest close did not break the prior rolling range,False,False,True,False
2026-08-21T15:14:11.373017+05:30,EXPERIMENTAL_IMPULSE_BREAKOUT,HCLTECH,NO_BREAKOUT,,,False,1308.3,1304.0,1304.0,1.1933333333333394,0.8950000000000045,,,,,40,11.373017,,,Latest close did not break the prior rolling range,False,False,True,False
2026-08-21T15:14:11.373017+05:30,EXPERIMENTAL_IMPULSE_BREAKOUT,HDFCBANK,NO_BREAKOUT,,,False,731.0,728.45,729.35,0.4999999999999924,0.3749999999999943,,,,,40,11.373017,,,Latest close did not break the prior rolling range,False,False,True,False
2026-08-21T15:14:11.373017+05:30,EXPERIMENTAL_IMPULSE_BREAKOUT,HDFCLIFE,NO_BREAKOUT,,,False,553.7,552.0,552.5,0.4571428571428636,0.34285714285714775,,,,,40,11.373017,,,Latest close did not break the prior rolling range,False,False,True,False
2026-08-21T15:14:26.787988+05:30,EXPERIMENTAL_IMPULSE_BREAKOUT,NIFTY,NO_BREAKOUT,,,False,24244.4,24223.6,24230.1,6.307142857142545,4.730357142856909,,,,,40,86.787988,,,Latest close did not break the prior rolling range,False,False,True,False
2026-08-21T15:14:26.787988+05:30,EXPERIMENTAL_IMPULSE_BREAKOUT,BANKNIFTY,NO_BREAKOUT,,,False,57678.8,57619.95,57656.25,20.6464285714293,15.484821428571976,,,,,40,26.787988,,,Latest close did not break the prior rolling range,False,False,True,False
2026-08-21T15:14:26.787988+05:30,EXPERIMENTAL_IMPULSE_BREAKOUT,FINNIFTY,NO_BREAKOUT,,,False,26261.65,26221.85,26231.15,8.72857142857122,6.5464285714284145,,,,,40,26.787988,,,Latest close did not break the prior rolling range,False,False,True,False
2026-08-21T15:14:26.787988+05:30,EXPERIMENTAL_IMPULSE_BREAKOUT,MIDCPNIFTY,NO_BREAKOUT,,,False,14865.7,14846.0,14852.5,4.949999999999758,3.7124999999998183,,,,,40,26.787988,,,Latest close did not break the prior rolling range,False,False,True,False
2026-08-21T15:14:26.787988+05:30,EXPERIMENTAL_IMPULSE_BREAKOUT,APOLLOHOSP,NO_BREAKOUT,,,False,8667.0,8638.0,8650.0,5.857142857142857,4.392857142857142,,,,,40,26.787988,,,Latest close did not break the prior rolling range,False,False,True,False
2026-08-21T15:14:26.787988+05:30,EXPERIMENTAL_IMPULSE_BREAKOUT,CIPLA,NO_BREAKOUT,,,False,1426.6,1421.6,1426.5,1.4733333333333425,1.1050000000000069,,,,,40,26.787988,,,Latest close did not break the prior rolling range,False,False,True,False
2026-08-21T15:14:26.787988+05:30,EXPERIMENTAL_IMPULSE_BREAKOUT,GRASIM,BREAKOUT_BLOCKED_LATE_ENTRY,UP,CE,True,3318.0,3285.5,3336.1,10.846666666666746,8.135000000000058,1.6687154271665436,93.64670204700509,48.00995024875605,,40,26.787988,GRASIM|UP|3318.0000|3285.5000,,Breakout extension is too large for a fresh long-option entry,False,False,True,False
2026-08-21T15:14:26.787988+05:30,EXPERIMENTAL_IMPULSE_BREAKOUT,HCLTECH,NO_BREAKOUT,,,False,1308.3,1304.0,1304.0,1.1933333333333394,0.8950000000000045,,,,,40,26.787988,,,Latest close did not break the prior rolling range,False,False,True,False
2026-08-21T15:14:26.787988+05:30,EXPERIMENTAL_IMPULSE_BREAKOUT,HDFCBANK,NO_BREAKOUT,,,False,731.0,728.45,729.35,0.4999999999999924,0.3749999999999943,,,,,40,26.787988,,,Latest close did not break the prior rolling range,False,False,True,False
2026-08-21T15:14:26.787988+05:30,EXPERIMENTAL_IMPULSE_BREAKOUT,HDFCLIFE,NO_BREAKOUT,,,False,553.7,552.0,552.5,0.4571428571428636,0.34285714285714775,,,,,40,26.787988,,,Latest close did not break the prior rolling range,False,False,True,False
2026-08-21T15:14:26.787988+05:30,EXPERIMENTAL_IMPULSE_BREAKOUT,HINDALCO,NO_BREAKOUT,,,False,1038.7,1033.65,1035.65,0.880000000000003,0.6600000000000023,,,,,40,26.787988,,,Latest close did not break the prior rolling range,False,False,True,False
2026-08-21T15:14:26.787988+05:30,EXPERIMENTAL_IMPULSE_BREAKOUT,HINDUNILVR,BREAKOUT_BLOCKED_LATE_ENTRY,DOWN,PE,True,2025.7,2019.2,2016.2,1.1466666666666696,0.8600000000000022,2.616279069767435,-32.40466311005748,75.92592592592666,,40,26.787988,HINDUNILVR|DOWN|2025.7000|2019.2000,,Breakout extension is too large for a fresh long-option entry,False,False,True,False
2026-08-21T15:14:59.748406+05:30,EXPERIMENTAL_IMPULSE_BREAKOUT,NIFTY,NO_BREAKOUT,,,False,24244.4,24223.6,24234.75,6.773333333332752,5.079999999999564,,,,,40,59.748406,,,Latest close did not break the prior rolling range,False,False,True,False
2026-08-21T15:14:59.748406+05:30,EXPERIMENTAL_IMPULSE_BREAKOUT,BANKNIFTY,NO_BREAKOUT,,,False,57678.8,57619.95,57656.25,20.6464285714293,15.484821428571976,,,,,40,59.748406,,,Latest close did not break the prior rolling range,False,False,True,False
2026-08-21T15:14:59.748406+05:30,EXPERIMENTAL_IMPULSE_BREAKOUT,FINNIFTY,NO_BREAKOUT,,,False,26261.65,26221.85,26231.15,8.72857142857122,6.5464285714284145,,,,,40,59.748406,,,Latest close did not break the prior rolling range,False,False,True,False
2026-08-21T15:14:59.748406+05:30,EXPERIMENTAL_IMPULSE_BREAKOUT,CIPLA,NO_BREAKOUT,,,False,1426.6,1421.6,1426.5,1.4733333333333425,1.1050000000000069,,,,,40,59.748406,,,Latest close did not break the prior rolling range,False,False,True,False
2026-08-21T15:14:59.748406+05:30,EXPERIMENTAL_IMPULSE_BREAKOUT,GRASIM,BREAKOUT_SUPPRESSED_ONE_SHOT,UP,CE,True,3318.0,3285.5,3336.1,10.846666666666746,8.135000000000058,1.6687154271665436,93.64670204700509,48.00995024875605,,40,59.748406,GRASIM|UP|3318.0000|3285.5000,,Same breakout episode is inside one-shot lockout,False,False,True,False
2026-08-21T15:14:59.748406+05:30,EXPERIMENTAL_IMPULSE_BREAKOUT,HCLTECH,NO_BREAKOUT,,,False,1308.3,1304.0,1304.0,1.1933333333333394,0.8950000000000045,,,,,40,59.748406,,,Latest close did not break the prior rolling range,False,False,True,False
2026-08-21T15:14:59.748406+05:30,EXPERIMENTAL_IMPULSE_BREAKOUT,HDFCBANK,NO_BREAKOUT,,,False,731.0,728.45,729.35,0.4999999999999924,0.3749999999999943,,,,,40,59.748406,,,Latest close did not break the prior rolling range,False,False,True,False
2026-08-21T15:14:59.748406+05:30,EXPERIMENTAL_IMPULSE_BREAKOUT,HDFCLIFE,NO_BREAKOUT,,,False,553.7,552.0,552.5,0.4571428571428636,0.34285714285714775,,,,,40,59.748406,,,Latest close did not break the prior rolling range,False,False,True,False
2026-08-21T15:15:16.483496+05:30,EXPERIMENTAL_IMPULSE_BREAKOUT,NIFTY,NO_BREAKOUT,,,False,24244.4,24223.6,24234.75,6.773333333332752,5.079999999999564,,,,,40,76.483496,,,Latest close did not break the prior rolling range,False,False,True,False
2026-08-21T15:15:16.483496+05:30,EXPERIMENTAL_IMPULSE_BREAKOUT,MAXHEALTH,NO_BREAKOUT,,,False,1000.0,995.0,995.5,0.8499999999999902,0.6374999999999926,,,,,40,16.483496,,,Latest close did not break the prior rolling range,False,False,True,False
2026-08-21T15:15:16.483496+05:30,EXPERIMENTAL_IMPULSE_BREAKOUT,NTPC,NO_BREAKOUT,,,False,340.6,339.0,339.45,0.24999999999999595,0.18749999999999695,,,,,40,16.483496,,,Latest close did not break the prior rolling range,False,False,True,False
2026-08-21T15:15:16.483496+05:30,EXPERIMENTAL_IMPULSE_BREAKOUT,NESTLEIND,NO_BREAKOUT,,,False,1485.4,1471.9,1483.0,2.528571428571435,1.8964285714285762,,,,,40,16.483496,,,Latest close did not break the prior rolling range,False,False,True,False
2026-08-21T15:15:16.483496+05:30,EXPERIMENTAL_IMPULSE_BREAKOUT,ONGC,NO_BREAKOUT,,,False,236.73,236.42,236.65,0.08857142857142719,0.0664285714285704,,,,,40,16.483496,,,Latest close did not break the prior rolling range,False,False,True,False
2026-08-21T15:15:16.483496+05:30,EXPERIMENTAL_IMPULSE_BREAKOUT,BHARTIARTL,NO_BREAKOUT,,,False,1948.4,1943.9,1946.8,0.7571428571428181,0.5678571428571136,,,,,40,16.483496,,,Latest close did not break the prior rolling range,False,False,True,False
2026-08-21T15:15:16.483496+05:30,EXPERIMENTAL_IMPULSE_BREAKOUT,EICHERMOT,BLOCKED_STALE_HISTORY,,,False,,,8005.5,,,,,,,40,196.483496,,,Latest history bar is 196.5s old,False,False,True,False
2026-08-21T15:15:16.483496+05:30,EXPERIMENTAL_IMPULSE_BREAKOUT,ETERNAL,NO_BREAKOUT,,,False,328.45,327.6,327.95,0.31785714285712985,0.2383928571428474,,,,,40,16.483496,,,Latest close did not break the prior rolling range,False,False,True,False
2026-08-21T15:15:55.628587+05:30,EXPERIMENTAL_IMPULSE_BREAKOUT,NIFTY,NO_BREAKOUT,,,False,24244.4,24223.6,24234.75,6.773333333332752,5.079999999999564,,,,,40,115.628587,,,Latest close did not break the prior rolling range,False,False,True,False
2026-08-21T15:15:55.628587+05:30,EXPERIMENTAL_IMPULSE_BREAKOUT,BANKNIFTY,NO_BREAKOUT,,,False,57678.8,57619.95,57647.65,20.94642857142909,15.709821428571818,,,,,40,55.628587,,,Latest close did not break the prior rolling range,False,False,True,False
2026-08-21T15:15:55.628587+05:30,EXPERIMENTAL_IMPULSE_BREAKOUT,FINNIFTY,NO_BREAKOUT,,,False,26261.65,26221.85,26235.15,8.703571428571324,6.527678571428494,,,,,40,0.0,,,Latest close did not break the prior rolling range,False,False,True,False
2026-08-21T15:15:55.628587+05:30,EXPERIMENTAL_IMPULSE_BREAKOUT,MIDCPNIFTY,NO_BREAKOUT,,,False,14865.7,14844.5,14844.9,5.0071428571426235,3.7553571428569676,,,,,40,0.0,,,Latest close did not break the prior rolling range,False,False,True,False
2026-08-21T15:15:55.628587+05:30,EXPERIMENTAL_IMPULSE_BREAKOUT,MARUTI,NO_BREAKOUT,,,False,13620.0,13580.0,13595.0,9.642857142857142,7.232142857142857,,,,,40,0.0,,,Latest close did not break the prior rolling range,False,False,True,False
2026-08-21T15:15:55.628587+05:30,EXPERIMENTAL_IMPULSE_BREAKOUT,MAXHEALTH,NO_BREAKOUT,,,False,1000.0,995.0,995.5,0.8499999999999902,0.6374999999999926,,,,,40,55.628587,,,Latest close did not break the prior rolling range,False,False,True,False
2026-08-21T15:15:55.628587+05:30,EXPERIMENTAL_IMPULSE_BREAKOUT,NTPC,NO_BREAKOUT,,,False,340.6,339.0,339.45,0.24999999999999595,0.18749999999999695,,,,,40,55.628587,,,Latest close did not break the prior rolling range,False,False,True,False
2026-08-21T15:15:55.628587+05:30,EXPERIMENTAL_IMPULSE_BREAKOUT,NESTLEIND,NO_BREAKOUT,,,False,1485.4,1471.9,1483.0,2.528571428571435,1.8964285714285762,,,,,40,55.628587,,,Latest close did not break the prior rolling range,False,False,True,False
2026-08-21T15:15:55.628587+05:30,EXPERIMENTAL_IMPULSE_BREAKOUT,ONGC,NO_BREAKOUT,,,False,236.73,236.42,236.65,0.08857142857142719,0.0664285714285704,,,,,40,55.628587,,,Latest close did not break the prior rolling range,False,False,True,False
2026-08-21T15:15:55.628587+05:30,EXPERIMENTAL_IMPULSE_BREAKOUT,BHARTIARTL,NO_BREAKOUT,,,False,1948.4,1943.9,1946.8,0.7571428571428181,0.5678571428571136,,,,,40,55.628587,,,Latest close did not break the prior rolling range,False,False,True,False
2026-08-21T15:15:55.628587+05:30,EXPERIMENTAL_IMPULSE_BREAKOUT,EICHERMOT,NO_BREAKOUT,,,False,8010.0,7999.0,8000.0,3.357142857142857,2.517857142857143,,,,,40,0.0,,,Latest close did not break the prior rolling range,False,False,True,False
2026-08-21T15:15:55.628587+05:30,EXPERIMENTAL_IMPULSE_BREAKOUT,ETERNAL,NO_BREAKOUT,,,False,328.45,327.6,327.95,0.31785714285712985,0.2383928571428474,,,,,40,55.628587,,,Latest close did not break the prior rolling range,False,False,True,False
2026-08-21T15:16:23.540560+05:30,EXPERIMENTAL_IMPULSE_BREAKOUT,NIFTY,NO_BREAKOUT,,,False,24244.4,24223.6,24234.75,6.457142857142442,4.842857142856831,,,,,40,23.54056,,,Latest close did not break the prior rolling range,False,False,True,False
2026-08-21T15:16:23.540560+05:30,EXPERIMENTAL_IMPULSE_BREAKOUT,BANKNIFTY,NO_BREAKOUT,,,False,57678.8,57619.95,57647.65,20.94642857142909,15.709821428571818,,,,,40,83.54056,,,Latest close did not break the prior rolling range,False,False,True,False
2026-08-21T15:16:23.540560+05:30,EXPERIMENTAL_IMPULSE_BREAKOUT,FINNIFTY,NO_BREAKOUT,,,False,26261.65,26221.85,26235.15,8.703571428571324,6.527678571428494,,,,,40,23.54056,,,Latest close did not break the prior rolling range,False,False,True,False
2026-08-21T15:16:23.540560+05:30,EXPERIMENTAL_IMPULSE_BREAKOUT,MIDCPNIFTY,NO_BREAKOUT,,,False,14865.7,14844.5,14844.9,5.0071428571426235,3.7553571428569676,,,,,40,23.54056,,,Latest close did not break the prior rolling range,False,False,True,False
2026-08-21T15:16:23.540560+05:30,EXPERIMENTAL_IMPULSE_BREAKOUT,SUNPHARMA,NO_BREAKOUT,,,False,1910.0,1895.0,1895.0,2.9285714285714124,2.196428571428559,,,,,40,23.54056,,,Latest close did not break the prior rolling range,False,False,True,False
2026-08-21T15:16:23.540560+05:30,EXPERIMENTAL_IMPULSE_BREAKOUT,TATACONSUM,BLOCKED_STALE_HISTORY,,,False,,,1046.8,,,,,,,40,263.54056,,,Latest history bar is 263.5s old,False,False,True,False
2026-08-21T15:16:40.333292+05:30,EXPERIMENTAL_IMPULSE_BREAKOUT,NIFTY,NO_BREAKOUT,,,False,24244.4,24223.6,24234.75,6.457142857142442,4.842857142856831,,,,,40,40.333292,,,Latest close did not break the prior rolling range,False,False,True,False
2026-08-21T15:16:40.333292+05:30,EXPERIMENTAL_IMPULSE_BREAKOUT,BANKNIFTY,NO_BREAKOUT,,,False,57678.8,57619.95,57647.65,20.94642857142909,15.709821428571818,,,,,40,100.333292,,,Latest close did not break the prior rolling range,False,False,True,False
2026-08-21T15:16:40.333292+05:30,EXPERIMENTAL_IMPULSE_BREAKOUT,FINNIFTY,NO_BREAKOUT,,,False,26261.65,26221.85,26235.15,8.703571428571324,6.527678571428494,,,,,40,40.333292,,,Latest close did not break the prior rolling range,False,False,True,False
2026-08-21T15:16:40.333292+05:30,EXPERIMENTAL_IMPULSE_BREAKOUT,MIDCPNIFTY,NO_BREAKOUT,,,False,14865.7,14844.5,14844.9,5.0071428571426235,3.7553571428569676,,,,,40,40.333292,,,Latest close did not break the prior rolling range,False,False,True,False
2026-08-21T15:16:40.333292+05:30,EXPERIMENTAL_IMPULSE_BREAKOUT,SUNPHARMA,NO_BREAKOUT,,,False,1910.0,1895.0,1895.0,2.9285714285714124,2.196428571428559,,,,,40,40.333292,,,Latest close did not break the prior rolling range,False,False,True,False
2026-08-21T15:16:40.333292+05:30,EXPERIMENTAL_IMPULSE_BREAKOUT,TATACONSUM,NO_BREAKOUT,,,False,1049.0,1045.5,1048.9,0.8928571428571753,0.6696428571428815,,,,,40,40.333292,,,Latest close did not break the prior rolling range,False,False,True,False
2026-08-21T15:16:40.333292+05:30,EXPERIMENTAL_IMPULSE_BREAKOUT,TMPV,NO_BREAKOUT,,,False,317.7,316.9,317.3,0.2571428571428588,0.1928571428571441,,,,,40,40.333292,,,Latest close did not break the prior rolling range,False,False,True,False
2026-08-21T15:16:40.333292+05:30,EXPERIMENTAL_IMPULSE_BREAKOUT,BAJFINANCE,NO_BREAKOUT,,,False,1094.6,1090.6,1093.1,0.7000000000000293,0.5250000000000219,,,,,40,40.333292,,,Latest close did not break the prior rolling range,False,False,True,False
2026-08-21T15:16:40.333292+05:30,EXPERIMENTAL_IMPULSE_BREAKOUT,ICICIBANK,NO_BREAKOUT,,,False,1419.0,1417.5,1418.0,0.8285714285714059,0.6214285714285543,,,,,40,40.333292,,,Latest close did not break the prior rolling range,False,False,True,False
2026-08-21T15:16:40.333292+05:30,EXPERIMENTAL_IMPULSE_BREAKOUT,INFY,NO_BREAKOUT,,,False,1122.0,1118.0,1119.0,0.47142857142853245,0.35357142857139934,,,,,40,0.0,,,Latest close did not break the prior rolling range,False,False,True,False
2026-08-21T15:16:40.333292+05:30,EXPERIMENTAL_IMPULSE_BREAKOUT,INDIGO,NO_BREAKOUT,,,False,5116.0,5087.0,5087.0,5.392857142857143,4.044642857142858,,,,,40,0.0,,,Latest close did not break the prior rolling range,False,False,True,False
2026-08-21T15:16:40.333292+05:30,EXPERIMENTAL_IMPULSE_BREAKOUT,JSWSTEEL,NO_BREAKOUT,,,False,1295.3,1287.2,1290.2,1.6071428571428896,1.2053571428571672,,,,,40,0.0,,,Latest close did not break the prior rolling range,False,False,True,False
2026-08-21T15:17:12.179120+05:30,EXPERIMENTAL_IMPULSE_BREAKOUT,NIFTY,NO_BREAKOUT,,,False,24244.4,24223.6,24234.75,6.457142857142442,4.842857142856831,,,,,40,72.17912,,,Latest close did not break the prior rolling range,False,False,True,False
2026-08-21T15:17:12.179120+05:30,EXPERIMENTAL_IMPULSE_BREAKOUT,BANKNIFTY,NO_BREAKOUT,,,False,57678.8,57619.95,57647.65,18.507142857143272,13.880357142857454,,,,,40,12.17912,,,Latest close did not break the prior rolling range,False,False,True,False
2026-08-21T15:17:12.179120+05:30,EXPERIMENTAL_IMPULSE_BREAKOUT,FINNIFTY,NO_BREAKOUT,,,False,26261.65,26221.85,26235.15,8.182142857142805,6.136607142857104,,,,,40,12.17912,,,Latest close did not break the prior rolling range,False,False,True,False
2026-08-21T15:17:12.179120+05:30,EXPERIMENTAL_IMPULSE_BREAKOUT,MIDCPNIFTY,NO_BREAKOUT,,,False,14865.7,14844.5,14844.9,4.599999999999844,3.449999999999883,,,,,40,12.17912,,,Latest close did not break the prior rolling range,False,False,True,False
2026-08-21T15:17:12.179120+05:30,EXPERIMENTAL_IMPULSE_BREAKOUT,SUNPHARMA,NO_BREAKOUT,,,False,1910.0,1895.0,1895.0,2.9285714285714124,2.196428571428559,,,,,40,72.17912,,,Latest close did not break the prior rolling range,False,False,True,False
2026-08-21T15:17:12.179120+05:30,EXPERIMENTAL_IMPULSE_BREAKOUT,TATACONSUM,NO_BREAKOUT,,,False,1049.0,1045.5,1048.9,0.8928571428571753,0.6696428571428815,,,,,40,72.17912,,,Latest close did not break the prior rolling range,False,False,True,False
2026-08-21T15:17:12.179120+05:30,EXPERIMENTAL_IMPULSE_BREAKOUT,INFY,NO_BREAKOUT,,,False,1122.0,1118.0,1119.0,0.47142857142853245,0.35357142857139934,,,,,40,12.17912,,,Latest close did not break the prior rolling range,False,False,True,False
2026-08-21T15:17:12.179120+05:30,EXPERIMENTAL_IMPULSE_BREAKOUT,INDIGO,NO_BREAKOUT,,,False,5116.0,5087.0,5087.0,5.392857142857143,4.044642857142858,,,,,40,12.17912,,,Latest close did not break the prior rolling range,False,False,True,False
2026-08-21T15:17:12.179120+05:30,EXPERIMENTAL_IMPULSE_BREAKOUT,JSWSTEEL,NO_BREAKOUT,,,False,1295.3,1287.2,1290.2,1.6071428571428896,1.2053571428571672,,,,,40,12.17912,,,Latest close did not break the prior rolling range,False,False,True,False
2026-08-21T15:17:37.509796+05:30,EXPERIMENTAL_IMPULSE_BREAKOUT,ADANIENT,NO_BREAKOUT,,,False,2999.7,2986.1,2997.0,2.692857142857162,2.0196428571428715,,,,,40,37.509796,,,Latest close did not break the prior rolling range,False,False,True,False
2026-08-21T15:17:37.509796+05:30,EXPERIMENTAL_IMPULSE_BREAKOUT,ITC,NO_BREAKOUT,,,False,269.6,269.0,269.55,0.14642857142858848,0.10982142857144137,,,,,40,37.509796,,,Latest close did not break the prior rolling range,False,False,True,False
2026-08-21T15:17:46.824009+05:30,EXPERIMENTAL_IMPULSE_BREAKOUT,NIFTY,NO_BREAKOUT,,,False,24244.4,24223.6,24234.75,5.939285714285298,4.454464285713974,,,,,40,46.824009,,,Latest close did not break the prior rolling range,False,False,True,False
2026-08-21T15:17:46.824009+05:30,EXPERIMENTAL_IMPULSE_BREAKOUT,BANKNIFTY,NO_BREAKOUT,,,False,57678.8,57619.95,57647.65,18.507142857143272,13.880357142857454,,,,,40,46.824009,,,Latest close did not break the prior rolling range,False,False,True,False
2026-08-21T15:17:46.824009+05:30,EXPERIMENTAL_IMPULSE_BREAKOUT,FINNIFTY,NO_BREAKOUT,,,False,26261.65,26221.85,26235.15,8.182142857142805,6.136607142857104,,,,,40,46.824009,,,Latest close did not break the prior rolling range,False,False,True,False
2026-08-21T15:17:46.824009+05:30,EXPERIMENTAL_IMPULSE_BREAKOUT,MIDCPNIFTY,NO_BREAKOUT,,,False,14865.7,14844.5,14844.9,4.599999999999844,3.449999999999883,,,,,40,46.824009,,,Latest close did not break the prior rolling range,False,False,True,False
2026-08-21T15:17:46.824009+05:30,EXPERIMENTAL_IMPULSE_BREAKOUT,JIOFIN,NO_BREAKOUT,,,False,244.0,243.5,243.7,0.16071428571428978,0.12053571428571733,,,,,40,46.824009,,,Latest close did not break the prior rolling range,False,False,True,False
2026-08-21T15:17:46.824009+05:30,EXPERIMENTAL_IMPULSE_BREAKOUT,TITAN,NO_BREAKOUT,,,False,5084.8,5067.0,5079.9,3.499999999999805,2.624999999999854,,,,,40,46.824009,,,Latest close did not break the prior rolling range,False,False,True,False
2026-08-21T15:17:46.824009+05:30,EXPERIMENTAL_IMPULSE_BREAKOUT,TRENT,NO_BREAKOUT,,,False,2926.4,2914.0,2919.4,2.535714285714318,1.9017857142857384,,,,,40,46.824009,,,Latest close did not break the prior rolling range,False,False,True,False
2026-08-21T15:17:46.824009+05:30,EXPERIMENTAL_IMPULSE_BREAKOUT,ULTRACEMCO,NO_BREAKOUT,,,False,11575.0,11540.0,11555.0,8.857142857142858,6.642857142857143,,,,,40,0.0,,,Latest close did not break the prior rolling range,False,False,True,False
2026-08-21T15:17:46.824009+05:30,EXPERIMENTAL_IMPULSE_BREAKOUT,FOCIT,NO_BREAKOUT,,,False,37085.28,37009.57,37032.29,14.347142857144458,10.760357142858343,,,,,40,0.0,,,Latest close did not break the prior rolling range,False,False,True,False
2026-08-21T15:17:46.824009+05:30,EXPERIMENTAL_IMPULSE_BREAKOUT,NIFTYNXT50,NO_BREAKOUT,,,False,73908.65,73803.95,73821.2,16.867857142855687,12.650892857141766,,,,,40,0.0,,,Latest close did not break the prior rolling range,False,False,True,False
2026-08-21T15:17:46.824009+05:30,EXPERIMENTAL_IMPULSE_BREAKOUT,ADANIENT,NO_BREAKOUT,,,False,2999.7,2986.1,2997.0,2.692857142857162,2.0196428571428715,,,,,40,46.824009,,,Latest close did not break the prior rolling range,False,False,True,False
2026-08-21T15:17:46.824009+05:30,EXPERIMENTAL_IMPULSE_BREAKOUT,ITC,NO_BREAKOUT,,,False,269.6,269.0,269.55,0.14642857142858848,0.10982142857144137,,,,,40,46.824009,,,Latest close did not break the prior rolling range,False,False,True,False
2026-08-21T15:18:13.415035+05:30,EXPERIMENTAL_IMPULSE_BREAKOUT,NIFTY,NO_BREAKOUT,,,False,24244.4,24223.6,24234.75,5.939285714285298,4.454464285713974,,,,,40,73.415035,,,Latest close did not break the prior rolling range,False,False,True,False
2026-08-21T15:18:13.415035+05:30,EXPERIMENTAL_IMPULSE_BREAKOUT,BANKNIFTY,NO_BREAKOUT,,,False,57678.8,57619.95,57647.65,17.300000000000313,12.975000000000236,,,,,40,13.415035,,,Latest close did not break the prior rolling range,False,False,True,False
2026-08-21T15:18:13.415035+05:30,EXPERIMENTAL_IMPULSE_BREAKOUT,FINNIFTY,NO_BREAKOUT,,,False,26261.65,26221.85,26235.15,7.567857142857195,5.675892857142896,,,,,40,13.415035,,,Latest close did not break the prior rolling range,False,False,True,False
2026-08-21T15:18:13.415035+05:30,EXPERIMENTAL_IMPULSE_BREAKOUT,MIDCPNIFTY,NO_BREAKOUT,,,False,14865.7,14844.5,14844.9,4.37499999999987,3.2812499999999027,,,,,40,13.415035,,,Latest close did not break the prior rolling range,False,False,True,False
2026-08-21T15:18:13.415035+05:30,EXPERIMENTAL_IMPULSE_BREAKOUT,JIOFIN,NO_BREAKOUT,,,False,244.0,243.5,243.7,0.16071428571428978,0.12053571428571733,,,,,40,73.415035,,,Latest close did not break the prior rolling range,False,False,True,False
2026-08-21T15:18:13.415035+05:30,EXPERIMENTAL_IMPULSE_BREAKOUT,TITAN,NO_BREAKOUT,,,False,5084.8,5067.0,5079.9,3.499999999999805,2.624999999999854,,,,,40,73.415035,,,Latest close did not break the prior rolling range,False,False,True,False
2026-08-21T15:18:13.415035+05:30,EXPERIMENTAL_IMPULSE_BREAKOUT,TRENT,NO_BREAKOUT,,,False,2926.4,2914.0,2919.4,2.535714285714318,1.9017857142857384,,,,,40,73.415035,,,Latest close did not break the prior rolling range,False,False,True,False
2026-08-21T15:18:13.415035+05:30,EXPERIMENTAL_IMPULSE_BREAKOUT,ULTRACEMCO,NO_BREAKOUT,,,False,11575.0,11540.0,11555.0,8.857142857142858,6.642857142857143,,,,,40,13.415035,,,Latest close did not break the prior rolling range,False,False,True,False
2026-08-21T15:18:13.415035+05:30,EXPERIMENTAL_IMPULSE_BREAKOUT,FOCIT,NO_BREAKOUT,,,False,37085.28,37009.57,37032.29,14.347142857144458,10.760357142858343,,,,,40,13.415035,,,Latest close did not break the prior rolling range,False,False,True,False
2026-08-21T15:18:13.415035+05:30,EXPERIMENTAL_IMPULSE_BREAKOUT,NIFTYNXT50,NO_BREAKOUT,,,False,73908.65,73803.95,73821.2,16.867857142855687,12.650892857141766,,,,,40,13.415035,,,Latest close did not break the prior rolling range,False,False,True,False
2026-08-21T15:18:13.415035+05:30,EXPERIMENTAL_IMPULSE_BREAKOUT,ADANIENT,NO_BREAKOUT,,,False,2999.7,2986.1,2997.0,2.692857142857162,2.0196428571428715,,,,,40,73.415035,,,Latest close did not break the prior rolling range,False,False,True,False
2026-08-21T15:18:13.415035+05:30,EXPERIMENTAL_IMPULSE_BREAKOUT,ITC,NO_BREAKOUT,,,False,269.6,269.0,269.55,0.14642857142858848,0.10982142857144137,,,,,40,73.415035,,,Latest close did not break the prior rolling range,False,False,True,False
2026-08-21T15:18:39.676504+05:30,EXPERIMENTAL_IMPULSE_BREAKOUT,MIDCPNIFTY,NO_BREAKOUT,,,False,14865.7,14844.5,14844.9,4.37499999999987,3.2812499999999027,,,,,40,39.676504,,,Latest close did not break the prior rolling range,False,False,True,False
2026-08-21T15:18:39.676504+05:30,EXPERIMENTAL_IMPULSE_BREAKOUT,CIPLA,NO_BREAKOUT,,,False,1426.6,1421.6,1426.5,1.335714285714289,1.0017857142857167,,,,,40,39.676504,,,Latest close did not break the prior rolling range,False,False,True,False
2026-08-21T15:18:39.676504+05:30,EXPERIMENTAL_IMPULSE_BREAKOUT,GRASIM,NO_BREAKOUT,,,False,3343.1,3285.5,3338.0,10.564285714285754,7.923214285714316,,,,,40,39.676504,,,Latest close did not break the prior rolling range,False,False,True,False
2026-08-21T15:18:39.676504+05:30,EXPERIMENTAL_IMPULSE_BREAKOUT,HCLTECH,NO_BREAKOUT,,,False,1308.1,1302.7,1306.0,1.2357142857142986,0.926785714285724,,,,,40,39.676504,,,Latest close did not break the prior rolling range,False,False,True,False
2026-08-21T15:18:39.676504+05:30,EXPERIMENTAL_IMPULSE_BREAKOUT,HDFCBANK,NO_BREAKOUT,,,False,731.0,728.45,729.0,0.47499999999999026,0.3562499999999927,,,,,40,39.676504,,,Latest close did not break the prior rolling range,False,False,True,False
2026-08-21T15:18:39.676504+05:30,EXPERIMENTAL_IMPULSE_BREAKOUT,HDFCLIFE,NO_BREAKOUT,,,False,553.7,552.0,553.0,0.3428571428571396,0.2571428571428547,,,,,40,39.676504,,,Latest close did not break the prior rolling range,False,False,True,False
2026-08-21T15:18:39.676504+05:30,EXPERIMENTAL_IMPULSE_BREAKOUT,MAXHEALTH,NO_BREAKOUT,,,False,1000.0,995.0,995.5,0.7785714285714269,0.5839285714285702,,,,,40,39.676504,,,Latest close did not break the prior rolling range,False,False,True,False
2026-08-21T15:18:39.676504+05:30,EXPERIMENTAL_IMPULSE_BREAKOUT,NTPC,NO_BREAKOUT,,,False,340.6,339.05,339.45,0.23214285714285307,0.1741071428571398,,,,,40,39.676504,,,Latest close did not break the prior rolling range,False,False,True,False
2026-08-21T15:18:39.676504+05:30,EXPERIMENTAL_IMPULSE_BREAKOUT,NESTLEIND,NO_BREAKOUT,,,False,1485.4,1471.9,1483.0,2.085714285714289,1.5642857142857167,,,,,40,39.676504,,,Latest close did not break the prior rolling range,False,False,True,False
2026-08-21T15:19:04.124908+05:30,EXPERIMENTAL_IMPULSE_BREAKOUT,NIFTY,NO_BREAKOUT,,,False,24244.4,24223.6,24234.75,4.978571428570961,3.7339285714282204,,,,,40,4.124908,,,Latest close did not break the prior rolling range,False,False,True,False
2026-08-21T15:19:04.124908+05:30,EXPERIMENTAL_IMPULSE_BREAKOUT,BANKNIFTY,NO_BREAKOUT,,,False,57678.8,57619.95,57647.65,17.300000000000313,12.975000000000236,,,,,40,64.124908,,,Latest close did not break the prior rolling range,False,False,True,False
2026-08-21T15:19:04.124908+05:30,EXPERIMENTAL_IMPULSE_BREAKOUT,FINNIFTY,NO_BREAKOUT,,,False,26261.65,26221.85,26235.15,7.567857142857195,5.675892857142896,,,,,40,64.124908,,,Latest close did not break the prior rolling range,False,False,True,False
2026-08-21T15:19:04.124908+05:30,EXPERIMENTAL_IMPULSE_BREAKOUT,MIDCPNIFTY,NO_BREAKOUT,,,False,14865.7,14844.5,14844.9,4.37499999999987,3.2812499999999027,,,,,40,64.124908,,,Latest close did not break the prior rolling range,False,False,True,False
2026-08-21T15:19:04.124908+05:30,EXPERIMENTAL_IMPULSE_BREAKOUT,CIPLA,NO_BREAKOUT,,,False,1426.6,1421.6,1426.5,1.335714285714289,1.0017857142857167,,,,,40,64.124908,,,Latest close did not break the prior rolling range,False,False,True,False
2026-08-21T15:19:04.124908+05:30,EXPERIMENTAL_IMPULSE_BREAKOUT,GRASIM,NO_BREAKOUT,,,False,3343.1,3285.5,3338.0,10.564285714285754,7.923214285714316,,,,,40,64.124908,,,Latest close did not break the prior rolling range,False,False,True,False
2026-08-21T15:19:04.124908+05:30,EXPERIMENTAL_IMPULSE_BREAKOUT,HCLTECH,NO_BREAKOUT,,,False,1308.1,1302.7,1306.0,1.2357142857142986,0.926785714285724,,,,,40,64.124908,,,Latest close did not break the prior rolling range,False,False,True,False
2026-08-21T15:19:04.124908+05:30,EXPERIMENTAL_IMPULSE_BREAKOUT,HDFCBANK,NO_BREAKOUT,,,False,731.0,728.45,729.0,0.47499999999999026,0.3562499999999927,,,,,40,64.124908,,,Latest close did not break the prior rolling range,False,False,True,False
2026-08-21T15:19:04.124908+05:30,EXPERIMENTAL_IMPULSE_BREAKOUT,HDFCLIFE,NO_BREAKOUT,,,False,553.7,552.0,553.0,0.3428571428571396,0.2571428571428547,,,,,40,64.124908,,,Latest close did not break the prior rolling range,False,False,True,False
2026-08-21T15:19:04.124908+05:30,EXPERIMENTAL_IMPULSE_BREAKOUT,MAXHEALTH,NO_BREAKOUT,,,False,1000.0,995.0,995.5,0.7785714285714269,0.5839285714285702,,,,,40,64.124908,,,Latest close did not break the prior rolling range,False,False,True,False
2026-08-21T15:19:04.124908+05:30,EXPERIMENTAL_IMPULSE_BREAKOUT,NTPC,NO_BREAKOUT,,,False,340.6,339.05,339.45,0.23214285714285307,0.1741071428571398,,,,,40,64.124908,,,Latest close did not break the prior rolling range,False,False,True,False
2026-08-21T15:19:04.124908+05:30,EXPERIMENTAL_IMPULSE_BREAKOUT,NESTLEIND,NO_BREAKOUT,,,False,1485.4,1471.9,1483.0,2.085714285714289,1.5642857142857167,,,,,40,64.124908,,,Latest close did not break the prior rolling range,False,False,True,False
2026-08-21T15:19:29.869997+05:30,EXPERIMENTAL_IMPULSE_BREAKOUT,NIFTY,NO_BREAKOUT,,,False,24244.4,24223.6,24234.75,4.978571428570961,3.7339285714282204,,,,,40,29.869997,,,Latest close did not break the prior rolling range,False,False,True,False
2026-08-21T15:19:29.869997+05:30,EXPERIMENTAL_IMPULSE_BREAKOUT,BANKNIFTY,NO_BREAKOUT,,,False,57678.8,57619.95,57647.65,15.496428571428883,11.622321428571663,,,,,40,29.869997,,,Latest close did not break the prior rolling range,False,False,True,False
2026-08-21T15:19:29.869997+05:30,EXPERIMENTAL_IMPULSE_BREAKOUT,FINNIFTY,NO_BREAKOUT,,,False,26261.65,26221.85,26235.15,6.892857142857143,5.169642857142858,,,,,40,29.869997,,,Latest close did not break the prior rolling range,False,False,True,False
2026-08-21T15:19:29.869997+05:30,EXPERIMENTAL_IMPULSE_BREAKOUT,MIDCPNIFTY,NO_BREAKOUT,,,False,14865.7,14844.5,14844.9,4.067857142857065,3.0508928571427987,,,,,40,29.869997,,,Latest close did not break the prior rolling range,False,False,True,False
2026-08-21T15:19:29.869997+05:30,EXPERIMENTAL_IMPULSE_BREAKOUT,CIPLA,NO_BREAKOUT,,,False,1426.6,1421.6,1426.5,1.335714285714289,1.0017857142857167,,,,,40,89.869997,,,Latest close did not break the prior rolling range,False,False,True,False
2026-08-21T15:19:29.869997+05:30,EXPERIMENTAL_IMPULSE_BREAKOUT,GRASIM,NO_BREAKOUT,,,False,3343.1,3285.5,3338.0,10.564285714285754,7.923214285714316,,,,,40,89.869997,,,Latest close did not break the prior rolling range,False,False,True,False
2026-08-21T15:19:29.869997+05:30,EXPERIMENTAL_IMPULSE_BREAKOUT,HCLTECH,NO_BREAKOUT,,,False,1308.1,1302.7,1306.0,1.2357142857142986,0.926785714285724,,,,,40,89.869997,,,Latest close did not break the prior rolling range,False,False,True,False
2026-08-21T15:19:29.869997+05:30,EXPERIMENTAL_IMPULSE_BREAKOUT,HDFCBANK,NO_BREAKOUT,,,False,731.0,728.45,729.0,0.47499999999999026,0.3562499999999927,,,,,40,89.869997,,,Latest close did not break the prior rolling range,False,False,True,False
2026-08-21T15:19:29.869997+05:30,EXPERIMENTAL_IMPULSE_BREAKOUT,HDFCLIFE,NO_BREAKOUT,,,False,553.7,552.0,553.0,0.3428571428571396,0.2571428571428547,,,,,40,89.869997,,,Latest close did not break the prior rolling range,False,False,True,False
2026-08-21T15:19:29.869997+05:30,EXPERIMENTAL_IMPULSE_BREAKOUT,MAXHEALTH,NO_BREAKOUT,,,False,1000.0,995.0,995.5,0.7785714285714269,0.5839285714285702,,,,,40,89.869997,,,Latest close did not break the prior rolling range,False,False,True,False
2026-08-21T15:19:29.869997+05:30,EXPERIMENTAL_IMPULSE_BREAKOUT,NTPC,NO_BREAKOUT,,,False,340.6,339.05,339.45,0.23214285714285307,0.1741071428571398,,,,,40,89.869997,,,Latest close did not break the prior rolling range,False,False,True,False
2026-08-21T15:19:29.869997+05:30,EXPERIMENTAL_IMPULSE_BREAKOUT,NESTLEIND,NO_BREAKOUT,,,False,1485.4,1471.9,1483.0,2.085714285714289,1.5642857142857167,,,,,40,89.869997,,,Latest close did not break the prior rolling range,False,False,True,False
2026-08-21T15:19:58.081763+05:30,EXPERIMENTAL_IMPULSE_BREAKOUT,NIFTY,NO_BREAKOUT,,,False,24244.4,24223.6,24234.75,4.978571428570961,3.7339285714282204,,,,,40,58.081763,,,Latest close did not break the prior rolling range,False,False,True,False
2026-08-21T15:19:58.081763+05:30,EXPERIMENTAL_IMPULSE_BREAKOUT,BANKNIFTY,NO_BREAKOUT,,,False,57678.8,57619.95,57647.65,15.496428571428883,11.622321428571663,,,,,40,58.081763,,,Latest close did not break the prior rolling range,False,False,True,False
2026-08-21T15:19:58.081763+05:30,EXPERIMENTAL_IMPULSE_BREAKOUT,FINNIFTY,NO_BREAKOUT,,,False,26261.65,26221.85,26235.15,6.892857142857143,5.169642857142858,,,,,40,58.081763,,,Latest close did not break the prior rolling range,False,False,True,False
2026-08-21T15:19:58.081763+05:30,EXPERIMENTAL_IMPULSE_BREAKOUT,MIDCPNIFTY,NO_BREAKOUT,,,False,14865.7,14844.5,14844.9,4.067857142857065,3.0508928571427987,,,,,40,58.081763,,,Latest close did not break the prior rolling range,False,False,True,False
2026-08-21T15:19:58.081763+05:30,EXPERIMENTAL_IMPULSE_BREAKOUT,BHARTIARTL,NO_BREAKOUT,,,False,1948.4,1945.1,1946.8,0.4785714285714156,0.3589285714285617,,,,,40,0.0,,,Latest close did not break the prior rolling range,False,False,True,False
2026-08-21T15:19:58.081763+05:30,EXPERIMENTAL_IMPULSE_BREAKOUT,EICHERMOT,NO_BREAKOUT,,,False,8010.0,7999.0,8000.0,2.642857142857143,1.9821428571428572,,,,,40,0.0,,,Latest close did not break the prior rolling range,False,False,True,False
2026-08-21T15:19:58.081763+05:30,EXPERIMENTAL_IMPULSE_BREAKOUT,ETERNAL,NO_BREAKOUT,,,False,328.45,327.6,327.95,0.24642857142855842,0.1848214285714188,,,,,40,0.0,,,Latest close did not break the prior rolling range,False,False,True,False
2026-08-21T15:19:58.081763+05:30,EXPERIMENTAL_IMPULSE_BREAKOUT,MARUTI,NO_BREAKOUT,,,False,13620.0,13580.0,13595.0,6.428571428571429,4.821428571428571,,,,,40,0.0,,,Latest close did not break the prior rolling range,False,False,True,False
2026-08-21T15:19:58.081763+05:30,EXPERIMENTAL_IMPULSE_BREAKOUT,ONGC,NO_BREAKOUT,,,False,236.73,236.42,236.65,0.06714285714285495,0.05035714285714121,,,,,40,0.0,,,Latest close did not break the prior rolling range,False,False,True,False
2026-08-21T15:19:58.081763+05:30,EXPERIMENTAL_IMPULSE_BREAKOUT,SBIN,NO_BREAKOUT,,,False,1043.9,1040.1,1041.0,0.4214285714285779,0.31607142857143344,,,,,40,0.0,,,Latest close did not break the prior rolling range,False,False,True,False
2026-08-21T15:19:58.081763+05:30,EXPERIMENTAL_IMPULSE_BREAKOUT,SUNPHARMA,NO_BREAKOUT,,,False,1910.0,1895.0,1895.0,2.3999999999999937,1.7999999999999954,,,,,40,0.0,,,Latest close did not break the prior rolling range,False,False,True,False
2026-08-21T15:19:58.081763+05:30,EXPERIMENTAL_IMPULSE_BREAKOUT,TATACONSUM,NO_BREAKOUT,,,False,1049.0,1045.5,1048.9,0.7071428571428962,0.5303571428571721,,,,,40,0.0,,,Latest close did not break the prior rolling range,False,False,True,False
2026-08-21T15:20:26.080145+05:30,EXPERIMENTAL_IMPULSE_BREAKOUT,NIFTY,NO_BREAKOUT,,,False,24244.4,24223.6,24234.75,4.592857142856571,3.4446428571424286,,,,,40,26.080145,,,Latest close did not break the prior rolling range,False,False,True,False
2026-08-21T15:20:26.080145+05:30,EXPERIMENTAL_IMPULSE_BREAKOUT,BANKNIFTY,NO_BREAKOUT,,,False,57678.8,57619.95,57647.65,15.496428571428883,11.622321428571663,,,,,40,86.080145,,,Latest close did not break the prior rolling range,False,False,True,False
2026-08-21T15:20:26.080145+05:30,EXPERIMENTAL_IMPULSE_BREAKOUT,FINNIFTY,NO_BREAKOUT,,,False,26261.65,26221.85,26235.15,6.892857142857143,5.169642857142858,,,,,40,86.080145,,,Latest close did not break the prior rolling range,False,False,True,False
2026-08-21T15:20:26.080145+05:30,EXPERIMENTAL_IMPULSE_BREAKOUT,MIDCPNIFTY,NO_BREAKOUT,,,False,14865.7,14844.5,14844.9,4.067857142857065,3.0508928571427987,,,,,40,86.080145,,,Latest close did not break the prior rolling range,False,False,True,False
2026-08-21T15:20:26.080145+05:30,EXPERIMENTAL_IMPULSE_BREAKOUT,BHARTIARTL,NO_BREAKOUT,,,False,1948.4,1945.1,1946.8,0.4785714285714156,0.3589285714285617,,,,,40,26.080145,,,Latest close did not break the prior rolling range,False,False,True,False
2026-08-21T15:20:26.080145+05:30,EXPERIMENTAL_IMPULSE_BREAKOUT,EICHERMOT,NO_BREAKOUT,,,False,8010.0,7999.0,8000.0,2.642857142857143,1.9821428571428572,,,,,40,26.080145,,,Latest close did not break the prior rolling range,False,False,True,False
2026-08-21T15:20:26.080145+05:30,EXPERIMENTAL_IMPULSE_BREAKOUT,ETERNAL,NO_BREAKOUT,,,False,328.45,327.6,327.95,0.24642857142855842,0.1848214285714188,,,,,40,26.080145,,,Latest close did not break the prior rolling range,False,False,True,False
2026-08-21T15:20:26.080145+05:30,EXPERIMENTAL_IMPULSE_BREAKOUT,MARUTI,NO_BREAKOUT,,,False,13620.0,13580.0,13595.0,6.428571428571429,4.821428571428571,,,,,40,26.080145,,,Latest close did not break the prior rolling range,False,False,True,False
2026-08-21T15:20:26.080145+05:30,EXPERIMENTAL_IMPULSE_BREAKOUT,ONGC,NO_BREAKOUT,,,False,236.73,236.42,236.65,0.06714285714285495,0.05035714285714121,,,,,40,26.080145,,,Latest close did not break the prior rolling range,False,False,True,False
2026-08-21T15:20:26.080145+05:30,EXPERIMENTAL_IMPULSE_BREAKOUT,SBIN,NO_BREAKOUT,,,False,1043.9,1040.1,1041.0,0.4214285714285779,0.31607142857143344,,,,,40,26.080145,,,Latest close did not break the prior rolling range,False,False,True,False
2026-08-21T15:20:26.080145+05:30,EXPERIMENTAL_IMPULSE_BREAKOUT,SUNPHARMA,NO_BREAKOUT,,,False,1910.0,1895.0,1895.0,2.3999999999999937,1.7999999999999954,,,,,40,26.080145,,,Latest close did not break the prior rolling range,False,False,True,False
2026-08-21T15:20:26.080145+05:30,EXPERIMENTAL_IMPULSE_BREAKOUT,TATACONSUM,NO_BREAKOUT,,,False,1049.0,1045.5,1048.9,0.7071428571428962,0.5303571428571721,,,,,40,26.080145,,,Latest close did not break the prior rolling range,False,False,True,False
2026-08-21T15:20:52.131420+05:30,EXPERIMENTAL_IMPULSE_BREAKOUT,NIFTY,NO_BREAKOUT,,,False,24244.4,24223.6,24234.75,4.592857142856571,3.4446428571424286,,,,,40,52.13142,,,Latest close did not break the prior rolling range,False,False,True,False
2026-08-21T15:20:52.131420+05:30,EXPERIMENTAL_IMPULSE_BREAKOUT,BANKNIFTY,NO_BREAKOUT,,,False,57678.8,57619.95,57647.65,14.092857142857351,10.569642857143013,,,,,40,52.13142,,,Latest close did not break the prior rolling range,False,False,True,False
2026-08-21T15:20:52.131420+05:30,EXPERIMENTAL_IMPULSE_BREAKOUT,FINNIFTY,NO_BREAKOUT,,,False,26261.65,26221.85,26235.15,6.264285714285767,4.698214285714325,,,,,40,52.13142,,,Latest close did not break the prior rolling range,False,False,True,False
2026-08-21T15:20:52.131420+05:30,EXPERIMENTAL_IMPULSE_BREAKOUT,MARUTI,NO_BREAKOUT,,,False,13620.0,13580.0,13595.0,6.428571428571429,4.821428571428571,,,,,40,52.13142,,,Latest close did not break the prior rolling range,False,False,True,False
2026-08-21T15:20:52.131420+05:30,EXPERIMENTAL_IMPULSE_BREAKOUT,ONGC,NO_BREAKOUT,,,False,236.73,236.42,236.65,0.06714285714285495,0.05035714285714121,,,,,40,52.13142,,,Latest close did not break the prior rolling range,False,False,True,False
2026-08-21T15:20:52.131420+05:30,EXPERIMENTAL_IMPULSE_BREAKOUT,SBIN,NO_BREAKOUT,,,False,1043.9,1040.1,1041.0,0.4214285714285779,0.31607142857143344,,,,,40,52.13142,,,Latest close did not break the prior rolling range,False,False,True,False
2026-08-21T15:20:52.131420+05:30,EXPERIMENTAL_IMPULSE_BREAKOUT,SUNPHARMA,NO_BREAKOUT,,,False,1910.0,1895.0,1895.0,2.3999999999999937,1.7999999999999954,,,,,40,52.13142,,,Latest close did not break the prior rolling range,False,False,True,False
2026-08-21T15:20:52.131420+05:30,EXPERIMENTAL_IMPULSE_BREAKOUT,TATACONSUM,NO_BREAKOUT,,,False,1049.0,1045.5,1048.9,0.7071428571428962,0.5303571428571721,,,,,40,52.13142,,,Latest close did not break the prior rolling range,False,False,True,False
2026-08-21T15:21:12.176759+05:30,EXPERIMENTAL_IMPULSE_BREAKOUT,NIFTY,NO_BREAKOUT,,,False,24244.4,24223.6,24234.75,4.592857142856571,3.4446428571424286,,,,,40,72.176759,,,Latest close did not break the prior rolling range,False,False,True,False
2026-08-21T15:21:12.176759+05:30,EXPERIMENTAL_IMPULSE_BREAKOUT,BANKNIFTY,NO_BREAKOUT,,,False,57678.8,57619.95,57647.65,14.092857142857351,10.569642857143013,,,,,40,72.176759,,,Latest close did not break the prior rolling range,False,False,True,False
2026-08-21T15:21:12.176759+05:30,EXPERIMENTAL_IMPULSE_BREAKOUT,FINNIFTY,NO_BREAKOUT,,,False,26261.65,26221.85,26235.15,6.264285714285767,4.698214285714325,,,,,40,72.176759,,,Latest close did not break the prior rolling range,False,False,True,False
2026-08-21T15:21:12.176759+05:30,EXPERIMENTAL_IMPULSE_BREAKOUT,MIDCPNIFTY,NO_BREAKOUT,,,False,14865.7,14844.5,14844.9,3.425000000000052,2.5687500000000387,,,,,40,12.176759,,,Latest close did not break the prior rolling range,False,False,True,False
2026-08-21T15:21:12.176759+05:30,EXPERIMENTAL_IMPULSE_BREAKOUT,SENSEX,NO_BREAKOUT,,,False,77564.06,77478.27,77522.47,15.63071428571441,11.723035714285807,,,,,40,12.176759,,,Latest close did not break the prior rolling range,False,False,True,False
2026-08-21T15:21:12.176759+05:30,EXPERIMENTAL_IMPULSE_BREAKOUT,BANKEX,NO_BREAKOUT,,,False,65353.7,65283.16,65333.99,15.403571428570492,11.552678571427869,,,,,40,12.176759,,,Latest close did not break the prior rolling range,False,False,True,False
2026-08-21T15:21:28.044625+05:30,EXPERIMENTAL_IMPULSE_BREAKOUT,NIFTY,NO_BREAKOUT,,,False,24244.4,24223.6,24234.75,4.021428571427999,3.0160714285709993,,,,,40,28.044625,,,Latest close did not break the prior rolling range,False,False,True,False
2026-08-21T15:21:28.044625+05:30,EXPERIMENTAL_IMPULSE_BREAKOUT,BANKNIFTY,NO_BREAKOUT,,,False,57678.8,57619.95,57647.65,14.092857142857351,10.569642857143013,,,,,40,88.044625,,,Latest close did not break the prior rolling range,False,False,True,False
2026-08-21T15:21:28.044625+05:30,EXPERIMENTAL_IMPULSE_BREAKOUT,SENSEX,NO_BREAKOUT,,,False,77564.06,77478.27,77522.47,15.63071428571441,11.723035714285807,,,,,40,28.044625,,,Latest close did not break the prior rolling range,False,False,True,False
2026-08-21T15:21:28.044625+05:30,EXPERIMENTAL_IMPULSE_BREAKOUT,BANKEX,NO_BREAKOUT,,,False,65353.7,65283.16,65333.99,15.403571428570492,11.552678571427869,,,,,40,28.044625,,,Latest close did not break the prior rolling range,False,False,True,False
2026-08-21T15:21:39.512878+05:30,EXPERIMENTAL_IMPULSE_BREAKOUT,NIFTY,NO_BREAKOUT,,,False,24244.4,24223.6,24234.75,4.021428571427999,3.0160714285709993,,,,,40,39.512878,,,Latest close did not break the prior rolling range,False,False,True,False
2026-08-21T15:21:39.512878+05:30,EXPERIMENTAL_IMPULSE_BREAKOUT,BANKNIFTY,NO_BREAKOUT,,,False,57678.8,57619.95,57647.65,14.092857142857351,10.569642857143013,,,,,40,99.512878,,,Latest close did not break the prior rolling range,False,False,True,False
2026-08-21T15:21:39.512878+05:30,EXPERIMENTAL_IMPULSE_BREAKOUT,FINNIFTY,NO_BREAKOUT,,,False,26261.65,26221.85,26235.15,6.264285714285767,4.698214285714325,,,,,40,99.512878,,,Latest close did not break the prior rolling range,False,False,True,False
2026-08-21T15:21:39.512878+05:30,EXPERIMENTAL_IMPULSE_BREAKOUT,MIDCPNIFTY,NO_BREAKOUT,,,False,14865.7,14844.5,14844.9,3.425000000000052,2.5687500000000387,,,,,40,39.512878,,,Latest close did not break the prior rolling range,False,False,True,False
2026-08-21T15:21:39.512878+05:30,EXPERIMENTAL_IMPULSE_BREAKOUT,TRENT,NO_BREAKOUT,,,False,2926.4,2914.0,2919.4,1.757142857142883,1.3178571428571624,,,,,40,39.512878,,,Latest close did not break the prior rolling range,False,False,True,False
2026-08-21T15:21:39.512878+05:30,EXPERIMENTAL_IMPULSE_BREAKOUT,ULTRACEMCO,NO_BREAKOUT,,,False,11575.0,11540.0,11555.0,6.857142857142857,5.142857142857142,,,,,40,39.512878,,,Latest close did not break the prior rolling range,False,False,True,False
2026-08-21T15:21:39.512878+05:30,EXPERIMENTAL_IMPULSE_BREAKOUT,WIPRO,NO_BREAKOUT,,,False,180.49,180.0,180.07,0.06571428571428482,0.049285714285713614,,,,,40,39.512878,,,Latest close did not break the prior rolling range,False,False,True,False
2026-08-21T15:21:39.512878+05:30,EXPERIMENTAL_IMPULSE_BREAKOUT,SENSEX,NO_BREAKOUT,,,False,77564.06,77478.27,77522.47,15.63071428571441,11.723035714285807,,,,,40,39.512878,,,Latest close did not break the prior rolling range,False,False,True,False
2026-08-21T15:21:39.512878+05:30,EXPERIMENTAL_IMPULSE_BREAKOUT,BANKEX,NO_BREAKOUT,,,False,65353.7,65283.16,65333.99,15.403571428570492,11.552678571427869,,,,,40,39.512878,,,Latest close did not break the prior rolling range,False,False,True,False
2026-08-21T15:22:00.860972+05:30,EXPERIMENTAL_IMPULSE_BREAKOUT,NIFTY,NO_BREAKOUT,,,False,24244.4,24223.6,24234.75,4.021428571427999,3.0160714285709993,,,,,40,60.860972,,,Latest close did not break the prior rolling range,False,False,True,False
2026-08-21T15:22:00.860972+05:30,EXPERIMENTAL_IMPULSE_BREAKOUT,BANKNIFTY,NO_BREAKOUT,,,False,57678.8,57619.95,57647.65,11.867857142857247,8.900892857142935,,,,,40,0.860972,,,Latest close did not break the prior rolling range,False,False,True,False
2026-08-21T15:22:00.860972+05:30,EXPERIMENTAL_IMPULSE_BREAKOUT,FINNIFTY,NO_BREAKOUT,,,False,26259.9,26221.85,26235.15,5.196428571428571,3.8973214285714284,,,,,40,0.860972,,,Latest close did not break the prior rolling range,False,False,True,False
2026-08-21T15:22:00.860972+05:30,EXPERIMENTAL_IMPULSE_BREAKOUT,MIDCPNIFTY,NO_BREAKOUT,,,False,14865.7,14844.5,14844.9,3.425000000000052,2.5687500000000387,,,,,40,60.860972,,,Latest close did not break the prior rolling range,False,False,True,False
2026-08-21T15:22:00.860972+05:30,EXPERIMENTAL_IMPULSE_BREAKOUT,INFY,NO_BREAKOUT,,,False,1120.9,1118.0,1119.0,0.3142857142856883,0.23571428571426623,,,,,40,0.860972,,,Latest close did not break the prior rolling range,False,False,True,False
2026-08-21T15:22:00.860972+05:30,EXPERIMENTAL_IMPULSE_BREAKOUT,INDIGO,BLOCKED_STALE_HISTORY,,,False,,,5087.0,,,,,,,40,300.860972,,,Latest history bar is 300.9s old,False,False,True,False
2026-08-21T15:22:18.440033+05:30,EXPERIMENTAL_IMPULSE_BREAKOUT,NIFTY,NO_BREAKOUT,,,False,24244.4,24223.6,24234.75,4.021428571427999,3.0160714285709993,,,,,40,78.440033,,,Latest close did not break the prior rolling range,False,False,True,False
2026-08-21T15:22:18.440033+05:30,EXPERIMENTAL_IMPULSE_BREAKOUT,BANKNIFTY,NO_BREAKOUT,,,False,57678.8,57619.95,57647.65,11.867857142857247,8.900892857142935,,,,,40,18.440033,,,Latest close did not break the prior rolling range,False,False,True,False
2026-08-21T15:22:18.440033+05:30,EXPERIMENTAL_IMPULSE_BREAKOUT,FINNIFTY,NO_BREAKOUT,,,False,26259.9,26221.85,26235.15,5.196428571428571,3.8973214285714284,,,,,40,18.440033,,,Latest close did not break the prior rolling range,False,False,True,False
2026-08-21T15:22:18.440033+05:30,EXPERIMENTAL_IMPULSE_BREAKOUT,MIDCPNIFTY,NO_BREAKOUT,,,False,14865.7,14844.5,14844.9,3.232142857142987,2.42410714285724,,,,,40,18.440033,,,Latest close did not break the prior rolling range,False,False,True,False
2026-08-21T15:22:18.440033+05:30,EXPERIMENTAL_IMPULSE_BREAKOUT,GRASIM,NO_BREAKOUT,,,False,3343.1,3285.5,3338.0,8.885714285714325,6.664285714285744,,,,,40,18.440033,,,Latest close did not break the prior rolling range,False,False,True,False
2026-08-21T15:22:35.558630+05:30,EXPERIMENTAL_IMPULSE_BREAKOUT,NIFTY,NO_BREAKOUT,,,False,24243.6,24223.6,24234.75,3.717857142856571,2.788392857142428,,,,,40,35.55863,,,Latest close did not break the prior rolling range,False,False,True,False
2026-08-21T15:22:35.558630+05:30,EXPERIMENTAL_IMPULSE_BREAKOUT,BANKNIFTY,NO_BREAKOUT,,,False,57678.8,57619.95,57647.65,11.867857142857247,8.900892857142935,,,,,40,35.55863,,,Latest close did not break the prior rolling range,False,False,True,False
2026-08-21T15:22:35.558630+05:30,EXPERIMENTAL_IMPULSE_BREAKOUT,FINNIFTY,NO_BREAKOUT,,,False,26259.9,26221.85,26235.15,5.196428571428571,3.8973214285714284,,,,,40,35.55863,,,Latest close did not break the prior rolling range,False,False,True,False
2026-08-21T15:22:35.558630+05:30,EXPERIMENTAL_IMPULSE_BREAKOUT,MIDCPNIFTY,NO_BREAKOUT,,,False,14865.7,14844.5,14844.9,3.232142857142987,2.42410714285724,,,,,40,35.55863,,,Latest close did not break the prior rolling range,False,False,True,False
2026-08-21T15:22:35.558630+05:30,EXPERIMENTAL_IMPULSE_BREAKOUT,ADANIENT,NO_BREAKOUT,,,False,2999.7,2986.1,2997.0,1.8214285714286038,1.3660714285714528,,,,,40,35.55863,,,Latest close did not break the prior rolling range,False,False,True,False
2026-08-21T15:22:35.558630+05:30,EXPERIMENTAL_IMPULSE_BREAKOUT,ITC,NO_BREAKOUT,,,False,269.6,269.0,269.55,0.10357142857143588,0.07767857142857691,,,,,40,35.55863,,,Latest close did not break the prior rolling range,False,False,True,False
2026-08-21T15:22:35.558630+05:30,EXPERIMENTAL_IMPULSE_BREAKOUT,JIOFIN,NO_BREAKOUT,,,False,244.0,243.5,243.7,0.11428571428571795,0.08571428571428846,,,,,40,35.55863,,,Latest close did not break the prior rolling range,False,False,True,False
2026-08-21T15:22:53.090343+05:30,EXPERIMENTAL_IMPULSE_BREAKOUT,NIFTY,NO_BREAKOUT,,,False,24243.6,24223.6,24234.75,3.717857142856571,2.788392857142428,,,,,40,53.090343,,,Latest close did not break the prior rolling range,False,False,True,False
2026-08-21T15:22:53.090343+05:30,EXPERIMENTAL_IMPULSE_BREAKOUT,BANKNIFTY,NO_BREAKOUT,,,False,57678.8,57619.95,57647.65,11.867857142857247,8.900892857142935,,,,,40,53.090343,,,Latest close did not break the prior rolling range,False,False,True,False
2026-08-21T15:22:53.090343+05:30,EXPERIMENTAL_IMPULSE_BREAKOUT,FINNIFTY,NO_BREAKOUT,,,False,26259.9,26221.85,26235.15,5.196428571428571,3.8973214285714284,,,,,40,53.090343,,,Latest close did not break the prior rolling range,False,False,True,False
2026-08-21T15:22:53.090343+05:30,EXPERIMENTAL_IMPULSE_BREAKOUT,MIDCPNIFTY,NO_BREAKOUT,,,False,14865.7,14844.5,14844.9,3.232142857142987,2.42410714285724,,,,,40,53.090343,,,Latest close did not break the prior rolling range,False,False,True,False
2026-08-21T15:22:53.090343+05:30,EXPERIMENTAL_IMPULSE_BREAKOUT,ADANIENT,NO_BREAKOUT,,,False,2999.7,2986.1,2997.0,1.8214285714286038,1.3660714285714528,,,,,40,53.090343,,,Latest close did not break the prior rolling range,False,False,True,False
2026-08-21T15:22:53.090343+05:30,EXPERIMENTAL_IMPULSE_BREAKOUT,ITC,NO_BREAKOUT,,,False,269.6,269.0,269.55,0.10357142857143588,0.07767857142857691,,,,,40,53.090343,,,Latest close did not break the prior rolling range,False,False,True,False
2026-08-21T15:22:53.090343+05:30,EXPERIMENTAL_IMPULSE_BREAKOUT,JIOFIN,NO_BREAKOUT,,,False,244.0,243.5,243.7,0.11428571428571795,0.08571428571428846,,,,,40,53.090343,,,Latest close did not break the prior rolling range,False,False,True,False
2026-08-21T15:22:53.090343+05:30,EXPERIMENTAL_IMPULSE_BREAKOUT,TITAN,NO_BREAKOUT,,,False,5084.0,5067.0,5079.9,2.164285714285662,1.6232142857142466,,,,,40,0.0,,,Latest close did not break the prior rolling range,False,False,True,False
2026-08-21T15:22:53.090343+05:30,EXPERIMENTAL_IMPULSE_BREAKOUT,FOCIT,NO_BREAKOUT,,,False,37085.28,37009.57,37030.41,9.852857142858868,7.3896428571441515,,,,,40,0.0,,,Latest close did not break the prior rolling range,False,False,True,False
2026-08-21T15:22:53.090343+05:30,EXPERIMENTAL_IMPULSE_BREAKOUT,NIFTYNXT50,NO_BREAKOUT,,,False,73885.95,73803.95,73826.9,12.742857142855687,9.557142857141766,,,,,40,0.0,,,Latest close did not break the prior rolling range,False,False,True,False
2026-08-21T15:22:53.090343+05:30,EXPERIMENTAL_IMPULSE_BREAKOUT,CIPLA,NO_BREAKOUT,,,False,1426.5,1421.6,1426.5,0.8000000000000033,0.6000000000000024,,,,,40,0.0,,,Latest close did not break the prior rolling range,False,False,True,False
2026-08-21T15:22:53.090343+05:30,EXPERIMENTAL_IMPULSE_BREAKOUT,GRASIM,NO_BREAKOUT,,,False,3343.1,3285.5,3338.0,8.885714285714325,6.664285714285744,,,,,40,53.090343,,,Latest close did not break the prior rolling range,False,False,True,False
2026-08-21T15:23:19.945810+05:30,EXPERIMENTAL_IMPULSE_BREAKOUT,NIFTY,NO_BREAKOUT,,,False,24243.6,24223.6,24234.75,3.717857142856571,2.788392857142428,,,,,40,79.94581,,,Latest close did not break the prior rolling range,False,False,True,False
2026-08-21T15:23:19.945810+05:30,EXPERIMENTAL_IMPULSE_BREAKOUT,ONGC,NO_BREAKOUT,,,False,236.65,236.42,236.65,0.043571428571425486,0.032678571428569114,,,,,40,19.94581,,,Latest close did not break the prior rolling range,False,False,True,False
2026-08-21T15:23:29.691401+05:30,EXPERIMENTAL_IMPULSE_BREAKOUT,MIDCPNIFTY,NO_BREAKOUT,,,False,14863.85,14844.5,14844.9,2.932142857142935,2.1991071428572013,,,,,40,29.691401,,,Latest close did not break the prior rolling range,False,False,True,False
2026-08-21T15:23:29.691401+05:30,EXPERIMENTAL_IMPULSE_BREAKOUT,HCLTECH,NO_BREAKOUT,,,False,1308.1,1302.7,1306.0,0.9357142857142955,0.7017857142857216,,,,,40,29.691401,,,Latest close did not break the prior rolling range,False,False,True,False
2026-08-21T15:23:29.691401+05:30,EXPERIMENTAL_IMPULSE_BREAKOUT,HDFCBANK,NO_BREAKOUT,,,False,731.0,728.45,729.0,0.3464285714285649,0.2598214285714237,,,,,40,29.691401,,,Latest close did not break the prior rolling range,False,False,True,False
2026-08-21T15:23:29.691401+05:30,EXPERIMENTAL_IMPULSE_BREAKOUT,HDFCLIFE,BLOCKED_STALE_HISTORY,,,False,,,553.0,,,,,,,40,329.691401,,,Latest history bar is 329.7s old,False,False,True,False
2026-08-21T15:23:41.476389+05:30,EXPERIMENTAL_IMPULSE_BREAKOUT,NIFTY,NO_BREAKOUT,,,False,24243.45,24223.6,24234.75,3.457142857142441,2.5928571428568308,,,,,40,41.476389,,,Latest close did not break the prior rolling range,False,False,True,False
2026-08-21T15:23:41.476389+05:30,EXPERIMENTAL_IMPULSE_BREAKOUT,BANKNIFTY,NO_BREAKOUT,,,False,57676.3,57619.95,57647.65,10.65714285714317,7.9928571428573765,,,,,40,41.476389,,,Latest close did not break the prior rolling range,False,False,True,False
2026-08-21T15:23:41.476389+05:30,EXPERIMENTAL_IMPULSE_BREAKOUT,FINNIFTY,NO_BREAKOUT,,,False,26258.25,26221.85,26235.15,4.728571428571221,3.5464285714284154,,,,,40,41.476389,,,Latest close did not break the prior rolling range,False,False,True,False
2026-08-21T15:23:41.476389+05:30,EXPERIMENTAL_IMPULSE_BREAKOUT,MIDCPNIFTY,NO_BREAKOUT,,,False,14863.85,14844.5,14844.9,2.932142857142935,2.1991071428572013,,,,,40,41.476389,,,Latest close did not break the prior rolling range,False,False,True,False
2026-08-21T15:23:41.476389+05:30,EXPERIMENTAL_IMPULSE_BREAKOUT,HCLTECH,NO_BREAKOUT,,,False,1308.1,1302.7,1306.0,0.9357142857142955,0.7017857142857216,,,,,40,41.476389,,,Latest close did not break the prior rolling range,False,False,True,False
2026-08-21T15:23:41.476389+05:30,EXPERIMENTAL_IMPULSE_BREAKOUT,HDFCBANK,NO_BREAKOUT,,,False,731.0,728.45,729.0,0.3464285714285649,0.2598214285714237,,,,,40,41.476389,,,Latest close did not break the prior rolling range,False,False,True,False
2026-08-21T15:23:41.476389+05:30,EXPERIMENTAL_IMPULSE_BREAKOUT,HDFCLIFE,NO_BREAKOUT,,,False,553.7,552.0,553.0,0.2035714285714302,0.15267857142857266,,,,,40,41.476389,,,Latest close did not break the prior rolling range,False,False,True,False
2026-08-21T15:23:41.476389+05:30,EXPERIMENTAL_IMPULSE_BREAKOUT,MAXHEALTH,BLOCKED_STALE_HISTORY,,,False,,,995.5,,,,,,,40,341.476389,,,Latest history bar is 341.5s old,False,False,True,False
2026-08-21T15:24:02.380435+05:30,EXPERIMENTAL_IMPULSE_BREAKOUT,NIFTY,NO_BREAKOUT,,,False,24243.45,24223.6,24234.75,3.457142857142441,2.5928571428568308,,,,,40,62.380435,,,Latest close did not break the prior rolling range,False,False,True,False
2026-08-21T15:24:02.380435+05:30,EXPERIMENTAL_IMPULSE_BREAKOUT,BANKNIFTY,NO_BREAKOUT,,,False,57676.3,57619.95,57647.65,10.65714285714317,7.9928571428573765,,,,,40,62.380435,,,Latest close did not break the prior rolling range,False,False,True,False
2026-08-21T15:24:02.380435+05:30,EXPERIMENTAL_IMPULSE_BREAKOUT,FINNIFTY,NO_BREAKOUT,,,False,26258.25,26221.85,26235.15,4.728571428571221,3.5464285714284154,,,,,40,62.380435,,,Latest close did not break the prior rolling range,False,False,True,False
2026-08-21T15:24:02.380435+05:30,EXPERIMENTAL_IMPULSE_BREAKOUT,MIDCPNIFTY,NO_BREAKOUT,,,False,14863.85,14844.5,14844.9,2.932142857142935,2.1991071428572013,,,,,40,62.380435,,,Latest close did not break the prior rolling range,False,False,True,False
2026-08-21T15:24:02.380435+05:30,EXPERIMENTAL_IMPULSE_BREAKOUT,HCLTECH,NO_BREAKOUT,,,False,1308.1,1302.7,1306.0,0.9357142857142955,0.7017857142857216,,,,,40,62.380435,,,Latest close did not break the prior rolling range,False,False,True,False
2026-08-21T15:24:02.380435+05:30,EXPERIMENTAL_IMPULSE_BREAKOUT,HDFCBANK,NO_BREAKOUT,,,False,731.0,728.45,729.0,0.3464285714285649,0.2598214285714237,,,,,40,62.380435,,,Latest close did not break the prior rolling range,False,False,True,False
2026-08-21T15:24:02.380435+05:30,EXPERIMENTAL_IMPULSE_BREAKOUT,HDFCLIFE,NO_BREAKOUT,,,False,553.7,552.0,553.0,0.2035714285714302,0.15267857142857266,,,,,40,62.380435,,,Latest close did not break the prior rolling range,False,False,True,False
2026-08-21T15:24:02.380435+05:30,EXPERIMENTAL_IMPULSE_BREAKOUT,MAXHEALTH,NO_BREAKOUT,,,False,1000.0,995.0,995.5,0.5500000000000033,0.4125000000000024,,,,,40,2.380435,,,Latest close did not break the prior rolling range,False,False,True,False
2026-08-21T15:24:22.778843+05:30,EXPERIMENTAL_IMPULSE_BREAKOUT,NIFTY,NO_BREAKOUT,,,False,24243.45,24223.6,24234.75,3.457142857142441,2.5928571428568308,,,,,40,82.778843,,,Latest close did not break the prior rolling range,False,False,True,False
2026-08-21T15:24:22.778843+05:30,EXPERIMENTAL_IMPULSE_BREAKOUT,BANKNIFTY,NO_BREAKOUT,,,False,57676.3,57619.95,57647.65,10.65714285714317,7.9928571428573765,,,,,40,82.778843,,,Latest close did not break the prior rolling range,False,False,True,False
2026-08-21T15:24:22.778843+05:30,EXPERIMENTAL_IMPULSE_BREAKOUT,FINNIFTY,NO_BREAKOUT,,,False,26258.25,26221.85,26235.15,4.728571428571221,3.5464285714284154,,,,,40,82.778843,,,Latest close did not break the prior rolling range,False,False,True,False
2026-08-21T15:24:22.778843+05:30,EXPERIMENTAL_IMPULSE_BREAKOUT,MIDCPNIFTY,NO_BREAKOUT,,,False,14863.85,14844.5,14844.9,2.932142857142935,2.1991071428572013,,,,,40,82.778843,,,Latest close did not break the prior rolling range,False,False,True,False
2026-08-21T15:24:22.778843+05:30,EXPERIMENTAL_IMPULSE_BREAKOUT,SBIN,NO_BREAKOUT,,,False,1043.9,1040.1,1041.0,0.17142857142857792,0.12857142857143344,,,,,40,22.778843,,,Latest close did not break the prior rolling range,False,False,True,False
2026-08-21T15:24:22.778843+05:30,EXPERIMENTAL_IMPULSE_BREAKOUT,SUNPHARMA,NO_BREAKOUT,,,False,1910.0,1895.0,1895.0,2.0142857142857014,1.510714285714276,,,,,40,22.778843,,,Latest close did not break the prior rolling range,False,False,True,False
2026-08-21T15:24:22.778843+05:30,EXPERIMENTAL_IMPULSE_BREAKOUT,TATACONSUM,NO_BREAKOUT,,,False,1049.0,1045.5,1048.9,0.5142857142857338,0.38571428571430033,,,,,40,22.778843,,,Latest close did not break the prior rolling range,False,False,True,False
2026-08-21T15:24:22.778843+05:30,EXPERIMENTAL_IMPULSE_BREAKOUT,INFY,NO_BREAKOUT,,,False,1120.6,1118.0,1119.0,0.17857142857141234,0.13392857142855924,,,,,40,22.778843,,,Latest close did not break the prior rolling range,False,False,True,False
2026-08-21T15:24:22.778843+05:30,EXPERIMENTAL_IMPULSE_BREAKOUT,INDIGO,NO_BREAKOUT,,,False,5116.0,5087.0,5087.0,3.4642857142857144,2.5982142857142856,,,,,40,22.778843,,,Latest close did not break the prior rolling range,False,False,True,False
2026-08-21T15:24:22.778843+05:30,EXPERIMENTAL_IMPULSE_BREAKOUT,HINDALCO,NO_BREAKOUT,,,False,1037.25,1033.65,1036.0,0.46071428571428896,0.3455357142857167,,,,,40,22.778843,,,Latest close did not break the prior rolling range,False,False,True,False
2026-08-21T15:24:22.778843+05:30,EXPERIMENTAL_IMPULSE_BREAKOUT,HINDUNILVR,NO_BREAKOUT,,,False,2025.7,2015.7,2016.1,0.8571428571428571,0.6428571428571428,,,,,40,22.778843,,,Latest close did not break the prior rolling range,False,False,True,False
2026-08-21T15:24:22.778843+05:30,EXPERIMENTAL_IMPULSE_BREAKOUT,ICICIBANK,NO_BREAKOUT,,,False,1419.0,1417.5,1418.0,0.36428571428572404,0.273214285714293,,,,,40,22.778843,,,Latest close did not break the prior rolling range,False,False,True,False
2026-08-21T15:24:53.314417+05:30,EXPERIMENTAL_IMPULSE_BREAKOUT,SUNPHARMA,NO_BREAKOUT,,,False,1910.0,1895.0,1895.0,2.0142857142857014,1.510714285714276,,,,,40,53.314417,,,Latest close did not break the prior rolling range,False,False,True,False
2026-08-21T15:24:53.314417+05:30,EXPERIMENTAL_IMPULSE_BREAKOUT,TATACONSUM,NO_BREAKOUT,,,False,1049.0,1045.5,1048.9,0.5142857142857338,0.38571428571430033,,,,,40,53.314417,,,Latest close did not break the prior rolling range,False,False,True,False
2026-08-21T15:24:53.314417+05:30,EXPERIMENTAL_IMPULSE_BREAKOUT,INFY,NO_BREAKOUT,,,False,1120.6,1118.0,1119.0,0.17857142857141234,0.13392857142855924,,,,,40,53.314417,,,Latest close did not break the prior rolling range,False,False,True,False
2026-08-21T15:24:53.314417+05:30,EXPERIMENTAL_IMPULSE_BREAKOUT,INDIGO,NO_BREAKOUT,,,False,5116.0,5087.0,5087.0,3.4642857142857144,2.5982142857142856,,,,,40,53.314417,,,Latest close did not break the prior rolling range,False,False,True,False
2026-08-21T15:24:53.314417+05:30,EXPERIMENTAL_IMPULSE_BREAKOUT,HINDALCO,NO_BREAKOUT,,,False,1037.25,1033.65,1036.0,0.46071428571428896,0.3455357142857167,,,,,40,53.314417,,,Latest close did not break the prior rolling range,False,False,True,False
2026-08-21T15:24:53.314417+05:30,EXPERIMENTAL_IMPULSE_BREAKOUT,HINDUNILVR,NO_BREAKOUT,,,False,2025.7,2015.7,2016.1,0.8571428571428571,0.6428571428571428,,,,,40,53.314417,,,Latest close did not break the prior rolling range,False,False,True,False
2026-08-21T15:24:53.314417+05:30,EXPERIMENTAL_IMPULSE_BREAKOUT,ICICIBANK,NO_BREAKOUT,,,False,1419.0,1417.5,1418.0,0.36428571428572404,0.273214285714293,,,,,40,53.314417,,,Latest close did not break the prior rolling range,False,False,True,False
2026-08-21T15:25:10.527547+05:30,EXPERIMENTAL_IMPULSE_BREAKOUT,NIFTY,NO_BREAKOUT,,,False,24243.45,24223.6,24234.75,2.532142857142649,1.899107142856987,,,,,40,10.527547,,,Latest close did not break the prior rolling range,False,False,True,False
2026-08-21T15:25:10.527547+05:30,EXPERIMENTAL_IMPULSE_BREAKOUT,BANKNIFTY,NO_BREAKOUT,,,False,57676.3,57619.95,57647.65,7.985714285714494,5.98928571428587,,,,,40,10.527547,,,Latest close did not break the prior rolling range,False,False,True,False
2026-08-21T15:25:10.527547+05:30,EXPERIMENTAL_IMPULSE_BREAKOUT,FINNIFTY,NO_BREAKOUT,,,False,26256.85,26221.85,26235.15,3.5821428571427014,2.686607142857026,,,,,40,10.527547,,,Latest close did not break the prior rolling range,False,False,True,False
2026-08-21T15:25:10.527547+05:30,EXPERIMENTAL_IMPULSE_BREAKOUT,MIDCPNIFTY,NO_BREAKOUT,,,False,14863.05,14844.5,14844.9,2.242857142857377,1.6821428571430328,,,,,40,10.527547,,,Latest close did not break the prior rolling range,False,False,True,False
2026-08-21T15:25:10.527547+05:30,EXPERIMENTAL_IMPULSE_BREAKOUT,SBIN,NO_BREAKOUT,,,False,1043.9,1040.1,1041.0,0.17142857142857792,0.12857142857143344,,,,,40,70.527547,,,Latest close did not break the prior rolling range,False,False,True,False
2026-08-21T15:25:10.527547+05:30,EXPERIMENTAL_IMPULSE_BREAKOUT,SUNPHARMA,NO_BREAKOUT,,,False,1910.0,1895.0,1895.0,2.0142857142857014,1.510714285714276,,,,,40,70.527547,,,Latest close did not break the prior rolling range,False,False,True,False
2026-08-21T15:25:10.527547+05:30,EXPERIMENTAL_IMPULSE_BREAKOUT,TATACONSUM,NO_BREAKOUT,,,False,1049.0,1045.5,1048.9,0.5142857142857338,0.38571428571430033,,,,,40,70.527547,,,Latest close did not break the prior rolling range,False,False,True,False
2026-08-21T15:25:10.527547+05:30,EXPERIMENTAL_IMPULSE_BREAKOUT,INFY,NO_BREAKOUT,,,False,1120.6,1118.0,1119.0,0.17857142857141234,0.13392857142855924,,,,,40,70.527547,,,Latest close did not break the prior rolling range,False,False,True,False
2026-08-21T15:25:10.527547+05:30,EXPERIMENTAL_IMPULSE_BREAKOUT,INDIGO,NO_BREAKOUT,,,False,5116.0,5087.0,5087.0,3.4642857142857144,2.5982142857142856,,,,,40,70.527547,,,Latest close did not break the prior rolling range,False,False,True,False
2026-08-21T15:25:10.527547+05:30,EXPERIMENTAL_IMPULSE_BREAKOUT,HINDALCO,NO_BREAKOUT,,,False,1037.25,1033.65,1036.0,0.46071428571428896,0.3455357142857167,,,,,40,70.527547,,,Latest close did not break the prior rolling range,False,False,True,False
2026-08-21T15:25:10.527547+05:30,EXPERIMENTAL_IMPULSE_BREAKOUT,HINDUNILVR,NO_BREAKOUT,,,False,2025.7,2015.7,2016.1,0.8571428571428571,0.6428571428571428,,,,,40,70.527547,,,Latest close did not break the prior rolling range,False,False,True,False
2026-08-21T15:25:10.527547+05:30,EXPERIMENTAL_IMPULSE_BREAKOUT,ICICIBANK,NO_BREAKOUT,,,False,1419.0,1417.5,1418.0,0.36428571428572404,0.273214285714293,,,,,40,70.527547,,,Latest close did not break the prior rolling range,False,False,True,False
2026-08-21T15:25:38.096482+05:30,EXPERIMENTAL_IMPULSE_BREAKOUT,NIFTY,NO_BREAKOUT,,,False,24243.45,24223.6,24234.75,2.532142857142649,1.899107142856987,,,,,40,38.096482,,,Latest close did not break the prior rolling range,False,False,True,False
2026-08-21T15:25:38.096482+05:30,EXPERIMENTAL_IMPULSE_BREAKOUT,BANKNIFTY,NO_BREAKOUT,,,False,57676.3,57619.95,57647.65,7.985714285714494,5.98928571428587,,,,,40,38.096482,,,Latest close did not break the prior rolling range,False,False,True,False
2026-08-21T15:25:38.096482+05:30,EXPERIMENTAL_IMPULSE_BREAKOUT,FINNIFTY,NO_BREAKOUT,,,False,26256.85,26221.85,26235.15,3.5821428571427014,2.686607142857026,,,,,40,38.096482,,,Latest close did not break the prior rolling range,False,False,True,False
2026-08-21T15:25:38.096482+05:30,EXPERIMENTAL_IMPULSE_BREAKOUT,MIDCPNIFTY,NO_BREAKOUT,,,False,14863.05,14844.5,14844.9,2.242857142857377,1.6821428571430328,,,,,40,38.096482,,,Latest close did not break the prior rolling range,False,False,True,False
2026-08-21T15:25:38.096482+05:30,EXPERIMENTAL_IMPULSE_BREAKOUT,JIOFIN,NO_BREAKOUT,,,False,244.0,243.5,243.7,0.08928571428571631,0.06696428571428724,,,,,40,38.096482,,,Latest close did not break the prior rolling range,False,False,True,False
2026-08-21T15:25:38.096482+05:30,EXPERIMENTAL_IMPULSE_BREAKOUT,TITAN,NO_BREAKOUT,,,False,5083.8,5067.0,5079.9,1.7357142857142338,1.3017857142856752,,,,,40,38.096482,,,Latest close did not break the prior rolling range,False,False,True,False
2026-08-21T15:25:38.096482+05:30,EXPERIMENTAL_IMPULSE_BREAKOUT,FOCIT,NO_BREAKOUT,,,False,37077.13,37009.57,37030.48,7.860000000002141,5.895000000001605,,,,,40,38.096482,,,Latest close did not break the prior rolling range,False,False,True,False
2026-08-21T15:25:38.096482+05:30,EXPERIMENTAL_IMPULSE_BREAKOUT,NIFTYNXT50,NO_BREAKOUT,,,False,73875.1,73803.95,73822.9,11.782142857142649,8.836607142856987,,,,,40,38.096482,,,Latest close did not break the prior rolling range,False,False,True,False
2026-08-21T15:25:38.096482+05:30,EXPERIMENTAL_IMPULSE_BREAKOUT,ADANIENT,NO_BREAKOUT,,,False,2998.0,2986.1,2997.0,1.2857142857143182,0.9642857142857386,,,,,40,38.096482,,,Latest close did not break the prior rolling range,False,False,True,False
2026-08-21T15:25:38.096482+05:30,EXPERIMENTAL_IMPULSE_BREAKOUT,CIPLA,NO_BREAKOUT,,,False,1426.5,1421.6,1426.5,0.6857142857142792,0.5142857142857093,,,,,40,38.096482,,,Latest close did not break the prior rolling range,False,False,True,False
2026-08-21T15:25:38.096482+05:30,EXPERIMENTAL_IMPULSE_BREAKOUT,GRASIM,NO_BREAKOUT,,,False,3343.1,3285.5,3338.0,6.0,4.5,,,,,40,38.096482,,,Latest close did not break the prior rolling range,False,False,True,False
2026-08-21T15:25:38.096482+05:30,EXPERIMENTAL_IMPULSE_BREAKOUT,ITC,NO_BREAKOUT,,,False,269.6,269.0,269.55,0.08214285714285958,0.06160714285714469,,,,,40,0.0,,,Latest close did not break the prior rolling range,False,False,True,False
2026-08-21T15:26:07.385802+05:30,EXPERIMENTAL_IMPULSE_BREAKOUT,NIFTY,NO_BREAKOUT,,,False,24243.45,24223.6,24234.75,2.532142857142649,1.899107142856987,,,,,40,67.385802,,,Latest close did not break the prior rolling range,False,False,True,False
2026-08-21T15:26:07.385802+05:30,EXPERIMENTAL_IMPULSE_BREAKOUT,BANKNIFTY,NO_BREAKOUT,,,False,57676.3,57619.95,57647.65,7.985714285714494,5.98928571428587,,,,,40,67.385802,,,Latest close did not break the prior rolling range,False,False,True,False
2026-08-21T15:26:07.385802+05:30,EXPERIMENTAL_IMPULSE_BREAKOUT,FINNIFTY,NO_BREAKOUT,,,False,26256.85,26221.85,26235.15,3.5821428571427014,2.686607142857026,,,,,40,67.385802,,,Latest close did not break the prior rolling range,False,False,True,False
2026-08-21T15:26:07.385802+05:30,EXPERIMENTAL_IMPULSE_BREAKOUT,MIDCPNIFTY,NO_BREAKOUT,,,False,14863.05,14844.5,14844.9,2.242857142857377,1.6821428571430328,,,,,40,67.385802,,,Latest close did not break the prior rolling range,False,False,True,False
2026-08-21T15:26:07.385802+05:30,EXPERIMENTAL_IMPULSE_BREAKOUT,JIOFIN,NO_BREAKOUT,,,False,244.0,243.5,243.7,0.08928571428571631,0.06696428571428724,,,,,40,67.385802,,,Latest close did not break the prior rolling range,False,False,True,False
2026-08-21T15:26:07.385802+05:30,EXPERIMENTAL_IMPULSE_BREAKOUT,TITAN,NO_BREAKOUT,,,False,5083.8,5067.0,5079.9,1.7357142857142338,1.3017857142856752,,,,,40,67.385802,,,Latest close did not break the prior rolling range,False,False,True,False
2026-08-21T15:26:07.385802+05:30,EXPERIMENTAL_IMPULSE_BREAKOUT,FOCIT,NO_BREAKOUT,,,False,37077.13,37009.57,37030.48,7.860000000002141,5.895000000001605,,,,,40,67.385802,,,Latest close did not break the prior rolling range,False,False,True,False
2026-08-21T15:26:07.385802+05:30,EXPERIMENTAL_IMPULSE_BREAKOUT,NIFTYNXT50,NO_BREAKOUT,,,False,73875.1,73803.95,73822.9,11.782142857142649,8.836607142856987,,,,,40,67.385802,,,Latest close did not break the prior rolling range,False,False,True,False
2026-08-21T15:26:07.385802+05:30,EXPERIMENTAL_IMPULSE_BREAKOUT,ADANIENT,NO_BREAKOUT,,,False,2998.0,2986.1,2997.0,1.2857142857143182,0.9642857142857386,,,,,40,67.385802,,,Latest close did not break the prior rolling range,False,False,True,False
2026-08-21T15:26:07.385802+05:30,EXPERIMENTAL_IMPULSE_BREAKOUT,CIPLA,NO_BREAKOUT,,,False,1426.5,1421.6,1426.5,0.6857142857142792,0.5142857142857093,,,,,40,67.385802,,,Latest close did not break the prior rolling range,False,False,True,False
2026-08-21T15:26:07.385802+05:30,EXPERIMENTAL_IMPULSE_BREAKOUT,GRASIM,NO_BREAKOUT,,,False,3343.1,3285.5,3338.0,6.0,4.5,,,,,40,67.385802,,,Latest close did not break the prior rolling range,False,False,True,False
2026-08-21T15:26:07.385802+05:30,EXPERIMENTAL_IMPULSE_BREAKOUT,ITC,NO_BREAKOUT,,,False,269.6,269.0,269.55,0.08214285714285958,0.06160714285714469,,,,,40,7.385802,,,Latest close did not break the prior rolling range,False,False,True,False
2026-08-21T15:26:32.920917+05:30,EXPERIMENTAL_IMPULSE_BREAKOUT,NIFTY,NO_BREAKOUT,,,False,24243.45,24223.6,24234.75,2.074999999999948,1.5562499999999613,,,,,40,32.920917,,,Latest close did not break the prior rolling range,False,False,True,False
2026-08-21T15:26:32.920917+05:30,EXPERIMENTAL_IMPULSE_BREAKOUT,BANKNIFTY,NO_BREAKOUT,,,False,57676.3,57619.95,57647.65,6.578571428571324,4.933928571428494,,,,,40,32.920917,,,Latest close did not break the prior rolling range,False,False,True,False
2026-08-21T15:26:32.920917+05:30,EXPERIMENTAL_IMPULSE_BREAKOUT,FINNIFTY,NO_BREAKOUT,,,False,26256.85,26221.85,26235.15,3.057142857142805,2.2928571428571036,,,,,40,32.920917,,,Latest close did not break the prior rolling range,False,False,True,False
2026-08-21T15:26:44.058797+05:30,EXPERIMENTAL_IMPULSE_BREAKOUT,NIFTY,NO_BREAKOUT,,,False,24243.45,24223.6,24234.75,2.074999999999948,1.5562499999999613,,,,,40,44.058797,,,Latest close did not break the prior rolling range,False,False,True,False
2026-08-21T15:26:44.058797+05:30,EXPERIMENTAL_IMPULSE_BREAKOUT,BANKNIFTY,NO_BREAKOUT,,,False,57676.3,57619.95,57647.65,6.578571428571324,4.933928571428494,,,,,40,44.058797,,,Latest close did not break the prior rolling range,False,False,True,False
2026-08-21T15:26:44.058797+05:30,EXPERIMENTAL_IMPULSE_BREAKOUT,FINNIFTY,NO_BREAKOUT,,,False,26256.85,26221.85,26235.15,3.057142857142805,2.2928571428571036,,,,,40,44.058797,,,Latest close did not break the prior rolling range,False,False,True,False
2026-08-21T15:26:44.058797+05:30,EXPERIMENTAL_IMPULSE_BREAKOUT,MIDCPNIFTY,NO_BREAKOUT,,,False,14863.05,14844.5,14844.9,2.0857142857144675,1.5642857142858506,,,,,40,44.058797,,,Latest close did not break the prior rolling range,False,False,True,False
2026-08-21T15:26:44.058797+05:30,EXPERIMENTAL_IMPULSE_BREAKOUT,TMPV,NO_BREAKOUT,,,False,317.7,316.9,317.3,0.07499999999999675,0.056249999999997566,,,,,40,44.058797,,,Latest close did not break the prior rolling range,False,False,True,False
2026-08-21T15:26:44.058797+05:30,EXPERIMENTAL_IMPULSE_BREAKOUT,TATASTEEL,NO_BREAKOUT,,,False,182.7,182.0,182.5,0.07142857142857142,0.05357142857142857,,,,,40,44.058797,,,Latest close did not break the prior rolling range,False,False,True,False
2026-08-21T15:26:44.058797+05:30,EXPERIMENTAL_IMPULSE_BREAKOUT,TECHM,NO_BREAKOUT,,,False,1580.0,1576.5,1577.0,0.34999999999999026,0.2624999999999927,,,,,40,44.058797,,,Latest close did not break the prior rolling range,False,False,True,False
2026-08-21T15:26:44.058797+05:30,EXPERIMENTAL_IMPULSE_BREAKOUT,TRENT,NO_BREAKOUT,,,False,2926.4,2914.0,2919.4,0.450000000000013,0.33750000000000974,,,,,40,0.0,,,Latest close did not break the prior rolling range,False,False,True,False
2026-08-21T15:26:44.058797+05:30,EXPERIMENTAL_IMPULSE_BREAKOUT,ULTRACEMCO,NO_BREAKOUT,,,False,11575.0,11540.0,11555.0,1.8571428571428572,1.3928571428571428,,,,,40,0.0,,,Latest close did not break the prior rolling range,False,False,True,False
2026-08-21T15:26:44.058797+05:30,EXPERIMENTAL_IMPULSE_BREAKOUT,WIPRO,NO_BREAKOUT,,,False,180.49,180.0,180.07,0.028571428571426947,0.02142857142857021,,,,,40,0.0,,,Latest close did not break the prior rolling range,False,False,True,False
2026-08-21T15:26:44.058797+05:30,EXPERIMENTAL_IMPULSE_BREAKOUT,SENSEX,NO_BREAKOUT,,,False,77556.1,77478.27,77522.47,5.395714285714868,4.046785714286151,,,,,40,0.0,,,Latest close did not break the prior rolling range,False,False,True,False
2026-08-21T15:27:16.360934+05:30,EXPERIMENTAL_IMPULSE_BREAKOUT,NIFTY,NO_BREAKOUT,,,False,24243.45,24223.6,24234.75,2.074999999999948,1.5562499999999613,,,,,40,76.360934,,,Latest close did not break the prior rolling range,False,False,True,False
2026-08-21T15:27:16.360934+05:30,EXPERIMENTAL_IMPULSE_BREAKOUT,BANKNIFTY,NO_BREAKOUT,,,False,57676.3,57619.95,57647.65,6.578571428571324,4.933928571428494,,,,,40,76.360934,,,Latest close did not break the prior rolling range,False,False,True,False
2026-08-21T15:27:16.360934+05:30,EXPERIMENTAL_IMPULSE_BREAKOUT,FINNIFTY,NO_BREAKOUT,,,False,26256.85,26221.85,26235.15,3.057142857142805,2.2928571428571036,,,,,40,76.360934,,,Latest close did not break the prior rolling range,False,False,True,False
2026-08-21T15:27:16.360934+05:30,EXPERIMENTAL_IMPULSE_BREAKOUT,MIDCPNIFTY,NO_BREAKOUT,,,False,14863.05,14844.5,14844.9,2.0857142857144675,1.5642857142858506,,,,,40,76.360934,,,Latest close did not break the prior rolling range,False,False,True,False
2026-08-21T15:27:16.360934+05:30,EXPERIMENTAL_IMPULSE_BREAKOUT,POWERGRID,NO_BREAKOUT,,,False,272.75,271.75,272.4,0.06071428571428328,0.04553571428571246,,,,,40,16.360934,,,Latest close did not break the prior rolling range,False,False,True,False
2026-08-21T15:27:16.360934+05:30,EXPERIMENTAL_IMPULSE_BREAKOUT,TMPV,NO_BREAKOUT,,,False,317.7,316.9,317.3,0.07499999999999675,0.056249999999997566,,,,,40,76.360934,,,Latest close did not break the prior rolling range,False,False,True,False
2026-08-21T15:27:16.360934+05:30,EXPERIMENTAL_IMPULSE_BREAKOUT,TATASTEEL,NO_BREAKOUT,,,False,182.7,182.0,182.5,0.07142857142857142,0.05357142857142857,,,,,40,76.360934,,,Latest close did not break the prior rolling range,False,False,True,False
2026-08-21T15:27:16.360934+05:30,EXPERIMENTAL_IMPULSE_BREAKOUT,TECHM,NO_BREAKOUT,,,False,1580.0,1576.5,1577.0,0.34999999999999026,0.2624999999999927,,,,,40,76.360934,,,Latest close did not break the prior rolling range,False,False,True,False
2026-08-21T15:27:16.360934+05:30,EXPERIMENTAL_IMPULSE_BREAKOUT,TRENT,NO_BREAKOUT,,,False,2926.4,2914.0,2919.4,0.450000000000013,0.33750000000000974,,,,,40,16.360934,,,Latest close did not break the prior rolling range,False,False,True,False
2026-08-21T15:27:16.360934+05:30,EXPERIMENTAL_IMPULSE_BREAKOUT,ULTRACEMCO,NO_BREAKOUT,,,False,11575.0,11540.0,11555.0,1.8571428571428572,1.3928571428571428,,,,,40,16.360934,,,Latest close did not break the prior rolling range,False,False,True,False
2026-08-21T15:27:16.360934+05:30,EXPERIMENTAL_IMPULSE_BREAKOUT,WIPRO,NO_BREAKOUT,,,False,180.49,180.0,180.07,0.028571428571426947,0.02142857142857021,,,,,40,16.360934,,,Latest close did not break the prior rolling range,False,False,True,False
2026-08-21T15:27:16.360934+05:30,EXPERIMENTAL_IMPULSE_BREAKOUT,SENSEX,NO_BREAKOUT,,,False,77556.1,77478.27,77522.47,5.395714285714868,4.046785714286151,,,,,40,16.360934,,,Latest close did not break the prior rolling range,False,False,True,False
2026-08-21T15:27:42.888206+05:30,EXPERIMENTAL_IMPULSE_BREAKOUT,TRENT,NO_BREAKOUT,,,False,2926.4,2914.0,2919.4,0.450000000000013,0.33750000000000974,,,,,40,42.888206,,,Latest close did not break the prior rolling range,False,False,True,False
2026-08-21T15:27:42.888206+05:30,EXPERIMENTAL_IMPULSE_BREAKOUT,ULTRACEMCO,NO_BREAKOUT,,,False,11575.0,11540.0,11555.0,1.8571428571428572,1.3928571428571428,,,,,40,42.888206,,,Latest close did not break the prior rolling range,False,False,True,False
2026-08-21T15:27:42.888206+05:30,EXPERIMENTAL_IMPULSE_BREAKOUT,WIPRO,NO_BREAKOUT,,,False,180.49,180.0,180.07,0.028571428571426947,0.02142857142857021,,,,,40,42.888206,,,Latest close did not break the prior rolling range,False,False,True,False
2026-08-21T15:27:53.053893+05:30,EXPERIMENTAL_IMPULSE_BREAKOUT,NIFTY,NO_BREAKOUT,,,False,24243.45,24223.6,24234.75,1.3285714285713246,0.9964285714284935,,,,,40,53.053893,,,Latest close did not break the prior rolling range,False,False,True,False
2026-08-21T15:27:53.053893+05:30,EXPERIMENTAL_IMPULSE_BREAKOUT,BANKNIFTY,NO_BREAKOUT,,,False,57676.3,57619.95,57647.65,4.757142857142753,3.567857142857065,,,,,40,53.053893,,,Latest close did not break the prior rolling range,False,False,True,False
2026-08-21T15:27:53.053893+05:30,EXPERIMENTAL_IMPULSE_BREAKOUT,FINNIFTY,NO_BREAKOUT,,,False,26255.85,26221.85,26235.15,2.074999999999948,1.5562499999999613,,,,,40,53.053893,,,Latest close did not break the prior rolling range,False,False,True,False
2026-08-21T15:27:53.053893+05:30,EXPERIMENTAL_IMPULSE_BREAKOUT,MIDCPNIFTY,NO_BREAKOUT,,,False,14863.05,14844.5,14844.9,1.4714285714287274,1.1035714285715454,,,,,40,53.053893,,,Latest close did not break the prior rolling range,False,False,True,False
2026-08-21T15:27:53.053893+05:30,EXPERIMENTAL_IMPULSE_BREAKOUT,HCLTECH,NO_BREAKOUT,,,False,1307.9,1302.7,1306.0,0.3642857142857078,0.27321428571428086,,,,,40,0.0,,,Latest close did not break the prior rolling range,False,False,True,False
2026-08-21T15:27:53.053893+05:30,EXPERIMENTAL_IMPULSE_BREAKOUT,SUNPHARMA,NO_BREAKOUT,,,False,1910.0,1895.0,1895.0,1.0714285714285714,0.8035714285714286,,,,,40,0.0,,,Latest close did not break the prior rolling range,False,False,True,False
2026-08-21T15:27:53.053893+05:30,EXPERIMENTAL_IMPULSE_BREAKOUT,TATACONSUM,NO_BREAKOUT,,,False,1049.0,1045.5,1048.9,0.07857142857142208,0.058928571428566556,,,,,40,0.0,,,Latest close did not break the prior rolling range,False,False,True,False
2026-08-21T15:27:53.053893+05:30,EXPERIMENTAL_IMPULSE_BREAKOUT,BANKEX,NO_BREAKOUT,,,False,65339.84,65283.16,65333.99,2.0778571428568933,1.55839285714267,,,,,40,0.0,,,Latest close did not break the prior rolling range,False,False,True,False
2026-08-21T15:27:53.053893+05:30,EXPERIMENTAL_IMPULSE_BREAKOUT,APOLLOHOSP,NO_BREAKOUT,,,False,8660.0,8638.0,8648.0,0.35714285714285715,0.26785714285714285,,,,,40,0.0,,,Latest close did not break the prior rolling range,False,False,True,False
2026-08-21T15:28:14.969823+05:30,EXPERIMENTAL_IMPULSE_BREAKOUT,NIFTY,NO_BREAKOUT,,,False,24243.45,24223.6,24234.75,1.3285714285713246,0.9964285714284935,,,,,40,74.969823,,,Latest close did not break the prior rolling range,False,False,True,False
2026-08-21T15:28:14.969823+05:30,EXPERIMENTAL_IMPULSE_BREAKOUT,BANKNIFTY,NO_BREAKOUT,,,False,57676.3,57619.95,57647.65,4.757142857142753,3.567857142857065,,,,,40,74.969823,,,Latest close did not break the prior rolling range,False,False,True,False
2026-08-21T15:28:14.969823+05:30,EXPERIMENTAL_IMPULSE_BREAKOUT,FINNIFTY,NO_BREAKOUT,,,False,26255.85,26221.85,26235.15,2.074999999999948,1.5562499999999613,,,,,40,74.969823,,,Latest close did not break the prior rolling range,False,False,True,False
2026-08-21T15:28:14.969823+05:30,EXPERIMENTAL_IMPULSE_BREAKOUT,MIDCPNIFTY,NO_BREAKOUT,,,False,14863.05,14844.5,14844.9,1.4714285714287274,1.1035714285715454,,,,,40,74.969823,,,Latest close did not break the prior rolling range,False,False,True,False
2026-08-21T15:28:14.969823+05:30,EXPERIMENTAL_IMPULSE_BREAKOUT,HCLTECH,NO_BREAKOUT,,,False,1307.9,1302.7,1306.0,0.3642857142857078,0.27321428571428086,,,,,40,14.969823,,,Latest close did not break the prior rolling range,False,False,True,False
2026-08-21T15:28:14.969823+05:30,EXPERIMENTAL_IMPULSE_BREAKOUT,SUNPHARMA,NO_BREAKOUT,,,False,1910.0,1895.0,1895.0,1.0714285714285714,0.8035714285714286,,,,,40,14.969823,,,Latest close did not break the prior rolling range,False,False,True,False
2026-08-21T15:28:14.969823+05:30,EXPERIMENTAL_IMPULSE_BREAKOUT,TATACONSUM,NO_BREAKOUT,,,False,1049.0,1045.5,1048.9,0.07857142857142208,0.058928571428566556,,,,,40,14.969823,,,Latest close did not break the prior rolling range,False,False,True,False
2026-08-21T15:28:14.969823+05:30,EXPERIMENTAL_IMPULSE_BREAKOUT,BANKEX,NO_BREAKOUT,,,False,65339.84,65283.16,65333.99,2.0778571428568933,1.55839285714267,,,,,40,14.969823,,,Latest close did not break the prior rolling range,False,False,True,False
2026-08-21T15:28:14.969823+05:30,EXPERIMENTAL_IMPULSE_BREAKOUT,APOLLOHOSP,NO_BREAKOUT,,,False,8660.0,8638.0,8648.0,0.35714285714285715,0.26785714285714285,,,,,40,14.969823,,,Latest close did not break the prior rolling range,False,False,True,False
2026-08-21T15:28:36.068096+05:30,EXPERIMENTAL_IMPULSE_BREAKOUT,NIFTY,NO_BREAKOUT,,,False,24243.45,24223.6,24234.75,1.3285714285713246,0.9964285714284935,,,,,40,96.068096,,,Latest close did not break the prior rolling range,False,False,True,False
2026-08-21T15:28:36.068096+05:30,EXPERIMENTAL_IMPULSE_BREAKOUT,BANKNIFTY,NO_BREAKOUT,,,False,57676.3,57619.95,57647.65,4.757142857142753,3.567857142857065,,,,,40,96.068096,,,Latest close did not break the prior rolling range,False,False,True,False
2026-08-21T15:28:36.068096+05:30,EXPERIMENTAL_IMPULSE_BREAKOUT,FINNIFTY,NO_BREAKOUT,,,False,26255.85,26221.85,26235.15,2.074999999999948,1.5562499999999613,,,,,40,96.068096,,,Latest close did not break the prior rolling range,False,False,True,False
2026-08-21T15:28:36.068096+05:30,EXPERIMENTAL_IMPULSE_BREAKOUT,MIDCPNIFTY,NO_BREAKOUT,,,False,14863.05,14844.5,14844.9,1.4714285714287274,1.1035714285715454,,,,,40,96.068096,,,Latest close did not break the prior rolling range,False,False,True,False
2026-08-21T15:28:36.068096+05:30,EXPERIMENTAL_IMPULSE_BREAKOUT,HCLTECH,NO_BREAKOUT,,,False,1307.9,1302.7,1306.0,0.3642857142857078,0.27321428571428086,,,,,40,36.068096,,,Latest close did not break the prior rolling range,False,False,True,False
2026-08-21T15:28:36.068096+05:30,EXPERIMENTAL_IMPULSE_BREAKOUT,APOLLOHOSP,NO_BREAKOUT,,,False,8660.0,8638.0,8648.0,0.35714285714285715,0.26785714285714285,,,,,40,36.068096,,,Latest close did not break the prior rolling range,False,False,True,False
2026-08-21T15:28:53.514040+05:30,EXPERIMENTAL_IMPULSE_BREAKOUT,HINDALCO,NO_BREAKOUT,,,False,1037.25,1033.65,1036.0,0.1499999999999935,0.11249999999999513,,,,,40,53.51404,,,Latest close did not break the prior rolling range,False,False,True,False
2026-08-21T15:28:53.514040+05:30,EXPERIMENTAL_IMPULSE_BREAKOUT,HINDUNILVR,NO_BREAKOUT,,,False,2025.7,2015.7,2016.1,0.2785714285714188,0.2089285714285641,,,,,40,53.51404,,,Latest close did not break the prior rolling range,False,False,True,False
2026-08-21T15:28:53.514040+05:30,EXPERIMENTAL_IMPULSE_BREAKOUT,ICICIBANK,NO_BREAKOUT,,,False,1419.0,1417.5,1418.0,0.10714285714285714,0.08035714285714285,,,,,40,53.51404,,,Latest close did not break the prior rolling range,False,False,True,False
2026-08-21T15:28:53.514040+05:30,EXPERIMENTAL_IMPULSE_BREAKOUT,INFY,BLOCKED_STALE_HISTORY,,,False,,,1119.0,,,,,,,40,293.51404,,,Latest history bar is 293.5s old,False,False,True,False
2026-08-21T15:28:53.514040+05:30,EXPERIMENTAL_IMPULSE_BREAKOUT,SBIN,NO_BREAKOUT,,,False,1043.3,1040.1,1041.0,0.0,0.0,,,,,40,0.0,,,Latest close did not break the prior rolling range,False,False,True,False
2026-08-21T15:28:53.514040+05:30,EXPERIMENTAL_IMPULSE_BREAKOUT,BAJFINANCE,NO_BREAKOUT,,,False,1094.0,1090.6,1093.1,0.057142857142853894,0.04285714285714042,,,,,40,0.0,,,Latest close did not break the prior rolling range,False,False,True,False
2026-08-21T15:28:53.514040+05:30,EXPERIMENTAL_IMPULSE_BREAKOUT,BHARTIARTL,NO_BREAKOUT,,,False,1948.4,1945.5,1946.8,0.0,0.0,,,,,40,0.0,,,Latest close did not break the prior rolling range,False,False,True,False
2026-08-21T15:29:11.867643+05:30,EXPERIMENTAL_IMPULSE_BREAKOUT,NIFTY,NO_BREAKOUT,,,False,24243.45,24223.6,24234.75,0.0,0.0,,,,,40,11.867643,,,Latest close did not break the prior rolling range,False,False,True,False
2026-08-21T15:29:11.867643+05:30,EXPERIMENTAL_IMPULSE_BREAKOUT,BANKNIFTY,NO_BREAKOUT,,,False,57676.3,57619.95,57647.65,0.0,0.0,,,,,40,11.867643,,,Latest close did not break the prior rolling range,False,False,True,False
2026-08-21T15:29:11.867643+05:30,EXPERIMENTAL_IMPULSE_BREAKOUT,FINNIFTY,NO_BREAKOUT,,,False,26253.55,26221.85,26235.15,0.0,0.0,,,,,40,11.867643,,,Latest close did not break the prior rolling range,False,False,True,False
2026-08-21T15:29:11.867643+05:30,EXPERIMENTAL_IMPULSE_BREAKOUT,MIDCPNIFTY,NO_BREAKOUT,,,False,14863.05,14844.5,14844.9,0.21071428571433767,0.15803571428575325,,,,,40,11.867643,,,Latest close did not break the prior rolling range,False,False,True,False
2026-08-21T15:29:11.867643+05:30,EXPERIMENTAL_IMPULSE_BREAKOUT,HINDALCO,NO_BREAKOUT,,,False,1037.25,1033.65,1036.0,0.1499999999999935,0.11249999999999513,,,,,40,71.867643,,,Latest close did not break the prior rolling range,False,False,True,False
2026-08-21T15:29:11.867643+05:30,EXPERIMENTAL_IMPULSE_BREAKOUT,HINDUNILVR,NO_BREAKOUT,,,False,2025.7,2015.7,2016.1,0.2785714285714188,0.2089285714285641,,,,,40,71.867643,,,Latest close did not break the prior rolling range,False,False,True,False
2026-08-21T15:29:11.867643+05:30,EXPERIMENTAL_IMPULSE_BREAKOUT,ICICIBANK,NO_BREAKOUT,,,False,1419.0,1417.5,1418.0,0.10714285714285714,0.08035714285714285,,,,,40,71.867643,,,Latest close did not break the prior rolling range,False,False,True,False
2026-08-21T15:29:11.867643+05:30,EXPERIMENTAL_IMPULSE_BREAKOUT,INFY,NO_BREAKOUT,,,False,1120.6,1118.0,1119.0,0.0,0.0,,,,,40,11.867643,,,Latest close did not break the prior rolling range,False,False,True,False
2026-08-21T15:29:11.867643+05:30,EXPERIMENTAL_IMPULSE_BREAKOUT,INDIGO,BLOCKED_STALE_HISTORY,,,False,,,5087.0,,,,,,,40,311.867643,,,Latest history bar is 311.9s old,False,False,True,False
2026-08-21T15:29:33.265054+05:30,EXPERIMENTAL_IMPULSE_BREAKOUT,NIFTY,NO_BREAKOUT,,,False,24243.45,24223.6,24234.75,0.0,0.0,,,,,40,33.265054,,,Latest close did not break the prior rolling range,False,False,True,False
2026-08-21T15:29:33.265054+05:30,EXPERIMENTAL_IMPULSE_BREAKOUT,BANKNIFTY,NO_BREAKOUT,,,False,57676.3,57619.95,57647.65,0.0,0.0,,,,,40,33.265054,,,Latest close did not break the prior rolling range,False,False,True,False
2026-08-21T15:29:33.265054+05:30,EXPERIMENTAL_IMPULSE_BREAKOUT,FINNIFTY,NO_BREAKOUT,,,False,26253.55,26221.85,26235.15,0.0,0.0,,,,,40,33.265054,,,Latest close did not break the prior rolling range,False,False,True,False
2026-08-21T15:29:33.265054+05:30,EXPERIMENTAL_IMPULSE_BREAKOUT,MIDCPNIFTY,NO_BREAKOUT,,,False,14863.05,14844.5,14844.9,0.21071428571433767,0.15803571428575325,,,,,40,33.265054,,,Latest close did not break the prior rolling range,False,False,True,False
2026-08-21T15:29:33.265054+05:30,EXPERIMENTAL_IMPULSE_BREAKOUT,HINDALCO,NO_BREAKOUT,,,False,1037.25,1033.65,1036.0,0.1499999999999935,0.11249999999999513,,,,,40,93.265054,,,Latest close did not break the prior rolling range,False,False,True,False
2026-08-21T15:29:33.265054+05:30,EXPERIMENTAL_IMPULSE_BREAKOUT,HINDUNILVR,NO_BREAKOUT,,,False,2025.7,2015.7,2016.1,0.2785714285714188,0.2089285714285641,,,,,40,93.265054,,,Latest close did not break the prior rolling range,False,False,True,False
2026-08-21T15:29:33.265054+05:30,EXPERIMENTAL_IMPULSE_BREAKOUT,ICICIBANK,NO_BREAKOUT,,,False,1419.0,1417.5,1418.0,0.10714285714285714,0.08035714285714285,,,,,40,93.265054,,,Latest close did not break the prior rolling range,False,False,True,False
2026-08-21T15:29:33.265054+05:30,EXPERIMENTAL_IMPULSE_BREAKOUT,INFY,NO_BREAKOUT,,,False,1120.6,1118.0,1119.0,0.0,0.0,,,,,40,33.265054,,,Latest close did not break the prior rolling range,False,False,True,False
2026-08-21T15:29:33.265054+05:30,EXPERIMENTAL_IMPULSE_BREAKOUT,INDIGO,NO_BREAKOUT,,,False,5116.0,5087.0,5087.0,0.8571428571428571,0.6428571428571428,,,,,40,33.265054,,,Latest close did not break the prior rolling range,False,False,True,False
2026-08-21T15:29:33.265054+05:30,EXPERIMENTAL_IMPULSE_BREAKOUT,SBIN,NO_BREAKOUT,,,False,1043.3,1040.1,1041.0,0.0,0.0,,,,,40,33.265054,,,Latest close did not break the prior rolling range,False,False,True,False
2026-08-21T15:29:33.265054+05:30,EXPERIMENTAL_IMPULSE_BREAKOUT,BAJFINANCE,NO_BREAKOUT,,,False,1094.0,1090.6,1093.1,0.057142857142853894,0.04285714285714042,,,,,40,33.265054,,,Latest close did not break the prior rolling range,False,False,True,False
2026-08-21T15:29:33.265054+05:30,EXPERIMENTAL_IMPULSE_BREAKOUT,BHARTIARTL,NO_BREAKOUT,,,False,1948.4,1945.5,1946.8,0.0,0.0,,,,,40,33.265054,,,Latest close did not break the prior rolling range,False,False,True,False
2026-08-21T15:30:04.840576+05:30,EXPERIMENTAL_IMPULSE_BREAKOUT,FINNIFTY,NO_BREAKOUT,,,False,26253.55,26221.85,26235.15,0.0,0.0,,,,,40,64.840576,,,Latest close did not break the prior rolling range,False,False,True,False
2026-08-21T15:30:04.840576+05:30,EXPERIMENTAL_IMPULSE_BREAKOUT,MIDCPNIFTY,NO_BREAKOUT,,,False,14863.05,14844.5,14844.9,0.21071428571433767,0.15803571428575325,,,,,40,64.840576,,,Latest close did not break the prior rolling range,False,False,True,False
2026-08-21T15:30:04.840576+05:30,EXPERIMENTAL_IMPULSE_BREAKOUT,CIPLA,BREAKOUT_BLOCKED_LATE_ENTRY,UP,CE,True,1426.5,1421.6,1432.2,0.0,0.0,5700000000.000045,31.966351209253673,100.0,,40,64.840576,CIPLA|UP|1426.5000|1421.6000,,Breakout extension is too large for a fresh long-option entry,False,False,True,False
2026-08-21T15:30:04.840576+05:30,EXPERIMENTAL_IMPULSE_BREAKOUT,EICHERMOT,BLOCKED_STALE_HISTORY,,,False,,,8000.0,,,,,,,40,604.840576,,,Latest history bar is 604.8s old,False,False,True,False
2026-08-21T15:30:04.840576+05:30,EXPERIMENTAL_IMPULSE_BREAKOUT,GRASIM,NO_BREAKOUT,,,False,3343.1,3290.6,3308.0,0.0,0.0,,,,,40,64.840576,,,Latest close did not break the prior rolling range,False,False,True,False
2026-08-21T15:30:04.840576+05:30,EXPERIMENTAL_IMPULSE_BREAKOUT,ITC,NO_BREAKOUT,,,False,269.6,269.0,269.4,0.007142857142858767,0.005357142857144075,,,,,40,64.840576,,,Latest close did not break the prior rolling range,False,False,True,False
2026-08-21T15:30:04.840576+05:30,EXPERIMENTAL_IMPULSE_BREAKOUT,JIOFIN,BREAKOUT_BLOCKED_LATE_ENTRY,UP,CE,True,243.9,243.5,244.0,0.007142857142858767,0.005357142857144075,13.999999999996021,9.848173984407433,100.0,,40,64.840576,JIOFIN|UP|243.9000|243.5000,,Breakout extension is too large for a fresh long-option entry,False,False,True,False
2026-08-21T15:30:04.840576+05:30,EXPERIMENTAL_IMPULSE_BREAKOUT,KOTAKBANK,NO_BREAKOUT,,,False,403.0,402.4,402.8,0.0,0.0,,,,,40,64.840576,,,Latest close did not break the prior rolling range,False,False,True,False
2026-08-21T15:30:04.840576+05:30,EXPERIMENTAL_IMPULSE_BREAKOUT,LT,BREAKOUT_BLOCKED_LATE_ENTRY,UP,CE,True,4092.3,4087.1,4093.0,0.17857142857142858,0.13392857142857142,3.919999999998981,10.764525993883792,100.0,,40,64.840576,LT|UP|4092.3000|4087.1000,,Breakout extension is too large for a fresh long-option entry,False,False,True,False
2026-08-21T15:30:28.498375+05:30,EXPERIMENTAL_IMPULSE_BREAKOUT,NIFTY,BREAKOUT_BLOCKED_LATE_ENTRY,UP,CE,True,24243.45,24223.6,24252.0,1.15,0.8624999999999999,7.43478260869502,5.6943026026676575,100.0,,40,88.498375,NIFTY|UP|24243.4500|24223.6000,,Breakout extension is too large for a fresh long-option entry,False,False,True,False
2026-08-21T15:30:28.498375+05:30,EXPERIMENTAL_IMPULSE_BREAKOUT,BANKNIFTY,BREAKOUT_BLOCKED_LATE_ENTRY,UP,CE,True,57676.3,57619.95,57761.95,7.619999999999709,5.714999999999781,11.240157480314627,15.861878151146925,100.0,,40,88.498375,BANKNIFTY|UP|57676.3000|57619.9500,,Breakout extension is too large for a fresh long-option entry,False,False,True,False
2026-08-21T15:30:28.498375+05:30,EXPERIMENTAL_IMPULSE_BREAKOUT,FINNIFTY,BREAKOUT_BLOCKED_LATE_ENTRY,UP,CE,True,26253.55,26221.85,26261.0,1.7233333333332364,1.2924999999999272,4.323017408124457,7.882554511790036,100.0,,40,88.498375,FINNIFTY|UP|26253.5500|26221.8500,,Breakout extension is too large for a fresh long-option entry,False,False,True,False
2026-08-21T15:30:28.498375+05:30,EXPERIMENTAL_IMPULSE_BREAKOUT,MIDCPNIFTY,BREAKOUT_BLOCKED_LATE_ENTRY,UP,CE,True,14863.05,14844.5,14875.45,2.0366666666667395,1.5275000000000545,6.088379705401479,16.46356661210306,100.0,,40,88.498375,MIDCPNIFTY|UP|14863.0500|14844.5000,,Breakout extension is too large for a fresh long-option entry,False,False,True,False
2026-08-21T15:30:28.498375+05:30,EXPERIMENTAL_IMPULSE_BREAKOUT,CIPLA,BREAKOUT_SUPPRESSED_ONE_SHOT,UP,CE,True,1426.5,1421.6,1432.2,0.0,0.0,5700000000.000045,31.966351209253673,100.0,,40,88.498375,CIPLA|UP|1426.5000|1421.6000,,Same breakout episode is inside one-shot lockout,False,False,True,False
2026-08-21T15:30:28.498375+05:30,EXPERIMENTAL_IMPULSE_BREAKOUT,EICHERMOT,NO_BREAKOUT,,,False,8010.0,7999.0,8010.0,0.0,0.0,,,,,40,88.498375,,,Latest close did not break the prior rolling range,False,False,True,False
2026-08-21T15:30:49.244814+05:30,EXPERIMENTAL_IMPULSE_BREAKOUT,NIFTY,BREAKOUT_SUPPRESSED_ONE_SHOT,UP,CE,True,24243.45,24223.6,24252.0,1.15,0.8624999999999999,7.43478260869502,5.6943026026676575,100.0,,40,109.244814,NIFTY|UP|24243.4500|24223.6000,,Same breakout episode is inside one-shot lockout,False,False,True,False
2026-08-21T15:30:49.244814+05:30,EXPERIMENTAL_IMPULSE_BREAKOUT,BANKNIFTY,BREAKOUT_SUPPRESSED_ONE_SHOT,UP,CE,True,57676.3,57619.95,57761.95,7.619999999999709,5.714999999999781,11.240157480314627,15.861878151146925,100.0,,40,109.244814,BANKNIFTY|UP|57676.3000|57619.9500,,Same breakout episode is inside one-shot lockout,False,False,True,False
2026-08-21T15:30:49.244814+05:30,EXPERIMENTAL_IMPULSE_BREAKOUT,FINNIFTY,BREAKOUT_SUPPRESSED_ONE_SHOT,UP,CE,True,26253.55,26221.85,26261.0,1.7233333333332364,1.2924999999999272,4.323017408124457,7.882554511790036,100.0,,40,109.244814,FINNIFTY|UP|26253.5500|26221.8500,,Same breakout episode is inside one-shot lockout,False,False,True,False
2026-08-21T15:30:49.244814+05:30,EXPERIMENTAL_IMPULSE_BREAKOUT,MIDCPNIFTY,BREAKOUT_SUPPRESSED_ONE_SHOT,UP,CE,True,14863.05,14844.5,14875.45,2.0366666666667395,1.5275000000000545,6.088379705401479,16.46356661210306,100.0,,40,109.244814,MIDCPNIFTY|UP|14863.0500|14844.5000,,Same breakout episode is inside one-shot lockout,False,False,True,False
2026-08-21T15:30:49.244814+05:30,EXPERIMENTAL_IMPULSE_BREAKOUT,CIPLA,BREAKOUT_SUPPRESSED_ONE_SHOT,UP,CE,True,1426.5,1421.6,1432.2,0.0,0.0,5700000000.000045,31.966351209253673,100.0,,40,109.244814,CIPLA|UP|1426.5000|1421.6000,,Same breakout episode is inside one-shot lockout,False,False,True,False
2026-08-21T15:30:49.244814+05:30,EXPERIMENTAL_IMPULSE_BREAKOUT,EICHERMOT,NO_BREAKOUT,,,False,8010.0,7999.0,8010.0,0.0,0.0,,,,,40,109.244814,,,Latest close did not break the prior rolling range,False,False,True,False
2026-08-21T15:30:49.244814+05:30,EXPERIMENTAL_IMPULSE_BREAKOUT,ETERNAL,NO_BREAKOUT,,,False,328.45,327.6,328.0,0.01071428571428409,0.008035714285713067,,,,,40,109.244814,,,Latest close did not break the prior rolling range,False,False,True,False
2026-08-21T15:30:49.244814+05:30,EXPERIMENTAL_IMPULSE_BREAKOUT,GRASIM,NO_BREAKOUT,,,False,3343.1,3290.6,3308.0,0.0,0.0,,,,,40,109.244814,,,Latest close did not break the prior rolling range,False,False,True,False
2026-08-21T15:30:49.244814+05:30,EXPERIMENTAL_IMPULSE_BREAKOUT,ITC,NO_BREAKOUT,,,False,269.6,269.0,269.4,0.007142857142858767,0.005357142857144075,,,,,40,109.244814,,,Latest close did not break the prior rolling range,False,False,True,False
2026-08-21T15:30:49.244814+05:30,EXPERIMENTAL_IMPULSE_BREAKOUT,JIOFIN,BREAKOUT_SUPPRESSED_ONE_SHOT,UP,CE,True,243.9,243.5,244.0,0.007142857142858767,0.005357142857144075,13.999999999996021,9.848173984407433,100.0,,40,109.244814,JIOFIN|UP|243.9000|243.5000,,Same breakout episode is inside one-shot lockout,False,False,True,False
2026-08-21T15:30:49.244814+05:30,EXPERIMENTAL_IMPULSE_BREAKOUT,KOTAKBANK,NO_BREAKOUT,,,False,403.0,402.4,402.8,0.0,0.0,,,,,40,109.244814,,,Latest close did not break the prior rolling range,False,False,True,False
2026-08-21T15:30:49.244814+05:30,EXPERIMENTAL_IMPULSE_BREAKOUT,LT,BREAKOUT_SUPPRESSED_ONE_SHOT,UP,CE,True,4092.3,4087.1,4093.0,0.17857142857142858,0.13392857142857142,3.919999999998981,10.764525993883792,100.0,,40,109.244814,LT|UP|4092.3000|4087.1000,,Same breakout episode is inside one-shot lockout,False,False,True,False
