[13:38:58] PAPER-ONLY config overrides active: {'exit_management': {'vol_time_stop_fraction': 0.35, 'stop_exit_slippage_frac': 0.1, 'edge_scaled_target': True, 'edge_scale_min_ratio': 1.1, 'edge_scale_min_r': 1.0, 'edge_scale_max_r': 3.0}, 'risk': {'normal_risk_pct_of_capital': 5.0, 'normal_risk_cap_rupees': 5000, 'a_plus_risk_pct_of_capital': 6.0, 'a_plus_risk_cap_rupees': 6000, 'max_daily_loss_rupees': 8000}, 'instrument_risk_overrides': {'BANKNIFTY': {'normal_risk_cap_rupees': 5000, 'a_plus_risk_cap_rupees': 6000}, 'NIFTY': {'normal_risk_cap_rupees': 5000, 'a_plus_risk_cap_rupees': 6000}, 'FINNIFTY': {'normal_risk_cap_rupees': 5000, 'a_plus_risk_cap_rupees': 6000}, 'MIDCPNIFTY': {'normal_risk_cap_rupees': 5000, 'a_plus_risk_cap_rupees': 6000}}, 'instrument_calibration_status': {'BANKNIFTY': {'direction': 'OBSERVED', 'liquidity': 'OBSERVED', 'expected_move': 'UNVALIDATED'}, 'NIFTY': {'direction': 'OBSERVED', 'liquidity': 'OBSERVED', 'expected_move': 'UNVALIDATED'}, 'FINNIFTY': {'direction': 'OBSERVED', 'liquidity': 'OBSERVED', 'expected_move': 'UNVALIDATED'}, 'MIDCPNIFTY': {'direction': 'OBSERVED', 'liquidity': 'OBSERVED', 'expected_move': 'UNVALIDATED'}}}
[13:38:59]   NIFTY [NSE, TRADE_ELIGIBLE]: 18 expiries, nearest 2026-08-25
[13:38:59]   BANKNIFTY [NSE, TRADE_ELIGIBLE]: 6 expiries, nearest 2026-08-25
[13:38:59]   FINNIFTY [NSE, TRADE_ELIGIBLE]: 3 expiries, nearest 2026-08-25
[13:38:59]   MIDCPNIFTY [NSE, TRADE_ELIGIBLE]: 3 expiries, nearest 2026-08-25
[13:38:59]   SENSEX [BSE, TRADE_ELIGIBLE]: 19 expiries, nearest 2026-08-27
[13:38:59]   BANKEX [BSE, TRADE_ELIGIBLE]: 3 expiries, nearest 2026-08-27
[13:38:59]   FOCIT [BSE, TRADE_ELIGIBLE]: 3 expiries, nearest 2026-08-27
[13:38:59]   NIFTYNXT50 [NSE, TRADE_ELIGIBLE]: 3 expiries, nearest 2026-08-25
[13:38:59]   NIFTYFPI [NSE, TRADE_ELIGIBLE]: 3 expiries, nearest 2026-08-25
[13:38:59]   ADANIENT [NSE, TRADE_ELIGIBLE]: 3 expiries, nearest 2026-08-25
[13:38:59]   ADANIPORTS [NSE, TRADE_ELIGIBLE]: 3 expiries, nearest 2026-08-25
[13:38:59]   APOLLOHOSP [NSE, TRADE_ELIGIBLE]: 3 expiries, nearest 2026-08-25
[13:38:59]   ASIANPAINT [NSE, TRADE_ELIGIBLE]: 3 expiries, nearest 2026-08-25
[13:38:59]   AXISBANK [NSE, TRADE_ELIGIBLE]: 6 expiries, nearest 2026-08-25
[13:38:59]   BAJAJ-AUTO [NSE, TRADE_ELIGIBLE]: 3 expiries, nearest 2026-08-25
[13:38:59]   BAJFINANCE [NSE, TRADE_ELIGIBLE]: 3 expiries, nearest 2026-08-25
[13:38:59]   BAJAJFINSV [NSE, TRADE_ELIGIBLE]: 3 expiries, nearest 2026-08-25
[13:38:59]   BEL [NSE, TRADE_ELIGIBLE]: 3 expiries, nearest 2026-08-25
[13:38:59]   BHARTIARTL [NSE, TRADE_ELIGIBLE]: 3 expiries, nearest 2026-08-25
[13:38:59]   CIPLA [NSE, TRADE_ELIGIBLE]: 3 expiries, nearest 2026-08-25
[13:38:59]   COALINDIA [NSE, TRADE_ELIGIBLE]: 3 expiries, nearest 2026-08-25
[13:38:59]   DRREDDY [NSE, TRADE_ELIGIBLE]: 3 expiries, nearest 2026-08-25
[13:38:59]   EICHERMOT [NSE, TRADE_ELIGIBLE]: 3 expiries, nearest 2026-08-25
[13:38:59]   ETERNAL [NSE, TRADE_ELIGIBLE]: 3 expiries, nearest 2026-08-25
[13:38:59]   GRASIM [NSE, TRADE_ELIGIBLE]: 3 expiries, nearest 2026-08-25
[13:38:59]   HCLTECH [NSE, TRADE_ELIGIBLE]: 3 expiries, nearest 2026-08-25
[13:38:59]   HDFCBANK [NSE, TRADE_ELIGIBLE]: 6 expiries, nearest 2026-08-25
[13:38:59]   HDFCLIFE [NSE, TRADE_ELIGIBLE]: 3 expiries, nearest 2026-08-25
[13:38:59]   HINDALCO [NSE, TRADE_ELIGIBLE]: 3 expiries, nearest 2026-08-25
[13:38:59]   HINDUNILVR [NSE, TRADE_ELIGIBLE]: 3 expiries, nearest 2026-08-25
[13:38:59]   ICICIBANK [NSE, TRADE_ELIGIBLE]: 6 expiries, nearest 2026-08-25
[13:38:59]   ITC [NSE, TRADE_ELIGIBLE]: 6 expiries, nearest 2026-08-25
[13:38:59]   INFY [NSE, TRADE_ELIGIBLE]: 6 expiries, nearest 2026-08-25
[13:38:59]   INDIGO [NSE, TRADE_ELIGIBLE]: 3 expiries, nearest 2026-08-25
[13:38:59]   JSWSTEEL [NSE, TRADE_ELIGIBLE]: 6 expiries, nearest 2026-08-25
[13:38:59]   JIOFIN [NSE, TRADE_ELIGIBLE]: 6 expiries, nearest 2026-08-25
[13:38:59]   KOTAKBANK [NSE, TRADE_ELIGIBLE]: 3 expiries, nearest 2026-08-25
[13:38:59]   LT [NSE, TRADE_ELIGIBLE]: 3 expiries, nearest 2026-08-25
[13:38:59]   M&M [NSE, TRADE_ELIGIBLE]: 3 expiries, nearest 2026-08-25
[13:38:59]   MARUTI [NSE, TRADE_ELIGIBLE]: 3 expiries, nearest 2026-08-25
[13:38:59]   MAXHEALTH [NSE, TRADE_ELIGIBLE]: 3 expiries, nearest 2026-08-25
[13:38:59]   NTPC [NSE, TRADE_ELIGIBLE]: 3 expiries, nearest 2026-08-25
[13:38:59]   NESTLEIND [NSE, TRADE_ELIGIBLE]: 3 expiries, nearest 2026-08-25
[13:38:59]   ONGC [NSE, TRADE_ELIGIBLE]: 3 expiries, nearest 2026-08-25
[13:38:59]   POWERGRID [NSE, TRADE_ELIGIBLE]: 3 expiries, nearest 2026-08-25
[13:38:59]   RELIANCE [NSE, TRADE_ELIGIBLE]: 6 expiries, nearest 2026-08-25
[13:38:59]   SBILIFE [NSE, TRADE_ELIGIBLE]: 3 expiries, nearest 2026-08-25
[13:38:59]   SHRIRAMFIN [NSE, TRADE_ELIGIBLE]: 3 expiries, nearest 2026-08-25
[13:38:59]   SBIN [NSE, TRADE_ELIGIBLE]: 6 expiries, nearest 2026-08-25
[13:38:59]   SUNPHARMA [NSE, TRADE_ELIGIBLE]: 3 expiries, nearest 2026-08-25
[13:38:59]   TCS [NSE, TRADE_ELIGIBLE]: 6 expiries, nearest 2026-08-25
[13:38:59]   TATACONSUM [NSE, TRADE_ELIGIBLE]: 3 expiries, nearest 2026-08-25
[13:38:59]   TMPV [NSE, TRADE_ELIGIBLE]: 3 expiries, nearest 2026-08-25
[13:38:59]   TATASTEEL [NSE, TRADE_ELIGIBLE]: 6 expiries, nearest 2026-08-25
[13:38:59]   TECHM [NSE, TRADE_ELIGIBLE]: 3 expiries, nearest 2026-08-25
[13:38:59]   TITAN [NSE, TRADE_ELIGIBLE]: 6 expiries, nearest 2026-08-25
[13:38:59]   TRENT [NSE, TRADE_ELIGIBLE]: 3 expiries, nearest 2026-08-25
[13:38:59]   ULTRACEMCO [NSE, TRADE_ELIGIBLE]: 3 expiries, nearest 2026-08-25
[13:38:59]   WIPRO [NSE, TRADE_ELIGIBLE]: 3 expiries, nearest 2026-08-25
[13:38:59] Paper selector universe: NIFTY, BANKNIFTY, FINNIFTY, MIDCPNIFTY, SENSEX, BANKEX, FOCIT, NIFTYNXT50, NIFTYFPI, ADANIENT, ADANIPORTS, APOLLOHOSP, ASIANPAINT, AXISBANK, BAJAJ-AUTO, BAJFINANCE, BAJAJFINSV, BEL, BHARTIARTL, CIPLA, COALINDIA, DRREDDY, EICHERMOT, ETERNAL, GRASIM, HCLTECH, HDFCBANK, HDFCLIFE, HINDALCO, HINDUNILVR, ICICIBANK, ITC, INFY, INDIGO, JSWSTEEL, JIOFIN, KOTAKBANK, LT, M&M, MARUTI, MAXHEALTH, NTPC, NESTLEIND, ONGC, POWERGRID, RELIANCE, SBILIFE, SHRIRAMFIN, SBIN, SUNPHARMA, TCS, TATACONSUM, TMPV, TATASTEEL, TECHM, TITAN, TRENT, ULTRACEMCO, WIPRO; monitor-only: -

Dashboard: http://127.0.0.1:8775  (Ctrl+C to stop)
[13:38:59] Loop started.
[13:39:12]   BANKEX chain unavailable [OPTIONS_CHAIN_ERROR]: FyersAPIError: Fyers HTTP 429 on https://api-t1.fyers.in/data/options-chain-v3?symbol=BSE%3ABANKEX-INDEX&strikecount=30: {"type":"https://developers.cloudflare.com/support/troubleshooting/http-status-codes/cloudflare-1xxx-errors/error-1015/","title":"Error 1015: You are being rate limited","status":429,"detail":"You are being rate-limited by the website owner's configuration.","instance":"a2e82774db31fc8b","error_code":1015,"error_name":"rate_limited","error_category":"rate_limit","ray_id":"a2e82774db31fc8b","timestamp":"2026-08-21T08:09:11Z","zone":"api-t1.fyers.in","cloudflare_error":true,"retryable":true,"retry
[13:39:12]   FOCIT chain unavailable [OPTIONS_CHAIN_ERROR]: FyersAPIError: Fyers HTTP 429 on https://api-t1.fyers.in/data/options-chain-v3?symbol=BSE%3AFOCIT-INDEX&strikecount=30: {"type":"https://developers.cloudflare.com/support/troubleshooting/http-status-codes/cloudflare-1xxx-errors/error-1015/","title":"Error 1015: You are being rate limited","status":429,"detail":"You are being rate-limited by the website owner's configuration.","instance":"a2e827763bf9ff6c","error_code":1015,"error_name":"rate_limited","error_category":"rate_limit","ray_id":"a2e827763bf9ff6c","timestamp":"2026-08-21T08:09:11Z","zone":"api-t1.fyers.in","cloudflare_error":true,"retryable":true,"retry
[13:39:12]   NIFTYNXT50 chain unavailable [OPTIONS_CHAIN_ERROR]: FyersAPIError: Fyers HTTP 429 on https://api-t1.fyers.in/data/options-chain-v3?symbol=NSE%3ANIFTYNXT50-INDEX&strikecount=30: {"type":"https://developers.cloudflare.com/support/troubleshooting/http-status-codes/cloudflare-1xxx-errors/error-1015/","title":"Error 1015: You are being rate limited","status":429,"detail":"You are being rate-limited by the website owner's configuration.","instance":"a2e827776e1c3b1f","error_code":1015,"error_name":"rate_limited","error_category":"rate_limit","ray_id":"a2e827776e1c3b1f","timestamp":"2026-08-21T08:09:11Z","zone":"api-t1.fyers.in","cloudflare_error":true,"retryable":true,"retry
[13:39:13]   NIFTYFPI chain unavailable [OPTIONS_CHAIN_ERROR]: FyersAPIError: Fyers HTTP 429 on https://api-t1.fyers.in/data/options-chain-v3?symbol=NSE%3ANIFTYFPI-INDEX&strikecount=30: {"type":"https://developers.cloudflare.com/support/troubleshooting/http-status-codes/cloudflare-1xxx-errors/error-1015/","title":"Error 1015: You are being rate limited","status":429,"detail":"You are being rate-limited by the website owner's configuration.","instance":"a2e82778ac8a79fc","error_code":1015,"error_name":"rate_limited","error_category":"rate_limit","ray_id":"a2e82778ac8a79fc","timestamp":"2026-08-21T08:09:11Z","zone":"api-t1.fyers.in","cloudflare_error":true,"retryable":true,"retry
[13:39:43]   NIFTYNXT50 NSE:NIFTYNXT5026AUG73700CE depth unavailable: ValueError: Fyers depth source timestamp invalid
[13:39:45]   NIFTYNXT50 NSE:NIFTYNXT5026AUG73700PE depth unavailable: FyersAPIError: Fyers HTTP 429 on https://api-t1.fyers.in/data/depth?symbol=NSE%3ANIFTYNXT5026AUG73700PE&ohlcv_flag=1: {"type":"https://developers.cloudflare.com/support/troubleshooting/http-statu
[13:39:46]   NIFTYNXT50 NSE:NIFTYNXT5026AUG73800PE depth unavailable: ValueError: Fyers depth source timestamp invalid
[13:39:46]   NIFTYNXT50 NSE:NIFTYNXT5026AUG73900CE depth unavailable: ValueError: Fyers depth source timestamp invalid
[13:39:46]   NIFTYNXT50 NSE:NIFTYNXT5026AUG73900PE depth unavailable: ValueError: Fyers depth source timestamp invalid
[13:39:47]   NIFTYFPI chain unavailable [OPTIONS_CHAIN_UNAVAILABLE]: OptionChainParseError: Missing data.optionsChain in Fyers payload
[13:39:53]   DATA HEALTH ALERT NIFTY: Invalid IV for CE 22750.0; Missing delta for CE 22750.0; Invalid IV for PE 22750.0; Zero volume CE at 22750.0; Zero volume CE at 22850.0; Zero volume CE at 22950.0; Candidate option quote stale 27.67s; Candidate option quote stale 26.67s; Candidate option quote stale 26.67s; Candidate option quote stale 26.67s; Candidate option quote stale 27.67s; Candidate option quote stale 25.67s
[13:39:53]   DATA HEALTH ALERT BANKNIFTY: Invalid IV for CE 54700.0; Missing delta for CE 54700.0; Invalid IV for PE 54700.0; Zero volume CE at 54700.0; Zero volume CE at 54800.0; Zero volume CE at 54900.0; Candidate option quote stale 26.67s; Candidate option quote stale 24.68s; Candidate option quote stale 25.68s; Candidate option quote stale 26.68s; Candidate option quote stale 24.68s; Candidate option quote stale 24.68s
[13:39:53]   DATA HEALTH ALERT MIDCPNIFTY: CE/PE timestamp delta 43.00s at 14825.0; CE/PE timestamp delta 4.00s at 14850.0; CE/PE timestamp delta 71.00s at 14875.0; Candidate option quote stale 23.69s; Candidate option quote stale 27.69s; Candidate option quote stale 67.69s; Candidate option quote stale 24.69s; Candidate option quote stale 21.69s; Candidate option quote stale 92.69s
[13:39:53]   DATA HEALTH ALERT SENSEX: Invalid IV for CE 74500.0; Missing delta for CE 74500.0; Invalid IV for PE 74500.0; Zero volume CE at 74600.0; Zero volume CE at 74700.0; Zero volume CE at 74800.0; Candidate option quote stale 17.69s; Candidate option quote stale 17.69s; Candidate option quote stale 22.69s; Candidate option quote stale 20.69s; Candidate option quote stale 17.69s; Candidate option quote stale 17.69s
[13:39:53]   DATA HEALTH ALERT ADANIENT: CE/PE timestamp delta 100.00s at 3000.0; Candidate option quote stale 34.71s; Candidate option quote stale 134.71s; Candidate option quote stale 135.71s; Candidate option quote stale 717.71s
[13:39:53]   DATA HEALTH ALERT ADANIPORTS: CE/PE timestamp delta 17.00s at 1680.0; CE/PE timestamp delta 49.00s at 1720.0; Candidate option quote stale 21.71s; Candidate option quote stale 22.71s; Candidate option quote stale 43.71s; Candidate option quote stale 26.72s; Candidate option quote stale 28.72s; Candidate option quote stale 77.72s
[13:39:53]   DATA HEALTH ALERT APOLLOHOSP: CE/PE timestamp delta 40.00s at 8800.0; Candidate option quote warning stale 6.72s; Candidate option quote warning stale 6.72s; Candidate option quote stale 17.72s; Candidate option quote stale 17.72s; Candidate option quote stale 34.72s; Candidate option quote stale 74.72s
[13:39:59]   NIFTY chain unavailable [OPTIONS_CHAIN_ERROR]: FyersAPIError: Fyers HTTP 429 on https://api-t1.fyers.in/data/options-chain-v3?symbol=NSE%3ANIFTY50-INDEX&strikecount=30: {"type":"https://developers.cloudflare.com/support/troubleshooting/http-status-codes/cloudflare-1xxx-errors/error-1015/","title":"Error 1015: You are being rate limited","status":429,"detail":"You are being rate-limited by the website owner's configuration.","instance":"a2e8289b1ad93ee3","error_code":1015,"error_name":"rate_limited","error_category":"rate_limit","ray_id":"a2e8289b1ad93ee3","timestamp":"2026-08-21T08:09:58Z","zone":"api-t1.fyers.in","cloudflare_error":true,"retryable":true,"retry
[13:39:59]   BANKNIFTY chain unavailable [OPTIONS_CHAIN_ERROR]: FyersAPIError: Fyers HTTP 429 on https://api-t1.fyers.in/data/options-chain-v3?symbol=NSE%3ANIFTYBANK-INDEX&strikecount=30: {"type":"https://developers.cloudflare.com/support/troubleshooting/http-status-codes/cloudflare-1xxx-errors/error-1015/","title":"Error 1015: You are being rate limited","status":429,"detail":"You are being rate-limited by the website owner's configuration.","instance":"a2e8289c3eeb46fc","error_code":1015,"error_name":"rate_limited","error_category":"rate_limit","ray_id":"a2e8289c3eeb46fc","timestamp":"2026-08-21T08:09:58Z","zone":"api-t1.fyers.in","cloudflare_error":true,"retryable":true,"retry
[13:39:59]   FINNIFTY chain unavailable [OPTIONS_CHAIN_ERROR]: FyersAPIError: Fyers HTTP 429 on https://api-t1.fyers.in/data/options-chain-v3?symbol=NSE%3AFINNIFTY-INDEX&strikecount=30: {"type":"https://developers.cloudflare.com/support/troubleshooting/http-status-codes/cloudflare-1xxx-errors/error-1015/","title":"Error 1015: You are being rate limited","status":429,"detail":"You are being rate-limited by the website owner's configuration.","instance":"a2e8289d9b47ff9f","error_code":1015,"error_name":"rate_limited","error_category":"rate_limit","ray_id":"a2e8289d9b47ff9f","timestamp":"2026-08-21T08:09:58Z","zone":"api-t1.fyers.in","cloudflare_error":true,"retryable":true,"retry
[13:40:00]   MIDCPNIFTY chain unavailable [OPTIONS_CHAIN_ERROR]: FyersAPIError: Fyers HTTP 429 on https://api-t1.fyers.in/data/options-chain-v3?symbol=NSE%3AMIDCPNIFTY-INDEX&strikecount=30: {"type":"https://developers.cloudflare.com/support/troubleshooting/http-status-codes/cloudflare-1xxx-errors/error-1015/","title":"Error 1015: You are being rate limited","status":429,"detail":"You are being rate-limited by the website owner's configuration.","instance":"a2e8289eae662772","error_code":1015,"error_name":"rate_limited","error_category":"rate_limit","ray_id":"a2e8289eae662772","timestamp":"2026-08-21T08:09:58Z","zone":"api-t1.fyers.in","cloudflare_error":true,"retryable":true,"retry
[13:40:00]   SENSEX chain unavailable [OPTIONS_CHAIN_ERROR]: FyersAPIError: Fyers HTTP 429 on https://api-t1.fyers.in/data/options-chain-v3?symbol=BSE%3ASENSEX-INDEX&strikecount=30: {"type":"https://developers.cloudflare.com/support/troubleshooting/http-status-codes/cloudflare-1xxx-errors/error-1015/","title":"Error 1015: You are being rate limited","status":429,"detail":"You are being rate-limited by the website owner's configuration.","instance":"a2e8289fadef47d5","error_code":1015,"error_name":"rate_limited","error_category":"rate_limit","ray_id":"a2e8289fadef47d5","timestamp":"2026-08-21T08:09:58Z","zone":"api-t1.fyers.in","cloudflare_error":true,"retryable":true,"retry
[13:40:03]   NIFTYNXT50 NSE:NIFTYNXT5026AUG73700CE depth unavailable: ValueError: Fyers depth source timestamp invalid
[13:40:03]   NIFTYNXT50 NSE:NIFTYNXT5026AUG73700PE depth unavailable: ValueError: Fyers depth source timestamp invalid
[13:40:04]   NIFTYNXT50 NSE:NIFTYNXT5026AUG73800PE depth unavailable: ValueError: Fyers depth source timestamp invalid
[13:40:04]   NIFTYNXT50 NSE:NIFTYNXT5026AUG73900CE depth unavailable: ValueError: Fyers depth source timestamp invalid
[13:40:04]   NIFTYNXT50 NSE:NIFTYNXT5026AUG73900PE depth unavailable: ValueError: Fyers depth source timestamp invalid
[13:40:04]   NIFTYFPI chain unavailable [OPTIONS_CHAIN_UNAVAILABLE]: OptionChainParseError: Missing data.optionsChain in Fyers payload
[13:40:07]   ADANIENT NSE:ADANIENT26AUG3040PE depth unavailable: FyersAPIError: Fyers HTTP 429 on https://api-t1.fyers.in/data/depth?symbol=NSE%3AADANIENT26AUG3040PE&ohlcv_flag=1: {"type":"https://developers.cloudflare.com/support/troubleshooting/http-status-c
[13:40:07]   ADANIPORTS chain unavailable [OPTIONS_CHAIN_ERROR]: FyersAPIError: Fyers HTTP 429 on https://api-t1.fyers.in/data/options-chain-v3?symbol=NSE%3AADANIPORTS-EQ&strikecount=30: {"type":"https://developers.cloudflare.com/support/troubleshooting/http-status-codes/cloudflare-1xxx-errors/error-1015/","title":"Error 1015: You are being rate limited","status":429,"detail":"You are being rate-limited by the website owner's configuration.","instance":"a2e828cfeb2f31be","error_code":1015,"error_name":"rate_limited","error_category":"rate_limit","ray_id":"a2e828cfeb2f31be","timestamp":"2026-08-21T08:10:06Z","zone":"api-t1.fyers.in","cloudflare_error":true,"retryable":true,"retry
[13:40:08]   APOLLOHOSP chain unavailable [OPTIONS_CHAIN_ERROR]: FyersAPIError: Fyers HTTP 429 on https://api-t1.fyers.in/data/options-chain-v3?symbol=NSE%3AAPOLLOHOSP-EQ&strikecount=30: {"type":"https://developers.cloudflare.com/support/troubleshooting/http-status-codes/cloudflare-1xxx-errors/error-1015/","title":"Error 1015: You are being rate limited","status":429,"detail":"You are being rate-limited by the website owner's configuration.","instance":"a2e828d0ffbbfdd4","error_code":1015,"error_name":"rate_limited","error_category":"rate_limit","ray_id":"a2e828d0ffbbfdd4","timestamp":"2026-08-21T08:10:06Z","zone":"api-t1.fyers.in","cloudflare_error":true,"retryable":true,"retry
[13:40:08]   DATA HEALTH ALERT BANKEX: CE/PE timestamp delta 49192.00s at 65200.0; CE/PE timestamp delta 214.00s at 65300.0; CE/PE timestamp delta 106.00s at 65400.0; Candidate option quote stale 14.48s; Candidate option quote stale 228.48s; Candidate option quote stale 49208.48s; Candidate option quote stale 16.48s; Candidate option quote stale 230.48s; Candidate option quote stale 124.48s
[13:40:08]   DATA HEALTH ALERT FOCIT: CE/PE timestamp delta 42703.00s at 37300.0; Candidate option quote stale 49208.48s; Candidate option quote stale 49208.48s; Candidate option quote stale 49208.49s; Candidate option quote stale 49208.49s; Candidate option quote stale 6505.49s; Candidate option quote stale 49208.49s
[13:40:08]   DATA HEALTH ALERT NIFTYNXT50: CE/PE timestamp delta 1813470.34s at 73800.0; Candidate option quote stale 1813479.49s; Candidate option quote depth unavailable; Candidate option quote depth unavailable; Candidate option quote depth unavailable; Candidate option quote depth unavailable; Candidate option quote depth unavailable
[13:40:13]   NIFTY chain unavailable [OPTIONS_CHAIN_ERROR]: FyersAPIError: Fyers HTTP 429 on https://api-t1.fyers.in/data/options-chain-v3?symbol=NSE%3ANIFTY50-INDEX&strikecount=30: {"type":"https://developers.cloudflare.com/support/troubleshooting/http-status-codes/cloudflare-1xxx-errors/error-1015/","title":"Error 1015: You are being rate limited","status":429,"detail":"You are being rate-limited by the website owner's configuration.","instance":"a2e828f43a28c08b","error_code":1015,"error_name":"rate_limited","error_category":"rate_limit","ray_id":"a2e828f43a28c08b","timestamp":"2026-08-21T08:10:12Z","zone":"api-t1.fyers.in","cloudflare_error":true,"retryable":true,"retry
[13:40:13]   BANKNIFTY chain unavailable [OPTIONS_CHAIN_ERROR]: FyersAPIError: Fyers HTTP 429 on https://api-t1.fyers.in/data/options-chain-v3?symbol=NSE%3ANIFTYBANK-INDEX&strikecount=30: {"type":"https://developers.cloudflare.com/support/troubleshooting/http-status-codes/cloudflare-1xxx-errors/error-1015/","title":"Error 1015: You are being rate limited","status":429,"detail":"You are being rate-limited by the website owner's configuration.","instance":"a2e828f54e41ca57","error_code":1015,"error_name":"rate_limited","error_category":"rate_limit","ray_id":"a2e828f54e41ca57","timestamp":"2026-08-21T08:10:12Z","zone":"api-t1.fyers.in","cloudflare_error":true,"retryable":true,"retry
[13:40:14]   FINNIFTY chain unavailable [OPTIONS_CHAIN_ERROR]: FyersAPIError: Fyers HTTP 429 on https://api-t1.fyers.in/data/options-chain-v3?symbol=NSE%3AFINNIFTY-INDEX&strikecount=30: {"type":"https://developers.cloudflare.com/support/troubleshooting/http-status-codes/cloudflare-1xxx-errors/error-1015/","title":"Error 1015: You are being rate limited","status":429,"detail":"You are being rate-limited by the website owner's configuration.","instance":"a2e828f669beb1e7","error_code":1015,"error_name":"rate_limited","error_category":"rate_limit","ray_id":"a2e828f669beb1e7","timestamp":"2026-08-21T08:10:12Z","zone":"api-t1.fyers.in","cloudflare_error":true,"retryable":true,"retry
[13:40:29]   BAJAJFINSV NSE:BAJAJFINSV26AUG2040CE depth unavailable: FyersAPIError: Fyers HTTP 429 on https://api-t1.fyers.in/data/depth?symbol=NSE%3ABAJAJFINSV26AUG2040CE&ohlcv_flag=1: {"type":"https://developers.cloudflare.com/support/troubleshooting/http-status
[13:40:43]   NIFTY chain unavailable [OPTIONS_CHAIN_ERROR]: FyersAPIError: Fyers HTTP 429 on https://api-t1.fyers.in/data/options-chain-v3?symbol=NSE%3ANIFTY50-INDEX&strikecount=30: {"type":"https://developers.cloudflare.com/support/troubleshooting/http-status-codes/cloudflare-1xxx-errors/error-1015/","title":"Error 1015: You are being rate limited","status":429,"detail":"You are being rate-limited by the website owner's configuration.","instance":"a2e829afcbda2c60","error_code":1015,"error_name":"rate_limited","error_category":"rate_limit","ray_id":"a2e829afcbda2c60","timestamp":"2026-08-21T08:10:42Z","zone":"api-t1.fyers.in","cloudflare_error":true,"retryable":true,"retry
[13:40:44]   BANKNIFTY chain unavailable [OPTIONS_CHAIN_ERROR]: FyersAPIError: Fyers HTTP 429 on https://api-t1.fyers.in/data/options-chain-v3?symbol=NSE%3ANIFTYBANK-INDEX&strikecount=30: {"type":"https://developers.cloudflare.com/support/troubleshooting/http-status-codes/cloudflare-1xxx-errors/error-1015/","title":"Error 1015: You are being rate limited","status":429,"detail":"You are being rate-limited by the website owner's configuration.","instance":"a2e829b11eb2f01d","error_code":1015,"error_name":"rate_limited","error_category":"rate_limit","ray_id":"a2e829b11eb2f01d","timestamp":"2026-08-21T08:10:42Z","zone":"api-t1.fyers.in","cloudflare_error":true,"retryable":true,"retry
[13:40:44]   FINNIFTY chain unavailable [OPTIONS_CHAIN_ERROR]: FyersAPIError: Fyers HTTP 429 on https://api-t1.fyers.in/data/options-chain-v3?symbol=NSE%3AFINNIFTY-INDEX&strikecount=30: {"type":"https://developers.cloudflare.com/support/troubleshooting/http-status-codes/cloudflare-1xxx-errors/error-1015/","title":"Error 1015: You are being rate limited","status":429,"detail":"You are being rate-limited by the website owner's configuration.","instance":"a2e829b248e8d109","error_code":1015,"error_name":"rate_limited","error_category":"rate_limit","ray_id":"a2e829b248e8d109","timestamp":"2026-08-21T08:10:42Z","zone":"api-t1.fyers.in","cloudflare_error":true,"retryable":true,"retry
[13:40:51]   BAJAJ-AUTO NSE:BAJAJ-AUTO26AUG11800CE depth unavailable: FyersAPIError: Fyers HTTP 429 on https://api-t1.fyers.in/data/depth?symbol=NSE%3ABAJAJ-AUTO26AUG11800CE&ohlcv_flag=1: {"type":"https://developers.cloudflare.com/support/troubleshooting/http-statu
[13:41:01]   DATA HEALTH ALERT MIDCPNIFTY: CE/PE timestamp delta 7.00s at 14825.0; CE/PE timestamp delta 7.00s at 14850.0; Candidate option quote stale 28.64s; Candidate option quote stale 21.64s; Candidate option quote stale 30.64s; Candidate option quote stale 23.64s; Candidate option quote stale 20.64s; Candidate option quote stale 20.65s
[13:41:01]   DATA HEALTH ALERT ASIANPAINT: CE/PE timestamp delta 102.00s at 2600.0; CE/PE timestamp delta 46.00s at 2620.0; CE/PE timestamp delta 269.00s at 2640.0; Candidate option quote stale 170.65s; Candidate option quote stale 216.66s; Candidate option quote stale 174.66s; Candidate option quote stale 72.66s; Candidate option quote stale 155.66s; Candidate option quote stale 424.66s
[13:41:01]   DATA HEALTH ALERT AXISBANK: CE/PE timestamp delta 245.00s at 1220.0; CE/PE timestamp delta 74.00s at 1240.0; CE/PE timestamp delta 90.00s at 1260.0; Candidate option quote stale 124.66s; Candidate option quote stale 50.66s; Candidate option quote stale 281.66s; Candidate option quote stale 36.66s; Candidate option quote stale 34.66s; Candidate option quote stale 124.67s
[13:41:01]   DATA HEALTH ALERT BAJAJ-AUTO: CE/PE timestamp delta 19.00s at 11600.0; CE/PE timestamp delta 18.00s at 11700.0; CE/PE timestamp delta 153.63s at 11800.0; Candidate option quote stale 19.67s; Candidate option quote stale 37.67s; Candidate option quote stale 49.67s; Candidate option quote stale 68.67s; Candidate option quote depth unavailable; Candidate option quote stale 171.67s
[13:41:01]   DATA HEALTH ALERT BAJFINANCE: CE/PE timestamp delta 11.00s at 1090.0; Candidate option quote stale 20.67s; Candidate option quote stale 31.67s; Candidate option quote stale 19.67s; Candidate option quote stale 19.68s; Candidate option quote stale 21.68s; Candidate option quote stale 20.68s
[13:41:01]   DATA HEALTH ALERT BAJAJFINSV: CE/PE timestamp delta 13.00s at 2000.0; CE/PE timestamp delta 12.00s at 2020.0; Candidate option quote stale 30.68s; Candidate option quote stale 42.68s; Candidate option quote stale 16.68s; Candidate option quote stale 29.68s; Candidate option quote stale 30.68s; Candidate option quote stale 30.69s
[13:41:01]   DATA HEALTH ALERT BEL: CE/PE timestamp delta 93.00s at 415.0; CE/PE timestamp delta 9.00s at 420.0; Candidate option quote stale 12.69s; Candidate option quote stale 105.69s; Candidate option quote stale 19.69s; Candidate option quote stale 20.69s; Candidate option quote stale 22.69s; Candidate option quote stale 31.69s
[13:41:01]   DATA HEALTH ALERT BHARTIARTL: CE/PE timestamp delta 25.00s at 1920.0; Candidate option quote stale 11.69s; Candidate option quote stale 11.69s; Candidate option quote stale 92.69s; Candidate option quote stale 67.69s; Candidate option quote stale 72.69s; Candidate option quote stale 74.70s
[13:41:01]   DATA HEALTH ALERT CIPLA: CE/PE timestamp delta 450.00s at 1410.0; CE/PE timestamp delta 4.00s at 1420.0; CE/PE timestamp delta 21.00s at 1430.0; Candidate option quote warning stale 5.70s; Candidate option quote stale 9.70s; Candidate option quote stale 481.70s; Candidate option quote stale 31.70s; Candidate option quote stale 31.70s; Candidate option quote stale 52.70s
[13:41:13]   BANKNIFTY NSE:BANKNIFTY26AUG57700PE depth unavailable: FyersAPIError: Fyers HTTP 429 on https://api-t1.fyers.in/data/depth?symbol=NSE%3ABANKNIFTY26AUG57700PE&ohlcv_flag=1: {"type":"https://developers.cloudflare.com/support/troubleshooting/http-status
[13:41:18]   ASIANPAINT chain unavailable [OPTIONS_CHAIN_ERROR]: FyersAPIError: Fyers HTTP 429 on https://api-t1.fyers.in/data/options-chain-v3?symbol=NSE%3AASIANPAINT-EQ&strikecount=30: {"type":"https://developers.cloudflare.com/support/troubleshooting/http-status-codes/cloudflare-1xxx-errors/error-1015/","title":"Error 1015: You are being rate limited","status":429,"detail":"You are being rate-limited by the website owner's configuration.","instance":"a2e82a880f193ac8","error_code":1015,"error_name":"rate_limited","error_category":"rate_limit","ray_id":"a2e82a880f193ac8","timestamp":"2026-08-21T08:11:17Z","zone":"api-t1.fyers.in","cloudflare_error":true,"retryable":true,"retry
[13:41:18]   AXISBANK chain unavailable [OPTIONS_CHAIN_ERROR]: FyersAPIError: Fyers HTTP 429 on https://api-t1.fyers.in/data/options-chain-v3?symbol=NSE%3AAXISBANK-EQ&strikecount=30: {"type":"https://developers.cloudflare.com/support/troubleshooting/http-status-codes/cloudflare-1xxx-errors/error-1015/","title":"Error 1015: You are being rate limited","status":429,"detail":"You are being rate-limited by the website owner's configuration.","instance":"a2e82a89785046ad","error_code":1015,"error_name":"rate_limited","error_category":"rate_limit","ray_id":"a2e82a89785046ad","timestamp":"2026-08-21T08:11:17Z","zone":"api-t1.fyers.in","cloudflare_error":true,"retryable":true,"retry
[13:41:18]   BAJAJ-AUTO chain unavailable [OPTIONS_CHAIN_ERROR]: FyersAPIError: Fyers HTTP 429 on https://api-t1.fyers.in/data/options-chain-v3?symbol=NSE%3ABAJAJ-AUTO-EQ&strikecount=30: {"type":"https://developers.cloudflare.com/support/troubleshooting/http-status-codes/cloudflare-1xxx-errors/error-1015/","title":"Error 1015: You are being rate limited","status":429,"detail":"You are being rate-limited by the website owner's configuration.","instance":"a2e82a8acf5afc8b","error_code":1015,"error_name":"rate_limited","error_category":"rate_limit","ray_id":"a2e82a8acf5afc8b","timestamp":"2026-08-21T08:11:17Z","zone":"api-t1.fyers.in","cloudflare_error":true,"retryable":true,"retry
[13:41:19]   BAJFINANCE chain unavailable [OPTIONS_CHAIN_ERROR]: FyersAPIError: Fyers HTTP 429 on https://api-t1.fyers.in/data/options-chain-v3?symbol=NSE%3ABAJFINANCE-EQ&strikecount=30: {"type":"https://developers.cloudflare.com/support/troubleshooting/http-status-codes/cloudflare-1xxx-errors/error-1015/","title":"Error 1015: You are being rate limited","status":429,"detail":"You are being rate-limited by the website owner's configuration.","instance":"a2e82a8c38cd48da","error_code":1015,"error_name":"rate_limited","error_category":"rate_limit","ray_id":"a2e82a8c38cd48da","timestamp":"2026-08-21T08:11:17Z","zone":"api-t1.fyers.in","cloudflare_error":true,"retryable":true,"retry
[13:41:25]   CIPLA chain unavailable [OPTIONS_CHAIN_ERROR]: FyersAPIError: Fyers HTTP 429 on https://api-t1.fyers.in/data/options-chain-v3?symbol=NSE%3ACIPLA-EQ&strikecount=30: {"type":"https://developers.cloudflare.com/support/troubleshooting/http-status-codes/cloudflare-1xxx-errors/error-1015/","title":"Error 1015: You are being rate limited","status":429,"detail":"You are being rate-limited by the website owner's configuration.","instance":"a2e82ab4af822433","error_code":1015,"error_name":"rate_limited","error_category":"rate_limit","ray_id":"a2e82ab4af822433","timestamp":"2026-08-21T08:11:24Z","zone":"api-t1.fyers.in","cloudflare_error":true,"retryable":true,"retry
[13:41:34]   NIFTY NSE:NIFTY26AUG24300PE depth unavailable: FyersAPIError: Fyers HTTP 429 on https://api-t1.fyers.in/data/depth?symbol=NSE%3ANIFTY26AUG24300PE&ohlcv_flag=1: {"type":"https://developers.cloudflare.com/support/troubleshooting/http-status-cod
[13:41:35]   BANKNIFTY chain unavailable [OPTIONS_CHAIN_ERROR]: FyersAPIError: Fyers HTTP 429 on https://api-t1.fyers.in/data/options-chain-v3?symbol=NSE%3ANIFTYBANK-INDEX&strikecount=30: {"type":"https://developers.cloudflare.com/support/troubleshooting/http-status-codes/cloudflare-1xxx-errors/error-1015/","title":"Error 1015: You are being rate limited","status":429,"detail":"You are being rate-limited by the website owner's configuration.","instance":"a2e82af04b2aff65","error_code":1015,"error_name":"rate_limited","error_category":"rate_limit","ray_id":"a2e82af04b2aff65","timestamp":"2026-08-21T08:11:33Z","zone":"api-t1.fyers.in","cloudflare_error":true,"retryable":true,"retry
[13:41:35]   FINNIFTY chain unavailable [OPTIONS_CHAIN_ERROR]: FyersAPIError: Fyers HTTP 429 on https://api-t1.fyers.in/data/options-chain-v3?symbol=NSE%3AFINNIFTY-INDEX&strikecount=30: {"type":"https://developers.cloudflare.com/support/troubleshooting/http-status-codes/cloudflare-1xxx-errors/error-1015/","title":"Error 1015: You are being rate limited","status":429,"detail":"You are being rate-limited by the website owner's configuration.","instance":"a2e82af14ca3fcad","error_code":1015,"error_name":"rate_limited","error_category":"rate_limit","ray_id":"a2e82af14ca3fcad","timestamp":"2026-08-21T08:11:33Z","zone":"api-t1.fyers.in","cloudflare_error":true,"retryable":true,"retry
[13:41:40]   EICHERMOT chain unavailable [OPTIONS_CHAIN_ERROR]: FyersAPIError: Fyers HTTP 429 on https://api-t1.fyers.in/data/options-chain-v3?symbol=NSE%3AEICHERMOT-EQ&strikecount=30: {"type":"https://developers.cloudflare.com/support/troubleshooting/http-status-codes/cloudflare-1xxx-errors/error-1015/","title":"Error 1015: You are being rate limited","status":429,"detail":"You are being rate-limited by the website owner's configuration.","instance":"a2e82b11f8c23e04","error_code":1015,"error_name":"rate_limited","error_category":"rate_limit","ray_id":"a2e82b11f8c23e04","timestamp":"2026-08-21T08:11:39Z","zone":"api-t1.fyers.in","cloudflare_error":true,"retryable":true,"retry
[13:41:40]   ETERNAL chain unavailable [OPTIONS_CHAIN_ERROR]: FyersAPIError: Fyers HTTP 429 on https://api-t1.fyers.in/data/options-chain-v3?symbol=NSE%3AETERNAL-EQ&strikecount=30: {"type":"https://developers.cloudflare.com/support/troubleshooting/http-status-codes/cloudflare-1xxx-errors/error-1015/","title":"Error 1015: You are being rate limited","status":429,"detail":"You are being rate-limited by the website owner's configuration.","instance":"a2e82b130fca2e5e","error_code":1015,"error_name":"rate_limited","error_category":"rate_limit","ray_id":"a2e82b130fca2e5e","timestamp":"2026-08-21T08:11:39Z","zone":"api-t1.fyers.in","cloudflare_error":true,"retryable":true,"retry
[13:41:40]   GRASIM chain unavailable [OPTIONS_CHAIN_ERROR]: FyersAPIError: Fyers HTTP 429 on https://api-t1.fyers.in/data/options-chain-v3?symbol=NSE%3AGRASIM-EQ&strikecount=30: {"type":"https://developers.cloudflare.com/support/troubleshooting/http-status-codes/cloudflare-1xxx-errors/error-1015/","title":"Error 1015: You are being rate limited","status":429,"detail":"You are being rate-limited by the website owner's configuration.","instance":"a2e82b143f652666","error_code":1015,"error_name":"rate_limited","error_category":"rate_limit","ray_id":"a2e82b143f652666","timestamp":"2026-08-21T08:11:39Z","zone":"api-t1.fyers.in","cloudflare_error":true,"retryable":true,"retry
[13:41:41]   HCLTECH chain unavailable [OPTIONS_CHAIN_ERROR]: FyersAPIError: Fyers HTTP 429 on https://api-t1.fyers.in/data/options-chain-v3?symbol=NSE%3AHCLTECH-EQ&strikecount=30: {"type":"https://developers.cloudflare.com/support/troubleshooting/http-status-codes/cloudflare-1xxx-errors/error-1015/","title":"Error 1015: You are being rate limited","status":429,"detail":"You are being rate-limited by the website owner's configuration.","instance":"a2e82b153a13146a","error_code":1015,"error_name":"rate_limited","error_category":"rate_limit","ray_id":"a2e82b153a13146a","timestamp":"2026-08-21T08:11:39Z","zone":"api-t1.fyers.in","cloudflare_error":true,"retryable":true,"retry
[13:41:41]   HDFCBANK chain unavailable [OPTIONS_CHAIN_ERROR]: FyersAPIError: Fyers HTTP 429 on https://api-t1.fyers.in/data/options-chain-v3?symbol=NSE%3AHDFCBANK-EQ&strikecount=30: {"type":"https://developers.cloudflare.com/support/troubleshooting/http-status-codes/cloudflare-1xxx-errors/error-1015/","title":"Error 1015: You are being rate limited","status":429,"detail":"You are being rate-limited by the website owner's configuration.","instance":"a2e82b164f3e117e","error_code":1015,"error_name":"rate_limited","error_category":"rate_limit","ray_id":"a2e82b164f3e117e","timestamp":"2026-08-21T08:11:39Z","zone":"api-t1.fyers.in","cloudflare_error":true,"retryable":true,"retry
[13:41:43]   DATA HEALTH ALERT NIFTY: Invalid IV for CE 22750.0; Missing delta for CE 22750.0; Invalid IV for PE 22750.0; Zero volume CE at 22750.0; Zero volume CE at 22850.0; Zero volume CE at 22950.0; Candidate option quote stale 13.94s; Candidate option quote stale 12.94s; Candidate option quote stale 14.94s; Candidate option quote stale 13.94s; Candidate option quote stale 13.94s; Candidate option quote depth unavailable
[13:42:09]   HDFCLIFE chain unavailable [OPTIONS_CHAIN_ERROR]: FyersAPIError: Fyers HTTP 429 on https://api-t1.fyers.in/data/options-chain-v3?symbol=NSE%3AHDFCLIFE-EQ&strikecount=30: {"type":"https://developers.cloudflare.com/support/troubleshooting/http-status-codes/cloudflare-1xxx-errors/error-1015/","title":"Error 1015: You are being rate limited","status":429,"detail":"You are being rate-limited by the website owner's configuration.","instance":"a2e82bc728da3acb","error_code":1015,"error_name":"rate_limited","error_category":"rate_limit","ray_id":"a2e82bc728da3acb","timestamp":"2026-08-21T08:12:08Z","zone":"api-t1.fyers.in","cloudflare_error":true,"retryable":true,"retry
[13:42:10]   DATA HEALTH ALERT COALINDIA: CE/PE timestamp delta 7.00s at 400.0; CE/PE timestamp delta 25.00s at 405.0; CE/PE timestamp delta 43.00s at 410.0; Candidate option quote stale 71.37s; Candidate option quote stale 46.37s; Candidate option quote stale 123.38s; Candidate option quote stale 116.38s; Candidate option quote stale 113.38s; Candidate option quote stale 70.38s
[13:42:10]   DATA HEALTH ALERT DRREDDY: CE/PE timestamp delta 72.00s at 1170.0; CE/PE timestamp delta 20.00s at 1180.0; CE/PE timestamp delta 488.00s at 1190.0; Candidate option quote stale 60.38s; Candidate option quote stale 40.38s; Candidate option quote stale 120.38s; Candidate option quote stale 48.38s; Candidate option quote stale 26.39s; Candidate option quote stale 514.39s
[13:42:16]   NIFTY chain unavailable [OPTIONS_CHAIN_ERROR]: FyersAPIError: Fyers HTTP 429 on https://api-t1.fyers.in/data/options-chain-v3?symbol=NSE%3ANIFTY50-INDEX&strikecount=30: {"type":"https://developers.cloudflare.com/support/troubleshooting/http-status-codes/cloudflare-1xxx-errors/error-1015/","title":"Error 1015: You are being rate limited","status":429,"detail":"You are being rate-limited by the website owner's configuration.","instance":"a2e82bf2983d8377","error_code":1015,"error_name":"rate_limited","error_category":"rate_limit","ray_id":"a2e82bf2983d8377","timestamp":"2026-08-21T08:12:15Z","zone":"api-t1.fyers.in","cloudflare_error":true,"retryable":true,"retry
[13:42:16]   BANKNIFTY chain unavailable [OPTIONS_CHAIN_ERROR]: FyersAPIError: Fyers HTTP 429 on https://api-t1.fyers.in/data/options-chain-v3?symbol=NSE%3ANIFTYBANK-INDEX&strikecount=30: {"type":"https://developers.cloudflare.com/support/troubleshooting/http-status-codes/cloudflare-1xxx-errors/error-1015/","title":"Error 1015: You are being rate limited","status":429,"detail":"You are being rate-limited by the website owner's configuration.","instance":"a2e82bf38c083b2d","error_code":1015,"error_name":"rate_limited","error_category":"rate_limit","ray_id":"a2e82bf38c083b2d","timestamp":"2026-08-21T08:12:15Z","zone":"api-t1.fyers.in","cloudflare_error":true,"retryable":true,"retry
[13:42:16]   FINNIFTY chain unavailable [OPTIONS_CHAIN_ERROR]: FyersAPIError: Fyers HTTP 429 on https://api-t1.fyers.in/data/options-chain-v3?symbol=NSE%3AFINNIFTY-INDEX&strikecount=30: {"type":"https://developers.cloudflare.com/support/troubleshooting/http-status-codes/cloudflare-1xxx-errors/error-1015/","title":"Error 1015: You are being rate limited","status":429,"detail":"You are being rate-limited by the website owner's configuration.","instance":"a2e82bf48a930bb8","error_code":1015,"error_name":"rate_limited","error_category":"rate_limit","ray_id":"a2e82bf48a930bb8","timestamp":"2026-08-21T08:12:15Z","zone":"api-t1.fyers.in","cloudflare_error":true,"retryable":true,"retry
[13:42:16]   MIDCPNIFTY chain unavailable [OPTIONS_CHAIN_ERROR]: FyersAPIError: Fyers HTTP 429 on https://api-t1.fyers.in/data/options-chain-v3?symbol=NSE%3AMIDCPNIFTY-INDEX&strikecount=30: {"type":"https://developers.cloudflare.com/support/troubleshooting/http-status-codes/cloudflare-1xxx-errors/error-1015/","title":"Error 1015: You are being rate limited","status":429,"detail":"You are being rate-limited by the website owner's configuration.","instance":"a2e82bf5ab3d408d","error_code":1015,"error_name":"rate_limited","error_category":"rate_limit","ray_id":"a2e82bf5ab3d408d","timestamp":"2026-08-21T08:12:15Z","zone":"api-t1.fyers.in","cloudflare_error":true,"retryable":true,"retry
[13:42:17]   COALINDIA chain unavailable [OPTIONS_CHAIN_ERROR]: FyersAPIError: Fyers HTTP 429 on https://api-t1.fyers.in/data/options-chain-v3?symbol=NSE%3ACOALINDIA-EQ&strikecount=30: {"type":"https://developers.cloudflare.com/support/troubleshooting/http-status-codes/cloudflare-1xxx-errors/error-1015/","title":"Error 1015: You are being rate limited","status":429,"detail":"You are being rate-limited by the website owner's configuration.","instance":"a2e82bf6cec66ebc","error_code":1015,"error_name":"rate_limited","error_category":"rate_limit","ray_id":"a2e82bf6cec66ebc","timestamp":"2026-08-21T08:12:15Z","zone":"api-t1.fyers.in","cloudflare_error":true,"retryable":true,"retry
[13:42:17]   DRREDDY chain unavailable [OPTIONS_CHAIN_ERROR]: FyersAPIError: Fyers HTTP 429 on https://api-t1.fyers.in/data/options-chain-v3?symbol=NSE%3ADRREDDY-EQ&strikecount=30: {"type":"https://developers.cloudflare.com/support/troubleshooting/http-status-codes/cloudflare-1xxx-errors/error-1015/","title":"Error 1015: You are being rate limited","status":429,"detail":"You are being rate-limited by the website owner's configuration.","instance":"a2e82bf7e8bb3c16","error_code":1015,"error_name":"rate_limited","error_category":"rate_limit","ray_id":"a2e82bf7e8bb3c16","timestamp":"2026-08-21T08:12:15Z","zone":"api-t1.fyers.in","cloudflare_error":true,"retryable":true,"retry
[13:42:17]   EICHERMOT chain unavailable [OPTIONS_CHAIN_ERROR]: FyersAPIError: Fyers HTTP 429 on https://api-t1.fyers.in/data/options-chain-v3?symbol=NSE%3AEICHERMOT-EQ&strikecount=30: {"type":"https://developers.cloudflare.com/support/troubleshooting/http-status-codes/cloudflare-1xxx-errors/error-1015/","title":"Error 1015: You are being rate limited","status":429,"detail":"You are being rate-limited by the website owner's configuration.","instance":"a2e82bf8fbbd2e47","error_code":1015,"error_name":"rate_limited","error_category":"rate_limit","ray_id":"a2e82bf8fbbd2e47","timestamp":"2026-08-21T08:12:16Z","zone":"api-t1.fyers.in","cloudflare_error":true,"retryable":true,"retry
[13:42:17]   ETERNAL chain unavailable [OPTIONS_CHAIN_ERROR]: FyersAPIError: Fyers HTTP 429 on https://api-t1.fyers.in/data/options-chain-v3?symbol=NSE%3AETERNAL-EQ&strikecount=30: {"type":"https://developers.cloudflare.com/support/troubleshooting/http-status-codes/cloudflare-1xxx-errors/error-1015/","title":"Error 1015: You are being rate limited","status":429,"detail":"You are being rate-limited by the website owner's configuration.","instance":"a2e82bfa1e3d80c7","error_code":1015,"error_name":"rate_limited","error_category":"rate_limit","ray_id":"a2e82bfa1e3d80c7","timestamp":"2026-08-21T08:12:16Z","zone":"api-t1.fyers.in","cloudflare_error":true,"retryable":true,"retry
[13:42:17]   GRASIM chain unavailable [OPTIONS_CHAIN_ERROR]: FyersAPIError: Fyers HTTP 429 on https://api-t1.fyers.in/data/options-chain-v3?symbol=NSE%3AGRASIM-EQ&strikecount=30: {"type":"https://developers.cloudflare.com/support/troubleshooting/http-status-codes/cloudflare-1xxx-errors/error-1015/","title":"Error 1015: You are being rate limited","status":429,"detail":"You are being rate-limited by the website owner's configuration.","instance":"a2e82bfb0db73b2e","error_code":1015,"error_name":"rate_limited","error_category":"rate_limit","ray_id":"a2e82bfb0db73b2e","timestamp":"2026-08-21T08:12:16Z","zone":"api-t1.fyers.in","cloudflare_error":true,"retryable":true,"retry
[13:42:17]   HCLTECH chain unavailable [OPTIONS_CHAIN_ERROR]: FyersAPIError: Fyers HTTP 429 on https://api-t1.fyers.in/data/options-chain-v3?symbol=NSE%3AHCLTECH-EQ&strikecount=30: {"type":"https://developers.cloudflare.com/support/troubleshooting/http-status-codes/cloudflare-1xxx-errors/error-1015/","title":"Error 1015: You are being rate limited","status":429,"detail":"You are being rate-limited by the website owner's configuration.","instance":"a2e82bfc0ed4ff72","error_code":1015,"error_name":"rate_limited","error_category":"rate_limit","ray_id":"a2e82bfc0ed4ff72","timestamp":"2026-08-21T08:12:16Z","zone":"api-t1.fyers.in","cloudflare_error":true,"retryable":true,"retry
[13:42:18]   HDFCBANK chain unavailable [OPTIONS_CHAIN_ERROR]: FyersAPIError: Fyers HTTP 429 on https://api-t1.fyers.in/data/options-chain-v3?symbol=NSE%3AHDFCBANK-EQ&strikecount=30: {"type":"https://developers.cloudflare.com/support/troubleshooting/http-status-codes/cloudflare-1xxx-errors/error-1015/","title":"Error 1015: You are being rate limited","status":429,"detail":"You are being rate-limited by the website owner's configuration.","instance":"a2e82bfd38e7f487","error_code":1015,"error_name":"rate_limited","error_category":"rate_limit","ray_id":"a2e82bfd38e7f487","timestamp":"2026-08-21T08:12:16Z","zone":"api-t1.fyers.in","cloudflare_error":true,"retryable":true,"retry
[13:42:24]   NIFTY chain unavailable [OPTIONS_CHAIN_ERROR]: FyersAPIError: Fyers HTTP 429 on https://api-t1.fyers.in/data/options-chain-v3?symbol=NSE%3ANIFTY50-INDEX&strikecount=30: {"type":"https://developers.cloudflare.com/support/troubleshooting/http-status-codes/cloudflare-1xxx-errors/error-1015/","title":"Error 1015: You are being rate limited","status":429,"detail":"You are being rate-limited by the website owner's configuration.","instance":"a2e82c264a61d7f3","error_code":1015,"error_name":"rate_limited","error_category":"rate_limit","ray_id":"a2e82c264a61d7f3","timestamp":"2026-08-21T08:12:23Z","zone":"api-t1.fyers.in","cloudflare_error":true,"retryable":true,"retry
[13:42:24]   BANKNIFTY chain unavailable [OPTIONS_CHAIN_ERROR]: FyersAPIError: Fyers HTTP 429 on https://api-t1.fyers.in/data/options-chain-v3?symbol=NSE%3ANIFTYBANK-INDEX&strikecount=30: {"type":"https://developers.cloudflare.com/support/troubleshooting/http-status-codes/cloudflare-1xxx-errors/error-1015/","title":"Error 1015: You are being rate limited","status":429,"detail":"You are being rate-limited by the website owner's configuration.","instance":"a2e82c27488ec161","error_code":1015,"error_name":"rate_limited","error_category":"rate_limit","ray_id":"a2e82c27488ec161","timestamp":"2026-08-21T08:12:23Z","zone":"api-t1.fyers.in","cloudflare_error":true,"retryable":true,"retry
[13:42:25]   FINNIFTY chain unavailable [OPTIONS_CHAIN_ERROR]: FyersAPIError: Fyers HTTP 429 on https://api-t1.fyers.in/data/options-chain-v3?symbol=NSE%3AFINNIFTY-INDEX&strikecount=30: {"type":"https://developers.cloudflare.com/support/troubleshooting/http-status-codes/cloudflare-1xxx-errors/error-1015/","title":"Error 1015: You are being rate limited","status":429,"detail":"You are being rate-limited by the website owner's configuration.","instance":"a2e82c288ce7a55b","error_code":1015,"error_name":"rate_limited","error_category":"rate_limit","ray_id":"a2e82c288ce7a55b","timestamp":"2026-08-21T08:12:23Z","zone":"api-t1.fyers.in","cloudflare_error":true,"retryable":true,"retry
[13:42:25]   MIDCPNIFTY chain unavailable [OPTIONS_CHAIN_ERROR]: FyersAPIError: Fyers HTTP 429 on https://api-t1.fyers.in/data/options-chain-v3?symbol=NSE%3AMIDCPNIFTY-INDEX&strikecount=30: {"type":"https://developers.cloudflare.com/support/troubleshooting/http-status-codes/cloudflare-1xxx-errors/error-1015/","title":"Error 1015: You are being rate limited","status":429,"detail":"You are being rate-limited by the website owner's configuration.","instance":"a2e82c298890f57c","error_code":1015,"error_name":"rate_limited","error_category":"rate_limit","ray_id":"a2e82c298890f57c","timestamp":"2026-08-21T08:12:23Z","zone":"api-t1.fyers.in","cloudflare_error":true,"retryable":true,"retry
[13:42:30]   GRASIM chain unavailable [OPTIONS_CHAIN_ERROR]: FyersAPIError: Fyers HTTP 429 on https://api-t1.fyers.in/data/options-chain-v3?symbol=NSE%3AGRASIM-EQ&strikecount=30: {"type":"https://developers.cloudflare.com/support/troubleshooting/http-status-codes/cloudflare-1xxx-errors/error-1015/","title":"Error 1015: You are being rate limited","status":429,"detail":"You are being rate-limited by the website owner's configuration.","instance":"a2e82c4bed9684d7","error_code":1015,"error_name":"rate_limited","error_category":"rate_limit","ray_id":"a2e82c4bed9684d7","timestamp":"2026-08-21T08:12:29Z","zone":"api-t1.fyers.in","cloudflare_error":true,"retryable":true,"retry
[13:42:30]   HCLTECH chain unavailable [OPTIONS_CHAIN_ERROR]: FyersAPIError: Fyers HTTP 429 on https://api-t1.fyers.in/data/options-chain-v3?symbol=NSE%3AHCLTECH-EQ&strikecount=30: {"type":"https://developers.cloudflare.com/support/troubleshooting/http-status-codes/cloudflare-1xxx-errors/error-1015/","title":"Error 1015: You are being rate limited","status":429,"detail":"You are being rate-limited by the website owner's configuration.","instance":"a2e82c4d299e23ff","error_code":1015,"error_name":"rate_limited","error_category":"rate_limit","ray_id":"a2e82c4d299e23ff","timestamp":"2026-08-21T08:12:29Z","zone":"api-t1.fyers.in","cloudflare_error":true,"retryable":true,"retry
[13:42:31]   HDFCBANK chain unavailable [OPTIONS_CHAIN_ERROR]: FyersAPIError: Fyers HTTP 429 on https://api-t1.fyers.in/data/options-chain-v3?symbol=NSE%3AHDFCBANK-EQ&strikecount=30: {"type":"https://developers.cloudflare.com/support/troubleshooting/http-status-codes/cloudflare-1xxx-errors/error-1015/","title":"Error 1015: You are being rate limited","status":429,"detail":"You are being rate-limited by the website owner's configuration.","instance":"a2e82c4e5ffa0cdc","error_code":1015,"error_name":"rate_limited","error_category":"rate_limit","ray_id":"a2e82c4e5ffa0cdc","timestamp":"2026-08-21T08:12:29Z","zone":"api-t1.fyers.in","cloudflare_error":true,"retryable":true,"retry
[13:42:31]   HDFCLIFE chain unavailable [OPTIONS_CHAIN_ERROR]: FyersAPIError: Fyers HTTP 429 on https://api-t1.fyers.in/data/options-chain-v3?symbol=NSE%3AHDFCLIFE-EQ&strikecount=30: {"type":"https://developers.cloudflare.com/support/troubleshooting/http-status-codes/cloudflare-1xxx-errors/error-1015/","title":"Error 1015: You are being rate limited","status":429,"detail":"You are being rate-limited by the website owner's configuration.","instance":"a2e82c4f7a863d26","error_code":1015,"error_name":"rate_limited","error_category":"rate_limit","ray_id":"a2e82c4f7a863d26","timestamp":"2026-08-21T08:12:29Z","zone":"api-t1.fyers.in","cloudflare_error":true,"retryable":true,"retry
[13:42:40]   NIFTY NSE:NIFTY26AUG24300PE depth unavailable: FyersAPIError: Fyers HTTP 429 on https://api-t1.fyers.in/data/depth?symbol=NSE%3ANIFTY26AUG24300PE&ohlcv_flag=1: {"type":"https://developers.cloudflare.com/support/troubleshooting/http-status-cod
[13:42:41]   BANKNIFTY chain unavailable [OPTIONS_CHAIN_ERROR]: FyersAPIError: Fyers HTTP 429 on https://api-t1.fyers.in/data/options-chain-v3?symbol=NSE%3ANIFTYBANK-INDEX&strikecount=30: {"type":"https://developers.cloudflare.com/support/troubleshooting/http-status-codes/cloudflare-1xxx-errors/error-1015/","title":"Error 1015: You are being rate limited","status":429,"detail":"You are being rate-limited by the website owner's configuration.","instance":"a2e82c8d1dc446b3","error_code":1015,"error_name":"rate_limited","error_category":"rate_limit","ray_id":"a2e82c8d1dc446b3","timestamp":"2026-08-21T08:12:39Z","zone":"api-t1.fyers.in","cloudflare_error":true,"retryable":true,"retry
[13:42:46]   MIDCPNIFTY NSE:MIDCPNIFTY26AUG14850PE depth unavailable: FyersAPIError: Fyers HTTP 429 on https://api-t1.fyers.in/data/depth?symbol=NSE%3AMIDCPNIFTY26AUG14850PE&ohlcv_flag=1: {"type":"https://developers.cloudflare.com/support/troubleshooting/http-statu
[13:43:00]   JSWSTEEL chain unavailable [OPTIONS_CHAIN_ERROR]: FyersAPIError: Fyers HTTP 429 on https://api-t1.fyers.in/data/options-chain-v3?symbol=NSE%3AJSWSTEEL-EQ&strikecount=30: {"type":"https://developers.cloudflare.com/support/troubleshooting/http-status-codes/cloudflare-1xxx-errors/error-1015/","title":"Error 1015: You are being rate limited","status":429,"detail":"You are being rate-limited by the website owner's configuration.","instance":"a2e82d03de7d3d3f","error_code":1015,"error_name":"rate_limited","error_category":"rate_limit","ray_id":"a2e82d03de7d3d3f","timestamp":"2026-08-21T08:12:58Z","zone":"api-t1.fyers.in","cloudflare_error":true,"retryable":true,"retry
[13:43:04] Cycle error; new entries blocked for 30.0s: OptionChainParseError: Missing CE at strike 1135.0
[13:43:16]   FINNIFTY NSE:FINNIFTY26AUG26300PE depth unavailable: FyersAPIError: Fyers HTTP 429 on https://api-t1.fyers.in/data/depth?symbol=NSE%3AFINNIFTY26AUG26300PE&ohlcv_flag=1: {"type":"https://developers.cloudflare.com/support/troubleshooting/http-status-
[13:43:43]   MIDCPNIFTY chain unavailable [OPTIONS_CHAIN_ERROR]: FyersAPIError: Fyers HTTP 429 on https://api-t1.fyers.in/data/options-chain-v3?symbol=NSE%3AMIDCPNIFTY-INDEX&strikecount=30: {"type":"https://developers.cloudflare.com/support/troubleshooting/http-status-codes/cloudflare-1xxx-errors/error-1015/","title":"Error 1015: You are being rate limited","status":429,"detail":"You are being rate-limited by the website owner's configuration.","instance":"a2e82e124a8b401b","error_code":1015,"error_name":"rate_limited","error_category":"rate_limit","ray_id":"a2e82e124a8b401b","timestamp":"2026-08-21T08:13:42Z","zone":"api-t1.fyers.in","cloudflare_error":true,"retryable":true,"retry
[13:43:43]   KOTAKBANK chain unavailable [OPTIONS_CHAIN_ERROR]: FyersAPIError: Fyers HTTP 429 on https://api-t1.fyers.in/data/options-chain-v3?symbol=NSE%3AKOTAKBANK-EQ&strikecount=30: {"type":"https://developers.cloudflare.com/support/troubleshooting/http-status-codes/cloudflare-1xxx-errors/error-1015/","title":"Error 1015: You are being rate limited","status":429,"detail":"You are being rate-limited by the website owner's configuration.","instance":"a2e82e136fe13e16","error_code":1015,"error_name":"rate_limited","error_category":"rate_limit","ray_id":"a2e82e136fe13e16","timestamp":"2026-08-21T08:13:42Z","zone":"api-t1.fyers.in","cloudflare_error":true,"retryable":true,"retry
[13:43:43]   LT chain unavailable [OPTIONS_CHAIN_ERROR]: FyersAPIError: Fyers HTTP 429 on https://api-t1.fyers.in/data/options-chain-v3?symbol=NSE%3ALT-EQ&strikecount=30: {"type":"https://developers.cloudflare.com/support/troubleshooting/http-status-codes/cloudflare-1xxx-errors/error-1015/","title":"Error 1015: You are being rate limited","status":429,"detail":"You are being rate-limited by the website owner's configuration.","instance":"a2e82e148e4a2ddf","error_code":1015,"error_name":"rate_limited","error_category":"rate_limit","ray_id":"a2e82e148e4a2ddf","timestamp":"2026-08-21T08:13:42Z","zone":"api-t1.fyers.in","cloudflare_error":true,"retryable":true,"retry
[13:43:43]   M&M chain unavailable [OPTIONS_CHAIN_ERROR]: FyersAPIError: Fyers HTTP 429 on https://api-t1.fyers.in/data/options-chain-v3?symbol=NSE%3AM%26M-EQ&strikecount=30: {"type":"https://developers.cloudflare.com/support/troubleshooting/http-status-codes/cloudflare-1xxx-errors/error-1015/","title":"Error 1015: You are being rate limited","status":429,"detail":"You are being rate-limited by the website owner's configuration.","instance":"a2e82e15cb95a9ef","error_code":1015,"error_name":"rate_limited","error_category":"rate_limit","ray_id":"a2e82e15cb95a9ef","timestamp":"2026-08-21T08:13:42Z","zone":"api-t1.fyers.in","cloudflare_error":true,"retryable":true,"retry
[13:43:44]   MARUTI chain unavailable [OPTIONS_CHAIN_ERROR]: FyersAPIError: Fyers HTTP 429 on https://api-t1.fyers.in/data/options-chain-v3?symbol=NSE%3AMARUTI-EQ&strikecount=30: {"type":"https://developers.cloudflare.com/support/troubleshooting/http-status-codes/cloudflare-1xxx-errors/error-1015/","title":"Error 1015: You are being rate limited","status":429,"detail":"You are being rate-limited by the website owner's configuration.","instance":"a2e82e16b8583187","error_code":1015,"error_name":"rate_limited","error_category":"rate_limit","ray_id":"a2e82e16b8583187","timestamp":"2026-08-21T08:13:42Z","zone":"api-t1.fyers.in","cloudflare_error":true,"retryable":true,"retry
[13:43:51]   DATA HEALTH ALERT NIFTY: Invalid IV for CE 22750.0; Missing delta for CE 22750.0; Invalid IV for PE 22750.0; Zero volume CE at 22750.0; Zero volume CE at 22850.0; Zero volume CE at 22950.0; Candidate option quote stale 13.03s; Candidate option quote stale 13.03s; Candidate option quote stale 14.03s; Candidate option quote stale 14.03s; Candidate option quote stale 13.03s; Candidate option quote stale 13.03s
[13:43:59]   NIFTY NSE:NIFTY26AUG24200PE depth unavailable: FyersAPIError: Fyers HTTP 429 on https://api-t1.fyers.in/data/depth?symbol=NSE%3ANIFTY26AUG24200PE&ohlcv_flag=1: {"type":"https://developers.cloudflare.com/support/troubleshooting/http-status-cod
[13:44:06]   MIDCPNIFTY NSE:MIDCPNIFTY26AUG14825CE depth unavailable: FyersAPIError: Fyers HTTP 429 on https://api-t1.fyers.in/data/depth?symbol=NSE%3AMIDCPNIFTY26AUG14825CE&ohlcv_flag=1: {"type":"https://developers.cloudflare.com/support/troubleshooting/http-statu
[13:44:12]   M&M chain unavailable [OPTIONS_CHAIN_ERROR]: FyersAPIError: Fyers HTTP 429 on https://api-t1.fyers.in/data/options-chain-v3?symbol=NSE%3AM%26M-EQ&strikecount=30: {"type":"https://developers.cloudflare.com/support/troubleshooting/http-status-codes/cloudflare-1xxx-errors/error-1015/","title":"Error 1015: You are being rate limited","status":429,"detail":"You are being rate-limited by the website owner's configuration.","instance":"a2e82ec52aa230e5","error_code":1015,"error_name":"rate_limited","error_category":"rate_limit","ray_id":"a2e82ec52aa230e5","timestamp":"2026-08-21T08:14:10Z","zone":"api-t1.fyers.in","cloudflare_error":true,"retryable":true,"retry
[13:44:12]   MARUTI chain unavailable [OPTIONS_CHAIN_ERROR]: FyersAPIError: Fyers HTTP 429 on https://api-t1.fyers.in/data/options-chain-v3?symbol=NSE%3AMARUTI-EQ&strikecount=30: {"type":"https://developers.cloudflare.com/support/troubleshooting/http-status-codes/cloudflare-1xxx-errors/error-1015/","title":"Error 1015: You are being rate limited","status":429,"detail":"You are being rate-limited by the website owner's configuration.","instance":"a2e82ec62e985857","error_code":1015,"error_name":"rate_limited","error_category":"rate_limit","ray_id":"a2e82ec62e985857","timestamp":"2026-08-21T08:14:10Z","zone":"api-t1.fyers.in","cloudflare_error":true,"retryable":true,"retry
[13:44:12]   MAXHEALTH chain unavailable [OPTIONS_CHAIN_ERROR]: FyersAPIError: Fyers HTTP 429 on https://api-t1.fyers.in/data/options-chain-v3?symbol=NSE%3AMAXHEALTH-EQ&strikecount=30: {"type":"https://developers.cloudflare.com/support/troubleshooting/http-status-codes/cloudflare-1xxx-errors/error-1015/","title":"Error 1015: You are being rate limited","status":429,"detail":"You are being rate-limited by the website owner's configuration.","instance":"a2e82ec72cf647d7","error_code":1015,"error_name":"rate_limited","error_category":"rate_limit","ray_id":"a2e82ec72cf647d7","timestamp":"2026-08-21T08:14:11Z","zone":"api-t1.fyers.in","cloudflare_error":true,"retryable":true,"retry
[13:44:12]   NTPC chain unavailable [OPTIONS_CHAIN_ERROR]: FyersAPIError: Fyers HTTP 429 on https://api-t1.fyers.in/data/options-chain-v3?symbol=NSE%3ANTPC-EQ&strikecount=30: {"type":"https://developers.cloudflare.com/support/troubleshooting/http-status-codes/cloudflare-1xxx-errors/error-1015/","title":"Error 1015: You are being rate limited","status":429,"detail":"You are being rate-limited by the website owner's configuration.","instance":"a2e82ec83940ffaa","error_code":1015,"error_name":"rate_limited","error_category":"rate_limit","ray_id":"a2e82ec83940ffaa","timestamp":"2026-08-21T08:14:11Z","zone":"api-t1.fyers.in","cloudflare_error":true,"retryable":true,"retry
[13:44:12]   NESTLEIND chain unavailable [OPTIONS_CHAIN_ERROR]: FyersAPIError: Fyers HTTP 429 on https://api-t1.fyers.in/data/options-chain-v3?symbol=NSE%3ANESTLEIND-EQ&strikecount=30: {"type":"https://developers.cloudflare.com/support/troubleshooting/http-status-codes/cloudflare-1xxx-errors/error-1015/","title":"Error 1015: You are being rate limited","status":429,"detail":"You are being rate-limited by the website owner's configuration.","instance":"a2e82ec93981ff9e","error_code":1015,"error_name":"rate_limited","error_category":"rate_limit","ray_id":"a2e82ec93981ff9e","timestamp":"2026-08-21T08:14:11Z","zone":"api-t1.fyers.in","cloudflare_error":true,"retryable":true,"retry
[13:44:12]   ONGC chain unavailable [OPTIONS_CHAIN_ERROR]: FyersAPIError: Fyers HTTP 429 on https://api-t1.fyers.in/data/options-chain-v3?symbol=NSE%3AONGC-EQ&strikecount=30: {"type":"https://developers.cloudflare.com/support/troubleshooting/http-status-codes/cloudflare-1xxx-errors/error-1015/","title":"Error 1015: You are being rate limited","status":429,"detail":"You are being rate-limited by the website owner's configuration.","instance":"a2e82eca7eb8cb6e","error_code":1015,"error_name":"rate_limited","error_category":"rate_limit","ray_id":"a2e82eca7eb8cb6e","timestamp":"2026-08-21T08:14:11Z","zone":"api-t1.fyers.in","cloudflare_error":true,"retryable":true,"retry
[13:44:13]   DATA HEALTH ALERT BANKNIFTY: Invalid IV for CE 54700.0; Missing delta for CE 54700.0; Invalid IV for PE 54700.0; Zero volume CE at 54700.0; Zero volume CE at 54800.0; Zero volume CE at 54900.0; Candidate option quote stale 13.34s; Candidate option quote stale 13.34s; Candidate option quote stale 14.34s; Candidate option quote stale 14.34s; Candidate option quote stale 14.34s; Candidate option quote stale 14.34s
[13:44:13] Cycle error; new entries blocked for 30.0s: OptionChainParseError: Missing CE at strike 4080.0
[13:44:21]   NIFTY NSE:NIFTY26AUG24300CE depth unavailable: FyersAPIError: Fyers HTTP 429 on https://api-t1.fyers.in/data/depth?symbol=NSE%3ANIFTY26AUG24300CE&ohlcv_flag=1: {"type":"https://developers.cloudflare.com/support/troubleshooting/http-status-cod
[13:44:41]   NESTLEIND chain unavailable [OPTIONS_CHAIN_ERROR]: FyersAPIError: Fyers HTTP 429 on https://api-t1.fyers.in/data/options-chain-v3?symbol=NSE%3ANESTLEIND-EQ&strikecount=30: {"type":"https://developers.cloudflare.com/support/troubleshooting/http-status-codes/cloudflare-1xxx-errors/error-1015/","title":"Error 1015: You are being rate limited","status":429,"detail":"You are being rate-limited by the website owner's configuration.","instance":"a2e82f7b9e5bb5d1","error_code":1015,"error_name":"rate_limited","error_category":"rate_limit","ray_id":"a2e82f7b9e5bb5d1","timestamp":"2026-08-21T08:14:39Z","zone":"api-t1.fyers.in","cloudflare_error":true,"retryable":true,"retry
[13:44:41]   ONGC chain unavailable [OPTIONS_CHAIN_ERROR]: FyersAPIError: Fyers HTTP 429 on https://api-t1.fyers.in/data/options-chain-v3?symbol=NSE%3AONGC-EQ&strikecount=30: {"type":"https://developers.cloudflare.com/support/troubleshooting/http-status-codes/cloudflare-1xxx-errors/error-1015/","title":"Error 1015: You are being rate limited","status":429,"detail":"You are being rate-limited by the website owner's configuration.","instance":"a2e82f7cbd5acd4d","error_code":1015,"error_name":"rate_limited","error_category":"rate_limit","ray_id":"a2e82f7cbd5acd4d","timestamp":"2026-08-21T08:14:40Z","zone":"api-t1.fyers.in","cloudflare_error":true,"retryable":true,"retry
[13:45:10]   TCS chain unavailable [OPTIONS_CHAIN_ERROR]: FyersAPIError: Fyers HTTP 429 on https://api-t1.fyers.in/data/options-chain-v3?symbol=NSE%3ATCS-EQ&strikecount=30: {"type":"https://developers.cloudflare.com/support/troubleshooting/http-status-codes/cloudflare-1xxx-errors/error-1015/","title":"Error 1015: You are being rate limited","status":429,"detail":"You are being rate-limited by the website owner's configuration.","instance":"a2e83032e91f3aa5","error_code":1015,"error_name":"rate_limited","error_category":"rate_limit","ray_id":"a2e83032e91f3aa5","timestamp":"2026-08-21T08:15:09Z","zone":"api-t1.fyers.in","cloudflare_error":true,"retryable":true,"retry
[13:45:10]   TATACONSUM chain unavailable [OPTIONS_CHAIN_ERROR]: FyersAPIError: Fyers HTTP 429 on https://api-t1.fyers.in/data/options-chain-v3?symbol=NSE%3ATATACONSUM-EQ&strikecount=30: {"type":"https://developers.cloudflare.com/support/troubleshooting/http-status-codes/cloudflare-1xxx-errors/error-1015/","title":"Error 1015: You are being rate limited","status":429,"detail":"You are being rate-limited by the website owner's configuration.","instance":"a2e830340f71447b","error_code":1015,"error_name":"rate_limited","error_category":"rate_limit","ray_id":"a2e830340f71447b","timestamp":"2026-08-21T08:15:09Z","zone":"api-t1.fyers.in","cloudflare_error":true,"retryable":true,"retry
[13:45:11]   DATA HEALTH ALERT MIDCPNIFTY: CE/PE timestamp delta 22.00s at 14825.0; CE/PE timestamp delta 5.00s at 14850.0; Candidate option quote stale 26.39s; Candidate option quote stale 31.39s; Candidate option quote stale 55.39s; Candidate option quote stale 33.39s; Candidate option quote stale 19.39s; Candidate option quote stale 21.39s
[13:45:19]   NIFTY NSE:NIFTY26AUG24250CE depth unavailable: FyersAPIError: Fyers HTTP 429 on https://api-t1.fyers.in/data/depth?symbol=NSE%3ANIFTY26AUG24250CE&ohlcv_flag=1: {"type":"https://developers.cloudflare.com/support/troubleshooting/http-status-cod
[13:45:34]   RELIANCE NSE:RELIANCE26AUG1320PE depth unavailable: FyersAPIError: Fyers HTTP 429 on https://api-t1.fyers.in/data/depth?symbol=NSE%3ARELIANCE26AUG1320PE&ohlcv_flag=1: {"type":"https://developers.cloudflare.com/support/troubleshooting/http-status-c
[13:45:34]   SBILIFE chain unavailable [OPTIONS_CHAIN_ERROR]: FyersAPIError: Fyers HTTP 429 on https://api-t1.fyers.in/data/options-chain-v3?symbol=NSE%3ASBILIFE-EQ&strikecount=30: {"type":"https://developers.cloudflare.com/support/troubleshooting/http-status-codes/cloudflare-1xxx-errors/error-1015/","title":"Error 1015: You are being rate limited","status":429,"detail":"You are being rate-limited by the website owner's configuration.","instance":"a2e830c6c9c33e15","error_code":1015,"error_name":"rate_limited","error_category":"rate_limit","ray_id":"a2e830c6c9c33e15","timestamp":"2026-08-21T08:15:32Z","zone":"api-t1.fyers.in","cloudflare_error":true,"retryable":true,"retry
[13:45:44]   DATA HEALTH ALERT POWERGRID: CE/PE timestamp delta 4.00s at 272.5; CE/PE timestamp delta 49.00s at 275.0; Candidate option quote stale 36.83s; Candidate option quote stale 40.83s; Candidate option quote stale 47.83s; Candidate option quote stale 48.83s; Candidate option quote stale 40.83s; Candidate option quote stale 89.83s
[13:45:44]   DATA HEALTH ALERT RELIANCE: CE/PE timestamp delta 34.00s at 1310.0; CE/PE timestamp delta 5.95s at 1320.0; Candidate option quote stale 52.83s; Candidate option quote stale 18.83s; Candidate option quote stale 33.84s; Candidate option quote stale 33.84s; Candidate option quote stale 21.84s; Candidate option quote depth unavailable
[13:45:44]   DATA HEALTH ALERT SHRIRAMFIN: CE/PE timestamp delta 7.00s at 1120.0; CE/PE timestamp delta 411.00s at 1160.0; Candidate option quote stale 16.84s; Candidate option quote stale 16.84s; Candidate option quote stale 16.84s; Candidate option quote stale 23.84s; Candidate option quote stale 16.84s; Candidate option quote stale 427.84s
[13:45:44]   DATA HEALTH ALERT SBIN: CE/PE timestamp delta 62.00s at 1030.0; CE/PE timestamp delta 11.00s at 1040.0; CE/PE timestamp delta 50.00s at 1050.0; Candidate option quote stale 27.84s; Candidate option quote stale 16.84s; Candidate option quote stale 89.85s; Candidate option quote stale 27.85s; Candidate option quote stale 19.85s; Candidate option quote stale 69.85s
[13:45:44]   DATA HEALTH ALERT SUNPHARMA: CE/PE timestamp delta 238.00s at 1880.0; CE/PE timestamp delta 85.00s at 1920.0; Candidate option quote stale 47.85s; Candidate option quote stale 47.85s; Candidate option quote stale 79.85s; Candidate option quote stale 317.85s; Candidate option quote stale 160.85s; Candidate option quote stale 75.85s
[13:45:54]   FINNIFTY chain unavailable [OPTIONS_CHAIN_ERROR]: FyersAPIError: Fyers HTTP 429 on https://api-t1.fyers.in/data/options-chain-v3?symbol=NSE%3AFINNIFTY-INDEX&strikecount=30: {"type":"https://developers.cloudflare.com/support/troubleshooting/http-status-codes/cloudflare-1xxx-errors/error-1015/","title":"Error 1015: You are being rate limited","status":429,"detail":"You are being rate-limited by the website owner's configuration.","instance":"a2e83143ce2d3e58","error_code":1015,"error_name":"rate_limited","error_category":"rate_limit","ray_id":"a2e83143ce2d3e58","timestamp":"2026-08-21T08:15:52Z","zone":"api-t1.fyers.in","cloudflare_error":true,"retryable":true,"retry
[13:45:54]   MIDCPNIFTY chain unavailable [OPTIONS_CHAIN_ERROR]: FyersAPIError: Fyers HTTP 429 on https://api-t1.fyers.in/data/options-chain-v3?symbol=NSE%3AMIDCPNIFTY-INDEX&strikecount=30: {"type":"https://developers.cloudflare.com/support/troubleshooting/http-status-codes/cloudflare-1xxx-errors/error-1015/","title":"Error 1015: You are being rate limited","status":429,"detail":"You are being rate-limited by the website owner's configuration.","instance":"a2e83144e99b99af","error_code":1015,"error_name":"rate_limited","error_category":"rate_limit","ray_id":"a2e83144e99b99af","timestamp":"2026-08-21T08:15:53Z","zone":"api-t1.fyers.in","cloudflare_error":true,"retryable":true,"retry
[13:45:54]   TMPV chain unavailable [OPTIONS_CHAIN_ERROR]: FyersAPIError: Fyers HTTP 429 on https://api-t1.fyers.in/data/options-chain-v3?symbol=NSE%3ATMPV-EQ&strikecount=30: {"type":"https://developers.cloudflare.com/support/troubleshooting/http-status-codes/cloudflare-1xxx-errors/error-1015/","title":"Error 1015: You are being rate limited","status":429,"detail":"You are being rate-limited by the website owner's configuration.","instance":"a2e831461d7ee624","error_code":1015,"error_name":"rate_limited","error_category":"rate_limit","ray_id":"a2e831461d7ee624","timestamp":"2026-08-21T08:15:53Z","zone":"api-t1.fyers.in","cloudflare_error":true,"retryable":true,"retry
[13:45:54]   TATASTEEL chain unavailable [OPTIONS_CHAIN_ERROR]: FyersAPIError: Fyers HTTP 429 on https://api-t1.fyers.in/data/options-chain-v3?symbol=NSE%3ATATASTEEL-EQ&strikecount=30: {"type":"https://developers.cloudflare.com/support/troubleshooting/http-status-codes/cloudflare-1xxx-errors/error-1015/","title":"Error 1015: You are being rate limited","status":429,"detail":"You are being rate-limited by the website owner's configuration.","instance":"a2e831472c23bc9a","error_code":1015,"error_name":"rate_limited","error_category":"rate_limit","ray_id":"a2e831472c23bc9a","timestamp":"2026-08-21T08:15:53Z","zone":"api-t1.fyers.in","cloudflare_error":true,"retryable":true,"retry
[13:45:54]   TECHM chain unavailable [OPTIONS_CHAIN_ERROR]: FyersAPIError: Fyers HTTP 429 on https://api-t1.fyers.in/data/options-chain-v3?symbol=NSE%3ATECHM-EQ&strikecount=30: {"type":"https://developers.cloudflare.com/support/troubleshooting/http-status-codes/cloudflare-1xxx-errors/error-1015/","title":"Error 1015: You are being rate limited","status":429,"detail":"You are being rate-limited by the website owner's configuration.","instance":"a2e831484d112e56","error_code":1015,"error_name":"rate_limited","error_category":"rate_limit","ray_id":"a2e831484d112e56","timestamp":"2026-08-21T08:15:53Z","zone":"api-t1.fyers.in","cloudflare_error":true,"retryable":true,"retry
[13:45:55]   TITAN chain unavailable [OPTIONS_CHAIN_ERROR]: FyersAPIError: Fyers HTTP 429 on https://api-t1.fyers.in/data/options-chain-v3?symbol=NSE%3ATITAN-EQ&strikecount=30: {"type":"https://developers.cloudflare.com/support/troubleshooting/http-status-codes/cloudflare-1xxx-errors/error-1015/","title":"Error 1015: You are being rate limited","status":429,"detail":"You are being rate-limited by the website owner's configuration.","instance":"a2e83149d9a34475","error_code":1015,"error_name":"rate_limited","error_category":"rate_limit","ray_id":"a2e83149d9a34475","timestamp":"2026-08-21T08:15:53Z","zone":"api-t1.fyers.in","cloudflare_error":true,"retryable":true,"retry
[13:45:55]   TRENT chain unavailable [OPTIONS_CHAIN_ERROR]: FyersAPIError: Fyers HTTP 429 on https://api-t1.fyers.in/data/options-chain-v3?symbol=NSE%3ATRENT-EQ&strikecount=30: {"type":"https://developers.cloudflare.com/support/troubleshooting/http-status-codes/cloudflare-1xxx-errors/error-1015/","title":"Error 1015: You are being rate limited","status":429,"detail":"You are being rate-limited by the website owner's configuration.","instance":"a2e8314afe126ec4","error_code":1015,"error_name":"rate_limited","error_category":"rate_limit","ray_id":"a2e8314afe126ec4","timestamp":"2026-08-21T08:15:54Z","zone":"api-t1.fyers.in","cloudflare_error":true,"retryable":true,"retry
[13:45:55]   ULTRACEMCO chain unavailable [OPTIONS_CHAIN_ERROR]: FyersAPIError: Fyers HTTP 429 on https://api-t1.fyers.in/data/options-chain-v3?symbol=NSE%3AULTRACEMCO-EQ&strikecount=30: {"type":"https://developers.cloudflare.com/support/troubleshooting/http-status-codes/cloudflare-1xxx-errors/error-1015/","title":"Error 1015: You are being rate limited","status":429,"detail":"You are being rate-limited by the website owner's configuration.","instance":"a2e8314c3a09e0c2","error_code":1015,"error_name":"rate_limited","error_category":"rate_limit","ray_id":"a2e8314c3a09e0c2","timestamp":"2026-08-21T08:15:54Z","zone":"api-t1.fyers.in","cloudflare_error":true,"retryable":true,"retry
[13:45:55]   WIPRO chain unavailable [OPTIONS_CHAIN_ERROR]: FyersAPIError: Fyers HTTP 429 on https://api-t1.fyers.in/data/options-chain-v3?symbol=NSE%3AWIPRO-EQ&strikecount=30: {"type":"https://developers.cloudflare.com/support/troubleshooting/http-status-codes/cloudflare-1xxx-errors/error-1015/","title":"Error 1015: You are being rate limited","status":429,"detail":"You are being rate-limited by the website owner's configuration.","instance":"a2e8314d4b6f2ce4","error_code":1015,"error_name":"rate_limited","error_category":"rate_limit","ray_id":"a2e8314d4b6f2ce4","timestamp":"2026-08-21T08:15:54Z","zone":"api-t1.fyers.in","cloudflare_error":true,"retryable":true,"retry
[13:45:55]   BANKEX chain unavailable [OPTIONS_CHAIN_ERROR]: FyersAPIError: Fyers HTTP 429 on https://api-t1.fyers.in/data/options-chain-v3?symbol=BSE%3ABANKEX-INDEX&strikecount=30: {"type":"https://developers.cloudflare.com/support/troubleshooting/http-status-codes/cloudflare-1xxx-errors/error-1015/","title":"Error 1015: You are being rate limited","status":429,"detail":"You are being rate-limited by the website owner's configuration.","instance":"a2e8314e5d56da50","error_code":1015,"error_name":"rate_limited","error_category":"rate_limit","ray_id":"a2e8314e5d56da50","timestamp":"2026-08-21T08:15:54Z","zone":"api-t1.fyers.in","cloudflare_error":true,"retryable":true,"retry
[13:46:01]   NIFTY chain unavailable [OPTIONS_CHAIN_ERROR]: FyersAPIError: Fyers HTTP 429 on https://api-t1.fyers.in/data/options-chain-v3?symbol=NSE%3ANIFTY50-INDEX&strikecount=30: {"type":"https://developers.cloudflare.com/support/troubleshooting/http-status-codes/cloudflare-1xxx-errors/error-1015/","title":"Error 1015: You are being rate limited","status":429,"detail":"You are being rate-limited by the website owner's configuration.","instance":"a2e8317108c557ad","error_code":1015,"error_name":"rate_limited","error_category":"rate_limit","ray_id":"a2e8317108c557ad","timestamp":"2026-08-21T08:16:00Z","zone":"api-t1.fyers.in","cloudflare_error":true,"retryable":true,"retry
[13:46:01]   BANKNIFTY chain unavailable [OPTIONS_CHAIN_ERROR]: FyersAPIError: Fyers HTTP 429 on https://api-t1.fyers.in/data/options-chain-v3?symbol=NSE%3ANIFTYBANK-INDEX&strikecount=30: {"type":"https://developers.cloudflare.com/support/troubleshooting/http-status-codes/cloudflare-1xxx-errors/error-1015/","title":"Error 1015: You are being rate limited","status":429,"detail":"You are being rate-limited by the website owner's configuration.","instance":"a2e831723a8e1daf","error_code":1015,"error_name":"rate_limited","error_category":"rate_limit","ray_id":"a2e831723a8e1daf","timestamp":"2026-08-21T08:16:00Z","zone":"api-t1.fyers.in","cloudflare_error":true,"retryable":true,"retry
[13:46:01]   FINNIFTY chain unavailable [OPTIONS_CHAIN_ERROR]: FyersAPIError: Fyers HTTP 429 on https://api-t1.fyers.in/data/options-chain-v3?symbol=NSE%3AFINNIFTY-INDEX&strikecount=30: {"type":"https://developers.cloudflare.com/support/troubleshooting/http-status-codes/cloudflare-1xxx-errors/error-1015/","title":"Error 1015: You are being rate limited","status":429,"detail":"You are being rate-limited by the website owner's configuration.","instance":"a2e831736feaabf2","error_code":1015,"error_name":"rate_limited","error_category":"rate_limit","ray_id":"a2e831736feaabf2","timestamp":"2026-08-21T08:16:00Z","zone":"api-t1.fyers.in","cloudflare_error":true,"retryable":true,"retry
[13:46:02]   MIDCPNIFTY chain unavailable [OPTIONS_CHAIN_ERROR]: FyersAPIError: Fyers HTTP 429 on https://api-t1.fyers.in/data/options-chain-v3?symbol=NSE%3AMIDCPNIFTY-INDEX&strikecount=30: {"type":"https://developers.cloudflare.com/support/troubleshooting/http-status-codes/cloudflare-1xxx-errors/error-1015/","title":"Error 1015: You are being rate limited","status":429,"detail":"You are being rate-limited by the website owner's configuration.","instance":"a2e831748a143d4e","error_code":1015,"error_name":"rate_limited","error_category":"rate_limit","ray_id":"a2e831748a143d4e","timestamp":"2026-08-21T08:16:00Z","zone":"api-t1.fyers.in","cloudflare_error":true,"retryable":true,"retry
[13:46:02]   TMPV chain unavailable [OPTIONS_CHAIN_ERROR]: FyersAPIError: Fyers HTTP 429 on https://api-t1.fyers.in/data/options-chain-v3?symbol=NSE%3ATMPV-EQ&strikecount=30: {"type":"https://developers.cloudflare.com/support/troubleshooting/http-status-codes/cloudflare-1xxx-errors/error-1015/","title":"Error 1015: You are being rate limited","status":429,"detail":"You are being rate-limited by the website owner's configuration.","instance":"a2e831759b90481a","error_code":1015,"error_name":"rate_limited","error_category":"rate_limit","ray_id":"a2e831759b90481a","timestamp":"2026-08-21T08:16:00Z","zone":"api-t1.fyers.in","cloudflare_error":true,"retryable":true,"retry
[13:46:09]   TRENT chain unavailable [OPTIONS_CHAIN_ERROR]: FyersAPIError: Fyers HTTP 429 on https://api-t1.fyers.in/data/options-chain-v3?symbol=NSE%3ATRENT-EQ&strikecount=30: {"type":"https://developers.cloudflare.com/support/troubleshooting/http-status-codes/cloudflare-1xxx-errors/error-1015/","title":"Error 1015: You are being rate limited","status":429,"detail":"You are being rate-limited by the website owner's configuration.","instance":"a2e831a1c88a4707","error_code":1015,"error_name":"rate_limited","error_category":"rate_limit","ray_id":"a2e831a1c88a4707","timestamp":"2026-08-21T08:16:07Z","zone":"api-t1.fyers.in","cloudflare_error":true,"retryable":true,"retry
[13:46:23]   BANKNIFTY chain unavailable [OPTIONS_CHAIN_ERROR]: FyersAPIError: Fyers HTTP 429 on https://api-t1.fyers.in/data/options-chain-v3?symbol=NSE%3ANIFTYBANK-INDEX&strikecount=30: {"type":"https://developers.cloudflare.com/support/troubleshooting/http-status-codes/cloudflare-1xxx-errors/error-1015/","title":"Error 1015: You are being rate limited","status":429,"detail":"You are being rate-limited by the website owner's configuration.","instance":"a2e831fc08fa8edf","error_code":1015,"error_name":"rate_limited","error_category":"rate_limit","ray_id":"a2e831fc08fa8edf","timestamp":"2026-08-21T08:16:22Z","zone":"api-t1.fyers.in","cloudflare_error":true,"retryable":true,"retry
[13:46:23]   FINNIFTY chain unavailable [OPTIONS_CHAIN_ERROR]: FyersAPIError: Fyers HTTP 429 on https://api-t1.fyers.in/data/options-chain-v3?symbol=NSE%3AFINNIFTY-INDEX&strikecount=30: {"type":"https://developers.cloudflare.com/support/troubleshooting/http-status-codes/cloudflare-1xxx-errors/error-1015/","title":"Error 1015: You are being rate limited","status":429,"detail":"You are being rate-limited by the website owner's configuration.","instance":"a2e831fd0d4c47ca","error_code":1015,"error_name":"rate_limited","error_category":"rate_limit","ray_id":"a2e831fd0d4c47ca","timestamp":"2026-08-21T08:16:22Z","zone":"api-t1.fyers.in","cloudflare_error":true,"retryable":true,"retry
[13:46:24]   MIDCPNIFTY chain unavailable [OPTIONS_CHAIN_ERROR]: FyersAPIError: Fyers HTTP 429 on https://api-t1.fyers.in/data/options-chain-v3?symbol=NSE%3AMIDCPNIFTY-INDEX&strikecount=30: {"type":"https://developers.cloudflare.com/support/troubleshooting/http-status-codes/cloudflare-1xxx-errors/error-1015/","title":"Error 1015: You are being rate limited","status":429,"detail":"You are being rate-limited by the website owner's configuration.","instance":"a2e831fe3b21edf5","error_code":1015,"error_name":"rate_limited","error_category":"rate_limit","ray_id":"a2e831fe3b21edf5","timestamp":"2026-08-21T08:16:22Z","zone":"api-t1.fyers.in","cloudflare_error":true,"retryable":true,"retry
[13:46:24]   TMPV chain unavailable [OPTIONS_CHAIN_ERROR]: FyersAPIError: Fyers HTTP 429 on https://api-t1.fyers.in/data/options-chain-v3?symbol=NSE%3ATMPV-EQ&strikecount=30: {"type":"https://developers.cloudflare.com/support/troubleshooting/http-status-codes/cloudflare-1xxx-errors/error-1015/","title":"Error 1015: You are being rate limited","status":429,"detail":"You are being rate-limited by the website owner's configuration.","instance":"a2e831ff4d93bd55","error_code":1015,"error_name":"rate_limited","error_category":"rate_limit","ray_id":"a2e831ff4d93bd55","timestamp":"2026-08-21T08:16:22Z","zone":"api-t1.fyers.in","cloudflare_error":true,"retryable":true,"retry
[13:46:24]   TATASTEEL chain unavailable [OPTIONS_CHAIN_ERROR]: FyersAPIError: Fyers HTTP 429 on https://api-t1.fyers.in/data/options-chain-v3?symbol=NSE%3ATATASTEEL-EQ&strikecount=30: {"type":"https://developers.cloudflare.com/support/troubleshooting/http-status-codes/cloudflare-1xxx-errors/error-1015/","title":"Error 1015: You are being rate limited","status":429,"detail":"You are being rate-limited by the website owner's configuration.","instance":"a2e832008a97c6b5","error_code":1015,"error_name":"rate_limited","error_category":"rate_limit","ray_id":"a2e832008a97c6b5","timestamp":"2026-08-21T08:16:23Z","zone":"api-t1.fyers.in","cloudflare_error":true,"retryable":true,"retry
[13:46:24]   TECHM chain unavailable [OPTIONS_CHAIN_ERROR]: FyersAPIError: Fyers HTTP 429 on https://api-t1.fyers.in/data/options-chain-v3?symbol=NSE%3ATECHM-EQ&strikecount=30: {"type":"https://developers.cloudflare.com/support/troubleshooting/http-status-codes/cloudflare-1xxx-errors/error-1015/","title":"Error 1015: You are being rate limited","status":429,"detail":"You are being rate-limited by the website owner's configuration.","instance":"a2e83201bcb5b7e5","error_code":1015,"error_name":"rate_limited","error_category":"rate_limit","ray_id":"a2e83201bcb5b7e5","timestamp":"2026-08-21T08:16:23Z","zone":"api-t1.fyers.in","cloudflare_error":true,"retryable":true,"retry
[13:46:24]   TITAN chain unavailable [OPTIONS_CHAIN_ERROR]: FyersAPIError: Fyers HTTP 429 on https://api-t1.fyers.in/data/options-chain-v3?symbol=NSE%3ATITAN-EQ&strikecount=30: {"type":"https://developers.cloudflare.com/support/troubleshooting/http-status-codes/cloudflare-1xxx-errors/error-1015/","title":"Error 1015: You are being rate limited","status":429,"detail":"You are being rate-limited by the website owner's configuration.","instance":"a2e832030ad341d4","error_code":1015,"error_name":"rate_limited","error_category":"rate_limit","ray_id":"a2e832030ad341d4","timestamp":"2026-08-21T08:16:23Z","zone":"api-t1.fyers.in","cloudflare_error":true,"retryable":true,"retry
[13:46:24]   TRENT chain unavailable [OPTIONS_CHAIN_ERROR]: FyersAPIError: Fyers HTTP 429 on https://api-t1.fyers.in/data/options-chain-v3?symbol=NSE%3ATRENT-EQ&strikecount=30: {"type":"https://developers.cloudflare.com/support/troubleshooting/http-status-codes/cloudflare-1xxx-errors/error-1015/","title":"Error 1015: You are being rate limited","status":429,"detail":"You are being rate-limited by the website owner's configuration.","instance":"a2e832043ee9e89d","error_code":1015,"error_name":"rate_limited","error_category":"rate_limit","ray_id":"a2e832043ee9e89d","timestamp":"2026-08-21T08:16:23Z","zone":"api-t1.fyers.in","cloudflare_error":true,"retryable":true,"retry
[13:46:25]   ULTRACEMCO chain unavailable [OPTIONS_CHAIN_ERROR]: FyersAPIError: Fyers HTTP 429 on https://api-t1.fyers.in/data/options-chain-v3?symbol=NSE%3AULTRACEMCO-EQ&strikecount=30: {"type":"https://developers.cloudflare.com/support/troubleshooting/http-status-codes/cloudflare-1xxx-errors/error-1015/","title":"Error 1015: You are being rate limited","status":429,"detail":"You are being rate-limited by the website owner's configuration.","instance":"a2e832056d5d3d18","error_code":1015,"error_name":"rate_limited","error_category":"rate_limit","ray_id":"a2e832056d5d3d18","timestamp":"2026-08-21T08:16:23Z","zone":"api-t1.fyers.in","cloudflare_error":true,"retryable":true,"retry
[13:46:28]   DATA HEALTH ALERT WIPRO: CE/PE timestamp delta 180.00s at 177.5; CE/PE timestamp delta 42.00s at 182.5; Candidate option quote stale 15.11s; Candidate option quote stale 15.11s; Candidate option quote stale 219.12s; Candidate option quote stale 39.12s; Candidate option quote stale 9.12s; Candidate option quote stale 51.12s
[13:46:28]   DATA HEALTH ALERT BANKEX: CE/PE timestamp delta 49257.00s at 65200.0; CE/PE timestamp delta 123.00s at 65300.0; CE/PE timestamp delta 491.00s at 65400.0; Candidate option quote stale 244.12s; Candidate option quote stale 121.12s; Candidate option quote stale 49588.12s; Candidate option quote stale 331.12s; Candidate option quote stale 13.12s; Candidate option quote stale 504.12s
[13:46:47]   TECHM NSE:TECHM26AUG1564CE depth unavailable: FyersAPIError: Fyers HTTP 429 on https://api-t1.fyers.in/data/depth?symbol=NSE%3ATECHM26AUG1564CE&ohlcv_flag=1: {"type":"https://developers.cloudflare.com/support/troubleshooting/http-status-code
[13:46:57]   DATA HEALTH ALERT NIFTY: Invalid IV for CE 22750.0; Missing delta for CE 22750.0; Invalid IV for PE 22750.0; Zero volume CE at 22750.0; Zero volume CE at 22850.0; Zero volume CE at 22950.0; Candidate option quote stale 25.88s; Candidate option quote stale 25.88s; Candidate option quote stale 26.88s; Candidate option quote stale 26.88s; Candidate option quote stale 25.88s; Candidate option quote stale 24.88s
[13:47:09]   BANKNIFTY NSE:BANKNIFTY26AUG57800PE depth unavailable: FyersAPIError: Fyers HTTP 429 on https://api-t1.fyers.in/data/depth?symbol=NSE%3ABANKNIFTY26AUG57800PE&ohlcv_flag=1: {"type":"https://developers.cloudflare.com/support/troubleshooting/http-status
[13:47:16]   NIFTYNXT50 NSE:NIFTYNXT5026AUG73700CE depth unavailable: ValueError: Fyers depth source timestamp invalid
[13:47:16]   NIFTYNXT50 NSE:NIFTYNXT5026AUG73700PE depth unavailable: ValueError: Fyers depth source timestamp invalid
[13:47:19]   NIFTYNXT50 NSE:NIFTYNXT5026AUG73800PE depth unavailable: ValueError: Fyers depth source timestamp invalid
[13:47:19]   NIFTYNXT50 NSE:NIFTYNXT5026AUG73900CE depth unavailable: ValueError: Fyers depth source timestamp invalid
[13:47:19]   NIFTYNXT50 NSE:NIFTYNXT5026AUG73900PE depth unavailable: ValueError: Fyers depth source timestamp invalid
[13:47:30]   DATA HEALTH ALERT BANKNIFTY: Invalid IV for CE 54700.0; Missing delta for CE 54700.0; Invalid IV for PE 54700.0; Zero volume CE at 54700.0; Zero volume CE at 54800.0; Zero volume CE at 54900.0; Candidate option quote stale 26.63s; Candidate option quote stale 26.63s; Candidate option quote stale 26.63s; Candidate option quote stale 28.63s; Candidate option quote stale 25.64s; Candidate option quote depth unavailable
[13:47:30]   DATA HEALTH ALERT MIDCPNIFTY: CE/PE timestamp delta 32.00s at 14825.0; CE/PE timestamp delta 17.00s at 14850.0; CE/PE timestamp delta 12.00s at 14875.0; Candidate option quote stale 45.64s; Candidate option quote stale 28.64s; Candidate option quote stale 85.64s; Candidate option quote stale 53.64s; Candidate option quote stale 50.64s; Candidate option quote stale 62.64s
[13:47:30]   DATA HEALTH ALERT COALINDIA: CE/PE timestamp delta 17.00s at 400.0; CE/PE timestamp delta 56.00s at 405.0; CE/PE timestamp delta 95.00s at 410.0; Candidate option quote stale 27.66s; Candidate option quote stale 83.66s; Candidate option quote stale 26.67s; Candidate option quote stale 43.67s; Candidate option quote stale 162.67s; Candidate option quote stale 67.67s
[13:47:30]   DATA HEALTH ALERT DRREDDY: CE/PE timestamp delta 264.00s at 1170.0; CE/PE timestamp delta 9.00s at 1180.0; CE/PE timestamp delta 649.00s at 1190.0; Candidate option quote stale 33.67s; Candidate option quote stale 24.67s; Candidate option quote stale 51.67s; Candidate option quote stale 315.67s; Candidate option quote stale 185.67s; Candidate option quote stale 834.67s
[13:47:46]   FINNIFTY NSE:FINNIFTY26AUG26250CE depth unavailable: FyersAPIError: Fyers HTTP 429 on https://api-t1.fyers.in/data/depth?symbol=NSE%3AFINNIFTY26AUG26250CE&ohlcv_flag=1: {"type":"https://developers.cloudflare.com/support/troubleshooting/http-status-
[13:47:50]   MIDCPNIFTY chain unavailable [OPTIONS_CHAIN_ERROR]: FyersAPIError: Fyers HTTP 429 on https://api-t1.fyers.in/data/options-chain-v3?symbol=NSE%3AMIDCPNIFTY-INDEX&strikecount=30: {"type":"https://developers.cloudflare.com/support/troubleshooting/http-status-codes/cloudflare-1xxx-errors/error-1015/","title":"Error 1015: You are being rate limited","status":429,"detail":"You are being rate-limited by the website owner's configuration.","instance":"a2e83417ffe23bfe","error_code":1015,"error_name":"rate_limited","error_category":"rate_limit","ray_id":"a2e83417ffe23bfe","timestamp":"2026-08-21T08:17:48Z","zone":"api-t1.fyers.in","cloudflare_error":true,"retryable":true,"retry
[13:47:53]   NIFTYNXT50 chain unavailable [OPTIONS_CHAIN_ERROR]: FyersAPIError: Fyers HTTP 429 on https://api-t1.fyers.in/data/options-chain-v3?symbol=NSE%3ANIFTYNXT50-INDEX&strikecount=30: {"type":"https://developers.cloudflare.com/support/troubleshooting/http-status-codes/cloudflare-1xxx-errors/error-1015/","title":"Error 1015: You are being rate limited","status":429,"detail":"You are being rate-limited by the website owner's configuration.","instance":"a2e8342dcb3a3a4e","error_code":1015,"error_name":"rate_limited","error_category":"rate_limit","ray_id":"a2e8342dcb3a3a4e","timestamp":"2026-08-21T08:17:52Z","zone":"api-t1.fyers.in","cloudflare_error":true,"retryable":true,"retry
[13:47:53]   ADANIENT chain unavailable [OPTIONS_CHAIN_ERROR]: FyersAPIError: Fyers HTTP 429 on https://api-t1.fyers.in/data/options-chain-v3?symbol=NSE%3AADANIENT-EQ&strikecount=30: {"type":"https://developers.cloudflare.com/support/troubleshooting/http-status-codes/cloudflare-1xxx-errors/error-1015/","title":"Error 1015: You are being rate limited","status":429,"detail":"You are being rate-limited by the website owner's configuration.","instance":"a2e8342f0a943ab3","error_code":1015,"error_name":"rate_limited","error_category":"rate_limit","ray_id":"a2e8342f0a943ab3","timestamp":"2026-08-21T08:17:52Z","zone":"api-t1.fyers.in","cloudflare_error":true,"retryable":true,"retry
[13:48:00]   BEL NSE:BEL26AUG415PE depth unavailable: FyersAPIError: Fyers HTTP 429 on https://api-t1.fyers.in/data/depth?symbol=NSE%3ABEL26AUG415PE&ohlcv_flag=1: {"type":"https://developers.cloudflare.com/support/troubleshooting/http-status-codes/c
[13:48:08]   BHARTIARTL NSE:BHARTIARTL26AUG1940CE depth unavailable: FyersAPIError: Fyers HTTP 429 on https://api-t1.fyers.in/data/depth?symbol=NSE%3ABHARTIARTL26AUG1940CE&ohlcv_flag=1: {"type":"https://developers.cloudflare.com/support/troubleshooting/http-status
[13:48:11]   BHARTIARTL NSE:BHARTIARTL26AUG1960PE depth unavailable: FyersAPIError: Fyers HTTP 429 on https://api-t1.fyers.in/data/depth?symbol=NSE%3ABHARTIARTL26AUG1960PE&ohlcv_flag=1: {"type":"https://developers.cloudflare.com/support/troubleshooting/http-status
[13:48:12]   COALINDIA chain unavailable [OPTIONS_CHAIN_ERROR]: FyersAPIError: Fyers HTTP 429 on https://api-t1.fyers.in/data/options-chain-v3?symbol=NSE%3ACOALINDIA-EQ&strikecount=30: {"type":"https://developers.cloudflare.com/support/troubleshooting/http-status-codes/cloudflare-1xxx-errors/error-1015/","title":"Error 1015: You are being rate limited","status":429,"detail":"You are being rate-limited by the website owner's configuration.","instance":"a2e834a1bfbf3a59","error_code":1015,"error_name":"rate_limited","error_category":"rate_limit","ray_id":"a2e834a1bfbf3a59","timestamp":"2026-08-21T08:18:10Z","zone":"api-t1.fyers.in","cloudflare_error":true,"retryable":true,"retry
[13:48:12]   DRREDDY chain unavailable [OPTIONS_CHAIN_ERROR]: FyersAPIError: Fyers HTTP 429 on https://api-t1.fyers.in/data/options-chain-v3?symbol=NSE%3ADRREDDY-EQ&strikecount=30: {"type":"https://developers.cloudflare.com/support/troubleshooting/http-status-codes/cloudflare-1xxx-errors/error-1015/","title":"Error 1015: You are being rate limited","status":429,"detail":"You are being rate-limited by the website owner's configuration.","instance":"a2e834a2e857c058","error_code":1015,"error_name":"rate_limited","error_category":"rate_limit","ray_id":"a2e834a2e857c058","timestamp":"2026-08-21T08:18:11Z","zone":"api-t1.fyers.in","cloudflare_error":true,"retryable":true,"retry
[13:48:21]   NIFTY NSE:NIFTY26AUG24200PE depth unavailable: FyersAPIError: Fyers HTTP 429 on https://api-t1.fyers.in/data/depth?symbol=NSE%3ANIFTY26AUG24200PE&ohlcv_flag=1: {"type":"https://developers.cloudflare.com/support/troubleshooting/http-status-cod
[13:48:25]   BANKNIFTY chain unavailable [OPTIONS_CHAIN_ERROR]: FyersAPIError: Fyers HTTP 429 on https://api-t1.fyers.in/data/options-chain-v3?symbol=NSE%3ANIFTYBANK-INDEX&strikecount=30: {"type":"https://developers.cloudflare.com/support/troubleshooting/http-status-codes/cloudflare-1xxx-errors/error-1015/","title":"Error 1015: You are being rate limited","status":429,"detail":"You are being rate-limited by the website owner's configuration.","instance":"a2e834f73b87ff6e","error_code":1015,"error_name":"rate_limited","error_category":"rate_limit","ray_id":"a2e834f73b87ff6e","timestamp":"2026-08-21T08:18:24Z","zone":"api-t1.fyers.in","cloudflare_error":true,"retryable":true,"retry
[13:48:44]   EICHERMOT NSE:EICHERMOT26AUG8000PE depth unavailable: FyersAPIError: Fyers HTTP 429 on https://api-t1.fyers.in/data/depth?symbol=NSE%3AEICHERMOT26AUG8000PE&ohlcv_flag=1: {"type":"https://developers.cloudflare.com/support/troubleshooting/http-status-
[13:48:52]   HINDUNILVR chain unavailable [OPTIONS_CHAIN_ERROR]: FyersAPIError: Fyers HTTP 429 on https://api-t1.fyers.in/data/options-chain-v3?symbol=NSE%3AHINDUNILVR-EQ&strikecount=30: {"type":"https://developers.cloudflare.com/support/troubleshooting/http-status-codes/cloudflare-1xxx-errors/error-1015/","title":"Error 1015: You are being rate limited","status":429,"detail":"You are being rate-limited by the website owner's configuration.","instance":"a2e8359cbaf3ffa5","error_code":1015,"error_name":"rate_limited","error_category":"rate_limit","ray_id":"a2e8359cbaf3ffa5","timestamp":"2026-08-21T08:18:51Z","zone":"api-t1.fyers.in","cloudflare_error":true,"retryable":true,"retry
[13:49:14]   INDIGO chain unavailable [OPTIONS_CHAIN_ERROR]: FyersAPIError: Fyers HTTP 429 on https://api-t1.fyers.in/data/options-chain-v3?symbol=NSE%3AINDIGO-EQ&strikecount=30: {"type":"https://developers.cloudflare.com/support/troubleshooting/http-status-codes/cloudflare-1xxx-errors/error-1015/","title":"Error 1015: You are being rate limited","status":429,"detail":"You are being rate-limited by the website owner's configuration.","instance":"a2e83627c9704069","error_code":1015,"error_name":"rate_limited","error_category":"rate_limit","ray_id":"a2e83627c9704069","timestamp":"2026-08-21T08:19:13Z","zone":"api-t1.fyers.in","cloudflare_error":true,"retryable":true,"retry
[13:49:15]   DATA HEALTH ALERT EICHERMOT: Option chain stale 57.15s; Candidate option quote stale 57.44s; Candidate option quote depth unavailable; Candidate option quote stale 67.44s; Candidate option quote stale 66.44s; Candidate option quote stale 58.44s; Candidate option quote stale 145.45s
[13:49:15]   DATA HEALTH ALERT ETERNAL: Option chain stale 57.16s; Candidate option quote stale 69.45s; Candidate option quote stale 38.45s; Candidate option quote stale 68.46s; Candidate option quote stale 67.46s; Candidate option quote stale 94.46s; Candidate option quote stale 492.46s
[13:49:15]   DATA HEALTH ALERT HINDALCO: Option chain stale 57.17s; Candidate option quote stale 29.46s; Candidate option quote stale 40.46s; Candidate option quote stale 74.46s; Candidate option quote stale 56.46s; Candidate option quote stale 115.46s; Candidate option quote stale 88.46s
[13:49:15]   DATA HEALTH ALERT ICICIBANK: Option chain stale 57.18s; Candidate option quote stale 73.47s; Candidate option quote stale 32.47s; Candidate option quote stale 59.47s; Candidate option quote stale 109.47s; Candidate option quote stale 45.47s; Candidate option quote stale 51.47s
[13:49:15]   DATA HEALTH ALERT ITC: Option chain stale 57.18s; Candidate option quote stale 56.47s; Candidate option quote stale 56.47s; Candidate option quote stale 79.48s; Candidate option quote stale 58.48s; Candidate option quote stale 106.48s; Candidate option quote stale 479.48s
[13:49:28]   BANKNIFTY chain unavailable [OPTIONS_CHAIN_ERROR]: FyersAPIError: Fyers HTTP 429 on https://api-t1.fyers.in/data/options-chain-v3?symbol=NSE%3ANIFTYBANK-INDEX&strikecount=30: {"type":"https://developers.cloudflare.com/support/troubleshooting/http-status-codes/cloudflare-1xxx-errors/error-1015/","title":"Error 1015: You are being rate limited","status":429,"detail":"You are being rate-limited by the website owner's configuration.","instance":"a2e8367d09e885ff","error_code":1015,"error_name":"rate_limited","error_category":"rate_limit","ray_id":"a2e8367d09e885ff","timestamp":"2026-08-21T08:19:26Z","zone":"api-t1.fyers.in","cloudflare_error":true,"retryable":true,"retry
[13:49:28]   FINNIFTY chain unavailable [OPTIONS_CHAIN_ERROR]: FyersAPIError: Fyers HTTP 429 on https://api-t1.fyers.in/data/options-chain-v3?symbol=NSE%3AFINNIFTY-INDEX&strikecount=30: {"type":"https://developers.cloudflare.com/support/troubleshooting/http-status-codes/cloudflare-1xxx-errors/error-1015/","title":"Error 1015: You are being rate limited","status":429,"detail":"You are being rate-limited by the website owner's configuration.","instance":"a2e8367f98e8447b","error_code":1015,"error_name":"rate_limited","error_category":"rate_limit","ray_id":"a2e8367f98e8447b","timestamp":"2026-08-21T08:19:27Z","zone":"api-t1.fyers.in","cloudflare_error":true,"retryable":true,"retry
[13:49:28]   MIDCPNIFTY chain unavailable [OPTIONS_CHAIN_ERROR]: FyersAPIError: Fyers HTTP 429 on https://api-t1.fyers.in/data/options-chain-v3?symbol=NSE%3AMIDCPNIFTY-INDEX&strikecount=30: {"type":"https://developers.cloudflare.com/support/troubleshooting/http-status-codes/cloudflare-1xxx-errors/error-1015/","title":"Error 1015: You are being rate limited","status":429,"detail":"You are being rate-limited by the website owner's configuration.","instance":"a2e836810bc11da3","error_code":1015,"error_name":"rate_limited","error_category":"rate_limit","ray_id":"a2e836810bc11da3","timestamp":"2026-08-21T08:19:27Z","zone":"api-t1.fyers.in","cloudflare_error":true,"retryable":true,"retry
[13:49:29]   JSWSTEEL chain unavailable [OPTIONS_CHAIN_ERROR]: FyersAPIError: Fyers HTTP 429 on https://api-t1.fyers.in/data/options-chain-v3?symbol=NSE%3AJSWSTEEL-EQ&strikecount=30: {"type":"https://developers.cloudflare.com/support/troubleshooting/http-status-codes/cloudflare-1xxx-errors/error-1015/","title":"Error 1015: You are being rate limited","status":429,"detail":"You are being rate-limited by the website owner's configuration.","instance":"a2e836855b1da9f3","error_code":1015,"error_name":"rate_limited","error_category":"rate_limit","ray_id":"a2e836855b1da9f3","timestamp":"2026-08-21T08:19:28Z","zone":"api-t1.fyers.in","cloudflare_error":true,"retryable":true,"retry
[13:49:38]   LT chain unavailable [OPTIONS_CHAIN_ERROR]: FyersAPIError: Fyers HTTP 429 on https://api-t1.fyers.in/data/options-chain-v3?symbol=NSE%3ALT-EQ&strikecount=30: {"type":"https://developers.cloudflare.com/support/troubleshooting/http-status-codes/cloudflare-1xxx-errors/error-1015/","title":"Error 1015: You are being rate limited","status":429,"detail":"You are being rate-limited by the website owner's configuration.","instance":"a2e836bd3a9e444b","error_code":1015,"error_name":"rate_limited","error_category":"rate_limit","ray_id":"a2e836bd3a9e444b","timestamp":"2026-08-21T08:19:37Z","zone":"api-t1.fyers.in","cloudflare_error":true,"retryable":true,"retry
[13:49:38]   M&M chain unavailable [OPTIONS_CHAIN_ERROR]: FyersAPIError: Fyers HTTP 429 on https://api-t1.fyers.in/data/options-chain-v3?symbol=NSE%3AM%26M-EQ&strikecount=30: {"type":"https://developers.cloudflare.com/support/troubleshooting/http-status-codes/cloudflare-1xxx-errors/error-1015/","title":"Error 1015: You are being rate limited","status":429,"detail":"You are being rate-limited by the website owner's configuration.","instance":"a2e836bf4a480d75","error_code":1015,"error_name":"rate_limited","error_category":"rate_limit","ray_id":"a2e836bf4a480d75","timestamp":"2026-08-21T08:19:37Z","zone":"api-t1.fyers.in","cloudflare_error":true,"retryable":true,"retry
[13:49:39]   MARUTI chain unavailable [OPTIONS_CHAIN_ERROR]: FyersAPIError: Fyers HTTP 429 on https://api-t1.fyers.in/data/options-chain-v3?symbol=NSE%3AMARUTI-EQ&strikecount=30: {"type":"https://developers.cloudflare.com/support/troubleshooting/http-status-codes/cloudflare-1xxx-errors/error-1015/","title":"Error 1015: You are being rate limited","status":429,"detail":"You are being rate-limited by the website owner's configuration.","instance":"a2e836c52be64075","error_code":1015,"error_name":"rate_limited","error_category":"rate_limit","ray_id":"a2e836c52be64075","timestamp":"2026-08-21T08:19:38Z","zone":"api-t1.fyers.in","cloudflare_error":true,"retryable":true,"retry
[13:49:39]   MAXHEALTH chain unavailable [OPTIONS_CHAIN_ERROR]: FyersAPIError: Fyers HTTP 429 on https://api-t1.fyers.in/data/options-chain-v3?symbol=NSE%3AMAXHEALTH-EQ&strikecount=30: {"type":"https://developers.cloudflare.com/support/troubleshooting/http-status-codes/cloudflare-1xxx-errors/error-1015/","title":"Error 1015: You are being rate limited","status":429,"detail":"You are being rate-limited by the website owner's configuration.","instance":"a2e836c68b4c3bf8","error_code":1015,"error_name":"rate_limited","error_category":"rate_limit","ray_id":"a2e836c68b4c3bf8","timestamp":"2026-08-21T08:19:38Z","zone":"api-t1.fyers.in","cloudflare_error":true,"retryable":true,"retry
[13:49:40]   NTPC chain unavailable [OPTIONS_CHAIN_ERROR]: FyersAPIError: Fyers HTTP 429 on https://api-t1.fyers.in/data/options-chain-v3?symbol=NSE%3ANTPC-EQ&strikecount=30: {"type":"https://developers.cloudflare.com/support/troubleshooting/http-status-codes/cloudflare-1xxx-errors/error-1015/","title":"Error 1015: You are being rate limited","status":429,"detail":"You are being rate-limited by the website owner's configuration.","instance":"a2e836c7fe2e3a4c","error_code":1015,"error_name":"rate_limited","error_category":"rate_limit","ray_id":"a2e836c7fe2e3a4c","timestamp":"2026-08-21T08:19:38Z","zone":"api-t1.fyers.in","cloudflare_error":true,"retryable":true,"retry
[13:49:40]   DATA HEALTH ALERT KOTAKBANK: CE/PE timestamp delta 14.00s at 400.0; CE/PE timestamp delta 156.00s at 405.0; CE/PE timestamp delta 5.00s at 410.0; Candidate option quote stale 13.61s; Candidate option quote stale 169.62s; Candidate option quote stale 30.62s; Candidate option quote stale 16.62s; Candidate option quote stale 35.62s; Candidate option quote stale 30.62s
[13:50:27]   DATA HEALTH ALERT JIOFIN: Option chain stale 41.99s; Candidate option quote stale 35.70s; Candidate option quote stale 44.70s; Candidate option quote stale 144.70s; Candidate option quote stale 62.70s; Candidate option quote stale 134.70s; Candidate option quote stale 151.70s
[13:50:27] Cycle error; new entries blocked for 30.0s: OptionChainParseError: Missing CE at strike 4080.0
[13:50:32]   NIFTY chain unavailable [OPTIONS_CHAIN_ERROR]: FyersAPIError: Fyers HTTP 429 on https://api-t1.fyers.in/data/options-chain-v3?symbol=NSE%3ANIFTY50-INDEX&strikecount=30: {"type":"https://developers.cloudflare.com/support/troubleshooting/http-status-codes/cloudflare-1xxx-errors/error-1015/","title":"Error 1015: You are being rate limited","status":429,"detail":"You are being rate-limited by the website owner's configuration.","instance":"a2e838118d1a90f3","error_code":1015,"error_name":"rate_limited","error_category":"rate_limit","ray_id":"a2e838118d1a90f3","timestamp":"2026-08-21T08:20:31Z","zone":"api-t1.fyers.in","cloudflare_error":true,"retryable":true,"retry
[13:50:33]   BANKNIFTY chain unavailable [OPTIONS_CHAIN_ERROR]: FyersAPIError: Fyers HTTP 429 on https://api-t1.fyers.in/data/options-chain-v3?symbol=NSE%3ANIFTYBANK-INDEX&strikecount=30: {"type":"https://developers.cloudflare.com/support/troubleshooting/http-status-codes/cloudflare-1xxx-errors/error-1015/","title":"Error 1015: You are being rate limited","status":429,"detail":"You are being rate-limited by the website owner's configuration.","instance":"a2e83812ade0b66f","error_code":1015,"error_name":"rate_limited","error_category":"rate_limit","ray_id":"a2e83812ade0b66f","timestamp":"2026-08-21T08:20:31Z","zone":"api-t1.fyers.in","cloudflare_error":true,"retryable":true,"retry
[13:50:33]   FINNIFTY chain unavailable [OPTIONS_CHAIN_ERROR]: FyersAPIError: Fyers HTTP 429 on https://api-t1.fyers.in/data/options-chain-v3?symbol=NSE%3AFINNIFTY-INDEX&strikecount=30: {"type":"https://developers.cloudflare.com/support/troubleshooting/http-status-codes/cloudflare-1xxx-errors/error-1015/","title":"Error 1015: You are being rate limited","status":429,"detail":"You are being rate-limited by the website owner's configuration.","instance":"a2e83813b854205b","error_code":1015,"error_name":"rate_limited","error_category":"rate_limit","ray_id":"a2e83813b854205b","timestamp":"2026-08-21T08:20:31Z","zone":"api-t1.fyers.in","cloudflare_error":true,"retryable":true,"retry
[13:50:45]   TCS chain unavailable [OPTIONS_CHAIN_ERROR]: FyersAPIError: Fyers HTTP 429 on https://api-t1.fyers.in/data/options-chain-v3?symbol=NSE%3ATCS-EQ&strikecount=30: {"type":"https://developers.cloudflare.com/support/troubleshooting/http-status-codes/cloudflare-1xxx-errors/error-1015/","title":"Error 1015: You are being rate limited","status":429,"detail":"You are being rate-limited by the website owner's configuration.","instance":"a2e838633d64a9ef","error_code":1015,"error_name":"rate_limited","error_category":"rate_limit","ray_id":"a2e838633d64a9ef","timestamp":"2026-08-21T08:20:44Z","zone":"api-t1.fyers.in","cloudflare_error":true,"retryable":true,"retry
[13:50:46]   TATACONSUM chain unavailable [OPTIONS_CHAIN_ERROR]: FyersAPIError: Fyers HTTP 429 on https://api-t1.fyers.in/data/options-chain-v3?symbol=NSE%3ATATACONSUM-EQ&strikecount=30: {"type":"https://developers.cloudflare.com/support/troubleshooting/http-status-codes/cloudflare-1xxx-errors/error-1015/","title":"Error 1015: You are being rate limited","status":429,"detail":"You are being rate-limited by the website owner's configuration.","instance":"a2e838643ad374eb","error_code":1015,"error_name":"rate_limited","error_category":"rate_limit","ray_id":"a2e838643ad374eb","timestamp":"2026-08-21T08:20:44Z","zone":"api-t1.fyers.in","cloudflare_error":true,"retryable":true,"retry
[13:50:55]   NIFTY chain unavailable [OPTIONS_CHAIN_ERROR]: FyersAPIError: Fyers HTTP 429 on https://api-t1.fyers.in/data/options-chain-v3?symbol=NSE%3ANIFTY50-INDEX&strikecount=30: {"type":"https://developers.cloudflare.com/support/troubleshooting/http-status-codes/cloudflare-1xxx-errors/error-1015/","title":"Error 1015: You are being rate limited","status":429,"detail":"You are being rate-limited by the website owner's configuration.","instance":"a2e8389fcc433e34","error_code":1015,"error_name":"rate_limited","error_category":"rate_limit","ray_id":"a2e8389fcc433e34","timestamp":"2026-08-21T08:20:54Z","zone":"api-t1.fyers.in","cloudflare_error":true,"retryable":true,"retry
[13:50:55]   BANKNIFTY chain unavailable [OPTIONS_CHAIN_ERROR]: FyersAPIError: Fyers HTTP 429 on https://api-t1.fyers.in/data/options-chain-v3?symbol=NSE%3ANIFTYBANK-INDEX&strikecount=30: {"type":"https://developers.cloudflare.com/support/troubleshooting/http-status-codes/cloudflare-1xxx-errors/error-1015/","title":"Error 1015: You are being rate limited","status":429,"detail":"You are being rate-limited by the website owner's configuration.","instance":"a2e838a11daa6efa","error_code":1015,"error_name":"rate_limited","error_category":"rate_limit","ray_id":"a2e838a11daa6efa","timestamp":"2026-08-21T08:20:54Z","zone":"api-t1.fyers.in","cloudflare_error":true,"retryable":true,"retry
[13:50:56]   FINNIFTY chain unavailable [OPTIONS_CHAIN_ERROR]: FyersAPIError: Fyers HTTP 429 on https://api-t1.fyers.in/data/options-chain-v3?symbol=NSE%3AFINNIFTY-INDEX&strikecount=30: {"type":"https://developers.cloudflare.com/support/troubleshooting/http-status-codes/cloudflare-1xxx-errors/error-1015/","title":"Error 1015: You are being rate limited","status":429,"detail":"You are being rate-limited by the website owner's configuration.","instance":"a2e838a23b46b630","error_code":1015,"error_name":"rate_limited","error_category":"rate_limit","ray_id":"a2e838a23b46b630","timestamp":"2026-08-21T08:20:54Z","zone":"api-t1.fyers.in","cloudflare_error":true,"retryable":true,"retry
[13:50:56]   MIDCPNIFTY chain unavailable [OPTIONS_CHAIN_ERROR]: FyersAPIError: Fyers HTTP 429 on https://api-t1.fyers.in/data/options-chain-v3?symbol=NSE%3AMIDCPNIFTY-INDEX&strikecount=30: {"type":"https://developers.cloudflare.com/support/troubleshooting/http-status-codes/cloudflare-1xxx-errors/error-1015/","title":"Error 1015: You are being rate limited","status":429,"detail":"You are being rate-limited by the website owner's configuration.","instance":"a2e838a348c90cdc","error_code":1015,"error_name":"rate_limited","error_category":"rate_limit","ray_id":"a2e838a348c90cdc","timestamp":"2026-08-21T08:20:54Z","zone":"api-t1.fyers.in","cloudflare_error":true,"retryable":true,"retry
[13:51:02]   SBIN NSE:SBIN26AUG1030PE depth unavailable: FyersAPIError: Fyers HTTP 429 on https://api-t1.fyers.in/data/depth?symbol=NSE%3ASBIN26AUG1030PE&ohlcv_flag=1: {"type":"https://developers.cloudflare.com/support/troubleshooting/http-status-codes
[13:51:20]   NIFTY chain unavailable [OPTIONS_CHAIN_ERROR]: FyersAPIError: Fyers HTTP 429 on https://api-t1.fyers.in/data/options-chain-v3?symbol=NSE%3ANIFTY50-INDEX&strikecount=30: {"type":"https://developers.cloudflare.com/support/troubleshooting/http-status-codes/cloudflare-1xxx-errors/error-1015/","title":"Error 1015: You are being rate limited","status":429,"detail":"You are being rate-limited by the website owner's configuration.","instance":"a2e8393999ee3ad7","error_code":1015,"error_name":"rate_limited","error_category":"rate_limit","ray_id":"a2e8393999ee3ad7","timestamp":"2026-08-21T08:21:18Z","zone":"api-t1.fyers.in","cloudflare_error":true,"retryable":true,"retry
[13:51:24]   MIDCPNIFTY chain unavailable [OPTIONS_CHAIN_ERROR]: FyersAPIError: Fyers HTTP 429 on https://api-t1.fyers.in/data/options-chain-v3?symbol=NSE%3AMIDCPNIFTY-INDEX&strikecount=30: {"type":"https://developers.cloudflare.com/support/troubleshooting/http-status-codes/cloudflare-1xxx-errors/error-1015/","title":"Error 1015: You are being rate limited","status":429,"detail":"You are being rate-limited by the website owner's configuration.","instance":"a2e839551f6747ca","error_code":1015,"error_name":"rate_limited","error_category":"rate_limit","ray_id":"a2e839551f6747ca","timestamp":"2026-08-21T08:21:23Z","zone":"api-t1.fyers.in","cloudflare_error":true,"retryable":true,"retry
[13:51:24]   POWERGRID chain unavailable [OPTIONS_CHAIN_ERROR]: FyersAPIError: Fyers HTTP 429 on https://api-t1.fyers.in/data/options-chain-v3?symbol=NSE%3APOWERGRID-EQ&strikecount=30: {"type":"https://developers.cloudflare.com/support/troubleshooting/http-status-codes/cloudflare-1xxx-errors/error-1015/","title":"Error 1015: You are being rate limited","status":429,"detail":"You are being rate-limited by the website owner's configuration.","instance":"a2e839562a44e565","error_code":1015,"error_name":"rate_limited","error_category":"rate_limit","ray_id":"a2e839562a44e565","timestamp":"2026-08-21T08:21:23Z","zone":"api-t1.fyers.in","cloudflare_error":true,"retryable":true,"retry
[13:51:25]   RELIANCE chain unavailable [OPTIONS_CHAIN_ERROR]: FyersAPIError: Fyers HTTP 429 on https://api-t1.fyers.in/data/options-chain-v3?symbol=NSE%3ARELIANCE-EQ&strikecount=30: {"type":"https://developers.cloudflare.com/support/troubleshooting/http-status-codes/cloudflare-1xxx-errors/error-1015/","title":"Error 1015: You are being rate limited","status":429,"detail":"You are being rate-limited by the website owner's configuration.","instance":"a2e839575ac545a3","error_code":1015,"error_name":"rate_limited","error_category":"rate_limit","ray_id":"a2e839575ac545a3","timestamp":"2026-08-21T08:21:23Z","zone":"api-t1.fyers.in","cloudflare_error":true,"retryable":true,"retry
[13:51:25]   SHRIRAMFIN chain unavailable [OPTIONS_CHAIN_ERROR]: FyersAPIError: Fyers HTTP 429 on https://api-t1.fyers.in/data/options-chain-v3?symbol=NSE%3ASHRIRAMFIN-EQ&strikecount=30: {"type":"https://developers.cloudflare.com/support/troubleshooting/http-status-codes/cloudflare-1xxx-errors/error-1015/","title":"Error 1015: You are being rate limited","status":429,"detail":"You are being rate-limited by the website owner's configuration.","instance":"a2e839589e4cd4bc","error_code":1015,"error_name":"rate_limited","error_category":"rate_limit","ray_id":"a2e839589e4cd4bc","timestamp":"2026-08-21T08:21:23Z","zone":"api-t1.fyers.in","cloudflare_error":true,"retryable":true,"retry
[13:51:25]   SBIN chain unavailable [OPTIONS_CHAIN_ERROR]: FyersAPIError: Fyers HTTP 429 on https://api-t1.fyers.in/data/options-chain-v3?symbol=NSE%3ASBIN-EQ&strikecount=30: {"type":"https://developers.cloudflare.com/support/troubleshooting/http-status-codes/cloudflare-1xxx-errors/error-1015/","title":"Error 1015: You are being rate limited","status":429,"detail":"You are being rate-limited by the website owner's configuration.","instance":"a2e83959cb3e3a31","error_code":1015,"error_name":"rate_limited","error_category":"rate_limit","ray_id":"a2e83959cb3e3a31","timestamp":"2026-08-21T08:21:24Z","zone":"api-t1.fyers.in","cloudflare_error":true,"retryable":true,"retry
[13:51:25]   SUNPHARMA chain unavailable [OPTIONS_CHAIN_ERROR]: FyersAPIError: Fyers HTTP 429 on https://api-t1.fyers.in/data/options-chain-v3?symbol=NSE%3ASUNPHARMA-EQ&strikecount=30: {"type":"https://developers.cloudflare.com/support/troubleshooting/http-status-codes/cloudflare-1xxx-errors/error-1015/","title":"Error 1015: You are being rate limited","status":429,"detail":"You are being rate-limited by the website owner's configuration.","instance":"a2e8395adc69ff71","error_code":1015,"error_name":"rate_limited","error_category":"rate_limit","ray_id":"a2e8395adc69ff71","timestamp":"2026-08-21T08:21:24Z","zone":"api-t1.fyers.in","cloudflare_error":true,"retryable":true,"retry
[13:51:25]   TCS chain unavailable [OPTIONS_CHAIN_ERROR]: FyersAPIError: Fyers HTTP 429 on https://api-t1.fyers.in/data/options-chain-v3?symbol=NSE%3ATCS-EQ&strikecount=30: {"type":"https://developers.cloudflare.com/support/troubleshooting/http-status-codes/cloudflare-1xxx-errors/error-1015/","title":"Error 1015: You are being rate limited","status":429,"detail":"You are being rate-limited by the website owner's configuration.","instance":"a2e8395c29d7d5f0","error_code":1015,"error_name":"rate_limited","error_category":"rate_limit","ray_id":"a2e8395c29d7d5f0","timestamp":"2026-08-21T08:21:24Z","zone":"api-t1.fyers.in","cloudflare_error":true,"retryable":true,"retry
[13:51:25]   TATACONSUM chain unavailable [OPTIONS_CHAIN_ERROR]: FyersAPIError: Fyers HTTP 429 on https://api-t1.fyers.in/data/options-chain-v3?symbol=NSE%3ATATACONSUM-EQ&strikecount=30: {"type":"https://developers.cloudflare.com/support/troubleshooting/http-status-codes/cloudflare-1xxx-errors/error-1015/","title":"Error 1015: You are being rate limited","status":429,"detail":"You are being rate-limited by the website owner's configuration.","instance":"a2e8395d38daff99","error_code":1015,"error_name":"rate_limited","error_category":"rate_limit","ray_id":"a2e8395d38daff99","timestamp":"2026-08-21T08:21:24Z","zone":"api-t1.fyers.in","cloudflare_error":true,"retryable":true,"retry
[13:51:26]   HINDUNILVR chain unavailable [OPTIONS_CHAIN_ERROR]: FyersAPIError: Fyers HTTP 429 on https://api-t1.fyers.in/data/options-chain-v3?symbol=NSE%3AHINDUNILVR-EQ&strikecount=30: {"type":"https://developers.cloudflare.com/support/troubleshooting/http-status-codes/cloudflare-1xxx-errors/error-1015/","title":"Error 1015: You are being rate limited","status":429,"detail":"You are being rate-limited by the website owner's configuration.","instance":"a2e8395e6960cdcf","error_code":1015,"error_name":"rate_limited","error_category":"rate_limit","ray_id":"a2e8395e6960cdcf","timestamp":"2026-08-21T08:21:24Z","zone":"api-t1.fyers.in","cloudflare_error":true,"retryable":true,"retry
[13:51:31]   NIFTY chain unavailable [OPTIONS_CHAIN_ERROR]: FyersAPIError: Fyers HTTP 429 on https://api-t1.fyers.in/data/options-chain-v3?symbol=NSE%3ANIFTY50-INDEX&strikecount=30: {"type":"https://developers.cloudflare.com/support/troubleshooting/http-status-codes/cloudflare-1xxx-errors/error-1015/","title":"Error 1015: You are being rate limited","status":429,"detail":"You are being rate-limited by the website owner's configuration.","instance":"a2e83981dd894e0d","error_code":1015,"error_name":"rate_limited","error_category":"rate_limit","ray_id":"a2e83981dd894e0d","timestamp":"2026-08-21T08:21:30Z","zone":"api-t1.fyers.in","cloudflare_error":true,"retryable":true,"retry
[13:51:31]   BANKNIFTY chain unavailable [OPTIONS_CHAIN_ERROR]: FyersAPIError: Fyers HTTP 429 on https://api-t1.fyers.in/data/options-chain-v3?symbol=NSE%3ANIFTYBANK-INDEX&strikecount=30: {"type":"https://developers.cloudflare.com/support/troubleshooting/http-status-codes/cloudflare-1xxx-errors/error-1015/","title":"Error 1015: You are being rate limited","status":429,"detail":"You are being rate-limited by the website owner's configuration.","instance":"a2e83982cfd2ff6f","error_code":1015,"error_name":"rate_limited","error_category":"rate_limit","ray_id":"a2e83982cfd2ff6f","timestamp":"2026-08-21T08:21:30Z","zone":"api-t1.fyers.in","cloudflare_error":true,"retryable":true,"retry
[13:51:32]   FINNIFTY chain unavailable [OPTIONS_CHAIN_ERROR]: FyersAPIError: Fyers HTTP 429 on https://api-t1.fyers.in/data/options-chain-v3?symbol=NSE%3AFINNIFTY-INDEX&strikecount=30: {"type":"https://developers.cloudflare.com/support/troubleshooting/http-status-codes/cloudflare-1xxx-errors/error-1015/","title":"Error 1015: You are being rate limited","status":429,"detail":"You are being rate-limited by the website owner's configuration.","instance":"a2e83983e8814192","error_code":1015,"error_name":"rate_limited","error_category":"rate_limit","ray_id":"a2e83983e8814192","timestamp":"2026-08-21T08:21:30Z","zone":"api-t1.fyers.in","cloudflare_error":true,"retryable":true,"retry
[13:51:40]   RELIANCE NSE:RELIANCE26AUG1320PE depth unavailable: FyersAPIError: Fyers HTTP 429 on https://api-t1.fyers.in/data/depth?symbol=NSE%3ARELIANCE26AUG1320PE&ohlcv_flag=1: {"type":"https://developers.cloudflare.com/support/troubleshooting/http-status-c
[13:51:41]   SHRIRAMFIN chain unavailable [OPTIONS_CHAIN_ERROR]: FyersAPIError: Fyers HTTP 429 on https://api-t1.fyers.in/data/options-chain-v3?symbol=NSE%3ASHRIRAMFIN-EQ&strikecount=30: {"type":"https://developers.cloudflare.com/support/troubleshooting/http-status-codes/cloudflare-1xxx-errors/error-1015/","title":"Error 1015: You are being rate limited","status":429,"detail":"You are being rate-limited by the website owner's configuration.","instance":"a2e839bcef7848da","error_code":1015,"error_name":"rate_limited","error_category":"rate_limit","ray_id":"a2e839bcef7848da","timestamp":"2026-08-21T08:21:39Z","zone":"api-t1.fyers.in","cloudflare_error":true,"retryable":true,"retry
[13:51:48]   TATACONSUM NSE:TATACONSUM26AUG1050PE depth unavailable: FyersAPIError: Fyers HTTP 429 on https://api-t1.fyers.in/data/depth?symbol=NSE%3ATATACONSUM26AUG1050PE&ohlcv_flag=1: {"type":"https://developers.cloudflare.com/support/troubleshooting/http-status
[13:52:01]   MIDCPNIFTY chain unavailable [OPTIONS_CHAIN_ERROR]: FyersAPIError: Fyers HTTP 429 on https://api-t1.fyers.in/data/options-chain-v3?symbol=NSE%3AMIDCPNIFTY-INDEX&strikecount=30: {"type":"https://developers.cloudflare.com/support/troubleshooting/http-status-codes/cloudflare-1xxx-errors/error-1015/","title":"Error 1015: You are being rate limited","status":429,"detail":"You are being rate-limited by the website owner's configuration.","instance":"a2e83a3cba084811","error_code":1015,"error_name":"rate_limited","error_category":"rate_limit","ray_id":"a2e83a3cba084811","timestamp":"2026-08-21T08:22:00Z","zone":"api-t1.fyers.in","cloudflare_error":true,"retryable":true,"retry
[13:52:01]   TMPV chain unavailable [OPTIONS_CHAIN_ERROR]: FyersAPIError: Fyers HTTP 429 on https://api-t1.fyers.in/data/options-chain-v3?symbol=NSE%3ATMPV-EQ&strikecount=30: {"type":"https://developers.cloudflare.com/support/troubleshooting/http-status-codes/cloudflare-1xxx-errors/error-1015/","title":"Error 1015: You are being rate limited","status":429,"detail":"You are being rate-limited by the website owner's configuration.","instance":"a2e83a3ddbdb492c","error_code":1015,"error_name":"rate_limited","error_category":"rate_limit","ray_id":"a2e83a3ddbdb492c","timestamp":"2026-08-21T08:22:00Z","zone":"api-t1.fyers.in","cloudflare_error":true,"retryable":true,"retry
[13:52:02]   TATASTEEL chain unavailable [OPTIONS_CHAIN_ERROR]: FyersAPIError: Fyers HTTP 429 on https://api-t1.fyers.in/data/options-chain-v3?symbol=NSE%3ATATASTEEL-EQ&strikecount=30: {"type":"https://developers.cloudflare.com/support/troubleshooting/http-status-codes/cloudflare-1xxx-errors/error-1015/","title":"Error 1015: You are being rate limited","status":429,"detail":"You are being rate-limited by the website owner's configuration.","instance":"a2e83a3efa7760b0","error_code":1015,"error_name":"rate_limited","error_category":"rate_limit","ray_id":"a2e83a3efa7760b0","timestamp":"2026-08-21T08:22:00Z","zone":"api-t1.fyers.in","cloudflare_error":true,"retryable":true,"retry
[13:52:02]   TECHM chain unavailable [OPTIONS_CHAIN_ERROR]: FyersAPIError: Fyers HTTP 429 on https://api-t1.fyers.in/data/options-chain-v3?symbol=NSE%3ATECHM-EQ&strikecount=30: {"type":"https://developers.cloudflare.com/support/troubleshooting/http-status-codes/cloudflare-1xxx-errors/error-1015/","title":"Error 1015: You are being rate limited","status":429,"detail":"You are being rate-limited by the website owner's configuration.","instance":"a2e83a401cd6eccd","error_code":1015,"error_name":"rate_limited","error_category":"rate_limit","ray_id":"a2e83a401cd6eccd","timestamp":"2026-08-21T08:22:00Z","zone":"api-t1.fyers.in","cloudflare_error":true,"retryable":true,"retry
[13:52:02]   TITAN chain unavailable [OPTIONS_CHAIN_ERROR]: FyersAPIError: Fyers HTTP 429 on https://api-t1.fyers.in/data/options-chain-v3?symbol=NSE%3ATITAN-EQ&strikecount=30: {"type":"https://developers.cloudflare.com/support/troubleshooting/http-status-codes/cloudflare-1xxx-errors/error-1015/","title":"Error 1015: You are being rate limited","status":429,"detail":"You are being rate-limited by the website owner's configuration.","instance":"a2e83a411a994e0d","error_code":1015,"error_name":"rate_limited","error_category":"rate_limit","ray_id":"a2e83a411a994e0d","timestamp":"2026-08-21T08:22:01Z","zone":"api-t1.fyers.in","cloudflare_error":true,"retryable":true,"retry
[13:52:02]   TRENT chain unavailable [OPTIONS_CHAIN_ERROR]: FyersAPIError: Fyers HTTP 429 on https://api-t1.fyers.in/data/options-chain-v3?symbol=NSE%3ATRENT-EQ&strikecount=30: {"type":"https://developers.cloudflare.com/support/troubleshooting/http-status-codes/cloudflare-1xxx-errors/error-1015/","title":"Error 1015: You are being rate limited","status":429,"detail":"You are being rate-limited by the website owner's configuration.","instance":"a2e83a424f6ca9f3","error_code":1015,"error_name":"rate_limited","error_category":"rate_limit","ray_id":"a2e83a424f6ca9f3","timestamp":"2026-08-21T08:22:01Z","zone":"api-t1.fyers.in","cloudflare_error":true,"retryable":true,"retry
[13:52:02]   ULTRACEMCO chain unavailable [OPTIONS_CHAIN_ERROR]: FyersAPIError: Fyers HTTP 429 on https://api-t1.fyers.in/data/options-chain-v3?symbol=NSE%3AULTRACEMCO-EQ&strikecount=30: {"type":"https://developers.cloudflare.com/support/troubleshooting/http-status-codes/cloudflare-1xxx-errors/error-1015/","title":"Error 1015: You are being rate limited","status":429,"detail":"You are being rate-limited by the website owner's configuration.","instance":"a2e83a43587d5677","error_code":1015,"error_name":"rate_limited","error_category":"rate_limit","ray_id":"a2e83a43587d5677","timestamp":"2026-08-21T08:22:01Z","zone":"api-t1.fyers.in","cloudflare_error":true,"retryable":true,"retry
[13:52:02]   WIPRO chain unavailable [OPTIONS_CHAIN_ERROR]: FyersAPIError: Fyers HTTP 429 on https://api-t1.fyers.in/data/options-chain-v3?symbol=NSE%3AWIPRO-EQ&strikecount=30: {"type":"https://developers.cloudflare.com/support/troubleshooting/http-status-codes/cloudflare-1xxx-errors/error-1015/","title":"Error 1015: You are being rate limited","status":429,"detail":"You are being rate-limited by the website owner's configuration.","instance":"a2e83a4479aa46a8","error_code":1015,"error_name":"rate_limited","error_category":"rate_limit","ray_id":"a2e83a4479aa46a8","timestamp":"2026-08-21T08:22:01Z","zone":"api-t1.fyers.in","cloudflare_error":true,"retryable":true,"retry
[13:52:03]   BANKEX chain unavailable [OPTIONS_CHAIN_ERROR]: FyersAPIError: Fyers HTTP 429 on https://api-t1.fyers.in/data/options-chain-v3?symbol=BSE%3ABANKEX-INDEX&strikecount=30: {"type":"https://developers.cloudflare.com/support/troubleshooting/http-status-codes/cloudflare-1xxx-errors/error-1015/","title":"Error 1015: You are being rate limited","status":429,"detail":"You are being rate-limited by the website owner's configuration.","instance":"a2e83a45ad47b330","error_code":1015,"error_name":"rate_limited","error_category":"rate_limit","ray_id":"a2e83a45ad47b330","timestamp":"2026-08-21T08:22:01Z","zone":"api-t1.fyers.in","cloudflare_error":true,"retryable":true,"retry
[13:52:09]   NIFTY chain unavailable [OPTIONS_CHAIN_ERROR]: FyersAPIError: Fyers HTTP 429 on https://api-t1.fyers.in/data/options-chain-v3?symbol=NSE%3ANIFTY50-INDEX&strikecount=30: {"type":"https://developers.cloudflare.com/support/troubleshooting/http-status-codes/cloudflare-1xxx-errors/error-1015/","title":"Error 1015: You are being rate limited","status":429,"detail":"You are being rate-limited by the website owner's configuration.","instance":"a2e83a6a8def484d","error_code":1015,"error_name":"rate_limited","error_category":"rate_limit","ray_id":"a2e83a6a8def484d","timestamp":"2026-08-21T08:22:07Z","zone":"api-t1.fyers.in","cloudflare_error":true,"retryable":true,"retry
[13:52:09]   BANKNIFTY chain unavailable [OPTIONS_CHAIN_ERROR]: FyersAPIError: Fyers HTTP 429 on https://api-t1.fyers.in/data/options-chain-v3?symbol=NSE%3ANIFTYBANK-INDEX&strikecount=30: {"type":"https://developers.cloudflare.com/support/troubleshooting/http-status-codes/cloudflare-1xxx-errors/error-1015/","title":"Error 1015: You are being rate limited","status":429,"detail":"You are being rate-limited by the website owner's configuration.","instance":"a2e83a6ba9ba0e6e","error_code":1015,"error_name":"rate_limited","error_category":"rate_limit","ray_id":"a2e83a6ba9ba0e6e","timestamp":"2026-08-21T08:22:07Z","zone":"api-t1.fyers.in","cloudflare_error":true,"retryable":true,"retry
[13:52:09]   FINNIFTY chain unavailable [OPTIONS_CHAIN_ERROR]: FyersAPIError: Fyers HTTP 429 on https://api-t1.fyers.in/data/options-chain-v3?symbol=NSE%3AFINNIFTY-INDEX&strikecount=30: {"type":"https://developers.cloudflare.com/support/troubleshooting/http-status-codes/cloudflare-1xxx-errors/error-1015/","title":"Error 1015: You are being rate limited","status":429,"detail":"You are being rate-limited by the website owner's configuration.","instance":"a2e83a6ccbe5518f","error_code":1015,"error_name":"rate_limited","error_category":"rate_limit","ray_id":"a2e83a6ccbe5518f","timestamp":"2026-08-21T08:22:08Z","zone":"api-t1.fyers.in","cloudflare_error":true,"retryable":true,"retry
[13:52:09]   MIDCPNIFTY chain unavailable [OPTIONS_CHAIN_ERROR]: FyersAPIError: Fyers HTTP 429 on https://api-t1.fyers.in/data/options-chain-v3?symbol=NSE%3AMIDCPNIFTY-INDEX&strikecount=30: {"type":"https://developers.cloudflare.com/support/troubleshooting/http-status-codes/cloudflare-1xxx-errors/error-1015/","title":"Error 1015: You are being rate limited","status":429,"detail":"You are being rate-limited by the website owner's configuration.","instance":"a2e83a6dee0780c2","error_code":1015,"error_name":"rate_limited","error_category":"rate_limit","ray_id":"a2e83a6dee0780c2","timestamp":"2026-08-21T08:22:08Z","zone":"api-t1.fyers.in","cloudflare_error":true,"retryable":true,"retry
[13:52:09]   TMPV chain unavailable [OPTIONS_CHAIN_ERROR]: FyersAPIError: Fyers HTTP 429 on https://api-t1.fyers.in/data/options-chain-v3?symbol=NSE%3ATMPV-EQ&strikecount=30: {"type":"https://developers.cloudflare.com/support/troubleshooting/http-status-codes/cloudflare-1xxx-errors/error-1015/","title":"Error 1015: You are being rate limited","status":429,"detail":"You are being rate-limited by the website owner's configuration.","instance":"a2e83a6eee113f33","error_code":1015,"error_name":"rate_limited","error_category":"rate_limit","ray_id":"a2e83a6eee113f33","timestamp":"2026-08-21T08:22:08Z","zone":"api-t1.fyers.in","cloudflare_error":true,"retryable":true,"retry
[13:52:09]   TATASTEEL chain unavailable [OPTIONS_CHAIN_ERROR]: FyersAPIError: Fyers HTTP 429 on https://api-t1.fyers.in/data/options-chain-v3?symbol=NSE%3ATATASTEEL-EQ&strikecount=30: {"type":"https://developers.cloudflare.com/support/troubleshooting/http-status-codes/cloudflare-1xxx-errors/error-1015/","title":"Error 1015: You are being rate limited","status":429,"detail":"You are being rate-limited by the website owner's configuration.","instance":"a2e83a704b99ff67","error_code":1015,"error_name":"rate_limited","error_category":"rate_limit","ray_id":"a2e83a704b99ff67","timestamp":"2026-08-21T08:22:08Z","zone":"api-t1.fyers.in","cloudflare_error":true,"retryable":true,"retry
[13:52:10]   TECHM chain unavailable [OPTIONS_CHAIN_ERROR]: FyersAPIError: Fyers HTTP 429 on https://api-t1.fyers.in/data/options-chain-v3?symbol=NSE%3ATECHM-EQ&strikecount=30: {"type":"https://developers.cloudflare.com/support/troubleshooting/http-status-codes/cloudflare-1xxx-errors/error-1015/","title":"Error 1015: You are being rate limited","status":429,"detail":"You are being rate-limited by the website owner's configuration.","instance":"a2e83a718e9e5644","error_code":1015,"error_name":"rate_limited","error_category":"rate_limit","ray_id":"a2e83a718e9e5644","timestamp":"2026-08-21T08:22:08Z","zone":"api-t1.fyers.in","cloudflare_error":true,"retryable":true,"retry
[13:52:17]   WIPRO NSE:WIPRO26AUG177.5PE depth unavailable: FyersAPIError: Fyers HTTP 429 on https://api-t1.fyers.in/data/depth?symbol=NSE%3AWIPRO26AUG177.5PE&ohlcv_flag=1: {"type":"https://developers.cloudflare.com/support/troubleshooting/http-status-cod
[13:52:31]   BANKNIFTY chain unavailable [OPTIONS_CHAIN_ERROR]: FyersAPIError: Fyers HTTP 429 on https://api-t1.fyers.in/data/options-chain-v3?symbol=NSE%3ANIFTYBANK-INDEX&strikecount=30: {"type":"https://developers.cloudflare.com/support/troubleshooting/http-status-codes/cloudflare-1xxx-errors/error-1015/","title":"Error 1015: You are being rate limited","status":429,"detail":"You are being rate-limited by the website owner's configuration.","instance":"a2e83af499e64728","error_code":1015,"error_name":"rate_limited","error_category":"rate_limit","ray_id":"a2e83af499e64728","timestamp":"2026-08-21T08:22:29Z","zone":"api-t1.fyers.in","cloudflare_error":true,"retryable":true,"retry
[13:52:38]   TATASTEEL chain unavailable [OPTIONS_CHAIN_ERROR]: FyersAPIError: Fyers HTTP 429 on https://api-t1.fyers.in/data/options-chain-v3?symbol=NSE%3ATATASTEEL-EQ&strikecount=30: {"type":"https://developers.cloudflare.com/support/troubleshooting/http-status-codes/cloudflare-1xxx-errors/error-1015/","title":"Error 1015: You are being rate limited","status":429,"detail":"You are being rate-limited by the website owner's configuration.","instance":"a2e83b227cdf2c7b","error_code":1015,"error_name":"rate_limited","error_category":"rate_limit","ray_id":"a2e83b227cdf2c7b","timestamp":"2026-08-21T08:22:37Z","zone":"api-t1.fyers.in","cloudflare_error":true,"retryable":true,"retry
[13:52:38]   TECHM chain unavailable [OPTIONS_CHAIN_ERROR]: FyersAPIError: Fyers HTTP 429 on https://api-t1.fyers.in/data/options-chain-v3?symbol=NSE%3ATECHM-EQ&strikecount=30: {"type":"https://developers.cloudflare.com/support/troubleshooting/http-status-codes/cloudflare-1xxx-errors/error-1015/","title":"Error 1015: You are being rate limited","status":429,"detail":"You are being rate-limited by the website owner's configuration.","instance":"a2e83b23afc9ff7b","error_code":1015,"error_name":"rate_limited","error_category":"rate_limit","ray_id":"a2e83b23afc9ff7b","timestamp":"2026-08-21T08:22:37Z","zone":"api-t1.fyers.in","cloudflare_error":true,"retryable":true,"retry
[13:52:38]   TITAN chain unavailable [OPTIONS_CHAIN_ERROR]: FyersAPIError: Fyers HTTP 429 on https://api-t1.fyers.in/data/options-chain-v3?symbol=NSE%3ATITAN-EQ&strikecount=30: {"type":"https://developers.cloudflare.com/support/troubleshooting/http-status-codes/cloudflare-1xxx-errors/error-1015/","title":"Error 1015: You are being rate limited","status":429,"detail":"You are being rate-limited by the website owner's configuration.","instance":"a2e83b24c9f5d263","error_code":1015,"error_name":"rate_limited","error_category":"rate_limit","ray_id":"a2e83b24c9f5d263","timestamp":"2026-08-21T08:22:37Z","zone":"api-t1.fyers.in","cloudflare_error":true,"retryable":true,"retry
[13:52:38]   TRENT chain unavailable [OPTIONS_CHAIN_ERROR]: FyersAPIError: Fyers HTTP 429 on https://api-t1.fyers.in/data/options-chain-v3?symbol=NSE%3ATRENT-EQ&strikecount=30: {"type":"https://developers.cloudflare.com/support/troubleshooting/http-status-codes/cloudflare-1xxx-errors/error-1015/","title":"Error 1015: You are being rate limited","status":429,"detail":"You are being rate-limited by the website owner's configuration.","instance":"a2e83b25baa1ff9e","error_code":1015,"error_name":"rate_limited","error_category":"rate_limit","ray_id":"a2e83b25baa1ff9e","timestamp":"2026-08-21T08:22:37Z","zone":"api-t1.fyers.in","cloudflare_error":true,"retryable":true,"retry
[13:52:39]   ULTRACEMCO chain unavailable [OPTIONS_CHAIN_ERROR]: FyersAPIError: Fyers HTTP 429 on https://api-t1.fyers.in/data/options-chain-v3?symbol=NSE%3AULTRACEMCO-EQ&strikecount=30: {"type":"https://developers.cloudflare.com/support/troubleshooting/http-status-codes/cloudflare-1xxx-errors/error-1015/","title":"Error 1015: You are being rate limited","status":429,"detail":"You are being rate-limited by the website owner's configuration.","instance":"a2e83b2708073b1f","error_code":1015,"error_name":"rate_limited","error_category":"rate_limit","ray_id":"a2e83b2708073b1f","timestamp":"2026-08-21T08:22:37Z","zone":"api-t1.fyers.in","cloudflare_error":true,"retryable":true,"retry
[13:52:44]   DATA HEALTH ALERT WIPRO: CE/PE timestamp delta 43.00s at 177.5; CE/PE timestamp delta 10.00s at 180.0; CE/PE timestamp delta 18.00s at 182.5; Candidate option quote stale 33.52s; Candidate option quote stale 23.52s; Candidate option quote stale 171.52s; Candidate option quote stale 128.52s; Candidate option quote stale 32.52s; Candidate option quote stale 14.52s
[13:52:44]   DATA HEALTH ALERT BANKEX: CE/PE timestamp delta 49257.00s at 65200.0; CE/PE timestamp delta 278.00s at 65300.0; CE/PE timestamp delta 856.00s at 65400.0; Candidate option quote stale 620.53s; Candidate option quote stale 342.53s; Candidate option quote stale 49964.53s; Candidate option quote stale 707.53s; Candidate option quote stale 24.53s; Candidate option quote stale 880.53s
[13:52:53]   FINNIFTY chain unavailable [OPTIONS_CHAIN_ERROR]: FyersAPIError: Fyers HTTP 429 on https://api-t1.fyers.in/data/options-chain-v3?symbol=NSE%3AFINNIFTY-INDEX&strikecount=30: {"type":"https://developers.cloudflare.com/support/troubleshooting/http-status-codes/cloudflare-1xxx-errors/error-1015/","title":"Error 1015: You are being rate limited","status":429,"detail":"You are being rate-limited by the website owner's configuration.","instance":"a2e83b7dccae3ac8","error_code":1015,"error_name":"rate_limited","error_category":"rate_limit","ray_id":"a2e83b7dccae3ac8","timestamp":"2026-08-21T08:22:51Z","zone":"api-t1.fyers.in","cloudflare_error":true,"retryable":true,"retry
[13:53:07]   WIPRO chain unavailable [OPTIONS_CHAIN_ERROR]: FyersAPIError: Fyers HTTP 429 on https://api-t1.fyers.in/data/options-chain-v3?symbol=NSE%3AWIPRO-EQ&strikecount=30: {"type":"https://developers.cloudflare.com/support/troubleshooting/http-status-codes/cloudflare-1xxx-errors/error-1015/","title":"Error 1015: You are being rate limited","status":429,"detail":"You are being rate-limited by the website owner's configuration.","instance":"a2e83bd8dbf7a7b7","error_code":1015,"error_name":"rate_limited","error_category":"rate_limit","ray_id":"a2e83bd8dbf7a7b7","timestamp":"2026-08-21T08:23:06Z","zone":"api-t1.fyers.in","cloudflare_error":true,"retryable":true,"retry
[13:53:07]   BANKEX chain unavailable [OPTIONS_CHAIN_ERROR]: FyersAPIError: Fyers HTTP 429 on https://api-t1.fyers.in/data/options-chain-v3?symbol=BSE%3ABANKEX-INDEX&strikecount=30: {"type":"https://developers.cloudflare.com/support/troubleshooting/http-status-codes/cloudflare-1xxx-errors/error-1015/","title":"Error 1015: You are being rate limited","status":429,"detail":"You are being rate-limited by the website owner's configuration.","instance":"a2e83bd9ef213e0a","error_code":1015,"error_name":"rate_limited","error_category":"rate_limit","ray_id":"a2e83bd9ef213e0a","timestamp":"2026-08-21T08:23:06Z","zone":"api-t1.fyers.in","cloudflare_error":true,"retryable":true,"retry
[13:53:08]   DATA HEALTH ALERT NIFTY: Invalid IV for CE 22750.0; Missing delta for CE 22750.0; Invalid IV for PE 22750.0; Zero volume CE at 22750.0; Zero volume CE at 22850.0; Zero volume CE at 22950.0; Candidate option quote stale 20.66s; Candidate option quote stale 20.66s; Candidate option quote stale 20.66s; Candidate option quote stale 20.66s; Candidate option quote stale 19.66s; Candidate option quote stale 19.66s
[13:53:08]   DATA HEALTH ALERT MIDCPNIFTY: CE/PE timestamp delta 17.00s at 14825.0; CE/PE timestamp delta 12.00s at 14875.0; Candidate option quote stale 16.67s; Candidate option quote stale 18.67s; Candidate option quote stale 18.67s; Candidate option quote stale 35.67s; Candidate option quote stale 54.67s; Candidate option quote stale 66.67s
[13:53:08]   DATA HEALTH ALERT TMPV: CE/PE timestamp delta 46.00s at 310.0; CE/PE timestamp delta 86.00s at 320.0; Candidate option quote stale 21.68s; Candidate option quote stale 21.68s; Candidate option quote stale 46.68s; Candidate option quote stale 92.68s; Candidate option quote stale 21.68s; Candidate option quote stale 107.68s
[13:53:14]   NIFTY chain unavailable [OPTIONS_CHAIN_ERROR]: FyersAPIError: Fyers HTTP 429 on https://api-t1.fyers.in/data/options-chain-v3?symbol=NSE%3ANIFTY50-INDEX&strikecount=30: {"type":"https://developers.cloudflare.com/support/troubleshooting/http-status-codes/cloudflare-1xxx-errors/error-1015/","title":"Error 1015: You are being rate limited","status":429,"detail":"You are being rate-limited by the website owner's configuration.","instance":"a2e83c05faab3fed","error_code":1015,"error_name":"rate_limited","error_category":"rate_limit","ray_id":"a2e83c05faab3fed","timestamp":"2026-08-21T08:23:13Z","zone":"api-t1.fyers.in","cloudflare_error":true,"retryable":true,"retry
[13:53:15]   BANKNIFTY chain unavailable [OPTIONS_CHAIN_ERROR]: FyersAPIError: Fyers HTTP 429 on https://api-t1.fyers.in/data/options-chain-v3?symbol=NSE%3ANIFTYBANK-INDEX&strikecount=30: {"type":"https://developers.cloudflare.com/support/troubleshooting/http-status-codes/cloudflare-1xxx-errors/error-1015/","title":"Error 1015: You are being rate limited","status":429,"detail":"You are being rate-limited by the website owner's configuration.","instance":"a2e83c0758a0ff9f","error_code":1015,"error_name":"rate_limited","error_category":"rate_limit","ray_id":"a2e83c0758a0ff9f","timestamp":"2026-08-21T08:23:13Z","zone":"api-t1.fyers.in","cloudflare_error":true,"retryable":true,"retry
[13:53:24]   BAJAJFINSV NSE:BAJAJFINSV26AUG2000PE depth unavailable: FyersAPIError: Fyers HTTP 429 on https://api-t1.fyers.in/data/depth?symbol=NSE%3ABAJAJFINSV26AUG2000PE&ohlcv_flag=1: {"type":"https://developers.cloudflare.com/support/troubleshooting/http-status
[13:53:31]   EICHERMOT NSE:EICHERMOT26AUG7900PE depth unavailable: FyersAPIError: Fyers HTTP 429 on https://api-t1.fyers.in/data/depth?symbol=NSE%3AEICHERMOT26AUG7900PE&ohlcv_flag=1: {"type":"https://developers.cloudflare.com/support/troubleshooting/http-status-
[13:54:00]   FOCIT BSE:FOCIT26AUG37200CE depth unavailable: FyersAPIError: Fyers HTTP 429 on https://api-t1.fyers.in/data/depth?symbol=BSE%3AFOCIT26AUG37200CE&ohlcv_flag=1: {"type":"https://developers.cloudflare.com/support/troubleshooting/http-status-cod
[13:54:13]   ICICIBANK chain unavailable [OPTIONS_CHAIN_ERROR]: FyersAPIError: Fyers HTTP 429 on https://api-t1.fyers.in/data/options-chain-v3?symbol=NSE%3AICICIBANK-EQ&strikecount=30: {"type":"https://developers.cloudflare.com/support/troubleshooting/http-status-codes/cloudflare-1xxx-errors/error-1015/","title":"Error 1015: You are being rate limited","status":429,"detail":"You are being rate-limited by the website owner's configuration.","instance":"a2e83d769ecc4448","error_code":1015,"error_name":"rate_limited","error_category":"rate_limit","ray_id":"a2e83d769ecc4448","timestamp":"2026-08-21T08:24:12Z","zone":"api-t1.fyers.in","cloudflare_error":true,"retryable":true,"retry
[13:54:35]   JIOFIN chain unavailable [OPTIONS_CHAIN_ERROR]: FyersAPIError: Fyers HTTP 429 on https://api-t1.fyers.in/data/options-chain-v3?symbol=NSE%3AJIOFIN-EQ&strikecount=30: {"type":"https://developers.cloudflare.com/support/troubleshooting/http-status-codes/cloudflare-1xxx-errors/error-1015/","title":"Error 1015: You are being rate limited","status":429,"detail":"You are being rate-limited by the website owner's configuration.","instance":"a2e83e0019ee442a","error_code":1015,"error_name":"rate_limited","error_category":"rate_limit","ray_id":"a2e83e0019ee442a","timestamp":"2026-08-21T08:24:34Z","zone":"api-t1.fyers.in","cloudflare_error":true,"retryable":true,"retry
[13:54:36]   KOTAKBANK chain unavailable [OPTIONS_CHAIN_ERROR]: FyersAPIError: Fyers HTTP 429 on https://api-t1.fyers.in/data/options-chain-v3?symbol=NSE%3AKOTAKBANK-EQ&strikecount=30: {"type":"https://developers.cloudflare.com/support/troubleshooting/http-status-codes/cloudflare-1xxx-errors/error-1015/","title":"Error 1015: You are being rate limited","status":429,"detail":"You are being rate-limited by the website owner's configuration.","instance":"a2e83e016ca64212","error_code":1015,"error_name":"rate_limited","error_category":"rate_limit","ray_id":"a2e83e016ca64212","timestamp":"2026-08-21T08:24:34Z","zone":"api-t1.fyers.in","cloudflare_error":true,"retryable":true,"retry
[13:54:36]   LT chain unavailable [OPTIONS_CHAIN_ERROR]: FyersAPIError: Fyers HTTP 429 on https://api-t1.fyers.in/data/options-chain-v3?symbol=NSE%3ALT-EQ&strikecount=30: {"type":"https://developers.cloudflare.com/support/troubleshooting/http-status-codes/cloudflare-1xxx-errors/error-1015/","title":"Error 1015: You are being rate limited","status":429,"detail":"You are being rate-limited by the website owner's configuration.","instance":"a2e83e028fe22a60","error_code":1015,"error_name":"rate_limited","error_category":"rate_limit","ray_id":"a2e83e028fe22a60","timestamp":"2026-08-21T08:24:34Z","zone":"api-t1.fyers.in","cloudflare_error":true,"retryable":true,"retry
[13:54:36]   M&M chain unavailable [OPTIONS_CHAIN_ERROR]: FyersAPIError: Fyers HTTP 429 on https://api-t1.fyers.in/data/options-chain-v3?symbol=NSE%3AM%26M-EQ&strikecount=30: {"type":"https://developers.cloudflare.com/support/troubleshooting/http-status-codes/cloudflare-1xxx-errors/error-1015/","title":"Error 1015: You are being rate limited","status":429,"detail":"You are being rate-limited by the website owner's configuration.","instance":"a2e83e03cfb84457","error_code":1015,"error_name":"rate_limited","error_category":"rate_limit","ray_id":"a2e83e03cfb84457","timestamp":"2026-08-21T08:24:35Z","zone":"api-t1.fyers.in","cloudflare_error":true,"retryable":true,"retry
[13:54:36]   MARUTI chain unavailable [OPTIONS_CHAIN_ERROR]: FyersAPIError: Fyers HTTP 429 on https://api-t1.fyers.in/data/options-chain-v3?symbol=NSE%3AMARUTI-EQ&strikecount=30: {"type":"https://developers.cloudflare.com/support/troubleshooting/http-status-codes/cloudflare-1xxx-errors/error-1015/","title":"Error 1015: You are being rate limited","status":429,"detail":"You are being rate-limited by the website owner's configuration.","instance":"a2e83e051ecb47be","error_code":1015,"error_name":"rate_limited","error_category":"rate_limit","ray_id":"a2e83e051ecb47be","timestamp":"2026-08-21T08:24:35Z","zone":"api-t1.fyers.in","cloudflare_error":true,"retryable":true,"retry
[13:54:37]   DATA HEALTH ALERT NIFTY: Invalid IV for CE 22750.0; Missing delta for CE 22750.0; Invalid IV for PE 22750.0; Zero volume CE at 22750.0; Zero volume CE at 22850.0; Zero volume CE at 22950.0; Candidate option quote stale 15.33s; Candidate option quote stale 16.34s; Candidate option quote stale 18.34s; Candidate option quote stale 16.34s; Candidate option quote stale 15.34s; Candidate option quote stale 15.34s
[13:54:37]   DATA HEALTH ALERT BANKNIFTY: Invalid IV for CE 54700.0; Missing delta for CE 54700.0; Invalid IV for PE 54700.0; Zero volume CE at 54700.0; Zero volume CE at 54800.0; Zero volume CE at 54900.0; Candidate option quote stale 14.34s; Candidate option quote stale 15.34s; Candidate option quote stale 15.34s; Candidate option quote stale 14.34s; Candidate option quote stale 14.34s; Candidate option quote stale 16.34s
[13:54:37] Cycle error; new entries blocked for 30.0s: OptionChainParseError: Missing CE at strike 1135.0
[13:54:45]   NIFTY NSE:NIFTY26AUG24250PE depth unavailable: FyersAPIError: Fyers HTTP 429 on https://api-t1.fyers.in/data/depth?symbol=NSE%3ANIFTY26AUG24250PE&ohlcv_flag=1: {"type":"https://developers.cloudflare.com/support/troubleshooting/http-status-cod
[13:55:10] Cycle error; new entries blocked for 30.0s: OptionChainParseError: Missing CE at strike 1135.0
[13:55:20]   FINNIFTY chain unavailable [OPTIONS_CHAIN_ERROR]: FyersAPIError: Fyers HTTP 429 on https://api-t1.fyers.in/data/options-chain-v3?symbol=NSE%3AFINNIFTY-INDEX&strikecount=30: {"type":"https://developers.cloudflare.com/support/troubleshooting/http-status-codes/cloudflare-1xxx-errors/error-1015/","title":"Error 1015: You are being rate limited","status":429,"detail":"You are being rate-limited by the website owner's configuration.","instance":"a2e83f1598297686","error_code":1015,"error_name":"rate_limited","error_category":"rate_limit","ray_id":"a2e83f1598297686","timestamp":"2026-08-21T08:25:18Z","zone":"api-t1.fyers.in","cloudflare_error":true,"retryable":true,"retry
[13:55:20]   MIDCPNIFTY chain unavailable [OPTIONS_CHAIN_ERROR]: FyersAPIError: Fyers HTTP 429 on https://api-t1.fyers.in/data/options-chain-v3?symbol=NSE%3AMIDCPNIFTY-INDEX&strikecount=30: {"type":"https://developers.cloudflare.com/support/troubleshooting/http-status-codes/cloudflare-1xxx-errors/error-1015/","title":"Error 1015: You are being rate limited","status":429,"detail":"You are being rate-limited by the website owner's configuration.","instance":"a2e83f172f060de6","error_code":1015,"error_name":"rate_limited","error_category":"rate_limit","ray_id":"a2e83f172f060de6","timestamp":"2026-08-21T08:25:19Z","zone":"api-t1.fyers.in","cloudflare_error":true,"retryable":true,"retry
[13:55:20]   ITC chain unavailable [OPTIONS_CHAIN_ERROR]: FyersAPIError: Fyers HTTP 429 on https://api-t1.fyers.in/data/options-chain-v3?symbol=NSE%3AITC-EQ&strikecount=30: {"type":"https://developers.cloudflare.com/support/troubleshooting/http-status-codes/cloudflare-1xxx-errors/error-1015/","title":"Error 1015: You are being rate limited","status":429,"detail":"You are being rate-limited by the website owner's configuration.","instance":"a2e83f187c69c87d","error_code":1015,"error_name":"rate_limited","error_category":"rate_limit","ray_id":"a2e83f187c69c87d","timestamp":"2026-08-21T08:25:19Z","zone":"api-t1.fyers.in","cloudflare_error":true,"retryable":true,"retry
[13:55:20]   INFY chain unavailable [OPTIONS_CHAIN_ERROR]: FyersAPIError: Fyers HTTP 429 on https://api-t1.fyers.in/data/options-chain-v3?symbol=NSE%3AINFY-EQ&strikecount=30: {"type":"https://developers.cloudflare.com/support/troubleshooting/http-status-codes/cloudflare-1xxx-errors/error-1015/","title":"Error 1015: You are being rate limited","status":429,"detail":"You are being rate-limited by the website owner's configuration.","instance":"a2e83f19cecb3b34","error_code":1015,"error_name":"rate_limited","error_category":"rate_limit","ray_id":"a2e83f19cecb3b34","timestamp":"2026-08-21T08:25:19Z","zone":"api-t1.fyers.in","cloudflare_error":true,"retryable":true,"retry
[13:55:21]   JSWSTEEL chain unavailable [OPTIONS_CHAIN_ERROR]: FyersAPIError: Fyers HTTP 429 on https://api-t1.fyers.in/data/options-chain-v3?symbol=NSE%3AJSWSTEEL-EQ&strikecount=30: {"type":"https://developers.cloudflare.com/support/troubleshooting/http-status-codes/cloudflare-1xxx-errors/error-1015/","title":"Error 1015: You are being rate limited","status":429,"detail":"You are being rate-limited by the website owner's configuration.","instance":"a2e83f1afaa57e88","error_code":1015,"error_name":"rate_limited","error_category":"rate_limit","ray_id":"a2e83f1afaa57e88","timestamp":"2026-08-21T08:25:19Z","zone":"api-t1.fyers.in","cloudflare_error":true,"retryable":true,"retry
[13:55:21]   JIOFIN chain unavailable [OPTIONS_CHAIN_ERROR]: FyersAPIError: Fyers HTTP 429 on https://api-t1.fyers.in/data/options-chain-v3?symbol=NSE%3AJIOFIN-EQ&strikecount=30: {"type":"https://developers.cloudflare.com/support/troubleshooting/http-status-codes/cloudflare-1xxx-errors/error-1015/","title":"Error 1015: You are being rate limited","status":429,"detail":"You are being rate-limited by the website owner's configuration.","instance":"a2e83f1bfcc00aaa","error_code":1015,"error_name":"rate_limited","error_category":"rate_limit","ray_id":"a2e83f1bfcc00aaa","timestamp":"2026-08-21T08:25:20Z","zone":"api-t1.fyers.in","cloudflare_error":true,"retryable":true,"retry
[13:55:21]   KOTAKBANK chain unavailable [OPTIONS_CHAIN_ERROR]: FyersAPIError: Fyers HTTP 429 on https://api-t1.fyers.in/data/options-chain-v3?symbol=NSE%3AKOTAKBANK-EQ&strikecount=30: {"type":"https://developers.cloudflare.com/support/troubleshooting/http-status-codes/cloudflare-1xxx-errors/error-1015/","title":"Error 1015: You are being rate limited","status":429,"detail":"You are being rate-limited by the website owner's configuration.","instance":"a2e83f1d5aad0cc7","error_code":1015,"error_name":"rate_limited","error_category":"rate_limit","ray_id":"a2e83f1d5aad0cc7","timestamp":"2026-08-21T08:25:20Z","zone":"api-t1.fyers.in","cloudflare_error":true,"retryable":true,"retry
[13:55:21]   LT chain unavailable [OPTIONS_CHAIN_ERROR]: FyersAPIError: Fyers HTTP 429 on https://api-t1.fyers.in/data/options-chain-v3?symbol=NSE%3ALT-EQ&strikecount=30: {"type":"https://developers.cloudflare.com/support/troubleshooting/http-status-codes/cloudflare-1xxx-errors/error-1015/","title":"Error 1015: You are being rate limited","status":429,"detail":"You are being rate-limited by the website owner's configuration.","instance":"a2e83f1ecc043f38","error_code":1015,"error_name":"rate_limited","error_category":"rate_limit","ray_id":"a2e83f1ecc043f38","timestamp":"2026-08-21T08:25:20Z","zone":"api-t1.fyers.in","cloudflare_error":true,"retryable":true,"retry
[13:55:21]   M&M chain unavailable [OPTIONS_CHAIN_ERROR]: FyersAPIError: Fyers HTTP 429 on https://api-t1.fyers.in/data/options-chain-v3?symbol=NSE%3AM%26M-EQ&strikecount=30: {"type":"https://developers.cloudflare.com/support/troubleshooting/http-status-codes/cloudflare-1xxx-errors/error-1015/","title":"Error 1015: You are being rate limited","status":429,"detail":"You are being rate-limited by the website owner's configuration.","instance":"a2e83f1fd8a785d9","error_code":1015,"error_name":"rate_limited","error_category":"rate_limit","ray_id":"a2e83f1fd8a785d9","timestamp":"2026-08-21T08:25:20Z","zone":"api-t1.fyers.in","cloudflare_error":true,"retryable":true,"retry
[13:55:22]   MARUTI chain unavailable [OPTIONS_CHAIN_ERROR]: FyersAPIError: Fyers HTTP 429 on https://api-t1.fyers.in/data/options-chain-v3?symbol=NSE%3AMARUTI-EQ&strikecount=30: {"type":"https://developers.cloudflare.com/support/troubleshooting/http-status-codes/cloudflare-1xxx-errors/error-1015/","title":"Error 1015: You are being rate limited","status":429,"detail":"You are being rate-limited by the website owner's configuration.","instance":"a2e83f213cd22666","error_code":1015,"error_name":"rate_limited","error_category":"rate_limit","ray_id":"a2e83f213cd22666","timestamp":"2026-08-21T08:25:20Z","zone":"api-t1.fyers.in","cloudflare_error":true,"retryable":true,"retry
[13:55:29]   NIFTY NSE:NIFTY26AUG24200CE depth unavailable: FyersAPIError: Fyers HTTP 429 on https://api-t1.fyers.in/data/depth?symbol=NSE%3ANIFTY26AUG24200CE&ohlcv_flag=1: {"type":"https://developers.cloudflare.com/support/troubleshooting/http-status-cod
[13:55:35]   MIDCPNIFTY chain unavailable [OPTIONS_CHAIN_ERROR]: FyersAPIError: Fyers HTTP 429 on https://api-t1.fyers.in/data/options-chain-v3?symbol=NSE%3AMIDCPNIFTY-INDEX&strikecount=30: {"type":"https://developers.cloudflare.com/support/troubleshooting/http-status-codes/cloudflare-1xxx-errors/error-1015/","title":"Error 1015: You are being rate limited","status":429,"detail":"You are being rate-limited by the website owner's configuration.","instance":"a2e83f720def1fb1","error_code":1015,"error_name":"rate_limited","error_category":"rate_limit","ray_id":"a2e83f720def1fb1","timestamp":"2026-08-21T08:25:33Z","zone":"api-t1.fyers.in","cloudflare_error":true,"retryable":true,"retry
[13:55:35]   HINDUNILVR chain unavailable [OPTIONS_CHAIN_ERROR]: FyersAPIError: Fyers HTTP 429 on https://api-t1.fyers.in/data/options-chain-v3?symbol=NSE%3AHINDUNILVR-EQ&strikecount=30: {"type":"https://developers.cloudflare.com/support/troubleshooting/http-status-codes/cloudflare-1xxx-errors/error-1015/","title":"Error 1015: You are being rate limited","status":429,"detail":"You are being rate-limited by the website owner's configuration.","instance":"a2e83f73090237a5","error_code":1015,"error_name":"rate_limited","error_category":"rate_limit","ray_id":"a2e83f73090237a5","timestamp":"2026-08-21T08:25:33Z","zone":"api-t1.fyers.in","cloudflare_error":true,"retryable":true,"retry
[13:55:44]   POWERGRID NSE:POWERGRID26AUG275PE depth unavailable: FyersAPIError: Fyers HTTP 429 on https://api-t1.fyers.in/data/depth?symbol=NSE%3APOWERGRID26AUG275PE&ohlcv_flag=1: {"type":"https://developers.cloudflare.com/support/troubleshooting/http-status-c
[13:55:49]   TCS chain unavailable [OPTIONS_CHAIN_ERROR]: FyersAPIError: Fyers HTTP 429 on https://api-t1.fyers.in/data/options-chain-v3?symbol=NSE%3ATCS-EQ&strikecount=30: {"type":"https://developers.cloudflare.com/support/troubleshooting/http-status-codes/cloudflare-1xxx-errors/error-1015/","title":"Error 1015: You are being rate limited","status":429,"detail":"You are being rate-limited by the website owner's configuration.","instance":"a2e83fcd8c967a80","error_code":1015,"error_name":"rate_limited","error_category":"rate_limit","ray_id":"a2e83fcd8c967a80","timestamp":"2026-08-21T08:25:48Z","zone":"api-t1.fyers.in","cloudflare_error":true,"retryable":true,"retry
[13:55:50]   DATA HEALTH ALERT POWERGRID: CE/PE timestamp delta 17.00s at 270.0; CE/PE timestamp delta 74.00s at 272.5; CE/PE timestamp delta 5.49s at 275.0; Candidate option quote stale 25.59s; Candidate option quote stale 99.60s; Candidate option quote stale 36.60s; Candidate option quote stale 19.60s; Candidate option quote stale 28.60s; Candidate option quote depth unavailable
[13:55:50]   DATA HEALTH ALERT RELIANCE: CE/PE timestamp delta 13.00s at 1300.0; CE/PE timestamp delta 13.00s at 1320.0; Candidate option quote stale 49.61s; Candidate option quote stale 49.61s; Candidate option quote stale 33.61s; Candidate option quote stale 46.61s; Candidate option quote stale 36.61s; Candidate option quote stale 49.61s
[13:55:50]   DATA HEALTH ALERT SBIN: CE/PE timestamp delta 10.00s at 1030.0; CE/PE timestamp delta 7.00s at 1040.0; CE/PE timestamp delta 8.00s at 1050.0; Candidate option quote stale 20.61s; Candidate option quote stale 13.61s; Candidate option quote stale 35.62s; Candidate option quote stale 25.62s; Candidate option quote stale 22.62s; Candidate option quote stale 14.62s
[13:55:50]   DATA HEALTH ALERT SUNPHARMA: CE/PE timestamp delta 12.00s at 1880.0; CE/PE timestamp delta 5.00s at 1900.0; CE/PE timestamp delta 53.00s at 1920.0; Candidate option quote stale 56.62s; Candidate option quote stale 51.62s; Candidate option quote stale 134.62s; Candidate option quote stale 122.62s; Candidate option quote stale 134.62s; Candidate option quote stale 81.63s
[13:56:05]   HINDUNILVR chain unavailable [OPTIONS_CHAIN_ERROR]: FyersAPIError: Fyers HTTP 429 on https://api-t1.fyers.in/data/options-chain-v3?symbol=NSE%3AHINDUNILVR-EQ&strikecount=30: {"type":"https://developers.cloudflare.com/support/troubleshooting/http-status-codes/cloudflare-1xxx-errors/error-1015/","title":"Error 1015: You are being rate limited","status":429,"detail":"You are being rate-limited by the website owner's configuration.","instance":"a2e840323f9efdd4","error_code":1015,"error_name":"rate_limited","error_category":"rate_limit","ray_id":"a2e840323f9efdd4","timestamp":"2026-08-21T08:26:04Z","zone":"api-t1.fyers.in","cloudflare_error":true,"retryable":true,"retry
[13:56:05]   MAXHEALTH chain unavailable [OPTIONS_CHAIN_ERROR]: FyersAPIError: Fyers HTTP 429 on https://api-t1.fyers.in/data/options-chain-v3?symbol=NSE%3AMAXHEALTH-EQ&strikecount=30: {"type":"https://developers.cloudflare.com/support/troubleshooting/http-status-codes/cloudflare-1xxx-errors/error-1015/","title":"Error 1015: You are being rate limited","status":429,"detail":"You are being rate-limited by the website owner's configuration.","instance":"a2e8403368328b82","error_code":1015,"error_name":"rate_limited","error_category":"rate_limit","ray_id":"a2e8403368328b82","timestamp":"2026-08-21T08:26:04Z","zone":"api-t1.fyers.in","cloudflare_error":true,"retryable":true,"retry
[13:56:15]   POWERGRID NSE:POWERGRID26AUG270CE depth unavailable: FyersAPIError: Fyers HTTP 429 on https://api-t1.fyers.in/data/depth?symbol=NSE%3APOWERGRID26AUG270CE&ohlcv_flag=1: {"type":"https://developers.cloudflare.com/support/troubleshooting/http-status-c
[13:56:22]   TCS NSE:TCS26AUG2280CE depth unavailable: FyersAPIError: Fyers HTTP 429 on https://api-t1.fyers.in/data/depth?symbol=NSE%3ATCS26AUG2280CE&ohlcv_flag=1: {"type":"https://developers.cloudflare.com/support/troubleshooting/http-status-codes/
[13:56:24]   DATA HEALTH ALERT NTPC: CE/PE timestamp delta 14.00s at 335.0; CE/PE timestamp delta 40.00s at 340.0; CE/PE timestamp delta 329.00s at 345.0; Candidate option quote stale 74.73s; Candidate option quote stale 34.73s; Candidate option quote stale 142.73s; Candidate option quote stale 128.73s; Candidate option quote stale 43.74s; Candidate option quote stale 372.74s
[13:56:36]   BANKNIFTY chain unavailable [OPTIONS_CHAIN_ERROR]: FyersAPIError: Fyers HTTP 429 on https://api-t1.fyers.in/data/options-chain-v3?symbol=NSE%3ANIFTYBANK-INDEX&strikecount=30: {"type":"https://developers.cloudflare.com/support/troubleshooting/http-status-codes/cloudflare-1xxx-errors/error-1015/","title":"Error 1015: You are being rate limited","status":429,"detail":"You are being rate-limited by the website owner's configuration.","instance":"a2e840f26ab53223","error_code":1015,"error_name":"rate_limited","error_category":"rate_limit","ray_id":"a2e840f26ab53223","timestamp":"2026-08-21T08:26:35Z","zone":"api-t1.fyers.in","cloudflare_error":true,"retryable":true,"retry
[13:56:36]   FINNIFTY chain unavailable [OPTIONS_CHAIN_ERROR]: FyersAPIError: Fyers HTTP 429 on https://api-t1.fyers.in/data/options-chain-v3?symbol=NSE%3AFINNIFTY-INDEX&strikecount=30: {"type":"https://developers.cloudflare.com/support/troubleshooting/http-status-codes/cloudflare-1xxx-errors/error-1015/","title":"Error 1015: You are being rate limited","status":429,"detail":"You are being rate-limited by the website owner's configuration.","instance":"a2e840f4abdfb1e7","error_code":1015,"error_name":"rate_limited","error_category":"rate_limit","ray_id":"a2e840f4abdfb1e7","timestamp":"2026-08-21T08:26:35Z","zone":"api-t1.fyers.in","cloudflare_error":true,"retryable":true,"retry
[13:56:37]   MIDCPNIFTY chain unavailable [OPTIONS_CHAIN_ERROR]: FyersAPIError: Fyers HTTP 429 on https://api-t1.fyers.in/data/options-chain-v3?symbol=NSE%3AMIDCPNIFTY-INDEX&strikecount=30: {"type":"https://developers.cloudflare.com/support/troubleshooting/http-status-codes/cloudflare-1xxx-errors/error-1015/","title":"Error 1015: You are being rate limited","status":429,"detail":"You are being rate-limited by the website owner's configuration.","instance":"a2e840f6cf2de89d","error_code":1015,"error_name":"rate_limited","error_category":"rate_limit","ray_id":"a2e840f6cf2de89d","timestamp":"2026-08-21T08:26:35Z","zone":"api-t1.fyers.in","cloudflare_error":true,"retryable":true,"retry
[13:56:44]   TATASTEEL chain unavailable [OPTIONS_CHAIN_ERROR]: FyersAPIError: Fyers HTTP 429 on https://api-t1.fyers.in/data/options-chain-v3?symbol=NSE%3ATATASTEEL-EQ&strikecount=30: {"type":"https://developers.cloudflare.com/support/troubleshooting/http-status-codes/cloudflare-1xxx-errors/error-1015/","title":"Error 1015: You are being rate limited","status":429,"detail":"You are being rate-limited by the website owner's configuration.","instance":"a2e84121f93b3b67","error_code":1015,"error_name":"rate_limited","error_category":"rate_limit","ray_id":"a2e84121f93b3b67","timestamp":"2026-08-21T08:26:42Z","zone":"api-t1.fyers.in","cloudflare_error":true,"retryable":true,"retry
[13:56:55]   ULTRACEMCO chain unavailable [OPTIONS_CHAIN_ERROR]: FyersAPIError: Fyers HTTP 429 on https://api-t1.fyers.in/data/options-chain-v3?symbol=NSE%3AULTRACEMCO-EQ&strikecount=30: {"type":"https://developers.cloudflare.com/support/troubleshooting/http-status-codes/cloudflare-1xxx-errors/error-1015/","title":"Error 1015: You are being rate limited","status":429,"detail":"You are being rate-limited by the website owner's configuration.","instance":"a2e84165ca4b4200","error_code":1015,"error_name":"rate_limited","error_category":"rate_limit","ray_id":"a2e84165ca4b4200","timestamp":"2026-08-21T08:26:53Z","zone":"api-t1.fyers.in","cloudflare_error":true,"retryable":true,"retry
[13:56:55]   BAJAJ-AUTO chain unavailable [OPTIONS_CHAIN_ERROR]: FyersAPIError: Fyers HTTP 429 on https://api-t1.fyers.in/data/options-chain-v3?symbol=NSE%3ABAJAJ-AUTO-EQ&strikecount=30: {"type":"https://developers.cloudflare.com/support/troubleshooting/http-status-codes/cloudflare-1xxx-errors/error-1015/","title":"Error 1015: You are being rate limited","status":429,"detail":"You are being rate-limited by the website owner's configuration.","instance":"a2e84166cf176470","error_code":1015,"error_name":"rate_limited","error_category":"rate_limit","ray_id":"a2e84166cf176470","timestamp":"2026-08-21T08:26:53Z","zone":"api-t1.fyers.in","cloudflare_error":true,"retryable":true,"retry
[13:56:56]   DATA HEALTH ALERT TATACONSUM: CE/PE timestamp delta 172.00s at 1040.0; CE/PE timestamp delta 6.00s at 1050.0; Candidate option quote stale 37.01s; Candidate option quote stale 43.01s; Candidate option quote stale 31.01s; Candidate option quote stale 203.01s; Candidate option quote stale 50.01s; Candidate option quote stale 50.01s
[13:56:56]   DATA HEALTH ALERT TECHM: CE/PE timestamp delta 1591.00s at 1560.0; CE/PE timestamp delta 94709.00s at 1564.0; CE/PE timestamp delta 175.00s at 1580.0; Candidate option quote stale 194.03s; Candidate option quote stale 19.03s; Candidate option quote stale 94933.03s; Candidate option quote stale 224.03s; Candidate option quote stale 1662.03s; Candidate option quote stale 71.03s
[13:56:56]   DATA HEALTH ALERT TITAN: CE/PE timestamp delta 34.00s at 5000.0; CE/PE timestamp delta 81.00s at 5050.0; CE/PE timestamp delta 136.00s at 5100.0; Candidate option quote stale 12.04s; Candidate option quote stale 93.04s; Candidate option quote stale 58.04s; Candidate option quote stale 92.04s; Candidate option quote stale 17.04s; Candidate option quote stale 153.04s
[13:56:56]   DATA HEALTH ALERT TRENT: CE/PE timestamp delta 82383.00s at 2850.0; CE/PE timestamp delta 40.00s at 2900.0; CE/PE timestamp delta 97.00s at 2950.0; Candidate option quote stale 52.04s; Candidate option quote stale 12.04s; Candidate option quote stale 82433.05s; Candidate option quote stale 50.05s; Candidate option quote stale 20.05s; Candidate option quote stale 117.05s
[13:57:34]   TMPV NSE:TMPV26AUG310CE depth unavailable: FyersAPIError: Fyers HTTP 429 on https://api-t1.fyers.in/data/depth?symbol=NSE%3ATMPV26AUG310CE&ohlcv_flag=1: {"type":"https://developers.cloudflare.com/support/troubleshooting/http-status-codes/
[13:57:39]   TECHM chain unavailable [OPTIONS_CHAIN_ERROR]: FyersAPIError: Fyers HTTP 429 on https://api-t1.fyers.in/data/options-chain-v3?symbol=NSE%3ATECHM-EQ&strikecount=30: {"type":"https://developers.cloudflare.com/support/troubleshooting/http-status-codes/cloudflare-1xxx-errors/error-1015/","title":"Error 1015: You are being rate limited","status":429,"detail":"You are being rate-limited by the website owner's configuration.","instance":"a2e842791afe46b6","error_code":1015,"error_name":"rate_limited","error_category":"rate_limit","ray_id":"a2e842791afe46b6","timestamp":"2026-08-21T08:27:37Z","zone":"api-t1.fyers.in","cloudflare_error":true,"retryable":true,"retry
[13:57:39]   TITAN chain unavailable [OPTIONS_CHAIN_ERROR]: FyersAPIError: Fyers HTTP 429 on https://api-t1.fyers.in/data/options-chain-v3?symbol=NSE%3ATITAN-EQ&strikecount=30: {"type":"https://developers.cloudflare.com/support/troubleshooting/http-status-codes/cloudflare-1xxx-errors/error-1015/","title":"Error 1015: You are being rate limited","status":429,"detail":"You are being rate-limited by the website owner's configuration.","instance":"a2e8427a29f7ff6e","error_code":1015,"error_name":"rate_limited","error_category":"rate_limit","ray_id":"a2e8427a29f7ff6e","timestamp":"2026-08-21T08:27:37Z","zone":"api-t1.fyers.in","cloudflare_error":true,"retryable":true,"retry
[13:57:39]   TRENT chain unavailable [OPTIONS_CHAIN_ERROR]: FyersAPIError: Fyers HTTP 429 on https://api-t1.fyers.in/data/options-chain-v3?symbol=NSE%3ATRENT-EQ&strikecount=30: {"type":"https://developers.cloudflare.com/support/troubleshooting/http-status-codes/cloudflare-1xxx-errors/error-1015/","title":"Error 1015: You are being rate limited","status":429,"detail":"You are being rate-limited by the website owner's configuration.","instance":"a2e8427b8820e09d","error_code":1015,"error_name":"rate_limited","error_category":"rate_limit","ray_id":"a2e8427b8820e09d","timestamp":"2026-08-21T08:27:38Z","zone":"api-t1.fyers.in","cloudflare_error":true,"retryable":true,"retry
[13:57:39]   ULTRACEMCO chain unavailable [OPTIONS_CHAIN_ERROR]: FyersAPIError: Fyers HTTP 429 on https://api-t1.fyers.in/data/options-chain-v3?symbol=NSE%3AULTRACEMCO-EQ&strikecount=30: {"type":"https://developers.cloudflare.com/support/troubleshooting/http-status-codes/cloudflare-1xxx-errors/error-1015/","title":"Error 1015: You are being rate limited","status":429,"detail":"You are being rate-limited by the website owner's configuration.","instance":"a2e8427d1c6329d8","error_code":1015,"error_name":"rate_limited","error_category":"rate_limit","ray_id":"a2e8427d1c6329d8","timestamp":"2026-08-21T08:27:38Z","zone":"api-t1.fyers.in","cloudflare_error":true,"retryable":true,"retry
[13:57:39]   BAJAJ-AUTO chain unavailable [OPTIONS_CHAIN_ERROR]: FyersAPIError: Fyers HTTP 429 on https://api-t1.fyers.in/data/options-chain-v3?symbol=NSE%3ABAJAJ-AUTO-EQ&strikecount=30: {"type":"https://developers.cloudflare.com/support/troubleshooting/http-status-codes/cloudflare-1xxx-errors/error-1015/","title":"Error 1015: You are being rate limited","status":429,"detail":"You are being rate-limited by the website owner's configuration.","instance":"a2e8427e3c203b0a","error_code":1015,"error_name":"rate_limited","error_category":"rate_limit","ray_id":"a2e8427e3c203b0a","timestamp":"2026-08-21T08:27:38Z","zone":"api-t1.fyers.in","cloudflare_error":true,"retryable":true,"retry
[13:57:57]   FINNIFTY NSE:FINNIFTY26AUG26300PE depth unavailable: FyersAPIError: Fyers HTTP 429 on https://api-t1.fyers.in/data/depth?symbol=NSE%3AFINNIFTY26AUG26300PE&ohlcv_flag=1: {"type":"https://developers.cloudflare.com/support/troubleshooting/http-status-
[13:57:57]   MIDCPNIFTY chain unavailable [OPTIONS_CHAIN_ERROR]: FyersAPIError: Fyers HTTP 429 on https://api-t1.fyers.in/data/options-chain-v3?symbol=NSE%3AMIDCPNIFTY-INDEX&strikecount=30: {"type":"https://developers.cloudflare.com/support/troubleshooting/http-status-codes/cloudflare-1xxx-errors/error-1015/","title":"Error 1015: You are being rate limited","status":429,"detail":"You are being rate-limited by the website owner's configuration.","instance":"a2e842ea5ce23ac9","error_code":1015,"error_name":"rate_limited","error_category":"rate_limit","ray_id":"a2e842ea5ce23ac9","timestamp":"2026-08-21T08:27:55Z","zone":"api-t1.fyers.in","cloudflare_error":true,"retryable":true,"retry
[13:57:57]   EICHERMOT chain unavailable [OPTIONS_CHAIN_ERROR]: FyersAPIError: Fyers HTTP 429 on https://api-t1.fyers.in/data/options-chain-v3?symbol=NSE%3AEICHERMOT-EQ&strikecount=30: {"type":"https://developers.cloudflare.com/support/troubleshooting/http-status-codes/cloudflare-1xxx-errors/error-1015/","title":"Error 1015: You are being rate limited","status":429,"detail":"You are being rate-limited by the website owner's configuration.","instance":"a2e842eb39a9ff6c","error_code":1015,"error_name":"rate_limited","error_category":"rate_limit","ray_id":"a2e842eb39a9ff6c","timestamp":"2026-08-21T08:27:56Z","zone":"api-t1.fyers.in","cloudflare_error":true,"retryable":true,"retry
[13:57:57]   ETERNAL chain unavailable [OPTIONS_CHAIN_ERROR]: FyersAPIError: Fyers HTTP 429 on https://api-t1.fyers.in/data/options-chain-v3?symbol=NSE%3AETERNAL-EQ&strikecount=30: {"type":"https://developers.cloudflare.com/support/troubleshooting/http-status-codes/cloudflare-1xxx-errors/error-1015/","title":"Error 1015: You are being rate limited","status":429,"detail":"You are being rate-limited by the website owner's configuration.","instance":"a2e842ec1bb020fe","error_code":1015,"error_name":"rate_limited","error_category":"rate_limit","ray_id":"a2e842ec1bb020fe","timestamp":"2026-08-21T08:27:56Z","zone":"api-t1.fyers.in","cloudflare_error":true,"retryable":true,"retry
[13:57:57]   HINDALCO chain unavailable [OPTIONS_CHAIN_ERROR]: FyersAPIError: Fyers HTTP 429 on https://api-t1.fyers.in/data/options-chain-v3?symbol=NSE%3AHINDALCO-EQ&strikecount=30: {"type":"https://developers.cloudflare.com/support/troubleshooting/http-status-codes/cloudflare-1xxx-errors/error-1015/","title":"Error 1015: You are being rate limited","status":429,"detail":"You are being rate-limited by the website owner's configuration.","instance":"a2e842ed5ef0ff67","error_code":1015,"error_name":"rate_limited","error_category":"rate_limit","ray_id":"a2e842ed5ef0ff67","timestamp":"2026-08-21T08:27:56Z","zone":"api-t1.fyers.in","cloudflare_error":true,"retryable":true,"retry
[13:57:57]   FOCIT chain unavailable [OPTIONS_CHAIN_ERROR]: FyersAPIError: Fyers HTTP 429 on https://api-t1.fyers.in/data/options-chain-v3?symbol=BSE%3AFOCIT-INDEX&strikecount=30: {"type":"https://developers.cloudflare.com/support/troubleshooting/http-status-codes/cloudflare-1xxx-errors/error-1015/","title":"Error 1015: You are being rate limited","status":429,"detail":"You are being rate-limited by the website owner's configuration.","instance":"a2e842ee4b5169b3","error_code":1015,"error_name":"rate_limited","error_category":"rate_limit","ray_id":"a2e842ee4b5169b3","timestamp":"2026-08-21T08:27:56Z","zone":"api-t1.fyers.in","cloudflare_error":true,"retryable":true,"retry
[13:57:57]   BAJAJFINSV chain unavailable [OPTIONS_CHAIN_ERROR]: FyersAPIError: Fyers HTTP 429 on https://api-t1.fyers.in/data/options-chain-v3?symbol=NSE%3ABAJAJFINSV-EQ&strikecount=30: {"type":"https://developers.cloudflare.com/support/troubleshooting/http-status-codes/cloudflare-1xxx-errors/error-1015/","title":"Error 1015: You are being rate limited","status":429,"detail":"You are being rate-limited by the website owner's configuration.","instance":"a2e842ef1fee3b0f","error_code":1015,"error_name":"rate_limited","error_category":"rate_limit","ray_id":"a2e842ef1fee3b0f","timestamp":"2026-08-21T08:27:56Z","zone":"api-t1.fyers.in","cloudflare_error":true,"retryable":true,"retry
[13:57:58]   BEL chain unavailable [OPTIONS_CHAIN_ERROR]: FyersAPIError: Fyers HTTP 429 on https://api-t1.fyers.in/data/options-chain-v3?symbol=NSE%3ABEL-EQ&strikecount=30: {"type":"https://developers.cloudflare.com/support/troubleshooting/http-status-codes/cloudflare-1xxx-errors/error-1015/","title":"Error 1015: You are being rate limited","status":429,"detail":"You are being rate-limited by the website owner's configuration.","instance":"a2e842f02ac90bb8","error_code":1015,"error_name":"rate_limited","error_category":"rate_limit","ray_id":"a2e842f02ac90bb8","timestamp":"2026-08-21T08:27:56Z","zone":"api-t1.fyers.in","cloudflare_error":true,"retryable":true,"retry
[13:57:58]   BHARTIARTL chain unavailable [OPTIONS_CHAIN_ERROR]: FyersAPIError: Fyers HTTP 429 on https://api-t1.fyers.in/data/options-chain-v3?symbol=NSE%3ABHARTIARTL-EQ&strikecount=30: {"type":"https://developers.cloudflare.com/support/troubleshooting/http-status-codes/cloudflare-1xxx-errors/error-1015/","title":"Error 1015: You are being rate limited","status":429,"detail":"You are being rate-limited by the website owner's configuration.","instance":"a2e842f11d6d3d18","error_code":1015,"error_name":"rate_limited","error_category":"rate_limit","ray_id":"a2e842f11d6d3d18","timestamp":"2026-08-21T08:27:56Z","zone":"api-t1.fyers.in","cloudflare_error":true,"retryable":true,"retry
[13:58:00]   DATA HEALTH ALERT BANKNIFTY: Invalid IV for CE 54700.0; Missing delta for CE 54700.0; Invalid IV for PE 54700.0; Zero volume CE at 54700.0; Zero volume CE at 54800.0; Zero volume CE at 54900.0; Candidate option quote stale 9.27s; Candidate option quote stale 8.27s; Candidate option quote stale 9.27s; Candidate option quote stale 9.27s; Candidate option quote stale 9.27s; Candidate option quote stale 8.27s
[13:58:10]   FINNIFTY NSE:FINNIFTY26AUG26250PE depth unavailable: FyersAPIError: Fyers HTTP 429 on https://api-t1.fyers.in/data/depth?symbol=NSE%3AFINNIFTY26AUG26250PE&ohlcv_flag=1: {"type":"https://developers.cloudflare.com/support/troubleshooting/http-status-
[13:58:16]   EICHERMOT chain unavailable [OPTIONS_CHAIN_ERROR]: FyersAPIError: Fyers HTTP 429 on https://api-t1.fyers.in/data/options-chain-v3?symbol=NSE%3AEICHERMOT-EQ&strikecount=30: {"type":"https://developers.cloudflare.com/support/troubleshooting/http-status-codes/cloudflare-1xxx-errors/error-1015/","title":"Error 1015: You are being rate limited","status":429,"detail":"You are being rate-limited by the website owner's configuration.","instance":"a2e84360aef0ff66","error_code":1015,"error_name":"rate_limited","error_category":"rate_limit","ray_id":"a2e84360aef0ff66","timestamp":"2026-08-21T08:28:14Z","zone":"api-t1.fyers.in","cloudflare_error":true,"retryable":true,"retry
[13:58:25]   BAJAJFINSV NSE:BAJAJFINSV26AUG2020PE depth unavailable: FyersAPIError: Fyers HTTP 429 on https://api-t1.fyers.in/data/depth?symbol=NSE%3ABAJAJFINSV26AUG2020PE&ohlcv_flag=1: {"type":"https://developers.cloudflare.com/support/troubleshooting/http-status
[13:58:36]   DATA HEALTH ALERT HDFCLIFE: Option chain stale 31.16s; Candidate option quote stale 31.91s; Candidate option quote stale 36.91s; Candidate option quote stale 27.91s; Candidate option quote stale 36.91s; Candidate option quote stale 18.91s; Candidate option quote stale 41.91s
[13:58:43]   NIFTY chain unavailable [OPTIONS_CHAIN_ERROR]: FyersAPIError: Fyers HTTP 429 on https://api-t1.fyers.in/data/options-chain-v3?symbol=NSE%3ANIFTY50-INDEX&strikecount=30: {"type":"https://developers.cloudflare.com/support/troubleshooting/http-status-codes/cloudflare-1xxx-errors/error-1015/","title":"Error 1015: You are being rate limited","status":429,"detail":"You are being rate-limited by the website owner's configuration.","instance":"a2e8440d7b13ff7a","error_code":1015,"error_name":"rate_limited","error_category":"rate_limit","ray_id":"a2e8440d7b13ff7a","timestamp":"2026-08-21T08:28:42Z","zone":"api-t1.fyers.in","cloudflare_error":true,"retryable":true,"retry
[13:58:51]   MIDCPNIFTY NSE:MIDCPNIFTY26AUG14825CE depth unavailable: FyersAPIError: Fyers HTTP 429 on https://api-t1.fyers.in/data/depth?symbol=NSE%3AMIDCPNIFTY26AUG14825CE&ohlcv_flag=1: {"type":"https://developers.cloudflare.com/support/troubleshooting/http-statu
[13:59:15]   DATA HEALTH ALERT MIDCPNIFTY: Option chain stale 32.28s; Candidate option quote stale 26.41s; Candidate option quote stale 24.41s; Candidate option quote depth unavailable; Candidate option quote stale 26.41s; Candidate option quote stale 27.41s; Candidate option quote stale 35.41s
[13:59:15]   DATA HEALTH ALERT ETERNAL: Option chain stale 32.30s; Candidate option quote stale 134.42s; Candidate option quote stale 52.43s; Candidate option quote stale 61.43s; Candidate option quote stale 40.43s; Candidate option quote stale 36.43s; Candidate option quote stale 307.43s
[13:59:15]   DATA HEALTH ALERT HINDALCO: Option chain stale 32.31s; Candidate option quote stale 36.44s; Candidate option quote stale 145.44s; Candidate option quote stale 33.44s; Candidate option quote stale 51.44s; Candidate option quote stale 40.44s; Candidate option quote stale 145.44s
[13:59:15]   DATA HEALTH ALERT FOCIT: Option chain stale 32.31s; Candidate option quote stale 1055.44s; Candidate option quote stale 50355.44s; Candidate option quote stale 218.44s; Candidate option quote stale 84.44s; Candidate option quote stale 50355.44s; Candidate option quote stale 50355.44s
[13:59:15]   DATA HEALTH ALERT BAJAJFINSV: Option chain stale 32.32s; Candidate option quote stale 67.44s; Candidate option quote stale 174.45s; Candidate option quote stale 85.45s; Candidate option quote stale 85.45s; Candidate option quote stale 67.45s; Candidate option quote stale 342.45s
[13:59:15]   DATA HEALTH ALERT BEL: Option chain stale 32.33s; Candidate option quote stale 24.46s; Candidate option quote stale 32.46s; Candidate option quote stale 32.46s; Candidate option quote stale 32.46s; Candidate option quote stale 32.46s; Candidate option quote stale 32.46s
[13:59:15]   DATA HEALTH ALERT BHARTIARTL: Option chain stale 32.33s; Candidate option quote stale 45.46s; Candidate option quote stale 25.46s; Candidate option quote stale 79.46s; Candidate option quote stale 30.47s; Candidate option quote stale 34.47s; Candidate option quote stale 57.47s
[13:59:46]   BANKEX BSE:BANKEX26AUG65400CE depth unavailable: FyersAPIError: Fyers HTTP 429 on https://api-t1.fyers.in/data/depth?symbol=BSE%3ABANKEX26AUG65400CE&ohlcv_flag=1: {"type":"https://developers.cloudflare.com/support/troubleshooting/http-status-co
[13:59:48]   NIFTYNXT50 NSE:NIFTYNXT5026AUG73800PE depth unavailable: ValueError: Fyers depth source timestamp invalid
[13:59:50]   NIFTYNXT50 NSE:NIFTYNXT5026AUG73900CE depth unavailable: ValueError: Fyers depth source timestamp invalid
[13:59:51]   NIFTYNXT50 NSE:NIFTYNXT5026AUG73900PE depth unavailable: ValueError: Fyers depth source timestamp invalid
[13:59:56]   ADANIENT NSE:ADANIENT26AUG3000CE depth unavailable: FyersAPIError: Fyers HTTP 429 on https://api-t1.fyers.in/data/depth?symbol=NSE%3AADANIENT26AUG3000CE&ohlcv_flag=1: {"type":"https://developers.cloudflare.com/support/troubleshooting/http-status-c
[14:00:19]   ICICIBANK NSE:ICICIBANK26AUG1430CE depth unavailable: FyersAPIError: Fyers HTTP 429 on https://api-t1.fyers.in/data/depth?symbol=NSE%3AICICIBANK26AUG1430CE&ohlcv_flag=1: {"type":"https://developers.cloudflare.com/support/troubleshooting/http-status-
[14:00:26]   WIPRO NSE:WIPRO26AUG182.5CE depth unavailable: FyersAPIError: Fyers HTTP 429 on https://api-t1.fyers.in/data/depth?symbol=NSE%3AWIPRO26AUG182.5CE&ohlcv_flag=1: {"type":"https://developers.cloudflare.com/support/troubleshooting/http-status-cod
[14:00:31]   NIFTYNXT50 NSE:NIFTYNXT5026AUG73800PE depth unavailable: ValueError: Fyers depth source timestamp invalid
[14:00:31]   NIFTYNXT50 NSE:NIFTYNXT5026AUG73900CE depth unavailable: ValueError: Fyers depth source timestamp invalid
[14:00:31]   NIFTYNXT50 NSE:NIFTYNXT5026AUG73900PE depth unavailable: ValueError: Fyers depth source timestamp invalid
[14:00:32]   ADANIENT chain unavailable [OPTIONS_CHAIN_ERROR]: FyersAPIError: Fyers HTTP 429 on https://api-t1.fyers.in/data/options-chain-v3?symbol=NSE%3AADANIENT-EQ&strikecount=30: {"type":"https://developers.cloudflare.com/support/troubleshooting/http-status-codes/cloudflare-1xxx-errors/error-1015/","title":"Error 1015: You are being rate limited","status":429,"detail":"You are being rate-limited by the website owner's configuration.","instance":"a2e846b549efde58","error_code":1015,"error_name":"rate_limited","error_category":"rate_limit","ray_id":"a2e846b549efde58","timestamp":"2026-08-21T08:30:31Z","zone":"api-t1.fyers.in","cloudflare_error":true,"retryable":true,"retry
[14:00:33]   DATA HEALTH ALERT NIFTY: Invalid IV for CE 22750.0; Missing delta for CE 22750.0; Invalid IV for PE 22750.0; Zero volume CE at 22750.0; Zero volume CE at 22850.0; Zero volume CE at 22950.0; Candidate option quote stale 28.39s; Candidate option quote stale 28.39s; Candidate option quote stale 28.39s; Candidate option quote stale 27.40s; Candidate option quote stale 27.40s; Candidate option quote stale 27.40s
[14:00:33]   DATA HEALTH ALERT ICICIBANK: CE/PE timestamp delta 28.00s at 1410.0; CE/PE timestamp delta 34.07s at 1430.0; Candidate option quote stale 36.41s; Candidate option quote stale 36.41s; Candidate option quote stale 60.41s; Candidate option quote stale 32.41s; Candidate option quote depth unavailable; Candidate option quote stale 60.41s
[14:00:33]   DATA HEALTH ALERT INDIGO: CE/PE timestamp delta 201.00s at 5000.0; CE/PE timestamp delta 5.00s at 5100.0; CE/PE timestamp delta 3.00s at 5200.0; Candidate option quote stale 19.41s; Candidate option quote stale 24.42s; Candidate option quote stale 215.42s; Candidate option quote stale 14.42s; Candidate option quote stale 16.42s; Candidate option quote stale 19.42s
[14:00:33]   DATA HEALTH ALERT SBILIFE: CE/PE timestamp delta 3027.00s at 1760.0; CE/PE timestamp delta 396.00s at 1780.0; Candidate option quote stale 80.42s; Candidate option quote stale 476.42s; Candidate option quote stale 3237.42s; Candidate option quote stale 210.42s; Candidate option quote stale 57.42s; Candidate option quote stale 57.42s
[14:00:33]   DATA HEALTH ALERT WIPRO: CE/PE timestamp delta 90.00s at 177.5; CE/PE timestamp delta 51.00s at 180.0; CE/PE timestamp delta 91.07s at 182.5; Candidate option quote stale 62.43s; Candidate option quote stale 11.43s; Candidate option quote stale 129.43s; Candidate option quote stale 39.43s; Candidate option quote depth unavailable; Candidate option quote stale 117.43s
[14:00:33]   DATA HEALTH ALERT SENSEX: CE/PE timestamp delta 4.00s at 77400.0; Candidate option quote warning stale 6.43s; Candidate option quote stale 8.43s; Candidate option quote stale 8.43s; Candidate option quote stale 12.43s; Candidate option quote warning stale 7.43s; Candidate option quote warning stale 7.43s
[14:00:33]   DATA HEALTH ALERT BANKEX: CE/PE timestamp delta 1073.00s at 65200.0; CE/PE timestamp delta 363.00s at 65300.0; CE/PE timestamp delta 856.00s at 65400.0; Candidate option quote stale 106.44s; Candidate option quote stale 469.44s; Candidate option quote stale 103.44s; Candidate option quote stale 1176.44s; Candidate option quote stale 493.44s; Candidate option quote stale 1349.44s
[14:00:33]   DATA HEALTH ALERT NIFTYNXT50: CE/PE timestamp delta 1814678.07s at 73800.0; CE/PE timestamp delta 454.00s at 74000.0; Candidate option quote depth unavailable; Candidate option quote depth unavailable; Candidate option quote stale 1814704.44s; Candidate option quote depth unavailable; Candidate option quote stale 366.44s; Candidate option quote stale 820.44s
[14:00:39]   NIFTY chain unavailable [OPTIONS_CHAIN_ERROR]: FyersAPIError: Fyers HTTP 429 on https://api-t1.fyers.in/data/options-chain-v3?symbol=NSE%3ANIFTY50-INDEX&strikecount=30: {"type":"https://developers.cloudflare.com/support/troubleshooting/http-status-codes/cloudflare-1xxx-errors/error-1015/","title":"Error 1015: You are being rate limited","status":429,"detail":"You are being rate-limited by the website owner's configuration.","instance":"a2e846e1cb5946bc","error_code":1015,"error_name":"rate_limited","error_category":"rate_limit","ray_id":"a2e846e1cb5946bc","timestamp":"2026-08-21T08:30:38Z","zone":"api-t1.fyers.in","cloudflare_error":true,"retryable":true,"retry
[14:00:39]   BANKNIFTY chain unavailable [OPTIONS_CHAIN_ERROR]: FyersAPIError: Fyers HTTP 429 on https://api-t1.fyers.in/data/options-chain-v3?symbol=NSE%3ANIFTYBANK-INDEX&strikecount=30: {"type":"https://developers.cloudflare.com/support/troubleshooting/http-status-codes/cloudflare-1xxx-errors/error-1015/","title":"Error 1015: You are being rate limited","status":429,"detail":"You are being rate-limited by the website owner's configuration.","instance":"a2e846e2dfe18eeb","error_code":1015,"error_name":"rate_limited","error_category":"rate_limit","ray_id":"a2e846e2dfe18eeb","timestamp":"2026-08-21T08:30:38Z","zone":"api-t1.fyers.in","cloudflare_error":true,"retryable":true,"retry
[14:00:40]   FINNIFTY chain unavailable [OPTIONS_CHAIN_ERROR]: FyersAPIError: Fyers HTTP 429 on https://api-t1.fyers.in/data/options-chain-v3?symbol=NSE%3AFINNIFTY-INDEX&strikecount=30: {"type":"https://developers.cloudflare.com/support/troubleshooting/http-status-codes/cloudflare-1xxx-errors/error-1015/","title":"Error 1015: You are being rate limited","status":429,"detail":"You are being rate-limited by the website owner's configuration.","instance":"a2e846e44db3470d","error_code":1015,"error_name":"rate_limited","error_category":"rate_limit","ray_id":"a2e846e44db3470d","timestamp":"2026-08-21T08:30:38Z","zone":"api-t1.fyers.in","cloudflare_error":true,"retryable":true,"retry
[14:00:40]   MIDCPNIFTY chain unavailable [OPTIONS_CHAIN_ERROR]: FyersAPIError: Fyers HTTP 429 on https://api-t1.fyers.in/data/options-chain-v3?symbol=NSE%3AMIDCPNIFTY-INDEX&strikecount=30: {"type":"https://developers.cloudflare.com/support/troubleshooting/http-status-codes/cloudflare-1xxx-errors/error-1015/","title":"Error 1015: You are being rate limited","status":429,"detail":"You are being rate-limited by the website owner's configuration.","instance":"a2e846e59ac53b03","error_code":1015,"error_name":"rate_limited","error_category":"rate_limit","ray_id":"a2e846e59ac53b03","timestamp":"2026-08-21T08:30:38Z","zone":"api-t1.fyers.in","cloudflare_error":true,"retryable":true,"retry
[14:00:40]   NTPC chain unavailable [OPTIONS_CHAIN_ERROR]: FyersAPIError: Fyers HTTP 429 on https://api-t1.fyers.in/data/options-chain-v3?symbol=NSE%3ANTPC-EQ&strikecount=30: {"type":"https://developers.cloudflare.com/support/troubleshooting/http-status-codes/cloudflare-1xxx-errors/error-1015/","title":"Error 1015: You are being rate limited","status":429,"detail":"You are being rate-limited by the website owner's configuration.","instance":"a2e846e76bcc4702","error_code":1015,"error_name":"rate_limited","error_category":"rate_limit","ray_id":"a2e846e76bcc4702","timestamp":"2026-08-21T08:30:39Z","zone":"api-t1.fyers.in","cloudflare_error":true,"retryable":true,"retry
[14:00:40]   POWERGRID chain unavailable [OPTIONS_CHAIN_ERROR]: FyersAPIError: Fyers HTTP 429 on https://api-t1.fyers.in/data/options-chain-v3?symbol=NSE%3APOWERGRID-EQ&strikecount=30: {"type":"https://developers.cloudflare.com/support/troubleshooting/http-status-codes/cloudflare-1xxx-errors/error-1015/","title":"Error 1015: You are being rate limited","status":429,"detail":"You are being rate-limited by the website owner's configuration.","instance":"a2e846e8c9323d3c","error_code":1015,"error_name":"rate_limited","error_category":"rate_limit","ray_id":"a2e846e8c9323d3c","timestamp":"2026-08-21T08:30:39Z","zone":"api-t1.fyers.in","cloudflare_error":true,"retryable":true,"retry
[14:00:41]   RELIANCE chain unavailable [OPTIONS_CHAIN_ERROR]: FyersAPIError: Fyers HTTP 429 on https://api-t1.fyers.in/data/options-chain-v3?symbol=NSE%3ARELIANCE-EQ&strikecount=30: {"type":"https://developers.cloudflare.com/support/troubleshooting/http-status-codes/cloudflare-1xxx-errors/error-1015/","title":"Error 1015: You are being rate limited","status":429,"detail":"You are being rate-limited by the website owner's configuration.","instance":"a2e846eb4e5f3a34","error_code":1015,"error_name":"rate_limited","error_category":"rate_limit","ray_id":"a2e846eb4e5f3a34","timestamp":"2026-08-21T08:30:39Z","zone":"api-t1.fyers.in","cloudflare_error":true,"retryable":true,"retry
[14:00:46]   TCS chain unavailable [OPTIONS_CHAIN_ERROR]: FyersAPIError: Fyers HTTP 429 on https://api-t1.fyers.in/data/options-chain-v3?symbol=NSE%3ATCS-EQ&strikecount=30: {"type":"https://developers.cloudflare.com/support/troubleshooting/http-status-codes/cloudflare-1xxx-errors/error-1015/","title":"Error 1015: You are being rate limited","status":429,"detail":"You are being rate-limited by the website owner's configuration.","instance":"a2e8470dbb802b14","error_code":1015,"error_name":"rate_limited","error_category":"rate_limit","ray_id":"a2e8470dbb802b14","timestamp":"2026-08-21T08:30:45Z","zone":"api-t1.fyers.in","cloudflare_error":true,"retryable":true,"retry
[14:00:46]   M&M chain unavailable [OPTIONS_CHAIN_ERROR]: FyersAPIError: Fyers HTTP 429 on https://api-t1.fyers.in/data/options-chain-v3?symbol=NSE%3AM%26M-EQ&strikecount=30: {"type":"https://developers.cloudflare.com/support/troubleshooting/http-status-codes/cloudflare-1xxx-errors/error-1015/","title":"Error 1015: You are being rate limited","status":429,"detail":"You are being rate-limited by the website owner's configuration.","instance":"a2e8470ec83cff99","error_code":1015,"error_name":"rate_limited","error_category":"rate_limit","ray_id":"a2e8470ec83cff99","timestamp":"2026-08-21T08:30:45Z","zone":"api-t1.fyers.in","cloudflare_error":true,"retryable":true,"retry
[14:00:46]   MARUTI chain unavailable [OPTIONS_CHAIN_ERROR]: FyersAPIError: Fyers HTTP 429 on https://api-t1.fyers.in/data/options-chain-v3?symbol=NSE%3AMARUTI-EQ&strikecount=30: {"type":"https://developers.cloudflare.com/support/troubleshooting/http-status-codes/cloudflare-1xxx-errors/error-1015/","title":"Error 1015: You are being rate limited","status":429,"detail":"You are being rate-limited by the website owner's configuration.","instance":"a2e8470fb91441a2","error_code":1015,"error_name":"rate_limited","error_category":"rate_limit","ray_id":"a2e8470fb91441a2","timestamp":"2026-08-21T08:30:45Z","zone":"api-t1.fyers.in","cloudflare_error":true,"retryable":true,"retry
[14:00:55]   NIFTY NSE:NIFTY26AUG24300CE depth unavailable: FyersAPIError: Fyers HTTP 429 on https://api-t1.fyers.in/data/depth?symbol=NSE%3ANIFTY26AUG24300CE&ohlcv_flag=1: {"type":"https://developers.cloudflare.com/support/troubleshooting/http-status-cod
[14:01:02]   MIDCPNIFTY NSE:MIDCPNIFTY26AUG14825CE depth unavailable: FyersAPIError: Fyers HTTP 429 on https://api-t1.fyers.in/data/depth?symbol=NSE%3AMIDCPNIFTY26AUG14825CE&ohlcv_flag=1: {"type":"https://developers.cloudflare.com/support/troubleshooting/http-statu
[14:01:20]   SBIN chain unavailable [OPTIONS_CHAIN_ERROR]: FyersAPIError: Fyers HTTP 429 on https://api-t1.fyers.in/data/options-chain-v3?symbol=NSE%3ASBIN-EQ&strikecount=30: {"type":"https://developers.cloudflare.com/support/troubleshooting/http-status-codes/cloudflare-1xxx-errors/error-1015/","title":"Error 1015: You are being rate limited","status":429,"detail":"You are being rate-limited by the website owner's configuration.","instance":"a2e847e2790038b2","error_code":1015,"error_name":"rate_limited","error_category":"rate_limit","ray_id":"a2e847e2790038b2","timestamp":"2026-08-21T08:31:19Z","zone":"api-t1.fyers.in","cloudflare_error":true,"retryable":true,"retry
[14:01:20]   SUNPHARMA chain unavailable [OPTIONS_CHAIN_ERROR]: FyersAPIError: Fyers HTTP 429 on https://api-t1.fyers.in/data/options-chain-v3?symbol=NSE%3ASUNPHARMA-EQ&strikecount=30: {"type":"https://developers.cloudflare.com/support/troubleshooting/http-status-codes/cloudflare-1xxx-errors/error-1015/","title":"Error 1015: You are being rate limited","status":429,"detail":"You are being rate-limited by the website owner's configuration.","instance":"a2e847e38f60f57c","error_code":1015,"error_name":"rate_limited","error_category":"rate_limit","ray_id":"a2e847e38f60f57c","timestamp":"2026-08-21T08:31:19Z","zone":"api-t1.fyers.in","cloudflare_error":true,"retryable":true,"retry
[14:01:21]   TCS chain unavailable [OPTIONS_CHAIN_ERROR]: FyersAPIError: Fyers HTTP 429 on https://api-t1.fyers.in/data/options-chain-v3?symbol=NSE%3ATCS-EQ&strikecount=30: {"type":"https://developers.cloudflare.com/support/troubleshooting/http-status-codes/cloudflare-1xxx-errors/error-1015/","title":"Error 1015: You are being rate limited","status":429,"detail":"You are being rate-limited by the website owner's configuration.","instance":"a2e847e4bb2f6eee","error_code":1015,"error_name":"rate_limited","error_category":"rate_limit","ray_id":"a2e847e4bb2f6eee","timestamp":"2026-08-21T08:31:19Z","zone":"api-t1.fyers.in","cloudflare_error":true,"retryable":true,"retry
[14:01:21]   M&M chain unavailable [OPTIONS_CHAIN_ERROR]: FyersAPIError: Fyers HTTP 429 on https://api-t1.fyers.in/data/options-chain-v3?symbol=NSE%3AM%26M-EQ&strikecount=30: {"type":"https://developers.cloudflare.com/support/troubleshooting/http-status-codes/cloudflare-1xxx-errors/error-1015/","title":"Error 1015: You are being rate limited","status":429,"detail":"You are being rate-limited by the website owner's configuration.","instance":"a2e847e5cb3d3cb8","error_code":1015,"error_name":"rate_limited","error_category":"rate_limit","ray_id":"a2e847e5cb3d3cb8","timestamp":"2026-08-21T08:31:19Z","zone":"api-t1.fyers.in","cloudflare_error":true,"retryable":true,"retry
[14:01:21]   MARUTI chain unavailable [OPTIONS_CHAIN_ERROR]: FyersAPIError: Fyers HTTP 429 on https://api-t1.fyers.in/data/options-chain-v3?symbol=NSE%3AMARUTI-EQ&strikecount=30: {"type":"https://developers.cloudflare.com/support/troubleshooting/http-status-codes/cloudflare-1xxx-errors/error-1015/","title":"Error 1015: You are being rate limited","status":429,"detail":"You are being rate-limited by the website owner's configuration.","instance":"a2e847e6f8998495","error_code":1015,"error_name":"rate_limited","error_category":"rate_limit","ray_id":"a2e847e6f8998495","timestamp":"2026-08-21T08:31:20Z","zone":"api-t1.fyers.in","cloudflare_error":true,"retryable":true,"retry
[14:01:27]   NIFTY chain unavailable [OPTIONS_CHAIN_ERROR]: FyersAPIError: Fyers HTTP 429 on https://api-t1.fyers.in/data/options-chain-v3?symbol=NSE%3ANIFTY50-INDEX&strikecount=30: {"type":"https://developers.cloudflare.com/support/troubleshooting/http-status-codes/cloudflare-1xxx-errors/error-1015/","title":"Error 1015: You are being rate limited","status":429,"detail":"You are being rate-limited by the website owner's configuration.","instance":"a2e8480e1890f487","error_code":1015,"error_name":"rate_limited","error_category":"rate_limit","ray_id":"a2e8480e1890f487","timestamp":"2026-08-21T08:31:26Z","zone":"api-t1.fyers.in","cloudflare_error":true,"retryable":true,"retry
[14:01:27]   BANKNIFTY chain unavailable [OPTIONS_CHAIN_ERROR]: FyersAPIError: Fyers HTTP 429 on https://api-t1.fyers.in/data/options-chain-v3?symbol=NSE%3ANIFTYBANK-INDEX&strikecount=30: {"type":"https://developers.cloudflare.com/support/troubleshooting/http-status-codes/cloudflare-1xxx-errors/error-1015/","title":"Error 1015: You are being rate limited","status":429,"detail":"You are being rate-limited by the website owner's configuration.","instance":"a2e8480f29e44664","error_code":1015,"error_name":"rate_limited","error_category":"rate_limit","ray_id":"a2e8480f29e44664","timestamp":"2026-08-21T08:31:26Z","zone":"api-t1.fyers.in","cloudflare_error":true,"retryable":true,"retry
[14:01:28]   FINNIFTY chain unavailable [OPTIONS_CHAIN_ERROR]: FyersAPIError: Fyers HTTP 429 on https://api-t1.fyers.in/data/options-chain-v3?symbol=NSE%3AFINNIFTY-INDEX&strikecount=30: {"type":"https://developers.cloudflare.com/support/troubleshooting/http-status-codes/cloudflare-1xxx-errors/error-1015/","title":"Error 1015: You are being rate limited","status":429,"detail":"You are being rate-limited by the website owner's configuration.","instance":"a2e848106f9c11ea","error_code":1015,"error_name":"rate_limited","error_category":"rate_limit","ray_id":"a2e848106f9c11ea","timestamp":"2026-08-21T08:31:26Z","zone":"api-t1.fyers.in","cloudflare_error":true,"retryable":true,"retry
[14:01:28]   MIDCPNIFTY chain unavailable [OPTIONS_CHAIN_ERROR]: FyersAPIError: Fyers HTTP 429 on https://api-t1.fyers.in/data/options-chain-v3?symbol=NSE%3AMIDCPNIFTY-INDEX&strikecount=30: {"type":"https://developers.cloudflare.com/support/troubleshooting/http-status-codes/cloudflare-1xxx-errors/error-1015/","title":"Error 1015: You are being rate limited","status":429,"detail":"You are being rate-limited by the website owner's configuration.","instance":"a2e848117d3eff70","error_code":1015,"error_name":"rate_limited","error_category":"rate_limit","ray_id":"a2e848117d3eff70","timestamp":"2026-08-21T08:31:26Z","zone":"api-t1.fyers.in","cloudflare_error":true,"retryable":true,"retry
[14:01:43]   MARUTI chain unavailable [OPTIONS_CHAIN_ERROR]: FyersAPIError: Fyers HTTP 429 on https://api-t1.fyers.in/data/options-chain-v3?symbol=NSE%3AMARUTI-EQ&strikecount=30: {"type":"https://developers.cloudflare.com/support/troubleshooting/http-status-codes/cloudflare-1xxx-errors/error-1015/","title":"Error 1015: You are being rate limited","status":429,"detail":"You are being rate-limited by the website owner's configuration.","instance":"a2e8486fecd47aa2","error_code":1015,"error_name":"rate_limited","error_category":"rate_limit","ray_id":"a2e8486fecd47aa2","timestamp":"2026-08-21T08:31:42Z","zone":"api-t1.fyers.in","cloudflare_error":true,"retryable":true,"retry
[14:01:43]   DATA HEALTH ALERT NTPC: CE/PE timestamp delta 18.00s at 335.0; CE/PE timestamp delta 49.00s at 340.0; CE/PE timestamp delta 291.00s at 345.0; Candidate option quote stale 71.93s; Candidate option quote stale 120.93s; Candidate option quote stale 66.93s; Candidate option quote stale 48.93s; Candidate option quote stale 16.93s; Candidate option quote stale 307.94s
[14:01:43]   DATA HEALTH ALERT POWERGRID: CE/PE timestamp delta 12.00s at 270.0; CE/PE timestamp delta 3.00s at 272.5; Candidate option quote stale 44.94s; Candidate option quote stale 41.95s; Candidate option quote stale 52.95s; Candidate option quote stale 40.95s; Candidate option quote stale 36.95s; Candidate option quote stale 35.95s
[14:01:43]   DATA HEALTH ALERT RELIANCE: CE/PE timestamp delta 15.00s at 1300.0; CE/PE timestamp delta 5.00s at 1310.0; CE/PE timestamp delta 11.00s at 1320.0; Candidate option quote stale 12.96s; Candidate option quote stale 17.96s; Candidate option quote stale 17.96s; Candidate option quote stale 32.96s; Candidate option quote stale 11.96s; Candidate option quote stale 22.96s
[14:01:53]   BANKNIFTY NSE:BANKNIFTY26AUG57600CE depth unavailable: FyersAPIError: Fyers HTTP 429 on https://api-t1.fyers.in/data/depth?symbol=NSE%3ABANKNIFTY26AUG57600CE&ohlcv_flag=1: {"type":"https://developers.cloudflare.com/support/troubleshooting/http-status
[14:02:24]   DATA HEALTH ALERT TATASTEEL: Option chain stale 34.99s; Candidate option quote stale 48.39s; Candidate option quote stale 27.39s; Candidate option quote stale 30.39s; Candidate option quote stale 78.39s; Candidate option quote stale 38.39s; Candidate option quote stale 39.40s
[14:02:35]   NIFTY NSE:NIFTY26AUG24250CE depth unavailable: FyersAPIError: Fyers HTTP 429 on https://api-t1.fyers.in/data/depth?symbol=NSE%3ANIFTY26AUG24250CE&ohlcv_flag=1: {"type":"https://developers.cloudflare.com/support/troubleshooting/http-status-cod
[14:02:56]   ADANIPORTS chain unavailable [OPTIONS_CHAIN_ERROR]: FyersAPIError: Fyers HTTP 429 on https://api-t1.fyers.in/data/options-chain-v3?symbol=NSE%3AADANIPORTS-EQ&strikecount=30: {"type":"https://developers.cloudflare.com/support/troubleshooting/http-status-codes/cloudflare-1xxx-errors/error-1015/","title":"Error 1015: You are being rate limited","status":429,"detail":"You are being rate-limited by the website owner's configuration.","instance":"a2e84a39dae7e8eb","error_code":1015,"error_name":"rate_limited","error_category":"rate_limit","ray_id":"a2e84a39dae7e8eb","timestamp":"2026-08-21T08:32:55Z","zone":"api-t1.fyers.in","cloudflare_error":true,"retryable":true,"retry
[14:02:56]   APOLLOHOSP chain unavailable [OPTIONS_CHAIN_ERROR]: FyersAPIError: Fyers HTTP 429 on https://api-t1.fyers.in/data/options-chain-v3?symbol=NSE%3AAPOLLOHOSP-EQ&strikecount=30: {"type":"https://developers.cloudflare.com/support/troubleshooting/http-status-codes/cloudflare-1xxx-errors/error-1015/","title":"Error 1015: You are being rate limited","status":429,"detail":"You are being rate-limited by the website owner's configuration.","instance":"a2e84a3adc8380be","error_code":1015,"error_name":"rate_limited","error_category":"rate_limit","ray_id":"a2e84a3adc8380be","timestamp":"2026-08-21T08:32:55Z","zone":"api-t1.fyers.in","cloudflare_error":true,"retryable":true,"retry
[14:02:58]   DATA HEALTH ALERT NIFTY: Invalid IV for CE 22750.0; Missing delta for CE 22750.0; Invalid IV for PE 22750.0; Zero volume CE at 22750.0; Zero volume CE at 22850.0; Zero volume CE at 22950.0; Candidate option quote depth unavailable; Candidate option quote stale 25.17s; Candidate option quote stale 27.17s; Candidate option quote stale 27.17s; Candidate option quote stale 25.18s; Candidate option quote stale 25.18s
[14:02:58]   DATA HEALTH ALERT BANKNIFTY: Invalid IV for CE 54600.0; Missing delta for CE 54600.0; Invalid IV for PE 54600.0; Zero volume CE at 54600.0; Zero volume CE at 54700.0; Zero volume CE at 54800.0; Candidate option quote stale 22.22s; Candidate option quote stale 24.22s; Candidate option quote stale 23.22s; Candidate option quote stale 22.22s; Candidate option quote stale 22.22s; Candidate option quote stale 21.22s
[14:02:58]   DATA HEALTH ALERT MIDCPNIFTY: CE/PE timestamp delta 18.00s at 14875.0; Candidate option quote stale 19.23s; Candidate option quote stale 19.23s; Candidate option quote stale 19.23s; Candidate option quote stale 19.23s; Candidate option quote stale 51.23s; Candidate option quote stale 69.24s
[14:02:58]   DATA HEALTH ALERT TECHM: CE/PE timestamp delta 32.00s at 1560.0; CE/PE timestamp delta 95110.00s at 1564.0; CE/PE timestamp delta 24.00s at 1580.0; Candidate option quote stale 40.27s; Candidate option quote stale 64.27s; Candidate option quote stale 95295.27s; Candidate option quote stale 185.27s; Candidate option quote stale 29.27s; Candidate option quote stale 61.27s
[14:02:58]   DATA HEALTH ALERT TITAN: CE/PE timestamp delta 4.00s at 5050.0; CE/PE timestamp delta 39.00s at 5100.0; Candidate option quote stale 19.28s; Candidate option quote stale 15.28s; Candidate option quote stale 49.28s; Candidate option quote stale 49.28s; Candidate option quote stale 17.28s; Candidate option quote stale 56.28s
[14:02:58]   DATA HEALTH ALERT TRENT: CE/PE timestamp delta 82762.00s at 2850.0; CE/PE timestamp delta 38.00s at 2900.0; CE/PE timestamp delta 59.00s at 2950.0; Candidate option quote stale 71.28s; Candidate option quote stale 33.29s; Candidate option quote stale 82795.29s; Candidate option quote stale 33.29s; Candidate option quote stale 12.29s; Candidate option quote stale 71.29s
[14:03:04]   NIFTY chain unavailable [OPTIONS_CHAIN_ERROR]: FyersAPIError: Fyers HTTP 429 on https://api-t1.fyers.in/data/options-chain-v3?symbol=NSE%3ANIFTY50-INDEX&strikecount=30: {"type":"https://developers.cloudflare.com/support/troubleshooting/http-status-codes/cloudflare-1xxx-errors/error-1015/","title":"Error 1015: You are being rate limited","status":429,"detail":"You are being rate-limited by the website owner's configuration.","instance":"a2e84a6b6d904412","error_code":1015,"error_name":"rate_limited","error_category":"rate_limit","ray_id":"a2e84a6b6d904412","timestamp":"2026-08-21T08:33:03Z","zone":"api-t1.fyers.in","cloudflare_error":true,"retryable":true,"retry
[14:03:04]   BANKNIFTY chain unavailable [OPTIONS_CHAIN_ERROR]: FyersAPIError: Fyers HTTP 429 on https://api-t1.fyers.in/data/options-chain-v3?symbol=NSE%3ANIFTYBANK-INDEX&strikecount=30: {"type":"https://developers.cloudflare.com/support/troubleshooting/http-status-codes/cloudflare-1xxx-errors/error-1015/","title":"Error 1015: You are being rate limited","status":429,"detail":"You are being rate-limited by the website owner's configuration.","instance":"a2e84a6c6df86eee","error_code":1015,"error_name":"rate_limited","error_category":"rate_limit","ray_id":"a2e84a6c6df86eee","timestamp":"2026-08-21T08:33:03Z","zone":"api-t1.fyers.in","cloudflare_error":true,"retryable":true,"retry
[14:03:04]   FINNIFTY chain unavailable [OPTIONS_CHAIN_ERROR]: FyersAPIError: Fyers HTTP 429 on https://api-t1.fyers.in/data/options-chain-v3?symbol=NSE%3AFINNIFTY-INDEX&strikecount=30: {"type":"https://developers.cloudflare.com/support/troubleshooting/http-status-codes/cloudflare-1xxx-errors/error-1015/","title":"Error 1015: You are being rate limited","status":429,"detail":"You are being rate-limited by the website owner's configuration.","instance":"a2e84a6d88af987d","error_code":1015,"error_name":"rate_limited","error_category":"rate_limit","ray_id":"a2e84a6d88af987d","timestamp":"2026-08-21T08:33:03Z","zone":"api-t1.fyers.in","cloudflare_error":true,"retryable":true,"retry
[14:03:05]   MIDCPNIFTY chain unavailable [OPTIONS_CHAIN_ERROR]: FyersAPIError: Fyers HTTP 429 on https://api-t1.fyers.in/data/options-chain-v3?symbol=NSE%3AMIDCPNIFTY-INDEX&strikecount=30: {"type":"https://developers.cloudflare.com/support/troubleshooting/http-status-codes/cloudflare-1xxx-errors/error-1015/","title":"Error 1015: You are being rate limited","status":429,"detail":"You are being rate-limited by the website owner's configuration.","instance":"a2e84a6e8da8442d","error_code":1015,"error_name":"rate_limited","error_category":"rate_limit","ray_id":"a2e84a6e8da8442d","timestamp":"2026-08-21T08:33:03Z","zone":"api-t1.fyers.in","cloudflare_error":true,"retryable":true,"retry
[14:03:05]   FOCIT chain unavailable [OPTIONS_CHAIN_ERROR]: FyersAPIError: Fyers HTTP 429 on https://api-t1.fyers.in/data/options-chain-v3?symbol=BSE%3AFOCIT-INDEX&strikecount=30: {"type":"https://developers.cloudflare.com/support/troubleshooting/http-status-codes/cloudflare-1xxx-errors/error-1015/","title":"Error 1015: You are being rate limited","status":429,"detail":"You are being rate-limited by the website owner's configuration.","instance":"a2e84a6f793547b0","error_code":1015,"error_name":"rate_limited","error_category":"rate_limit","ray_id":"a2e84a6f793547b0","timestamp":"2026-08-21T08:33:03Z","zone":"api-t1.fyers.in","cloudflare_error":true,"retryable":true,"retry
[14:03:20]   DATA HEALTH ALERT EICHERMOT: CE/PE timestamp delta 60.00s at 7900.0; CE/PE timestamp delta 8.00s at 8100.0; Candidate option quote stale 18.11s; Candidate option quote stale 18.11s; Candidate option quote stale 78.11s; Candidate option quote stale 18.11s; Candidate option quote stale 26.11s; Candidate option quote stale 18.11s
[14:03:25]   NIFTY chain unavailable [OPTIONS_CHAIN_ERROR]: FyersAPIError: Fyers HTTP 429 on https://api-t1.fyers.in/data/options-chain-v3?symbol=NSE%3ANIFTY50-INDEX&strikecount=30: {"type":"https://developers.cloudflare.com/support/troubleshooting/http-status-codes/cloudflare-1xxx-errors/error-1015/","title":"Error 1015: You are being rate limited","status":429,"detail":"You are being rate-limited by the website owner's configuration.","instance":"a2e84aefdf17db81","error_code":1015,"error_name":"rate_limited","error_category":"rate_limit","ray_id":"a2e84aefdf17db81","timestamp":"2026-08-21T08:33:24Z","zone":"api-t1.fyers.in","cloudflare_error":true,"retryable":true,"retry
[14:03:25]   BANKNIFTY chain unavailable [OPTIONS_CHAIN_ERROR]: FyersAPIError: Fyers HTTP 429 on https://api-t1.fyers.in/data/options-chain-v3?symbol=NSE%3ANIFTYBANK-INDEX&strikecount=30: {"type":"https://developers.cloudflare.com/support/troubleshooting/http-status-codes/cloudflare-1xxx-errors/error-1015/","title":"Error 1015: You are being rate limited","status":429,"detail":"You are being rate-limited by the website owner's configuration.","instance":"a2e84af0cc6c4199","error_code":1015,"error_name":"rate_limited","error_category":"rate_limit","ray_id":"a2e84af0cc6c4199","timestamp":"2026-08-21T08:33:24Z","zone":"api-t1.fyers.in","cloudflare_error":true,"retryable":true,"retry
[14:03:26]   FINNIFTY chain unavailable [OPTIONS_CHAIN_ERROR]: FyersAPIError: Fyers HTTP 429 on https://api-t1.fyers.in/data/options-chain-v3?symbol=NSE%3AFINNIFTY-INDEX&strikecount=30: {"type":"https://developers.cloudflare.com/support/troubleshooting/http-status-codes/cloudflare-1xxx-errors/error-1015/","title":"Error 1015: You are being rate limited","status":429,"detail":"You are being rate-limited by the website owner's configuration.","instance":"a2e84af1cd5fc6bc","error_code":1015,"error_name":"rate_limited","error_category":"rate_limit","ray_id":"a2e84af1cd5fc6bc","timestamp":"2026-08-21T08:33:24Z","zone":"api-t1.fyers.in","cloudflare_error":true,"retryable":true,"retry
[14:03:26]   MIDCPNIFTY chain unavailable [OPTIONS_CHAIN_ERROR]: FyersAPIError: Fyers HTTP 429 on https://api-t1.fyers.in/data/options-chain-v3?symbol=NSE%3AMIDCPNIFTY-INDEX&strikecount=30: {"type":"https://developers.cloudflare.com/support/troubleshooting/http-status-codes/cloudflare-1xxx-errors/error-1015/","title":"Error 1015: You are being rate limited","status":429,"detail":"You are being rate-limited by the website owner's configuration.","instance":"a2e84af2af7bf7e1","error_code":1015,"error_name":"rate_limited","error_category":"rate_limit","ray_id":"a2e84af2af7bf7e1","timestamp":"2026-08-21T08:33:24Z","zone":"api-t1.fyers.in","cloudflare_error":true,"retryable":true,"retry
[14:03:34]   BHARTIARTL NSE:BHARTIARTL26AUG1960PE depth unavailable: FyersAPIError: Fyers HTTP 429 on https://api-t1.fyers.in/data/depth?symbol=NSE%3ABHARTIARTL26AUG1960PE&ohlcv_flag=1: {"type":"https://developers.cloudflare.com/support/troubleshooting/http-status
[14:03:34]   EICHERMOT chain unavailable [OPTIONS_CHAIN_ERROR]: FyersAPIError: Fyers HTTP 429 on https://api-t1.fyers.in/data/options-chain-v3?symbol=NSE%3AEICHERMOT-EQ&strikecount=30: {"type":"https://developers.cloudflare.com/support/troubleshooting/http-status-codes/cloudflare-1xxx-errors/error-1015/","title":"Error 1015: You are being rate limited","status":429,"detail":"You are being rate-limited by the website owner's configuration.","instance":"a2e84b28bdabe09d","error_code":1015,"error_name":"rate_limited","error_category":"rate_limit","ray_id":"a2e84b28bdabe09d","timestamp":"2026-08-21T08:33:33Z","zone":"api-t1.fyers.in","cloudflare_error":true,"retryable":true,"retry
[14:03:34]   ETERNAL chain unavailable [OPTIONS_CHAIN_ERROR]: FyersAPIError: Fyers HTTP 429 on https://api-t1.fyers.in/data/options-chain-v3?symbol=NSE%3AETERNAL-EQ&strikecount=30: {"type":"https://developers.cloudflare.com/support/troubleshooting/http-status-codes/cloudflare-1xxx-errors/error-1015/","title":"Error 1015: You are being rate limited","status":429,"detail":"You are being rate-limited by the website owner's configuration.","instance":"a2e84b299a7741a5","error_code":1015,"error_name":"rate_limited","error_category":"rate_limit","ray_id":"a2e84b299a7741a5","timestamp":"2026-08-21T08:33:33Z","zone":"api-t1.fyers.in","cloudflare_error":true,"retryable":true,"retry
[14:03:35]   HDFCLIFE chain unavailable [OPTIONS_CHAIN_ERROR]: FyersAPIError: Fyers HTTP 429 on https://api-t1.fyers.in/data/options-chain-v3?symbol=NSE%3AHDFCLIFE-EQ&strikecount=30: {"type":"https://developers.cloudflare.com/support/troubleshooting/http-status-codes/cloudflare-1xxx-errors/error-1015/","title":"Error 1015: You are being rate limited","status":429,"detail":"You are being rate-limited by the website owner's configuration.","instance":"a2e84b2a9e18c03d","error_code":1015,"error_name":"rate_limited","error_category":"rate_limit","ray_id":"a2e84b2a9e18c03d","timestamp":"2026-08-21T08:33:33Z","zone":"api-t1.fyers.in","cloudflare_error":true,"retryable":true,"retry
[14:03:35]   HINDALCO chain unavailable [OPTIONS_CHAIN_ERROR]: FyersAPIError: Fyers HTTP 429 on https://api-t1.fyers.in/data/options-chain-v3?symbol=NSE%3AHINDALCO-EQ&strikecount=30: {"type":"https://developers.cloudflare.com/support/troubleshooting/http-status-codes/cloudflare-1xxx-errors/error-1015/","title":"Error 1015: You are being rate limited","status":429,"detail":"You are being rate-limited by the website owner's configuration.","instance":"a2e84b2b7e7b473d","error_code":1015,"error_name":"rate_limited","error_category":"rate_limit","ray_id":"a2e84b2b7e7b473d","timestamp":"2026-08-21T08:33:33Z","zone":"api-t1.fyers.in","cloudflare_error":true,"retryable":true,"retry
[14:03:49]   MIDCPNIFTY NSE:MIDCPNIFTY26AUG14850CE depth unavailable: FyersAPIError: Fyers HTTP 429 on https://api-t1.fyers.in/data/depth?symbol=NSE%3AMIDCPNIFTY26AUG14850CE&ohlcv_flag=1: {"type":"https://developers.cloudflare.com/support/troubleshooting/http-statu
[14:03:54]   BEL NSE:BEL26AUG420PE depth unavailable: FyersAPIError: Fyers HTTP 429 on https://api-t1.fyers.in/data/depth?symbol=NSE%3ABEL26AUG420PE&ohlcv_flag=1: {"type":"https://developers.cloudflare.com/support/troubleshooting/http-status-codes/c
[14:03:55]   BHARTIARTL chain unavailable [OPTIONS_CHAIN_ERROR]: FyersAPIError: Fyers HTTP 429 on https://api-t1.fyers.in/data/options-chain-v3?symbol=NSE%3ABHARTIARTL-EQ&strikecount=30: {"type":"https://developers.cloudflare.com/support/troubleshooting/http-status-codes/cloudflare-1xxx-errors/error-1015/","title":"Error 1015: You are being rate limited","status":429,"detail":"You are being rate-limited by the website owner's configuration.","instance":"a2e84ba78d240eea","error_code":1015,"error_name":"rate_limited","error_category":"rate_limit","ray_id":"a2e84ba78d240eea","timestamp":"2026-08-21T08:33:53Z","zone":"api-t1.fyers.in","cloudflare_error":true,"retryable":true,"retry
[14:03:55]   EICHERMOT chain unavailable [OPTIONS_CHAIN_ERROR]: FyersAPIError: Fyers HTTP 429 on https://api-t1.fyers.in/data/options-chain-v3?symbol=NSE%3AEICHERMOT-EQ&strikecount=30: {"type":"https://developers.cloudflare.com/support/troubleshooting/http-status-codes/cloudflare-1xxx-errors/error-1015/","title":"Error 1015: You are being rate limited","status":429,"detail":"You are being rate-limited by the website owner's configuration.","instance":"a2e84ba84ffa5539","error_code":1015,"error_name":"rate_limited","error_category":"rate_limit","ray_id":"a2e84ba84ffa5539","timestamp":"2026-08-21T08:33:53Z","zone":"api-t1.fyers.in","cloudflare_error":true,"retryable":true,"retry
[14:03:59]   DATA HEALTH ALERT FOCIT: CE/PE timestamp delta 393.00s at 37000.0; CE/PE timestamp delta 49300.00s at 37100.0; Candidate option quote stale 1339.97s; Candidate option quote stale 50639.97s; Candidate option quote stale 502.97s; Candidate option quote stale 109.97s; Candidate option quote stale 50639.97s; Candidate option quote stale 50639.97s
[14:04:13]   NIFTYNXT50 NSE:NIFTYNXT5026AUG73800PE depth unavailable: ValueError: Fyers depth source timestamp invalid
[14:04:13]   NIFTYNXT50 NSE:NIFTYNXT5026AUG73900CE depth unavailable: ValueError: Fyers depth source timestamp invalid
[14:04:13]   NIFTYNXT50 NSE:NIFTYNXT5026AUG73900PE depth unavailable: ValueError: Fyers depth source timestamp invalid
[14:04:28]   ADANIENT chain unavailable [OPTIONS_CHAIN_ERROR]: FyersAPIError: Fyers HTTP 429 on https://api-t1.fyers.in/data/options-chain-v3?symbol=NSE%3AADANIENT-EQ&strikecount=30: {"type":"https://developers.cloudflare.com/support/troubleshooting/http-status-codes/cloudflare-1xxx-errors/error-1015/","title":"Error 1015: You are being rate limited","status":429,"detail":"You are being rate-limited by the website owner's configuration.","instance":"a2e84c75de5548f2","error_code":1015,"error_name":"rate_limited","error_category":"rate_limit","ray_id":"a2e84c75de5548f2","timestamp":"2026-08-21T08:34:26Z","zone":"api-t1.fyers.in","cloudflare_error":true,"retryable":true,"retry
[14:04:29]   DATA HEALTH ALERT NIFTY: Invalid IV for CE 22750.0; Missing delta for CE 22750.0; Invalid IV for PE 22750.0; Zero volume CE at 22750.0; Zero volume CE at 22850.0; Zero volume CE at 22950.0; Candidate option quote stale 24.24s; Candidate option quote stale 24.25s; Candidate option quote stale 24.25s; Candidate option quote stale 24.25s; Candidate option quote stale 22.25s; Candidate option quote stale 22.25s
[14:04:29]   DATA HEALTH ALERT BANKNIFTY: Invalid IV for CE 54600.0; Missing delta for CE 54600.0; Invalid IV for PE 54600.0; Zero volume CE at 54600.0; Zero volume CE at 54700.0; Zero volume CE at 54800.0; Candidate option quote stale 22.26s; Candidate option quote stale 22.26s; Candidate option quote stale 22.26s; Candidate option quote stale 22.26s; Candidate option quote stale 21.26s; Candidate option quote stale 21.26s
[14:04:29]   DATA HEALTH ALERT MIDCPNIFTY: CE/PE timestamp delta 17.00s at 14825.0; CE/PE timestamp delta 44.00s at 14875.0; Candidate option quote stale 19.26s; Candidate option quote stale 19.26s; Candidate option quote stale 43.26s; Candidate option quote stale 26.26s; Candidate option quote stale 21.27s; Candidate option quote stale 65.27s
[14:04:35]   NIFTY chain unavailable [OPTIONS_CHAIN_ERROR]: FyersAPIError: Fyers HTTP 429 on https://api-t1.fyers.in/data/options-chain-v3?symbol=NSE%3ANIFTY50-INDEX&strikecount=30: {"type":"https://developers.cloudflare.com/support/troubleshooting/http-status-codes/cloudflare-1xxx-errors/error-1015/","title":"Error 1015: You are being rate limited","status":429,"detail":"You are being rate-limited by the website owner's configuration.","instance":"a2e84ca27d32e40f","error_code":1015,"error_name":"rate_limited","error_category":"rate_limit","ray_id":"a2e84ca27d32e40f","timestamp":"2026-08-21T08:34:34Z","zone":"api-t1.fyers.in","cloudflare_error":true,"retryable":true,"retry
[14:04:35]   BANKNIFTY chain unavailable [OPTIONS_CHAIN_ERROR]: FyersAPIError: Fyers HTTP 429 on https://api-t1.fyers.in/data/options-chain-v3?symbol=NSE%3ANIFTYBANK-INDEX&strikecount=30: {"type":"https://developers.cloudflare.com/support/troubleshooting/http-status-codes/cloudflare-1xxx-errors/error-1015/","title":"Error 1015: You are being rate limited","status":429,"detail":"You are being rate-limited by the website owner's configuration.","instance":"a2e84ca34c95f4a3","error_code":1015,"error_name":"rate_limited","error_category":"rate_limit","ray_id":"a2e84ca34c95f4a3","timestamp":"2026-08-21T08:34:34Z","zone":"api-t1.fyers.in","cloudflare_error":true,"retryable":true,"retry
[14:04:35]   FINNIFTY chain unavailable [OPTIONS_CHAIN_ERROR]: FyersAPIError: Fyers HTTP 429 on https://api-t1.fyers.in/data/options-chain-v3?symbol=NSE%3AFINNIFTY-INDEX&strikecount=30: {"type":"https://developers.cloudflare.com/support/troubleshooting/http-status-codes/cloudflare-1xxx-errors/error-1015/","title":"Error 1015: You are being rate limited","status":429,"detail":"You are being rate-limited by the website owner's configuration.","instance":"a2e84ca4586d46b4","error_code":1015,"error_name":"rate_limited","error_category":"rate_limit","ray_id":"a2e84ca4586d46b4","timestamp":"2026-08-21T08:34:34Z","zone":"api-t1.fyers.in","cloudflare_error":true,"retryable":true,"retry
[14:04:35]   MIDCPNIFTY chain unavailable [OPTIONS_CHAIN_ERROR]: FyersAPIError: Fyers HTTP 429 on https://api-t1.fyers.in/data/options-chain-v3?symbol=NSE%3AMIDCPNIFTY-INDEX&strikecount=30: {"type":"https://developers.cloudflare.com/support/troubleshooting/http-status-codes/cloudflare-1xxx-errors/error-1015/","title":"Error 1015: You are being rate limited","status":429,"detail":"You are being rate-limited by the website owner's configuration.","instance":"a2e84ca54ab3066f","error_code":1015,"error_name":"rate_limited","error_category":"rate_limit","ray_id":"a2e84ca54ab3066f","timestamp":"2026-08-21T08:34:34Z","zone":"api-t1.fyers.in","cloudflare_error":true,"retryable":true,"retry
[14:04:35]   NIFTYNXT50 chain unavailable [OPTIONS_CHAIN_ERROR]: FyersAPIError: Fyers HTTP 429 on https://api-t1.fyers.in/data/options-chain-v3?symbol=NSE%3ANIFTYNXT50-INDEX&strikecount=30: {"type":"https://developers.cloudflare.com/support/troubleshooting/http-status-codes/cloudflare-1xxx-errors/error-1015/","title":"Error 1015: You are being rate limited","status":429,"detail":"You are being rate-limited by the website owner's configuration.","instance":"a2e84ca61cfbafb0","error_code":1015,"error_name":"rate_limited","error_category":"rate_limit","ray_id":"a2e84ca61cfbafb0","timestamp":"2026-08-21T08:34:34Z","zone":"api-t1.fyers.in","cloudflare_error":true,"retryable":true,"retry
[14:04:36]   ICICIBANK chain unavailable [OPTIONS_CHAIN_ERROR]: FyersAPIError: Fyers HTTP 429 on https://api-t1.fyers.in/data/options-chain-v3?symbol=NSE%3AICICIBANK-EQ&strikecount=30: {"type":"https://developers.cloudflare.com/support/troubleshooting/http-status-codes/cloudflare-1xxx-errors/error-1015/","title":"Error 1015: You are being rate limited","status":429,"detail":"You are being rate-limited by the website owner's configuration.","instance":"a2e84ca72a2dffaa","error_code":1015,"error_name":"rate_limited","error_category":"rate_limit","ray_id":"a2e84ca72a2dffaa","timestamp":"2026-08-21T08:34:34Z","zone":"api-t1.fyers.in","cloudflare_error":true,"retryable":true,"retry
[14:04:36]   INDIGO chain unavailable [OPTIONS_CHAIN_ERROR]: FyersAPIError: Fyers HTTP 429 on https://api-t1.fyers.in/data/options-chain-v3?symbol=NSE%3AINDIGO-EQ&strikecount=30: {"type":"https://developers.cloudflare.com/support/troubleshooting/http-status-codes/cloudflare-1xxx-errors/error-1015/","title":"Error 1015: You are being rate limited","status":429,"detail":"You are being rate-limited by the website owner's configuration.","instance":"a2e84ca80d17ff77","error_code":1015,"error_name":"rate_limited","error_category":"rate_limit","ray_id":"a2e84ca80d17ff77","timestamp":"2026-08-21T08:34:34Z","zone":"api-t1.fyers.in","cloudflare_error":true,"retryable":true,"retry
[14:04:43]   ADANIENT NSE:ADANIENT26AUG3040PE depth unavailable: FyersAPIError: Fyers HTTP 429 on https://api-t1.fyers.in/data/depth?symbol=NSE%3AADANIENT26AUG3040PE&ohlcv_flag=1: {"type":"https://developers.cloudflare.com/support/troubleshooting/http-status-c
[14:04:50]   NIFTY chain unavailable [OPTIONS_CHAIN_ERROR]: FyersAPIError: Fyers HTTP 429 on https://api-t1.fyers.in/data/options-chain-v3?symbol=NSE%3ANIFTY50-INDEX&strikecount=30: {"type":"https://developers.cloudflare.com/support/troubleshooting/http-status-codes/cloudflare-1xxx-errors/error-1015/","title":"Error 1015: You are being rate limited","status":429,"detail":"You are being rate-limited by the website owner's configuration.","instance":"a2e84cffe9bf4838","error_code":1015,"error_name":"rate_limited","error_category":"rate_limit","ray_id":"a2e84cffe9bf4838","timestamp":"2026-08-21T08:34:48Z","zone":"api-t1.fyers.in","cloudflare_error":true,"retryable":true,"retry
[14:04:55]   NIFTYNXT50 NSE:NIFTYNXT5026AUG73800PE depth unavailable: ValueError: Fyers depth source timestamp invalid
[14:04:57]   NIFTYNXT50 NSE:NIFTYNXT5026AUG73900CE depth unavailable: ValueError: Fyers depth source timestamp invalid
[14:04:57]   NIFTYNXT50 NSE:NIFTYNXT5026AUG73900PE depth unavailable: ValueError: Fyers depth source timestamp invalid
[14:05:02]   WIPRO chain unavailable [OPTIONS_CHAIN_ERROR]: FyersAPIError: Fyers HTTP 429 on https://api-t1.fyers.in/data/options-chain-v3?symbol=NSE%3AWIPRO-EQ&strikecount=30: {"type":"https://developers.cloudflare.com/support/troubleshooting/http-status-codes/cloudflare-1xxx-errors/error-1015/","title":"Error 1015: You are being rate limited","status":429,"detail":"You are being rate-limited by the website owner's configuration.","instance":"a2e84d4f29a52b14","error_code":1015,"error_name":"rate_limited","error_category":"rate_limit","ray_id":"a2e84d4f29a52b14","timestamp":"2026-08-21T08:35:01Z","zone":"api-t1.fyers.in","cloudflare_error":true,"retryable":true,"retry
[14:05:03]   SENSEX chain unavailable [OPTIONS_CHAIN_ERROR]: FyersAPIError: Fyers HTTP 429 on https://api-t1.fyers.in/data/options-chain-v3?symbol=BSE%3ASENSEX-INDEX&strikecount=30: {"type":"https://developers.cloudflare.com/support/troubleshooting/http-status-codes/cloudflare-1xxx-errors/error-1015/","title":"Error 1015: You are being rate limited","status":429,"detail":"You are being rate-limited by the website owner's configuration.","instance":"a2e84d502bad1474","error_code":1015,"error_name":"rate_limited","error_category":"rate_limit","ray_id":"a2e84d502bad1474","timestamp":"2026-08-21T08:35:01Z","zone":"api-t1.fyers.in","cloudflare_error":true,"retryable":true,"retry
[14:05:08]   DATA HEALTH ALERT ADANIENT: CE/PE timestamp delta 13.00s at 3000.0; Candidate option quote stale 40.49s; Candidate option quote stale 53.49s; Candidate option quote stale 78.49s; Candidate option quote stale 143.50s
[14:05:18]   BANKNIFTY chain unavailable [OPTIONS_CHAIN_ERROR]: FyersAPIError: Fyers HTTP 429 on https://api-t1.fyers.in/data/options-chain-v3?symbol=NSE%3ANIFTYBANK-INDEX&strikecount=30: {"type":"https://developers.cloudflare.com/support/troubleshooting/http-status-codes/cloudflare-1xxx-errors/error-1015/","title":"Error 1015: You are being rate limited","status":429,"detail":"You are being rate-limited by the website owner's configuration.","instance":"a2e84dae0ea01da3","error_code":1015,"error_name":"rate_limited","error_category":"rate_limit","ray_id":"a2e84dae0ea01da3","timestamp":"2026-08-21T08:35:16Z","zone":"api-t1.fyers.in","cloudflare_error":true,"retryable":true,"retry
[14:05:45]   DATA HEALTH ALERT MIDCPNIFTY: Option chain stale 31.09s; Candidate option quote stale 26.44s; Candidate option quote stale 24.44s; Candidate option quote stale 30.44s; Candidate option quote stale 42.44s; Candidate option quote stale 68.44s; Candidate option quote stale 22.44s
[14:05:45]   DATA HEALTH ALERT M&M: Option chain stale 31.09s; Candidate option quote stale 52.45s; Candidate option quote stale 89.45s; Candidate option quote stale 39.45s; Candidate option quote stale 88.45s; Candidate option quote stale 50.45s; Candidate option quote stale 205.45s
[14:05:45]   DATA HEALTH ALERT SBIN: Option chain stale 31.12s; Candidate option quote stale 25.47s; Candidate option quote stale 15.47s; Candidate option quote stale 35.47s; Candidate option quote stale 33.47s; Candidate option quote stale 26.47s; Candidate option quote stale 35.47s
[14:05:45]   DATA HEALTH ALERT SUNPHARMA: Option chain stale 31.12s; Candidate option quote stale 19.47s; Candidate option quote stale 54.48s; Candidate option quote stale 45.48s; Candidate option quote stale 54.48s; Candidate option quote stale 45.48s; Candidate option quote stale 54.48s
[14:05:45]   DATA HEALTH ALERT TCS: Option chain stale 31.13s; Candidate option quote stale 8.48s; Candidate option quote stale 9.48s; Candidate option quote stale 66.48s; Candidate option quote stale 24.48s; Candidate option quote stale 9.48s; Candidate option quote stale 9.48s
[14:06:16]   DATA HEALTH ALERT NIFTY: Invalid IV for CE 22750.0; Missing delta for CE 22750.0; Invalid IV for PE 22750.0; Zero volume CE at 22750.0; Zero volume CE at 22850.0; Zero volume CE at 22950.0; Candidate option quote stale 26.47s; Candidate option quote stale 26.47s; Candidate option quote stale 27.47s; Candidate option quote stale 27.47s; Candidate option quote stale 26.47s; Candidate option quote stale 26.47s
[14:06:16]   DATA HEALTH ALERT BAJFINANCE: CE/PE timestamp delta 23.00s at 1080.0; CE/PE timestamp delta 6.00s at 1100.0; Candidate option quote warning stale 6.52s; Candidate option quote warning stale 6.53s; Candidate option quote stale 20.53s; Candidate option quote stale 43.53s; Candidate option quote stale 20.53s; Candidate option quote stale 14.53s
[14:06:22]   NIFTY chain unavailable [OPTIONS_CHAIN_ERROR]: FyersAPIError: Fyers HTTP 429 on https://api-t1.fyers.in/data/options-chain-v3?symbol=NSE%3ANIFTY50-INDEX&strikecount=30: {"type":"https://developers.cloudflare.com/support/troubleshooting/http-status-codes/cloudflare-1xxx-errors/error-1015/","title":"Error 1015: You are being rate limited","status":429,"detail":"You are being rate-limited by the website owner's configuration.","instance":"a2e84f437d35413d","error_code":1015,"error_name":"rate_limited","error_category":"rate_limit","ray_id":"a2e84f437d35413d","timestamp":"2026-08-21T08:36:21Z","zone":"api-t1.fyers.in","cloudflare_error":true,"retryable":true,"retry
[14:06:26]   BANKNIFTY NSE:BANKNIFTY26AUG57600CE depth unavailable: FyersAPIError: Fyers HTTP 429 on https://api-t1.fyers.in/data/depth?symbol=NSE%3ABANKNIFTY26AUG57600CE&ohlcv_flag=1: {"type":"https://developers.cloudflare.com/support/troubleshooting/http-status
[14:06:28]   BANKNIFTY NSE:BANKNIFTY26AUG57600PE depth unavailable: FyersAPIError: Fyers HTTP 429 on https://api-t1.fyers.in/data/depth?symbol=NSE%3ABANKNIFTY26AUG57600PE&ohlcv_flag=1: {"type":"https://developers.cloudflare.com/support/troubleshooting/http-status
[14:06:33]   FINNIFTY NSE:FINNIFTY26AUG26300PE depth unavailable: FyersAPIError: Fyers HTTP 429 on https://api-t1.fyers.in/data/depth?symbol=NSE%3AFINNIFTY26AUG26300PE&ohlcv_flag=1: {"type":"https://developers.cloudflare.com/support/troubleshooting/http-status-
[14:06:34]   MIDCPNIFTY chain unavailable [OPTIONS_CHAIN_ERROR]: FyersAPIError: Fyers HTTP 429 on https://api-t1.fyers.in/data/options-chain-v3?symbol=NSE%3AMIDCPNIFTY-INDEX&strikecount=30: {"type":"https://developers.cloudflare.com/support/troubleshooting/http-status-codes/cloudflare-1xxx-errors/error-1015/","title":"Error 1015: You are being rate limited","status":429,"detail":"You are being rate-limited by the website owner's configuration.","instance":"a2e84f8a4fca3cee","error_code":1015,"error_name":"rate_limited","error_category":"rate_limit","ray_id":"a2e84f8a4fca3cee","timestamp":"2026-08-21T08:36:33Z","zone":"api-t1.fyers.in","cloudflare_error":true,"retryable":true,"retry
[14:06:34]   TATACONSUM chain unavailable [OPTIONS_CHAIN_ERROR]: FyersAPIError: Fyers HTTP 429 on https://api-t1.fyers.in/data/options-chain-v3?symbol=NSE%3ATATACONSUM-EQ&strikecount=30: {"type":"https://developers.cloudflare.com/support/troubleshooting/http-status-codes/cloudflare-1xxx-errors/error-1015/","title":"Error 1015: You are being rate limited","status":429,"detail":"You are being rate-limited by the website owner's configuration.","instance":"a2e84f8b0deb8eee","error_code":1015,"error_name":"rate_limited","error_category":"rate_limit","ray_id":"a2e84f8b0deb8eee","timestamp":"2026-08-21T08:36:33Z","zone":"api-t1.fyers.in","cloudflare_error":true,"retryable":true,"retry
[14:06:34]   TMPV chain unavailable [OPTIONS_CHAIN_ERROR]: FyersAPIError: Fyers HTTP 429 on https://api-t1.fyers.in/data/options-chain-v3?symbol=NSE%3ATMPV-EQ&strikecount=30: {"type":"https://developers.cloudflare.com/support/troubleshooting/http-status-codes/cloudflare-1xxx-errors/error-1015/","title":"Error 1015: You are being rate limited","status":429,"detail":"You are being rate-limited by the website owner's configuration.","instance":"a2e84f8bd9adff6f","error_code":1015,"error_name":"rate_limited","error_category":"rate_limit","ray_id":"a2e84f8bd9adff6f","timestamp":"2026-08-21T08:36:33Z","zone":"api-t1.fyers.in","cloudflare_error":true,"retryable":true,"retry
[14:06:34]   TATASTEEL chain unavailable [OPTIONS_CHAIN_ERROR]: FyersAPIError: Fyers HTTP 429 on https://api-t1.fyers.in/data/options-chain-v3?symbol=NSE%3ATATASTEEL-EQ&strikecount=30: {"type":"https://developers.cloudflare.com/support/troubleshooting/http-status-codes/cloudflare-1xxx-errors/error-1015/","title":"Error 1015: You are being rate limited","status":429,"detail":"You are being rate-limited by the website owner's configuration.","instance":"a2e84f8cbd683d4e","error_code":1015,"error_name":"rate_limited","error_category":"rate_limit","ray_id":"a2e84f8cbd683d4e","timestamp":"2026-08-21T08:36:33Z","zone":"api-t1.fyers.in","cloudflare_error":true,"retryable":true,"retry
[14:06:34]   TECHM chain unavailable [OPTIONS_CHAIN_ERROR]: FyersAPIError: Fyers HTTP 429 on https://api-t1.fyers.in/data/options-chain-v3?symbol=NSE%3ATECHM-EQ&strikecount=30: {"type":"https://developers.cloudflare.com/support/troubleshooting/http-status-codes/cloudflare-1xxx-errors/error-1015/","title":"Error 1015: You are being rate limited","status":429,"detail":"You are being rate-limited by the website owner's configuration.","instance":"a2e84f8dc948c6bc","error_code":1015,"error_name":"rate_limited","error_category":"rate_limit","ray_id":"a2e84f8dc948c6bc","timestamp":"2026-08-21T08:36:33Z","zone":"api-t1.fyers.in","cloudflare_error":true,"retryable":true,"retry
[14:06:34]   TITAN chain unavailable [OPTIONS_CHAIN_ERROR]: FyersAPIError: Fyers HTTP 429 on https://api-t1.fyers.in/data/options-chain-v3?symbol=NSE%3ATITAN-EQ&strikecount=30: {"type":"https://developers.cloudflare.com/support/troubleshooting/http-status-codes/cloudflare-1xxx-errors/error-1015/","title":"Error 1015: You are being rate limited","status":429,"detail":"You are being rate-limited by the website owner's configuration.","instance":"a2e84f8ec9a020fe","error_code":1015,"error_name":"rate_limited","error_category":"rate_limit","ray_id":"a2e84f8ec9a020fe","timestamp":"2026-08-21T08:36:33Z","zone":"api-t1.fyers.in","cloudflare_error":true,"retryable":true,"retry
[14:06:40]   INFY NSE:INFY26AUG1120PE depth unavailable: FyersAPIError: Fyers HTTP 429 on https://api-t1.fyers.in/data/depth?symbol=NSE%3AINFY26AUG1120PE&ohlcv_flag=1: {"type":"https://developers.cloudflare.com/support/troubleshooting/http-status-codes
[14:06:41]   DATA HEALTH ALERT BANKNIFTY: Invalid IV for CE 54600.0; Missing delta for CE 54600.0; Invalid IV for PE 54600.0; Zero volume CE at 54600.0; Zero volume CE at 54700.0; Zero volume CE at 54800.0; Candidate option quote depth unavailable; Candidate option quote depth unavailable; Candidate option quote stale 18.91s; Candidate option quote stale 18.91s; Candidate option quote stale 14.91s; Candidate option quote stale 14.92s
[14:06:47]   NIFTY chain unavailable [OPTIONS_CHAIN_ERROR]: FyersAPIError: Fyers HTTP 429 on https://api-t1.fyers.in/data/options-chain-v3?symbol=NSE%3ANIFTY50-INDEX&strikecount=30: {"type":"https://developers.cloudflare.com/support/troubleshooting/http-status-codes/cloudflare-1xxx-errors/error-1015/","title":"Error 1015: You are being rate limited","status":429,"detail":"You are being rate-limited by the website owner's configuration.","instance":"a2e84fdc0fb179fc","error_code":1015,"error_name":"rate_limited","error_category":"rate_limit","ray_id":"a2e84fdc0fb179fc","timestamp":"2026-08-21T08:36:46Z","zone":"api-t1.fyers.in","cloudflare_error":true,"retryable":true,"retry
[14:06:55]   MIDCPNIFTY NSE:MIDCPNIFTY26AUG14875CE depth unavailable: FyersAPIError: Fyers HTTP 429 on https://api-t1.fyers.in/data/depth?symbol=NSE%3AMIDCPNIFTY26AUG14875CE&ohlcv_flag=1: {"type":"https://developers.cloudflare.com/support/troubleshooting/http-statu
[14:07:01]   TATACONSUM NSE:TATACONSUM26AUG1050CE depth unavailable: FyersAPIError: Fyers HTTP 429 on https://api-t1.fyers.in/data/depth?symbol=NSE%3ATATACONSUM26AUG1050CE&ohlcv_flag=1: {"type":"https://developers.cloudflare.com/support/troubleshooting/http-status
[14:07:04]   TMPV chain unavailable [OPTIONS_CHAIN_ERROR]: FyersAPIError: Fyers HTTP 429 on https://api-t1.fyers.in/data/options-chain-v3?symbol=NSE%3ATMPV-EQ&strikecount=30: {"type":"https://developers.cloudflare.com/support/troubleshooting/http-status-codes/cloudflare-1xxx-errors/error-1015/","title":"Error 1015: You are being rate limited","status":429,"detail":"You are being rate-limited by the website owner's configuration.","instance":"a2e850449d5e002c","error_code":1015,"error_name":"rate_limited","error_category":"rate_limit","ray_id":"a2e850449d5e002c","timestamp":"2026-08-21T08:37:02Z","zone":"api-t1.fyers.in","cloudflare_error":true,"retryable":true,"retry
[14:07:10]   TECHM NSE:TECHM26AUG1580CE depth unavailable: FyersAPIError: Fyers HTTP 429 on https://api-t1.fyers.in/data/depth?symbol=NSE%3ATECHM26AUG1580CE&ohlcv_flag=1: {"type":"https://developers.cloudflare.com/support/troubleshooting/http-status-code
[14:07:11]   TITAN chain unavailable [OPTIONS_CHAIN_ERROR]: FyersAPIError: Fyers HTTP 429 on https://api-t1.fyers.in/data/options-chain-v3?symbol=NSE%3ATITAN-EQ&strikecount=30: {"type":"https://developers.cloudflare.com/support/troubleshooting/http-status-codes/cloudflare-1xxx-errors/error-1015/","title":"Error 1015: You are being rate limited","status":429,"detail":"You are being rate-limited by the website owner's configuration.","instance":"a2e85070f846f7e1","error_code":1015,"error_name":"rate_limited","error_category":"rate_limit","ray_id":"a2e85070f846f7e1","timestamp":"2026-08-21T08:37:09Z","zone":"api-t1.fyers.in","cloudflare_error":true,"retryable":true,"retry
[14:07:20]   DATA HEALTH ALERT ITC: Option chain stale 32.84s; Candidate option quote stale 60.05s; Candidate option quote stale 205.05s; Candidate option quote stale 337.05s; Candidate option quote stale 60.05s; Candidate option quote stale 57.05s; Candidate option quote stale 57.05s
[14:07:20]   DATA HEALTH ALERT INFY: Option chain stale 32.85s; Candidate option quote stale 51.05s; Candidate option quote stale 44.06s; Candidate option quote stale 106.06s; Candidate option quote stale 31.06s; Candidate option quote stale 43.06s
[14:07:31]   BANKNIFTY NSE:BANKNIFTY26AUG57500CE depth unavailable: FyersAPIError: Fyers HTTP 429 on https://api-t1.fyers.in/data/depth?symbol=NSE%3ABANKNIFTY26AUG57500CE&ohlcv_flag=1: {"type":"https://developers.cloudflare.com/support/troubleshooting/http-status
[14:07:47]   FOCIT BSE:FOCIT26AUG37200PE depth unavailable: FyersAPIError: Fyers HTTP 429 on https://api-t1.fyers.in/data/depth?symbol=BSE%3AFOCIT26AUG37200PE&ohlcv_flag=1: {"type":"https://developers.cloudflare.com/support/troubleshooting/http-status-cod
[14:07:47]   BAJAJFINSV chain unavailable [OPTIONS_CHAIN_ERROR]: FyersAPIError: Fyers HTTP 429 on https://api-t1.fyers.in/data/options-chain-v3?symbol=NSE%3ABAJAJFINSV-EQ&strikecount=30: {"type":"https://developers.cloudflare.com/support/troubleshooting/http-status-codes/cloudflare-1xxx-errors/error-1015/","title":"Error 1015: You are being rate limited","status":429,"detail":"You are being rate-limited by the website owner's configuration.","instance":"a2e8515419db3af5","error_code":1015,"error_name":"rate_limited","error_category":"rate_limit","ray_id":"a2e8515419db3af5","timestamp":"2026-08-21T08:37:46Z","zone":"api-t1.fyers.in","cloudflare_error":true,"retryable":true,"retry
[14:07:47]   BEL chain unavailable [OPTIONS_CHAIN_ERROR]: FyersAPIError: Fyers HTTP 429 on https://api-t1.fyers.in/data/options-chain-v3?symbol=NSE%3ABEL-EQ&strikecount=30: {"type":"https://developers.cloudflare.com/support/troubleshooting/http-status-codes/cloudflare-1xxx-errors/error-1015/","title":"Error 1015: You are being rate limited","status":429,"detail":"You are being rate-limited by the website owner's configuration.","instance":"a2e85155392487ee","error_code":1015,"error_name":"rate_limited","error_category":"rate_limit","ray_id":"a2e85155392487ee","timestamp":"2026-08-21T08:37:46Z","zone":"api-t1.fyers.in","cloudflare_error":true,"retryable":true,"retry
[14:08:00]   HINDALCO NSE:HINDALCO26AUG1020CE depth unavailable: FyersAPIError: Fyers HTTP 429 on https://api-t1.fyers.in/data/depth?symbol=NSE%3AHINDALCO26AUG1020CE&ohlcv_flag=1: {"type":"https://developers.cloudflare.com/support/troubleshooting/http-status-c
[14:08:18]   JSWSTEEL NSE:JSWSTEEL26AUG1260PE depth unavailable: RemoteDisconnected: Remote end closed connection without response
[14:08:23]   JSWSTEEL NSE:JSWSTEEL26AUG1300CE depth unavailable: FyersAPIError: Fyers HTTP 429 on https://api-t1.fyers.in/data/depth?symbol=NSE%3AJSWSTEEL26AUG1300CE&ohlcv_flag=1: {"type":"https://developers.cloudflare.com/support/troubleshooting/http-status-c
[14:08:24]   JIOFIN chain unavailable [OPTIONS_CHAIN_ERROR]: FyersAPIError: Fyers HTTP 429 on https://api-t1.fyers.in/data/options-chain-v3?symbol=NSE%3AJIOFIN-EQ&strikecount=30: {"type":"https://developers.cloudflare.com/support/troubleshooting/http-status-codes/cloudflare-1xxx-errors/error-1015/","title":"Error 1015: You are being rate limited","status":429,"detail":"You are being rate-limited by the website owner's configuration.","instance":"a2e8523968173b27","error_code":1015,"error_name":"rate_limited","error_category":"rate_limit","ray_id":"a2e8523968173b27","timestamp":"2026-08-21T08:38:22Z","zone":"api-t1.fyers.in","cloudflare_error":true,"retryable":true,"retry
[14:08:25]   DATA HEALTH ALERT MIDCPNIFTY: Option chain stale 58.95s; Candidate option quote stale 48.48s; Candidate option quote stale 45.48s; Candidate option quote stale 52.48s; Candidate option quote stale 52.48s; Candidate option quote stale 81.48s; Candidate option quote stale 74.48s
[14:08:25]   DATA HEALTH ALERT ETERNAL: Option chain stale 58.97s; Candidate option quote stale 51.49s; Candidate option quote stale 108.49s; Candidate option quote stale 148.49s; Candidate option quote stale 148.49s; Candidate option quote stale 72.50s; Candidate option quote stale 73.50s
[14:08:25]   DATA HEALTH ALERT HDFCLIFE: Option chain stale 58.97s; Candidate option quote stale 50.50s; Candidate option quote stale 50.50s; Candidate option quote stale 123.50s; Candidate option quote stale 218.50s; Candidate option quote stale 47.50s; Candidate option quote stale 123.50s
[14:08:25]   DATA HEALTH ALERT HINDALCO: Option chain stale 58.98s; Candidate option quote stale 53.51s; Candidate option quote stale 126.51s; Candidate option quote depth unavailable; Candidate option quote stale 108.51s; Candidate option quote stale 31.51s; Candidate option quote stale 237.51s
[14:08:31]   NIFTY chain unavailable [OPTIONS_CHAIN_ERROR]: FyersAPIError: Fyers HTTP 429 on https://api-t1.fyers.in/data/options-chain-v3?symbol=NSE%3ANIFTY50-INDEX&strikecount=30: {"type":"https://developers.cloudflare.com/support/troubleshooting/http-status-codes/cloudflare-1xxx-errors/error-1015/","title":"Error 1015: You are being rate limited","status":429,"detail":"You are being rate-limited by the website owner's configuration.","instance":"a2e85267dad1ff61","error_code":1015,"error_name":"rate_limited","error_category":"rate_limit","ray_id":"a2e85267dad1ff61","timestamp":"2026-08-21T08:38:30Z","zone":"api-t1.fyers.in","cloudflare_error":true,"retryable":true,"retry
[14:08:31]   BANKNIFTY chain unavailable [OPTIONS_CHAIN_ERROR]: FyersAPIError: Fyers HTTP 429 on https://api-t1.fyers.in/data/options-chain-v3?symbol=NSE%3ANIFTYBANK-INDEX&strikecount=30: {"type":"https://developers.cloudflare.com/support/troubleshooting/http-status-codes/cloudflare-1xxx-errors/error-1015/","title":"Error 1015: You are being rate limited","status":429,"detail":"You are being rate-limited by the website owner's configuration.","instance":"a2e85268ac793a2c","error_code":1015,"error_name":"rate_limited","error_category":"rate_limit","ray_id":"a2e85268ac793a2c","timestamp":"2026-08-21T08:38:30Z","zone":"api-t1.fyers.in","cloudflare_error":true,"retryable":true,"retry
[14:08:31]   FINNIFTY chain unavailable [OPTIONS_CHAIN_ERROR]: FyersAPIError: Fyers HTTP 429 on https://api-t1.fyers.in/data/options-chain-v3?symbol=NSE%3AFINNIFTY-INDEX&strikecount=30: {"type":"https://developers.cloudflare.com/support/troubleshooting/http-status-codes/cloudflare-1xxx-errors/error-1015/","title":"Error 1015: You are being rate limited","status":429,"detail":"You are being rate-limited by the website owner's configuration.","instance":"a2e852699ac44206","error_code":1015,"error_name":"rate_limited","error_category":"rate_limit","ray_id":"a2e852699ac44206","timestamp":"2026-08-21T08:38:30Z","zone":"api-t1.fyers.in","cloudflare_error":true,"retryable":true,"retry
[14:08:34]   MIDCPNIFTY NSE:MIDCPNIFTY26AUG14825CE depth unavailable: FyersAPIError: Fyers HTTP 429 on https://api-t1.fyers.in/data/depth?symbol=NSE%3AMIDCPNIFTY26AUG14825CE&ohlcv_flag=1: {"type":"https://developers.cloudflare.com/support/troubleshooting/http-statu
[14:08:36]   MIDCPNIFTY NSE:MIDCPNIFTY26AUG14825PE depth unavailable: FyersAPIError: Fyers HTTP 429 on https://api-t1.fyers.in/data/depth?symbol=NSE%3AMIDCPNIFTY26AUG14825PE&ohlcv_flag=1: {"type":"https://developers.cloudflare.com/support/troubleshooting/http-statu
[14:08:38]   MIDCPNIFTY NSE:MIDCPNIFTY26AUG14850CE depth unavailable: FyersAPIError: Fyers HTTP 429 on https://api-t1.fyers.in/data/depth?symbol=NSE%3AMIDCPNIFTY26AUG14850CE&ohlcv_flag=1: {"type":"https://developers.cloudflare.com/support/troubleshooting/http-statu
[14:08:40]   MIDCPNIFTY NSE:MIDCPNIFTY26AUG14875CE depth unavailable: FyersAPIError: Fyers HTTP 429 on https://api-t1.fyers.in/data/depth?symbol=NSE%3AMIDCPNIFTY26AUG14875CE&ohlcv_flag=1: {"type":"https://developers.cloudflare.com/support/troubleshooting/http-statu
[14:08:44]   ADANIPORTS chain unavailable [OPTIONS_CHAIN_ERROR]: FyersAPIError: Fyers HTTP 429 on https://api-t1.fyers.in/data/options-chain-v3?symbol=NSE%3AADANIPORTS-EQ&strikecount=30: {"type":"https://developers.cloudflare.com/support/troubleshooting/http-status-codes/cloudflare-1xxx-errors/error-1015/","title":"Error 1015: You are being rate limited","status":429,"detail":"You are being rate-limited by the website owner's configuration.","instance":"a2e852bae90bff60","error_code":1015,"error_name":"rate_limited","error_category":"rate_limit","ray_id":"a2e852bae90bff60","timestamp":"2026-08-21T08:38:43Z","zone":"api-t1.fyers.in","cloudflare_error":true,"retryable":true,"retry
[14:08:45]   APOLLOHOSP chain unavailable [OPTIONS_CHAIN_ERROR]: FyersAPIError: Fyers HTTP 429 on https://api-t1.fyers.in/data/options-chain-v3?symbol=NSE%3AAPOLLOHOSP-EQ&strikecount=30: {"type":"https://developers.cloudflare.com/support/troubleshooting/http-status-codes/cloudflare-1xxx-errors/error-1015/","title":"Error 1015: You are being rate limited","status":429,"detail":"You are being rate-limited by the website owner's configuration.","instance":"a2e852bbeb4bcc8c","error_code":1015,"error_name":"rate_limited","error_category":"rate_limit","ray_id":"a2e852bbeb4bcc8c","timestamp":"2026-08-21T08:38:43Z","zone":"api-t1.fyers.in","cloudflare_error":true,"retryable":true,"retry
[14:08:45]   ASIANPAINT chain unavailable [OPTIONS_CHAIN_ERROR]: FyersAPIError: Fyers HTTP 429 on https://api-t1.fyers.in/data/options-chain-v3?symbol=NSE%3AASIANPAINT-EQ&strikecount=30: {"type":"https://developers.cloudflare.com/support/troubleshooting/http-status-codes/cloudflare-1xxx-errors/error-1015/","title":"Error 1015: You are being rate limited","status":429,"detail":"You are being rate-limited by the website owner's configuration.","instance":"a2e852bcffd73cf4","error_code":1015,"error_name":"rate_limited","error_category":"rate_limit","ray_id":"a2e852bcffd73cf4","timestamp":"2026-08-21T08:38:44Z","zone":"api-t1.fyers.in","cloudflare_error":true,"retryable":true,"retry
[14:08:45]   AXISBANK chain unavailable [OPTIONS_CHAIN_ERROR]: FyersAPIError: Fyers HTTP 429 on https://api-t1.fyers.in/data/options-chain-v3?symbol=NSE%3AAXISBANK-EQ&strikecount=30: {"type":"https://developers.cloudflare.com/support/troubleshooting/http-status-codes/cloudflare-1xxx-errors/error-1015/","title":"Error 1015: You are being rate limited","status":429,"detail":"You are being rate-limited by the website owner's configuration.","instance":"a2e852be29b92e7c","error_code":1015,"error_name":"rate_limited","error_category":"rate_limit","ray_id":"a2e852be29b92e7c","timestamp":"2026-08-21T08:38:44Z","zone":"api-t1.fyers.in","cloudflare_error":true,"retryable":true,"retry
[14:08:53]   CIPLA NSE:CIPLA26AUG1410PE depth unavailable: FyersAPIError: Fyers HTTP 429 on https://api-t1.fyers.in/data/depth?symbol=NSE%3ACIPLA26AUG1410PE&ohlcv_flag=1: {"type":"https://developers.cloudflare.com/support/troubleshooting/http-status-code
[14:09:00]   COALINDIA NSE:COALINDIA26AUG405CE depth unavailable: FyersAPIError: Fyers HTTP 429 on https://api-t1.fyers.in/data/depth?symbol=NSE%3ACOALINDIA26AUG405CE&ohlcv_flag=1: {"type":"https://developers.cloudflare.com/support/troubleshooting/http-status-c
[14:09:04]   COALINDIA NSE:COALINDIA26AUG410PE depth unavailable: FyersAPIError: Fyers HTTP 429 on https://api-t1.fyers.in/data/depth?symbol=NSE%3ACOALINDIA26AUG410PE&ohlcv_flag=1: {"type":"https://developers.cloudflare.com/support/troubleshooting/http-status-c
[14:09:11]   NIFTY chain unavailable [OPTIONS_CHAIN_ERROR]: FyersAPIError: Fyers HTTP 429 on https://api-t1.fyers.in/data/options-chain-v3?symbol=NSE%3ANIFTY50-INDEX&strikecount=30: {"type":"https://developers.cloudflare.com/support/troubleshooting/http-status-codes/cloudflare-1xxx-errors/error-1015/","title":"Error 1015: You are being rate limited","status":429,"detail":"You are being rate-limited by the website owner's configuration.","instance":"a2e853612e7c98ef","error_code":1015,"error_name":"rate_limited","error_category":"rate_limit","ray_id":"a2e853612e7c98ef","timestamp":"2026-08-21T08:39:10Z","zone":"api-t1.fyers.in","cloudflare_error":true,"retryable":true,"retry
[14:09:20]   FINNIFTY NSE:FINNIFTY26AUG26200CE depth unavailable: FyersAPIError: Fyers HTTP 429 on https://api-t1.fyers.in/data/depth?symbol=NSE%3AFINNIFTY26AUG26200CE&ohlcv_flag=1: {"type":"https://developers.cloudflare.com/support/troubleshooting/http-status-
[14:09:25]   MIDCPNIFTY NSE:MIDCPNIFTY26AUG14875PE depth unavailable: FyersAPIError: Fyers HTTP 429 on https://api-t1.fyers.in/data/depth?symbol=NSE%3AMIDCPNIFTY26AUG14875PE&ohlcv_flag=1: {"type":"https://developers.cloudflare.com/support/troubleshooting/http-statu
[14:09:28]   ADANIPORTS chain unavailable [OPTIONS_CHAIN_ERROR]: FyersAPIError: Fyers HTTP 429 on https://api-t1.fyers.in/data/options-chain-v3?symbol=NSE%3AADANIPORTS-EQ&strikecount=30: {"type":"https://developers.cloudflare.com/support/troubleshooting/http-status-codes/cloudflare-1xxx-errors/error-1015/","title":"Error 1015: You are being rate limited","status":429,"detail":"You are being rate-limited by the website owner's configuration.","instance":"a2e853cd1e722eaa","error_code":1015,"error_name":"rate_limited","error_category":"rate_limit","ray_id":"a2e853cd1e722eaa","timestamp":"2026-08-21T08:39:27Z","zone":"api-t1.fyers.in","cloudflare_error":true,"retryable":true,"retry
[14:09:37]   CIPLA chain unavailable [OPTIONS_CHAIN_ERROR]: FyersAPIError: Fyers HTTP 429 on https://api-t1.fyers.in/data/options-chain-v3?symbol=NSE%3ACIPLA-EQ&strikecount=30: {"type":"https://developers.cloudflare.com/support/troubleshooting/http-status-codes/cloudflare-1xxx-errors/error-1015/","title":"Error 1015: You are being rate limited","status":429,"detail":"You are being rate-limited by the website owner's configuration.","instance":"a2e854058da031a0","error_code":1015,"error_name":"rate_limited","error_category":"rate_limit","ray_id":"a2e854058da031a0","timestamp":"2026-08-21T08:39:36Z","zone":"api-t1.fyers.in","cloudflare_error":true,"retryable":true,"retry
[14:09:42]   DATA HEALTH ALERT MAXHEALTH: Option chain stale 30.85s; Candidate option quote stale 45.25s; Candidate option quote stale 246.25s; Candidate option quote stale 30.25s; Candidate option quote stale 30.25s; Candidate option quote stale 326.26s; Candidate option quote stale 93.26s
[14:09:42]   DATA HEALTH ALERT BHARTIARTL: Option chain stale 30.92s; Candidate option quote stale 127.33s; Candidate option quote stale 105.33s; Candidate option quote stale 220.33s; Candidate option quote stale 113.33s; Candidate option quote stale 37.33s; Candidate option quote stale 37.33s
[14:09:42]   DATA HEALTH ALERT COALINDIA: Option chain stale 30.93s; Candidate option quote stale 18.34s; Candidate option quote stale 18.34s; Candidate option quote stale 55.34s; Candidate option quote stale 68.34s; Candidate option quote stale 17.34s; Candidate option quote stale 125.34s
[14:09:48]   NIFTY chain unavailable [OPTIONS_CHAIN_ERROR]: FyersAPIError: Fyers HTTP 429 on https://api-t1.fyers.in/data/options-chain-v3?symbol=NSE%3ANIFTY50-INDEX&strikecount=30: {"type":"https://developers.cloudflare.com/support/troubleshooting/http-status-codes/cloudflare-1xxx-errors/error-1015/","title":"Error 1015: You are being rate limited","status":429,"detail":"You are being rate-limited by the website owner's configuration.","instance":"a2e8544a8dd7ff68","error_code":1015,"error_name":"rate_limited","error_category":"rate_limit","ray_id":"a2e8544a8dd7ff68","timestamp":"2026-08-21T08:39:47Z","zone":"api-t1.fyers.in","cloudflare_error":true,"retryable":true,"retry
[14:09:49]   BANKNIFTY chain unavailable [OPTIONS_CHAIN_ERROR]: FyersAPIError: Fyers HTTP 429 on https://api-t1.fyers.in/data/options-chain-v3?symbol=NSE%3ANIFTYBANK-INDEX&strikecount=30: {"type":"https://developers.cloudflare.com/support/troubleshooting/http-status-codes/cloudflare-1xxx-errors/error-1015/","title":"Error 1015: You are being rate limited","status":429,"detail":"You are being rate-limited by the website owner's configuration.","instance":"a2e8544b7faa0029","error_code":1015,"error_name":"rate_limited","error_category":"rate_limit","ray_id":"a2e8544b7faa0029","timestamp":"2026-08-21T08:39:47Z","zone":"api-t1.fyers.in","cloudflare_error":true,"retryable":true,"retry
[14:09:49]   FINNIFTY chain unavailable [OPTIONS_CHAIN_ERROR]: FyersAPIError: Fyers HTTP 429 on https://api-t1.fyers.in/data/options-chain-v3?symbol=NSE%3AFINNIFTY-INDEX&strikecount=30: {"type":"https://developers.cloudflare.com/support/troubleshooting/http-status-codes/cloudflare-1xxx-errors/error-1015/","title":"Error 1015: You are being rate limited","status":429,"detail":"You are being rate-limited by the website owner's configuration.","instance":"a2e8544c5f3cc6b5","error_code":1015,"error_name":"rate_limited","error_category":"rate_limit","ray_id":"a2e8544c5f3cc6b5","timestamp":"2026-08-21T08:39:47Z","zone":"api-t1.fyers.in","cloudflare_error":true,"retryable":true,"retry
[14:09:57]   NIFTYNXT50 NSE:NIFTYNXT5026AUG73700CE depth unavailable: ValueError: Fyers depth source timestamp invalid
[14:09:57]   NIFTYNXT50 NSE:NIFTYNXT5026AUG73700PE depth unavailable: ValueError: Fyers depth source timestamp invalid
[14:09:58]   NIFTYNXT50 NSE:NIFTYNXT5026AUG73800PE depth unavailable: ValueError: Fyers depth source timestamp invalid
[14:10:00]   NIFTYNXT50 NSE:NIFTYNXT5026AUG73900CE depth unavailable: ValueError: Fyers depth source timestamp invalid
[14:10:00]   NIFTYNXT50 NSE:NIFTYNXT5026AUG73900PE depth unavailable: ValueError: Fyers depth source timestamp invalid
[14:10:01]   ADANIENT chain unavailable [OPTIONS_CHAIN_ERROR]: FyersAPIError: Fyers HTTP 429 on https://api-t1.fyers.in/data/options-chain-v3?symbol=NSE%3AADANIENT-EQ&strikecount=30: {"type":"https://developers.cloudflare.com/support/troubleshooting/http-status-codes/cloudflare-1xxx-errors/error-1015/","title":"Error 1015: You are being rate limited","status":429,"detail":"You are being rate-limited by the website owner's configuration.","instance":"a2e85497fc743fae","error_code":1015,"error_name":"rate_limited","error_category":"rate_limit","ray_id":"a2e85497fc743fae","timestamp":"2026-08-21T08:39:59Z","zone":"api-t1.fyers.in","cloudflare_error":true,"retryable":true,"retry
[14:10:04]   ICICIBANK NSE:ICICIBANK26AUG1410PE depth unavailable: FyersAPIError: Fyers HTTP 429 on https://api-t1.fyers.in/data/depth?symbol=NSE%3AICICIBANK26AUG1410PE&ohlcv_flag=1: {"type":"https://developers.cloudflare.com/support/troubleshooting/http-status-
[14:10:08]   BAJAJFINSV chain unavailable [OPTIONS_CHAIN_ERROR]: FyersAPIError: Fyers HTTP 429 on https://api-t1.fyers.in/data/options-chain-v3?symbol=NSE%3ABAJAJFINSV-EQ&strikecount=30: {"type":"https://developers.cloudflare.com/support/troubleshooting/http-status-codes/cloudflare-1xxx-errors/error-1015/","title":"Error 1015: You are being rate limited","status":429,"detail":"You are being rate-limited by the website owner's configuration.","instance":"a2e854c60f5d4230","error_code":1015,"error_name":"rate_limited","error_category":"rate_limit","ray_id":"a2e854c60f5d4230","timestamp":"2026-08-21T08:40:07Z","zone":"api-t1.fyers.in","cloudflare_error":true,"retryable":true,"retry
[14:10:08]   BEL chain unavailable [OPTIONS_CHAIN_ERROR]: FyersAPIError: Fyers HTTP 429 on https://api-t1.fyers.in/data/options-chain-v3?symbol=NSE%3ABEL-EQ&strikecount=30: {"type":"https://developers.cloudflare.com/support/troubleshooting/http-status-codes/cloudflare-1xxx-errors/error-1015/","title":"Error 1015: You are being rate limited","status":429,"detail":"You are being rate-limited by the website owner's configuration.","instance":"a2e854c6edae3b3d","error_code":1015,"error_name":"rate_limited","error_category":"rate_limit","ray_id":"a2e854c6edae3b3d","timestamp":"2026-08-21T08:40:07Z","zone":"api-t1.fyers.in","cloudflare_error":true,"retryable":true,"retry
[14:10:09]   DATA HEALTH ALERT NIFTYNXT50: CE/PE timestamp delta 1815259.73s at 73800.0; Candidate option quote stale 1815280.53s; Candidate option quote depth unavailable; Candidate option quote depth unavailable; Candidate option quote depth unavailable; Candidate option quote depth unavailable; Candidate option quote depth unavailable
[14:10:09]   DATA HEALTH ALERT ICICIBANK: CE/PE timestamp delta 67.73s at 1410.0; CE/PE timestamp delta 37.00s at 1430.0; Candidate option quote stale 17.54s; Candidate option quote stale 17.54s; Candidate option quote stale 88.55s; Candidate option quote depth unavailable; Candidate option quote stale 9.55s; Candidate option quote stale 46.56s
[14:10:09]   DATA HEALTH ALERT INDIGO: CE/PE timestamp delta 10.00s at 5000.0; CE/PE timestamp delta 27.00s at 5100.0; CE/PE timestamp delta 47.00s at 5200.0; Candidate option quote stale 33.56s; Candidate option quote warning stale 6.56s; Candidate option quote stale 24.56s; Candidate option quote stale 34.56s; Candidate option quote stale 34.56s; Candidate option quote stale 81.56s
[14:10:18]   NIFTY NSE:NIFTY26AUG24300PE depth unavailable: FyersAPIError: Fyers HTTP 429 on https://api-t1.fyers.in/data/depth?symbol=NSE%3ANIFTY26AUG24300PE&ohlcv_flag=1: {"type":"https://developers.cloudflare.com/support/troubleshooting/http-status-cod
[14:10:25]   FINNIFTY NSE:FINNIFTY26AUG26250CE depth unavailable: FyersAPIError: Fyers HTTP 429 on https://api-t1.fyers.in/data/depth?symbol=NSE%3AFINNIFTY26AUG26250CE&ohlcv_flag=1: {"type":"https://developers.cloudflare.com/support/troubleshooting/http-status-
[14:10:31]   BANKEX BSE:BANKEX26AUG65200PE depth unavailable: FyersAPIError: Fyers HTTP 429 on https://api-t1.fyers.in/data/depth?symbol=BSE%3ABANKEX26AUG65200PE&ohlcv_flag=1: {"type":"https://developers.cloudflare.com/support/troubleshooting/http-status-co
[14:10:34]   NIFTYNXT50 NSE:NIFTYNXT5026AUG73700CE depth unavailable: ValueError: Fyers depth source timestamp invalid
[14:10:34]   NIFTYNXT50 NSE:NIFTYNXT5026AUG73700PE depth unavailable: ValueError: Fyers depth source timestamp invalid
[14:10:35]   NIFTYNXT50 NSE:NIFTYNXT5026AUG73800PE depth unavailable: ValueError: Fyers depth source timestamp invalid
[14:10:50]   NIFTYNXT50 NSE:NIFTYNXT5026AUG73900CE depth unavailable: FyersAPIError: Fyers URL error on https://api-t1.fyers.in/data/depth?symbol=NSE%3ANIFTYNXT5026AUG73900CE&ohlcv_flag=1: <urlopen error _ssl.c:1011: The handshake operation timed out>
[14:10:50]   NIFTYNXT50 NSE:NIFTYNXT5026AUG73900PE depth unavailable: ValueError: Fyers depth source timestamp invalid
[14:10:50]   ADANIENT chain unavailable [OPTIONS_CHAIN_ERROR]: FyersAPIError: Fyers HTTP 429 on https://api-t1.fyers.in/data/options-chain-v3?symbol=NSE%3AADANIENT-EQ&strikecount=30: {"type":"https://developers.cloudflare.com/support/troubleshooting/http-status-codes/cloudflare-1xxx-errors/error-1015/","title":"Error 1015: You are being rate limited","status":429,"detail":"You are being rate-limited by the website owner's configuration.","instance":"a2e855cc58e30028","error_code":1015,"error_name":"rate_limited","error_category":"rate_limit","ray_id":"a2e855cc58e30028","timestamp":"2026-08-21T08:40:49Z","zone":"api-t1.fyers.in","cloudflare_error":true,"retryable":true,"retry
[14:11:32]   TCS NSE:TCS26AUG2280PE depth unavailable: FyersAPIError: Fyers HTTP 429 on https://api-t1.fyers.in/data/depth?symbol=NSE%3ATCS26AUG2280PE&ohlcv_flag=1: {"type":"https://developers.cloudflare.com/support/troubleshooting/http-status-codes/
[14:11:37]   DATA HEALTH ALERT NIFTY: Option chain stale 30.06s; Candidate option quote stale 30.84s; Candidate option quote stale 30.84s; Candidate option quote stale 30.84s; Candidate option quote stale 30.84s; Candidate option quote stale 29.84s; Candidate option quote stale 28.84s
[14:11:37]   DATA HEALTH ALERT BANKNIFTY: Option chain stale 30.06s; Candidate option quote stale 28.85s; Candidate option quote stale 28.85s; Candidate option quote stale 29.85s; Candidate option quote stale 28.85s; Candidate option quote stale 27.85s; Candidate option quote stale 27.85s
[14:11:44]   NIFTY chain unavailable [OPTIONS_CHAIN_ERROR]: FyersAPIError: Fyers HTTP 429 on https://api-t1.fyers.in/data/options-chain-v3?symbol=NSE%3ANIFTY50-INDEX&strikecount=30: {"type":"https://developers.cloudflare.com/support/troubleshooting/http-status-codes/cloudflare-1xxx-errors/error-1015/","title":"Error 1015: You are being rate limited","status":429,"detail":"You are being rate-limited by the website owner's configuration.","instance":"a2e8571d5b8f4975","error_code":1015,"error_name":"rate_limited","error_category":"rate_limit","ray_id":"a2e8571d5b8f4975","timestamp":"2026-08-21T08:41:43Z","zone":"api-t1.fyers.in","cloudflare_error":true,"retryable":true,"retry
[14:11:44]   BANKNIFTY chain unavailable [OPTIONS_CHAIN_ERROR]: FyersAPIError: Fyers HTTP 429 on https://api-t1.fyers.in/data/options-chain-v3?symbol=NSE%3ANIFTYBANK-INDEX&strikecount=30: {"type":"https://developers.cloudflare.com/support/troubleshooting/http-status-codes/cloudflare-1xxx-errors/error-1015/","title":"Error 1015: You are being rate limited","status":429,"detail":"You are being rate-limited by the website owner's configuration.","instance":"a2e8571e3e773026","error_code":1015,"error_name":"rate_limited","error_category":"rate_limit","ray_id":"a2e8571e3e773026","timestamp":"2026-08-21T08:41:43Z","zone":"api-t1.fyers.in","cloudflare_error":true,"retryable":true,"retry
[14:11:44]   FINNIFTY chain unavailable [OPTIONS_CHAIN_ERROR]: FyersAPIError: Fyers HTTP 429 on https://api-t1.fyers.in/data/options-chain-v3?symbol=NSE%3AFINNIFTY-INDEX&strikecount=30: {"type":"https://developers.cloudflare.com/support/troubleshooting/http-status-codes/cloudflare-1xxx-errors/error-1015/","title":"Error 1015: You are being rate limited","status":429,"detail":"You are being rate-limited by the website owner's configuration.","instance":"a2e8571f6d2bff77","error_code":1015,"error_name":"rate_limited","error_category":"rate_limit","ray_id":"a2e8571f6d2bff77","timestamp":"2026-08-21T08:41:43Z","zone":"api-t1.fyers.in","cloudflare_error":true,"retryable":true,"retry
[14:11:45]   MIDCPNIFTY chain unavailable [OPTIONS_CHAIN_ERROR]: FyersAPIError: Fyers HTTP 429 on https://api-t1.fyers.in/data/options-chain-v3?symbol=NSE%3AMIDCPNIFTY-INDEX&strikecount=30: {"type":"https://developers.cloudflare.com/support/troubleshooting/http-status-codes/cloudflare-1xxx-errors/error-1015/","title":"Error 1015: You are being rate limited","status":429,"detail":"You are being rate-limited by the website owner's configuration.","instance":"a2e85720896fff6e","error_code":1015,"error_name":"rate_limited","error_category":"rate_limit","ray_id":"a2e85720896fff6e","timestamp":"2026-08-21T08:41:43Z","zone":"api-t1.fyers.in","cloudflare_error":true,"retryable":true,"retry
[14:11:45]   BAJFINANCE chain unavailable [OPTIONS_CHAIN_ERROR]: FyersAPIError: Fyers HTTP 429 on https://api-t1.fyers.in/data/options-chain-v3?symbol=NSE%3ABAJFINANCE-EQ&strikecount=30: {"type":"https://developers.cloudflare.com/support/troubleshooting/http-status-codes/cloudflare-1xxx-errors/error-1015/","title":"Error 1015: You are being rate limited","status":429,"detail":"You are being rate-limited by the website owner's configuration.","instance":"a2e857219fbc0c0c","error_code":1015,"error_name":"rate_limited","error_category":"rate_limit","ray_id":"a2e857219fbc0c0c","timestamp":"2026-08-21T08:41:43Z","zone":"api-t1.fyers.in","cloudflare_error":true,"retryable":true,"retry
[14:11:51]   POWERGRID chain unavailable [OPTIONS_CHAIN_ERROR]: FyersAPIError: Fyers HTTP 429 on https://api-t1.fyers.in/data/options-chain-v3?symbol=NSE%3APOWERGRID-EQ&strikecount=30: {"type":"https://developers.cloudflare.com/support/troubleshooting/http-status-codes/cloudflare-1xxx-errors/error-1015/","title":"Error 1015: You are being rate limited","status":429,"detail":"You are being rate-limited by the website owner's configuration.","instance":"a2e8574a787547d7","error_code":1015,"error_name":"rate_limited","error_category":"rate_limit","ray_id":"a2e8574a787547d7","timestamp":"2026-08-21T08:41:50Z","zone":"api-t1.fyers.in","cloudflare_error":true,"retryable":true,"retry
[14:11:51]   RELIANCE chain unavailable [OPTIONS_CHAIN_ERROR]: FyersAPIError: Fyers HTTP 429 on https://api-t1.fyers.in/data/options-chain-v3?symbol=NSE%3ARELIANCE-EQ&strikecount=30: {"type":"https://developers.cloudflare.com/support/troubleshooting/http-status-codes/cloudflare-1xxx-errors/error-1015/","title":"Error 1015: You are being rate limited","status":429,"detail":"You are being rate-limited by the website owner's configuration.","instance":"a2e8574b7d6c8ef4","error_code":1015,"error_name":"rate_limited","error_category":"rate_limit","ray_id":"a2e8574b7d6c8ef4","timestamp":"2026-08-21T08:41:50Z","zone":"api-t1.fyers.in","cloudflare_error":true,"retryable":true,"retry
[14:11:52]   SBIN chain unavailable [OPTIONS_CHAIN_ERROR]: FyersAPIError: Fyers HTTP 429 on https://api-t1.fyers.in/data/options-chain-v3?symbol=NSE%3ASBIN-EQ&strikecount=30: {"type":"https://developers.cloudflare.com/support/troubleshooting/http-status-codes/cloudflare-1xxx-errors/error-1015/","title":"Error 1015: You are being rate limited","status":429,"detail":"You are being rate-limited by the website owner's configuration.","instance":"a2e8574c5b336e29","error_code":1015,"error_name":"rate_limited","error_category":"rate_limit","ray_id":"a2e8574c5b336e29","timestamp":"2026-08-21T08:41:50Z","zone":"api-t1.fyers.in","cloudflare_error":true,"retryable":true,"retry
[14:11:52]   SUNPHARMA chain unavailable [OPTIONS_CHAIN_ERROR]: FyersAPIError: Fyers HTTP 429 on https://api-t1.fyers.in/data/options-chain-v3?symbol=NSE%3ASUNPHARMA-EQ&strikecount=30: {"type":"https://developers.cloudflare.com/support/troubleshooting/http-status-codes/cloudflare-1xxx-errors/error-1015/","title":"Error 1015: You are being rate limited","status":429,"detail":"You are being rate-limited by the website owner's configuration.","instance":"a2e8574d4a71e8ad","error_code":1015,"error_name":"rate_limited","error_category":"rate_limit","ray_id":"a2e8574d4a71e8ad","timestamp":"2026-08-21T08:41:50Z","zone":"api-t1.fyers.in","cloudflare_error":true,"retryable":true,"retry
[14:11:52]   TCS chain unavailable [OPTIONS_CHAIN_ERROR]: FyersAPIError: Fyers HTTP 429 on https://api-t1.fyers.in/data/options-chain-v3?symbol=NSE%3ATCS-EQ&strikecount=30: {"type":"https://developers.cloudflare.com/support/troubleshooting/http-status-codes/cloudflare-1xxx-errors/error-1015/","title":"Error 1015: You are being rate limited","status":429,"detail":"You are being rate-limited by the website owner's configuration.","instance":"a2e8574e4f31ffa9","error_code":1015,"error_name":"rate_limited","error_category":"rate_limit","ray_id":"a2e8574e4f31ffa9","timestamp":"2026-08-21T08:41:51Z","zone":"api-t1.fyers.in","cloudflare_error":true,"retryable":true,"retry
[14:11:58]   NIFTY chain unavailable [OPTIONS_CHAIN_ERROR]: FyersAPIError: Fyers HTTP 429 on https://api-t1.fyers.in/data/options-chain-v3?symbol=NSE%3ANIFTY50-INDEX&strikecount=30: {"type":"https://developers.cloudflare.com/support/troubleshooting/http-status-codes/cloudflare-1xxx-errors/error-1015/","title":"Error 1015: You are being rate limited","status":429,"detail":"You are being rate-limited by the website owner's configuration.","instance":"a2e857777f078124","error_code":1015,"error_name":"rate_limited","error_category":"rate_limit","ray_id":"a2e857777f078124","timestamp":"2026-08-21T08:41:57Z","zone":"api-t1.fyers.in","cloudflare_error":true,"retryable":true,"retry
[14:11:59]   BANKNIFTY chain unavailable [OPTIONS_CHAIN_ERROR]: FyersAPIError: Fyers HTTP 429 on https://api-t1.fyers.in/data/options-chain-v3?symbol=NSE%3ANIFTYBANK-INDEX&strikecount=30: {"type":"https://developers.cloudflare.com/support/troubleshooting/http-status-codes/cloudflare-1xxx-errors/error-1015/","title":"Error 1015: You are being rate limited","status":429,"detail":"You are being rate-limited by the website owner's configuration.","instance":"a2e8577b9b5af15a","error_code":1015,"error_name":"rate_limited","error_category":"rate_limit","ray_id":"a2e8577b9b5af15a","timestamp":"2026-08-21T08:41:58Z","zone":"api-t1.fyers.in","cloudflare_error":true,"retryable":true,"retry
[14:12:06]   MIDCPNIFTY chain unavailable [OPTIONS_CHAIN_ERROR]: FyersAPIError: Fyers HTTP 429 on https://api-t1.fyers.in/data/options-chain-v3?symbol=NSE%3AMIDCPNIFTY-INDEX&strikecount=30: {"type":"https://developers.cloudflare.com/support/troubleshooting/http-status-codes/cloudflare-1xxx-errors/error-1015/","title":"Error 1015: You are being rate limited","status":429,"detail":"You are being rate-limited by the website owner's configuration.","instance":"a2e857a4b985ff63","error_code":1015,"error_name":"rate_limited","error_category":"rate_limit","ray_id":"a2e857a4b985ff63","timestamp":"2026-08-21T08:42:04Z","zone":"api-t1.fyers.in","cloudflare_error":true,"retryable":true,"retry
[14:12:06]   BAJFINANCE chain unavailable [OPTIONS_CHAIN_ERROR]: FyersAPIError: Fyers HTTP 429 on https://api-t1.fyers.in/data/options-chain-v3?symbol=NSE%3ABAJFINANCE-EQ&strikecount=30: {"type":"https://developers.cloudflare.com/support/troubleshooting/http-status-codes/cloudflare-1xxx-errors/error-1015/","title":"Error 1015: You are being rate limited","status":429,"detail":"You are being rate-limited by the website owner's configuration.","instance":"a2e857a5ac91cc8c","error_code":1015,"error_name":"rate_limited","error_category":"rate_limit","ray_id":"a2e857a5ac91cc8c","timestamp":"2026-08-21T08:42:05Z","zone":"api-t1.fyers.in","cloudflare_error":true,"retryable":true,"retry
[14:12:08]   M&M NSE:M&M26AUG3400CE depth unavailable: FyersAPIError: Fyers HTTP 429 on https://api-t1.fyers.in/data/depth?symbol=NSE%3AM%26M26AUG3400CE&ohlcv_flag=1: {"type":"https://developers.cloudflare.com/support/troubleshooting/http-status-code
[14:12:12]   NTPC chain unavailable [OPTIONS_CHAIN_ERROR]: FyersAPIError: Fyers HTTP 429 on https://api-t1.fyers.in/data/options-chain-v3?symbol=NSE%3ANTPC-EQ&strikecount=30: {"type":"https://developers.cloudflare.com/support/troubleshooting/http-status-codes/cloudflare-1xxx-errors/error-1015/","title":"Error 1015: You are being rate limited","status":429,"detail":"You are being rate-limited by the website owner's configuration.","instance":"a2e857c918b1d9c7","error_code":1015,"error_name":"rate_limited","error_category":"rate_limit","ray_id":"a2e857c918b1d9c7","timestamp":"2026-08-21T08:42:10Z","zone":"api-t1.fyers.in","cloudflare_error":true,"retryable":true,"retry
[14:12:17]   POWERGRID NSE:POWERGRID26AUG275CE depth unavailable: FyersAPIError: Fyers HTTP 429 on https://api-t1.fyers.in/data/depth?symbol=NSE%3APOWERGRID26AUG275CE&ohlcv_flag=1: {"type":"https://developers.cloudflare.com/support/troubleshooting/http-status-c
[14:12:17]   RELIANCE chain unavailable [OPTIONS_CHAIN_ERROR]: FyersAPIError: Fyers HTTP 429 on https://api-t1.fyers.in/data/options-chain-v3?symbol=NSE%3ARELIANCE-EQ&strikecount=30: {"type":"https://developers.cloudflare.com/support/troubleshooting/http-status-codes/cloudflare-1xxx-errors/error-1015/","title":"Error 1015: You are being rate limited","status":429,"detail":"You are being rate-limited by the website owner's configuration.","instance":"a2e857ecddf60f3f","error_code":1015,"error_name":"rate_limited","error_category":"rate_limit","ray_id":"a2e857ecddf60f3f","timestamp":"2026-08-21T08:42:16Z","zone":"api-t1.fyers.in","cloudflare_error":true,"retryable":true,"retry
[14:12:18]   SBIN chain unavailable [OPTIONS_CHAIN_ERROR]: FyersAPIError: Fyers HTTP 429 on https://api-t1.fyers.in/data/options-chain-v3?symbol=NSE%3ASBIN-EQ&strikecount=30: {"type":"https://developers.cloudflare.com/support/troubleshooting/http-status-codes/cloudflare-1xxx-errors/error-1015/","title":"Error 1015: You are being rate limited","status":429,"detail":"You are being rate-limited by the website owner's configuration.","instance":"a2e857ee5d0e0bc3","error_code":1015,"error_name":"rate_limited","error_category":"rate_limit","ray_id":"a2e857ee5d0e0bc3","timestamp":"2026-08-21T08:42:16Z","zone":"api-t1.fyers.in","cloudflare_error":true,"retryable":true,"retry
[14:12:23]   TCS chain unavailable [OPTIONS_CHAIN_ERROR]: FyersAPIError: Fyers HTTP 429 on https://api-t1.fyers.in/data/options-chain-v3?symbol=NSE%3ATCS-EQ&strikecount=30: {"type":"https://developers.cloudflare.com/support/troubleshooting/http-status-codes/cloudflare-1xxx-errors/error-1015/","title":"Error 1015: You are being rate limited","status":429,"detail":"You are being rate-limited by the website owner's configuration.","instance":"a2e85810fafb97a9","error_code":1015,"error_name":"rate_limited","error_category":"rate_limit","ray_id":"a2e85810fafb97a9","timestamp":"2026-08-21T08:42:22Z","zone":"api-t1.fyers.in","cloudflare_error":true,"retryable":true,"retry
[14:12:30]   NIFTY chain unavailable [OPTIONS_CHAIN_ERROR]: FyersAPIError: Fyers HTTP 429 on https://api-t1.fyers.in/data/options-chain-v3?symbol=NSE%3ANIFTY50-INDEX&strikecount=30: {"type":"https://developers.cloudflare.com/support/troubleshooting/http-status-codes/cloudflare-1xxx-errors/error-1015/","title":"Error 1015: You are being rate limited","status":429,"detail":"You are being rate-limited by the website owner's configuration.","instance":"a2e8583aca273d00","error_code":1015,"error_name":"rate_limited","error_category":"rate_limit","ray_id":"a2e8583aca273d00","timestamp":"2026-08-21T08:42:28Z","zone":"api-t1.fyers.in","cloudflare_error":true,"retryable":true,"retry
[14:12:30]   BANKNIFTY chain unavailable [OPTIONS_CHAIN_ERROR]: FyersAPIError: Fyers HTTP 429 on https://api-t1.fyers.in/data/options-chain-v3?symbol=NSE%3ANIFTYBANK-INDEX&strikecount=30: {"type":"https://developers.cloudflare.com/support/troubleshooting/http-status-codes/cloudflare-1xxx-errors/error-1015/","title":"Error 1015: You are being rate limited","status":429,"detail":"You are being rate-limited by the website owner's configuration.","instance":"a2e8583bbc524436","error_code":1015,"error_name":"rate_limited","error_category":"rate_limit","ray_id":"a2e8583bbc524436","timestamp":"2026-08-21T08:42:29Z","zone":"api-t1.fyers.in","cloudflare_error":true,"retryable":true,"retry
[14:12:32]   FINNIFTY NSE:FINNIFTY26AUG26200CE depth unavailable: FyersAPIError: Fyers HTTP 429 on https://api-t1.fyers.in/data/depth?symbol=NSE%3AFINNIFTY26AUG26200CE&ohlcv_flag=1: {"type":"https://developers.cloudflare.com/support/troubleshooting/http-status-
[14:12:37]   FINNIFTY NSE:FINNIFTY26AUG26300PE depth unavailable: FyersAPIError: Fyers HTTP 429 on https://api-t1.fyers.in/data/depth?symbol=NSE%3AFINNIFTY26AUG26300PE&ohlcv_flag=1: {"type":"https://developers.cloudflare.com/support/troubleshooting/http-status-
[14:12:37]   MIDCPNIFTY chain unavailable [OPTIONS_CHAIN_ERROR]: FyersAPIError: Fyers HTTP 429 on https://api-t1.fyers.in/data/options-chain-v3?symbol=NSE%3AMIDCPNIFTY-INDEX&strikecount=30: {"type":"https://developers.cloudflare.com/support/troubleshooting/http-status-codes/cloudflare-1xxx-errors/error-1015/","title":"Error 1015: You are being rate limited","status":429,"detail":"You are being rate-limited by the website owner's configuration.","instance":"a2e8586b8f9bd8ea","error_code":1015,"error_name":"rate_limited","error_category":"rate_limit","ray_id":"a2e8586b8f9bd8ea","timestamp":"2026-08-21T08:42:36Z","zone":"api-t1.fyers.in","cloudflare_error":true,"retryable":true,"retry
[14:12:38]   ITC chain unavailable [OPTIONS_CHAIN_ERROR]: FyersAPIError: Fyers HTTP 429 on https://api-t1.fyers.in/data/options-chain-v3?symbol=NSE%3AITC-EQ&strikecount=30: {"type":"https://developers.cloudflare.com/support/troubleshooting/http-status-codes/cloudflare-1xxx-errors/error-1015/","title":"Error 1015: You are being rate limited","status":429,"detail":"You are being rate-limited by the website owner's configuration.","instance":"a2e8586c7f30473a","error_code":1015,"error_name":"rate_limited","error_category":"rate_limit","ray_id":"a2e8586c7f30473a","timestamp":"2026-08-21T08:42:36Z","zone":"api-t1.fyers.in","cloudflare_error":true,"retryable":true,"retry
[14:12:42]   INFY NSE:INFY26AUG1120CE depth unavailable: FyersAPIError: Fyers HTTP 429 on https://api-t1.fyers.in/data/depth?symbol=NSE%3AINFY26AUG1120CE&ohlcv_flag=1: {"type":"https://developers.cloudflare.com/support/troubleshooting/http-status-codes
[14:12:45]   INFY NSE:INFY26AUG1135PE depth unavailable: FyersAPIError: Fyers HTTP 429 on https://api-t1.fyers.in/data/depth?symbol=NSE%3AINFY26AUG1135PE&ohlcv_flag=1: {"type":"https://developers.cloudflare.com/support/troubleshooting/http-status-codes
[14:12:45]   TATACONSUM chain unavailable [OPTIONS_CHAIN_ERROR]: FyersAPIError: Fyers HTTP 429 on https://api-t1.fyers.in/data/options-chain-v3?symbol=NSE%3ATATACONSUM-EQ&strikecount=30: {"type":"https://developers.cloudflare.com/support/troubleshooting/http-status-codes/cloudflare-1xxx-errors/error-1015/","title":"Error 1015: You are being rate limited","status":429,"detail":"You are being rate-limited by the website owner's configuration.","instance":"a2e8589a1e4847ca","error_code":1015,"error_name":"rate_limited","error_category":"rate_limit","ray_id":"a2e8589a1e4847ca","timestamp":"2026-08-21T08:42:44Z","zone":"api-t1.fyers.in","cloudflare_error":true,"retryable":true,"retry
[14:12:45]   TATASTEEL chain unavailable [OPTIONS_CHAIN_ERROR]: FyersAPIError: Fyers HTTP 429 on https://api-t1.fyers.in/data/options-chain-v3?symbol=NSE%3ATATASTEEL-EQ&strikecount=30: {"type":"https://developers.cloudflare.com/support/troubleshooting/http-status-codes/cloudflare-1xxx-errors/error-1015/","title":"Error 1015: You are being rate limited","status":429,"detail":"You are being rate-limited by the website owner's configuration.","instance":"a2e8589b084fe5cc","error_code":1015,"error_name":"rate_limited","error_category":"rate_limit","ray_id":"a2e8589b084fe5cc","timestamp":"2026-08-21T08:42:44Z","zone":"api-t1.fyers.in","cloudflare_error":true,"retryable":true,"retry
[14:12:45]   TECHM chain unavailable [OPTIONS_CHAIN_ERROR]: FyersAPIError: Fyers HTTP 429 on https://api-t1.fyers.in/data/options-chain-v3?symbol=NSE%3ATECHM-EQ&strikecount=30: {"type":"https://developers.cloudflare.com/support/troubleshooting/http-status-codes/cloudflare-1xxx-errors/error-1015/","title":"Error 1015: You are being rate limited","status":429,"detail":"You are being rate-limited by the website owner's configuration.","instance":"a2e8589bfca24e0d","error_code":1015,"error_name":"rate_limited","error_category":"rate_limit","ray_id":"a2e8589bfca24e0d","timestamp":"2026-08-21T08:42:44Z","zone":"api-t1.fyers.in","cloudflare_error":true,"retryable":true,"retry
[14:12:45]   TRENT chain unavailable [OPTIONS_CHAIN_ERROR]: FyersAPIError: Fyers HTTP 429 on https://api-t1.fyers.in/data/options-chain-v3?symbol=NSE%3ATRENT-EQ&strikecount=30: {"type":"https://developers.cloudflare.com/support/troubleshooting/http-status-codes/cloudflare-1xxx-errors/error-1015/","title":"Error 1015: You are being rate limited","status":429,"detail":"You are being rate-limited by the website owner's configuration.","instance":"a2e8589cea73859c","error_code":1015,"error_name":"rate_limited","error_category":"rate_limit","ray_id":"a2e8589cea73859c","timestamp":"2026-08-21T08:42:44Z","zone":"api-t1.fyers.in","cloudflare_error":true,"retryable":true,"retry
[14:12:46]   ETERNAL chain unavailable [OPTIONS_CHAIN_ERROR]: FyersAPIError: Fyers HTTP 429 on https://api-t1.fyers.in/data/options-chain-v3?symbol=NSE%3AETERNAL-EQ&strikecount=30: {"type":"https://developers.cloudflare.com/support/troubleshooting/http-status-codes/cloudflare-1xxx-errors/error-1015/","title":"Error 1015: You are being rate limited","status":429,"detail":"You are being rate-limited by the website owner's configuration.","instance":"a2e8589deed03f85","error_code":1015,"error_name":"rate_limited","error_category":"rate_limit","ray_id":"a2e8589deed03f85","timestamp":"2026-08-21T08:42:44Z","zone":"api-t1.fyers.in","cloudflare_error":true,"retryable":true,"retry
[14:12:48]   HDFCLIFE NSE:HDFCLIFE26AUG545PE depth unavailable: FyersAPIError: Fyers HTTP 429 on https://api-t1.fyers.in/data/depth?symbol=NSE%3AHDFCLIFE26AUG545PE&ohlcv_flag=1: {"type":"https://developers.cloudflare.com/support/troubleshooting/http-status-co
[14:12:51]   HDFCLIFE NSE:HDFCLIFE26AUG555PE depth unavailable: FyersAPIError: Fyers HTTP 429 on https://api-t1.fyers.in/data/depth?symbol=NSE%3AHDFCLIFE26AUG555PE&ohlcv_flag=1: {"type":"https://developers.cloudflare.com/support/troubleshooting/http-status-co
[14:13:04]   BANKNIFTY chain unavailable [OPTIONS_CHAIN_ERROR]: FyersAPIError: Fyers HTTP 429 on https://api-t1.fyers.in/data/options-chain-v3?symbol=NSE%3ANIFTYBANK-INDEX&strikecount=30: {"type":"https://developers.cloudflare.com/support/troubleshooting/http-status-codes/cloudflare-1xxx-errors/error-1015/","title":"Error 1015: You are being rate limited","status":429,"detail":"You are being rate-limited by the website owner's configuration.","instance":"a2e85912fdcdff9a","error_code":1015,"error_name":"rate_limited","error_category":"rate_limit","ray_id":"a2e85912fdcdff9a","timestamp":"2026-08-21T08:43:03Z","zone":"api-t1.fyers.in","cloudflare_error":true,"retryable":true,"retry
[14:13:04]   FINNIFTY chain unavailable [OPTIONS_CHAIN_ERROR]: FyersAPIError: Fyers HTTP 429 on https://api-t1.fyers.in/data/options-chain-v3?symbol=NSE%3AFINNIFTY-INDEX&strikecount=30: {"type":"https://developers.cloudflare.com/support/troubleshooting/http-status-codes/cloudflare-1xxx-errors/error-1015/","title":"Error 1015: You are being rate limited","status":429,"detail":"You are being rate-limited by the website owner's configuration.","instance":"a2e85913c8deff99","error_code":1015,"error_name":"rate_limited","error_category":"rate_limit","ray_id":"a2e85913c8deff99","timestamp":"2026-08-21T08:43:03Z","zone":"api-t1.fyers.in","cloudflare_error":true,"retryable":true,"retry
[14:13:05]   MIDCPNIFTY chain unavailable [OPTIONS_CHAIN_ERROR]: FyersAPIError: Fyers HTTP 429 on https://api-t1.fyers.in/data/options-chain-v3?symbol=NSE%3AMIDCPNIFTY-INDEX&strikecount=30: {"type":"https://developers.cloudflare.com/support/troubleshooting/http-status-codes/cloudflare-1xxx-errors/error-1015/","title":"Error 1015: You are being rate limited","status":429,"detail":"You are being rate-limited by the website owner's configuration.","instance":"a2e85914b83285cb","error_code":1015,"error_name":"rate_limited","error_category":"rate_limit","ray_id":"a2e85914b83285cb","timestamp":"2026-08-21T08:43:03Z","zone":"api-t1.fyers.in","cloudflare_error":true,"retryable":true,"retry
[14:13:05]   ITC chain unavailable [OPTIONS_CHAIN_ERROR]: FyersAPIError: Fyers HTTP 429 on https://api-t1.fyers.in/data/options-chain-v3?symbol=NSE%3AITC-EQ&strikecount=30: {"type":"https://developers.cloudflare.com/support/troubleshooting/http-status-codes/cloudflare-1xxx-errors/error-1015/","title":"Error 1015: You are being rate limited","status":429,"detail":"You are being rate-limited by the website owner's configuration.","instance":"a2e859159c15ff63","error_code":1015,"error_name":"rate_limited","error_category":"rate_limit","ray_id":"a2e859159c15ff63","timestamp":"2026-08-21T08:43:03Z","zone":"api-t1.fyers.in","cloudflare_error":true,"retryable":true,"retry
[14:13:16]   TATASTEEL NSE:TATASTEEL26AUG182.5PE depth unavailable: FyersAPIError: Fyers HTTP 429 on https://api-t1.fyers.in/data/depth?symbol=NSE%3ATATASTEEL26AUG182.5PE&ohlcv_flag=1: {"type":"https://developers.cloudflare.com/support/troubleshooting/http-status
[14:13:22]   TECHM NSE:TECHM26AUG1560CE depth unavailable: FyersAPIError: Fyers HTTP 429 on https://api-t1.fyers.in/data/depth?symbol=NSE%3ATECHM26AUG1560CE&ohlcv_flag=1: {"type":"https://developers.cloudflare.com/support/troubleshooting/http-status-code
[14:13:24]   TECHM NSE:TECHM26AUG1560PE depth unavailable: FyersAPIError: Fyers HTTP 429 on https://api-t1.fyers.in/data/depth?symbol=NSE%3ATECHM26AUG1560PE&ohlcv_flag=1: {"type":"https://developers.cloudflare.com/support/troubleshooting/http-status-code
[14:13:29]   TECHM NSE:TECHM26AUG1580PE depth unavailable: FyersAPIError: Fyers HTTP 429 on https://api-t1.fyers.in/data/depth?symbol=NSE%3ATECHM26AUG1580PE&ohlcv_flag=1: {"type":"https://developers.cloudflare.com/support/troubleshooting/http-status-code
[14:13:31]   ETERNAL chain unavailable [OPTIONS_CHAIN_ERROR]: FyersAPIError: Fyers HTTP 429 on https://api-t1.fyers.in/data/options-chain-v3?symbol=NSE%3AETERNAL-EQ&strikecount=30: {"type":"https://developers.cloudflare.com/support/troubleshooting/http-status-codes/cloudflare-1xxx-errors/error-1015/","title":"Error 1015: You are being rate limited","status":429,"detail":"You are being rate-limited by the website owner's configuration.","instance":"a2e859b99d0d3faf","error_code":1015,"error_name":"rate_limited","error_category":"rate_limit","ray_id":"a2e859b99d0d3faf","timestamp":"2026-08-21T08:43:30Z","zone":"api-t1.fyers.in","cloudflare_error":true,"retryable":true,"retry
[14:13:31]   HDFCLIFE chain unavailable [OPTIONS_CHAIN_ERROR]: FyersAPIError: Fyers HTTP 429 on https://api-t1.fyers.in/data/options-chain-v3?symbol=NSE%3AHDFCLIFE-EQ&strikecount=30: {"type":"https://developers.cloudflare.com/support/troubleshooting/http-status-codes/cloudflare-1xxx-errors/error-1015/","title":"Error 1015: You are being rate limited","status":429,"detail":"You are being rate-limited by the website owner's configuration.","instance":"a2e859ba789f3f5b","error_code":1015,"error_name":"rate_limited","error_category":"rate_limit","ray_id":"a2e859ba789f3f5b","timestamp":"2026-08-21T08:43:30Z","zone":"api-t1.fyers.in","cloudflare_error":true,"retryable":true,"retry
[14:13:42]   NIFTY NSE:NIFTY26AUG24300CE depth unavailable: FyersAPIError: Fyers HTTP 429 on https://api-t1.fyers.in/data/depth?symbol=NSE%3ANIFTY26AUG24300CE&ohlcv_flag=1: {"type":"https://developers.cloudflare.com/support/troubleshooting/http-status-cod
[14:13:49]   FINNIFTY NSE:FINNIFTY26AUG26250CE depth unavailable: FyersAPIError: Fyers HTTP 429 on https://api-t1.fyers.in/data/depth?symbol=NSE%3AFINNIFTY26AUG26250CE&ohlcv_flag=1: {"type":"https://developers.cloudflare.com/support/troubleshooting/http-status-
[14:13:51]   FINNIFTY NSE:FINNIFTY26AUG26250PE depth unavailable: FyersAPIError: Fyers HTTP 429 on https://api-t1.fyers.in/data/depth?symbol=NSE%3AFINNIFTY26AUG26250PE&ohlcv_flag=1: {"type":"https://developers.cloudflare.com/support/troubleshooting/http-status-
[14:13:54]   MIDCPNIFTY chain unavailable [OPTIONS_CHAIN_ERROR]: FyersAPIError: Fyers HTTP 429 on https://api-t1.fyers.in/data/options-chain-v3?symbol=NSE%3AMIDCPNIFTY-INDEX&strikecount=30: {"type":"https://developers.cloudflare.com/support/troubleshooting/http-status-codes/cloudflare-1xxx-errors/error-1015/","title":"Error 1015: You are being rate limited","status":429,"detail":"You are being rate-limited by the website owner's configuration.","instance":"a2e85a46feacffab","error_code":1015,"error_name":"rate_limited","error_category":"rate_limit","ray_id":"a2e85a46feacffab","timestamp":"2026-08-21T08:43:52Z","zone":"api-t1.fyers.in","cloudflare_error":true,"retryable":true,"retry
[14:13:54]   HINDALCO chain unavailable [OPTIONS_CHAIN_ERROR]: FyersAPIError: Fyers HTTP 429 on https://api-t1.fyers.in/data/options-chain-v3?symbol=NSE%3AHINDALCO-EQ&strikecount=30: {"type":"https://developers.cloudflare.com/support/troubleshooting/http-status-codes/cloudflare-1xxx-errors/error-1015/","title":"Error 1015: You are being rate limited","status":429,"detail":"You are being rate-limited by the website owner's configuration.","instance":"a2e85a480ad169a5","error_code":1015,"error_name":"rate_limited","error_category":"rate_limit","ray_id":"a2e85a480ad169a5","timestamp":"2026-08-21T08:43:52Z","zone":"api-t1.fyers.in","cloudflare_error":true,"retryable":true,"retry
[14:13:54]   JSWSTEEL chain unavailable [OPTIONS_CHAIN_ERROR]: FyersAPIError: Fyers HTTP 429 on https://api-t1.fyers.in/data/options-chain-v3?symbol=NSE%3AJSWSTEEL-EQ&strikecount=30: {"type":"https://developers.cloudflare.com/support/troubleshooting/http-status-codes/cloudflare-1xxx-errors/error-1015/","title":"Error 1015: You are being rate limited","status":429,"detail":"You are being rate-limited by the website owner's configuration.","instance":"a2e85a492f23c1ac","error_code":1015,"error_name":"rate_limited","error_category":"rate_limit","ray_id":"a2e85a492f23c1ac","timestamp":"2026-08-21T08:43:53Z","zone":"api-t1.fyers.in","cloudflare_error":true,"retryable":true,"retry
[14:13:54]   FOCIT chain unavailable [OPTIONS_CHAIN_ERROR]: FyersAPIError: Fyers HTTP 429 on https://api-t1.fyers.in/data/options-chain-v3?symbol=BSE%3AFOCIT-INDEX&strikecount=30: {"type":"https://developers.cloudflare.com/support/troubleshooting/http-status-codes/cloudflare-1xxx-errors/error-1015/","title":"Error 1015: You are being rate limited","status":429,"detail":"You are being rate-limited by the website owner's configuration.","instance":"a2e85a4a1ccc405b","error_code":1015,"error_name":"rate_limited","error_category":"rate_limit","ray_id":"a2e85a4a1ccc405b","timestamp":"2026-08-21T08:43:53Z","zone":"api-t1.fyers.in","cloudflare_error":true,"retryable":true,"retry
[14:14:01]   MAXHEALTH chain unavailable [OPTIONS_CHAIN_ERROR]: FyersAPIError: Fyers HTTP 429 on https://api-t1.fyers.in/data/options-chain-v3?symbol=NSE%3AMAXHEALTH-EQ&strikecount=30: {"type":"https://developers.cloudflare.com/support/troubleshooting/http-status-codes/cloudflare-1xxx-errors/error-1015/","title":"Error 1015: You are being rate limited","status":429,"detail":"You are being rate-limited by the website owner's configuration.","instance":"a2e85a729e6e6ec4","error_code":1015,"error_name":"rate_limited","error_category":"rate_limit","ray_id":"a2e85a729e6e6ec4","timestamp":"2026-08-21T08:43:59Z","zone":"api-t1.fyers.in","cloudflare_error":true,"retryable":true,"retry
[14:14:01]   APOLLOHOSP chain unavailable [OPTIONS_CHAIN_ERROR]: FyersAPIError: Fyers HTTP 429 on https://api-t1.fyers.in/data/options-chain-v3?symbol=NSE%3AAPOLLOHOSP-EQ&strikecount=30: {"type":"https://developers.cloudflare.com/support/troubleshooting/http-status-codes/cloudflare-1xxx-errors/error-1015/","title":"Error 1015: You are being rate limited","status":429,"detail":"You are being rate-limited by the website owner's configuration.","instance":"a2e85a738ac4321e","error_code":1015,"error_name":"rate_limited","error_category":"rate_limit","ray_id":"a2e85a738ac4321e","timestamp":"2026-08-21T08:43:59Z","zone":"api-t1.fyers.in","cloudflare_error":true,"retryable":true,"retry
[14:14:01]   ASIANPAINT chain unavailable [OPTIONS_CHAIN_ERROR]: FyersAPIError: Fyers HTTP 429 on https://api-t1.fyers.in/data/options-chain-v3?symbol=NSE%3AASIANPAINT-EQ&strikecount=30: {"type":"https://developers.cloudflare.com/support/troubleshooting/http-status-codes/cloudflare-1xxx-errors/error-1015/","title":"Error 1015: You are being rate limited","status":429,"detail":"You are being rate-limited by the website owner's configuration.","instance":"a2e85a747a6e3b13","error_code":1015,"error_name":"rate_limited","error_category":"rate_limit","ray_id":"a2e85a747a6e3b13","timestamp":"2026-08-21T08:44:00Z","zone":"api-t1.fyers.in","cloudflare_error":true,"retryable":true,"retry
[14:14:02]   DATA HEALTH ALERT NIFTY: Invalid IV for CE 22750.0; Missing delta for CE 22750.0; Invalid IV for PE 22750.0; Zero volume CE at 22750.0; Zero volume CE at 22850.0; Zero volume CE at 22950.0; Candidate option quote stale 24.16s; Candidate option quote stale 24.16s; Candidate option quote stale 25.16s; Candidate option quote stale 25.16s; Candidate option quote depth unavailable; Candidate option quote stale 22.16s
[14:14:12]   NIFTY NSE:NIFTY26AUG24200PE depth unavailable: FyersAPIError: Fyers HTTP 429 on https://api-t1.fyers.in/data/depth?symbol=NSE%3ANIFTY26AUG24200PE&ohlcv_flag=1: {"type":"https://developers.cloudflare.com/support/troubleshooting/http-status-cod
[14:14:16]   NIFTY NSE:NIFTY26AUG24300CE depth unavailable: FyersAPIError: Fyers HTTP 429 on https://api-t1.fyers.in/data/depth?symbol=NSE%3ANIFTY26AUG24300CE&ohlcv_flag=1: {"type":"https://developers.cloudflare.com/support/troubleshooting/http-status-cod
[14:14:23]   FINNIFTY chain unavailable [OPTIONS_CHAIN_ERROR]: FyersAPIError: Fyers HTTP 429 on https://api-t1.fyers.in/data/options-chain-v3?symbol=NSE%3AFINNIFTY-INDEX&strikecount=30: {"type":"https://developers.cloudflare.com/support/troubleshooting/http-status-codes/cloudflare-1xxx-errors/error-1015/","title":"Error 1015: You are being rate limited","status":429,"detail":"You are being rate-limited by the website owner's configuration.","instance":"a2e85b002d3b85c9","error_code":1015,"error_name":"rate_limited","error_category":"rate_limit","ray_id":"a2e85b002d3b85c9","timestamp":"2026-08-21T08:44:22Z","zone":"api-t1.fyers.in","cloudflare_error":true,"retryable":true,"retry
[14:14:23]   MIDCPNIFTY chain unavailable [OPTIONS_CHAIN_ERROR]: FyersAPIError: Fyers HTTP 429 on https://api-t1.fyers.in/data/options-chain-v3?symbol=NSE%3AMIDCPNIFTY-INDEX&strikecount=30: {"type":"https://developers.cloudflare.com/support/troubleshooting/http-status-codes/cloudflare-1xxx-errors/error-1015/","title":"Error 1015: You are being rate limited","status":429,"detail":"You are being rate-limited by the website owner's configuration.","instance":"a2e85b00f8a03c76","error_code":1015,"error_name":"rate_limited","error_category":"rate_limit","ray_id":"a2e85b00f8a03c76","timestamp":"2026-08-21T08:44:22Z","zone":"api-t1.fyers.in","cloudflare_error":true,"retryable":true,"retry
[14:14:26]   JSWSTEEL chain unavailable [OPTIONS_CHAIN_ERROR]: FyersAPIError: Fyers HTTP 429 on https://api-t1.fyers.in/data/options-chain-v3?symbol=NSE%3AJSWSTEEL-EQ&strikecount=30: {"type":"https://developers.cloudflare.com/support/troubleshooting/http-status-codes/cloudflare-1xxx-errors/error-1015/","title":"Error 1015: You are being rate limited","status":429,"detail":"You are being rate-limited by the website owner's configuration.","instance":"a2e85b128c1bc0d9","error_code":1015,"error_name":"rate_limited","error_category":"rate_limit","ray_id":"a2e85b128c1bc0d9","timestamp":"2026-08-21T08:44:25Z","zone":"api-t1.fyers.in","cloudflare_error":true,"retryable":true,"retry
[14:14:34]   COALINDIA NSE:COALINDIA26AUG400CE depth unavailable: FyersAPIError: Fyers HTTP 429 on https://api-t1.fyers.in/data/depth?symbol=NSE%3ACOALINDIA26AUG400CE&ohlcv_flag=1: {"type":"https://developers.cloudflare.com/support/troubleshooting/http-status-c
[14:14:39]   MAXHEALTH NSE:MAXHEALTH26AUG1010CE depth unavailable: FyersAPIError: Fyers HTTP 429 on https://api-t1.fyers.in/data/depth?symbol=NSE%3AMAXHEALTH26AUG1010CE&ohlcv_flag=1: {"type":"https://developers.cloudflare.com/support/troubleshooting/http-status-
[14:14:47]   ASIANPAINT NSE:ASIANPAINT26AUG2620PE depth unavailable: FyersAPIError: Fyers HTTP 429 on https://api-t1.fyers.in/data/depth?symbol=NSE%3AASIANPAINT26AUG2620PE&ohlcv_flag=1: {"type":"https://developers.cloudflare.com/support/troubleshooting/http-status
[14:14:49]   ASIANPAINT NSE:ASIANPAINT26AUG2640CE depth unavailable: FyersAPIError: Fyers HTTP 429 on https://api-t1.fyers.in/data/depth?symbol=NSE%3AASIANPAINT26AUG2640CE&ohlcv_flag=1: {"type":"https://developers.cloudflare.com/support/troubleshooting/http-status
[14:14:51]   DATA HEALTH ALERT BANKNIFTY: Option chain stale 43.74s; Candidate option quote stale 31.68s; Candidate option quote stale 31.68s; Candidate option quote stale 34.68s; Candidate option quote stale 32.68s; Candidate option quote stale 30.69s; Candidate option quote stale 30.69s
[14:15:01]   NIFTY NSE:NIFTY26AUG24200PE depth unavailable: FyersAPIError: Fyers HTTP 429 on https://api-t1.fyers.in/data/depth?symbol=NSE%3ANIFTY26AUG24200PE&ohlcv_flag=1: {"type":"https://developers.cloudflare.com/support/troubleshooting/http-status-cod
[14:15:05]   NIFTY NSE:NIFTY26AUG24300PE depth unavailable: FyersAPIError: Fyers HTTP 429 on https://api-t1.fyers.in/data/depth?symbol=NSE%3ANIFTY26AUG24300PE&ohlcv_flag=1: {"type":"https://developers.cloudflare.com/support/troubleshooting/http-status-cod
[14:15:06]   BANKNIFTY chain unavailable [OPTIONS_CHAIN_ERROR]: FyersAPIError: Fyers HTTP 429 on https://api-t1.fyers.in/data/options-chain-v3?symbol=NSE%3ANIFTYBANK-INDEX&strikecount=30: {"type":"https://developers.cloudflare.com/support/troubleshooting/http-status-codes/cloudflare-1xxx-errors/error-1015/","title":"Error 1015: You are being rate limited","status":429,"detail":"You are being rate-limited by the website owner's configuration.","instance":"a2e85c0ddb292666","error_code":1015,"error_name":"rate_limited","error_category":"rate_limit","ray_id":"a2e85c0ddb292666","timestamp":"2026-08-21T08:45:05Z","zone":"api-t1.fyers.in","cloudflare_error":true,"retryable":true,"retry
[14:15:06]   FINNIFTY chain unavailable [OPTIONS_CHAIN_ERROR]: FyersAPIError: Fyers HTTP 429 on https://api-t1.fyers.in/data/options-chain-v3?symbol=NSE%3AFINNIFTY-INDEX&strikecount=30: {"type":"https://developers.cloudflare.com/support/troubleshooting/http-status-codes/cloudflare-1xxx-errors/error-1015/","title":"Error 1015: You are being rate limited","status":429,"detail":"You are being rate-limited by the website owner's configuration.","instance":"a2e85c0ebd6d48e6","error_code":1015,"error_name":"rate_limited","error_category":"rate_limit","ray_id":"a2e85c0ebd6d48e6","timestamp":"2026-08-21T08:45:05Z","zone":"api-t1.fyers.in","cloudflare_error":true,"retryable":true,"retry
[14:15:07]   MIDCPNIFTY chain unavailable [OPTIONS_CHAIN_ERROR]: FyersAPIError: Fyers HTTP 429 on https://api-t1.fyers.in/data/options-chain-v3?symbol=NSE%3AMIDCPNIFTY-INDEX&strikecount=30: {"type":"https://developers.cloudflare.com/support/troubleshooting/http-status-codes/cloudflare-1xxx-errors/error-1015/","title":"Error 1015: You are being rate limited","status":429,"detail":"You are being rate-limited by the website owner's configuration.","instance":"a2e85c0fb87ff4a3","error_code":1015,"error_name":"rate_limited","error_category":"rate_limit","ray_id":"a2e85c0fb87ff4a3","timestamp":"2026-08-21T08:45:05Z","zone":"api-t1.fyers.in","cloudflare_error":true,"retryable":true,"retry
[14:15:07]   AXISBANK chain unavailable [OPTIONS_CHAIN_ERROR]: FyersAPIError: Fyers HTTP 429 on https://api-t1.fyers.in/data/options-chain-v3?symbol=NSE%3AAXISBANK-EQ&strikecount=30: {"type":"https://developers.cloudflare.com/support/troubleshooting/http-status-codes/cloudflare-1xxx-errors/error-1015/","title":"Error 1015: You are being rate limited","status":429,"detail":"You are being rate-limited by the website owner's configuration.","instance":"a2e85c10ab5db33b","error_code":1015,"error_name":"rate_limited","error_category":"rate_limit","ray_id":"a2e85c10ab5db33b","timestamp":"2026-08-21T08:45:06Z","zone":"api-t1.fyers.in","cloudflare_error":true,"retryable":true,"retry
[14:15:07]   ICICIBANK chain unavailable [OPTIONS_CHAIN_ERROR]: FyersAPIError: Fyers HTTP 429 on https://api-t1.fyers.in/data/options-chain-v3?symbol=NSE%3AICICIBANK-EQ&strikecount=30: {"type":"https://developers.cloudflare.com/support/troubleshooting/http-status-codes/cloudflare-1xxx-errors/error-1015/","title":"Error 1015: You are being rate limited","status":429,"detail":"You are being rate-limited by the website owner's configuration.","instance":"a2e85c119ae1ff70","error_code":1015,"error_name":"rate_limited","error_category":"rate_limit","ray_id":"a2e85c119ae1ff70","timestamp":"2026-08-21T08:45:06Z","zone":"api-t1.fyers.in","cloudflare_error":true,"retryable":true,"retry
[14:15:07]   INDIGO chain unavailable [OPTIONS_CHAIN_ERROR]: FyersAPIError: Fyers HTTP 429 on https://api-t1.fyers.in/data/options-chain-v3?symbol=NSE%3AINDIGO-EQ&strikecount=30: {"type":"https://developers.cloudflare.com/support/troubleshooting/http-status-codes/cloudflare-1xxx-errors/error-1015/","title":"Error 1015: You are being rate limited","status":429,"detail":"You are being rate-limited by the website owner's configuration.","instance":"a2e85c127c7c40ab","error_code":1015,"error_name":"rate_limited","error_category":"rate_limit","ray_id":"a2e85c127c7c40ab","timestamp":"2026-08-21T08:45:06Z","zone":"api-t1.fyers.in","cloudflare_error":true,"retryable":true,"retry
[14:15:14]   BANKEX BSE:BANKEX26AUG65200CE depth unavailable: FyersAPIError: Fyers HTTP 429 on https://api-t1.fyers.in/data/depth?symbol=BSE%3ABANKEX26AUG65200CE&ohlcv_flag=1: {"type":"https://developers.cloudflare.com/support/troubleshooting/http-status-co
[14:15:16]   NIFTYNXT50 chain unavailable [OPTIONS_CHAIN_ERROR]: FyersAPIError: Fyers HTTP 429 on https://api-t1.fyers.in/data/options-chain-v3?symbol=NSE%3ANIFTYNXT50-INDEX&strikecount=30: {"type":"https://developers.cloudflare.com/support/troubleshooting/http-status-codes/cloudflare-1xxx-errors/error-1015/","title":"Error 1015: You are being rate limited","status":429,"detail":"You are being rate-limited by the website owner's configuration.","instance":"a2e85c4cbe804236","error_code":1015,"error_name":"rate_limited","error_category":"rate_limit","ray_id":"a2e85c4cbe804236","timestamp":"2026-08-21T08:45:15Z","zone":"api-t1.fyers.in","cloudflare_error":true,"retryable":true,"retry
[14:15:20]   DATA HEALTH ALERT BAJAJFINSV: CE/PE timestamp delta 94.00s at 2000.0; CE/PE timestamp delta 252.00s at 2020.0; CE/PE timestamp delta 192.00s at 2040.0; Candidate option quote stale 273.61s; Candidate option quote stale 21.61s; Candidate option quote stale 108.61s; Candidate option quote stale 14.61s; Candidate option quote stale 32.61s; Candidate option quote stale 224.61s
[14:15:20]   DATA HEALTH ALERT BEL: CE/PE timestamp delta 37.00s at 415.0; CE/PE timestamp delta 250.00s at 420.0; Candidate option quote stale 15.61s; Candidate option quote stale 52.62s; Candidate option quote stale 18.62s; Candidate option quote stale 18.62s; Candidate option quote stale 229.62s; Candidate option quote stale 479.62s
[14:15:29]   NIFTY NSE:NIFTY26AUG24250PE depth unavailable: FyersAPIError: Fyers HTTP 429 on https://api-t1.fyers.in/data/depth?symbol=NSE%3ANIFTY26AUG24250PE&ohlcv_flag=1: {"type":"https://developers.cloudflare.com/support/troubleshooting/http-status-cod
[14:15:34]   MIDCPNIFTY chain unavailable [OPTIONS_CHAIN_ERROR]: FyersAPIError: Fyers HTTP 429 on https://api-t1.fyers.in/data/options-chain-v3?symbol=NSE%3AMIDCPNIFTY-INDEX&strikecount=30: {"type":"https://developers.cloudflare.com/support/troubleshooting/http-status-codes/cloudflare-1xxx-errors/error-1015/","title":"Error 1015: You are being rate limited","status":429,"detail":"You are being rate-limited by the website owner's configuration.","instance":"a2e85cba8dca3b1f","error_code":1015,"error_name":"rate_limited","error_category":"rate_limit","ray_id":"a2e85cba8dca3b1f","timestamp":"2026-08-21T08:45:33Z","zone":"api-t1.fyers.in","cloudflare_error":true,"retryable":true,"retry
[14:15:46]   NIFTYNXT50 NSE:NIFTYNXT5026AUG73700CE depth unavailable: ValueError: Fyers depth source timestamp invalid
[14:15:47]   NIFTYNXT50 NSE:NIFTYNXT5026AUG73700PE depth unavailable: ValueError: Fyers depth source timestamp invalid
[14:15:47]   NIFTYNXT50 NSE:NIFTYNXT5026AUG73800PE depth unavailable: ValueError: Fyers depth source timestamp invalid
[14:15:48]   NIFTYNXT50 NSE:NIFTYNXT5026AUG73900CE depth unavailable: ValueError: Fyers depth source timestamp invalid
[14:15:48]   NIFTYNXT50 NSE:NIFTYNXT5026AUG73900PE depth unavailable: ValueError: Fyers depth source timestamp invalid
[14:15:51]   BAJAJFINSV NSE:BAJAJFINSV26AUG2020CE depth unavailable: FyersAPIError: Fyers HTTP 429 on https://api-t1.fyers.in/data/depth?symbol=NSE%3ABAJAJFINSV26AUG2020CE&ohlcv_flag=1: {"type":"https://developers.cloudflare.com/support/troubleshooting/http-status
[14:16:01]   NIFTY chain unavailable [OPTIONS_CHAIN_ERROR]: FyersAPIError: Fyers HTTP 429 on https://api-t1.fyers.in/data/options-chain-v3?symbol=NSE%3ANIFTY50-INDEX&strikecount=30: {"type":"https://developers.cloudflare.com/support/troubleshooting/http-status-codes/cloudflare-1xxx-errors/error-1015/","title":"Error 1015: You are being rate limited","status":429,"detail":"You are being rate-limited by the website owner's configuration.","instance":"a2e85d62c8744932","error_code":1015,"error_name":"rate_limited","error_category":"rate_limit","ray_id":"a2e85d62c8744932","timestamp":"2026-08-21T08:46:00Z","zone":"api-t1.fyers.in","cloudflare_error":true,"retryable":true,"retry
[14:16:01]   BANKNIFTY chain unavailable [OPTIONS_CHAIN_ERROR]: FyersAPIError: Fyers HTTP 429 on https://api-t1.fyers.in/data/options-chain-v3?symbol=NSE%3ANIFTYBANK-INDEX&strikecount=30: {"type":"https://developers.cloudflare.com/support/troubleshooting/http-status-codes/cloudflare-1xxx-errors/error-1015/","title":"Error 1015: You are being rate limited","status":429,"detail":"You are being rate-limited by the website owner's configuration.","instance":"a2e85d63da253f60","error_code":1015,"error_name":"rate_limited","error_category":"rate_limit","ray_id":"a2e85d63da253f60","timestamp":"2026-08-21T08:46:00Z","zone":"api-t1.fyers.in","cloudflare_error":true,"retryable":true,"retry
[14:16:01]   FINNIFTY chain unavailable [OPTIONS_CHAIN_ERROR]: FyersAPIError: Fyers HTTP 429 on https://api-t1.fyers.in/data/options-chain-v3?symbol=NSE%3AFINNIFTY-INDEX&strikecount=30: {"type":"https://developers.cloudflare.com/support/troubleshooting/http-status-codes/cloudflare-1xxx-errors/error-1015/","title":"Error 1015: You are being rate limited","status":429,"detail":"You are being rate-limited by the website owner's configuration.","instance":"a2e85d64cdeb3026","error_code":1015,"error_name":"rate_limited","error_category":"rate_limit","ray_id":"a2e85d64cdeb3026","timestamp":"2026-08-21T08:46:00Z","zone":"api-t1.fyers.in","cloudflare_error":true,"retryable":true,"retry
[14:16:01]   MIDCPNIFTY chain unavailable [OPTIONS_CHAIN_ERROR]: FyersAPIError: Fyers HTTP 429 on https://api-t1.fyers.in/data/options-chain-v3?symbol=NSE%3AMIDCPNIFTY-INDEX&strikecount=30: {"type":"https://developers.cloudflare.com/support/troubleshooting/http-status-codes/cloudflare-1xxx-errors/error-1015/","title":"Error 1015: You are being rate limited","status":429,"detail":"You are being rate-limited by the website owner's configuration.","instance":"a2e85d6619463b61","error_code":1015,"error_name":"rate_limited","error_category":"rate_limit","ray_id":"a2e85d6619463b61","timestamp":"2026-08-21T08:46:00Z","zone":"api-t1.fyers.in","cloudflare_error":true,"retryable":true,"retry
[14:16:02]   KOTAKBANK chain unavailable [OPTIONS_CHAIN_ERROR]: FyersAPIError: Fyers HTTP 429 on https://api-t1.fyers.in/data/options-chain-v3?symbol=NSE%3AKOTAKBANK-EQ&strikecount=30: {"type":"https://developers.cloudflare.com/support/troubleshooting/http-status-codes/cloudflare-1xxx-errors/error-1015/","title":"Error 1015: You are being rate limited","status":429,"detail":"You are being rate-limited by the website owner's configuration.","instance":"a2e85d66fa9137b4","error_code":1015,"error_name":"rate_limited","error_category":"rate_limit","ray_id":"a2e85d66fa9137b4","timestamp":"2026-08-21T08:46:00Z","zone":"api-t1.fyers.in","cloudflare_error":true,"retryable":true,"retry
[14:16:02]   LT chain unavailable [OPTIONS_CHAIN_ERROR]: FyersAPIError: Fyers HTTP 429 on https://api-t1.fyers.in/data/options-chain-v3?symbol=NSE%3ALT-EQ&strikecount=30: {"type":"https://developers.cloudflare.com/support/troubleshooting/http-status-codes/cloudflare-1xxx-errors/error-1015/","title":"Error 1015: You are being rate limited","status":429,"detail":"You are being rate-limited by the website owner's configuration.","instance":"a2e85d67c9203a34","error_code":1015,"error_name":"rate_limited","error_category":"rate_limit","ray_id":"a2e85d67c9203a34","timestamp":"2026-08-21T08:46:00Z","zone":"api-t1.fyers.in","cloudflare_error":true,"retryable":true,"retry
[14:16:02]   M&M chain unavailable [OPTIONS_CHAIN_ERROR]: FyersAPIError: Fyers HTTP 429 on https://api-t1.fyers.in/data/options-chain-v3?symbol=NSE%3AM%26M-EQ&strikecount=30: {"type":"https://developers.cloudflare.com/support/troubleshooting/http-status-codes/cloudflare-1xxx-errors/error-1015/","title":"Error 1015: You are being rate limited","status":429,"detail":"You are being rate-limited by the website owner's configuration.","instance":"a2e85d68be95e8eb","error_code":1015,"error_name":"rate_limited","error_category":"rate_limit","ray_id":"a2e85d68be95e8eb","timestamp":"2026-08-21T08:46:01Z","zone":"api-t1.fyers.in","cloudflare_error":true,"retryable":true,"retry
[14:16:02]   POWERGRID chain unavailable [OPTIONS_CHAIN_ERROR]: FyersAPIError: Fyers HTTP 429 on https://api-t1.fyers.in/data/options-chain-v3?symbol=NSE%3APOWERGRID-EQ&strikecount=30: {"type":"https://developers.cloudflare.com/support/troubleshooting/http-status-codes/cloudflare-1xxx-errors/error-1015/","title":"Error 1015: You are being rate limited","status":429,"detail":"You are being rate-limited by the website owner's configuration.","instance":"a2e85d699c9d8606","error_code":1015,"error_name":"rate_limited","error_category":"rate_limit","ray_id":"a2e85d699c9d8606","timestamp":"2026-08-21T08:46:01Z","zone":"api-t1.fyers.in","cloudflare_error":true,"retryable":true,"retry
[14:16:13]   SENSEX BSE:SENSEX26AUG77400PE depth unavailable: FyersAPIError: Fyers HTTP 429 on https://api-t1.fyers.in/data/depth?symbol=BSE%3ASENSEX26AUG77400PE&ohlcv_flag=1: {"type":"https://developers.cloudflare.com/support/troubleshooting/http-status-co
[14:16:25]   BANKNIFTY chain unavailable [OPTIONS_CHAIN_ERROR]: FyersAPIError: Fyers HTTP 429 on https://api-t1.fyers.in/data/options-chain-v3?symbol=NSE%3ANIFTYBANK-INDEX&strikecount=30: {"type":"https://developers.cloudflare.com/support/troubleshooting/http-status-codes/cloudflare-1xxx-errors/error-1015/","title":"Error 1015: You are being rate limited","status":429,"detail":"You are being rate-limited by the website owner's configuration.","instance":"a2e85df6fea0c6be","error_code":1015,"error_name":"rate_limited","error_category":"rate_limit","ray_id":"a2e85df6fea0c6be","timestamp":"2026-08-21T08:46:23Z","zone":"api-t1.fyers.in","cloudflare_error":true,"retryable":true,"retry
[14:16:25]   FINNIFTY chain unavailable [OPTIONS_CHAIN_ERROR]: FyersAPIError: Fyers HTTP 429 on https://api-t1.fyers.in/data/options-chain-v3?symbol=NSE%3AFINNIFTY-INDEX&strikecount=30: {"type":"https://developers.cloudflare.com/support/troubleshooting/http-status-codes/cloudflare-1xxx-errors/error-1015/","title":"Error 1015: You are being rate limited","status":429,"detail":"You are being rate-limited by the website owner's configuration.","instance":"a2e85df7cd78ffa6","error_code":1015,"error_name":"rate_limited","error_category":"rate_limit","ray_id":"a2e85df7cd78ffa6","timestamp":"2026-08-21T08:46:23Z","zone":"api-t1.fyers.in","cloudflare_error":true,"retryable":true,"retry
[14:16:25]   MIDCPNIFTY chain unavailable [OPTIONS_CHAIN_ERROR]: FyersAPIError: Fyers HTTP 429 on https://api-t1.fyers.in/data/options-chain-v3?symbol=NSE%3AMIDCPNIFTY-INDEX&strikecount=30: {"type":"https://developers.cloudflare.com/support/troubleshooting/http-status-codes/cloudflare-1xxx-errors/error-1015/","title":"Error 1015: You are being rate limited","status":429,"detail":"You are being rate-limited by the website owner's configuration.","instance":"a2e85df8a968892d","error_code":1015,"error_name":"rate_limited","error_category":"rate_limit","ray_id":"a2e85df8a968892d","timestamp":"2026-08-21T08:46:24Z","zone":"api-t1.fyers.in","cloudflare_error":true,"retryable":true,"retry
[14:16:25]   KOTAKBANK chain unavailable [OPTIONS_CHAIN_ERROR]: FyersAPIError: Fyers HTTP 429 on https://api-t1.fyers.in/data/options-chain-v3?symbol=NSE%3AKOTAKBANK-EQ&strikecount=30: {"type":"https://developers.cloudflare.com/support/troubleshooting/http-status-codes/cloudflare-1xxx-errors/error-1015/","title":"Error 1015: You are being rate limited","status":429,"detail":"You are being rate-limited by the website owner's configuration.","instance":"a2e85df96be386eb","error_code":1015,"error_name":"rate_limited","error_category":"rate_limit","ray_id":"a2e85df96be386eb","timestamp":"2026-08-21T08:46:24Z","zone":"api-t1.fyers.in","cloudflare_error":true,"retryable":true,"retry
[14:16:25]   LT chain unavailable [OPTIONS_CHAIN_ERROR]: FyersAPIError: Fyers HTTP 429 on https://api-t1.fyers.in/data/options-chain-v3?symbol=NSE%3ALT-EQ&strikecount=30: {"type":"https://developers.cloudflare.com/support/troubleshooting/http-status-codes/cloudflare-1xxx-errors/error-1015/","title":"Error 1015: You are being rate limited","status":429,"detail":"You are being rate-limited by the website owner's configuration.","instance":"a2e85dfa487c41d4","error_code":1015,"error_name":"rate_limited","error_category":"rate_limit","ray_id":"a2e85dfa487c41d4","timestamp":"2026-08-21T08:46:24Z","zone":"api-t1.fyers.in","cloudflare_error":true,"retryable":true,"retry
[14:16:43]   WIPRO chain unavailable [OPTIONS_CHAIN_ERROR]: FyersAPIError: Fyers HTTP 429 on https://api-t1.fyers.in/data/options-chain-v3?symbol=NSE%3AWIPRO-EQ&strikecount=30: {"type":"https://developers.cloudflare.com/support/troubleshooting/http-status-codes/cloudflare-1xxx-errors/error-1015/","title":"Error 1015: You are being rate limited","status":429,"detail":"You are being rate-limited by the website owner's configuration.","instance":"a2e85e69a993c4f8","error_code":1015,"error_name":"rate_limited","error_category":"rate_limit","ray_id":"a2e85e69a993c4f8","timestamp":"2026-08-21T08:46:42Z","zone":"api-t1.fyers.in","cloudflare_error":true,"retryable":true,"retry
[14:16:45]   SENSEX BSE:SENSEX26AUG77400PE depth unavailable: FyersAPIError: Fyers HTTP 429 on https://api-t1.fyers.in/data/depth?symbol=BSE%3ASENSEX26AUG77400PE&ohlcv_flag=1: {"type":"https://developers.cloudflare.com/support/troubleshooting/http-status-co
[14:16:47]   SENSEX BSE:SENSEX26AUG77500CE depth unavailable: FyersAPIError: Fyers HTTP 429 on https://api-t1.fyers.in/data/depth?symbol=BSE%3ASENSEX26AUG77500CE&ohlcv_flag=1: {"type":"https://developers.cloudflare.com/support/troubleshooting/http-status-co
[14:16:50]   SENSEX BSE:SENSEX26AUG77500PE depth unavailable: FyersAPIError: Fyers HTTP 429 on https://api-t1.fyers.in/data/depth?symbol=BSE%3ASENSEX26AUG77500PE&ohlcv_flag=1: {"type":"https://developers.cloudflare.com/support/troubleshooting/http-status-co
[14:17:01]   NIFTY chain unavailable [OPTIONS_CHAIN_ERROR]: FyersAPIError: Fyers HTTP 429 on https://api-t1.fyers.in/data/options-chain-v3?symbol=NSE%3ANIFTY50-INDEX&strikecount=30: {"type":"https://developers.cloudflare.com/support/troubleshooting/http-status-codes/cloudflare-1xxx-errors/error-1015/","title":"Error 1015: You are being rate limited","status":429,"detail":"You are being rate-limited by the website owner's configuration.","instance":"a2e85ed9ca8bd689","error_code":1015,"error_name":"rate_limited","error_category":"rate_limit","ray_id":"a2e85ed9ca8bd689","timestamp":"2026-08-21T08:47:00Z","zone":"api-t1.fyers.in","cloudflare_error":true,"retryable":true,"retry
[14:17:01]   BANKNIFTY chain unavailable [OPTIONS_CHAIN_ERROR]: FyersAPIError: Fyers HTTP 429 on https://api-t1.fyers.in/data/options-chain-v3?symbol=NSE%3ANIFTYBANK-INDEX&strikecount=30: {"type":"https://developers.cloudflare.com/support/troubleshooting/http-status-codes/cloudflare-1xxx-errors/error-1015/","title":"Error 1015: You are being rate limited","status":429,"detail":"You are being rate-limited by the website owner's configuration.","instance":"a2e85edaae0741c7","error_code":1015,"error_name":"rate_limited","error_category":"rate_limit","ray_id":"a2e85edaae0741c7","timestamp":"2026-08-21T08:47:00Z","zone":"api-t1.fyers.in","cloudflare_error":true,"retryable":true,"retry
[14:17:01]   FINNIFTY chain unavailable [OPTIONS_CHAIN_ERROR]: FyersAPIError: Fyers HTTP 429 on https://api-t1.fyers.in/data/options-chain-v3?symbol=NSE%3AFINNIFTY-INDEX&strikecount=30: {"type":"https://developers.cloudflare.com/support/troubleshooting/http-status-codes/cloudflare-1xxx-errors/error-1015/","title":"Error 1015: You are being rate limited","status":429,"detail":"You are being rate-limited by the website owner's configuration.","instance":"a2e85edbd9a5dce3","error_code":1015,"error_name":"rate_limited","error_category":"rate_limit","ray_id":"a2e85edbd9a5dce3","timestamp":"2026-08-21T08:47:00Z","zone":"api-t1.fyers.in","cloudflare_error":true,"retryable":true,"retry
[14:17:05]   MIDCPNIFTY NSE:MIDCPNIFTY26AUG14850PE depth unavailable: FyersAPIError: Fyers HTTP 429 on https://api-t1.fyers.in/data/depth?symbol=NSE%3AMIDCPNIFTY26AUG14850PE&ohlcv_flag=1: {"type":"https://developers.cloudflare.com/support/troubleshooting/http-statu
[14:17:06]   KOTAKBANK chain unavailable [OPTIONS_CHAIN_ERROR]: FyersAPIError: Fyers HTTP 429 on https://api-t1.fyers.in/data/options-chain-v3?symbol=NSE%3AKOTAKBANK-EQ&strikecount=30: {"type":"https://developers.cloudflare.com/support/troubleshooting/http-status-codes/cloudflare-1xxx-errors/error-1015/","title":"Error 1015: You are being rate limited","status":429,"detail":"You are being rate-limited by the website owner's configuration.","instance":"a2e85ef9bc293aec","error_code":1015,"error_name":"rate_limited","error_category":"rate_limit","ray_id":"a2e85ef9bc293aec","timestamp":"2026-08-21T08:47:05Z","zone":"api-t1.fyers.in","cloudflare_error":true,"retryable":true,"retry
[14:17:06]   LT chain unavailable [OPTIONS_CHAIN_ERROR]: FyersAPIError: Fyers HTTP 429 on https://api-t1.fyers.in/data/options-chain-v3?symbol=NSE%3ALT-EQ&strikecount=30: {"type":"https://developers.cloudflare.com/support/troubleshooting/http-status-codes/cloudflare-1xxx-errors/error-1015/","title":"Error 1015: You are being rate limited","status":429,"detail":"You are being rate-limited by the website owner's configuration.","instance":"a2e85efb2a523037","error_code":1015,"error_name":"rate_limited","error_category":"rate_limit","ray_id":"a2e85efb2a523037","timestamp":"2026-08-21T08:47:05Z","zone":"api-t1.fyers.in","cloudflare_error":true,"retryable":true,"retry
[14:17:06]   M&M chain unavailable [OPTIONS_CHAIN_ERROR]: FyersAPIError: Fyers HTTP 429 on https://api-t1.fyers.in/data/options-chain-v3?symbol=NSE%3AM%26M-EQ&strikecount=30: {"type":"https://developers.cloudflare.com/support/troubleshooting/http-status-codes/cloudflare-1xxx-errors/error-1015/","title":"Error 1015: You are being rate limited","status":429,"detail":"You are being rate-limited by the website owner's configuration.","instance":"a2e85efc1fc1ff7b","error_code":1015,"error_name":"rate_limited","error_category":"rate_limit","ray_id":"a2e85efc1fc1ff7b","timestamp":"2026-08-21T08:47:05Z","zone":"api-t1.fyers.in","cloudflare_error":true,"retryable":true,"retry
[14:17:10]   POWERGRID NSE:POWERGRID26AUG272.5PE depth unavailable: FyersAPIError: Fyers HTTP 429 on https://api-t1.fyers.in/data/depth?symbol=NSE%3APOWERGRID26AUG272.5PE&ohlcv_flag=1: {"type":"https://developers.cloudflare.com/support/troubleshooting/http-status
[14:17:14]   SUNPHARMA NSE:SUNPHARMA26AUG1880PE depth unavailable: FyersAPIError: Fyers HTTP 429 on https://api-t1.fyers.in/data/depth?symbol=NSE%3ASUNPHARMA26AUG1880PE&ohlcv_flag=1: {"type":"https://developers.cloudflare.com/support/troubleshooting/http-status-
[14:17:19]   SENSEX chain unavailable [OPTIONS_CHAIN_ERROR]: FyersAPIError: Fyers HTTP 429 on https://api-t1.fyers.in/data/options-chain-v3?symbol=BSE%3ASENSEX-INDEX&strikecount=30: {"type":"https://developers.cloudflare.com/support/troubleshooting/http-status-codes/cloudflare-1xxx-errors/error-1015/","title":"Error 1015: You are being rate limited","status":429,"detail":"You are being rate-limited by the website owner's configuration.","instance":"a2e85f4c4cde6efa","error_code":1015,"error_name":"rate_limited","error_category":"rate_limit","ray_id":"a2e85f4c4cde6efa","timestamp":"2026-08-21T08:47:18Z","zone":"api-t1.fyers.in","cloudflare_error":true,"retryable":true,"retry
[14:17:19]   CIPLA chain unavailable [OPTIONS_CHAIN_ERROR]: FyersAPIError: Fyers HTTP 429 on https://api-t1.fyers.in/data/options-chain-v3?symbol=NSE%3ACIPLA-EQ&strikecount=30: {"type":"https://developers.cloudflare.com/support/troubleshooting/http-status-codes/cloudflare-1xxx-errors/error-1015/","title":"Error 1015: You are being rate limited","status":429,"detail":"You are being rate-limited by the website owner's configuration.","instance":"a2e85f4d3e843a3f","error_code":1015,"error_name":"rate_limited","error_category":"rate_limit","ray_id":"a2e85f4d3e843a3f","timestamp":"2026-08-21T08:47:18Z","zone":"api-t1.fyers.in","cloudflare_error":true,"retryable":true,"retry
[14:17:35]   BANKNIFTY NSE:BANKNIFTY26AUG57700CE depth unavailable: FyersAPIError: Fyers HTTP 429 on https://api-t1.fyers.in/data/depth?symbol=NSE%3ABANKNIFTY26AUG57700CE&ohlcv_flag=1: {"type":"https://developers.cloudflare.com/support/troubleshooting/http-status
[14:17:37]   BANKNIFTY NSE:BANKNIFTY26AUG57700PE depth unavailable: FyersAPIError: Fyers HTTP 429 on https://api-t1.fyers.in/data/depth?symbol=NSE%3ABANKNIFTY26AUG57700PE&ohlcv_flag=1: {"type":"https://developers.cloudflare.com/support/troubleshooting/http-status
[14:17:42]   FINNIFTY NSE:FINNIFTY26AUG26200CE depth unavailable: FyersAPIError: Fyers HTTP 429 on https://api-t1.fyers.in/data/depth?symbol=NSE%3AFINNIFTY26AUG26200CE&ohlcv_flag=1: {"type":"https://developers.cloudflare.com/support/troubleshooting/http-status-
[14:17:49]   MIDCPNIFTY NSE:MIDCPNIFTY26AUG14825PE depth unavailable: FyersAPIError: Fyers HTTP 429 on https://api-t1.fyers.in/data/depth?symbol=NSE%3AMIDCPNIFTY26AUG14825PE&ohlcv_flag=1: {"type":"https://developers.cloudflare.com/support/troubleshooting/http-statu
[14:17:51]   MIDCPNIFTY NSE:MIDCPNIFTY26AUG14850PE depth unavailable: FyersAPIError: Fyers HTTP 429 on https://api-t1.fyers.in/data/depth?symbol=NSE%3AMIDCPNIFTY26AUG14850PE&ohlcv_flag=1: {"type":"https://developers.cloudflare.com/support/troubleshooting/http-statu
[14:18:04]   TRENT NSE:TRENT26AUG2900CE depth unavailable: FyersAPIError: Fyers HTTP 429 on https://api-t1.fyers.in/data/depth?symbol=NSE%3ATRENT26AUG2900CE&ohlcv_flag=1: {"type":"https://developers.cloudflare.com/support/troubleshooting/http-status-code
[14:18:11]   DRREDDY NSE:DRREDDY26AUG1170CE depth unavailable: FyersAPIError: Fyers HTTP 429 on https://api-t1.fyers.in/data/depth?symbol=NSE%3ADRREDDY26AUG1170CE&ohlcv_flag=1: {"type":"https://developers.cloudflare.com/support/troubleshooting/http-status-co
[14:18:28]   NIFTY NSE:NIFTY26AUG24200CE depth unavailable: FyersAPIError: Fyers HTTP 429 on https://api-t1.fyers.in/data/depth?symbol=NSE%3ANIFTY26AUG24200CE&ohlcv_flag=1: {"type":"https://developers.cloudflare.com/support/troubleshooting/http-status-cod
[14:18:30]   BANKNIFTY chain unavailable [OPTIONS_CHAIN_ERROR]: FyersAPIError: Fyers HTTP 429 on https://api-t1.fyers.in/data/options-chain-v3?symbol=NSE%3ANIFTYBANK-INDEX&strikecount=30: {"type":"https://developers.cloudflare.com/support/troubleshooting/http-status-codes/cloudflare-1xxx-errors/error-1015/","title":"Error 1015: You are being rate limited","status":429,"detail":"You are being rate-limited by the website owner's configuration.","instance":"a2e86103aeda85c5","error_code":1015,"error_name":"rate_limited","error_category":"rate_limit","ray_id":"a2e86103aeda85c5","timestamp":"2026-08-21T08:48:28Z","zone":"api-t1.fyers.in","cloudflare_error":true,"retryable":true,"retry
[14:18:30]   FINNIFTY chain unavailable [OPTIONS_CHAIN_ERROR]: FyersAPIError: Fyers HTTP 429 on https://api-t1.fyers.in/data/options-chain-v3?symbol=NSE%3AFINNIFTY-INDEX&strikecount=30: {"type":"https://developers.cloudflare.com/support/troubleshooting/http-status-codes/cloudflare-1xxx-errors/error-1015/","title":"Error 1015: You are being rate limited","status":429,"detail":"You are being rate-limited by the website owner's configuration.","instance":"a2e86104bb29320c","error_code":1015,"error_name":"rate_limited","error_category":"rate_limit","ray_id":"a2e86104bb29320c","timestamp":"2026-08-21T08:48:28Z","zone":"api-t1.fyers.in","cloudflare_error":true,"retryable":true,"retry
[14:18:30]   MIDCPNIFTY chain unavailable [OPTIONS_CHAIN_ERROR]: FyersAPIError: Fyers HTTP 429 on https://api-t1.fyers.in/data/options-chain-v3?symbol=NSE%3AMIDCPNIFTY-INDEX&strikecount=30: {"type":"https://developers.cloudflare.com/support/troubleshooting/http-status-codes/cloudflare-1xxx-errors/error-1015/","title":"Error 1015: You are being rate limited","status":429,"detail":"You are being rate-limited by the website owner's configuration.","instance":"a2e86105d9c2ff6f","error_code":1015,"error_name":"rate_limited","error_category":"rate_limit","ray_id":"a2e86105d9c2ff6f","timestamp":"2026-08-21T08:48:29Z","zone":"api-t1.fyers.in","cloudflare_error":true,"retryable":true,"retry
[14:18:30]   FOCIT chain unavailable [OPTIONS_CHAIN_ERROR]: FyersAPIError: Fyers HTTP 429 on https://api-t1.fyers.in/data/options-chain-v3?symbol=BSE%3AFOCIT-INDEX&strikecount=30: {"type":"https://developers.cloudflare.com/support/troubleshooting/http-status-codes/cloudflare-1xxx-errors/error-1015/","title":"Error 1015: You are being rate limited","status":429,"detail":"You are being rate-limited by the website owner's configuration.","instance":"a2e861070c9bf4b7","error_code":1015,"error_name":"rate_limited","error_category":"rate_limit","ray_id":"a2e861070c9bf4b7","timestamp":"2026-08-21T08:48:29Z","zone":"api-t1.fyers.in","cloudflare_error":true,"retryable":true,"retry
[14:18:32]   APOLLOHOSP NSE:APOLLOHOSP26AUG8600CE depth unavailable: FyersAPIError: Fyers HTTP 429 on https://api-t1.fyers.in/data/depth?symbol=NSE%3AAPOLLOHOSP26AUG8600CE&ohlcv_flag=1: {"type":"https://developers.cloudflare.com/support/troubleshooting/http-status
[14:18:36]   ASIANPAINT chain unavailable [OPTIONS_CHAIN_ERROR]: FyersAPIError: Fyers HTTP 429 on https://api-t1.fyers.in/data/options-chain-v3?symbol=NSE%3AASIANPAINT-EQ&strikecount=30: {"type":"https://developers.cloudflare.com/support/troubleshooting/http-status-codes/cloudflare-1xxx-errors/error-1015/","title":"Error 1015: You are being rate limited","status":429,"detail":"You are being rate-limited by the website owner's configuration.","instance":"a2e861299f5a3e10","error_code":1015,"error_name":"rate_limited","error_category":"rate_limit","ray_id":"a2e861299f5a3e10","timestamp":"2026-08-21T08:48:34Z","zone":"api-t1.fyers.in","cloudflare_error":true,"retryable":true,"retry
[14:18:36]   BHARTIARTL chain unavailable [OPTIONS_CHAIN_ERROR]: FyersAPIError: Fyers HTTP 429 on https://api-t1.fyers.in/data/options-chain-v3?symbol=NSE%3ABHARTIARTL-EQ&strikecount=30: {"type":"https://developers.cloudflare.com/support/troubleshooting/http-status-codes/cloudflare-1xxx-errors/error-1015/","title":"Error 1015: You are being rate limited","status":429,"detail":"You are being rate-limited by the website owner's configuration.","instance":"a2e8612b89aaa55b","error_code":1015,"error_name":"rate_limited","error_category":"rate_limit","ray_id":"a2e8612b89aaa55b","timestamp":"2026-08-21T08:48:35Z","zone":"api-t1.fyers.in","cloudflare_error":true,"retryable":true,"retry
[14:18:36]   COALINDIA chain unavailable [OPTIONS_CHAIN_ERROR]: FyersAPIError: Fyers HTTP 429 on https://api-t1.fyers.in/data/options-chain-v3?symbol=NSE%3ACOALINDIA-EQ&strikecount=30: {"type":"https://developers.cloudflare.com/support/troubleshooting/http-status-codes/cloudflare-1xxx-errors/error-1015/","title":"Error 1015: You are being rate limited","status":429,"detail":"You are being rate-limited by the website owner's configuration.","instance":"a2e8612d5df53dfe","error_code":1015,"error_name":"rate_limited","error_category":"rate_limit","ray_id":"a2e8612d5df53dfe","timestamp":"2026-08-21T08:48:35Z","zone":"api-t1.fyers.in","cloudflare_error":true,"retryable":true,"retry
[14:18:42]   HDFCLIFE NSE:HDFCLIFE26AUG550PE depth unavailable: FyersAPIError: Fyers HTTP 429 on https://api-t1.fyers.in/data/depth?symbol=NSE%3AHDFCLIFE26AUG550PE&ohlcv_flag=1: {"type":"https://developers.cloudflare.com/support/troubleshooting/http-status-co
[14:18:43]   HINDALCO chain unavailable [OPTIONS_CHAIN_ERROR]: FyersAPIError: Fyers HTTP 429 on https://api-t1.fyers.in/data/options-chain-v3?symbol=NSE%3AHINDALCO-EQ&strikecount=30: {"type":"https://developers.cloudflare.com/support/troubleshooting/http-status-codes/cloudflare-1xxx-errors/error-1015/","title":"Error 1015: You are being rate limited","status":429,"detail":"You are being rate-limited by the website owner's configuration.","instance":"a2e86156dca63f78","error_code":1015,"error_name":"rate_limited","error_category":"rate_limit","ray_id":"a2e86156dca63f78","timestamp":"2026-08-21T08:48:42Z","zone":"api-t1.fyers.in","cloudflare_error":true,"retryable":true,"retry
[14:18:43]   SBIN chain unavailable [OPTIONS_CHAIN_ERROR]: FyersAPIError: Fyers HTTP 429 on https://api-t1.fyers.in/data/options-chain-v3?symbol=NSE%3ASBIN-EQ&strikecount=30: {"type":"https://developers.cloudflare.com/support/troubleshooting/http-status-codes/cloudflare-1xxx-errors/error-1015/","title":"Error 1015: You are being rate limited","status":429,"detail":"You are being rate-limited by the website owner's configuration.","instance":"a2e86157cc1d3e28","error_code":1015,"error_name":"rate_limited","error_category":"rate_limit","ray_id":"a2e86157cc1d3e28","timestamp":"2026-08-21T08:48:42Z","zone":"api-t1.fyers.in","cloudflare_error":true,"retryable":true,"retry
[14:18:58]   NIFTY chain unavailable [OPTIONS_CHAIN_ERROR]: FyersAPIError: Fyers HTTP 429 on https://api-t1.fyers.in/data/options-chain-v3?symbol=NSE%3ANIFTY50-INDEX&strikecount=30: {"type":"https://developers.cloudflare.com/support/troubleshooting/http-status-codes/cloudflare-1xxx-errors/error-1015/","title":"Error 1015: You are being rate limited","status":429,"detail":"You are being rate-limited by the website owner's configuration.","instance":"a2e861b6282a837b","error_code":1015,"error_name":"rate_limited","error_category":"rate_limit","ray_id":"a2e861b6282a837b","timestamp":"2026-08-21T08:48:57Z","zone":"api-t1.fyers.in","cloudflare_error":true,"retryable":true,"retry
[14:18:58]   BANKNIFTY chain unavailable [OPTIONS_CHAIN_ERROR]: FyersAPIError: Fyers HTTP 429 on https://api-t1.fyers.in/data/options-chain-v3?symbol=NSE%3ANIFTYBANK-INDEX&strikecount=30: {"type":"https://developers.cloudflare.com/support/troubleshooting/http-status-codes/cloudflare-1xxx-errors/error-1015/","title":"Error 1015: You are being rate limited","status":429,"detail":"You are being rate-limited by the website owner's configuration.","instance":"a2e861b77b70409f","error_code":1015,"error_name":"rate_limited","error_category":"rate_limit","ray_id":"a2e861b77b70409f","timestamp":"2026-08-21T08:48:57Z","zone":"api-t1.fyers.in","cloudflare_error":true,"retryable":true,"retry
[14:19:07]   MIDCPNIFTY NSE:MIDCPNIFTY26AUG14850CE depth unavailable: FyersAPIError: Fyers HTTP 429 on https://api-t1.fyers.in/data/depth?symbol=NSE%3AMIDCPNIFTY26AUG14850CE&ohlcv_flag=1: {"type":"https://developers.cloudflare.com/support/troubleshooting/http-statu
[14:19:12]   FOCIT BSE:FOCIT26AUG37100PE depth unavailable: FyersAPIError: Fyers HTTP 429 on https://api-t1.fyers.in/data/depth?symbol=BSE%3AFOCIT26AUG37100PE&ohlcv_flag=1: {"type":"https://developers.cloudflare.com/support/troubleshooting/http-status-cod
[14:19:14]   FOCIT BSE:FOCIT26AUG37200PE depth unavailable: FyersAPIError: Fyers HTTP 429 on https://api-t1.fyers.in/data/depth?symbol=BSE%3AFOCIT26AUG37200PE&ohlcv_flag=1: {"type":"https://developers.cloudflare.com/support/troubleshooting/http-status-cod
[14:19:25]   ASIANPAINT NSE:ASIANPAINT26AUG2620CE depth unavailable: FyersAPIError: Fyers HTTP 429 on https://api-t1.fyers.in/data/depth?symbol=NSE%3AASIANPAINT26AUG2620CE&ohlcv_flag=1: {"type":"https://developers.cloudflare.com/support/troubleshooting/http-status
[14:19:34]   HDFCLIFE NSE:HDFCLIFE26AUG545PE depth unavailable: FyersAPIError: Fyers HTTP 429 on https://api-t1.fyers.in/data/depth?symbol=NSE%3AHDFCLIFE26AUG545PE&ohlcv_flag=1: {"type":"https://developers.cloudflare.com/support/troubleshooting/http-status-co
[14:19:40]   SBIN NSE:SBIN26AUG1030PE depth unavailable: FyersAPIError: Fyers HTTP 429 on https://api-t1.fyers.in/data/depth?symbol=NSE%3ASBIN26AUG1030PE&ohlcv_flag=1: {"type":"https://developers.cloudflare.com/support/troubleshooting/http-status-codes
[14:19:51]   NIFTY chain unavailable [OPTIONS_CHAIN_ERROR]: FyersAPIError: Fyers HTTP 429 on https://api-t1.fyers.in/data/options-chain-v3?symbol=NSE%3ANIFTY50-INDEX&strikecount=30: {"type":"https://developers.cloudflare.com/support/troubleshooting/http-status-codes/cloudflare-1xxx-errors/error-1015/","title":"Error 1015: You are being rate limited","status":429,"detail":"You are being rate-limited by the website owner's configuration.","instance":"a2e862ffe9bc2ce4","error_code":1015,"error_name":"rate_limited","error_category":"rate_limit","ray_id":"a2e862ffe9bc2ce4","timestamp":"2026-08-21T08:49:50Z","zone":"api-t1.fyers.in","cloudflare_error":true,"retryable":true,"retry
[14:19:53]   BANKNIFTY NSE:BANKNIFTY26AUG57600CE depth unavailable: FyersAPIError: Fyers HTTP 429 on https://api-t1.fyers.in/data/depth?symbol=NSE%3ABANKNIFTY26AUG57600CE&ohlcv_flag=1: {"type":"https://developers.cloudflare.com/support/troubleshooting/http-status
[14:20:02]   BANKEX chain unavailable [OPTIONS_CHAIN_ERROR]: FyersAPIError: Fyers HTTP 429 on https://api-t1.fyers.in/data/options-chain-v3?symbol=BSE%3ABANKEX-INDEX&strikecount=30: {"type":"https://developers.cloudflare.com/support/troubleshooting/http-status-codes/cloudflare-1xxx-errors/error-1015/","title":"Error 1015: You are being rate limited","status":429,"detail":"You are being rate-limited by the website owner's configuration.","instance":"a2e86345b8e57e3a","error_code":1015,"error_name":"rate_limited","error_category":"rate_limit","ray_id":"a2e86345b8e57e3a","timestamp":"2026-08-21T08:50:01Z","zone":"api-t1.fyers.in","cloudflare_error":true,"retryable":true,"retry
[14:20:02]   NIFTYNXT50 chain unavailable [OPTIONS_CHAIN_ERROR]: FyersAPIError: Fyers HTTP 429 on https://api-t1.fyers.in/data/options-chain-v3?symbol=NSE%3ANIFTYNXT50-INDEX&strikecount=30: {"type":"https://developers.cloudflare.com/support/troubleshooting/http-status-codes/cloudflare-1xxx-errors/error-1015/","title":"Error 1015: You are being rate limited","status":429,"detail":"You are being rate-limited by the website owner's configuration.","instance":"a2e86346b870deba","error_code":1015,"error_name":"rate_limited","error_category":"rate_limit","ray_id":"a2e86346b870deba","timestamp":"2026-08-21T08:50:01Z","zone":"api-t1.fyers.in","cloudflare_error":true,"retryable":true,"retry
[14:20:07]   BEL chain unavailable [OPTIONS_CHAIN_ERROR]: FyersAPIError: Fyers HTTP 429 on https://api-t1.fyers.in/data/options-chain-v3?symbol=NSE%3ABEL-EQ&strikecount=30: {"type":"https://developers.cloudflare.com/support/troubleshooting/http-status-codes/cloudflare-1xxx-errors/error-1015/","title":"Error 1015: You are being rate limited","status":429,"detail":"You are being rate-limited by the website owner's configuration.","instance":"a2e86367cce6066f","error_code":1015,"error_name":"rate_limited","error_category":"rate_limit","ray_id":"a2e86367cce6066f","timestamp":"2026-08-21T08:50:06Z","zone":"api-t1.fyers.in","cloudflare_error":true,"retryable":true,"retry
[14:20:10]   ICICIBANK NSE:ICICIBANK26AUG1410CE depth unavailable: FyersAPIError: Fyers HTTP 429 on https://api-t1.fyers.in/data/depth?symbol=NSE%3AICICIBANK26AUG1410CE&ohlcv_flag=1: {"type":"https://developers.cloudflare.com/support/troubleshooting/http-status-
[14:20:17]   INDIGO NSE:INDIGO26AUG5200PE depth unavailable: FyersAPIError: Fyers HTTP 429 on https://api-t1.fyers.in/data/depth?symbol=NSE%3AINDIGO26AUG5200PE&ohlcv_flag=1: {"type":"https://developers.cloudflare.com/support/troubleshooting/http-status-cod
[14:20:17]   SBILIFE chain unavailable [OPTIONS_CHAIN_ERROR]: FyersAPIError: Fyers HTTP 429 on https://api-t1.fyers.in/data/options-chain-v3?symbol=NSE%3ASBILIFE-EQ&strikecount=30: {"type":"https://developers.cloudflare.com/support/troubleshooting/http-status-codes/cloudflare-1xxx-errors/error-1015/","title":"Error 1015: You are being rate limited","status":429,"detail":"You are being rate-limited by the website owner's configuration.","instance":"a2e863a23e886677","error_code":1015,"error_name":"rate_limited","error_category":"rate_limit","ray_id":"a2e863a23e886677","timestamp":"2026-08-21T08:50:16Z","zone":"api-t1.fyers.in","cloudflare_error":true,"retryable":true,"retry
[14:20:48]   NIFTYNXT50 NSE:NIFTYNXT5026AUG73800PE depth unavailable: ValueError: Fyers depth source timestamp invalid
[14:20:49]   NIFTYNXT50 NSE:NIFTYNXT5026AUG73900CE depth unavailable: ValueError: Fyers depth source timestamp invalid
[14:20:49]   NIFTYNXT50 NSE:NIFTYNXT5026AUG73900PE depth unavailable: ValueError: Fyers depth source timestamp invalid
[14:21:07]   NIFTY chain unavailable [OPTIONS_CHAIN_ERROR]: FyersAPIError: Fyers HTTP 429 on https://api-t1.fyers.in/data/options-chain-v3?symbol=NSE%3ANIFTY50-INDEX&strikecount=30: {"type":"https://developers.cloudflare.com/support/troubleshooting/http-status-codes/cloudflare-1xxx-errors/error-1015/","title":"Error 1015: You are being rate limited","status":429,"detail":"You are being rate-limited by the website owner's configuration.","instance":"a2e864d8ce6a47c8","error_code":1015,"error_name":"rate_limited","error_category":"rate_limit","ray_id":"a2e864d8ce6a47c8","timestamp":"2026-08-21T08:51:05Z","zone":"api-t1.fyers.in","cloudflare_error":true,"retryable":true,"retry
[14:21:07]   BANKNIFTY chain unavailable [OPTIONS_CHAIN_ERROR]: FyersAPIError: Fyers HTTP 429 on https://api-t1.fyers.in/data/options-chain-v3?symbol=NSE%3ANIFTYBANK-INDEX&strikecount=30: {"type":"https://developers.cloudflare.com/support/troubleshooting/http-status-codes/cloudflare-1xxx-errors/error-1015/","title":"Error 1015: You are being rate limited","status":429,"detail":"You are being rate-limited by the website owner's configuration.","instance":"a2e864da0d3f3a42","error_code":1015,"error_name":"rate_limited","error_category":"rate_limit","ray_id":"a2e864da0d3f3a42","timestamp":"2026-08-21T08:51:05Z","zone":"api-t1.fyers.in","cloudflare_error":true,"retryable":true,"retry
[14:21:07]   FINNIFTY chain unavailable [OPTIONS_CHAIN_ERROR]: FyersAPIError: Fyers HTTP 429 on https://api-t1.fyers.in/data/options-chain-v3?symbol=NSE%3AFINNIFTY-INDEX&strikecount=30: {"type":"https://developers.cloudflare.com/support/troubleshooting/http-status-codes/cloudflare-1xxx-errors/error-1015/","title":"Error 1015: You are being rate limited","status":429,"detail":"You are being rate-limited by the website owner's configuration.","instance":"a2e864db5cd5d109","error_code":1015,"error_name":"rate_limited","error_category":"rate_limit","ray_id":"a2e864db5cd5d109","timestamp":"2026-08-21T08:51:06Z","zone":"api-t1.fyers.in","cloudflare_error":true,"retryable":true,"retry
[14:21:07]   MIDCPNIFTY chain unavailable [OPTIONS_CHAIN_ERROR]: FyersAPIError: Fyers HTTP 429 on https://api-t1.fyers.in/data/options-chain-v3?symbol=NSE%3AMIDCPNIFTY-INDEX&strikecount=30: {"type":"https://developers.cloudflare.com/support/troubleshooting/http-status-codes/cloudflare-1xxx-errors/error-1015/","title":"Error 1015: You are being rate limited","status":429,"detail":"You are being rate-limited by the website owner's configuration.","instance":"a2e864dc4e11160c","error_code":1015,"error_name":"rate_limited","error_category":"rate_limit","ray_id":"a2e864dc4e11160c","timestamp":"2026-08-21T08:51:06Z","zone":"api-t1.fyers.in","cloudflare_error":true,"retryable":true,"retry
[14:21:07]   ADANIENT chain unavailable [OPTIONS_CHAIN_ERROR]: FyersAPIError: Fyers HTTP 429 on https://api-t1.fyers.in/data/options-chain-v3?symbol=NSE%3AADANIENT-EQ&strikecount=30: {"type":"https://developers.cloudflare.com/support/troubleshooting/http-status-codes/cloudflare-1xxx-errors/error-1015/","title":"Error 1015: You are being rate limited","status":429,"detail":"You are being rate-limited by the website owner's configuration.","instance":"a2e864dd6f80520a","error_code":1015,"error_name":"rate_limited","error_category":"rate_limit","ray_id":"a2e864dd6f80520a","timestamp":"2026-08-21T08:51:06Z","zone":"api-t1.fyers.in","cloudflare_error":true,"retryable":true,"retry
[14:21:23]   GRASIM NSE:GRASIM26AUG3300CE depth unavailable: FyersAPIError: Fyers HTTP 429 on https://api-t1.fyers.in/data/depth?symbol=NSE%3AGRASIM26AUG3300CE&ohlcv_flag=1: {"type":"https://developers.cloudflare.com/support/troubleshooting/http-status-cod
[14:21:30]   HDFCBANK NSE:HDFCBANK26AUG740PE depth unavailable: FyersAPIError: Fyers HTTP 429 on https://api-t1.fyers.in/data/depth?symbol=NSE%3AHDFCBANK26AUG740PE&ohlcv_flag=1: {"type":"https://developers.cloudflare.com/support/troubleshooting/http-status-co
[14:21:44]   BANKNIFTY chain unavailable [OPTIONS_CHAIN_ERROR]: FyersAPIError: Fyers HTTP 429 on https://api-t1.fyers.in/data/options-chain-v3?symbol=NSE%3ANIFTYBANK-INDEX&strikecount=30: {"type":"https://developers.cloudflare.com/support/troubleshooting/http-status-codes/cloudflare-1xxx-errors/error-1015/","title":"Error 1015: You are being rate limited","status":429,"detail":"You are being rate-limited by the website owner's configuration.","instance":"a2e865c03969efd8","error_code":1015,"error_name":"rate_limited","error_category":"rate_limit","ray_id":"a2e865c03969efd8","timestamp":"2026-08-21T08:51:42Z","zone":"api-t1.fyers.in","cloudflare_error":true,"retryable":true,"retry
[14:21:46]   FINNIFTY NSE:FINNIFTY26AUG26200CE depth unavailable: FyersAPIError: Fyers HTTP 429 on https://api-t1.fyers.in/data/depth?symbol=NSE%3AFINNIFTY26AUG26200CE&ohlcv_flag=1: {"type":"https://developers.cloudflare.com/support/troubleshooting/http-status-
[14:22:01]   BAJFINANCE NSE:BAJFINANCE26AUG1080PE depth unavailable: FyersAPIError: Fyers HTTP 429 on https://api-t1.fyers.in/data/depth?symbol=NSE%3ABAJFINANCE26AUG1080PE&ohlcv_flag=1: {"type":"https://developers.cloudflare.com/support/troubleshooting/http-status
[14:22:09]   ETERNAL NSE:ETERNAL26AUG325CE depth unavailable: FyersAPIError: Fyers HTTP 429 on https://api-t1.fyers.in/data/depth?symbol=NSE%3AETERNAL26AUG325CE&ohlcv_flag=1: {"type":"https://developers.cloudflare.com/support/troubleshooting/http-status-cod
[14:22:19]   HDFCBANK chain unavailable [OPTIONS_CHAIN_ERROR]: FyersAPIError: Fyers HTTP 429 on https://api-t1.fyers.in/data/options-chain-v3?symbol=NSE%3AHDFCBANK-EQ&strikecount=30: {"type":"https://developers.cloudflare.com/support/troubleshooting/http-status-codes/cloudflare-1xxx-errors/error-1015/","title":"Error 1015: You are being rate limited","status":429,"detail":"You are being rate-limited by the website owner's configuration.","instance":"a2e8669b9e84e8ad","error_code":1015,"error_name":"rate_limited","error_category":"rate_limit","ray_id":"a2e8669b9e84e8ad","timestamp":"2026-08-21T08:52:17Z","zone":"api-t1.fyers.in","cloudflare_error":true,"retryable":true,"retry
[14:22:32]   BANKNIFTY NSE:BANKNIFTY26AUG57700PE depth unavailable: FyersAPIError: Fyers HTTP 429 on https://api-t1.fyers.in/data/depth?symbol=NSE%3ABANKNIFTY26AUG57700PE&ohlcv_flag=1: {"type":"https://developers.cloudflare.com/support/troubleshooting/http-status
[14:22:38]   SUNPHARMA chain unavailable [OPTIONS_CHAIN_ERROR]: FyersAPIError: Fyers HTTP 429 on https://api-t1.fyers.in/data/options-chain-v3?symbol=NSE%3ASUNPHARMA-EQ&strikecount=30: {"type":"https://developers.cloudflare.com/support/troubleshooting/http-status-codes/cloudflare-1xxx-errors/error-1015/","title":"Error 1015: You are being rate limited","status":429,"detail":"You are being rate-limited by the website owner's configuration.","instance":"a2e86716fb9c3a16","error_code":1015,"error_name":"rate_limited","error_category":"rate_limit","ray_id":"a2e86716fb9c3a16","timestamp":"2026-08-21T08:52:37Z","zone":"api-t1.fyers.in","cloudflare_error":true,"retryable":true,"retry
[14:22:39]   WIPRO chain unavailable [OPTIONS_CHAIN_ERROR]: FyersAPIError: Fyers HTTP 429 on https://api-t1.fyers.in/data/options-chain-v3?symbol=NSE%3AWIPRO-EQ&strikecount=30: {"type":"https://developers.cloudflare.com/support/troubleshooting/http-status-codes/cloudflare-1xxx-errors/error-1015/","title":"Error 1015: You are being rate limited","status":429,"detail":"You are being rate-limited by the website owner's configuration.","instance":"a2e867182ef02c7b","error_code":1015,"error_name":"rate_limited","error_category":"rate_limit","ray_id":"a2e867182ef02c7b","timestamp":"2026-08-21T08:52:37Z","zone":"api-t1.fyers.in","cloudflare_error":true,"retryable":true,"retry
[14:22:39]   DRREDDY chain unavailable [OPTIONS_CHAIN_ERROR]: FyersAPIError: Fyers HTTP 429 on https://api-t1.fyers.in/data/options-chain-v3?symbol=NSE%3ADRREDDY-EQ&strikecount=30: {"type":"https://developers.cloudflare.com/support/troubleshooting/http-status-codes/cloudflare-1xxx-errors/error-1015/","title":"Error 1015: You are being rate limited","status":429,"detail":"You are being rate-limited by the website owner's configuration.","instance":"a2e867195ef680bc","error_code":1015,"error_name":"rate_limited","error_category":"rate_limit","ray_id":"a2e867195ef680bc","timestamp":"2026-08-21T08:52:37Z","zone":"api-t1.fyers.in","cloudflare_error":true,"retryable":true,"retry
[14:22:39]   INFY chain unavailable [OPTIONS_CHAIN_ERROR]: FyersAPIError: Fyers HTTP 429 on https://api-t1.fyers.in/data/options-chain-v3?symbol=NSE%3AINFY-EQ&strikecount=30: {"type":"https://developers.cloudflare.com/support/troubleshooting/http-status-codes/cloudflare-1xxx-errors/error-1015/","title":"Error 1015: You are being rate limited","status":429,"detail":"You are being rate-limited by the website owner's configuration.","instance":"a2e8671aaf3b46f0","error_code":1015,"error_name":"rate_limited","error_category":"rate_limit","ray_id":"a2e8671aaf3b46f0","timestamp":"2026-08-21T08:52:38Z","zone":"api-t1.fyers.in","cloudflare_error":true,"retryable":true,"retry
[14:22:47]   TATACONSUM NSE:TATACONSUM26AUG1050CE depth unavailable: FyersAPIError: Fyers HTTP 429 on https://api-t1.fyers.in/data/depth?symbol=NSE%3ATATACONSUM26AUG1050CE&ohlcv_flag=1: {"type":"https://developers.cloudflare.com/support/troubleshooting/http-status
[14:22:49]   TATACONSUM NSE:TATACONSUM26AUG1050PE depth unavailable: FyersAPIError: Fyers HTTP 429 on https://api-t1.fyers.in/data/depth?symbol=NSE%3ATATACONSUM26AUG1050PE&ohlcv_flag=1: {"type":"https://developers.cloudflare.com/support/troubleshooting/http-status
[14:23:20]   WIPRO NSE:WIPRO26AUG182.5CE depth unavailable: FyersAPIError: Fyers HTTP 429 on https://api-t1.fyers.in/data/depth?symbol=NSE%3AWIPRO26AUG182.5CE&ohlcv_flag=1: {"type":"https://developers.cloudflare.com/support/troubleshooting/http-status-cod
[14:23:21]   DRREDDY chain unavailable [OPTIONS_CHAIN_ERROR]: FyersAPIError: Fyers HTTP 429 on https://api-t1.fyers.in/data/options-chain-v3?symbol=NSE%3ADRREDDY-EQ&strikecount=30: {"type":"https://developers.cloudflare.com/support/troubleshooting/http-status-codes/cloudflare-1xxx-errors/error-1015/","title":"Error 1015: You are being rate limited","status":429,"detail":"You are being rate-limited by the website owner's configuration.","instance":"a2e868204b433b15","error_code":1015,"error_name":"rate_limited","error_category":"rate_limit","ray_id":"a2e868204b433b15","timestamp":"2026-08-21T08:53:20Z","zone":"api-t1.fyers.in","cloudflare_error":true,"retryable":true,"retry
[14:23:21]   INFY chain unavailable [OPTIONS_CHAIN_ERROR]: FyersAPIError: Fyers HTTP 429 on https://api-t1.fyers.in/data/options-chain-v3?symbol=NSE%3AINFY-EQ&strikecount=30: {"type":"https://developers.cloudflare.com/support/troubleshooting/http-status-codes/cloudflare-1xxx-errors/error-1015/","title":"Error 1015: You are being rate limited","status":429,"detail":"You are being rate-limited by the website owner's configuration.","instance":"a2e868217eceff9f","error_code":1015,"error_name":"rate_limited","error_category":"rate_limit","ray_id":"a2e868217eceff9f","timestamp":"2026-08-21T08:53:20Z","zone":"api-t1.fyers.in","cloudflare_error":true,"retryable":true,"retry
[14:23:21]   MAXHEALTH chain unavailable [OPTIONS_CHAIN_ERROR]: FyersAPIError: Fyers HTTP 429 on https://api-t1.fyers.in/data/options-chain-v3?symbol=NSE%3AMAXHEALTH-EQ&strikecount=30: {"type":"https://developers.cloudflare.com/support/troubleshooting/http-status-codes/cloudflare-1xxx-errors/error-1015/","title":"Error 1015: You are being rate limited","status":429,"detail":"You are being rate-limited by the website owner's configuration.","instance":"a2e86822aeee7adf","error_code":1015,"error_name":"rate_limited","error_category":"rate_limit","ray_id":"a2e86822aeee7adf","timestamp":"2026-08-21T08:53:20Z","zone":"api-t1.fyers.in","cloudflare_error":true,"retryable":true,"retry
[14:23:21]   NTPC chain unavailable [OPTIONS_CHAIN_ERROR]: FyersAPIError: Fyers HTTP 429 on https://api-t1.fyers.in/data/options-chain-v3?symbol=NSE%3ANTPC-EQ&strikecount=30: {"type":"https://developers.cloudflare.com/support/troubleshooting/http-status-codes/cloudflare-1xxx-errors/error-1015/","title":"Error 1015: You are being rate limited","status":429,"detail":"You are being rate-limited by the website owner's configuration.","instance":"a2e86823b9b0d20d","error_code":1015,"error_name":"rate_limited","error_category":"rate_limit","ray_id":"a2e86823b9b0d20d","timestamp":"2026-08-21T08:53:20Z","zone":"api-t1.fyers.in","cloudflare_error":true,"retryable":true,"retry
[14:23:22]   TATACONSUM chain unavailable [OPTIONS_CHAIN_ERROR]: FyersAPIError: Fyers HTTP 429 on https://api-t1.fyers.in/data/options-chain-v3?symbol=NSE%3ATATACONSUM-EQ&strikecount=30: {"type":"https://developers.cloudflare.com/support/troubleshooting/http-status-codes/cloudflare-1xxx-errors/error-1015/","title":"Error 1015: You are being rate limited","status":429,"detail":"You are being rate-limited by the website owner's configuration.","instance":"a2e86824fd7f94dd","error_code":1015,"error_name":"rate_limited","error_category":"rate_limit","ray_id":"a2e86824fd7f94dd","timestamp":"2026-08-21T08:53:20Z","zone":"api-t1.fyers.in","cloudflare_error":true,"retryable":true,"retry
[14:23:49]   NIFTY NSE:NIFTY26AUG24200CE depth unavailable: RemoteDisconnected: Remote end closed connection without response
[14:28:09]   NIFTY NSE:NIFTY26AUG24250PE depth unavailable: RemoteDisconnected: Remote end closed connection without response
[14:28:32]   FINNIFTY NSE:FINNIFTY26AUG26250PE depth unavailable: FyersAPIError: Fyers URL error on https://api-t1.fyers.in/data/depth?symbol=NSE%3AFINNIFTY26AUG26250PE&ohlcv_flag=1: <urlopen error [WinError 10054] An existing connection was forcibly closed by 
[14:29:00]   NIFTYNXT50 NSE:NIFTYNXT5026AUG73800PE depth unavailable: ValueError: Fyers depth source timestamp invalid
[14:29:00]   NIFTYNXT50 NSE:NIFTYNXT5026AUG73900CE depth unavailable: ValueError: Fyers depth source timestamp invalid
[14:29:00]   NIFTYNXT50 NSE:NIFTYNXT5026AUG73900PE depth unavailable: ValueError: Fyers depth source timestamp invalid
[14:30:46]   BAJFINANCE NSE:BAJFINANCE26AUG1100PE depth unavailable: FyersAPIError: Fyers HTTP 429 on https://api-t1.fyers.in/data/depth?symbol=NSE%3ABAJFINANCE26AUG1100PE&ohlcv_flag=1: {"type":"https://developers.cloudflare.com/support/troubleshooting/http-status
[14:30:59]   BANKNIFTY chain unavailable [OPTIONS_CHAIN_ERROR]: FyersAPIError: Fyers HTTP 429 on https://api-t1.fyers.in/data/options-chain-v3?symbol=NSE%3ANIFTYBANK-INDEX&strikecount=30: {"type":"https://developers.cloudflare.com/support/troubleshooting/http-status-codes/cloudflare-1xxx-errors/error-1015/","title":"Error 1015: You are being rate limited","status":429,"detail":"You are being rate-limited by the website owner's configuration.","instance":"a2e873519ddcdb81","error_code":1015,"error_name":"rate_limited","error_category":"rate_limit","ray_id":"a2e873519ddcdb81","timestamp":"2026-08-21T09:00:58Z","zone":"api-t1.fyers.in","cloudflare_error":true,"retryable":true,"retry
[14:31:00]   FINNIFTY chain unavailable [OPTIONS_CHAIN_ERROR]: FyersAPIError: Fyers HTTP 429 on https://api-t1.fyers.in/data/options-chain-v3?symbol=NSE%3AFINNIFTY-INDEX&strikecount=30: {"type":"https://developers.cloudflare.com/support/troubleshooting/http-status-codes/cloudflare-1xxx-errors/error-1015/","title":"Error 1015: You are being rate limited","status":429,"detail":"You are being rate-limited by the website owner's configuration.","instance":"a2e873530e37c29a","error_code":1015,"error_name":"rate_limited","error_category":"rate_limit","ray_id":"a2e873530e37c29a","timestamp":"2026-08-21T09:00:58Z","zone":"api-t1.fyers.in","cloudflare_error":true,"retryable":true,"retry
[14:31:00]   MIDCPNIFTY chain unavailable [OPTIONS_CHAIN_ERROR]: FyersAPIError: Fyers HTTP 429 on https://api-t1.fyers.in/data/options-chain-v3?symbol=NSE%3AMIDCPNIFTY-INDEX&strikecount=30: {"type":"https://developers.cloudflare.com/support/troubleshooting/http-status-codes/cloudflare-1xxx-errors/error-1015/","title":"Error 1015: You are being rate limited","status":429,"detail":"You are being rate-limited by the website owner's configuration.","instance":"a2e873544822442d","error_code":1015,"error_name":"rate_limited","error_category":"rate_limit","ray_id":"a2e873544822442d","timestamp":"2026-08-21T09:00:58Z","zone":"api-t1.fyers.in","cloudflare_error":true,"retryable":true,"retry
[14:31:31]   NIFTY NSE:NIFTY26AUG24250PE depth unavailable: FyersAPIError: Fyers HTTP 429 on https://api-t1.fyers.in/data/depth?symbol=NSE%3ANIFTY26AUG24250PE&ohlcv_flag=1: {"type":"https://developers.cloudflare.com/support/troubleshooting/http-status-cod
[14:31:37]   MIDCPNIFTY chain unavailable [OPTIONS_CHAIN_ERROR]: FyersAPIError: Fyers HTTP 429 on https://api-t1.fyers.in/data/options-chain-v3?symbol=NSE%3AMIDCPNIFTY-INDEX&strikecount=30: {"type":"https://developers.cloudflare.com/support/troubleshooting/http-status-codes/cloudflare-1xxx-errors/error-1015/","title":"Error 1015: You are being rate limited","status":429,"detail":"You are being rate-limited by the website owner's configuration.","instance":"a2e8743d39a36677","error_code":1015,"error_name":"rate_limited","error_category":"rate_limit","ray_id":"a2e8743d39a36677","timestamp":"2026-08-21T09:01:36Z","zone":"api-t1.fyers.in","cloudflare_error":true,"retryable":true,"retry
[14:31:37]   ETERNAL chain unavailable [OPTIONS_CHAIN_ERROR]: FyersAPIError: Fyers HTTP 429 on https://api-t1.fyers.in/data/options-chain-v3?symbol=NSE%3AETERNAL-EQ&strikecount=30: {"type":"https://developers.cloudflare.com/support/troubleshooting/http-status-codes/cloudflare-1xxx-errors/error-1015/","title":"Error 1015: You are being rate limited","status":429,"detail":"You are being rate-limited by the website owner's configuration.","instance":"a2e8743e4e39fdd4","error_code":1015,"error_name":"rate_limited","error_category":"rate_limit","ray_id":"a2e8743e4e39fdd4","timestamp":"2026-08-21T09:01:36Z","zone":"api-t1.fyers.in","cloudflare_error":true,"retryable":true,"retry
[14:31:37]   GRASIM chain unavailable [OPTIONS_CHAIN_ERROR]: FyersAPIError: Fyers HTTP 429 on https://api-t1.fyers.in/data/options-chain-v3?symbol=NSE%3AGRASIM-EQ&strikecount=30: {"type":"https://developers.cloudflare.com/support/troubleshooting/http-status-codes/cloudflare-1xxx-errors/error-1015/","title":"Error 1015: You are being rate limited","status":429,"detail":"You are being rate-limited by the website owner's configuration.","instance":"a2e8744008885539","error_code":1015,"error_name":"rate_limited","error_category":"rate_limit","ray_id":"a2e8744008885539","timestamp":"2026-08-21T09:01:36Z","zone":"api-t1.fyers.in","cloudflare_error":true,"retryable":true,"retry
[14:31:38]   HCLTECH chain unavailable [OPTIONS_CHAIN_ERROR]: FyersAPIError: Fyers HTTP 429 on https://api-t1.fyers.in/data/options-chain-v3?symbol=NSE%3AHCLTECH-EQ&strikecount=30: {"type":"https://developers.cloudflare.com/support/troubleshooting/http-status-codes/cloudflare-1xxx-errors/error-1015/","title":"Error 1015: You are being rate limited","status":429,"detail":"You are being rate-limited by the website owner's configuration.","instance":"a2e874420d598934","error_code":1015,"error_name":"rate_limited","error_category":"rate_limit","ray_id":"a2e874420d598934","timestamp":"2026-08-21T09:01:36Z","zone":"api-t1.fyers.in","cloudflare_error":true,"retryable":true,"retry
[14:31:38]   HINDUNILVR chain unavailable [OPTIONS_CHAIN_ERROR]: FyersAPIError: Fyers HTTP 429 on https://api-t1.fyers.in/data/options-chain-v3?symbol=NSE%3AHINDUNILVR-EQ&strikecount=30: {"type":"https://developers.cloudflare.com/support/troubleshooting/http-status-codes/cloudflare-1xxx-errors/error-1015/","title":"Error 1015: You are being rate limited","status":429,"detail":"You are being rate-limited by the website owner's configuration.","instance":"a2e87445dc651211","error_code":1015,"error_name":"rate_limited","error_category":"rate_limit","ray_id":"a2e87445dc651211","timestamp":"2026-08-21T09:01:37Z","zone":"api-t1.fyers.in","cloudflare_error":true,"retryable":true,"retry
[14:31:53]   BANKNIFTY chain unavailable [OPTIONS_CHAIN_ERROR]: FyersAPIError: Fyers HTTP 429 on https://api-t1.fyers.in/data/options-chain-v3?symbol=NSE%3ANIFTYBANK-INDEX&strikecount=30: {"type":"https://developers.cloudflare.com/support/troubleshooting/http-status-codes/cloudflare-1xxx-errors/error-1015/","title":"Error 1015: You are being rate limited","status":429,"detail":"You are being rate-limited by the website owner's configuration.","instance":"a2e874a32a2b9e1b","error_code":1015,"error_name":"rate_limited","error_category":"rate_limit","ray_id":"a2e874a32a2b9e1b","timestamp":"2026-08-21T09:01:52Z","zone":"api-t1.fyers.in","cloudflare_error":true,"retryable":true,"retry
[14:31:53]   FINNIFTY chain unavailable [OPTIONS_CHAIN_ERROR]: FyersAPIError: Fyers HTTP 429 on https://api-t1.fyers.in/data/options-chain-v3?symbol=NSE%3AFINNIFTY-INDEX&strikecount=30: {"type":"https://developers.cloudflare.com/support/troubleshooting/http-status-codes/cloudflare-1xxx-errors/error-1015/","title":"Error 1015: You are being rate limited","status":429,"detail":"You are being rate-limited by the website owner's configuration.","instance":"a2e874a44af53ab3","error_code":1015,"error_name":"rate_limited","error_category":"rate_limit","ray_id":"a2e874a44af53ab3","timestamp":"2026-08-21T09:01:52Z","zone":"api-t1.fyers.in","cloudflare_error":true,"retryable":true,"retry
[14:31:54]   MIDCPNIFTY chain unavailable [OPTIONS_CHAIN_ERROR]: FyersAPIError: Fyers HTTP 429 on https://api-t1.fyers.in/data/options-chain-v3?symbol=NSE%3AMIDCPNIFTY-INDEX&strikecount=30: {"type":"https://developers.cloudflare.com/support/troubleshooting/http-status-codes/cloudflare-1xxx-errors/error-1015/","title":"Error 1015: You are being rate limited","status":429,"detail":"You are being rate-limited by the website owner's configuration.","instance":"a2e874a5bd68d85a","error_code":1015,"error_name":"rate_limited","error_category":"rate_limit","ray_id":"a2e874a5bd68d85a","timestamp":"2026-08-21T09:01:52Z","zone":"api-t1.fyers.in","cloudflare_error":true,"retryable":true,"retry
[14:31:54]   ETERNAL chain unavailable [OPTIONS_CHAIN_ERROR]: FyersAPIError: Fyers HTTP 429 on https://api-t1.fyers.in/data/options-chain-v3?symbol=NSE%3AETERNAL-EQ&strikecount=30: {"type":"https://developers.cloudflare.com/support/troubleshooting/http-status-codes/cloudflare-1xxx-errors/error-1015/","title":"Error 1015: You are being rate limited","status":429,"detail":"You are being rate-limited by the website owner's configuration.","instance":"a2e874a68d1b3d6c","error_code":1015,"error_name":"rate_limited","error_category":"rate_limit","ray_id":"a2e874a68d1b3d6c","timestamp":"2026-08-21T09:01:53Z","zone":"api-t1.fyers.in","cloudflare_error":true,"retryable":true,"retry
[14:31:54]   GRASIM chain unavailable [OPTIONS_CHAIN_ERROR]: FyersAPIError: Fyers HTTP 429 on https://api-t1.fyers.in/data/options-chain-v3?symbol=NSE%3AGRASIM-EQ&strikecount=30: {"type":"https://developers.cloudflare.com/support/troubleshooting/http-status-codes/cloudflare-1xxx-errors/error-1015/","title":"Error 1015: You are being rate limited","status":429,"detail":"You are being rate-limited by the website owner's configuration.","instance":"a2e874a79aa8146a","error_code":1015,"error_name":"rate_limited","error_category":"rate_limit","ray_id":"a2e874a79aa8146a","timestamp":"2026-08-21T09:01:53Z","zone":"api-t1.fyers.in","cloudflare_error":true,"retryable":true,"retry
[14:31:54]   HCLTECH chain unavailable [OPTIONS_CHAIN_ERROR]: FyersAPIError: Fyers HTTP 429 on https://api-t1.fyers.in/data/options-chain-v3?symbol=NSE%3AHCLTECH-EQ&strikecount=30: {"type":"https://developers.cloudflare.com/support/troubleshooting/http-status-codes/cloudflare-1xxx-errors/error-1015/","title":"Error 1015: You are being rate limited","status":429,"detail":"You are being rate-limited by the website owner's configuration.","instance":"a2e874a8db48aa12","error_code":1015,"error_name":"rate_limited","error_category":"rate_limit","ray_id":"a2e874a8db48aa12","timestamp":"2026-08-21T09:01:53Z","zone":"api-t1.fyers.in","cloudflare_error":true,"retryable":true,"retry
[14:31:54]   HINDUNILVR chain unavailable [OPTIONS_CHAIN_ERROR]: FyersAPIError: Fyers HTTP 429 on https://api-t1.fyers.in/data/options-chain-v3?symbol=NSE%3AHINDUNILVR-EQ&strikecount=30: {"type":"https://developers.cloudflare.com/support/troubleshooting/http-status-codes/cloudflare-1xxx-errors/error-1015/","title":"Error 1015: You are being rate limited","status":429,"detail":"You are being rate-limited by the website owner's configuration.","instance":"a2e874a9d8caa6bb","error_code":1015,"error_name":"rate_limited","error_category":"rate_limit","ray_id":"a2e874a9d8caa6bb","timestamp":"2026-08-21T09:01:53Z","zone":"api-t1.fyers.in","cloudflare_error":true,"retryable":true,"retry
[14:31:55]   ITC chain unavailable [OPTIONS_CHAIN_ERROR]: FyersAPIError: Fyers HTTP 429 on https://api-t1.fyers.in/data/options-chain-v3?symbol=NSE%3AITC-EQ&strikecount=30: {"type":"https://developers.cloudflare.com/support/troubleshooting/http-status-codes/cloudflare-1xxx-errors/error-1015/","title":"Error 1015: You are being rate limited","status":429,"detail":"You are being rate-limited by the website owner's configuration.","instance":"a2e874aaec3e470e","error_code":1015,"error_name":"rate_limited","error_category":"rate_limit","ray_id":"a2e874aaec3e470e","timestamp":"2026-08-21T09:01:53Z","zone":"api-t1.fyers.in","cloudflare_error":true,"retryable":true,"retry
[14:31:55]   INFY chain unavailable [OPTIONS_CHAIN_ERROR]: FyersAPIError: Fyers HTTP 429 on https://api-t1.fyers.in/data/options-chain-v3?symbol=NSE%3AINFY-EQ&strikecount=30: {"type":"https://developers.cloudflare.com/support/troubleshooting/http-status-codes/cloudflare-1xxx-errors/error-1015/","title":"Error 1015: You are being rate limited","status":429,"detail":"You are being rate-limited by the website owner's configuration.","instance":"a2e874ac0c7dff61","error_code":1015,"error_name":"rate_limited","error_category":"rate_limit","ray_id":"a2e874ac0c7dff61","timestamp":"2026-08-21T09:01:53Z","zone":"api-t1.fyers.in","cloudflare_error":true,"retryable":true,"retry
[14:31:55]   JIOFIN chain unavailable [OPTIONS_CHAIN_ERROR]: FyersAPIError: Fyers HTTP 429 on https://api-t1.fyers.in/data/options-chain-v3?symbol=NSE%3AJIOFIN-EQ&strikecount=30: {"type":"https://developers.cloudflare.com/support/troubleshooting/http-status-codes/cloudflare-1xxx-errors/error-1015/","title":"Error 1015: You are being rate limited","status":429,"detail":"You are being rate-limited by the website owner's configuration.","instance":"a2e874acf996a55b","error_code":1015,"error_name":"rate_limited","error_category":"rate_limit","ray_id":"a2e874acf996a55b","timestamp":"2026-08-21T09:01:54Z","zone":"api-t1.fyers.in","cloudflare_error":true,"retryable":true,"retry
[14:31:55]   ONGC chain unavailable [OPTIONS_CHAIN_ERROR]: FyersAPIError: Fyers HTTP 429 on https://api-t1.fyers.in/data/options-chain-v3?symbol=NSE%3AONGC-EQ&strikecount=30: {"type":"https://developers.cloudflare.com/support/troubleshooting/http-status-codes/cloudflare-1xxx-errors/error-1015/","title":"Error 1015: You are being rate limited","status":429,"detail":"You are being rate-limited by the website owner's configuration.","instance":"a2e874adf800ff7a","error_code":1015,"error_name":"rate_limited","error_category":"rate_limit","ray_id":"a2e874adf800ff7a","timestamp":"2026-08-21T09:01:54Z","zone":"api-t1.fyers.in","cloudflare_error":true,"retryable":true,"retry
[14:32:01]   NIFTY chain unavailable [OPTIONS_CHAIN_ERROR]: FyersAPIError: Fyers HTTP 429 on https://api-t1.fyers.in/data/options-chain-v3?symbol=NSE%3ANIFTY50-INDEX&strikecount=30: {"type":"https://developers.cloudflare.com/support/troubleshooting/http-status-codes/cloudflare-1xxx-errors/error-1015/","title":"Error 1015: You are being rate limited","status":429,"detail":"You are being rate-limited by the website owner's configuration.","instance":"a2e874d11a2b861a","error_code":1015,"error_name":"rate_limited","error_category":"rate_limit","ray_id":"a2e874d11a2b861a","timestamp":"2026-08-21T09:01:59Z","zone":"api-t1.fyers.in","cloudflare_error":true,"retryable":true,"retry
[14:32:01]   BANKNIFTY chain unavailable [OPTIONS_CHAIN_ERROR]: FyersAPIError: Fyers HTTP 429 on https://api-t1.fyers.in/data/options-chain-v3?symbol=NSE%3ANIFTYBANK-INDEX&strikecount=30: {"type":"https://developers.cloudflare.com/support/troubleshooting/http-status-codes/cloudflare-1xxx-errors/error-1015/","title":"Error 1015: You are being rate limited","status":429,"detail":"You are being rate-limited by the website owner's configuration.","instance":"a2e874d30f701f8a","error_code":1015,"error_name":"rate_limited","error_category":"rate_limit","ray_id":"a2e874d30f701f8a","timestamp":"2026-08-21T09:02:00Z","zone":"api-t1.fyers.in","cloudflare_error":true,"retryable":true,"retry
[14:32:01]   FINNIFTY chain unavailable [OPTIONS_CHAIN_ERROR]: FyersAPIError: Fyers HTTP 429 on https://api-t1.fyers.in/data/options-chain-v3?symbol=NSE%3AFINNIFTY-INDEX&strikecount=30: {"type":"https://developers.cloudflare.com/support/troubleshooting/http-status-codes/cloudflare-1xxx-errors/error-1015/","title":"Error 1015: You are being rate limited","status":429,"detail":"You are being rate-limited by the website owner's configuration.","instance":"a2e874d699d08124","error_code":1015,"error_name":"rate_limited","error_category":"rate_limit","ray_id":"a2e874d699d08124","timestamp":"2026-08-21T09:02:00Z","zone":"api-t1.fyers.in","cloudflare_error":true,"retryable":true,"retry
[14:32:02]   MIDCPNIFTY chain unavailable [OPTIONS_CHAIN_ERROR]: FyersAPIError: Fyers HTTP 429 on https://api-t1.fyers.in/data/options-chain-v3?symbol=NSE%3AMIDCPNIFTY-INDEX&strikecount=30: {"type":"https://developers.cloudflare.com/support/troubleshooting/http-status-codes/cloudflare-1xxx-errors/error-1015/","title":"Error 1015: You are being rate limited","status":429,"detail":"You are being rate-limited by the website owner's configuration.","instance":"a2e874d7995e6ec4","error_code":1015,"error_name":"rate_limited","error_category":"rate_limit","ray_id":"a2e874d7995e6ec4","timestamp":"2026-08-21T09:02:00Z","zone":"api-t1.fyers.in","cloudflare_error":true,"retryable":true,"retry
[14:32:03]   POWERGRID chain unavailable [OPTIONS_CHAIN_ERROR]: FyersAPIError: Fyers HTTP 429 on https://api-t1.fyers.in/data/options-chain-v3?symbol=NSE%3APOWERGRID-EQ&strikecount=30: {"type":"https://developers.cloudflare.com/support/troubleshooting/http-status-codes/cloudflare-1xxx-errors/error-1015/","title":"Error 1015: You are being rate limited","status":429,"detail":"You are being rate-limited by the website owner's configuration.","instance":"a2e874dddaa816f6","error_code":1015,"error_name":"rate_limited","error_category":"rate_limit","ray_id":"a2e874dddaa816f6","timestamp":"2026-08-21T09:02:01Z","zone":"api-t1.fyers.in","cloudflare_error":true,"retryable":true,"retry
[14:32:52]   SUNPHARMA NSE:SUNPHARMA26AUG1900CE depth unavailable: FyersAPIError: Fyers HTTP 429 on https://api-t1.fyers.in/data/depth?symbol=NSE%3ASUNPHARMA26AUG1900CE&ohlcv_flag=1: {"type":"https://developers.cloudflare.com/support/troubleshooting/http-status-
[14:33:55]   FINNIFTY chain unavailable [OPTIONS_CHAIN_ERROR]: FyersAPIError: Fyers HTTP 429 on https://api-t1.fyers.in/data/options-chain-v3?symbol=NSE%3AFINNIFTY-INDEX&strikecount=30: {"type":"https://developers.cloudflare.com/support/troubleshooting/http-status-codes/cloudflare-1xxx-errors/error-1015/","title":"Error 1015: You are being rate limited","status":429,"detail":"You are being rate-limited by the website owner's configuration.","instance":"a2e8779d984fd896","error_code":1015,"error_name":"rate_limited","error_category":"rate_limit","ray_id":"a2e8779d984fd896","timestamp":"2026-08-21T09:03:54Z","zone":"api-t1.fyers.in","cloudflare_error":true,"retryable":true,"retry
[14:33:55]   MIDCPNIFTY chain unavailable [OPTIONS_CHAIN_ERROR]: FyersAPIError: Fyers HTTP 429 on https://api-t1.fyers.in/data/options-chain-v3?symbol=NSE%3AMIDCPNIFTY-INDEX&strikecount=30: {"type":"https://developers.cloudflare.com/support/troubleshooting/http-status-codes/cloudflare-1xxx-errors/error-1015/","title":"Error 1015: You are being rate limited","status":429,"detail":"You are being rate-limited by the website owner's configuration.","instance":"a2e8779ef810b081","error_code":1015,"error_name":"rate_limited","error_category":"rate_limit","ray_id":"a2e8779ef810b081","timestamp":"2026-08-21T09:03:54Z","zone":"api-t1.fyers.in","cloudflare_error":true,"retryable":true,"retry
[14:33:56]   TATASTEEL chain unavailable [OPTIONS_CHAIN_ERROR]: FyersAPIError: Fyers HTTP 429 on https://api-t1.fyers.in/data/options-chain-v3?symbol=NSE%3ATATASTEEL-EQ&strikecount=30: {"type":"https://developers.cloudflare.com/support/troubleshooting/http-status-codes/cloudflare-1xxx-errors/error-1015/","title":"Error 1015: You are being rate limited","status":429,"detail":"You are being rate-limited by the website owner's configuration.","instance":"a2e877a02d68444e","error_code":1015,"error_name":"rate_limited","error_category":"rate_limit","ray_id":"a2e877a02d68444e","timestamp":"2026-08-21T09:03:54Z","zone":"api-t1.fyers.in","cloudflare_error":true,"retryable":true,"retry
[14:33:56]   TECHM chain unavailable [OPTIONS_CHAIN_ERROR]: FyersAPIError: Fyers HTTP 429 on https://api-t1.fyers.in/data/options-chain-v3?symbol=NSE%3ATECHM-EQ&strikecount=30: {"type":"https://developers.cloudflare.com/support/troubleshooting/http-status-codes/cloudflare-1xxx-errors/error-1015/","title":"Error 1015: You are being rate limited","status":429,"detail":"You are being rate-limited by the website owner's configuration.","instance":"a2e877a1b9183ee3","error_code":1015,"error_name":"rate_limited","error_category":"rate_limit","ray_id":"a2e877a1b9183ee3","timestamp":"2026-08-21T09:03:55Z","zone":"api-t1.fyers.in","cloudflare_error":true,"retryable":true,"retry
[14:33:56]   TRENT chain unavailable [OPTIONS_CHAIN_ERROR]: FyersAPIError: Fyers HTTP 429 on https://api-t1.fyers.in/data/options-chain-v3?symbol=NSE%3ATRENT-EQ&strikecount=30: {"type":"https://developers.cloudflare.com/support/troubleshooting/http-status-codes/cloudflare-1xxx-errors/error-1015/","title":"Error 1015: You are being rate limited","status":429,"detail":"You are being rate-limited by the website owner's configuration.","instance":"a2e877a2ce1f3b3f","error_code":1015,"error_name":"rate_limited","error_category":"rate_limit","ray_id":"a2e877a2ce1f3b3f","timestamp":"2026-08-21T09:03:55Z","zone":"api-t1.fyers.in","cloudflare_error":true,"retryable":true,"retry
[14:33:56]   SENSEX chain unavailable [OPTIONS_CHAIN_ERROR]: FyersAPIError: Fyers HTTP 429 on https://api-t1.fyers.in/data/options-chain-v3?symbol=BSE%3ASENSEX-INDEX&strikecount=30: {"type":"https://developers.cloudflare.com/support/troubleshooting/http-status-codes/cloudflare-1xxx-errors/error-1015/","title":"Error 1015: You are being rate limited","status":429,"detail":"You are being rate-limited by the website owner's configuration.","instance":"a2e877a3fecaffc8","error_code":1015,"error_name":"rate_limited","error_category":"rate_limit","ray_id":"a2e877a3fecaffc8","timestamp":"2026-08-21T09:03:55Z","zone":"api-t1.fyers.in","cloudflare_error":true,"retryable":true,"retry
[14:33:56]   BHARTIARTL chain unavailable [OPTIONS_CHAIN_ERROR]: FyersAPIError: Fyers HTTP 429 on https://api-t1.fyers.in/data/options-chain-v3?symbol=NSE%3ABHARTIARTL-EQ&strikecount=30: {"type":"https://developers.cloudflare.com/support/troubleshooting/http-status-codes/cloudflare-1xxx-errors/error-1015/","title":"Error 1015: You are being rate limited","status":429,"detail":"You are being rate-limited by the website owner's configuration.","instance":"a2e877a4f9c90029","error_code":1015,"error_name":"rate_limited","error_category":"rate_limit","ray_id":"a2e877a4f9c90029","timestamp":"2026-08-21T09:03:55Z","zone":"api-t1.fyers.in","cloudflare_error":true,"retryable":true,"retry
[14:33:57]   CIPLA chain unavailable [OPTIONS_CHAIN_ERROR]: FyersAPIError: Fyers HTTP 429 on https://api-t1.fyers.in/data/options-chain-v3?symbol=NSE%3ACIPLA-EQ&strikecount=30: {"type":"https://developers.cloudflare.com/support/troubleshooting/http-status-codes/cloudflare-1xxx-errors/error-1015/","title":"Error 1015: You are being rate limited","status":429,"detail":"You are being rate-limited by the website owner's configuration.","instance":"a2e877a5ed000e6e","error_code":1015,"error_name":"rate_limited","error_category":"rate_limit","ray_id":"a2e877a5ed000e6e","timestamp":"2026-08-21T09:03:55Z","zone":"api-t1.fyers.in","cloudflare_error":true,"retryable":true,"retry
[14:33:57]   COALINDIA chain unavailable [OPTIONS_CHAIN_ERROR]: FyersAPIError: Fyers HTTP 429 on https://api-t1.fyers.in/data/options-chain-v3?symbol=NSE%3ACOALINDIA-EQ&strikecount=30: {"type":"https://developers.cloudflare.com/support/troubleshooting/http-status-codes/cloudflare-1xxx-errors/error-1015/","title":"Error 1015: You are being rate limited","status":429,"detail":"You are being rate-limited by the website owner's configuration.","instance":"a2e877a6f81d4928","error_code":1015,"error_name":"rate_limited","error_category":"rate_limit","ray_id":"a2e877a6f81d4928","timestamp":"2026-08-21T09:03:56Z","zone":"api-t1.fyers.in","cloudflare_error":true,"retryable":true,"retry
[14:33:57]   INDIGO chain unavailable [OPTIONS_CHAIN_ERROR]: FyersAPIError: Fyers HTTP 429 on https://api-t1.fyers.in/data/options-chain-v3?symbol=NSE%3AINDIGO-EQ&strikecount=30: {"type":"https://developers.cloudflare.com/support/troubleshooting/http-status-codes/cloudflare-1xxx-errors/error-1015/","title":"Error 1015: You are being rate limited","status":429,"detail":"You are being rate-limited by the website owner's configuration.","instance":"a2e877a86efa4016","error_code":1015,"error_name":"rate_limited","error_category":"rate_limit","ray_id":"a2e877a86efa4016","timestamp":"2026-08-21T09:03:56Z","zone":"api-t1.fyers.in","cloudflare_error":true,"retryable":true,"retry
[14:34:03]   NIFTY chain unavailable [OPTIONS_CHAIN_ERROR]: FyersAPIError: Fyers HTTP 429 on https://api-t1.fyers.in/data/options-chain-v3?symbol=NSE%3ANIFTY50-INDEX&strikecount=30: {"type":"https://developers.cloudflare.com/support/troubleshooting/http-status-codes/cloudflare-1xxx-errors/error-1015/","title":"Error 1015: You are being rate limited","status":429,"detail":"You are being rate-limited by the website owner's configuration.","instance":"a2e877cb5c2890f3","error_code":1015,"error_name":"rate_limited","error_category":"rate_limit","ray_id":"a2e877cb5c2890f3","timestamp":"2026-08-21T09:04:01Z","zone":"api-t1.fyers.in","cloudflare_error":true,"retryable":true,"retry
[14:34:03]   BANKNIFTY chain unavailable [OPTIONS_CHAIN_ERROR]: FyersAPIError: Fyers HTTP 429 on https://api-t1.fyers.in/data/options-chain-v3?symbol=NSE%3ANIFTYBANK-INDEX&strikecount=30: {"type":"https://developers.cloudflare.com/support/troubleshooting/http-status-codes/cloudflare-1xxx-errors/error-1015/","title":"Error 1015: You are being rate limited","status":429,"detail":"You are being rate-limited by the website owner's configuration.","instance":"a2e877cc69cd1340","error_code":1015,"error_name":"rate_limited","error_category":"rate_limit","ray_id":"a2e877cc69cd1340","timestamp":"2026-08-21T09:04:01Z","zone":"api-t1.fyers.in","cloudflare_error":true,"retryable":true,"retry
[14:34:03]   FINNIFTY chain unavailable [OPTIONS_CHAIN_ERROR]: FyersAPIError: Fyers HTTP 429 on https://api-t1.fyers.in/data/options-chain-v3?symbol=NSE%3AFINNIFTY-INDEX&strikecount=30: {"type":"https://developers.cloudflare.com/support/troubleshooting/http-status-codes/cloudflare-1xxx-errors/error-1015/","title":"Error 1015: You are being rate limited","status":429,"detail":"You are being rate-limited by the website owner's configuration.","instance":"a2e877cd9e307766","error_code":1015,"error_name":"rate_limited","error_category":"rate_limit","ray_id":"a2e877cd9e307766","timestamp":"2026-08-21T09:04:02Z","zone":"api-t1.fyers.in","cloudflare_error":true,"retryable":true,"retry
[14:34:03]   MIDCPNIFTY chain unavailable [OPTIONS_CHAIN_ERROR]: FyersAPIError: Fyers HTTP 429 on https://api-t1.fyers.in/data/options-chain-v3?symbol=NSE%3AMIDCPNIFTY-INDEX&strikecount=30: {"type":"https://developers.cloudflare.com/support/troubleshooting/http-status-codes/cloudflare-1xxx-errors/error-1015/","title":"Error 1015: You are being rate limited","status":429,"detail":"You are being rate-limited by the website owner's configuration.","instance":"a2e877ce7af36ee3","error_code":1015,"error_name":"rate_limited","error_category":"rate_limit","ray_id":"a2e877ce7af36ee3","timestamp":"2026-08-21T09:04:02Z","zone":"api-t1.fyers.in","cloudflare_error":true,"retryable":true,"retry
[14:34:03]   TATASTEEL chain unavailable [OPTIONS_CHAIN_ERROR]: FyersAPIError: Fyers HTTP 429 on https://api-t1.fyers.in/data/options-chain-v3?symbol=NSE%3ATATASTEEL-EQ&strikecount=30: {"type":"https://developers.cloudflare.com/support/troubleshooting/http-status-codes/cloudflare-1xxx-errors/error-1015/","title":"Error 1015: You are being rate limited","status":429,"detail":"You are being rate-limited by the website owner's configuration.","instance":"a2e877cf6e4affa6","error_code":1015,"error_name":"rate_limited","error_category":"rate_limit","ray_id":"a2e877cf6e4affa6","timestamp":"2026-08-21T09:04:02Z","zone":"api-t1.fyers.in","cloudflare_error":true,"retryable":true,"retry
[14:34:03]   TECHM chain unavailable [OPTIONS_CHAIN_ERROR]: FyersAPIError: Fyers HTTP 429 on https://api-t1.fyers.in/data/options-chain-v3?symbol=NSE%3ATECHM-EQ&strikecount=30: {"type":"https://developers.cloudflare.com/support/troubleshooting/http-status-codes/cloudflare-1xxx-errors/error-1015/","title":"Error 1015: You are being rate limited","status":429,"detail":"You are being rate-limited by the website owner's configuration.","instance":"a2e877d0685985e8","error_code":1015,"error_name":"rate_limited","error_category":"rate_limit","ray_id":"a2e877d0685985e8","timestamp":"2026-08-21T09:04:02Z","zone":"api-t1.fyers.in","cloudflare_error":true,"retryable":true,"retry
[14:34:04]   TRENT chain unavailable [OPTIONS_CHAIN_ERROR]: FyersAPIError: Fyers HTTP 429 on https://api-t1.fyers.in/data/options-chain-v3?symbol=NSE%3ATRENT-EQ&strikecount=30: {"type":"https://developers.cloudflare.com/support/troubleshooting/http-status-codes/cloudflare-1xxx-errors/error-1015/","title":"Error 1015: You are being rate limited","status":429,"detail":"You are being rate-limited by the website owner's configuration.","instance":"a2e877d159034856","error_code":1015,"error_name":"rate_limited","error_category":"rate_limit","ray_id":"a2e877d159034856","timestamp":"2026-08-21T09:04:02Z","zone":"api-t1.fyers.in","cloudflare_error":true,"retryable":true,"retry
[14:34:04]   SENSEX chain unavailable [OPTIONS_CHAIN_ERROR]: FyersAPIError: Fyers HTTP 429 on https://api-t1.fyers.in/data/options-chain-v3?symbol=BSE%3ASENSEX-INDEX&strikecount=30: {"type":"https://developers.cloudflare.com/support/troubleshooting/http-status-codes/cloudflare-1xxx-errors/error-1015/","title":"Error 1015: You are being rate limited","status":429,"detail":"You are being rate-limited by the website owner's configuration.","instance":"a2e877d24b4080c2","error_code":1015,"error_name":"rate_limited","error_category":"rate_limit","ray_id":"a2e877d24b4080c2","timestamp":"2026-08-21T09:04:02Z","zone":"api-t1.fyers.in","cloudflare_error":true,"retryable":true,"retry
[14:34:04]   BHARTIARTL chain unavailable [OPTIONS_CHAIN_ERROR]: FyersAPIError: Fyers HTTP 429 on https://api-t1.fyers.in/data/options-chain-v3?symbol=NSE%3ABHARTIARTL-EQ&strikecount=30: {"type":"https://developers.cloudflare.com/support/troubleshooting/http-status-codes/cloudflare-1xxx-errors/error-1015/","title":"Error 1015: You are being rate limited","status":429,"detail":"You are being rate-limited by the website owner's configuration.","instance":"a2e877d35fb73c64","error_code":1015,"error_name":"rate_limited","error_category":"rate_limit","ray_id":"a2e877d35fb73c64","timestamp":"2026-08-21T09:04:03Z","zone":"api-t1.fyers.in","cloudflare_error":true,"retryable":true,"retry
[14:34:04]   CIPLA chain unavailable [OPTIONS_CHAIN_ERROR]: FyersAPIError: Fyers HTTP 429 on https://api-t1.fyers.in/data/options-chain-v3?symbol=NSE%3ACIPLA-EQ&strikecount=30: {"type":"https://developers.cloudflare.com/support/troubleshooting/http-status-codes/cloudflare-1xxx-errors/error-1015/","title":"Error 1015: You are being rate limited","status":429,"detail":"You are being rate-limited by the website owner's configuration.","instance":"a2e877d46ad517d7","error_code":1015,"error_name":"rate_limited","error_category":"rate_limit","ray_id":"a2e877d46ad517d7","timestamp":"2026-08-21T09:04:03Z","zone":"api-t1.fyers.in","cloudflare_error":true,"retryable":true,"retry
[14:34:04]   COALINDIA chain unavailable [OPTIONS_CHAIN_ERROR]: FyersAPIError: Fyers HTTP 429 on https://api-t1.fyers.in/data/options-chain-v3?symbol=NSE%3ACOALINDIA-EQ&strikecount=30: {"type":"https://developers.cloudflare.com/support/troubleshooting/http-status-codes/cloudflare-1xxx-errors/error-1015/","title":"Error 1015: You are being rate limited","status":429,"detail":"You are being rate-limited by the website owner's configuration.","instance":"a2e877d5cae3cb6e","error_code":1015,"error_name":"rate_limited","error_category":"rate_limit","ray_id":"a2e877d5cae3cb6e","timestamp":"2026-08-21T09:04:03Z","zone":"api-t1.fyers.in","cloudflare_error":true,"retryable":true,"retry
[14:34:04]   INDIGO chain unavailable [OPTIONS_CHAIN_ERROR]: FyersAPIError: Fyers HTTP 429 on https://api-t1.fyers.in/data/options-chain-v3?symbol=NSE%3AINDIGO-EQ&strikecount=30: {"type":"https://developers.cloudflare.com/support/troubleshooting/http-status-codes/cloudflare-1xxx-errors/error-1015/","title":"Error 1015: You are being rate limited","status":429,"detail":"You are being rate-limited by the website owner's configuration.","instance":"a2e877d6c99440b7","error_code":1015,"error_name":"rate_limited","error_category":"rate_limit","ray_id":"a2e877d6c99440b7","timestamp":"2026-08-21T09:04:03Z","zone":"api-t1.fyers.in","cloudflare_error":true,"retryable":true,"retry
[14:34:04] Cycle error; new entries blocked for 30.0s: RuntimeError: No underlying chains fetched this cycle.
[14:34:12]   NIFTY NSE:NIFTY26AUG24200PE depth unavailable: FyersAPIError: Fyers HTTP 429 on https://api-t1.fyers.in/data/depth?symbol=NSE%3ANIFTY26AUG24200PE&ohlcv_flag=1: {"type":"https://developers.cloudflare.com/support/troubleshooting/http-status-cod
[14:34:17]   TATASTEEL chain unavailable [OPTIONS_CHAIN_ERROR]: FyersAPIError: Fyers HTTP 429 on https://api-t1.fyers.in/data/options-chain-v3?symbol=NSE%3ATATASTEEL-EQ&strikecount=30: {"type":"https://developers.cloudflare.com/support/troubleshooting/http-status-codes/cloudflare-1xxx-errors/error-1015/","title":"Error 1015: You are being rate limited","status":429,"detail":"You are being rate-limited by the website owner's configuration.","instance":"a2e87826fefbff74","error_code":1015,"error_name":"rate_limited","error_category":"rate_limit","ray_id":"a2e87826fefbff74","timestamp":"2026-08-21T09:04:16Z","zone":"api-t1.fyers.in","cloudflare_error":true,"retryable":true,"retry
[14:34:17]   TECHM chain unavailable [OPTIONS_CHAIN_ERROR]: FyersAPIError: Fyers HTTP 429 on https://api-t1.fyers.in/data/options-chain-v3?symbol=NSE%3ATECHM-EQ&strikecount=30: {"type":"https://developers.cloudflare.com/support/troubleshooting/http-status-codes/cloudflare-1xxx-errors/error-1015/","title":"Error 1015: You are being rate limited","status":429,"detail":"You are being rate-limited by the website owner's configuration.","instance":"a2e878282a64518f","error_code":1015,"error_name":"rate_limited","error_category":"rate_limit","ray_id":"a2e878282a64518f","timestamp":"2026-08-21T09:04:16Z","zone":"api-t1.fyers.in","cloudflare_error":true,"retryable":true,"retry
[14:34:18]   TRENT chain unavailable [OPTIONS_CHAIN_ERROR]: FyersAPIError: Fyers HTTP 429 on https://api-t1.fyers.in/data/options-chain-v3?symbol=NSE%3ATRENT-EQ&strikecount=30: {"type":"https://developers.cloudflare.com/support/troubleshooting/http-status-codes/cloudflare-1xxx-errors/error-1015/","title":"Error 1015: You are being rate limited","status":429,"detail":"You are being rate-limited by the website owner's configuration.","instance":"a2e878292b053b33","error_code":1015,"error_name":"rate_limited","error_category":"rate_limit","ray_id":"a2e878292b053b33","timestamp":"2026-08-21T09:04:16Z","zone":"api-t1.fyers.in","cloudflare_error":true,"retryable":true,"retry
[14:34:38]   MIDCPNIFTY chain unavailable [OPTIONS_CHAIN_ERROR]: FyersAPIError: Fyers HTTP 429 on https://api-t1.fyers.in/data/options-chain-v3?symbol=NSE%3AMIDCPNIFTY-INDEX&strikecount=30: {"type":"https://developers.cloudflare.com/support/troubleshooting/http-status-codes/cloudflare-1xxx-errors/error-1015/","title":"Error 1015: You are being rate limited","status":429,"detail":"You are being rate-limited by the website owner's configuration.","instance":"a2e878abda2a7adf","error_code":1015,"error_name":"rate_limited","error_category":"rate_limit","ray_id":"a2e878abda2a7adf","timestamp":"2026-08-21T09:04:37Z","zone":"api-t1.fyers.in","cloudflare_error":true,"retryable":true,"retry
[14:34:39]   ICICIBANK chain unavailable [OPTIONS_CHAIN_ERROR]: FyersAPIError: Fyers HTTP 429 on https://api-t1.fyers.in/data/options-chain-v3?symbol=NSE%3AICICIBANK-EQ&strikecount=30: {"type":"https://developers.cloudflare.com/support/troubleshooting/http-status-codes/cloudflare-1xxx-errors/error-1015/","title":"Error 1015: You are being rate limited","status":429,"detail":"You are being rate-limited by the website owner's configuration.","instance":"a2e878acdb8741d4","error_code":1015,"error_name":"rate_limited","error_category":"rate_limit","ray_id":"a2e878acdb8741d4","timestamp":"2026-08-21T09:04:37Z","zone":"api-t1.fyers.in","cloudflare_error":true,"retryable":true,"retry
[14:34:47]   TCS chain unavailable [OPTIONS_CHAIN_ERROR]: FyersAPIError: Fyers HTTP 429 on https://api-t1.fyers.in/data/options-chain-v3?symbol=NSE%3ATCS-EQ&strikecount=30: {"type":"https://developers.cloudflare.com/support/troubleshooting/http-status-codes/cloudflare-1xxx-errors/error-1015/","title":"Error 1015: You are being rate limited","status":429,"detail":"You are being rate-limited by the website owner's configuration.","instance":"a2e878de3e44f7fa","error_code":1015,"error_name":"rate_limited","error_category":"rate_limit","ray_id":"a2e878de3e44f7fa","timestamp":"2026-08-21T09:04:45Z","zone":"api-t1.fyers.in","cloudflare_error":true,"retryable":true,"retry
[14:34:47]   TMPV chain unavailable [OPTIONS_CHAIN_ERROR]: FyersAPIError: Fyers HTTP 429 on https://api-t1.fyers.in/data/options-chain-v3?symbol=NSE%3ATMPV-EQ&strikecount=30: {"type":"https://developers.cloudflare.com/support/troubleshooting/http-status-codes/cloudflare-1xxx-errors/error-1015/","title":"Error 1015: You are being rate limited","status":429,"detail":"You are being rate-limited by the website owner's configuration.","instance":"a2e878df6fa2892d","error_code":1015,"error_name":"rate_limited","error_category":"rate_limit","ray_id":"a2e878df6fa2892d","timestamp":"2026-08-21T09:04:45Z","zone":"api-t1.fyers.in","cloudflare_error":true,"retryable":true,"retry
[14:35:01]   FINNIFTY chain unavailable [OPTIONS_CHAIN_ERROR]: FyersAPIError: Fyers HTTP 429 on https://api-t1.fyers.in/data/options-chain-v3?symbol=NSE%3AFINNIFTY-INDEX&strikecount=30: {"type":"https://developers.cloudflare.com/support/troubleshooting/http-status-codes/cloudflare-1xxx-errors/error-1015/","title":"Error 1015: You are being rate limited","status":429,"detail":"You are being rate-limited by the website owner's configuration.","instance":"a2e87938d811d109","error_code":1015,"error_name":"rate_limited","error_category":"rate_limit","ray_id":"a2e87938d811d109","timestamp":"2026-08-21T09:05:00Z","zone":"api-t1.fyers.in","cloudflare_error":true,"retryable":true,"retry
[14:35:01]   MIDCPNIFTY chain unavailable [OPTIONS_CHAIN_ERROR]: FyersAPIError: Fyers HTTP 429 on https://api-t1.fyers.in/data/options-chain-v3?symbol=NSE%3AMIDCPNIFTY-INDEX&strikecount=30: {"type":"https://developers.cloudflare.com/support/troubleshooting/http-status-codes/cloudflare-1xxx-errors/error-1015/","title":"Error 1015: You are being rate limited","status":429,"detail":"You are being rate-limited by the website owner's configuration.","instance":"a2e87939ccf51da3","error_code":1015,"error_name":"rate_limited","error_category":"rate_limit","ray_id":"a2e87939ccf51da3","timestamp":"2026-08-21T09:05:00Z","zone":"api-t1.fyers.in","cloudflare_error":true,"retryable":true,"retry
[14:35:01]   ICICIBANK chain unavailable [OPTIONS_CHAIN_ERROR]: FyersAPIError: Fyers HTTP 429 on https://api-t1.fyers.in/data/options-chain-v3?symbol=NSE%3AICICIBANK-EQ&strikecount=30: {"type":"https://developers.cloudflare.com/support/troubleshooting/http-status-codes/cloudflare-1xxx-errors/error-1015/","title":"Error 1015: You are being rate limited","status":429,"detail":"You are being rate-limited by the website owner's configuration.","instance":"a2e8793abd2d427e","error_code":1015,"error_name":"rate_limited","error_category":"rate_limit","ray_id":"a2e8793abd2d427e","timestamp":"2026-08-21T09:05:00Z","zone":"api-t1.fyers.in","cloudflare_error":true,"retryable":true,"retry
[14:35:02]   JSWSTEEL chain unavailable [OPTIONS_CHAIN_ERROR]: FyersAPIError: Fyers HTTP 429 on https://api-t1.fyers.in/data/options-chain-v3?symbol=NSE%3AJSWSTEEL-EQ&strikecount=30: {"type":"https://developers.cloudflare.com/support/troubleshooting/http-status-codes/cloudflare-1xxx-errors/error-1015/","title":"Error 1015: You are being rate limited","status":429,"detail":"You are being rate-limited by the website owner's configuration.","instance":"a2e8793bd96b3b19","error_code":1015,"error_name":"rate_limited","error_category":"rate_limit","ray_id":"a2e8793bd96b3b19","timestamp":"2026-08-21T09:05:00Z","zone":"api-t1.fyers.in","cloudflare_error":true,"retryable":true,"retry
[14:35:02]   NESTLEIND chain unavailable [OPTIONS_CHAIN_ERROR]: FyersAPIError: Fyers HTTP 429 on https://api-t1.fyers.in/data/options-chain-v3?symbol=NSE%3ANESTLEIND-EQ&strikecount=30: {"type":"https://developers.cloudflare.com/support/troubleshooting/http-status-codes/cloudflare-1xxx-errors/error-1015/","title":"Error 1015: You are being rate limited","status":429,"detail":"You are being rate-limited by the website owner's configuration.","instance":"a2e8793d0a39482c","error_code":1015,"error_name":"rate_limited","error_category":"rate_limit","ray_id":"a2e8793d0a39482c","timestamp":"2026-08-21T09:05:00Z","zone":"api-t1.fyers.in","cloudflare_error":true,"retryable":true,"retry
[14:35:02]   SBILIFE chain unavailable [OPTIONS_CHAIN_ERROR]: FyersAPIError: Fyers HTTP 429 on https://api-t1.fyers.in/data/options-chain-v3?symbol=NSE%3ASBILIFE-EQ&strikecount=30: {"type":"https://developers.cloudflare.com/support/troubleshooting/http-status-codes/cloudflare-1xxx-errors/error-1015/","title":"Error 1015: You are being rate limited","status":429,"detail":"You are being rate-limited by the website owner's configuration.","instance":"a2e8793e5cbc3ee3","error_code":1015,"error_name":"rate_limited","error_category":"rate_limit","ray_id":"a2e8793e5cbc3ee3","timestamp":"2026-08-21T09:05:01Z","zone":"api-t1.fyers.in","cloudflare_error":true,"retryable":true,"retry
[14:35:02]   TCS chain unavailable [OPTIONS_CHAIN_ERROR]: FyersAPIError: Fyers HTTP 429 on https://api-t1.fyers.in/data/options-chain-v3?symbol=NSE%3ATCS-EQ&strikecount=30: {"type":"https://developers.cloudflare.com/support/troubleshooting/http-status-codes/cloudflare-1xxx-errors/error-1015/","title":"Error 1015: You are being rate limited","status":429,"detail":"You are being rate-limited by the website owner's configuration.","instance":"a2e8793f4b69ff75","error_code":1015,"error_name":"rate_limited","error_category":"rate_limit","ray_id":"a2e8793f4b69ff75","timestamp":"2026-08-21T09:05:01Z","zone":"api-t1.fyers.in","cloudflare_error":true,"retryable":true,"retry
[14:35:02]   TMPV chain unavailable [OPTIONS_CHAIN_ERROR]: FyersAPIError: Fyers HTTP 429 on https://api-t1.fyers.in/data/options-chain-v3?symbol=NSE%3ATMPV-EQ&strikecount=30: {"type":"https://developers.cloudflare.com/support/troubleshooting/http-status-codes/cloudflare-1xxx-errors/error-1015/","title":"Error 1015: You are being rate limited","status":429,"detail":"You are being rate-limited by the website owner's configuration.","instance":"a2e879405de4002d","error_code":1015,"error_name":"rate_limited","error_category":"rate_limit","ray_id":"a2e879405de4002d","timestamp":"2026-08-21T09:05:01Z","zone":"api-t1.fyers.in","cloudflare_error":true,"retryable":true,"retry
[14:35:02]   TITAN chain unavailable [OPTIONS_CHAIN_ERROR]: FyersAPIError: Fyers HTTP 429 on https://api-t1.fyers.in/data/options-chain-v3?symbol=NSE%3ATITAN-EQ&strikecount=30: {"type":"https://developers.cloudflare.com/support/troubleshooting/http-status-codes/cloudflare-1xxx-errors/error-1015/","title":"Error 1015: You are being rate limited","status":429,"detail":"You are being rate-limited by the website owner's configuration.","instance":"a2e879416d91ffa1","error_code":1015,"error_name":"rate_limited","error_category":"rate_limit","ray_id":"a2e879416d91ffa1","timestamp":"2026-08-21T09:05:01Z","zone":"api-t1.fyers.in","cloudflare_error":true,"retryable":true,"retry
[14:35:03]   ULTRACEMCO chain unavailable [OPTIONS_CHAIN_ERROR]: FyersAPIError: Fyers HTTP 429 on https://api-t1.fyers.in/data/options-chain-v3?symbol=NSE%3AULTRACEMCO-EQ&strikecount=30: {"type":"https://developers.cloudflare.com/support/troubleshooting/http-status-codes/cloudflare-1xxx-errors/error-1015/","title":"Error 1015: You are being rate limited","status":429,"detail":"You are being rate-limited by the website owner's configuration.","instance":"a2e8794268818a7f","error_code":1015,"error_name":"rate_limited","error_category":"rate_limit","ray_id":"a2e8794268818a7f","timestamp":"2026-08-21T09:05:01Z","zone":"api-t1.fyers.in","cloudflare_error":true,"retryable":true,"retry
[14:35:08]   NIFTY chain unavailable [OPTIONS_CHAIN_ERROR]: FyersAPIError: Fyers HTTP 429 on https://api-t1.fyers.in/data/options-chain-v3?symbol=NSE%3ANIFTY50-INDEX&strikecount=30: {"type":"https://developers.cloudflare.com/support/troubleshooting/http-status-codes/cloudflare-1xxx-errors/error-1015/","title":"Error 1015: You are being rate limited","status":429,"detail":"You are being rate-limited by the website owner's configuration.","instance":"a2e87965087b74eb","error_code":1015,"error_name":"rate_limited","error_category":"rate_limit","ray_id":"a2e87965087b74eb","timestamp":"2026-08-21T09:05:07Z","zone":"api-t1.fyers.in","cloudflare_error":true,"retryable":true,"retry
[14:35:08]   BANKNIFTY chain unavailable [OPTIONS_CHAIN_ERROR]: FyersAPIError: Fyers HTTP 429 on https://api-t1.fyers.in/data/options-chain-v3?symbol=NSE%3ANIFTYBANK-INDEX&strikecount=30: {"type":"https://developers.cloudflare.com/support/troubleshooting/http-status-codes/cloudflare-1xxx-errors/error-1015/","title":"Error 1015: You are being rate limited","status":429,"detail":"You are being rate-limited by the website owner's configuration.","instance":"a2e879661a7eff71","error_code":1015,"error_name":"rate_limited","error_category":"rate_limit","ray_id":"a2e879661a7eff71","timestamp":"2026-08-21T09:05:07Z","zone":"api-t1.fyers.in","cloudflare_error":true,"retryable":true,"retry
[14:35:08]   FINNIFTY chain unavailable [OPTIONS_CHAIN_ERROR]: FyersAPIError: Fyers HTTP 429 on https://api-t1.fyers.in/data/options-chain-v3?symbol=NSE%3AFINNIFTY-INDEX&strikecount=30: {"type":"https://developers.cloudflare.com/support/troubleshooting/http-status-codes/cloudflare-1xxx-errors/error-1015/","title":"Error 1015: You are being rate limited","status":429,"detail":"You are being rate-limited by the website owner's configuration.","instance":"a2e879671ba926a7","error_code":1015,"error_name":"rate_limited","error_category":"rate_limit","ray_id":"a2e879671ba926a7","timestamp":"2026-08-21T09:05:07Z","zone":"api-t1.fyers.in","cloudflare_error":true,"retryable":true,"retry
[14:35:09]   MIDCPNIFTY chain unavailable [OPTIONS_CHAIN_ERROR]: FyersAPIError: Fyers HTTP 429 on https://api-t1.fyers.in/data/options-chain-v3?symbol=NSE%3AMIDCPNIFTY-INDEX&strikecount=30: {"type":"https://developers.cloudflare.com/support/troubleshooting/http-status-codes/cloudflare-1xxx-errors/error-1015/","title":"Error 1015: You are being rate limited","status":429,"detail":"You are being rate-limited by the website owner's configuration.","instance":"a2e8796839634664","error_code":1015,"error_name":"rate_limited","error_category":"rate_limit","ray_id":"a2e8796839634664","timestamp":"2026-08-21T09:05:07Z","zone":"api-t1.fyers.in","cloudflare_error":true,"retryable":true,"retry
[14:35:09]   ICICIBANK chain unavailable [OPTIONS_CHAIN_ERROR]: FyersAPIError: Fyers HTTP 429 on https://api-t1.fyers.in/data/options-chain-v3?symbol=NSE%3AICICIBANK-EQ&strikecount=30: {"type":"https://developers.cloudflare.com/support/troubleshooting/http-status-codes/cloudflare-1xxx-errors/error-1015/","title":"Error 1015: You are being rate limited","status":429,"detail":"You are being rate-limited by the website owner's configuration.","instance":"a2e879694fcaff6e","error_code":1015,"error_name":"rate_limited","error_category":"rate_limit","ray_id":"a2e879694fcaff6e","timestamp":"2026-08-21T09:05:08Z","zone":"api-t1.fyers.in","cloudflare_error":true,"retryable":true,"retry
[14:35:09]   JSWSTEEL chain unavailable [OPTIONS_CHAIN_ERROR]: FyersAPIError: Fyers HTTP 429 on https://api-t1.fyers.in/data/options-chain-v3?symbol=NSE%3AJSWSTEEL-EQ&strikecount=30: {"type":"https://developers.cloudflare.com/support/troubleshooting/http-status-codes/cloudflare-1xxx-errors/error-1015/","title":"Error 1015: You are being rate limited","status":429,"detail":"You are being rate-limited by the website owner's configuration.","instance":"a2e8796a5c62ff76","error_code":1015,"error_name":"rate_limited","error_category":"rate_limit","ray_id":"a2e8796a5c62ff76","timestamp":"2026-08-21T09:05:08Z","zone":"api-t1.fyers.in","cloudflare_error":true,"retryable":true,"retry
[14:35:09]   NESTLEIND chain unavailable [OPTIONS_CHAIN_ERROR]: FyersAPIError: Fyers HTTP 429 on https://api-t1.fyers.in/data/options-chain-v3?symbol=NSE%3ANESTLEIND-EQ&strikecount=30: {"type":"https://developers.cloudflare.com/support/troubleshooting/http-status-codes/cloudflare-1xxx-errors/error-1015/","title":"Error 1015: You are being rate limited","status":429,"detail":"You are being rate-limited by the website owner's configuration.","instance":"a2e8796b88e4483b","error_code":1015,"error_name":"rate_limited","error_category":"rate_limit","ray_id":"a2e8796b88e4483b","timestamp":"2026-08-21T09:05:08Z","zone":"api-t1.fyers.in","cloudflare_error":true,"retryable":true,"retry
[14:35:09]   SBILIFE chain unavailable [OPTIONS_CHAIN_ERROR]: FyersAPIError: Fyers HTTP 429 on https://api-t1.fyers.in/data/options-chain-v3?symbol=NSE%3ASBILIFE-EQ&strikecount=30: {"type":"https://developers.cloudflare.com/support/troubleshooting/http-status-codes/cloudflare-1xxx-errors/error-1015/","title":"Error 1015: You are being rate limited","status":429,"detail":"You are being rate-limited by the website owner's configuration.","instance":"a2e8796ccaf416dc","error_code":1015,"error_name":"rate_limited","error_category":"rate_limit","ray_id":"a2e8796ccaf416dc","timestamp":"2026-08-21T09:05:08Z","zone":"api-t1.fyers.in","cloudflare_error":true,"retryable":true,"retry
[14:35:10]   TCS chain unavailable [OPTIONS_CHAIN_ERROR]: FyersAPIError: Fyers HTTP 429 on https://api-t1.fyers.in/data/options-chain-v3?symbol=NSE%3ATCS-EQ&strikecount=30: {"type":"https://developers.cloudflare.com/support/troubleshooting/http-status-codes/cloudflare-1xxx-errors/error-1015/","title":"Error 1015: You are being rate limited","status":429,"detail":"You are being rate-limited by the website owner's configuration.","instance":"a2e8796dcee357ad","error_code":1015,"error_name":"rate_limited","error_category":"rate_limit","ray_id":"a2e8796dcee357ad","timestamp":"2026-08-21T09:05:08Z","zone":"api-t1.fyers.in","cloudflare_error":true,"retryable":true,"retry
[14:35:10]   TMPV chain unavailable [OPTIONS_CHAIN_ERROR]: FyersAPIError: Fyers HTTP 429 on https://api-t1.fyers.in/data/options-chain-v3?symbol=NSE%3ATMPV-EQ&strikecount=30: {"type":"https://developers.cloudflare.com/support/troubleshooting/http-status-codes/cloudflare-1xxx-errors/error-1015/","title":"Error 1015: You are being rate limited","status":429,"detail":"You are being rate-limited by the website owner's configuration.","instance":"a2e8796eba963f91","error_code":1015,"error_name":"rate_limited","error_category":"rate_limit","ray_id":"a2e8796eba963f91","timestamp":"2026-08-21T09:05:08Z","zone":"api-t1.fyers.in","cloudflare_error":true,"retryable":true,"retry
[14:35:29]   NESTLEIND chain unavailable [OPTIONS_CHAIN_ERROR]: FyersAPIError: Fyers HTTP 429 on https://api-t1.fyers.in/data/options-chain-v3?symbol=NSE%3ANESTLEIND-EQ&strikecount=30: {"type":"https://developers.cloudflare.com/support/troubleshooting/http-status-codes/cloudflare-1xxx-errors/error-1015/","title":"Error 1015: You are being rate limited","status":429,"detail":"You are being rate-limited by the website owner's configuration.","instance":"a2e879e7cf3b3e1c","error_code":1015,"error_name":"rate_limited","error_category":"rate_limit","ray_id":"a2e879e7cf3b3e1c","timestamp":"2026-08-21T09:05:28Z","zone":"api-t1.fyers.in","cloudflare_error":true,"retryable":true,"retry
[14:35:29]   SBILIFE chain unavailable [OPTIONS_CHAIN_ERROR]: FyersAPIError: Fyers HTTP 429 on https://api-t1.fyers.in/data/options-chain-v3?symbol=NSE%3ASBILIFE-EQ&strikecount=30: {"type":"https://developers.cloudflare.com/support/troubleshooting/http-status-codes/cloudflare-1xxx-errors/error-1015/","title":"Error 1015: You are being rate limited","status":429,"detail":"You are being rate-limited by the website owner's configuration.","instance":"a2e879e8d9d0ab41","error_code":1015,"error_name":"rate_limited","error_category":"rate_limit","ray_id":"a2e879e8d9d0ab41","timestamp":"2026-08-21T09:05:28Z","zone":"api-t1.fyers.in","cloudflare_error":true,"retryable":true,"retry
[14:35:29]   TCS chain unavailable [OPTIONS_CHAIN_ERROR]: FyersAPIError: Fyers HTTP 429 on https://api-t1.fyers.in/data/options-chain-v3?symbol=NSE%3ATCS-EQ&strikecount=30: {"type":"https://developers.cloudflare.com/support/troubleshooting/http-status-codes/cloudflare-1xxx-errors/error-1015/","title":"Error 1015: You are being rate limited","status":429,"detail":"You are being rate-limited by the website owner's configuration.","instance":"a2e879e9bf14ffab","error_code":1015,"error_name":"rate_limited","error_category":"rate_limit","ray_id":"a2e879e9bf14ffab","timestamp":"2026-08-21T09:05:28Z","zone":"api-t1.fyers.in","cloudflare_error":true,"retryable":true,"retry
[14:35:30]   TMPV chain unavailable [OPTIONS_CHAIN_ERROR]: FyersAPIError: Fyers HTTP 429 on https://api-t1.fyers.in/data/options-chain-v3?symbol=NSE%3ATMPV-EQ&strikecount=30: {"type":"https://developers.cloudflare.com/support/troubleshooting/http-status-codes/cloudflare-1xxx-errors/error-1015/","title":"Error 1015: You are being rate limited","status":429,"detail":"You are being rate-limited by the website owner's configuration.","instance":"a2e879eb49d60058","error_code":1015,"error_name":"rate_limited","error_category":"rate_limit","ray_id":"a2e879eb49d60058","timestamp":"2026-08-21T09:05:28Z","zone":"api-t1.fyers.in","cloudflare_error":true,"retryable":true,"retry
