skip_id,created_at,underlying,expiry,strike,side,entry_mid,entry_bid,entry_ask,hard_stop_points,target_r,ComparableOpportunityScore,gate_snapshot_id,gate_features_json,instrument_id,instrument_class,evidence_profile,parameter_profile,strategy_version,score_version,universe_version
202608211254_1_BANKNIFTY_CE,2026-08-21T07:24:07.632333+00:00,BANKNIFTY,2026-08-25,57700.0,CE,278.825,278.45,279.2,25.0,2.0,51.380366485518124,2e840ccd58d1,"{""contract_quality_min"": 0.0, ""direction_min"": 1.6718159406960282, ""excellent_score_min"": 51.380366485518124, ""execution_quality_min"": 100.0, ""expected_required_ratio_min"": 1.4166666666666667, ""final_confidence_min"": 78.09983935049286, ""iv_crush_max"": 24.0, ""market_hostility_max"": 20.557115893837096, ""min_5depth_lots_each_side"": 13.0, ""min_top_book_lots"": 2.0, ""premium_elasticity_min"": 0.5, ""regime_confidence_min"": 60.0, ""spread_pct_max"": 0.268985923070026, ""trade_quality_min"": 21.163556531294827}",BANKNIFTY,NSE_INDEX,FYERS_PAPER_PROXY_RESEARCH,PAPER_OVERRIDE::FYERS_PAPER_PROXY_RESEARCH,paper-strategy-8ade763620b6,opportunity-score-8ade763620b6,universe-a8e55c76a270
202608211254_2_BANKNIFTY_PE,2026-08-21T07:24:07.636938+00:00,BANKNIFTY,2026-08-25,57700.0,PE,225.39999999999998,225.2,225.6,25.0,2.0,51.079439616192836,2e840ccd58d1,"{""contract_quality_min"": 0.0, ""direction_min"": 0.0, ""excellent_score_min"": 51.079439616192836, ""execution_quality_min"": 100.0, ""expected_required_ratio_min"": 1.4166666666666667, ""final_confidence_min"": 77.59829456828405, ""iv_crush_max"": 24.0, ""market_hostility_max"": 20.557115893837096, ""min_5depth_lots_each_side"": 12.0, ""min_top_book_lots"": 1.0, ""premium_elasticity_min"": 0.5, ""regime_confidence_min"": 60.0, ""spread_pct_max"": 0.17746228926353405, ""trade_quality_min"": 21.163556531294827}",BANKNIFTY,NSE_INDEX,FYERS_PAPER_PROXY_RESEARCH,PAPER_OVERRIDE::FYERS_PAPER_PROXY_RESEARCH,paper-strategy-8ade763620b6,opportunity-score-8ade763620b6,universe-a8e55c76a270
202608211254_3_BANKNIFTY_PE,2026-08-21T07:24:07.642062+00:00,BANKNIFTY,2026-08-25,57800.0,PE,273.3,273.05,273.55,25.0,2.0,50.77943961619284,2e840ccd58d1,"{""contract_quality_min"": 0.0, ""direction_min"": 0.0, ""excellent_score_min"": 50.77943961619284, ""execution_quality_min"": 100.0, ""expected_required_ratio_min"": 1.4166666666666667, ""final_confidence_min"": 77.59829456828405, ""iv_crush_max"": 24.0, ""market_hostility_max"": 20.557115893837096, ""min_5depth_lots_each_side"": 11.0, ""min_top_book_lots"": 1.0, ""premium_elasticity_min"": 0.7, ""regime_confidence_min"": 60.0, ""spread_pct_max"": 0.18294914013904134, ""trade_quality_min"": 21.163556531294827}",BANKNIFTY,NSE_INDEX,FYERS_PAPER_PROXY_RESEARCH,PAPER_OVERRIDE::FYERS_PAPER_PROXY_RESEARCH,paper-strategy-8ade763620b6,opportunity-score-8ade763620b6,universe-a8e55c76a270
202608211254_4_MIDCPNIFTY_CE,2026-08-21T07:24:07.643649+00:00,MIDCPNIFTY,2026-08-25,14825.0,CE,79.475,79.25,79.7,15.895,2.0,50.06366762913623,712afad509f5,"{""contract_quality_min"": 0.0, ""direction_min"": 1.3747093904777234, ""excellent_score_min"": 50.06366762913623, ""execution_quality_min"": 100.0, ""expected_required_ratio_min"": 1.0833333333333335, ""final_confidence_min"": 77.61924988682959, ""iv_crush_max"": 24.0, ""market_hostility_max"": 19.379611225280627, ""min_5depth_lots_each_side"": 10.0, ""min_top_book_lots"": 1.0, ""premium_elasticity_min"": 0.7, ""regime_confidence_min"": 60.0, ""spread_pct_max"": 0.5662157911292895, ""trade_quality_min"": 19.710144927526454}",MIDCPNIFTY,NSE_INDEX,FYERS_PAPER_PROXY_RESEARCH,PAPER_OVERRIDE::FYERS_PAPER_PROXY_RESEARCH,paper-strategy-8ade763620b6,opportunity-score-8ade763620b6,universe-a8e55c76a270
202608211254_5_MIDCPNIFTY_PE,2026-08-21T07:24:07.644620+00:00,MIDCPNIFTY,2026-08-25,14875.0,PE,75.125,74.9,75.35,15.025,2.0,49.81621993885024,712afad509f5,"{""contract_quality_min"": 0.0, ""direction_min"": 0.0, ""excellent_score_min"": 49.81621993885024, ""execution_quality_min"": 100.0, ""expected_required_ratio_min"": 1.0833333333333335, ""final_confidence_min"": 77.20683706968627, ""iv_crush_max"": 24.0, ""market_hostility_max"": 19.379611225280627, ""min_5depth_lots_each_side"": 12.0, ""min_top_book_lots"": 2.0, ""premium_elasticity_min"": 0.7, ""regime_confidence_min"": 60.0, ""spread_pct_max"": 0.5990016638934957, ""trade_quality_min"": 19.710144927526454}",MIDCPNIFTY,NSE_INDEX,FYERS_PAPER_PROXY_RESEARCH,PAPER_OVERRIDE::FYERS_PAPER_PROXY_RESEARCH,paper-strategy-8ade763620b6,opportunity-score-8ade763620b6,universe-a8e55c76a270
202608211256_1_BANKNIFTY_PE,2026-08-21T07:26:04.958750+00:00,BANKNIFTY,2026-08-25,57700.0,PE,226.85000000000002,226.65,227.05,25.0,2.0,53.154549550604855,2e840ccd58d1,"{""contract_quality_min"": 0.0, ""direction_min"": 0.0, ""excellent_score_min"": 53.154549550604855, ""execution_quality_min"": 100.0, ""expected_required_ratio_min"": 1.4166666666666667, ""final_confidence_min"": 79.69201035494248, ""iv_crush_max"": 24.0, ""market_hostility_max"": 20.184163507476725, ""min_5depth_lots_each_side"": 22.0, ""min_top_book_lots"": 2.0, ""premium_elasticity_min"": 0.5, ""regime_confidence_min"": 60.0, ""spread_pct_max"": 0.17632797002424758, ""trade_quality_min"": 28.253557567919156}",BANKNIFTY,NSE_INDEX,FYERS_PAPER_PROXY_RESEARCH,PAPER_OVERRIDE::FYERS_PAPER_PROXY_RESEARCH,paper-strategy-8ade763620b6,opportunity-score-8ade763620b6,universe-a8e55c76a270
202608211256_2_BANKNIFTY_PE,2026-08-21T07:26:04.959398+00:00,BANKNIFTY,2026-08-25,57800.0,PE,274.425,274.1,274.75,25.0,2.0,52.85454955060486,2e840ccd58d1,"{""contract_quality_min"": 0.0, ""direction_min"": 0.0, ""excellent_score_min"": 52.85454955060486, ""execution_quality_min"": 100.0, ""expected_required_ratio_min"": 1.4166666666666667, ""final_confidence_min"": 79.69201035494248, ""iv_crush_max"": 24.0, ""market_hostility_max"": 20.184163507476725, ""min_5depth_lots_each_side"": 24.0, ""min_top_book_lots"": 2.0, ""premium_elasticity_min"": 0.7, ""regime_confidence_min"": 60.0, ""spread_pct_max"": 0.23685888676322392, ""trade_quality_min"": 28.253557567919156}",BANKNIFTY,NSE_INDEX,FYERS_PAPER_PROXY_RESEARCH,PAPER_OVERRIDE::FYERS_PAPER_PROXY_RESEARCH,paper-strategy-8ade763620b6,opportunity-score-8ade763620b6,universe-a8e55c76a270
202608211256_3_MIDCPNIFTY_CE,2026-08-21T07:26:04.959894+00:00,MIDCPNIFTY,2026-08-25,14850.0,CE,65.675,65.5,65.85,13.135,2.0,51.78659412596854,712afad509f5,"{""contract_quality_min"": 0.0, ""direction_min"": 1.5633686551321342, ""excellent_score_min"": 51.78659412596854, ""execution_quality_min"": 100.0, ""expected_required_ratio_min"": 1.0833333333333333, ""final_confidence_min"": 79.13876061741811, ""iv_crush_max"": 24.0, ""market_hostility_max"": 18.87643906624081, ""min_5depth_lots_each_side"": 6.0, ""min_top_book_lots"": 1.0, ""premium_elasticity_min"": 0.5, ""regime_confidence_min"": 60.0, ""spread_pct_max"": 0.5329272934906651, ""trade_quality_min"": 24.680851063827646}",MIDCPNIFTY,NSE_INDEX,FYERS_PAPER_PROXY_RESEARCH,PAPER_OVERRIDE::FYERS_PAPER_PROXY_RESEARCH,paper-strategy-8ade763620b6,opportunity-score-8ade763620b6,universe-a8e55c76a270
202608211256_4_MIDCPNIFTY_PE,2026-08-21T07:26:04.960400+00:00,MIDCPNIFTY,2026-08-25,14850.0,PE,62.775000000000006,62.6,62.95,12.555000000000001,2.0,51.50518776804476,712afad509f5,"{""contract_quality_min"": 0.0, ""direction_min"": 0.0, ""excellent_score_min"": 51.50518776804476, ""execution_quality_min"": 100.0, ""expected_required_ratio_min"": 1.0833333333333333, ""final_confidence_min"": 78.66975002087847, ""iv_crush_max"": 24.0, ""market_hostility_max"": 18.87643906624081, ""min_5depth_lots_each_side"": 9.0, ""min_top_book_lots"": 1.0, ""premium_elasticity_min"": 0.5, ""regime_confidence_min"": 60.0, ""spread_pct_max"": 0.5575467941059361, ""trade_quality_min"": 24.680851063827646}",MIDCPNIFTY,NSE_INDEX,FYERS_PAPER_PROXY_RESEARCH,PAPER_OVERRIDE::FYERS_PAPER_PROXY_RESEARCH,paper-strategy-8ade763620b6,opportunity-score-8ade763620b6,universe-a8e55c76a270
202608211256_5_MIDCPNIFTY_CE,2026-08-21T07:26:04.960863+00:00,MIDCPNIFTY,2026-08-25,14825.0,CE,79.775,79.55,80.0,15.955000000000002,2.0,51.486594125968544,712afad509f5,"{""contract_quality_min"": 0.0, ""direction_min"": 1.5633686551321342, ""excellent_score_min"": 51.486594125968544, ""execution_quality_min"": 100.0, ""expected_required_ratio_min"": 1.0833333333333333, ""final_confidence_min"": 79.13876061741811, ""iv_crush_max"": 24.0, ""market_hostility_max"": 18.87643906624081, ""min_5depth_lots_each_side"": 11.0, ""min_top_book_lots"": 2.0, ""premium_elasticity_min"": 0.7, ""regime_confidence_min"": 60.0, ""spread_pct_max"": 0.5640864932623038, ""trade_quality_min"": 24.680851063827646}",MIDCPNIFTY,NSE_INDEX,FYERS_PAPER_PROXY_RESEARCH,PAPER_OVERRIDE::FYERS_PAPER_PROXY_RESEARCH,paper-strategy-8ade763620b6,opportunity-score-8ade763620b6,universe-a8e55c76a270
202608211257_1_NIFTY_CE,2026-08-21T07:27:50.990340+00:00,NIFTY,2026-08-25,24200.0,CE,133.375,133.2,133.55,25.0,2.0,62.63949617412233,00929e22c867,"{""contract_quality_min"": 0.0, ""direction_min"": 1.5848252977735755, ""excellent_score_min"": 62.63949617412233, ""execution_quality_min"": 100.0, ""expected_required_ratio_min"": 1.3333333333333337, ""final_confidence_min"": 88.19486665179784, ""iv_crush_max"": 24.0, ""market_hostility_max"": 18.592644706419943, ""min_5depth_lots_each_side"": 136.0, ""min_top_book_lots"": 28.0, ""premium_elasticity_min"": 0.7, ""regime_confidence_min"": 60.0, ""spread_pct_max"": 0.2624179943767743, ""trade_quality_min"": 54.857142857106034}",NIFTY,NSE_INDEX,FYERS_PAPER_PROXY_RESEARCH,PAPER_OVERRIDE::FYERS_PAPER_PROXY_RESEARCH,paper-strategy-8ade763620b6,opportunity-score-8ade763620b6,universe-a8e55c76a270
202608211257_2_MIDCPNIFTY_CE,2026-08-21T07:27:50.990914+00:00,MIDCPNIFTY,2026-08-25,14850.0,CE,65.67500000000001,65.4,65.95,13.135000000000003,2.0,60.617673760782694,712afad509f5,"{""contract_quality_min"": 0.0, ""direction_min"": 3.3967872054354484, ""excellent_score_min"": 60.617673760782694, ""execution_quality_min"": 98.3946924791997, ""expected_required_ratio_min"": 1.0833333333333333, ""final_confidence_min"": 88.80951808082162, ""iv_crush_max"": 24.0, ""market_hostility_max"": 19.019770985337942, ""min_5depth_lots_each_side"": 8.0, ""min_top_book_lots"": 1.0, ""premium_elasticity_min"": 0.5, ""regime_confidence_min"": 60.0, ""spread_pct_max"": 0.8374571754853402, ""trade_quality_min"": 56.000000000021025}",MIDCPNIFTY,NSE_INDEX,FYERS_PAPER_PROXY_RESEARCH,PAPER_OVERRIDE::FYERS_PAPER_PROXY_RESEARCH,paper-strategy-8ade763620b6,opportunity-score-8ade763620b6,universe-a8e55c76a270
202608211257_3_MIDCPNIFTY_CE,2026-08-21T07:27:50.991326+00:00,MIDCPNIFTY,2026-08-25,14825.0,CE,79.57499999999999,79.35,79.8,15.915,2.0,60.558469888902735,712afad509f5,"{""contract_quality_min"": 0.0, ""direction_min"": 3.3967872054354484, ""excellent_score_min"": 60.558469888902735, ""execution_quality_min"": 100.0, ""expected_required_ratio_min"": 1.0833333333333333, ""final_confidence_min"": 88.80951808082162, ""iv_crush_max"": 24.0, ""market_hostility_max"": 19.019770985337942, ""min_5depth_lots_each_side"": 11.0, ""min_top_book_lots"": 1.0, ""premium_elasticity_min"": 0.7, ""regime_confidence_min"": 60.0, ""spread_pct_max"": 0.5655042412818133, ""trade_quality_min"": 56.000000000021025}",MIDCPNIFTY,NSE_INDEX,FYERS_PAPER_PROXY_RESEARCH,PAPER_OVERRIDE::FYERS_PAPER_PROXY_RESEARCH,paper-strategy-8ade763620b6,opportunity-score-8ade763620b6,universe-a8e55c76a270
202608211257_4_MIDCPNIFTY_PE,2026-08-21T07:27:50.991743+00:00,MIDCPNIFTY,2026-08-25,14875.0,PE,75.35,75.1,75.6,15.07,2.0,59.94704819192436,712afad509f5,"{""contract_quality_min"": 0.0, ""direction_min"": 0.0, ""excellent_score_min"": 59.94704819192436, ""execution_quality_min"": 100.0, ""expected_required_ratio_min"": 1.0833333333333333, ""final_confidence_min"": 87.790481919191, ""iv_crush_max"": 24.0, ""market_hostility_max"": 19.019770985337942, ""min_5depth_lots_each_side"": 8.0, ""min_top_book_lots"": 1.0, ""premium_elasticity_min"": 0.7, ""regime_confidence_min"": 60.0, ""spread_pct_max"": 0.6635700066357001, ""trade_quality_min"": 56.000000000021025}",MIDCPNIFTY,NSE_INDEX,FYERS_PAPER_PROXY_RESEARCH,PAPER_OVERRIDE::FYERS_PAPER_PROXY_RESEARCH,paper-strategy-8ade763620b6,opportunity-score-8ade763620b6,universe-a8e55c76a270
202608211257_5_MIDCPNIFTY_PE,2026-08-21T07:27:50.992180+00:00,MIDCPNIFTY,2026-08-25,14850.0,PE,63.05,62.75,63.35,12.61,2.0,59.27231158832176,712afad509f5,"{""contract_quality_min"": 0.0, ""direction_min"": 0.0, ""excellent_score_min"": 59.27231158832176, ""execution_quality_min"": 93.50175597598268, ""expected_required_ratio_min"": 1.0833333333333333, ""final_confidence_min"": 87.790481919191, ""iv_crush_max"": 24.0, ""market_hostility_max"": 19.019770985337942, ""min_5depth_lots_each_side"": 13.0, ""min_top_book_lots"": 2.0, ""premium_elasticity_min"": 0.5, ""regime_confidence_min"": 60.0, ""spread_pct_max"": 0.9516256938937375, ""trade_quality_min"": 56.000000000021025}",MIDCPNIFTY,NSE_INDEX,FYERS_PAPER_PROXY_RESEARCH,PAPER_OVERRIDE::FYERS_PAPER_PROXY_RESEARCH,paper-strategy-8ade763620b6,opportunity-score-8ade763620b6,universe-a8e55c76a270
202608211301_1_MIDCPNIFTY_PE,2026-08-21T07:31:12.747298+00:00,MIDCPNIFTY,2026-08-25,14850.0,PE,66.225,66.05,66.4,13.245,2.0,53.79764575815096,712afad509f5,"{""contract_quality_min"": 0.0, ""direction_min"": 2.5602673458112677, ""excellent_score_min"": 53.79764575815096, ""execution_quality_min"": 100.0, ""expected_required_ratio_min"": 1.0833333333333333, ""final_confidence_min"": 81.26675615125609, ""iv_crush_max"": 24.0, ""market_hostility_max"": 19.020800341431418, ""min_5depth_lots_each_side"": 12.0, ""min_top_book_lots"": 2.0, ""premium_elasticity_min"": 0.5, ""regime_confidence_min"": 60.0, ""spread_pct_max"": 0.5285013212533161, ""trade_quality_min"": 31.275720164614672}",MIDCPNIFTY,NSE_INDEX,FYERS_PAPER_PROXY_RESEARCH,PAPER_OVERRIDE::FYERS_PAPER_PROXY_RESEARCH,paper-strategy-8ade763620b6,opportunity-score-8ade763620b6,universe-a8e55c76a270
202608211301_2_BANKNIFTY_PE,2026-08-21T07:31:12.747792+00:00,BANKNIFTY,2026-08-25,57700.0,PE,222.275,222.0,222.55,25.0,2.0,53.14378779388568,2e840ccd58d1,"{""contract_quality_min"": 0.0, ""direction_min"": 0.0, ""excellent_score_min"": 53.14378779388568, ""execution_quality_min"": 100.0, ""expected_required_ratio_min"": 1.4166666666666665, ""final_confidence_min"": 79.86270376392774, ""iv_crush_max"": 24.0, ""market_hostility_max"": 20.850497933775948, ""min_5depth_lots_each_side"": 17.0, ""min_top_book_lots"": 1.0, ""premium_elasticity_min"": 0.5, ""regime_confidence_min"": 60.0, ""spread_pct_max"": 0.24744123270723714, ""trade_quality_min"": 28.808567603747576}",BANKNIFTY,NSE_INDEX,FYERS_PAPER_PROXY_RESEARCH,PAPER_OVERRIDE::FYERS_PAPER_PROXY_RESEARCH,paper-strategy-8ade763620b6,opportunity-score-8ade763620b6,universe-a8e55c76a270
202608211301_3_MIDCPNIFTY_CE,2026-08-21T07:31:12.748243+00:00,MIDCPNIFTY,2026-08-25,14825.0,CE,76.42500000000001,76.2,76.65,15.285000000000004,2.0,53.03679763590494,712afad509f5,"{""contract_quality_min"": 0.0, ""direction_min"": 0.0, ""excellent_score_min"": 53.03679763590494, ""execution_quality_min"": 100.0, ""expected_required_ratio_min"": 1.0833333333333333, ""final_confidence_min"": 80.49867594751271, ""iv_crush_max"": 24.0, ""market_hostility_max"": 19.020800341431418, ""min_5depth_lots_each_side"": 11.0, ""min_top_book_lots"": 3.0, ""premium_elasticity_min"": 0.7, ""regime_confidence_min"": 60.0, ""spread_pct_max"": 0.5888125613346454, ""trade_quality_min"": 31.275720164614672}",MIDCPNIFTY,NSE_INDEX,FYERS_PAPER_PROXY_RESEARCH,PAPER_OVERRIDE::FYERS_PAPER_PROXY_RESEARCH,paper-strategy-8ade763620b6,opportunity-score-8ade763620b6,universe-a8e55c76a270
202608211301_4_BANKNIFTY_PE,2026-08-21T07:31:12.748717+00:00,BANKNIFTY,2026-08-25,57800.0,PE,269.625,269.25,270.0,25.0,2.0,52.84378779388568,2e840ccd58d1,"{""contract_quality_min"": 0.0, ""direction_min"": 0.0, ""excellent_score_min"": 52.84378779388568, ""execution_quality_min"": 100.0, ""expected_required_ratio_min"": 1.4166666666666665, ""final_confidence_min"": 79.86270376392774, ""iv_crush_max"": 24.0, ""market_hostility_max"": 20.850497933775948, ""min_5depth_lots_each_side"": 6.0, ""min_top_book_lots"": 1.0, ""premium_elasticity_min"": 0.7, ""regime_confidence_min"": 60.0, ""spread_pct_max"": 0.27816411682892905, ""trade_quality_min"": 28.808567603747576}",BANKNIFTY,NSE_INDEX,FYERS_PAPER_PROXY_RESEARCH,PAPER_OVERRIDE::FYERS_PAPER_PROXY_RESEARCH,paper-strategy-8ade763620b6,opportunity-score-8ade763620b6,universe-a8e55c76a270
202608211301_5_MIDCPNIFTY_CE,2026-08-21T07:31:12.749386+00:00,MIDCPNIFTY,2026-08-25,14850.0,CE,62.849999999999994,62.55,63.15,12.57,2.0,52.342593749099606,712afad509f5,"{""contract_quality_min"": 0.0, ""direction_min"": 0.0, ""excellent_score_min"": 52.342593749099606, ""execution_quality_min"": 93.37197408796445, ""expected_required_ratio_min"": 1.0833333333333333, ""final_confidence_min"": 80.49867594751271, ""iv_crush_max"": 24.0, ""market_hostility_max"": 19.020800341431418, ""min_5depth_lots_each_side"": 15.0, ""min_top_book_lots"": 2.0, ""premium_elasticity_min"": 0.5, ""regime_confidence_min"": 60.0, ""spread_pct_max"": 0.9546539379474963, ""trade_quality_min"": 31.275720164614672}",MIDCPNIFTY,NSE_INDEX,FYERS_PAPER_PROXY_RESEARCH,PAPER_OVERRIDE::FYERS_PAPER_PROXY_RESEARCH,paper-strategy-8ade763620b6,opportunity-score-8ade763620b6,universe-a8e55c76a270
202608211302_1_MIDCPNIFTY_PE,2026-08-21T07:32:22.521658+00:00,MIDCPNIFTY,2026-08-25,14850.0,PE,64.475,64.3,64.65,12.895,2.0,50.53999143791313,712afad509f5,"{""contract_quality_min"": 0.0, ""direction_min"": 1.4822550489312603, ""excellent_score_min"": 50.53999143791313, ""execution_quality_min"": 100.0, ""expected_required_ratio_min"": 1.0833333333333335, ""final_confidence_min"": 77.80528756609627, ""iv_crush_max"": 24.0, ""market_hostility_max"": 18.98046159427397, ""min_5depth_lots_each_side"": 6.0, ""min_top_book_lots"": 1.0, ""premium_elasticity_min"": 0.5, ""regime_confidence_min"": 60.0, ""spread_pct_max"": 0.5428460643660467, ""trade_quality_min"": 20.276497695855255}",MIDCPNIFTY,NSE_INDEX,FYERS_PAPER_PROXY_RESEARCH,PAPER_OVERRIDE::FYERS_PAPER_PROXY_RESEARCH,paper-strategy-8ade763620b6,opportunity-score-8ade763620b6,universe-a8e55c76a270
202608211302_2_MIDCPNIFTY_CE,2026-08-21T07:32:22.522462+00:00,MIDCPNIFTY,2026-08-25,14850.0,CE,63.825,63.65,64.0,12.765,2.0,50.273185529105504,712afad509f5,"{""contract_quality_min"": 0.0, ""direction_min"": 0.0, ""excellent_score_min"": 50.273185529105504, ""execution_quality_min"": 100.0, ""expected_required_ratio_min"": 1.0833333333333335, ""final_confidence_min"": 77.3606110514169, ""iv_crush_max"": 24.0, ""market_hostility_max"": 18.98046159427397, ""min_5depth_lots_each_side"": 10.0, ""min_top_book_lots"": 1.0, ""premium_elasticity_min"": 0.5, ""regime_confidence_min"": 60.0, ""spread_pct_max"": 0.5483744614179419, ""trade_quality_min"": 20.276497695855255}",MIDCPNIFTY,NSE_INDEX,FYERS_PAPER_PROXY_RESEARCH,PAPER_OVERRIDE::FYERS_PAPER_PROXY_RESEARCH,paper-strategy-8ade763620b6,opportunity-score-8ade763620b6,universe-a8e55c76a270
202608211302_3_MIDCPNIFTY_CE,2026-08-21T07:32:22.522977+00:00,MIDCPNIFTY,2026-08-25,14825.0,CE,77.325,77.15,77.5,15.465000000000002,2.0,49.97318552910551,712afad509f5,"{""contract_quality_min"": 0.0, ""direction_min"": 0.0, ""excellent_score_min"": 49.97318552910551, ""execution_quality_min"": 100.0, ""expected_required_ratio_min"": 1.0833333333333335, ""final_confidence_min"": 77.3606110514169, ""iv_crush_max"": 24.0, ""market_hostility_max"": 18.98046159427397, ""min_5depth_lots_each_side"": 10.0, ""min_top_book_lots"": 2.0, ""premium_elasticity_min"": 0.7, ""regime_confidence_min"": 60.0, ""spread_pct_max"": 0.4526349822179041, ""trade_quality_min"": 20.276497695855255}",MIDCPNIFTY,NSE_INDEX,FYERS_PAPER_PROXY_RESEARCH,PAPER_OVERRIDE::FYERS_PAPER_PROXY_RESEARCH,paper-strategy-8ade763620b6,opportunity-score-8ade763620b6,universe-a8e55c76a270
202608211302_4_MIDCPNIFTY_PE,2026-08-21T07:32:22.523598+00:00,MIDCPNIFTY,2026-08-25,14875.0,PE,77.125,76.8,77.45,15.425,2.0,49.96492776576675,712afad509f5,"{""contract_quality_min"": 0.0, ""direction_min"": 1.4822550489312603, ""excellent_score_min"": 49.96492776576675, ""execution_quality_min"": 98.16624218569082, ""expected_required_ratio_min"": 1.0833333333333335, ""final_confidence_min"": 77.80528756609627, ""iv_crush_max"": 24.0, ""market_hostility_max"": 18.98046159427397, ""min_5depth_lots_each_side"": 8.0, ""min_top_book_lots"": 2.0, ""premium_elasticity_min"": 0.7, ""regime_confidence_min"": 60.0, ""spread_pct_max"": 0.8427876823338809, ""trade_quality_min"": 20.276497695855255}",MIDCPNIFTY,NSE_INDEX,FYERS_PAPER_PROXY_RESEARCH,PAPER_OVERRIDE::FYERS_PAPER_PROXY_RESEARCH,paper-strategy-8ade763620b6,opportunity-score-8ade763620b6,universe-a8e55c76a270
202608211302_5_FINNIFTY_PE,2026-08-21T07:32:22.524234+00:00,FINNIFTY,2026-08-25,26200.0,PE,72.92500000000001,72.7,73.15,14.585000000000003,2.0,48.417939995048016,e172b0fef65b,"{""contract_quality_min"": 0.0, ""direction_min"": 0.7310887892107912, ""excellent_score_min"": 48.417939995048016, ""execution_quality_min"": 100.0, ""expected_required_ratio_min"": 1.25, ""final_confidence_min"": 78.23035297355473, ""iv_crush_max"": 24.0, ""market_hostility_max"": 18.957699076515578, ""min_5depth_lots_each_side"": 7.0, ""min_top_book_lots"": 1.0, ""premium_elasticity_min"": 0.3, ""regime_confidence_min"": 60.0, ""spread_pct_max"": 0.6170723345903364, ""trade_quality_min"": 22.06896551724369}",FINNIFTY,NSE_INDEX,FYERS_PAPER_PROXY_RESEARCH,PAPER_OVERRIDE::FYERS_PAPER_PROXY_RESEARCH,paper-strategy-8ade763620b6,opportunity-score-8ade763620b6,universe-a8e55c76a270
202608211303_1_FINNIFTY_PE,2026-08-21T07:33:25.058571+00:00,FINNIFTY,2026-08-25,26200.0,PE,71.65,71.35,71.95,14.330000000000002,2.0,48.177485404279324,e172b0fef65b,"{""contract_quality_min"": 0.0, ""direction_min"": 0.7310887892107912, ""excellent_score_min"": 48.177485404279324, ""execution_quality_min"": 98.39696939487538, ""expected_required_ratio_min"": 1.25, ""final_confidence_min"": 78.23035297355473, ""iv_crush_max"": 24.0, ""market_hostility_max"": 18.957578515349432, ""min_5depth_lots_each_side"": 7.0, ""min_top_book_lots"": 2.0, ""premium_elasticity_min"": 0.3, ""regime_confidence_min"": 60.0, ""spread_pct_max"": 0.8374040474529079, ""trade_quality_min"": 22.06896551724369}",FINNIFTY,NSE_INDEX,FYERS_PAPER_PROXY_RESEARCH,PAPER_OVERRIDE::FYERS_PAPER_PROXY_RESEARCH,paper-strategy-8ade763620b6,opportunity-score-8ade763620b6,universe-a8e55c76a270
202608211303_2_MIDCPNIFTY_PE,2026-08-21T07:33:25.059081+00:00,MIDCPNIFTY,2026-08-25,14850.0,PE,63.95,63.75,64.15,12.790000000000001,2.0,47.53494336624894,712afad509f5,"{""contract_quality_min"": 0.0, ""direction_min"": 0.7815789916961154, ""excellent_score_min"": 47.53494336624894, ""execution_quality_min"": 100.0, ""expected_required_ratio_min"": 1.0833333333333333, ""final_confidence_min"": 74.60436131227486, ""iv_crush_max"": 24.0, ""market_hostility_max"": 18.72401834606906, ""min_5depth_lots_each_side"": 9.0, ""min_top_book_lots"": 1.0, ""premium_elasticity_min"": 0.5, ""regime_confidence_min"": 60.0, ""spread_pct_max"": 0.6254886630179917, ""trade_quality_min"": 9.957081545068132}",MIDCPNIFTY,NSE_INDEX,FYERS_PAPER_PROXY_RESEARCH,PAPER_OVERRIDE::FYERS_PAPER_PROXY_RESEARCH,paper-strategy-8ade763620b6,opportunity-score-8ade763620b6,universe-a8e55c76a270
202608211303_3_MIDCPNIFTY_CE,2026-08-21T07:33:25.059532+00:00,MIDCPNIFTY,2026-08-25,14850.0,CE,63.975,63.75,64.2,12.795000000000002,2.0,47.39425914774364,712afad509f5,"{""contract_quality_min"": 0.0, ""direction_min"": 0.0, ""excellent_score_min"": 47.39425914774364, ""execution_quality_min"": 100.0, ""expected_required_ratio_min"": 1.0833333333333333, ""final_confidence_min"": 74.36988761476603, ""iv_crush_max"": 24.0, ""market_hostility_max"": 18.72401834606906, ""min_5depth_lots_each_side"": 13.0, ""min_top_book_lots"": 2.0, ""premium_elasticity_min"": 0.5, ""regime_confidence_min"": 60.0, ""spread_pct_max"": 0.703399765533416, ""trade_quality_min"": 9.957081545068132}",MIDCPNIFTY,NSE_INDEX,FYERS_PAPER_PROXY_RESEARCH,PAPER_OVERRIDE::FYERS_PAPER_PROXY_RESEARCH,paper-strategy-8ade763620b6,opportunity-score-8ade763620b6,universe-a8e55c76a270
202608211303_4_MIDCPNIFTY_PE,2026-08-21T07:33:25.060120+00:00,MIDCPNIFTY,2026-08-25,14875.0,PE,76.15,75.9,76.4,15.230000000000002,2.0,47.234943366248935,712afad509f5,"{""contract_quality_min"": 0.0, ""direction_min"": 0.7815789916961154, ""excellent_score_min"": 47.234943366248935, ""execution_quality_min"": 100.0, ""expected_required_ratio_min"": 1.0833333333333333, ""final_confidence_min"": 74.60436131227486, ""iv_crush_max"": 24.0, ""market_hostility_max"": 18.72401834606906, ""min_5depth_lots_each_side"": 6.0, ""min_top_book_lots"": 2.0, ""premium_elasticity_min"": 0.7, ""regime_confidence_min"": 60.0, ""spread_pct_max"": 0.6565988181221273, ""trade_quality_min"": 9.957081545068132}",MIDCPNIFTY,NSE_INDEX,FYERS_PAPER_PROXY_RESEARCH,PAPER_OVERRIDE::FYERS_PAPER_PROXY_RESEARCH,paper-strategy-8ade763620b6,opportunity-score-8ade763620b6,universe-a8e55c76a270
202608211303_5_MIDCPNIFTY_CE,2026-08-21T07:33:25.060666+00:00,MIDCPNIFTY,2026-08-25,14825.0,CE,77.775,77.55,78.0,15.555000000000001,2.0,47.094259147743635,712afad509f5,"{""contract_quality_min"": 0.0, ""direction_min"": 0.0, ""excellent_score_min"": 47.094259147743635, ""execution_quality_min"": 100.0, ""expected_required_ratio_min"": 1.0833333333333333, ""final_confidence_min"": 74.36988761476603, ""iv_crush_max"": 24.0, ""market_hostility_max"": 18.72401834606906, ""min_5depth_lots_each_side"": 10.0, ""min_top_book_lots"": 2.0, ""premium_elasticity_min"": 0.7, ""regime_confidence_min"": 60.0, ""spread_pct_max"": 0.5785920925747384, ""trade_quality_min"": 9.957081545068132}",MIDCPNIFTY,NSE_INDEX,FYERS_PAPER_PROXY_RESEARCH,PAPER_OVERRIDE::FYERS_PAPER_PROXY_RESEARCH,paper-strategy-8ade763620b6,opportunity-score-8ade763620b6,universe-a8e55c76a270
202608211304_1_NIFTY_CE,2026-08-21T07:34:34.077543+00:00,NIFTY,2026-08-25,24200.0,CE,136.3,136.15,136.45,25.0,2.0,51.226574902748354,00929e22c867,"{""contract_quality_min"": 0.0, ""direction_min"": 0.9408579964671755, ""excellent_score_min"": 51.226574902748354, ""execution_quality_min"": 100.0, ""expected_required_ratio_min"": 1.3333333333333337, ""final_confidence_min"": 75.983985842325, ""iv_crush_max"": 24.0, ""market_hostility_max"": 18.0639074996975, ""min_5depth_lots_each_side"": 115.0, ""min_top_book_lots"": 3.0, ""premium_elasticity_min"": 0.7, ""regime_confidence_min"": 60.0, ""spread_pct_max"": 0.2201027146001342, ""trade_quality_min"": 14.476190476183085}",NIFTY,NSE_INDEX,FYERS_PAPER_PROXY_RESEARCH,PAPER_OVERRIDE::FYERS_PAPER_PROXY_RESEARCH,paper-strategy-8ade763620b6,opportunity-score-8ade763620b6,universe-a8e55c76a270
202608211304_2_MIDCPNIFTY_PE,2026-08-21T07:34:34.078125+00:00,MIDCPNIFTY,2026-08-25,14850.0,PE,65.025,64.8,65.25,13.005000000000003,2.0,47.53494336624894,712afad509f5,"{""contract_quality_min"": 0.0, ""direction_min"": 0.7815789916961154, ""excellent_score_min"": 47.53494336624894, ""execution_quality_min"": 100.0, ""expected_required_ratio_min"": 1.0833333333333335, ""final_confidence_min"": 74.60436131227486, ""iv_crush_max"": 24.0, ""market_hostility_max"": 18.72460813550604, ""min_5depth_lots_each_side"": 8.0, ""min_top_book_lots"": 2.0, ""premium_elasticity_min"": 0.5, ""regime_confidence_min"": 60.0, ""spread_pct_max"": 0.6920415224913538, ""trade_quality_min"": 9.957081545068132}",MIDCPNIFTY,NSE_INDEX,FYERS_PAPER_PROXY_RESEARCH,PAPER_OVERRIDE::FYERS_PAPER_PROXY_RESEARCH,paper-strategy-8ade763620b6,opportunity-score-8ade763620b6,universe-a8e55c76a270
202608211304_3_MIDCPNIFTY_PE,2026-08-21T07:34:34.078554+00:00,MIDCPNIFTY,2026-08-25,14875.0,PE,77.775,77.5,78.05,15.555000000000001,2.0,47.234943366248935,712afad509f5,"{""contract_quality_min"": 0.0, ""direction_min"": 0.7815789916961154, ""excellent_score_min"": 47.234943366248935, ""execution_quality_min"": 100.0, ""expected_required_ratio_min"": 1.0833333333333335, ""final_confidence_min"": 74.60436131227486, ""iv_crush_max"": 24.0, ""market_hostility_max"": 18.72460813550604, ""min_top_book_lots"": 0.0, ""premium_elasticity_min"": 0.7, ""regime_confidence_min"": 60.0, ""spread_pct_max"": 0.7071681131468944, ""trade_quality_min"": 9.957081545068132}",MIDCPNIFTY,NSE_INDEX,FYERS_PAPER_PROXY_RESEARCH,PAPER_OVERRIDE::FYERS_PAPER_PROXY_RESEARCH,paper-strategy-8ade763620b6,opportunity-score-8ade763620b6,universe-a8e55c76a270
202608211304_4_MIDCPNIFTY_CE,2026-08-21T07:34:34.079047+00:00,MIDCPNIFTY,2026-08-25,14825.0,CE,76.375,76.15,76.6,15.275,2.0,47.094259147743635,712afad509f5,"{""contract_quality_min"": 0.0, ""direction_min"": 0.0, ""excellent_score_min"": 47.094259147743635, ""execution_quality_min"": 100.0, ""expected_required_ratio_min"": 1.0833333333333335, ""final_confidence_min"": 74.36988761476603, ""iv_crush_max"": 24.0, ""market_hostility_max"": 18.72460813550604, ""min_5depth_lots_each_side"": 10.0, ""min_top_book_lots"": 1.0, ""premium_elasticity_min"": 0.7, ""regime_confidence_min"": 60.0, ""spread_pct_max"": 0.5891980360065318, ""trade_quality_min"": 9.957081545068132}",MIDCPNIFTY,NSE_INDEX,FYERS_PAPER_PROXY_RESEARCH,PAPER_OVERRIDE::FYERS_PAPER_PROXY_RESEARCH,paper-strategy-8ade763620b6,opportunity-score-8ade763620b6,universe-a8e55c76a270
202608211304_5_BANKNIFTY_PE,2026-08-21T07:34:34.079586+00:00,BANKNIFTY,2026-08-25,57700.0,PE,224.45,224.25,224.65,25.0,2.0,45.72924870198779,2e840ccd58d1,"{""contract_quality_min"": 0.0, ""direction_min"": 0.0, ""excellent_score_min"": 45.72924870198779, ""execution_quality_min"": 100.0, ""expected_required_ratio_min"": 1.4166666666666667, ""final_confidence_min"": 72.10143596810076, ""iv_crush_max"": 24.0, ""market_hostility_max"": 20.659312507965147, ""min_5depth_lots_each_side"": 11.0, ""min_top_book_lots"": 1.0, ""premium_elasticity_min"": 0.5, ""regime_confidence_min"": 60.0, ""spread_pct_max"": 0.17821341055914713, ""trade_quality_min"": 2.0637329286760115}",BANKNIFTY,NSE_INDEX,FYERS_PAPER_PROXY_RESEARCH,PAPER_OVERRIDE::FYERS_PAPER_PROXY_RESEARCH,paper-strategy-8ade763620b6,opportunity-score-8ade763620b6,universe-a8e55c76a270
202608211305_1_NIFTY_CE,2026-08-21T07:35:56.361595+00:00,NIFTY,2026-08-25,24200.0,CE,138.25,138.1,138.4,25.0,2.0,55.01694722709176,00929e22c867,"{""contract_quality_min"": 0.0, ""direction_min"": 1.4854610499733854, ""excellent_score_min"": 55.01694722709176, ""execution_quality_min"": 100.0, ""expected_required_ratio_min"": 1.3333333333333335, ""final_confidence_min"": 80.03051146518831, ""iv_crush_max"": 24.0, ""market_hostility_max"": 18.04406469256176, ""min_5depth_lots_each_side"": 125.0, ""min_top_book_lots"": 5.0, ""premium_elasticity_min"": 0.7, ""regime_confidence_min"": 60.0, ""spread_pct_max"": 0.2169981916817442, ""trade_quality_min"": 27.692307692307693}",NIFTY,NSE_INDEX,FYERS_PAPER_PROXY_RESEARCH,PAPER_OVERRIDE::FYERS_PAPER_PROXY_RESEARCH,paper-strategy-8ade763620b6,opportunity-score-8ade763620b6,universe-a8e55c76a270
202608211305_2_BANKNIFTY_CE,2026-08-21T07:35:56.362195+00:00,BANKNIFTY,2026-08-25,57700.0,CE,279.7,279.4,280.0,25.0,2.0,47.23103819470489,2e840ccd58d1,"{""contract_quality_min"": 0.0, ""direction_min"": 0.4993285937579863, ""excellent_score_min"": 47.23103819470489, ""execution_quality_min"": 100.0, ""expected_required_ratio_min"": 1.4166666666666667, ""final_confidence_min"": 73.70297810680158, ""iv_crush_max"": 24.0, ""market_hostility_max"": 20.622231679282187, ""min_5depth_lots_each_side"": 21.0, ""min_top_book_lots"": 1.0, ""premium_elasticity_min"": 0.5, ""regime_confidence_min"": 60.0, ""spread_pct_max"": 0.2145155523775555, ""trade_quality_min"": 7.093596059126296}",BANKNIFTY,NSE_INDEX,FYERS_PAPER_PROXY_RESEARCH,PAPER_OVERRIDE::FYERS_PAPER_PROXY_RESEARCH,paper-strategy-8ade763620b6,opportunity-score-8ade763620b6,universe-a8e55c76a270
202608211305_3_BANKNIFTY_PE,2026-08-21T07:35:56.362690+00:00,BANKNIFTY,2026-08-25,57700.0,PE,221.425,221.2,221.65,25.0,2.0,47.141159047828445,2e840ccd58d1,"{""contract_quality_min"": 0.0, ""direction_min"": 0.0, ""excellent_score_min"": 47.141159047828445, ""execution_quality_min"": 100.0, ""expected_required_ratio_min"": 1.4166666666666667, ""final_confidence_min"": 73.55317952867419, ""iv_crush_max"": 24.0, ""market_hostility_max"": 20.622231679282187, ""min_5depth_lots_each_side"": 17.0, ""min_top_book_lots"": 1.0, ""premium_elasticity_min"": 0.5, ""regime_confidence_min"": 60.0, ""spread_pct_max"": 0.20322908434007772, ""trade_quality_min"": 7.093596059126296}",BANKNIFTY,NSE_INDEX,FYERS_PAPER_PROXY_RESEARCH,PAPER_OVERRIDE::FYERS_PAPER_PROXY_RESEARCH,paper-strategy-8ade763620b6,opportunity-score-8ade763620b6,universe-a8e55c76a270
202608211305_4_BANKNIFTY_CE,2026-08-21T07:35:56.363346+00:00,BANKNIFTY,2026-08-25,57800.0,CE,225.95,225.65,226.25,25.0,2.0,44.031038194704884,2e840ccd58d1,"{""contract_quality_min"": 0.0, ""direction_min"": 0.4993285937579863, ""excellent_score_min"": 44.031038194704884, ""execution_quality_min"": 100.0, ""expected_required_ratio_min"": 1.4166666666666667, ""final_confidence_min"": 73.70297810680158, ""iv_crush_max"": 24.0, ""market_hostility_max"": 20.622231679282187, ""min_5depth_lots_each_side"": 19.0, ""min_top_book_lots"": 2.0, ""premium_elasticity_min"": 0.3, ""regime_confidence_min"": 60.0, ""spread_pct_max"": 0.2655454746625335, ""trade_quality_min"": 7.093596059126296}",BANKNIFTY,NSE_INDEX,FYERS_PAPER_PROXY_RESEARCH,PAPER_OVERRIDE::FYERS_PAPER_PROXY_RESEARCH,paper-strategy-8ade763620b6,opportunity-score-8ade763620b6,universe-a8e55c76a270
202608211305_5_BANKNIFTY_PE,2026-08-21T07:35:56.364002+00:00,BANKNIFTY,2026-08-25,57600.0,PE,180.625,180.4,180.85,25.0,2.0,43.94115904782846,2e840ccd58d1,"{""contract_quality_min"": 0.0, ""direction_min"": 0.0, ""excellent_score_min"": 43.94115904782846, ""execution_quality_min"": 100.0, ""expected_required_ratio_min"": 1.4166666666666667, ""final_confidence_min"": 73.55317952867419, ""iv_crush_max"": 24.0, ""market_hostility_max"": 20.622231679282187, ""min_5depth_lots_each_side"": 33.0, ""min_top_book_lots"": 3.0, ""premium_elasticity_min"": 0.3, ""regime_confidence_min"": 60.0, ""spread_pct_max"": 0.2491349480968795, ""trade_quality_min"": 7.093596059126296}",BANKNIFTY,NSE_INDEX,FYERS_PAPER_PROXY_RESEARCH,PAPER_OVERRIDE::FYERS_PAPER_PROXY_RESEARCH,paper-strategy-8ade763620b6,opportunity-score-8ade763620b6,universe-a8e55c76a270
202608211307_1_NIFTY_CE,2026-08-21T07:37:03.705825+00:00,NIFTY,2026-08-25,24200.0,CE,141.175,141.0,141.35,25.0,2.0,69.026975409244,00929e22c867,"{""contract_quality_min"": 0.0, ""direction_min"": 4.902881268145442, ""excellent_score_min"": 69.026975409244, ""execution_quality_min"": 100.0, ""expected_required_ratio_min"": 1.3333333333333335, ""final_confidence_min"": 84.23543219022181, ""iv_crush_max"": 24.0, ""market_hostility_max"": 18.117988649861662, ""min_5depth_lots_each_side"": 144.0, ""min_top_book_lots"": 18.0, ""premium_elasticity_min"": 0.7, ""regime_confidence_min"": 60.0, ""spread_pct_max"": 0.24791924915884134, ""trade_quality_min"": 80.0}",NIFTY,NSE_INDEX,FYERS_PAPER_PROXY_RESEARCH,PAPER_OVERRIDE::FYERS_PAPER_PROXY_RESEARCH,paper-strategy-8ade763620b6,opportunity-score-8ade763620b6,universe-a8e55c76a270
202608211307_2_BANKNIFTY_PE,2026-08-21T07:37:03.706430+00:00,BANKNIFTY,2026-08-25,57700.0,PE,217.575,217.3,217.85,25.0,2.0,57.69885418938229,2e840ccd58d1,"{""contract_quality_min"": 0.0, ""direction_min"": 0.0, ""excellent_score_min"": 57.69885418938229, ""execution_quality_min"": 100.0, ""expected_required_ratio_min"": 1.4166666666666665, ""final_confidence_min"": 84.56329408817254, ""iv_crush_max"": 24.0, ""market_hostility_max"": 20.79647843134576, ""min_5depth_lots_each_side"": 12.0, ""min_top_book_lots"": 3.0, ""premium_elasticity_min"": 0.5, ""regime_confidence_min"": 60.0, ""spread_pct_max"": 0.2527863954957982, ""trade_quality_min"": 45.09457755360591}",BANKNIFTY,NSE_INDEX,FYERS_PAPER_PROXY_RESEARCH,PAPER_OVERRIDE::FYERS_PAPER_PROXY_RESEARCH,paper-strategy-8ade763620b6,opportunity-score-8ade763620b6,universe-a8e55c76a270
202608211307_3_FINNIFTY_PE,2026-08-21T07:37:03.706854+00:00,FINNIFTY,2026-08-25,26300.0,PE,110.125,110.0,110.25,22.025000000000002,2.0,56.44318736594079,e172b0fef65b,"{""contract_quality_min"": 0.0, ""direction_min"": 0.0, ""excellent_score_min"": 56.44318736594079, ""execution_quality_min"": 100.0, ""expected_required_ratio_min"": 1.25, ""final_confidence_min"": 83.31284926916392, ""iv_crush_max"": 24.0, ""market_hostility_max"": 19.2079803153825, ""min_5depth_lots_each_side"": 6.0, ""min_top_book_lots"": 1.0, ""premium_elasticity_min"": 0.7, ""regime_confidence_min"": 60.0, ""spread_pct_max"": 0.22701475595913734, ""trade_quality_min"": 40.97560975609756}",FINNIFTY,NSE_INDEX,FYERS_PAPER_PROXY_RESEARCH,PAPER_OVERRIDE::FYERS_PAPER_PROXY_RESEARCH,paper-strategy-8ade763620b6,opportunity-score-8ade763620b6,universe-a8e55c76a270
202608211307_4_BANKNIFTY_CE,2026-08-21T07:37:03.707465+00:00,BANKNIFTY,2026-08-25,57800.0,CE,228.8,228.6,229.0,25.0,2.0,55.056949202873355,2e840ccd58d1,"{""contract_quality_min"": 0.0, ""direction_min"": 3.1005278527281934, ""excellent_score_min"": 55.056949202873355, ""execution_quality_min"": 100.0, ""expected_required_ratio_min"": 1.4166666666666665, ""final_confidence_min"": 85.493452443991, ""iv_crush_max"": 24.0, ""market_hostility_max"": 20.79647843134576, ""min_5depth_lots_each_side"": 19.0, ""min_top_book_lots"": 1.0, ""premium_elasticity_min"": 0.3, ""regime_confidence_min"": 60.0, ""spread_pct_max"": 0.1748251748251773, ""trade_quality_min"": 45.09457755360591}",BANKNIFTY,NSE_INDEX,FYERS_PAPER_PROXY_RESEARCH,PAPER_OVERRIDE::FYERS_PAPER_PROXY_RESEARCH,paper-strategy-8ade763620b6,opportunity-score-8ade763620b6,universe-a8e55c76a270
202608211307_5_BANKNIFTY_PE,2026-08-21T07:37:03.707993+00:00,BANKNIFTY,2026-08-25,57600.0,PE,177.4,177.25,177.55,25.0,2.0,54.498854189382286,2e840ccd58d1,"{""contract_quality_min"": 0.0, ""direction_min"": 0.0, ""excellent_score_min"": 54.498854189382286, ""execution_quality_min"": 100.0, ""expected_required_ratio_min"": 1.4166666666666665, ""final_confidence_min"": 84.56329408817254, ""iv_crush_max"": 24.0, ""market_hostility_max"": 20.79647843134576, ""min_5depth_lots_each_side"": 24.0, ""min_top_book_lots"": 2.0, ""premium_elasticity_min"": 0.3, ""regime_confidence_min"": 60.0, ""spread_pct_max"": 0.16910935738444835, ""trade_quality_min"": 45.09457755360591}",BANKNIFTY,NSE_INDEX,FYERS_PAPER_PROXY_RESEARCH,PAPER_OVERRIDE::FYERS_PAPER_PROXY_RESEARCH,paper-strategy-8ade763620b6,opportunity-score-8ade763620b6,universe-a8e55c76a270
202608211308_1_ONGC_CE,2026-08-21T07:38:44.370260+00:00,ONGC,2026-08-25,235.0,CE,3.33,3.3,3.36,0.666,2.0,36.715510841562974,8a2588edd437,"{""contract_quality_min"": 0.0, ""direction_min"": 18.60937235662363, ""excellent_score_min"": 36.715510841562974, ""execution_quality_min"": 48.87387387387375, ""expected_required_ratio_min"": 1.1666666666666665, ""final_confidence_min"": 72.29690287594045, ""iv_crush_max"": 24.0, ""market_hostility_max"": 22.594936708860885, ""min_5depth_lots_each_side"": 9.0, ""min_top_book_lots"": 1.0, ""premium_elasticity_min"": 0.7, ""regime_confidence_min"": 60.0, ""spread_pct_max"": 1.8018018018018036, ""trade_quality_min"": 74.57627118643819}",ONGC,NSE_STOCK_OPTION,FYERS_PAPER_PROXY_RESEARCH,PAPER_OVERRIDE::FYERS_PAPER_PROXY_RESEARCH,paper-strategy-8ade763620b6,opportunity-score-8ade763620b6,universe-a8e55c76a270
202608211308_2_NTPC_CE,2026-08-21T07:38:44.370904+00:00,NTPC,2026-08-25,335.0,CE,5.125,5.0,5.25,1.0250000000000001,2.0,27.959561367123612,91d36097a929,"{""contract_quality_min"": 0.0, ""direction_min"": 24.826363233337183, ""excellent_score_min"": 27.959561367123612, ""execution_quality_min"": 0.0, ""expected_required_ratio_min"": 1.1666666666666667, ""final_confidence_min"": 41.223954485000576, ""iv_crush_max"": 24.0, ""market_hostility_max"": 25.019154265508078, ""min_5depth_lots_each_side"": 15.0, ""min_top_book_lots"": 5.0, ""premium_elasticity_min"": 0.7, ""regime_confidence_min"": 60.0, ""spread_pct_max"": 4.878048780487805, ""trade_quality_min"": 80.0}",NTPC,NSE_STOCK_OPTION,FYERS_PAPER_PROXY_RESEARCH,PAPER_OVERRIDE::FYERS_PAPER_PROXY_RESEARCH,paper-strategy-8ade763620b6,opportunity-score-8ade763620b6,universe-a8e55c76a270
202608211308_3_ONGC_PE,2026-08-21T07:38:44.371423+00:00,ONGC,2026-08-25,240.0,PE,3.67,3.62,3.72,0.734,2.0,24.782191001994065,8a2588edd437,"{""contract_quality_min"": 0.0, ""direction_min"": 0.0, ""excellent_score_min"": 24.782191001994065, ""execution_quality_min"": 0.0, ""expected_required_ratio_min"": 1.1666666666666665, ""final_confidence_min"": 54.18857382599731, ""iv_crush_max"": 24.0, ""market_hostility_max"": 22.594936708860885, ""min_5depth_lots_each_side"": 9.0, ""min_top_book_lots"": 1.0, ""premium_elasticity_min"": 0.7, ""regime_confidence_min"": 60.0, ""spread_pct_max"": 2.724795640326978, ""trade_quality_min"": 74.57627118643819}",ONGC,NSE_STOCK_OPTION,FYERS_PAPER_PROXY_RESEARCH,PAPER_OVERRIDE::FYERS_PAPER_PROXY_RESEARCH,paper-strategy-8ade763620b6,opportunity-score-8ade763620b6,universe-a8e55c76a270
202608211308_4_MAXHEALTH_CE,2026-08-21T07:38:44.372049+00:00,MAXHEALTH,2026-08-25,1000.0,CE,7.525,7.4,7.65,1.5050000000000001,2.0,24.671583349062473,23bd34c2aeb5,"{""contract_quality_min"": 0.0, ""direction_min"": 8.040201005025127, ""excellent_score_min"": 24.671583349062473, ""execution_quality_min"": 0.0, ""expected_required_ratio_min"": 1.1666666666666665, ""final_confidence_min"": 52.19440224377779, ""iv_crush_max"": 24.0, ""market_hostility_max"": 20.354214770940455, ""min_5depth_lots_each_side"": 13.0, ""min_top_book_lots"": 1.0, ""premium_elasticity_min"": 0.5, ""regime_confidence_min"": 60.0, ""spread_pct_max"": 3.322259136212624, ""trade_quality_min"": 66.66666666666414}",MAXHEALTH,NSE_STOCK_OPTION,FYERS_PAPER_PROXY_RESEARCH,PAPER_OVERRIDE::FYERS_PAPER_PROXY_RESEARCH,paper-strategy-8ade763620b6,opportunity-score-8ade763620b6,universe-a8e55c76a270
202608211308_5_MAXHEALTH_CE,2026-08-21T07:38:44.372619+00:00,MAXHEALTH,2026-08-25,990.0,CE,12.5,12.3,12.7,2.5,2.0,24.54274613976017,23bd34c2aeb5,"{""contract_quality_min"": 0.0, ""direction_min"": 8.040201005025127, ""excellent_score_min"": 24.54274613976017, ""execution_quality_min"": 0.0, ""expected_required_ratio_min"": 1.1666666666666665, ""final_confidence_min"": 53.90603015075468, ""iv_crush_max"": 24.0, ""market_hostility_max"": 20.354214770940455, ""min_5depth_lots_each_side"": 10.0, ""min_top_book_lots"": 2.0, ""premium_elasticity_min"": 0.7, ""regime_confidence_min"": 60.0, ""spread_pct_max"": 3.199999999999989, ""trade_quality_min"": 66.66666666666414}",MAXHEALTH,NSE_STOCK_OPTION,FYERS_PAPER_PROXY_RESEARCH,PAPER_OVERRIDE::FYERS_PAPER_PROXY_RESEARCH,paper-strategy-8ade763620b6,opportunity-score-8ade763620b6,universe-a8e55c76a270
202608211309_1_NIFTY_CE,2026-08-21T07:39:50.304308+00:00,NIFTY,2026-08-25,24200.0,CE,144.625,144.45,144.8,25.0,2.0,69.19576567297221,00929e22c867,"{""contract_quality_min"": 0.0, ""direction_min"": 5.925852563467937, ""excellent_score_min"": 69.19576567297221, ""execution_quality_min"": 100.0, ""expected_required_ratio_min"": 1.3333333333333333, ""final_confidence_min"": 84.38887788452018, ""iv_crush_max"": 24.0, ""market_hostility_max"": 18.238294342537674, ""min_5depth_lots_each_side"": 294.0, ""min_top_book_lots"": 15.0, ""premium_elasticity_min"": 0.7, ""regime_confidence_min"": 60.0, ""spread_pct_max"": 0.24200518582542627, ""trade_quality_min"": 80.0}",NIFTY,NSE_INDEX,FYERS_PAPER_PROXY_RESEARCH,PAPER_OVERRIDE::FYERS_PAPER_PROXY_RESEARCH,paper-strategy-8ade763620b6,opportunity-score-8ade763620b6,universe-a8e55c76a270
202608211309_2_BANKNIFTY_CE,2026-08-21T07:39:50.304890+00:00,BANKNIFTY,2026-08-25,57700.0,CE,294.25,294.0,294.5,25.0,2.0,57.82363629648348,2e840ccd58d1,"{""contract_quality_min"": 0.0, ""direction_min"": 2.989207469897087, ""excellent_score_min"": 57.82363629648348, ""execution_quality_min"": 100.0, ""expected_required_ratio_min"": 1.4166666666666667, ""final_confidence_min"": 85.02549869317615, ""iv_crush_max"": 24.0, ""market_hostility_max"": 20.771570682246782, ""min_5depth_lots_each_side"": 21.0, ""min_top_book_lots"": 4.0, ""premium_elasticity_min"": 0.5, ""regime_confidence_min"": 60.0, ""spread_pct_max"": 0.16992353440951571, ""trade_quality_min"": 43.59039190897196}",BANKNIFTY,NSE_INDEX,FYERS_PAPER_PROXY_RESEARCH,PAPER_OVERRIDE::FYERS_PAPER_PROXY_RESEARCH,paper-strategy-8ade763620b6,opportunity-score-8ade763620b6,universe-a8e55c76a270
202608211309_3_BANKNIFTY_PE,2026-08-21T07:39:50.305542+00:00,BANKNIFTY,2026-08-25,57700.0,PE,211.77499999999998,211.45,212.1,25.0,2.0,57.28557895190199,2e840ccd58d1,"{""contract_quality_min"": 0.0, ""direction_min"": 0.0, ""excellent_score_min"": 57.28557895190199, ""execution_quality_min"": 100.0, ""expected_required_ratio_min"": 1.4166666666666667, ""final_confidence_min"": 84.12873645220701, ""iv_crush_max"": 24.0, ""market_hostility_max"": 20.771570682246782, ""min_5depth_lots_each_side"": 13.0, ""min_top_book_lots"": 1.0, ""premium_elasticity_min"": 0.5, ""regime_confidence_min"": 60.0, ""spread_pct_max"": 0.30692952425924014, ""trade_quality_min"": 43.59039190897196}",BANKNIFTY,NSE_INDEX,FYERS_PAPER_PROXY_RESEARCH,PAPER_OVERRIDE::FYERS_PAPER_PROXY_RESEARCH,paper-strategy-8ade763620b6,opportunity-score-8ade763620b6,universe-a8e55c76a270
202608211309_4_BANKNIFTY_PE,2026-08-21T07:39:50.306112+00:00,BANKNIFTY,2026-08-25,57800.0,PE,257.825,257.45,258.2,25.0,2.0,56.98557895190199,2e840ccd58d1,"{""contract_quality_min"": 0.0, ""direction_min"": 0.0, ""excellent_score_min"": 56.98557895190199, ""execution_quality_min"": 100.0, ""expected_required_ratio_min"": 1.4166666666666667, ""final_confidence_min"": 84.12873645220701, ""iv_crush_max"": 24.0, ""market_hostility_max"": 20.771570682246782, ""min_5depth_lots_each_side"": 18.0, ""min_top_book_lots"": 2.0, ""premium_elasticity_min"": 0.7, ""regime_confidence_min"": 60.0, ""spread_pct_max"": 0.2908949869097256, ""trade_quality_min"": 43.59039190897196}",BANKNIFTY,NSE_INDEX,FYERS_PAPER_PROXY_RESEARCH,PAPER_OVERRIDE::FYERS_PAPER_PROXY_RESEARCH,paper-strategy-8ade763620b6,opportunity-score-8ade763620b6,universe-a8e55c76a270
202608211309_5_BANKNIFTY_PE,2026-08-21T07:39:50.306750+00:00,BANKNIFTY,2026-08-25,57600.0,PE,172.25,171.95,172.55,25.0,2.0,54.085578951901994,2e840ccd58d1,"{""contract_quality_min"": 0.0, ""direction_min"": 0.0, ""excellent_score_min"": 54.085578951901994, ""execution_quality_min"": 100.0, ""expected_required_ratio_min"": 1.4166666666666667, ""final_confidence_min"": 84.12873645220701, ""iv_crush_max"": 24.0, ""market_hostility_max"": 20.771570682246782, ""min_5depth_lots_each_side"": 27.0, ""min_top_book_lots"": 3.0, ""premium_elasticity_min"": 0.3, ""regime_confidence_min"": 60.0, ""spread_pct_max"": 0.3483309143686634, ""trade_quality_min"": 43.59039190897196}",BANKNIFTY,NSE_INDEX,FYERS_PAPER_PROXY_RESEARCH,PAPER_OVERRIDE::FYERS_PAPER_PROXY_RESEARCH,paper-strategy-8ade763620b6,opportunity-score-8ade763620b6,universe-a8e55c76a270
202608211310_1_NIFTY_CE,2026-08-21T07:40:52.082044+00:00,NIFTY,2026-08-25,24200.0,CE,144.72500000000002,144.55,144.9,25.0,2.0,67.49894238802966,00929e22c867,"{""contract_quality_min"": 0.0, ""direction_min"": 4.175408412291978, ""excellent_score_min"": 67.49894238802966, ""execution_quality_min"": 100.0, ""expected_required_ratio_min"": 1.3333333333333333, ""final_confidence_min"": 86.04631126184177, ""iv_crush_max"": 24.0, ""market_hostility_max"": 18.257490165678224, ""min_5depth_lots_each_side"": 122.0, ""min_top_book_lots"": 4.0, ""premium_elasticity_min"": 0.7, ""regime_confidence_min"": 60.0, ""spread_pct_max"": 0.24183796856106013, ""trade_quality_min"": 73.60000000000677}",NIFTY,NSE_INDEX,FYERS_PAPER_PROXY_RESEARCH,PAPER_OVERRIDE::FYERS_PAPER_PROXY_RESEARCH,paper-strategy-8ade763620b6,opportunity-score-8ade763620b6,universe-a8e55c76a270
202608211310_2_MIDCPNIFTY_CE,2026-08-21T07:40:52.082628+00:00,MIDCPNIFTY,2026-08-25,14850.0,CE,65.15,65.0,65.3,13.030000000000001,2.0,53.30652322604305,712afad509f5,"{""contract_quality_min"": 0.0, ""direction_min"": 2.641767558151682, ""excellent_score_min"": 53.30652322604305, ""execution_quality_min"": 100.0, ""expected_required_ratio_min"": 1.0833333333333333, ""final_confidence_min"": 80.73837039688134, ""iv_crush_max"": 24.0, ""market_hostility_max"": 19.10064316769067, ""min_5depth_lots_each_side"": 6.0, ""min_top_book_lots"": 1.0, ""premium_elasticity_min"": 0.5, ""regime_confidence_min"": 60.0, ""spread_pct_max"": 0.4604758250191821, ""trade_quality_min"": 29.47368421052862}",MIDCPNIFTY,NSE_INDEX,FYERS_PAPER_PROXY_RESEARCH,PAPER_OVERRIDE::FYERS_PAPER_PROXY_RESEARCH,paper-strategy-8ade763620b6,opportunity-score-8ade763620b6,universe-a8e55c76a270
202608211310_3_MIDCPNIFTY_CE,2026-08-21T07:40:52.083086+00:00,MIDCPNIFTY,2026-08-25,14825.0,CE,79.07499999999999,78.8,79.35,15.814999999999998,2.0,53.00652322604305,712afad509f5,"{""contract_quality_min"": 0.0, ""direction_min"": 2.641767558151682, ""excellent_score_min"": 53.00652322604305, ""execution_quality_min"": 100.0, ""expected_required_ratio_min"": 1.0833333333333333, ""final_confidence_min"": 80.73837039688134, ""iv_crush_max"": 24.0, ""market_hostility_max"": 19.10064316769067, ""min_5depth_lots_each_side"": 10.0, ""min_top_book_lots"": 3.0, ""premium_elasticity_min"": 0.7, ""regime_confidence_min"": 60.0, ""spread_pct_max"": 0.6955422067657252, ""trade_quality_min"": 29.47368421052862}",MIDCPNIFTY,NSE_INDEX,FYERS_PAPER_PROXY_RESEARCH,PAPER_OVERRIDE::FYERS_PAPER_PROXY_RESEARCH,paper-strategy-8ade763620b6,opportunity-score-8ade763620b6,universe-a8e55c76a270
202608211310_4_MIDCPNIFTY_PE,2026-08-21T07:40:52.083774+00:00,MIDCPNIFTY,2026-08-25,14850.0,PE,61.8,61.65,61.95,12.36,2.0,52.831005065575745,712afad509f5,"{""contract_quality_min"": 0.0, ""direction_min"": 0.0, ""excellent_score_min"": 52.831005065575745, ""execution_quality_min"": 100.0, ""expected_required_ratio_min"": 1.0833333333333333, ""final_confidence_min"": 79.94584012943584, ""iv_crush_max"": 24.0, ""market_hostility_max"": 19.10064316769067, ""min_5depth_lots_each_side"": 8.0, ""min_top_book_lots"": 1.0, ""premium_elasticity_min"": 0.5, ""regime_confidence_min"": 60.0, ""spread_pct_max"": 0.4854368932038904, ""trade_quality_min"": 29.47368421052862}",MIDCPNIFTY,NSE_INDEX,FYERS_PAPER_PROXY_RESEARCH,PAPER_OVERRIDE::FYERS_PAPER_PROXY_RESEARCH,paper-strategy-8ade763620b6,opportunity-score-8ade763620b6,universe-a8e55c76a270
202608211310_5_MIDCPNIFTY_PE,2026-08-21T07:40:52.084306+00:00,MIDCPNIFTY,2026-08-25,14875.0,PE,74.55,74.3,74.8,14.91,2.0,52.53100506557574,712afad509f5,"{""contract_quality_min"": 0.0, ""direction_min"": 0.0, ""excellent_score_min"": 52.53100506557574, ""execution_quality_min"": 100.0, ""expected_required_ratio_min"": 1.0833333333333333, ""final_confidence_min"": 79.94584012943584, ""iv_crush_max"": 24.0, ""market_hostility_max"": 19.10064316769067, ""min_5depth_lots_each_side"": 13.0, ""min_top_book_lots"": 1.0, ""premium_elasticity_min"": 0.7, ""regime_confidence_min"": 60.0, ""spread_pct_max"": 0.670690811535882, ""trade_quality_min"": 29.47368421052862}",MIDCPNIFTY,NSE_INDEX,FYERS_PAPER_PROXY_RESEARCH,PAPER_OVERRIDE::FYERS_PAPER_PROXY_RESEARCH,paper-strategy-8ade763620b6,opportunity-score-8ade763620b6,universe-a8e55c76a270
202608211312_1_ADANIPORTS_PE,2026-08-21T07:42:06.465281+00:00,ADANIPORTS,2026-08-25,1720.0,PE,32.9,32.65,33.15,6.58,2.0,33.80747999777873,0ea962f87095,"{""contract_quality_min"": 0.0, ""direction_min"": 0.0, ""excellent_score_min"": 33.80747999777873, ""execution_quality_min"": 68.61702127659574, ""expected_required_ratio_min"": 1.1666666666666665, ""final_confidence_min"": 71.97743761225689, ""iv_crush_max"": 24.0, ""market_hostility_max"": 27.654248211899638, ""min_5depth_lots_each_side"": 5.0, ""min_top_book_lots"": 1.0, ""premium_elasticity_min"": 0.7, ""regime_confidence_min"": 60.0, ""spread_pct_max"": 1.5197568389057752, ""trade_quality_min"": 67.45098039215435}",ADANIPORTS,NSE_STOCK_OPTION,FYERS_PAPER_PROXY_RESEARCH,PAPER_OVERRIDE::FYERS_PAPER_PROXY_RESEARCH,paper-strategy-8ade763620b6,opportunity-score-8ade763620b6,universe-a8e55c76a270
202608211312_2_ADANIPORTS_PE,2026-08-21T07:42:06.465919+00:00,ADANIPORTS,2026-08-25,1700.0,PE,19.175,19.0,19.35,3.8350000000000004,2.0,30.532702809586382,0ea962f87095,"{""contract_quality_min"": 0.0, ""direction_min"": 0.0, ""excellent_score_min"": 30.532702809586382, ""execution_quality_min"": 47.22946544980391, ""expected_required_ratio_min"": 1.1666666666666665, ""final_confidence_min"": 68.31099947052115, ""iv_crush_max"": 24.0, ""market_hostility_max"": 27.654248211899638, ""min_5depth_lots_each_side"": 5.0, ""min_top_book_lots"": 1.0, ""premium_elasticity_min"": 0.5, ""regime_confidence_min"": 60.0, ""spread_pct_max"": 1.825293350717087, ""trade_quality_min"": 67.45098039215435}",ADANIPORTS,NSE_STOCK_OPTION,FYERS_PAPER_PROXY_RESEARCH,PAPER_OVERRIDE::FYERS_PAPER_PROXY_RESEARCH,paper-strategy-8ade763620b6,opportunity-score-8ade763620b6,universe-a8e55c76a270
202608211312_3_ADANIPORTS_CE,2026-08-21T07:42:06.466463+00:00,ADANIPORTS,2026-08-25,1680.0,CE,22.0,21.75,22.25,4.4,2.0,28.603403911394743,0ea962f87095,"{""contract_quality_min"": 0.0, ""direction_min"": 20.334574688183267, ""excellent_score_min"": 28.603403911394743, ""execution_quality_min"": 15.909090909090896, ""expected_required_ratio_min"": 1.1666666666666665, ""final_confidence_min"": 68.49671026739938, ""iv_crush_max"": 24.0, ""market_hostility_max"": 27.654248211899638, ""min_5depth_lots_each_side"": 7.0, ""min_top_book_lots"": 1.0, ""premium_elasticity_min"": 0.7, ""regime_confidence_min"": 60.0, ""spread_pct_max"": 2.272727272727273, ""trade_quality_min"": 67.45098039215435}",ADANIPORTS,NSE_STOCK_OPTION,FYERS_PAPER_PROXY_RESEARCH,PAPER_OVERRIDE::FYERS_PAPER_PROXY_RESEARCH,paper-strategy-8ade763620b6,opportunity-score-8ade763620b6,universe-a8e55c76a270
202608211312_4_ADANIPORTS_CE,2026-08-21T07:42:06.467058+00:00,ADANIPORTS,2026-08-25,1700.0,CE,12.75,12.6,12.9,2.5500000000000003,2.0,27.948858456849223,0ea962f87095,"{""contract_quality_min"": 0.0, ""direction_min"": 20.334574688183267, ""excellent_score_min"": 27.948858456849223, ""execution_quality_min"": 10.294117647058446, ""expected_required_ratio_min"": 1.1666666666666665, ""final_confidence_min"": 67.37371561499288, ""iv_crush_max"": 24.0, ""market_hostility_max"": 27.654248211899638, ""min_5depth_lots_each_side"": 20.0, ""min_top_book_lots"": 1.0, ""premium_elasticity_min"": 0.5, ""regime_confidence_min"": 60.0, ""spread_pct_max"": 2.3529411764705936, ""trade_quality_min"": 67.45098039215435}",ADANIPORTS,NSE_STOCK_OPTION,FYERS_PAPER_PROXY_RESEARCH,PAPER_OVERRIDE::FYERS_PAPER_PROXY_RESEARCH,paper-strategy-8ade763620b6,opportunity-score-8ade763620b6,universe-a8e55c76a270
202608211312_5_BAJFINANCE_CE,2026-08-21T07:42:06.467710+00:00,BAJFINANCE,2026-08-25,1080.0,CE,18.15,17.9,18.4,3.63,2.0,27.34383911755097,58c303dc05a9,"{""contract_quality_min"": 0.0, ""direction_min"": 2.924778356640826, ""excellent_score_min"": 27.34383911755097, ""execution_quality_min"": 0.0, ""expected_required_ratio_min"": 1.1666666666666667, ""final_confidence_min"": 55.371223640548465, ""iv_crush_max"": 24.0, ""market_hostility_max"": 19.14230019493216, ""min_5depth_lots_each_side"": 8.0, ""min_top_book_lots"": 2.0, ""premium_elasticity_min"": 0.7, ""regime_confidence_min"": 60.0, ""spread_pct_max"": 2.7548209366391188, ""trade_quality_min"": 80.0}",BAJFINANCE,NSE_STOCK_OPTION,FYERS_PAPER_PROXY_RESEARCH,PAPER_OVERRIDE::FYERS_PAPER_PROXY_RESEARCH,paper-strategy-8ade763620b6,opportunity-score-8ade763620b6,universe-a8e55c76a270
202608211313_1_MIDCPNIFTY_CE,2026-08-21T07:43:27.618242+00:00,MIDCPNIFTY,2026-08-25,14850.0,CE,64.425,64.3,64.55,12.885,2.0,50.375593018513236,712afad509f5,"{""contract_quality_min"": 0.0, ""direction_min"": 1.4286821418099844, ""excellent_score_min"": 50.375593018513236, ""execution_quality_min"": 100.0, ""expected_required_ratio_min"": 1.0833333333333333, ""final_confidence_min"": 77.63058139103713, ""iv_crush_max"": 24.0, ""market_hostility_max"": 19.038307773854502, ""min_5depth_lots_each_side"": 10.0, ""min_top_book_lots"": 1.0, ""premium_elasticity_min"": 0.5, ""regime_confidence_min"": 60.0, ""spread_pct_max"": 0.38804811796662786, ""trade_quality_min"": 19.720930232552096}",MIDCPNIFTY,NSE_INDEX,FYERS_PAPER_PROXY_RESEARCH,PAPER_OVERRIDE::FYERS_PAPER_PROXY_RESEARCH,paper-strategy-8ade763620b6,opportunity-score-8ade763620b6,universe-a8e55c76a270
202608211313_2_MIDCPNIFTY_PE,2026-08-21T07:43:27.618860+00:00,MIDCPNIFTY,2026-08-25,14850.0,PE,62.099999999999994,61.9,62.3,12.42,2.0,50.118430232987436,712afad509f5,"{""contract_quality_min"": 0.0, ""direction_min"": 0.0, ""excellent_score_min"": 50.118430232987436, ""execution_quality_min"": 100.0, ""expected_required_ratio_min"": 1.0833333333333333, ""final_confidence_min"": 77.20197674849412, ""iv_crush_max"": 24.0, ""market_hostility_max"": 19.038307773854502, ""min_5depth_lots_each_side"": 10.0, ""min_top_book_lots"": 2.0, ""premium_elasticity_min"": 0.5, ""regime_confidence_min"": 60.0, ""spread_pct_max"": 0.6441223832528158, ""trade_quality_min"": 19.720930232552096}",MIDCPNIFTY,NSE_INDEX,FYERS_PAPER_PROXY_RESEARCH,PAPER_OVERRIDE::FYERS_PAPER_PROXY_RESEARCH,paper-strategy-8ade763620b6,opportunity-score-8ade763620b6,universe-a8e55c76a270
202608211313_3_MIDCPNIFTY_CE,2026-08-21T07:43:27.619381+00:00,MIDCPNIFTY,2026-08-25,14825.0,CE,78.0,77.8,78.2,15.600000000000001,2.0,50.07559301851324,712afad509f5,"{""contract_quality_min"": 0.0, ""direction_min"": 1.4286821418099844, ""excellent_score_min"": 50.07559301851324, ""execution_quality_min"": 100.0, ""expected_required_ratio_min"": 1.0833333333333333, ""final_confidence_min"": 77.63058139103713, ""iv_crush_max"": 24.0, ""market_hostility_max"": 19.038307773854502, ""min_5depth_lots_each_side"": 7.0, ""min_top_book_lots"": 1.0, ""premium_elasticity_min"": 0.7, ""regime_confidence_min"": 60.0, ""spread_pct_max"": 0.5128205128205201, ""trade_quality_min"": 19.720930232552096}",MIDCPNIFTY,NSE_INDEX,FYERS_PAPER_PROXY_RESEARCH,PAPER_OVERRIDE::FYERS_PAPER_PROXY_RESEARCH,paper-strategy-8ade763620b6,opportunity-score-8ade763620b6,universe-a8e55c76a270
202608211313_4_MIDCPNIFTY_PE,2026-08-21T07:43:27.620073+00:00,MIDCPNIFTY,2026-08-25,14875.0,PE,75.15,74.9,75.4,15.030000000000001,2.0,49.81843023298744,712afad509f5,"{""contract_quality_min"": 0.0, ""direction_min"": 0.0, ""excellent_score_min"": 49.81843023298744, ""execution_quality_min"": 100.0, ""expected_required_ratio_min"": 1.0833333333333333, ""final_confidence_min"": 77.20197674849412, ""iv_crush_max"": 24.0, ""market_hostility_max"": 19.038307773854502, ""min_5depth_lots_each_side"": 16.0, ""min_top_book_lots"": 2.0, ""premium_elasticity_min"": 0.7, ""regime_confidence_min"": 60.0, ""spread_pct_max"": 0.665335994677312, ""trade_quality_min"": 19.720930232552096}",MIDCPNIFTY,NSE_INDEX,FYERS_PAPER_PROXY_RESEARCH,PAPER_OVERRIDE::FYERS_PAPER_PROXY_RESEARCH,paper-strategy-8ade763620b6,opportunity-score-8ade763620b6,universe-a8e55c76a270
202608211313_5_MIDCPNIFTY_CE,2026-08-21T07:43:27.620760+00:00,MIDCPNIFTY,2026-08-25,14875.0,CE,51.875,51.7,52.05,10.375,2.0,47.17559301851323,712afad509f5,"{""contract_quality_min"": 0.0, ""direction_min"": 1.4286821418099844, ""excellent_score_min"": 47.17559301851323, ""execution_quality_min"": 100.0, ""expected_required_ratio_min"": 1.0833333333333333, ""final_confidence_min"": 77.63058139103713, ""iv_crush_max"": 24.0, ""market_hostility_max"": 19.038307773854502, ""min_5depth_lots_each_side"": 16.0, ""min_top_book_lots"": 2.0, ""premium_elasticity_min"": 0.3, ""regime_confidence_min"": 60.0, ""spread_pct_max"": 0.674698795180712, ""trade_quality_min"": 19.720930232552096}",MIDCPNIFTY,NSE_INDEX,FYERS_PAPER_PROXY_RESEARCH,PAPER_OVERRIDE::FYERS_PAPER_PROXY_RESEARCH,paper-strategy-8ade763620b6,opportunity-score-8ade763620b6,universe-a8e55c76a270
202608211316_1_FINNIFTY_PE,2026-08-21T07:46:08.509480+00:00,FINNIFTY,2026-08-25,26200.0,PE,73.5,73.15,73.85,14.700000000000001,2.0,53.77669579870205,e172b0fef65b,"{""contract_quality_min"": 0.0, ""direction_min"": 3.9287644949322953, ""excellent_score_min"": 53.77669579870205, ""execution_quality_min"": 93.4693877551027, ""expected_required_ratio_min"": 1.25, ""final_confidence_min"": 84.93578770328214, ""iv_crush_max"": 24.0, ""market_hostility_max"": 19.684777330248053, ""min_5depth_lots_each_side"": 10.0, ""min_top_book_lots"": 1.0, ""premium_elasticity_min"": 0.3, ""regime_confidence_min"": 60.0, ""spread_pct_max"": 0.9523809523809369, ""trade_quality_min"": 42.821576763474354}",FINNIFTY,NSE_INDEX,FYERS_PAPER_PROXY_RESEARCH,PAPER_OVERRIDE::FYERS_PAPER_PROXY_RESEARCH,paper-strategy-8ade763620b6,opportunity-score-8ade763620b6,universe-a8e55c76a270
202608211316_2_NIFTY_CE,2026-08-21T07:46:08.510115+00:00,NIFTY,2026-08-25,24200.0,CE,139.425,139.25,139.6,25.0,2.0,53.44424641213787,00929e22c867,"{""contract_quality_min"": 0.0, ""direction_min"": 0.0, ""excellent_score_min"": 53.44424641213787, ""execution_quality_min"": 100.0, ""expected_required_ratio_min"": 1.3333333333333335, ""final_confidence_min"": 78.20850728682224, ""iv_crush_max"": 24.0, ""market_hostility_max"": 18.423788731610227, ""min_5depth_lots_each_side"": 128.0, ""min_top_book_lots"": 9.0, ""premium_elasticity_min"": 0.7, ""regime_confidence_min"": 60.0, ""spread_pct_max"": 0.25103102026178536, ""trade_quality_min"": 23.02158273382259}",NIFTY,NSE_INDEX,FYERS_PAPER_PROXY_RESEARCH,PAPER_OVERRIDE::FYERS_PAPER_PROXY_RESEARCH,paper-strategy-8ade763620b6,opportunity-score-8ade763620b6,universe-a8e55c76a270
202608211316_3_MIDCPNIFTY_CE,2026-08-21T07:46:08.510670+00:00,MIDCPNIFTY,2026-08-25,14850.0,CE,62.725,62.5,62.95,12.545000000000002,2.0,51.97530340552755,712afad509f5,"{""contract_quality_min"": 0.0, ""direction_min"": 0.0, ""excellent_score_min"": 51.97530340552755, ""execution_quality_min"": 100.0, ""expected_required_ratio_min"": 1.0833333333333335, ""final_confidence_min"": 79.17708029809474, ""iv_crush_max"": 24.0, ""market_hostility_max"": 19.05694549743052, ""min_5depth_lots_each_side"": 13.0, ""min_top_book_lots"": 2.0, ""premium_elasticity_min"": 0.5, ""regime_confidence_min"": 60.0, ""spread_pct_max"": 0.7174172977281831, ""trade_quality_min"": 26.358381502872284}",MIDCPNIFTY,NSE_INDEX,FYERS_PAPER_PROXY_RESEARCH,PAPER_OVERRIDE::FYERS_PAPER_PROXY_RESEARCH,paper-strategy-8ade763620b6,opportunity-score-8ade763620b6,universe-a8e55c76a270
202608211316_4_MIDCPNIFTY_CE,2026-08-21T07:46:08.511272+00:00,MIDCPNIFTY,2026-08-25,14825.0,CE,76.15,75.95,76.35,15.230000000000002,2.0,51.67530340552754,712afad509f5,"{""contract_quality_min"": 0.0, ""direction_min"": 0.0, ""excellent_score_min"": 51.67530340552754, ""execution_quality_min"": 100.0, ""expected_required_ratio_min"": 1.0833333333333335, ""final_confidence_min"": 79.17708029809474, ""iv_crush_max"": 24.0, ""market_hostility_max"": 19.05694549743052, ""min_5depth_lots_each_side"": 10.0, ""min_top_book_lots"": 2.0, ""premium_elasticity_min"": 0.7, ""regime_confidence_min"": 60.0, ""spread_pct_max"": 0.5252790544976906, ""trade_quality_min"": 26.358381502872284}",MIDCPNIFTY,NSE_INDEX,FYERS_PAPER_PROXY_RESEARCH,PAPER_OVERRIDE::FYERS_PAPER_PROXY_RESEARCH,paper-strategy-8ade763620b6,opportunity-score-8ade763620b6,universe-a8e55c76a270
202608211316_5_MIDCPNIFTY_PE,2026-08-21T07:46:08.511723+00:00,MIDCPNIFTY,2026-08-25,14875.0,PE,77.0,76.65,77.35,15.4,2.0,51.25052568754927,712afad509f5,"{""contract_quality_min"": 0.0, ""direction_min"": 1.5362276851129673, ""excellent_score_min"": 51.25052568754927, ""execution_quality_min"": 95.32467532467595, ""expected_required_ratio_min"": 1.0833333333333335, ""final_confidence_min"": 79.63794860362863, ""iv_crush_max"": 24.0, ""market_hostility_max"": 19.05694549743052, ""min_5depth_lots_each_side"": 8.0, ""min_top_book_lots"": 1.0, ""premium_elasticity_min"": 0.7, ""regime_confidence_min"": 60.0, ""spread_pct_max"": 0.9090909090908943, ""trade_quality_min"": 26.358381502872284}",MIDCPNIFTY,NSE_INDEX,FYERS_PAPER_PROXY_RESEARCH,PAPER_OVERRIDE::FYERS_PAPER_PROXY_RESEARCH,paper-strategy-8ade763620b6,opportunity-score-8ade763620b6,universe-a8e55c76a270
202608211317_1_FINNIFTY_PE,2026-08-21T07:47:09.118223+00:00,FINNIFTY,2026-08-25,26200.0,PE,74.44999999999999,74.1,74.8,14.889999999999999,2.0,57.72777324709779,e172b0fef65b,"{""contract_quality_min"": 0.0, ""direction_min"": 5.283663847825055, ""excellent_score_min"": 57.72777324709779, ""execution_quality_min"": 93.99021394991829, ""expected_required_ratio_min"": 1.25, ""final_confidence_min"": 89.04908881258687, ""iv_crush_max"": 24.0, ""market_hostility_max"": 19.804630932858892, ""min_5depth_lots_each_side"": 6.0, ""min_top_book_lots"": 1.0, ""premium_elasticity_min"": 0.3, ""regime_confidence_min"": 60.0, ""spread_pct_max"": 0.9402283411685735, ""trade_quality_min"": 55.85513078471038}",FINNIFTY,NSE_INDEX,FYERS_PAPER_PROXY_RESEARCH,PAPER_OVERRIDE::FYERS_PAPER_PROXY_RESEARCH,paper-strategy-8ade763620b6,opportunity-score-8ade763620b6,universe-a8e55c76a270
202608211317_2_NIFTY_CE,2026-08-21T07:47:09.118795+00:00,NIFTY,2026-08-25,24250.0,CE,103.725,103.6,103.85,20.745,2.0,53.744246412137876,00929e22c867,"{""contract_quality_min"": 0.0, ""direction_min"": 0.0, ""excellent_score_min"": 53.744246412137876, ""execution_quality_min"": 100.0, ""expected_required_ratio_min"": 1.3333333333333333, ""final_confidence_min"": 78.20850728682224, ""iv_crush_max"": 24.0, ""market_hostility_max"": 18.423859349508174, ""min_5depth_lots_each_side"": 135.0, ""min_top_book_lots"": 2.0, ""premium_elasticity_min"": 0.5, ""regime_confidence_min"": 60.0, ""spread_pct_max"": 0.24102193299590266, ""trade_quality_min"": 23.02158273382259}",NIFTY,NSE_INDEX,FYERS_PAPER_PROXY_RESEARCH,PAPER_OVERRIDE::FYERS_PAPER_PROXY_RESEARCH,paper-strategy-8ade763620b6,opportunity-score-8ade763620b6,universe-a8e55c76a270
202608211317_3_BANKNIFTY_PE,2026-08-21T07:47:09.119460+00:00,BANKNIFTY,2026-08-25,57700.0,PE,221.39999999999998,221.1,221.7,25.0,2.0,50.27742485831921,2e840ccd58d1,"{""contract_quality_min"": 0.0, ""direction_min"": 1.7333305600044373, ""excellent_score_min"": 50.27742485831921, ""execution_quality_min"": 100.0, ""expected_required_ratio_min"": 1.4166666666666667, ""final_confidence_min"": 76.89698588537104, ""iv_crush_max"": 24.0, ""market_hostility_max"": 20.484380928108834, ""min_5depth_lots_each_side"": 22.0, ""min_top_book_lots"": 3.0, ""premium_elasticity_min"": 0.5, ""regime_confidence_min"": 60.0, ""spread_pct_max"": 0.2710027100270977, ""trade_quality_min"": 17.123287671234586}",BANKNIFTY,NSE_INDEX,FYERS_PAPER_PROXY_RESEARCH,PAPER_OVERRIDE::FYERS_PAPER_PROXY_RESEARCH,paper-strategy-8ade763620b6,opportunity-score-8ade763620b6,universe-a8e55c76a270
202608211317_4_BANKNIFTY_PE,2026-08-21T07:47:09.120163+00:00,BANKNIFTY,2026-08-25,57800.0,PE,267.4,267.05,267.75,25.0,2.0,49.97742485831921,2e840ccd58d1,"{""contract_quality_min"": 0.0, ""direction_min"": 1.7333305600044373, ""excellent_score_min"": 49.97742485831921, ""execution_quality_min"": 100.0, ""expected_required_ratio_min"": 1.4166666666666667, ""final_confidence_min"": 76.89698588537104, ""iv_crush_max"": 24.0, ""market_hostility_max"": 20.484380928108834, ""min_5depth_lots_each_side"": 32.0, ""min_top_book_lots"": 3.0, ""premium_elasticity_min"": 0.7, ""regime_confidence_min"": 60.0, ""spread_pct_max"": 0.26178010471203766, ""trade_quality_min"": 17.123287671234586}",BANKNIFTY,NSE_INDEX,FYERS_PAPER_PROXY_RESEARCH,PAPER_OVERRIDE::FYERS_PAPER_PROXY_RESEARCH,paper-strategy-8ade763620b6,opportunity-score-8ade763620b6,universe-a8e55c76a270
202608211317_5_BANKNIFTY_CE,2026-08-21T07:47:09.120847+00:00,BANKNIFTY,2026-08-25,57700.0,CE,274.275,274.0,274.55,25.0,2.0,49.965425357518406,2e840ccd58d1,"{""contract_quality_min"": 0.0, ""direction_min"": 0.0, ""excellent_score_min"": 49.965425357518406, ""execution_quality_min"": 100.0, ""expected_required_ratio_min"": 1.4166666666666667, ""final_confidence_min"": 76.3769867173697, ""iv_crush_max"": 24.0, ""market_hostility_max"": 20.484380928108834, ""min_5depth_lots_each_side"": 21.0, ""min_top_book_lots"": 3.0, ""premium_elasticity_min"": 0.5, ""regime_confidence_min"": 60.0, ""spread_pct_max"": 0.200528666484372, ""trade_quality_min"": 17.123287671234586}",BANKNIFTY,NSE_INDEX,FYERS_PAPER_PROXY_RESEARCH,PAPER_OVERRIDE::FYERS_PAPER_PROXY_RESEARCH,paper-strategy-8ade763620b6,opportunity-score-8ade763620b6,universe-a8e55c76a270
202608211318_1_NIFTY_CE,2026-08-21T07:48:25.034088+00:00,NIFTY,2026-08-25,24250.0,CE,105.825,105.7,105.95,21.165000000000003,2.0,61.7616991671316,00929e22c867,"{""contract_quality_min"": 0.0, ""direction_min"": 0.0, ""excellent_score_min"": 61.7616991671316, ""execution_quality_min"": 100.0, ""expected_required_ratio_min"": 1.3333333333333333, ""final_confidence_min"": 86.61972259503001, ""iv_crush_max"": 24.0, ""market_hostility_max"": 18.533469310032086, ""min_5depth_lots_each_side"": 167.0, ""min_top_book_lots"": 3.0, ""premium_elasticity_min"": 0.5, ""regime_confidence_min"": 60.0, ""spread_pct_max"": 0.23623907394283014, ""trade_quality_min"": 51.7269076305144}",NIFTY,NSE_INDEX,FYERS_PAPER_PROXY_RESEARCH,PAPER_OVERRIDE::FYERS_PAPER_PROXY_RESEARCH,paper-strategy-8ade763620b6,opportunity-score-8ade763620b6,universe-a8e55c76a270
202608211318_2_NIFTY_CE,2026-08-21T07:48:25.034875+00:00,NIFTY,2026-08-25,24200.0,CE,139.875,139.7,140.05,25.0,2.0,61.461699167131606,00929e22c867,"{""contract_quality_min"": 0.0, ""direction_min"": 0.0, ""excellent_score_min"": 61.461699167131606, ""execution_quality_min"": 100.0, ""expected_required_ratio_min"": 1.3333333333333333, ""final_confidence_min"": 86.61972259503001, ""iv_crush_max"": 24.0, ""market_hostility_max"": 18.533469310032086, ""min_5depth_lots_each_side"": 103.0, ""min_top_book_lots"": 17.0, ""premium_elasticity_min"": 0.7, ""regime_confidence_min"": 60.0, ""spread_pct_max"": 0.250223413762304, ""trade_quality_min"": 51.7269076305144}",NIFTY,NSE_INDEX,FYERS_PAPER_PROXY_RESEARCH,PAPER_OVERRIDE::FYERS_PAPER_PROXY_RESEARCH,paper-strategy-8ade763620b6,opportunity-score-8ade763620b6,universe-a8e55c76a270
202608211318_3_FINNIFTY_PE,2026-08-21T07:48:25.035493+00:00,FINNIFTY,2026-08-25,26200.0,PE,72.25,71.9,72.6,14.450000000000001,2.0,58.46652887673133,e172b0fef65b,"{""contract_quality_min"": 0.0, ""direction_min"": 5.054820826014722, ""excellent_score_min"": 58.46652887673133, ""execution_quality_min"": 92.76322293623399, ""expected_required_ratio_min"": 1.25, ""final_confidence_min"": 90.04393740962057, ""iv_crush_max"": 24.0, ""market_hostility_max"": 19.78653574158275, ""min_5depth_lots_each_side"": 12.0, ""min_top_book_lots"": 3.0, ""premium_elasticity_min"": 0.3, ""regime_confidence_min"": 60.0, ""spread_pct_max"": 0.9688581314878736, ""trade_quality_min"": 59.28571428572786}",FINNIFTY,NSE_INDEX,FYERS_PAPER_PROXY_RESEARCH,PAPER_OVERRIDE::FYERS_PAPER_PROXY_RESEARCH,paper-strategy-8ade763620b6,opportunity-score-8ade763620b6,universe-a8e55c76a270
202608211318_4_BANKNIFTY_PE,2026-08-21T07:48:25.036043+00:00,BANKNIFTY,2026-08-25,57700.0,PE,218.975,218.75,219.2,25.0,2.0,56.93872201421139,2e840ccd58d1,"{""contract_quality_min"": 0.0, ""direction_min"": 3.5627889567401296, ""excellent_score_min"": 56.93872201421139, ""execution_quality_min"": 100.0, ""expected_required_ratio_min"": 1.4166666666666665, ""final_confidence_min"": 83.96478584834594, ""iv_crush_max"": 24.0, ""market_hostility_max"": 20.408591339319933, ""min_5depth_lots_each_side"": 25.0, ""min_top_book_lots"": 2.0, ""premium_elasticity_min"": 0.5, ""regime_confidence_min"": 60.0, ""spread_pct_max"": 0.20550291129123813, ""trade_quality_min"": 39.76789168278304}",BANKNIFTY,NSE_INDEX,FYERS_PAPER_PROXY_RESEARCH,PAPER_OVERRIDE::FYERS_PAPER_PROXY_RESEARCH,paper-strategy-8ade763620b6,opportunity-score-8ade763620b6,universe-a8e55c76a270
202608211318_5_BANKNIFTY_PE,2026-08-21T07:48:25.036736+00:00,BANKNIFTY,2026-08-25,57800.0,PE,266.15,265.9,266.4,25.0,2.0,56.638722014211396,2e840ccd58d1,"{""contract_quality_min"": 0.0, ""direction_min"": 3.5627889567401296, ""excellent_score_min"": 56.638722014211396, ""execution_quality_min"": 100.0, ""expected_required_ratio_min"": 1.4166666666666665, ""final_confidence_min"": 83.96478584834594, ""iv_crush_max"": 24.0, ""market_hostility_max"": 20.408591339319933, ""min_5depth_lots_each_side"": 12.0, ""min_top_book_lots"": 2.0, ""premium_elasticity_min"": 0.7, ""regime_confidence_min"": 60.0, ""spread_pct_max"": 0.187863986473793, ""trade_quality_min"": 39.76789168278304}",BANKNIFTY,NSE_INDEX,FYERS_PAPER_PROXY_RESEARCH,PAPER_OVERRIDE::FYERS_PAPER_PROXY_RESEARCH,paper-strategy-8ade763620b6,opportunity-score-8ade763620b6,universe-a8e55c76a270
202608211319_1_FINNIFTY_PE,2026-08-21T07:49:31.610828+00:00,FINNIFTY,2026-08-25,26300.0,PE,112.875,112.55,113.2,22.575000000000003,2.0,57.13582698694467,e172b0fef65b,"{""contract_quality_min"": 0.0, ""direction_min"": 3.2891355740567216, ""excellent_score_min"": 57.13582698694467, ""execution_quality_min"": 100.0, ""expected_required_ratio_min"": 1.2500000000000002, ""final_confidence_min"": 84.39528421170706, ""iv_crush_max"": 24.0, ""market_hostility_max"": 19.999225615128033, ""min_5depth_lots_each_side"": 6.0, ""min_top_book_lots"": 1.0, ""premium_elasticity_min"": 0.7, ""regime_confidence_min"": 60.0, ""spread_pct_max"": 0.5758582502768599, ""trade_quality_min"": 41.33971291866182}",FINNIFTY,NSE_INDEX,FYERS_PAPER_PROXY_RESEARCH,PAPER_OVERRIDE::FYERS_PAPER_PROXY_RESEARCH,paper-strategy-8ade763620b6,opportunity-score-8ade763620b6,universe-a8e55c76a270
202608211319_2_NIFTY_CE,2026-08-21T07:49:31.611466+00:00,NIFTY,2026-08-25,24250.0,CE,105.425,105.3,105.55,21.085,2.0,53.50657159956843,00929e22c867,"{""contract_quality_min"": 0.0, ""direction_min"": 0.0, ""excellent_score_min"": 53.50657159956843, ""execution_quality_min"": 100.0, ""expected_required_ratio_min"": 1.3333333333333337, ""final_confidence_min"": 77.93400260009196, ""iv_crush_max"": 24.0, ""market_hostility_max"": 18.640387959774703, ""min_5depth_lots_each_side"": 97.0, ""min_top_book_lots"": 4.0, ""premium_elasticity_min"": 0.5, ""regime_confidence_min"": 60.0, ""spread_pct_max"": 0.23713540431586438, ""trade_quality_min"": 22.180685358236925}",NIFTY,NSE_INDEX,FYERS_PAPER_PROXY_RESEARCH,PAPER_OVERRIDE::FYERS_PAPER_PROXY_RESEARCH,paper-strategy-8ade763620b6,opportunity-score-8ade763620b6,universe-a8e55c76a270
202608211319_3_FINNIFTY_PE,2026-08-21T07:49:31.611949+00:00,FINNIFTY,2026-08-25,26200.0,PE,71.19999999999999,70.85,71.55,14.239999999999998,2.0,53.058459410700664,e172b0fef65b,"{""contract_quality_min"": 0.0, ""direction_min"": 3.2891355740567216, ""excellent_score_min"": 53.058459410700664, ""execution_quality_min"": 92.15088282503996, ""expected_required_ratio_min"": 1.2500000000000002, ""final_confidence_min"": 84.39528421170706, ""iv_crush_max"": 24.0, ""market_hostility_max"": 19.999225615128033, ""min_5depth_lots_each_side"": 9.0, ""min_top_book_lots"": 2.0, ""premium_elasticity_min"": 0.3, ""regime_confidence_min"": 60.0, ""spread_pct_max"": 0.9831460674157345, ""trade_quality_min"": 41.33971291866182}",FINNIFTY,NSE_INDEX,FYERS_PAPER_PROXY_RESEARCH,PAPER_OVERRIDE::FYERS_PAPER_PROXY_RESEARCH,paper-strategy-8ade763620b6,opportunity-score-8ade763620b6,universe-a8e55c76a270
202608211319_4_BANKNIFTY_PE,2026-08-21T07:49:31.612524+00:00,BANKNIFTY,2026-08-25,57700.0,PE,217.8,217.5,218.1,25.0,2.0,52.53140301393539,2e840ccd58d1,"{""contract_quality_min"": 0.0, ""direction_min"": 2.1767085255578666, ""excellent_score_min"": 52.53140301393539, ""execution_quality_min"": 100.0, ""expected_required_ratio_min"": 1.4166666666666665, ""final_confidence_min"": 79.3927713390774, ""iv_crush_max"": 24.0, ""market_hostility_max"": 20.830405129369865, ""min_5depth_lots_each_side"": 14.0, ""min_top_book_lots"": 2.0, ""premium_elasticity_min"": 0.5, ""regime_confidence_min"": 60.0, ""spread_pct_max"": 0.2754820936639092, ""trade_quality_min"": 25.22088353414577}",BANKNIFTY,NSE_INDEX,FYERS_PAPER_PROXY_RESEARCH,PAPER_OVERRIDE::FYERS_PAPER_PROXY_RESEARCH,paper-strategy-8ade763620b6,opportunity-score-8ade763620b6,universe-a8e55c76a270
202608211319_5_BANKNIFTY_PE,2026-08-21T07:49:31.613139+00:00,BANKNIFTY,2026-08-25,57800.0,PE,265.075,264.7,265.45,25.0,2.0,52.23140301393539,2e840ccd58d1,"{""contract_quality_min"": 0.0, ""direction_min"": 2.1767085255578666, ""excellent_score_min"": 52.23140301393539, ""execution_quality_min"": 100.0, ""expected_required_ratio_min"": 1.4166666666666665, ""final_confidence_min"": 79.3927713390774, ""iv_crush_max"": 24.0, ""market_hostility_max"": 20.830405129369865, ""min_5depth_lots_each_side"": 18.0, ""min_top_book_lots"": 1.0, ""premium_elasticity_min"": 0.7, ""regime_confidence_min"": 60.0, ""spread_pct_max"": 0.28293879090823354, ""trade_quality_min"": 25.22088353414577}",BANKNIFTY,NSE_INDEX,FYERS_PAPER_PROXY_RESEARCH,PAPER_OVERRIDE::FYERS_PAPER_PROXY_RESEARCH,paper-strategy-8ade763620b6,opportunity-score-8ade763620b6,universe-a8e55c76a270
202608211320_1_FINNIFTY_PE,2026-08-21T07:50:33.789157+00:00,FINNIFTY,2026-08-25,26250.0,PE,91.67500000000001,91.4,91.95,18.335000000000004,2.0,57.435826986944676,e172b0fef65b,"{""contract_quality_min"": 0.0, ""direction_min"": 3.2891355740567216, ""excellent_score_min"": 57.435826986944676, ""execution_quality_min"": 100.0, ""expected_required_ratio_min"": 1.25, ""final_confidence_min"": 84.39528421170706, ""iv_crush_max"": 24.0, ""market_hostility_max"": 19.999035229361375, ""min_5depth_lots_each_side"": 11.0, ""min_top_book_lots"": 1.0, ""premium_elasticity_min"": 0.5, ""regime_confidence_min"": 60.0, ""spread_pct_max"": 0.5999454595036783, ""trade_quality_min"": 41.33971291866182}",FINNIFTY,NSE_INDEX,FYERS_PAPER_PROXY_RESEARCH,PAPER_OVERRIDE::FYERS_PAPER_PROXY_RESEARCH,paper-strategy-8ade763620b6,opportunity-score-8ade763620b6,universe-a8e55c76a270
202608211320_2_FINNIFTY_CE,2026-08-21T07:50:33.789820+00:00,FINNIFTY,2026-08-25,26300.0,CE,122.3,122.0,122.6,24.46,2.0,53.64378258361446,e172b0fef65b,"{""contract_quality_min"": 0.0, ""direction_min"": 0.0, ""excellent_score_min"": 53.64378258361446, ""execution_quality_min"": 100.0, ""expected_required_ratio_min"": 1.25, ""final_confidence_min"": 83.40854353949004, ""iv_crush_max"": 24.0, ""market_hostility_max"": 19.999035229361375, ""min_5depth_lots_each_side"": 13.0, ""min_top_book_lots"": 1.0, ""premium_elasticity_min"": 0.3, ""regime_confidence_min"": 60.0, ""spread_pct_max"": 0.4905968928863404, ""trade_quality_min"": 41.33971291866182}",FINNIFTY,NSE_INDEX,FYERS_PAPER_PROXY_RESEARCH,PAPER_OVERRIDE::FYERS_PAPER_PROXY_RESEARCH,paper-strategy-8ade763620b6,opportunity-score-8ade763620b6,universe-a8e55c76a270
202608211320_3_FINNIFTY_PE,2026-08-21T07:50:33.790279+00:00,FINNIFTY,2026-08-25,26200.0,PE,71.775,71.4,72.15,14.355000000000002,2.0,52.60734512398005,e172b0fef65b,"{""contract_quality_min"": 0.0, ""direction_min"": 3.2891355740567216, ""excellent_score_min"": 52.60734512398005, ""execution_quality_min"": 89.50291088222124, ""expected_required_ratio_min"": 1.25, ""final_confidence_min"": 83.85609925872902, ""iv_crush_max"": 24.0, ""market_hostility_max"": 19.999035229361375, ""min_5depth_lots_each_side"": 8.0, ""min_top_book_lots"": 2.0, ""premium_elasticity_min"": 0.3, ""regime_confidence_min"": 60.0, ""spread_pct_max"": 1.0449320794148378, ""trade_quality_min"": 41.33971291866182}",FINNIFTY,NSE_INDEX,FYERS_PAPER_PROXY_RESEARCH,PAPER_OVERRIDE::FYERS_PAPER_PROXY_RESEARCH,paper-strategy-8ade763620b6,opportunity-score-8ade763620b6,universe-a8e55c76a270
202608211320_4_BANKNIFTY_PE,2026-08-21T07:50:33.790807+00:00,BANKNIFTY,2026-08-25,57700.0,PE,218.55,218.3,218.8,25.0,2.0,52.53121979930304,2e840ccd58d1,"{""contract_quality_min"": 0.0, ""direction_min"": 2.1767085255578666, ""excellent_score_min"": 52.53121979930304, ""execution_quality_min"": 100.0, ""expected_required_ratio_min"": 1.4166666666666665, ""final_confidence_min"": 79.3927713390774, ""iv_crush_max"": 24.0, ""market_hostility_max"": 20.831137987899258, ""min_5depth_lots_each_side"": 17.0, ""min_top_book_lots"": 1.0, ""premium_elasticity_min"": 0.5, ""regime_confidence_min"": 60.0, ""spread_pct_max"": 0.22878059940517043, ""trade_quality_min"": 25.22088353414577}",BANKNIFTY,NSE_INDEX,FYERS_PAPER_PROXY_RESEARCH,PAPER_OVERRIDE::FYERS_PAPER_PROXY_RESEARCH,paper-strategy-8ade763620b6,opportunity-score-8ade763620b6,universe-a8e55c76a270
202608211320_5_BANKNIFTY_PE,2026-08-21T07:50:33.791464+00:00,BANKNIFTY,2026-08-25,57800.0,PE,265.275,265.0,265.55,25.0,2.0,52.23121979930304,2e840ccd58d1,"{""contract_quality_min"": 0.0, ""direction_min"": 2.1767085255578666, ""excellent_score_min"": 52.23121979930304, ""execution_quality_min"": 100.0, ""expected_required_ratio_min"": 1.4166666666666665, ""final_confidence_min"": 79.3927713390774, ""iv_crush_max"": 24.0, ""market_hostility_max"": 20.831137987899258, ""min_5depth_lots_each_side"": 22.0, ""min_top_book_lots"": 2.0, ""premium_elasticity_min"": 0.7, ""regime_confidence_min"": 60.0, ""spread_pct_max"": 0.20733201394779435, ""trade_quality_min"": 25.22088353414577}",BANKNIFTY,NSE_INDEX,FYERS_PAPER_PROXY_RESEARCH,PAPER_OVERRIDE::FYERS_PAPER_PROXY_RESEARCH,paper-strategy-8ade763620b6,opportunity-score-8ade763620b6,universe-a8e55c76a270
202608211322_1_BANKNIFTY_PE,2026-08-21T07:52:35.406587+00:00,BANKNIFTY,2026-08-25,57700.0,PE,227.7,227.5,227.9,25.0,2.0,51.58489873105097,2e840ccd58d1,"{""contract_quality_min"": 0.0, ""direction_min"": 1.879068751555099, ""excellent_score_min"": 51.58489873105097, ""execution_quality_min"": 100.0, ""expected_required_ratio_min"": 1.4166666666666667, ""final_confidence_min"": 78.38490599801581, ""iv_crush_max"": 24.0, ""market_hostility_max"": 20.823961010210702, ""min_5depth_lots_each_side"": 10.0, ""min_top_book_lots"": 1.0, ""premium_elasticity_min"": 0.5, ""regime_confidence_min"": 60.0, ""spread_pct_max"": 0.1756697408871347, ""trade_quality_min"": 22.010152284275193}",BANKNIFTY,NSE_INDEX,FYERS_PAPER_PROXY_RESEARCH,PAPER_OVERRIDE::FYERS_PAPER_PROXY_RESEARCH,paper-strategy-8ade763620b6,opportunity-score-8ade763620b6,universe-a8e55c76a270
202608211322_2_BANKNIFTY_CE,2026-08-21T07:52:35.407255+00:00,BANKNIFTY,2026-08-25,57700.0,CE,268.04999999999995,267.9,268.2,25.0,2.0,51.246666355771055,2e840ccd58d1,"{""contract_quality_min"": 0.0, ""direction_min"": 0.0, ""excellent_score_min"": 51.246666355771055, ""execution_quality_min"": 100.0, ""expected_required_ratio_min"": 1.4166666666666667, ""final_confidence_min"": 77.8211853725493, ""iv_crush_max"": 24.0, ""market_hostility_max"": 20.823961010210702, ""min_5depth_lots_each_side"": 18.0, ""min_top_book_lots"": 1.0, ""premium_elasticity_min"": 0.5, ""regime_confidence_min"": 60.0, ""spread_pct_max"": 0.11191941801903056, ""trade_quality_min"": 22.010152284275193}",BANKNIFTY,NSE_INDEX,FYERS_PAPER_PROXY_RESEARCH,PAPER_OVERRIDE::FYERS_PAPER_PROXY_RESEARCH,paper-strategy-8ade763620b6,opportunity-score-8ade763620b6,universe-a8e55c76a270
202608211322_3_BANKNIFTY_CE,2026-08-21T07:52:35.407782+00:00,BANKNIFTY,2026-08-25,57600.0,CE,326.075,325.7,326.45,25.0,2.0,50.94666635577106,2e840ccd58d1,"{""contract_quality_min"": 0.0, ""direction_min"": 0.0, ""excellent_score_min"": 50.94666635577106, ""execution_quality_min"": 100.0, ""expected_required_ratio_min"": 1.4166666666666667, ""final_confidence_min"": 77.8211853725493, ""iv_crush_max"": 24.0, ""market_hostility_max"": 20.823961010210702, ""min_5depth_lots_each_side"": 10.0, ""min_top_book_lots"": 2.0, ""premium_elasticity_min"": 0.7, ""regime_confidence_min"": 60.0, ""spread_pct_max"": 0.2300084336425669, ""trade_quality_min"": 22.010152284275193}",BANKNIFTY,NSE_INDEX,FYERS_PAPER_PROXY_RESEARCH,PAPER_OVERRIDE::FYERS_PAPER_PROXY_RESEARCH,paper-strategy-8ade763620b6,opportunity-score-8ade763620b6,universe-a8e55c76a270
202608211322_4_BANKNIFTY_PE,2026-08-21T07:52:35.408391+00:00,BANKNIFTY,2026-08-25,57600.0,PE,185.825,185.65,186.0,25.0,2.0,48.38489873105097,2e840ccd58d1,"{""contract_quality_min"": 0.0, ""direction_min"": 1.879068751555099, ""excellent_score_min"": 48.38489873105097, ""execution_quality_min"": 100.0, ""expected_required_ratio_min"": 1.4166666666666667, ""final_confidence_min"": 78.38490599801581, ""iv_crush_max"": 24.0, ""market_hostility_max"": 20.823961010210702, ""min_5depth_lots_each_side"": 19.0, ""min_top_book_lots"": 2.0, ""premium_elasticity_min"": 0.3, ""regime_confidence_min"": 60.0, ""spread_pct_max"": 0.1883492533297427, ""trade_quality_min"": 22.010152284275193}",BANKNIFTY,NSE_INDEX,FYERS_PAPER_PROXY_RESEARCH,PAPER_OVERRIDE::FYERS_PAPER_PROXY_RESEARCH,paper-strategy-8ade763620b6,opportunity-score-8ade763620b6,universe-a8e55c76a270
202608211322_5_BANKNIFTY_CE,2026-08-21T07:52:35.408996+00:00,BANKNIFTY,2026-08-25,57800.0,CE,217.7,217.4,218.0,25.0,2.0,48.04666635577106,2e840ccd58d1,"{""contract_quality_min"": 0.0, ""direction_min"": 0.0, ""excellent_score_min"": 48.04666635577106, ""execution_quality_min"": 100.0, ""expected_required_ratio_min"": 1.4166666666666667, ""final_confidence_min"": 77.8211853725493, ""iv_crush_max"": 24.0, ""market_hostility_max"": 20.823961010210702, ""min_5depth_lots_each_side"": 10.0, ""min_top_book_lots"": 1.0, ""premium_elasticity_min"": 0.3, ""regime_confidence_min"": 60.0, ""spread_pct_max"": 0.2756086357372505, ""trade_quality_min"": 22.010152284275193}",BANKNIFTY,NSE_INDEX,FYERS_PAPER_PROXY_RESEARCH,PAPER_OVERRIDE::FYERS_PAPER_PROXY_RESEARCH,paper-strategy-8ade763620b6,opportunity-score-8ade763620b6,universe-a8e55c76a270
202608211323_1_NIFTY_CE,2026-08-21T07:53:44.789042+00:00,NIFTY,2026-08-25,24200.0,CE,131.8,131.65,131.95,25.0,2.0,57.1703241464013,00929e22c867,"{""contract_quality_min"": 0.0, ""direction_min"": 0.0, ""excellent_score_min"": 57.1703241464013, ""execution_quality_min"": 100.0, ""expected_required_ratio_min"": 1.3333333333333335, ""final_confidence_min"": 81.88922084547589, ""iv_crush_max"": 24.0, ""market_hostility_max"": 18.78217426883735, ""min_5depth_lots_each_side"": 109.0, ""min_top_book_lots"": 6.0, ""premium_elasticity_min"": 0.7, ""regime_confidence_min"": 60.0, ""spread_pct_max"": 0.22761760242790813, ""trade_quality_min"": 36.45360824741481}",NIFTY,NSE_INDEX,FYERS_PAPER_PROXY_RESEARCH,PAPER_OVERRIDE::FYERS_PAPER_PROXY_RESEARCH,paper-strategy-8ade763620b6,opportunity-score-8ade763620b6,universe-a8e55c76a270
202608211323_2_BANKNIFTY_PE,2026-08-21T07:53:44.789724+00:00,BANKNIFTY,2026-08-25,57700.0,PE,229.35,229.2,229.5,25.0,2.0,53.32445901028471,2e840ccd58d1,"{""contract_quality_min"": 0.0, ""direction_min"": 2.6559227771384624, ""excellent_score_min"": 53.32445901028471, ""execution_quality_min"": 100.0, ""expected_required_ratio_min"": 1.4166666666666667, ""final_confidence_min"": 80.27760446032954, ""iv_crush_max"": 24.0, ""market_hostility_max"": 21.009479555138668, ""min_5depth_lots_each_side"": 17.0, ""min_top_book_lots"": 1.0, ""premium_elasticity_min"": 0.5, ""regime_confidence_min"": 60.0, ""spread_pct_max"": 0.13080444735121488, ""trade_quality_min"": 27.930720145862598}",BANKNIFTY,NSE_INDEX,FYERS_PAPER_PROXY_RESEARCH,PAPER_OVERRIDE::FYERS_PAPER_PROXY_RESEARCH,paper-strategy-8ade763620b6,opportunity-score-8ade763620b6,universe-a8e55c76a270
202608211323_3_BANKNIFTY_PE,2026-08-21T07:53:44.790342+00:00,BANKNIFTY,2026-08-25,57800.0,PE,277.8,277.6,278.0,25.0,2.0,53.0244590102847,2e840ccd58d1,"{""contract_quality_min"": 0.0, ""direction_min"": 2.6559227771384624, ""excellent_score_min"": 53.0244590102847, ""execution_quality_min"": 100.0, ""expected_required_ratio_min"": 1.4166666666666667, ""final_confidence_min"": 80.27760446032954, ""iv_crush_max"": 24.0, ""market_hostility_max"": 21.009479555138668, ""min_5depth_lots_each_side"": 17.0, ""min_top_book_lots"": 3.0, ""premium_elasticity_min"": 0.7, ""regime_confidence_min"": 60.0, ""spread_pct_max"": 0.14398848092151809, ""trade_quality_min"": 27.930720145862598}",BANKNIFTY,NSE_INDEX,FYERS_PAPER_PROXY_RESEARCH,PAPER_OVERRIDE::FYERS_PAPER_PROXY_RESEARCH,paper-strategy-8ade763620b6,opportunity-score-8ade763620b6,universe-a8e55c76a270
202608211323_4_BANKNIFTY_CE,2026-08-21T07:53:44.790828+00:00,BANKNIFTY,2026-08-25,57700.0,CE,268.15,268.0,268.3,25.0,2.0,52.846392910399786,2e840ccd58d1,"{""contract_quality_min"": 0.0, ""direction_min"": 0.0, ""excellent_score_min"": 52.846392910399786, ""execution_quality_min"": 100.0, ""expected_required_ratio_min"": 1.4166666666666667, ""final_confidence_min"": 79.480827627188, ""iv_crush_max"": 24.0, ""market_hostility_max"": 21.009479555138668, ""min_5depth_lots_each_side"": 27.0, ""min_top_book_lots"": 7.0, ""premium_elasticity_min"": 0.5, ""regime_confidence_min"": 60.0, ""spread_pct_max"": 0.11187768040276388, ""trade_quality_min"": 27.930720145862598}",BANKNIFTY,NSE_INDEX,FYERS_PAPER_PROXY_RESEARCH,PAPER_OVERRIDE::FYERS_PAPER_PROXY_RESEARCH,paper-strategy-8ade763620b6,opportunity-score-8ade763620b6,universe-a8e55c76a270
202608211323_5_BANKNIFTY_CE,2026-08-21T07:53:44.791483+00:00,BANKNIFTY,2026-08-25,57600.0,CE,325.725,325.4,326.05,25.0,2.0,52.546392910399774,2e840ccd58d1,"{""contract_quality_min"": 0.0, ""direction_min"": 0.0, ""excellent_score_min"": 52.546392910399774, ""execution_quality_min"": 100.0, ""expected_required_ratio_min"": 1.4166666666666667, ""final_confidence_min"": 79.480827627188, ""iv_crush_max"": 24.0, ""market_hostility_max"": 21.009479555138668, ""min_5depth_lots_each_side"": 6.0, ""min_top_book_lots"": 1.0, ""premium_elasticity_min"": 0.7, ""regime_confidence_min"": 60.0, ""spread_pct_max"": 0.19955483920486117, ""trade_quality_min"": 27.930720145862598}",BANKNIFTY,NSE_INDEX,FYERS_PAPER_PROXY_RESEARCH,PAPER_OVERRIDE::FYERS_PAPER_PROXY_RESEARCH,paper-strategy-8ade763620b6,opportunity-score-8ade763620b6,universe-a8e55c76a270
202608211325_1_BANKNIFTY_PE,2026-08-21T07:55:14.435234+00:00,BANKNIFTY,2026-08-25,57700.0,PE,227.25,227.0,227.5,25.0,2.0,57.34033942129138,2e840ccd58d1,"{""contract_quality_min"": 0.0, ""direction_min"": 3.515331473396903, ""excellent_score_min"": 57.34033942129138, ""execution_quality_min"": 100.0, ""expected_required_ratio_min"": 1.4166666666666667, ""final_confidence_min"": 84.43096944578426, ""iv_crush_max"": 24.0, ""market_hostility_max"": 20.537794726435372, ""min_5depth_lots_each_side"": 14.0, ""min_top_book_lots"": 1.0, ""premium_elasticity_min"": 0.5, ""regime_confidence_min"": 60.0, ""spread_pct_max"": 0.22002200220022, ""trade_quality_min"": 41.345565749249054}",BANKNIFTY,NSE_INDEX,FYERS_PAPER_PROXY_RESEARCH,PAPER_OVERRIDE::FYERS_PAPER_PROXY_RESEARCH,paper-strategy-8ade763620b6,opportunity-score-8ade763620b6,universe-a8e55c76a270
202608211325_2_BANKNIFTY_PE,2026-08-21T07:55:14.435872+00:00,BANKNIFTY,2026-08-25,57800.0,PE,275.675,275.35,276.0,25.0,2.0,57.040339421291385,2e840ccd58d1,"{""contract_quality_min"": 0.0, ""direction_min"": 3.515331473396903, ""excellent_score_min"": 57.040339421291385, ""execution_quality_min"": 100.0, ""expected_required_ratio_min"": 1.4166666666666667, ""final_confidence_min"": 84.43096944578426, ""iv_crush_max"": 24.0, ""market_hostility_max"": 20.537794726435372, ""min_5depth_lots_each_side"": 10.0, ""min_top_book_lots"": 1.0, ""premium_elasticity_min"": 0.7, ""regime_confidence_min"": 60.0, ""spread_pct_max"": 0.23578489162962812, ""trade_quality_min"": 41.345565749249054}",BANKNIFTY,NSE_INDEX,FYERS_PAPER_PROXY_RESEARCH,PAPER_OVERRIDE::FYERS_PAPER_PROXY_RESEARCH,paper-strategy-8ade763620b6,opportunity-score-8ade763620b6,universe-a8e55c76a270
202608211325_3_BANKNIFTY_CE,2026-08-21T07:55:14.436360+00:00,BANKNIFTY,2026-08-25,57700.0,CE,270.525,270.15,270.9,25.0,2.0,56.70757975607994,2e840ccd58d1,"{""contract_quality_min"": 0.0, ""direction_min"": 0.0, ""excellent_score_min"": 56.70757975607994, ""execution_quality_min"": 100.0, ""expected_required_ratio_min"": 1.4166666666666667, ""final_confidence_min"": 83.37637000376517, ""iv_crush_max"": 24.0, ""market_hostility_max"": 20.537794726435372, ""min_5depth_lots_each_side"": 13.0, ""min_top_book_lots"": 1.0, ""premium_elasticity_min"": 0.5, ""regime_confidence_min"": 60.0, ""spread_pct_max"": 0.2772387025228722, ""trade_quality_min"": 41.345565749249054}",BANKNIFTY,NSE_INDEX,FYERS_PAPER_PROXY_RESEARCH,PAPER_OVERRIDE::FYERS_PAPER_PROXY_RESEARCH,paper-strategy-8ade763620b6,opportunity-score-8ade763620b6,universe-a8e55c76a270
202608211325_4_BANKNIFTY_PE,2026-08-21T07:55:14.437154+00:00,BANKNIFTY,2026-08-25,57600.0,PE,185.95,185.75,186.15,25.0,2.0,54.14033942129138,2e840ccd58d1,"{""contract_quality_min"": 0.0, ""direction_min"": 3.515331473396903, ""excellent_score_min"": 54.14033942129138, ""execution_quality_min"": 100.0, ""expected_required_ratio_min"": 1.4166666666666667, ""final_confidence_min"": 84.43096944578426, ""iv_crush_max"": 24.0, ""market_hostility_max"": 20.537794726435372, ""min_5depth_lots_each_side"": 15.0, ""min_top_book_lots"": 1.0, ""premium_elasticity_min"": 0.3, ""regime_confidence_min"": 60.0, ""spread_pct_max"": 0.2151115891368678, ""trade_quality_min"": 41.345565749249054}",BANKNIFTY,NSE_INDEX,FYERS_PAPER_PROXY_RESEARCH,PAPER_OVERRIDE::FYERS_PAPER_PROXY_RESEARCH,paper-strategy-8ade763620b6,opportunity-score-8ade763620b6,universe-a8e55c76a270
202608211325_5_BANKNIFTY_CE,2026-08-21T07:55:14.437810+00:00,BANKNIFTY,2026-08-25,57800.0,CE,217.89999999999998,217.6,218.2,25.0,2.0,53.507579756079934,2e840ccd58d1,"{""contract_quality_min"": 0.0, ""direction_min"": 0.0, ""excellent_score_min"": 53.507579756079934, ""execution_quality_min"": 100.0, ""expected_required_ratio_min"": 1.4166666666666667, ""final_confidence_min"": 83.37637000376517, ""iv_crush_max"": 24.0, ""market_hostility_max"": 20.537794726435372, ""min_5depth_lots_each_side"": 21.0, ""min_top_book_lots"": 2.0, ""premium_elasticity_min"": 0.3, ""regime_confidence_min"": 60.0, ""spread_pct_max"": 0.2753556677374917, ""trade_quality_min"": 41.345565749249054}",BANKNIFTY,NSE_INDEX,FYERS_PAPER_PROXY_RESEARCH,PAPER_OVERRIDE::FYERS_PAPER_PROXY_RESEARCH,paper-strategy-8ade763620b6,opportunity-score-8ade763620b6,universe-a8e55c76a270
202608211326_1_NIFTY_CE,2026-08-21T07:56:16.803164+00:00,NIFTY,2026-08-25,24200.0,CE,133.8,133.65,133.95,25.0,2.0,51.356197867345934,00929e22c867,"{""contract_quality_min"": 0.0, ""direction_min"": 0.0, ""excellent_score_min"": 51.356197867345934, ""execution_quality_min"": 100.0, ""expected_required_ratio_min"": 1.3333333333333333, ""final_confidence_min"": 75.95580417682547, ""iv_crush_max"": 24.0, ""market_hostility_max"": 18.545499429942243, ""min_5depth_lots_each_side"": 137.0, ""min_top_book_lots"": 15.0, ""premium_elasticity_min"": 0.7, ""regime_confidence_min"": 60.0, ""spread_pct_max"": 0.22421524663675854, ""trade_quality_min"": 15.570469798653523}",NIFTY,NSE_INDEX,FYERS_PAPER_PROXY_RESEARCH,PAPER_OVERRIDE::FYERS_PAPER_PROXY_RESEARCH,paper-strategy-8ade763620b6,opportunity-score-8ade763620b6,universe-a8e55c76a270
202608211326_2_MIDCPNIFTY_CE,2026-08-21T07:56:16.803764+00:00,MIDCPNIFTY,2026-08-25,14850.0,CE,62.55,62.35,62.75,12.51,2.0,51.32437415186534,712afad509f5,"{""contract_quality_min"": 0.0, ""direction_min"": 0.0, ""excellent_score_min"": 51.32437415186534, ""execution_quality_min"": 100.0, ""expected_required_ratio_min"": 1.0833333333333333, ""final_confidence_min"": 78.46521935116712, ""iv_crush_max"": 24.0, ""market_hostility_max"": 19.04323566672956, ""min_5depth_lots_each_side"": 13.0, ""min_top_book_lots"": 2.0, ""premium_elasticity_min"": 0.5, ""regime_confidence_min"": 60.0, ""spread_pct_max"": 0.6394884092725797, ""trade_quality_min"": 24.039408866994506}",MIDCPNIFTY,NSE_INDEX,FYERS_PAPER_PROXY_RESEARCH,PAPER_OVERRIDE::FYERS_PAPER_PROXY_RESEARCH,paper-strategy-8ade763620b6,opportunity-score-8ade763620b6,universe-a8e55c76a270
202608211326_3_MIDCPNIFTY_PE,2026-08-21T07:56:16.804250+00:00,MIDCPNIFTY,2026-08-25,14875.0,PE,76.55,76.3,76.8,15.31,2.0,51.320298122582805,712afad509f5,"{""contract_quality_min"": 0.0, ""direction_min"": 1.6440220595415052, ""excellent_score_min"": 51.320298122582805, ""execution_quality_min"": 100.0, ""expected_required_ratio_min"": 1.0833333333333333, ""final_confidence_min"": 78.95842596902958, ""iv_crush_max"": 24.0, ""market_hostility_max"": 19.04323566672956, ""min_5depth_lots_each_side"": 19.0, ""min_top_book_lots"": 1.0, ""premium_elasticity_min"": 0.7, ""regime_confidence_min"": 60.0, ""spread_pct_max"": 0.6531678641410843, ""trade_quality_min"": 24.039408866994506}",MIDCPNIFTY,NSE_INDEX,FYERS_PAPER_PROXY_RESEARCH,PAPER_OVERRIDE::FYERS_PAPER_PROXY_RESEARCH,paper-strategy-8ade763620b6,opportunity-score-8ade763620b6,universe-a8e55c76a270
202608211326_4_MIDCPNIFTY_CE,2026-08-21T07:56:16.804657+00:00,MIDCPNIFTY,2026-08-25,14825.0,CE,76.05,75.8,76.3,15.21,2.0,51.02437415186534,712afad509f5,"{""contract_quality_min"": 0.0, ""direction_min"": 0.0, ""excellent_score_min"": 51.02437415186534, ""execution_quality_min"": 100.0, ""expected_required_ratio_min"": 1.0833333333333333, ""final_confidence_min"": 78.46521935116712, ""iv_crush_max"": 24.0, ""market_hostility_max"": 19.04323566672956, ""min_5depth_lots_each_side"": 10.0, ""min_top_book_lots"": 1.0, ""premium_elasticity_min"": 0.7, ""regime_confidence_min"": 60.0, ""spread_pct_max"": 0.6574621959237344, ""trade_quality_min"": 24.039408866994506}",MIDCPNIFTY,NSE_INDEX,FYERS_PAPER_PROXY_RESEARCH,PAPER_OVERRIDE::FYERS_PAPER_PROXY_RESEARCH,paper-strategy-8ade763620b6,opportunity-score-8ade763620b6,universe-a8e55c76a270
202608211326_5_MIDCPNIFTY_PE,2026-08-21T07:56:16.805057+00:00,MIDCPNIFTY,2026-08-25,14850.0,PE,63.7,63.4,64.0,12.740000000000002,2.0,50.7079859449645,712afad509f5,"{""contract_quality_min"": 0.0, ""direction_min"": 1.6440220595415052, ""excellent_score_min"": 50.7079859449645, ""execution_quality_min"": 93.91791881587791, ""expected_required_ratio_min"": 1.0833333333333333, ""final_confidence_min"": 78.95842596902958, ""iv_crush_max"": 24.0, ""market_hostility_max"": 19.04323566672956, ""min_5depth_lots_each_side"": 12.0, ""min_top_book_lots"": 2.0, ""premium_elasticity_min"": 0.5, ""regime_confidence_min"": 60.0, ""spread_pct_max"": 0.9419152276295155, ""trade_quality_min"": 24.039408866994506}",MIDCPNIFTY,NSE_INDEX,FYERS_PAPER_PROXY_RESEARCH,PAPER_OVERRIDE::FYERS_PAPER_PROXY_RESEARCH,paper-strategy-8ade763620b6,opportunity-score-8ade763620b6,universe-a8e55c76a270
202608211328_1_NIFTY_CE,2026-08-21T07:58:08.742581+00:00,NIFTY,2026-08-25,24200.0,CE,134.2,134.05,134.35,25.0,2.0,57.708947538232486,00929e22c867,"{""contract_quality_min"": 0.0, ""direction_min"": 0.0, ""excellent_score_min"": 57.708947538232486, ""execution_quality_min"": 100.0, ""expected_required_ratio_min"": 1.3333333333333335, ""final_confidence_min"": 82.60109214877522, ""iv_crush_max"": 24.0, ""market_hostility_max"": 18.53152067858029, ""min_5depth_lots_each_side"": 129.0, ""min_top_book_lots"": 9.0, ""premium_elasticity_min"": 0.7, ""regime_confidence_min"": 60.0, ""spread_pct_max"": 0.22354694485840756, ""trade_quality_min"": 38.323353293419856}",NIFTY,NSE_INDEX,FYERS_PAPER_PROXY_RESEARCH,PAPER_OVERRIDE::FYERS_PAPER_PROXY_RESEARCH,paper-strategy-8ade763620b6,opportunity-score-8ade763620b6,universe-a8e55c76a270
202608211328_2_BANKNIFTY_PE,2026-08-21T07:58:08.743336+00:00,BANKNIFTY,2026-08-25,57700.0,PE,224.575,224.35,224.8,25.0,2.0,52.037950415046566,2e840ccd58d1,"{""contract_quality_min"": 0.0, ""direction_min"": 1.7682438997752425, ""excellent_score_min"": 52.037950415046566, ""execution_quality_min"": 100.0, ""expected_required_ratio_min"": 1.4166666666666667, ""final_confidence_min"": 78.87325052225044, ""iv_crush_max"": 24.0, ""market_hostility_max"": 20.823824679526226, ""min_5depth_lots_each_side"": 7.0, ""min_top_book_lots"": 1.0, ""premium_elasticity_min"": 0.5, ""regime_confidence_min"": 60.0, ""spread_pct_max"": 0.2003784927084569, ""trade_quality_min"": 23.693379790947176}",BANKNIFTY,NSE_INDEX,FYERS_PAPER_PROXY_RESEARCH,PAPER_OVERRIDE::FYERS_PAPER_PROXY_RESEARCH,paper-strategy-8ade763620b6,opportunity-score-8ade763620b6,universe-a8e55c76a270
202608211328_3_BANKNIFTY_PE,2026-08-21T07:58:08.743881+00:00,BANKNIFTY,2026-08-25,57800.0,PE,272.35,272.0,272.7,25.0,2.0,51.73795041504657,2e840ccd58d1,"{""contract_quality_min"": 0.0, ""direction_min"": 1.7682438997752425, ""excellent_score_min"": 51.73795041504657, ""execution_quality_min"": 100.0, ""expected_required_ratio_min"": 1.4166666666666667, ""final_confidence_min"": 78.87325052225044, ""iv_crush_max"": 24.0, ""market_hostility_max"": 20.823824679526226, ""min_5depth_lots_each_side"": 13.0, ""min_top_book_lots"": 1.0, ""premium_elasticity_min"": 0.7, ""regime_confidence_min"": 60.0, ""spread_pct_max"": 0.2570222140627827, ""trade_quality_min"": 23.693379790947176}",BANKNIFTY,NSE_INDEX,FYERS_PAPER_PROXY_RESEARCH,PAPER_OVERRIDE::FYERS_PAPER_PROXY_RESEARCH,paper-strategy-8ade763620b6,opportunity-score-8ade763620b6,universe-a8e55c76a270
202608211328_4_BANKNIFTY_CE,2026-08-21T07:58:08.744419+00:00,BANKNIFTY,2026-08-25,57700.0,CE,273.32500000000005,273.05,273.6,25.0,2.0,51.71966651308702,2e840ccd58d1,"{""contract_quality_min"": 0.0, ""direction_min"": 0.0, ""excellent_score_min"": 51.71966651308702, ""execution_quality_min"": 100.0, ""expected_required_ratio_min"": 1.4166666666666667, ""final_confidence_min"": 78.34277735231787, ""iv_crush_max"": 24.0, ""market_hostility_max"": 20.823824679526226, ""min_5depth_lots_each_side"": 24.0, ""min_top_book_lots"": 2.0, ""premium_elasticity_min"": 0.5, ""regime_confidence_min"": 60.0, ""spread_pct_max"": 0.20122564712339203, ""trade_quality_min"": 23.693379790947176}",BANKNIFTY,NSE_INDEX,FYERS_PAPER_PROXY_RESEARCH,PAPER_OVERRIDE::FYERS_PAPER_PROXY_RESEARCH,paper-strategy-8ade763620b6,opportunity-score-8ade763620b6,universe-a8e55c76a270
202608211328_5_BANKNIFTY_CE,2026-08-21T07:58:08.747728+00:00,BANKNIFTY,2026-08-25,57600.0,CE,331.675,331.35,332.0,25.0,2.0,51.41966651308702,2e840ccd58d1,"{""contract_quality_min"": 0.0, ""direction_min"": 0.0, ""excellent_score_min"": 51.41966651308702, ""execution_quality_min"": 100.0, ""expected_required_ratio_min"": 1.4166666666666667, ""final_confidence_min"": 78.34277735231787, ""iv_crush_max"": 24.0, ""market_hostility_max"": 20.823824679526226, ""min_5depth_lots_each_side"": 13.0, ""min_top_book_lots"": 6.0, ""premium_elasticity_min"": 0.7, ""regime_confidence_min"": 60.0, ""spread_pct_max"": 0.19597497550312118, ""trade_quality_min"": 23.693379790947176}",BANKNIFTY,NSE_INDEX,FYERS_PAPER_PROXY_RESEARCH,PAPER_OVERRIDE::FYERS_PAPER_PROXY_RESEARCH,paper-strategy-8ade763620b6,opportunity-score-8ade763620b6,universe-a8e55c76a270
202608211329_1_NIFTY_CE,2026-08-21T07:59:30.749093+00:00,NIFTY,2026-08-25,24250.0,CE,102.625,102.5,102.75,20.525000000000002,2.0,53.208051729584255,00929e22c867,"{""contract_quality_min"": 0.0, ""direction_min"": 0.0, ""excellent_score_min"": 53.208051729584255, ""execution_quality_min"": 100.0, ""expected_required_ratio_min"": 1.3333333333333335, ""final_confidence_min"": 77.6317876541407, ""iv_crush_max"": 24.0, ""market_hostility_max"": 18.46243913573783, ""min_5depth_lots_each_side"": 244.0, ""min_top_book_lots"": 7.0, ""premium_elasticity_min"": 0.5, ""regime_confidence_min"": 60.0, ""spread_pct_max"": 0.24360535931790497, ""trade_quality_min"": 21.10749185668074}",NIFTY,NSE_INDEX,FYERS_PAPER_PROXY_RESEARCH,PAPER_OVERRIDE::FYERS_PAPER_PROXY_RESEARCH,paper-strategy-8ade763620b6,opportunity-score-8ade763620b6,universe-a8e55c76a270
202608211329_2_NIFTY_CE,2026-08-21T07:59:30.749901+00:00,NIFTY,2026-08-25,24200.0,CE,136.175,136.0,136.35,25.0,2.0,52.90805172958426,00929e22c867,"{""contract_quality_min"": 0.0, ""direction_min"": 0.0, ""excellent_score_min"": 52.90805172958426, ""execution_quality_min"": 100.0, ""expected_required_ratio_min"": 1.3333333333333335, ""final_confidence_min"": 77.6317876541407, ""iv_crush_max"": 24.0, ""market_hostility_max"": 18.46243913573783, ""min_5depth_lots_each_side"": 124.0, ""min_top_book_lots"": 7.0, ""premium_elasticity_min"": 0.7, ""regime_confidence_min"": 60.0, ""spread_pct_max"": 0.2570222140627827, ""trade_quality_min"": 21.10749185668074}",NIFTY,NSE_INDEX,FYERS_PAPER_PROXY_RESEARCH,PAPER_OVERRIDE::FYERS_PAPER_PROXY_RESEARCH,paper-strategy-8ade763620b6,opportunity-score-8ade763620b6,universe-a8e55c76a270
202608211329_3_BANKNIFTY_PE,2026-08-21T07:59:30.754574+00:00,BANKNIFTY,2026-08-25,57700.0,PE,222.875,222.7,223.05,25.0,2.0,52.03786962390099,2e840ccd58d1,"{""contract_quality_min"": 0.0, ""direction_min"": 1.7682438997752425, ""excellent_score_min"": 52.03786962390099, ""execution_quality_min"": 100.0, ""expected_required_ratio_min"": 1.4166666666666667, ""final_confidence_min"": 78.87325052225044, ""iv_crush_max"": 24.0, ""market_hostility_max"": 20.824147844108538, ""min_5depth_lots_each_side"": 19.0, ""min_top_book_lots"": 1.0, ""premium_elasticity_min"": 0.5, ""regime_confidence_min"": 60.0, ""spread_pct_max"": 0.15703869882221996, ""trade_quality_min"": 23.693379790947176}",BANKNIFTY,NSE_INDEX,FYERS_PAPER_PROXY_RESEARCH,PAPER_OVERRIDE::FYERS_PAPER_PROXY_RESEARCH,paper-strategy-8ade763620b6,opportunity-score-8ade763620b6,universe-a8e55c76a270
202608211329_4_BANKNIFTY_CE,2026-08-21T07:59:30.757303+00:00,BANKNIFTY,2026-08-25,57700.0,CE,273.29999999999995,272.95,273.65,25.0,2.0,51.71958572194144,2e840ccd58d1,"{""contract_quality_min"": 0.0, ""direction_min"": 0.0, ""excellent_score_min"": 51.71958572194144, ""execution_quality_min"": 100.0, ""expected_required_ratio_min"": 1.4166666666666667, ""final_confidence_min"": 78.34277735231787, ""iv_crush_max"": 24.0, ""market_hostility_max"": 20.824147844108538, ""min_5depth_lots_each_side"": 12.0, ""min_top_book_lots"": 1.0, ""premium_elasticity_min"": 0.5, ""regime_confidence_min"": 60.0, ""spread_pct_max"": 0.2561287961946538, ""trade_quality_min"": 23.693379790947176}",BANKNIFTY,NSE_INDEX,FYERS_PAPER_PROXY_RESEARCH,PAPER_OVERRIDE::FYERS_PAPER_PROXY_RESEARCH,paper-strategy-8ade763620b6,opportunity-score-8ade763620b6,universe-a8e55c76a270
202608211329_5_BANKNIFTY_PE,2026-08-21T07:59:30.758003+00:00,BANKNIFTY,2026-08-25,57600.0,PE,181.725,181.45,182.0,25.0,2.0,48.837869623900986,2e840ccd58d1,"{""contract_quality_min"": 0.0, ""direction_min"": 1.7682438997752425, ""excellent_score_min"": 48.837869623900986, ""execution_quality_min"": 100.0, ""expected_required_ratio_min"": 1.4166666666666667, ""final_confidence_min"": 78.87325052225044, ""iv_crush_max"": 24.0, ""market_hostility_max"": 20.824147844108538, ""min_5depth_lots_each_side"": 17.0, ""min_top_book_lots"": 2.0, ""premium_elasticity_min"": 0.3, ""regime_confidence_min"": 60.0, ""spread_pct_max"": 0.3026551107442627, ""trade_quality_min"": 23.693379790947176}",BANKNIFTY,NSE_INDEX,FYERS_PAPER_PROXY_RESEARCH,PAPER_OVERRIDE::FYERS_PAPER_PROXY_RESEARCH,paper-strategy-8ade763620b6,opportunity-score-8ade763620b6,universe-a8e55c76a270
202608211330_1_NIFTY_CE,2026-08-21T08:00:37.210680+00:00,NIFTY,2026-08-25,24250.0,CE,105.325,105.2,105.45,21.065,2.0,60.9139598339988,00929e22c867,"{""contract_quality_min"": 0.0, ""direction_min"": 3.3995853661049864, ""excellent_score_min"": 60.9139598339988, ""execution_quality_min"": 100.0, ""expected_required_ratio_min"": 1.3333333333333333, ""final_confidence_min"": 85.97603949983518, ""iv_crush_max"": 24.0, ""market_hostility_max"": 18.60994949369985, ""min_5depth_lots_each_side"": 184.0, ""min_top_book_lots"": 7.0, ""premium_elasticity_min"": 0.5, ""regime_confidence_min"": 60.0, ""spread_pct_max"": 0.23736055067647754, ""trade_quality_min"": 46.55367231639812}",NIFTY,NSE_INDEX,FYERS_PAPER_PROXY_RESEARCH,PAPER_OVERRIDE::FYERS_PAPER_PROXY_RESEARCH,paper-strategy-8ade763620b6,opportunity-score-8ade763620b6,universe-a8e55c76a270
202608211330_2_NIFTY_CE,2026-08-21T08:00:37.211294+00:00,NIFTY,2026-08-25,24200.0,CE,139.35,139.2,139.5,25.0,2.0,60.613959833998805,00929e22c867,"{""contract_quality_min"": 0.0, ""direction_min"": 3.3995853661049864, ""excellent_score_min"": 60.613959833998805, ""execution_quality_min"": 100.0, ""expected_required_ratio_min"": 1.3333333333333333, ""final_confidence_min"": 85.97603949983518, ""iv_crush_max"": 24.0, ""market_hostility_max"": 18.60994949369985, ""min_5depth_lots_each_side"": 138.0, ""min_top_book_lots"": 2.0, ""premium_elasticity_min"": 0.7, ""regime_confidence_min"": 60.0, ""spread_pct_max"": 0.21528525296018042, ""trade_quality_min"": 46.55367231639812}",NIFTY,NSE_INDEX,FYERS_PAPER_PROXY_RESEARCH,PAPER_OVERRIDE::FYERS_PAPER_PROXY_RESEARCH,paper-strategy-8ade763620b6,opportunity-score-8ade763620b6,universe-a8e55c76a270
202608211330_3_MIDCPNIFTY_CE,2026-08-21T08:00:37.212427+00:00,MIDCPNIFTY,2026-08-25,14850.0,CE,64.4,64.15,64.65,12.880000000000003,2.0,53.70042554380675,712afad509f5,"{""contract_quality_min"": 0.0, ""direction_min"": 2.830551081337907, ""excellent_score_min"": 53.70042554380675, ""execution_quality_min"": 100.0, ""expected_required_ratio_min"": 1.0833333333333333, ""final_confidence_min"": 81.1553518929714, ""iv_crush_max"": 24.0, ""market_hostility_max"": 19.2892094941989, ""min_top_book_lots"": 0.0, ""premium_elasticity_min"": 0.5, ""regime_confidence_min"": 60.0, ""spread_pct_max"": 0.7763975155279502, ""trade_quality_min"": 30.76923076923569}",MIDCPNIFTY,NSE_INDEX,FYERS_PAPER_PROXY_RESEARCH,PAPER_OVERRIDE::FYERS_PAPER_PROXY_RESEARCH,paper-strategy-8ade763620b6,opportunity-score-8ade763620b6,universe-a8e55c76a270
202608211330_4_MIDCPNIFTY_CE,2026-08-21T08:00:37.213028+00:00,MIDCPNIFTY,2026-08-25,14825.0,CE,78.825,78.65,79.0,15.765,2.0,53.40042554380675,712afad509f5,"{""contract_quality_min"": 0.0, ""direction_min"": 2.830551081337907, ""excellent_score_min"": 53.40042554380675, ""execution_quality_min"": 100.0, ""expected_required_ratio_min"": 1.0833333333333333, ""final_confidence_min"": 81.1553518929714, ""iv_crush_max"": 24.0, ""market_hostility_max"": 19.2892094941989, ""min_5depth_lots_each_side"": 11.0, ""min_top_book_lots"": 2.0, ""premium_elasticity_min"": 0.7, ""regime_confidence_min"": 60.0, ""spread_pct_max"": 0.44402156676180693, ""trade_quality_min"": 30.76923076923569}",MIDCPNIFTY,NSE_INDEX,FYERS_PAPER_PROXY_RESEARCH,PAPER_OVERRIDE::FYERS_PAPER_PROXY_RESEARCH,paper-strategy-8ade763620b6,opportunity-score-8ade763620b6,universe-a8e55c76a270
202608211330_5_MIDCPNIFTY_PE,2026-08-21T08:00:37.213735+00:00,MIDCPNIFTY,2026-08-25,14850.0,PE,60.625,60.45,60.8,12.125,2.0,53.19092634916593,712afad509f5,"{""contract_quality_min"": 0.0, ""direction_min"": 0.0, ""excellent_score_min"": 53.19092634916593, ""execution_quality_min"": 100.0, ""expected_required_ratio_min"": 1.0833333333333333, ""final_confidence_min"": 80.30618656857001, ""iv_crush_max"": 24.0, ""market_hostility_max"": 19.2892094941989, ""min_5depth_lots_each_side"": 11.0, ""min_top_book_lots"": 2.0, ""premium_elasticity_min"": 0.5, ""regime_confidence_min"": 60.0, ""spread_pct_max"": 0.5773195876288566, ""trade_quality_min"": 30.76923076923569}",MIDCPNIFTY,NSE_INDEX,FYERS_PAPER_PROXY_RESEARCH,PAPER_OVERRIDE::FYERS_PAPER_PROXY_RESEARCH,paper-strategy-8ade763620b6,opportunity-score-8ade763620b6,universe-a8e55c76a270
202608211331_1_MIDCPNIFTY_CE,2026-08-21T08:01:41.558256+00:00,MIDCPNIFTY,2026-08-25,14850.0,CE,65.825,65.65,66.0,13.165000000000001,2.0,55.89278186814647,712afad509f5,"{""contract_quality_min"": 0.0, ""direction_min"": 4.070588314581584, ""excellent_score_min"": 55.89278186814647, ""execution_quality_min"": 100.0, ""expected_required_ratio_min"": 1.0833333333333335, ""final_confidence_min"": 83.47108981458777, ""iv_crush_max"": 24.0, ""market_hostility_max"": 19.266134971529162, ""min_5depth_lots_each_side"": 19.0, ""min_top_book_lots"": 4.0, ""premium_elasticity_min"": 0.5, ""regime_confidence_min"": 60.0, ""spread_pct_max"": 0.5317128750474657, ""trade_quality_min"": 37.868338558001795}",MIDCPNIFTY,NSE_INDEX,FYERS_PAPER_PROXY_RESEARCH,PAPER_OVERRIDE::FYERS_PAPER_PROXY_RESEARCH,paper-strategy-8ade763620b6,opportunity-score-8ade763620b6,universe-a8e55c76a270
202608211331_2_MIDCPNIFTY_CE,2026-08-21T08:01:41.558862+00:00,MIDCPNIFTY,2026-08-25,14825.0,CE,80.25,80.05,80.45,16.05,2.0,55.59278186814646,712afad509f5,"{""contract_quality_min"": 0.0, ""direction_min"": 4.070588314581584, ""excellent_score_min"": 55.59278186814646, ""execution_quality_min"": 100.0, ""expected_required_ratio_min"": 1.0833333333333335, ""final_confidence_min"": 83.47108981458777, ""iv_crush_max"": 24.0, ""market_hostility_max"": 19.266134971529162, ""min_5depth_lots_each_side"": 7.0, ""min_top_book_lots"": 2.0, ""premium_elasticity_min"": 0.7, ""regime_confidence_min"": 60.0, ""spread_pct_max"": 0.49844236760125316, ""trade_quality_min"": 37.868338558001795}",MIDCPNIFTY,NSE_INDEX,FYERS_PAPER_PROXY_RESEARCH,PAPER_OVERRIDE::FYERS_PAPER_PROXY_RESEARCH,paper-strategy-8ade763620b6,opportunity-score-8ade763620b6,universe-a8e55c76a270
202608211331_3_MIDCPNIFTY_PE,2026-08-21T08:01:41.559433+00:00,MIDCPNIFTY,2026-08-25,14875.0,PE,71.375,71.1,71.65,14.275,2.0,54.86007597152178,712afad509f5,"{""contract_quality_min"": 0.0, ""direction_min"": 0.0, ""excellent_score_min"": 54.86007597152178, ""execution_quality_min"": 100.0, ""expected_required_ratio_min"": 1.0833333333333335, ""final_confidence_min"": 82.2499133202133, ""iv_crush_max"": 24.0, ""market_hostility_max"": 19.266134971529162, ""min_5depth_lots_each_side"": 11.0, ""min_top_book_lots"": 2.0, ""premium_elasticity_min"": 0.7, ""regime_confidence_min"": 60.0, ""spread_pct_max"": 0.7705779334501035, ""trade_quality_min"": 37.868338558001795}",MIDCPNIFTY,NSE_INDEX,FYERS_PAPER_PROXY_RESEARCH,PAPER_OVERRIDE::FYERS_PAPER_PROXY_RESEARCH,paper-strategy-8ade763620b6,opportunity-score-8ade763620b6,universe-a8e55c76a270
202608211331_4_BANKNIFTY_PE,2026-08-21T08:01:41.559933+00:00,BANKNIFTY,2026-08-25,57700.0,PE,218.25,218.0,218.5,25.0,2.0,53.21386456493296,2e840ccd58d1,"{""contract_quality_min"": 0.0, ""direction_min"": 0.0, ""excellent_score_min"": 53.21386456493296, ""execution_quality_min"": 100.0, ""expected_required_ratio_min"": 1.4166666666666667, ""final_confidence_min"": 79.83189699006367, ""iv_crush_max"": 24.0, ""market_hostility_max"": 21.093430090947916, ""min_5depth_lots_each_side"": 19.0, ""min_top_book_lots"": 1.0, ""premium_elasticity_min"": 0.5, ""regime_confidence_min"": 60.0, ""spread_pct_max"": 0.22909507445589922, ""trade_quality_min"": 29.3441295546543}",BANKNIFTY,NSE_INDEX,FYERS_PAPER_PROXY_RESEARCH,PAPER_OVERRIDE::FYERS_PAPER_PROXY_RESEARCH,paper-strategy-8ade763620b6,opportunity-score-8ade763620b6,universe-a8e55c76a270
202608211331_5_BANKNIFTY_PE,2026-08-21T08:01:41.560626+00:00,BANKNIFTY,2026-08-25,57800.0,PE,266.325,266.0,266.65,25.0,2.0,52.913864564932965,2e840ccd58d1,"{""contract_quality_min"": 0.0, ""direction_min"": 0.0, ""excellent_score_min"": 52.913864564932965, ""execution_quality_min"": 100.0, ""expected_required_ratio_min"": 1.4166666666666667, ""final_confidence_min"": 79.83189699006367, ""iv_crush_max"": 24.0, ""market_hostility_max"": 21.093430090947916, ""min_5depth_lots_each_side"": 18.0, ""min_top_book_lots"": 1.0, ""premium_elasticity_min"": 0.7, ""regime_confidence_min"": 60.0, ""spread_pct_max"": 0.24406270534120994, ""trade_quality_min"": 29.3441295546543}",BANKNIFTY,NSE_INDEX,FYERS_PAPER_PROXY_RESEARCH,PAPER_OVERRIDE::FYERS_PAPER_PROXY_RESEARCH,paper-strategy-8ade763620b6,opportunity-score-8ade763620b6,universe-a8e55c76a270
202608211332_1_NIFTY_CE,2026-08-21T08:02:55.110037+00:00,NIFTY,2026-08-25,24200.0,CE,133.925,133.75,134.1,25.0,2.0,51.072445569316656,00929e22c867,"{""contract_quality_min"": 0.0, ""direction_min"": 1.1883173550031403, ""excellent_score_min"": 51.072445569316656, ""execution_quality_min"": 100.0, ""expected_required_ratio_min"": 1.3333333333333335, ""final_confidence_min"": 75.81221889511598, ""iv_crush_max"": 24.0, ""market_hostility_max"": 18.781604761796917, ""min_5depth_lots_each_side"": 144.0, ""min_top_book_lots"": 6.0, ""premium_elasticity_min"": 0.7, ""regime_confidence_min"": 60.0, ""spread_pct_max"": 0.26134030240805994, ""trade_quality_min"": 13.779904306218363}",NIFTY,NSE_INDEX,FYERS_PAPER_PROXY_RESEARCH,PAPER_OVERRIDE::FYERS_PAPER_PROXY_RESEARCH,paper-strategy-8ade763620b6,opportunity-score-8ade763620b6,universe-a8e55c76a270
202608211332_2_BANKNIFTY_PE,2026-08-21T08:02:55.110644+00:00,BANKNIFTY,2026-08-25,57700.0,PE,220.725,220.45,221.0,25.0,2.0,49.776748563892724,2e840ccd58d1,"{""contract_quality_min"": 0.0, ""direction_min"": 0.0, ""excellent_score_min"": 49.776748563892724, ""execution_quality_min"": 100.0, ""expected_required_ratio_min"": 1.4166666666666667, ""final_confidence_min"": 76.34061843473414, ""iv_crush_max"": 24.0, ""market_hostility_max"": 21.07941905718728, ""min_5depth_lots_each_side"": 7.0, ""min_top_book_lots"": 1.0, ""premium_elasticity_min"": 0.5, ""regime_confidence_min"": 60.0, ""spread_pct_max"": 0.24917884245101887, ""trade_quality_min"": 16.978165938864503}",BANKNIFTY,NSE_INDEX,FYERS_PAPER_PROXY_RESEARCH,PAPER_OVERRIDE::FYERS_PAPER_PROXY_RESEARCH,paper-strategy-8ade763620b6,opportunity-score-8ade763620b6,universe-a8e55c76a270
202608211332_3_BANKNIFTY_PE,2026-08-21T08:02:55.111114+00:00,BANKNIFTY,2026-08-25,57800.0,PE,268.85,268.5,269.2,25.0,2.0,49.47674856389273,2e840ccd58d1,"{""contract_quality_min"": 0.0, ""direction_min"": 0.0, ""excellent_score_min"": 49.47674856389273, ""execution_quality_min"": 100.0, ""expected_required_ratio_min"": 1.4166666666666667, ""final_confidence_min"": 76.34061843473414, ""iv_crush_max"": 24.0, ""market_hostility_max"": 21.07941905718728, ""min_5depth_lots_each_side"": 8.0, ""min_top_book_lots"": 1.0, ""premium_elasticity_min"": 0.7, ""regime_confidence_min"": 60.0, ""spread_pct_max"": 0.2603682350753166, ""trade_quality_min"": 16.978165938864503}",BANKNIFTY,NSE_INDEX,FYERS_PAPER_PROXY_RESEARCH,PAPER_OVERRIDE::FYERS_PAPER_PROXY_RESEARCH,paper-strategy-8ade763620b6,opportunity-score-8ade763620b6,universe-a8e55c76a270
202608211332_4_BANKNIFTY_CE,2026-08-21T08:02:55.114203+00:00,BANKNIFTY,2026-08-25,57800.0,CE,221.275,221.05,221.5,25.0,2.0,46.880146180202985,2e840ccd58d1,"{""contract_quality_min"": 0.0, ""direction_min"": 1.6855423128347742, ""excellent_score_min"": 46.880146180202985, ""execution_quality_min"": 100.0, ""expected_required_ratio_min"": 1.4166666666666667, ""final_confidence_min"": 76.84628112858458, ""iv_crush_max"": 24.0, ""market_hostility_max"": 21.07941905718728, ""min_5depth_lots_each_side"": 13.0, ""min_top_book_lots"": 1.0, ""premium_elasticity_min"": 0.3, ""regime_confidence_min"": 60.0, ""spread_pct_max"": 0.20336685120324874, ""trade_quality_min"": 16.978165938864503}",BANKNIFTY,NSE_INDEX,FYERS_PAPER_PROXY_RESEARCH,PAPER_OVERRIDE::FYERS_PAPER_PROXY_RESEARCH,paper-strategy-8ade763620b6,opportunity-score-8ade763620b6,universe-a8e55c76a270
202608211332_5_BANKNIFTY_PE,2026-08-21T08:02:55.115841+00:00,BANKNIFTY,2026-08-25,57600.0,PE,179.60000000000002,179.4,179.8,25.0,2.0,46.57674856389272,2e840ccd58d1,"{""contract_quality_min"": 0.0, ""direction_min"": 0.0, ""excellent_score_min"": 46.57674856389272, ""execution_quality_min"": 100.0, ""expected_required_ratio_min"": 1.4166666666666667, ""final_confidence_min"": 76.34061843473414, ""iv_crush_max"": 24.0, ""market_hostility_max"": 21.07941905718728, ""min_5depth_lots_each_side"": 15.0, ""min_top_book_lots"": 1.0, ""premium_elasticity_min"": 0.3, ""regime_confidence_min"": 60.0, ""spread_pct_max"": 0.22271714922049313, ""trade_quality_min"": 16.978165938864503}",BANKNIFTY,NSE_INDEX,FYERS_PAPER_PROXY_RESEARCH,PAPER_OVERRIDE::FYERS_PAPER_PROXY_RESEARCH,paper-strategy-8ade763620b6,opportunity-score-8ade763620b6,universe-a8e55c76a270
202608211334_1_TECHM_CE,2026-08-21T08:04:00.534241+00:00,TECHM,2026-08-25,1580.0,CE,16.825000000000003,16.55,17.1,3.3650000000000007,2.0,26.857618204609793,b61ad64e4ace,"{""contract_quality_min"": 0.0, ""direction_min"": 2.5220680958385877, ""excellent_score_min"": 26.857618204609793, ""execution_quality_min"": 0.0, ""expected_required_ratio_min"": 1.1666666666666665, ""final_confidence_min"": 48.113079902340075, ""iv_crush_max"": 24.0, ""market_hostility_max"": 19.958504044542188, ""min_5depth_lots_each_side"": 9.0, ""min_top_book_lots"": 2.0, ""premium_elasticity_min"": 0.5, ""regime_confidence_min"": 60.0, ""spread_pct_max"": 3.268945022288265, ""trade_quality_min"": 80.0}",TECHM,NSE_STOCK_OPTION,FYERS_PAPER_PROXY_RESEARCH,PAPER_OVERRIDE::FYERS_PAPER_PROXY_RESEARCH,paper-strategy-8ade763620b6,opportunity-score-8ade763620b6,universe-a8e55c76a270
202608211334_2_TECHM_PE,2026-08-21T08:04:00.535168+00:00,TECHM,2026-08-25,1580.0,PE,8.025,7.9,8.15,1.6050000000000002,2.0,26.61879826205152,b61ad64e4ace,"{""contract_quality_min"": 0.0, ""direction_min"": 0.0, ""excellent_score_min"": 26.61879826205152, ""execution_quality_min"": 0.0, ""expected_required_ratio_min"": 1.1666666666666665, ""final_confidence_min"": 49.50798262051518, ""iv_crush_max"": 24.0, ""market_hostility_max"": 19.958504044542188, ""min_5depth_lots_each_side"": 7.0, ""min_top_book_lots"": 1.0, ""premium_elasticity_min"": 0.5, ""regime_confidence_min"": 60.0, ""spread_pct_max"": 3.115264797507788, ""trade_quality_min"": 80.0}",TECHM,NSE_STOCK_OPTION,FYERS_PAPER_PROXY_RESEARCH,PAPER_OVERRIDE::FYERS_PAPER_PROXY_RESEARCH,paper-strategy-8ade763620b6,opportunity-score-8ade763620b6,universe-a8e55c76a270
202608211334_3_ONGC_CE,2026-08-21T08:04:00.535807+00:00,ONGC,2026-08-25,235.0,CE,3.325,3.29,3.36,0.665,2.0,20.47677519002663,8a2588edd437,"{""contract_quality_min"": 0.0, ""direction_min"": 8.111190908706202, ""excellent_score_min"": 20.47677519002663, ""execution_quality_min"": 27.631578947368773, ""expected_required_ratio_min"": 1.1666666666666667, ""final_confidence_min"": 63.17402890853729, ""iv_crush_max"": 24.0, ""market_hostility_max"": 23.383620992812084, ""min_5depth_lots_each_side"": 8.0, ""min_top_book_lots"": 2.0, ""premium_elasticity_min"": 0.7, ""regime_confidence_min"": 60.0, ""spread_pct_max"": 2.105263157894732, ""trade_quality_min"": 33.10344827585869}",ONGC,NSE_STOCK_OPTION,FYERS_PAPER_PROXY_RESEARCH,PAPER_OVERRIDE::FYERS_PAPER_PROXY_RESEARCH,paper-strategy-8ade763620b6,opportunity-score-8ade763620b6,universe-a8e55c76a270
202608211334_4_MAXHEALTH_CE,2026-08-21T08:04:00.536228+00:00,MAXHEALTH,2026-08-25,1000.0,CE,7.225,7.1,7.35,1.445,2.0,16.577193804736453,23bd34c2aeb5,"{""contract_quality_min"": 0.0, ""direction_min"": 6.432160804019735, ""excellent_score_min"": 16.577193804736453, ""execution_quality_min"": 0.0, ""expected_required_ratio_min"": 1.1666666666666665, ""final_confidence_min"": 46.0219175462102, ""iv_crush_max"": 24.0, ""market_hostility_max"": 22.631288281955776, ""min_5depth_lots_each_side"": 12.0, ""min_top_book_lots"": 2.0, ""premium_elasticity_min"": 0.5, ""regime_confidence_min"": 60.0, ""spread_pct_max"": 3.4602076124567476, ""trade_quality_min"": 40.000000000005684}",MAXHEALTH,NSE_STOCK_OPTION,FYERS_PAPER_PROXY_RESEARCH,PAPER_OVERRIDE::FYERS_PAPER_PROXY_RESEARCH,paper-strategy-8ade763620b6,opportunity-score-8ade763620b6,universe-a8e55c76a270
202608211334_5_MAXHEALTH_CE,2026-08-21T08:04:00.536716+00:00,MAXHEALTH,2026-08-25,990.0,CE,12.225,12.0,12.45,2.4450000000000003,2.0,15.968110229047085,23bd34c2aeb5,"{""contract_quality_min"": 0.0, ""direction_min"": 6.432160804019735, ""excellent_score_min"": 15.968110229047085, ""execution_quality_min"": 0.0, ""expected_required_ratio_min"": 1.1666666666666665, ""final_confidence_min"": 42.93108178931641, ""iv_crush_max"": 24.0, ""market_hostility_max"": 22.631288281955776, ""min_5depth_lots_each_side"": 7.0, ""min_top_book_lots"": 1.0, ""premium_elasticity_min"": 0.7, ""regime_confidence_min"": 60.0, ""spread_pct_max"": 3.6809815950920184, ""trade_quality_min"": 40.000000000005684}",MAXHEALTH,NSE_STOCK_OPTION,FYERS_PAPER_PROXY_RESEARCH,PAPER_OVERRIDE::FYERS_PAPER_PROXY_RESEARCH,paper-strategy-8ade763620b6,opportunity-score-8ade763620b6,universe-a8e55c76a270
202608211335_1_BANKNIFTY_PE,2026-08-21T08:05:02.986048+00:00,BANKNIFTY,2026-08-25,57700.0,PE,225.64999999999998,225.35,225.95,25.0,2.0,49.72086748576153,2e840ccd58d1,"{""contract_quality_min"": 0.0, ""direction_min"": 1.6020181267314806, ""excellent_score_min"": 49.72086748576153, ""execution_quality_min"": 100.0, ""expected_required_ratio_min"": 1.4166666666666667, ""final_confidence_min"": 76.34113259452843, ""iv_crush_max"": 24.0, ""market_hostility_max"": 20.62229355586659, ""min_5depth_lots_each_side"": 11.0, ""min_top_book_lots"": 3.0, ""premium_elasticity_min"": 0.5, ""regime_confidence_min"": 60.0, ""spread_pct_max"": 0.2658985153999532, ""trade_quality_min"": 15.336099585062403}",BANKNIFTY,NSE_INDEX,FYERS_PAPER_PROXY_RESEARCH,PAPER_OVERRIDE::FYERS_PAPER_PROXY_RESEARCH,paper-strategy-8ade763620b6,opportunity-score-8ade763620b6,universe-a8e55c76a270
202608211335_2_BANKNIFTY_CE,2026-08-21T08:05:02.986770+00:00,BANKNIFTY,2026-08-25,57700.0,CE,270.425,270.1,270.75,25.0,2.0,49.43250422294986,2e840ccd58d1,"{""contract_quality_min"": 0.0, ""direction_min"": 0.0, ""excellent_score_min"": 49.43250422294986, ""execution_quality_min"": 100.0, ""expected_required_ratio_min"": 1.4166666666666667, ""final_confidence_min"": 75.860527156509, ""iv_crush_max"": 24.0, ""market_hostility_max"": 20.62229355586659, ""min_5depth_lots_each_side"": 22.0, ""min_top_book_lots"": 1.0, ""premium_elasticity_min"": 0.5, ""regime_confidence_min"": 60.0, ""spread_pct_max"": 0.240362392530268, ""trade_quality_min"": 15.336099585062403}",BANKNIFTY,NSE_INDEX,FYERS_PAPER_PROXY_RESEARCH,PAPER_OVERRIDE::FYERS_PAPER_PROXY_RESEARCH,paper-strategy-8ade763620b6,opportunity-score-8ade763620b6,universe-a8e55c76a270
202608211335_3_BANKNIFTY_PE,2026-08-21T08:05:02.987292+00:00,BANKNIFTY,2026-08-25,57800.0,PE,273.775,273.6,273.95,25.0,2.0,49.42086748576152,2e840ccd58d1,"{""contract_quality_min"": 0.0, ""direction_min"": 1.6020181267314806, ""excellent_score_min"": 49.42086748576152, ""execution_quality_min"": 100.0, ""expected_required_ratio_min"": 1.4166666666666667, ""final_confidence_min"": 76.34113259452843, ""iv_crush_max"": 24.0, ""market_hostility_max"": 20.62229355586659, ""min_5depth_lots_each_side"": 20.0, ""min_top_book_lots"": 1.0, ""premium_elasticity_min"": 0.7, ""regime_confidence_min"": 60.0, ""spread_pct_max"": 0.12784220619120298, ""trade_quality_min"": 15.336099585062403}",BANKNIFTY,NSE_INDEX,FYERS_PAPER_PROXY_RESEARCH,PAPER_OVERRIDE::FYERS_PAPER_PROXY_RESEARCH,paper-strategy-8ade763620b6,opportunity-score-8ade763620b6,universe-a8e55c76a270
202608211335_4_BANKNIFTY_CE,2026-08-21T08:05:02.987720+00:00,BANKNIFTY,2026-08-25,57600.0,CE,328.325,328.0,328.65,25.0,2.0,49.13250422294985,2e840ccd58d1,"{""contract_quality_min"": 0.0, ""direction_min"": 0.0, ""excellent_score_min"": 49.13250422294985, ""execution_quality_min"": 100.0, ""expected_required_ratio_min"": 1.4166666666666667, ""final_confidence_min"": 75.860527156509, ""iv_crush_max"": 24.0, ""market_hostility_max"": 20.62229355586659, ""min_5depth_lots_each_side"": 12.0, ""min_top_book_lots"": 2.0, ""premium_elasticity_min"": 0.7, ""regime_confidence_min"": 60.0, ""spread_pct_max"": 0.19797456788242665, ""trade_quality_min"": 15.336099585062403}",BANKNIFTY,NSE_INDEX,FYERS_PAPER_PROXY_RESEARCH,PAPER_OVERRIDE::FYERS_PAPER_PROXY_RESEARCH,paper-strategy-8ade763620b6,opportunity-score-8ade763620b6,universe-a8e55c76a270
202608211335_5_MIDCPNIFTY_CE,2026-08-21T08:05:02.988230+00:00,MIDCPNIFTY,2026-08-25,14850.0,CE,62.725,62.5,62.95,12.545000000000002,2.0,48.875639304538474,712afad509f5,"{""contract_quality_min"": 0.0, ""direction_min"": 1.4824847792613856, ""excellent_score_min"": 48.875639304538474, ""execution_quality_min"": 100.0, ""expected_required_ratio_min"": 1.0833333333333333, ""final_confidence_min"": 76.02204698398957, ""iv_crush_max"": 24.0, ""market_hostility_max"": 19.46917838983812, ""min_5depth_lots_each_side"": 15.0, ""min_top_book_lots"": 1.0, ""premium_elasticity_min"": 0.5, ""regime_confidence_min"": 60.0, ""spread_pct_max"": 0.7174172977281831, ""trade_quality_min"": 14.332247557001219}",MIDCPNIFTY,NSE_INDEX,FYERS_PAPER_PROXY_RESEARCH,PAPER_OVERRIDE::FYERS_PAPER_PROXY_RESEARCH,paper-strategy-8ade763620b6,opportunity-score-8ade763620b6,universe-a8e55c76a270
202608211336_1_NIFTY_CE,2026-08-21T08:06:39.883759+00:00,NIFTY,2026-08-25,24250.0,CE,96.225,96.1,96.35,19.245,2.0,55.041110876495516,00929e22c867,"{""contract_quality_min"": 0.0, ""direction_min"": 0.0, ""excellent_score_min"": 55.041110876495516, ""execution_quality_min"": 100.0, ""expected_required_ratio_min"": 1.3333333333333337, ""final_confidence_min"": 79.39243141022594, ""iv_crush_max"": 24.0, ""market_hostility_max"": 18.843608865337618, ""min_5depth_lots_each_side"": 185.0, ""min_top_book_lots"": 23.0, ""premium_elasticity_min"": 0.5, ""regime_confidence_min"": 60.0, ""spread_pct_max"": 0.2598077422707197, ""trade_quality_min"": 27.73547094189167}",NIFTY,NSE_INDEX,FYERS_PAPER_PROXY_RESEARCH,PAPER_OVERRIDE::FYERS_PAPER_PROXY_RESEARCH,paper-strategy-8ade763620b6,opportunity-score-8ade763620b6,universe-a8e55c76a270
202608211336_2_NIFTY_CE,2026-08-21T08:06:39.884579+00:00,NIFTY,2026-08-25,24200.0,CE,128.625,128.45,128.8,25.0,2.0,54.74111087649551,00929e22c867,"{""contract_quality_min"": 0.0, ""direction_min"": 0.0, ""excellent_score_min"": 54.74111087649551, ""execution_quality_min"": 100.0, ""expected_required_ratio_min"": 1.3333333333333337, ""final_confidence_min"": 79.39243141022594, ""iv_crush_max"": 24.0, ""market_hostility_max"": 18.843608865337618, ""min_5depth_lots_each_side"": 159.0, ""min_top_book_lots"": 22.0, ""premium_elasticity_min"": 0.7, ""regime_confidence_min"": 60.0, ""spread_pct_max"": 0.27210884353743264, ""trade_quality_min"": 27.73547094189167}",NIFTY,NSE_INDEX,FYERS_PAPER_PROXY_RESEARCH,PAPER_OVERRIDE::FYERS_PAPER_PROXY_RESEARCH,paper-strategy-8ade763620b6,opportunity-score-8ade763620b6,universe-a8e55c76a270
202608211336_3_BANKNIFTY_PE,2026-08-21T08:06:39.886243+00:00,BANKNIFTY,2026-08-25,57600.0,PE,198.0,197.8,198.2,25.0,2.0,51.579303892604415,2e840ccd58d1,"{""contract_quality_min"": 89.1, ""direction_min"": 0.7629471260301954, ""excellent_score_min"": 51.579303892604415, ""execution_quality_min"": 100.0, ""expected_required_ratio_min"": 1.4166666666666667, ""final_confidence_min"": 73.648340373989, ""iv_crush_max"": 24.0, ""market_hostility_max"": 20.8715498717443, ""min_5depth_lots_each_side"": 18.0, ""min_top_book_lots"": 2.0, ""premium_elasticity_min"": 0.5, ""regime_confidence_min"": 60.0, ""spread_pct_max"": 0.20202020202019053, ""trade_quality_min"": 6.779661016948241}",BANKNIFTY,NSE_INDEX,FYERS_PAPER_PROXY_RESEARCH,PAPER_OVERRIDE::FYERS_PAPER_PROXY_RESEARCH,paper-strategy-8ade763620b6,opportunity-score-8ade763620b6,universe-a8e55c76a270
202608211336_4_BANKNIFTY_PE,2026-08-21T08:06:39.888329+00:00,BANKNIFTY,2026-08-25,57700.0,PE,242.27499999999998,241.95,242.6,25.0,2.0,50.86930389260442,2e840ccd58d1,"{""contract_quality_min"": 80.9, ""direction_min"": 0.7629471260301954, ""excellent_score_min"": 50.86930389260442, ""execution_quality_min"": 100.0, ""expected_required_ratio_min"": 1.4166666666666667, ""final_confidence_min"": 73.648340373989, ""iv_crush_max"": 24.0, ""market_hostility_max"": 20.8715498717443, ""min_5depth_lots_each_side"": 12.0, ""min_top_book_lots"": 2.0, ""premium_elasticity_min"": 0.7, ""regime_confidence_min"": 60.0, ""spread_pct_max"": 0.2682901661335283, ""trade_quality_min"": 6.779661016948241}",BANKNIFTY,NSE_INDEX,FYERS_PAPER_PROXY_RESEARCH,PAPER_OVERRIDE::FYERS_PAPER_PROXY_RESEARCH,paper-strategy-8ade763620b6,opportunity-score-8ade763620b6,universe-a8e55c76a270
202608211336_5_BANKNIFTY_PE,2026-08-21T08:06:39.889841+00:00,BANKNIFTY,2026-08-25,57500.0,PE,160.575,160.3,160.85,25.0,2.0,47.899303892604415,2e840ccd58d1,"{""contract_quality_min"": 79.5, ""direction_min"": 0.7629471260301954, ""excellent_score_min"": 47.899303892604415, ""execution_quality_min"": 100.0, ""expected_required_ratio_min"": 1.4166666666666667, ""final_confidence_min"": 73.648340373989, ""iv_crush_max"": 24.0, ""market_hostility_max"": 20.8715498717443, ""min_5depth_lots_each_side"": 38.0, ""min_top_book_lots"": 2.0, ""premium_elasticity_min"": 0.3, ""regime_confidence_min"": 60.0, ""spread_pct_max"": 0.342519072084685, ""trade_quality_min"": 6.779661016948241}",BANKNIFTY,NSE_INDEX,FYERS_PAPER_PROXY_RESEARCH,PAPER_OVERRIDE::FYERS_PAPER_PROXY_RESEARCH,paper-strategy-8ade763620b6,opportunity-score-8ade763620b6,universe-a8e55c76a270
202608211339_1_NIFTY_PE,2026-08-21T08:09:21.358372+00:00,NIFTY,2026-08-25,24300.0,PE,88.625,88.5,88.75,17.725,2.0,64.954795093452,00929e22c867,"{""contract_quality_min"": 0.0, ""direction_min"": 3.9267042700851396, ""excellent_score_min"": 64.954795093452, ""execution_quality_min"": 100.0, ""expected_required_ratio_min"": 1.3333333333333333, ""final_confidence_min"": 89.42233897384736, ""iv_crush_max"": 24.0, ""market_hostility_max"": 18.741423611684645, ""min_5depth_lots_each_side"": 224.0, ""min_top_book_lots"": 42.0, ""premium_elasticity_min"": 0.7, ""regime_confidence_min"": 60.0, ""spread_pct_max"": 0.2820874471086037, ""trade_quality_min"": 62.222222222218}",NIFTY,NSE_INDEX,FYERS_PAPER_PROXY_RESEARCH,PAPER_OVERRIDE::FYERS_PAPER_PROXY_RESEARCH,paper-strategy-8ade763620b6,opportunity-score-8ade763620b6,universe-a8e55c76a270
202608211339_2_NIFTY_CE,2026-08-21T08:09:21.364852+00:00,NIFTY,2026-08-25,24200.0,CE,130.425,130.3,130.55,25.0,2.0,64.24798832483668,00929e22c867,"{""contract_quality_min"": 0.0, ""direction_min"": 0.0, ""excellent_score_min"": 64.24798832483668, ""execution_quality_min"": 100.0, ""expected_required_ratio_min"": 1.3333333333333333, ""final_confidence_min"": 88.24432769282183, ""iv_crush_max"": 24.0, ""market_hostility_max"": 18.741423611684645, ""min_5depth_lots_each_side"": 91.0, ""min_top_book_lots"": 4.0, ""premium_elasticity_min"": 0.7, ""regime_confidence_min"": 60.0, ""spread_pct_max"": 0.19168104274487252, ""trade_quality_min"": 62.222222222218}",NIFTY,NSE_INDEX,FYERS_PAPER_PROXY_RESEARCH,PAPER_OVERRIDE::FYERS_PAPER_PROXY_RESEARCH,paper-strategy-8ade763620b6,opportunity-score-8ade763620b6,universe-a8e55c76a270
202608211339_3_BANKNIFTY_PE,2026-08-21T08:09:21.367102+00:00,BANKNIFTY,2026-08-25,57800.0,PE,280.29999999999995,279.95,280.65,25.0,2.0,55.405443469470384,2e840ccd58d1,"{""contract_quality_min"": 0.0, ""direction_min"": 2.8779797275801475, ""excellent_score_min"": 55.405443469470384, ""execution_quality_min"": 100.0, ""expected_required_ratio_min"": 1.4166666666666667, ""final_confidence_min"": 82.79320186643864, ""iv_crush_max"": 24.0, ""market_hostility_max"": 20.89931106291405, ""min_5depth_lots_each_side"": 12.0, ""min_top_book_lots"": 1.0, ""premium_elasticity_min"": 0.7, ""regime_confidence_min"": 60.0, ""spread_pct_max"": 0.2497324295397748, ""trade_quality_min"": 36.20501635767203}",BANKNIFTY,NSE_INDEX,FYERS_PAPER_PROXY_RESEARCH,PAPER_OVERRIDE::FYERS_PAPER_PROXY_RESEARCH,paper-strategy-8ade763620b6,opportunity-score-8ade763620b6,universe-a8e55c76a270
202608211339_4_BANKNIFTY_PE,2026-08-21T08:09:21.368722+00:00,BANKNIFTY,2026-08-25,57600.0,PE,188.72500000000002,188.4,189.05,25.0,2.0,52.50544346947038,2e840ccd58d1,"{""contract_quality_min"": 0.0, ""direction_min"": 2.8779797275801475, ""excellent_score_min"": 52.50544346947038, ""execution_quality_min"": 100.0, ""expected_required_ratio_min"": 1.4166666666666667, ""final_confidence_min"": 82.79320186643864, ""iv_crush_max"": 24.0, ""market_hostility_max"": 20.89931106291405, ""min_5depth_lots_each_side"": 14.0, ""min_top_book_lots"": 1.0, ""premium_elasticity_min"": 0.3, ""regime_confidence_min"": 60.0, ""spread_pct_max"": 0.34441647900384453, ""trade_quality_min"": 36.20501635767203}",BANKNIFTY,NSE_INDEX,FYERS_PAPER_PROXY_RESEARCH,PAPER_OVERRIDE::FYERS_PAPER_PROXY_RESEARCH,paper-strategy-8ade763620b6,opportunity-score-8ade763620b6,universe-a8e55c76a270
202608211339_5_BANKNIFTY_CE,2026-08-21T08:09:21.369555+00:00,BANKNIFTY,2026-08-25,57800.0,CE,211.8,211.6,212.0,25.0,2.0,51.98740711850595,2e840ccd58d1,"{""contract_quality_min"": 0.0, ""direction_min"": 0.0, ""excellent_score_min"": 51.98740711850595, ""execution_quality_min"": 100.0, ""expected_required_ratio_min"": 1.4166666666666667, ""final_confidence_min"": 81.92980794816458, ""iv_crush_max"": 24.0, ""market_hostility_max"": 20.89931106291405, ""min_5depth_lots_each_side"": 23.0, ""min_top_book_lots"": 8.0, ""premium_elasticity_min"": 0.3, ""regime_confidence_min"": 60.0, ""spread_pct_max"": 0.18885741265344932, ""trade_quality_min"": 36.20501635767203}",BANKNIFTY,NSE_INDEX,FYERS_PAPER_PROXY_RESEARCH,PAPER_OVERRIDE::FYERS_PAPER_PROXY_RESEARCH,paper-strategy-8ade763620b6,opportunity-score-8ade763620b6,universe-a8e55c76a270
202608211340_1_MIDCPNIFTY_CE,2026-08-21T08:10:38.543458+00:00,MIDCPNIFTY,2026-08-25,14850.0,CE,63.4,63.25,63.55,12.68,2.0,47.68916285883647,712afad509f5,"{""contract_quality_min"": 0.0, ""direction_min"": 0.0, ""excellent_score_min"": 47.68916285883647, ""execution_quality_min"": 100.0, ""expected_required_ratio_min"": 1.0833333333333333, ""final_confidence_min"": 74.64979113252681, ""iv_crush_max"": 24.0, ""market_hostility_max"": 19.558412235407186, ""min_5depth_lots_each_side"": 8.0, ""min_top_book_lots"": 1.0, ""premium_elasticity_min"": 0.5, ""regime_confidence_min"": 60.0, ""spread_pct_max"": 0.47318611987381254, ""trade_quality_min"": 11.024734982335136}",MIDCPNIFTY,NSE_INDEX,FYERS_PAPER_PROXY_RESEARCH,PAPER_OVERRIDE::FYERS_PAPER_PROXY_RESEARCH,paper-strategy-8ade763620b6,opportunity-score-8ade763620b6,universe-a8e55c76a270
202608211340_2_MIDCPNIFTY_PE,2026-08-21T08:10:38.544117+00:00,MIDCPNIFTY,2026-08-25,14875.0,PE,74.35,74.15,74.55,14.87,2.0,47.578318093444935,712afad509f5,"{""contract_quality_min"": 0.0, ""direction_min"": 1.0508624144915153, ""excellent_score_min"": 47.578318093444935, ""execution_quality_min"": 100.0, ""expected_required_ratio_min"": 1.0833333333333333, ""final_confidence_min"": 74.96504985687426, ""iv_crush_max"": 24.0, ""market_hostility_max"": 19.558412235407186, ""min_5depth_lots_each_side"": 14.0, ""min_top_book_lots"": 1.0, ""premium_elasticity_min"": 0.7, ""regime_confidence_min"": 60.0, ""spread_pct_max"": 0.5379959650302508, ""trade_quality_min"": 11.024734982335136}",MIDCPNIFTY,NSE_INDEX,FYERS_PAPER_PROXY_RESEARCH,PAPER_OVERRIDE::FYERS_PAPER_PROXY_RESEARCH,paper-strategy-8ade763620b6,opportunity-score-8ade763620b6,universe-a8e55c76a270
202608211340_3_MIDCPNIFTY_CE,2026-08-21T08:10:38.544601+00:00,MIDCPNIFTY,2026-08-25,14825.0,CE,77.3,77.05,77.55,15.46,2.0,47.38916285883647,712afad509f5,"{""contract_quality_min"": 0.0, ""direction_min"": 0.0, ""excellent_score_min"": 47.38916285883647, ""execution_quality_min"": 100.0, ""expected_required_ratio_min"": 1.0833333333333333, ""final_confidence_min"": 74.64979113252681, ""iv_crush_max"": 24.0, ""market_hostility_max"": 19.558412235407186, ""min_5depth_lots_each_side"": 9.0, ""min_top_book_lots"": 1.0, ""premium_elasticity_min"": 0.7, ""regime_confidence_min"": 60.0, ""spread_pct_max"": 0.646830530401035, ""trade_quality_min"": 11.024734982335136}",MIDCPNIFTY,NSE_INDEX,FYERS_PAPER_PROXY_RESEARCH,PAPER_OVERRIDE::FYERS_PAPER_PROXY_RESEARCH,paper-strategy-8ade763620b6,opportunity-score-8ade763620b6,universe-a8e55c76a270
202608211340_4_MIDCPNIFTY_PE,2026-08-21T08:10:38.545060+00:00,MIDCPNIFTY,2026-08-25,14825.0,PE,50.474999999999994,50.3,50.65,10.094999999999999,2.0,44.67831809344494,712afad509f5,"{""contract_quality_min"": 0.0, ""direction_min"": 1.0508624144915153, ""excellent_score_min"": 44.67831809344494, ""execution_quality_min"": 100.0, ""expected_required_ratio_min"": 1.0833333333333333, ""final_confidence_min"": 74.96504985687426, ""iv_crush_max"": 24.0, ""market_hostility_max"": 19.558412235407186, ""min_5depth_lots_each_side"": 10.0, ""min_top_book_lots"": 2.0, ""premium_elasticity_min"": 0.3, ""regime_confidence_min"": 60.0, ""spread_pct_max"": 0.6934125804853917, ""trade_quality_min"": 11.024734982335136}",MIDCPNIFTY,NSE_INDEX,FYERS_PAPER_PROXY_RESEARCH,PAPER_OVERRIDE::FYERS_PAPER_PROXY_RESEARCH,paper-strategy-8ade763620b6,opportunity-score-8ade763620b6,universe-a8e55c76a270
202608211340_5_MIDCPNIFTY_CE,2026-08-21T08:10:38.548228+00:00,MIDCPNIFTY,2026-08-25,14875.0,CE,51.05,50.85,51.25,10.21,2.0,44.489162858836465,712afad509f5,"{""contract_quality_min"": 0.0, ""direction_min"": 0.0, ""excellent_score_min"": 44.489162858836465, ""execution_quality_min"": 100.0, ""expected_required_ratio_min"": 1.0833333333333333, ""final_confidence_min"": 74.64979113252681, ""iv_crush_max"": 24.0, ""market_hostility_max"": 19.558412235407186, ""min_5depth_lots_each_side"": 13.0, ""min_top_book_lots"": 2.0, ""premium_elasticity_min"": 0.3, ""regime_confidence_min"": 60.0, ""spread_pct_max"": 0.7835455435847181, ""trade_quality_min"": 11.024734982335136}",MIDCPNIFTY,NSE_INDEX,FYERS_PAPER_PROXY_RESEARCH,PAPER_OVERRIDE::FYERS_PAPER_PROXY_RESEARCH,paper-strategy-8ade763620b6,opportunity-score-8ade763620b6,universe-a8e55c76a270
202608211341_1_NIFTY_CE,2026-08-21T08:11:44.219441+00:00,NIFTY,2026-08-25,24200.0,CE,130.2,130.05,130.35,25.0,2.0,52.361241273912796,00929e22c867,"{""contract_quality_min"": 0.0, ""direction_min"": 0.0, ""excellent_score_min"": 52.361241273912796, ""execution_quality_min"": 100.0, ""expected_required_ratio_min"": 1.3333333333333337, ""final_confidence_min"": 77.06356028012878, ""iv_crush_max"": 24.0, ""market_hostility_max"": 18.84884943749461, ""min_5depth_lots_each_side"": 131.0, ""min_top_book_lots"": 1.0, ""premium_elasticity_min"": 0.7, ""regime_confidence_min"": 60.0, ""spread_pct_max"": 0.2304147465437657, ""trade_quality_min"": 19.147540983599676}",NIFTY,NSE_INDEX,FYERS_PAPER_PROXY_RESEARCH,PAPER_OVERRIDE::FYERS_PAPER_PROXY_RESEARCH,paper-strategy-8ade763620b6,opportunity-score-8ade763620b6,universe-a8e55c76a270
202608211341_2_MIDCPNIFTY_CE,2026-08-21T08:11:44.220049+00:00,MIDCPNIFTY,2026-08-25,14850.0,CE,63.175,63.0,63.35,12.635,2.0,47.32027731276449,712afad509f5,"{""contract_quality_min"": 0.0, ""direction_min"": 0.8622867440256605, ""excellent_score_min"": 47.32027731276449, ""execution_quality_min"": 100.0, ""expected_required_ratio_min"": 1.0833333333333335, ""final_confidence_min"": 74.37220015446127, ""iv_crush_max"": 24.0, ""market_hostility_max"": 19.634494651470032, ""min_5depth_lots_each_side"": 16.0, ""min_top_book_lots"": 4.0, ""premium_elasticity_min"": 0.5, ""regime_confidence_min"": 60.0, ""spread_pct_max"": 0.5540166204986172, ""trade_quality_min"": 9.142857142858034}",MIDCPNIFTY,NSE_INDEX,FYERS_PAPER_PROXY_RESEARCH,PAPER_OVERRIDE::FYERS_PAPER_PROXY_RESEARCH,paper-strategy-8ade763620b6,opportunity-score-8ade763620b6,universe-a8e55c76a270
202608211341_3_MIDCPNIFTY_PE,2026-08-21T08:11:44.220574+00:00,MIDCPNIFTY,2026-08-25,14850.0,PE,62.2,62.0,62.4,12.440000000000001,2.0,47.16506569883987,712afad509f5,"{""contract_quality_min"": 0.0, ""direction_min"": 0.0, ""excellent_score_min"": 47.16506569883987, ""execution_quality_min"": 100.0, ""expected_required_ratio_min"": 1.0833333333333335, ""final_confidence_min"": 74.11351413125357, ""iv_crush_max"": 24.0, ""market_hostility_max"": 19.634494651470032, ""min_5depth_lots_each_side"": 13.0, ""min_top_book_lots"": 1.0, ""premium_elasticity_min"": 0.5, ""regime_confidence_min"": 60.0, ""spread_pct_max"": 0.6430868167202549, ""trade_quality_min"": 9.142857142858034}",MIDCPNIFTY,NSE_INDEX,FYERS_PAPER_PROXY_RESEARCH,PAPER_OVERRIDE::FYERS_PAPER_PROXY_RESEARCH,paper-strategy-8ade763620b6,opportunity-score-8ade763620b6,universe-a8e55c76a270
202608211341_4_MIDCPNIFTY_CE,2026-08-21T08:11:44.221092+00:00,MIDCPNIFTY,2026-08-25,14825.0,CE,76.9,76.7,77.1,15.380000000000003,2.0,47.02027731276449,712afad509f5,"{""contract_quality_min"": 0.0, ""direction_min"": 0.8622867440256605, ""excellent_score_min"": 47.02027731276449, ""execution_quality_min"": 100.0, ""expected_required_ratio_min"": 1.0833333333333335, ""final_confidence_min"": 74.37220015446127, ""iv_crush_max"": 24.0, ""market_hostility_max"": 19.634494651470032, ""min_5depth_lots_each_side"": 10.0, ""min_top_book_lots"": 1.0, ""premium_elasticity_min"": 0.7, ""regime_confidence_min"": 60.0, ""spread_pct_max"": 0.5201560468140332, ""trade_quality_min"": 9.142857142858034}",MIDCPNIFTY,NSE_INDEX,FYERS_PAPER_PROXY_RESEARCH,PAPER_OVERRIDE::FYERS_PAPER_PROXY_RESEARCH,paper-strategy-8ade763620b6,opportunity-score-8ade763620b6,universe-a8e55c76a270
202608211341_5_MIDCPNIFTY_PE,2026-08-21T08:11:44.221611+00:00,MIDCPNIFTY,2026-08-25,14875.0,PE,74.4,74.2,74.6,14.880000000000003,2.0,46.86506569883987,712afad509f5,"{""contract_quality_min"": 0.0, ""direction_min"": 0.0, ""excellent_score_min"": 46.86506569883987, ""execution_quality_min"": 100.0, ""expected_required_ratio_min"": 1.0833333333333335, ""final_confidence_min"": 74.11351413125357, ""iv_crush_max"": 24.0, ""market_hostility_max"": 19.634494651470032, ""min_5depth_lots_each_side"": 11.0, ""min_top_book_lots"": 1.0, ""premium_elasticity_min"": 0.7, ""regime_confidence_min"": 60.0, ""spread_pct_max"": 0.5376344086021391, ""trade_quality_min"": 9.142857142858034}",MIDCPNIFTY,NSE_INDEX,FYERS_PAPER_PROXY_RESEARCH,PAPER_OVERRIDE::FYERS_PAPER_PROXY_RESEARCH,paper-strategy-8ade763620b6,opportunity-score-8ade763620b6,universe-a8e55c76a270
202608211343_1_NIFTY_CE,2026-08-21T08:13:51.682711+00:00,NIFTY,2026-08-25,24200.0,CE,130.85,130.7,131.0,25.0,2.0,52.99016820651758,00929e22c867,"{""contract_quality_min"": 0.0, ""direction_min"": 0.0, ""excellent_score_min"": 52.99016820651758, ""execution_quality_min"": 100.0, ""expected_required_ratio_min"": 1.3333333333333335, ""final_confidence_min"": 77.62691082332621, ""iv_crush_max"": 24.0, ""market_hostility_max"": 19.07127201805114, ""min_5depth_lots_each_side"": 136.0, ""min_top_book_lots"": 20.0, ""premium_elasticity_min"": 0.7, ""regime_confidence_min"": 60.0, ""spread_pct_max"": 0.2292701566679491, ""trade_quality_min"": 21.437908496739823}",NIFTY,NSE_INDEX,FYERS_PAPER_PROXY_RESEARCH,PAPER_OVERRIDE::FYERS_PAPER_PROXY_RESEARCH,paper-strategy-8ade763620b6,opportunity-score-8ade763620b6,universe-a8e55c76a270
202608211343_2_BANKNIFTY_PE,2026-08-21T08:13:51.684176+00:00,BANKNIFTY,2026-08-25,57700.0,PE,234.5,234.3,234.7,25.0,2.0,46.78543235537684,2e840ccd58d1,"{""contract_quality_min"": 0.0, ""direction_min"": 0.679844433557115, ""excellent_score_min"": 46.78543235537684, ""execution_quality_min"": 100.0, ""expected_required_ratio_min"": 1.4166666666666667, ""final_confidence_min"": 73.4280636215554, ""iv_crush_max"": 24.0, ""market_hostility_max"": 21.396359208988503, ""min_5depth_lots_each_side"": 8.0, ""min_top_book_lots"": 1.0, ""premium_elasticity_min"": 0.5, ""regime_confidence_min"": 60.0, ""spread_pct_max"": 0.17057569296374298, ""trade_quality_min"": 6.086956521739426}",BANKNIFTY,NSE_INDEX,FYERS_PAPER_PROXY_RESEARCH,PAPER_OVERRIDE::FYERS_PAPER_PROXY_RESEARCH,paper-strategy-8ade763620b6,opportunity-score-8ade763620b6,universe-a8e55c76a270
202608211343_3_BANKNIFTY_CE,2026-08-21T08:13:51.685058+00:00,BANKNIFTY,2026-08-25,57700.0,CE,259.4,259.1,259.7,25.0,2.0,46.663060357336555,2e840ccd58d1,"{""contract_quality_min"": 0.0, ""direction_min"": 0.0, ""excellent_score_min"": 46.663060357336555, ""execution_quality_min"": 100.0, ""expected_required_ratio_min"": 1.4166666666666667, ""final_confidence_min"": 73.22411029148827, ""iv_crush_max"": 24.0, ""market_hostility_max"": 21.396359208988503, ""min_5depth_lots_each_side"": 15.0, ""min_top_book_lots"": 1.0, ""premium_elasticity_min"": 0.5, ""regime_confidence_min"": 60.0, ""spread_pct_max"": 0.23130300693907707, ""trade_quality_min"": 6.086956521739426}",BANKNIFTY,NSE_INDEX,FYERS_PAPER_PROXY_RESEARCH,PAPER_OVERRIDE::FYERS_PAPER_PROXY_RESEARCH,paper-strategy-8ade763620b6,opportunity-score-8ade763620b6,universe-a8e55c76a270
202608211343_4_BANKNIFTY_CE,2026-08-21T08:13:51.685830+00:00,BANKNIFTY,2026-08-25,57600.0,CE,316.15,315.85,316.45,25.0,2.0,46.36306035733656,2e840ccd58d1,"{""contract_quality_min"": 0.0, ""direction_min"": 0.0, ""excellent_score_min"": 46.36306035733656, ""execution_quality_min"": 100.0, ""expected_required_ratio_min"": 1.4166666666666667, ""final_confidence_min"": 73.22411029148827, ""iv_crush_max"": 24.0, ""market_hostility_max"": 21.396359208988503, ""min_5depth_lots_each_side"": 18.0, ""min_top_book_lots"": 2.0, ""premium_elasticity_min"": 0.7, ""regime_confidence_min"": 60.0, ""spread_pct_max"": 0.18978333069744296, ""trade_quality_min"": 6.086956521739426}",BANKNIFTY,NSE_INDEX,FYERS_PAPER_PROXY_RESEARCH,PAPER_OVERRIDE::FYERS_PAPER_PROXY_RESEARCH,paper-strategy-8ade763620b6,opportunity-score-8ade763620b6,universe-a8e55c76a270
202608211343_5_BANKNIFTY_PE,2026-08-21T08:13:51.686476+00:00,BANKNIFTY,2026-08-25,57600.0,PE,190.725,190.45,191.0,25.0,2.0,43.58543235537684,2e840ccd58d1,"{""contract_quality_min"": 0.0, ""direction_min"": 0.679844433557115, ""excellent_score_min"": 43.58543235537684, ""execution_quality_min"": 100.0, ""expected_required_ratio_min"": 1.4166666666666667, ""final_confidence_min"": 73.4280636215554, ""iv_crush_max"": 24.0, ""market_hostility_max"": 21.396359208988503, ""min_5depth_lots_each_side"": 15.0, ""min_top_book_lots"": 3.0, ""premium_elasticity_min"": 0.3, ""regime_confidence_min"": 60.0, ""spread_pct_max"": 0.28837331236073477, ""trade_quality_min"": 6.086956521739426}",BANKNIFTY,NSE_INDEX,FYERS_PAPER_PROXY_RESEARCH,PAPER_OVERRIDE::FYERS_PAPER_PROXY_RESEARCH,paper-strategy-8ade763620b6,opportunity-score-8ade763620b6,universe-a8e55c76a270
202608211345_1_MIDCPNIFTY_CE,2026-08-21T08:15:11.983665+00:00,MIDCPNIFTY,2026-08-25,14850.0,CE,63.675,63.5,63.85,12.735,2.0,49.68618174468158,712afad509f5,"{""contract_quality_min"": 0.0, ""direction_min"": 1.5900821991649252, ""excellent_score_min"": 49.68618174468158, ""execution_quality_min"": 100.0, ""expected_required_ratio_min"": 1.0833333333333333, ""final_confidence_min"": 76.88760323896692, ""iv_crush_max"": 24.0, ""market_hostility_max"": 19.660874250690505, ""min_5depth_lots_each_side"": 13.0, ""min_top_book_lots"": 4.0, ""premium_elasticity_min"": 0.5, ""regime_confidence_min"": 60.0, ""spread_pct_max"": 0.5496662740479018, ""trade_quality_min"": 17.1636363636406}",MIDCPNIFTY,NSE_INDEX,FYERS_PAPER_PROXY_RESEARCH,PAPER_OVERRIDE::FYERS_PAPER_PROXY_RESEARCH,paper-strategy-8ade763620b6,opportunity-score-8ade763620b6,universe-a8e55c76a270
202608211345_2_MIDCPNIFTY_PE,2026-08-21T08:15:11.984292+00:00,MIDCPNIFTY,2026-08-25,14850.0,PE,60.675,60.45,60.9,12.135,2.0,49.399966948831896,712afad509f5,"{""contract_quality_min"": 0.0, ""direction_min"": 0.0, ""excellent_score_min"": 49.399966948831896, ""execution_quality_min"": 100.0, ""expected_required_ratio_min"": 1.0833333333333333, ""final_confidence_min"": 76.41057857921744, ""iv_crush_max"": 24.0, ""market_hostility_max"": 19.660874250690505, ""min_5depth_lots_each_side"": 13.0, ""min_top_book_lots"": 2.0, ""premium_elasticity_min"": 0.5, ""regime_confidence_min"": 60.0, ""spread_pct_max"": 0.7416563658838001, ""trade_quality_min"": 17.1636363636406}",MIDCPNIFTY,NSE_INDEX,FYERS_PAPER_PROXY_RESEARCH,PAPER_OVERRIDE::FYERS_PAPER_PROXY_RESEARCH,paper-strategy-8ade763620b6,opportunity-score-8ade763620b6,universe-a8e55c76a270
202608211345_3_MIDCPNIFTY_CE,2026-08-21T08:15:11.984870+00:00,MIDCPNIFTY,2026-08-25,14825.0,CE,77.57499999999999,77.35,77.8,15.514999999999999,2.0,49.386181744681586,712afad509f5,"{""contract_quality_min"": 0.0, ""direction_min"": 1.5900821991649252, ""excellent_score_min"": 49.386181744681586, ""execution_quality_min"": 100.0, ""expected_required_ratio_min"": 1.0833333333333333, ""final_confidence_min"": 76.88760323896692, ""iv_crush_max"": 24.0, ""market_hostility_max"": 19.660874250690505, ""min_5depth_lots_each_side"": 8.0, ""min_top_book_lots"": 1.0, ""premium_elasticity_min"": 0.7, ""regime_confidence_min"": 60.0, ""spread_pct_max"": 0.5800837898807644, ""trade_quality_min"": 17.1636363636406}",MIDCPNIFTY,NSE_INDEX,FYERS_PAPER_PROXY_RESEARCH,PAPER_OVERRIDE::FYERS_PAPER_PROXY_RESEARCH,paper-strategy-8ade763620b6,opportunity-score-8ade763620b6,universe-a8e55c76a270
202608211345_4_NIFTY_CE,2026-08-21T08:15:11.985423+00:00,NIFTY,2026-08-25,24200.0,CE,131.375,131.2,131.55,25.0,2.0,49.359124525304146,00929e22c867,"{""contract_quality_min"": 0.0, ""direction_min"": 0.0, ""excellent_score_min"": 49.359124525304146, ""execution_quality_min"": 100.0, ""expected_required_ratio_min"": 1.3333333333333335, ""final_confidence_min"": 73.9066790429706, ""iv_crush_max"": 24.0, ""market_hostility_max"": 18.950063060721178, ""min_5depth_lots_each_side"": 160.0, ""min_top_book_lots"": 20.0, ""premium_elasticity_min"": 0.7, ""regime_confidence_min"": 60.0, ""spread_pct_max"": 0.2664129400571058, ""trade_quality_min"": 8.401826484028339}",NIFTY,NSE_INDEX,FYERS_PAPER_PROXY_RESEARCH,PAPER_OVERRIDE::FYERS_PAPER_PROXY_RESEARCH,paper-strategy-8ade763620b6,opportunity-score-8ade763620b6,universe-a8e55c76a270
202608211345_5_MIDCPNIFTY_PE,2026-08-21T08:15:11.985897+00:00,MIDCPNIFTY,2026-08-25,14875.0,PE,73.17500000000001,72.95,73.4,14.635000000000003,2.0,49.0999669488319,712afad509f5,"{""contract_quality_min"": 0.0, ""direction_min"": 0.0, ""excellent_score_min"": 49.0999669488319, ""execution_quality_min"": 100.0, ""expected_required_ratio_min"": 1.0833333333333333, ""final_confidence_min"": 76.41057857921744, ""iv_crush_max"": 24.0, ""market_hostility_max"": 19.660874250690505, ""min_5depth_lots_each_side"": 11.0, ""min_top_book_lots"": 2.0, ""premium_elasticity_min"": 0.7, ""regime_confidence_min"": 60.0, ""spread_pct_max"": 0.6149641270925901, ""trade_quality_min"": 17.1636363636406}",MIDCPNIFTY,NSE_INDEX,FYERS_PAPER_PROXY_RESEARCH,PAPER_OVERRIDE::FYERS_PAPER_PROXY_RESEARCH,paper-strategy-8ade763620b6,opportunity-score-8ade763620b6,universe-a8e55c76a270
202608211346_1_TITAN_CE,2026-08-21T08:16:15.879655+00:00,TITAN,2026-08-25,5050.0,CE,39.725,39.5,39.95,7.945,2.0,31.919303605142446,542455e602d9,"{""contract_quality_min"": 0.0, ""direction_min"": 0.0, ""excellent_score_min"": 31.919303605142446, ""execution_quality_min"": 85.73766070304744, ""expected_required_ratio_min"": 0.17585969460485576, ""final_confidence_min"": 75.90654499685328, ""iv_crush_max"": 24.0, ""market_hostility_max"": 15.0, ""min_5depth_lots_each_side"": 7.0, ""min_top_book_lots"": 1.0, ""premium_elasticity_min"": 0.5, ""regime_confidence_min"": 60.0, ""spread_pct_max"": 1.1327879169288932, ""trade_quality_min"": 40.0}",TITAN,NSE_STOCK_OPTION,FYERS_PAPER_PROXY_RESEARCH,PAPER_OVERRIDE::FYERS_PAPER_PROXY_RESEARCH,paper-strategy-8ade763620b6,opportunity-score-8ade763620b6,universe-a8e55c76a270
202608211346_2_TITAN_PE,2026-08-21T08:16:15.880271+00:00,TITAN,2026-08-25,5050.0,PE,26.35,26.05,26.65,5.2700000000000005,2.0,19.971225806451713,542455e602d9,"{""contract_quality_min"": 0.0, ""direction_min"": 0.0, ""excellent_score_min"": 19.971225806451713, ""execution_quality_min"": 15.607210626186529, ""expected_required_ratio_min"": 0.17585969460485576, ""final_confidence_min"": 61.62144212523731, ""iv_crush_max"": 24.0, ""market_hostility_max"": 15.0, ""min_5depth_lots_each_side"": 8.0, ""min_top_book_lots"": 1.0, ""premium_elasticity_min"": 0.5, ""regime_confidence_min"": 60.0, ""spread_pct_max"": 2.2770398481973353, ""trade_quality_min"": 40.0}",TITAN,NSE_STOCK_OPTION,FYERS_PAPER_PROXY_RESEARCH,PAPER_OVERRIDE::FYERS_PAPER_PROXY_RESEARCH,paper-strategy-8ade763620b6,opportunity-score-8ade763620b6,universe-a8e55c76a270
202608211346_3_TITAN_PE,2026-08-21T08:16:15.880744+00:00,TITAN,2026-08-25,5000.0,PE,9.625,9.5,9.75,1.925,2.0,13.981636363636369,542455e602d9,"{""contract_quality_min"": 0.0, ""direction_min"": 0.0, ""excellent_score_min"": 13.981636363636369, ""execution_quality_min"": 0.0, ""expected_required_ratio_min"": 0.17585969460485576, ""final_confidence_min"": 57.13636363636364, ""iv_crush_max"": 24.0, ""market_hostility_max"": 15.0, ""min_5depth_lots_each_side"": 11.0, ""min_top_book_lots"": 2.0, ""premium_elasticity_min"": 0.3, ""regime_confidence_min"": 60.0, ""spread_pct_max"": 2.5974025974025974, ""trade_quality_min"": 40.0}",TITAN,NSE_STOCK_OPTION,FYERS_PAPER_PROXY_RESEARCH,PAPER_OVERRIDE::FYERS_PAPER_PROXY_RESEARCH,paper-strategy-8ade763620b6,opportunity-score-8ade763620b6,universe-a8e55c76a270
202608211346_4_TECHM_PE,2026-08-21T08:16:15.881221+00:00,TECHM,2026-08-25,1580.0,PE,9.075,8.85,9.3,1.815,2.0,12.86368629598855,b61ad64e4ace,"{""contract_quality_min"": 0.0, ""direction_min"": 6.557377049180099, ""excellent_score_min"": 12.86368629598855, ""execution_quality_min"": 0.0, ""expected_required_ratio_min"": 1.1666666666666667, ""final_confidence_min"": 34.91603898980905, ""iv_crush_max"": 24.0, ""market_hostility_max"": 21.226204749584262, ""min_5depth_lots_each_side"": 9.0, ""min_top_book_lots"": 1.0, ""premium_elasticity_min"": 0.5, ""regime_confidence_min"": 60.0, ""spread_pct_max"": 4.958677685950425, ""trade_quality_min"": 28.10810810810678}",TECHM,NSE_STOCK_OPTION,FYERS_PAPER_PROXY_RESEARCH,PAPER_OVERRIDE::FYERS_PAPER_PROXY_RESEARCH,paper-strategy-8ade763620b6,opportunity-score-8ade763620b6,universe-a8e55c76a270
202608211346_5_TECHM_CE,2026-08-21T08:16:15.881760+00:00,TECHM,2026-08-25,1580.0,CE,15.325,15.05,15.6,3.065,2.0,12.258888606581493,b61ad64e4ace,"{""contract_quality_min"": 0.0, ""direction_min"": 0.0, ""excellent_score_min"": 12.258888606581493, ""execution_quality_min"": 0.0, ""expected_required_ratio_min"": 1.1666666666666667, ""final_confidence_min"": 38.70412766950862, ""iv_crush_max"": 24.0, ""market_hostility_max"": 21.226204749584262, ""min_5depth_lots_each_side"": 9.0, ""min_top_book_lots"": 1.0, ""premium_elasticity_min"": 0.5, ""regime_confidence_min"": 60.0, ""spread_pct_max"": 3.5889070146818858, ""trade_quality_min"": 28.10810810810678}",TECHM,NSE_STOCK_OPTION,FYERS_PAPER_PROXY_RESEARCH,PAPER_OVERRIDE::FYERS_PAPER_PROXY_RESEARCH,paper-strategy-8ade763620b6,opportunity-score-8ade763620b6,universe-a8e55c76a270
202608211347_1_MIDCPNIFTY_CE,2026-08-21T08:17:31.391587+00:00,MIDCPNIFTY,2026-08-25,14850.0,CE,63.05,62.85,63.25,12.61,2.0,56.554656179521295,712afad509f5,"{""contract_quality_min"": 0.0, ""direction_min"": 2.7760558445406764, ""excellent_score_min"": 56.554656179521295, ""execution_quality_min"": 100.0, ""expected_required_ratio_min"": 1.0833333333333333, ""final_confidence_min"": 84.21491583936547, ""iv_crush_max"": 24.0, ""market_hostility_max"": 19.876816597342934, ""min_5depth_lots_each_side"": 17.0, ""min_top_book_lots"": 1.0, ""premium_elasticity_min"": 0.5, ""regime_confidence_min"": 60.0, ""spread_pct_max"": 0.6344171292624878, ""trade_quality_min"": 40.99502487561455}",MIDCPNIFTY,NSE_INDEX,FYERS_PAPER_PROXY_RESEARCH,PAPER_OVERRIDE::FYERS_PAPER_PROXY_RESEARCH,paper-strategy-8ade763620b6,opportunity-score-8ade763620b6,universe-a8e55c76a270
202608211347_2_MIDCPNIFTY_CE,2026-08-21T08:17:31.392231+00:00,MIDCPNIFTY,2026-08-25,14825.0,CE,77.125,76.9,77.35,15.425,2.0,56.254656179521284,712afad509f5,"{""contract_quality_min"": 0.0, ""direction_min"": 2.7760558445406764, ""excellent_score_min"": 56.254656179521284, ""execution_quality_min"": 100.0, ""expected_required_ratio_min"": 1.0833333333333333, ""final_confidence_min"": 84.21491583936547, ""iv_crush_max"": 24.0, ""market_hostility_max"": 19.876816597342934, ""min_5depth_lots_each_side"": 8.0, ""min_top_book_lots"": 1.0, ""premium_elasticity_min"": 0.7, ""regime_confidence_min"": 60.0, ""spread_pct_max"": 0.5834683954618977, ""trade_quality_min"": 40.99502487561455}",MIDCPNIFTY,NSE_INDEX,FYERS_PAPER_PROXY_RESEARCH,PAPER_OVERRIDE::FYERS_PAPER_PROXY_RESEARCH,paper-strategy-8ade763620b6,opportunity-score-8ade763620b6,universe-a8e55c76a270
202608211347_3_MIDCPNIFTY_PE,2026-08-21T08:17:31.392682+00:00,MIDCPNIFTY,2026-08-25,14875.0,PE,74.275,74.05,74.5,14.855000000000002,2.0,55.75496612750396,712afad509f5,"{""contract_quality_min"": 0.0, ""direction_min"": 0.0, ""excellent_score_min"": 55.75496612750396, ""execution_quality_min"": 100.0, ""expected_required_ratio_min"": 1.0833333333333333, ""final_confidence_min"": 83.38209908600327, ""iv_crush_max"": 24.0, ""market_hostility_max"": 19.876816597342934, ""min_5depth_lots_each_side"": 11.0, ""min_top_book_lots"": 2.0, ""premium_elasticity_min"": 0.7, ""regime_confidence_min"": 60.0, ""spread_pct_max"": 0.6058566139347059, ""trade_quality_min"": 40.99502487561455}",MIDCPNIFTY,NSE_INDEX,FYERS_PAPER_PROXY_RESEARCH,PAPER_OVERRIDE::FYERS_PAPER_PROXY_RESEARCH,paper-strategy-8ade763620b6,opportunity-score-8ade763620b6,universe-a8e55c76a270
202608211347_4_MIDCPNIFTY_PE,2026-08-21T08:17:31.393146+00:00,MIDCPNIFTY,2026-08-25,14850.0,PE,61.775,61.5,62.05,12.355,2.0,55.47428739708832,712afad509f5,"{""contract_quality_min"": 0.0, ""direction_min"": 0.0, ""excellent_score_min"": 55.47428739708832, ""execution_quality_min"": 96.12880846389567, ""expected_required_ratio_min"": 1.0833333333333333, ""final_confidence_min"": 83.38209908600327, ""iv_crush_max"": 24.0, ""market_hostility_max"": 19.876816597342934, ""min_5depth_lots_each_side"": 8.0, ""min_top_book_lots"": 1.0, ""premium_elasticity_min"": 0.5, ""regime_confidence_min"": 60.0, ""spread_pct_max"": 0.8903278025091009, ""trade_quality_min"": 40.99502487561455}",MIDCPNIFTY,NSE_INDEX,FYERS_PAPER_PROXY_RESEARCH,PAPER_OVERRIDE::FYERS_PAPER_PROXY_RESEARCH,paper-strategy-8ade763620b6,opportunity-score-8ade763620b6,universe-a8e55c76a270
202608211347_5_MIDCPNIFTY_CE,2026-08-21T08:17:31.393789+00:00,MIDCPNIFTY,2026-08-25,14875.0,CE,50.7,50.5,50.9,10.14,2.0,53.35465617952129,712afad509f5,"{""contract_quality_min"": 0.0, ""direction_min"": 2.7760558445406764, ""excellent_score_min"": 53.35465617952129, ""execution_quality_min"": 100.0, ""expected_required_ratio_min"": 1.0833333333333333, ""final_confidence_min"": 84.21491583936547, ""iv_crush_max"": 24.0, ""market_hostility_max"": 19.876816597342934, ""min_5depth_lots_each_side"": 18.0, ""min_top_book_lots"": 1.0, ""premium_elasticity_min"": 0.3, ""regime_confidence_min"": 60.0, ""spread_pct_max"": 0.7889546351084784, ""trade_quality_min"": 40.99502487561455}",MIDCPNIFTY,NSE_INDEX,FYERS_PAPER_PROXY_RESEARCH,PAPER_OVERRIDE::FYERS_PAPER_PROXY_RESEARCH,paper-strategy-8ade763620b6,opportunity-score-8ade763620b6,universe-a8e55c76a270
202608211349_1_MIDCPNIFTY_CE,2026-08-21T08:19:15.809911+00:00,MIDCPNIFTY,2026-08-25,14850.0,CE,63.975,63.8,64.15,12.795000000000002,2.0,51.25457705312836,712afad509f5,"{""contract_quality_min"": 0.0, ""direction_min"": 1.3203854717182069, ""excellent_score_min"": 51.25457705312836, ""execution_quality_min"": 100.0, ""expected_required_ratio_min"": 1.0833333333333335, ""final_confidence_min"": 78.57525080321649, ""iv_crush_max"": 24.0, ""market_hostility_max"": 19.701064811385287, ""min_5depth_lots_each_side"": 9.0, ""min_top_book_lots"": 1.0, ""premium_elasticity_min"": 0.5, ""regime_confidence_min"": 60.0, ""spread_pct_max"": 0.5470887065260001, ""trade_quality_min"": 22.923976608195897}",MIDCPNIFTY,NSE_INDEX,FYERS_PAPER_PROXY_RESEARCH,PAPER_OVERRIDE::FYERS_PAPER_PROXY_RESEARCH,paper-strategy-8ade763620b6,opportunity-score-8ade763620b6,universe-a8e55c76a270
202608211349_2_MIDCPNIFTY_PE,2026-08-21T08:19:15.810514+00:00,MIDCPNIFTY,2026-08-25,14850.0,PE,59.95,59.8,60.1,11.990000000000002,2.0,51.016907668219076,712afad509f5,"{""contract_quality_min"": 0.0, ""direction_min"": 0.0, ""excellent_score_min"": 51.016907668219076, ""execution_quality_min"": 100.0, ""expected_required_ratio_min"": 1.0833333333333335, ""final_confidence_min"": 78.17913516170104, ""iv_crush_max"": 24.0, ""market_hostility_max"": 19.701064811385287, ""min_5depth_lots_each_side"": 15.0, ""min_top_book_lots"": 1.0, ""premium_elasticity_min"": 0.5, ""regime_confidence_min"": 60.0, ""spread_pct_max"": 0.5004170141784892, ""trade_quality_min"": 22.923976608195897}",MIDCPNIFTY,NSE_INDEX,FYERS_PAPER_PROXY_RESEARCH,PAPER_OVERRIDE::FYERS_PAPER_PROXY_RESEARCH,paper-strategy-8ade763620b6,opportunity-score-8ade763620b6,universe-a8e55c76a270
202608211349_3_MIDCPNIFTY_CE,2026-08-21T08:19:15.811094+00:00,MIDCPNIFTY,2026-08-25,14825.0,CE,78.4,78.2,78.6,15.680000000000001,2.0,50.95457705312836,712afad509f5,"{""contract_quality_min"": 0.0, ""direction_min"": 1.3203854717182069, ""excellent_score_min"": 50.95457705312836, ""execution_quality_min"": 100.0, ""expected_required_ratio_min"": 1.0833333333333335, ""final_confidence_min"": 78.57525080321649, ""iv_crush_max"": 24.0, ""market_hostility_max"": 19.701064811385287, ""min_5depth_lots_each_side"": 8.0, ""min_top_book_lots"": 1.0, ""premium_elasticity_min"": 0.7, ""regime_confidence_min"": 60.0, ""spread_pct_max"": 0.5102040816326422, ""trade_quality_min"": 22.923976608195897}",MIDCPNIFTY,NSE_INDEX,FYERS_PAPER_PROXY_RESEARCH,PAPER_OVERRIDE::FYERS_PAPER_PROXY_RESEARCH,paper-strategy-8ade763620b6,opportunity-score-8ade763620b6,universe-a8e55c76a270
202608211349_4_MIDCPNIFTY_PE,2026-08-21T08:19:15.811668+00:00,MIDCPNIFTY,2026-08-25,14875.0,PE,72.9,72.7,73.1,14.580000000000002,2.0,50.71690766821908,712afad509f5,"{""contract_quality_min"": 0.0, ""direction_min"": 0.0, ""excellent_score_min"": 50.71690766821908, ""execution_quality_min"": 100.0, ""expected_required_ratio_min"": 1.0833333333333335, ""final_confidence_min"": 78.17913516170104, ""iv_crush_max"": 24.0, ""market_hostility_max"": 19.701064811385287, ""min_5depth_lots_each_side"": 10.0, ""min_top_book_lots"": 1.0, ""premium_elasticity_min"": 0.7, ""regime_confidence_min"": 60.0, ""spread_pct_max"": 0.5486968449931295, ""trade_quality_min"": 22.923976608195897}",MIDCPNIFTY,NSE_INDEX,FYERS_PAPER_PROXY_RESEARCH,PAPER_OVERRIDE::FYERS_PAPER_PROXY_RESEARCH,paper-strategy-8ade763620b6,opportunity-score-8ade763620b6,universe-a8e55c76a270
202608211349_5_MIDCPNIFTY_CE,2026-08-21T08:19:15.812183+00:00,MIDCPNIFTY,2026-08-25,14875.0,CE,51.35,51.2,51.5,10.270000000000001,2.0,48.054577053128355,712afad509f5,"{""contract_quality_min"": 0.0, ""direction_min"": 1.3203854717182069, ""excellent_score_min"": 48.054577053128355, ""execution_quality_min"": 100.0, ""expected_required_ratio_min"": 1.0833333333333335, ""final_confidence_min"": 78.57525080321649, ""iv_crush_max"": 24.0, ""market_hostility_max"": 19.701064811385287, ""min_5depth_lots_each_side"": 9.0, ""min_top_book_lots"": 1.0, ""premium_elasticity_min"": 0.3, ""regime_confidence_min"": 60.0, ""spread_pct_max"": 0.5842259006815913, ""trade_quality_min"": 22.923976608195897}",MIDCPNIFTY,NSE_INDEX,FYERS_PAPER_PROXY_RESEARCH,PAPER_OVERRIDE::FYERS_PAPER_PROXY_RESEARCH,paper-strategy-8ade763620b6,opportunity-score-8ade763620b6,universe-a8e55c76a270
202608211351_1_TCS_CE,2026-08-21T08:21:15.024109+00:00,TCS,2026-08-25,2280.0,CE,29.299999999999997,29.15,29.45,5.859999999999999,2.0,37.33681333912076,5450c99e8b35,"{""contract_quality_min"": 0.0, ""direction_min"": 0.0, ""excellent_score_min"": 37.33681333912076, ""execution_quality_min"": 90.40468064358839, ""expected_required_ratio_min"": 1.1666666666666665, ""final_confidence_min"": 82.18063084163803, ""iv_crush_max"": 24.0, ""market_hostility_max"": 24.416277954575598, ""min_5depth_lots_each_side"": 6.0, ""min_top_book_lots"": 1.0, ""premium_elasticity_min"": 0.7, ""regime_confidence_min"": 60.0, ""spread_pct_max"": 1.0238907849829377, ""trade_quality_min"": 61.1764705882504}",TCS,NSE_STOCK_OPTION,FYERS_PAPER_PROXY_RESEARCH,PAPER_OVERRIDE::FYERS_PAPER_PROXY_RESEARCH,paper-strategy-8ade763620b6,opportunity-score-8ade763620b6,universe-a8e55c76a270
202608211351_2_TCS_PE,2026-08-21T08:21:15.024774+00:00,TCS,2026-08-25,2320.0,PE,31.924999999999997,31.7,32.15,6.385,2.0,35.210442966511266,5450c99e8b35,"{""contract_quality_min"": 0.0, ""direction_min"": 4.53159041394399, ""excellent_score_min"": 35.210442966511266, ""execution_quality_min"": 73.87627251370408, ""expected_required_ratio_min"": 1.1666666666666665, ""final_confidence_min"": 78.91215368945363, ""iv_crush_max"": 24.0, ""market_hostility_max"": 24.416277954575598, ""min_5depth_lots_each_side"": 7.0, ""min_top_book_lots"": 2.0, ""premium_elasticity_min"": 0.7, ""regime_confidence_min"": 60.0, ""spread_pct_max"": 1.4095536413469048, ""trade_quality_min"": 61.1764705882504}",TCS,NSE_STOCK_OPTION,FYERS_PAPER_PROXY_RESEARCH,PAPER_OVERRIDE::FYERS_PAPER_PROXY_RESEARCH,paper-strategy-8ade763620b6,opportunity-score-8ade763620b6,universe-a8e55c76a270
202608211351_3_HINDUNILVR_CE,2026-08-21T08:21:15.025282+00:00,HINDUNILVR,2026-08-25,2000.0,CE,24.924999999999997,24.7,25.15,4.984999999999999,2.0,27.880475587002465,7c6072ee0b40,"{""contract_quality_min"": 0.0, ""direction_min"": 1.1869436201778616, ""excellent_score_min"": 27.880475587002465, ""execution_quality_min"": 48.62086258776347, ""expected_required_ratio_min"": 1.1666666666666667, ""final_confidence_min"": 70.41304655807622, ""iv_crush_max"": 24.0, ""market_hostility_max"": 19.087754866570496, ""min_5depth_lots_each_side"": 7.0, ""min_top_book_lots"": 1.0, ""premium_elasticity_min"": 0.7, ""regime_confidence_min"": 60.0, ""spread_pct_max"": 1.8054162487462362, ""trade_quality_min"": 48.00000000001456}",HINDUNILVR,NSE_STOCK_OPTION,FYERS_PAPER_PROXY_RESEARCH,PAPER_OVERRIDE::FYERS_PAPER_PROXY_RESEARCH,paper-strategy-8ade763620b6,opportunity-score-8ade763620b6,universe-a8e55c76a270
202608211351_4_HINDUNILVR_CE,2026-08-21T08:21:15.025857+00:00,HINDUNILVR,2026-08-25,2020.0,CE,12.525,12.4,12.65,2.5050000000000003,2.0,25.95055228415977,7c6072ee0b40,"{""contract_quality_min"": 0.0, ""direction_min"": 1.1869436201778616, ""excellent_score_min"": 25.95055228415977, ""execution_quality_min"": 35.27944111776448, ""expected_required_ratio_min"": 1.1666666666666667, ""final_confidence_min"": 68.12594573464781, ""iv_crush_max"": 24.0, ""market_hostility_max"": 19.087754866570496, ""min_5depth_lots_each_side"": 13.0, ""min_top_book_lots"": 1.0, ""premium_elasticity_min"": 0.5, ""regime_confidence_min"": 60.0, ""spread_pct_max"": 1.996007984031936, ""trade_quality_min"": 48.00000000001456}",HINDUNILVR,NSE_STOCK_OPTION,FYERS_PAPER_PROXY_RESEARCH,PAPER_OVERRIDE::FYERS_PAPER_PROXY_RESEARCH,paper-strategy-8ade763620b6,opportunity-score-8ade763620b6,universe-a8e55c76a270
202608211351_5_HINDUNILVR_PE,2026-08-21T08:21:15.026390+00:00,HINDUNILVR,2026-08-25,2040.0,PE,25.325000000000003,25.05,25.6,5.065000000000001,2.0,23.34616820503011,7c6072ee0b40,"{""contract_quality_min"": 0.0, ""direction_min"": 0.0, ""excellent_score_min"": 23.34616820503011, ""execution_quality_min"": 22.976307996051162, ""expected_required_ratio_min"": 1.1666666666666667, ""final_confidence_min"": 65.31722005618792, ""iv_crush_max"": 24.0, ""market_hostility_max"": 19.087754866570496, ""min_5depth_lots_each_side"": 5.0, ""min_top_book_lots"": 1.0, ""premium_elasticity_min"": 0.7, ""regime_confidence_min"": 60.0, ""spread_pct_max"": 2.1717670286278405, ""trade_quality_min"": 48.00000000001456}",HINDUNILVR,NSE_STOCK_OPTION,FYERS_PAPER_PROXY_RESEARCH,PAPER_OVERRIDE::FYERS_PAPER_PROXY_RESEARCH,paper-strategy-8ade763620b6,opportunity-score-8ade763620b6,universe-a8e55c76a270
202608211352_1_TRENT_PE,2026-08-21T08:22:23.379636+00:00,TRENT,2026-08-25,2950.0,PE,45.3,44.95,45.65,9.06,2.0,32.89236502222579,17b38ea319dd,"{""contract_quality_min"": 0.0, ""direction_min"": 13.669138502545875, ""excellent_score_min"": 32.89236502222579, ""execution_quality_min"": 66.83222958057459, ""expected_required_ratio_min"": 1.1666666666666667, ""final_confidence_min"": 77.67399108443318, ""iv_crush_max"": 24.0, ""market_hostility_max"": 28.82851275029938, ""min_5depth_lots_each_side"": 6.0, ""min_top_book_lots"": 1.0, ""premium_elasticity_min"": 0.7, ""regime_confidence_min"": 60.0, ""spread_pct_max"": 1.5452538631346486, ""trade_quality_min"": 55.55555555555696}",TRENT,NSE_STOCK_OPTION,FYERS_PAPER_PROXY_RESEARCH,PAPER_OVERRIDE::FYERS_PAPER_PROXY_RESEARCH,paper-strategy-8ade763620b6,opportunity-score-8ade763620b6,universe-a8e55c76a270
202608211352_2_TRENT_CE,2026-08-21T08:22:23.384409+00:00,TRENT,2026-08-25,2900.0,CE,38.25,37.95,38.55,7.65,2.0,30.458449113972506,17b38ea319dd,"{""contract_quality_min"": 0.0, ""direction_min"": 0.0, ""excellent_score_min"": 30.458449113972506, ""execution_quality_min"": 65.19607843137359, ""expected_required_ratio_min"": 1.1666666666666667, ""final_confidence_min"": 73.29276647952068, ""iv_crush_max"": 24.0, ""market_hostility_max"": 28.82851275029938, ""min_5depth_lots_each_side"": 5.0, ""min_top_book_lots"": 1.0, ""premium_elasticity_min"": 0.5, ""regime_confidence_min"": 60.0, ""spread_pct_max"": 1.5686274509803773, ""trade_quality_min"": 55.55555555555696}",TRENT,NSE_STOCK_OPTION,FYERS_PAPER_PROXY_RESEARCH,PAPER_OVERRIDE::FYERS_PAPER_PROXY_RESEARCH,paper-strategy-8ade763620b6,opportunity-score-8ade763620b6,universe-a8e55c76a270
202608211352_3_TITAN_CE,2026-08-21T08:22:23.386976+00:00,TITAN,2026-08-25,5050.0,CE,39.05,38.75,39.35,7.81,2.0,25.920804516532094,542455e602d9,"{""contract_quality_min"": 0.0, ""direction_min"": 0.0, ""excellent_score_min"": 25.920804516532094, ""execution_quality_min"": 67.4455825864274, ""expected_required_ratio_min"": 1.1666666666666665, ""final_confidence_min"": 67.99372621377198, ""iv_crush_max"": 24.0, ""market_hostility_max"": 22.39965371727228, ""min_5depth_lots_each_side"": 5.0, ""min_top_book_lots"": 1.0, ""premium_elasticity_min"": 0.5, ""regime_confidence_min"": 60.0, ""spread_pct_max"": 1.5364916773367514, ""trade_quality_min"": 31.746031746035413}",TITAN,NSE_STOCK_OPTION,FYERS_PAPER_PROXY_RESEARCH,PAPER_OVERRIDE::FYERS_PAPER_PROXY_RESEARCH,paper-strategy-8ade763620b6,opportunity-score-8ade763620b6,universe-a8e55c76a270
202608211352_4_TITAN_PE,2026-08-21T08:22:23.387765+00:00,TITAN,2026-08-25,5050.0,PE,26.6,26.25,26.95,5.32,2.0,15.074166433453449,542455e602d9,"{""contract_quality_min"": 0.0, ""direction_min"": 3.9478878799842083, ""excellent_score_min"": 15.074166433453449, ""execution_quality_min"": 0.0, ""expected_required_ratio_min"": 1.1666666666666665, ""final_confidence_min"": 54.77388744265041, ""iv_crush_max"": 24.0, ""market_hostility_max"": 22.39965371727228, ""min_5depth_lots_each_side"": 5.0, ""min_top_book_lots"": 1.0, ""premium_elasticity_min"": 0.5, ""regime_confidence_min"": 60.0, ""spread_pct_max"": 2.631578947368418, ""trade_quality_min"": 31.746031746035413}",TITAN,NSE_STOCK_OPTION,FYERS_PAPER_PROXY_RESEARCH,PAPER_OVERRIDE::FYERS_PAPER_PROXY_RESEARCH,paper-strategy-8ade763620b6,opportunity-score-8ade763620b6,universe-a8e55c76a270
202608211352_5_WIPRO_CE,2026-08-21T08:22:23.388346+00:00,WIPRO,2026-08-25,177.5,CE,3.5999999999999996,3.55,3.65,0.72,2.0,14.511952512524815,a742cbe7dbbe,"{""contract_quality_min"": 0.0, ""direction_min"": 0.0, ""excellent_score_min"": 14.511952512524815, ""execution_quality_min"": 0.0, ""expected_required_ratio_min"": 1.1666666666666667, ""final_confidence_min"": 51.65892151621811, ""iv_crush_max"": 24.0, ""market_hostility_max"": 20.680351148979984, ""min_5depth_lots_each_side"": 5.0, ""min_top_book_lots"": 1.0, ""premium_elasticity_min"": 0.7, ""regime_confidence_min"": 60.0, ""spread_pct_max"": 2.7777777777777803, ""trade_quality_min"": 32.59259259259197}",WIPRO,NSE_STOCK_OPTION,FYERS_PAPER_PROXY_RESEARCH,PAPER_OVERRIDE::FYERS_PAPER_PROXY_RESEARCH,paper-strategy-8ade763620b6,opportunity-score-8ade763620b6,universe-a8e55c76a270
202608211353_1_MIDCPNIFTY_CE,2026-08-21T08:23:43.049653+00:00,MIDCPNIFTY,2026-08-25,14850.0,CE,64.3,64.1,64.5,12.86,2.0,54.1626889425056,712afad509f5,"{""contract_quality_min"": 0.0, ""direction_min"": 1.4549912599477461, ""excellent_score_min"": 54.1626889425056, ""execution_quality_min"": 100.0, ""expected_required_ratio_min"": 1.0833333333333335, ""final_confidence_min"": 81.68747945822169, ""iv_crush_max"": 24.0, ""market_hostility_max"": 19.530397779251892, ""min_5depth_lots_each_side"": 13.0, ""min_top_book_lots"": 2.0, ""premium_elasticity_min"": 0.5, ""regime_confidence_min"": 60.0, ""spread_pct_max"": 0.6220839813374894, ""trade_quality_min"": 33.2307692307651}",MIDCPNIFTY,NSE_INDEX,FYERS_PAPER_PROXY_RESEARCH,PAPER_OVERRIDE::FYERS_PAPER_PROXY_RESEARCH,paper-strategy-8ade763620b6,opportunity-score-8ade763620b6,universe-a8e55c76a270
202608211353_2_MIDCPNIFTY_CE,2026-08-21T08:23:43.051694+00:00,MIDCPNIFTY,2026-08-25,14825.0,CE,78.4,78.2,78.6,15.680000000000001,2.0,53.862688942505606,712afad509f5,"{""contract_quality_min"": 0.0, ""direction_min"": 1.4549912599477461, ""excellent_score_min"": 53.862688942505606, ""execution_quality_min"": 100.0, ""expected_required_ratio_min"": 1.0833333333333335, ""final_confidence_min"": 81.68747945822169, ""iv_crush_max"": 24.0, ""market_hostility_max"": 19.530397779251892, ""min_5depth_lots_each_side"": 6.0, ""min_top_book_lots"": 1.0, ""premium_elasticity_min"": 0.7, ""regime_confidence_min"": 60.0, ""spread_pct_max"": 0.5102040816326422, ""trade_quality_min"": 33.2307692307651}",MIDCPNIFTY,NSE_INDEX,FYERS_PAPER_PROXY_RESEARCH,PAPER_OVERRIDE::FYERS_PAPER_PROXY_RESEARCH,paper-strategy-8ade763620b6,opportunity-score-8ade763620b6,universe-a8e55c76a270
202608211353_3_MIDCPNIFTY_PE,2026-08-21T08:23:43.053318+00:00,MIDCPNIFTY,2026-08-25,14875.0,PE,72.725,72.5,72.95,14.545,2.0,53.60079051571501,712afad509f5,"{""contract_quality_min"": 0.0, ""direction_min"": 0.0, ""excellent_score_min"": 53.60079051571501, ""execution_quality_min"": 100.0, ""expected_required_ratio_min"": 1.0833333333333335, ""final_confidence_min"": 81.25098208023736, ""iv_crush_max"": 24.0, ""market_hostility_max"": 19.530397779251892, ""min_5depth_lots_each_side"": 6.0, ""min_top_book_lots"": 2.0, ""premium_elasticity_min"": 0.7, ""regime_confidence_min"": 60.0, ""spread_pct_max"": 0.6187693365417709, ""trade_quality_min"": 33.2307692307651}",MIDCPNIFTY,NSE_INDEX,FYERS_PAPER_PROXY_RESEARCH,PAPER_OVERRIDE::FYERS_PAPER_PROXY_RESEARCH,paper-strategy-8ade763620b6,opportunity-score-8ade763620b6,universe-a8e55c76a270
202608211353_4_MIDCPNIFTY_CE,2026-08-21T08:23:43.053868+00:00,MIDCPNIFTY,2026-08-25,14875.0,CE,51.825,51.7,51.95,10.365000000000002,2.0,50.96268894250561,712afad509f5,"{""contract_quality_min"": 0.0, ""direction_min"": 1.4549912599477461, ""excellent_score_min"": 50.96268894250561, ""execution_quality_min"": 100.0, ""expected_required_ratio_min"": 1.0833333333333335, ""final_confidence_min"": 81.68747945822169, ""iv_crush_max"": 24.0, ""market_hostility_max"": 19.530397779251892, ""min_5depth_lots_each_side"": 9.0, ""min_top_book_lots"": 1.0, ""premium_elasticity_min"": 0.3, ""regime_confidence_min"": 60.0, ""spread_pct_max"": 0.482392667631452, ""trade_quality_min"": 33.2307692307651}",MIDCPNIFTY,NSE_INDEX,FYERS_PAPER_PROXY_RESEARCH,PAPER_OVERRIDE::FYERS_PAPER_PROXY_RESEARCH,paper-strategy-8ade763620b6,opportunity-score-8ade763620b6,universe-a8e55c76a270
202608211353_5_MIDCPNIFTY_PE,2026-08-21T08:23:43.054359+00:00,MIDCPNIFTY,2026-08-25,14825.0,PE,49.425,49.2,49.65,9.885,2.0,49.990623596139955,712afad509f5,"{""contract_quality_min"": 0.0, ""direction_min"": 0.0, ""excellent_score_min"": 49.990623596139955, ""execution_quality_min"": 95.26555386949961, ""expected_required_ratio_min"": 1.0833333333333335, ""final_confidence_min"": 81.25098208023736, ""iv_crush_max"": 24.0, ""market_hostility_max"": 19.530397779251892, ""min_5depth_lots_each_side"": 12.0, ""min_top_book_lots"": 2.0, ""premium_elasticity_min"": 0.3, ""regime_confidence_min"": 60.0, ""spread_pct_max"": 0.9104704097116757, ""trade_quality_min"": 33.2307692307651}",MIDCPNIFTY,NSE_INDEX,FYERS_PAPER_PROXY_RESEARCH,PAPER_OVERRIDE::FYERS_PAPER_PROXY_RESEARCH,paper-strategy-8ade763620b6,opportunity-score-8ade763620b6,universe-a8e55c76a270
202608211355_1_BANKNIFTY_PE,2026-08-21T08:25:51.230766+00:00,BANKNIFTY,2026-08-25,57700.0,PE,235.125,234.85,235.4,25.0,2.0,50.471984671566254,2e840ccd58d1,"{""contract_quality_min"": 0.0, ""direction_min"": 0.9712863473562799, ""excellent_score_min"": 50.471984671566254, ""execution_quality_min"": 100.0, ""expected_required_ratio_min"": 1.416666666666667, ""final_confidence_min"": 77.41888882839672, ""iv_crush_max"": 24.0, ""market_hostility_max"": 21.578374907818393, ""min_5depth_lots_each_side"": 16.0, ""min_top_book_lots"": 1.0, ""premium_elasticity_min"": 0.5, ""regime_confidence_min"": 60.0, ""spread_pct_max"": 0.23391812865497558, ""trade_quality_min"": 19.24398625431093}",BANKNIFTY,NSE_INDEX,FYERS_PAPER_PROXY_RESEARCH,PAPER_OVERRIDE::FYERS_PAPER_PROXY_RESEARCH,paper-strategy-8ade763620b6,opportunity-score-8ade763620b6,universe-a8e55c76a270
202608211355_2_BANKNIFTY_CE,2026-08-21T08:25:51.232043+00:00,BANKNIFTY,2026-08-25,57700.0,CE,252.425,252.1,252.75,25.0,2.0,50.29715312904212,2e840ccd58d1,"{""contract_quality_min"": 0.0, ""direction_min"": 0.0, ""excellent_score_min"": 50.29715312904212, ""execution_quality_min"": 100.0, ""expected_required_ratio_min"": 1.416666666666667, ""final_confidence_min"": 77.12750292418983, ""iv_crush_max"": 24.0, ""market_hostility_max"": 21.578374907818393, ""min_5depth_lots_each_side"": 13.0, ""min_top_book_lots"": 3.0, ""premium_elasticity_min"": 0.5, ""regime_confidence_min"": 60.0, ""spread_pct_max"": 0.25750222838467096, ""trade_quality_min"": 19.24398625431093}",BANKNIFTY,NSE_INDEX,FYERS_PAPER_PROXY_RESEARCH,PAPER_OVERRIDE::FYERS_PAPER_PROXY_RESEARCH,paper-strategy-8ade763620b6,opportunity-score-8ade763620b6,universe-a8e55c76a270
202608211355_3_BANKNIFTY_PE,2026-08-21T08:25:51.234352+00:00,BANKNIFTY,2026-08-25,57800.0,PE,285.875,285.5,286.25,25.0,2.0,50.17198467156625,2e840ccd58d1,"{""contract_quality_min"": 0.0, ""direction_min"": 0.9712863473562799, ""excellent_score_min"": 50.17198467156625, ""execution_quality_min"": 100.0, ""expected_required_ratio_min"": 1.416666666666667, ""final_confidence_min"": 77.41888882839672, ""iv_crush_max"": 24.0, ""market_hostility_max"": 21.578374907818393, ""min_5depth_lots_each_side"": 19.0, ""min_top_book_lots"": 3.0, ""premium_elasticity_min"": 0.7, ""regime_confidence_min"": 60.0, ""spread_pct_max"": 0.2623524267599475, ""trade_quality_min"": 19.24398625431093}",BANKNIFTY,NSE_INDEX,FYERS_PAPER_PROXY_RESEARCH,PAPER_OVERRIDE::FYERS_PAPER_PROXY_RESEARCH,paper-strategy-8ade763620b6,opportunity-score-8ade763620b6,universe-a8e55c76a270
202608211355_4_BANKNIFTY_CE,2026-08-21T08:25:51.235010+00:00,BANKNIFTY,2026-08-25,57600.0,CE,308.125,307.75,308.5,25.0,2.0,49.99715312904212,2e840ccd58d1,"{""contract_quality_min"": 0.0, ""direction_min"": 0.0, ""excellent_score_min"": 49.99715312904212, ""execution_quality_min"": 100.0, ""expected_required_ratio_min"": 1.416666666666667, ""final_confidence_min"": 77.12750292418983, ""iv_crush_max"": 24.0, ""market_hostility_max"": 21.578374907818393, ""min_5depth_lots_each_side"": 27.0, ""min_top_book_lots"": 4.0, ""premium_elasticity_min"": 0.7, ""regime_confidence_min"": 60.0, ""spread_pct_max"": 0.2434077079107505, ""trade_quality_min"": 19.24398625431093}",BANKNIFTY,NSE_INDEX,FYERS_PAPER_PROXY_RESEARCH,PAPER_OVERRIDE::FYERS_PAPER_PROXY_RESEARCH,paper-strategy-8ade763620b6,opportunity-score-8ade763620b6,universe-a8e55c76a270
202608211355_5_BANKNIFTY_PE,2026-08-21T08:25:51.235788+00:00,BANKNIFTY,2026-08-25,57600.0,PE,191.55,191.3,191.8,25.0,2.0,47.27198467156625,2e840ccd58d1,"{""contract_quality_min"": 0.0, ""direction_min"": 0.9712863473562799, ""excellent_score_min"": 47.27198467156625, ""execution_quality_min"": 100.0, ""expected_required_ratio_min"": 1.416666666666667, ""final_confidence_min"": 77.41888882839672, ""iv_crush_max"": 24.0, ""market_hostility_max"": 21.578374907818393, ""min_5depth_lots_each_side"": 12.0, ""min_top_book_lots"": 1.0, ""premium_elasticity_min"": 0.3, ""regime_confidence_min"": 60.0, ""spread_pct_max"": 0.261028452101279, ""trade_quality_min"": 19.24398625431093}",BANKNIFTY,NSE_INDEX,FYERS_PAPER_PROXY_RESEARCH,PAPER_OVERRIDE::FYERS_PAPER_PROXY_RESEARCH,paper-strategy-8ade763620b6,opportunity-score-8ade763620b6,universe-a8e55c76a270
202608211356_1_NIFTY_CE,2026-08-21T08:26:56.937554+00:00,NIFTY,2026-08-25,24200.0,CE,133.02499999999998,132.85,133.2,25.0,2.0,50.25903643449967,00929e22c867,"{""contract_quality_min"": 0.0, ""direction_min"": 0.0, ""excellent_score_min"": 50.25903643449967, ""execution_quality_min"": 100.0, ""expected_required_ratio_min"": 1.3333333333333333, ""final_confidence_min"": 74.89075650188224, ""iv_crush_max"": 24.0, ""market_hostility_max"": 18.930945744558514, ""min_5depth_lots_each_side"": 133.0, ""min_top_book_lots"": 12.0, ""premium_elasticity_min"": 0.7, ""regime_confidence_min"": 60.0, ""spread_pct_max"": 0.26310843826348007, ""trade_quality_min"": 11.607843137245773}",NIFTY,NSE_INDEX,FYERS_PAPER_PROXY_RESEARCH,PAPER_OVERRIDE::FYERS_PAPER_PROXY_RESEARCH,paper-strategy-8ade763620b6,opportunity-score-8ade763620b6,universe-a8e55c76a270
202608211356_2_TRENT_PE,2026-08-21T08:26:56.938417+00:00,TRENT,2026-08-25,2950.0,PE,43.8,43.5,44.1,8.76,2.0,34.41672321709378,17b38ea319dd,"{""contract_quality_min"": 0.0, ""direction_min"": 13.669138502545875, ""excellent_score_min"": 34.41672321709378, ""execution_quality_min"": 75.5772994129157, ""expected_required_ratio_min"": 1.1666666666666665, ""final_confidence_min"": 79.77868127766536, ""iv_crush_max"": 24.0, ""market_hostility_max"": 28.819997947524932, ""min_5depth_lots_each_side"": 6.0, ""min_top_book_lots"": 2.0, ""premium_elasticity_min"": 0.7, ""regime_confidence_min"": 60.0, ""spread_pct_max"": 1.3698630136986336, ""trade_quality_min"": 55.55555555555696}",TRENT,NSE_STOCK_OPTION,FYERS_PAPER_PROXY_RESEARCH,PAPER_OVERRIDE::FYERS_PAPER_PROXY_RESEARCH,paper-strategy-8ade763620b6,opportunity-score-8ade763620b6,universe-a8e55c76a270
202608211356_3_TRENT_CE,2026-08-21T08:26:56.939033+00:00,TRENT,2026-08-25,2900.0,CE,39.5,39.25,39.75,7.9,2.0,33.049956604156414,17b38ea319dd,"{""contract_quality_min"": 0.0, ""direction_min"": 0.0, ""excellent_score_min"": 33.049956604156414, ""execution_quality_min"": 80.03616636528028, ""expected_required_ratio_min"": 1.1666666666666665, ""final_confidence_min"": 76.92642247356369, ""iv_crush_max"": 24.0, ""market_hostility_max"": 28.819997947524932, ""min_5depth_lots_each_side"": 5.0, ""min_top_book_lots"": 1.0, ""premium_elasticity_min"": 0.5, ""regime_confidence_min"": 60.0, ""spread_pct_max"": 1.2658227848101267, ""trade_quality_min"": 55.55555555555696}",TRENT,NSE_STOCK_OPTION,FYERS_PAPER_PROXY_RESEARCH,PAPER_OVERRIDE::FYERS_PAPER_PROXY_RESEARCH,paper-strategy-8ade763620b6,opportunity-score-8ade763620b6,universe-a8e55c76a270
202608211356_4_TRENT_PE,2026-08-21T08:26:56.939521+00:00,TRENT,2026-08-25,2900.0,PE,17.049999999999997,16.9,17.2,3.4099999999999997,2.0,30.687453657665117,17b38ea319dd,"{""contract_quality_min"": 0.0, ""direction_min"": 13.669138502545875, ""excellent_score_min"": 30.687453657665117, ""execution_quality_min"": 51.83284457477975, ""expected_required_ratio_min"": 1.1666666666666665, ""final_confidence_min"": 75.10266794058263, ""iv_crush_max"": 24.0, ""market_hostility_max"": 28.819997947524932, ""min_5depth_lots_each_side"": 14.0, ""min_top_book_lots"": 3.0, ""premium_elasticity_min"": 0.5, ""regime_confidence_min"": 60.0, ""spread_pct_max"": 1.7595307917888607, ""trade_quality_min"": 55.55555555555696}",TRENT,NSE_STOCK_OPTION,FYERS_PAPER_PROXY_RESEARCH,PAPER_OVERRIDE::FYERS_PAPER_PROXY_RESEARCH,paper-strategy-8ade763620b6,opportunity-score-8ade763620b6,universe-a8e55c76a270
202608211356_5_TECHM_CE,2026-08-21T08:26:56.940049+00:00,TECHM,2026-08-25,1580.0,CE,15.25,15.05,15.45,3.0500000000000003,2.0,24.04600373671518,b61ad64e4ace,"{""contract_quality_min"": 0.0, ""direction_min"": 0.0, ""excellent_score_min"": 24.04600373671518, ""execution_quality_min"": 0.0, ""expected_required_ratio_min"": 1.1666666666666665, ""final_confidence_min"": 58.99446139525036, ""iv_crush_max"": 24.0, ""market_hostility_max"": 23.41910294458087, ""min_5depth_lots_each_side"": 9.0, ""min_top_book_lots"": 1.0, ""premium_elasticity_min"": 0.5, ""regime_confidence_min"": 60.0, ""spread_pct_max"": 2.6229508196721216, ""trade_quality_min"": 69.33333333334143}",TECHM,NSE_STOCK_OPTION,FYERS_PAPER_PROXY_RESEARCH,PAPER_OVERRIDE::FYERS_PAPER_PROXY_RESEARCH,paper-strategy-8ade763620b6,opportunity-score-8ade763620b6,universe-a8e55c76a270
202608211358_1_NIFTY_CE,2026-08-21T08:28:00.689116+00:00,NIFTY,2026-08-25,24250.0,CE,101.225,101.1,101.35,20.245,2.0,57.48299992959564,00929e22c867,"{""contract_quality_min"": 0.0, ""direction_min"": 2.0632637944659136, ""excellent_score_min"": 57.48299992959564, ""execution_quality_min"": 100.0, ""expected_required_ratio_min"": 1.3333333333333333, ""final_confidence_min"": 82.33580535864357, ""iv_crush_max"": 24.0, ""market_hostility_max"": 19.053713073293252, ""min_5depth_lots_each_side"": 231.0, ""min_top_book_lots"": 15.0, ""premium_elasticity_min"": 0.5, ""regime_confidence_min"": 60.0, ""spread_pct_max"": 0.24697456162015313, ""trade_quality_min"": 35.08771929824561}",NIFTY,NSE_INDEX,FYERS_PAPER_PROXY_RESEARCH,PAPER_OVERRIDE::FYERS_PAPER_PROXY_RESEARCH,paper-strategy-8ade763620b6,opportunity-score-8ade763620b6,universe-a8e55c76a270
202608211358_2_NIFTY_CE,2026-08-21T08:28:00.689752+00:00,NIFTY,2026-08-25,24200.0,CE,135.075,134.9,135.25,25.0,2.0,57.182999929595645,00929e22c867,"{""contract_quality_min"": 0.0, ""direction_min"": 2.0632637944659136, ""excellent_score_min"": 57.182999929595645, ""execution_quality_min"": 100.0, ""expected_required_ratio_min"": 1.3333333333333333, ""final_confidence_min"": 82.33580535864357, ""iv_crush_max"": 24.0, ""market_hostility_max"": 19.053713073293252, ""min_5depth_lots_each_side"": 150.0, ""min_top_book_lots"": 22.0, ""premium_elasticity_min"": 0.7, ""regime_confidence_min"": 60.0, ""spread_pct_max"": 0.25911530631130436, ""trade_quality_min"": 35.08771929824561}",NIFTY,NSE_INDEX,FYERS_PAPER_PROXY_RESEARCH,PAPER_OVERRIDE::FYERS_PAPER_PROXY_RESEARCH,paper-strategy-8ade763620b6,opportunity-score-8ade763620b6,universe-a8e55c76a270
202608211358_3_BANKNIFTY_CE,2026-08-21T08:28:00.690258+00:00,BANKNIFTY,2026-08-25,57700.0,CE,262.575,262.25,262.9,25.0,2.0,53.908800480314454,2e840ccd58d1,"{""contract_quality_min"": 0.0, ""direction_min"": 1.7554541370262338, ""excellent_score_min"": 53.908800480314454, ""execution_quality_min"": 100.0, ""expected_required_ratio_min"": 1.4166666666666667, ""final_confidence_min"": 80.97727866684009, ""iv_crush_max"": 24.0, ""market_hostility_max"": 21.194183848647803, ""min_5depth_lots_each_side"": 18.0, ""min_top_book_lots"": 1.0, ""premium_elasticity_min"": 0.5, ""regime_confidence_min"": 60.0, ""spread_pct_max"": 0.2475483195277453, ""trade_quality_min"": 30.713201820953845}",BANKNIFTY,NSE_INDEX,FYERS_PAPER_PROXY_RESEARCH,PAPER_OVERRIDE::FYERS_PAPER_PROXY_RESEARCH,paper-strategy-8ade763620b6,opportunity-score-8ade763620b6,universe-a8e55c76a270
202608211358_4_BANKNIFTY_CE,2026-08-21T08:28:00.690731+00:00,BANKNIFTY,2026-08-25,57600.0,CE,318.8,318.6,319.0,25.0,2.0,53.60880048031446,2e840ccd58d1,"{""contract_quality_min"": 0.0, ""direction_min"": 1.7554541370262338, ""excellent_score_min"": 53.60880048031446, ""execution_quality_min"": 100.0, ""expected_required_ratio_min"": 1.4166666666666667, ""final_confidence_min"": 80.97727866684009, ""iv_crush_max"": 24.0, ""market_hostility_max"": 21.194183848647803, ""min_5depth_lots_each_side"": 21.0, ""min_top_book_lots"": 6.0, ""premium_elasticity_min"": 0.7, ""regime_confidence_min"": 60.0, ""spread_pct_max"": 0.125470514429102, ""trade_quality_min"": 30.713201820953845}",BANKNIFTY,NSE_INDEX,FYERS_PAPER_PROXY_RESEARCH,PAPER_OVERRIDE::FYERS_PAPER_PROXY_RESEARCH,paper-strategy-8ade763620b6,opportunity-score-8ade763620b6,universe-a8e55c76a270
202608211358_5_BANKNIFTY_PE,2026-08-21T08:28:00.691251+00:00,BANKNIFTY,2026-08-25,57700.0,PE,227.225,227.0,227.45,25.0,2.0,53.592818735649736,2e840ccd58d1,"{""contract_quality_min"": 0.0, ""direction_min"": 0.0, ""excellent_score_min"": 53.592818735649736, ""execution_quality_min"": 100.0, ""expected_required_ratio_min"": 1.4166666666666667, ""final_confidence_min"": 80.45064242573223, ""iv_crush_max"": 24.0, ""market_hostility_max"": 21.194183848647803, ""min_5depth_lots_each_side"": 12.0, ""min_top_book_lots"": 1.0, ""premium_elasticity_min"": 0.5, ""regime_confidence_min"": 60.0, ""spread_pct_max"": 0.19804158873362904, ""trade_quality_min"": 30.713201820953845}",BANKNIFTY,NSE_INDEX,FYERS_PAPER_PROXY_RESEARCH,PAPER_OVERRIDE::FYERS_PAPER_PROXY_RESEARCH,paper-strategy-8ade763620b6,opportunity-score-8ade763620b6,universe-a8e55c76a270
202608211359_1_BANKNIFTY_CE,2026-08-21T08:29:16.443716+00:00,BANKNIFTY,2026-08-25,57700.0,CE,261.0,260.65,261.35,25.0,2.0,62.912224572384694,2e840ccd58d1,"{""contract_quality_min"": 0.0, ""direction_min"": 4.114997883516301, ""excellent_score_min"": 62.912224572384694, ""execution_quality_min"": 100.0, ""expected_required_ratio_min"": 1.4166666666666667, ""final_confidence_min"": 89.46456291974975, ""iv_crush_max"": 24.0, ""market_hostility_max"": 21.45354815106319, ""min_5depth_lots_each_side"": 11.0, ""min_top_book_lots"": 1.0, ""premium_elasticity_min"": 0.5, ""regime_confidence_min"": 60.0, ""spread_pct_max"": 0.2681992337164925, ""trade_quality_min"": 62.17562254259229}",BANKNIFTY,NSE_INDEX,FYERS_PAPER_PROXY_RESEARCH,PAPER_OVERRIDE::FYERS_PAPER_PROXY_RESEARCH,paper-strategy-8ade763620b6,opportunity-score-8ade763620b6,universe-a8e55c76a270
202608211359_2_BANKNIFTY_PE,2026-08-21T08:29:16.444372+00:00,BANKNIFTY,2026-08-25,57700.0,PE,229.075,228.8,229.35,25.0,2.0,62.17152495335176,2e840ccd58d1,"{""contract_quality_min"": 0.0, ""direction_min"": 0.0, ""excellent_score_min"": 62.17152495335176, ""execution_quality_min"": 100.0, ""expected_required_ratio_min"": 1.4166666666666667, ""final_confidence_min"": 88.23006355469487, ""iv_crush_max"": 24.0, ""market_hostility_max"": 21.45354815106319, ""min_5depth_lots_each_side"": 19.0, ""min_top_book_lots"": 3.0, ""premium_elasticity_min"": 0.5, ""regime_confidence_min"": 60.0, ""spread_pct_max"": 0.2400960384153587, ""trade_quality_min"": 62.17562254259229}",BANKNIFTY,NSE_INDEX,FYERS_PAPER_PROXY_RESEARCH,PAPER_OVERRIDE::FYERS_PAPER_PROXY_RESEARCH,paper-strategy-8ade763620b6,opportunity-score-8ade763620b6,universe-a8e55c76a270
202608211359_3_BANKNIFTY_CE,2026-08-21T08:29:16.445218+00:00,BANKNIFTY,2026-08-25,57800.0,CE,210.225,210.0,210.45,25.0,2.0,59.7122245723847,2e840ccd58d1,"{""contract_quality_min"": 0.0, ""direction_min"": 4.114997883516301, ""excellent_score_min"": 59.7122245723847, ""execution_quality_min"": 100.0, ""expected_required_ratio_min"": 1.4166666666666667, ""final_confidence_min"": 89.46456291974975, ""iv_crush_max"": 24.0, ""market_hostility_max"": 21.45354815106319, ""min_5depth_lots_each_side"": 10.0, ""min_top_book_lots"": 1.0, ""premium_elasticity_min"": 0.3, ""regime_confidence_min"": 60.0, ""spread_pct_max"": 0.21405636817694787, ""trade_quality_min"": 62.17562254259229}",BANKNIFTY,NSE_INDEX,FYERS_PAPER_PROXY_RESEARCH,PAPER_OVERRIDE::FYERS_PAPER_PROXY_RESEARCH,paper-strategy-8ade763620b6,opportunity-score-8ade763620b6,universe-a8e55c76a270
202608211359_4_MIDCPNIFTY_CE,2026-08-21T08:29:16.445774+00:00,MIDCPNIFTY,2026-08-25,14850.0,CE,64.725,64.55,64.9,12.945,2.0,51.245920113460194,712afad509f5,"{""contract_quality_min"": 0.0, ""direction_min"": 1.4818207535732086, ""excellent_score_min"": 51.245920113460194, ""execution_quality_min"": 100.0, ""expected_required_ratio_min"": 1.0833333333333333, ""final_confidence_min"": 78.5616513513795, ""iv_crush_max"": 24.0, ""market_hostility_max"": 19.233217514656864, ""min_5depth_lots_each_side"": 14.0, ""min_top_book_lots"": 2.0, ""premium_elasticity_min"": 0.5, ""regime_confidence_min"": 60.0, ""spread_pct_max"": 0.5407493240633582, ""trade_quality_min"": 22.797927461145054}",MIDCPNIFTY,NSE_INDEX,FYERS_PAPER_PROXY_RESEARCH,PAPER_OVERRIDE::FYERS_PAPER_PROXY_RESEARCH,paper-strategy-8ade763620b6,opportunity-score-8ade763620b6,universe-a8e55c76a270
202608211359_5_MIDCPNIFTY_CE,2026-08-21T08:29:16.449537+00:00,MIDCPNIFTY,2026-08-25,14825.0,CE,80.325,80.15,80.5,16.065,2.0,50.9459201134602,712afad509f5,"{""contract_quality_min"": 0.0, ""direction_min"": 1.4818207535732086, ""excellent_score_min"": 50.9459201134602, ""execution_quality_min"": 100.0, ""expected_required_ratio_min"": 1.0833333333333333, ""final_confidence_min"": 78.5616513513795, ""iv_crush_max"": 24.0, ""market_hostility_max"": 19.233217514656864, ""min_top_book_lots"": 0.0, ""premium_elasticity_min"": 0.7, ""regime_confidence_min"": 60.0, ""spread_pct_max"": 0.4357298474945463, ""trade_quality_min"": 22.797927461145054}",MIDCPNIFTY,NSE_INDEX,FYERS_PAPER_PROXY_RESEARCH,PAPER_OVERRIDE::FYERS_PAPER_PROXY_RESEARCH,paper-strategy-8ade763620b6,opportunity-score-8ade763620b6,universe-a8e55c76a270
202608211400_1_NIFTY_CE,2026-08-21T08:30:34.267153+00:00,NIFTY,2026-08-25,24250.0,CE,98.725,98.6,98.85,19.745,2.0,55.73028882533243,00929e22c867,"{""contract_quality_min"": 0.0, ""direction_min"": 1.7828364845935956, ""excellent_score_min"": 55.73028882533243, ""execution_quality_min"": 100.0, ""expected_required_ratio_min"": 1.3333333333333337, ""final_confidence_min"": 80.465412049876, ""iv_crush_max"": 24.0, ""market_hostility_max"": 19.15377209270319, ""min_5depth_lots_each_side"": 165.0, ""min_top_book_lots"": 4.0, ""premium_elasticity_min"": 0.5, ""regime_confidence_min"": 60.0, ""spread_pct_max"": 0.25322866548493295, ""trade_quality_min"": 28.993288590623166}",NIFTY,NSE_INDEX,FYERS_PAPER_PROXY_RESEARCH,PAPER_OVERRIDE::FYERS_PAPER_PROXY_RESEARCH,paper-strategy-8ade763620b6,opportunity-score-8ade763620b6,universe-a8e55c76a270
202608211400_2_BANKNIFTY_CE,2026-08-21T08:30:34.267729+00:00,BANKNIFTY,2026-08-25,57700.0,CE,256.45,256.25,256.65,25.0,2.0,51.45741905638164,2e840ccd58d1,"{""contract_quality_min"": 0.0, ""direction_min"": 1.7832686724977915, ""excellent_score_min"": 51.45741905638164, ""execution_quality_min"": 100.0, ""expected_required_ratio_min"": 1.4166666666666665, ""final_confidence_min"": 78.37842277676273, ""iv_crush_max"": 24.0, ""market_hostility_max"": 21.300095674970787, ""min_5depth_lots_each_side"": 9.0, ""min_top_book_lots"": 1.0, ""premium_elasticity_min"": 0.5, ""regime_confidence_min"": 60.0, ""spread_pct_max"": 0.1559758237473103, ""trade_quality_min"": 22.03644158629355}",BANKNIFTY,NSE_INDEX,FYERS_PAPER_PROXY_RESEARCH,PAPER_OVERRIDE::FYERS_PAPER_PROXY_RESEARCH,paper-strategy-8ade763620b6,opportunity-score-8ade763620b6,universe-a8e55c76a270
202608211400_3_BANKNIFTY_CE,2026-08-21T08:30:34.268264+00:00,BANKNIFTY,2026-08-25,57600.0,CE,311.7,311.4,312.0,25.0,2.0,51.157419056381634,2e840ccd58d1,"{""contract_quality_min"": 0.0, ""direction_min"": 1.7832686724977915, ""excellent_score_min"": 51.157419056381634, ""execution_quality_min"": 100.0, ""expected_required_ratio_min"": 1.4166666666666665, ""final_confidence_min"": 78.37842277676273, ""iv_crush_max"": 24.0, ""market_hostility_max"": 21.300095674970787, ""min_5depth_lots_each_side"": 14.0, ""min_top_book_lots"": 2.0, ""premium_elasticity_min"": 0.7, ""regime_confidence_min"": 60.0, ""spread_pct_max"": 0.19249278152070026, ""trade_quality_min"": 22.03644158629355}",BANKNIFTY,NSE_INDEX,FYERS_PAPER_PROXY_RESEARCH,PAPER_OVERRIDE::FYERS_PAPER_PROXY_RESEARCH,paper-strategy-8ade763620b6,opportunity-score-8ade763620b6,universe-a8e55c76a270
202608211400_4_BANKNIFTY_PE,2026-08-21T08:30:34.268715+00:00,BANKNIFTY,2026-08-25,57700.0,PE,231.25,230.95,231.55,25.0,2.0,51.13643069533204,2e840ccd58d1,"{""contract_quality_min"": 0.0, ""direction_min"": 0.0, ""excellent_score_min"": 51.13643069533204, ""execution_quality_min"": 100.0, ""expected_required_ratio_min"": 1.4166666666666665, ""final_confidence_min"": 77.8434421750134, ""iv_crush_max"": 24.0, ""market_hostility_max"": 21.300095674970787, ""min_5depth_lots_each_side"": 18.0, ""min_top_book_lots"": 2.0, ""premium_elasticity_min"": 0.5, ""regime_confidence_min"": 60.0, ""spread_pct_max"": 0.2594594594594693, ""trade_quality_min"": 22.03644158629355}",BANKNIFTY,NSE_INDEX,FYERS_PAPER_PROXY_RESEARCH,PAPER_OVERRIDE::FYERS_PAPER_PROXY_RESEARCH,paper-strategy-8ade763620b6,opportunity-score-8ade763620b6,universe-a8e55c76a270
202608211400_5_BANKNIFTY_PE,2026-08-21T08:30:34.269195+00:00,BANKNIFTY,2026-08-25,57800.0,PE,281.25,281.0,281.5,25.0,2.0,50.836430695332034,2e840ccd58d1,"{""contract_quality_min"": 0.0, ""direction_min"": 0.0, ""excellent_score_min"": 50.836430695332034, ""execution_quality_min"": 100.0, ""expected_required_ratio_min"": 1.4166666666666665, ""final_confidence_min"": 77.8434421750134, ""iv_crush_max"": 24.0, ""market_hostility_max"": 21.300095674970787, ""min_5depth_lots_each_side"": 13.0, ""min_top_book_lots"": 1.0, ""premium_elasticity_min"": 0.7, ""regime_confidence_min"": 60.0, ""spread_pct_max"": 0.17777777777777778, ""trade_quality_min"": 22.03644158629355}",BANKNIFTY,NSE_INDEX,FYERS_PAPER_PROXY_RESEARCH,PAPER_OVERRIDE::FYERS_PAPER_PROXY_RESEARCH,paper-strategy-8ade763620b6,opportunity-score-8ade763620b6,universe-a8e55c76a270
202608211401_1_M&M_CE,2026-08-21T08:31:44.348173+00:00,M&M,2026-08-25,3400.0,CE,37.599999999999994,37.4,37.8,7.52,2.0,25.199364391321346,0fdd6afea273,"{""contract_quality_min"": 0.0, ""direction_min"": 0.0, ""excellent_score_min"": 25.199364391321346, ""execution_quality_min"": 88.69300911854118, ""expected_required_ratio_min"": 1.1666666666666667, ""final_confidence_min"": 70.47359318056218, ""iv_crush_max"": 24.0, ""market_hostility_max"": 28.479785178063583, ""min_5depth_lots_each_side"": 6.0, ""min_top_book_lots"": 1.0, ""premium_elasticity_min"": 0.7, ""regime_confidence_min"": 60.0, ""spread_pct_max"": 1.063829787234039, ""trade_quality_min"": 22.399999999999416}",M&M,NSE_STOCK_OPTION,FYERS_PAPER_PROXY_RESEARCH,PAPER_OVERRIDE::FYERS_PAPER_PROXY_RESEARCH,paper-strategy-8ade763620b6,opportunity-score-8ade763620b6,universe-a8e55c76a270
202608211401_2_M&M_PE,2026-08-21T08:31:44.348806+00:00,M&M,2026-08-25,3450.0,PE,41.375,41.05,41.7,8.275,2.0,22.517883362807908,0fdd6afea273,"{""contract_quality_min"": 0.0, ""direction_min"": 6.536329150861236, ""excellent_score_min"": 22.517883362807908, ""execution_quality_min"": 65.03021148036157, ""expected_required_ratio_min"": 1.1666666666666667, ""final_confidence_min"": 66.34848562640528, ""iv_crush_max"": 24.0, ""market_hostility_max"": 28.479785178063583, ""min_5depth_lots_each_side"": 5.0, ""min_top_book_lots"": 1.0, ""premium_elasticity_min"": 0.5, ""regime_confidence_min"": 60.0, ""spread_pct_max"": 1.5709969788519775, ""trade_quality_min"": 22.399999999999416}",M&M,NSE_STOCK_OPTION,FYERS_PAPER_PROXY_RESEARCH,PAPER_OVERRIDE::FYERS_PAPER_PROXY_RESEARCH,paper-strategy-8ade763620b6,opportunity-score-8ade763620b6,universe-a8e55c76a270
202608211401_3_SUNPHARMA_PE,2026-08-21T08:31:44.349331+00:00,SUNPHARMA,2026-08-25,1920.0,PE,36.95,36.6,37.3,7.390000000000001,2.0,21.878400061164868,cb1e16815115,"{""contract_quality_min"": 0.0, ""direction_min"": 0.0, ""excellent_score_min"": 21.878400061164868, ""execution_quality_min"": 42.38836265223357, ""expected_required_ratio_min"": 1.1666666666666667, ""final_confidence_min"": 64.83347376632292, ""iv_crush_max"": 24.0, ""market_hostility_max"": 28.597534125936157, ""min_5depth_lots_each_side"": 5.0, ""min_top_book_lots"": 1.0, ""premium_elasticity_min"": 0.7, ""regime_confidence_min"": 60.0, ""spread_pct_max"": 1.894451962110949, ""trade_quality_min"": 39.272727272726314}",SUNPHARMA,NSE_STOCK_OPTION,FYERS_PAPER_PROXY_RESEARCH,PAPER_OVERRIDE::FYERS_PAPER_PROXY_RESEARCH,paper-strategy-8ade763620b6,opportunity-score-8ade763620b6,universe-a8e55c76a270
202608211401_4_TCS_PE,2026-08-21T08:31:44.349780+00:00,TCS,2026-08-25,2320.0,PE,32.625,32.4,32.85,6.525,2.0,16.703185126700482,5450c99e8b35,"{""contract_quality_min"": 0.0, ""direction_min"": 0.0, ""excellent_score_min"": 16.703185126700482, ""execution_quality_min"": 75.17241379310308, ""expected_required_ratio_min"": 1.1666666666666667, ""final_confidence_min"": 60.94827586206886, ""iv_crush_max"": 24.0, ""market_hostility_max"": 28.14201811388748, ""min_5depth_lots_each_side"": 7.0, ""min_top_book_lots"": 1.0, ""premium_elasticity_min"": 0.7, ""regime_confidence_min"": 60.0, ""spread_pct_max"": 1.379310344827595, ""trade_quality_min"": 0.0}",TCS,NSE_STOCK_OPTION,FYERS_PAPER_PROXY_RESEARCH,PAPER_OVERRIDE::FYERS_PAPER_PROXY_RESEARCH,paper-strategy-8ade763620b6,opportunity-score-8ade763620b6,universe-a8e55c76a270
202608211401_5_TCS_CE,2026-08-21T08:31:44.350262+00:00,TCS,2026-08-25,2280.0,CE,27.55,27.35,27.75,5.510000000000001,2.0,16.14938683787507,5450c99e8b35,"{""contract_quality_min"": 0.0, ""direction_min"": 0.0, ""excellent_score_min"": 16.14938683787507, ""execution_quality_min"": 72.06118745138731, ""expected_required_ratio_min"": 1.1666666666666667, ""final_confidence_min"": 60.07713248638845, ""iv_crush_max"": 24.0, ""market_hostility_max"": 28.14201811388748, ""min_5depth_lots_each_side"": 7.0, ""min_top_book_lots"": 1.0, ""premium_elasticity_min"": 0.7, ""regime_confidence_min"": 60.0, ""spread_pct_max"": 1.451905626134296, ""trade_quality_min"": 0.0}",TCS,NSE_STOCK_OPTION,FYERS_PAPER_PROXY_RESEARCH,PAPER_OVERRIDE::FYERS_PAPER_PROXY_RESEARCH,paper-strategy-8ade763620b6,opportunity-score-8ade763620b6,universe-a8e55c76a270
202608211402_1_MIDCPNIFTY_PE,2026-08-21T08:32:59.269509+00:00,MIDCPNIFTY,2026-08-25,14850.0,PE,61.2,61.0,61.4,12.240000000000002,2.0,50.616749237488904,712afad509f5,"{""contract_quality_min"": 0.0, ""direction_min"": 1.7511837328501862, ""excellent_score_min"": 50.616749237488904, ""execution_quality_min"": 100.0, ""expected_required_ratio_min"": 1.0833333333333335, ""final_confidence_min"": 77.88032461875106, ""iv_crush_max"": 24.0, ""market_hostility_max"": 19.761054573588048, ""min_5depth_lots_each_side"": 9.0, ""min_top_book_lots"": 1.0, ""premium_elasticity_min"": 0.5, ""regime_confidence_min"": 60.0, ""spread_pct_max"": 0.6535947712418277, ""trade_quality_min"": 20.392156862745097}",MIDCPNIFTY,NSE_INDEX,FYERS_PAPER_PROXY_RESEARCH,PAPER_OVERRIDE::FYERS_PAPER_PROXY_RESEARCH,paper-strategy-8ade763620b6,opportunity-score-8ade763620b6,universe-a8e55c76a270
202608211402_2_MIDCPNIFTY_PE,2026-08-21T08:32:59.270137+00:00,MIDCPNIFTY,2026-08-25,14875.0,PE,73.75,73.55,73.95,14.75,2.0,50.31674923748891,712afad509f5,"{""contract_quality_min"": 0.0, ""direction_min"": 1.7511837328501862, ""excellent_score_min"": 50.31674923748891, ""execution_quality_min"": 100.0, ""expected_required_ratio_min"": 1.0833333333333335, ""final_confidence_min"": 77.88032461875106, ""iv_crush_max"": 24.0, ""market_hostility_max"": 19.761054573588048, ""min_5depth_lots_each_side"": 11.0, ""min_top_book_lots"": 2.0, ""premium_elasticity_min"": 0.7, ""regime_confidence_min"": 60.0, ""spread_pct_max"": 0.5423728813559399, ""trade_quality_min"": 20.392156862745097}",MIDCPNIFTY,NSE_INDEX,FYERS_PAPER_PROXY_RESEARCH,PAPER_OVERRIDE::FYERS_PAPER_PROXY_RESEARCH,paper-strategy-8ade763620b6,opportunity-score-8ade763620b6,universe-a8e55c76a270
202608211402_3_MIDCPNIFTY_CE,2026-08-21T08:32:59.270576+00:00,MIDCPNIFTY,2026-08-25,14850.0,CE,61.825,61.65,62.0,12.365000000000002,2.0,50.301536165575875,712afad509f5,"{""contract_quality_min"": 0.0, ""direction_min"": 0.0, ""excellent_score_min"": 50.301536165575875, ""execution_quality_min"": 100.0, ""expected_required_ratio_min"": 1.0833333333333335, ""final_confidence_min"": 77.35496949889601, ""iv_crush_max"": 24.0, ""market_hostility_max"": 19.761054573588048, ""min_5depth_lots_each_side"": 16.0, ""min_top_book_lots"": 1.0, ""premium_elasticity_min"": 0.5, ""regime_confidence_min"": 60.0, ""spread_pct_max"": 0.5661140315406411, ""trade_quality_min"": 20.392156862745097}",MIDCPNIFTY,NSE_INDEX,FYERS_PAPER_PROXY_RESEARCH,PAPER_OVERRIDE::FYERS_PAPER_PROXY_RESEARCH,paper-strategy-8ade763620b6,opportunity-score-8ade763620b6,universe-a8e55c76a270
202608211402_4_MIDCPNIFTY_CE,2026-08-21T08:32:59.271030+00:00,MIDCPNIFTY,2026-08-25,14825.0,CE,75.725,75.45,76.0,15.145,2.0,50.00153616557588,712afad509f5,"{""contract_quality_min"": 0.0, ""direction_min"": 0.0, ""excellent_score_min"": 50.00153616557588, ""execution_quality_min"": 100.0, ""expected_required_ratio_min"": 1.0833333333333335, ""final_confidence_min"": 77.35496949889601, ""iv_crush_max"": 24.0, ""market_hostility_max"": 19.761054573588048, ""min_5depth_lots_each_side"": 9.0, ""min_top_book_lots"": 2.0, ""premium_elasticity_min"": 0.7, ""regime_confidence_min"": 60.0, ""spread_pct_max"": 0.7263123142951432, ""trade_quality_min"": 20.392156862745097}",MIDCPNIFTY,NSE_INDEX,FYERS_PAPER_PROXY_RESEARCH,PAPER_OVERRIDE::FYERS_PAPER_PROXY_RESEARCH,paper-strategy-8ade763620b6,opportunity-score-8ade763620b6,universe-a8e55c76a270
202608211402_5_NIFTY_CE,2026-08-21T08:32:59.271577+00:00,NIFTY,2026-08-25,24250.0,CE,98.025,97.9,98.15,19.605000000000004,2.0,48.72085990250586,00929e22c867,"{""contract_quality_min"": 0.0, ""direction_min"": 0.31362903874786996, ""excellent_score_min"": 48.72085990250586, ""execution_quality_min"": 100.0, ""expected_required_ratio_min"": 1.3333333333333333, ""final_confidence_min"": 72.99466340343267, ""iv_crush_max"": 24.0, ""market_hostility_max"": 18.997246219225314, ""min_top_book_lots"": 0.0, ""premium_elasticity_min"": 0.5, ""regime_confidence_min"": 60.0, ""spread_pct_max"": 0.2550369803621525, ""trade_quality_min"": 4.825396825401636}",NIFTY,NSE_INDEX,FYERS_PAPER_PROXY_RESEARCH,PAPER_OVERRIDE::FYERS_PAPER_PROXY_RESEARCH,paper-strategy-8ade763620b6,opportunity-score-8ade763620b6,universe-a8e55c76a270
202608211404_1_MIDCPNIFTY_PE,2026-08-21T08:34:00.684066+00:00,MIDCPNIFTY,2026-08-25,14850.0,PE,61.35,61.1,61.6,12.270000000000001,2.0,59.92331974658306,712afad509f5,"{""contract_quality_min"": 0.0, ""direction_min"": 4.579201670061785, ""excellent_score_min"": 59.92331974658306, ""execution_quality_min"": 99.3573174991268, ""expected_required_ratio_min"": 1.0833333333333333, ""final_confidence_min"": 87.87918794281696, ""iv_crush_max"": 24.0, ""market_hostility_max"": 19.79724562638735, ""min_5depth_lots_each_side"": 24.0, ""min_top_book_lots"": 2.0, ""premium_elasticity_min"": 0.5, ""regime_confidence_min"": 60.0, ""spread_pct_max"": 0.8149959250203749, ""trade_quality_min"": 52.307692307692314}",MIDCPNIFTY,NSE_INDEX,FYERS_PAPER_PROXY_RESEARCH,PAPER_OVERRIDE::FYERS_PAPER_PROXY_RESEARCH,paper-strategy-8ade763620b6,opportunity-score-8ade763620b6,universe-a8e55c76a270
202608211404_2_MIDCPNIFTY_PE,2026-08-21T08:34:00.684719+00:00,MIDCPNIFTY,2026-08-25,14875.0,PE,73.775,73.55,74.0,14.755000000000003,2.0,59.71972212171404,712afad509f5,"{""contract_quality_min"": 0.0, ""direction_min"": 4.579201670061785, ""excellent_score_min"": 59.71972212171404, ""execution_quality_min"": 100.0, ""expected_required_ratio_min"": 1.0833333333333333, ""final_confidence_min"": 87.87918794281696, ""iv_crush_max"": 24.0, ""market_hostility_max"": 19.79724562638735, ""min_5depth_lots_each_side"": 16.0, ""min_top_book_lots"": 2.0, ""premium_elasticity_min"": 0.7, ""regime_confidence_min"": 60.0, ""spread_pct_max"": 0.6099627245001732, ""trade_quality_min"": 52.307692307692314}",MIDCPNIFTY,NSE_INDEX,FYERS_PAPER_PROXY_RESEARCH,PAPER_OVERRIDE::FYERS_PAPER_PROXY_RESEARCH,paper-strategy-8ade763620b6,opportunity-score-8ade763620b6,universe-a8e55c76a270
202608211404_3_MIDCPNIFTY_CE,2026-08-21T08:34:00.685165+00:00,MIDCPNIFTY,2026-08-25,14850.0,CE,62.2,62.05,62.35,12.440000000000001,2.0,59.19546582110293,712afad509f5,"{""contract_quality_min"": 0.0, ""direction_min"": 0.0, ""excellent_score_min"": 59.19546582110293, ""execution_quality_min"": 100.0, ""expected_required_ratio_min"": 1.0833333333333333, ""final_confidence_min"": 86.50542744179843, ""iv_crush_max"": 24.0, ""market_hostility_max"": 19.79724562638735, ""min_top_book_lots"": 0.0, ""premium_elasticity_min"": 0.5, ""regime_confidence_min"": 60.0, ""spread_pct_max"": 0.4823151125401997, ""trade_quality_min"": 52.307692307692314}",MIDCPNIFTY,NSE_INDEX,FYERS_PAPER_PROXY_RESEARCH,PAPER_OVERRIDE::FYERS_PAPER_PROXY_RESEARCH,paper-strategy-8ade763620b6,opportunity-score-8ade763620b6,universe-a8e55c76a270
202608211404_4_MIDCPNIFTY_CE,2026-08-21T08:34:00.685639+00:00,MIDCPNIFTY,2026-08-25,14825.0,CE,75.75,75.45,76.05,15.15,2.0,58.895465821102924,712afad509f5,"{""contract_quality_min"": 0.0, ""direction_min"": 0.0, ""excellent_score_min"": 58.895465821102924, ""execution_quality_min"": 100.0, ""expected_required_ratio_min"": 1.0833333333333333, ""final_confidence_min"": 86.50542744179843, ""iv_crush_max"": 24.0, ""market_hostility_max"": 19.79724562638735, ""min_5depth_lots_each_side"": 9.0, ""min_top_book_lots"": 2.0, ""premium_elasticity_min"": 0.7, ""regime_confidence_min"": 60.0, ""spread_pct_max"": 0.7920792079207847, ""trade_quality_min"": 52.307692307692314}",MIDCPNIFTY,NSE_INDEX,FYERS_PAPER_PROXY_RESEARCH,PAPER_OVERRIDE::FYERS_PAPER_PROXY_RESEARCH,paper-strategy-8ade763620b6,opportunity-score-8ade763620b6,universe-a8e55c76a270
202608211404_5_MIDCPNIFTY_CE,2026-08-21T08:34:00.686145+00:00,MIDCPNIFTY,2026-08-25,14875.0,CE,49.8,49.65,49.95,9.96,2.0,55.995465821102925,712afad509f5,"{""contract_quality_min"": 0.0, ""direction_min"": 0.0, ""excellent_score_min"": 55.995465821102925, ""execution_quality_min"": 100.0, ""expected_required_ratio_min"": 1.0833333333333333, ""final_confidence_min"": 86.50542744179843, ""iv_crush_max"": 24.0, ""market_hostility_max"": 19.79724562638735, ""min_5depth_lots_each_side"": 15.0, ""min_top_book_lots"": 1.0, ""premium_elasticity_min"": 0.3, ""regime_confidence_min"": 60.0, ""spread_pct_max"": 0.6024096385542255, ""trade_quality_min"": 52.307692307692314}",MIDCPNIFTY,NSE_INDEX,FYERS_PAPER_PROXY_RESEARCH,PAPER_OVERRIDE::FYERS_PAPER_PROXY_RESEARCH,paper-strategy-8ade763620b6,opportunity-score-8ade763620b6,universe-a8e55c76a270
202608211405_1_MIDCPNIFTY_PE,2026-08-21T08:35:09.295198+00:00,MIDCPNIFTY,2026-08-25,14850.0,PE,60.9,60.65,61.15,12.18,2.0,60.43714968475031,712afad509f5,"{""contract_quality_min"": 0.0, ""direction_min"": 4.551836053099677, ""excellent_score_min"": 60.43714968475031, ""execution_quality_min"": 99.09922589725545, ""expected_required_ratio_min"": 1.0833333333333335, ""final_confidence_min"": 88.47193203446554, ""iv_crush_max"": 24.0, ""market_hostility_max"": 19.711615659721375, ""min_5depth_lots_each_side"": 14.0, ""min_top_book_lots"": 2.0, ""premium_elasticity_min"": 0.5, ""regime_confidence_min"": 60.0, ""spread_pct_max"": 0.8210180623973727, ""trade_quality_min"": 54.29718875500196}",MIDCPNIFTY,NSE_INDEX,FYERS_PAPER_PROXY_RESEARCH,PAPER_OVERRIDE::FYERS_PAPER_PROXY_RESEARCH,paper-strategy-8ade763620b6,opportunity-score-8ade763620b6,universe-a8e55c76a270
202608211405_2_MIDCPNIFTY_CE,2026-08-21T08:35:09.295859+00:00,MIDCPNIFTY,2026-08-25,14850.0,CE,62.4,62.25,62.55,12.48,2.0,59.75293531060406,712afad509f5,"{""contract_quality_min"": 0.0, ""direction_min"": 0.0, ""excellent_score_min"": 59.75293531060406, ""execution_quality_min"": 100.0, ""expected_required_ratio_min"": 1.0833333333333335, ""final_confidence_min"": 87.10638121853563, ""iv_crush_max"": 24.0, ""market_hostility_max"": 19.711615659721375, ""min_5depth_lots_each_side"": 13.0, ""min_top_book_lots"": 1.0, ""premium_elasticity_min"": 0.5, ""regime_confidence_min"": 60.0, ""spread_pct_max"": 0.4807692307692262, ""trade_quality_min"": 54.29718875500196}",MIDCPNIFTY,NSE_INDEX,FYERS_PAPER_PROXY_RESEARCH,PAPER_OVERRIDE::FYERS_PAPER_PROXY_RESEARCH,paper-strategy-8ade763620b6,opportunity-score-8ade763620b6,universe-a8e55c76a270
202608211405_3_MIDCPNIFTY_CE,2026-08-21T08:35:09.296293+00:00,MIDCPNIFTY,2026-08-25,14825.0,CE,76.05,75.75,76.35,15.21,2.0,59.452935310604055,712afad509f5,"{""contract_quality_min"": 0.0, ""direction_min"": 0.0, ""excellent_score_min"": 59.452935310604055, ""execution_quality_min"": 100.0, ""expected_required_ratio_min"": 1.0833333333333335, ""final_confidence_min"": 87.10638121853563, ""iv_crush_max"": 24.0, ""market_hostility_max"": 19.711615659721375, ""min_5depth_lots_each_side"": 8.0, ""min_top_book_lots"": 1.0, ""premium_elasticity_min"": 0.7, ""regime_confidence_min"": 60.0, ""spread_pct_max"": 0.7889546351084739, ""trade_quality_min"": 54.29718875500196}",MIDCPNIFTY,NSE_INDEX,FYERS_PAPER_PROXY_RESEARCH,PAPER_OVERRIDE::FYERS_PAPER_PROXY_RESEARCH,paper-strategy-8ade763620b6,opportunity-score-8ade763620b6,universe-a8e55c76a270
202608211405_4_MIDCPNIFTY_PE,2026-08-21T08:35:09.296717+00:00,MIDCPNIFTY,2026-08-25,14825.0,PE,49.8,49.65,49.95,9.96,2.0,57.372265800162,712afad509f5,"{""contract_quality_min"": 0.0, ""direction_min"": 4.551836053099677, ""excellent_score_min"": 57.372265800162, ""execution_quality_min"": 100.0, ""expected_required_ratio_min"": 1.0833333333333335, ""final_confidence_min"": 88.47193203446554, ""iv_crush_max"": 24.0, ""market_hostility_max"": 19.711615659721375, ""min_5depth_lots_each_side"": 10.0, ""min_top_book_lots"": 2.0, ""premium_elasticity_min"": 0.3, ""regime_confidence_min"": 60.0, ""spread_pct_max"": 0.6024096385542255, ""trade_quality_min"": 54.29718875500196}",MIDCPNIFTY,NSE_INDEX,FYERS_PAPER_PROXY_RESEARCH,PAPER_OVERRIDE::FYERS_PAPER_PROXY_RESEARCH,paper-strategy-8ade763620b6,opportunity-score-8ade763620b6,universe-a8e55c76a270
202608211405_5_MIDCPNIFTY_CE,2026-08-21T08:35:09.297448+00:00,MIDCPNIFTY,2026-08-25,14875.0,CE,49.974999999999994,49.8,50.15,9.995,2.0,56.552935310604056,712afad509f5,"{""contract_quality_min"": 0.0, ""direction_min"": 0.0, ""excellent_score_min"": 56.552935310604056, ""execution_quality_min"": 100.0, ""expected_required_ratio_min"": 1.0833333333333335, ""final_confidence_min"": 87.10638121853563, ""iv_crush_max"": 24.0, ""market_hostility_max"": 19.711615659721375, ""min_5depth_lots_each_side"": 9.0, ""min_top_book_lots"": 2.0, ""premium_elasticity_min"": 0.3, ""regime_confidence_min"": 60.0, ""spread_pct_max"": 0.7003501750875467, ""trade_quality_min"": 54.29718875500196}",MIDCPNIFTY,NSE_INDEX,FYERS_PAPER_PROXY_RESEARCH,PAPER_OVERRIDE::FYERS_PAPER_PROXY_RESEARCH,paper-strategy-8ade763620b6,opportunity-score-8ade763620b6,universe-a8e55c76a270
202608211406_1_MIDCPNIFTY_PE,2026-08-21T08:36:17.614902+00:00,MIDCPNIFTY,2026-08-25,14850.0,PE,61.45,61.25,61.65,12.290000000000001,2.0,59.476979665876094,712afad509f5,"{""contract_quality_min"": 0.0, ""direction_min"": 4.255634338659414, ""excellent_score_min"": 59.476979665876094, ""execution_quality_min"": 100.0, ""expected_required_ratio_min"": 1.0833333333333335, ""final_confidence_min"": 87.306345150796, ""iv_crush_max"": 24.0, ""market_hostility_max"": 19.715980098563822, ""min_5depth_lots_each_side"": 10.0, ""min_top_book_lots"": 2.0, ""premium_elasticity_min"": 0.5, ""regime_confidence_min"": 60.0, ""spread_pct_max"": 0.650935720097638, ""trade_quality_min"": 50.55999999999031}",MIDCPNIFTY,NSE_INDEX,FYERS_PAPER_PROXY_RESEARCH,PAPER_OVERRIDE::FYERS_PAPER_PROXY_RESEARCH,paper-strategy-8ade763620b6,opportunity-score-8ade763620b6,universe-a8e55c76a270
202608211406_2_MIDCPNIFTY_PE,2026-08-21T08:36:17.616346+00:00,MIDCPNIFTY,2026-08-25,14875.0,PE,73.9,73.65,74.15,14.780000000000001,2.0,59.17697966587609,712afad509f5,"{""contract_quality_min"": 0.0, ""direction_min"": 4.255634338659414, ""excellent_score_min"": 59.17697966587609, ""execution_quality_min"": 100.0, ""expected_required_ratio_min"": 1.0833333333333335, ""final_confidence_min"": 87.306345150796, ""iv_crush_max"": 24.0, ""market_hostility_max"": 19.715980098563822, ""min_5depth_lots_each_side"": 11.0, ""min_top_book_lots"": 3.0, ""premium_elasticity_min"": 0.7, ""regime_confidence_min"": 60.0, ""spread_pct_max"": 0.6765899864682002, ""trade_quality_min"": 50.55999999999031}",MIDCPNIFTY,NSE_INDEX,FYERS_PAPER_PROXY_RESEARCH,PAPER_OVERRIDE::FYERS_PAPER_PROXY_RESEARCH,paper-strategy-8ade763620b6,opportunity-score-8ade763620b6,universe-a8e55c76a270
202608211406_3_MIDCPNIFTY_CE,2026-08-21T08:36:17.616994+00:00,MIDCPNIFTY,2026-08-25,14850.0,CE,62.275000000000006,62.1,62.45,12.455000000000002,2.0,58.7109654849174,712afad509f5,"{""contract_quality_min"": 0.0, ""direction_min"": 0.0, ""excellent_score_min"": 58.7109654849174, ""execution_quality_min"": 100.0, ""expected_required_ratio_min"": 1.0833333333333335, ""final_confidence_min"": 86.02965484919818, ""iv_crush_max"": 24.0, ""market_hostility_max"": 19.715980098563822, ""min_5depth_lots_each_side"": 15.0, ""min_top_book_lots"": 2.0, ""premium_elasticity_min"": 0.5, ""regime_confidence_min"": 60.0, ""spread_pct_max"": 0.5620232838217606, ""trade_quality_min"": 50.55999999999031}",MIDCPNIFTY,NSE_INDEX,FYERS_PAPER_PROXY_RESEARCH,PAPER_OVERRIDE::FYERS_PAPER_PROXY_RESEARCH,paper-strategy-8ade763620b6,opportunity-score-8ade763620b6,universe-a8e55c76a270
202608211406_4_MIDCPNIFTY_CE,2026-08-21T08:36:17.617479+00:00,MIDCPNIFTY,2026-08-25,14825.0,CE,76.475,76.3,76.65,15.295,2.0,58.4109654849174,712afad509f5,"{""contract_quality_min"": 0.0, ""direction_min"": 0.0, ""excellent_score_min"": 58.4109654849174, ""execution_quality_min"": 100.0, ""expected_required_ratio_min"": 1.0833333333333335, ""final_confidence_min"": 86.02965484919818, ""iv_crush_max"": 24.0, ""market_hostility_max"": 19.715980098563822, ""min_5depth_lots_each_side"": 8.0, ""min_top_book_lots"": 1.0, ""premium_elasticity_min"": 0.7, ""regime_confidence_min"": 60.0, ""spread_pct_max"": 0.45766590389017137, ""trade_quality_min"": 50.55999999999031}",MIDCPNIFTY,NSE_INDEX,FYERS_PAPER_PROXY_RESEARCH,PAPER_OVERRIDE::FYERS_PAPER_PROXY_RESEARCH,paper-strategy-8ade763620b6,opportunity-score-8ade763620b6,universe-a8e55c76a270
202608211406_5_MIDCPNIFTY_PE,2026-08-21T08:36:17.618134+00:00,MIDCPNIFTY,2026-08-25,14825.0,PE,49.725,49.5,49.95,9.945,2.0,55.60212510866856,712afad509f5,"{""contract_quality_min"": 0.0, ""direction_min"": 4.255634338659414, ""excellent_score_min"": 55.60212510866856, ""execution_quality_min"": 95.50096961861644, ""expected_required_ratio_min"": 1.0833333333333335, ""final_confidence_min"": 87.306345150796, ""iv_crush_max"": 24.0, ""market_hostility_max"": 19.715980098563822, ""min_5depth_lots_each_side"": 11.0, ""min_top_book_lots"": 1.0, ""premium_elasticity_min"": 0.3, ""regime_confidence_min"": 60.0, ""spread_pct_max"": 0.9049773755656165, ""trade_quality_min"": 50.55999999999031}",MIDCPNIFTY,NSE_INDEX,FYERS_PAPER_PROXY_RESEARCH,PAPER_OVERRIDE::FYERS_PAPER_PROXY_RESEARCH,paper-strategy-8ade763620b6,opportunity-score-8ade763620b6,universe-a8e55c76a270
202608211407_1_MIDCPNIFTY_PE,2026-08-21T08:37:21.390068+00:00,MIDCPNIFTY,2026-08-25,14850.0,PE,60.925,60.7,61.15,12.185,2.0,59.476979665876094,712afad509f5,"{""contract_quality_min"": 0.0, ""direction_min"": 4.255634338659414, ""excellent_score_min"": 59.476979665876094, ""execution_quality_min"": 100.0, ""expected_required_ratio_min"": 1.0833333333333335, ""final_confidence_min"": 87.306345150796, ""iv_crush_max"": 24.0, ""market_hostility_max"": 19.715297097397666, ""min_5depth_lots_each_side"": 13.0, ""min_top_book_lots"": 2.0, ""premium_elasticity_min"": 0.5, ""regime_confidence_min"": 60.0, ""spread_pct_max"": 0.7386130488305224, ""trade_quality_min"": 50.55999999999031}",MIDCPNIFTY,NSE_INDEX,FYERS_PAPER_PROXY_RESEARCH,PAPER_OVERRIDE::FYERS_PAPER_PROXY_RESEARCH,paper-strategy-8ade763620b6,opportunity-score-8ade763620b6,universe-a8e55c76a270
202608211407_2_MIDCPNIFTY_PE,2026-08-21T08:37:21.390671+00:00,MIDCPNIFTY,2026-08-25,14875.0,PE,73.275,73.05,73.5,14.655000000000001,2.0,59.17697966587609,712afad509f5,"{""contract_quality_min"": 0.0, ""direction_min"": 4.255634338659414, ""excellent_score_min"": 59.17697966587609, ""execution_quality_min"": 100.0, ""expected_required_ratio_min"": 1.0833333333333335, ""final_confidence_min"": 87.306345150796, ""iv_crush_max"": 24.0, ""market_hostility_max"": 19.715297097397666, ""min_5depth_lots_each_side"": 9.0, ""min_top_book_lots"": 2.0, ""premium_elasticity_min"": 0.7, ""regime_confidence_min"": 60.0, ""spread_pct_max"": 0.6141248720573222, ""trade_quality_min"": 50.55999999999031}",MIDCPNIFTY,NSE_INDEX,FYERS_PAPER_PROXY_RESEARCH,PAPER_OVERRIDE::FYERS_PAPER_PROXY_RESEARCH,paper-strategy-8ade763620b6,opportunity-score-8ade763620b6,universe-a8e55c76a270
202608211407_3_MIDCPNIFTY_CE,2026-08-21T08:37:21.391123+00:00,MIDCPNIFTY,2026-08-25,14850.0,CE,63.25,63.05,63.45,12.65,2.0,58.7109654849174,712afad509f5,"{""contract_quality_min"": 0.0, ""direction_min"": 0.0, ""excellent_score_min"": 58.7109654849174, ""execution_quality_min"": 100.0, ""expected_required_ratio_min"": 1.0833333333333335, ""final_confidence_min"": 86.02965484919818, ""iv_crush_max"": 24.0, ""market_hostility_max"": 19.715297097397666, ""min_5depth_lots_each_side"": 15.0, ""min_top_book_lots"": 1.0, ""premium_elasticity_min"": 0.5, ""regime_confidence_min"": 60.0, ""spread_pct_max"": 0.6324110671936849, ""trade_quality_min"": 50.55999999999031}",MIDCPNIFTY,NSE_INDEX,FYERS_PAPER_PROXY_RESEARCH,PAPER_OVERRIDE::FYERS_PAPER_PROXY_RESEARCH,paper-strategy-8ade763620b6,opportunity-score-8ade763620b6,universe-a8e55c76a270
202608211407_4_MIDCPNIFTY_CE,2026-08-21T08:37:21.391573+00:00,MIDCPNIFTY,2026-08-25,14825.0,CE,77.125,76.85,77.4,15.425,2.0,58.4109654849174,712afad509f5,"{""contract_quality_min"": 0.0, ""direction_min"": 0.0, ""excellent_score_min"": 58.4109654849174, ""execution_quality_min"": 100.0, ""expected_required_ratio_min"": 1.0833333333333335, ""final_confidence_min"": 86.02965484919818, ""iv_crush_max"": 24.0, ""market_hostility_max"": 19.715297097397666, ""min_5depth_lots_each_side"": 9.0, ""min_top_book_lots"": 2.0, ""premium_elasticity_min"": 0.7, ""regime_confidence_min"": 60.0, ""spread_pct_max"": 0.7131280388979078, ""trade_quality_min"": 50.55999999999031}",MIDCPNIFTY,NSE_INDEX,FYERS_PAPER_PROXY_RESEARCH,PAPER_OVERRIDE::FYERS_PAPER_PROXY_RESEARCH,paper-strategy-8ade763620b6,opportunity-score-8ade763620b6,universe-a8e55c76a270
202608211407_5_MIDCPNIFTY_PE,2026-08-21T08:37:21.392108+00:00,MIDCPNIFTY,2026-08-25,14825.0,PE,49.474999999999994,49.3,49.65,9.895,2.0,56.27697966587609,712afad509f5,"{""contract_quality_min"": 0.0, ""direction_min"": 4.255634338659414, ""excellent_score_min"": 56.27697966587609, ""execution_quality_min"": 100.0, ""expected_required_ratio_min"": 1.0833333333333335, ""final_confidence_min"": 87.306345150796, ""iv_crush_max"": 24.0, ""market_hostility_max"": 19.715297097397666, ""min_5depth_lots_each_side"": 13.0, ""min_top_book_lots"": 1.0, ""premium_elasticity_min"": 0.3, ""regime_confidence_min"": 60.0, ""spread_pct_max"": 0.7074279939363344, ""trade_quality_min"": 50.55999999999031}",MIDCPNIFTY,NSE_INDEX,FYERS_PAPER_PROXY_RESEARCH,PAPER_OVERRIDE::FYERS_PAPER_PROXY_RESEARCH,paper-strategy-8ade763620b6,opportunity-score-8ade763620b6,universe-a8e55c76a270
202608211408_1_NIFTY_CE,2026-08-21T08:38:26.405847+00:00,NIFTY,2026-08-25,24200.0,CE,130.025,129.9,130.15,25.0,2.0,55.3935362647643,00929e22c867,"{""contract_quality_min"": 0.0, ""direction_min"": 0.0, ""excellent_score_min"": 55.3935362647643, ""execution_quality_min"": 100.0, ""expected_required_ratio_min"": 1.3333333333333333, ""final_confidence_min"": 80.13341142811036, ""iv_crush_max"": 24.0, ""market_hostility_max"": 19.275673645589215, ""min_5depth_lots_each_side"": 92.0, ""min_top_book_lots"": 8.0, ""premium_elasticity_min"": 0.7, ""regime_confidence_min"": 60.0, ""spread_pct_max"": 0.19227071716977504, ""trade_quality_min"": 30.048780487813048}",NIFTY,NSE_INDEX,FYERS_PAPER_PROXY_RESEARCH,PAPER_OVERRIDE::FYERS_PAPER_PROXY_RESEARCH,paper-strategy-8ade763620b6,opportunity-score-8ade763620b6,universe-a8e55c76a270
202608211408_2_BANKNIFTY_PE,2026-08-21T08:38:26.407845+00:00,BANKNIFTY,2026-08-25,57600.0,PE,192.025,191.8,192.25,25.0,2.0,51.352921450594636,2e840ccd58d1,"{""contract_quality_min"": 0.0, ""direction_min"": 2.1298608045772647, ""excellent_score_min"": 51.352921450594636, ""execution_quality_min"": 100.0, ""expected_required_ratio_min"": 1.4166666666666667, ""final_confidence_min"": 78.36881245401847, ""iv_crush_max"": 24.0, ""market_hostility_max"": 21.716866773081435, ""min_5depth_lots_each_side"": 17.0, ""min_top_book_lots"": 1.0, ""premium_elasticity_min"": 0.5, ""regime_confidence_min"": 60.0, ""spread_pct_max"": 0.23434448639499472, ""trade_quality_min"": 21.83111111110622}",BANKNIFTY,NSE_INDEX,FYERS_PAPER_PROXY_RESEARCH,PAPER_OVERRIDE::FYERS_PAPER_PROXY_RESEARCH,paper-strategy-8ade763620b6,opportunity-score-8ade763620b6,universe-a8e55c76a270
202608211408_3_BANKNIFTY_PE,2026-08-21T08:38:26.411020+00:00,BANKNIFTY,2026-08-25,57700.0,PE,235.525,235.3,235.75,25.0,2.0,51.05292145059464,2e840ccd58d1,"{""contract_quality_min"": 0.0, ""direction_min"": 2.1298608045772647, ""excellent_score_min"": 51.05292145059464, ""execution_quality_min"": 100.0, ""expected_required_ratio_min"": 1.4166666666666667, ""final_confidence_min"": 78.36881245401847, ""iv_crush_max"": 24.0, ""market_hostility_max"": 21.716866773081435, ""min_5depth_lots_each_side"": 14.0, ""min_top_book_lots"": 1.0, ""premium_elasticity_min"": 0.7, ""regime_confidence_min"": 60.0, ""spread_pct_max"": 0.191062519902341, ""trade_quality_min"": 21.83111111110622}",BANKNIFTY,NSE_INDEX,FYERS_PAPER_PROXY_RESEARCH,PAPER_OVERRIDE::FYERS_PAPER_PROXY_RESEARCH,paper-strategy-8ade763620b6,opportunity-score-8ade763620b6,universe-a8e55c76a270
202608211408_4_BANKNIFTY_CE,2026-08-21T08:38:26.411680+00:00,BANKNIFTY,2026-08-25,57600.0,CE,306.675,306.35,307.0,25.0,2.0,50.96954650577072,2e840ccd58d1,"{""contract_quality_min"": 0.0, ""direction_min"": 0.0, ""excellent_score_min"": 50.96954650577072, ""execution_quality_min"": 100.0, ""expected_required_ratio_min"": 1.4166666666666667, ""final_confidence_min"": 77.72985421264528, ""iv_crush_max"": 24.0, ""market_hostility_max"": 21.716866773081435, ""min_5depth_lots_each_side"": 15.0, ""min_top_book_lots"": 1.0, ""premium_elasticity_min"": 0.5, ""regime_confidence_min"": 60.0, ""spread_pct_max"": 0.2119507622075413, ""trade_quality_min"": 21.83111111110622}",BANKNIFTY,NSE_INDEX,FYERS_PAPER_PROXY_RESEARCH,PAPER_OVERRIDE::FYERS_PAPER_PROXY_RESEARCH,paper-strategy-8ade763620b6,opportunity-score-8ade763620b6,universe-a8e55c76a270
202608211408_5_BANKNIFTY_CE,2026-08-21T08:38:26.412268+00:00,BANKNIFTY,2026-08-25,57500.0,CE,369.35,369.1,369.6,25.0,2.0,50.669546505770725,2e840ccd58d1,"{""contract_quality_min"": 0.0, ""direction_min"": 0.0, ""excellent_score_min"": 50.669546505770725, ""execution_quality_min"": 100.0, ""expected_required_ratio_min"": 1.4166666666666667, ""final_confidence_min"": 77.72985421264528, ""iv_crush_max"": 24.0, ""market_hostility_max"": 21.716866773081435, ""min_top_book_lots"": 0.0, ""premium_elasticity_min"": 0.7, ""regime_confidence_min"": 60.0, ""spread_pct_max"": 0.13537295248409367, ""trade_quality_min"": 21.83111111110622}",BANKNIFTY,NSE_INDEX,FYERS_PAPER_PROXY_RESEARCH,PAPER_OVERRIDE::FYERS_PAPER_PROXY_RESEARCH,paper-strategy-8ade763620b6,opportunity-score-8ade763620b6,universe-a8e55c76a270
202608211409_1_MIDCPNIFTY_PE,2026-08-21T08:39:43.592207+00:00,MIDCPNIFTY,2026-08-25,14850.0,PE,60.099999999999994,59.9,60.3,12.02,2.0,50.08798609672102,712afad509f5,"{""contract_quality_min"": 0.0, ""direction_min"": 0.0, ""excellent_score_min"": 50.08798609672102, ""execution_quality_min"": 100.0, ""expected_required_ratio_min"": 1.0833333333333335, ""final_confidence_min"": 77.18025312407639, ""iv_crush_max"": 24.0, ""market_hostility_max"": 19.732909437080046, ""min_5depth_lots_each_side"": 10.0, ""min_top_book_lots"": 2.0, ""premium_elasticity_min"": 0.5, ""regime_confidence_min"": 60.0, ""spread_pct_max"": 0.6655574043261208, ""trade_quality_min"": 19.607843137253504}",MIDCPNIFTY,NSE_INDEX,FYERS_PAPER_PROXY_RESEARCH,PAPER_OVERRIDE::FYERS_PAPER_PROXY_RESEARCH,paper-strategy-8ade763620b6,opportunity-score-8ade763620b6,universe-a8e55c76a270
202608211409_2_MIDCPNIFTY_CE,2026-08-21T08:39:43.592821+00:00,MIDCPNIFTY,2026-08-25,14825.0,CE,79.225,78.95,79.5,15.844999999999999,2.0,50.030505877240614,712afad509f5,"{""contract_quality_min"": 0.0, ""direction_min"": 1.34733211399777, ""excellent_score_min"": 50.030505877240614, ""execution_quality_min"": 100.0, ""expected_required_ratio_min"": 1.0833333333333335, ""final_confidence_min"": 77.58445275827572, ""iv_crush_max"": 24.0, ""market_hostility_max"": 19.732909437080046, ""min_5depth_lots_each_side"": 7.0, ""min_top_book_lots"": 1.0, ""premium_elasticity_min"": 0.7, ""regime_confidence_min"": 60.0, ""spread_pct_max"": 0.6942253076680305, ""trade_quality_min"": 19.607843137253504}",MIDCPNIFTY,NSE_INDEX,FYERS_PAPER_PROXY_RESEARCH,PAPER_OVERRIDE::FYERS_PAPER_PROXY_RESEARCH,paper-strategy-8ade763620b6,opportunity-score-8ade763620b6,universe-a8e55c76a270
202608211409_3_MIDCPNIFTY_PE,2026-08-21T08:39:43.593360+00:00,MIDCPNIFTY,2026-08-25,14875.0,PE,72.375,72.2,72.55,14.475000000000001,2.0,49.78798609672102,712afad509f5,"{""contract_quality_min"": 0.0, ""direction_min"": 0.0, ""excellent_score_min"": 49.78798609672102, ""execution_quality_min"": 100.0, ""expected_required_ratio_min"": 1.0833333333333335, ""final_confidence_min"": 77.18025312407639, ""iv_crush_max"": 24.0, ""market_hostility_max"": 19.732909437080046, ""min_top_book_lots"": 0.0, ""premium_elasticity_min"": 0.7, ""regime_confidence_min"": 60.0, ""spread_pct_max"": 0.4835924006908385, ""trade_quality_min"": 19.607843137253504}",MIDCPNIFTY,NSE_INDEX,FYERS_PAPER_PROXY_RESEARCH,PAPER_OVERRIDE::FYERS_PAPER_PROXY_RESEARCH,paper-strategy-8ade763620b6,opportunity-score-8ade763620b6,universe-a8e55c76a270
202608211409_4_BANKNIFTY_PE,2026-08-21T08:39:43.593863+00:00,BANKNIFTY,2026-08-25,57600.0,PE,189.425,189.25,189.6,25.0,2.0,48.53383787108707,2e840ccd58d1,"{""contract_quality_min"": 0.0, ""direction_min"": 0.9920488670776518, ""excellent_score_min"": 48.53383787108707, ""execution_quality_min"": 100.0, ""expected_required_ratio_min"": 1.4166666666666665, ""final_confidence_min"": 75.23501422661, ""iv_crush_max"": 24.0, ""market_hostility_max"": 21.17990651503686, ""min_5depth_lots_each_side"": 9.0, ""min_top_book_lots"": 2.0, ""premium_elasticity_min"": 0.5, ""regime_confidence_min"": 60.0, ""spread_pct_max"": 0.18476969776956279, ""trade_quality_min"": 11.954022988494563}",BANKNIFTY,NSE_INDEX,FYERS_PAPER_PROXY_RESEARCH,PAPER_OVERRIDE::FYERS_PAPER_PROXY_RESEARCH,paper-strategy-8ade763620b6,opportunity-score-8ade763620b6,universe-a8e55c76a270
202608211409_5_BANKNIFTY_CE,2026-08-21T08:39:43.594421+00:00,BANKNIFTY,2026-08-25,57600.0,CE,312.0,311.65,312.35,25.0,2.0,48.355269075013105,2e840ccd58d1,"{""contract_quality_min"": 0.0, ""direction_min"": 0.0, ""excellent_score_min"": 48.355269075013105, ""execution_quality_min"": 100.0, ""expected_required_ratio_min"": 1.4166666666666665, ""final_confidence_min"": 74.93739956648672, ""iv_crush_max"": 24.0, ""market_hostility_max"": 21.17990651503686, ""min_5depth_lots_each_side"": 6.0, ""min_top_book_lots"": 1.0, ""premium_elasticity_min"": 0.5, ""regime_confidence_min"": 60.0, ""spread_pct_max"": 0.2243589743589889, ""trade_quality_min"": 11.954022988494563}",BANKNIFTY,NSE_INDEX,FYERS_PAPER_PROXY_RESEARCH,PAPER_OVERRIDE::FYERS_PAPER_PROXY_RESEARCH,paper-strategy-8ade763620b6,opportunity-score-8ade763620b6,universe-a8e55c76a270
202608211411_1_NIFTY_CE,2026-08-21T08:41:02.659168+00:00,NIFTY,2026-08-25,24200.0,CE,128.3,128.15,128.45,25.0,2.0,55.3935362647643,00929e22c867,"{""contract_quality_min"": 0.0, ""direction_min"": 0.0, ""excellent_score_min"": 55.3935362647643, ""execution_quality_min"": 100.0, ""expected_required_ratio_min"": 1.3333333333333333, ""final_confidence_min"": 80.13341142811036, ""iv_crush_max"": 24.0, ""market_hostility_max"": 19.276361955238183, ""min_5depth_lots_each_side"": 100.0, ""min_top_book_lots"": 9.0, ""premium_elasticity_min"": 0.7, ""regime_confidence_min"": 60.0, ""spread_pct_max"": 0.2338269680436344, ""trade_quality_min"": 30.048780487813048}",NIFTY,NSE_INDEX,FYERS_PAPER_PROXY_RESEARCH,PAPER_OVERRIDE::FYERS_PAPER_PROXY_RESEARCH,paper-strategy-8ade763620b6,opportunity-score-8ade763620b6,universe-a8e55c76a270
202608211411_2_BANKNIFTY_PE,2026-08-21T08:41:02.659678+00:00,BANKNIFTY,2026-08-25,57600.0,PE,191.45,191.25,191.65,25.0,2.0,48.5333647129385,2e840ccd58d1,"{""contract_quality_min"": 0.0, ""direction_min"": 0.9920488670776518, ""excellent_score_min"": 48.5333647129385, ""execution_quality_min"": 100.0, ""expected_required_ratio_min"": 1.4166666666666667, ""final_confidence_min"": 75.23501422661, ""iv_crush_max"": 24.0, ""market_hostility_max"": 21.181799147631164, ""min_5depth_lots_each_side"": 12.0, ""min_top_book_lots"": 1.0, ""premium_elasticity_min"": 0.5, ""regime_confidence_min"": 60.0, ""spread_pct_max"": 0.2089318359885117, ""trade_quality_min"": 11.954022988494563}",BANKNIFTY,NSE_INDEX,FYERS_PAPER_PROXY_RESEARCH,PAPER_OVERRIDE::FYERS_PAPER_PROXY_RESEARCH,paper-strategy-8ade763620b6,opportunity-score-8ade763620b6,universe-a8e55c76a270
202608211411_3_BANKNIFTY_PE,2026-08-21T08:41:02.660218+00:00,BANKNIFTY,2026-08-25,57700.0,PE,234.64999999999998,234.35,234.95,25.0,2.0,48.2333647129385,2e840ccd58d1,"{""contract_quality_min"": 0.0, ""direction_min"": 0.9920488670776518, ""excellent_score_min"": 48.2333647129385, ""execution_quality_min"": 100.0, ""expected_required_ratio_min"": 1.4166666666666667, ""final_confidence_min"": 75.23501422661, ""iv_crush_max"": 24.0, ""market_hostility_max"": 21.181799147631164, ""min_5depth_lots_each_side"": 7.0, ""min_top_book_lots"": 1.0, ""premium_elasticity_min"": 0.7, ""regime_confidence_min"": 60.0, ""spread_pct_max"": 0.25569997869166605, ""trade_quality_min"": 11.954022988494563}",BANKNIFTY,NSE_INDEX,FYERS_PAPER_PROXY_RESEARCH,PAPER_OVERRIDE::FYERS_PAPER_PROXY_RESEARCH,paper-strategy-8ade763620b6,opportunity-score-8ade763620b6,universe-a8e55c76a270
202608211411_4_MIDCPNIFTY_CE,2026-08-21T08:41:02.660694+00:00,MIDCPNIFTY,2026-08-25,14850.0,CE,65.7,65.45,65.95,13.14,2.0,46.289137458316276,712afad509f5,"{""contract_quality_min"": 0.0, ""direction_min"": 0.43113611101715643, ""excellent_score_min"": 46.289137458316276, ""execution_quality_min"": 100.0, ""expected_required_ratio_min"": 1.0833333333333335, ""final_confidence_min"": 73.27895613093662, ""iv_crush_max"": 24.0, ""market_hostility_max"": 19.836400990182245, ""min_5depth_lots_each_side"": 10.0, ""min_top_book_lots"": 2.0, ""premium_elasticity_min"": 0.5, ""regime_confidence_min"": 60.0, ""spread_pct_max"": 0.76103500761035, ""trade_quality_min"": 5.714285714280146}",MIDCPNIFTY,NSE_INDEX,FYERS_PAPER_PROXY_RESEARCH,PAPER_OVERRIDE::FYERS_PAPER_PROXY_RESEARCH,paper-strategy-8ade763620b6,opportunity-score-8ade763620b6,universe-a8e55c76a270
202608211411_5_MIDCPNIFTY_PE,2026-08-21T08:41:02.661200+00:00,MIDCPNIFTY,2026-08-25,14850.0,PE,59.825,59.65,60.0,11.965000000000002,2.0,46.21153295833319,712afad509f5,"{""contract_quality_min"": 0.0, ""direction_min"": 0.0, ""excellent_score_min"": 46.21153295833319, ""execution_quality_min"": 100.0, ""expected_required_ratio_min"": 1.0833333333333335, ""final_confidence_min"": 73.14961529763147, ""iv_crush_max"": 24.0, ""market_hostility_max"": 19.836400990182245, ""min_5depth_lots_each_side"": 16.0, ""min_top_book_lots"": 2.0, ""premium_elasticity_min"": 0.5, ""regime_confidence_min"": 60.0, ""spread_pct_max"": 0.5850396991224428, ""trade_quality_min"": 5.714285714280146}",MIDCPNIFTY,NSE_INDEX,FYERS_PAPER_PROXY_RESEARCH,PAPER_OVERRIDE::FYERS_PAPER_PROXY_RESEARCH,paper-strategy-8ade763620b6,opportunity-score-8ade763620b6,universe-a8e55c76a270
202608211412_1_M&M_CE,2026-08-21T08:42:24.923365+00:00,M&M,2026-08-25,3400.0,CE,37.125,36.8,37.45,7.425000000000001,2.0,27.078638649527186,0fdd6afea273,"{""contract_quality_min"": 0.0, ""direction_min"": 7.926331740296284, ""excellent_score_min"": 27.078638649527186, ""execution_quality_min"": 52.44107744107638, ""expected_required_ratio_min"": 1.1666666666666667, ""final_confidence_min"": 72.25027732237244, ""iv_crush_max"": 24.0, ""market_hostility_max"": 30.849430411094495, ""min_top_book_lots"": 0.0, ""premium_elasticity_min"": 0.7, ""regime_confidence_min"": 60.0, ""spread_pct_max"": 1.750841750841766, ""trade_quality_min"": 48.571428571430665}",M&M,NSE_STOCK_OPTION,FYERS_PAPER_PROXY_RESEARCH,PAPER_OVERRIDE::FYERS_PAPER_PROXY_RESEARCH,paper-strategy-8ade763620b6,opportunity-score-8ade763620b6,universe-a8e55c76a270
202608211412_2_SUNPHARMA_PE,2026-08-21T08:42:24.924056+00:00,SUNPHARMA,2026-08-25,1920.0,PE,36.775,36.5,37.05,7.355,2.0,25.606292129611354,cb1e16815115,"{""contract_quality_min"": 0.0, ""direction_min"": 0.0, ""excellent_score_min"": 25.606292129611354, ""execution_quality_min"": 70.18937554627594, ""expected_required_ratio_min"": 1.1666666666666667, ""final_confidence_min"": 68.91854093575179, ""iv_crush_max"": 24.0, ""market_hostility_max"": 26.061206516952915, ""min_5depth_lots_each_side"": 5.0, ""min_top_book_lots"": 1.0, ""premium_elasticity_min"": 0.7, ""regime_confidence_min"": 60.0, ""spread_pct_max"": 1.4955812372535615, ""trade_quality_min"": 33.33333333333207}",SUNPHARMA,NSE_STOCK_OPTION,FYERS_PAPER_PROXY_RESEARCH,PAPER_OVERRIDE::FYERS_PAPER_PROXY_RESEARCH,paper-strategy-8ade763620b6,opportunity-score-8ade763620b6,universe-a8e55c76a270
202608211412_3_M&M_CE,2026-08-21T08:42:24.924662+00:00,M&M,2026-08-25,3450.0,CE,13.125,13.0,13.25,2.625,2.0,25.577772848661567,0fdd6afea273,"{""contract_quality_min"": 0.0, ""direction_min"": 7.926331740296284, ""excellent_score_min"": 25.577772848661567, ""execution_quality_min"": 41.66666666666666, ""expected_required_ratio_min"": 1.1666666666666667, ""final_confidence_min"": 70.40323547533077, ""iv_crush_max"": 24.0, ""market_hostility_max"": 30.849430411094495, ""min_5depth_lots_each_side"": 10.0, ""min_top_book_lots"": 2.0, ""premium_elasticity_min"": 0.5, ""regime_confidence_min"": 60.0, ""spread_pct_max"": 1.9047619047619049, ""trade_quality_min"": 48.571428571430665}",M&M,NSE_STOCK_OPTION,FYERS_PAPER_PROXY_RESEARCH,PAPER_OVERRIDE::FYERS_PAPER_PROXY_RESEARCH,paper-strategy-8ade763620b6,opportunity-score-8ade763620b6,universe-a8e55c76a270
202608211412_4_M&M_PE,2026-08-21T08:42:24.925316+00:00,M&M,2026-08-25,3400.0,PE,15.75,15.6,15.9,3.1500000000000004,2.0,20.95103313540818,0fdd6afea273,"{""contract_quality_min"": 0.0, ""direction_min"": 0.0, ""excellent_score_min"": 20.95103313540818, ""execution_quality_min"": 41.66666666666633, ""expected_required_ratio_min"": 1.1666666666666667, ""final_confidence_min"": 68.02533595324185, ""iv_crush_max"": 24.0, ""market_hostility_max"": 30.849430411094495, ""min_5depth_lots_each_side"": 6.0, ""min_top_book_lots"": 1.0, ""premium_elasticity_min"": 0.3, ""regime_confidence_min"": 60.0, ""spread_pct_max"": 1.9047619047619095, ""trade_quality_min"": 48.571428571430665}",M&M,NSE_STOCK_OPTION,FYERS_PAPER_PROXY_RESEARCH,PAPER_OVERRIDE::FYERS_PAPER_PROXY_RESEARCH,paper-strategy-8ade763620b6,opportunity-score-8ade763620b6,universe-a8e55c76a270
202608211412_5_SUNPHARMA_PE,2026-08-21T08:42:24.925973+00:00,SUNPHARMA,2026-08-25,1900.0,PE,21.35,21.1,21.6,4.2700000000000005,2.0,15.953730823357851,cb1e16815115,"{""contract_quality_min"": 0.0, ""direction_min"": 0.0, ""excellent_score_min"": 15.953730823357851, ""execution_quality_min"": 11.065573770491808, ""expected_required_ratio_min"": 1.1666666666666667, ""final_confidence_min"": 58.07863053689289, ""iv_crush_max"": 24.0, ""market_hostility_max"": 26.061206516952915, ""min_5depth_lots_each_side"": 16.0, ""min_top_book_lots"": 1.0, ""premium_elasticity_min"": 0.5, ""regime_confidence_min"": 60.0, ""spread_pct_max"": 2.34192037470726, ""trade_quality_min"": 33.33333333333207}",SUNPHARMA,NSE_STOCK_OPTION,FYERS_PAPER_PROXY_RESEARCH,PAPER_OVERRIDE::FYERS_PAPER_PROXY_RESEARCH,paper-strategy-8ade763620b6,opportunity-score-8ade763620b6,universe-a8e55c76a270
202608211413_1_TRENT_CE,2026-08-21T08:43:33.239450+00:00,TRENT,2026-08-25,2900.0,CE,36.25,36.1,36.4,7.25,2.0,34.35592811613992,17b38ea319dd,"{""contract_quality_min"": 0.0, ""direction_min"": 0.0, ""excellent_score_min"": 34.35592811613992, ""execution_quality_min"": 98.81773399014813, ""expected_required_ratio_min"": 1.1666666666666667, ""final_confidence_min"": 77.79010266940533, ""iv_crush_max"": 24.0, ""market_hostility_max"": 24.454968997294227, ""min_5depth_lots_each_side"": 6.0, ""min_top_book_lots"": 2.0, ""premium_elasticity_min"": 0.5, ""regime_confidence_min"": 60.0, ""spread_pct_max"": 0.8275862068965439, ""trade_quality_min"": 44.80000000000291}",TRENT,NSE_STOCK_OPTION,FYERS_PAPER_PROXY_RESEARCH,PAPER_OVERRIDE::FYERS_PAPER_PROXY_RESEARCH,paper-strategy-8ade763620b6,opportunity-score-8ade763620b6,universe-a8e55c76a270
202608211413_2_TRENT_PE,2026-08-21T08:43:33.240105+00:00,TRENT,2026-08-25,2900.0,PE,18.35,18.2,18.5,3.6700000000000004,2.0,29.235079419236953,17b38ea319dd,"{""contract_quality_min"": 0.0, ""direction_min"": 7.6659822039703815, ""excellent_score_min"": 29.235079419236953, ""execution_quality_min"": 60.55858310626677, ""expected_required_ratio_min"": 1.1666666666666667, ""final_confidence_min"": 72.47136872024215, ""iv_crush_max"": 24.0, ""market_hostility_max"": 24.454968997294227, ""min_5depth_lots_each_side"": 9.0, ""min_top_book_lots"": 2.0, ""premium_elasticity_min"": 0.5, ""regime_confidence_min"": 60.0, ""spread_pct_max"": 1.634877384196189, ""trade_quality_min"": 44.80000000000291}",TRENT,NSE_STOCK_OPTION,FYERS_PAPER_PROXY_RESEARCH,PAPER_OVERRIDE::FYERS_PAPER_PROXY_RESEARCH,paper-strategy-8ade763620b6,opportunity-score-8ade763620b6,universe-a8e55c76a270
202608211413_3_INFY_PE,2026-08-21T08:43:33.240559+00:00,INFY,2026-08-25,1135.0,PE,15.425,15.3,15.55,3.0850000000000004,2.0,27.41085384421249,d4a51d9dda1e,"{""contract_quality_min"": 0.0, ""direction_min"": 14.904187366927866, ""excellent_score_min"": 27.41085384421249, ""execution_quality_min"": 61.54781199351702, ""expected_required_ratio_min"": 1.1666666666666665, ""final_confidence_min"": 72.00761182220238, ""iv_crush_max"": 24.0, ""market_hostility_max"": 29.572596410165488, ""min_5depth_lots_each_side"": 7.0, ""min_top_book_lots"": 1.0, ""premium_elasticity_min"": 0.7, ""regime_confidence_min"": 60.0, ""spread_pct_max"": 1.6207455429497568, ""trade_quality_min"": 39.069767441867555}",INFY,NSE_STOCK_OPTION,FYERS_PAPER_PROXY_RESEARCH,PAPER_OVERRIDE::FYERS_PAPER_PROXY_RESEARCH,paper-strategy-8ade763620b6,opportunity-score-8ade763620b6,universe-a8e55c76a270
202608211413_4_TATASTEEL_CE,2026-08-21T08:43:33.241114+00:00,TATASTEEL,2026-08-25,180.0,CE,3.245,3.22,3.27,0.649,2.0,23.480475445098527,5277066ebc2f,"{""contract_quality_min"": 0.0, ""direction_min"": 0.0, ""excellent_score_min"": 23.480475445098527, ""execution_quality_min"": 67.14175654853659, ""expected_required_ratio_min"": 1.1666666666666665, ""final_confidence_min"": 66.08971959895317, ""iv_crush_max"": 24.0, ""market_hostility_max"": 24.937706654975763, ""min_5depth_lots_each_side"": 7.0, ""min_top_book_lots"": 1.0, ""premium_elasticity_min"": 0.7, ""regime_confidence_min"": 60.0, ""spread_pct_max"": 1.54083204930662, ""trade_quality_min"": 26.666666666666664}",TATASTEEL,NSE_STOCK_OPTION,FYERS_PAPER_PROXY_RESEARCH,PAPER_OVERRIDE::FYERS_PAPER_PROXY_RESEARCH,paper-strategy-8ade763620b6,opportunity-score-8ade763620b6,universe-a8e55c76a270
202608211413_5_TATACONSUM_PE,2026-08-21T08:43:33.241548+00:00,TATACONSUM,2026-08-25,1050.0,PE,9.8,9.65,9.95,1.9600000000000002,2.0,8.244775606205494,9add61d653ca,"{""contract_quality_min"": 0.0, ""direction_min"": 2.2935779816527666, ""excellent_score_min"": 8.244775606205494, ""execution_quality_min"": 0.0, ""expected_required_ratio_min"": 1.1666666666666667, ""final_confidence_min"": 43.222187957754166, ""iv_crush_max"": 24.0, ""market_hostility_max"": 26.475566606101175, ""min_5depth_lots_each_side"": 8.0, ""min_top_book_lots"": 2.0, ""premium_elasticity_min"": 0.5, ""regime_confidence_min"": 60.0, ""spread_pct_max"": 3.061224489795907, ""trade_quality_min"": 14.117647058829824}",TATACONSUM,NSE_STOCK_OPTION,FYERS_PAPER_PROXY_RESEARCH,PAPER_OVERRIDE::FYERS_PAPER_PROXY_RESEARCH,paper-strategy-8ade763620b6,opportunity-score-8ade763620b6,universe-a8e55c76a270
202608211414_1_BANKNIFTY_CE,2026-08-21T08:44:53.868399+00:00,BANKNIFTY,2026-08-25,57600.0,CE,318.075,317.7,318.45,25.0,2.0,53.565595083451576,2e840ccd58d1,"{""contract_quality_min"": 0.0, ""direction_min"": 3.65020489030342, ""excellent_score_min"": 53.565595083451576, ""execution_quality_min"": 100.0, ""expected_required_ratio_min"": 1.4166666666666665, ""final_confidence_min"": 81.14263159809869, ""iv_crush_max"": 24.0, ""market_hostility_max"": 22.173798121459164, ""min_5depth_lots_each_side"": 10.0, ""min_top_book_lots"": 1.0, ""premium_elasticity_min"": 0.7, ""regime_confidence_min"": 60.0, ""spread_pct_max"": 0.23579344494223062, ""trade_quality_min"": 30.317002881843923}",BANKNIFTY,NSE_INDEX,FYERS_PAPER_PROXY_RESEARCH,PAPER_OVERRIDE::FYERS_PAPER_PROXY_RESEARCH,paper-strategy-8ade763620b6,opportunity-score-8ade763620b6,universe-a8e55c76a270
202608211414_2_BANKNIFTY_PE,2026-08-21T08:44:53.869056+00:00,BANKNIFTY,2026-08-25,57700.0,PE,225.75,225.5,226.0,25.0,2.0,53.20855820319696,2e840ccd58d1,"{""contract_quality_min"": 0.0, ""direction_min"": 0.0, ""excellent_score_min"": 53.20855820319696, ""execution_quality_min"": 100.0, ""expected_required_ratio_min"": 1.4166666666666665, ""final_confidence_min"": 80.04757013100766, ""iv_crush_max"": 24.0, ""market_hostility_max"": 22.173798121459164, ""min_5depth_lots_each_side"": 16.0, ""min_top_book_lots"": 1.0, ""premium_elasticity_min"": 0.5, ""regime_confidence_min"": 60.0, ""spread_pct_max"": 0.22148394241417496, ""trade_quality_min"": 30.317002881843923}",BANKNIFTY,NSE_INDEX,FYERS_PAPER_PROXY_RESEARCH,PAPER_OVERRIDE::FYERS_PAPER_PROXY_RESEARCH,paper-strategy-8ade763620b6,opportunity-score-8ade763620b6,universe-a8e55c76a270
202608211414_3_BANKNIFTY_PE,2026-08-21T08:44:53.869559+00:00,BANKNIFTY,2026-08-25,57800.0,PE,274.85,274.5,275.2,25.0,2.0,52.90855820319696,2e840ccd58d1,"{""contract_quality_min"": 0.0, ""direction_min"": 0.0, ""excellent_score_min"": 52.90855820319696, ""execution_quality_min"": 100.0, ""expected_required_ratio_min"": 1.4166666666666665, ""final_confidence_min"": 80.04757013100766, ""iv_crush_max"": 24.0, ""market_hostility_max"": 22.173798121459164, ""min_5depth_lots_each_side"": 22.0, ""min_top_book_lots"": 2.0, ""premium_elasticity_min"": 0.7, ""regime_confidence_min"": 60.0, ""spread_pct_max"": 0.2546843732945201, ""trade_quality_min"": 30.317002881843923}",BANKNIFTY,NSE_INDEX,FYERS_PAPER_PROXY_RESEARCH,PAPER_OVERRIDE::FYERS_PAPER_PROXY_RESEARCH,paper-strategy-8ade763620b6,opportunity-score-8ade763620b6,universe-a8e55c76a270
202608211414_4_BANKNIFTY_CE,2026-08-21T08:44:53.870188+00:00,BANKNIFTY,2026-08-25,57800.0,CE,209.85000000000002,209.65,210.05,25.0,2.0,50.66559508345157,2e840ccd58d1,"{""contract_quality_min"": 0.0, ""direction_min"": 3.65020489030342, ""excellent_score_min"": 50.66559508345157, ""execution_quality_min"": 100.0, ""expected_required_ratio_min"": 1.4166666666666665, ""final_confidence_min"": 81.14263159809869, ""iv_crush_max"": 24.0, ""market_hostility_max"": 22.173798121459164, ""min_5depth_lots_each_side"": 28.0, ""min_top_book_lots"": 1.0, ""premium_elasticity_min"": 0.3, ""regime_confidence_min"": 60.0, ""spread_pct_max"": 0.19061234214915684, ""trade_quality_min"": 30.317002881843923}",BANKNIFTY,NSE_INDEX,FYERS_PAPER_PROXY_RESEARCH,PAPER_OVERRIDE::FYERS_PAPER_PROXY_RESEARCH,paper-strategy-8ade763620b6,opportunity-score-8ade763620b6,universe-a8e55c76a270
202608211414_5_BANKNIFTY_PE,2026-08-21T08:44:53.870800+00:00,BANKNIFTY,2026-08-25,57600.0,PE,183.625,183.4,183.85,25.0,2.0,50.008558203196955,2e840ccd58d1,"{""contract_quality_min"": 0.0, ""direction_min"": 0.0, ""excellent_score_min"": 50.008558203196955, ""execution_quality_min"": 100.0, ""expected_required_ratio_min"": 1.4166666666666665, ""final_confidence_min"": 80.04757013100766, ""iv_crush_max"": 24.0, ""market_hostility_max"": 22.173798121459164, ""min_5depth_lots_each_side"": 9.0, ""min_top_book_lots"": 1.0, ""premium_elasticity_min"": 0.3, ""regime_confidence_min"": 60.0, ""spread_pct_max"": 0.2450646698434247, ""trade_quality_min"": 30.317002881843923}",BANKNIFTY,NSE_INDEX,FYERS_PAPER_PROXY_RESEARCH,PAPER_OVERRIDE::FYERS_PAPER_PROXY_RESEARCH,paper-strategy-8ade763620b6,opportunity-score-8ade763620b6,universe-a8e55c76a270
