skip_id,timestamp,ranking_cycle_id,underlying,option_type,rank,OpportunityScore,ComparableOpportunityScore,DynamicExcellentThreshold,gate_snapshot_id,gate_features_json,required_stop_points,entry_mid,DirectionScore,TradeQualityScore,ContractQualityScore,PremiumElasticity,ExpectedMove,RequiredMove,ExpectedRequiredRatio,IVCrushRiskScore,MarketHostilityScore,RegimeConfidence,DataHealthStatus,hard_stop_fit,veto_reason,why_not_traded,calibration_status,exchange,instrument_kind,instrument_class,instrument_id,lifecycle_state,exposure_group,calibrated_success_probability,calibrated_net_expectancy_r,strategy_version,score_version,universe_version,parameter_profile
202608211254_1_BANKNIFTY_CE,2026-08-21T07:24:07.632333+00:00,202608211254,BANKNIFTY,CE,1,51.380366485518124,51.380366485518124,80.0,2e840ccd58d1,"{""contract_quality_min"": 0.0, ""direction_min"": 1.6718159406960282, ""excellent_score_min"": 51.380366485518124, ""execution_quality_min"": 100.0, ""expected_required_ratio_min"": 1.4166666666666667, ""final_confidence_min"": 78.09983935049286, ""iv_crush_max"": 24.0, ""market_hostility_max"": 20.557115893837096, ""min_5depth_lots_each_side"": 13.0, ""min_top_book_lots"": 2.0, ""premium_elasticity_min"": 0.5, ""regime_confidence_min"": 60.0, ""spread_pct_max"": 0.268985923070026, ""trade_quality_min"": 21.163556531294827}",55.765,278.825,1.6718159406960282,21.163556531294827,0,0.5,428.59124999999995,302.53499999999997,1.4166666666666667,24.0,20.557115893837096,60.0,INVALID,True,DataHealth invalid; Contract invalid: Quote stale or spread hard rejected.; SideDirection hard reject: 1.7 < 65.0; PremiumElasticity hard reject: 0.50 < 1.00; Expected/Required hard reject: 1.42 < 1.60; TradeQuality below configured minimum; ConvexityEdge below excellent gate: 78.3 < 80.0,DataHealth invalid; Contract invalid: Quote stale or spread hard rejected.; SideDirection hard reject: 1.7 < 65.0; PremiumElasticity hard reject: 0.50 < 1.00; Expected/Required hard reject: 1.42 < 1.60; TradeQuality below configured minimum; ConvexityEdge below excellent gate: 78.3 < 80.0,direction=OBSERVED;liquidity=OBSERVED,NSE,INDEX,NSE_INDEX,BANKNIFTY,PAPER_ELIGIBLE,INDEX:BANKING,,,paper-strategy-8ade763620b6,opportunity-score-8ade763620b6,universe-a8e55c76a270,PAPER_OVERRIDE::FYERS_PAPER_PROXY_RESEARCH
202608211254_2_BANKNIFTY_PE,2026-08-21T07:24:07.636938+00:00,202608211254,BANKNIFTY,PE,2,51.079439616192836,51.079439616192836,80.0,2e840ccd58d1,"{""contract_quality_min"": 0.0, ""direction_min"": 0.0, ""excellent_score_min"": 51.079439616192836, ""execution_quality_min"": 100.0, ""expected_required_ratio_min"": 1.4166666666666667, ""final_confidence_min"": 77.59829456828405, ""iv_crush_max"": 24.0, ""market_hostility_max"": 20.557115893837096, ""min_5depth_lots_each_side"": 12.0, ""min_top_book_lots"": 1.0, ""premium_elasticity_min"": 0.5, ""regime_confidence_min"": 60.0, ""spread_pct_max"": 0.17746228926353405, ""trade_quality_min"": 21.163556531294827}",45.08,225.39999999999998,-1.6718159406960282,21.163556531294827,0,0.5,428.59124999999995,302.53499999999997,1.4166666666666667,24.0,20.557115893837096,60.0,INVALID,True,DataHealth invalid; Contract invalid: Quote stale or spread hard rejected.; SideDirection hard reject: -1.7 < 65.0; PremiumElasticity hard reject: 0.50 < 1.00; Expected/Required hard reject: 1.42 < 1.60; TradeQuality below configured minimum; ConvexityEdge below excellent gate: 78.3 < 80.0,DataHealth invalid; Contract invalid: Quote stale or spread hard rejected.; SideDirection hard reject: -1.7 < 65.0; PremiumElasticity hard reject: 0.50 < 1.00; Expected/Required hard reject: 1.42 < 1.60; TradeQuality below configured minimum; ConvexityEdge below excellent gate: 78.3 < 80.0,direction=OBSERVED;liquidity=OBSERVED,NSE,INDEX,NSE_INDEX,BANKNIFTY,PAPER_ELIGIBLE,INDEX:BANKING,,,paper-strategy-8ade763620b6,opportunity-score-8ade763620b6,universe-a8e55c76a270,PAPER_OVERRIDE::FYERS_PAPER_PROXY_RESEARCH
202608211254_3_BANKNIFTY_PE,2026-08-21T07:24:07.642062+00:00,202608211254,BANKNIFTY,PE,3,50.77943961619284,50.77943961619284,80.0,2e840ccd58d1,"{""contract_quality_min"": 0.0, ""direction_min"": 0.0, ""excellent_score_min"": 50.77943961619284, ""execution_quality_min"": 100.0, ""expected_required_ratio_min"": 1.4166666666666667, ""final_confidence_min"": 77.59829456828405, ""iv_crush_max"": 24.0, ""market_hostility_max"": 20.557115893837096, ""min_5depth_lots_each_side"": 11.0, ""min_top_book_lots"": 1.0, ""premium_elasticity_min"": 0.7, ""regime_confidence_min"": 60.0, ""spread_pct_max"": 0.18294914013904134, ""trade_quality_min"": 21.163556531294827}",54.660000000000004,273.3,-1.6718159406960282,21.163556531294827,0,0.7,428.59124999999995,302.53499999999997,1.4166666666666667,24.0,20.557115893837096,60.0,INVALID,True,DataHealth invalid; Contract invalid: Quote stale or spread hard rejected.; SideDirection hard reject: -1.7 < 65.0; PremiumElasticity hard reject: 0.70 < 1.00; Expected/Required hard reject: 1.42 < 1.60; TradeQuality below configured minimum; ConvexityEdge below excellent gate: 76.8 < 80.0,DataHealth invalid; Contract invalid: Quote stale or spread hard rejected.; SideDirection hard reject: -1.7 < 65.0; PremiumElasticity hard reject: 0.70 < 1.00; Expected/Required hard reject: 1.42 < 1.60; TradeQuality below configured minimum; ConvexityEdge below excellent gate: 76.8 < 80.0,direction=OBSERVED;liquidity=OBSERVED,NSE,INDEX,NSE_INDEX,BANKNIFTY,PAPER_ELIGIBLE,INDEX:BANKING,,,paper-strategy-8ade763620b6,opportunity-score-8ade763620b6,universe-a8e55c76a270,PAPER_OVERRIDE::FYERS_PAPER_PROXY_RESEARCH
202608211254_4_MIDCPNIFTY_CE,2026-08-21T07:24:07.643649+00:00,202608211254,MIDCPNIFTY,CE,4,50.06366762913623,50.06366762913623,90.0,712afad509f5,"{""contract_quality_min"": 0.0, ""direction_min"": 1.3747093904777234, ""excellent_score_min"": 50.06366762913623, ""execution_quality_min"": 100.0, ""expected_required_ratio_min"": 1.0833333333333335, ""final_confidence_min"": 77.61924988682959, ""iv_crush_max"": 24.0, ""market_hostility_max"": 19.379611225280627, ""min_5depth_lots_each_side"": 10.0, ""min_top_book_lots"": 1.0, ""premium_elasticity_min"": 0.7, ""regime_confidence_min"": 60.0, ""spread_pct_max"": 0.5662157911292895, ""trade_quality_min"": 19.710144927526454}",15.895,79.475,1.3747093904777234,19.710144927526454,0,0.7,83.60625,77.175,1.0833333333333335,24.0,19.379611225280627,60.0,INVALID,True,DataHealth invalid; Contract invalid: Quote stale or spread hard rejected.; SideDirection hard reject: 1.4 < 65.0; PremiumElasticity hard reject: 0.70 < 1.00; Expected/Required hard reject: 1.08 < 1.60; TradeQuality below configured minimum; ConvexityEdge below excellent gate: 75.8 < 80.0,DataHealth invalid; Contract invalid: Quote stale or spread hard rejected.; SideDirection hard reject: 1.4 < 65.0; PremiumElasticity hard reject: 0.70 < 1.00; Expected/Required hard reject: 1.08 < 1.60; TradeQuality below configured minimum; ConvexityEdge below excellent gate: 75.8 < 80.0,direction=OBSERVED;liquidity=OBSERVED,NSE,INDEX,NSE_INDEX,MIDCPNIFTY,PAPER_ELIGIBLE,INDEX:MIDCAP,,,paper-strategy-8ade763620b6,opportunity-score-8ade763620b6,universe-a8e55c76a270,PAPER_OVERRIDE::FYERS_PAPER_PROXY_RESEARCH
202608211254_5_MIDCPNIFTY_PE,2026-08-21T07:24:07.644620+00:00,202608211254,MIDCPNIFTY,PE,5,49.81621993885024,49.81621993885024,90.0,712afad509f5,"{""contract_quality_min"": 0.0, ""direction_min"": 0.0, ""excellent_score_min"": 49.81621993885024, ""execution_quality_min"": 100.0, ""expected_required_ratio_min"": 1.0833333333333335, ""final_confidence_min"": 77.20683706968627, ""iv_crush_max"": 24.0, ""market_hostility_max"": 19.379611225280627, ""min_5depth_lots_each_side"": 12.0, ""min_top_book_lots"": 2.0, ""premium_elasticity_min"": 0.7, ""regime_confidence_min"": 60.0, ""spread_pct_max"": 0.5990016638934957, ""trade_quality_min"": 19.710144927526454}",15.025,75.125,-1.3747093904777234,19.710144927526454,0,0.7,83.60625,77.175,1.0833333333333335,24.0,19.379611225280627,60.0,INVALID,True,DataHealth invalid; Contract invalid: Quote stale or spread hard rejected.; SideDirection hard reject: -1.4 < 65.0; PremiumElasticity hard reject: 0.70 < 1.00; Expected/Required hard reject: 1.08 < 1.60; TradeQuality below configured minimum; ConvexityEdge below excellent gate: 75.8 < 80.0,DataHealth invalid; Contract invalid: Quote stale or spread hard rejected.; SideDirection hard reject: -1.4 < 65.0; PremiumElasticity hard reject: 0.70 < 1.00; Expected/Required hard reject: 1.08 < 1.60; TradeQuality below configured minimum; ConvexityEdge below excellent gate: 75.8 < 80.0,direction=OBSERVED;liquidity=OBSERVED,NSE,INDEX,NSE_INDEX,MIDCPNIFTY,PAPER_ELIGIBLE,INDEX:MIDCAP,,,paper-strategy-8ade763620b6,opportunity-score-8ade763620b6,universe-a8e55c76a270,PAPER_OVERRIDE::FYERS_PAPER_PROXY_RESEARCH
202608211256_1_BANKNIFTY_PE,2026-08-21T07:26:04.958750+00:00,202608211256,BANKNIFTY,PE,1,53.154549550604855,53.154549550604855,80.0,2e840ccd58d1,"{""contract_quality_min"": 0.0, ""direction_min"": 0.0, ""excellent_score_min"": 53.154549550604855, ""execution_quality_min"": 100.0, ""expected_required_ratio_min"": 1.4166666666666667, ""final_confidence_min"": 79.69201035494248, ""iv_crush_max"": 24.0, ""market_hostility_max"": 20.184163507476725, ""min_5depth_lots_each_side"": 22.0, ""min_top_book_lots"": 2.0, ""premium_elasticity_min"": 0.5, ""regime_confidence_min"": 60.0, ""spread_pct_max"": 0.17632797002424758, ""trade_quality_min"": 28.253557567919156}",45.370000000000005,226.85000000000002,-1.8937127695551275,28.253557567919156,0,0.5,428.1875,302.25,1.4166666666666667,24.0,20.184163507476725,60.0,INVALID,True,DataHealth invalid; Contract invalid: Quote stale or spread hard rejected.; SideDirection hard reject: -1.9 < 65.0; PremiumElasticity hard reject: 0.50 < 1.00; Expected/Required hard reject: 1.42 < 1.60; TradeQuality below configured minimum; ConvexityEdge below excellent gate: 78.3 < 80.0,DataHealth invalid; Contract invalid: Quote stale or spread hard rejected.; SideDirection hard reject: -1.9 < 65.0; PremiumElasticity hard reject: 0.50 < 1.00; Expected/Required hard reject: 1.42 < 1.60; TradeQuality below configured minimum; ConvexityEdge below excellent gate: 78.3 < 80.0,direction=OBSERVED;liquidity=OBSERVED,NSE,INDEX,NSE_INDEX,BANKNIFTY,PAPER_ELIGIBLE,INDEX:BANKING,,,paper-strategy-8ade763620b6,opportunity-score-8ade763620b6,universe-a8e55c76a270,PAPER_OVERRIDE::FYERS_PAPER_PROXY_RESEARCH
202608211256_2_BANKNIFTY_PE,2026-08-21T07:26:04.959398+00:00,202608211256,BANKNIFTY,PE,2,52.85454955060486,52.85454955060486,80.0,2e840ccd58d1,"{""contract_quality_min"": 0.0, ""direction_min"": 0.0, ""excellent_score_min"": 52.85454955060486, ""execution_quality_min"": 100.0, ""expected_required_ratio_min"": 1.4166666666666667, ""final_confidence_min"": 79.69201035494248, ""iv_crush_max"": 24.0, ""market_hostility_max"": 20.184163507476725, ""min_5depth_lots_each_side"": 24.0, ""min_top_book_lots"": 2.0, ""premium_elasticity_min"": 0.7, ""regime_confidence_min"": 60.0, ""spread_pct_max"": 0.23685888676322392, ""trade_quality_min"": 28.253557567919156}",54.885000000000005,274.425,-1.8937127695551275,28.253557567919156,0,0.7,428.1875,302.25,1.4166666666666667,24.0,20.184163507476725,60.0,INVALID,True,DataHealth invalid; Contract invalid: Quote stale or spread hard rejected.; SideDirection hard reject: -1.9 < 65.0; PremiumElasticity hard reject: 0.70 < 1.00; Expected/Required hard reject: 1.42 < 1.60; TradeQuality below configured minimum; ConvexityEdge below excellent gate: 76.8 < 80.0,DataHealth invalid; Contract invalid: Quote stale or spread hard rejected.; SideDirection hard reject: -1.9 < 65.0; PremiumElasticity hard reject: 0.70 < 1.00; Expected/Required hard reject: 1.42 < 1.60; TradeQuality below configured minimum; ConvexityEdge below excellent gate: 76.8 < 80.0,direction=OBSERVED;liquidity=OBSERVED,NSE,INDEX,NSE_INDEX,BANKNIFTY,PAPER_ELIGIBLE,INDEX:BANKING,,,paper-strategy-8ade763620b6,opportunity-score-8ade763620b6,universe-a8e55c76a270,PAPER_OVERRIDE::FYERS_PAPER_PROXY_RESEARCH
202608211256_3_MIDCPNIFTY_CE,2026-08-21T07:26:04.959894+00:00,202608211256,MIDCPNIFTY,CE,3,51.78659412596854,51.78659412596854,90.0,712afad509f5,"{""contract_quality_min"": 0.0, ""direction_min"": 1.5633686551321342, ""excellent_score_min"": 51.78659412596854, ""execution_quality_min"": 100.0, ""expected_required_ratio_min"": 1.0833333333333333, ""final_confidence_min"": 79.13876061741811, ""iv_crush_max"": 24.0, ""market_hostility_max"": 18.87643906624081, ""min_5depth_lots_each_side"": 6.0, ""min_top_book_lots"": 1.0, ""premium_elasticity_min"": 0.5, ""regime_confidence_min"": 60.0, ""spread_pct_max"": 0.5329272934906651, ""trade_quality_min"": 24.680851063827646}",13.135,65.675,1.5633686551321342,24.680851063827646,0,0.5,83.49249999999999,77.07,1.0833333333333333,24.0,18.87643906624081,60.0,INVALID,True,DataHealth invalid; Contract invalid: Quote stale or spread hard rejected.; SideDirection hard reject: 1.6 < 65.0; PremiumElasticity hard reject: 0.50 < 1.00; Expected/Required hard reject: 1.08 < 1.60; TradeQuality below configured minimum; ConvexityEdge below excellent gate: 77.3 < 80.0,DataHealth invalid; Contract invalid: Quote stale or spread hard rejected.; SideDirection hard reject: 1.6 < 65.0; PremiumElasticity hard reject: 0.50 < 1.00; Expected/Required hard reject: 1.08 < 1.60; TradeQuality below configured minimum; ConvexityEdge below excellent gate: 77.3 < 80.0,direction=OBSERVED;liquidity=OBSERVED,NSE,INDEX,NSE_INDEX,MIDCPNIFTY,PAPER_ELIGIBLE,INDEX:MIDCAP,,,paper-strategy-8ade763620b6,opportunity-score-8ade763620b6,universe-a8e55c76a270,PAPER_OVERRIDE::FYERS_PAPER_PROXY_RESEARCH
202608211256_4_MIDCPNIFTY_PE,2026-08-21T07:26:04.960400+00:00,202608211256,MIDCPNIFTY,PE,4,51.50518776804476,51.50518776804476,90.0,712afad509f5,"{""contract_quality_min"": 0.0, ""direction_min"": 0.0, ""excellent_score_min"": 51.50518776804476, ""execution_quality_min"": 100.0, ""expected_required_ratio_min"": 1.0833333333333333, ""final_confidence_min"": 78.66975002087847, ""iv_crush_max"": 24.0, ""market_hostility_max"": 18.87643906624081, ""min_5depth_lots_each_side"": 9.0, ""min_top_book_lots"": 1.0, ""premium_elasticity_min"": 0.5, ""regime_confidence_min"": 60.0, ""spread_pct_max"": 0.5575467941059361, ""trade_quality_min"": 24.680851063827646}",12.555000000000001,62.775000000000006,-1.5633686551321342,24.680851063827646,0,0.5,83.49249999999999,77.07,1.0833333333333333,24.0,18.87643906624081,60.0,INVALID,True,DataHealth invalid; Contract invalid: Quote stale or spread hard rejected.; SideDirection hard reject: -1.6 < 65.0; PremiumElasticity hard reject: 0.50 < 1.00; Expected/Required hard reject: 1.08 < 1.60; TradeQuality below configured minimum; ConvexityEdge below excellent gate: 77.3 < 80.0,DataHealth invalid; Contract invalid: Quote stale or spread hard rejected.; SideDirection hard reject: -1.6 < 65.0; PremiumElasticity hard reject: 0.50 < 1.00; Expected/Required hard reject: 1.08 < 1.60; TradeQuality below configured minimum; ConvexityEdge below excellent gate: 77.3 < 80.0,direction=OBSERVED;liquidity=OBSERVED,NSE,INDEX,NSE_INDEX,MIDCPNIFTY,PAPER_ELIGIBLE,INDEX:MIDCAP,,,paper-strategy-8ade763620b6,opportunity-score-8ade763620b6,universe-a8e55c76a270,PAPER_OVERRIDE::FYERS_PAPER_PROXY_RESEARCH
202608211256_5_MIDCPNIFTY_CE,2026-08-21T07:26:04.960863+00:00,202608211256,MIDCPNIFTY,CE,5,51.486594125968544,51.486594125968544,90.0,712afad509f5,"{""contract_quality_min"": 0.0, ""direction_min"": 1.5633686551321342, ""excellent_score_min"": 51.486594125968544, ""execution_quality_min"": 100.0, ""expected_required_ratio_min"": 1.0833333333333333, ""final_confidence_min"": 79.13876061741811, ""iv_crush_max"": 24.0, ""market_hostility_max"": 18.87643906624081, ""min_5depth_lots_each_side"": 11.0, ""min_top_book_lots"": 2.0, ""premium_elasticity_min"": 0.7, ""regime_confidence_min"": 60.0, ""spread_pct_max"": 0.5640864932623038, ""trade_quality_min"": 24.680851063827646}",15.955000000000002,79.775,1.5633686551321342,24.680851063827646,0,0.7,83.49249999999999,77.07,1.0833333333333333,24.0,18.87643906624081,60.0,INVALID,True,DataHealth invalid; Contract invalid: Quote stale or spread hard rejected.; SideDirection hard reject: 1.6 < 65.0; PremiumElasticity hard reject: 0.70 < 1.00; Expected/Required hard reject: 1.08 < 1.60; TradeQuality below configured minimum; ConvexityEdge below excellent gate: 75.8 < 80.0,DataHealth invalid; Contract invalid: Quote stale or spread hard rejected.; SideDirection hard reject: 1.6 < 65.0; PremiumElasticity hard reject: 0.70 < 1.00; Expected/Required hard reject: 1.08 < 1.60; TradeQuality below configured minimum; ConvexityEdge below excellent gate: 75.8 < 80.0,direction=OBSERVED;liquidity=OBSERVED,NSE,INDEX,NSE_INDEX,MIDCPNIFTY,PAPER_ELIGIBLE,INDEX:MIDCAP,,,paper-strategy-8ade763620b6,opportunity-score-8ade763620b6,universe-a8e55c76a270,PAPER_OVERRIDE::FYERS_PAPER_PROXY_RESEARCH
202608211257_1_NIFTY_CE,2026-08-21T07:27:50.990340+00:00,202608211257,NIFTY,CE,1,62.63949617412233,62.63949617412233,80.0,00929e22c867,"{""contract_quality_min"": 0.0, ""direction_min"": 1.5848252977735755, ""excellent_score_min"": 62.63949617412233, ""execution_quality_min"": 100.0, ""expected_required_ratio_min"": 1.3333333333333337, ""final_confidence_min"": 88.19486665179784, ""iv_crush_max"": 24.0, ""market_hostility_max"": 18.592644706419943, ""min_5depth_lots_each_side"": 136.0, ""min_top_book_lots"": 28.0, ""premium_elasticity_min"": 0.7, ""regime_confidence_min"": 60.0, ""spread_pct_max"": 0.2624179943767743, ""trade_quality_min"": 54.857142857106034}",26.675,133.375,1.5848252977735755,54.857142857106034,0,0.7,133.18000000000004,99.885,1.3333333333333337,24.0,18.592644706419943,60.0,INVALID,True,DataHealth invalid; Contract invalid: Quote stale or spread hard rejected.; SideDirection hard reject: 1.6 < 65.0; PremiumElasticity hard reject: 0.70 < 1.00; Expected/Required hard reject: 1.33 < 1.60; TradeQuality below configured minimum; ConvexityEdge below excellent gate: 76.8 < 80.0,DataHealth invalid; Contract invalid: Quote stale or spread hard rejected.; SideDirection hard reject: 1.6 < 65.0; PremiumElasticity hard reject: 0.70 < 1.00; Expected/Required hard reject: 1.33 < 1.60; TradeQuality below configured minimum; ConvexityEdge below excellent gate: 76.8 < 80.0,direction=OBSERVED;liquidity=OBSERVED,NSE,INDEX,NSE_INDEX,NIFTY,PAPER_ELIGIBLE,INDEX:BROAD_EQUITY,,,paper-strategy-8ade763620b6,opportunity-score-8ade763620b6,universe-a8e55c76a270,PAPER_OVERRIDE::FYERS_PAPER_PROXY_RESEARCH
202608211257_2_MIDCPNIFTY_CE,2026-08-21T07:27:50.990914+00:00,202608211257,MIDCPNIFTY,CE,2,60.617673760782694,60.617673760782694,90.0,712afad509f5,"{""contract_quality_min"": 0.0, ""direction_min"": 3.3967872054354484, ""excellent_score_min"": 60.617673760782694, ""execution_quality_min"": 98.3946924791997, ""expected_required_ratio_min"": 1.0833333333333333, ""final_confidence_min"": 88.80951808082162, ""iv_crush_max"": 24.0, ""market_hostility_max"": 19.019770985337942, ""min_5depth_lots_each_side"": 8.0, ""min_top_book_lots"": 1.0, ""premium_elasticity_min"": 0.5, ""regime_confidence_min"": 60.0, ""spread_pct_max"": 0.8374571754853402, ""trade_quality_min"": 56.000000000021025}",13.135000000000003,65.67500000000001,3.3967872054354484,56.000000000021025,0,0.5,83.67125000000001,77.23500000000001,1.0833333333333333,24.0,19.019770985337942,60.0,INVALID,True,DataHealth invalid; Contract invalid: Quote stale or spread hard rejected.; SideDirection hard reject: 3.4 < 65.0; PremiumElasticity hard reject: 0.50 < 1.00; Expected/Required hard reject: 1.08 < 1.60; TradeQuality below configured minimum; ConvexityEdge below excellent gate: 77.3 < 80.0,DataHealth invalid; Contract invalid: Quote stale or spread hard rejected.; SideDirection hard reject: 3.4 < 65.0; PremiumElasticity hard reject: 0.50 < 1.00; Expected/Required hard reject: 1.08 < 1.60; TradeQuality below configured minimum; ConvexityEdge below excellent gate: 77.3 < 80.0,direction=OBSERVED;liquidity=OBSERVED,NSE,INDEX,NSE_INDEX,MIDCPNIFTY,PAPER_ELIGIBLE,INDEX:MIDCAP,,,paper-strategy-8ade763620b6,opportunity-score-8ade763620b6,universe-a8e55c76a270,PAPER_OVERRIDE::FYERS_PAPER_PROXY_RESEARCH
202608211257_3_MIDCPNIFTY_CE,2026-08-21T07:27:50.991326+00:00,202608211257,MIDCPNIFTY,CE,3,60.558469888902735,60.558469888902735,90.0,712afad509f5,"{""contract_quality_min"": 0.0, ""direction_min"": 3.3967872054354484, ""excellent_score_min"": 60.558469888902735, ""execution_quality_min"": 100.0, ""expected_required_ratio_min"": 1.0833333333333333, ""final_confidence_min"": 88.80951808082162, ""iv_crush_max"": 24.0, ""market_hostility_max"": 19.019770985337942, ""min_5depth_lots_each_side"": 11.0, ""min_top_book_lots"": 1.0, ""premium_elasticity_min"": 0.7, ""regime_confidence_min"": 60.0, ""spread_pct_max"": 0.5655042412818133, ""trade_quality_min"": 56.000000000021025}",15.915,79.57499999999999,3.3967872054354484,56.000000000021025,0,0.7,83.67125000000001,77.23500000000001,1.0833333333333333,24.0,19.019770985337942,60.0,INVALID,True,DataHealth invalid; Contract invalid: Quote stale or spread hard rejected.; SideDirection hard reject: 3.4 < 65.0; PremiumElasticity hard reject: 0.70 < 1.00; Expected/Required hard reject: 1.08 < 1.60; TradeQuality below configured minimum; ConvexityEdge below excellent gate: 75.8 < 80.0,DataHealth invalid; Contract invalid: Quote stale or spread hard rejected.; SideDirection hard reject: 3.4 < 65.0; PremiumElasticity hard reject: 0.70 < 1.00; Expected/Required hard reject: 1.08 < 1.60; TradeQuality below configured minimum; ConvexityEdge below excellent gate: 75.8 < 80.0,direction=OBSERVED;liquidity=OBSERVED,NSE,INDEX,NSE_INDEX,MIDCPNIFTY,PAPER_ELIGIBLE,INDEX:MIDCAP,,,paper-strategy-8ade763620b6,opportunity-score-8ade763620b6,universe-a8e55c76a270,PAPER_OVERRIDE::FYERS_PAPER_PROXY_RESEARCH
202608211257_4_MIDCPNIFTY_PE,2026-08-21T07:27:50.991743+00:00,202608211257,MIDCPNIFTY,PE,4,59.94704819192436,59.94704819192436,90.0,712afad509f5,"{""contract_quality_min"": 0.0, ""direction_min"": 0.0, ""excellent_score_min"": 59.94704819192436, ""execution_quality_min"": 100.0, ""expected_required_ratio_min"": 1.0833333333333333, ""final_confidence_min"": 87.790481919191, ""iv_crush_max"": 24.0, ""market_hostility_max"": 19.019770985337942, ""min_5depth_lots_each_side"": 8.0, ""min_top_book_lots"": 1.0, ""premium_elasticity_min"": 0.7, ""regime_confidence_min"": 60.0, ""spread_pct_max"": 0.6635700066357001, ""trade_quality_min"": 56.000000000021025}",15.07,75.35,-3.3967872054354484,56.000000000021025,0,0.7,83.67125000000001,77.23500000000001,1.0833333333333333,24.0,19.019770985337942,60.0,INVALID,True,DataHealth invalid; Contract invalid: Quote stale or spread hard rejected.; SideDirection hard reject: -3.4 < 65.0; PremiumElasticity hard reject: 0.70 < 1.00; Expected/Required hard reject: 1.08 < 1.60; TradeQuality below configured minimum; ConvexityEdge below excellent gate: 75.8 < 80.0,DataHealth invalid; Contract invalid: Quote stale or spread hard rejected.; SideDirection hard reject: -3.4 < 65.0; PremiumElasticity hard reject: 0.70 < 1.00; Expected/Required hard reject: 1.08 < 1.60; TradeQuality below configured minimum; ConvexityEdge below excellent gate: 75.8 < 80.0,direction=OBSERVED;liquidity=OBSERVED,NSE,INDEX,NSE_INDEX,MIDCPNIFTY,PAPER_ELIGIBLE,INDEX:MIDCAP,,,paper-strategy-8ade763620b6,opportunity-score-8ade763620b6,universe-a8e55c76a270,PAPER_OVERRIDE::FYERS_PAPER_PROXY_RESEARCH
202608211257_5_MIDCPNIFTY_PE,2026-08-21T07:27:50.992180+00:00,202608211257,MIDCPNIFTY,PE,5,59.27231158832176,59.27231158832176,90.0,712afad509f5,"{""contract_quality_min"": 0.0, ""direction_min"": 0.0, ""excellent_score_min"": 59.27231158832176, ""execution_quality_min"": 93.50175597598268, ""expected_required_ratio_min"": 1.0833333333333333, ""final_confidence_min"": 87.790481919191, ""iv_crush_max"": 24.0, ""market_hostility_max"": 19.019770985337942, ""min_5depth_lots_each_side"": 13.0, ""min_top_book_lots"": 2.0, ""premium_elasticity_min"": 0.5, ""regime_confidence_min"": 60.0, ""spread_pct_max"": 0.9516256938937375, ""trade_quality_min"": 56.000000000021025}",12.61,63.05,-3.3967872054354484,56.000000000021025,0,0.5,83.67125000000001,77.23500000000001,1.0833333333333333,24.0,19.019770985337942,60.0,INVALID,True,DataHealth invalid; Contract invalid: Quote stale or spread hard rejected.; SideDirection hard reject: -3.4 < 65.0; PremiumElasticity hard reject: 0.50 < 1.00; Expected/Required hard reject: 1.08 < 1.60; TradeQuality below configured minimum; ConvexityEdge below excellent gate: 77.3 < 80.0,DataHealth invalid; Contract invalid: Quote stale or spread hard rejected.; SideDirection hard reject: -3.4 < 65.0; PremiumElasticity hard reject: 0.50 < 1.00; Expected/Required hard reject: 1.08 < 1.60; TradeQuality below configured minimum; ConvexityEdge below excellent gate: 77.3 < 80.0,direction=OBSERVED;liquidity=OBSERVED,NSE,INDEX,NSE_INDEX,MIDCPNIFTY,PAPER_ELIGIBLE,INDEX:MIDCAP,,,paper-strategy-8ade763620b6,opportunity-score-8ade763620b6,universe-a8e55c76a270,PAPER_OVERRIDE::FYERS_PAPER_PROXY_RESEARCH
202608211301_1_MIDCPNIFTY_PE,2026-08-21T07:31:12.747298+00:00,202608211301,MIDCPNIFTY,PE,1,53.79764575815096,53.79764575815096,90.0,712afad509f5,"{""contract_quality_min"": 0.0, ""direction_min"": 2.5602673458112677, ""excellent_score_min"": 53.79764575815096, ""execution_quality_min"": 100.0, ""expected_required_ratio_min"": 1.0833333333333333, ""final_confidence_min"": 81.26675615125609, ""iv_crush_max"": 24.0, ""market_hostility_max"": 19.020800341431418, ""min_5depth_lots_each_side"": 12.0, ""min_top_book_lots"": 2.0, ""premium_elasticity_min"": 0.5, ""regime_confidence_min"": 60.0, ""spread_pct_max"": 0.5285013212533161, ""trade_quality_min"": 31.275720164614672}",13.245,66.225,2.5602673458112677,31.275720164614672,0,0.5,83.89874999999999,77.445,1.0833333333333333,24.0,19.020800341431418,60.0,INVALID,True,DataHealth invalid; Contract invalid: Quote stale or spread hard rejected.; SideDirection hard reject: 2.6 < 65.0; PremiumElasticity hard reject: 0.50 < 1.00; Expected/Required hard reject: 1.08 < 1.60; TradeQuality below configured minimum; ConvexityEdge below excellent gate: 77.3 < 80.0,DataHealth invalid; Contract invalid: Quote stale or spread hard rejected.; SideDirection hard reject: 2.6 < 65.0; PremiumElasticity hard reject: 0.50 < 1.00; Expected/Required hard reject: 1.08 < 1.60; TradeQuality below configured minimum; ConvexityEdge below excellent gate: 77.3 < 80.0,direction=OBSERVED;liquidity=OBSERVED,NSE,INDEX,NSE_INDEX,MIDCPNIFTY,PAPER_ELIGIBLE,INDEX:MIDCAP,,,paper-strategy-8ade763620b6,opportunity-score-8ade763620b6,universe-a8e55c76a270,PAPER_OVERRIDE::FYERS_PAPER_PROXY_RESEARCH
202608211301_2_BANKNIFTY_PE,2026-08-21T07:31:12.747792+00:00,202608211301,BANKNIFTY,PE,2,53.14378779388568,53.14378779388568,80.0,2e840ccd58d1,"{""contract_quality_min"": 0.0, ""direction_min"": 0.0, ""excellent_score_min"": 53.14378779388568, ""execution_quality_min"": 100.0, ""expected_required_ratio_min"": 1.4166666666666665, ""final_confidence_min"": 79.86270376392774, ""iv_crush_max"": 24.0, ""market_hostility_max"": 20.850497933775948, ""min_5depth_lots_each_side"": 17.0, ""min_top_book_lots"": 1.0, ""premium_elasticity_min"": 0.5, ""regime_confidence_min"": 60.0, ""spread_pct_max"": 0.24744123270723714, ""trade_quality_min"": 28.808567603747576}",44.455000000000005,222.275,-1.8657767813102386,28.808567603747576,0,0.5,425.97749999999996,300.69,1.4166666666666665,24.0,20.850497933775948,60.0,INVALID,True,DataHealth invalid; Contract invalid: Quote stale or spread hard rejected.; SideDirection hard reject: -1.9 < 65.0; PremiumElasticity hard reject: 0.50 < 1.00; Expected/Required hard reject: 1.42 < 1.60; TradeQuality below configured minimum; ConvexityEdge below excellent gate: 78.3 < 80.0,DataHealth invalid; Contract invalid: Quote stale or spread hard rejected.; SideDirection hard reject: -1.9 < 65.0; PremiumElasticity hard reject: 0.50 < 1.00; Expected/Required hard reject: 1.42 < 1.60; TradeQuality below configured minimum; ConvexityEdge below excellent gate: 78.3 < 80.0,direction=OBSERVED;liquidity=OBSERVED,NSE,INDEX,NSE_INDEX,BANKNIFTY,PAPER_ELIGIBLE,INDEX:BANKING,,,paper-strategy-8ade763620b6,opportunity-score-8ade763620b6,universe-a8e55c76a270,PAPER_OVERRIDE::FYERS_PAPER_PROXY_RESEARCH
202608211301_3_MIDCPNIFTY_CE,2026-08-21T07:31:12.748243+00:00,202608211301,MIDCPNIFTY,CE,3,53.03679763590494,53.03679763590494,90.0,712afad509f5,"{""contract_quality_min"": 0.0, ""direction_min"": 0.0, ""excellent_score_min"": 53.03679763590494, ""execution_quality_min"": 100.0, ""expected_required_ratio_min"": 1.0833333333333333, ""final_confidence_min"": 80.49867594751271, ""iv_crush_max"": 24.0, ""market_hostility_max"": 19.020800341431418, ""min_5depth_lots_each_side"": 11.0, ""min_top_book_lots"": 3.0, ""premium_elasticity_min"": 0.7, ""regime_confidence_min"": 60.0, ""spread_pct_max"": 0.5888125613346454, ""trade_quality_min"": 31.275720164614672}",15.285000000000004,76.42500000000001,-2.5602673458112677,31.275720164614672,0,0.7,83.89874999999999,77.445,1.0833333333333333,24.0,19.020800341431418,60.0,INVALID,True,DataHealth invalid; Contract invalid: Quote stale or spread hard rejected.; SideDirection hard reject: -2.6 < 65.0; PremiumElasticity hard reject: 0.70 < 1.00; Expected/Required hard reject: 1.08 < 1.60; TradeQuality below configured minimum; ConvexityEdge below excellent gate: 75.8 < 80.0,DataHealth invalid; Contract invalid: Quote stale or spread hard rejected.; SideDirection hard reject: -2.6 < 65.0; PremiumElasticity hard reject: 0.70 < 1.00; Expected/Required hard reject: 1.08 < 1.60; TradeQuality below configured minimum; ConvexityEdge below excellent gate: 75.8 < 80.0,direction=OBSERVED;liquidity=OBSERVED,NSE,INDEX,NSE_INDEX,MIDCPNIFTY,PAPER_ELIGIBLE,INDEX:MIDCAP,,,paper-strategy-8ade763620b6,opportunity-score-8ade763620b6,universe-a8e55c76a270,PAPER_OVERRIDE::FYERS_PAPER_PROXY_RESEARCH
202608211301_4_BANKNIFTY_PE,2026-08-21T07:31:12.748717+00:00,202608211301,BANKNIFTY,PE,4,52.84378779388568,52.84378779388568,80.0,2e840ccd58d1,"{""contract_quality_min"": 0.0, ""direction_min"": 0.0, ""excellent_score_min"": 52.84378779388568, ""execution_quality_min"": 100.0, ""expected_required_ratio_min"": 1.4166666666666665, ""final_confidence_min"": 79.86270376392774, ""iv_crush_max"": 24.0, ""market_hostility_max"": 20.850497933775948, ""min_5depth_lots_each_side"": 6.0, ""min_top_book_lots"": 1.0, ""premium_elasticity_min"": 0.7, ""regime_confidence_min"": 60.0, ""spread_pct_max"": 0.27816411682892905, ""trade_quality_min"": 28.808567603747576}",53.925000000000004,269.625,-1.8657767813102386,28.808567603747576,0,0.7,425.97749999999996,300.69,1.4166666666666665,24.0,20.850497933775948,60.0,INVALID,True,DataHealth invalid; Contract invalid: Quote stale or spread hard rejected.; SideDirection hard reject: -1.9 < 65.0; PremiumElasticity hard reject: 0.70 < 1.00; Expected/Required hard reject: 1.42 < 1.60; TradeQuality below configured minimum; ConvexityEdge below excellent gate: 76.8 < 80.0,DataHealth invalid; Contract invalid: Quote stale or spread hard rejected.; SideDirection hard reject: -1.9 < 65.0; PremiumElasticity hard reject: 0.70 < 1.00; Expected/Required hard reject: 1.42 < 1.60; TradeQuality below configured minimum; ConvexityEdge below excellent gate: 76.8 < 80.0,direction=OBSERVED;liquidity=OBSERVED,NSE,INDEX,NSE_INDEX,BANKNIFTY,PAPER_ELIGIBLE,INDEX:BANKING,,,paper-strategy-8ade763620b6,opportunity-score-8ade763620b6,universe-a8e55c76a270,PAPER_OVERRIDE::FYERS_PAPER_PROXY_RESEARCH
202608211301_5_MIDCPNIFTY_CE,2026-08-21T07:31:12.749386+00:00,202608211301,MIDCPNIFTY,CE,5,52.342593749099606,52.342593749099606,90.0,712afad509f5,"{""contract_quality_min"": 0.0, ""direction_min"": 0.0, ""excellent_score_min"": 52.342593749099606, ""execution_quality_min"": 93.37197408796445, ""expected_required_ratio_min"": 1.0833333333333333, ""final_confidence_min"": 80.49867594751271, ""iv_crush_max"": 24.0, ""market_hostility_max"": 19.020800341431418, ""min_5depth_lots_each_side"": 15.0, ""min_top_book_lots"": 2.0, ""premium_elasticity_min"": 0.5, ""regime_confidence_min"": 60.0, ""spread_pct_max"": 0.9546539379474963, ""trade_quality_min"": 31.275720164614672}",12.57,62.849999999999994,-2.5602673458112677,31.275720164614672,0,0.5,83.89874999999999,77.445,1.0833333333333333,24.0,19.020800341431418,60.0,INVALID,True,DataHealth invalid; Contract invalid: Quote stale or spread hard rejected.; SideDirection hard reject: -2.6 < 65.0; PremiumElasticity hard reject: 0.50 < 1.00; Expected/Required hard reject: 1.08 < 1.60; TradeQuality below configured minimum; ConvexityEdge below excellent gate: 77.3 < 80.0,DataHealth invalid; Contract invalid: Quote stale or spread hard rejected.; SideDirection hard reject: -2.6 < 65.0; PremiumElasticity hard reject: 0.50 < 1.00; Expected/Required hard reject: 1.08 < 1.60; TradeQuality below configured minimum; ConvexityEdge below excellent gate: 77.3 < 80.0,direction=OBSERVED;liquidity=OBSERVED,NSE,INDEX,NSE_INDEX,MIDCPNIFTY,PAPER_ELIGIBLE,INDEX:MIDCAP,,,paper-strategy-8ade763620b6,opportunity-score-8ade763620b6,universe-a8e55c76a270,PAPER_OVERRIDE::FYERS_PAPER_PROXY_RESEARCH
202608211302_1_MIDCPNIFTY_PE,2026-08-21T07:32:22.521658+00:00,202608211302,MIDCPNIFTY,PE,1,50.53999143791313,50.53999143791313,90.0,712afad509f5,"{""contract_quality_min"": 0.0, ""direction_min"": 1.4822550489312603, ""excellent_score_min"": 50.53999143791313, ""execution_quality_min"": 100.0, ""expected_required_ratio_min"": 1.0833333333333335, ""final_confidence_min"": 77.80528756609627, ""iv_crush_max"": 24.0, ""market_hostility_max"": 18.98046159427397, ""min_5depth_lots_each_side"": 6.0, ""min_top_book_lots"": 1.0, ""premium_elasticity_min"": 0.5, ""regime_confidence_min"": 60.0, ""spread_pct_max"": 0.5428460643660467, ""trade_quality_min"": 20.276497695855255}",12.895,64.475,1.4822550489312603,20.276497695855255,0,0.5,83.39500000000001,76.98,1.0833333333333335,24.0,18.98046159427397,60.0,INVALID,True,DataHealth invalid; Contract invalid: Quote stale or spread hard rejected.; SideDirection hard reject: 1.5 < 65.0; PremiumElasticity hard reject: 0.50 < 1.00; Expected/Required hard reject: 1.08 < 1.60; TradeQuality below configured minimum; ConvexityEdge below excellent gate: 77.3 < 80.0,DataHealth invalid; Contract invalid: Quote stale or spread hard rejected.; SideDirection hard reject: 1.5 < 65.0; PremiumElasticity hard reject: 0.50 < 1.00; Expected/Required hard reject: 1.08 < 1.60; TradeQuality below configured minimum; ConvexityEdge below excellent gate: 77.3 < 80.0,direction=OBSERVED;liquidity=OBSERVED,NSE,INDEX,NSE_INDEX,MIDCPNIFTY,PAPER_ELIGIBLE,INDEX:MIDCAP,,,paper-strategy-8ade763620b6,opportunity-score-8ade763620b6,universe-a8e55c76a270,PAPER_OVERRIDE::FYERS_PAPER_PROXY_RESEARCH
202608211302_2_MIDCPNIFTY_CE,2026-08-21T07:32:22.522462+00:00,202608211302,MIDCPNIFTY,CE,2,50.273185529105504,50.273185529105504,90.0,712afad509f5,"{""contract_quality_min"": 0.0, ""direction_min"": 0.0, ""excellent_score_min"": 50.273185529105504, ""execution_quality_min"": 100.0, ""expected_required_ratio_min"": 1.0833333333333335, ""final_confidence_min"": 77.3606110514169, ""iv_crush_max"": 24.0, ""market_hostility_max"": 18.98046159427397, ""min_5depth_lots_each_side"": 10.0, ""min_top_book_lots"": 1.0, ""premium_elasticity_min"": 0.5, ""regime_confidence_min"": 60.0, ""spread_pct_max"": 0.5483744614179419, ""trade_quality_min"": 20.276497695855255}",12.765,63.825,-1.4822550489312603,20.276497695855255,0,0.5,83.39500000000001,76.98,1.0833333333333335,24.0,18.98046159427397,60.0,INVALID,True,DataHealth invalid; Contract invalid: Quote stale or spread hard rejected.; SideDirection hard reject: -1.5 < 65.0; PremiumElasticity hard reject: 0.50 < 1.00; Expected/Required hard reject: 1.08 < 1.60; TradeQuality below configured minimum; ConvexityEdge below excellent gate: 77.3 < 80.0,DataHealth invalid; Contract invalid: Quote stale or spread hard rejected.; SideDirection hard reject: -1.5 < 65.0; PremiumElasticity hard reject: 0.50 < 1.00; Expected/Required hard reject: 1.08 < 1.60; TradeQuality below configured minimum; ConvexityEdge below excellent gate: 77.3 < 80.0,direction=OBSERVED;liquidity=OBSERVED,NSE,INDEX,NSE_INDEX,MIDCPNIFTY,PAPER_ELIGIBLE,INDEX:MIDCAP,,,paper-strategy-8ade763620b6,opportunity-score-8ade763620b6,universe-a8e55c76a270,PAPER_OVERRIDE::FYERS_PAPER_PROXY_RESEARCH
202608211302_3_MIDCPNIFTY_CE,2026-08-21T07:32:22.522977+00:00,202608211302,MIDCPNIFTY,CE,3,49.97318552910551,49.97318552910551,90.0,712afad509f5,"{""contract_quality_min"": 0.0, ""direction_min"": 0.0, ""excellent_score_min"": 49.97318552910551, ""execution_quality_min"": 100.0, ""expected_required_ratio_min"": 1.0833333333333335, ""final_confidence_min"": 77.3606110514169, ""iv_crush_max"": 24.0, ""market_hostility_max"": 18.98046159427397, ""min_5depth_lots_each_side"": 10.0, ""min_top_book_lots"": 2.0, ""premium_elasticity_min"": 0.7, ""regime_confidence_min"": 60.0, ""spread_pct_max"": 0.4526349822179041, ""trade_quality_min"": 20.276497695855255}",15.465000000000002,77.325,-1.4822550489312603,20.276497695855255,0,0.7,83.39500000000001,76.98,1.0833333333333335,24.0,18.98046159427397,60.0,INVALID,True,DataHealth invalid; Contract invalid: Quote stale or spread hard rejected.; SideDirection hard reject: -1.5 < 65.0; PremiumElasticity hard reject: 0.70 < 1.00; Expected/Required hard reject: 1.08 < 1.60; TradeQuality below configured minimum; ConvexityEdge below excellent gate: 75.8 < 80.0,DataHealth invalid; Contract invalid: Quote stale or spread hard rejected.; SideDirection hard reject: -1.5 < 65.0; PremiumElasticity hard reject: 0.70 < 1.00; Expected/Required hard reject: 1.08 < 1.60; TradeQuality below configured minimum; ConvexityEdge below excellent gate: 75.8 < 80.0,direction=OBSERVED;liquidity=OBSERVED,NSE,INDEX,NSE_INDEX,MIDCPNIFTY,PAPER_ELIGIBLE,INDEX:MIDCAP,,,paper-strategy-8ade763620b6,opportunity-score-8ade763620b6,universe-a8e55c76a270,PAPER_OVERRIDE::FYERS_PAPER_PROXY_RESEARCH
202608211302_4_MIDCPNIFTY_PE,2026-08-21T07:32:22.523598+00:00,202608211302,MIDCPNIFTY,PE,4,49.96492776576675,49.96492776576675,90.0,712afad509f5,"{""contract_quality_min"": 0.0, ""direction_min"": 1.4822550489312603, ""excellent_score_min"": 49.96492776576675, ""execution_quality_min"": 98.16624218569082, ""expected_required_ratio_min"": 1.0833333333333335, ""final_confidence_min"": 77.80528756609627, ""iv_crush_max"": 24.0, ""market_hostility_max"": 18.98046159427397, ""min_5depth_lots_each_side"": 8.0, ""min_top_book_lots"": 2.0, ""premium_elasticity_min"": 0.7, ""regime_confidence_min"": 60.0, ""spread_pct_max"": 0.8427876823338809, ""trade_quality_min"": 20.276497695855255}",15.425,77.125,1.4822550489312603,20.276497695855255,0,0.7,83.39500000000001,76.98,1.0833333333333335,24.0,18.98046159427397,60.0,INVALID,True,DataHealth invalid; Contract invalid: Quote stale or spread hard rejected.; SideDirection hard reject: 1.5 < 65.0; PremiumElasticity hard reject: 0.70 < 1.00; Expected/Required hard reject: 1.08 < 1.60; TradeQuality below configured minimum; ConvexityEdge below excellent gate: 75.8 < 80.0,DataHealth invalid; Contract invalid: Quote stale or spread hard rejected.; SideDirection hard reject: 1.5 < 65.0; PremiumElasticity hard reject: 0.70 < 1.00; Expected/Required hard reject: 1.08 < 1.60; TradeQuality below configured minimum; ConvexityEdge below excellent gate: 75.8 < 80.0,direction=OBSERVED;liquidity=OBSERVED,NSE,INDEX,NSE_INDEX,MIDCPNIFTY,PAPER_ELIGIBLE,INDEX:MIDCAP,,,paper-strategy-8ade763620b6,opportunity-score-8ade763620b6,universe-a8e55c76a270,PAPER_OVERRIDE::FYERS_PAPER_PROXY_RESEARCH
202608211302_5_FINNIFTY_PE,2026-08-21T07:32:22.524234+00:00,202608211302,FINNIFTY,PE,5,48.417939995048016,48.417939995048016,80.0,e172b0fef65b,"{""contract_quality_min"": 0.0, ""direction_min"": 0.7310887892107912, ""excellent_score_min"": 48.417939995048016, ""execution_quality_min"": 100.0, ""expected_required_ratio_min"": 1.25, ""final_confidence_min"": 78.23035297355473, ""iv_crush_max"": 24.0, ""market_hostility_max"": 18.957699076515578, ""min_5depth_lots_each_side"": 7.0, ""min_top_book_lots"": 1.0, ""premium_elasticity_min"": 0.3, ""regime_confidence_min"": 60.0, ""spread_pct_max"": 0.6170723345903364, ""trade_quality_min"": 22.06896551724369}",14.585000000000003,72.92500000000001,0.7310887892107912,22.06896551724369,0,0.3,184.0125,147.20999999999998,1.25,24.0,18.957699076515578,60.0,INVALID,True,DataHealth invalid; Contract invalid: Quote stale or spread hard rejected.; SideDirection hard reject: 0.7 < 65.0; PremiumElasticity hard reject: 0.30 < 1.00; Expected/Required hard reject: 1.25 < 1.60; TradeQuality below configured minimum; ConvexityEdge below excellent gate: 62.3 < 80.0,DataHealth invalid; Contract invalid: Quote stale or spread hard rejected.; SideDirection hard reject: 0.7 < 65.0; PremiumElasticity hard reject: 0.30 < 1.00; Expected/Required hard reject: 1.25 < 1.60; TradeQuality below configured minimum; ConvexityEdge below excellent gate: 62.3 < 80.0,direction=OBSERVED;liquidity=OBSERVED,NSE,INDEX,NSE_INDEX,FINNIFTY,PAPER_ELIGIBLE,INDEX:FINANCIALS,,,paper-strategy-8ade763620b6,opportunity-score-8ade763620b6,universe-a8e55c76a270,PAPER_OVERRIDE::FYERS_PAPER_PROXY_RESEARCH
202608211303_1_FINNIFTY_PE,2026-08-21T07:33:25.058571+00:00,202608211303,FINNIFTY,PE,1,48.177485404279324,48.177485404279324,80.0,e172b0fef65b,"{""contract_quality_min"": 0.0, ""direction_min"": 0.7310887892107912, ""excellent_score_min"": 48.177485404279324, ""execution_quality_min"": 98.39696939487538, ""expected_required_ratio_min"": 1.25, ""final_confidence_min"": 78.23035297355473, ""iv_crush_max"": 24.0, ""market_hostility_max"": 18.957578515349432, ""min_5depth_lots_each_side"": 7.0, ""min_top_book_lots"": 2.0, ""premium_elasticity_min"": 0.3, ""regime_confidence_min"": 60.0, ""spread_pct_max"": 0.8374040474529079, ""trade_quality_min"": 22.06896551724369}",14.330000000000002,71.65,0.7310887892107912,22.06896551724369,0,0.3,184.6875,147.75,1.25,24.0,18.957578515349432,60.0,INVALID,True,DataHealth invalid; Contract invalid: Quote stale or spread hard rejected.; SideDirection hard reject: 0.7 < 65.0; PremiumElasticity hard reject: 0.30 < 1.00; Expected/Required hard reject: 1.25 < 1.60; TradeQuality below configured minimum; ConvexityEdge below excellent gate: 62.3 < 80.0,DataHealth invalid; Contract invalid: Quote stale or spread hard rejected.; SideDirection hard reject: 0.7 < 65.0; PremiumElasticity hard reject: 0.30 < 1.00; Expected/Required hard reject: 1.25 < 1.60; TradeQuality below configured minimum; ConvexityEdge below excellent gate: 62.3 < 80.0,direction=OBSERVED;liquidity=OBSERVED,NSE,INDEX,NSE_INDEX,FINNIFTY,PAPER_ELIGIBLE,INDEX:FINANCIALS,,,paper-strategy-8ade763620b6,opportunity-score-8ade763620b6,universe-a8e55c76a270,PAPER_OVERRIDE::FYERS_PAPER_PROXY_RESEARCH
202608211303_2_MIDCPNIFTY_PE,2026-08-21T07:33:25.059081+00:00,202608211303,MIDCPNIFTY,PE,2,47.53494336624894,47.53494336624894,90.0,712afad509f5,"{""contract_quality_min"": 0.0, ""direction_min"": 0.7815789916961154, ""excellent_score_min"": 47.53494336624894, ""execution_quality_min"": 100.0, ""expected_required_ratio_min"": 1.0833333333333333, ""final_confidence_min"": 74.60436131227486, ""iv_crush_max"": 24.0, ""market_hostility_max"": 18.72401834606906, ""min_5depth_lots_each_side"": 9.0, ""min_top_book_lots"": 1.0, ""premium_elasticity_min"": 0.5, ""regime_confidence_min"": 60.0, ""spread_pct_max"": 0.6254886630179917, ""trade_quality_min"": 9.957081545068132}",12.790000000000001,63.95,0.7815789916961154,9.957081545068132,0,0.5,83.15125,76.75500000000001,1.0833333333333333,24.0,18.72401834606906,60.0,INVALID,True,DataHealth invalid; Contract invalid: Quote stale or spread hard rejected.; SideDirection hard reject: 0.8 < 65.0; PremiumElasticity hard reject: 0.50 < 1.00; Expected/Required hard reject: 1.08 < 1.60; TradeQuality below configured minimum; ConvexityEdge below excellent gate: 77.3 < 80.0,DataHealth invalid; Contract invalid: Quote stale or spread hard rejected.; SideDirection hard reject: 0.8 < 65.0; PremiumElasticity hard reject: 0.50 < 1.00; Expected/Required hard reject: 1.08 < 1.60; TradeQuality below configured minimum; ConvexityEdge below excellent gate: 77.3 < 80.0,direction=OBSERVED;liquidity=OBSERVED,NSE,INDEX,NSE_INDEX,MIDCPNIFTY,PAPER_ELIGIBLE,INDEX:MIDCAP,,,paper-strategy-8ade763620b6,opportunity-score-8ade763620b6,universe-a8e55c76a270,PAPER_OVERRIDE::FYERS_PAPER_PROXY_RESEARCH
202608211303_3_MIDCPNIFTY_CE,2026-08-21T07:33:25.059532+00:00,202608211303,MIDCPNIFTY,CE,3,47.39425914774364,47.39425914774364,90.0,712afad509f5,"{""contract_quality_min"": 0.0, ""direction_min"": 0.0, ""excellent_score_min"": 47.39425914774364, ""execution_quality_min"": 100.0, ""expected_required_ratio_min"": 1.0833333333333333, ""final_confidence_min"": 74.36988761476603, ""iv_crush_max"": 24.0, ""market_hostility_max"": 18.72401834606906, ""min_5depth_lots_each_side"": 13.0, ""min_top_book_lots"": 2.0, ""premium_elasticity_min"": 0.5, ""regime_confidence_min"": 60.0, ""spread_pct_max"": 0.703399765533416, ""trade_quality_min"": 9.957081545068132}",12.795000000000002,63.975,-0.7815789916961154,9.957081545068132,0,0.5,83.15125,76.75500000000001,1.0833333333333333,24.0,18.72401834606906,60.0,INVALID,True,DataHealth invalid; Contract invalid: Quote stale or spread hard rejected.; SideDirection hard reject: -0.8 < 65.0; PremiumElasticity hard reject: 0.50 < 1.00; Expected/Required hard reject: 1.08 < 1.60; TradeQuality below configured minimum; ConvexityEdge below excellent gate: 77.3 < 80.0,DataHealth invalid; Contract invalid: Quote stale or spread hard rejected.; SideDirection hard reject: -0.8 < 65.0; PremiumElasticity hard reject: 0.50 < 1.00; Expected/Required hard reject: 1.08 < 1.60; TradeQuality below configured minimum; ConvexityEdge below excellent gate: 77.3 < 80.0,direction=OBSERVED;liquidity=OBSERVED,NSE,INDEX,NSE_INDEX,MIDCPNIFTY,PAPER_ELIGIBLE,INDEX:MIDCAP,,,paper-strategy-8ade763620b6,opportunity-score-8ade763620b6,universe-a8e55c76a270,PAPER_OVERRIDE::FYERS_PAPER_PROXY_RESEARCH
202608211303_4_MIDCPNIFTY_PE,2026-08-21T07:33:25.060120+00:00,202608211303,MIDCPNIFTY,PE,4,47.234943366248935,47.234943366248935,90.0,712afad509f5,"{""contract_quality_min"": 0.0, ""direction_min"": 0.7815789916961154, ""excellent_score_min"": 47.234943366248935, ""execution_quality_min"": 100.0, ""expected_required_ratio_min"": 1.0833333333333333, ""final_confidence_min"": 74.60436131227486, ""iv_crush_max"": 24.0, ""market_hostility_max"": 18.72401834606906, ""min_5depth_lots_each_side"": 6.0, ""min_top_book_lots"": 2.0, ""premium_elasticity_min"": 0.7, ""regime_confidence_min"": 60.0, ""spread_pct_max"": 0.6565988181221273, ""trade_quality_min"": 9.957081545068132}",15.230000000000002,76.15,0.7815789916961154,9.957081545068132,0,0.7,83.15125,76.75500000000001,1.0833333333333333,24.0,18.72401834606906,60.0,INVALID,True,DataHealth invalid; Contract invalid: Quote stale or spread hard rejected.; SideDirection hard reject: 0.8 < 65.0; PremiumElasticity hard reject: 0.70 < 1.00; Expected/Required hard reject: 1.08 < 1.60; TradeQuality below configured minimum; ConvexityEdge below excellent gate: 75.8 < 80.0,DataHealth invalid; Contract invalid: Quote stale or spread hard rejected.; SideDirection hard reject: 0.8 < 65.0; PremiumElasticity hard reject: 0.70 < 1.00; Expected/Required hard reject: 1.08 < 1.60; TradeQuality below configured minimum; ConvexityEdge below excellent gate: 75.8 < 80.0,direction=OBSERVED;liquidity=OBSERVED,NSE,INDEX,NSE_INDEX,MIDCPNIFTY,PAPER_ELIGIBLE,INDEX:MIDCAP,,,paper-strategy-8ade763620b6,opportunity-score-8ade763620b6,universe-a8e55c76a270,PAPER_OVERRIDE::FYERS_PAPER_PROXY_RESEARCH
202608211303_5_MIDCPNIFTY_CE,2026-08-21T07:33:25.060666+00:00,202608211303,MIDCPNIFTY,CE,5,47.094259147743635,47.094259147743635,90.0,712afad509f5,"{""contract_quality_min"": 0.0, ""direction_min"": 0.0, ""excellent_score_min"": 47.094259147743635, ""execution_quality_min"": 100.0, ""expected_required_ratio_min"": 1.0833333333333333, ""final_confidence_min"": 74.36988761476603, ""iv_crush_max"": 24.0, ""market_hostility_max"": 18.72401834606906, ""min_5depth_lots_each_side"": 10.0, ""min_top_book_lots"": 2.0, ""premium_elasticity_min"": 0.7, ""regime_confidence_min"": 60.0, ""spread_pct_max"": 0.5785920925747384, ""trade_quality_min"": 9.957081545068132}",15.555000000000001,77.775,-0.7815789916961154,9.957081545068132,0,0.7,83.15125,76.75500000000001,1.0833333333333333,24.0,18.72401834606906,60.0,INVALID,True,DataHealth invalid; Contract invalid: Quote stale or spread hard rejected.; SideDirection hard reject: -0.8 < 65.0; PremiumElasticity hard reject: 0.70 < 1.00; Expected/Required hard reject: 1.08 < 1.60; TradeQuality below configured minimum; ConvexityEdge below excellent gate: 75.8 < 80.0,DataHealth invalid; Contract invalid: Quote stale or spread hard rejected.; SideDirection hard reject: -0.8 < 65.0; PremiumElasticity hard reject: 0.70 < 1.00; Expected/Required hard reject: 1.08 < 1.60; TradeQuality below configured minimum; ConvexityEdge below excellent gate: 75.8 < 80.0,direction=OBSERVED;liquidity=OBSERVED,NSE,INDEX,NSE_INDEX,MIDCPNIFTY,PAPER_ELIGIBLE,INDEX:MIDCAP,,,paper-strategy-8ade763620b6,opportunity-score-8ade763620b6,universe-a8e55c76a270,PAPER_OVERRIDE::FYERS_PAPER_PROXY_RESEARCH
202608211304_1_NIFTY_CE,2026-08-21T07:34:34.077543+00:00,202608211304,NIFTY,CE,1,51.226574902748354,51.226574902748354,80.0,00929e22c867,"{""contract_quality_min"": 0.0, ""direction_min"": 0.9408579964671755, ""excellent_score_min"": 51.226574902748354, ""execution_quality_min"": 100.0, ""expected_required_ratio_min"": 1.3333333333333337, ""final_confidence_min"": 75.983985842325, ""iv_crush_max"": 24.0, ""market_hostility_max"": 18.0639074996975, ""min_5depth_lots_each_side"": 115.0, ""min_top_book_lots"": 3.0, ""premium_elasticity_min"": 0.7, ""regime_confidence_min"": 60.0, ""spread_pct_max"": 0.2201027146001342, ""trade_quality_min"": 14.476190476183085}",27.260000000000005,136.3,0.9408579964671755,14.476190476183085,0,0.7,132.70000000000002,99.52499999999999,1.3333333333333337,24.0,18.0639074996975,60.0,INVALID,True,DataHealth invalid; Contract invalid: Quote stale or spread hard rejected.; SideDirection hard reject: 0.9 < 65.0; PremiumElasticity hard reject: 0.70 < 1.00; Expected/Required hard reject: 1.33 < 1.60; TradeQuality below configured minimum; ConvexityEdge below excellent gate: 76.8 < 80.0,DataHealth invalid; Contract invalid: Quote stale or spread hard rejected.; SideDirection hard reject: 0.9 < 65.0; PremiumElasticity hard reject: 0.70 < 1.00; Expected/Required hard reject: 1.33 < 1.60; TradeQuality below configured minimum; ConvexityEdge below excellent gate: 76.8 < 80.0,direction=OBSERVED;liquidity=OBSERVED,NSE,INDEX,NSE_INDEX,NIFTY,PAPER_ELIGIBLE,INDEX:BROAD_EQUITY,,,paper-strategy-8ade763620b6,opportunity-score-8ade763620b6,universe-a8e55c76a270,PAPER_OVERRIDE::FYERS_PAPER_PROXY_RESEARCH
202608211304_2_MIDCPNIFTY_PE,2026-08-21T07:34:34.078125+00:00,202608211304,MIDCPNIFTY,PE,2,47.53494336624894,47.53494336624894,90.0,712afad509f5,"{""contract_quality_min"": 0.0, ""direction_min"": 0.7815789916961154, ""excellent_score_min"": 47.53494336624894, ""execution_quality_min"": 100.0, ""expected_required_ratio_min"": 1.0833333333333335, ""final_confidence_min"": 74.60436131227486, ""iv_crush_max"": 24.0, ""market_hostility_max"": 18.72460813550604, ""min_5depth_lots_each_side"": 8.0, ""min_top_book_lots"": 2.0, ""premium_elasticity_min"": 0.5, ""regime_confidence_min"": 60.0, ""spread_pct_max"": 0.6920415224913538, ""trade_quality_min"": 9.957081545068132}",13.005000000000003,65.025,0.7815789916961154,9.957081545068132,0,0.5,82.98875000000001,76.605,1.0833333333333335,24.0,18.72460813550604,60.0,INVALID,True,DataHealth invalid; Contract invalid: Quote stale or spread hard rejected.; SideDirection hard reject: 0.8 < 65.0; PremiumElasticity hard reject: 0.50 < 1.00; Expected/Required hard reject: 1.08 < 1.60; TradeQuality below configured minimum; ConvexityEdge below excellent gate: 77.3 < 80.0,DataHealth invalid; Contract invalid: Quote stale or spread hard rejected.; SideDirection hard reject: 0.8 < 65.0; PremiumElasticity hard reject: 0.50 < 1.00; Expected/Required hard reject: 1.08 < 1.60; TradeQuality below configured minimum; ConvexityEdge below excellent gate: 77.3 < 80.0,direction=OBSERVED;liquidity=OBSERVED,NSE,INDEX,NSE_INDEX,MIDCPNIFTY,PAPER_ELIGIBLE,INDEX:MIDCAP,,,paper-strategy-8ade763620b6,opportunity-score-8ade763620b6,universe-a8e55c76a270,PAPER_OVERRIDE::FYERS_PAPER_PROXY_RESEARCH
202608211304_3_MIDCPNIFTY_PE,2026-08-21T07:34:34.078554+00:00,202608211304,MIDCPNIFTY,PE,3,47.234943366248935,47.234943366248935,90.0,712afad509f5,"{""contract_quality_min"": 0.0, ""direction_min"": 0.7815789916961154, ""excellent_score_min"": 47.234943366248935, ""execution_quality_min"": 100.0, ""expected_required_ratio_min"": 1.0833333333333335, ""final_confidence_min"": 74.60436131227486, ""iv_crush_max"": 24.0, ""market_hostility_max"": 18.72460813550604, ""min_top_book_lots"": 0.0, ""premium_elasticity_min"": 0.7, ""regime_confidence_min"": 60.0, ""spread_pct_max"": 0.7071681131468944, ""trade_quality_min"": 9.957081545068132}",15.555000000000001,77.775,0.7815789916961154,9.957081545068132,0,0.7,82.98875000000001,76.605,1.0833333333333335,24.0,18.72460813550604,60.0,INVALID,True,DataHealth invalid; Contract invalid: Quote stale or spread hard rejected.; SideDirection hard reject: 0.8 < 65.0; PremiumElasticity hard reject: 0.70 < 1.00; Expected/Required hard reject: 1.08 < 1.60; TradeQuality below configured minimum; ConvexityEdge below excellent gate: 75.8 < 80.0,DataHealth invalid; Contract invalid: Quote stale or spread hard rejected.; SideDirection hard reject: 0.8 < 65.0; PremiumElasticity hard reject: 0.70 < 1.00; Expected/Required hard reject: 1.08 < 1.60; TradeQuality below configured minimum; ConvexityEdge below excellent gate: 75.8 < 80.0,direction=OBSERVED;liquidity=OBSERVED,NSE,INDEX,NSE_INDEX,MIDCPNIFTY,PAPER_ELIGIBLE,INDEX:MIDCAP,,,paper-strategy-8ade763620b6,opportunity-score-8ade763620b6,universe-a8e55c76a270,PAPER_OVERRIDE::FYERS_PAPER_PROXY_RESEARCH
202608211304_4_MIDCPNIFTY_CE,2026-08-21T07:34:34.079047+00:00,202608211304,MIDCPNIFTY,CE,4,47.094259147743635,47.094259147743635,90.0,712afad509f5,"{""contract_quality_min"": 0.0, ""direction_min"": 0.0, ""excellent_score_min"": 47.094259147743635, ""execution_quality_min"": 100.0, ""expected_required_ratio_min"": 1.0833333333333335, ""final_confidence_min"": 74.36988761476603, ""iv_crush_max"": 24.0, ""market_hostility_max"": 18.72460813550604, ""min_5depth_lots_each_side"": 10.0, ""min_top_book_lots"": 1.0, ""premium_elasticity_min"": 0.7, ""regime_confidence_min"": 60.0, ""spread_pct_max"": 0.5891980360065318, ""trade_quality_min"": 9.957081545068132}",15.275,76.375,-0.7815789916961154,9.957081545068132,0,0.7,82.98875000000001,76.605,1.0833333333333335,24.0,18.72460813550604,60.0,INVALID,True,DataHealth invalid; Contract invalid: Quote stale or spread hard rejected.; SideDirection hard reject: -0.8 < 65.0; PremiumElasticity hard reject: 0.70 < 1.00; Expected/Required hard reject: 1.08 < 1.60; TradeQuality below configured minimum; ConvexityEdge below excellent gate: 75.8 < 80.0,DataHealth invalid; Contract invalid: Quote stale or spread hard rejected.; SideDirection hard reject: -0.8 < 65.0; PremiumElasticity hard reject: 0.70 < 1.00; Expected/Required hard reject: 1.08 < 1.60; TradeQuality below configured minimum; ConvexityEdge below excellent gate: 75.8 < 80.0,direction=OBSERVED;liquidity=OBSERVED,NSE,INDEX,NSE_INDEX,MIDCPNIFTY,PAPER_ELIGIBLE,INDEX:MIDCAP,,,paper-strategy-8ade763620b6,opportunity-score-8ade763620b6,universe-a8e55c76a270,PAPER_OVERRIDE::FYERS_PAPER_PROXY_RESEARCH
202608211304_5_BANKNIFTY_PE,2026-08-21T07:34:34.079586+00:00,202608211304,BANKNIFTY,PE,5,45.72924870198779,45.72924870198779,80.0,2e840ccd58d1,"{""contract_quality_min"": 0.0, ""direction_min"": 0.0, ""excellent_score_min"": 45.72924870198779, ""execution_quality_min"": 100.0, ""expected_required_ratio_min"": 1.4166666666666667, ""final_confidence_min"": 72.10143596810076, ""iv_crush_max"": 24.0, ""market_hostility_max"": 20.659312507965147, ""min_5depth_lots_each_side"": 11.0, ""min_top_book_lots"": 1.0, ""premium_elasticity_min"": 0.5, ""regime_confidence_min"": 60.0, ""spread_pct_max"": 0.17821341055914713, ""trade_quality_min"": 2.0637329286760115}",44.89,224.45,-0.11789273668030278,2.0637329286760115,0,0.5,425.76500000000004,300.54,1.4166666666666667,24.0,20.659312507965147,60.0,INVALID,True,DataHealth invalid; Contract invalid: Quote stale or spread hard rejected.; SideDirection hard reject: -0.1 < 65.0; PremiumElasticity hard reject: 0.50 < 1.00; Expected/Required hard reject: 1.42 < 1.60; TradeQuality below configured minimum; ConvexityEdge below excellent gate: 78.3 < 80.0,DataHealth invalid; Contract invalid: Quote stale or spread hard rejected.; SideDirection hard reject: -0.1 < 65.0; PremiumElasticity hard reject: 0.50 < 1.00; Expected/Required hard reject: 1.42 < 1.60; TradeQuality below configured minimum; ConvexityEdge below excellent gate: 78.3 < 80.0,direction=OBSERVED;liquidity=OBSERVED,NSE,INDEX,NSE_INDEX,BANKNIFTY,PAPER_ELIGIBLE,INDEX:BANKING,,,paper-strategy-8ade763620b6,opportunity-score-8ade763620b6,universe-a8e55c76a270,PAPER_OVERRIDE::FYERS_PAPER_PROXY_RESEARCH
202608211305_1_NIFTY_CE,2026-08-21T07:35:56.361595+00:00,202608211305,NIFTY,CE,1,55.01694722709176,55.01694722709176,80.0,00929e22c867,"{""contract_quality_min"": 0.0, ""direction_min"": 1.4854610499733854, ""excellent_score_min"": 55.01694722709176, ""execution_quality_min"": 100.0, ""expected_required_ratio_min"": 1.3333333333333335, ""final_confidence_min"": 80.03051146518831, ""iv_crush_max"": 24.0, ""market_hostility_max"": 18.04406469256176, ""min_5depth_lots_each_side"": 125.0, ""min_top_book_lots"": 5.0, ""premium_elasticity_min"": 0.7, ""regime_confidence_min"": 60.0, ""spread_pct_max"": 0.2169981916817442, ""trade_quality_min"": 27.692307692307693}",27.650000000000002,138.25,1.4854610499733854,27.692307692307693,0,0.7,133.18,99.88499999999999,1.3333333333333335,24.0,18.04406469256176,60.0,INVALID,True,DataHealth invalid; Contract invalid: Quote stale or spread hard rejected.; SideDirection hard reject: 1.5 < 65.0; PremiumElasticity hard reject: 0.70 < 1.00; Expected/Required hard reject: 1.33 < 1.60; TradeQuality below configured minimum; ConvexityEdge below excellent gate: 76.8 < 80.0,DataHealth invalid; Contract invalid: Quote stale or spread hard rejected.; SideDirection hard reject: 1.5 < 65.0; PremiumElasticity hard reject: 0.70 < 1.00; Expected/Required hard reject: 1.33 < 1.60; TradeQuality below configured minimum; ConvexityEdge below excellent gate: 76.8 < 80.0,direction=OBSERVED;liquidity=OBSERVED,NSE,INDEX,NSE_INDEX,NIFTY,PAPER_ELIGIBLE,INDEX:BROAD_EQUITY,,,paper-strategy-8ade763620b6,opportunity-score-8ade763620b6,universe-a8e55c76a270,PAPER_OVERRIDE::FYERS_PAPER_PROXY_RESEARCH
202608211305_2_BANKNIFTY_CE,2026-08-21T07:35:56.362195+00:00,202608211305,BANKNIFTY,CE,2,47.23103819470489,47.23103819470489,80.0,2e840ccd58d1,"{""contract_quality_min"": 0.0, ""direction_min"": 0.4993285937579863, ""excellent_score_min"": 47.23103819470489, ""execution_quality_min"": 100.0, ""expected_required_ratio_min"": 1.4166666666666667, ""final_confidence_min"": 73.70297810680158, ""iv_crush_max"": 24.0, ""market_hostility_max"": 20.622231679282187, ""min_5depth_lots_each_side"": 21.0, ""min_top_book_lots"": 1.0, ""premium_elasticity_min"": 0.5, ""regime_confidence_min"": 60.0, ""spread_pct_max"": 0.2145155523775555, ""trade_quality_min"": 7.093596059126296}",55.94,279.7,0.4993285937579863,7.093596059126296,0,0.5,425.95625,300.675,1.4166666666666667,24.0,20.622231679282187,60.0,INVALID,True,DataHealth invalid; Contract invalid: Quote stale or spread hard rejected.; SideDirection hard reject: 0.5 < 65.0; PremiumElasticity hard reject: 0.50 < 1.00; Expected/Required hard reject: 1.42 < 1.60; TradeQuality below configured minimum; ConvexityEdge below excellent gate: 78.3 < 80.0,DataHealth invalid; Contract invalid: Quote stale or spread hard rejected.; SideDirection hard reject: 0.5 < 65.0; PremiumElasticity hard reject: 0.50 < 1.00; Expected/Required hard reject: 1.42 < 1.60; TradeQuality below configured minimum; ConvexityEdge below excellent gate: 78.3 < 80.0,direction=OBSERVED;liquidity=OBSERVED,NSE,INDEX,NSE_INDEX,BANKNIFTY,PAPER_ELIGIBLE,INDEX:BANKING,,,paper-strategy-8ade763620b6,opportunity-score-8ade763620b6,universe-a8e55c76a270,PAPER_OVERRIDE::FYERS_PAPER_PROXY_RESEARCH
202608211305_3_BANKNIFTY_PE,2026-08-21T07:35:56.362690+00:00,202608211305,BANKNIFTY,PE,3,47.141159047828445,47.141159047828445,80.0,2e840ccd58d1,"{""contract_quality_min"": 0.0, ""direction_min"": 0.0, ""excellent_score_min"": 47.141159047828445, ""execution_quality_min"": 100.0, ""expected_required_ratio_min"": 1.4166666666666667, ""final_confidence_min"": 73.55317952867419, ""iv_crush_max"": 24.0, ""market_hostility_max"": 20.622231679282187, ""min_5depth_lots_each_side"": 17.0, ""min_top_book_lots"": 1.0, ""premium_elasticity_min"": 0.5, ""regime_confidence_min"": 60.0, ""spread_pct_max"": 0.20322908434007772, ""trade_quality_min"": 7.093596059126296}",44.285000000000004,221.425,-0.4993285937579863,7.093596059126296,0,0.5,425.95625,300.675,1.4166666666666667,24.0,20.622231679282187,60.0,INVALID,True,DataHealth invalid; Contract invalid: Quote stale or spread hard rejected.; SideDirection hard reject: -0.5 < 65.0; PremiumElasticity hard reject: 0.50 < 1.00; Expected/Required hard reject: 1.42 < 1.60; TradeQuality below configured minimum; ConvexityEdge below excellent gate: 78.3 < 80.0,DataHealth invalid; Contract invalid: Quote stale or spread hard rejected.; SideDirection hard reject: -0.5 < 65.0; PremiumElasticity hard reject: 0.50 < 1.00; Expected/Required hard reject: 1.42 < 1.60; TradeQuality below configured minimum; ConvexityEdge below excellent gate: 78.3 < 80.0,direction=OBSERVED;liquidity=OBSERVED,NSE,INDEX,NSE_INDEX,BANKNIFTY,PAPER_ELIGIBLE,INDEX:BANKING,,,paper-strategy-8ade763620b6,opportunity-score-8ade763620b6,universe-a8e55c76a270,PAPER_OVERRIDE::FYERS_PAPER_PROXY_RESEARCH
202608211305_4_BANKNIFTY_CE,2026-08-21T07:35:56.363346+00:00,202608211305,BANKNIFTY,CE,4,44.031038194704884,44.031038194704884,80.0,2e840ccd58d1,"{""contract_quality_min"": 0.0, ""direction_min"": 0.4993285937579863, ""excellent_score_min"": 44.031038194704884, ""execution_quality_min"": 100.0, ""expected_required_ratio_min"": 1.4166666666666667, ""final_confidence_min"": 73.70297810680158, ""iv_crush_max"": 24.0, ""market_hostility_max"": 20.622231679282187, ""min_5depth_lots_each_side"": 19.0, ""min_top_book_lots"": 2.0, ""premium_elasticity_min"": 0.3, ""regime_confidence_min"": 60.0, ""spread_pct_max"": 0.2655454746625335, ""trade_quality_min"": 7.093596059126296}",45.19,225.95,0.4993285937579863,7.093596059126296,0,0.3,425.95625,300.675,1.4166666666666667,24.0,20.622231679282187,60.0,INVALID,True,DataHealth invalid; Contract invalid: Quote stale or spread hard rejected.; SideDirection hard reject: 0.5 < 65.0; PremiumElasticity hard reject: 0.30 < 1.00; Expected/Required hard reject: 1.42 < 1.60; TradeQuality below configured minimum; ConvexityEdge below excellent gate: 62.3 < 80.0,DataHealth invalid; Contract invalid: Quote stale or spread hard rejected.; SideDirection hard reject: 0.5 < 65.0; PremiumElasticity hard reject: 0.30 < 1.00; Expected/Required hard reject: 1.42 < 1.60; TradeQuality below configured minimum; ConvexityEdge below excellent gate: 62.3 < 80.0,direction=OBSERVED;liquidity=OBSERVED,NSE,INDEX,NSE_INDEX,BANKNIFTY,PAPER_ELIGIBLE,INDEX:BANKING,,,paper-strategy-8ade763620b6,opportunity-score-8ade763620b6,universe-a8e55c76a270,PAPER_OVERRIDE::FYERS_PAPER_PROXY_RESEARCH
202608211305_5_BANKNIFTY_PE,2026-08-21T07:35:56.364002+00:00,202608211305,BANKNIFTY,PE,5,43.94115904782846,43.94115904782846,80.0,2e840ccd58d1,"{""contract_quality_min"": 0.0, ""direction_min"": 0.0, ""excellent_score_min"": 43.94115904782846, ""execution_quality_min"": 100.0, ""expected_required_ratio_min"": 1.4166666666666667, ""final_confidence_min"": 73.55317952867419, ""iv_crush_max"": 24.0, ""market_hostility_max"": 20.622231679282187, ""min_5depth_lots_each_side"": 33.0, ""min_top_book_lots"": 3.0, ""premium_elasticity_min"": 0.3, ""regime_confidence_min"": 60.0, ""spread_pct_max"": 0.2491349480968795, ""trade_quality_min"": 7.093596059126296}",36.125,180.625,-0.4993285937579863,7.093596059126296,0,0.3,425.95625,300.675,1.4166666666666667,24.0,20.622231679282187,60.0,INVALID,True,DataHealth invalid; Contract invalid: Quote stale or spread hard rejected.; SideDirection hard reject: -0.5 < 65.0; PremiumElasticity hard reject: 0.30 < 1.00; Expected/Required hard reject: 1.42 < 1.60; TradeQuality below configured minimum; ConvexityEdge below excellent gate: 62.3 < 80.0,DataHealth invalid; Contract invalid: Quote stale or spread hard rejected.; SideDirection hard reject: -0.5 < 65.0; PremiumElasticity hard reject: 0.30 < 1.00; Expected/Required hard reject: 1.42 < 1.60; TradeQuality below configured minimum; ConvexityEdge below excellent gate: 62.3 < 80.0,direction=OBSERVED;liquidity=OBSERVED,NSE,INDEX,NSE_INDEX,BANKNIFTY,PAPER_ELIGIBLE,INDEX:BANKING,,,paper-strategy-8ade763620b6,opportunity-score-8ade763620b6,universe-a8e55c76a270,PAPER_OVERRIDE::FYERS_PAPER_PROXY_RESEARCH
202608211307_1_NIFTY_CE,2026-08-21T07:37:03.705825+00:00,202608211307,NIFTY,CE,1,69.026975409244,69.026975409244,80.0,00929e22c867,"{""contract_quality_min"": 0.0, ""direction_min"": 4.902881268145442, ""excellent_score_min"": 69.026975409244, ""execution_quality_min"": 100.0, ""expected_required_ratio_min"": 1.3333333333333335, ""final_confidence_min"": 84.23543219022181, ""iv_crush_max"": 24.0, ""market_hostility_max"": 18.117988649861662, ""min_5depth_lots_each_side"": 144.0, ""min_top_book_lots"": 18.0, ""premium_elasticity_min"": 0.7, ""regime_confidence_min"": 60.0, ""spread_pct_max"": 0.24791924915884134, ""trade_quality_min"": 80.0}",28.235000000000003,141.175,4.902881268145442,80.0,0,0.7,133.78,100.335,1.3333333333333335,24.0,18.117988649861662,60.0,INVALID,True,DataHealth invalid; Contract invalid: Quote stale or spread hard rejected.; SideDirection hard reject: 4.9 < 65.0; PremiumElasticity hard reject: 0.70 < 1.00; Expected/Required hard reject: 1.33 < 1.60; ConvexityEdge below excellent gate: 76.8 < 80.0,DataHealth invalid; Contract invalid: Quote stale or spread hard rejected.; SideDirection hard reject: 4.9 < 65.0; PremiumElasticity hard reject: 0.70 < 1.00; Expected/Required hard reject: 1.33 < 1.60; ConvexityEdge below excellent gate: 76.8 < 80.0,direction=OBSERVED;liquidity=OBSERVED,NSE,INDEX,NSE_INDEX,NIFTY,PAPER_ELIGIBLE,INDEX:BROAD_EQUITY,,,paper-strategy-8ade763620b6,opportunity-score-8ade763620b6,universe-a8e55c76a270,PAPER_OVERRIDE::FYERS_PAPER_PROXY_RESEARCH
202608211307_2_BANKNIFTY_PE,2026-08-21T07:37:03.706430+00:00,202608211307,BANKNIFTY,PE,2,57.69885418938229,57.69885418938229,80.0,2e840ccd58d1,"{""contract_quality_min"": 0.0, ""direction_min"": 0.0, ""excellent_score_min"": 57.69885418938229, ""execution_quality_min"": 100.0, ""expected_required_ratio_min"": 1.4166666666666665, ""final_confidence_min"": 84.56329408817254, ""iv_crush_max"": 24.0, ""market_hostility_max"": 20.79647843134576, ""min_5depth_lots_each_side"": 12.0, ""min_top_book_lots"": 3.0, ""premium_elasticity_min"": 0.5, ""regime_confidence_min"": 60.0, ""spread_pct_max"": 0.2527863954957982, ""trade_quality_min"": 45.09457755360591}",43.515,217.575,-3.1005278527281934,45.09457755360591,0,0.5,424.63874999999996,299.745,1.4166666666666665,24.0,20.79647843134576,60.0,INVALID,True,DataHealth invalid; Contract invalid: Quote stale or spread hard rejected.; SideDirection hard reject: -3.1 < 65.0; PremiumElasticity hard reject: 0.50 < 1.00; Expected/Required hard reject: 1.42 < 1.60; TradeQuality below configured minimum; ConvexityEdge below excellent gate: 78.3 < 80.0,DataHealth invalid; Contract invalid: Quote stale or spread hard rejected.; SideDirection hard reject: -3.1 < 65.0; PremiumElasticity hard reject: 0.50 < 1.00; Expected/Required hard reject: 1.42 < 1.60; TradeQuality below configured minimum; ConvexityEdge below excellent gate: 78.3 < 80.0,direction=OBSERVED;liquidity=OBSERVED,NSE,INDEX,NSE_INDEX,BANKNIFTY,PAPER_ELIGIBLE,INDEX:BANKING,,,paper-strategy-8ade763620b6,opportunity-score-8ade763620b6,universe-a8e55c76a270,PAPER_OVERRIDE::FYERS_PAPER_PROXY_RESEARCH
202608211307_3_FINNIFTY_PE,2026-08-21T07:37:03.706854+00:00,202608211307,FINNIFTY,PE,3,56.44318736594079,56.44318736594079,80.0,e172b0fef65b,"{""contract_quality_min"": 0.0, ""direction_min"": 0.0, ""excellent_score_min"": 56.44318736594079, ""execution_quality_min"": 100.0, ""expected_required_ratio_min"": 1.25, ""final_confidence_min"": 83.31284926916392, ""iv_crush_max"": 24.0, ""market_hostility_max"": 19.2079803153825, ""min_5depth_lots_each_side"": 6.0, ""min_top_book_lots"": 1.0, ""premium_elasticity_min"": 0.7, ""regime_confidence_min"": 60.0, ""spread_pct_max"": 0.22701475595913734, ""trade_quality_min"": 40.97560975609756}",22.025000000000002,110.125,-3.1988910511022848,40.97560975609756,0,0.7,184.36874999999998,147.49499999999998,1.25,24.0,19.2079803153825,60.0,INVALID,True,DataHealth invalid; Contract invalid: Quote stale or spread hard rejected.; SideDirection hard reject: -3.2 < 65.0; PremiumElasticity hard reject: 0.70 < 1.00; Expected/Required hard reject: 1.25 < 1.60; TradeQuality below configured minimum; ConvexityEdge below excellent gate: 76.8 < 80.0,DataHealth invalid; Contract invalid: Quote stale or spread hard rejected.; SideDirection hard reject: -3.2 < 65.0; PremiumElasticity hard reject: 0.70 < 1.00; Expected/Required hard reject: 1.25 < 1.60; TradeQuality below configured minimum; ConvexityEdge below excellent gate: 76.8 < 80.0,direction=OBSERVED;liquidity=OBSERVED,NSE,INDEX,NSE_INDEX,FINNIFTY,PAPER_ELIGIBLE,INDEX:FINANCIALS,,,paper-strategy-8ade763620b6,opportunity-score-8ade763620b6,universe-a8e55c76a270,PAPER_OVERRIDE::FYERS_PAPER_PROXY_RESEARCH
202608211307_4_BANKNIFTY_CE,2026-08-21T07:37:03.707465+00:00,202608211307,BANKNIFTY,CE,4,55.056949202873355,55.056949202873355,80.0,2e840ccd58d1,"{""contract_quality_min"": 0.0, ""direction_min"": 3.1005278527281934, ""excellent_score_min"": 55.056949202873355, ""execution_quality_min"": 100.0, ""expected_required_ratio_min"": 1.4166666666666665, ""final_confidence_min"": 85.493452443991, ""iv_crush_max"": 24.0, ""market_hostility_max"": 20.79647843134576, ""min_5depth_lots_each_side"": 19.0, ""min_top_book_lots"": 1.0, ""premium_elasticity_min"": 0.3, ""regime_confidence_min"": 60.0, ""spread_pct_max"": 0.1748251748251773, ""trade_quality_min"": 45.09457755360591}",45.760000000000005,228.8,3.1005278527281934,45.09457755360591,0,0.3,424.63874999999996,299.745,1.4166666666666665,24.0,20.79647843134576,60.0,INVALID,True,DataHealth invalid; Contract invalid: Quote stale or spread hard rejected.; SideDirection hard reject: 3.1 < 65.0; PremiumElasticity hard reject: 0.30 < 1.00; Expected/Required hard reject: 1.42 < 1.60; TradeQuality below configured minimum; ConvexityEdge below excellent gate: 62.3 < 80.0,DataHealth invalid; Contract invalid: Quote stale or spread hard rejected.; SideDirection hard reject: 3.1 < 65.0; PremiumElasticity hard reject: 0.30 < 1.00; Expected/Required hard reject: 1.42 < 1.60; TradeQuality below configured minimum; ConvexityEdge below excellent gate: 62.3 < 80.0,direction=OBSERVED;liquidity=OBSERVED,NSE,INDEX,NSE_INDEX,BANKNIFTY,PAPER_ELIGIBLE,INDEX:BANKING,,,paper-strategy-8ade763620b6,opportunity-score-8ade763620b6,universe-a8e55c76a270,PAPER_OVERRIDE::FYERS_PAPER_PROXY_RESEARCH
202608211307_5_BANKNIFTY_PE,2026-08-21T07:37:03.707993+00:00,202608211307,BANKNIFTY,PE,5,54.498854189382286,54.498854189382286,80.0,2e840ccd58d1,"{""contract_quality_min"": 0.0, ""direction_min"": 0.0, ""excellent_score_min"": 54.498854189382286, ""execution_quality_min"": 100.0, ""expected_required_ratio_min"": 1.4166666666666665, ""final_confidence_min"": 84.56329408817254, ""iv_crush_max"": 24.0, ""market_hostility_max"": 20.79647843134576, ""min_5depth_lots_each_side"": 24.0, ""min_top_book_lots"": 2.0, ""premium_elasticity_min"": 0.3, ""regime_confidence_min"": 60.0, ""spread_pct_max"": 0.16910935738444835, ""trade_quality_min"": 45.09457755360591}",35.480000000000004,177.4,-3.1005278527281934,45.09457755360591,0,0.3,424.63874999999996,299.745,1.4166666666666665,24.0,20.79647843134576,60.0,INVALID,True,DataHealth invalid; Contract invalid: Quote stale or spread hard rejected.; SideDirection hard reject: -3.1 < 65.0; PremiumElasticity hard reject: 0.30 < 1.00; Expected/Required hard reject: 1.42 < 1.60; TradeQuality below configured minimum; ConvexityEdge below excellent gate: 62.3 < 80.0,DataHealth invalid; Contract invalid: Quote stale or spread hard rejected.; SideDirection hard reject: -3.1 < 65.0; PremiumElasticity hard reject: 0.30 < 1.00; Expected/Required hard reject: 1.42 < 1.60; TradeQuality below configured minimum; ConvexityEdge below excellent gate: 62.3 < 80.0,direction=OBSERVED;liquidity=OBSERVED,NSE,INDEX,NSE_INDEX,BANKNIFTY,PAPER_ELIGIBLE,INDEX:BANKING,,,paper-strategy-8ade763620b6,opportunity-score-8ade763620b6,universe-a8e55c76a270,PAPER_OVERRIDE::FYERS_PAPER_PROXY_RESEARCH
202608211308_1_ONGC_CE,2026-08-21T07:38:44.370260+00:00,202608211308,ONGC,CE,1,36.715510841562974,36.715510841562974,87.0,8a2588edd437,"{""contract_quality_min"": 0.0, ""direction_min"": 18.60937235662363, ""excellent_score_min"": 36.715510841562974, ""execution_quality_min"": 48.87387387387375, ""expected_required_ratio_min"": 1.1666666666666665, ""final_confidence_min"": 72.29690287594045, ""iv_crush_max"": 24.0, ""market_hostility_max"": 22.594936708860885, ""min_5depth_lots_each_side"": 9.0, ""min_top_book_lots"": 1.0, ""premium_elasticity_min"": 0.7, ""regime_confidence_min"": 60.0, ""spread_pct_max"": 1.8018018018018036, ""trade_quality_min"": 74.57627118643819}",0.666,3.33,18.60937235662363,74.57627118643819,0,0.7,2.779,2.382,1.1666666666666665,24.0,22.594936708860885,60.0,INVALID,True,DataHealth invalid; Contract invalid: Quote stale or spread hard rejected.; SideDirection hard reject: 18.6 < 65.0; PremiumElasticity hard reject: 0.70 < 1.00; Expected/Required hard reject: 1.17 < 1.60; ExecutionQuality below excellent gate: 48.9 < 80.0; ConvexityEdge below excellent gate: 76.8 < 80.0; RegimeFit below excellent gate: 60.0 < 70.0,DataHealth invalid; Contract invalid: Quote stale or spread hard rejected.; SideDirection hard reject: 18.6 < 65.0; PremiumElasticity hard reject: 0.70 < 1.00; Expected/Required hard reject: 1.17 < 1.60; ExecutionQuality below excellent gate: 48.9 < 80.0; ConvexityEdge below excellent gate: 76.8 < 80.0; RegimeFit below excellent gate: 60.0 < 70.0,direction=UNVALIDATED;liquidity=UNVALIDATED,NSE,STOCK,NSE_STOCK_OPTION,ONGC,PAPER_ELIGIBLE,STOCK:ONGC,,,paper-strategy-8ade763620b6,opportunity-score-8ade763620b6,universe-a8e55c76a270,PAPER_OVERRIDE::FYERS_PAPER_PROXY_RESEARCH
202608211308_2_NTPC_CE,2026-08-21T07:38:44.370904+00:00,202608211308,NTPC,CE,2,27.959561367123612,27.959561367123612,87.0,91d36097a929,"{""contract_quality_min"": 0.0, ""direction_min"": 24.826363233337183, ""excellent_score_min"": 27.959561367123612, ""execution_quality_min"": 0.0, ""expected_required_ratio_min"": 1.1666666666666667, ""final_confidence_min"": 41.223954485000576, ""iv_crush_max"": 24.0, ""market_hostility_max"": 25.019154265508078, ""min_5depth_lots_each_side"": 15.0, ""min_top_book_lots"": 5.0, ""premium_elasticity_min"": 0.7, ""regime_confidence_min"": 60.0, ""spread_pct_max"": 4.878048780487805, ""trade_quality_min"": 80.0}",1.0250000000000001,5.125,24.826363233337183,80.0,0,0.7,3.8675,3.315,1.1666666666666667,24.0,25.019154265508078,60.0,INVALID,True,DataHealth invalid; Contract invalid: Quote stale or spread hard rejected.; SideDirection hard reject: 24.8 < 65.0; PremiumElasticity hard reject: 0.70 < 1.00; Expected/Required hard reject: 1.17 < 1.60; FinalConfidence below configured minimum; ExecutionQuality below excellent gate: 0.0 < 80.0; ConvexityEdge below excellent gate: 76.8 < 80.0; OpportunityConfidence below excellent gate: 41.2 < 70.0; RegimeFit below excellent gate: 60.0 < 70.0,DataHealth invalid; Contract invalid: Quote stale or spread hard rejected.; SideDirection hard reject: 24.8 < 65.0; PremiumElasticity hard reject: 0.70 < 1.00; Expected/Required hard reject: 1.17 < 1.60; FinalConfidence below configured minimum; ExecutionQuality below excellent gate: 0.0 < 80.0; ConvexityEdge below excellent gate: 76.8 < 80.0; OpportunityConfidence below excellent gate: 41.2 < 70.0; RegimeFit below excellent gate: 60.0 < 70.0,direction=UNVALIDATED;liquidity=UNVALIDATED,NSE,STOCK,NSE_STOCK_OPTION,NTPC,PAPER_ELIGIBLE,STOCK:NTPC,,,paper-strategy-8ade763620b6,opportunity-score-8ade763620b6,universe-a8e55c76a270,PAPER_OVERRIDE::FYERS_PAPER_PROXY_RESEARCH
202608211308_3_ONGC_PE,2026-08-21T07:38:44.371423+00:00,202608211308,ONGC,PE,3,24.782191001994065,24.782191001994065,87.0,8a2588edd437,"{""contract_quality_min"": 0.0, ""direction_min"": 0.0, ""excellent_score_min"": 24.782191001994065, ""execution_quality_min"": 0.0, ""expected_required_ratio_min"": 1.1666666666666665, ""final_confidence_min"": 54.18857382599731, ""iv_crush_max"": 24.0, ""market_hostility_max"": 22.594936708860885, ""min_5depth_lots_each_side"": 9.0, ""min_top_book_lots"": 1.0, ""premium_elasticity_min"": 0.7, ""regime_confidence_min"": 60.0, ""spread_pct_max"": 2.724795640326978, ""trade_quality_min"": 74.57627118643819}",0.734,3.67,-18.60937235662363,74.57627118643819,0,0.7,2.779,2.382,1.1666666666666665,24.0,22.594936708860885,60.0,INVALID,True,DataHealth invalid; Contract invalid: Quote stale or spread hard rejected.; SideDirection hard reject: -18.6 < 65.0; PremiumElasticity hard reject: 0.70 < 1.00; Expected/Required hard reject: 1.17 < 1.60; FinalConfidence below configured minimum; ExecutionQuality below excellent gate: 0.0 < 80.0; ConvexityEdge below excellent gate: 76.8 < 80.0; OpportunityConfidence below excellent gate: 54.2 < 70.0; RegimeFit below excellent gate: 60.0 < 70.0,DataHealth invalid; Contract invalid: Quote stale or spread hard rejected.; SideDirection hard reject: -18.6 < 65.0; PremiumElasticity hard reject: 0.70 < 1.00; Expected/Required hard reject: 1.17 < 1.60; FinalConfidence below configured minimum; ExecutionQuality below excellent gate: 0.0 < 80.0; ConvexityEdge below excellent gate: 76.8 < 80.0; OpportunityConfidence below excellent gate: 54.2 < 70.0; RegimeFit below excellent gate: 60.0 < 70.0,direction=UNVALIDATED;liquidity=UNVALIDATED,NSE,STOCK,NSE_STOCK_OPTION,ONGC,PAPER_ELIGIBLE,STOCK:ONGC,,,paper-strategy-8ade763620b6,opportunity-score-8ade763620b6,universe-a8e55c76a270,PAPER_OVERRIDE::FYERS_PAPER_PROXY_RESEARCH
202608211308_4_MAXHEALTH_CE,2026-08-21T07:38:44.372049+00:00,202608211308,MAXHEALTH,CE,4,24.671583349062473,24.671583349062473,87.0,23bd34c2aeb5,"{""contract_quality_min"": 0.0, ""direction_min"": 8.040201005025127, ""excellent_score_min"": 24.671583349062473, ""execution_quality_min"": 0.0, ""expected_required_ratio_min"": 1.1666666666666665, ""final_confidence_min"": 52.19440224377779, ""iv_crush_max"": 24.0, ""market_hostility_max"": 20.354214770940455, ""min_5depth_lots_each_side"": 13.0, ""min_top_book_lots"": 1.0, ""premium_elasticity_min"": 0.5, ""regime_confidence_min"": 60.0, ""spread_pct_max"": 3.322259136212624, ""trade_quality_min"": 66.66666666666414}",1.5050000000000001,7.525,8.040201005025127,66.66666666666414,0,0.5,12.477500000000001,10.695000000000002,1.1666666666666665,24.0,20.354214770940455,60.0,INVALID,True,DataHealth invalid; Contract invalid: Quote stale or spread hard rejected.; SideDirection hard reject: 8.0 < 65.0; PremiumElasticity hard reject: 0.50 < 1.00; Expected/Required hard reject: 1.17 < 1.60; TradeQuality below configured minimum; FinalConfidence below configured minimum; ExecutionQuality below excellent gate: 0.0 < 80.0; ConvexityEdge below excellent gate: 78.3 < 80.0; OpportunityConfidence below excellent gate: 52.2 < 70.0; RegimeFit below excellent gate: 60.0 < 70.0,DataHealth invalid; Contract invalid: Quote stale or spread hard rejected.; SideDirection hard reject: 8.0 < 65.0; PremiumElasticity hard reject: 0.50 < 1.00; Expected/Required hard reject: 1.17 < 1.60; TradeQuality below configured minimum; FinalConfidence below configured minimum; ExecutionQuality below excellent gate: 0.0 < 80.0; ConvexityEdge below excellent gate: 78.3 < 80.0; OpportunityConfidence below excellent gate: 52.2 < 70.0; RegimeFit below excellent gate: 60.0 < 70.0,direction=UNVALIDATED;liquidity=UNVALIDATED,NSE,STOCK,NSE_STOCK_OPTION,MAXHEALTH,PAPER_ELIGIBLE,STOCK:MAXHEALTH,,,paper-strategy-8ade763620b6,opportunity-score-8ade763620b6,universe-a8e55c76a270,PAPER_OVERRIDE::FYERS_PAPER_PROXY_RESEARCH
202608211308_5_MAXHEALTH_CE,2026-08-21T07:38:44.372619+00:00,202608211308,MAXHEALTH,CE,5,24.54274613976017,24.54274613976017,87.0,23bd34c2aeb5,"{""contract_quality_min"": 0.0, ""direction_min"": 8.040201005025127, ""excellent_score_min"": 24.54274613976017, ""execution_quality_min"": 0.0, ""expected_required_ratio_min"": 1.1666666666666665, ""final_confidence_min"": 53.90603015075468, ""iv_crush_max"": 24.0, ""market_hostility_max"": 20.354214770940455, ""min_5depth_lots_each_side"": 10.0, ""min_top_book_lots"": 2.0, ""premium_elasticity_min"": 0.7, ""regime_confidence_min"": 60.0, ""spread_pct_max"": 3.199999999999989, ""trade_quality_min"": 66.66666666666414}",2.5,12.5,8.040201005025127,66.66666666666414,0,0.7,12.477500000000001,10.695000000000002,1.1666666666666665,24.0,20.354214770940455,60.0,INVALID,True,DataHealth invalid; Contract invalid: Quote stale or spread hard rejected.; SideDirection hard reject: 8.0 < 65.0; PremiumElasticity hard reject: 0.70 < 1.00; Expected/Required hard reject: 1.17 < 1.60; TradeQuality below configured minimum; FinalConfidence below configured minimum; ExecutionQuality below excellent gate: 0.0 < 80.0; ConvexityEdge below excellent gate: 76.8 < 80.0; OpportunityConfidence below excellent gate: 53.9 < 70.0; RegimeFit below excellent gate: 60.0 < 70.0,DataHealth invalid; Contract invalid: Quote stale or spread hard rejected.; SideDirection hard reject: 8.0 < 65.0; PremiumElasticity hard reject: 0.70 < 1.00; Expected/Required hard reject: 1.17 < 1.60; TradeQuality below configured minimum; FinalConfidence below configured minimum; ExecutionQuality below excellent gate: 0.0 < 80.0; ConvexityEdge below excellent gate: 76.8 < 80.0; OpportunityConfidence below excellent gate: 53.9 < 70.0; RegimeFit below excellent gate: 60.0 < 70.0,direction=UNVALIDATED;liquidity=UNVALIDATED,NSE,STOCK,NSE_STOCK_OPTION,MAXHEALTH,PAPER_ELIGIBLE,STOCK:MAXHEALTH,,,paper-strategy-8ade763620b6,opportunity-score-8ade763620b6,universe-a8e55c76a270,PAPER_OVERRIDE::FYERS_PAPER_PROXY_RESEARCH
202608211309_1_NIFTY_CE,2026-08-21T07:39:50.304308+00:00,202608211309,NIFTY,CE,1,69.19576567297221,69.19576567297221,80.0,00929e22c867,"{""contract_quality_min"": 0.0, ""direction_min"": 5.925852563467937, ""excellent_score_min"": 69.19576567297221, ""execution_quality_min"": 100.0, ""expected_required_ratio_min"": 1.3333333333333333, ""final_confidence_min"": 84.38887788452018, ""iv_crush_max"": 24.0, ""market_hostility_max"": 18.238294342537674, ""min_5depth_lots_each_side"": 294.0, ""min_top_book_lots"": 15.0, ""premium_elasticity_min"": 0.7, ""regime_confidence_min"": 60.0, ""spread_pct_max"": 0.24200518582542627, ""trade_quality_min"": 80.0}",28.925,144.625,5.925852563467937,80.0,0,0.7,134.5,100.875,1.3333333333333333,24.0,18.238294342537674,60.0,INVALID,True,DataHealth invalid; Contract invalid: Quote stale or spread hard rejected.; SideDirection hard reject: 5.9 < 65.0; PremiumElasticity hard reject: 0.70 < 1.00; Expected/Required hard reject: 1.33 < 1.60; ConvexityEdge below excellent gate: 76.8 < 80.0,DataHealth invalid; Contract invalid: Quote stale or spread hard rejected.; SideDirection hard reject: 5.9 < 65.0; PremiumElasticity hard reject: 0.70 < 1.00; Expected/Required hard reject: 1.33 < 1.60; ConvexityEdge below excellent gate: 76.8 < 80.0,direction=OBSERVED;liquidity=OBSERVED,NSE,INDEX,NSE_INDEX,NIFTY,PAPER_ELIGIBLE,INDEX:BROAD_EQUITY,,,paper-strategy-8ade763620b6,opportunity-score-8ade763620b6,universe-a8e55c76a270,PAPER_OVERRIDE::FYERS_PAPER_PROXY_RESEARCH
202608211309_2_BANKNIFTY_CE,2026-08-21T07:39:50.304890+00:00,202608211309,BANKNIFTY,CE,2,57.82363629648348,57.82363629648348,80.0,2e840ccd58d1,"{""contract_quality_min"": 0.0, ""direction_min"": 2.989207469897087, ""excellent_score_min"": 57.82363629648348, ""execution_quality_min"": 100.0, ""expected_required_ratio_min"": 1.4166666666666667, ""final_confidence_min"": 85.02549869317615, ""iv_crush_max"": 24.0, ""market_hostility_max"": 20.771570682246782, ""min_5depth_lots_each_side"": 21.0, ""min_top_book_lots"": 4.0, ""premium_elasticity_min"": 0.5, ""regime_confidence_min"": 60.0, ""spread_pct_max"": 0.16992353440951571, ""trade_quality_min"": 43.59039190897196}",58.85,294.25,2.989207469897087,43.59039190897196,0,0.5,430.12125,303.61499999999995,1.4166666666666667,24.0,20.771570682246782,60.0,INVALID,True,DataHealth invalid; Contract invalid: Quote stale or spread hard rejected.; SideDirection hard reject: 3.0 < 65.0; PremiumElasticity hard reject: 0.50 < 1.00; Expected/Required hard reject: 1.42 < 1.60; TradeQuality below configured minimum; ConvexityEdge below excellent gate: 78.3 < 80.0,DataHealth invalid; Contract invalid: Quote stale or spread hard rejected.; SideDirection hard reject: 3.0 < 65.0; PremiumElasticity hard reject: 0.50 < 1.00; Expected/Required hard reject: 1.42 < 1.60; TradeQuality below configured minimum; ConvexityEdge below excellent gate: 78.3 < 80.0,direction=OBSERVED;liquidity=OBSERVED,NSE,INDEX,NSE_INDEX,BANKNIFTY,PAPER_ELIGIBLE,INDEX:BANKING,,,paper-strategy-8ade763620b6,opportunity-score-8ade763620b6,universe-a8e55c76a270,PAPER_OVERRIDE::FYERS_PAPER_PROXY_RESEARCH
202608211309_3_BANKNIFTY_PE,2026-08-21T07:39:50.305542+00:00,202608211309,BANKNIFTY,PE,3,57.28557895190199,57.28557895190199,80.0,2e840ccd58d1,"{""contract_quality_min"": 0.0, ""direction_min"": 0.0, ""excellent_score_min"": 57.28557895190199, ""execution_quality_min"": 100.0, ""expected_required_ratio_min"": 1.4166666666666667, ""final_confidence_min"": 84.12873645220701, ""iv_crush_max"": 24.0, ""market_hostility_max"": 20.771570682246782, ""min_5depth_lots_each_side"": 13.0, ""min_top_book_lots"": 1.0, ""premium_elasticity_min"": 0.5, ""regime_confidence_min"": 60.0, ""spread_pct_max"": 0.30692952425924014, ""trade_quality_min"": 43.59039190897196}",42.355,211.77499999999998,-2.989207469897087,43.59039190897196,0,0.5,430.12125,303.61499999999995,1.4166666666666667,24.0,20.771570682246782,60.0,INVALID,True,DataHealth invalid; Contract invalid: Quote stale or spread hard rejected.; SideDirection hard reject: -3.0 < 65.0; PremiumElasticity hard reject: 0.50 < 1.00; Expected/Required hard reject: 1.42 < 1.60; TradeQuality below configured minimum; ConvexityEdge below excellent gate: 78.3 < 80.0,DataHealth invalid; Contract invalid: Quote stale or spread hard rejected.; SideDirection hard reject: -3.0 < 65.0; PremiumElasticity hard reject: 0.50 < 1.00; Expected/Required hard reject: 1.42 < 1.60; TradeQuality below configured minimum; ConvexityEdge below excellent gate: 78.3 < 80.0,direction=OBSERVED;liquidity=OBSERVED,NSE,INDEX,NSE_INDEX,BANKNIFTY,PAPER_ELIGIBLE,INDEX:BANKING,,,paper-strategy-8ade763620b6,opportunity-score-8ade763620b6,universe-a8e55c76a270,PAPER_OVERRIDE::FYERS_PAPER_PROXY_RESEARCH
202608211309_4_BANKNIFTY_PE,2026-08-21T07:39:50.306112+00:00,202608211309,BANKNIFTY,PE,4,56.98557895190199,56.98557895190199,80.0,2e840ccd58d1,"{""contract_quality_min"": 0.0, ""direction_min"": 0.0, ""excellent_score_min"": 56.98557895190199, ""execution_quality_min"": 100.0, ""expected_required_ratio_min"": 1.4166666666666667, ""final_confidence_min"": 84.12873645220701, ""iv_crush_max"": 24.0, ""market_hostility_max"": 20.771570682246782, ""min_5depth_lots_each_side"": 18.0, ""min_top_book_lots"": 2.0, ""premium_elasticity_min"": 0.7, ""regime_confidence_min"": 60.0, ""spread_pct_max"": 0.2908949869097256, ""trade_quality_min"": 43.59039190897196}",51.565,257.825,-2.989207469897087,43.59039190897196,0,0.7,430.12125,303.61499999999995,1.4166666666666667,24.0,20.771570682246782,60.0,INVALID,True,DataHealth invalid; Contract invalid: Quote stale or spread hard rejected.; SideDirection hard reject: -3.0 < 65.0; PremiumElasticity hard reject: 0.70 < 1.00; Expected/Required hard reject: 1.42 < 1.60; TradeQuality below configured minimum; ConvexityEdge below excellent gate: 76.8 < 80.0,DataHealth invalid; Contract invalid: Quote stale or spread hard rejected.; SideDirection hard reject: -3.0 < 65.0; PremiumElasticity hard reject: 0.70 < 1.00; Expected/Required hard reject: 1.42 < 1.60; TradeQuality below configured minimum; ConvexityEdge below excellent gate: 76.8 < 80.0,direction=OBSERVED;liquidity=OBSERVED,NSE,INDEX,NSE_INDEX,BANKNIFTY,PAPER_ELIGIBLE,INDEX:BANKING,,,paper-strategy-8ade763620b6,opportunity-score-8ade763620b6,universe-a8e55c76a270,PAPER_OVERRIDE::FYERS_PAPER_PROXY_RESEARCH
202608211309_5_BANKNIFTY_PE,2026-08-21T07:39:50.306750+00:00,202608211309,BANKNIFTY,PE,5,54.085578951901994,54.085578951901994,80.0,2e840ccd58d1,"{""contract_quality_min"": 0.0, ""direction_min"": 0.0, ""excellent_score_min"": 54.085578951901994, ""execution_quality_min"": 100.0, ""expected_required_ratio_min"": 1.4166666666666667, ""final_confidence_min"": 84.12873645220701, ""iv_crush_max"": 24.0, ""market_hostility_max"": 20.771570682246782, ""min_5depth_lots_each_side"": 27.0, ""min_top_book_lots"": 3.0, ""premium_elasticity_min"": 0.3, ""regime_confidence_min"": 60.0, ""spread_pct_max"": 0.3483309143686634, ""trade_quality_min"": 43.59039190897196}",34.45,172.25,-2.989207469897087,43.59039190897196,0,0.3,430.12125,303.61499999999995,1.4166666666666667,24.0,20.771570682246782,60.0,INVALID,True,DataHealth invalid; Contract invalid: Quote stale or spread hard rejected.; SideDirection hard reject: -3.0 < 65.0; PremiumElasticity hard reject: 0.30 < 1.00; Expected/Required hard reject: 1.42 < 1.60; TradeQuality below configured minimum; ConvexityEdge below excellent gate: 62.3 < 80.0,DataHealth invalid; Contract invalid: Quote stale or spread hard rejected.; SideDirection hard reject: -3.0 < 65.0; PremiumElasticity hard reject: 0.30 < 1.00; Expected/Required hard reject: 1.42 < 1.60; TradeQuality below configured minimum; ConvexityEdge below excellent gate: 62.3 < 80.0,direction=OBSERVED;liquidity=OBSERVED,NSE,INDEX,NSE_INDEX,BANKNIFTY,PAPER_ELIGIBLE,INDEX:BANKING,,,paper-strategy-8ade763620b6,opportunity-score-8ade763620b6,universe-a8e55c76a270,PAPER_OVERRIDE::FYERS_PAPER_PROXY_RESEARCH
202608211310_1_NIFTY_CE,2026-08-21T07:40:52.082044+00:00,202608211310,NIFTY,CE,1,67.49894238802966,67.49894238802966,80.0,00929e22c867,"{""contract_quality_min"": 0.0, ""direction_min"": 4.175408412291978, ""excellent_score_min"": 67.49894238802966, ""execution_quality_min"": 100.0, ""expected_required_ratio_min"": 1.3333333333333333, ""final_confidence_min"": 86.04631126184177, ""iv_crush_max"": 24.0, ""market_hostility_max"": 18.257490165678224, ""min_5depth_lots_each_side"": 122.0, ""min_top_book_lots"": 4.0, ""premium_elasticity_min"": 0.7, ""regime_confidence_min"": 60.0, ""spread_pct_max"": 0.24183796856106013, ""trade_quality_min"": 73.60000000000677}",28.945000000000007,144.72500000000002,4.175408412291978,73.60000000000677,0,0.7,134.88,101.16,1.3333333333333333,24.0,18.257490165678224,60.0,INVALID,True,DataHealth invalid; Contract invalid: Quote stale or spread hard rejected.; SideDirection hard reject: 4.2 < 65.0; PremiumElasticity hard reject: 0.70 < 1.00; Expected/Required hard reject: 1.33 < 1.60; ConvexityEdge below excellent gate: 76.8 < 80.0,DataHealth invalid; Contract invalid: Quote stale or spread hard rejected.; SideDirection hard reject: 4.2 < 65.0; PremiumElasticity hard reject: 0.70 < 1.00; Expected/Required hard reject: 1.33 < 1.60; ConvexityEdge below excellent gate: 76.8 < 80.0,direction=OBSERVED;liquidity=OBSERVED,NSE,INDEX,NSE_INDEX,NIFTY,PAPER_ELIGIBLE,INDEX:BROAD_EQUITY,,,paper-strategy-8ade763620b6,opportunity-score-8ade763620b6,universe-a8e55c76a270,PAPER_OVERRIDE::FYERS_PAPER_PROXY_RESEARCH
202608211310_2_MIDCPNIFTY_CE,2026-08-21T07:40:52.082628+00:00,202608211310,MIDCPNIFTY,CE,2,53.30652322604305,53.30652322604305,90.0,712afad509f5,"{""contract_quality_min"": 0.0, ""direction_min"": 2.641767558151682, ""excellent_score_min"": 53.30652322604305, ""execution_quality_min"": 100.0, ""expected_required_ratio_min"": 1.0833333333333333, ""final_confidence_min"": 80.73837039688134, ""iv_crush_max"": 24.0, ""market_hostility_max"": 19.10064316769067, ""min_5depth_lots_each_side"": 6.0, ""min_top_book_lots"": 1.0, ""premium_elasticity_min"": 0.5, ""regime_confidence_min"": 60.0, ""spread_pct_max"": 0.4604758250191821, ""trade_quality_min"": 29.47368421052862}",13.030000000000001,65.15,2.641767558151682,29.47368421052862,0,0.5,82.5175,76.17,1.0833333333333333,24.0,19.10064316769067,60.0,INVALID,True,DataHealth invalid; Contract invalid: Quote stale or spread hard rejected.; SideDirection hard reject: 2.6 < 65.0; PremiumElasticity hard reject: 0.50 < 1.00; Expected/Required hard reject: 1.08 < 1.60; TradeQuality below configured minimum; ConvexityEdge below excellent gate: 77.3 < 80.0,DataHealth invalid; Contract invalid: Quote stale or spread hard rejected.; SideDirection hard reject: 2.6 < 65.0; PremiumElasticity hard reject: 0.50 < 1.00; Expected/Required hard reject: 1.08 < 1.60; TradeQuality below configured minimum; ConvexityEdge below excellent gate: 77.3 < 80.0,direction=OBSERVED;liquidity=OBSERVED,NSE,INDEX,NSE_INDEX,MIDCPNIFTY,PAPER_ELIGIBLE,INDEX:MIDCAP,,,paper-strategy-8ade763620b6,opportunity-score-8ade763620b6,universe-a8e55c76a270,PAPER_OVERRIDE::FYERS_PAPER_PROXY_RESEARCH
202608211310_3_MIDCPNIFTY_CE,2026-08-21T07:40:52.083086+00:00,202608211310,MIDCPNIFTY,CE,3,53.00652322604305,53.00652322604305,90.0,712afad509f5,"{""contract_quality_min"": 0.0, ""direction_min"": 2.641767558151682, ""excellent_score_min"": 53.00652322604305, ""execution_quality_min"": 100.0, ""expected_required_ratio_min"": 1.0833333333333333, ""final_confidence_min"": 80.73837039688134, ""iv_crush_max"": 24.0, ""market_hostility_max"": 19.10064316769067, ""min_5depth_lots_each_side"": 10.0, ""min_top_book_lots"": 3.0, ""premium_elasticity_min"": 0.7, ""regime_confidence_min"": 60.0, ""spread_pct_max"": 0.6955422067657252, ""trade_quality_min"": 29.47368421052862}",15.814999999999998,79.07499999999999,2.641767558151682,29.47368421052862,0,0.7,82.5175,76.17,1.0833333333333333,24.0,19.10064316769067,60.0,INVALID,True,DataHealth invalid; Contract invalid: Quote stale or spread hard rejected.; SideDirection hard reject: 2.6 < 65.0; PremiumElasticity hard reject: 0.70 < 1.00; Expected/Required hard reject: 1.08 < 1.60; TradeQuality below configured minimum; ConvexityEdge below excellent gate: 75.8 < 80.0,DataHealth invalid; Contract invalid: Quote stale or spread hard rejected.; SideDirection hard reject: 2.6 < 65.0; PremiumElasticity hard reject: 0.70 < 1.00; Expected/Required hard reject: 1.08 < 1.60; TradeQuality below configured minimum; ConvexityEdge below excellent gate: 75.8 < 80.0,direction=OBSERVED;liquidity=OBSERVED,NSE,INDEX,NSE_INDEX,MIDCPNIFTY,PAPER_ELIGIBLE,INDEX:MIDCAP,,,paper-strategy-8ade763620b6,opportunity-score-8ade763620b6,universe-a8e55c76a270,PAPER_OVERRIDE::FYERS_PAPER_PROXY_RESEARCH
202608211310_4_MIDCPNIFTY_PE,2026-08-21T07:40:52.083774+00:00,202608211310,MIDCPNIFTY,PE,4,52.831005065575745,52.831005065575745,90.0,712afad509f5,"{""contract_quality_min"": 0.0, ""direction_min"": 0.0, ""excellent_score_min"": 52.831005065575745, ""execution_quality_min"": 100.0, ""expected_required_ratio_min"": 1.0833333333333333, ""final_confidence_min"": 79.94584012943584, ""iv_crush_max"": 24.0, ""market_hostility_max"": 19.10064316769067, ""min_5depth_lots_each_side"": 8.0, ""min_top_book_lots"": 1.0, ""premium_elasticity_min"": 0.5, ""regime_confidence_min"": 60.0, ""spread_pct_max"": 0.4854368932038904, ""trade_quality_min"": 29.47368421052862}",12.36,61.8,-2.641767558151682,29.47368421052862,0,0.5,82.5175,76.17,1.0833333333333333,24.0,19.10064316769067,60.0,INVALID,True,DataHealth invalid; Contract invalid: Quote stale or spread hard rejected.; SideDirection hard reject: -2.6 < 65.0; PremiumElasticity hard reject: 0.50 < 1.00; Expected/Required hard reject: 1.08 < 1.60; TradeQuality below configured minimum; ConvexityEdge below excellent gate: 77.3 < 80.0,DataHealth invalid; Contract invalid: Quote stale or spread hard rejected.; SideDirection hard reject: -2.6 < 65.0; PremiumElasticity hard reject: 0.50 < 1.00; Expected/Required hard reject: 1.08 < 1.60; TradeQuality below configured minimum; ConvexityEdge below excellent gate: 77.3 < 80.0,direction=OBSERVED;liquidity=OBSERVED,NSE,INDEX,NSE_INDEX,MIDCPNIFTY,PAPER_ELIGIBLE,INDEX:MIDCAP,,,paper-strategy-8ade763620b6,opportunity-score-8ade763620b6,universe-a8e55c76a270,PAPER_OVERRIDE::FYERS_PAPER_PROXY_RESEARCH
202608211310_5_MIDCPNIFTY_PE,2026-08-21T07:40:52.084306+00:00,202608211310,MIDCPNIFTY,PE,5,52.53100506557574,52.53100506557574,90.0,712afad509f5,"{""contract_quality_min"": 0.0, ""direction_min"": 0.0, ""excellent_score_min"": 52.53100506557574, ""execution_quality_min"": 100.0, ""expected_required_ratio_min"": 1.0833333333333333, ""final_confidence_min"": 79.94584012943584, ""iv_crush_max"": 24.0, ""market_hostility_max"": 19.10064316769067, ""min_5depth_lots_each_side"": 13.0, ""min_top_book_lots"": 1.0, ""premium_elasticity_min"": 0.7, ""regime_confidence_min"": 60.0, ""spread_pct_max"": 0.670690811535882, ""trade_quality_min"": 29.47368421052862}",14.91,74.55,-2.641767558151682,29.47368421052862,0,0.7,82.5175,76.17,1.0833333333333333,24.0,19.10064316769067,60.0,INVALID,True,DataHealth invalid; Contract invalid: Quote stale or spread hard rejected.; SideDirection hard reject: -2.6 < 65.0; PremiumElasticity hard reject: 0.70 < 1.00; Expected/Required hard reject: 1.08 < 1.60; TradeQuality below configured minimum; ConvexityEdge below excellent gate: 75.8 < 80.0,DataHealth invalid; Contract invalid: Quote stale or spread hard rejected.; SideDirection hard reject: -2.6 < 65.0; PremiumElasticity hard reject: 0.70 < 1.00; Expected/Required hard reject: 1.08 < 1.60; TradeQuality below configured minimum; ConvexityEdge below excellent gate: 75.8 < 80.0,direction=OBSERVED;liquidity=OBSERVED,NSE,INDEX,NSE_INDEX,MIDCPNIFTY,PAPER_ELIGIBLE,INDEX:MIDCAP,,,paper-strategy-8ade763620b6,opportunity-score-8ade763620b6,universe-a8e55c76a270,PAPER_OVERRIDE::FYERS_PAPER_PROXY_RESEARCH
202608211312_1_ADANIPORTS_PE,2026-08-21T07:42:06.465281+00:00,202608211312,ADANIPORTS,PE,1,33.80747999777873,33.80747999777873,87.0,0ea962f87095,"{""contract_quality_min"": 0.0, ""direction_min"": 0.0, ""excellent_score_min"": 33.80747999777873, ""execution_quality_min"": 68.61702127659574, ""expected_required_ratio_min"": 1.1666666666666665, ""final_confidence_min"": 71.97743761225689, ""iv_crush_max"": 24.0, ""market_hostility_max"": 27.654248211899638, ""min_5depth_lots_each_side"": 5.0, ""min_top_book_lots"": 1.0, ""premium_elasticity_min"": 0.7, ""regime_confidence_min"": 60.0, ""spread_pct_max"": 1.5197568389057752, ""trade_quality_min"": 67.45098039215435}",6.58,32.9,-20.334574688183267,67.45098039215435,0,0.7,22.3475,19.155,1.1666666666666665,24.0,27.654248211899638,60.0,INVALID,True,DataHealth invalid; Contract invalid: Quote stale or spread hard rejected.; SideDirection hard reject: -20.3 < 65.0; PremiumElasticity hard reject: 0.70 < 1.00; Expected/Required hard reject: 1.17 < 1.60; TradeQuality below configured minimum; ExecutionQuality below excellent gate: 68.6 < 80.0; ConvexityEdge below excellent gate: 76.8 < 80.0; RegimeFit below excellent gate: 60.0 < 70.0,DataHealth invalid; Contract invalid: Quote stale or spread hard rejected.; SideDirection hard reject: -20.3 < 65.0; PremiumElasticity hard reject: 0.70 < 1.00; Expected/Required hard reject: 1.17 < 1.60; TradeQuality below configured minimum; ExecutionQuality below excellent gate: 68.6 < 80.0; ConvexityEdge below excellent gate: 76.8 < 80.0; RegimeFit below excellent gate: 60.0 < 70.0,direction=UNVALIDATED;liquidity=UNVALIDATED,NSE,STOCK,NSE_STOCK_OPTION,ADANIPORTS,PAPER_ELIGIBLE,STOCK:ADANIPORTS,,,paper-strategy-8ade763620b6,opportunity-score-8ade763620b6,universe-a8e55c76a270,PAPER_OVERRIDE::FYERS_PAPER_PROXY_RESEARCH
202608211312_2_ADANIPORTS_PE,2026-08-21T07:42:06.465919+00:00,202608211312,ADANIPORTS,PE,2,30.532702809586382,30.532702809586382,87.0,0ea962f87095,"{""contract_quality_min"": 0.0, ""direction_min"": 0.0, ""excellent_score_min"": 30.532702809586382, ""execution_quality_min"": 47.22946544980391, ""expected_required_ratio_min"": 1.1666666666666665, ""final_confidence_min"": 68.31099947052115, ""iv_crush_max"": 24.0, ""market_hostility_max"": 27.654248211899638, ""min_5depth_lots_each_side"": 5.0, ""min_top_book_lots"": 1.0, ""premium_elasticity_min"": 0.5, ""regime_confidence_min"": 60.0, ""spread_pct_max"": 1.825293350717087, ""trade_quality_min"": 67.45098039215435}",3.8350000000000004,19.175,-20.334574688183267,67.45098039215435,0,0.5,22.3475,19.155,1.1666666666666665,24.0,27.654248211899638,60.0,INVALID,True,DataHealth invalid; Contract invalid: Quote stale or spread hard rejected.; SideDirection hard reject: -20.3 < 65.0; PremiumElasticity hard reject: 0.50 < 1.00; Expected/Required hard reject: 1.17 < 1.60; TradeQuality below configured minimum; ExecutionQuality below excellent gate: 47.2 < 80.0; ConvexityEdge below excellent gate: 78.3 < 80.0; OpportunityConfidence below excellent gate: 68.3 < 70.0; RegimeFit below excellent gate: 60.0 < 70.0,DataHealth invalid; Contract invalid: Quote stale or spread hard rejected.; SideDirection hard reject: -20.3 < 65.0; PremiumElasticity hard reject: 0.50 < 1.00; Expected/Required hard reject: 1.17 < 1.60; TradeQuality below configured minimum; ExecutionQuality below excellent gate: 47.2 < 80.0; ConvexityEdge below excellent gate: 78.3 < 80.0; OpportunityConfidence below excellent gate: 68.3 < 70.0; RegimeFit below excellent gate: 60.0 < 70.0,direction=UNVALIDATED;liquidity=UNVALIDATED,NSE,STOCK,NSE_STOCK_OPTION,ADANIPORTS,PAPER_ELIGIBLE,STOCK:ADANIPORTS,,,paper-strategy-8ade763620b6,opportunity-score-8ade763620b6,universe-a8e55c76a270,PAPER_OVERRIDE::FYERS_PAPER_PROXY_RESEARCH
202608211312_3_ADANIPORTS_CE,2026-08-21T07:42:06.466463+00:00,202608211312,ADANIPORTS,CE,3,28.603403911394743,28.603403911394743,87.0,0ea962f87095,"{""contract_quality_min"": 0.0, ""direction_min"": 20.334574688183267, ""excellent_score_min"": 28.603403911394743, ""execution_quality_min"": 15.909090909090896, ""expected_required_ratio_min"": 1.1666666666666665, ""final_confidence_min"": 68.49671026739938, ""iv_crush_max"": 24.0, ""market_hostility_max"": 27.654248211899638, ""min_5depth_lots_each_side"": 7.0, ""min_top_book_lots"": 1.0, ""premium_elasticity_min"": 0.7, ""regime_confidence_min"": 60.0, ""spread_pct_max"": 2.272727272727273, ""trade_quality_min"": 67.45098039215435}",4.4,22.0,20.334574688183267,67.45098039215435,0,0.7,22.3475,19.155,1.1666666666666665,24.0,27.654248211899638,60.0,INVALID,True,DataHealth invalid; Contract invalid: Quote stale or spread hard rejected.; SideDirection hard reject: 20.3 < 65.0; PremiumElasticity hard reject: 0.70 < 1.00; Expected/Required hard reject: 1.17 < 1.60; TradeQuality below configured minimum; ExecutionQuality below excellent gate: 15.9 < 80.0; ConvexityEdge below excellent gate: 76.8 < 80.0; OpportunityConfidence below excellent gate: 68.5 < 70.0; RegimeFit below excellent gate: 60.0 < 70.0,DataHealth invalid; Contract invalid: Quote stale or spread hard rejected.; SideDirection hard reject: 20.3 < 65.0; PremiumElasticity hard reject: 0.70 < 1.00; Expected/Required hard reject: 1.17 < 1.60; TradeQuality below configured minimum; ExecutionQuality below excellent gate: 15.9 < 80.0; ConvexityEdge below excellent gate: 76.8 < 80.0; OpportunityConfidence below excellent gate: 68.5 < 70.0; RegimeFit below excellent gate: 60.0 < 70.0,direction=UNVALIDATED;liquidity=UNVALIDATED,NSE,STOCK,NSE_STOCK_OPTION,ADANIPORTS,PAPER_ELIGIBLE,STOCK:ADANIPORTS,,,paper-strategy-8ade763620b6,opportunity-score-8ade763620b6,universe-a8e55c76a270,PAPER_OVERRIDE::FYERS_PAPER_PROXY_RESEARCH
202608211312_4_ADANIPORTS_CE,2026-08-21T07:42:06.467058+00:00,202608211312,ADANIPORTS,CE,4,27.948858456849223,27.948858456849223,87.0,0ea962f87095,"{""contract_quality_min"": 0.0, ""direction_min"": 20.334574688183267, ""excellent_score_min"": 27.948858456849223, ""execution_quality_min"": 10.294117647058446, ""expected_required_ratio_min"": 1.1666666666666665, ""final_confidence_min"": 67.37371561499288, ""iv_crush_max"": 24.0, ""market_hostility_max"": 27.654248211899638, ""min_5depth_lots_each_side"": 20.0, ""min_top_book_lots"": 1.0, ""premium_elasticity_min"": 0.5, ""regime_confidence_min"": 60.0, ""spread_pct_max"": 2.3529411764705936, ""trade_quality_min"": 67.45098039215435}",2.5500000000000003,12.75,20.334574688183267,67.45098039215435,0,0.5,22.3475,19.155,1.1666666666666665,24.0,27.654248211899638,60.0,INVALID,True,DataHealth invalid; Contract invalid: Quote stale or spread hard rejected.; SideDirection hard reject: 20.3 < 65.0; PremiumElasticity hard reject: 0.50 < 1.00; Expected/Required hard reject: 1.17 < 1.60; TradeQuality below configured minimum; ExecutionQuality below excellent gate: 10.3 < 80.0; ConvexityEdge below excellent gate: 78.3 < 80.0; OpportunityConfidence below excellent gate: 67.4 < 70.0; RegimeFit below excellent gate: 60.0 < 70.0,DataHealth invalid; Contract invalid: Quote stale or spread hard rejected.; SideDirection hard reject: 20.3 < 65.0; PremiumElasticity hard reject: 0.50 < 1.00; Expected/Required hard reject: 1.17 < 1.60; TradeQuality below configured minimum; ExecutionQuality below excellent gate: 10.3 < 80.0; ConvexityEdge below excellent gate: 78.3 < 80.0; OpportunityConfidence below excellent gate: 67.4 < 70.0; RegimeFit below excellent gate: 60.0 < 70.0,direction=UNVALIDATED;liquidity=UNVALIDATED,NSE,STOCK,NSE_STOCK_OPTION,ADANIPORTS,PAPER_ELIGIBLE,STOCK:ADANIPORTS,,,paper-strategy-8ade763620b6,opportunity-score-8ade763620b6,universe-a8e55c76a270,PAPER_OVERRIDE::FYERS_PAPER_PROXY_RESEARCH
202608211312_5_BAJFINANCE_CE,2026-08-21T07:42:06.467710+00:00,202608211312,BAJFINANCE,CE,5,27.34383911755097,27.34383911755097,87.0,58c303dc05a9,"{""contract_quality_min"": 0.0, ""direction_min"": 2.924778356640826, ""excellent_score_min"": 27.34383911755097, ""execution_quality_min"": 0.0, ""expected_required_ratio_min"": 1.1666666666666667, ""final_confidence_min"": 55.371223640548465, ""iv_crush_max"": 24.0, ""market_hostility_max"": 19.14230019493216, ""min_5depth_lots_each_side"": 8.0, ""min_top_book_lots"": 2.0, ""premium_elasticity_min"": 0.7, ""regime_confidence_min"": 60.0, ""spread_pct_max"": 2.7548209366391188, ""trade_quality_min"": 80.0}",3.63,18.15,2.924778356640826,80.0,0,0.7,12.565,10.77,1.1666666666666667,24.0,19.14230019493216,60.0,INVALID,True,DataHealth invalid; Contract invalid: Quote stale or spread hard rejected.; SideDirection hard reject: 2.9 < 65.0; PremiumElasticity hard reject: 0.70 < 1.00; Expected/Required hard reject: 1.17 < 1.60; FinalConfidence below configured minimum; ExecutionQuality below excellent gate: 0.0 < 80.0; ConvexityEdge below excellent gate: 76.8 < 80.0; OpportunityConfidence below excellent gate: 55.4 < 70.0; RegimeFit below excellent gate: 60.0 < 70.0,DataHealth invalid; Contract invalid: Quote stale or spread hard rejected.; SideDirection hard reject: 2.9 < 65.0; PremiumElasticity hard reject: 0.70 < 1.00; Expected/Required hard reject: 1.17 < 1.60; FinalConfidence below configured minimum; ExecutionQuality below excellent gate: 0.0 < 80.0; ConvexityEdge below excellent gate: 76.8 < 80.0; OpportunityConfidence below excellent gate: 55.4 < 70.0; RegimeFit below excellent gate: 60.0 < 70.0,direction=UNVALIDATED;liquidity=UNVALIDATED,NSE,STOCK,NSE_STOCK_OPTION,BAJFINANCE,PAPER_ELIGIBLE,STOCK:BAJFINANCE,,,paper-strategy-8ade763620b6,opportunity-score-8ade763620b6,universe-a8e55c76a270,PAPER_OVERRIDE::FYERS_PAPER_PROXY_RESEARCH
202608211313_1_MIDCPNIFTY_CE,2026-08-21T07:43:27.618242+00:00,202608211313,MIDCPNIFTY,CE,1,50.375593018513236,50.375593018513236,90.0,712afad509f5,"{""contract_quality_min"": 0.0, ""direction_min"": 1.4286821418099844, ""excellent_score_min"": 50.375593018513236, ""execution_quality_min"": 100.0, ""expected_required_ratio_min"": 1.0833333333333333, ""final_confidence_min"": 77.63058139103713, ""iv_crush_max"": 24.0, ""market_hostility_max"": 19.038307773854502, ""min_5depth_lots_each_side"": 10.0, ""min_top_book_lots"": 1.0, ""premium_elasticity_min"": 0.5, ""regime_confidence_min"": 60.0, ""spread_pct_max"": 0.38804811796662786, ""trade_quality_min"": 19.720930232552096}",12.885,64.425,1.4286821418099844,19.720930232552096,0,0.5,82.24125,75.91499999999999,1.0833333333333333,24.0,19.038307773854502,60.0,INVALID,True,DataHealth invalid; Contract invalid: Quote stale or spread hard rejected.; SideDirection hard reject: 1.4 < 65.0; PremiumElasticity hard reject: 0.50 < 1.00; Expected/Required hard reject: 1.08 < 1.60; TradeQuality below configured minimum; ConvexityEdge below excellent gate: 77.3 < 80.0,DataHealth invalid; Contract invalid: Quote stale or spread hard rejected.; SideDirection hard reject: 1.4 < 65.0; PremiumElasticity hard reject: 0.50 < 1.00; Expected/Required hard reject: 1.08 < 1.60; TradeQuality below configured minimum; ConvexityEdge below excellent gate: 77.3 < 80.0,direction=OBSERVED;liquidity=OBSERVED,NSE,INDEX,NSE_INDEX,MIDCPNIFTY,PAPER_ELIGIBLE,INDEX:MIDCAP,,,paper-strategy-8ade763620b6,opportunity-score-8ade763620b6,universe-a8e55c76a270,PAPER_OVERRIDE::FYERS_PAPER_PROXY_RESEARCH
202608211313_2_MIDCPNIFTY_PE,2026-08-21T07:43:27.618860+00:00,202608211313,MIDCPNIFTY,PE,2,50.118430232987436,50.118430232987436,90.0,712afad509f5,"{""contract_quality_min"": 0.0, ""direction_min"": 0.0, ""excellent_score_min"": 50.118430232987436, ""execution_quality_min"": 100.0, ""expected_required_ratio_min"": 1.0833333333333333, ""final_confidence_min"": 77.20197674849412, ""iv_crush_max"": 24.0, ""market_hostility_max"": 19.038307773854502, ""min_5depth_lots_each_side"": 10.0, ""min_top_book_lots"": 2.0, ""premium_elasticity_min"": 0.5, ""regime_confidence_min"": 60.0, ""spread_pct_max"": 0.6441223832528158, ""trade_quality_min"": 19.720930232552096}",12.42,62.099999999999994,-1.4286821418099844,19.720930232552096,0,0.5,82.24125,75.91499999999999,1.0833333333333333,24.0,19.038307773854502,60.0,INVALID,True,DataHealth invalid; Contract invalid: Quote stale or spread hard rejected.; SideDirection hard reject: -1.4 < 65.0; PremiumElasticity hard reject: 0.50 < 1.00; Expected/Required hard reject: 1.08 < 1.60; TradeQuality below configured minimum; ConvexityEdge below excellent gate: 77.3 < 80.0,DataHealth invalid; Contract invalid: Quote stale or spread hard rejected.; SideDirection hard reject: -1.4 < 65.0; PremiumElasticity hard reject: 0.50 < 1.00; Expected/Required hard reject: 1.08 < 1.60; TradeQuality below configured minimum; ConvexityEdge below excellent gate: 77.3 < 80.0,direction=OBSERVED;liquidity=OBSERVED,NSE,INDEX,NSE_INDEX,MIDCPNIFTY,PAPER_ELIGIBLE,INDEX:MIDCAP,,,paper-strategy-8ade763620b6,opportunity-score-8ade763620b6,universe-a8e55c76a270,PAPER_OVERRIDE::FYERS_PAPER_PROXY_RESEARCH
202608211313_3_MIDCPNIFTY_CE,2026-08-21T07:43:27.619381+00:00,202608211313,MIDCPNIFTY,CE,3,50.07559301851324,50.07559301851324,90.0,712afad509f5,"{""contract_quality_min"": 0.0, ""direction_min"": 1.4286821418099844, ""excellent_score_min"": 50.07559301851324, ""execution_quality_min"": 100.0, ""expected_required_ratio_min"": 1.0833333333333333, ""final_confidence_min"": 77.63058139103713, ""iv_crush_max"": 24.0, ""market_hostility_max"": 19.038307773854502, ""min_5depth_lots_each_side"": 7.0, ""min_top_book_lots"": 1.0, ""premium_elasticity_min"": 0.7, ""regime_confidence_min"": 60.0, ""spread_pct_max"": 0.5128205128205201, ""trade_quality_min"": 19.720930232552096}",15.600000000000001,78.0,1.4286821418099844,19.720930232552096,0,0.7,82.24125,75.91499999999999,1.0833333333333333,24.0,19.038307773854502,60.0,INVALID,True,DataHealth invalid; Contract invalid: Quote stale or spread hard rejected.; SideDirection hard reject: 1.4 < 65.0; PremiumElasticity hard reject: 0.70 < 1.00; Expected/Required hard reject: 1.08 < 1.60; TradeQuality below configured minimum; ConvexityEdge below excellent gate: 75.8 < 80.0,DataHealth invalid; Contract invalid: Quote stale or spread hard rejected.; SideDirection hard reject: 1.4 < 65.0; PremiumElasticity hard reject: 0.70 < 1.00; Expected/Required hard reject: 1.08 < 1.60; TradeQuality below configured minimum; ConvexityEdge below excellent gate: 75.8 < 80.0,direction=OBSERVED;liquidity=OBSERVED,NSE,INDEX,NSE_INDEX,MIDCPNIFTY,PAPER_ELIGIBLE,INDEX:MIDCAP,,,paper-strategy-8ade763620b6,opportunity-score-8ade763620b6,universe-a8e55c76a270,PAPER_OVERRIDE::FYERS_PAPER_PROXY_RESEARCH
202608211313_4_MIDCPNIFTY_PE,2026-08-21T07:43:27.620073+00:00,202608211313,MIDCPNIFTY,PE,4,49.81843023298744,49.81843023298744,90.0,712afad509f5,"{""contract_quality_min"": 0.0, ""direction_min"": 0.0, ""excellent_score_min"": 49.81843023298744, ""execution_quality_min"": 100.0, ""expected_required_ratio_min"": 1.0833333333333333, ""final_confidence_min"": 77.20197674849412, ""iv_crush_max"": 24.0, ""market_hostility_max"": 19.038307773854502, ""min_5depth_lots_each_side"": 16.0, ""min_top_book_lots"": 2.0, ""premium_elasticity_min"": 0.7, ""regime_confidence_min"": 60.0, ""spread_pct_max"": 0.665335994677312, ""trade_quality_min"": 19.720930232552096}",15.030000000000001,75.15,-1.4286821418099844,19.720930232552096,0,0.7,82.24125,75.91499999999999,1.0833333333333333,24.0,19.038307773854502,60.0,INVALID,True,DataHealth invalid; Contract invalid: Quote stale or spread hard rejected.; SideDirection hard reject: -1.4 < 65.0; PremiumElasticity hard reject: 0.70 < 1.00; Expected/Required hard reject: 1.08 < 1.60; TradeQuality below configured minimum; ConvexityEdge below excellent gate: 75.8 < 80.0,DataHealth invalid; Contract invalid: Quote stale or spread hard rejected.; SideDirection hard reject: -1.4 < 65.0; PremiumElasticity hard reject: 0.70 < 1.00; Expected/Required hard reject: 1.08 < 1.60; TradeQuality below configured minimum; ConvexityEdge below excellent gate: 75.8 < 80.0,direction=OBSERVED;liquidity=OBSERVED,NSE,INDEX,NSE_INDEX,MIDCPNIFTY,PAPER_ELIGIBLE,INDEX:MIDCAP,,,paper-strategy-8ade763620b6,opportunity-score-8ade763620b6,universe-a8e55c76a270,PAPER_OVERRIDE::FYERS_PAPER_PROXY_RESEARCH
202608211313_5_MIDCPNIFTY_CE,2026-08-21T07:43:27.620760+00:00,202608211313,MIDCPNIFTY,CE,5,47.17559301851323,47.17559301851323,90.0,712afad509f5,"{""contract_quality_min"": 0.0, ""direction_min"": 1.4286821418099844, ""excellent_score_min"": 47.17559301851323, ""execution_quality_min"": 100.0, ""expected_required_ratio_min"": 1.0833333333333333, ""final_confidence_min"": 77.63058139103713, ""iv_crush_max"": 24.0, ""market_hostility_max"": 19.038307773854502, ""min_5depth_lots_each_side"": 16.0, ""min_top_book_lots"": 2.0, ""premium_elasticity_min"": 0.3, ""regime_confidence_min"": 60.0, ""spread_pct_max"": 0.674698795180712, ""trade_quality_min"": 19.720930232552096}",10.375,51.875,1.4286821418099844,19.720930232552096,0,0.3,82.24125,75.91499999999999,1.0833333333333333,24.0,19.038307773854502,60.0,INVALID,True,DataHealth invalid; Contract invalid: Quote stale or spread hard rejected.; SideDirection hard reject: 1.4 < 65.0; PremiumElasticity hard reject: 0.30 < 1.00; Expected/Required hard reject: 1.08 < 1.60; TradeQuality below configured minimum; ConvexityEdge below excellent gate: 61.3 < 80.0,DataHealth invalid; Contract invalid: Quote stale or spread hard rejected.; SideDirection hard reject: 1.4 < 65.0; PremiumElasticity hard reject: 0.30 < 1.00; Expected/Required hard reject: 1.08 < 1.60; TradeQuality below configured minimum; ConvexityEdge below excellent gate: 61.3 < 80.0,direction=OBSERVED;liquidity=OBSERVED,NSE,INDEX,NSE_INDEX,MIDCPNIFTY,PAPER_ELIGIBLE,INDEX:MIDCAP,,,paper-strategy-8ade763620b6,opportunity-score-8ade763620b6,universe-a8e55c76a270,PAPER_OVERRIDE::FYERS_PAPER_PROXY_RESEARCH
202608211316_1_FINNIFTY_PE,2026-08-21T07:46:08.509480+00:00,202608211316,FINNIFTY,PE,1,53.77669579870205,53.77669579870205,80.0,e172b0fef65b,"{""contract_quality_min"": 0.0, ""direction_min"": 3.9287644949322953, ""excellent_score_min"": 53.77669579870205, ""execution_quality_min"": 93.4693877551027, ""expected_required_ratio_min"": 1.25, ""final_confidence_min"": 84.93578770328214, ""iv_crush_max"": 24.0, ""market_hostility_max"": 19.684777330248053, ""min_5depth_lots_each_side"": 10.0, ""min_top_book_lots"": 1.0, ""premium_elasticity_min"": 0.3, ""regime_confidence_min"": 60.0, ""spread_pct_max"": 0.9523809523809369, ""trade_quality_min"": 42.821576763474354}",14.700000000000001,73.5,3.9287644949322953,42.821576763474354,0,0.3,180.71249999999998,144.57,1.25,24.0,19.684777330248053,60.0,INVALID,True,DataHealth invalid; Contract invalid: Quote stale or spread hard rejected.; SideDirection hard reject: 3.9 < 65.0; PremiumElasticity hard reject: 0.30 < 1.00; Expected/Required hard reject: 1.25 < 1.60; TradeQuality below configured minimum; ConvexityEdge below excellent gate: 62.3 < 80.0,DataHealth invalid; Contract invalid: Quote stale or spread hard rejected.; SideDirection hard reject: 3.9 < 65.0; PremiumElasticity hard reject: 0.30 < 1.00; Expected/Required hard reject: 1.25 < 1.60; TradeQuality below configured minimum; ConvexityEdge below excellent gate: 62.3 < 80.0,direction=OBSERVED;liquidity=OBSERVED,NSE,INDEX,NSE_INDEX,FINNIFTY,PAPER_ELIGIBLE,INDEX:FINANCIALS,,,paper-strategy-8ade763620b6,opportunity-score-8ade763620b6,universe-a8e55c76a270,PAPER_OVERRIDE::FYERS_PAPER_PROXY_RESEARCH
202608211316_2_NIFTY_CE,2026-08-21T07:46:08.510115+00:00,202608211316,NIFTY,CE,2,53.44424641213787,53.44424641213787,80.0,00929e22c867,"{""contract_quality_min"": 0.0, ""direction_min"": 0.0, ""excellent_score_min"": 53.44424641213787, ""execution_quality_min"": 100.0, ""expected_required_ratio_min"": 1.3333333333333335, ""final_confidence_min"": 78.20850728682224, ""iv_crush_max"": 24.0, ""market_hostility_max"": 18.423788731610227, ""min_5depth_lots_each_side"": 128.0, ""min_top_book_lots"": 9.0, ""premium_elasticity_min"": 0.7, ""regime_confidence_min"": 60.0, ""spread_pct_max"": 0.25103102026178536, ""trade_quality_min"": 23.02158273382259}",27.885000000000005,139.425,-1.3197835554968984,23.02158273382259,0,0.7,133.28,99.96,1.3333333333333335,24.0,18.423788731610227,60.0,INVALID,True,DataHealth invalid; Contract invalid: Quote stale or spread hard rejected.; SideDirection hard reject: -1.3 < 65.0; PremiumElasticity hard reject: 0.70 < 1.00; Expected/Required hard reject: 1.33 < 1.60; TradeQuality below configured minimum; ConvexityEdge below excellent gate: 76.8 < 80.0,DataHealth invalid; Contract invalid: Quote stale or spread hard rejected.; SideDirection hard reject: -1.3 < 65.0; PremiumElasticity hard reject: 0.70 < 1.00; Expected/Required hard reject: 1.33 < 1.60; TradeQuality below configured minimum; ConvexityEdge below excellent gate: 76.8 < 80.0,direction=OBSERVED;liquidity=OBSERVED,NSE,INDEX,NSE_INDEX,NIFTY,PAPER_ELIGIBLE,INDEX:BROAD_EQUITY,,,paper-strategy-8ade763620b6,opportunity-score-8ade763620b6,universe-a8e55c76a270,PAPER_OVERRIDE::FYERS_PAPER_PROXY_RESEARCH
202608211316_3_MIDCPNIFTY_CE,2026-08-21T07:46:08.510670+00:00,202608211316,MIDCPNIFTY,CE,3,51.97530340552755,51.97530340552755,90.0,712afad509f5,"{""contract_quality_min"": 0.0, ""direction_min"": 0.0, ""excellent_score_min"": 51.97530340552755, ""execution_quality_min"": 100.0, ""expected_required_ratio_min"": 1.0833333333333335, ""final_confidence_min"": 79.17708029809474, ""iv_crush_max"": 24.0, ""market_hostility_max"": 19.05694549743052, ""min_5depth_lots_each_side"": 13.0, ""min_top_book_lots"": 2.0, ""premium_elasticity_min"": 0.5, ""regime_confidence_min"": 60.0, ""spread_pct_max"": 0.7174172977281831, ""trade_quality_min"": 26.358381502872284}",12.545000000000002,62.725,-1.5362276851129673,26.358381502872284,0,0.5,82.42000000000002,76.08,1.0833333333333335,24.0,19.05694549743052,60.0,INVALID,True,DataHealth invalid; Contract invalid: Quote stale or spread hard rejected.; SideDirection hard reject: -1.5 < 65.0; PremiumElasticity hard reject: 0.50 < 1.00; Expected/Required hard reject: 1.08 < 1.60; TradeQuality below configured minimum; ConvexityEdge below excellent gate: 77.3 < 80.0,DataHealth invalid; Contract invalid: Quote stale or spread hard rejected.; SideDirection hard reject: -1.5 < 65.0; PremiumElasticity hard reject: 0.50 < 1.00; Expected/Required hard reject: 1.08 < 1.60; TradeQuality below configured minimum; ConvexityEdge below excellent gate: 77.3 < 80.0,direction=OBSERVED;liquidity=OBSERVED,NSE,INDEX,NSE_INDEX,MIDCPNIFTY,PAPER_ELIGIBLE,INDEX:MIDCAP,,,paper-strategy-8ade763620b6,opportunity-score-8ade763620b6,universe-a8e55c76a270,PAPER_OVERRIDE::FYERS_PAPER_PROXY_RESEARCH
202608211316_4_MIDCPNIFTY_CE,2026-08-21T07:46:08.511272+00:00,202608211316,MIDCPNIFTY,CE,4,51.67530340552754,51.67530340552754,90.0,712afad509f5,"{""contract_quality_min"": 0.0, ""direction_min"": 0.0, ""excellent_score_min"": 51.67530340552754, ""execution_quality_min"": 100.0, ""expected_required_ratio_min"": 1.0833333333333335, ""final_confidence_min"": 79.17708029809474, ""iv_crush_max"": 24.0, ""market_hostility_max"": 19.05694549743052, ""min_5depth_lots_each_side"": 10.0, ""min_top_book_lots"": 2.0, ""premium_elasticity_min"": 0.7, ""regime_confidence_min"": 60.0, ""spread_pct_max"": 0.5252790544976906, ""trade_quality_min"": 26.358381502872284}",15.230000000000002,76.15,-1.5362276851129673,26.358381502872284,0,0.7,82.42000000000002,76.08,1.0833333333333335,24.0,19.05694549743052,60.0,INVALID,True,DataHealth invalid; Contract invalid: Quote stale or spread hard rejected.; SideDirection hard reject: -1.5 < 65.0; PremiumElasticity hard reject: 0.70 < 1.00; Expected/Required hard reject: 1.08 < 1.60; TradeQuality below configured minimum; ConvexityEdge below excellent gate: 75.8 < 80.0,DataHealth invalid; Contract invalid: Quote stale or spread hard rejected.; SideDirection hard reject: -1.5 < 65.0; PremiumElasticity hard reject: 0.70 < 1.00; Expected/Required hard reject: 1.08 < 1.60; TradeQuality below configured minimum; ConvexityEdge below excellent gate: 75.8 < 80.0,direction=OBSERVED;liquidity=OBSERVED,NSE,INDEX,NSE_INDEX,MIDCPNIFTY,PAPER_ELIGIBLE,INDEX:MIDCAP,,,paper-strategy-8ade763620b6,opportunity-score-8ade763620b6,universe-a8e55c76a270,PAPER_OVERRIDE::FYERS_PAPER_PROXY_RESEARCH
202608211316_5_MIDCPNIFTY_PE,2026-08-21T07:46:08.511723+00:00,202608211316,MIDCPNIFTY,PE,5,51.25052568754927,51.25052568754927,90.0,712afad509f5,"{""contract_quality_min"": 0.0, ""direction_min"": 1.5362276851129673, ""excellent_score_min"": 51.25052568754927, ""execution_quality_min"": 95.32467532467595, ""expected_required_ratio_min"": 1.0833333333333335, ""final_confidence_min"": 79.63794860362863, ""iv_crush_max"": 24.0, ""market_hostility_max"": 19.05694549743052, ""min_5depth_lots_each_side"": 8.0, ""min_top_book_lots"": 1.0, ""premium_elasticity_min"": 0.7, ""regime_confidence_min"": 60.0, ""spread_pct_max"": 0.9090909090908943, ""trade_quality_min"": 26.358381502872284}",15.4,77.0,1.5362276851129673,26.358381502872284,0,0.7,82.42000000000002,76.08,1.0833333333333335,24.0,19.05694549743052,60.0,INVALID,True,DataHealth invalid; Contract invalid: Quote stale or spread hard rejected.; SideDirection hard reject: 1.5 < 65.0; PremiumElasticity hard reject: 0.70 < 1.00; Expected/Required hard reject: 1.08 < 1.60; TradeQuality below configured minimum; ConvexityEdge below excellent gate: 75.8 < 80.0,DataHealth invalid; Contract invalid: Quote stale or spread hard rejected.; SideDirection hard reject: 1.5 < 65.0; PremiumElasticity hard reject: 0.70 < 1.00; Expected/Required hard reject: 1.08 < 1.60; TradeQuality below configured minimum; ConvexityEdge below excellent gate: 75.8 < 80.0,direction=OBSERVED;liquidity=OBSERVED,NSE,INDEX,NSE_INDEX,MIDCPNIFTY,PAPER_ELIGIBLE,INDEX:MIDCAP,,,paper-strategy-8ade763620b6,opportunity-score-8ade763620b6,universe-a8e55c76a270,PAPER_OVERRIDE::FYERS_PAPER_PROXY_RESEARCH
202608211317_1_FINNIFTY_PE,2026-08-21T07:47:09.118223+00:00,202608211317,FINNIFTY,PE,1,57.72777324709779,57.72777324709779,80.0,e172b0fef65b,"{""contract_quality_min"": 0.0, ""direction_min"": 5.283663847825055, ""excellent_score_min"": 57.72777324709779, ""execution_quality_min"": 93.99021394991829, ""expected_required_ratio_min"": 1.25, ""final_confidence_min"": 89.04908881258687, ""iv_crush_max"": 24.0, ""market_hostility_max"": 19.804630932858892, ""min_5depth_lots_each_side"": 6.0, ""min_top_book_lots"": 1.0, ""premium_elasticity_min"": 0.3, ""regime_confidence_min"": 60.0, ""spread_pct_max"": 0.9402283411685735, ""trade_quality_min"": 55.85513078471038}",14.889999999999999,74.44999999999999,5.283663847825055,55.85513078471038,0,0.3,180.88125000000002,144.705,1.25,24.0,19.804630932858892,60.0,INVALID,True,DataHealth invalid; Contract invalid: Quote stale or spread hard rejected.; SideDirection hard reject: 5.3 < 65.0; PremiumElasticity hard reject: 0.30 < 1.00; Expected/Required hard reject: 1.25 < 1.60; TradeQuality below configured minimum; ConvexityEdge below excellent gate: 62.3 < 80.0,DataHealth invalid; Contract invalid: Quote stale or spread hard rejected.; SideDirection hard reject: 5.3 < 65.0; PremiumElasticity hard reject: 0.30 < 1.00; Expected/Required hard reject: 1.25 < 1.60; TradeQuality below configured minimum; ConvexityEdge below excellent gate: 62.3 < 80.0,direction=OBSERVED;liquidity=OBSERVED,NSE,INDEX,NSE_INDEX,FINNIFTY,PAPER_ELIGIBLE,INDEX:FINANCIALS,,,paper-strategy-8ade763620b6,opportunity-score-8ade763620b6,universe-a8e55c76a270,PAPER_OVERRIDE::FYERS_PAPER_PROXY_RESEARCH
202608211317_2_NIFTY_CE,2026-08-21T07:47:09.118795+00:00,202608211317,NIFTY,CE,2,53.744246412137876,53.744246412137876,80.0,00929e22c867,"{""contract_quality_min"": 0.0, ""direction_min"": 0.0, ""excellent_score_min"": 53.744246412137876, ""execution_quality_min"": 100.0, ""expected_required_ratio_min"": 1.3333333333333333, ""final_confidence_min"": 78.20850728682224, ""iv_crush_max"": 24.0, ""market_hostility_max"": 18.423859349508174, ""min_5depth_lots_each_side"": 135.0, ""min_top_book_lots"": 2.0, ""premium_elasticity_min"": 0.5, ""regime_confidence_min"": 60.0, ""spread_pct_max"": 0.24102193299590266, ""trade_quality_min"": 23.02158273382259}",20.745,103.725,-1.3197835554968984,23.02158273382259,0,0.5,132.48,99.36,1.3333333333333333,24.0,18.423859349508174,60.0,INVALID,True,DataHealth invalid; Contract invalid: Quote stale or spread hard rejected.; SideDirection hard reject: -1.3 < 65.0; PremiumElasticity hard reject: 0.50 < 1.00; Expected/Required hard reject: 1.33 < 1.60; TradeQuality below configured minimum; ConvexityEdge below excellent gate: 78.3 < 80.0,DataHealth invalid; Contract invalid: Quote stale or spread hard rejected.; SideDirection hard reject: -1.3 < 65.0; PremiumElasticity hard reject: 0.50 < 1.00; Expected/Required hard reject: 1.33 < 1.60; TradeQuality below configured minimum; ConvexityEdge below excellent gate: 78.3 < 80.0,direction=OBSERVED;liquidity=OBSERVED,NSE,INDEX,NSE_INDEX,NIFTY,PAPER_ELIGIBLE,INDEX:BROAD_EQUITY,,,paper-strategy-8ade763620b6,opportunity-score-8ade763620b6,universe-a8e55c76a270,PAPER_OVERRIDE::FYERS_PAPER_PROXY_RESEARCH
202608211317_3_BANKNIFTY_PE,2026-08-21T07:47:09.119460+00:00,202608211317,BANKNIFTY,PE,3,50.27742485831921,50.27742485831921,80.0,2e840ccd58d1,"{""contract_quality_min"": 0.0, ""direction_min"": 1.7333305600044373, ""excellent_score_min"": 50.27742485831921, ""execution_quality_min"": 100.0, ""expected_required_ratio_min"": 1.4166666666666667, ""final_confidence_min"": 76.89698588537104, ""iv_crush_max"": 24.0, ""market_hostility_max"": 20.484380928108834, ""min_5depth_lots_each_side"": 22.0, ""min_top_book_lots"": 3.0, ""premium_elasticity_min"": 0.5, ""regime_confidence_min"": 60.0, ""spread_pct_max"": 0.2710027100270977, ""trade_quality_min"": 17.123287671234586}",44.28,221.39999999999998,1.7333305600044373,17.123287671234586,0,0.5,421.32374999999996,297.405,1.4166666666666667,24.0,20.484380928108834,60.0,INVALID,True,DataHealth invalid; Contract invalid: Quote stale or spread hard rejected.; SideDirection hard reject: 1.7 < 65.0; PremiumElasticity hard reject: 0.50 < 1.00; Expected/Required hard reject: 1.42 < 1.60; TradeQuality below configured minimum; ConvexityEdge below excellent gate: 78.3 < 80.0,DataHealth invalid; Contract invalid: Quote stale or spread hard rejected.; SideDirection hard reject: 1.7 < 65.0; PremiumElasticity hard reject: 0.50 < 1.00; Expected/Required hard reject: 1.42 < 1.60; TradeQuality below configured minimum; ConvexityEdge below excellent gate: 78.3 < 80.0,direction=OBSERVED;liquidity=OBSERVED,NSE,INDEX,NSE_INDEX,BANKNIFTY,PAPER_ELIGIBLE,INDEX:BANKING,,,paper-strategy-8ade763620b6,opportunity-score-8ade763620b6,universe-a8e55c76a270,PAPER_OVERRIDE::FYERS_PAPER_PROXY_RESEARCH
202608211317_4_BANKNIFTY_PE,2026-08-21T07:47:09.120163+00:00,202608211317,BANKNIFTY,PE,4,49.97742485831921,49.97742485831921,80.0,2e840ccd58d1,"{""contract_quality_min"": 0.0, ""direction_min"": 1.7333305600044373, ""excellent_score_min"": 49.97742485831921, ""execution_quality_min"": 100.0, ""expected_required_ratio_min"": 1.4166666666666667, ""final_confidence_min"": 76.89698588537104, ""iv_crush_max"": 24.0, ""market_hostility_max"": 20.484380928108834, ""min_5depth_lots_each_side"": 32.0, ""min_top_book_lots"": 3.0, ""premium_elasticity_min"": 0.7, ""regime_confidence_min"": 60.0, ""spread_pct_max"": 0.26178010471203766, ""trade_quality_min"": 17.123287671234586}",53.48,267.4,1.7333305600044373,17.123287671234586,0,0.7,421.32374999999996,297.405,1.4166666666666667,24.0,20.484380928108834,60.0,INVALID,True,DataHealth invalid; Contract invalid: Quote stale or spread hard rejected.; SideDirection hard reject: 1.7 < 65.0; PremiumElasticity hard reject: 0.70 < 1.00; Expected/Required hard reject: 1.42 < 1.60; TradeQuality below configured minimum; ConvexityEdge below excellent gate: 76.8 < 80.0,DataHealth invalid; Contract invalid: Quote stale or spread hard rejected.; SideDirection hard reject: 1.7 < 65.0; PremiumElasticity hard reject: 0.70 < 1.00; Expected/Required hard reject: 1.42 < 1.60; TradeQuality below configured minimum; ConvexityEdge below excellent gate: 76.8 < 80.0,direction=OBSERVED;liquidity=OBSERVED,NSE,INDEX,NSE_INDEX,BANKNIFTY,PAPER_ELIGIBLE,INDEX:BANKING,,,paper-strategy-8ade763620b6,opportunity-score-8ade763620b6,universe-a8e55c76a270,PAPER_OVERRIDE::FYERS_PAPER_PROXY_RESEARCH
202608211317_5_BANKNIFTY_CE,2026-08-21T07:47:09.120847+00:00,202608211317,BANKNIFTY,CE,5,49.965425357518406,49.965425357518406,80.0,2e840ccd58d1,"{""contract_quality_min"": 0.0, ""direction_min"": 0.0, ""excellent_score_min"": 49.965425357518406, ""execution_quality_min"": 100.0, ""expected_required_ratio_min"": 1.4166666666666667, ""final_confidence_min"": 76.3769867173697, ""iv_crush_max"": 24.0, ""market_hostility_max"": 20.484380928108834, ""min_5depth_lots_each_side"": 21.0, ""min_top_book_lots"": 3.0, ""premium_elasticity_min"": 0.5, ""regime_confidence_min"": 60.0, ""spread_pct_max"": 0.200528666484372, ""trade_quality_min"": 17.123287671234586}",54.855,274.275,-1.7333305600044373,17.123287671234586,0,0.5,421.32374999999996,297.405,1.4166666666666667,24.0,20.484380928108834,60.0,INVALID,True,DataHealth invalid; Contract invalid: Quote stale or spread hard rejected.; SideDirection hard reject: -1.7 < 65.0; PremiumElasticity hard reject: 0.50 < 1.00; Expected/Required hard reject: 1.42 < 1.60; TradeQuality below configured minimum; ConvexityEdge below excellent gate: 78.3 < 80.0,DataHealth invalid; Contract invalid: Quote stale or spread hard rejected.; SideDirection hard reject: -1.7 < 65.0; PremiumElasticity hard reject: 0.50 < 1.00; Expected/Required hard reject: 1.42 < 1.60; TradeQuality below configured minimum; ConvexityEdge below excellent gate: 78.3 < 80.0,direction=OBSERVED;liquidity=OBSERVED,NSE,INDEX,NSE_INDEX,BANKNIFTY,PAPER_ELIGIBLE,INDEX:BANKING,,,paper-strategy-8ade763620b6,opportunity-score-8ade763620b6,universe-a8e55c76a270,PAPER_OVERRIDE::FYERS_PAPER_PROXY_RESEARCH
202608211318_1_NIFTY_CE,2026-08-21T07:48:25.034088+00:00,202608211318,NIFTY,CE,1,61.7616991671316,61.7616991671316,80.0,00929e22c867,"{""contract_quality_min"": 0.0, ""direction_min"": 0.0, ""excellent_score_min"": 61.7616991671316, ""execution_quality_min"": 100.0, ""expected_required_ratio_min"": 1.3333333333333333, ""final_confidence_min"": 86.61972259503001, ""iv_crush_max"": 24.0, ""market_hostility_max"": 18.533469310032086, ""min_5depth_lots_each_side"": 167.0, ""min_top_book_lots"": 3.0, ""premium_elasticity_min"": 0.5, ""regime_confidence_min"": 60.0, ""spread_pct_max"": 0.23623907394283014, ""trade_quality_min"": 51.7269076305144}",21.165000000000003,105.825,-2.6556646274953737,51.7269076305144,0,0.5,132.98000000000002,99.73500000000001,1.3333333333333333,24.0,18.533469310032086,60.0,INVALID,True,DataHealth invalid; Contract invalid: Quote stale or spread hard rejected.; SideDirection hard reject: -2.7 < 65.0; PremiumElasticity hard reject: 0.50 < 1.00; Expected/Required hard reject: 1.33 < 1.60; TradeQuality below configured minimum; ConvexityEdge below excellent gate: 78.3 < 80.0,DataHealth invalid; Contract invalid: Quote stale or spread hard rejected.; SideDirection hard reject: -2.7 < 65.0; PremiumElasticity hard reject: 0.50 < 1.00; Expected/Required hard reject: 1.33 < 1.60; TradeQuality below configured minimum; ConvexityEdge below excellent gate: 78.3 < 80.0,direction=OBSERVED;liquidity=OBSERVED,NSE,INDEX,NSE_INDEX,NIFTY,PAPER_ELIGIBLE,INDEX:BROAD_EQUITY,,,paper-strategy-8ade763620b6,opportunity-score-8ade763620b6,universe-a8e55c76a270,PAPER_OVERRIDE::FYERS_PAPER_PROXY_RESEARCH
202608211318_2_NIFTY_CE,2026-08-21T07:48:25.034875+00:00,202608211318,NIFTY,CE,2,61.461699167131606,61.461699167131606,80.0,00929e22c867,"{""contract_quality_min"": 0.0, ""direction_min"": 0.0, ""excellent_score_min"": 61.461699167131606, ""execution_quality_min"": 100.0, ""expected_required_ratio_min"": 1.3333333333333333, ""final_confidence_min"": 86.61972259503001, ""iv_crush_max"": 24.0, ""market_hostility_max"": 18.533469310032086, ""min_5depth_lots_each_side"": 103.0, ""min_top_book_lots"": 17.0, ""premium_elasticity_min"": 0.7, ""regime_confidence_min"": 60.0, ""spread_pct_max"": 0.250223413762304, ""trade_quality_min"": 51.7269076305144}",27.975,139.875,-2.6556646274953737,51.7269076305144,0,0.7,132.98000000000002,99.73500000000001,1.3333333333333333,24.0,18.533469310032086,60.0,INVALID,True,DataHealth invalid; Contract invalid: Quote stale or spread hard rejected.; SideDirection hard reject: -2.7 < 65.0; PremiumElasticity hard reject: 0.70 < 1.00; Expected/Required hard reject: 1.33 < 1.60; TradeQuality below configured minimum; ConvexityEdge below excellent gate: 76.8 < 80.0,DataHealth invalid; Contract invalid: Quote stale or spread hard rejected.; SideDirection hard reject: -2.7 < 65.0; PremiumElasticity hard reject: 0.70 < 1.00; Expected/Required hard reject: 1.33 < 1.60; TradeQuality below configured minimum; ConvexityEdge below excellent gate: 76.8 < 80.0,direction=OBSERVED;liquidity=OBSERVED,NSE,INDEX,NSE_INDEX,NIFTY,PAPER_ELIGIBLE,INDEX:BROAD_EQUITY,,,paper-strategy-8ade763620b6,opportunity-score-8ade763620b6,universe-a8e55c76a270,PAPER_OVERRIDE::FYERS_PAPER_PROXY_RESEARCH
202608211318_3_FINNIFTY_PE,2026-08-21T07:48:25.035493+00:00,202608211318,FINNIFTY,PE,3,58.46652887673133,58.46652887673133,80.0,e172b0fef65b,"{""contract_quality_min"": 0.0, ""direction_min"": 5.054820826014722, ""excellent_score_min"": 58.46652887673133, ""execution_quality_min"": 92.76322293623399, ""expected_required_ratio_min"": 1.25, ""final_confidence_min"": 90.04393740962057, ""iv_crush_max"": 24.0, ""market_hostility_max"": 19.78653574158275, ""min_5depth_lots_each_side"": 12.0, ""min_top_book_lots"": 3.0, ""premium_elasticity_min"": 0.3, ""regime_confidence_min"": 60.0, ""spread_pct_max"": 0.9688581314878736, ""trade_quality_min"": 59.28571428572786}",14.450000000000001,72.25,5.054820826014722,59.28571428572786,0,0.3,181.46249999999998,145.17,1.25,24.0,19.78653574158275,60.0,INVALID,True,DataHealth invalid; Contract invalid: Quote stale or spread hard rejected.; SideDirection hard reject: 5.1 < 65.0; PremiumElasticity hard reject: 0.30 < 1.00; Expected/Required hard reject: 1.25 < 1.60; TradeQuality below configured minimum; ConvexityEdge below excellent gate: 62.3 < 80.0,DataHealth invalid; Contract invalid: Quote stale or spread hard rejected.; SideDirection hard reject: 5.1 < 65.0; PremiumElasticity hard reject: 0.30 < 1.00; Expected/Required hard reject: 1.25 < 1.60; TradeQuality below configured minimum; ConvexityEdge below excellent gate: 62.3 < 80.0,direction=OBSERVED;liquidity=OBSERVED,NSE,INDEX,NSE_INDEX,FINNIFTY,PAPER_ELIGIBLE,INDEX:FINANCIALS,,,paper-strategy-8ade763620b6,opportunity-score-8ade763620b6,universe-a8e55c76a270,PAPER_OVERRIDE::FYERS_PAPER_PROXY_RESEARCH
202608211318_4_BANKNIFTY_PE,2026-08-21T07:48:25.036043+00:00,202608211318,BANKNIFTY,PE,4,56.93872201421139,56.93872201421139,80.0,2e840ccd58d1,"{""contract_quality_min"": 0.0, ""direction_min"": 3.5627889567401296, ""excellent_score_min"": 56.93872201421139, ""execution_quality_min"": 100.0, ""expected_required_ratio_min"": 1.4166666666666665, ""final_confidence_min"": 83.96478584834594, ""iv_crush_max"": 24.0, ""market_hostility_max"": 20.408591339319933, ""min_5depth_lots_each_side"": 25.0, ""min_top_book_lots"": 2.0, ""premium_elasticity_min"": 0.5, ""regime_confidence_min"": 60.0, ""spread_pct_max"": 0.20550291129123813, ""trade_quality_min"": 39.76789168278304}",43.795,218.975,3.5627889567401296,39.76789168278304,0,0.5,421.79125,297.735,1.4166666666666665,24.0,20.408591339319933,60.0,INVALID,True,DataHealth invalid; Contract invalid: Quote stale or spread hard rejected.; SideDirection hard reject: 3.6 < 65.0; PremiumElasticity hard reject: 0.50 < 1.00; Expected/Required hard reject: 1.42 < 1.60; TradeQuality below configured minimum; ConvexityEdge below excellent gate: 78.3 < 80.0,DataHealth invalid; Contract invalid: Quote stale or spread hard rejected.; SideDirection hard reject: 3.6 < 65.0; PremiumElasticity hard reject: 0.50 < 1.00; Expected/Required hard reject: 1.42 < 1.60; TradeQuality below configured minimum; ConvexityEdge below excellent gate: 78.3 < 80.0,direction=OBSERVED;liquidity=OBSERVED,NSE,INDEX,NSE_INDEX,BANKNIFTY,PAPER_ELIGIBLE,INDEX:BANKING,,,paper-strategy-8ade763620b6,opportunity-score-8ade763620b6,universe-a8e55c76a270,PAPER_OVERRIDE::FYERS_PAPER_PROXY_RESEARCH
202608211318_5_BANKNIFTY_PE,2026-08-21T07:48:25.036736+00:00,202608211318,BANKNIFTY,PE,5,56.638722014211396,56.638722014211396,80.0,2e840ccd58d1,"{""contract_quality_min"": 0.0, ""direction_min"": 3.5627889567401296, ""excellent_score_min"": 56.638722014211396, ""execution_quality_min"": 100.0, ""expected_required_ratio_min"": 1.4166666666666665, ""final_confidence_min"": 83.96478584834594, ""iv_crush_max"": 24.0, ""market_hostility_max"": 20.408591339319933, ""min_5depth_lots_each_side"": 12.0, ""min_top_book_lots"": 2.0, ""premium_elasticity_min"": 0.7, ""regime_confidence_min"": 60.0, ""spread_pct_max"": 0.187863986473793, ""trade_quality_min"": 39.76789168278304}",53.23,266.15,3.5627889567401296,39.76789168278304,0,0.7,421.79125,297.735,1.4166666666666665,24.0,20.408591339319933,60.0,INVALID,True,DataHealth invalid; Contract invalid: Quote stale or spread hard rejected.; SideDirection hard reject: 3.6 < 65.0; PremiumElasticity hard reject: 0.70 < 1.00; Expected/Required hard reject: 1.42 < 1.60; TradeQuality below configured minimum; ConvexityEdge below excellent gate: 76.8 < 80.0,DataHealth invalid; Contract invalid: Quote stale or spread hard rejected.; SideDirection hard reject: 3.6 < 65.0; PremiumElasticity hard reject: 0.70 < 1.00; Expected/Required hard reject: 1.42 < 1.60; TradeQuality below configured minimum; ConvexityEdge below excellent gate: 76.8 < 80.0,direction=OBSERVED;liquidity=OBSERVED,NSE,INDEX,NSE_INDEX,BANKNIFTY,PAPER_ELIGIBLE,INDEX:BANKING,,,paper-strategy-8ade763620b6,opportunity-score-8ade763620b6,universe-a8e55c76a270,PAPER_OVERRIDE::FYERS_PAPER_PROXY_RESEARCH
202608211319_1_FINNIFTY_PE,2026-08-21T07:49:31.610828+00:00,202608211319,FINNIFTY,PE,1,57.13582698694467,57.13582698694467,80.0,e172b0fef65b,"{""contract_quality_min"": 0.0, ""direction_min"": 3.2891355740567216, ""excellent_score_min"": 57.13582698694467, ""execution_quality_min"": 100.0, ""expected_required_ratio_min"": 1.2500000000000002, ""final_confidence_min"": 84.39528421170706, ""iv_crush_max"": 24.0, ""market_hostility_max"": 19.999225615128033, ""min_5depth_lots_each_side"": 6.0, ""min_top_book_lots"": 1.0, ""premium_elasticity_min"": 0.7, ""regime_confidence_min"": 60.0, ""spread_pct_max"": 0.5758582502768599, ""trade_quality_min"": 41.33971291866182}",22.575000000000003,112.875,3.2891355740567216,41.33971291866182,0,0.7,182.1,145.67999999999998,1.2500000000000002,24.0,19.999225615128033,60.0,INVALID,True,DataHealth invalid; Contract invalid: Quote stale or spread hard rejected.; SideDirection hard reject: 3.3 < 65.0; PremiumElasticity hard reject: 0.70 < 1.00; Expected/Required hard reject: 1.25 < 1.60; TradeQuality below configured minimum; ConvexityEdge below excellent gate: 76.8 < 80.0,DataHealth invalid; Contract invalid: Quote stale or spread hard rejected.; SideDirection hard reject: 3.3 < 65.0; PremiumElasticity hard reject: 0.70 < 1.00; Expected/Required hard reject: 1.25 < 1.60; TradeQuality below configured minimum; ConvexityEdge below excellent gate: 76.8 < 80.0,direction=OBSERVED;liquidity=OBSERVED,NSE,INDEX,NSE_INDEX,FINNIFTY,PAPER_ELIGIBLE,INDEX:FINANCIALS,,,paper-strategy-8ade763620b6,opportunity-score-8ade763620b6,universe-a8e55c76a270,PAPER_OVERRIDE::FYERS_PAPER_PROXY_RESEARCH
202608211319_2_NIFTY_CE,2026-08-21T07:49:31.611466+00:00,202608211319,NIFTY,CE,2,53.50657159956843,53.50657159956843,80.0,00929e22c867,"{""contract_quality_min"": 0.0, ""direction_min"": 0.0, ""excellent_score_min"": 53.50657159956843, ""execution_quality_min"": 100.0, ""expected_required_ratio_min"": 1.3333333333333337, ""final_confidence_min"": 77.93400260009196, ""iv_crush_max"": 24.0, ""market_hostility_max"": 18.640387959774703, ""min_5depth_lots_each_side"": 97.0, ""min_top_book_lots"": 4.0, ""premium_elasticity_min"": 0.5, ""regime_confidence_min"": 60.0, ""spread_pct_max"": 0.23713540431586438, ""trade_quality_min"": 22.180685358236925}",21.085,105.425,-1.4680200491942061,22.180685358236925,0,0.5,132.72,99.53999999999998,1.3333333333333337,24.0,18.640387959774703,60.0,INVALID,True,DataHealth invalid; Contract invalid: Quote stale or spread hard rejected.; SideDirection hard reject: -1.5 < 65.0; PremiumElasticity hard reject: 0.50 < 1.00; Expected/Required hard reject: 1.33 < 1.60; TradeQuality below configured minimum; ConvexityEdge below excellent gate: 78.3 < 80.0,DataHealth invalid; Contract invalid: Quote stale or spread hard rejected.; SideDirection hard reject: -1.5 < 65.0; PremiumElasticity hard reject: 0.50 < 1.00; Expected/Required hard reject: 1.33 < 1.60; TradeQuality below configured minimum; ConvexityEdge below excellent gate: 78.3 < 80.0,direction=OBSERVED;liquidity=OBSERVED,NSE,INDEX,NSE_INDEX,NIFTY,PAPER_ELIGIBLE,INDEX:BROAD_EQUITY,,,paper-strategy-8ade763620b6,opportunity-score-8ade763620b6,universe-a8e55c76a270,PAPER_OVERRIDE::FYERS_PAPER_PROXY_RESEARCH
202608211319_3_FINNIFTY_PE,2026-08-21T07:49:31.611949+00:00,202608211319,FINNIFTY,PE,3,53.058459410700664,53.058459410700664,80.0,e172b0fef65b,"{""contract_quality_min"": 0.0, ""direction_min"": 3.2891355740567216, ""excellent_score_min"": 53.058459410700664, ""execution_quality_min"": 92.15088282503996, ""expected_required_ratio_min"": 1.2500000000000002, ""final_confidence_min"": 84.39528421170706, ""iv_crush_max"": 24.0, ""market_hostility_max"": 19.999225615128033, ""min_5depth_lots_each_side"": 9.0, ""min_top_book_lots"": 2.0, ""premium_elasticity_min"": 0.3, ""regime_confidence_min"": 60.0, ""spread_pct_max"": 0.9831460674157345, ""trade_quality_min"": 41.33971291866182}",14.239999999999998,71.19999999999999,3.2891355740567216,41.33971291866182,0,0.3,182.1,145.67999999999998,1.2500000000000002,24.0,19.999225615128033,60.0,INVALID,True,DataHealth invalid; Contract invalid: Quote stale or spread hard rejected.; SideDirection hard reject: 3.3 < 65.0; PremiumElasticity hard reject: 0.30 < 1.00; Expected/Required hard reject: 1.25 < 1.60; TradeQuality below configured minimum; ConvexityEdge below excellent gate: 62.3 < 80.0,DataHealth invalid; Contract invalid: Quote stale or spread hard rejected.; SideDirection hard reject: 3.3 < 65.0; PremiumElasticity hard reject: 0.30 < 1.00; Expected/Required hard reject: 1.25 < 1.60; TradeQuality below configured minimum; ConvexityEdge below excellent gate: 62.3 < 80.0,direction=OBSERVED;liquidity=OBSERVED,NSE,INDEX,NSE_INDEX,FINNIFTY,PAPER_ELIGIBLE,INDEX:FINANCIALS,,,paper-strategy-8ade763620b6,opportunity-score-8ade763620b6,universe-a8e55c76a270,PAPER_OVERRIDE::FYERS_PAPER_PROXY_RESEARCH
202608211319_4_BANKNIFTY_PE,2026-08-21T07:49:31.612524+00:00,202608211319,BANKNIFTY,PE,4,52.53140301393539,52.53140301393539,80.0,2e840ccd58d1,"{""contract_quality_min"": 0.0, ""direction_min"": 2.1767085255578666, ""excellent_score_min"": 52.53140301393539, ""execution_quality_min"": 100.0, ""expected_required_ratio_min"": 1.4166666666666665, ""final_confidence_min"": 79.3927713390774, ""iv_crush_max"": 24.0, ""market_hostility_max"": 20.830405129369865, ""min_5depth_lots_each_side"": 14.0, ""min_top_book_lots"": 2.0, ""premium_elasticity_min"": 0.5, ""regime_confidence_min"": 60.0, ""spread_pct_max"": 0.2754820936639092, ""trade_quality_min"": 25.22088353414577}",43.56,217.8,2.1767085255578666,25.22088353414577,0,0.5,421.38750000000005,297.45000000000005,1.4166666666666665,24.0,20.830405129369865,60.0,INVALID,True,DataHealth invalid; Contract invalid: Quote stale or spread hard rejected.; SideDirection hard reject: 2.2 < 65.0; PremiumElasticity hard reject: 0.50 < 1.00; Expected/Required hard reject: 1.42 < 1.60; TradeQuality below configured minimum; ConvexityEdge below excellent gate: 78.3 < 80.0,DataHealth invalid; Contract invalid: Quote stale or spread hard rejected.; SideDirection hard reject: 2.2 < 65.0; PremiumElasticity hard reject: 0.50 < 1.00; Expected/Required hard reject: 1.42 < 1.60; TradeQuality below configured minimum; ConvexityEdge below excellent gate: 78.3 < 80.0,direction=OBSERVED;liquidity=OBSERVED,NSE,INDEX,NSE_INDEX,BANKNIFTY,PAPER_ELIGIBLE,INDEX:BANKING,,,paper-strategy-8ade763620b6,opportunity-score-8ade763620b6,universe-a8e55c76a270,PAPER_OVERRIDE::FYERS_PAPER_PROXY_RESEARCH
202608211319_5_BANKNIFTY_PE,2026-08-21T07:49:31.613139+00:00,202608211319,BANKNIFTY,PE,5,52.23140301393539,52.23140301393539,80.0,2e840ccd58d1,"{""contract_quality_min"": 0.0, ""direction_min"": 2.1767085255578666, ""excellent_score_min"": 52.23140301393539, ""execution_quality_min"": 100.0, ""expected_required_ratio_min"": 1.4166666666666665, ""final_confidence_min"": 79.3927713390774, ""iv_crush_max"": 24.0, ""market_hostility_max"": 20.830405129369865, ""min_5depth_lots_each_side"": 18.0, ""min_top_book_lots"": 1.0, ""premium_elasticity_min"": 0.7, ""regime_confidence_min"": 60.0, ""spread_pct_max"": 0.28293879090823354, ""trade_quality_min"": 25.22088353414577}",53.015,265.075,2.1767085255578666,25.22088353414577,0,0.7,421.38750000000005,297.45000000000005,1.4166666666666665,24.0,20.830405129369865,60.0,INVALID,True,DataHealth invalid; Contract invalid: Quote stale or spread hard rejected.; SideDirection hard reject: 2.2 < 65.0; PremiumElasticity hard reject: 0.70 < 1.00; Expected/Required hard reject: 1.42 < 1.60; TradeQuality below configured minimum; ConvexityEdge below excellent gate: 76.8 < 80.0,DataHealth invalid; Contract invalid: Quote stale or spread hard rejected.; SideDirection hard reject: 2.2 < 65.0; PremiumElasticity hard reject: 0.70 < 1.00; Expected/Required hard reject: 1.42 < 1.60; TradeQuality below configured minimum; ConvexityEdge below excellent gate: 76.8 < 80.0,direction=OBSERVED;liquidity=OBSERVED,NSE,INDEX,NSE_INDEX,BANKNIFTY,PAPER_ELIGIBLE,INDEX:BANKING,,,paper-strategy-8ade763620b6,opportunity-score-8ade763620b6,universe-a8e55c76a270,PAPER_OVERRIDE::FYERS_PAPER_PROXY_RESEARCH
202608211320_1_FINNIFTY_PE,2026-08-21T07:50:33.789157+00:00,202608211320,FINNIFTY,PE,1,57.435826986944676,57.435826986944676,80.0,e172b0fef65b,"{""contract_quality_min"": 0.0, ""direction_min"": 3.2891355740567216, ""excellent_score_min"": 57.435826986944676, ""execution_quality_min"": 100.0, ""expected_required_ratio_min"": 1.25, ""final_confidence_min"": 84.39528421170706, ""iv_crush_max"": 24.0, ""market_hostility_max"": 19.999035229361375, ""min_5depth_lots_each_side"": 11.0, ""min_top_book_lots"": 1.0, ""premium_elasticity_min"": 0.5, ""regime_confidence_min"": 60.0, ""spread_pct_max"": 0.5999454595036783, ""trade_quality_min"": 41.33971291866182}",18.335000000000004,91.67500000000001,3.2891355740567216,41.33971291866182,0,0.5,181.5,145.2,1.25,24.0,19.999035229361375,60.0,INVALID,True,DataHealth invalid; Contract invalid: Quote stale or spread hard rejected.; SideDirection hard reject: 3.3 < 65.0; PremiumElasticity hard reject: 0.50 < 1.00; Expected/Required hard reject: 1.25 < 1.60; TradeQuality below configured minimum; ConvexityEdge below excellent gate: 78.3 < 80.0,DataHealth invalid; Contract invalid: Quote stale or spread hard rejected.; SideDirection hard reject: 3.3 < 65.0; PremiumElasticity hard reject: 0.50 < 1.00; Expected/Required hard reject: 1.25 < 1.60; TradeQuality below configured minimum; ConvexityEdge below excellent gate: 78.3 < 80.0,direction=OBSERVED;liquidity=OBSERVED,NSE,INDEX,NSE_INDEX,FINNIFTY,PAPER_ELIGIBLE,INDEX:FINANCIALS,,,paper-strategy-8ade763620b6,opportunity-score-8ade763620b6,universe-a8e55c76a270,PAPER_OVERRIDE::FYERS_PAPER_PROXY_RESEARCH
202608211320_2_FINNIFTY_CE,2026-08-21T07:50:33.789820+00:00,202608211320,FINNIFTY,CE,2,53.64378258361446,53.64378258361446,80.0,e172b0fef65b,"{""contract_quality_min"": 0.0, ""direction_min"": 0.0, ""excellent_score_min"": 53.64378258361446, ""execution_quality_min"": 100.0, ""expected_required_ratio_min"": 1.25, ""final_confidence_min"": 83.40854353949004, ""iv_crush_max"": 24.0, ""market_hostility_max"": 19.999035229361375, ""min_5depth_lots_each_side"": 13.0, ""min_top_book_lots"": 1.0, ""premium_elasticity_min"": 0.3, ""regime_confidence_min"": 60.0, ""spread_pct_max"": 0.4905968928863404, ""trade_quality_min"": 41.33971291866182}",24.46,122.3,-3.2891355740567216,41.33971291866182,0,0.3,181.5,145.2,1.25,24.0,19.999035229361375,60.0,INVALID,True,DataHealth invalid; Contract invalid: Quote stale or spread hard rejected.; SideDirection hard reject: -3.3 < 65.0; PremiumElasticity hard reject: 0.30 < 1.00; Expected/Required hard reject: 1.25 < 1.60; TradeQuality below configured minimum; ConvexityEdge below excellent gate: 62.3 < 80.0,DataHealth invalid; Contract invalid: Quote stale or spread hard rejected.; SideDirection hard reject: -3.3 < 65.0; PremiumElasticity hard reject: 0.30 < 1.00; Expected/Required hard reject: 1.25 < 1.60; TradeQuality below configured minimum; ConvexityEdge below excellent gate: 62.3 < 80.0,direction=OBSERVED;liquidity=OBSERVED,NSE,INDEX,NSE_INDEX,FINNIFTY,PAPER_ELIGIBLE,INDEX:FINANCIALS,,,paper-strategy-8ade763620b6,opportunity-score-8ade763620b6,universe-a8e55c76a270,PAPER_OVERRIDE::FYERS_PAPER_PROXY_RESEARCH
202608211320_3_FINNIFTY_PE,2026-08-21T07:50:33.790279+00:00,202608211320,FINNIFTY,PE,3,52.60734512398005,52.60734512398005,80.0,e172b0fef65b,"{""contract_quality_min"": 0.0, ""direction_min"": 3.2891355740567216, ""excellent_score_min"": 52.60734512398005, ""execution_quality_min"": 89.50291088222124, ""expected_required_ratio_min"": 1.25, ""final_confidence_min"": 83.85609925872902, ""iv_crush_max"": 24.0, ""market_hostility_max"": 19.999035229361375, ""min_5depth_lots_each_side"": 8.0, ""min_top_book_lots"": 2.0, ""premium_elasticity_min"": 0.3, ""regime_confidence_min"": 60.0, ""spread_pct_max"": 1.0449320794148378, ""trade_quality_min"": 41.33971291866182}",14.355000000000002,71.775,3.2891355740567216,41.33971291866182,0,0.3,181.5,145.2,1.25,24.0,19.999035229361375,60.0,INVALID,True,DataHealth invalid; Contract invalid: Quote stale or spread hard rejected.; SideDirection hard reject: 3.3 < 65.0; PremiumElasticity hard reject: 0.30 < 1.00; Expected/Required hard reject: 1.25 < 1.60; TradeQuality below configured minimum; ConvexityEdge below excellent gate: 62.3 < 80.0,DataHealth invalid; Contract invalid: Quote stale or spread hard rejected.; SideDirection hard reject: 3.3 < 65.0; PremiumElasticity hard reject: 0.30 < 1.00; Expected/Required hard reject: 1.25 < 1.60; TradeQuality below configured minimum; ConvexityEdge below excellent gate: 62.3 < 80.0,direction=OBSERVED;liquidity=OBSERVED,NSE,INDEX,NSE_INDEX,FINNIFTY,PAPER_ELIGIBLE,INDEX:FINANCIALS,,,paper-strategy-8ade763620b6,opportunity-score-8ade763620b6,universe-a8e55c76a270,PAPER_OVERRIDE::FYERS_PAPER_PROXY_RESEARCH
202608211320_4_BANKNIFTY_PE,2026-08-21T07:50:33.790807+00:00,202608211320,BANKNIFTY,PE,4,52.53121979930304,52.53121979930304,80.0,2e840ccd58d1,"{""contract_quality_min"": 0.0, ""direction_min"": 2.1767085255578666, ""excellent_score_min"": 52.53121979930304, ""execution_quality_min"": 100.0, ""expected_required_ratio_min"": 1.4166666666666665, ""final_confidence_min"": 79.3927713390774, ""iv_crush_max"": 24.0, ""market_hostility_max"": 20.831137987899258, ""min_5depth_lots_each_side"": 17.0, ""min_top_book_lots"": 1.0, ""premium_elasticity_min"": 0.5, ""regime_confidence_min"": 60.0, ""spread_pct_max"": 0.22878059940517043, ""trade_quality_min"": 25.22088353414577}",43.71000000000001,218.55,2.1767085255578666,25.22088353414577,0,0.5,420.8775,297.09000000000003,1.4166666666666665,24.0,20.831137987899258,60.0,INVALID,True,DataHealth invalid; Contract invalid: Quote stale or spread hard rejected.; SideDirection hard reject: 2.2 < 65.0; PremiumElasticity hard reject: 0.50 < 1.00; Expected/Required hard reject: 1.42 < 1.60; TradeQuality below configured minimum; ConvexityEdge below excellent gate: 78.3 < 80.0,DataHealth invalid; Contract invalid: Quote stale or spread hard rejected.; SideDirection hard reject: 2.2 < 65.0; PremiumElasticity hard reject: 0.50 < 1.00; Expected/Required hard reject: 1.42 < 1.60; TradeQuality below configured minimum; ConvexityEdge below excellent gate: 78.3 < 80.0,direction=OBSERVED;liquidity=OBSERVED,NSE,INDEX,NSE_INDEX,BANKNIFTY,PAPER_ELIGIBLE,INDEX:BANKING,,,paper-strategy-8ade763620b6,opportunity-score-8ade763620b6,universe-a8e55c76a270,PAPER_OVERRIDE::FYERS_PAPER_PROXY_RESEARCH
202608211320_5_BANKNIFTY_PE,2026-08-21T07:50:33.791464+00:00,202608211320,BANKNIFTY,PE,5,52.23121979930304,52.23121979930304,80.0,2e840ccd58d1,"{""contract_quality_min"": 0.0, ""direction_min"": 2.1767085255578666, ""excellent_score_min"": 52.23121979930304, ""execution_quality_min"": 100.0, ""expected_required_ratio_min"": 1.4166666666666665, ""final_confidence_min"": 79.3927713390774, ""iv_crush_max"": 24.0, ""market_hostility_max"": 20.831137987899258, ""min_5depth_lots_each_side"": 22.0, ""min_top_book_lots"": 2.0, ""premium_elasticity_min"": 0.7, ""regime_confidence_min"": 60.0, ""spread_pct_max"": 0.20733201394779435, ""trade_quality_min"": 25.22088353414577}",53.055,265.275,2.1767085255578666,25.22088353414577,0,0.7,420.8775,297.09000000000003,1.4166666666666665,24.0,20.831137987899258,60.0,INVALID,True,DataHealth invalid; Contract invalid: Quote stale or spread hard rejected.; SideDirection hard reject: 2.2 < 65.0; PremiumElasticity hard reject: 0.70 < 1.00; Expected/Required hard reject: 1.42 < 1.60; TradeQuality below configured minimum; ConvexityEdge below excellent gate: 76.8 < 80.0,DataHealth invalid; Contract invalid: Quote stale or spread hard rejected.; SideDirection hard reject: 2.2 < 65.0; PremiumElasticity hard reject: 0.70 < 1.00; Expected/Required hard reject: 1.42 < 1.60; TradeQuality below configured minimum; ConvexityEdge below excellent gate: 76.8 < 80.0,direction=OBSERVED;liquidity=OBSERVED,NSE,INDEX,NSE_INDEX,BANKNIFTY,PAPER_ELIGIBLE,INDEX:BANKING,,,paper-strategy-8ade763620b6,opportunity-score-8ade763620b6,universe-a8e55c76a270,PAPER_OVERRIDE::FYERS_PAPER_PROXY_RESEARCH
202608211322_1_BANKNIFTY_PE,2026-08-21T07:52:35.406587+00:00,202608211322,BANKNIFTY,PE,1,51.58489873105097,51.58489873105097,80.0,2e840ccd58d1,"{""contract_quality_min"": 0.0, ""direction_min"": 1.879068751555099, ""excellent_score_min"": 51.58489873105097, ""execution_quality_min"": 100.0, ""expected_required_ratio_min"": 1.4166666666666667, ""final_confidence_min"": 78.38490599801581, ""iv_crush_max"": 24.0, ""market_hostility_max"": 20.823961010210702, ""min_5depth_lots_each_side"": 10.0, ""min_top_book_lots"": 1.0, ""premium_elasticity_min"": 0.5, ""regime_confidence_min"": 60.0, ""spread_pct_max"": 0.1756697408871347, ""trade_quality_min"": 22.010152284275193}",45.54,227.7,1.879068751555099,22.010152284275193,0,0.5,421.38749999999993,297.44999999999993,1.4166666666666667,24.0,20.823961010210702,60.0,INVALID,True,DataHealth invalid; Contract invalid: Quote stale or spread hard rejected.; SideDirection hard reject: 1.9 < 65.0; PremiumElasticity hard reject: 0.50 < 1.00; Expected/Required hard reject: 1.42 < 1.60; TradeQuality below configured minimum; ConvexityEdge below excellent gate: 78.3 < 80.0,DataHealth invalid; Contract invalid: Quote stale or spread hard rejected.; SideDirection hard reject: 1.9 < 65.0; PremiumElasticity hard reject: 0.50 < 1.00; Expected/Required hard reject: 1.42 < 1.60; TradeQuality below configured minimum; ConvexityEdge below excellent gate: 78.3 < 80.0,direction=OBSERVED;liquidity=OBSERVED,NSE,INDEX,NSE_INDEX,BANKNIFTY,PAPER_ELIGIBLE,INDEX:BANKING,,,paper-strategy-8ade763620b6,opportunity-score-8ade763620b6,universe-a8e55c76a270,PAPER_OVERRIDE::FYERS_PAPER_PROXY_RESEARCH
202608211322_2_BANKNIFTY_CE,2026-08-21T07:52:35.407255+00:00,202608211322,BANKNIFTY,CE,2,51.246666355771055,51.246666355771055,80.0,2e840ccd58d1,"{""contract_quality_min"": 0.0, ""direction_min"": 0.0, ""excellent_score_min"": 51.246666355771055, ""execution_quality_min"": 100.0, ""expected_required_ratio_min"": 1.4166666666666667, ""final_confidence_min"": 77.8211853725493, ""iv_crush_max"": 24.0, ""market_hostility_max"": 20.823961010210702, ""min_5depth_lots_each_side"": 18.0, ""min_top_book_lots"": 1.0, ""premium_elasticity_min"": 0.5, ""regime_confidence_min"": 60.0, ""spread_pct_max"": 0.11191941801903056, ""trade_quality_min"": 22.010152284275193}",53.60999999999999,268.04999999999995,-1.879068751555099,22.010152284275193,0,0.5,421.38749999999993,297.44999999999993,1.4166666666666667,24.0,20.823961010210702,60.0,INVALID,True,DataHealth invalid; Contract invalid: Quote stale or spread hard rejected.; SideDirection hard reject: -1.9 < 65.0; PremiumElasticity hard reject: 0.50 < 1.00; Expected/Required hard reject: 1.42 < 1.60; TradeQuality below configured minimum; ConvexityEdge below excellent gate: 78.3 < 80.0,DataHealth invalid; Contract invalid: Quote stale or spread hard rejected.; SideDirection hard reject: -1.9 < 65.0; PremiumElasticity hard reject: 0.50 < 1.00; Expected/Required hard reject: 1.42 < 1.60; TradeQuality below configured minimum; ConvexityEdge below excellent gate: 78.3 < 80.0,direction=OBSERVED;liquidity=OBSERVED,NSE,INDEX,NSE_INDEX,BANKNIFTY,PAPER_ELIGIBLE,INDEX:BANKING,,,paper-strategy-8ade763620b6,opportunity-score-8ade763620b6,universe-a8e55c76a270,PAPER_OVERRIDE::FYERS_PAPER_PROXY_RESEARCH
202608211322_3_BANKNIFTY_CE,2026-08-21T07:52:35.407782+00:00,202608211322,BANKNIFTY,CE,3,50.94666635577106,50.94666635577106,80.0,2e840ccd58d1,"{""contract_quality_min"": 0.0, ""direction_min"": 0.0, ""excellent_score_min"": 50.94666635577106, ""execution_quality_min"": 100.0, ""expected_required_ratio_min"": 1.4166666666666667, ""final_confidence_min"": 77.8211853725493, ""iv_crush_max"": 24.0, ""market_hostility_max"": 20.823961010210702, ""min_5depth_lots_each_side"": 10.0, ""min_top_book_lots"": 2.0, ""premium_elasticity_min"": 0.7, ""regime_confidence_min"": 60.0, ""spread_pct_max"": 0.2300084336425669, ""trade_quality_min"": 22.010152284275193}",65.215,326.075,-1.879068751555099,22.010152284275193,0,0.7,421.38749999999993,297.44999999999993,1.4166666666666667,24.0,20.823961010210702,60.0,INVALID,True,DataHealth invalid; Contract invalid: Quote stale or spread hard rejected.; SideDirection hard reject: -1.9 < 65.0; PremiumElasticity hard reject: 0.70 < 1.00; Expected/Required hard reject: 1.42 < 1.60; TradeQuality below configured minimum; ConvexityEdge below excellent gate: 76.8 < 80.0,DataHealth invalid; Contract invalid: Quote stale or spread hard rejected.; SideDirection hard reject: -1.9 < 65.0; PremiumElasticity hard reject: 0.70 < 1.00; Expected/Required hard reject: 1.42 < 1.60; TradeQuality below configured minimum; ConvexityEdge below excellent gate: 76.8 < 80.0,direction=OBSERVED;liquidity=OBSERVED,NSE,INDEX,NSE_INDEX,BANKNIFTY,PAPER_ELIGIBLE,INDEX:BANKING,,,paper-strategy-8ade763620b6,opportunity-score-8ade763620b6,universe-a8e55c76a270,PAPER_OVERRIDE::FYERS_PAPER_PROXY_RESEARCH
202608211322_4_BANKNIFTY_PE,2026-08-21T07:52:35.408391+00:00,202608211322,BANKNIFTY,PE,4,48.38489873105097,48.38489873105097,80.0,2e840ccd58d1,"{""contract_quality_min"": 0.0, ""direction_min"": 1.879068751555099, ""excellent_score_min"": 48.38489873105097, ""execution_quality_min"": 100.0, ""expected_required_ratio_min"": 1.4166666666666667, ""final_confidence_min"": 78.38490599801581, ""iv_crush_max"": 24.0, ""market_hostility_max"": 20.823961010210702, ""min_5depth_lots_each_side"": 19.0, ""min_top_book_lots"": 2.0, ""premium_elasticity_min"": 0.3, ""regime_confidence_min"": 60.0, ""spread_pct_max"": 0.1883492533297427, ""trade_quality_min"": 22.010152284275193}",37.165,185.825,1.879068751555099,22.010152284275193,0,0.3,421.38749999999993,297.44999999999993,1.4166666666666667,24.0,20.823961010210702,60.0,INVALID,True,DataHealth invalid; Contract invalid: Quote stale or spread hard rejected.; SideDirection hard reject: 1.9 < 65.0; PremiumElasticity hard reject: 0.30 < 1.00; Expected/Required hard reject: 1.42 < 1.60; TradeQuality below configured minimum; ConvexityEdge below excellent gate: 62.3 < 80.0,DataHealth invalid; Contract invalid: Quote stale or spread hard rejected.; SideDirection hard reject: 1.9 < 65.0; PremiumElasticity hard reject: 0.30 < 1.00; Expected/Required hard reject: 1.42 < 1.60; TradeQuality below configured minimum; ConvexityEdge below excellent gate: 62.3 < 80.0,direction=OBSERVED;liquidity=OBSERVED,NSE,INDEX,NSE_INDEX,BANKNIFTY,PAPER_ELIGIBLE,INDEX:BANKING,,,paper-strategy-8ade763620b6,opportunity-score-8ade763620b6,universe-a8e55c76a270,PAPER_OVERRIDE::FYERS_PAPER_PROXY_RESEARCH
202608211322_5_BANKNIFTY_CE,2026-08-21T07:52:35.408996+00:00,202608211322,BANKNIFTY,CE,5,48.04666635577106,48.04666635577106,80.0,2e840ccd58d1,"{""contract_quality_min"": 0.0, ""direction_min"": 0.0, ""excellent_score_min"": 48.04666635577106, ""execution_quality_min"": 100.0, ""expected_required_ratio_min"": 1.4166666666666667, ""final_confidence_min"": 77.8211853725493, ""iv_crush_max"": 24.0, ""market_hostility_max"": 20.823961010210702, ""min_5depth_lots_each_side"": 10.0, ""min_top_book_lots"": 1.0, ""premium_elasticity_min"": 0.3, ""regime_confidence_min"": 60.0, ""spread_pct_max"": 0.2756086357372505, ""trade_quality_min"": 22.010152284275193}",43.54,217.7,-1.879068751555099,22.010152284275193,0,0.3,421.38749999999993,297.44999999999993,1.4166666666666667,24.0,20.823961010210702,60.0,INVALID,True,DataHealth invalid; Contract invalid: Quote stale or spread hard rejected.; SideDirection hard reject: -1.9 < 65.0; PremiumElasticity hard reject: 0.30 < 1.00; Expected/Required hard reject: 1.42 < 1.60; TradeQuality below configured minimum; ConvexityEdge below excellent gate: 62.3 < 80.0,DataHealth invalid; Contract invalid: Quote stale or spread hard rejected.; SideDirection hard reject: -1.9 < 65.0; PremiumElasticity hard reject: 0.30 < 1.00; Expected/Required hard reject: 1.42 < 1.60; TradeQuality below configured minimum; ConvexityEdge below excellent gate: 62.3 < 80.0,direction=OBSERVED;liquidity=OBSERVED,NSE,INDEX,NSE_INDEX,BANKNIFTY,PAPER_ELIGIBLE,INDEX:BANKING,,,paper-strategy-8ade763620b6,opportunity-score-8ade763620b6,universe-a8e55c76a270,PAPER_OVERRIDE::FYERS_PAPER_PROXY_RESEARCH
202608211323_1_NIFTY_CE,2026-08-21T07:53:44.789042+00:00,202608211323,NIFTY,CE,1,57.1703241464013,57.1703241464013,80.0,00929e22c867,"{""contract_quality_min"": 0.0, ""direction_min"": 0.0, ""excellent_score_min"": 57.1703241464013, ""execution_quality_min"": 100.0, ""expected_required_ratio_min"": 1.3333333333333335, ""final_confidence_min"": 81.88922084547589, ""iv_crush_max"": 24.0, ""market_hostility_max"": 18.78217426883735, ""min_5depth_lots_each_side"": 109.0, ""min_top_book_lots"": 6.0, ""premium_elasticity_min"": 0.7, ""regime_confidence_min"": 60.0, ""spread_pct_max"": 0.22761760242790813, ""trade_quality_min"": 36.45360824741481}",26.360000000000003,131.8,-3.645744191657027,36.45360824741481,0,0.7,131.64000000000001,98.73,1.3333333333333335,24.0,18.78217426883735,60.0,INVALID,True,DataHealth invalid; Contract invalid: Quote stale or spread hard rejected.; SideDirection hard reject: -3.6 < 65.0; PremiumElasticity hard reject: 0.70 < 1.00; Expected/Required hard reject: 1.33 < 1.60; TradeQuality below configured minimum; ConvexityEdge below excellent gate: 76.8 < 80.0,DataHealth invalid; Contract invalid: Quote stale or spread hard rejected.; SideDirection hard reject: -3.6 < 65.0; PremiumElasticity hard reject: 0.70 < 1.00; Expected/Required hard reject: 1.33 < 1.60; TradeQuality below configured minimum; ConvexityEdge below excellent gate: 76.8 < 80.0,direction=OBSERVED;liquidity=OBSERVED,NSE,INDEX,NSE_INDEX,NIFTY,PAPER_ELIGIBLE,INDEX:BROAD_EQUITY,,,paper-strategy-8ade763620b6,opportunity-score-8ade763620b6,universe-a8e55c76a270,PAPER_OVERRIDE::FYERS_PAPER_PROXY_RESEARCH
202608211323_2_BANKNIFTY_PE,2026-08-21T07:53:44.789724+00:00,202608211323,BANKNIFTY,PE,2,53.32445901028471,53.32445901028471,80.0,2e840ccd58d1,"{""contract_quality_min"": 0.0, ""direction_min"": 2.6559227771384624, ""excellent_score_min"": 53.32445901028471, ""execution_quality_min"": 100.0, ""expected_required_ratio_min"": 1.4166666666666667, ""final_confidence_min"": 80.27760446032954, ""iv_crush_max"": 24.0, ""market_hostility_max"": 21.009479555138668, ""min_5depth_lots_each_side"": 17.0, ""min_top_book_lots"": 1.0, ""premium_elasticity_min"": 0.5, ""regime_confidence_min"": 60.0, ""spread_pct_max"": 0.13080444735121488, ""trade_quality_min"": 27.930720145862598}",45.870000000000005,229.35,2.6559227771384624,27.930720145862598,0,0.5,422.875,298.5,1.4166666666666667,24.0,21.009479555138668,60.0,INVALID,True,DataHealth invalid; Contract invalid: Quote stale or spread hard rejected.; SideDirection hard reject: 2.7 < 65.0; PremiumElasticity hard reject: 0.50 < 1.00; Expected/Required hard reject: 1.42 < 1.60; TradeQuality below configured minimum; ConvexityEdge below excellent gate: 78.3 < 80.0,DataHealth invalid; Contract invalid: Quote stale or spread hard rejected.; SideDirection hard reject: 2.7 < 65.0; PremiumElasticity hard reject: 0.50 < 1.00; Expected/Required hard reject: 1.42 < 1.60; TradeQuality below configured minimum; ConvexityEdge below excellent gate: 78.3 < 80.0,direction=OBSERVED;liquidity=OBSERVED,NSE,INDEX,NSE_INDEX,BANKNIFTY,PAPER_ELIGIBLE,INDEX:BANKING,,,paper-strategy-8ade763620b6,opportunity-score-8ade763620b6,universe-a8e55c76a270,PAPER_OVERRIDE::FYERS_PAPER_PROXY_RESEARCH
202608211323_3_BANKNIFTY_PE,2026-08-21T07:53:44.790342+00:00,202608211323,BANKNIFTY,PE,3,53.0244590102847,53.0244590102847,80.0,2e840ccd58d1,"{""contract_quality_min"": 0.0, ""direction_min"": 2.6559227771384624, ""excellent_score_min"": 53.0244590102847, ""execution_quality_min"": 100.0, ""expected_required_ratio_min"": 1.4166666666666667, ""final_confidence_min"": 80.27760446032954, ""iv_crush_max"": 24.0, ""market_hostility_max"": 21.009479555138668, ""min_5depth_lots_each_side"": 17.0, ""min_top_book_lots"": 3.0, ""premium_elasticity_min"": 0.7, ""regime_confidence_min"": 60.0, ""spread_pct_max"": 0.14398848092151809, ""trade_quality_min"": 27.930720145862598}",55.56,277.8,2.6559227771384624,27.930720145862598,0,0.7,422.875,298.5,1.4166666666666667,24.0,21.009479555138668,60.0,INVALID,True,DataHealth invalid; Contract invalid: Quote stale or spread hard rejected.; SideDirection hard reject: 2.7 < 65.0; PremiumElasticity hard reject: 0.70 < 1.00; Expected/Required hard reject: 1.42 < 1.60; TradeQuality below configured minimum; ConvexityEdge below excellent gate: 76.8 < 80.0,DataHealth invalid; Contract invalid: Quote stale or spread hard rejected.; SideDirection hard reject: 2.7 < 65.0; PremiumElasticity hard reject: 0.70 < 1.00; Expected/Required hard reject: 1.42 < 1.60; TradeQuality below configured minimum; ConvexityEdge below excellent gate: 76.8 < 80.0,direction=OBSERVED;liquidity=OBSERVED,NSE,INDEX,NSE_INDEX,BANKNIFTY,PAPER_ELIGIBLE,INDEX:BANKING,,,paper-strategy-8ade763620b6,opportunity-score-8ade763620b6,universe-a8e55c76a270,PAPER_OVERRIDE::FYERS_PAPER_PROXY_RESEARCH
202608211323_4_BANKNIFTY_CE,2026-08-21T07:53:44.790828+00:00,202608211323,BANKNIFTY,CE,4,52.846392910399786,52.846392910399786,80.0,2e840ccd58d1,"{""contract_quality_min"": 0.0, ""direction_min"": 0.0, ""excellent_score_min"": 52.846392910399786, ""execution_quality_min"": 100.0, ""expected_required_ratio_min"": 1.4166666666666667, ""final_confidence_min"": 79.480827627188, ""iv_crush_max"": 24.0, ""market_hostility_max"": 21.009479555138668, ""min_5depth_lots_each_side"": 27.0, ""min_top_book_lots"": 7.0, ""premium_elasticity_min"": 0.5, ""regime_confidence_min"": 60.0, ""spread_pct_max"": 0.11187768040276388, ""trade_quality_min"": 27.930720145862598}",53.629999999999995,268.15,-2.6559227771384624,27.930720145862598,0,0.5,422.875,298.5,1.4166666666666667,24.0,21.009479555138668,60.0,INVALID,True,DataHealth invalid; Contract invalid: Quote stale or spread hard rejected.; SideDirection hard reject: -2.7 < 65.0; PremiumElasticity hard reject: 0.50 < 1.00; Expected/Required hard reject: 1.42 < 1.60; TradeQuality below configured minimum; ConvexityEdge below excellent gate: 78.3 < 80.0,DataHealth invalid; Contract invalid: Quote stale or spread hard rejected.; SideDirection hard reject: -2.7 < 65.0; PremiumElasticity hard reject: 0.50 < 1.00; Expected/Required hard reject: 1.42 < 1.60; TradeQuality below configured minimum; ConvexityEdge below excellent gate: 78.3 < 80.0,direction=OBSERVED;liquidity=OBSERVED,NSE,INDEX,NSE_INDEX,BANKNIFTY,PAPER_ELIGIBLE,INDEX:BANKING,,,paper-strategy-8ade763620b6,opportunity-score-8ade763620b6,universe-a8e55c76a270,PAPER_OVERRIDE::FYERS_PAPER_PROXY_RESEARCH
202608211323_5_BANKNIFTY_CE,2026-08-21T07:53:44.791483+00:00,202608211323,BANKNIFTY,CE,5,52.546392910399774,52.546392910399774,80.0,2e840ccd58d1,"{""contract_quality_min"": 0.0, ""direction_min"": 0.0, ""excellent_score_min"": 52.546392910399774, ""execution_quality_min"": 100.0, ""expected_required_ratio_min"": 1.4166666666666667, ""final_confidence_min"": 79.480827627188, ""iv_crush_max"": 24.0, ""market_hostility_max"": 21.009479555138668, ""min_5depth_lots_each_side"": 6.0, ""min_top_book_lots"": 1.0, ""premium_elasticity_min"": 0.7, ""regime_confidence_min"": 60.0, ""spread_pct_max"": 0.19955483920486117, ""trade_quality_min"": 27.930720145862598}",65.14500000000001,325.725,-2.6559227771384624,27.930720145862598,0,0.7,422.875,298.5,1.4166666666666667,24.0,21.009479555138668,60.0,INVALID,True,DataHealth invalid; Contract invalid: Quote stale or spread hard rejected.; SideDirection hard reject: -2.7 < 65.0; PremiumElasticity hard reject: 0.70 < 1.00; Expected/Required hard reject: 1.42 < 1.60; TradeQuality below configured minimum; ConvexityEdge below excellent gate: 76.8 < 80.0,DataHealth invalid; Contract invalid: Quote stale or spread hard rejected.; SideDirection hard reject: -2.7 < 65.0; PremiumElasticity hard reject: 0.70 < 1.00; Expected/Required hard reject: 1.42 < 1.60; TradeQuality below configured minimum; ConvexityEdge below excellent gate: 76.8 < 80.0,direction=OBSERVED;liquidity=OBSERVED,NSE,INDEX,NSE_INDEX,BANKNIFTY,PAPER_ELIGIBLE,INDEX:BANKING,,,paper-strategy-8ade763620b6,opportunity-score-8ade763620b6,universe-a8e55c76a270,PAPER_OVERRIDE::FYERS_PAPER_PROXY_RESEARCH
202608211325_1_BANKNIFTY_PE,2026-08-21T07:55:14.435234+00:00,202608211325,BANKNIFTY,PE,1,57.34033942129138,57.34033942129138,80.0,2e840ccd58d1,"{""contract_quality_min"": 0.0, ""direction_min"": 3.515331473396903, ""excellent_score_min"": 57.34033942129138, ""execution_quality_min"": 100.0, ""expected_required_ratio_min"": 1.4166666666666667, ""final_confidence_min"": 84.43096944578426, ""iv_crush_max"": 24.0, ""market_hostility_max"": 20.537794726435372, ""min_5depth_lots_each_side"": 14.0, ""min_top_book_lots"": 1.0, ""premium_elasticity_min"": 0.5, ""regime_confidence_min"": 60.0, ""spread_pct_max"": 0.22002200220022, ""trade_quality_min"": 41.345565749249054}",45.45,227.25,3.515331473396903,41.345565749249054,0,0.5,423.10875,298.66499999999996,1.4166666666666667,24.0,20.537794726435372,60.0,INVALID,True,DataHealth invalid; Contract invalid: Quote stale or spread hard rejected.; SideDirection hard reject: 3.5 < 65.0; PremiumElasticity hard reject: 0.50 < 1.00; Expected/Required hard reject: 1.42 < 1.60; TradeQuality below configured minimum; ConvexityEdge below excellent gate: 78.3 < 80.0,DataHealth invalid; Contract invalid: Quote stale or spread hard rejected.; SideDirection hard reject: 3.5 < 65.0; PremiumElasticity hard reject: 0.50 < 1.00; Expected/Required hard reject: 1.42 < 1.60; TradeQuality below configured minimum; ConvexityEdge below excellent gate: 78.3 < 80.0,direction=OBSERVED;liquidity=OBSERVED,NSE,INDEX,NSE_INDEX,BANKNIFTY,PAPER_ELIGIBLE,INDEX:BANKING,,,paper-strategy-8ade763620b6,opportunity-score-8ade763620b6,universe-a8e55c76a270,PAPER_OVERRIDE::FYERS_PAPER_PROXY_RESEARCH
202608211325_2_BANKNIFTY_PE,2026-08-21T07:55:14.435872+00:00,202608211325,BANKNIFTY,PE,2,57.040339421291385,57.040339421291385,80.0,2e840ccd58d1,"{""contract_quality_min"": 0.0, ""direction_min"": 3.515331473396903, ""excellent_score_min"": 57.040339421291385, ""execution_quality_min"": 100.0, ""expected_required_ratio_min"": 1.4166666666666667, ""final_confidence_min"": 84.43096944578426, ""iv_crush_max"": 24.0, ""market_hostility_max"": 20.537794726435372, ""min_5depth_lots_each_side"": 10.0, ""min_top_book_lots"": 1.0, ""premium_elasticity_min"": 0.7, ""regime_confidence_min"": 60.0, ""spread_pct_max"": 0.23578489162962812, ""trade_quality_min"": 41.345565749249054}",55.135000000000005,275.675,3.515331473396903,41.345565749249054,0,0.7,423.10875,298.66499999999996,1.4166666666666667,24.0,20.537794726435372,60.0,INVALID,True,DataHealth invalid; Contract invalid: Quote stale or spread hard rejected.; SideDirection hard reject: 3.5 < 65.0; PremiumElasticity hard reject: 0.70 < 1.00; Expected/Required hard reject: 1.42 < 1.60; TradeQuality below configured minimum; ConvexityEdge below excellent gate: 76.8 < 80.0,DataHealth invalid; Contract invalid: Quote stale or spread hard rejected.; SideDirection hard reject: 3.5 < 65.0; PremiumElasticity hard reject: 0.70 < 1.00; Expected/Required hard reject: 1.42 < 1.60; TradeQuality below configured minimum; ConvexityEdge below excellent gate: 76.8 < 80.0,direction=OBSERVED;liquidity=OBSERVED,NSE,INDEX,NSE_INDEX,BANKNIFTY,PAPER_ELIGIBLE,INDEX:BANKING,,,paper-strategy-8ade763620b6,opportunity-score-8ade763620b6,universe-a8e55c76a270,PAPER_OVERRIDE::FYERS_PAPER_PROXY_RESEARCH
202608211325_3_BANKNIFTY_CE,2026-08-21T07:55:14.436360+00:00,202608211325,BANKNIFTY,CE,3,56.70757975607994,56.70757975607994,80.0,2e840ccd58d1,"{""contract_quality_min"": 0.0, ""direction_min"": 0.0, ""excellent_score_min"": 56.70757975607994, ""execution_quality_min"": 100.0, ""expected_required_ratio_min"": 1.4166666666666667, ""final_confidence_min"": 83.37637000376517, ""iv_crush_max"": 24.0, ""market_hostility_max"": 20.537794726435372, ""min_5depth_lots_each_side"": 13.0, ""min_top_book_lots"": 1.0, ""premium_elasticity_min"": 0.5, ""regime_confidence_min"": 60.0, ""spread_pct_max"": 0.2772387025228722, ""trade_quality_min"": 41.345565749249054}",54.105,270.525,-3.515331473396903,41.345565749249054,0,0.5,423.10875,298.66499999999996,1.4166666666666667,24.0,20.537794726435372,60.0,INVALID,True,DataHealth invalid; Contract invalid: Quote stale or spread hard rejected.; SideDirection hard reject: -3.5 < 65.0; PremiumElasticity hard reject: 0.50 < 1.00; Expected/Required hard reject: 1.42 < 1.60; TradeQuality below configured minimum; ConvexityEdge below excellent gate: 78.3 < 80.0,DataHealth invalid; Contract invalid: Quote stale or spread hard rejected.; SideDirection hard reject: -3.5 < 65.0; PremiumElasticity hard reject: 0.50 < 1.00; Expected/Required hard reject: 1.42 < 1.60; TradeQuality below configured minimum; ConvexityEdge below excellent gate: 78.3 < 80.0,direction=OBSERVED;liquidity=OBSERVED,NSE,INDEX,NSE_INDEX,BANKNIFTY,PAPER_ELIGIBLE,INDEX:BANKING,,,paper-strategy-8ade763620b6,opportunity-score-8ade763620b6,universe-a8e55c76a270,PAPER_OVERRIDE::FYERS_PAPER_PROXY_RESEARCH
202608211325_4_BANKNIFTY_PE,2026-08-21T07:55:14.437154+00:00,202608211325,BANKNIFTY,PE,4,54.14033942129138,54.14033942129138,80.0,2e840ccd58d1,"{""contract_quality_min"": 0.0, ""direction_min"": 3.515331473396903, ""excellent_score_min"": 54.14033942129138, ""execution_quality_min"": 100.0, ""expected_required_ratio_min"": 1.4166666666666667, ""final_confidence_min"": 84.43096944578426, ""iv_crush_max"": 24.0, ""market_hostility_max"": 20.537794726435372, ""min_5depth_lots_each_side"": 15.0, ""min_top_book_lots"": 1.0, ""premium_elasticity_min"": 0.3, ""regime_confidence_min"": 60.0, ""spread_pct_max"": 0.2151115891368678, ""trade_quality_min"": 41.345565749249054}",37.19,185.95,3.515331473396903,41.345565749249054,0,0.3,423.10875,298.66499999999996,1.4166666666666667,24.0,20.537794726435372,60.0,INVALID,True,DataHealth invalid; Contract invalid: Quote stale or spread hard rejected.; SideDirection hard reject: 3.5 < 65.0; PremiumElasticity hard reject: 0.30 < 1.00; Expected/Required hard reject: 1.42 < 1.60; TradeQuality below configured minimum; ConvexityEdge below excellent gate: 62.3 < 80.0,DataHealth invalid; Contract invalid: Quote stale or spread hard rejected.; SideDirection hard reject: 3.5 < 65.0; PremiumElasticity hard reject: 0.30 < 1.00; Expected/Required hard reject: 1.42 < 1.60; TradeQuality below configured minimum; ConvexityEdge below excellent gate: 62.3 < 80.0,direction=OBSERVED;liquidity=OBSERVED,NSE,INDEX,NSE_INDEX,BANKNIFTY,PAPER_ELIGIBLE,INDEX:BANKING,,,paper-strategy-8ade763620b6,opportunity-score-8ade763620b6,universe-a8e55c76a270,PAPER_OVERRIDE::FYERS_PAPER_PROXY_RESEARCH
202608211325_5_BANKNIFTY_CE,2026-08-21T07:55:14.437810+00:00,202608211325,BANKNIFTY,CE,5,53.507579756079934,53.507579756079934,80.0,2e840ccd58d1,"{""contract_quality_min"": 0.0, ""direction_min"": 0.0, ""excellent_score_min"": 53.507579756079934, ""execution_quality_min"": 100.0, ""expected_required_ratio_min"": 1.4166666666666667, ""final_confidence_min"": 83.37637000376517, ""iv_crush_max"": 24.0, ""market_hostility_max"": 20.537794726435372, ""min_5depth_lots_each_side"": 21.0, ""min_top_book_lots"": 2.0, ""premium_elasticity_min"": 0.3, ""regime_confidence_min"": 60.0, ""spread_pct_max"": 0.2753556677374917, ""trade_quality_min"": 41.345565749249054}",43.58,217.89999999999998,-3.515331473396903,41.345565749249054,0,0.3,423.10875,298.66499999999996,1.4166666666666667,24.0,20.537794726435372,60.0,INVALID,True,DataHealth invalid; Contract invalid: Quote stale or spread hard rejected.; SideDirection hard reject: -3.5 < 65.0; PremiumElasticity hard reject: 0.30 < 1.00; Expected/Required hard reject: 1.42 < 1.60; TradeQuality below configured minimum; ConvexityEdge below excellent gate: 62.3 < 80.0,DataHealth invalid; Contract invalid: Quote stale or spread hard rejected.; SideDirection hard reject: -3.5 < 65.0; PremiumElasticity hard reject: 0.30 < 1.00; Expected/Required hard reject: 1.42 < 1.60; TradeQuality below configured minimum; ConvexityEdge below excellent gate: 62.3 < 80.0,direction=OBSERVED;liquidity=OBSERVED,NSE,INDEX,NSE_INDEX,BANKNIFTY,PAPER_ELIGIBLE,INDEX:BANKING,,,paper-strategy-8ade763620b6,opportunity-score-8ade763620b6,universe-a8e55c76a270,PAPER_OVERRIDE::FYERS_PAPER_PROXY_RESEARCH
202608211326_1_NIFTY_CE,2026-08-21T07:56:16.803164+00:00,202608211326,NIFTY,CE,1,51.356197867345934,51.356197867345934,80.0,00929e22c867,"{""contract_quality_min"": 0.0, ""direction_min"": 0.0, ""excellent_score_min"": 51.356197867345934, ""execution_quality_min"": 100.0, ""expected_required_ratio_min"": 1.3333333333333333, ""final_confidence_min"": 75.95580417682547, ""iv_crush_max"": 24.0, ""market_hostility_max"": 18.545499429942243, ""min_5depth_lots_each_side"": 137.0, ""min_top_book_lots"": 15.0, ""premium_elasticity_min"": 0.7, ""regime_confidence_min"": 60.0, ""spread_pct_max"": 0.22421524663675854, ""trade_quality_min"": 15.570469798653523}",26.760000000000005,133.8,-1.4355784184706288,15.570469798653523,0,0.7,131.72,98.79,1.3333333333333333,24.0,18.545499429942243,60.0,INVALID,True,DataHealth invalid; Contract invalid: Quote stale or spread hard rejected.; SideDirection hard reject: -1.4 < 65.0; PremiumElasticity hard reject: 0.70 < 1.00; Expected/Required hard reject: 1.33 < 1.60; TradeQuality below configured minimum; ConvexityEdge below excellent gate: 76.8 < 80.0,DataHealth invalid; Contract invalid: Quote stale or spread hard rejected.; SideDirection hard reject: -1.4 < 65.0; PremiumElasticity hard reject: 0.70 < 1.00; Expected/Required hard reject: 1.33 < 1.60; TradeQuality below configured minimum; ConvexityEdge below excellent gate: 76.8 < 80.0,direction=OBSERVED;liquidity=OBSERVED,NSE,INDEX,NSE_INDEX,NIFTY,PAPER_ELIGIBLE,INDEX:BROAD_EQUITY,,,paper-strategy-8ade763620b6,opportunity-score-8ade763620b6,universe-a8e55c76a270,PAPER_OVERRIDE::FYERS_PAPER_PROXY_RESEARCH
202608211326_2_MIDCPNIFTY_CE,2026-08-21T07:56:16.803764+00:00,202608211326,MIDCPNIFTY,CE,2,51.32437415186534,51.32437415186534,90.0,712afad509f5,"{""contract_quality_min"": 0.0, ""direction_min"": 0.0, ""excellent_score_min"": 51.32437415186534, ""execution_quality_min"": 100.0, ""expected_required_ratio_min"": 1.0833333333333333, ""final_confidence_min"": 78.46521935116712, ""iv_crush_max"": 24.0, ""market_hostility_max"": 19.04323566672956, ""min_5depth_lots_each_side"": 13.0, ""min_top_book_lots"": 2.0, ""premium_elasticity_min"": 0.5, ""regime_confidence_min"": 60.0, ""spread_pct_max"": 0.6394884092725797, ""trade_quality_min"": 24.039408866994506}",12.51,62.55,-1.6440220595415052,24.039408866994506,0,0.5,82.0625,75.75,1.0833333333333333,24.0,19.04323566672956,60.0,INVALID,True,DataHealth invalid; Contract invalid: Quote stale or spread hard rejected.; SideDirection hard reject: -1.6 < 65.0; PremiumElasticity hard reject: 0.50 < 1.00; Expected/Required hard reject: 1.08 < 1.60; TradeQuality below configured minimum; ConvexityEdge below excellent gate: 77.3 < 80.0,DataHealth invalid; Contract invalid: Quote stale or spread hard rejected.; SideDirection hard reject: -1.6 < 65.0; PremiumElasticity hard reject: 0.50 < 1.00; Expected/Required hard reject: 1.08 < 1.60; TradeQuality below configured minimum; ConvexityEdge below excellent gate: 77.3 < 80.0,direction=OBSERVED;liquidity=OBSERVED,NSE,INDEX,NSE_INDEX,MIDCPNIFTY,PAPER_ELIGIBLE,INDEX:MIDCAP,,,paper-strategy-8ade763620b6,opportunity-score-8ade763620b6,universe-a8e55c76a270,PAPER_OVERRIDE::FYERS_PAPER_PROXY_RESEARCH
202608211326_3_MIDCPNIFTY_PE,2026-08-21T07:56:16.804250+00:00,202608211326,MIDCPNIFTY,PE,3,51.320298122582805,51.320298122582805,90.0,712afad509f5,"{""contract_quality_min"": 0.0, ""direction_min"": 1.6440220595415052, ""excellent_score_min"": 51.320298122582805, ""execution_quality_min"": 100.0, ""expected_required_ratio_min"": 1.0833333333333333, ""final_confidence_min"": 78.95842596902958, ""iv_crush_max"": 24.0, ""market_hostility_max"": 19.04323566672956, ""min_5depth_lots_each_side"": 19.0, ""min_top_book_lots"": 1.0, ""premium_elasticity_min"": 0.7, ""regime_confidence_min"": 60.0, ""spread_pct_max"": 0.6531678641410843, ""trade_quality_min"": 24.039408866994506}",15.31,76.55,1.6440220595415052,24.039408866994506,0,0.7,82.0625,75.75,1.0833333333333333,24.0,19.04323566672956,60.0,INVALID,True,DataHealth invalid; Contract invalid: Quote stale or spread hard rejected.; SideDirection hard reject: 1.6 < 65.0; PremiumElasticity hard reject: 0.70 < 1.00; Expected/Required hard reject: 1.08 < 1.60; TradeQuality below configured minimum; ConvexityEdge below excellent gate: 75.8 < 80.0,DataHealth invalid; Contract invalid: Quote stale or spread hard rejected.; SideDirection hard reject: 1.6 < 65.0; PremiumElasticity hard reject: 0.70 < 1.00; Expected/Required hard reject: 1.08 < 1.60; TradeQuality below configured minimum; ConvexityEdge below excellent gate: 75.8 < 80.0,direction=OBSERVED;liquidity=OBSERVED,NSE,INDEX,NSE_INDEX,MIDCPNIFTY,PAPER_ELIGIBLE,INDEX:MIDCAP,,,paper-strategy-8ade763620b6,opportunity-score-8ade763620b6,universe-a8e55c76a270,PAPER_OVERRIDE::FYERS_PAPER_PROXY_RESEARCH
202608211326_4_MIDCPNIFTY_CE,2026-08-21T07:56:16.804657+00:00,202608211326,MIDCPNIFTY,CE,4,51.02437415186534,51.02437415186534,90.0,712afad509f5,"{""contract_quality_min"": 0.0, ""direction_min"": 0.0, ""excellent_score_min"": 51.02437415186534, ""execution_quality_min"": 100.0, ""expected_required_ratio_min"": 1.0833333333333333, ""final_confidence_min"": 78.46521935116712, ""iv_crush_max"": 24.0, ""market_hostility_max"": 19.04323566672956, ""min_5depth_lots_each_side"": 10.0, ""min_top_book_lots"": 1.0, ""premium_elasticity_min"": 0.7, ""regime_confidence_min"": 60.0, ""spread_pct_max"": 0.6574621959237344, ""trade_quality_min"": 24.039408866994506}",15.21,76.05,-1.6440220595415052,24.039408866994506,0,0.7,82.0625,75.75,1.0833333333333333,24.0,19.04323566672956,60.0,INVALID,True,DataHealth invalid; Contract invalid: Quote stale or spread hard rejected.; SideDirection hard reject: -1.6 < 65.0; PremiumElasticity hard reject: 0.70 < 1.00; Expected/Required hard reject: 1.08 < 1.60; TradeQuality below configured minimum; ConvexityEdge below excellent gate: 75.8 < 80.0,DataHealth invalid; Contract invalid: Quote stale or spread hard rejected.; SideDirection hard reject: -1.6 < 65.0; PremiumElasticity hard reject: 0.70 < 1.00; Expected/Required hard reject: 1.08 < 1.60; TradeQuality below configured minimum; ConvexityEdge below excellent gate: 75.8 < 80.0,direction=OBSERVED;liquidity=OBSERVED,NSE,INDEX,NSE_INDEX,MIDCPNIFTY,PAPER_ELIGIBLE,INDEX:MIDCAP,,,paper-strategy-8ade763620b6,opportunity-score-8ade763620b6,universe-a8e55c76a270,PAPER_OVERRIDE::FYERS_PAPER_PROXY_RESEARCH
202608211326_5_MIDCPNIFTY_PE,2026-08-21T07:56:16.805057+00:00,202608211326,MIDCPNIFTY,PE,5,50.7079859449645,50.7079859449645,90.0,712afad509f5,"{""contract_quality_min"": 0.0, ""direction_min"": 1.6440220595415052, ""excellent_score_min"": 50.7079859449645, ""execution_quality_min"": 93.91791881587791, ""expected_required_ratio_min"": 1.0833333333333333, ""final_confidence_min"": 78.95842596902958, ""iv_crush_max"": 24.0, ""market_hostility_max"": 19.04323566672956, ""min_5depth_lots_each_side"": 12.0, ""min_top_book_lots"": 2.0, ""premium_elasticity_min"": 0.5, ""regime_confidence_min"": 60.0, ""spread_pct_max"": 0.9419152276295155, ""trade_quality_min"": 24.039408866994506}",12.740000000000002,63.7,1.6440220595415052,24.039408866994506,0,0.5,82.0625,75.75,1.0833333333333333,24.0,19.04323566672956,60.0,INVALID,True,DataHealth invalid; Contract invalid: Quote stale or spread hard rejected.; SideDirection hard reject: 1.6 < 65.0; PremiumElasticity hard reject: 0.50 < 1.00; Expected/Required hard reject: 1.08 < 1.60; TradeQuality below configured minimum; ConvexityEdge below excellent gate: 77.3 < 80.0,DataHealth invalid; Contract invalid: Quote stale or spread hard rejected.; SideDirection hard reject: 1.6 < 65.0; PremiumElasticity hard reject: 0.50 < 1.00; Expected/Required hard reject: 1.08 < 1.60; TradeQuality below configured minimum; ConvexityEdge below excellent gate: 77.3 < 80.0,direction=OBSERVED;liquidity=OBSERVED,NSE,INDEX,NSE_INDEX,MIDCPNIFTY,PAPER_ELIGIBLE,INDEX:MIDCAP,,,paper-strategy-8ade763620b6,opportunity-score-8ade763620b6,universe-a8e55c76a270,PAPER_OVERRIDE::FYERS_PAPER_PROXY_RESEARCH
202608211328_1_NIFTY_CE,2026-08-21T07:58:08.742581+00:00,202608211328,NIFTY,CE,1,57.708947538232486,57.708947538232486,80.0,00929e22c867,"{""contract_quality_min"": 0.0, ""direction_min"": 0.0, ""excellent_score_min"": 57.708947538232486, ""execution_quality_min"": 100.0, ""expected_required_ratio_min"": 1.3333333333333335, ""final_confidence_min"": 82.60109214877522, ""iv_crush_max"": 24.0, ""market_hostility_max"": 18.53152067858029, ""min_5depth_lots_each_side"": 129.0, ""min_top_book_lots"": 9.0, ""premium_elasticity_min"": 0.7, ""regime_confidence_min"": 60.0, ""spread_pct_max"": 0.22354694485840756, ""trade_quality_min"": 38.323353293419856}",26.84,134.2,-2.639425595004887,38.323353293419856,0,0.7,131.42,98.56499999999998,1.3333333333333335,24.0,18.53152067858029,60.0,INVALID,True,DataHealth invalid; Contract invalid: Quote stale or spread hard rejected.; SideDirection hard reject: -2.6 < 65.0; PremiumElasticity hard reject: 0.70 < 1.00; Expected/Required hard reject: 1.33 < 1.60; TradeQuality below configured minimum; ConvexityEdge below excellent gate: 76.8 < 80.0,DataHealth invalid; Contract invalid: Quote stale or spread hard rejected.; SideDirection hard reject: -2.6 < 65.0; PremiumElasticity hard reject: 0.70 < 1.00; Expected/Required hard reject: 1.33 < 1.60; TradeQuality below configured minimum; ConvexityEdge below excellent gate: 76.8 < 80.0,direction=OBSERVED;liquidity=OBSERVED,NSE,INDEX,NSE_INDEX,NIFTY,PAPER_ELIGIBLE,INDEX:BROAD_EQUITY,,,paper-strategy-8ade763620b6,opportunity-score-8ade763620b6,universe-a8e55c76a270,PAPER_OVERRIDE::FYERS_PAPER_PROXY_RESEARCH
202608211328_2_BANKNIFTY_PE,2026-08-21T07:58:08.743336+00:00,202608211328,BANKNIFTY,PE,2,52.037950415046566,52.037950415046566,80.0,2e840ccd58d1,"{""contract_quality_min"": 0.0, ""direction_min"": 1.7682438997752425, ""excellent_score_min"": 52.037950415046566, ""execution_quality_min"": 100.0, ""expected_required_ratio_min"": 1.4166666666666667, ""final_confidence_min"": 78.87325052225044, ""iv_crush_max"": 24.0, ""market_hostility_max"": 20.823824679526226, ""min_5depth_lots_each_side"": 7.0, ""min_top_book_lots"": 1.0, ""premium_elasticity_min"": 0.5, ""regime_confidence_min"": 60.0, ""spread_pct_max"": 0.2003784927084569, ""trade_quality_min"": 23.693379790947176}",44.915,224.575,1.7682438997752425,23.693379790947176,0,0.5,423.21500000000003,298.74,1.4166666666666667,24.0,20.823824679526226,60.0,INVALID,True,DataHealth invalid; Contract invalid: Quote stale or spread hard rejected.; SideDirection hard reject: 1.8 < 65.0; PremiumElasticity hard reject: 0.50 < 1.00; Expected/Required hard reject: 1.42 < 1.60; TradeQuality below configured minimum; ConvexityEdge below excellent gate: 78.3 < 80.0,DataHealth invalid; Contract invalid: Quote stale or spread hard rejected.; SideDirection hard reject: 1.8 < 65.0; PremiumElasticity hard reject: 0.50 < 1.00; Expected/Required hard reject: 1.42 < 1.60; TradeQuality below configured minimum; ConvexityEdge below excellent gate: 78.3 < 80.0,direction=OBSERVED;liquidity=OBSERVED,NSE,INDEX,NSE_INDEX,BANKNIFTY,PAPER_ELIGIBLE,INDEX:BANKING,,,paper-strategy-8ade763620b6,opportunity-score-8ade763620b6,universe-a8e55c76a270,PAPER_OVERRIDE::FYERS_PAPER_PROXY_RESEARCH
202608211328_3_BANKNIFTY_PE,2026-08-21T07:58:08.743881+00:00,202608211328,BANKNIFTY,PE,3,51.73795041504657,51.73795041504657,80.0,2e840ccd58d1,"{""contract_quality_min"": 0.0, ""direction_min"": 1.7682438997752425, ""excellent_score_min"": 51.73795041504657, ""execution_quality_min"": 100.0, ""expected_required_ratio_min"": 1.4166666666666667, ""final_confidence_min"": 78.87325052225044, ""iv_crush_max"": 24.0, ""market_hostility_max"": 20.823824679526226, ""min_5depth_lots_each_side"": 13.0, ""min_top_book_lots"": 1.0, ""premium_elasticity_min"": 0.7, ""regime_confidence_min"": 60.0, ""spread_pct_max"": 0.2570222140627827, ""trade_quality_min"": 23.693379790947176}",54.470000000000006,272.35,1.7682438997752425,23.693379790947176,0,0.7,423.21500000000003,298.74,1.4166666666666667,24.0,20.823824679526226,60.0,INVALID,True,DataHealth invalid; Contract invalid: Quote stale or spread hard rejected.; SideDirection hard reject: 1.8 < 65.0; PremiumElasticity hard reject: 0.70 < 1.00; Expected/Required hard reject: 1.42 < 1.60; TradeQuality below configured minimum; ConvexityEdge below excellent gate: 76.8 < 80.0,DataHealth invalid; Contract invalid: Quote stale or spread hard rejected.; SideDirection hard reject: 1.8 < 65.0; PremiumElasticity hard reject: 0.70 < 1.00; Expected/Required hard reject: 1.42 < 1.60; TradeQuality below configured minimum; ConvexityEdge below excellent gate: 76.8 < 80.0,direction=OBSERVED;liquidity=OBSERVED,NSE,INDEX,NSE_INDEX,BANKNIFTY,PAPER_ELIGIBLE,INDEX:BANKING,,,paper-strategy-8ade763620b6,opportunity-score-8ade763620b6,universe-a8e55c76a270,PAPER_OVERRIDE::FYERS_PAPER_PROXY_RESEARCH
202608211328_4_BANKNIFTY_CE,2026-08-21T07:58:08.744419+00:00,202608211328,BANKNIFTY,CE,4,51.71966651308702,51.71966651308702,80.0,2e840ccd58d1,"{""contract_quality_min"": 0.0, ""direction_min"": 0.0, ""excellent_score_min"": 51.71966651308702, ""execution_quality_min"": 100.0, ""expected_required_ratio_min"": 1.4166666666666667, ""final_confidence_min"": 78.34277735231787, ""iv_crush_max"": 24.0, ""market_hostility_max"": 20.823824679526226, ""min_5depth_lots_each_side"": 24.0, ""min_top_book_lots"": 2.0, ""premium_elasticity_min"": 0.5, ""regime_confidence_min"": 60.0, ""spread_pct_max"": 0.20122564712339203, ""trade_quality_min"": 23.693379790947176}",54.66500000000001,273.32500000000005,-1.7682438997752425,23.693379790947176,0,0.5,423.21500000000003,298.74,1.4166666666666667,24.0,20.823824679526226,60.0,INVALID,True,DataHealth invalid; Contract invalid: Quote stale or spread hard rejected.; SideDirection hard reject: -1.8 < 65.0; PremiumElasticity hard reject: 0.50 < 1.00; Expected/Required hard reject: 1.42 < 1.60; TradeQuality below configured minimum; ConvexityEdge below excellent gate: 78.3 < 80.0,DataHealth invalid; Contract invalid: Quote stale or spread hard rejected.; SideDirection hard reject: -1.8 < 65.0; PremiumElasticity hard reject: 0.50 < 1.00; Expected/Required hard reject: 1.42 < 1.60; TradeQuality below configured minimum; ConvexityEdge below excellent gate: 78.3 < 80.0,direction=OBSERVED;liquidity=OBSERVED,NSE,INDEX,NSE_INDEX,BANKNIFTY,PAPER_ELIGIBLE,INDEX:BANKING,,,paper-strategy-8ade763620b6,opportunity-score-8ade763620b6,universe-a8e55c76a270,PAPER_OVERRIDE::FYERS_PAPER_PROXY_RESEARCH
202608211328_5_BANKNIFTY_CE,2026-08-21T07:58:08.747728+00:00,202608211328,BANKNIFTY,CE,5,51.41966651308702,51.41966651308702,80.0,2e840ccd58d1,"{""contract_quality_min"": 0.0, ""direction_min"": 0.0, ""excellent_score_min"": 51.41966651308702, ""execution_quality_min"": 100.0, ""expected_required_ratio_min"": 1.4166666666666667, ""final_confidence_min"": 78.34277735231787, ""iv_crush_max"": 24.0, ""market_hostility_max"": 20.823824679526226, ""min_5depth_lots_each_side"": 13.0, ""min_top_book_lots"": 6.0, ""premium_elasticity_min"": 0.7, ""regime_confidence_min"": 60.0, ""spread_pct_max"": 0.19597497550312118, ""trade_quality_min"": 23.693379790947176}",66.33500000000001,331.675,-1.7682438997752425,23.693379790947176,0,0.7,423.21500000000003,298.74,1.4166666666666667,24.0,20.823824679526226,60.0,INVALID,True,DataHealth invalid; Contract invalid: Quote stale or spread hard rejected.; SideDirection hard reject: -1.8 < 65.0; PremiumElasticity hard reject: 0.70 < 1.00; Expected/Required hard reject: 1.42 < 1.60; TradeQuality below configured minimum; ConvexityEdge below excellent gate: 76.8 < 80.0,DataHealth invalid; Contract invalid: Quote stale or spread hard rejected.; SideDirection hard reject: -1.8 < 65.0; PremiumElasticity hard reject: 0.70 < 1.00; Expected/Required hard reject: 1.42 < 1.60; TradeQuality below configured minimum; ConvexityEdge below excellent gate: 76.8 < 80.0,direction=OBSERVED;liquidity=OBSERVED,NSE,INDEX,NSE_INDEX,BANKNIFTY,PAPER_ELIGIBLE,INDEX:BANKING,,,paper-strategy-8ade763620b6,opportunity-score-8ade763620b6,universe-a8e55c76a270,PAPER_OVERRIDE::FYERS_PAPER_PROXY_RESEARCH
202608211329_1_NIFTY_CE,2026-08-21T07:59:30.749093+00:00,202608211329,NIFTY,CE,1,53.208051729584255,53.208051729584255,80.0,00929e22c867,"{""contract_quality_min"": 0.0, ""direction_min"": 0.0, ""excellent_score_min"": 53.208051729584255, ""execution_quality_min"": 100.0, ""expected_required_ratio_min"": 1.3333333333333335, ""final_confidence_min"": 77.6317876541407, ""iv_crush_max"": 24.0, ""market_hostility_max"": 18.46243913573783, ""min_5depth_lots_each_side"": 244.0, ""min_top_book_lots"": 7.0, ""premium_elasticity_min"": 0.5, ""regime_confidence_min"": 60.0, ""spread_pct_max"": 0.24360535931790497, ""trade_quality_min"": 21.10749185668074}",20.525000000000002,102.625,-1.3363993524235305,21.10749185668074,0,0.5,131.66,98.74499999999999,1.3333333333333335,24.0,18.46243913573783,60.0,INVALID,True,DataHealth invalid; Contract invalid: Quote stale or spread hard rejected.; SideDirection hard reject: -1.3 < 65.0; PremiumElasticity hard reject: 0.50 < 1.00; Expected/Required hard reject: 1.33 < 1.60; TradeQuality below configured minimum; ConvexityEdge below excellent gate: 78.3 < 80.0,DataHealth invalid; Contract invalid: Quote stale or spread hard rejected.; SideDirection hard reject: -1.3 < 65.0; PremiumElasticity hard reject: 0.50 < 1.00; Expected/Required hard reject: 1.33 < 1.60; TradeQuality below configured minimum; ConvexityEdge below excellent gate: 78.3 < 80.0,direction=OBSERVED;liquidity=OBSERVED,NSE,INDEX,NSE_INDEX,NIFTY,PAPER_ELIGIBLE,INDEX:BROAD_EQUITY,,,paper-strategy-8ade763620b6,opportunity-score-8ade763620b6,universe-a8e55c76a270,PAPER_OVERRIDE::FYERS_PAPER_PROXY_RESEARCH
202608211329_2_NIFTY_CE,2026-08-21T07:59:30.749901+00:00,202608211329,NIFTY,CE,2,52.90805172958426,52.90805172958426,80.0,00929e22c867,"{""contract_quality_min"": 0.0, ""direction_min"": 0.0, ""excellent_score_min"": 52.90805172958426, ""execution_quality_min"": 100.0, ""expected_required_ratio_min"": 1.3333333333333335, ""final_confidence_min"": 77.6317876541407, ""iv_crush_max"": 24.0, ""market_hostility_max"": 18.46243913573783, ""min_5depth_lots_each_side"": 124.0, ""min_top_book_lots"": 7.0, ""premium_elasticity_min"": 0.7, ""regime_confidence_min"": 60.0, ""spread_pct_max"": 0.2570222140627827, ""trade_quality_min"": 21.10749185668074}",27.235000000000003,136.175,-1.3363993524235305,21.10749185668074,0,0.7,131.66,98.74499999999999,1.3333333333333335,24.0,18.46243913573783,60.0,INVALID,True,DataHealth invalid; Contract invalid: Quote stale or spread hard rejected.; SideDirection hard reject: -1.3 < 65.0; PremiumElasticity hard reject: 0.70 < 1.00; Expected/Required hard reject: 1.33 < 1.60; TradeQuality below configured minimum; ConvexityEdge below excellent gate: 76.8 < 80.0,DataHealth invalid; Contract invalid: Quote stale or spread hard rejected.; SideDirection hard reject: -1.3 < 65.0; PremiumElasticity hard reject: 0.70 < 1.00; Expected/Required hard reject: 1.33 < 1.60; TradeQuality below configured minimum; ConvexityEdge below excellent gate: 76.8 < 80.0,direction=OBSERVED;liquidity=OBSERVED,NSE,INDEX,NSE_INDEX,NIFTY,PAPER_ELIGIBLE,INDEX:BROAD_EQUITY,,,paper-strategy-8ade763620b6,opportunity-score-8ade763620b6,universe-a8e55c76a270,PAPER_OVERRIDE::FYERS_PAPER_PROXY_RESEARCH
202608211329_3_BANKNIFTY_PE,2026-08-21T07:59:30.754574+00:00,202608211329,BANKNIFTY,PE,3,52.03786962390099,52.03786962390099,80.0,2e840ccd58d1,"{""contract_quality_min"": 0.0, ""direction_min"": 1.7682438997752425, ""excellent_score_min"": 52.03786962390099, ""execution_quality_min"": 100.0, ""expected_required_ratio_min"": 1.4166666666666667, ""final_confidence_min"": 78.87325052225044, ""iv_crush_max"": 24.0, ""market_hostility_max"": 20.824147844108538, ""min_5depth_lots_each_side"": 19.0, ""min_top_book_lots"": 1.0, ""premium_elasticity_min"": 0.5, ""regime_confidence_min"": 60.0, ""spread_pct_max"": 0.15703869882221996, ""trade_quality_min"": 23.693379790947176}",44.575,222.875,1.7682438997752425,23.693379790947176,0,0.5,421.74875,297.705,1.4166666666666667,24.0,20.824147844108538,60.0,INVALID,True,DataHealth invalid; Contract invalid: Quote stale or spread hard rejected.; SideDirection hard reject: 1.8 < 65.0; PremiumElasticity hard reject: 0.50 < 1.00; Expected/Required hard reject: 1.42 < 1.60; TradeQuality below configured minimum; ConvexityEdge below excellent gate: 78.3 < 80.0,DataHealth invalid; Contract invalid: Quote stale or spread hard rejected.; SideDirection hard reject: 1.8 < 65.0; PremiumElasticity hard reject: 0.50 < 1.00; Expected/Required hard reject: 1.42 < 1.60; TradeQuality below configured minimum; ConvexityEdge below excellent gate: 78.3 < 80.0,direction=OBSERVED;liquidity=OBSERVED,NSE,INDEX,NSE_INDEX,BANKNIFTY,PAPER_ELIGIBLE,INDEX:BANKING,,,paper-strategy-8ade763620b6,opportunity-score-8ade763620b6,universe-a8e55c76a270,PAPER_OVERRIDE::FYERS_PAPER_PROXY_RESEARCH
202608211329_4_BANKNIFTY_CE,2026-08-21T07:59:30.757303+00:00,202608211329,BANKNIFTY,CE,4,51.71958572194144,51.71958572194144,80.0,2e840ccd58d1,"{""contract_quality_min"": 0.0, ""direction_min"": 0.0, ""excellent_score_min"": 51.71958572194144, ""execution_quality_min"": 100.0, ""expected_required_ratio_min"": 1.4166666666666667, ""final_confidence_min"": 78.34277735231787, ""iv_crush_max"": 24.0, ""market_hostility_max"": 20.824147844108538, ""min_5depth_lots_each_side"": 12.0, ""min_top_book_lots"": 1.0, ""premium_elasticity_min"": 0.5, ""regime_confidence_min"": 60.0, ""spread_pct_max"": 0.2561287961946538, ""trade_quality_min"": 23.693379790947176}",54.66,273.29999999999995,-1.7682438997752425,23.693379790947176,0,0.5,421.74875,297.705,1.4166666666666667,24.0,20.824147844108538,60.0,INVALID,True,DataHealth invalid; Contract invalid: Quote stale or spread hard rejected.; SideDirection hard reject: -1.8 < 65.0; PremiumElasticity hard reject: 0.50 < 1.00; Expected/Required hard reject: 1.42 < 1.60; TradeQuality below configured minimum; ConvexityEdge below excellent gate: 78.3 < 80.0,DataHealth invalid; Contract invalid: Quote stale or spread hard rejected.; SideDirection hard reject: -1.8 < 65.0; PremiumElasticity hard reject: 0.50 < 1.00; Expected/Required hard reject: 1.42 < 1.60; TradeQuality below configured minimum; ConvexityEdge below excellent gate: 78.3 < 80.0,direction=OBSERVED;liquidity=OBSERVED,NSE,INDEX,NSE_INDEX,BANKNIFTY,PAPER_ELIGIBLE,INDEX:BANKING,,,paper-strategy-8ade763620b6,opportunity-score-8ade763620b6,universe-a8e55c76a270,PAPER_OVERRIDE::FYERS_PAPER_PROXY_RESEARCH
202608211329_5_BANKNIFTY_PE,2026-08-21T07:59:30.758003+00:00,202608211329,BANKNIFTY,PE,5,48.837869623900986,48.837869623900986,80.0,2e840ccd58d1,"{""contract_quality_min"": 0.0, ""direction_min"": 1.7682438997752425, ""excellent_score_min"": 48.837869623900986, ""execution_quality_min"": 100.0, ""expected_required_ratio_min"": 1.4166666666666667, ""final_confidence_min"": 78.87325052225044, ""iv_crush_max"": 24.0, ""market_hostility_max"": 20.824147844108538, ""min_5depth_lots_each_side"": 17.0, ""min_top_book_lots"": 2.0, ""premium_elasticity_min"": 0.3, ""regime_confidence_min"": 60.0, ""spread_pct_max"": 0.3026551107442627, ""trade_quality_min"": 23.693379790947176}",36.345,181.725,1.7682438997752425,23.693379790947176,0,0.3,421.74875,297.705,1.4166666666666667,24.0,20.824147844108538,60.0,INVALID,True,DataHealth invalid; Contract invalid: Quote stale or spread hard rejected.; SideDirection hard reject: 1.8 < 65.0; PremiumElasticity hard reject: 0.30 < 1.00; Expected/Required hard reject: 1.42 < 1.60; TradeQuality below configured minimum; ConvexityEdge below excellent gate: 62.3 < 80.0,DataHealth invalid; Contract invalid: Quote stale or spread hard rejected.; SideDirection hard reject: 1.8 < 65.0; PremiumElasticity hard reject: 0.30 < 1.00; Expected/Required hard reject: 1.42 < 1.60; TradeQuality below configured minimum; ConvexityEdge below excellent gate: 62.3 < 80.0,direction=OBSERVED;liquidity=OBSERVED,NSE,INDEX,NSE_INDEX,BANKNIFTY,PAPER_ELIGIBLE,INDEX:BANKING,,,paper-strategy-8ade763620b6,opportunity-score-8ade763620b6,universe-a8e55c76a270,PAPER_OVERRIDE::FYERS_PAPER_PROXY_RESEARCH
202608211330_1_NIFTY_CE,2026-08-21T08:00:37.210680+00:00,202608211330,NIFTY,CE,1,60.9139598339988,60.9139598339988,80.0,00929e22c867,"{""contract_quality_min"": 0.0, ""direction_min"": 3.3995853661049864, ""excellent_score_min"": 60.9139598339988, ""execution_quality_min"": 100.0, ""expected_required_ratio_min"": 1.3333333333333333, ""final_confidence_min"": 85.97603949983518, ""iv_crush_max"": 24.0, ""market_hostility_max"": 18.60994949369985, ""min_5depth_lots_each_side"": 184.0, ""min_top_book_lots"": 7.0, ""premium_elasticity_min"": 0.5, ""regime_confidence_min"": 60.0, ""spread_pct_max"": 0.23736055067647754, ""trade_quality_min"": 46.55367231639812}",21.065,105.325,3.3995853661049864,46.55367231639812,0,0.5,132.0,99.0,1.3333333333333333,24.0,18.60994949369985,60.0,INVALID,True,DataHealth invalid; Contract invalid: Quote stale or spread hard rejected.; SideDirection hard reject: 3.4 < 65.0; PremiumElasticity hard reject: 0.50 < 1.00; Expected/Required hard reject: 1.33 < 1.60; TradeQuality below configured minimum; ConvexityEdge below excellent gate: 78.3 < 80.0,DataHealth invalid; Contract invalid: Quote stale or spread hard rejected.; SideDirection hard reject: 3.4 < 65.0; PremiumElasticity hard reject: 0.50 < 1.00; Expected/Required hard reject: 1.33 < 1.60; TradeQuality below configured minimum; ConvexityEdge below excellent gate: 78.3 < 80.0,direction=OBSERVED;liquidity=OBSERVED,NSE,INDEX,NSE_INDEX,NIFTY,PAPER_ELIGIBLE,INDEX:BROAD_EQUITY,,,paper-strategy-8ade763620b6,opportunity-score-8ade763620b6,universe-a8e55c76a270,PAPER_OVERRIDE::FYERS_PAPER_PROXY_RESEARCH
202608211330_2_NIFTY_CE,2026-08-21T08:00:37.211294+00:00,202608211330,NIFTY,CE,2,60.613959833998805,60.613959833998805,80.0,00929e22c867,"{""contract_quality_min"": 0.0, ""direction_min"": 3.3995853661049864, ""excellent_score_min"": 60.613959833998805, ""execution_quality_min"": 100.0, ""expected_required_ratio_min"": 1.3333333333333333, ""final_confidence_min"": 85.97603949983518, ""iv_crush_max"": 24.0, ""market_hostility_max"": 18.60994949369985, ""min_5depth_lots_each_side"": 138.0, ""min_top_book_lots"": 2.0, ""premium_elasticity_min"": 0.7, ""regime_confidence_min"": 60.0, ""spread_pct_max"": 0.21528525296018042, ""trade_quality_min"": 46.55367231639812}",27.87,139.35,3.3995853661049864,46.55367231639812,0,0.7,132.0,99.0,1.3333333333333333,24.0,18.60994949369985,60.0,INVALID,True,DataHealth invalid; Contract invalid: Quote stale or spread hard rejected.; SideDirection hard reject: 3.4 < 65.0; PremiumElasticity hard reject: 0.70 < 1.00; Expected/Required hard reject: 1.33 < 1.60; TradeQuality below configured minimum; ConvexityEdge below excellent gate: 76.8 < 80.0,DataHealth invalid; Contract invalid: Quote stale or spread hard rejected.; SideDirection hard reject: 3.4 < 65.0; PremiumElasticity hard reject: 0.70 < 1.00; Expected/Required hard reject: 1.33 < 1.60; TradeQuality below configured minimum; ConvexityEdge below excellent gate: 76.8 < 80.0,direction=OBSERVED;liquidity=OBSERVED,NSE,INDEX,NSE_INDEX,NIFTY,PAPER_ELIGIBLE,INDEX:BROAD_EQUITY,,,paper-strategy-8ade763620b6,opportunity-score-8ade763620b6,universe-a8e55c76a270,PAPER_OVERRIDE::FYERS_PAPER_PROXY_RESEARCH
202608211330_3_MIDCPNIFTY_CE,2026-08-21T08:00:37.212427+00:00,202608211330,MIDCPNIFTY,CE,3,53.70042554380675,53.70042554380675,90.0,712afad509f5,"{""contract_quality_min"": 0.0, ""direction_min"": 2.830551081337907, ""excellent_score_min"": 53.70042554380675, ""execution_quality_min"": 100.0, ""expected_required_ratio_min"": 1.0833333333333333, ""final_confidence_min"": 81.1553518929714, ""iv_crush_max"": 24.0, ""market_hostility_max"": 19.2892094941989, ""min_top_book_lots"": 0.0, ""premium_elasticity_min"": 0.5, ""regime_confidence_min"": 60.0, ""spread_pct_max"": 0.7763975155279502, ""trade_quality_min"": 30.76923076923569}",12.880000000000003,64.4,2.830551081337907,30.76923076923569,0,0.5,81.26625,75.015,1.0833333333333333,24.0,19.2892094941989,60.0,INVALID,True,DataHealth invalid; Contract invalid: Quote stale or spread hard rejected.; SideDirection hard reject: 2.8 < 65.0; PremiumElasticity hard reject: 0.50 < 1.00; Expected/Required hard reject: 1.08 < 1.60; TradeQuality below configured minimum; ConvexityEdge below excellent gate: 77.3 < 80.0,DataHealth invalid; Contract invalid: Quote stale or spread hard rejected.; SideDirection hard reject: 2.8 < 65.0; PremiumElasticity hard reject: 0.50 < 1.00; Expected/Required hard reject: 1.08 < 1.60; TradeQuality below configured minimum; ConvexityEdge below excellent gate: 77.3 < 80.0,direction=OBSERVED;liquidity=OBSERVED,NSE,INDEX,NSE_INDEX,MIDCPNIFTY,PAPER_ELIGIBLE,INDEX:MIDCAP,,,paper-strategy-8ade763620b6,opportunity-score-8ade763620b6,universe-a8e55c76a270,PAPER_OVERRIDE::FYERS_PAPER_PROXY_RESEARCH
202608211330_4_MIDCPNIFTY_CE,2026-08-21T08:00:37.213028+00:00,202608211330,MIDCPNIFTY,CE,4,53.40042554380675,53.40042554380675,90.0,712afad509f5,"{""contract_quality_min"": 0.0, ""direction_min"": 2.830551081337907, ""excellent_score_min"": 53.40042554380675, ""execution_quality_min"": 100.0, ""expected_required_ratio_min"": 1.0833333333333333, ""final_confidence_min"": 81.1553518929714, ""iv_crush_max"": 24.0, ""market_hostility_max"": 19.2892094941989, ""min_5depth_lots_each_side"": 11.0, ""min_top_book_lots"": 2.0, ""premium_elasticity_min"": 0.7, ""regime_confidence_min"": 60.0, ""spread_pct_max"": 0.44402156676180693, ""trade_quality_min"": 30.76923076923569}",15.765,78.825,2.830551081337907,30.76923076923569,0,0.7,81.26625,75.015,1.0833333333333333,24.0,19.2892094941989,60.0,INVALID,True,DataHealth invalid; Contract invalid: Quote stale or spread hard rejected.; SideDirection hard reject: 2.8 < 65.0; PremiumElasticity hard reject: 0.70 < 1.00; Expected/Required hard reject: 1.08 < 1.60; TradeQuality below configured minimum; ConvexityEdge below excellent gate: 75.8 < 80.0,DataHealth invalid; Contract invalid: Quote stale or spread hard rejected.; SideDirection hard reject: 2.8 < 65.0; PremiumElasticity hard reject: 0.70 < 1.00; Expected/Required hard reject: 1.08 < 1.60; TradeQuality below configured minimum; ConvexityEdge below excellent gate: 75.8 < 80.0,direction=OBSERVED;liquidity=OBSERVED,NSE,INDEX,NSE_INDEX,MIDCPNIFTY,PAPER_ELIGIBLE,INDEX:MIDCAP,,,paper-strategy-8ade763620b6,opportunity-score-8ade763620b6,universe-a8e55c76a270,PAPER_OVERRIDE::FYERS_PAPER_PROXY_RESEARCH
202608211330_5_MIDCPNIFTY_PE,2026-08-21T08:00:37.213735+00:00,202608211330,MIDCPNIFTY,PE,5,53.19092634916593,53.19092634916593,90.0,712afad509f5,"{""contract_quality_min"": 0.0, ""direction_min"": 0.0, ""excellent_score_min"": 53.19092634916593, ""execution_quality_min"": 100.0, ""expected_required_ratio_min"": 1.0833333333333333, ""final_confidence_min"": 80.30618656857001, ""iv_crush_max"": 24.0, ""market_hostility_max"": 19.2892094941989, ""min_5depth_lots_each_side"": 11.0, ""min_top_book_lots"": 2.0, ""premium_elasticity_min"": 0.5, ""regime_confidence_min"": 60.0, ""spread_pct_max"": 0.5773195876288566, ""trade_quality_min"": 30.76923076923569}",12.125,60.625,-2.830551081337907,30.76923076923569,0,0.5,81.26625,75.015,1.0833333333333333,24.0,19.2892094941989,60.0,INVALID,True,DataHealth invalid; Contract invalid: Quote stale or spread hard rejected.; SideDirection hard reject: -2.8 < 65.0; PremiumElasticity hard reject: 0.50 < 1.00; Expected/Required hard reject: 1.08 < 1.60; TradeQuality below configured minimum; ConvexityEdge below excellent gate: 77.3 < 80.0,DataHealth invalid; Contract invalid: Quote stale or spread hard rejected.; SideDirection hard reject: -2.8 < 65.0; PremiumElasticity hard reject: 0.50 < 1.00; Expected/Required hard reject: 1.08 < 1.60; TradeQuality below configured minimum; ConvexityEdge below excellent gate: 77.3 < 80.0,direction=OBSERVED;liquidity=OBSERVED,NSE,INDEX,NSE_INDEX,MIDCPNIFTY,PAPER_ELIGIBLE,INDEX:MIDCAP,,,paper-strategy-8ade763620b6,opportunity-score-8ade763620b6,universe-a8e55c76a270,PAPER_OVERRIDE::FYERS_PAPER_PROXY_RESEARCH
202608211331_1_MIDCPNIFTY_CE,2026-08-21T08:01:41.558256+00:00,202608211331,MIDCPNIFTY,CE,1,55.89278186814647,55.89278186814647,90.0,712afad509f5,"{""contract_quality_min"": 0.0, ""direction_min"": 4.070588314581584, ""excellent_score_min"": 55.89278186814647, ""execution_quality_min"": 100.0, ""expected_required_ratio_min"": 1.0833333333333335, ""final_confidence_min"": 83.47108981458777, ""iv_crush_max"": 24.0, ""market_hostility_max"": 19.266134971529162, ""min_5depth_lots_each_side"": 19.0, ""min_top_book_lots"": 4.0, ""premium_elasticity_min"": 0.5, ""regime_confidence_min"": 60.0, ""spread_pct_max"": 0.5317128750474657, ""trade_quality_min"": 37.868338558001795}",13.165000000000001,65.825,4.070588314581584,37.868338558001795,0,0.5,81.20125000000002,74.955,1.0833333333333335,24.0,19.266134971529162,60.0,INVALID,True,DataHealth invalid; Contract invalid: Quote stale or spread hard rejected.; SideDirection hard reject: 4.1 < 65.0; PremiumElasticity hard reject: 0.50 < 1.00; Expected/Required hard reject: 1.08 < 1.60; TradeQuality below configured minimum; ConvexityEdge below excellent gate: 77.3 < 80.0,DataHealth invalid; Contract invalid: Quote stale or spread hard rejected.; SideDirection hard reject: 4.1 < 65.0; PremiumElasticity hard reject: 0.50 < 1.00; Expected/Required hard reject: 1.08 < 1.60; TradeQuality below configured minimum; ConvexityEdge below excellent gate: 77.3 < 80.0,direction=OBSERVED;liquidity=OBSERVED,NSE,INDEX,NSE_INDEX,MIDCPNIFTY,PAPER_ELIGIBLE,INDEX:MIDCAP,,,paper-strategy-8ade763620b6,opportunity-score-8ade763620b6,universe-a8e55c76a270,PAPER_OVERRIDE::FYERS_PAPER_PROXY_RESEARCH
202608211331_2_MIDCPNIFTY_CE,2026-08-21T08:01:41.558862+00:00,202608211331,MIDCPNIFTY,CE,2,55.59278186814646,55.59278186814646,90.0,712afad509f5,"{""contract_quality_min"": 0.0, ""direction_min"": 4.070588314581584, ""excellent_score_min"": 55.59278186814646, ""execution_quality_min"": 100.0, ""expected_required_ratio_min"": 1.0833333333333335, ""final_confidence_min"": 83.47108981458777, ""iv_crush_max"": 24.0, ""market_hostility_max"": 19.266134971529162, ""min_5depth_lots_each_side"": 7.0, ""min_top_book_lots"": 2.0, ""premium_elasticity_min"": 0.7, ""regime_confidence_min"": 60.0, ""spread_pct_max"": 0.49844236760125316, ""trade_quality_min"": 37.868338558001795}",16.05,80.25,4.070588314581584,37.868338558001795,0,0.7,81.20125000000002,74.955,1.0833333333333335,24.0,19.266134971529162,60.0,INVALID,True,DataHealth invalid; Contract invalid: Quote stale or spread hard rejected.; SideDirection hard reject: 4.1 < 65.0; PremiumElasticity hard reject: 0.70 < 1.00; Expected/Required hard reject: 1.08 < 1.60; TradeQuality below configured minimum; ConvexityEdge below excellent gate: 75.8 < 80.0,DataHealth invalid; Contract invalid: Quote stale or spread hard rejected.; SideDirection hard reject: 4.1 < 65.0; PremiumElasticity hard reject: 0.70 < 1.00; Expected/Required hard reject: 1.08 < 1.60; TradeQuality below configured minimum; ConvexityEdge below excellent gate: 75.8 < 80.0,direction=OBSERVED;liquidity=OBSERVED,NSE,INDEX,NSE_INDEX,MIDCPNIFTY,PAPER_ELIGIBLE,INDEX:MIDCAP,,,paper-strategy-8ade763620b6,opportunity-score-8ade763620b6,universe-a8e55c76a270,PAPER_OVERRIDE::FYERS_PAPER_PROXY_RESEARCH
202608211331_3_MIDCPNIFTY_PE,2026-08-21T08:01:41.559433+00:00,202608211331,MIDCPNIFTY,PE,3,54.86007597152178,54.86007597152178,90.0,712afad509f5,"{""contract_quality_min"": 0.0, ""direction_min"": 0.0, ""excellent_score_min"": 54.86007597152178, ""execution_quality_min"": 100.0, ""expected_required_ratio_min"": 1.0833333333333335, ""final_confidence_min"": 82.2499133202133, ""iv_crush_max"": 24.0, ""market_hostility_max"": 19.266134971529162, ""min_5depth_lots_each_side"": 11.0, ""min_top_book_lots"": 2.0, ""premium_elasticity_min"": 0.7, ""regime_confidence_min"": 60.0, ""spread_pct_max"": 0.7705779334501035, ""trade_quality_min"": 37.868338558001795}",14.275,71.375,-4.070588314581584,37.868338558001795,0,0.7,81.20125000000002,74.955,1.0833333333333335,24.0,19.266134971529162,60.0,INVALID,True,DataHealth invalid; Contract invalid: Quote stale or spread hard rejected.; SideDirection hard reject: -4.1 < 65.0; PremiumElasticity hard reject: 0.70 < 1.00; Expected/Required hard reject: 1.08 < 1.60; TradeQuality below configured minimum; ConvexityEdge below excellent gate: 75.8 < 80.0,DataHealth invalid; Contract invalid: Quote stale or spread hard rejected.; SideDirection hard reject: -4.1 < 65.0; PremiumElasticity hard reject: 0.70 < 1.00; Expected/Required hard reject: 1.08 < 1.60; TradeQuality below configured minimum; ConvexityEdge below excellent gate: 75.8 < 80.0,direction=OBSERVED;liquidity=OBSERVED,NSE,INDEX,NSE_INDEX,MIDCPNIFTY,PAPER_ELIGIBLE,INDEX:MIDCAP,,,paper-strategy-8ade763620b6,opportunity-score-8ade763620b6,universe-a8e55c76a270,PAPER_OVERRIDE::FYERS_PAPER_PROXY_RESEARCH
202608211331_4_BANKNIFTY_PE,2026-08-21T08:01:41.559933+00:00,202608211331,BANKNIFTY,PE,4,53.21386456493296,53.21386456493296,80.0,2e840ccd58d1,"{""contract_quality_min"": 0.0, ""direction_min"": 0.0, ""excellent_score_min"": 53.21386456493296, ""execution_quality_min"": 100.0, ""expected_required_ratio_min"": 1.4166666666666667, ""final_confidence_min"": 79.83189699006367, ""iv_crush_max"": 24.0, ""market_hostility_max"": 21.093430090947916, ""min_5depth_lots_each_side"": 19.0, ""min_top_book_lots"": 1.0, ""premium_elasticity_min"": 0.5, ""regime_confidence_min"": 60.0, ""spread_pct_max"": 0.22909507445589922, ""trade_quality_min"": 29.3441295546543}",43.650000000000006,218.25,-3.142279175550773,29.3441295546543,0,0.5,421.77,297.71999999999997,1.4166666666666667,24.0,21.093430090947916,60.0,INVALID,True,DataHealth invalid; Contract invalid: Quote stale or spread hard rejected.; SideDirection hard reject: -3.1 < 65.0; PremiumElasticity hard reject: 0.50 < 1.00; Expected/Required hard reject: 1.42 < 1.60; TradeQuality below configured minimum; ConvexityEdge below excellent gate: 78.3 < 80.0,DataHealth invalid; Contract invalid: Quote stale or spread hard rejected.; SideDirection hard reject: -3.1 < 65.0; PremiumElasticity hard reject: 0.50 < 1.00; Expected/Required hard reject: 1.42 < 1.60; TradeQuality below configured minimum; ConvexityEdge below excellent gate: 78.3 < 80.0,direction=OBSERVED;liquidity=OBSERVED,NSE,INDEX,NSE_INDEX,BANKNIFTY,PAPER_ELIGIBLE,INDEX:BANKING,,,paper-strategy-8ade763620b6,opportunity-score-8ade763620b6,universe-a8e55c76a270,PAPER_OVERRIDE::FYERS_PAPER_PROXY_RESEARCH
202608211331_5_BANKNIFTY_PE,2026-08-21T08:01:41.560626+00:00,202608211331,BANKNIFTY,PE,5,52.913864564932965,52.913864564932965,80.0,2e840ccd58d1,"{""contract_quality_min"": 0.0, ""direction_min"": 0.0, ""excellent_score_min"": 52.913864564932965, ""execution_quality_min"": 100.0, ""expected_required_ratio_min"": 1.4166666666666667, ""final_confidence_min"": 79.83189699006367, ""iv_crush_max"": 24.0, ""market_hostility_max"": 21.093430090947916, ""min_5depth_lots_each_side"": 18.0, ""min_top_book_lots"": 1.0, ""premium_elasticity_min"": 0.7, ""regime_confidence_min"": 60.0, ""spread_pct_max"": 0.24406270534120994, ""trade_quality_min"": 29.3441295546543}",53.265,266.325,-3.142279175550773,29.3441295546543,0,0.7,421.77,297.71999999999997,1.4166666666666667,24.0,21.093430090947916,60.0,INVALID,True,DataHealth invalid; Contract invalid: Quote stale or spread hard rejected.; SideDirection hard reject: -3.1 < 65.0; PremiumElasticity hard reject: 0.70 < 1.00; Expected/Required hard reject: 1.42 < 1.60; TradeQuality below configured minimum; ConvexityEdge below excellent gate: 76.8 < 80.0,DataHealth invalid; Contract invalid: Quote stale or spread hard rejected.; SideDirection hard reject: -3.1 < 65.0; PremiumElasticity hard reject: 0.70 < 1.00; Expected/Required hard reject: 1.42 < 1.60; TradeQuality below configured minimum; ConvexityEdge below excellent gate: 76.8 < 80.0,direction=OBSERVED;liquidity=OBSERVED,NSE,INDEX,NSE_INDEX,BANKNIFTY,PAPER_ELIGIBLE,INDEX:BANKING,,,paper-strategy-8ade763620b6,opportunity-score-8ade763620b6,universe-a8e55c76a270,PAPER_OVERRIDE::FYERS_PAPER_PROXY_RESEARCH
202608211332_1_NIFTY_CE,2026-08-21T08:02:55.110037+00:00,202608211332,NIFTY,CE,1,51.072445569316656,51.072445569316656,80.0,00929e22c867,"{""contract_quality_min"": 0.0, ""direction_min"": 1.1883173550031403, ""excellent_score_min"": 51.072445569316656, ""execution_quality_min"": 100.0, ""expected_required_ratio_min"": 1.3333333333333335, ""final_confidence_min"": 75.81221889511598, ""iv_crush_max"": 24.0, ""market_hostility_max"": 18.781604761796917, ""min_5depth_lots_each_side"": 144.0, ""min_top_book_lots"": 6.0, ""premium_elasticity_min"": 0.7, ""regime_confidence_min"": 60.0, ""spread_pct_max"": 0.26134030240805994, ""trade_quality_min"": 13.779904306218363}",26.785000000000004,133.925,1.1883173550031403,13.779904306218363,0,0.7,131.06,98.29499999999999,1.3333333333333335,24.0,18.781604761796917,60.0,INVALID,True,DataHealth invalid; Contract invalid: Quote stale or spread hard rejected.; SideDirection hard reject: 1.2 < 65.0; PremiumElasticity hard reject: 0.70 < 1.00; Expected/Required hard reject: 1.33 < 1.60; TradeQuality below configured minimum; ConvexityEdge below excellent gate: 76.8 < 80.0,DataHealth invalid; Contract invalid: Quote stale or spread hard rejected.; SideDirection hard reject: 1.2 < 65.0; PremiumElasticity hard reject: 0.70 < 1.00; Expected/Required hard reject: 1.33 < 1.60; TradeQuality below configured minimum; ConvexityEdge below excellent gate: 76.8 < 80.0,direction=OBSERVED;liquidity=OBSERVED,NSE,INDEX,NSE_INDEX,NIFTY,PAPER_ELIGIBLE,INDEX:BROAD_EQUITY,,,paper-strategy-8ade763620b6,opportunity-score-8ade763620b6,universe-a8e55c76a270,PAPER_OVERRIDE::FYERS_PAPER_PROXY_RESEARCH
202608211332_2_BANKNIFTY_PE,2026-08-21T08:02:55.110644+00:00,202608211332,BANKNIFTY,PE,2,49.776748563892724,49.776748563892724,80.0,2e840ccd58d1,"{""contract_quality_min"": 0.0, ""direction_min"": 0.0, ""excellent_score_min"": 49.776748563892724, ""execution_quality_min"": 100.0, ""expected_required_ratio_min"": 1.4166666666666667, ""final_confidence_min"": 76.34061843473414, ""iv_crush_max"": 24.0, ""market_hostility_max"": 21.07941905718728, ""min_5depth_lots_each_side"": 7.0, ""min_top_book_lots"": 1.0, ""premium_elasticity_min"": 0.5, ""regime_confidence_min"": 60.0, ""spread_pct_max"": 0.24917884245101887, ""trade_quality_min"": 16.978165938864503}",44.145,220.725,-1.6855423128347742,16.978165938864503,0,0.5,420.92,297.12,1.4166666666666667,24.0,21.07941905718728,60.0,INVALID,True,DataHealth invalid; Contract invalid: Quote stale or spread hard rejected.; SideDirection hard reject: -1.7 < 65.0; PremiumElasticity hard reject: 0.50 < 1.00; Expected/Required hard reject: 1.42 < 1.60; TradeQuality below configured minimum; ConvexityEdge below excellent gate: 78.3 < 80.0,DataHealth invalid; Contract invalid: Quote stale or spread hard rejected.; SideDirection hard reject: -1.7 < 65.0; PremiumElasticity hard reject: 0.50 < 1.00; Expected/Required hard reject: 1.42 < 1.60; TradeQuality below configured minimum; ConvexityEdge below excellent gate: 78.3 < 80.0,direction=OBSERVED;liquidity=OBSERVED,NSE,INDEX,NSE_INDEX,BANKNIFTY,PAPER_ELIGIBLE,INDEX:BANKING,,,paper-strategy-8ade763620b6,opportunity-score-8ade763620b6,universe-a8e55c76a270,PAPER_OVERRIDE::FYERS_PAPER_PROXY_RESEARCH
202608211332_3_BANKNIFTY_PE,2026-08-21T08:02:55.111114+00:00,202608211332,BANKNIFTY,PE,3,49.47674856389273,49.47674856389273,80.0,2e840ccd58d1,"{""contract_quality_min"": 0.0, ""direction_min"": 0.0, ""excellent_score_min"": 49.47674856389273, ""execution_quality_min"": 100.0, ""expected_required_ratio_min"": 1.4166666666666667, ""final_confidence_min"": 76.34061843473414, ""iv_crush_max"": 24.0, ""market_hostility_max"": 21.07941905718728, ""min_5depth_lots_each_side"": 8.0, ""min_top_book_lots"": 1.0, ""premium_elasticity_min"": 0.7, ""regime_confidence_min"": 60.0, ""spread_pct_max"": 0.2603682350753166, ""trade_quality_min"": 16.978165938864503}",53.77000000000001,268.85,-1.6855423128347742,16.978165938864503,0,0.7,420.92,297.12,1.4166666666666667,24.0,21.07941905718728,60.0,INVALID,True,DataHealth invalid; Contract invalid: Quote stale or spread hard rejected.; SideDirection hard reject: -1.7 < 65.0; PremiumElasticity hard reject: 0.70 < 1.00; Expected/Required hard reject: 1.42 < 1.60; TradeQuality below configured minimum; ConvexityEdge below excellent gate: 76.8 < 80.0,DataHealth invalid; Contract invalid: Quote stale or spread hard rejected.; SideDirection hard reject: -1.7 < 65.0; PremiumElasticity hard reject: 0.70 < 1.00; Expected/Required hard reject: 1.42 < 1.60; TradeQuality below configured minimum; ConvexityEdge below excellent gate: 76.8 < 80.0,direction=OBSERVED;liquidity=OBSERVED,NSE,INDEX,NSE_INDEX,BANKNIFTY,PAPER_ELIGIBLE,INDEX:BANKING,,,paper-strategy-8ade763620b6,opportunity-score-8ade763620b6,universe-a8e55c76a270,PAPER_OVERRIDE::FYERS_PAPER_PROXY_RESEARCH
202608211332_4_BANKNIFTY_CE,2026-08-21T08:02:55.114203+00:00,202608211332,BANKNIFTY,CE,4,46.880146180202985,46.880146180202985,80.0,2e840ccd58d1,"{""contract_quality_min"": 0.0, ""direction_min"": 1.6855423128347742, ""excellent_score_min"": 46.880146180202985, ""execution_quality_min"": 100.0, ""expected_required_ratio_min"": 1.4166666666666667, ""final_confidence_min"": 76.84628112858458, ""iv_crush_max"": 24.0, ""market_hostility_max"": 21.07941905718728, ""min_5depth_lots_each_side"": 13.0, ""min_top_book_lots"": 1.0, ""premium_elasticity_min"": 0.3, ""regime_confidence_min"": 60.0, ""spread_pct_max"": 0.20336685120324874, ""trade_quality_min"": 16.978165938864503}",44.255,221.275,1.6855423128347742,16.978165938864503,0,0.3,420.92,297.12,1.4166666666666667,24.0,21.07941905718728,60.0,INVALID,True,DataHealth invalid; Contract invalid: Quote stale or spread hard rejected.; SideDirection hard reject: 1.7 < 65.0; PremiumElasticity hard reject: 0.30 < 1.00; Expected/Required hard reject: 1.42 < 1.60; TradeQuality below configured minimum; ConvexityEdge below excellent gate: 62.3 < 80.0,DataHealth invalid; Contract invalid: Quote stale or spread hard rejected.; SideDirection hard reject: 1.7 < 65.0; PremiumElasticity hard reject: 0.30 < 1.00; Expected/Required hard reject: 1.42 < 1.60; TradeQuality below configured minimum; ConvexityEdge below excellent gate: 62.3 < 80.0,direction=OBSERVED;liquidity=OBSERVED,NSE,INDEX,NSE_INDEX,BANKNIFTY,PAPER_ELIGIBLE,INDEX:BANKING,,,paper-strategy-8ade763620b6,opportunity-score-8ade763620b6,universe-a8e55c76a270,PAPER_OVERRIDE::FYERS_PAPER_PROXY_RESEARCH
202608211332_5_BANKNIFTY_PE,2026-08-21T08:02:55.115841+00:00,202608211332,BANKNIFTY,PE,5,46.57674856389272,46.57674856389272,80.0,2e840ccd58d1,"{""contract_quality_min"": 0.0, ""direction_min"": 0.0, ""excellent_score_min"": 46.57674856389272, ""execution_quality_min"": 100.0, ""expected_required_ratio_min"": 1.4166666666666667, ""final_confidence_min"": 76.34061843473414, ""iv_crush_max"": 24.0, ""market_hostility_max"": 21.07941905718728, ""min_5depth_lots_each_side"": 15.0, ""min_top_book_lots"": 1.0, ""premium_elasticity_min"": 0.3, ""regime_confidence_min"": 60.0, ""spread_pct_max"": 0.22271714922049313, ""trade_quality_min"": 16.978165938864503}",35.92000000000001,179.60000000000002,-1.6855423128347742,16.978165938864503,0,0.3,420.92,297.12,1.4166666666666667,24.0,21.07941905718728,60.0,INVALID,True,DataHealth invalid; Contract invalid: Quote stale or spread hard rejected.; SideDirection hard reject: -1.7 < 65.0; PremiumElasticity hard reject: 0.30 < 1.00; Expected/Required hard reject: 1.42 < 1.60; TradeQuality below configured minimum; ConvexityEdge below excellent gate: 62.3 < 80.0,DataHealth invalid; Contract invalid: Quote stale or spread hard rejected.; SideDirection hard reject: -1.7 < 65.0; PremiumElasticity hard reject: 0.30 < 1.00; Expected/Required hard reject: 1.42 < 1.60; TradeQuality below configured minimum; ConvexityEdge below excellent gate: 62.3 < 80.0,direction=OBSERVED;liquidity=OBSERVED,NSE,INDEX,NSE_INDEX,BANKNIFTY,PAPER_ELIGIBLE,INDEX:BANKING,,,paper-strategy-8ade763620b6,opportunity-score-8ade763620b6,universe-a8e55c76a270,PAPER_OVERRIDE::FYERS_PAPER_PROXY_RESEARCH
202608211334_1_TECHM_CE,2026-08-21T08:04:00.534241+00:00,202608211334,TECHM,CE,1,26.857618204609793,26.857618204609793,87.0,b61ad64e4ace,"{""contract_quality_min"": 0.0, ""direction_min"": 2.5220680958385877, ""excellent_score_min"": 26.857618204609793, ""execution_quality_min"": 0.0, ""expected_required_ratio_min"": 1.1666666666666665, ""final_confidence_min"": 48.113079902340075, ""iv_crush_max"": 24.0, ""market_hostility_max"": 19.958504044542188, ""min_5depth_lots_each_side"": 9.0, ""min_top_book_lots"": 2.0, ""premium_elasticity_min"": 0.5, ""regime_confidence_min"": 60.0, ""spread_pct_max"": 3.268945022288265, ""trade_quality_min"": 80.0}",3.3650000000000007,16.825000000000003,2.5220680958385877,80.0,0,0.5,17.395,14.91,1.1666666666666665,24.0,19.958504044542188,60.0,INVALID,True,DataHealth invalid; Contract invalid: Quote stale or spread hard rejected.; SideDirection hard reject: 2.5 < 65.0; PremiumElasticity hard reject: 0.50 < 1.00; Expected/Required hard reject: 1.17 < 1.60; FinalConfidence below configured minimum; ExecutionQuality below excellent gate: 0.0 < 80.0; ConvexityEdge below excellent gate: 78.3 < 80.0; OpportunityConfidence below excellent gate: 48.1 < 70.0; RegimeFit below excellent gate: 60.0 < 70.0,DataHealth invalid; Contract invalid: Quote stale or spread hard rejected.; SideDirection hard reject: 2.5 < 65.0; PremiumElasticity hard reject: 0.50 < 1.00; Expected/Required hard reject: 1.17 < 1.60; FinalConfidence below configured minimum; ExecutionQuality below excellent gate: 0.0 < 80.0; ConvexityEdge below excellent gate: 78.3 < 80.0; OpportunityConfidence below excellent gate: 48.1 < 70.0; RegimeFit below excellent gate: 60.0 < 70.0,direction=UNVALIDATED;liquidity=UNVALIDATED,NSE,STOCK,NSE_STOCK_OPTION,TECHM,PAPER_ELIGIBLE,STOCK:TECHM,,,paper-strategy-8ade763620b6,opportunity-score-8ade763620b6,universe-a8e55c76a270,PAPER_OVERRIDE::FYERS_PAPER_PROXY_RESEARCH
202608211334_2_TECHM_PE,2026-08-21T08:04:00.535168+00:00,202608211334,TECHM,PE,2,26.61879826205152,26.61879826205152,87.0,b61ad64e4ace,"{""contract_quality_min"": 0.0, ""direction_min"": 0.0, ""excellent_score_min"": 26.61879826205152, ""execution_quality_min"": 0.0, ""expected_required_ratio_min"": 1.1666666666666665, ""final_confidence_min"": 49.50798262051518, ""iv_crush_max"": 24.0, ""market_hostility_max"": 19.958504044542188, ""min_5depth_lots_each_side"": 7.0, ""min_top_book_lots"": 1.0, ""premium_elasticity_min"": 0.5, ""regime_confidence_min"": 60.0, ""spread_pct_max"": 3.115264797507788, ""trade_quality_min"": 80.0}",1.6050000000000002,8.025,-2.5220680958385877,80.0,0,0.5,17.395,14.91,1.1666666666666665,24.0,19.958504044542188,60.0,INVALID,True,DataHealth invalid; Contract invalid: Quote stale or spread hard rejected.; SideDirection hard reject: -2.5 < 65.0; PremiumElasticity hard reject: 0.50 < 1.00; Expected/Required hard reject: 1.17 < 1.60; FinalConfidence below configured minimum; ExecutionQuality below excellent gate: 0.0 < 80.0; ConvexityEdge below excellent gate: 78.3 < 80.0; OpportunityConfidence below excellent gate: 49.5 < 70.0; RegimeFit below excellent gate: 60.0 < 70.0,DataHealth invalid; Contract invalid: Quote stale or spread hard rejected.; SideDirection hard reject: -2.5 < 65.0; PremiumElasticity hard reject: 0.50 < 1.00; Expected/Required hard reject: 1.17 < 1.60; FinalConfidence below configured minimum; ExecutionQuality below excellent gate: 0.0 < 80.0; ConvexityEdge below excellent gate: 78.3 < 80.0; OpportunityConfidence below excellent gate: 49.5 < 70.0; RegimeFit below excellent gate: 60.0 < 70.0,direction=UNVALIDATED;liquidity=UNVALIDATED,NSE,STOCK,NSE_STOCK_OPTION,TECHM,PAPER_ELIGIBLE,STOCK:TECHM,,,paper-strategy-8ade763620b6,opportunity-score-8ade763620b6,universe-a8e55c76a270,PAPER_OVERRIDE::FYERS_PAPER_PROXY_RESEARCH
202608211334_3_ONGC_CE,2026-08-21T08:04:00.535807+00:00,202608211334,ONGC,CE,3,20.47677519002663,20.47677519002663,87.0,8a2588edd437,"{""contract_quality_min"": 0.0, ""direction_min"": 8.111190908706202, ""excellent_score_min"": 20.47677519002663, ""execution_quality_min"": 27.631578947368773, ""expected_required_ratio_min"": 1.1666666666666667, ""final_confidence_min"": 63.17402890853729, ""iv_crush_max"": 24.0, ""market_hostility_max"": 23.383620992812084, ""min_5depth_lots_each_side"": 8.0, ""min_top_book_lots"": 2.0, ""premium_elasticity_min"": 0.7, ""regime_confidence_min"": 60.0, ""spread_pct_max"": 2.105263157894732, ""trade_quality_min"": 33.10344827585869}",0.665,3.325,8.111190908706202,33.10344827585869,0,0.7,2.772,2.376,1.1666666666666667,24.0,23.383620992812084,60.0,INVALID,True,DataHealth invalid; Contract invalid: Quote stale or spread hard rejected.; SideDirection hard reject: 8.1 < 65.0; PremiumElasticity hard reject: 0.70 < 1.00; Expected/Required hard reject: 1.17 < 1.60; TradeQuality below configured minimum; FinalConfidence below configured minimum; ExecutionQuality below excellent gate: 27.6 < 80.0; ConvexityEdge below excellent gate: 76.8 < 80.0; OpportunityConfidence below excellent gate: 63.2 < 70.0; RegimeFit below excellent gate: 60.0 < 70.0,DataHealth invalid; Contract invalid: Quote stale or spread hard rejected.; SideDirection hard reject: 8.1 < 65.0; PremiumElasticity hard reject: 0.70 < 1.00; Expected/Required hard reject: 1.17 < 1.60; TradeQuality below configured minimum; FinalConfidence below configured minimum; ExecutionQuality below excellent gate: 27.6 < 80.0; ConvexityEdge below excellent gate: 76.8 < 80.0; OpportunityConfidence below excellent gate: 63.2 < 70.0; RegimeFit below excellent gate: 60.0 < 70.0,direction=UNVALIDATED;liquidity=UNVALIDATED,NSE,STOCK,NSE_STOCK_OPTION,ONGC,PAPER_ELIGIBLE,STOCK:ONGC,,,paper-strategy-8ade763620b6,opportunity-score-8ade763620b6,universe-a8e55c76a270,PAPER_OVERRIDE::FYERS_PAPER_PROXY_RESEARCH
202608211334_4_MAXHEALTH_CE,2026-08-21T08:04:00.536228+00:00,202608211334,MAXHEALTH,CE,4,16.577193804736453,16.577193804736453,87.0,23bd34c2aeb5,"{""contract_quality_min"": 0.0, ""direction_min"": 6.432160804019735, ""excellent_score_min"": 16.577193804736453, ""execution_quality_min"": 0.0, ""expected_required_ratio_min"": 1.1666666666666665, ""final_confidence_min"": 46.0219175462102, ""iv_crush_max"": 24.0, ""market_hostility_max"": 22.631288281955776, ""min_5depth_lots_each_side"": 12.0, ""min_top_book_lots"": 2.0, ""premium_elasticity_min"": 0.5, ""regime_confidence_min"": 60.0, ""spread_pct_max"": 3.4602076124567476, ""trade_quality_min"": 40.000000000005684}",1.445,7.225,6.432160804019735,40.000000000005684,0,0.5,12.214999999999998,10.469999999999999,1.1666666666666665,24.0,22.631288281955776,60.0,INVALID,True,DataHealth invalid; Contract invalid: Quote stale or spread hard rejected.; SideDirection hard reject: 6.4 < 65.0; PremiumElasticity hard reject: 0.50 < 1.00; Expected/Required hard reject: 1.17 < 1.60; TradeQuality below configured minimum; FinalConfidence below configured minimum; ExecutionQuality below excellent gate: 0.0 < 80.0; ConvexityEdge below excellent gate: 78.3 < 80.0; OpportunityConfidence below excellent gate: 46.0 < 70.0; RegimeFit below excellent gate: 60.0 < 70.0,DataHealth invalid; Contract invalid: Quote stale or spread hard rejected.; SideDirection hard reject: 6.4 < 65.0; PremiumElasticity hard reject: 0.50 < 1.00; Expected/Required hard reject: 1.17 < 1.60; TradeQuality below configured minimum; FinalConfidence below configured minimum; ExecutionQuality below excellent gate: 0.0 < 80.0; ConvexityEdge below excellent gate: 78.3 < 80.0; OpportunityConfidence below excellent gate: 46.0 < 70.0; RegimeFit below excellent gate: 60.0 < 70.0,direction=UNVALIDATED;liquidity=UNVALIDATED,NSE,STOCK,NSE_STOCK_OPTION,MAXHEALTH,PAPER_ELIGIBLE,STOCK:MAXHEALTH,,,paper-strategy-8ade763620b6,opportunity-score-8ade763620b6,universe-a8e55c76a270,PAPER_OVERRIDE::FYERS_PAPER_PROXY_RESEARCH
202608211334_5_MAXHEALTH_CE,2026-08-21T08:04:00.536716+00:00,202608211334,MAXHEALTH,CE,5,15.968110229047085,15.968110229047085,87.0,23bd34c2aeb5,"{""contract_quality_min"": 0.0, ""direction_min"": 6.432160804019735, ""excellent_score_min"": 15.968110229047085, ""execution_quality_min"": 0.0, ""expected_required_ratio_min"": 1.1666666666666665, ""final_confidence_min"": 42.93108178931641, ""iv_crush_max"": 24.0, ""market_hostility_max"": 22.631288281955776, ""min_5depth_lots_each_side"": 7.0, ""min_top_book_lots"": 1.0, ""premium_elasticity_min"": 0.7, ""regime_confidence_min"": 60.0, ""spread_pct_max"": 3.6809815950920184, ""trade_quality_min"": 40.000000000005684}",2.4450000000000003,12.225,6.432160804019735,40.000000000005684,0,0.7,12.214999999999998,10.469999999999999,1.1666666666666665,24.0,22.631288281955776,60.0,INVALID,True,DataHealth invalid; Contract invalid: Quote stale or spread hard rejected.; SideDirection hard reject: 6.4 < 65.0; PremiumElasticity hard reject: 0.70 < 1.00; Expected/Required hard reject: 1.17 < 1.60; TradeQuality below configured minimum; FinalConfidence below configured minimum; ExecutionQuality below excellent gate: 0.0 < 80.0; ConvexityEdge below excellent gate: 76.8 < 80.0; OpportunityConfidence below excellent gate: 42.9 < 70.0; RegimeFit below excellent gate: 60.0 < 70.0,DataHealth invalid; Contract invalid: Quote stale or spread hard rejected.; SideDirection hard reject: 6.4 < 65.0; PremiumElasticity hard reject: 0.70 < 1.00; Expected/Required hard reject: 1.17 < 1.60; TradeQuality below configured minimum; FinalConfidence below configured minimum; ExecutionQuality below excellent gate: 0.0 < 80.0; ConvexityEdge below excellent gate: 76.8 < 80.0; OpportunityConfidence below excellent gate: 42.9 < 70.0; RegimeFit below excellent gate: 60.0 < 70.0,direction=UNVALIDATED;liquidity=UNVALIDATED,NSE,STOCK,NSE_STOCK_OPTION,MAXHEALTH,PAPER_ELIGIBLE,STOCK:MAXHEALTH,,,paper-strategy-8ade763620b6,opportunity-score-8ade763620b6,universe-a8e55c76a270,PAPER_OVERRIDE::FYERS_PAPER_PROXY_RESEARCH
202608211335_1_BANKNIFTY_PE,2026-08-21T08:05:02.986048+00:00,202608211335,BANKNIFTY,PE,1,49.72086748576153,49.72086748576153,80.0,2e840ccd58d1,"{""contract_quality_min"": 0.0, ""direction_min"": 1.6020181267314806, ""excellent_score_min"": 49.72086748576153, ""execution_quality_min"": 100.0, ""expected_required_ratio_min"": 1.4166666666666667, ""final_confidence_min"": 76.34113259452843, ""iv_crush_max"": 24.0, ""market_hostility_max"": 20.62229355586659, ""min_5depth_lots_each_side"": 11.0, ""min_top_book_lots"": 3.0, ""premium_elasticity_min"": 0.5, ""regime_confidence_min"": 60.0, ""spread_pct_max"": 0.2658985153999532, ""trade_quality_min"": 15.336099585062403}",45.129999999999995,225.64999999999998,1.6020181267314806,15.336099585062403,0,0.5,421.66375,297.645,1.4166666666666667,24.0,20.62229355586659,60.0,INVALID,True,DataHealth invalid; Contract invalid: Quote stale or spread hard rejected.; SideDirection hard reject: 1.6 < 65.0; PremiumElasticity hard reject: 0.50 < 1.00; Expected/Required hard reject: 1.42 < 1.60; TradeQuality below configured minimum; ConvexityEdge below excellent gate: 78.3 < 80.0,DataHealth invalid; Contract invalid: Quote stale or spread hard rejected.; SideDirection hard reject: 1.6 < 65.0; PremiumElasticity hard reject: 0.50 < 1.00; Expected/Required hard reject: 1.42 < 1.60; TradeQuality below configured minimum; ConvexityEdge below excellent gate: 78.3 < 80.0,direction=OBSERVED;liquidity=OBSERVED,NSE,INDEX,NSE_INDEX,BANKNIFTY,PAPER_ELIGIBLE,INDEX:BANKING,,,paper-strategy-8ade763620b6,opportunity-score-8ade763620b6,universe-a8e55c76a270,PAPER_OVERRIDE::FYERS_PAPER_PROXY_RESEARCH
202608211335_2_BANKNIFTY_CE,2026-08-21T08:05:02.986770+00:00,202608211335,BANKNIFTY,CE,2,49.43250422294986,49.43250422294986,80.0,2e840ccd58d1,"{""contract_quality_min"": 0.0, ""direction_min"": 0.0, ""excellent_score_min"": 49.43250422294986, ""execution_quality_min"": 100.0, ""expected_required_ratio_min"": 1.4166666666666667, ""final_confidence_min"": 75.860527156509, ""iv_crush_max"": 24.0, ""market_hostility_max"": 20.62229355586659, ""min_5depth_lots_each_side"": 22.0, ""min_top_book_lots"": 1.0, ""premium_elasticity_min"": 0.5, ""regime_confidence_min"": 60.0, ""spread_pct_max"": 0.240362392530268, ""trade_quality_min"": 15.336099585062403}",54.08500000000001,270.425,-1.6020181267314806,15.336099585062403,0,0.5,421.66375,297.645,1.4166666666666667,24.0,20.62229355586659,60.0,INVALID,True,DataHealth invalid; Contract invalid: Quote stale or spread hard rejected.; SideDirection hard reject: -1.6 < 65.0; PremiumElasticity hard reject: 0.50 < 1.00; Expected/Required hard reject: 1.42 < 1.60; TradeQuality below configured minimum; ConvexityEdge below excellent gate: 78.3 < 80.0,DataHealth invalid; Contract invalid: Quote stale or spread hard rejected.; SideDirection hard reject: -1.6 < 65.0; PremiumElasticity hard reject: 0.50 < 1.00; Expected/Required hard reject: 1.42 < 1.60; TradeQuality below configured minimum; ConvexityEdge below excellent gate: 78.3 < 80.0,direction=OBSERVED;liquidity=OBSERVED,NSE,INDEX,NSE_INDEX,BANKNIFTY,PAPER_ELIGIBLE,INDEX:BANKING,,,paper-strategy-8ade763620b6,opportunity-score-8ade763620b6,universe-a8e55c76a270,PAPER_OVERRIDE::FYERS_PAPER_PROXY_RESEARCH
202608211335_3_BANKNIFTY_PE,2026-08-21T08:05:02.987292+00:00,202608211335,BANKNIFTY,PE,3,49.42086748576152,49.42086748576152,80.0,2e840ccd58d1,"{""contract_quality_min"": 0.0, ""direction_min"": 1.6020181267314806, ""excellent_score_min"": 49.42086748576152, ""execution_quality_min"": 100.0, ""expected_required_ratio_min"": 1.4166666666666667, ""final_confidence_min"": 76.34113259452843, ""iv_crush_max"": 24.0, ""market_hostility_max"": 20.62229355586659, ""min_5depth_lots_each_side"": 20.0, ""min_top_book_lots"": 1.0, ""premium_elasticity_min"": 0.7, ""regime_confidence_min"": 60.0, ""spread_pct_max"": 0.12784220619120298, ""trade_quality_min"": 15.336099585062403}",54.754999999999995,273.775,1.6020181267314806,15.336099585062403,0,0.7,421.66375,297.645,1.4166666666666667,24.0,20.62229355586659,60.0,INVALID,True,DataHealth invalid; Contract invalid: Quote stale or spread hard rejected.; SideDirection hard reject: 1.6 < 65.0; PremiumElasticity hard reject: 0.70 < 1.00; Expected/Required hard reject: 1.42 < 1.60; TradeQuality below configured minimum; ConvexityEdge below excellent gate: 76.8 < 80.0,DataHealth invalid; Contract invalid: Quote stale or spread hard rejected.; SideDirection hard reject: 1.6 < 65.0; PremiumElasticity hard reject: 0.70 < 1.00; Expected/Required hard reject: 1.42 < 1.60; TradeQuality below configured minimum; ConvexityEdge below excellent gate: 76.8 < 80.0,direction=OBSERVED;liquidity=OBSERVED,NSE,INDEX,NSE_INDEX,BANKNIFTY,PAPER_ELIGIBLE,INDEX:BANKING,,,paper-strategy-8ade763620b6,opportunity-score-8ade763620b6,universe-a8e55c76a270,PAPER_OVERRIDE::FYERS_PAPER_PROXY_RESEARCH
202608211335_4_BANKNIFTY_CE,2026-08-21T08:05:02.987720+00:00,202608211335,BANKNIFTY,CE,4,49.13250422294985,49.13250422294985,80.0,2e840ccd58d1,"{""contract_quality_min"": 0.0, ""direction_min"": 0.0, ""excellent_score_min"": 49.13250422294985, ""execution_quality_min"": 100.0, ""expected_required_ratio_min"": 1.4166666666666667, ""final_confidence_min"": 75.860527156509, ""iv_crush_max"": 24.0, ""market_hostility_max"": 20.62229355586659, ""min_5depth_lots_each_side"": 12.0, ""min_top_book_lots"": 2.0, ""premium_elasticity_min"": 0.7, ""regime_confidence_min"": 60.0, ""spread_pct_max"": 0.19797456788242665, ""trade_quality_min"": 15.336099585062403}",65.665,328.325,-1.6020181267314806,15.336099585062403,0,0.7,421.66375,297.645,1.4166666666666667,24.0,20.62229355586659,60.0,INVALID,True,DataHealth invalid; Contract invalid: Quote stale or spread hard rejected.; SideDirection hard reject: -1.6 < 65.0; PremiumElasticity hard reject: 0.70 < 1.00; Expected/Required hard reject: 1.42 < 1.60; TradeQuality below configured minimum; ConvexityEdge below excellent gate: 76.8 < 80.0,DataHealth invalid; Contract invalid: Quote stale or spread hard rejected.; SideDirection hard reject: -1.6 < 65.0; PremiumElasticity hard reject: 0.70 < 1.00; Expected/Required hard reject: 1.42 < 1.60; TradeQuality below configured minimum; ConvexityEdge below excellent gate: 76.8 < 80.0,direction=OBSERVED;liquidity=OBSERVED,NSE,INDEX,NSE_INDEX,BANKNIFTY,PAPER_ELIGIBLE,INDEX:BANKING,,,paper-strategy-8ade763620b6,opportunity-score-8ade763620b6,universe-a8e55c76a270,PAPER_OVERRIDE::FYERS_PAPER_PROXY_RESEARCH
202608211335_5_MIDCPNIFTY_CE,2026-08-21T08:05:02.988230+00:00,202608211335,MIDCPNIFTY,CE,5,48.875639304538474,48.875639304538474,90.0,712afad509f5,"{""contract_quality_min"": 0.0, ""direction_min"": 1.4824847792613856, ""excellent_score_min"": 48.875639304538474, ""execution_quality_min"": 100.0, ""expected_required_ratio_min"": 1.0833333333333333, ""final_confidence_min"": 76.02204698398957, ""iv_crush_max"": 24.0, ""market_hostility_max"": 19.46917838983812, ""min_5depth_lots_each_side"": 15.0, ""min_top_book_lots"": 1.0, ""premium_elasticity_min"": 0.5, ""regime_confidence_min"": 60.0, ""spread_pct_max"": 0.7174172977281831, ""trade_quality_min"": 14.332247557001219}",12.545000000000002,62.725,1.4824847792613856,14.332247557001219,0,0.5,81.85125000000001,75.555,1.0833333333333333,24.0,19.46917838983812,60.0,INVALID,True,DataHealth invalid; Contract invalid: Quote stale or spread hard rejected.; SideDirection hard reject: 1.5 < 65.0; PremiumElasticity hard reject: 0.50 < 1.00; Expected/Required hard reject: 1.08 < 1.60; TradeQuality below configured minimum; ConvexityEdge below excellent gate: 77.3 < 80.0,DataHealth invalid; Contract invalid: Quote stale or spread hard rejected.; SideDirection hard reject: 1.5 < 65.0; PremiumElasticity hard reject: 0.50 < 1.00; Expected/Required hard reject: 1.08 < 1.60; TradeQuality below configured minimum; ConvexityEdge below excellent gate: 77.3 < 80.0,direction=OBSERVED;liquidity=OBSERVED,NSE,INDEX,NSE_INDEX,MIDCPNIFTY,PAPER_ELIGIBLE,INDEX:MIDCAP,,,paper-strategy-8ade763620b6,opportunity-score-8ade763620b6,universe-a8e55c76a270,PAPER_OVERRIDE::FYERS_PAPER_PROXY_RESEARCH
202608211336_1_NIFTY_CE,2026-08-21T08:06:39.883759+00:00,202608211336,NIFTY,CE,1,55.041110876495516,55.041110876495516,80.0,00929e22c867,"{""contract_quality_min"": 0.0, ""direction_min"": 0.0, ""excellent_score_min"": 55.041110876495516, ""execution_quality_min"": 100.0, ""expected_required_ratio_min"": 1.3333333333333337, ""final_confidence_min"": 79.39243141022594, ""iv_crush_max"": 24.0, ""market_hostility_max"": 18.843608865337618, ""min_5depth_lots_each_side"": 185.0, ""min_top_book_lots"": 23.0, ""premium_elasticity_min"": 0.5, ""regime_confidence_min"": 60.0, ""spread_pct_max"": 0.2598077422707197, ""trade_quality_min"": 27.73547094189167}",19.245,96.225,-2.8547324822770057,27.73547094189167,0,0.5,130.70000000000002,98.02499999999999,1.3333333333333337,24.0,18.843608865337618,60.0,INVALID,True,DataHealth invalid; Contract invalid: Quote stale or spread hard rejected.; SideDirection hard reject: -2.9 < 65.0; PremiumElasticity hard reject: 0.50 < 1.00; Expected/Required hard reject: 1.33 < 1.60; TradeQuality below configured minimum; ConvexityEdge below excellent gate: 78.3 < 80.0,DataHealth invalid; Contract invalid: Quote stale or spread hard rejected.; SideDirection hard reject: -2.9 < 65.0; PremiumElasticity hard reject: 0.50 < 1.00; Expected/Required hard reject: 1.33 < 1.60; TradeQuality below configured minimum; ConvexityEdge below excellent gate: 78.3 < 80.0,direction=OBSERVED;liquidity=OBSERVED,NSE,INDEX,NSE_INDEX,NIFTY,PAPER_ELIGIBLE,INDEX:BROAD_EQUITY,,,paper-strategy-8ade763620b6,opportunity-score-8ade763620b6,universe-a8e55c76a270,PAPER_OVERRIDE::FYERS_PAPER_PROXY_RESEARCH
202608211336_2_NIFTY_CE,2026-08-21T08:06:39.884579+00:00,202608211336,NIFTY,CE,2,54.74111087649551,54.74111087649551,80.0,00929e22c867,"{""contract_quality_min"": 0.0, ""direction_min"": 0.0, ""excellent_score_min"": 54.74111087649551, ""execution_quality_min"": 100.0, ""expected_required_ratio_min"": 1.3333333333333337, ""final_confidence_min"": 79.39243141022594, ""iv_crush_max"": 24.0, ""market_hostility_max"": 18.843608865337618, ""min_5depth_lots_each_side"": 159.0, ""min_top_book_lots"": 22.0, ""premium_elasticity_min"": 0.7, ""regime_confidence_min"": 60.0, ""spread_pct_max"": 0.27210884353743264, ""trade_quality_min"": 27.73547094189167}",25.725,128.625,-2.8547324822770057,27.73547094189167,0,0.7,130.70000000000002,98.02499999999999,1.3333333333333337,24.0,18.843608865337618,60.0,INVALID,True,DataHealth invalid; Contract invalid: Quote stale or spread hard rejected.; SideDirection hard reject: -2.9 < 65.0; PremiumElasticity hard reject: 0.70 < 1.00; Expected/Required hard reject: 1.33 < 1.60; TradeQuality below configured minimum; ConvexityEdge below excellent gate: 76.8 < 80.0,DataHealth invalid; Contract invalid: Quote stale or spread hard rejected.; SideDirection hard reject: -2.9 < 65.0; PremiumElasticity hard reject: 0.70 < 1.00; Expected/Required hard reject: 1.33 < 1.60; TradeQuality below configured minimum; ConvexityEdge below excellent gate: 76.8 < 80.0,direction=OBSERVED;liquidity=OBSERVED,NSE,INDEX,NSE_INDEX,NIFTY,PAPER_ELIGIBLE,INDEX:BROAD_EQUITY,,,paper-strategy-8ade763620b6,opportunity-score-8ade763620b6,universe-a8e55c76a270,PAPER_OVERRIDE::FYERS_PAPER_PROXY_RESEARCH
202608211336_3_BANKNIFTY_PE,2026-08-21T08:06:39.886243+00:00,202608211336,BANKNIFTY,PE,3,51.579303892604415,51.579303892604415,80.0,2e840ccd58d1,"{""contract_quality_min"": 89.1, ""direction_min"": 0.7629471260301954, ""excellent_score_min"": 51.579303892604415, ""execution_quality_min"": 100.0, ""expected_required_ratio_min"": 1.4166666666666667, ""final_confidence_min"": 73.648340373989, ""iv_crush_max"": 24.0, ""market_hostility_max"": 20.8715498717443, ""min_5depth_lots_each_side"": 18.0, ""min_top_book_lots"": 2.0, ""premium_elasticity_min"": 0.5, ""regime_confidence_min"": 60.0, ""spread_pct_max"": 0.20202020202019053, ""trade_quality_min"": 6.779661016948241}",39.6,198.0,0.7629471260301954,6.779661016948241,89.1,0.5,432.1825,305.07,1.4166666666666667,24.0,20.8715498717443,60.0,VALID,True,SideDirection hard reject: 0.8 < 65.0; PremiumElasticity hard reject: 0.50 < 1.00; Expected/Required hard reject: 1.42 < 1.60; TradeQuality below configured minimum; ConvexityEdge below excellent gate: 78.3 < 80.0,SideDirection hard reject: 0.8 < 65.0; PremiumElasticity hard reject: 0.50 < 1.00; Expected/Required hard reject: 1.42 < 1.60; TradeQuality below configured minimum; ConvexityEdge below excellent gate: 78.3 < 80.0,direction=OBSERVED;liquidity=OBSERVED,NSE,INDEX,NSE_INDEX,BANKNIFTY,PAPER_ELIGIBLE,INDEX:BANKING,,,paper-strategy-8ade763620b6,opportunity-score-8ade763620b6,universe-a8e55c76a270,PAPER_OVERRIDE::FYERS_PAPER_PROXY_RESEARCH
202608211336_4_BANKNIFTY_PE,2026-08-21T08:06:39.888329+00:00,202608211336,BANKNIFTY,PE,4,50.86930389260442,50.86930389260442,80.0,2e840ccd58d1,"{""contract_quality_min"": 80.9, ""direction_min"": 0.7629471260301954, ""excellent_score_min"": 50.86930389260442, ""execution_quality_min"": 100.0, ""expected_required_ratio_min"": 1.4166666666666667, ""final_confidence_min"": 73.648340373989, ""iv_crush_max"": 24.0, ""market_hostility_max"": 20.8715498717443, ""min_5depth_lots_each_side"": 12.0, ""min_top_book_lots"": 2.0, ""premium_elasticity_min"": 0.7, ""regime_confidence_min"": 60.0, ""spread_pct_max"": 0.2682901661335283, ""trade_quality_min"": 6.779661016948241}",48.455,242.27499999999998,0.7629471260301954,6.779661016948241,80.9,0.7,432.1825,305.07,1.4166666666666667,24.0,20.8715498717443,60.0,VALID,True,SideDirection hard reject: 0.8 < 65.0; PremiumElasticity hard reject: 0.70 < 1.00; Expected/Required hard reject: 1.42 < 1.60; TradeQuality below configured minimum; ConvexityEdge below excellent gate: 76.8 < 80.0,SideDirection hard reject: 0.8 < 65.0; PremiumElasticity hard reject: 0.70 < 1.00; Expected/Required hard reject: 1.42 < 1.60; TradeQuality below configured minimum; ConvexityEdge below excellent gate: 76.8 < 80.0,direction=OBSERVED;liquidity=OBSERVED,NSE,INDEX,NSE_INDEX,BANKNIFTY,PAPER_ELIGIBLE,INDEX:BANKING,,,paper-strategy-8ade763620b6,opportunity-score-8ade763620b6,universe-a8e55c76a270,PAPER_OVERRIDE::FYERS_PAPER_PROXY_RESEARCH
202608211336_5_BANKNIFTY_PE,2026-08-21T08:06:39.889841+00:00,202608211336,BANKNIFTY,PE,5,47.899303892604415,47.899303892604415,80.0,2e840ccd58d1,"{""contract_quality_min"": 79.5, ""direction_min"": 0.7629471260301954, ""excellent_score_min"": 47.899303892604415, ""execution_quality_min"": 100.0, ""expected_required_ratio_min"": 1.4166666666666667, ""final_confidence_min"": 73.648340373989, ""iv_crush_max"": 24.0, ""market_hostility_max"": 20.8715498717443, ""min_5depth_lots_each_side"": 38.0, ""min_top_book_lots"": 2.0, ""premium_elasticity_min"": 0.3, ""regime_confidence_min"": 60.0, ""spread_pct_max"": 0.342519072084685, ""trade_quality_min"": 6.779661016948241}",32.115,160.575,0.7629471260301954,6.779661016948241,79.5,0.3,432.1825,305.07,1.4166666666666667,24.0,20.8715498717443,60.0,VALID,True,ContractQuality below minimum: 79.5 < 80.0; SideDirection hard reject: 0.8 < 65.0; PremiumElasticity hard reject: 0.30 < 1.00; Expected/Required hard reject: 1.42 < 1.60; TradeQuality below configured minimum; ConvexityEdge below excellent gate: 62.3 < 80.0,ContractQuality below minimum: 79.5 < 80.0; SideDirection hard reject: 0.8 < 65.0; PremiumElasticity hard reject: 0.30 < 1.00; Expected/Required hard reject: 1.42 < 1.60; TradeQuality below configured minimum; ConvexityEdge below excellent gate: 62.3 < 80.0,direction=OBSERVED;liquidity=OBSERVED,NSE,INDEX,NSE_INDEX,BANKNIFTY,PAPER_ELIGIBLE,INDEX:BANKING,,,paper-strategy-8ade763620b6,opportunity-score-8ade763620b6,universe-a8e55c76a270,PAPER_OVERRIDE::FYERS_PAPER_PROXY_RESEARCH
202608211339_1_NIFTY_PE,2026-08-21T08:09:21.358372+00:00,202608211339,NIFTY,PE,1,64.954795093452,64.954795093452,80.0,00929e22c867,"{""contract_quality_min"": 0.0, ""direction_min"": 3.9267042700851396, ""excellent_score_min"": 64.954795093452, ""execution_quality_min"": 100.0, ""expected_required_ratio_min"": 1.3333333333333333, ""final_confidence_min"": 89.42233897384736, ""iv_crush_max"": 24.0, ""market_hostility_max"": 18.741423611684645, ""min_5depth_lots_each_side"": 224.0, ""min_top_book_lots"": 42.0, ""premium_elasticity_min"": 0.7, ""regime_confidence_min"": 60.0, ""spread_pct_max"": 0.2820874471086037, ""trade_quality_min"": 62.222222222218}",17.725,88.625,3.9267042700851396,62.222222222218,0,0.7,130.61999999999998,97.96499999999999,1.3333333333333333,24.0,18.741423611684645,60.0,INVALID,True,DataHealth invalid; Contract invalid: Quote stale or spread hard rejected.; SideDirection hard reject: 3.9 < 65.0; PremiumElasticity hard reject: 0.70 < 1.00; Expected/Required hard reject: 1.33 < 1.60; TradeQuality below configured minimum; ConvexityEdge below excellent gate: 76.8 < 80.0,DataHealth invalid; Contract invalid: Quote stale or spread hard rejected.; SideDirection hard reject: 3.9 < 65.0; PremiumElasticity hard reject: 0.70 < 1.00; Expected/Required hard reject: 1.33 < 1.60; TradeQuality below configured minimum; ConvexityEdge below excellent gate: 76.8 < 80.0,direction=OBSERVED;liquidity=OBSERVED,NSE,INDEX,NSE_INDEX,NIFTY,PAPER_ELIGIBLE,INDEX:BROAD_EQUITY,,,paper-strategy-8ade763620b6,opportunity-score-8ade763620b6,universe-a8e55c76a270,PAPER_OVERRIDE::FYERS_PAPER_PROXY_RESEARCH
202608211339_2_NIFTY_CE,2026-08-21T08:09:21.364852+00:00,202608211339,NIFTY,CE,2,64.24798832483668,64.24798832483668,80.0,00929e22c867,"{""contract_quality_min"": 0.0, ""direction_min"": 0.0, ""excellent_score_min"": 64.24798832483668, ""execution_quality_min"": 100.0, ""expected_required_ratio_min"": 1.3333333333333333, ""final_confidence_min"": 88.24432769282183, ""iv_crush_max"": 24.0, ""market_hostility_max"": 18.741423611684645, ""min_5depth_lots_each_side"": 91.0, ""min_top_book_lots"": 4.0, ""premium_elasticity_min"": 0.7, ""regime_confidence_min"": 60.0, ""spread_pct_max"": 0.19168104274487252, ""trade_quality_min"": 62.222222222218}",26.085000000000004,130.425,-3.9267042700851396,62.222222222218,0,0.7,130.61999999999998,97.96499999999999,1.3333333333333333,24.0,18.741423611684645,60.0,INVALID,True,DataHealth invalid; Contract invalid: Quote stale or spread hard rejected.; SideDirection hard reject: -3.9 < 65.0; PremiumElasticity hard reject: 0.70 < 1.00; Expected/Required hard reject: 1.33 < 1.60; TradeQuality below configured minimum; ConvexityEdge below excellent gate: 76.8 < 80.0,DataHealth invalid; Contract invalid: Quote stale or spread hard rejected.; SideDirection hard reject: -3.9 < 65.0; PremiumElasticity hard reject: 0.70 < 1.00; Expected/Required hard reject: 1.33 < 1.60; TradeQuality below configured minimum; ConvexityEdge below excellent gate: 76.8 < 80.0,direction=OBSERVED;liquidity=OBSERVED,NSE,INDEX,NSE_INDEX,NIFTY,PAPER_ELIGIBLE,INDEX:BROAD_EQUITY,,,paper-strategy-8ade763620b6,opportunity-score-8ade763620b6,universe-a8e55c76a270,PAPER_OVERRIDE::FYERS_PAPER_PROXY_RESEARCH
202608211339_3_BANKNIFTY_PE,2026-08-21T08:09:21.367102+00:00,202608211339,BANKNIFTY,PE,3,55.405443469470384,55.405443469470384,80.0,2e840ccd58d1,"{""contract_quality_min"": 0.0, ""direction_min"": 2.8779797275801475, ""excellent_score_min"": 55.405443469470384, ""execution_quality_min"": 100.0, ""expected_required_ratio_min"": 1.4166666666666667, ""final_confidence_min"": 82.79320186643864, ""iv_crush_max"": 24.0, ""market_hostility_max"": 20.89931106291405, ""min_5depth_lots_each_side"": 12.0, ""min_top_book_lots"": 1.0, ""premium_elasticity_min"": 0.7, ""regime_confidence_min"": 60.0, ""spread_pct_max"": 0.2497324295397748, ""trade_quality_min"": 36.20501635767203}",56.059999999999995,280.29999999999995,2.8779797275801475,36.20501635767203,0,0.7,420.51625,296.835,1.4166666666666667,24.0,20.89931106291405,60.0,INVALID,True,DataHealth invalid; Contract invalid: Quote stale or spread hard rejected.; SideDirection hard reject: 2.9 < 65.0; PremiumElasticity hard reject: 0.70 < 1.00; Expected/Required hard reject: 1.42 < 1.60; TradeQuality below configured minimum; ConvexityEdge below excellent gate: 76.8 < 80.0,DataHealth invalid; Contract invalid: Quote stale or spread hard rejected.; SideDirection hard reject: 2.9 < 65.0; PremiumElasticity hard reject: 0.70 < 1.00; Expected/Required hard reject: 1.42 < 1.60; TradeQuality below configured minimum; ConvexityEdge below excellent gate: 76.8 < 80.0,direction=OBSERVED;liquidity=OBSERVED,NSE,INDEX,NSE_INDEX,BANKNIFTY,PAPER_ELIGIBLE,INDEX:BANKING,,,paper-strategy-8ade763620b6,opportunity-score-8ade763620b6,universe-a8e55c76a270,PAPER_OVERRIDE::FYERS_PAPER_PROXY_RESEARCH
202608211339_4_BANKNIFTY_PE,2026-08-21T08:09:21.368722+00:00,202608211339,BANKNIFTY,PE,4,52.50544346947038,52.50544346947038,80.0,2e840ccd58d1,"{""contract_quality_min"": 0.0, ""direction_min"": 2.8779797275801475, ""excellent_score_min"": 52.50544346947038, ""execution_quality_min"": 100.0, ""expected_required_ratio_min"": 1.4166666666666667, ""final_confidence_min"": 82.79320186643864, ""iv_crush_max"": 24.0, ""market_hostility_max"": 20.89931106291405, ""min_5depth_lots_each_side"": 14.0, ""min_top_book_lots"": 1.0, ""premium_elasticity_min"": 0.3, ""regime_confidence_min"": 60.0, ""spread_pct_max"": 0.34441647900384453, ""trade_quality_min"": 36.20501635767203}",37.745000000000005,188.72500000000002,2.8779797275801475,36.20501635767203,0,0.3,420.51625,296.835,1.4166666666666667,24.0,20.89931106291405,60.0,INVALID,True,DataHealth invalid; Contract invalid: Quote stale or spread hard rejected.; SideDirection hard reject: 2.9 < 65.0; PremiumElasticity hard reject: 0.30 < 1.00; Expected/Required hard reject: 1.42 < 1.60; TradeQuality below configured minimum; ConvexityEdge below excellent gate: 62.3 < 80.0,DataHealth invalid; Contract invalid: Quote stale or spread hard rejected.; SideDirection hard reject: 2.9 < 65.0; PremiumElasticity hard reject: 0.30 < 1.00; Expected/Required hard reject: 1.42 < 1.60; TradeQuality below configured minimum; ConvexityEdge below excellent gate: 62.3 < 80.0,direction=OBSERVED;liquidity=OBSERVED,NSE,INDEX,NSE_INDEX,BANKNIFTY,PAPER_ELIGIBLE,INDEX:BANKING,,,paper-strategy-8ade763620b6,opportunity-score-8ade763620b6,universe-a8e55c76a270,PAPER_OVERRIDE::FYERS_PAPER_PROXY_RESEARCH
202608211339_5_BANKNIFTY_CE,2026-08-21T08:09:21.369555+00:00,202608211339,BANKNIFTY,CE,5,51.98740711850595,51.98740711850595,80.0,2e840ccd58d1,"{""contract_quality_min"": 0.0, ""direction_min"": 0.0, ""excellent_score_min"": 51.98740711850595, ""execution_quality_min"": 100.0, ""expected_required_ratio_min"": 1.4166666666666667, ""final_confidence_min"": 81.92980794816458, ""iv_crush_max"": 24.0, ""market_hostility_max"": 20.89931106291405, ""min_5depth_lots_each_side"": 23.0, ""min_top_book_lots"": 8.0, ""premium_elasticity_min"": 0.3, ""regime_confidence_min"": 60.0, ""spread_pct_max"": 0.18885741265344932, ""trade_quality_min"": 36.20501635767203}",42.36000000000001,211.8,-2.8779797275801475,36.20501635767203,0,0.3,420.51625,296.835,1.4166666666666667,24.0,20.89931106291405,60.0,INVALID,True,DataHealth invalid; Contract invalid: Quote stale or spread hard rejected.; SideDirection hard reject: -2.9 < 65.0; PremiumElasticity hard reject: 0.30 < 1.00; Expected/Required hard reject: 1.42 < 1.60; TradeQuality below configured minimum; ConvexityEdge below excellent gate: 62.3 < 80.0,DataHealth invalid; Contract invalid: Quote stale or spread hard rejected.; SideDirection hard reject: -2.9 < 65.0; PremiumElasticity hard reject: 0.30 < 1.00; Expected/Required hard reject: 1.42 < 1.60; TradeQuality below configured minimum; ConvexityEdge below excellent gate: 62.3 < 80.0,direction=OBSERVED;liquidity=OBSERVED,NSE,INDEX,NSE_INDEX,BANKNIFTY,PAPER_ELIGIBLE,INDEX:BANKING,,,paper-strategy-8ade763620b6,opportunity-score-8ade763620b6,universe-a8e55c76a270,PAPER_OVERRIDE::FYERS_PAPER_PROXY_RESEARCH
202608211340_1_MIDCPNIFTY_CE,2026-08-21T08:10:38.543458+00:00,202608211340,MIDCPNIFTY,CE,1,47.68916285883647,47.68916285883647,90.0,712afad509f5,"{""contract_quality_min"": 0.0, ""direction_min"": 0.0, ""excellent_score_min"": 47.68916285883647, ""execution_quality_min"": 100.0, ""expected_required_ratio_min"": 1.0833333333333333, ""final_confidence_min"": 74.64979113252681, ""iv_crush_max"": 24.0, ""market_hostility_max"": 19.558412235407186, ""min_5depth_lots_each_side"": 8.0, ""min_top_book_lots"": 1.0, ""premium_elasticity_min"": 0.5, ""regime_confidence_min"": 60.0, ""spread_pct_max"": 0.47318611987381254, ""trade_quality_min"": 11.024734982335136}",12.68,63.4,-1.0508624144915153,11.024734982335136,0,0.5,81.25,75.0,1.0833333333333333,24.0,19.558412235407186,60.0,INVALID,True,DataHealth invalid; Contract invalid: Quote stale or spread hard rejected.; SideDirection hard reject: -1.1 < 65.0; PremiumElasticity hard reject: 0.50 < 1.00; Expected/Required hard reject: 1.08 < 1.60; TradeQuality below configured minimum; ConvexityEdge below excellent gate: 77.3 < 80.0,DataHealth invalid; Contract invalid: Quote stale or spread hard rejected.; SideDirection hard reject: -1.1 < 65.0; PremiumElasticity hard reject: 0.50 < 1.00; Expected/Required hard reject: 1.08 < 1.60; TradeQuality below configured minimum; ConvexityEdge below excellent gate: 77.3 < 80.0,direction=OBSERVED;liquidity=OBSERVED,NSE,INDEX,NSE_INDEX,MIDCPNIFTY,PAPER_ELIGIBLE,INDEX:MIDCAP,,,paper-strategy-8ade763620b6,opportunity-score-8ade763620b6,universe-a8e55c76a270,PAPER_OVERRIDE::FYERS_PAPER_PROXY_RESEARCH
202608211340_2_MIDCPNIFTY_PE,2026-08-21T08:10:38.544117+00:00,202608211340,MIDCPNIFTY,PE,2,47.578318093444935,47.578318093444935,90.0,712afad509f5,"{""contract_quality_min"": 0.0, ""direction_min"": 1.0508624144915153, ""excellent_score_min"": 47.578318093444935, ""execution_quality_min"": 100.0, ""expected_required_ratio_min"": 1.0833333333333333, ""final_confidence_min"": 74.96504985687426, ""iv_crush_max"": 24.0, ""market_hostility_max"": 19.558412235407186, ""min_5depth_lots_each_side"": 14.0, ""min_top_book_lots"": 1.0, ""premium_elasticity_min"": 0.7, ""regime_confidence_min"": 60.0, ""spread_pct_max"": 0.5379959650302508, ""trade_quality_min"": 11.024734982335136}",14.87,74.35,1.0508624144915153,11.024734982335136,0,0.7,81.25,75.0,1.0833333333333333,24.0,19.558412235407186,60.0,INVALID,True,DataHealth invalid; Contract invalid: Quote stale or spread hard rejected.; SideDirection hard reject: 1.1 < 65.0; PremiumElasticity hard reject: 0.70 < 1.00; Expected/Required hard reject: 1.08 < 1.60; TradeQuality below configured minimum; ConvexityEdge below excellent gate: 75.8 < 80.0,DataHealth invalid; Contract invalid: Quote stale or spread hard rejected.; SideDirection hard reject: 1.1 < 65.0; PremiumElasticity hard reject: 0.70 < 1.00; Expected/Required hard reject: 1.08 < 1.60; TradeQuality below configured minimum; ConvexityEdge below excellent gate: 75.8 < 80.0,direction=OBSERVED;liquidity=OBSERVED,NSE,INDEX,NSE_INDEX,MIDCPNIFTY,PAPER_ELIGIBLE,INDEX:MIDCAP,,,paper-strategy-8ade763620b6,opportunity-score-8ade763620b6,universe-a8e55c76a270,PAPER_OVERRIDE::FYERS_PAPER_PROXY_RESEARCH
202608211340_3_MIDCPNIFTY_CE,2026-08-21T08:10:38.544601+00:00,202608211340,MIDCPNIFTY,CE,3,47.38916285883647,47.38916285883647,90.0,712afad509f5,"{""contract_quality_min"": 0.0, ""direction_min"": 0.0, ""excellent_score_min"": 47.38916285883647, ""execution_quality_min"": 100.0, ""expected_required_ratio_min"": 1.0833333333333333, ""final_confidence_min"": 74.64979113252681, ""iv_crush_max"": 24.0, ""market_hostility_max"": 19.558412235407186, ""min_5depth_lots_each_side"": 9.0, ""min_top_book_lots"": 1.0, ""premium_elasticity_min"": 0.7, ""regime_confidence_min"": 60.0, ""spread_pct_max"": 0.646830530401035, ""trade_quality_min"": 11.024734982335136}",15.46,77.3,-1.0508624144915153,11.024734982335136,0,0.7,81.25,75.0,1.0833333333333333,24.0,19.558412235407186,60.0,INVALID,True,DataHealth invalid; Contract invalid: Quote stale or spread hard rejected.; SideDirection hard reject: -1.1 < 65.0; PremiumElasticity hard reject: 0.70 < 1.00; Expected/Required hard reject: 1.08 < 1.60; TradeQuality below configured minimum; ConvexityEdge below excellent gate: 75.8 < 80.0,DataHealth invalid; Contract invalid: Quote stale or spread hard rejected.; SideDirection hard reject: -1.1 < 65.0; PremiumElasticity hard reject: 0.70 < 1.00; Expected/Required hard reject: 1.08 < 1.60; TradeQuality below configured minimum; ConvexityEdge below excellent gate: 75.8 < 80.0,direction=OBSERVED;liquidity=OBSERVED,NSE,INDEX,NSE_INDEX,MIDCPNIFTY,PAPER_ELIGIBLE,INDEX:MIDCAP,,,paper-strategy-8ade763620b6,opportunity-score-8ade763620b6,universe-a8e55c76a270,PAPER_OVERRIDE::FYERS_PAPER_PROXY_RESEARCH
202608211340_4_MIDCPNIFTY_PE,2026-08-21T08:10:38.545060+00:00,202608211340,MIDCPNIFTY,PE,4,44.67831809344494,44.67831809344494,90.0,712afad509f5,"{""contract_quality_min"": 0.0, ""direction_min"": 1.0508624144915153, ""excellent_score_min"": 44.67831809344494, ""execution_quality_min"": 100.0, ""expected_required_ratio_min"": 1.0833333333333333, ""final_confidence_min"": 74.96504985687426, ""iv_crush_max"": 24.0, ""market_hostility_max"": 19.558412235407186, ""min_5depth_lots_each_side"": 10.0, ""min_top_book_lots"": 2.0, ""premium_elasticity_min"": 0.3, ""regime_confidence_min"": 60.0, ""spread_pct_max"": 0.6934125804853917, ""trade_quality_min"": 11.024734982335136}",10.094999999999999,50.474999999999994,1.0508624144915153,11.024734982335136,0,0.3,81.25,75.0,1.0833333333333333,24.0,19.558412235407186,60.0,INVALID,True,DataHealth invalid; Contract invalid: Quote stale or spread hard rejected.; SideDirection hard reject: 1.1 < 65.0; PremiumElasticity hard reject: 0.30 < 1.00; Expected/Required hard reject: 1.08 < 1.60; TradeQuality below configured minimum; ConvexityEdge below excellent gate: 61.3 < 80.0,DataHealth invalid; Contract invalid: Quote stale or spread hard rejected.; SideDirection hard reject: 1.1 < 65.0; PremiumElasticity hard reject: 0.30 < 1.00; Expected/Required hard reject: 1.08 < 1.60; TradeQuality below configured minimum; ConvexityEdge below excellent gate: 61.3 < 80.0,direction=OBSERVED;liquidity=OBSERVED,NSE,INDEX,NSE_INDEX,MIDCPNIFTY,PAPER_ELIGIBLE,INDEX:MIDCAP,,,paper-strategy-8ade763620b6,opportunity-score-8ade763620b6,universe-a8e55c76a270,PAPER_OVERRIDE::FYERS_PAPER_PROXY_RESEARCH
202608211340_5_MIDCPNIFTY_CE,2026-08-21T08:10:38.548228+00:00,202608211340,MIDCPNIFTY,CE,5,44.489162858836465,44.489162858836465,90.0,712afad509f5,"{""contract_quality_min"": 0.0, ""direction_min"": 0.0, ""excellent_score_min"": 44.489162858836465, ""execution_quality_min"": 100.0, ""expected_required_ratio_min"": 1.0833333333333333, ""final_confidence_min"": 74.64979113252681, ""iv_crush_max"": 24.0, ""market_hostility_max"": 19.558412235407186, ""min_5depth_lots_each_side"": 13.0, ""min_top_book_lots"": 2.0, ""premium_elasticity_min"": 0.3, ""regime_confidence_min"": 60.0, ""spread_pct_max"": 0.7835455435847181, ""trade_quality_min"": 11.024734982335136}",10.21,51.05,-1.0508624144915153,11.024734982335136,0,0.3,81.25,75.0,1.0833333333333333,24.0,19.558412235407186,60.0,INVALID,True,DataHealth invalid; Contract invalid: Quote stale or spread hard rejected.; SideDirection hard reject: -1.1 < 65.0; PremiumElasticity hard reject: 0.30 < 1.00; Expected/Required hard reject: 1.08 < 1.60; TradeQuality below configured minimum; ConvexityEdge below excellent gate: 61.3 < 80.0,DataHealth invalid; Contract invalid: Quote stale or spread hard rejected.; SideDirection hard reject: -1.1 < 65.0; PremiumElasticity hard reject: 0.30 < 1.00; Expected/Required hard reject: 1.08 < 1.60; TradeQuality below configured minimum; ConvexityEdge below excellent gate: 61.3 < 80.0,direction=OBSERVED;liquidity=OBSERVED,NSE,INDEX,NSE_INDEX,MIDCPNIFTY,PAPER_ELIGIBLE,INDEX:MIDCAP,,,paper-strategy-8ade763620b6,opportunity-score-8ade763620b6,universe-a8e55c76a270,PAPER_OVERRIDE::FYERS_PAPER_PROXY_RESEARCH
202608211341_1_NIFTY_CE,2026-08-21T08:11:44.219441+00:00,202608211341,NIFTY,CE,1,52.361241273912796,52.361241273912796,80.0,00929e22c867,"{""contract_quality_min"": 0.0, ""direction_min"": 0.0, ""excellent_score_min"": 52.361241273912796, ""execution_quality_min"": 100.0, ""expected_required_ratio_min"": 1.3333333333333337, ""final_confidence_min"": 77.06356028012878, ""iv_crush_max"": 24.0, ""market_hostility_max"": 18.84884943749461, ""min_5depth_lots_each_side"": 131.0, ""min_top_book_lots"": 1.0, ""premium_elasticity_min"": 0.7, ""regime_confidence_min"": 60.0, ""spread_pct_max"": 0.2304147465437657, ""trade_quality_min"": 19.147540983599676}",26.04,130.2,-1.204680099674181,19.147540983599676,0,0.7,130.84,98.12999999999998,1.3333333333333337,24.0,18.84884943749461,60.0,INVALID,True,DataHealth invalid; Contract invalid: Quote stale or spread hard rejected.; SideDirection hard reject: -1.2 < 65.0; PremiumElasticity hard reject: 0.70 < 1.00; Expected/Required hard reject: 1.33 < 1.60; TradeQuality below configured minimum; ConvexityEdge below excellent gate: 76.8 < 80.0,DataHealth invalid; Contract invalid: Quote stale or spread hard rejected.; SideDirection hard reject: -1.2 < 65.0; PremiumElasticity hard reject: 0.70 < 1.00; Expected/Required hard reject: 1.33 < 1.60; TradeQuality below configured minimum; ConvexityEdge below excellent gate: 76.8 < 80.0,direction=OBSERVED;liquidity=OBSERVED,NSE,INDEX,NSE_INDEX,NIFTY,PAPER_ELIGIBLE,INDEX:BROAD_EQUITY,,,paper-strategy-8ade763620b6,opportunity-score-8ade763620b6,universe-a8e55c76a270,PAPER_OVERRIDE::FYERS_PAPER_PROXY_RESEARCH
202608211341_2_MIDCPNIFTY_CE,2026-08-21T08:11:44.220049+00:00,202608211341,MIDCPNIFTY,CE,2,47.32027731276449,47.32027731276449,90.0,712afad509f5,"{""contract_quality_min"": 0.0, ""direction_min"": 0.8622867440256605, ""excellent_score_min"": 47.32027731276449, ""execution_quality_min"": 100.0, ""expected_required_ratio_min"": 1.0833333333333335, ""final_confidence_min"": 74.37220015446127, ""iv_crush_max"": 24.0, ""market_hostility_max"": 19.634494651470032, ""min_5depth_lots_each_side"": 16.0, ""min_top_book_lots"": 4.0, ""premium_elasticity_min"": 0.5, ""regime_confidence_min"": 60.0, ""spread_pct_max"": 0.5540166204986172, ""trade_quality_min"": 9.142857142858034}",12.635,63.175,0.8622867440256605,9.142857142858034,0,0.5,81.49375,75.225,1.0833333333333335,24.0,19.634494651470032,60.0,INVALID,True,DataHealth invalid; Contract invalid: Quote stale or spread hard rejected.; SideDirection hard reject: 0.9 < 65.0; PremiumElasticity hard reject: 0.50 < 1.00; Expected/Required hard reject: 1.08 < 1.60; TradeQuality below configured minimum; ConvexityEdge below excellent gate: 77.3 < 80.0,DataHealth invalid; Contract invalid: Quote stale or spread hard rejected.; SideDirection hard reject: 0.9 < 65.0; PremiumElasticity hard reject: 0.50 < 1.00; Expected/Required hard reject: 1.08 < 1.60; TradeQuality below configured minimum; ConvexityEdge below excellent gate: 77.3 < 80.0,direction=OBSERVED;liquidity=OBSERVED,NSE,INDEX,NSE_INDEX,MIDCPNIFTY,PAPER_ELIGIBLE,INDEX:MIDCAP,,,paper-strategy-8ade763620b6,opportunity-score-8ade763620b6,universe-a8e55c76a270,PAPER_OVERRIDE::FYERS_PAPER_PROXY_RESEARCH
202608211341_3_MIDCPNIFTY_PE,2026-08-21T08:11:44.220574+00:00,202608211341,MIDCPNIFTY,PE,3,47.16506569883987,47.16506569883987,90.0,712afad509f5,"{""contract_quality_min"": 0.0, ""direction_min"": 0.0, ""excellent_score_min"": 47.16506569883987, ""execution_quality_min"": 100.0, ""expected_required_ratio_min"": 1.0833333333333335, ""final_confidence_min"": 74.11351413125357, ""iv_crush_max"": 24.0, ""market_hostility_max"": 19.634494651470032, ""min_5depth_lots_each_side"": 13.0, ""min_top_book_lots"": 1.0, ""premium_elasticity_min"": 0.5, ""regime_confidence_min"": 60.0, ""spread_pct_max"": 0.6430868167202549, ""trade_quality_min"": 9.142857142858034}",12.440000000000001,62.2,-0.8622867440256605,9.142857142858034,0,0.5,81.49375,75.225,1.0833333333333335,24.0,19.634494651470032,60.0,INVALID,True,DataHealth invalid; Contract invalid: Quote stale or spread hard rejected.; SideDirection hard reject: -0.9 < 65.0; PremiumElasticity hard reject: 0.50 < 1.00; Expected/Required hard reject: 1.08 < 1.60; TradeQuality below configured minimum; ConvexityEdge below excellent gate: 77.3 < 80.0,DataHealth invalid; Contract invalid: Quote stale or spread hard rejected.; SideDirection hard reject: -0.9 < 65.0; PremiumElasticity hard reject: 0.50 < 1.00; Expected/Required hard reject: 1.08 < 1.60; TradeQuality below configured minimum; ConvexityEdge below excellent gate: 77.3 < 80.0,direction=OBSERVED;liquidity=OBSERVED,NSE,INDEX,NSE_INDEX,MIDCPNIFTY,PAPER_ELIGIBLE,INDEX:MIDCAP,,,paper-strategy-8ade763620b6,opportunity-score-8ade763620b6,universe-a8e55c76a270,PAPER_OVERRIDE::FYERS_PAPER_PROXY_RESEARCH
202608211341_4_MIDCPNIFTY_CE,2026-08-21T08:11:44.221092+00:00,202608211341,MIDCPNIFTY,CE,4,47.02027731276449,47.02027731276449,90.0,712afad509f5,"{""contract_quality_min"": 0.0, ""direction_min"": 0.8622867440256605, ""excellent_score_min"": 47.02027731276449, ""execution_quality_min"": 100.0, ""expected_required_ratio_min"": 1.0833333333333335, ""final_confidence_min"": 74.37220015446127, ""iv_crush_max"": 24.0, ""market_hostility_max"": 19.634494651470032, ""min_5depth_lots_each_side"": 10.0, ""min_top_book_lots"": 1.0, ""premium_elasticity_min"": 0.7, ""regime_confidence_min"": 60.0, ""spread_pct_max"": 0.5201560468140332, ""trade_quality_min"": 9.142857142858034}",15.380000000000003,76.9,0.8622867440256605,9.142857142858034,0,0.7,81.49375,75.225,1.0833333333333335,24.0,19.634494651470032,60.0,INVALID,True,DataHealth invalid; Contract invalid: Quote stale or spread hard rejected.; SideDirection hard reject: 0.9 < 65.0; PremiumElasticity hard reject: 0.70 < 1.00; Expected/Required hard reject: 1.08 < 1.60; TradeQuality below configured minimum; ConvexityEdge below excellent gate: 75.8 < 80.0,DataHealth invalid; Contract invalid: Quote stale or spread hard rejected.; SideDirection hard reject: 0.9 < 65.0; PremiumElasticity hard reject: 0.70 < 1.00; Expected/Required hard reject: 1.08 < 1.60; TradeQuality below configured minimum; ConvexityEdge below excellent gate: 75.8 < 80.0,direction=OBSERVED;liquidity=OBSERVED,NSE,INDEX,NSE_INDEX,MIDCPNIFTY,PAPER_ELIGIBLE,INDEX:MIDCAP,,,paper-strategy-8ade763620b6,opportunity-score-8ade763620b6,universe-a8e55c76a270,PAPER_OVERRIDE::FYERS_PAPER_PROXY_RESEARCH
202608211341_5_MIDCPNIFTY_PE,2026-08-21T08:11:44.221611+00:00,202608211341,MIDCPNIFTY,PE,5,46.86506569883987,46.86506569883987,90.0,712afad509f5,"{""contract_quality_min"": 0.0, ""direction_min"": 0.0, ""excellent_score_min"": 46.86506569883987, ""execution_quality_min"": 100.0, ""expected_required_ratio_min"": 1.0833333333333335, ""final_confidence_min"": 74.11351413125357, ""iv_crush_max"": 24.0, ""market_hostility_max"": 19.634494651470032, ""min_5depth_lots_each_side"": 11.0, ""min_top_book_lots"": 1.0, ""premium_elasticity_min"": 0.7, ""regime_confidence_min"": 60.0, ""spread_pct_max"": 0.5376344086021391, ""trade_quality_min"": 9.142857142858034}",14.880000000000003,74.4,-0.8622867440256605,9.142857142858034,0,0.7,81.49375,75.225,1.0833333333333335,24.0,19.634494651470032,60.0,INVALID,True,DataHealth invalid; Contract invalid: Quote stale or spread hard rejected.; SideDirection hard reject: -0.9 < 65.0; PremiumElasticity hard reject: 0.70 < 1.00; Expected/Required hard reject: 1.08 < 1.60; TradeQuality below configured minimum; ConvexityEdge below excellent gate: 75.8 < 80.0,DataHealth invalid; Contract invalid: Quote stale or spread hard rejected.; SideDirection hard reject: -0.9 < 65.0; PremiumElasticity hard reject: 0.70 < 1.00; Expected/Required hard reject: 1.08 < 1.60; TradeQuality below configured minimum; ConvexityEdge below excellent gate: 75.8 < 80.0,direction=OBSERVED;liquidity=OBSERVED,NSE,INDEX,NSE_INDEX,MIDCPNIFTY,PAPER_ELIGIBLE,INDEX:MIDCAP,,,paper-strategy-8ade763620b6,opportunity-score-8ade763620b6,universe-a8e55c76a270,PAPER_OVERRIDE::FYERS_PAPER_PROXY_RESEARCH
202608211343_1_NIFTY_CE,2026-08-21T08:13:51.682711+00:00,202608211343,NIFTY,CE,1,52.99016820651758,52.99016820651758,80.0,00929e22c867,"{""contract_quality_min"": 0.0, ""direction_min"": 0.0, ""excellent_score_min"": 52.99016820651758, ""execution_quality_min"": 100.0, ""expected_required_ratio_min"": 1.3333333333333335, ""final_confidence_min"": 77.62691082332621, ""iv_crush_max"": 24.0, ""market_hostility_max"": 19.07127201805114, ""min_5depth_lots_each_side"": 136.0, ""min_top_book_lots"": 20.0, ""premium_elasticity_min"": 0.7, ""regime_confidence_min"": 60.0, ""spread_pct_max"": 0.2292701566679491, ""trade_quality_min"": 21.437908496739823}",26.17,130.85,-2.0297448379715606,21.437908496739823,0,0.7,131.04,98.27999999999999,1.3333333333333335,24.0,19.07127201805114,60.0,INVALID,True,DataHealth invalid; Contract invalid: Quote stale or spread hard rejected.; SideDirection hard reject: -2.0 < 65.0; PremiumElasticity hard reject: 0.70 < 1.00; Expected/Required hard reject: 1.33 < 1.60; TradeQuality below configured minimum; ConvexityEdge below excellent gate: 76.8 < 80.0,DataHealth invalid; Contract invalid: Quote stale or spread hard rejected.; SideDirection hard reject: -2.0 < 65.0; PremiumElasticity hard reject: 0.70 < 1.00; Expected/Required hard reject: 1.33 < 1.60; TradeQuality below configured minimum; ConvexityEdge below excellent gate: 76.8 < 80.0,direction=OBSERVED;liquidity=OBSERVED,NSE,INDEX,NSE_INDEX,NIFTY,PAPER_ELIGIBLE,INDEX:BROAD_EQUITY,,,paper-strategy-8ade763620b6,opportunity-score-8ade763620b6,universe-a8e55c76a270,PAPER_OVERRIDE::FYERS_PAPER_PROXY_RESEARCH
202608211343_2_BANKNIFTY_PE,2026-08-21T08:13:51.684176+00:00,202608211343,BANKNIFTY,PE,2,46.78543235537684,46.78543235537684,80.0,2e840ccd58d1,"{""contract_quality_min"": 0.0, ""direction_min"": 0.679844433557115, ""excellent_score_min"": 46.78543235537684, ""execution_quality_min"": 100.0, ""expected_required_ratio_min"": 1.4166666666666667, ""final_confidence_min"": 73.4280636215554, ""iv_crush_max"": 24.0, ""market_hostility_max"": 21.396359208988503, ""min_5depth_lots_each_side"": 8.0, ""min_top_book_lots"": 1.0, ""premium_elasticity_min"": 0.5, ""regime_confidence_min"": 60.0, ""spread_pct_max"": 0.17057569296374298, ""trade_quality_min"": 6.086956521739426}",46.900000000000006,234.5,0.679844433557115,6.086956521739426,0,0.5,419.815,296.34,1.4166666666666667,24.0,21.396359208988503,60.0,INVALID,True,DataHealth invalid; Contract invalid: Quote stale or spread hard rejected.; SideDirection hard reject: 0.7 < 65.0; PremiumElasticity hard reject: 0.50 < 1.00; Expected/Required hard reject: 1.42 < 1.60; TradeQuality below configured minimum; ConvexityEdge below excellent gate: 78.3 < 80.0,DataHealth invalid; Contract invalid: Quote stale or spread hard rejected.; SideDirection hard reject: 0.7 < 65.0; PremiumElasticity hard reject: 0.50 < 1.00; Expected/Required hard reject: 1.42 < 1.60; TradeQuality below configured minimum; ConvexityEdge below excellent gate: 78.3 < 80.0,direction=OBSERVED;liquidity=OBSERVED,NSE,INDEX,NSE_INDEX,BANKNIFTY,PAPER_ELIGIBLE,INDEX:BANKING,,,paper-strategy-8ade763620b6,opportunity-score-8ade763620b6,universe-a8e55c76a270,PAPER_OVERRIDE::FYERS_PAPER_PROXY_RESEARCH
202608211343_3_BANKNIFTY_CE,2026-08-21T08:13:51.685058+00:00,202608211343,BANKNIFTY,CE,3,46.663060357336555,46.663060357336555,80.0,2e840ccd58d1,"{""contract_quality_min"": 0.0, ""direction_min"": 0.0, ""excellent_score_min"": 46.663060357336555, ""execution_quality_min"": 100.0, ""expected_required_ratio_min"": 1.4166666666666667, ""final_confidence_min"": 73.22411029148827, ""iv_crush_max"": 24.0, ""market_hostility_max"": 21.396359208988503, ""min_5depth_lots_each_side"": 15.0, ""min_top_book_lots"": 1.0, ""premium_elasticity_min"": 0.5, ""regime_confidence_min"": 60.0, ""spread_pct_max"": 0.23130300693907707, ""trade_quality_min"": 6.086956521739426}",51.879999999999995,259.4,-0.679844433557115,6.086956521739426,0,0.5,419.815,296.34,1.4166666666666667,24.0,21.396359208988503,60.0,INVALID,True,DataHealth invalid; Contract invalid: Quote stale or spread hard rejected.; SideDirection hard reject: -0.7 < 65.0; PremiumElasticity hard reject: 0.50 < 1.00; Expected/Required hard reject: 1.42 < 1.60; TradeQuality below configured minimum; ConvexityEdge below excellent gate: 78.3 < 80.0,DataHealth invalid; Contract invalid: Quote stale or spread hard rejected.; SideDirection hard reject: -0.7 < 65.0; PremiumElasticity hard reject: 0.50 < 1.00; Expected/Required hard reject: 1.42 < 1.60; TradeQuality below configured minimum; ConvexityEdge below excellent gate: 78.3 < 80.0,direction=OBSERVED;liquidity=OBSERVED,NSE,INDEX,NSE_INDEX,BANKNIFTY,PAPER_ELIGIBLE,INDEX:BANKING,,,paper-strategy-8ade763620b6,opportunity-score-8ade763620b6,universe-a8e55c76a270,PAPER_OVERRIDE::FYERS_PAPER_PROXY_RESEARCH
202608211343_4_BANKNIFTY_CE,2026-08-21T08:13:51.685830+00:00,202608211343,BANKNIFTY,CE,4,46.36306035733656,46.36306035733656,80.0,2e840ccd58d1,"{""contract_quality_min"": 0.0, ""direction_min"": 0.0, ""excellent_score_min"": 46.36306035733656, ""execution_quality_min"": 100.0, ""expected_required_ratio_min"": 1.4166666666666667, ""final_confidence_min"": 73.22411029148827, ""iv_crush_max"": 24.0, ""market_hostility_max"": 21.396359208988503, ""min_5depth_lots_each_side"": 18.0, ""min_top_book_lots"": 2.0, ""premium_elasticity_min"": 0.7, ""regime_confidence_min"": 60.0, ""spread_pct_max"": 0.18978333069744296, ""trade_quality_min"": 6.086956521739426}",63.23,316.15,-0.679844433557115,6.086956521739426,0,0.7,419.815,296.34,1.4166666666666667,24.0,21.396359208988503,60.0,INVALID,True,DataHealth invalid; Contract invalid: Quote stale or spread hard rejected.; SideDirection hard reject: -0.7 < 65.0; PremiumElasticity hard reject: 0.70 < 1.00; Expected/Required hard reject: 1.42 < 1.60; TradeQuality below configured minimum; ConvexityEdge below excellent gate: 76.8 < 80.0,DataHealth invalid; Contract invalid: Quote stale or spread hard rejected.; SideDirection hard reject: -0.7 < 65.0; PremiumElasticity hard reject: 0.70 < 1.00; Expected/Required hard reject: 1.42 < 1.60; TradeQuality below configured minimum; ConvexityEdge below excellent gate: 76.8 < 80.0,direction=OBSERVED;liquidity=OBSERVED,NSE,INDEX,NSE_INDEX,BANKNIFTY,PAPER_ELIGIBLE,INDEX:BANKING,,,paper-strategy-8ade763620b6,opportunity-score-8ade763620b6,universe-a8e55c76a270,PAPER_OVERRIDE::FYERS_PAPER_PROXY_RESEARCH
202608211343_5_BANKNIFTY_PE,2026-08-21T08:13:51.686476+00:00,202608211343,BANKNIFTY,PE,5,43.58543235537684,43.58543235537684,80.0,2e840ccd58d1,"{""contract_quality_min"": 0.0, ""direction_min"": 0.679844433557115, ""excellent_score_min"": 43.58543235537684, ""execution_quality_min"": 100.0, ""expected_required_ratio_min"": 1.4166666666666667, ""final_confidence_min"": 73.4280636215554, ""iv_crush_max"": 24.0, ""market_hostility_max"": 21.396359208988503, ""min_5depth_lots_each_side"": 15.0, ""min_top_book_lots"": 3.0, ""premium_elasticity_min"": 0.3, ""regime_confidence_min"": 60.0, ""spread_pct_max"": 0.28837331236073477, ""trade_quality_min"": 6.086956521739426}",38.145,190.725,0.679844433557115,6.086956521739426,0,0.3,419.815,296.34,1.4166666666666667,24.0,21.396359208988503,60.0,INVALID,True,DataHealth invalid; Contract invalid: Quote stale or spread hard rejected.; SideDirection hard reject: 0.7 < 65.0; PremiumElasticity hard reject: 0.30 < 1.00; Expected/Required hard reject: 1.42 < 1.60; TradeQuality below configured minimum; ConvexityEdge below excellent gate: 62.3 < 80.0,DataHealth invalid; Contract invalid: Quote stale or spread hard rejected.; SideDirection hard reject: 0.7 < 65.0; PremiumElasticity hard reject: 0.30 < 1.00; Expected/Required hard reject: 1.42 < 1.60; TradeQuality below configured minimum; ConvexityEdge below excellent gate: 62.3 < 80.0,direction=OBSERVED;liquidity=OBSERVED,NSE,INDEX,NSE_INDEX,BANKNIFTY,PAPER_ELIGIBLE,INDEX:BANKING,,,paper-strategy-8ade763620b6,opportunity-score-8ade763620b6,universe-a8e55c76a270,PAPER_OVERRIDE::FYERS_PAPER_PROXY_RESEARCH
202608211345_1_MIDCPNIFTY_CE,2026-08-21T08:15:11.983665+00:00,202608211345,MIDCPNIFTY,CE,1,49.68618174468158,49.68618174468158,90.0,712afad509f5,"{""contract_quality_min"": 0.0, ""direction_min"": 1.5900821991649252, ""excellent_score_min"": 49.68618174468158, ""execution_quality_min"": 100.0, ""expected_required_ratio_min"": 1.0833333333333333, ""final_confidence_min"": 76.88760323896692, ""iv_crush_max"": 24.0, ""market_hostility_max"": 19.660874250690505, ""min_5depth_lots_each_side"": 13.0, ""min_top_book_lots"": 4.0, ""premium_elasticity_min"": 0.5, ""regime_confidence_min"": 60.0, ""spread_pct_max"": 0.5496662740479018, ""trade_quality_min"": 17.1636363636406}",12.735,63.675,1.5900821991649252,17.1636363636406,0,0.5,80.8275,74.61,1.0833333333333333,24.0,19.660874250690505,60.0,INVALID,True,DataHealth invalid; Contract invalid: Quote stale or spread hard rejected.; SideDirection hard reject: 1.6 < 65.0; PremiumElasticity hard reject: 0.50 < 1.00; Expected/Required hard reject: 1.08 < 1.60; TradeQuality below configured minimum; ConvexityEdge below excellent gate: 77.3 < 80.0,DataHealth invalid; Contract invalid: Quote stale or spread hard rejected.; SideDirection hard reject: 1.6 < 65.0; PremiumElasticity hard reject: 0.50 < 1.00; Expected/Required hard reject: 1.08 < 1.60; TradeQuality below configured minimum; ConvexityEdge below excellent gate: 77.3 < 80.0,direction=OBSERVED;liquidity=OBSERVED,NSE,INDEX,NSE_INDEX,MIDCPNIFTY,PAPER_ELIGIBLE,INDEX:MIDCAP,,,paper-strategy-8ade763620b6,opportunity-score-8ade763620b6,universe-a8e55c76a270,PAPER_OVERRIDE::FYERS_PAPER_PROXY_RESEARCH
202608211345_2_MIDCPNIFTY_PE,2026-08-21T08:15:11.984292+00:00,202608211345,MIDCPNIFTY,PE,2,49.399966948831896,49.399966948831896,90.0,712afad509f5,"{""contract_quality_min"": 0.0, ""direction_min"": 0.0, ""excellent_score_min"": 49.399966948831896, ""execution_quality_min"": 100.0, ""expected_required_ratio_min"": 1.0833333333333333, ""final_confidence_min"": 76.41057857921744, ""iv_crush_max"": 24.0, ""market_hostility_max"": 19.660874250690505, ""min_5depth_lots_each_side"": 13.0, ""min_top_book_lots"": 2.0, ""premium_elasticity_min"": 0.5, ""regime_confidence_min"": 60.0, ""spread_pct_max"": 0.7416563658838001, ""trade_quality_min"": 17.1636363636406}",12.135,60.675,-1.5900821991649252,17.1636363636406,0,0.5,80.8275,74.61,1.0833333333333333,24.0,19.660874250690505,60.0,INVALID,True,DataHealth invalid; Contract invalid: Quote stale or spread hard rejected.; SideDirection hard reject: -1.6 < 65.0; PremiumElasticity hard reject: 0.50 < 1.00; Expected/Required hard reject: 1.08 < 1.60; TradeQuality below configured minimum; ConvexityEdge below excellent gate: 77.3 < 80.0,DataHealth invalid; Contract invalid: Quote stale or spread hard rejected.; SideDirection hard reject: -1.6 < 65.0; PremiumElasticity hard reject: 0.50 < 1.00; Expected/Required hard reject: 1.08 < 1.60; TradeQuality below configured minimum; ConvexityEdge below excellent gate: 77.3 < 80.0,direction=OBSERVED;liquidity=OBSERVED,NSE,INDEX,NSE_INDEX,MIDCPNIFTY,PAPER_ELIGIBLE,INDEX:MIDCAP,,,paper-strategy-8ade763620b6,opportunity-score-8ade763620b6,universe-a8e55c76a270,PAPER_OVERRIDE::FYERS_PAPER_PROXY_RESEARCH
202608211345_3_MIDCPNIFTY_CE,2026-08-21T08:15:11.984870+00:00,202608211345,MIDCPNIFTY,CE,3,49.386181744681586,49.386181744681586,90.0,712afad509f5,"{""contract_quality_min"": 0.0, ""direction_min"": 1.5900821991649252, ""excellent_score_min"": 49.386181744681586, ""execution_quality_min"": 100.0, ""expected_required_ratio_min"": 1.0833333333333333, ""final_confidence_min"": 76.88760323896692, ""iv_crush_max"": 24.0, ""market_hostility_max"": 19.660874250690505, ""min_5depth_lots_each_side"": 8.0, ""min_top_book_lots"": 1.0, ""premium_elasticity_min"": 0.7, ""regime_confidence_min"": 60.0, ""spread_pct_max"": 0.5800837898807644, ""trade_quality_min"": 17.1636363636406}",15.514999999999999,77.57499999999999,1.5900821991649252,17.1636363636406,0,0.7,80.8275,74.61,1.0833333333333333,24.0,19.660874250690505,60.0,INVALID,True,DataHealth invalid; Contract invalid: Quote stale or spread hard rejected.; SideDirection hard reject: 1.6 < 65.0; PremiumElasticity hard reject: 0.70 < 1.00; Expected/Required hard reject: 1.08 < 1.60; TradeQuality below configured minimum; ConvexityEdge below excellent gate: 75.8 < 80.0,DataHealth invalid; Contract invalid: Quote stale or spread hard rejected.; SideDirection hard reject: 1.6 < 65.0; PremiumElasticity hard reject: 0.70 < 1.00; Expected/Required hard reject: 1.08 < 1.60; TradeQuality below configured minimum; ConvexityEdge below excellent gate: 75.8 < 80.0,direction=OBSERVED;liquidity=OBSERVED,NSE,INDEX,NSE_INDEX,MIDCPNIFTY,PAPER_ELIGIBLE,INDEX:MIDCAP,,,paper-strategy-8ade763620b6,opportunity-score-8ade763620b6,universe-a8e55c76a270,PAPER_OVERRIDE::FYERS_PAPER_PROXY_RESEARCH
202608211345_4_NIFTY_CE,2026-08-21T08:15:11.985423+00:00,202608211345,NIFTY,CE,4,49.359124525304146,49.359124525304146,80.0,00929e22c867,"{""contract_quality_min"": 0.0, ""direction_min"": 0.0, ""excellent_score_min"": 49.359124525304146, ""execution_quality_min"": 100.0, ""expected_required_ratio_min"": 1.3333333333333335, ""final_confidence_min"": 73.9066790429706, ""iv_crush_max"": 24.0, ""market_hostility_max"": 18.950063060721178, ""min_5depth_lots_each_side"": 160.0, ""min_top_book_lots"": 20.0, ""premium_elasticity_min"": 0.7, ""regime_confidence_min"": 60.0, ""spread_pct_max"": 0.2664129400571058, ""trade_quality_min"": 8.401826484028339}",26.275000000000002,131.375,-0.7591260149194371,8.401826484028339,0,0.7,130.9,98.175,1.3333333333333335,24.0,18.950063060721178,60.0,INVALID,True,DataHealth invalid; Contract invalid: Quote stale or spread hard rejected.; SideDirection hard reject: -0.8 < 65.0; PremiumElasticity hard reject: 0.70 < 1.00; Expected/Required hard reject: 1.33 < 1.60; TradeQuality below configured minimum; ConvexityEdge below excellent gate: 76.8 < 80.0,DataHealth invalid; Contract invalid: Quote stale or spread hard rejected.; SideDirection hard reject: -0.8 < 65.0; PremiumElasticity hard reject: 0.70 < 1.00; Expected/Required hard reject: 1.33 < 1.60; TradeQuality below configured minimum; ConvexityEdge below excellent gate: 76.8 < 80.0,direction=OBSERVED;liquidity=OBSERVED,NSE,INDEX,NSE_INDEX,NIFTY,PAPER_ELIGIBLE,INDEX:BROAD_EQUITY,,,paper-strategy-8ade763620b6,opportunity-score-8ade763620b6,universe-a8e55c76a270,PAPER_OVERRIDE::FYERS_PAPER_PROXY_RESEARCH
202608211345_5_MIDCPNIFTY_PE,2026-08-21T08:15:11.985897+00:00,202608211345,MIDCPNIFTY,PE,5,49.0999669488319,49.0999669488319,90.0,712afad509f5,"{""contract_quality_min"": 0.0, ""direction_min"": 0.0, ""excellent_score_min"": 49.0999669488319, ""execution_quality_min"": 100.0, ""expected_required_ratio_min"": 1.0833333333333333, ""final_confidence_min"": 76.41057857921744, ""iv_crush_max"": 24.0, ""market_hostility_max"": 19.660874250690505, ""min_5depth_lots_each_side"": 11.0, ""min_top_book_lots"": 2.0, ""premium_elasticity_min"": 0.7, ""regime_confidence_min"": 60.0, ""spread_pct_max"": 0.6149641270925901, ""trade_quality_min"": 17.1636363636406}",14.635000000000003,73.17500000000001,-1.5900821991649252,17.1636363636406,0,0.7,80.8275,74.61,1.0833333333333333,24.0,19.660874250690505,60.0,INVALID,True,DataHealth invalid; Contract invalid: Quote stale or spread hard rejected.; SideDirection hard reject: -1.6 < 65.0; PremiumElasticity hard reject: 0.70 < 1.00; Expected/Required hard reject: 1.08 < 1.60; TradeQuality below configured minimum; ConvexityEdge below excellent gate: 75.8 < 80.0,DataHealth invalid; Contract invalid: Quote stale or spread hard rejected.; SideDirection hard reject: -1.6 < 65.0; PremiumElasticity hard reject: 0.70 < 1.00; Expected/Required hard reject: 1.08 < 1.60; TradeQuality below configured minimum; ConvexityEdge below excellent gate: 75.8 < 80.0,direction=OBSERVED;liquidity=OBSERVED,NSE,INDEX,NSE_INDEX,MIDCPNIFTY,PAPER_ELIGIBLE,INDEX:MIDCAP,,,paper-strategy-8ade763620b6,opportunity-score-8ade763620b6,universe-a8e55c76a270,PAPER_OVERRIDE::FYERS_PAPER_PROXY_RESEARCH
202608211346_1_TITAN_CE,2026-08-21T08:16:15.879655+00:00,202608211346,TITAN,CE,1,31.919303605142446,31.919303605142446,87.0,542455e602d9,"{""contract_quality_min"": 0.0, ""direction_min"": 0.0, ""excellent_score_min"": 31.919303605142446, ""execution_quality_min"": 85.73766070304744, ""expected_required_ratio_min"": 0.17585969460485576, ""final_confidence_min"": 75.90654499685328, ""iv_crush_max"": 24.0, ""market_hostility_max"": 15.0, ""min_5depth_lots_each_side"": 7.0, ""min_top_book_lots"": 1.0, ""premium_elasticity_min"": 0.5, ""regime_confidence_min"": 60.0, ""spread_pct_max"": 1.1327879169288932, ""trade_quality_min"": 40.0}",7.945,39.725,0.0,40.0,0,0.5,6.971957592609507,39.645,0.17585969460485576,24.0,15.0,60.0,INVALID,True,DataHealth invalid; Contract invalid: Quote stale or spread hard rejected.; SideDirection hard reject: 0.0 < 65.0; PremiumElasticity hard reject: 0.50 < 1.00; Expected/Required hard reject: 0.18 < 1.60; TradeQuality below configured minimum; ConvexityEdge below excellent gate: 77.3 < 80.0; RegimeFit below excellent gate: 60.0 < 70.0,DataHealth invalid; Contract invalid: Quote stale or spread hard rejected.; SideDirection hard reject: 0.0 < 65.0; PremiumElasticity hard reject: 0.50 < 1.00; Expected/Required hard reject: 0.18 < 1.60; TradeQuality below configured minimum; ConvexityEdge below excellent gate: 77.3 < 80.0; RegimeFit below excellent gate: 60.0 < 70.0,direction=UNVALIDATED;liquidity=UNVALIDATED,NSE,STOCK,NSE_STOCK_OPTION,TITAN,PAPER_ELIGIBLE,STOCK:TITAN,,,paper-strategy-8ade763620b6,opportunity-score-8ade763620b6,universe-a8e55c76a270,PAPER_OVERRIDE::FYERS_PAPER_PROXY_RESEARCH
202608211346_2_TITAN_PE,2026-08-21T08:16:15.880271+00:00,202608211346,TITAN,PE,2,19.971225806451713,19.971225806451713,87.0,542455e602d9,"{""contract_quality_min"": 0.0, ""direction_min"": 0.0, ""excellent_score_min"": 19.971225806451713, ""execution_quality_min"": 15.607210626186529, ""expected_required_ratio_min"": 0.17585969460485576, ""final_confidence_min"": 61.62144212523731, ""iv_crush_max"": 24.0, ""market_hostility_max"": 15.0, ""min_5depth_lots_each_side"": 8.0, ""min_top_book_lots"": 1.0, ""premium_elasticity_min"": 0.5, ""regime_confidence_min"": 60.0, ""spread_pct_max"": 2.2770398481973353, ""trade_quality_min"": 40.0}",5.2700000000000005,26.35,-0.0,40.0,0,0.5,6.971957592609507,39.645,0.17585969460485576,24.0,15.0,60.0,INVALID,True,DataHealth invalid; Contract invalid: Quote stale or spread hard rejected.; SideDirection hard reject: -0.0 < 65.0; PremiumElasticity hard reject: 0.50 < 1.00; Expected/Required hard reject: 0.18 < 1.60; TradeQuality below configured minimum; FinalConfidence below configured minimum; ExecutionQuality below excellent gate: 15.6 < 80.0; ConvexityEdge below excellent gate: 77.3 < 80.0; OpportunityConfidence below excellent gate: 61.6 < 70.0; RegimeFit below excellent gate: 60.0 < 70.0,DataHealth invalid; Contract invalid: Quote stale or spread hard rejected.; SideDirection hard reject: -0.0 < 65.0; PremiumElasticity hard reject: 0.50 < 1.00; Expected/Required hard reject: 0.18 < 1.60; TradeQuality below configured minimum; FinalConfidence below configured minimum; ExecutionQuality below excellent gate: 15.6 < 80.0; ConvexityEdge below excellent gate: 77.3 < 80.0; OpportunityConfidence below excellent gate: 61.6 < 70.0; RegimeFit below excellent gate: 60.0 < 70.0,direction=UNVALIDATED;liquidity=UNVALIDATED,NSE,STOCK,NSE_STOCK_OPTION,TITAN,PAPER_ELIGIBLE,STOCK:TITAN,,,paper-strategy-8ade763620b6,opportunity-score-8ade763620b6,universe-a8e55c76a270,PAPER_OVERRIDE::FYERS_PAPER_PROXY_RESEARCH
202608211346_3_TITAN_PE,2026-08-21T08:16:15.880744+00:00,202608211346,TITAN,PE,3,13.981636363636369,13.981636363636369,87.0,542455e602d9,"{""contract_quality_min"": 0.0, ""direction_min"": 0.0, ""excellent_score_min"": 13.981636363636369, ""execution_quality_min"": 0.0, ""expected_required_ratio_min"": 0.17585969460485576, ""final_confidence_min"": 57.13636363636364, ""iv_crush_max"": 24.0, ""market_hostility_max"": 15.0, ""min_5depth_lots_each_side"": 11.0, ""min_top_book_lots"": 2.0, ""premium_elasticity_min"": 0.3, ""regime_confidence_min"": 60.0, ""spread_pct_max"": 2.5974025974025974, ""trade_quality_min"": 40.0}",1.925,9.625,-0.0,40.0,0,0.3,6.971957592609507,39.645,0.17585969460485576,24.0,15.0,60.0,INVALID,True,DataHealth invalid; Contract invalid: Quote stale or spread hard rejected.; SideDirection hard reject: -0.0 < 65.0; PremiumElasticity hard reject: 0.30 < 1.00; Expected/Required hard reject: 0.18 < 1.60; TradeQuality below configured minimum; FinalConfidence below configured minimum; ExecutionQuality below excellent gate: 0.0 < 80.0; ConvexityEdge below excellent gate: 61.3 < 80.0; OpportunityConfidence below excellent gate: 57.1 < 70.0; RegimeFit below excellent gate: 60.0 < 70.0,DataHealth invalid; Contract invalid: Quote stale or spread hard rejected.; SideDirection hard reject: -0.0 < 65.0; PremiumElasticity hard reject: 0.30 < 1.00; Expected/Required hard reject: 0.18 < 1.60; TradeQuality below configured minimum; FinalConfidence below configured minimum; ExecutionQuality below excellent gate: 0.0 < 80.0; ConvexityEdge below excellent gate: 61.3 < 80.0; OpportunityConfidence below excellent gate: 57.1 < 70.0; RegimeFit below excellent gate: 60.0 < 70.0,direction=UNVALIDATED;liquidity=UNVALIDATED,NSE,STOCK,NSE_STOCK_OPTION,TITAN,PAPER_ELIGIBLE,STOCK:TITAN,,,paper-strategy-8ade763620b6,opportunity-score-8ade763620b6,universe-a8e55c76a270,PAPER_OVERRIDE::FYERS_PAPER_PROXY_RESEARCH
202608211346_4_TECHM_PE,2026-08-21T08:16:15.881221+00:00,202608211346,TECHM,PE,4,12.86368629598855,12.86368629598855,87.0,b61ad64e4ace,"{""contract_quality_min"": 0.0, ""direction_min"": 6.557377049180099, ""excellent_score_min"": 12.86368629598855, ""execution_quality_min"": 0.0, ""expected_required_ratio_min"": 1.1666666666666667, ""final_confidence_min"": 34.91603898980905, ""iv_crush_max"": 24.0, ""market_hostility_max"": 21.226204749584262, ""min_5depth_lots_each_side"": 9.0, ""min_top_book_lots"": 1.0, ""premium_elasticity_min"": 0.5, ""regime_confidence_min"": 60.0, ""spread_pct_max"": 4.958677685950425, ""trade_quality_min"": 28.10810810810678}",1.815,9.075,6.557377049180099,28.10810810810678,0,0.5,17.08,14.639999999999999,1.1666666666666667,24.0,21.226204749584262,60.0,INVALID,True,DataHealth invalid; Contract invalid: Quote stale or spread hard rejected.; SideDirection hard reject: 6.6 < 65.0; PremiumElasticity hard reject: 0.50 < 1.00; Expected/Required hard reject: 1.17 < 1.60; TradeQuality below configured minimum; FinalConfidence below configured minimum; ExecutionQuality below excellent gate: 0.0 < 80.0; ConvexityEdge below excellent gate: 78.3 < 80.0; OpportunityConfidence below excellent gate: 34.9 < 70.0; RegimeFit below excellent gate: 60.0 < 70.0,DataHealth invalid; Contract invalid: Quote stale or spread hard rejected.; SideDirection hard reject: 6.6 < 65.0; PremiumElasticity hard reject: 0.50 < 1.00; Expected/Required hard reject: 1.17 < 1.60; TradeQuality below configured minimum; FinalConfidence below configured minimum; ExecutionQuality below excellent gate: 0.0 < 80.0; ConvexityEdge below excellent gate: 78.3 < 80.0; OpportunityConfidence below excellent gate: 34.9 < 70.0; RegimeFit below excellent gate: 60.0 < 70.0,direction=UNVALIDATED;liquidity=UNVALIDATED,NSE,STOCK,NSE_STOCK_OPTION,TECHM,PAPER_ELIGIBLE,STOCK:TECHM,,,paper-strategy-8ade763620b6,opportunity-score-8ade763620b6,universe-a8e55c76a270,PAPER_OVERRIDE::FYERS_PAPER_PROXY_RESEARCH
202608211346_5_TECHM_CE,2026-08-21T08:16:15.881760+00:00,202608211346,TECHM,CE,5,12.258888606581493,12.258888606581493,87.0,b61ad64e4ace,"{""contract_quality_min"": 0.0, ""direction_min"": 0.0, ""excellent_score_min"": 12.258888606581493, ""execution_quality_min"": 0.0, ""expected_required_ratio_min"": 1.1666666666666667, ""final_confidence_min"": 38.70412766950862, ""iv_crush_max"": 24.0, ""market_hostility_max"": 21.226204749584262, ""min_5depth_lots_each_side"": 9.0, ""min_top_book_lots"": 1.0, ""premium_elasticity_min"": 0.5, ""regime_confidence_min"": 60.0, ""spread_pct_max"": 3.5889070146818858, ""trade_quality_min"": 28.10810810810678}",3.065,15.325,-6.557377049180099,28.10810810810678,0,0.5,17.08,14.639999999999999,1.1666666666666667,24.0,21.226204749584262,60.0,INVALID,True,DataHealth invalid; Contract invalid: Quote stale or spread hard rejected.; SideDirection hard reject: -6.6 < 65.0; PremiumElasticity hard reject: 0.50 < 1.00; Expected/Required hard reject: 1.17 < 1.60; TradeQuality below configured minimum; FinalConfidence below configured minimum; ExecutionQuality below excellent gate: 0.0 < 80.0; ConvexityEdge below excellent gate: 78.3 < 80.0; OpportunityConfidence below excellent gate: 38.7 < 70.0; RegimeFit below excellent gate: 60.0 < 70.0,DataHealth invalid; Contract invalid: Quote stale or spread hard rejected.; SideDirection hard reject: -6.6 < 65.0; PremiumElasticity hard reject: 0.50 < 1.00; Expected/Required hard reject: 1.17 < 1.60; TradeQuality below configured minimum; FinalConfidence below configured minimum; ExecutionQuality below excellent gate: 0.0 < 80.0; ConvexityEdge below excellent gate: 78.3 < 80.0; OpportunityConfidence below excellent gate: 38.7 < 70.0; RegimeFit below excellent gate: 60.0 < 70.0,direction=UNVALIDATED;liquidity=UNVALIDATED,NSE,STOCK,NSE_STOCK_OPTION,TECHM,PAPER_ELIGIBLE,STOCK:TECHM,,,paper-strategy-8ade763620b6,opportunity-score-8ade763620b6,universe-a8e55c76a270,PAPER_OVERRIDE::FYERS_PAPER_PROXY_RESEARCH
202608211347_1_MIDCPNIFTY_CE,2026-08-21T08:17:31.391587+00:00,202608211347,MIDCPNIFTY,CE,1,56.554656179521295,56.554656179521295,90.0,712afad509f5,"{""contract_quality_min"": 0.0, ""direction_min"": 2.7760558445406764, ""excellent_score_min"": 56.554656179521295, ""execution_quality_min"": 100.0, ""expected_required_ratio_min"": 1.0833333333333333, ""final_confidence_min"": 84.21491583936547, ""iv_crush_max"": 24.0, ""market_hostility_max"": 19.876816597342934, ""min_5depth_lots_each_side"": 17.0, ""min_top_book_lots"": 1.0, ""premium_elasticity_min"": 0.5, ""regime_confidence_min"": 60.0, ""spread_pct_max"": 0.6344171292624878, ""trade_quality_min"": 40.99502487561455}",12.61,63.05,2.7760558445406764,40.99502487561455,0,0.5,81.13624999999999,74.895,1.0833333333333333,24.0,19.876816597342934,60.0,INVALID,True,DataHealth invalid; Contract invalid: Quote stale or spread hard rejected.; SideDirection hard reject: 2.8 < 65.0; PremiumElasticity hard reject: 0.50 < 1.00; Expected/Required hard reject: 1.08 < 1.60; TradeQuality below configured minimum; ConvexityEdge below excellent gate: 77.3 < 80.0,DataHealth invalid; Contract invalid: Quote stale or spread hard rejected.; SideDirection hard reject: 2.8 < 65.0; PremiumElasticity hard reject: 0.50 < 1.00; Expected/Required hard reject: 1.08 < 1.60; TradeQuality below configured minimum; ConvexityEdge below excellent gate: 77.3 < 80.0,direction=OBSERVED;liquidity=OBSERVED,NSE,INDEX,NSE_INDEX,MIDCPNIFTY,PAPER_ELIGIBLE,INDEX:MIDCAP,,,paper-strategy-8ade763620b6,opportunity-score-8ade763620b6,universe-a8e55c76a270,PAPER_OVERRIDE::FYERS_PAPER_PROXY_RESEARCH
202608211347_2_MIDCPNIFTY_CE,2026-08-21T08:17:31.392231+00:00,202608211347,MIDCPNIFTY,CE,2,56.254656179521284,56.254656179521284,90.0,712afad509f5,"{""contract_quality_min"": 0.0, ""direction_min"": 2.7760558445406764, ""excellent_score_min"": 56.254656179521284, ""execution_quality_min"": 100.0, ""expected_required_ratio_min"": 1.0833333333333333, ""final_confidence_min"": 84.21491583936547, ""iv_crush_max"": 24.0, ""market_hostility_max"": 19.876816597342934, ""min_5depth_lots_each_side"": 8.0, ""min_top_book_lots"": 1.0, ""premium_elasticity_min"": 0.7, ""regime_confidence_min"": 60.0, ""spread_pct_max"": 0.5834683954618977, ""trade_quality_min"": 40.99502487561455}",15.425,77.125,2.7760558445406764,40.99502487561455,0,0.7,81.13624999999999,74.895,1.0833333333333333,24.0,19.876816597342934,60.0,INVALID,True,DataHealth invalid; Contract invalid: Quote stale or spread hard rejected.; SideDirection hard reject: 2.8 < 65.0; PremiumElasticity hard reject: 0.70 < 1.00; Expected/Required hard reject: 1.08 < 1.60; TradeQuality below configured minimum; ConvexityEdge below excellent gate: 75.8 < 80.0,DataHealth invalid; Contract invalid: Quote stale or spread hard rejected.; SideDirection hard reject: 2.8 < 65.0; PremiumElasticity hard reject: 0.70 < 1.00; Expected/Required hard reject: 1.08 < 1.60; TradeQuality below configured minimum; ConvexityEdge below excellent gate: 75.8 < 80.0,direction=OBSERVED;liquidity=OBSERVED,NSE,INDEX,NSE_INDEX,MIDCPNIFTY,PAPER_ELIGIBLE,INDEX:MIDCAP,,,paper-strategy-8ade763620b6,opportunity-score-8ade763620b6,universe-a8e55c76a270,PAPER_OVERRIDE::FYERS_PAPER_PROXY_RESEARCH
202608211347_3_MIDCPNIFTY_PE,2026-08-21T08:17:31.392682+00:00,202608211347,MIDCPNIFTY,PE,3,55.75496612750396,55.75496612750396,90.0,712afad509f5,"{""contract_quality_min"": 0.0, ""direction_min"": 0.0, ""excellent_score_min"": 55.75496612750396, ""execution_quality_min"": 100.0, ""expected_required_ratio_min"": 1.0833333333333333, ""final_confidence_min"": 83.38209908600327, ""iv_crush_max"": 24.0, ""market_hostility_max"": 19.876816597342934, ""min_5depth_lots_each_side"": 11.0, ""min_top_book_lots"": 2.0, ""premium_elasticity_min"": 0.7, ""regime_confidence_min"": 60.0, ""spread_pct_max"": 0.6058566139347059, ""trade_quality_min"": 40.99502487561455}",14.855000000000002,74.275,-2.7760558445406764,40.99502487561455,0,0.7,81.13624999999999,74.895,1.0833333333333333,24.0,19.876816597342934,60.0,INVALID,True,DataHealth invalid; Contract invalid: Quote stale or spread hard rejected.; SideDirection hard reject: -2.8 < 65.0; PremiumElasticity hard reject: 0.70 < 1.00; Expected/Required hard reject: 1.08 < 1.60; TradeQuality below configured minimum; ConvexityEdge below excellent gate: 75.8 < 80.0,DataHealth invalid; Contract invalid: Quote stale or spread hard rejected.; SideDirection hard reject: -2.8 < 65.0; PremiumElasticity hard reject: 0.70 < 1.00; Expected/Required hard reject: 1.08 < 1.60; TradeQuality below configured minimum; ConvexityEdge below excellent gate: 75.8 < 80.0,direction=OBSERVED;liquidity=OBSERVED,NSE,INDEX,NSE_INDEX,MIDCPNIFTY,PAPER_ELIGIBLE,INDEX:MIDCAP,,,paper-strategy-8ade763620b6,opportunity-score-8ade763620b6,universe-a8e55c76a270,PAPER_OVERRIDE::FYERS_PAPER_PROXY_RESEARCH
202608211347_4_MIDCPNIFTY_PE,2026-08-21T08:17:31.393146+00:00,202608211347,MIDCPNIFTY,PE,4,55.47428739708832,55.47428739708832,90.0,712afad509f5,"{""contract_quality_min"": 0.0, ""direction_min"": 0.0, ""excellent_score_min"": 55.47428739708832, ""execution_quality_min"": 96.12880846389567, ""expected_required_ratio_min"": 1.0833333333333333, ""final_confidence_min"": 83.38209908600327, ""iv_crush_max"": 24.0, ""market_hostility_max"": 19.876816597342934, ""min_5depth_lots_each_side"": 8.0, ""min_top_book_lots"": 1.0, ""premium_elasticity_min"": 0.5, ""regime_confidence_min"": 60.0, ""spread_pct_max"": 0.8903278025091009, ""trade_quality_min"": 40.99502487561455}",12.355,61.775,-2.7760558445406764,40.99502487561455,0,0.5,81.13624999999999,74.895,1.0833333333333333,24.0,19.876816597342934,60.0,INVALID,True,DataHealth invalid; Contract invalid: Quote stale or spread hard rejected.; SideDirection hard reject: -2.8 < 65.0; PremiumElasticity hard reject: 0.50 < 1.00; Expected/Required hard reject: 1.08 < 1.60; TradeQuality below configured minimum; ConvexityEdge below excellent gate: 77.3 < 80.0,DataHealth invalid; Contract invalid: Quote stale or spread hard rejected.; SideDirection hard reject: -2.8 < 65.0; PremiumElasticity hard reject: 0.50 < 1.00; Expected/Required hard reject: 1.08 < 1.60; TradeQuality below configured minimum; ConvexityEdge below excellent gate: 77.3 < 80.0,direction=OBSERVED;liquidity=OBSERVED,NSE,INDEX,NSE_INDEX,MIDCPNIFTY,PAPER_ELIGIBLE,INDEX:MIDCAP,,,paper-strategy-8ade763620b6,opportunity-score-8ade763620b6,universe-a8e55c76a270,PAPER_OVERRIDE::FYERS_PAPER_PROXY_RESEARCH
202608211347_5_MIDCPNIFTY_CE,2026-08-21T08:17:31.393789+00:00,202608211347,MIDCPNIFTY,CE,5,53.35465617952129,53.35465617952129,90.0,712afad509f5,"{""contract_quality_min"": 0.0, ""direction_min"": 2.7760558445406764, ""excellent_score_min"": 53.35465617952129, ""execution_quality_min"": 100.0, ""expected_required_ratio_min"": 1.0833333333333333, ""final_confidence_min"": 84.21491583936547, ""iv_crush_max"": 24.0, ""market_hostility_max"": 19.876816597342934, ""min_5depth_lots_each_side"": 18.0, ""min_top_book_lots"": 1.0, ""premium_elasticity_min"": 0.3, ""regime_confidence_min"": 60.0, ""spread_pct_max"": 0.7889546351084784, ""trade_quality_min"": 40.99502487561455}",10.14,50.7,2.7760558445406764,40.99502487561455,0,0.3,81.13624999999999,74.895,1.0833333333333333,24.0,19.876816597342934,60.0,INVALID,True,DataHealth invalid; Contract invalid: Quote stale or spread hard rejected.; SideDirection hard reject: 2.8 < 65.0; PremiumElasticity hard reject: 0.30 < 1.00; Expected/Required hard reject: 1.08 < 1.60; TradeQuality below configured minimum; ConvexityEdge below excellent gate: 61.3 < 80.0,DataHealth invalid; Contract invalid: Quote stale or spread hard rejected.; SideDirection hard reject: 2.8 < 65.0; PremiumElasticity hard reject: 0.30 < 1.00; Expected/Required hard reject: 1.08 < 1.60; TradeQuality below configured minimum; ConvexityEdge below excellent gate: 61.3 < 80.0,direction=OBSERVED;liquidity=OBSERVED,NSE,INDEX,NSE_INDEX,MIDCPNIFTY,PAPER_ELIGIBLE,INDEX:MIDCAP,,,paper-strategy-8ade763620b6,opportunity-score-8ade763620b6,universe-a8e55c76a270,PAPER_OVERRIDE::FYERS_PAPER_PROXY_RESEARCH
202608211349_1_MIDCPNIFTY_CE,2026-08-21T08:19:15.809911+00:00,202608211349,MIDCPNIFTY,CE,1,51.25457705312836,51.25457705312836,90.0,712afad509f5,"{""contract_quality_min"": 0.0, ""direction_min"": 1.3203854717182069, ""excellent_score_min"": 51.25457705312836, ""execution_quality_min"": 100.0, ""expected_required_ratio_min"": 1.0833333333333335, ""final_confidence_min"": 78.57525080321649, ""iv_crush_max"": 24.0, ""market_hostility_max"": 19.701064811385287, ""min_5depth_lots_each_side"": 9.0, ""min_top_book_lots"": 1.0, ""premium_elasticity_min"": 0.5, ""regime_confidence_min"": 60.0, ""spread_pct_max"": 0.5470887065260001, ""trade_quality_min"": 22.923976608195897}",12.795000000000002,63.975,1.3203854717182069,22.923976608195897,0,0.5,80.55125000000001,74.355,1.0833333333333335,24.0,19.701064811385287,60.0,INVALID,True,DataHealth invalid; Contract invalid: Quote stale or spread hard rejected.; SideDirection hard reject: 1.3 < 65.0; PremiumElasticity hard reject: 0.50 < 1.00; Expected/Required hard reject: 1.08 < 1.60; TradeQuality below configured minimum; ConvexityEdge below excellent gate: 77.3 < 80.0,DataHealth invalid; Contract invalid: Quote stale or spread hard rejected.; SideDirection hard reject: 1.3 < 65.0; PremiumElasticity hard reject: 0.50 < 1.00; Expected/Required hard reject: 1.08 < 1.60; TradeQuality below configured minimum; ConvexityEdge below excellent gate: 77.3 < 80.0,direction=OBSERVED;liquidity=OBSERVED,NSE,INDEX,NSE_INDEX,MIDCPNIFTY,PAPER_ELIGIBLE,INDEX:MIDCAP,,,paper-strategy-8ade763620b6,opportunity-score-8ade763620b6,universe-a8e55c76a270,PAPER_OVERRIDE::FYERS_PAPER_PROXY_RESEARCH
202608211349_2_MIDCPNIFTY_PE,2026-08-21T08:19:15.810514+00:00,202608211349,MIDCPNIFTY,PE,2,51.016907668219076,51.016907668219076,90.0,712afad509f5,"{""contract_quality_min"": 0.0, ""direction_min"": 0.0, ""excellent_score_min"": 51.016907668219076, ""execution_quality_min"": 100.0, ""expected_required_ratio_min"": 1.0833333333333335, ""final_confidence_min"": 78.17913516170104, ""iv_crush_max"": 24.0, ""market_hostility_max"": 19.701064811385287, ""min_5depth_lots_each_side"": 15.0, ""min_top_book_lots"": 1.0, ""premium_elasticity_min"": 0.5, ""regime_confidence_min"": 60.0, ""spread_pct_max"": 0.5004170141784892, ""trade_quality_min"": 22.923976608195897}",11.990000000000002,59.95,-1.3203854717182069,22.923976608195897,0,0.5,80.55125000000001,74.355,1.0833333333333335,24.0,19.701064811385287,60.0,INVALID,True,DataHealth invalid; Contract invalid: Quote stale or spread hard rejected.; SideDirection hard reject: -1.3 < 65.0; PremiumElasticity hard reject: 0.50 < 1.00; Expected/Required hard reject: 1.08 < 1.60; TradeQuality below configured minimum; ConvexityEdge below excellent gate: 77.3 < 80.0,DataHealth invalid; Contract invalid: Quote stale or spread hard rejected.; SideDirection hard reject: -1.3 < 65.0; PremiumElasticity hard reject: 0.50 < 1.00; Expected/Required hard reject: 1.08 < 1.60; TradeQuality below configured minimum; ConvexityEdge below excellent gate: 77.3 < 80.0,direction=OBSERVED;liquidity=OBSERVED,NSE,INDEX,NSE_INDEX,MIDCPNIFTY,PAPER_ELIGIBLE,INDEX:MIDCAP,,,paper-strategy-8ade763620b6,opportunity-score-8ade763620b6,universe-a8e55c76a270,PAPER_OVERRIDE::FYERS_PAPER_PROXY_RESEARCH
202608211349_3_MIDCPNIFTY_CE,2026-08-21T08:19:15.811094+00:00,202608211349,MIDCPNIFTY,CE,3,50.95457705312836,50.95457705312836,90.0,712afad509f5,"{""contract_quality_min"": 0.0, ""direction_min"": 1.3203854717182069, ""excellent_score_min"": 50.95457705312836, ""execution_quality_min"": 100.0, ""expected_required_ratio_min"": 1.0833333333333335, ""final_confidence_min"": 78.57525080321649, ""iv_crush_max"": 24.0, ""market_hostility_max"": 19.701064811385287, ""min_5depth_lots_each_side"": 8.0, ""min_top_book_lots"": 1.0, ""premium_elasticity_min"": 0.7, ""regime_confidence_min"": 60.0, ""spread_pct_max"": 0.5102040816326422, ""trade_quality_min"": 22.923976608195897}",15.680000000000001,78.4,1.3203854717182069,22.923976608195897,0,0.7,80.55125000000001,74.355,1.0833333333333335,24.0,19.701064811385287,60.0,INVALID,True,DataHealth invalid; Contract invalid: Quote stale or spread hard rejected.; SideDirection hard reject: 1.3 < 65.0; PremiumElasticity hard reject: 0.70 < 1.00; Expected/Required hard reject: 1.08 < 1.60; TradeQuality below configured minimum; ConvexityEdge below excellent gate: 75.8 < 80.0,DataHealth invalid; Contract invalid: Quote stale or spread hard rejected.; SideDirection hard reject: 1.3 < 65.0; PremiumElasticity hard reject: 0.70 < 1.00; Expected/Required hard reject: 1.08 < 1.60; TradeQuality below configured minimum; ConvexityEdge below excellent gate: 75.8 < 80.0,direction=OBSERVED;liquidity=OBSERVED,NSE,INDEX,NSE_INDEX,MIDCPNIFTY,PAPER_ELIGIBLE,INDEX:MIDCAP,,,paper-strategy-8ade763620b6,opportunity-score-8ade763620b6,universe-a8e55c76a270,PAPER_OVERRIDE::FYERS_PAPER_PROXY_RESEARCH
202608211349_4_MIDCPNIFTY_PE,2026-08-21T08:19:15.811668+00:00,202608211349,MIDCPNIFTY,PE,4,50.71690766821908,50.71690766821908,90.0,712afad509f5,"{""contract_quality_min"": 0.0, ""direction_min"": 0.0, ""excellent_score_min"": 50.71690766821908, ""execution_quality_min"": 100.0, ""expected_required_ratio_min"": 1.0833333333333335, ""final_confidence_min"": 78.17913516170104, ""iv_crush_max"": 24.0, ""market_hostility_max"": 19.701064811385287, ""min_5depth_lots_each_side"": 10.0, ""min_top_book_lots"": 1.0, ""premium_elasticity_min"": 0.7, ""regime_confidence_min"": 60.0, ""spread_pct_max"": 0.5486968449931295, ""trade_quality_min"": 22.923976608195897}",14.580000000000002,72.9,-1.3203854717182069,22.923976608195897,0,0.7,80.55125000000001,74.355,1.0833333333333335,24.0,19.701064811385287,60.0,INVALID,True,DataHealth invalid; Contract invalid: Quote stale or spread hard rejected.; SideDirection hard reject: -1.3 < 65.0; PremiumElasticity hard reject: 0.70 < 1.00; Expected/Required hard reject: 1.08 < 1.60; TradeQuality below configured minimum; ConvexityEdge below excellent gate: 75.8 < 80.0,DataHealth invalid; Contract invalid: Quote stale or spread hard rejected.; SideDirection hard reject: -1.3 < 65.0; PremiumElasticity hard reject: 0.70 < 1.00; Expected/Required hard reject: 1.08 < 1.60; TradeQuality below configured minimum; ConvexityEdge below excellent gate: 75.8 < 80.0,direction=OBSERVED;liquidity=OBSERVED,NSE,INDEX,NSE_INDEX,MIDCPNIFTY,PAPER_ELIGIBLE,INDEX:MIDCAP,,,paper-strategy-8ade763620b6,opportunity-score-8ade763620b6,universe-a8e55c76a270,PAPER_OVERRIDE::FYERS_PAPER_PROXY_RESEARCH
202608211349_5_MIDCPNIFTY_CE,2026-08-21T08:19:15.812183+00:00,202608211349,MIDCPNIFTY,CE,5,48.054577053128355,48.054577053128355,90.0,712afad509f5,"{""contract_quality_min"": 0.0, ""direction_min"": 1.3203854717182069, ""excellent_score_min"": 48.054577053128355, ""execution_quality_min"": 100.0, ""expected_required_ratio_min"": 1.0833333333333335, ""final_confidence_min"": 78.57525080321649, ""iv_crush_max"": 24.0, ""market_hostility_max"": 19.701064811385287, ""min_5depth_lots_each_side"": 9.0, ""min_top_book_lots"": 1.0, ""premium_elasticity_min"": 0.3, ""regime_confidence_min"": 60.0, ""spread_pct_max"": 0.5842259006815913, ""trade_quality_min"": 22.923976608195897}",10.270000000000001,51.35,1.3203854717182069,22.923976608195897,0,0.3,80.55125000000001,74.355,1.0833333333333335,24.0,19.701064811385287,60.0,INVALID,True,DataHealth invalid; Contract invalid: Quote stale or spread hard rejected.; SideDirection hard reject: 1.3 < 65.0; PremiumElasticity hard reject: 0.30 < 1.00; Expected/Required hard reject: 1.08 < 1.60; TradeQuality below configured minimum; ConvexityEdge below excellent gate: 61.3 < 80.0,DataHealth invalid; Contract invalid: Quote stale or spread hard rejected.; SideDirection hard reject: 1.3 < 65.0; PremiumElasticity hard reject: 0.30 < 1.00; Expected/Required hard reject: 1.08 < 1.60; TradeQuality below configured minimum; ConvexityEdge below excellent gate: 61.3 < 80.0,direction=OBSERVED;liquidity=OBSERVED,NSE,INDEX,NSE_INDEX,MIDCPNIFTY,PAPER_ELIGIBLE,INDEX:MIDCAP,,,paper-strategy-8ade763620b6,opportunity-score-8ade763620b6,universe-a8e55c76a270,PAPER_OVERRIDE::FYERS_PAPER_PROXY_RESEARCH
202608211351_1_TCS_CE,2026-08-21T08:21:15.024109+00:00,202608211351,TCS,CE,1,37.33681333912076,37.33681333912076,87.0,5450c99e8b35,"{""contract_quality_min"": 0.0, ""direction_min"": 0.0, ""excellent_score_min"": 37.33681333912076, ""execution_quality_min"": 90.40468064358839, ""expected_required_ratio_min"": 1.1666666666666665, ""final_confidence_min"": 82.18063084163803, ""iv_crush_max"": 24.0, ""market_hostility_max"": 24.416277954575598, ""min_5depth_lots_each_side"": 6.0, ""min_top_book_lots"": 1.0, ""premium_elasticity_min"": 0.7, ""regime_confidence_min"": 60.0, ""spread_pct_max"": 1.0238907849829377, ""trade_quality_min"": 61.1764705882504}",5.859999999999999,29.299999999999997,-4.53159041394399,61.1764705882504,0,0.7,25.6025,21.945,1.1666666666666665,24.0,24.416277954575598,60.0,INVALID,True,DataHealth invalid; Contract invalid: Quote stale or spread hard rejected.; SideDirection hard reject: -4.5 < 65.0; PremiumElasticity hard reject: 0.70 < 1.00; Expected/Required hard reject: 1.17 < 1.60; TradeQuality below configured minimum; ConvexityEdge below excellent gate: 76.8 < 80.0; RegimeFit below excellent gate: 60.0 < 70.0,DataHealth invalid; Contract invalid: Quote stale or spread hard rejected.; SideDirection hard reject: -4.5 < 65.0; PremiumElasticity hard reject: 0.70 < 1.00; Expected/Required hard reject: 1.17 < 1.60; TradeQuality below configured minimum; ConvexityEdge below excellent gate: 76.8 < 80.0; RegimeFit below excellent gate: 60.0 < 70.0,direction=UNVALIDATED;liquidity=UNVALIDATED,NSE,STOCK,NSE_STOCK_OPTION,TCS,PAPER_ELIGIBLE,STOCK:TCS,,,paper-strategy-8ade763620b6,opportunity-score-8ade763620b6,universe-a8e55c76a270,PAPER_OVERRIDE::FYERS_PAPER_PROXY_RESEARCH
202608211351_2_TCS_PE,2026-08-21T08:21:15.024774+00:00,202608211351,TCS,PE,2,35.210442966511266,35.210442966511266,87.0,5450c99e8b35,"{""contract_quality_min"": 0.0, ""direction_min"": 4.53159041394399, ""excellent_score_min"": 35.210442966511266, ""execution_quality_min"": 73.87627251370408, ""expected_required_ratio_min"": 1.1666666666666665, ""final_confidence_min"": 78.91215368945363, ""iv_crush_max"": 24.0, ""market_hostility_max"": 24.416277954575598, ""min_5depth_lots_each_side"": 7.0, ""min_top_book_lots"": 2.0, ""premium_elasticity_min"": 0.7, ""regime_confidence_min"": 60.0, ""spread_pct_max"": 1.4095536413469048, ""trade_quality_min"": 61.1764705882504}",6.385,31.924999999999997,4.53159041394399,61.1764705882504,0,0.7,25.6025,21.945,1.1666666666666665,24.0,24.416277954575598,60.0,INVALID,True,DataHealth invalid; Contract invalid: Quote stale or spread hard rejected.; SideDirection hard reject: 4.5 < 65.0; PremiumElasticity hard reject: 0.70 < 1.00; Expected/Required hard reject: 1.17 < 1.60; TradeQuality below configured minimum; ExecutionQuality below excellent gate: 73.9 < 80.0; ConvexityEdge below excellent gate: 76.8 < 80.0; RegimeFit below excellent gate: 60.0 < 70.0,DataHealth invalid; Contract invalid: Quote stale or spread hard rejected.; SideDirection hard reject: 4.5 < 65.0; PremiumElasticity hard reject: 0.70 < 1.00; Expected/Required hard reject: 1.17 < 1.60; TradeQuality below configured minimum; ExecutionQuality below excellent gate: 73.9 < 80.0; ConvexityEdge below excellent gate: 76.8 < 80.0; RegimeFit below excellent gate: 60.0 < 70.0,direction=UNVALIDATED;liquidity=UNVALIDATED,NSE,STOCK,NSE_STOCK_OPTION,TCS,PAPER_ELIGIBLE,STOCK:TCS,,,paper-strategy-8ade763620b6,opportunity-score-8ade763620b6,universe-a8e55c76a270,PAPER_OVERRIDE::FYERS_PAPER_PROXY_RESEARCH
202608211351_3_HINDUNILVR_CE,2026-08-21T08:21:15.025282+00:00,202608211351,HINDUNILVR,CE,3,27.880475587002465,27.880475587002465,87.0,7c6072ee0b40,"{""contract_quality_min"": 0.0, ""direction_min"": 1.1869436201778616, ""excellent_score_min"": 27.880475587002465, ""execution_quality_min"": 48.62086258776347, ""expected_required_ratio_min"": 1.1666666666666667, ""final_confidence_min"": 70.41304655807622, ""iv_crush_max"": 24.0, ""market_hostility_max"": 19.087754866570496, ""min_5depth_lots_each_side"": 7.0, ""min_top_book_lots"": 1.0, ""premium_elasticity_min"": 0.7, ""regime_confidence_min"": 60.0, ""spread_pct_max"": 1.8054162487462362, ""trade_quality_min"": 48.00000000001456}",4.984999999999999,24.924999999999997,1.1869436201778616,48.00000000001456,0,0.7,17.447499999999998,14.954999999999998,1.1666666666666667,24.0,19.087754866570496,60.0,INVALID,True,DataHealth invalid; Contract invalid: Quote stale or spread hard rejected.; SideDirection hard reject: 1.2 < 65.0; PremiumElasticity hard reject: 0.70 < 1.00; Expected/Required hard reject: 1.17 < 1.60; TradeQuality below configured minimum; ExecutionQuality below excellent gate: 48.6 < 80.0; ConvexityEdge below excellent gate: 76.8 < 80.0; RegimeFit below excellent gate: 60.0 < 70.0,DataHealth invalid; Contract invalid: Quote stale or spread hard rejected.; SideDirection hard reject: 1.2 < 65.0; PremiumElasticity hard reject: 0.70 < 1.00; Expected/Required hard reject: 1.17 < 1.60; TradeQuality below configured minimum; ExecutionQuality below excellent gate: 48.6 < 80.0; ConvexityEdge below excellent gate: 76.8 < 80.0; RegimeFit below excellent gate: 60.0 < 70.0,direction=UNVALIDATED;liquidity=UNVALIDATED,NSE,STOCK,NSE_STOCK_OPTION,HINDUNILVR,PAPER_ELIGIBLE,STOCK:HINDUNILVR,,,paper-strategy-8ade763620b6,opportunity-score-8ade763620b6,universe-a8e55c76a270,PAPER_OVERRIDE::FYERS_PAPER_PROXY_RESEARCH
202608211351_4_HINDUNILVR_CE,2026-08-21T08:21:15.025857+00:00,202608211351,HINDUNILVR,CE,4,25.95055228415977,25.95055228415977,87.0,7c6072ee0b40,"{""contract_quality_min"": 0.0, ""direction_min"": 1.1869436201778616, ""excellent_score_min"": 25.95055228415977, ""execution_quality_min"": 35.27944111776448, ""expected_required_ratio_min"": 1.1666666666666667, ""final_confidence_min"": 68.12594573464781, ""iv_crush_max"": 24.0, ""market_hostility_max"": 19.087754866570496, ""min_5depth_lots_each_side"": 13.0, ""min_top_book_lots"": 1.0, ""premium_elasticity_min"": 0.5, ""regime_confidence_min"": 60.0, ""spread_pct_max"": 1.996007984031936, ""trade_quality_min"": 48.00000000001456}",2.5050000000000003,12.525,1.1869436201778616,48.00000000001456,0,0.5,17.447499999999998,14.954999999999998,1.1666666666666667,24.0,19.087754866570496,60.0,INVALID,True,DataHealth invalid; Contract invalid: Quote stale or spread hard rejected.; SideDirection hard reject: 1.2 < 65.0; PremiumElasticity hard reject: 0.50 < 1.00; Expected/Required hard reject: 1.17 < 1.60; TradeQuality below configured minimum; ExecutionQuality below excellent gate: 35.3 < 80.0; ConvexityEdge below excellent gate: 78.3 < 80.0; OpportunityConfidence below excellent gate: 68.1 < 70.0; RegimeFit below excellent gate: 60.0 < 70.0,DataHealth invalid; Contract invalid: Quote stale or spread hard rejected.; SideDirection hard reject: 1.2 < 65.0; PremiumElasticity hard reject: 0.50 < 1.00; Expected/Required hard reject: 1.17 < 1.60; TradeQuality below configured minimum; ExecutionQuality below excellent gate: 35.3 < 80.0; ConvexityEdge below excellent gate: 78.3 < 80.0; OpportunityConfidence below excellent gate: 68.1 < 70.0; RegimeFit below excellent gate: 60.0 < 70.0,direction=UNVALIDATED;liquidity=UNVALIDATED,NSE,STOCK,NSE_STOCK_OPTION,HINDUNILVR,PAPER_ELIGIBLE,STOCK:HINDUNILVR,,,paper-strategy-8ade763620b6,opportunity-score-8ade763620b6,universe-a8e55c76a270,PAPER_OVERRIDE::FYERS_PAPER_PROXY_RESEARCH
202608211351_5_HINDUNILVR_PE,2026-08-21T08:21:15.026390+00:00,202608211351,HINDUNILVR,PE,5,23.34616820503011,23.34616820503011,87.0,7c6072ee0b40,"{""contract_quality_min"": 0.0, ""direction_min"": 0.0, ""excellent_score_min"": 23.34616820503011, ""execution_quality_min"": 22.976307996051162, ""expected_required_ratio_min"": 1.1666666666666667, ""final_confidence_min"": 65.31722005618792, ""iv_crush_max"": 24.0, ""market_hostility_max"": 19.087754866570496, ""min_5depth_lots_each_side"": 5.0, ""min_top_book_lots"": 1.0, ""premium_elasticity_min"": 0.7, ""regime_confidence_min"": 60.0, ""spread_pct_max"": 2.1717670286278405, ""trade_quality_min"": 48.00000000001456}",5.065000000000001,25.325000000000003,-1.1869436201778616,48.00000000001456,0,0.7,17.447499999999998,14.954999999999998,1.1666666666666667,24.0,19.087754866570496,60.0,INVALID,True,DataHealth invalid; Contract invalid: Quote stale or spread hard rejected.; SideDirection hard reject: -1.2 < 65.0; PremiumElasticity hard reject: 0.70 < 1.00; Expected/Required hard reject: 1.17 < 1.60; TradeQuality below configured minimum; ExecutionQuality below excellent gate: 23.0 < 80.0; ConvexityEdge below excellent gate: 76.8 < 80.0; OpportunityConfidence below excellent gate: 65.3 < 70.0; RegimeFit below excellent gate: 60.0 < 70.0,DataHealth invalid; Contract invalid: Quote stale or spread hard rejected.; SideDirection hard reject: -1.2 < 65.0; PremiumElasticity hard reject: 0.70 < 1.00; Expected/Required hard reject: 1.17 < 1.60; TradeQuality below configured minimum; ExecutionQuality below excellent gate: 23.0 < 80.0; ConvexityEdge below excellent gate: 76.8 < 80.0; OpportunityConfidence below excellent gate: 65.3 < 70.0; RegimeFit below excellent gate: 60.0 < 70.0,direction=UNVALIDATED;liquidity=UNVALIDATED,NSE,STOCK,NSE_STOCK_OPTION,HINDUNILVR,PAPER_ELIGIBLE,STOCK:HINDUNILVR,,,paper-strategy-8ade763620b6,opportunity-score-8ade763620b6,universe-a8e55c76a270,PAPER_OVERRIDE::FYERS_PAPER_PROXY_RESEARCH
202608211352_1_TRENT_PE,2026-08-21T08:22:23.379636+00:00,202608211352,TRENT,PE,1,32.89236502222579,32.89236502222579,87.0,17b38ea319dd,"{""contract_quality_min"": 0.0, ""direction_min"": 13.669138502545875, ""excellent_score_min"": 32.89236502222579, ""execution_quality_min"": 66.83222958057459, ""expected_required_ratio_min"": 1.1666666666666667, ""final_confidence_min"": 77.67399108443318, ""iv_crush_max"": 24.0, ""market_hostility_max"": 28.82851275029938, ""min_5depth_lots_each_side"": 6.0, ""min_top_book_lots"": 1.0, ""premium_elasticity_min"": 0.7, ""regime_confidence_min"": 60.0, ""spread_pct_max"": 1.5452538631346486, ""trade_quality_min"": 55.55555555555696}",9.06,45.3,13.669138502545875,55.55555555555696,0,0.7,39.3575,33.735,1.1666666666666667,24.0,28.82851275029938,60.0,INVALID,True,DataHealth invalid; Contract invalid: Quote stale or spread hard rejected.; SideDirection hard reject: 13.7 < 65.0; PremiumElasticity hard reject: 0.70 < 1.00; Expected/Required hard reject: 1.17 < 1.60; TradeQuality below configured minimum; ExecutionQuality below excellent gate: 66.8 < 80.0; ConvexityEdge below excellent gate: 76.8 < 80.0; RegimeFit below excellent gate: 60.0 < 70.0,DataHealth invalid; Contract invalid: Quote stale or spread hard rejected.; SideDirection hard reject: 13.7 < 65.0; PremiumElasticity hard reject: 0.70 < 1.00; Expected/Required hard reject: 1.17 < 1.60; TradeQuality below configured minimum; ExecutionQuality below excellent gate: 66.8 < 80.0; ConvexityEdge below excellent gate: 76.8 < 80.0; RegimeFit below excellent gate: 60.0 < 70.0,direction=UNVALIDATED;liquidity=UNVALIDATED,NSE,STOCK,NSE_STOCK_OPTION,TRENT,PAPER_ELIGIBLE,STOCK:TRENT,,,paper-strategy-8ade763620b6,opportunity-score-8ade763620b6,universe-a8e55c76a270,PAPER_OVERRIDE::FYERS_PAPER_PROXY_RESEARCH
202608211352_2_TRENT_CE,2026-08-21T08:22:23.384409+00:00,202608211352,TRENT,CE,2,30.458449113972506,30.458449113972506,87.0,17b38ea319dd,"{""contract_quality_min"": 0.0, ""direction_min"": 0.0, ""excellent_score_min"": 30.458449113972506, ""execution_quality_min"": 65.19607843137359, ""expected_required_ratio_min"": 1.1666666666666667, ""final_confidence_min"": 73.29276647952068, ""iv_crush_max"": 24.0, ""market_hostility_max"": 28.82851275029938, ""min_5depth_lots_each_side"": 5.0, ""min_top_book_lots"": 1.0, ""premium_elasticity_min"": 0.5, ""regime_confidence_min"": 60.0, ""spread_pct_max"": 1.5686274509803773, ""trade_quality_min"": 55.55555555555696}",7.65,38.25,-13.669138502545875,55.55555555555696,0,0.5,39.3575,33.735,1.1666666666666667,24.0,28.82851275029938,60.0,INVALID,True,DataHealth invalid; Contract invalid: Quote stale or spread hard rejected.; SideDirection hard reject: -13.7 < 65.0; PremiumElasticity hard reject: 0.50 < 1.00; Expected/Required hard reject: 1.17 < 1.60; TradeQuality below configured minimum; ExecutionQuality below excellent gate: 65.2 < 80.0; ConvexityEdge below excellent gate: 78.3 < 80.0; RegimeFit below excellent gate: 60.0 < 70.0,DataHealth invalid; Contract invalid: Quote stale or spread hard rejected.; SideDirection hard reject: -13.7 < 65.0; PremiumElasticity hard reject: 0.50 < 1.00; Expected/Required hard reject: 1.17 < 1.60; TradeQuality below configured minimum; ExecutionQuality below excellent gate: 65.2 < 80.0; ConvexityEdge below excellent gate: 78.3 < 80.0; RegimeFit below excellent gate: 60.0 < 70.0,direction=UNVALIDATED;liquidity=UNVALIDATED,NSE,STOCK,NSE_STOCK_OPTION,TRENT,PAPER_ELIGIBLE,STOCK:TRENT,,,paper-strategy-8ade763620b6,opportunity-score-8ade763620b6,universe-a8e55c76a270,PAPER_OVERRIDE::FYERS_PAPER_PROXY_RESEARCH
202608211352_3_TITAN_CE,2026-08-21T08:22:23.386976+00:00,202608211352,TITAN,CE,3,25.920804516532094,25.920804516532094,87.0,542455e602d9,"{""contract_quality_min"": 0.0, ""direction_min"": 0.0, ""excellent_score_min"": 25.920804516532094, ""execution_quality_min"": 67.4455825864274, ""expected_required_ratio_min"": 1.1666666666666665, ""final_confidence_min"": 67.99372621377198, ""iv_crush_max"": 24.0, ""market_hostility_max"": 22.39965371727228, ""min_5depth_lots_each_side"": 5.0, ""min_top_book_lots"": 1.0, ""premium_elasticity_min"": 0.5, ""regime_confidence_min"": 60.0, ""spread_pct_max"": 1.5364916773367514, ""trade_quality_min"": 31.746031746035413}",7.81,39.05,-3.9478878799842083,31.746031746035413,0,0.5,45.955,39.39,1.1666666666666665,24.0,22.39965371727228,60.0,INVALID,True,DataHealth invalid; Contract invalid: Quote stale or spread hard rejected.; SideDirection hard reject: -3.9 < 65.0; PremiumElasticity hard reject: 0.50 < 1.00; Expected/Required hard reject: 1.17 < 1.60; TradeQuality below configured minimum; ExecutionQuality below excellent gate: 67.4 < 80.0; ConvexityEdge below excellent gate: 78.3 < 80.0; OpportunityConfidence below excellent gate: 68.0 < 70.0; RegimeFit below excellent gate: 60.0 < 70.0,DataHealth invalid; Contract invalid: Quote stale or spread hard rejected.; SideDirection hard reject: -3.9 < 65.0; PremiumElasticity hard reject: 0.50 < 1.00; Expected/Required hard reject: 1.17 < 1.60; TradeQuality below configured minimum; ExecutionQuality below excellent gate: 67.4 < 80.0; ConvexityEdge below excellent gate: 78.3 < 80.0; OpportunityConfidence below excellent gate: 68.0 < 70.0; RegimeFit below excellent gate: 60.0 < 70.0,direction=UNVALIDATED;liquidity=UNVALIDATED,NSE,STOCK,NSE_STOCK_OPTION,TITAN,PAPER_ELIGIBLE,STOCK:TITAN,,,paper-strategy-8ade763620b6,opportunity-score-8ade763620b6,universe-a8e55c76a270,PAPER_OVERRIDE::FYERS_PAPER_PROXY_RESEARCH
202608211352_4_TITAN_PE,2026-08-21T08:22:23.387765+00:00,202608211352,TITAN,PE,4,15.074166433453449,15.074166433453449,87.0,542455e602d9,"{""contract_quality_min"": 0.0, ""direction_min"": 3.9478878799842083, ""excellent_score_min"": 15.074166433453449, ""execution_quality_min"": 0.0, ""expected_required_ratio_min"": 1.1666666666666665, ""final_confidence_min"": 54.77388744265041, ""iv_crush_max"": 24.0, ""market_hostility_max"": 22.39965371727228, ""min_5depth_lots_each_side"": 5.0, ""min_top_book_lots"": 1.0, ""premium_elasticity_min"": 0.5, ""regime_confidence_min"": 60.0, ""spread_pct_max"": 2.631578947368418, ""trade_quality_min"": 31.746031746035413}",5.32,26.6,3.9478878799842083,31.746031746035413,0,0.5,45.955,39.39,1.1666666666666665,24.0,22.39965371727228,60.0,INVALID,True,DataHealth invalid; Contract invalid: Quote stale or spread hard rejected.; SideDirection hard reject: 3.9 < 65.0; PremiumElasticity hard reject: 0.50 < 1.00; Expected/Required hard reject: 1.17 < 1.60; TradeQuality below configured minimum; FinalConfidence below configured minimum; ExecutionQuality below excellent gate: 0.0 < 80.0; ConvexityEdge below excellent gate: 78.3 < 80.0; OpportunityConfidence below excellent gate: 54.8 < 70.0; RegimeFit below excellent gate: 60.0 < 70.0,DataHealth invalid; Contract invalid: Quote stale or spread hard rejected.; SideDirection hard reject: 3.9 < 65.0; PremiumElasticity hard reject: 0.50 < 1.00; Expected/Required hard reject: 1.17 < 1.60; TradeQuality below configured minimum; FinalConfidence below configured minimum; ExecutionQuality below excellent gate: 0.0 < 80.0; ConvexityEdge below excellent gate: 78.3 < 80.0; OpportunityConfidence below excellent gate: 54.8 < 70.0; RegimeFit below excellent gate: 60.0 < 70.0,direction=UNVALIDATED;liquidity=UNVALIDATED,NSE,STOCK,NSE_STOCK_OPTION,TITAN,PAPER_ELIGIBLE,STOCK:TITAN,,,paper-strategy-8ade763620b6,opportunity-score-8ade763620b6,universe-a8e55c76a270,PAPER_OVERRIDE::FYERS_PAPER_PROXY_RESEARCH
202608211352_5_WIPRO_CE,2026-08-21T08:22:23.388346+00:00,202608211352,WIPRO,CE,5,14.511952512524815,14.511952512524815,87.0,a742cbe7dbbe,"{""contract_quality_min"": 0.0, ""direction_min"": 0.0, ""excellent_score_min"": 14.511952512524815, ""execution_quality_min"": 0.0, ""expected_required_ratio_min"": 1.1666666666666667, ""final_confidence_min"": 51.65892151621811, ""iv_crush_max"": 24.0, ""market_hostility_max"": 20.680351148979984, ""min_5depth_lots_each_side"": 5.0, ""min_top_book_lots"": 1.0, ""premium_elasticity_min"": 0.7, ""regime_confidence_min"": 60.0, ""spread_pct_max"": 2.7777777777777803, ""trade_quality_min"": 32.59259259259197}",0.72,3.5999999999999996,-4.86644915113703,32.59259259259197,0,0.7,1.8024999999999998,1.5449999999999997,1.1666666666666667,24.0,20.680351148979984,60.0,INVALID,True,DataHealth invalid; Contract invalid: Quote stale or spread hard rejected.; SideDirection hard reject: -4.9 < 65.0; PremiumElasticity hard reject: 0.70 < 1.00; Expected/Required hard reject: 1.17 < 1.60; TradeQuality below configured minimum; FinalConfidence below configured minimum; ExecutionQuality below excellent gate: 0.0 < 80.0; ConvexityEdge below excellent gate: 76.8 < 80.0; OpportunityConfidence below excellent gate: 51.7 < 70.0; RegimeFit below excellent gate: 60.0 < 70.0,DataHealth invalid; Contract invalid: Quote stale or spread hard rejected.; SideDirection hard reject: -4.9 < 65.0; PremiumElasticity hard reject: 0.70 < 1.00; Expected/Required hard reject: 1.17 < 1.60; TradeQuality below configured minimum; FinalConfidence below configured minimum; ExecutionQuality below excellent gate: 0.0 < 80.0; ConvexityEdge below excellent gate: 76.8 < 80.0; OpportunityConfidence below excellent gate: 51.7 < 70.0; RegimeFit below excellent gate: 60.0 < 70.0,direction=UNVALIDATED;liquidity=UNVALIDATED,NSE,STOCK,NSE_STOCK_OPTION,WIPRO,PAPER_ELIGIBLE,STOCK:WIPRO,,,paper-strategy-8ade763620b6,opportunity-score-8ade763620b6,universe-a8e55c76a270,PAPER_OVERRIDE::FYERS_PAPER_PROXY_RESEARCH
202608211353_1_MIDCPNIFTY_CE,2026-08-21T08:23:43.049653+00:00,202608211353,MIDCPNIFTY,CE,1,54.1626889425056,54.1626889425056,90.0,712afad509f5,"{""contract_quality_min"": 0.0, ""direction_min"": 1.4549912599477461, ""excellent_score_min"": 54.1626889425056, ""execution_quality_min"": 100.0, ""expected_required_ratio_min"": 1.0833333333333335, ""final_confidence_min"": 81.68747945822169, ""iv_crush_max"": 24.0, ""market_hostility_max"": 19.530397779251892, ""min_5depth_lots_each_side"": 13.0, ""min_top_book_lots"": 2.0, ""premium_elasticity_min"": 0.5, ""regime_confidence_min"": 60.0, ""spread_pct_max"": 0.6220839813374894, ""trade_quality_min"": 33.2307692307651}",12.86,64.3,1.4549912599477461,33.2307692307651,0,0.5,81.12,74.88,1.0833333333333335,24.0,19.530397779251892,60.0,INVALID,True,DataHealth invalid; Contract invalid: Quote stale or spread hard rejected.; SideDirection hard reject: 1.5 < 65.0; PremiumElasticity hard reject: 0.50 < 1.00; Expected/Required hard reject: 1.08 < 1.60; TradeQuality below configured minimum; ConvexityEdge below excellent gate: 77.3 < 80.0,DataHealth invalid; Contract invalid: Quote stale or spread hard rejected.; SideDirection hard reject: 1.5 < 65.0; PremiumElasticity hard reject: 0.50 < 1.00; Expected/Required hard reject: 1.08 < 1.60; TradeQuality below configured minimum; ConvexityEdge below excellent gate: 77.3 < 80.0,direction=OBSERVED;liquidity=OBSERVED,NSE,INDEX,NSE_INDEX,MIDCPNIFTY,PAPER_ELIGIBLE,INDEX:MIDCAP,,,paper-strategy-8ade763620b6,opportunity-score-8ade763620b6,universe-a8e55c76a270,PAPER_OVERRIDE::FYERS_PAPER_PROXY_RESEARCH
202608211353_2_MIDCPNIFTY_CE,2026-08-21T08:23:43.051694+00:00,202608211353,MIDCPNIFTY,CE,2,53.862688942505606,53.862688942505606,90.0,712afad509f5,"{""contract_quality_min"": 0.0, ""direction_min"": 1.4549912599477461, ""excellent_score_min"": 53.862688942505606, ""execution_quality_min"": 100.0, ""expected_required_ratio_min"": 1.0833333333333335, ""final_confidence_min"": 81.68747945822169, ""iv_crush_max"": 24.0, ""market_hostility_max"": 19.530397779251892, ""min_5depth_lots_each_side"": 6.0, ""min_top_book_lots"": 1.0, ""premium_elasticity_min"": 0.7, ""regime_confidence_min"": 60.0, ""spread_pct_max"": 0.5102040816326422, ""trade_quality_min"": 33.2307692307651}",15.680000000000001,78.4,1.4549912599477461,33.2307692307651,0,0.7,81.12,74.88,1.0833333333333335,24.0,19.530397779251892,60.0,INVALID,True,DataHealth invalid; Contract invalid: Quote stale or spread hard rejected.; SideDirection hard reject: 1.5 < 65.0; PremiumElasticity hard reject: 0.70 < 1.00; Expected/Required hard reject: 1.08 < 1.60; TradeQuality below configured minimum; ConvexityEdge below excellent gate: 75.8 < 80.0,DataHealth invalid; Contract invalid: Quote stale or spread hard rejected.; SideDirection hard reject: 1.5 < 65.0; PremiumElasticity hard reject: 0.70 < 1.00; Expected/Required hard reject: 1.08 < 1.60; TradeQuality below configured minimum; ConvexityEdge below excellent gate: 75.8 < 80.0,direction=OBSERVED;liquidity=OBSERVED,NSE,INDEX,NSE_INDEX,MIDCPNIFTY,PAPER_ELIGIBLE,INDEX:MIDCAP,,,paper-strategy-8ade763620b6,opportunity-score-8ade763620b6,universe-a8e55c76a270,PAPER_OVERRIDE::FYERS_PAPER_PROXY_RESEARCH
202608211353_3_MIDCPNIFTY_PE,2026-08-21T08:23:43.053318+00:00,202608211353,MIDCPNIFTY,PE,3,53.60079051571501,53.60079051571501,90.0,712afad509f5,"{""contract_quality_min"": 0.0, ""direction_min"": 0.0, ""excellent_score_min"": 53.60079051571501, ""execution_quality_min"": 100.0, ""expected_required_ratio_min"": 1.0833333333333335, ""final_confidence_min"": 81.25098208023736, ""iv_crush_max"": 24.0, ""market_hostility_max"": 19.530397779251892, ""min_5depth_lots_each_side"": 6.0, ""min_top_book_lots"": 2.0, ""premium_elasticity_min"": 0.7, ""regime_confidence_min"": 60.0, ""spread_pct_max"": 0.6187693365417709, ""trade_quality_min"": 33.2307692307651}",14.545,72.725,-1.4549912599477461,33.2307692307651,0,0.7,81.12,74.88,1.0833333333333335,24.0,19.530397779251892,60.0,INVALID,True,DataHealth invalid; Contract invalid: Quote stale or spread hard rejected.; SideDirection hard reject: -1.5 < 65.0; PremiumElasticity hard reject: 0.70 < 1.00; Expected/Required hard reject: 1.08 < 1.60; TradeQuality below configured minimum; ConvexityEdge below excellent gate: 75.8 < 80.0,DataHealth invalid; Contract invalid: Quote stale or spread hard rejected.; SideDirection hard reject: -1.5 < 65.0; PremiumElasticity hard reject: 0.70 < 1.00; Expected/Required hard reject: 1.08 < 1.60; TradeQuality below configured minimum; ConvexityEdge below excellent gate: 75.8 < 80.0,direction=OBSERVED;liquidity=OBSERVED,NSE,INDEX,NSE_INDEX,MIDCPNIFTY,PAPER_ELIGIBLE,INDEX:MIDCAP,,,paper-strategy-8ade763620b6,opportunity-score-8ade763620b6,universe-a8e55c76a270,PAPER_OVERRIDE::FYERS_PAPER_PROXY_RESEARCH
202608211353_4_MIDCPNIFTY_CE,2026-08-21T08:23:43.053868+00:00,202608211353,MIDCPNIFTY,CE,4,50.96268894250561,50.96268894250561,90.0,712afad509f5,"{""contract_quality_min"": 0.0, ""direction_min"": 1.4549912599477461, ""excellent_score_min"": 50.96268894250561, ""execution_quality_min"": 100.0, ""expected_required_ratio_min"": 1.0833333333333335, ""final_confidence_min"": 81.68747945822169, ""iv_crush_max"": 24.0, ""market_hostility_max"": 19.530397779251892, ""min_5depth_lots_each_side"": 9.0, ""min_top_book_lots"": 1.0, ""premium_elasticity_min"": 0.3, ""regime_confidence_min"": 60.0, ""spread_pct_max"": 0.482392667631452, ""trade_quality_min"": 33.2307692307651}",10.365000000000002,51.825,1.4549912599477461,33.2307692307651,0,0.3,81.12,74.88,1.0833333333333335,24.0,19.530397779251892,60.0,INVALID,True,DataHealth invalid; Contract invalid: Quote stale or spread hard rejected.; SideDirection hard reject: 1.5 < 65.0; PremiumElasticity hard reject: 0.30 < 1.00; Expected/Required hard reject: 1.08 < 1.60; TradeQuality below configured minimum; ConvexityEdge below excellent gate: 61.3 < 80.0,DataHealth invalid; Contract invalid: Quote stale or spread hard rejected.; SideDirection hard reject: 1.5 < 65.0; PremiumElasticity hard reject: 0.30 < 1.00; Expected/Required hard reject: 1.08 < 1.60; TradeQuality below configured minimum; ConvexityEdge below excellent gate: 61.3 < 80.0,direction=OBSERVED;liquidity=OBSERVED,NSE,INDEX,NSE_INDEX,MIDCPNIFTY,PAPER_ELIGIBLE,INDEX:MIDCAP,,,paper-strategy-8ade763620b6,opportunity-score-8ade763620b6,universe-a8e55c76a270,PAPER_OVERRIDE::FYERS_PAPER_PROXY_RESEARCH
202608211353_5_MIDCPNIFTY_PE,2026-08-21T08:23:43.054359+00:00,202608211353,MIDCPNIFTY,PE,5,49.990623596139955,49.990623596139955,90.0,712afad509f5,"{""contract_quality_min"": 0.0, ""direction_min"": 0.0, ""excellent_score_min"": 49.990623596139955, ""execution_quality_min"": 95.26555386949961, ""expected_required_ratio_min"": 1.0833333333333335, ""final_confidence_min"": 81.25098208023736, ""iv_crush_max"": 24.0, ""market_hostility_max"": 19.530397779251892, ""min_5depth_lots_each_side"": 12.0, ""min_top_book_lots"": 2.0, ""premium_elasticity_min"": 0.3, ""regime_confidence_min"": 60.0, ""spread_pct_max"": 0.9104704097116757, ""trade_quality_min"": 33.2307692307651}",9.885,49.425,-1.4549912599477461,33.2307692307651,0,0.3,81.12,74.88,1.0833333333333335,24.0,19.530397779251892,60.0,INVALID,True,DataHealth invalid; Contract invalid: Quote stale or spread hard rejected.; SideDirection hard reject: -1.5 < 65.0; PremiumElasticity hard reject: 0.30 < 1.00; Expected/Required hard reject: 1.08 < 1.60; TradeQuality below configured minimum; ConvexityEdge below excellent gate: 61.3 < 80.0,DataHealth invalid; Contract invalid: Quote stale or spread hard rejected.; SideDirection hard reject: -1.5 < 65.0; PremiumElasticity hard reject: 0.30 < 1.00; Expected/Required hard reject: 1.08 < 1.60; TradeQuality below configured minimum; ConvexityEdge below excellent gate: 61.3 < 80.0,direction=OBSERVED;liquidity=OBSERVED,NSE,INDEX,NSE_INDEX,MIDCPNIFTY,PAPER_ELIGIBLE,INDEX:MIDCAP,,,paper-strategy-8ade763620b6,opportunity-score-8ade763620b6,universe-a8e55c76a270,PAPER_OVERRIDE::FYERS_PAPER_PROXY_RESEARCH
202608211355_1_BANKNIFTY_PE,2026-08-21T08:25:51.230766+00:00,202608211355,BANKNIFTY,PE,1,50.471984671566254,50.471984671566254,80.0,2e840ccd58d1,"{""contract_quality_min"": 0.0, ""direction_min"": 0.9712863473562799, ""excellent_score_min"": 50.471984671566254, ""execution_quality_min"": 100.0, ""expected_required_ratio_min"": 1.416666666666667, ""final_confidence_min"": 77.41888882839672, ""iv_crush_max"": 24.0, ""market_hostility_max"": 21.578374907818393, ""min_5depth_lots_each_side"": 16.0, ""min_top_book_lots"": 1.0, ""premium_elasticity_min"": 0.5, ""regime_confidence_min"": 60.0, ""spread_pct_max"": 0.23391812865497558, ""trade_quality_min"": 19.24398625431093}",47.025000000000006,235.125,0.9712863473562799,19.24398625431093,0,0.5,414.4175,292.53,1.416666666666667,24.0,21.578374907818393,60.0,INVALID,True,DataHealth invalid; Contract invalid: Quote stale or spread hard rejected.; SideDirection hard reject: 1.0 < 65.0; PremiumElasticity hard reject: 0.50 < 1.00; Expected/Required hard reject: 1.42 < 1.60; TradeQuality below configured minimum; ConvexityEdge below excellent gate: 78.3 < 80.0,DataHealth invalid; Contract invalid: Quote stale or spread hard rejected.; SideDirection hard reject: 1.0 < 65.0; PremiumElasticity hard reject: 0.50 < 1.00; Expected/Required hard reject: 1.42 < 1.60; TradeQuality below configured minimum; ConvexityEdge below excellent gate: 78.3 < 80.0,direction=OBSERVED;liquidity=OBSERVED,NSE,INDEX,NSE_INDEX,BANKNIFTY,PAPER_ELIGIBLE,INDEX:BANKING,,,paper-strategy-8ade763620b6,opportunity-score-8ade763620b6,universe-a8e55c76a270,PAPER_OVERRIDE::FYERS_PAPER_PROXY_RESEARCH
202608211355_2_BANKNIFTY_CE,2026-08-21T08:25:51.232043+00:00,202608211355,BANKNIFTY,CE,2,50.29715312904212,50.29715312904212,80.0,2e840ccd58d1,"{""contract_quality_min"": 0.0, ""direction_min"": 0.0, ""excellent_score_min"": 50.29715312904212, ""execution_quality_min"": 100.0, ""expected_required_ratio_min"": 1.416666666666667, ""final_confidence_min"": 77.12750292418983, ""iv_crush_max"": 24.0, ""market_hostility_max"": 21.578374907818393, ""min_5depth_lots_each_side"": 13.0, ""min_top_book_lots"": 3.0, ""premium_elasticity_min"": 0.5, ""regime_confidence_min"": 60.0, ""spread_pct_max"": 0.25750222838467096, ""trade_quality_min"": 19.24398625431093}",50.48500000000001,252.425,-0.9712863473562799,19.24398625431093,0,0.5,414.4175,292.53,1.416666666666667,24.0,21.578374907818393,60.0,INVALID,True,DataHealth invalid; Contract invalid: Quote stale or spread hard rejected.; SideDirection hard reject: -1.0 < 65.0; PremiumElasticity hard reject: 0.50 < 1.00; Expected/Required hard reject: 1.42 < 1.60; TradeQuality below configured minimum; ConvexityEdge below excellent gate: 78.3 < 80.0,DataHealth invalid; Contract invalid: Quote stale or spread hard rejected.; SideDirection hard reject: -1.0 < 65.0; PremiumElasticity hard reject: 0.50 < 1.00; Expected/Required hard reject: 1.42 < 1.60; TradeQuality below configured minimum; ConvexityEdge below excellent gate: 78.3 < 80.0,direction=OBSERVED;liquidity=OBSERVED,NSE,INDEX,NSE_INDEX,BANKNIFTY,PAPER_ELIGIBLE,INDEX:BANKING,,,paper-strategy-8ade763620b6,opportunity-score-8ade763620b6,universe-a8e55c76a270,PAPER_OVERRIDE::FYERS_PAPER_PROXY_RESEARCH
202608211355_3_BANKNIFTY_PE,2026-08-21T08:25:51.234352+00:00,202608211355,BANKNIFTY,PE,3,50.17198467156625,50.17198467156625,80.0,2e840ccd58d1,"{""contract_quality_min"": 0.0, ""direction_min"": 0.9712863473562799, ""excellent_score_min"": 50.17198467156625, ""execution_quality_min"": 100.0, ""expected_required_ratio_min"": 1.416666666666667, ""final_confidence_min"": 77.41888882839672, ""iv_crush_max"": 24.0, ""market_hostility_max"": 21.578374907818393, ""min_5depth_lots_each_side"": 19.0, ""min_top_book_lots"": 3.0, ""premium_elasticity_min"": 0.7, ""regime_confidence_min"": 60.0, ""spread_pct_max"": 0.2623524267599475, ""trade_quality_min"": 19.24398625431093}",57.175000000000004,285.875,0.9712863473562799,19.24398625431093,0,0.7,414.4175,292.53,1.416666666666667,24.0,21.578374907818393,60.0,INVALID,True,DataHealth invalid; Contract invalid: Quote stale or spread hard rejected.; SideDirection hard reject: 1.0 < 65.0; PremiumElasticity hard reject: 0.70 < 1.00; Expected/Required hard reject: 1.42 < 1.60; TradeQuality below configured minimum; ConvexityEdge below excellent gate: 76.8 < 80.0,DataHealth invalid; Contract invalid: Quote stale or spread hard rejected.; SideDirection hard reject: 1.0 < 65.0; PremiumElasticity hard reject: 0.70 < 1.00; Expected/Required hard reject: 1.42 < 1.60; TradeQuality below configured minimum; ConvexityEdge below excellent gate: 76.8 < 80.0,direction=OBSERVED;liquidity=OBSERVED,NSE,INDEX,NSE_INDEX,BANKNIFTY,PAPER_ELIGIBLE,INDEX:BANKING,,,paper-strategy-8ade763620b6,opportunity-score-8ade763620b6,universe-a8e55c76a270,PAPER_OVERRIDE::FYERS_PAPER_PROXY_RESEARCH
202608211355_4_BANKNIFTY_CE,2026-08-21T08:25:51.235010+00:00,202608211355,BANKNIFTY,CE,4,49.99715312904212,49.99715312904212,80.0,2e840ccd58d1,"{""contract_quality_min"": 0.0, ""direction_min"": 0.0, ""excellent_score_min"": 49.99715312904212, ""execution_quality_min"": 100.0, ""expected_required_ratio_min"": 1.416666666666667, ""final_confidence_min"": 77.12750292418983, ""iv_crush_max"": 24.0, ""market_hostility_max"": 21.578374907818393, ""min_5depth_lots_each_side"": 27.0, ""min_top_book_lots"": 4.0, ""premium_elasticity_min"": 0.7, ""regime_confidence_min"": 60.0, ""spread_pct_max"": 0.2434077079107505, ""trade_quality_min"": 19.24398625431093}",61.625,308.125,-0.9712863473562799,19.24398625431093,0,0.7,414.4175,292.53,1.416666666666667,24.0,21.578374907818393,60.0,INVALID,True,DataHealth invalid; Contract invalid: Quote stale or spread hard rejected.; SideDirection hard reject: -1.0 < 65.0; PremiumElasticity hard reject: 0.70 < 1.00; Expected/Required hard reject: 1.42 < 1.60; TradeQuality below configured minimum; ConvexityEdge below excellent gate: 76.8 < 80.0,DataHealth invalid; Contract invalid: Quote stale or spread hard rejected.; SideDirection hard reject: -1.0 < 65.0; PremiumElasticity hard reject: 0.70 < 1.00; Expected/Required hard reject: 1.42 < 1.60; TradeQuality below configured minimum; ConvexityEdge below excellent gate: 76.8 < 80.0,direction=OBSERVED;liquidity=OBSERVED,NSE,INDEX,NSE_INDEX,BANKNIFTY,PAPER_ELIGIBLE,INDEX:BANKING,,,paper-strategy-8ade763620b6,opportunity-score-8ade763620b6,universe-a8e55c76a270,PAPER_OVERRIDE::FYERS_PAPER_PROXY_RESEARCH
202608211355_5_BANKNIFTY_PE,2026-08-21T08:25:51.235788+00:00,202608211355,BANKNIFTY,PE,5,47.27198467156625,47.27198467156625,80.0,2e840ccd58d1,"{""contract_quality_min"": 0.0, ""direction_min"": 0.9712863473562799, ""excellent_score_min"": 47.27198467156625, ""execution_quality_min"": 100.0, ""expected_required_ratio_min"": 1.416666666666667, ""final_confidence_min"": 77.41888882839672, ""iv_crush_max"": 24.0, ""market_hostility_max"": 21.578374907818393, ""min_5depth_lots_each_side"": 12.0, ""min_top_book_lots"": 1.0, ""premium_elasticity_min"": 0.3, ""regime_confidence_min"": 60.0, ""spread_pct_max"": 0.261028452101279, ""trade_quality_min"": 19.24398625431093}",38.31,191.55,0.9712863473562799,19.24398625431093,0,0.3,414.4175,292.53,1.416666666666667,24.0,21.578374907818393,60.0,INVALID,True,DataHealth invalid; Contract invalid: Quote stale or spread hard rejected.; SideDirection hard reject: 1.0 < 65.0; PremiumElasticity hard reject: 0.30 < 1.00; Expected/Required hard reject: 1.42 < 1.60; TradeQuality below configured minimum; ConvexityEdge below excellent gate: 62.3 < 80.0,DataHealth invalid; Contract invalid: Quote stale or spread hard rejected.; SideDirection hard reject: 1.0 < 65.0; PremiumElasticity hard reject: 0.30 < 1.00; Expected/Required hard reject: 1.42 < 1.60; TradeQuality below configured minimum; ConvexityEdge below excellent gate: 62.3 < 80.0,direction=OBSERVED;liquidity=OBSERVED,NSE,INDEX,NSE_INDEX,BANKNIFTY,PAPER_ELIGIBLE,INDEX:BANKING,,,paper-strategy-8ade763620b6,opportunity-score-8ade763620b6,universe-a8e55c76a270,PAPER_OVERRIDE::FYERS_PAPER_PROXY_RESEARCH
202608211356_1_NIFTY_CE,2026-08-21T08:26:56.937554+00:00,202608211356,NIFTY,CE,1,50.25903643449967,50.25903643449967,80.0,00929e22c867,"{""contract_quality_min"": 0.0, ""direction_min"": 0.0, ""excellent_score_min"": 50.25903643449967, ""execution_quality_min"": 100.0, ""expected_required_ratio_min"": 1.3333333333333333, ""final_confidence_min"": 74.89075650188224, ""iv_crush_max"": 24.0, ""market_hostility_max"": 18.930945744558514, ""min_5depth_lots_each_side"": 133.0, ""min_top_book_lots"": 12.0, ""premium_elasticity_min"": 0.7, ""regime_confidence_min"": 60.0, ""spread_pct_max"": 0.26310843826348007, ""trade_quality_min"": 11.607843137245773}",26.604999999999997,133.02499999999998,-0.6106429286099976,11.607843137245773,0,0.7,130.0,97.5,1.3333333333333333,24.0,18.930945744558514,60.0,INVALID,True,DataHealth invalid; Contract invalid: Quote stale or spread hard rejected.; SideDirection hard reject: -0.6 < 65.0; PremiumElasticity hard reject: 0.70 < 1.00; Expected/Required hard reject: 1.33 < 1.60; TradeQuality below configured minimum; ConvexityEdge below excellent gate: 76.8 < 80.0,DataHealth invalid; Contract invalid: Quote stale or spread hard rejected.; SideDirection hard reject: -0.6 < 65.0; PremiumElasticity hard reject: 0.70 < 1.00; Expected/Required hard reject: 1.33 < 1.60; TradeQuality below configured minimum; ConvexityEdge below excellent gate: 76.8 < 80.0,direction=OBSERVED;liquidity=OBSERVED,NSE,INDEX,NSE_INDEX,NIFTY,PAPER_ELIGIBLE,INDEX:BROAD_EQUITY,,,paper-strategy-8ade763620b6,opportunity-score-8ade763620b6,universe-a8e55c76a270,PAPER_OVERRIDE::FYERS_PAPER_PROXY_RESEARCH
202608211356_2_TRENT_PE,2026-08-21T08:26:56.938417+00:00,202608211356,TRENT,PE,2,34.41672321709378,34.41672321709378,87.0,17b38ea319dd,"{""contract_quality_min"": 0.0, ""direction_min"": 13.669138502545875, ""excellent_score_min"": 34.41672321709378, ""execution_quality_min"": 75.5772994129157, ""expected_required_ratio_min"": 1.1666666666666665, ""final_confidence_min"": 79.77868127766536, ""iv_crush_max"": 24.0, ""market_hostility_max"": 28.819997947524932, ""min_5depth_lots_each_side"": 6.0, ""min_top_book_lots"": 2.0, ""premium_elasticity_min"": 0.7, ""regime_confidence_min"": 60.0, ""spread_pct_max"": 1.3698630136986336, ""trade_quality_min"": 55.55555555555696}",8.76,43.8,13.669138502545875,55.55555555555696,0,0.7,39.584999999999994,33.93,1.1666666666666665,24.0,28.819997947524932,60.0,INVALID,True,DataHealth invalid; Contract invalid: Quote stale or spread hard rejected.; SideDirection hard reject: 13.7 < 65.0; PremiumElasticity hard reject: 0.70 < 1.00; Expected/Required hard reject: 1.17 < 1.60; TradeQuality below configured minimum; ExecutionQuality below excellent gate: 75.6 < 80.0; ConvexityEdge below excellent gate: 76.8 < 80.0; RegimeFit below excellent gate: 60.0 < 70.0,DataHealth invalid; Contract invalid: Quote stale or spread hard rejected.; SideDirection hard reject: 13.7 < 65.0; PremiumElasticity hard reject: 0.70 < 1.00; Expected/Required hard reject: 1.17 < 1.60; TradeQuality below configured minimum; ExecutionQuality below excellent gate: 75.6 < 80.0; ConvexityEdge below excellent gate: 76.8 < 80.0; RegimeFit below excellent gate: 60.0 < 70.0,direction=UNVALIDATED;liquidity=UNVALIDATED,NSE,STOCK,NSE_STOCK_OPTION,TRENT,PAPER_ELIGIBLE,STOCK:TRENT,,,paper-strategy-8ade763620b6,opportunity-score-8ade763620b6,universe-a8e55c76a270,PAPER_OVERRIDE::FYERS_PAPER_PROXY_RESEARCH
202608211356_3_TRENT_CE,2026-08-21T08:26:56.939033+00:00,202608211356,TRENT,CE,3,33.049956604156414,33.049956604156414,87.0,17b38ea319dd,"{""contract_quality_min"": 0.0, ""direction_min"": 0.0, ""excellent_score_min"": 33.049956604156414, ""execution_quality_min"": 80.03616636528028, ""expected_required_ratio_min"": 1.1666666666666665, ""final_confidence_min"": 76.92642247356369, ""iv_crush_max"": 24.0, ""market_hostility_max"": 28.819997947524932, ""min_5depth_lots_each_side"": 5.0, ""min_top_book_lots"": 1.0, ""premium_elasticity_min"": 0.5, ""regime_confidence_min"": 60.0, ""spread_pct_max"": 1.2658227848101267, ""trade_quality_min"": 55.55555555555696}",7.9,39.5,-13.669138502545875,55.55555555555696,0,0.5,39.584999999999994,33.93,1.1666666666666665,24.0,28.819997947524932,60.0,INVALID,True,DataHealth invalid; Contract invalid: Quote stale or spread hard rejected.; SideDirection hard reject: -13.7 < 65.0; PremiumElasticity hard reject: 0.50 < 1.00; Expected/Required hard reject: 1.17 < 1.60; TradeQuality below configured minimum; ConvexityEdge below excellent gate: 78.3 < 80.0; RegimeFit below excellent gate: 60.0 < 70.0,DataHealth invalid; Contract invalid: Quote stale or spread hard rejected.; SideDirection hard reject: -13.7 < 65.0; PremiumElasticity hard reject: 0.50 < 1.00; Expected/Required hard reject: 1.17 < 1.60; TradeQuality below configured minimum; ConvexityEdge below excellent gate: 78.3 < 80.0; RegimeFit below excellent gate: 60.0 < 70.0,direction=UNVALIDATED;liquidity=UNVALIDATED,NSE,STOCK,NSE_STOCK_OPTION,TRENT,PAPER_ELIGIBLE,STOCK:TRENT,,,paper-strategy-8ade763620b6,opportunity-score-8ade763620b6,universe-a8e55c76a270,PAPER_OVERRIDE::FYERS_PAPER_PROXY_RESEARCH
202608211356_4_TRENT_PE,2026-08-21T08:26:56.939521+00:00,202608211356,TRENT,PE,4,30.687453657665117,30.687453657665117,87.0,17b38ea319dd,"{""contract_quality_min"": 0.0, ""direction_min"": 13.669138502545875, ""excellent_score_min"": 30.687453657665117, ""execution_quality_min"": 51.83284457477975, ""expected_required_ratio_min"": 1.1666666666666665, ""final_confidence_min"": 75.10266794058263, ""iv_crush_max"": 24.0, ""market_hostility_max"": 28.819997947524932, ""min_5depth_lots_each_side"": 14.0, ""min_top_book_lots"": 3.0, ""premium_elasticity_min"": 0.5, ""regime_confidence_min"": 60.0, ""spread_pct_max"": 1.7595307917888607, ""trade_quality_min"": 55.55555555555696}",3.4099999999999997,17.049999999999997,13.669138502545875,55.55555555555696,0,0.5,39.584999999999994,33.93,1.1666666666666665,24.0,28.819997947524932,60.0,INVALID,True,DataHealth invalid; Contract invalid: Quote stale or spread hard rejected.; SideDirection hard reject: 13.7 < 65.0; PremiumElasticity hard reject: 0.50 < 1.00; Expected/Required hard reject: 1.17 < 1.60; TradeQuality below configured minimum; ExecutionQuality below excellent gate: 51.8 < 80.0; ConvexityEdge below excellent gate: 78.3 < 80.0; RegimeFit below excellent gate: 60.0 < 70.0,DataHealth invalid; Contract invalid: Quote stale or spread hard rejected.; SideDirection hard reject: 13.7 < 65.0; PremiumElasticity hard reject: 0.50 < 1.00; Expected/Required hard reject: 1.17 < 1.60; TradeQuality below configured minimum; ExecutionQuality below excellent gate: 51.8 < 80.0; ConvexityEdge below excellent gate: 78.3 < 80.0; RegimeFit below excellent gate: 60.0 < 70.0,direction=UNVALIDATED;liquidity=UNVALIDATED,NSE,STOCK,NSE_STOCK_OPTION,TRENT,PAPER_ELIGIBLE,STOCK:TRENT,,,paper-strategy-8ade763620b6,opportunity-score-8ade763620b6,universe-a8e55c76a270,PAPER_OVERRIDE::FYERS_PAPER_PROXY_RESEARCH
202608211356_5_TECHM_CE,2026-08-21T08:26:56.940049+00:00,202608211356,TECHM,CE,5,24.04600373671518,24.04600373671518,87.0,b61ad64e4ace,"{""contract_quality_min"": 0.0, ""direction_min"": 0.0, ""excellent_score_min"": 24.04600373671518, ""execution_quality_min"": 0.0, ""expected_required_ratio_min"": 1.1666666666666665, ""final_confidence_min"": 58.99446139525036, ""iv_crush_max"": 24.0, ""market_hostility_max"": 23.41910294458087, ""min_5depth_lots_each_side"": 9.0, ""min_top_book_lots"": 1.0, ""premium_elasticity_min"": 0.5, ""regime_confidence_min"": 60.0, ""spread_pct_max"": 2.6229508196721216, ""trade_quality_min"": 69.33333333334143}",3.0500000000000003,15.25,-6.561514195583366,69.33333333334143,0,0.5,17.202499999999997,14.745,1.1666666666666665,24.0,23.41910294458087,60.0,INVALID,True,DataHealth invalid; Contract invalid: Quote stale or spread hard rejected.; SideDirection hard reject: -6.6 < 65.0; PremiumElasticity hard reject: 0.50 < 1.00; Expected/Required hard reject: 1.17 < 1.60; TradeQuality below configured minimum; FinalConfidence below configured minimum; ExecutionQuality below excellent gate: 0.0 < 80.0; ConvexityEdge below excellent gate: 78.3 < 80.0; OpportunityConfidence below excellent gate: 59.0 < 70.0; RegimeFit below excellent gate: 60.0 < 70.0,DataHealth invalid; Contract invalid: Quote stale or spread hard rejected.; SideDirection hard reject: -6.6 < 65.0; PremiumElasticity hard reject: 0.50 < 1.00; Expected/Required hard reject: 1.17 < 1.60; TradeQuality below configured minimum; FinalConfidence below configured minimum; ExecutionQuality below excellent gate: 0.0 < 80.0; ConvexityEdge below excellent gate: 78.3 < 80.0; OpportunityConfidence below excellent gate: 59.0 < 70.0; RegimeFit below excellent gate: 60.0 < 70.0,direction=UNVALIDATED;liquidity=UNVALIDATED,NSE,STOCK,NSE_STOCK_OPTION,TECHM,PAPER_ELIGIBLE,STOCK:TECHM,,,paper-strategy-8ade763620b6,opportunity-score-8ade763620b6,universe-a8e55c76a270,PAPER_OVERRIDE::FYERS_PAPER_PROXY_RESEARCH
202608211358_1_NIFTY_CE,2026-08-21T08:28:00.689116+00:00,202608211358,NIFTY,CE,1,57.48299992959564,57.48299992959564,80.0,00929e22c867,"{""contract_quality_min"": 0.0, ""direction_min"": 2.0632637944659136, ""excellent_score_min"": 57.48299992959564, ""execution_quality_min"": 100.0, ""expected_required_ratio_min"": 1.3333333333333333, ""final_confidence_min"": 82.33580535864357, ""iv_crush_max"": 24.0, ""market_hostility_max"": 19.053713073293252, ""min_5depth_lots_each_side"": 231.0, ""min_top_book_lots"": 15.0, ""premium_elasticity_min"": 0.5, ""regime_confidence_min"": 60.0, ""spread_pct_max"": 0.24697456162015313, ""trade_quality_min"": 35.08771929824561}",20.245,101.225,2.0632637944659136,35.08771929824561,0,0.5,130.51999999999998,97.88999999999999,1.3333333333333333,24.0,19.053713073293252,60.0,INVALID,True,DataHealth invalid; Contract invalid: Quote stale or spread hard rejected.; SideDirection hard reject: 2.1 < 65.0; PremiumElasticity hard reject: 0.50 < 1.00; Expected/Required hard reject: 1.33 < 1.60; TradeQuality below configured minimum; ConvexityEdge below excellent gate: 78.3 < 80.0,DataHealth invalid; Contract invalid: Quote stale or spread hard rejected.; SideDirection hard reject: 2.1 < 65.0; PremiumElasticity hard reject: 0.50 < 1.00; Expected/Required hard reject: 1.33 < 1.60; TradeQuality below configured minimum; ConvexityEdge below excellent gate: 78.3 < 80.0,direction=OBSERVED;liquidity=OBSERVED,NSE,INDEX,NSE_INDEX,NIFTY,PAPER_ELIGIBLE,INDEX:BROAD_EQUITY,,,paper-strategy-8ade763620b6,opportunity-score-8ade763620b6,universe-a8e55c76a270,PAPER_OVERRIDE::FYERS_PAPER_PROXY_RESEARCH
202608211358_2_NIFTY_CE,2026-08-21T08:28:00.689752+00:00,202608211358,NIFTY,CE,2,57.182999929595645,57.182999929595645,80.0,00929e22c867,"{""contract_quality_min"": 0.0, ""direction_min"": 2.0632637944659136, ""excellent_score_min"": 57.182999929595645, ""execution_quality_min"": 100.0, ""expected_required_ratio_min"": 1.3333333333333333, ""final_confidence_min"": 82.33580535864357, ""iv_crush_max"": 24.0, ""market_hostility_max"": 19.053713073293252, ""min_5depth_lots_each_side"": 150.0, ""min_top_book_lots"": 22.0, ""premium_elasticity_min"": 0.7, ""regime_confidence_min"": 60.0, ""spread_pct_max"": 0.25911530631130436, ""trade_quality_min"": 35.08771929824561}",27.015,135.075,2.0632637944659136,35.08771929824561,0,0.7,130.51999999999998,97.88999999999999,1.3333333333333333,24.0,19.053713073293252,60.0,INVALID,True,DataHealth invalid; Contract invalid: Quote stale or spread hard rejected.; SideDirection hard reject: 2.1 < 65.0; PremiumElasticity hard reject: 0.70 < 1.00; Expected/Required hard reject: 1.33 < 1.60; TradeQuality below configured minimum; ConvexityEdge below excellent gate: 76.8 < 80.0,DataHealth invalid; Contract invalid: Quote stale or spread hard rejected.; SideDirection hard reject: 2.1 < 65.0; PremiumElasticity hard reject: 0.70 < 1.00; Expected/Required hard reject: 1.33 < 1.60; TradeQuality below configured minimum; ConvexityEdge below excellent gate: 76.8 < 80.0,direction=OBSERVED;liquidity=OBSERVED,NSE,INDEX,NSE_INDEX,NIFTY,PAPER_ELIGIBLE,INDEX:BROAD_EQUITY,,,paper-strategy-8ade763620b6,opportunity-score-8ade763620b6,universe-a8e55c76a270,PAPER_OVERRIDE::FYERS_PAPER_PROXY_RESEARCH
202608211358_3_BANKNIFTY_CE,2026-08-21T08:28:00.690258+00:00,202608211358,BANKNIFTY,CE,3,53.908800480314454,53.908800480314454,80.0,2e840ccd58d1,"{""contract_quality_min"": 0.0, ""direction_min"": 1.7554541370262338, ""excellent_score_min"": 53.908800480314454, ""execution_quality_min"": 100.0, ""expected_required_ratio_min"": 1.4166666666666667, ""final_confidence_min"": 80.97727866684009, ""iv_crush_max"": 24.0, ""market_hostility_max"": 21.194183848647803, ""min_5depth_lots_each_side"": 18.0, ""min_top_book_lots"": 1.0, ""premium_elasticity_min"": 0.5, ""regime_confidence_min"": 60.0, ""spread_pct_max"": 0.2475483195277453, ""trade_quality_min"": 30.713201820953845}",52.515,262.575,1.7554541370262338,30.713201820953845,0,0.5,416.3299999999999,293.87999999999994,1.4166666666666667,24.0,21.194183848647803,60.0,INVALID,True,DataHealth invalid; Contract invalid: Quote stale or spread hard rejected.; SideDirection hard reject: 1.8 < 65.0; PremiumElasticity hard reject: 0.50 < 1.00; Expected/Required hard reject: 1.42 < 1.60; TradeQuality below configured minimum; ConvexityEdge below excellent gate: 78.3 < 80.0,DataHealth invalid; Contract invalid: Quote stale or spread hard rejected.; SideDirection hard reject: 1.8 < 65.0; PremiumElasticity hard reject: 0.50 < 1.00; Expected/Required hard reject: 1.42 < 1.60; TradeQuality below configured minimum; ConvexityEdge below excellent gate: 78.3 < 80.0,direction=OBSERVED;liquidity=OBSERVED,NSE,INDEX,NSE_INDEX,BANKNIFTY,PAPER_ELIGIBLE,INDEX:BANKING,,,paper-strategy-8ade763620b6,opportunity-score-8ade763620b6,universe-a8e55c76a270,PAPER_OVERRIDE::FYERS_PAPER_PROXY_RESEARCH
202608211358_4_BANKNIFTY_CE,2026-08-21T08:28:00.690731+00:00,202608211358,BANKNIFTY,CE,4,53.60880048031446,53.60880048031446,80.0,2e840ccd58d1,"{""contract_quality_min"": 0.0, ""direction_min"": 1.7554541370262338, ""excellent_score_min"": 53.60880048031446, ""execution_quality_min"": 100.0, ""expected_required_ratio_min"": 1.4166666666666667, ""final_confidence_min"": 80.97727866684009, ""iv_crush_max"": 24.0, ""market_hostility_max"": 21.194183848647803, ""min_5depth_lots_each_side"": 21.0, ""min_top_book_lots"": 6.0, ""premium_elasticity_min"": 0.7, ""regime_confidence_min"": 60.0, ""spread_pct_max"": 0.125470514429102, ""trade_quality_min"": 30.713201820953845}",63.760000000000005,318.8,1.7554541370262338,30.713201820953845,0,0.7,416.3299999999999,293.87999999999994,1.4166666666666667,24.0,21.194183848647803,60.0,INVALID,True,DataHealth invalid; Contract invalid: Quote stale or spread hard rejected.; SideDirection hard reject: 1.8 < 65.0; PremiumElasticity hard reject: 0.70 < 1.00; Expected/Required hard reject: 1.42 < 1.60; TradeQuality below configured minimum; ConvexityEdge below excellent gate: 76.8 < 80.0,DataHealth invalid; Contract invalid: Quote stale or spread hard rejected.; SideDirection hard reject: 1.8 < 65.0; PremiumElasticity hard reject: 0.70 < 1.00; Expected/Required hard reject: 1.42 < 1.60; TradeQuality below configured minimum; ConvexityEdge below excellent gate: 76.8 < 80.0,direction=OBSERVED;liquidity=OBSERVED,NSE,INDEX,NSE_INDEX,BANKNIFTY,PAPER_ELIGIBLE,INDEX:BANKING,,,paper-strategy-8ade763620b6,opportunity-score-8ade763620b6,universe-a8e55c76a270,PAPER_OVERRIDE::FYERS_PAPER_PROXY_RESEARCH
202608211358_5_BANKNIFTY_PE,2026-08-21T08:28:00.691251+00:00,202608211358,BANKNIFTY,PE,5,53.592818735649736,53.592818735649736,80.0,2e840ccd58d1,"{""contract_quality_min"": 0.0, ""direction_min"": 0.0, ""excellent_score_min"": 53.592818735649736, ""execution_quality_min"": 100.0, ""expected_required_ratio_min"": 1.4166666666666667, ""final_confidence_min"": 80.45064242573223, ""iv_crush_max"": 24.0, ""market_hostility_max"": 21.194183848647803, ""min_5depth_lots_each_side"": 12.0, ""min_top_book_lots"": 1.0, ""premium_elasticity_min"": 0.5, ""regime_confidence_min"": 60.0, ""spread_pct_max"": 0.19804158873362904, ""trade_quality_min"": 30.713201820953845}",45.445,227.225,-1.7554541370262338,30.713201820953845,0,0.5,416.3299999999999,293.87999999999994,1.4166666666666667,24.0,21.194183848647803,60.0,INVALID,True,DataHealth invalid; Contract invalid: Quote stale or spread hard rejected.; SideDirection hard reject: -1.8 < 65.0; PremiumElasticity hard reject: 0.50 < 1.00; Expected/Required hard reject: 1.42 < 1.60; TradeQuality below configured minimum; ConvexityEdge below excellent gate: 78.3 < 80.0,DataHealth invalid; Contract invalid: Quote stale or spread hard rejected.; SideDirection hard reject: -1.8 < 65.0; PremiumElasticity hard reject: 0.50 < 1.00; Expected/Required hard reject: 1.42 < 1.60; TradeQuality below configured minimum; ConvexityEdge below excellent gate: 78.3 < 80.0,direction=OBSERVED;liquidity=OBSERVED,NSE,INDEX,NSE_INDEX,BANKNIFTY,PAPER_ELIGIBLE,INDEX:BANKING,,,paper-strategy-8ade763620b6,opportunity-score-8ade763620b6,universe-a8e55c76a270,PAPER_OVERRIDE::FYERS_PAPER_PROXY_RESEARCH
202608211359_1_BANKNIFTY_CE,2026-08-21T08:29:16.443716+00:00,202608211359,BANKNIFTY,CE,1,62.912224572384694,62.912224572384694,80.0,2e840ccd58d1,"{""contract_quality_min"": 0.0, ""direction_min"": 4.114997883516301, ""excellent_score_min"": 62.912224572384694, ""execution_quality_min"": 100.0, ""expected_required_ratio_min"": 1.4166666666666667, ""final_confidence_min"": 89.46456291974975, ""iv_crush_max"": 24.0, ""market_hostility_max"": 21.45354815106319, ""min_5depth_lots_each_side"": 11.0, ""min_top_book_lots"": 1.0, ""premium_elasticity_min"": 0.5, ""regime_confidence_min"": 60.0, ""spread_pct_max"": 0.2681992337164925, ""trade_quality_min"": 62.17562254259229}",52.2,261.0,4.114997883516301,62.17562254259229,0,0.5,416.56374999999997,294.04499999999996,1.4166666666666667,24.0,21.45354815106319,60.0,INVALID,True,DataHealth invalid; Contract invalid: Quote stale or spread hard rejected.; SideDirection hard reject: 4.1 < 65.0; PremiumElasticity hard reject: 0.50 < 1.00; Expected/Required hard reject: 1.42 < 1.60; TradeQuality below configured minimum; ConvexityEdge below excellent gate: 78.3 < 80.0,DataHealth invalid; Contract invalid: Quote stale or spread hard rejected.; SideDirection hard reject: 4.1 < 65.0; PremiumElasticity hard reject: 0.50 < 1.00; Expected/Required hard reject: 1.42 < 1.60; TradeQuality below configured minimum; ConvexityEdge below excellent gate: 78.3 < 80.0,direction=OBSERVED;liquidity=OBSERVED,NSE,INDEX,NSE_INDEX,BANKNIFTY,PAPER_ELIGIBLE,INDEX:BANKING,,,paper-strategy-8ade763620b6,opportunity-score-8ade763620b6,universe-a8e55c76a270,PAPER_OVERRIDE::FYERS_PAPER_PROXY_RESEARCH
202608211359_2_BANKNIFTY_PE,2026-08-21T08:29:16.444372+00:00,202608211359,BANKNIFTY,PE,2,62.17152495335176,62.17152495335176,80.0,2e840ccd58d1,"{""contract_quality_min"": 0.0, ""direction_min"": 0.0, ""excellent_score_min"": 62.17152495335176, ""execution_quality_min"": 100.0, ""expected_required_ratio_min"": 1.4166666666666667, ""final_confidence_min"": 88.23006355469487, ""iv_crush_max"": 24.0, ""market_hostility_max"": 21.45354815106319, ""min_5depth_lots_each_side"": 19.0, ""min_top_book_lots"": 3.0, ""premium_elasticity_min"": 0.5, ""regime_confidence_min"": 60.0, ""spread_pct_max"": 0.2400960384153587, ""trade_quality_min"": 62.17562254259229}",45.815,229.075,-4.114997883516301,62.17562254259229,0,0.5,416.56374999999997,294.04499999999996,1.4166666666666667,24.0,21.45354815106319,60.0,INVALID,True,DataHealth invalid; Contract invalid: Quote stale or spread hard rejected.; SideDirection hard reject: -4.1 < 65.0; PremiumElasticity hard reject: 0.50 < 1.00; Expected/Required hard reject: 1.42 < 1.60; TradeQuality below configured minimum; ConvexityEdge below excellent gate: 78.3 < 80.0,DataHealth invalid; Contract invalid: Quote stale or spread hard rejected.; SideDirection hard reject: -4.1 < 65.0; PremiumElasticity hard reject: 0.50 < 1.00; Expected/Required hard reject: 1.42 < 1.60; TradeQuality below configured minimum; ConvexityEdge below excellent gate: 78.3 < 80.0,direction=OBSERVED;liquidity=OBSERVED,NSE,INDEX,NSE_INDEX,BANKNIFTY,PAPER_ELIGIBLE,INDEX:BANKING,,,paper-strategy-8ade763620b6,opportunity-score-8ade763620b6,universe-a8e55c76a270,PAPER_OVERRIDE::FYERS_PAPER_PROXY_RESEARCH
202608211359_3_BANKNIFTY_CE,2026-08-21T08:29:16.445218+00:00,202608211359,BANKNIFTY,CE,3,59.7122245723847,59.7122245723847,80.0,2e840ccd58d1,"{""contract_quality_min"": 0.0, ""direction_min"": 4.114997883516301, ""excellent_score_min"": 59.7122245723847, ""execution_quality_min"": 100.0, ""expected_required_ratio_min"": 1.4166666666666667, ""final_confidence_min"": 89.46456291974975, ""iv_crush_max"": 24.0, ""market_hostility_max"": 21.45354815106319, ""min_5depth_lots_each_side"": 10.0, ""min_top_book_lots"": 1.0, ""premium_elasticity_min"": 0.3, ""regime_confidence_min"": 60.0, ""spread_pct_max"": 0.21405636817694787, ""trade_quality_min"": 62.17562254259229}",42.045,210.225,4.114997883516301,62.17562254259229,0,0.3,416.56374999999997,294.04499999999996,1.4166666666666667,24.0,21.45354815106319,60.0,INVALID,True,DataHealth invalid; Contract invalid: Quote stale or spread hard rejected.; SideDirection hard reject: 4.1 < 65.0; PremiumElasticity hard reject: 0.30 < 1.00; Expected/Required hard reject: 1.42 < 1.60; TradeQuality below configured minimum; ConvexityEdge below excellent gate: 62.3 < 80.0,DataHealth invalid; Contract invalid: Quote stale or spread hard rejected.; SideDirection hard reject: 4.1 < 65.0; PremiumElasticity hard reject: 0.30 < 1.00; Expected/Required hard reject: 1.42 < 1.60; TradeQuality below configured minimum; ConvexityEdge below excellent gate: 62.3 < 80.0,direction=OBSERVED;liquidity=OBSERVED,NSE,INDEX,NSE_INDEX,BANKNIFTY,PAPER_ELIGIBLE,INDEX:BANKING,,,paper-strategy-8ade763620b6,opportunity-score-8ade763620b6,universe-a8e55c76a270,PAPER_OVERRIDE::FYERS_PAPER_PROXY_RESEARCH
202608211359_4_MIDCPNIFTY_CE,2026-08-21T08:29:16.445774+00:00,202608211359,MIDCPNIFTY,CE,4,51.245920113460194,51.245920113460194,90.0,712afad509f5,"{""contract_quality_min"": 0.0, ""direction_min"": 1.4818207535732086, ""excellent_score_min"": 51.245920113460194, ""execution_quality_min"": 100.0, ""expected_required_ratio_min"": 1.0833333333333333, ""final_confidence_min"": 78.5616513513795, ""iv_crush_max"": 24.0, ""market_hostility_max"": 19.233217514656864, ""min_5depth_lots_each_side"": 14.0, ""min_top_book_lots"": 2.0, ""premium_elasticity_min"": 0.5, ""regime_confidence_min"": 60.0, ""spread_pct_max"": 0.5407493240633582, ""trade_quality_min"": 22.797927461145054}",12.945,64.725,1.4818207535732086,22.797927461145054,0,0.5,80.51875,74.325,1.0833333333333333,24.0,19.233217514656864,60.0,INVALID,True,DataHealth invalid; Contract invalid: Quote stale or spread hard rejected.; SideDirection hard reject: 1.5 < 65.0; PremiumElasticity hard reject: 0.50 < 1.00; Expected/Required hard reject: 1.08 < 1.60; TradeQuality below configured minimum; ConvexityEdge below excellent gate: 77.3 < 80.0,DataHealth invalid; Contract invalid: Quote stale or spread hard rejected.; SideDirection hard reject: 1.5 < 65.0; PremiumElasticity hard reject: 0.50 < 1.00; Expected/Required hard reject: 1.08 < 1.60; TradeQuality below configured minimum; ConvexityEdge below excellent gate: 77.3 < 80.0,direction=OBSERVED;liquidity=OBSERVED,NSE,INDEX,NSE_INDEX,MIDCPNIFTY,PAPER_ELIGIBLE,INDEX:MIDCAP,,,paper-strategy-8ade763620b6,opportunity-score-8ade763620b6,universe-a8e55c76a270,PAPER_OVERRIDE::FYERS_PAPER_PROXY_RESEARCH
202608211359_5_MIDCPNIFTY_CE,2026-08-21T08:29:16.449537+00:00,202608211359,MIDCPNIFTY,CE,5,50.9459201134602,50.9459201134602,90.0,712afad509f5,"{""contract_quality_min"": 0.0, ""direction_min"": 1.4818207535732086, ""excellent_score_min"": 50.9459201134602, ""execution_quality_min"": 100.0, ""expected_required_ratio_min"": 1.0833333333333333, ""final_confidence_min"": 78.5616513513795, ""iv_crush_max"": 24.0, ""market_hostility_max"": 19.233217514656864, ""min_top_book_lots"": 0.0, ""premium_elasticity_min"": 0.7, ""regime_confidence_min"": 60.0, ""spread_pct_max"": 0.4357298474945463, ""trade_quality_min"": 22.797927461145054}",16.065,80.325,1.4818207535732086,22.797927461145054,0,0.7,80.51875,74.325,1.0833333333333333,24.0,19.233217514656864,60.0,INVALID,True,DataHealth invalid; Contract invalid: Quote stale or spread hard rejected.; SideDirection hard reject: 1.5 < 65.0; PremiumElasticity hard reject: 0.70 < 1.00; Expected/Required hard reject: 1.08 < 1.60; TradeQuality below configured minimum; ConvexityEdge below excellent gate: 75.8 < 80.0,DataHealth invalid; Contract invalid: Quote stale or spread hard rejected.; SideDirection hard reject: 1.5 < 65.0; PremiumElasticity hard reject: 0.70 < 1.00; Expected/Required hard reject: 1.08 < 1.60; TradeQuality below configured minimum; ConvexityEdge below excellent gate: 75.8 < 80.0,direction=OBSERVED;liquidity=OBSERVED,NSE,INDEX,NSE_INDEX,MIDCPNIFTY,PAPER_ELIGIBLE,INDEX:MIDCAP,,,paper-strategy-8ade763620b6,opportunity-score-8ade763620b6,universe-a8e55c76a270,PAPER_OVERRIDE::FYERS_PAPER_PROXY_RESEARCH
202608211400_1_NIFTY_CE,2026-08-21T08:30:34.267153+00:00,202608211400,NIFTY,CE,1,55.73028882533243,55.73028882533243,80.0,00929e22c867,"{""contract_quality_min"": 0.0, ""direction_min"": 1.7828364845935956, ""excellent_score_min"": 55.73028882533243, ""execution_quality_min"": 100.0, ""expected_required_ratio_min"": 1.3333333333333337, ""final_confidence_min"": 80.465412049876, ""iv_crush_max"": 24.0, ""market_hostility_max"": 19.15377209270319, ""min_5depth_lots_each_side"": 165.0, ""min_top_book_lots"": 4.0, ""premium_elasticity_min"": 0.5, ""regime_confidence_min"": 60.0, ""spread_pct_max"": 0.25322866548493295, ""trade_quality_min"": 28.993288590623166}",19.745,98.725,1.7828364845935956,28.993288590623166,0,0.5,129.96,97.46999999999998,1.3333333333333337,24.0,19.15377209270319,60.0,INVALID,True,DataHealth invalid; Contract invalid: Quote stale or spread hard rejected.; SideDirection hard reject: 1.8 < 65.0; PremiumElasticity hard reject: 0.50 < 1.00; Expected/Required hard reject: 1.33 < 1.60; TradeQuality below configured minimum; ConvexityEdge below excellent gate: 78.3 < 80.0,DataHealth invalid; Contract invalid: Quote stale or spread hard rejected.; SideDirection hard reject: 1.8 < 65.0; PremiumElasticity hard reject: 0.50 < 1.00; Expected/Required hard reject: 1.33 < 1.60; TradeQuality below configured minimum; ConvexityEdge below excellent gate: 78.3 < 80.0,direction=OBSERVED;liquidity=OBSERVED,NSE,INDEX,NSE_INDEX,NIFTY,PAPER_ELIGIBLE,INDEX:BROAD_EQUITY,,,paper-strategy-8ade763620b6,opportunity-score-8ade763620b6,universe-a8e55c76a270,PAPER_OVERRIDE::FYERS_PAPER_PROXY_RESEARCH
202608211400_2_BANKNIFTY_CE,2026-08-21T08:30:34.267729+00:00,202608211400,BANKNIFTY,CE,2,51.45741905638164,51.45741905638164,80.0,2e840ccd58d1,"{""contract_quality_min"": 0.0, ""direction_min"": 1.7832686724977915, ""excellent_score_min"": 51.45741905638164, ""execution_quality_min"": 100.0, ""expected_required_ratio_min"": 1.4166666666666665, ""final_confidence_min"": 78.37842277676273, ""iv_crush_max"": 24.0, ""market_hostility_max"": 21.300095674970787, ""min_5depth_lots_each_side"": 9.0, ""min_top_book_lots"": 1.0, ""premium_elasticity_min"": 0.5, ""regime_confidence_min"": 60.0, ""spread_pct_max"": 0.1559758237473103, ""trade_quality_min"": 22.03644158629355}",51.29,256.45,1.7832686724977915,22.03644158629355,0,0.5,414.54499999999996,292.62,1.4166666666666665,24.0,21.300095674970787,60.0,INVALID,True,DataHealth invalid; Contract invalid: Quote stale or spread hard rejected.; SideDirection hard reject: 1.8 < 65.0; PremiumElasticity hard reject: 0.50 < 1.00; Expected/Required hard reject: 1.42 < 1.60; TradeQuality below configured minimum; ConvexityEdge below excellent gate: 78.3 < 80.0,DataHealth invalid; Contract invalid: Quote stale or spread hard rejected.; SideDirection hard reject: 1.8 < 65.0; PremiumElasticity hard reject: 0.50 < 1.00; Expected/Required hard reject: 1.42 < 1.60; TradeQuality below configured minimum; ConvexityEdge below excellent gate: 78.3 < 80.0,direction=OBSERVED;liquidity=OBSERVED,NSE,INDEX,NSE_INDEX,BANKNIFTY,PAPER_ELIGIBLE,INDEX:BANKING,,,paper-strategy-8ade763620b6,opportunity-score-8ade763620b6,universe-a8e55c76a270,PAPER_OVERRIDE::FYERS_PAPER_PROXY_RESEARCH
202608211400_3_BANKNIFTY_CE,2026-08-21T08:30:34.268264+00:00,202608211400,BANKNIFTY,CE,3,51.157419056381634,51.157419056381634,80.0,2e840ccd58d1,"{""contract_quality_min"": 0.0, ""direction_min"": 1.7832686724977915, ""excellent_score_min"": 51.157419056381634, ""execution_quality_min"": 100.0, ""expected_required_ratio_min"": 1.4166666666666665, ""final_confidence_min"": 78.37842277676273, ""iv_crush_max"": 24.0, ""market_hostility_max"": 21.300095674970787, ""min_5depth_lots_each_side"": 14.0, ""min_top_book_lots"": 2.0, ""premium_elasticity_min"": 0.7, ""regime_confidence_min"": 60.0, ""spread_pct_max"": 0.19249278152070026, ""trade_quality_min"": 22.03644158629355}",62.34,311.7,1.7832686724977915,22.03644158629355,0,0.7,414.54499999999996,292.62,1.4166666666666665,24.0,21.300095674970787,60.0,INVALID,True,DataHealth invalid; Contract invalid: Quote stale or spread hard rejected.; SideDirection hard reject: 1.8 < 65.0; PremiumElasticity hard reject: 0.70 < 1.00; Expected/Required hard reject: 1.42 < 1.60; TradeQuality below configured minimum; ConvexityEdge below excellent gate: 76.8 < 80.0,DataHealth invalid; Contract invalid: Quote stale or spread hard rejected.; SideDirection hard reject: 1.8 < 65.0; PremiumElasticity hard reject: 0.70 < 1.00; Expected/Required hard reject: 1.42 < 1.60; TradeQuality below configured minimum; ConvexityEdge below excellent gate: 76.8 < 80.0,direction=OBSERVED;liquidity=OBSERVED,NSE,INDEX,NSE_INDEX,BANKNIFTY,PAPER_ELIGIBLE,INDEX:BANKING,,,paper-strategy-8ade763620b6,opportunity-score-8ade763620b6,universe-a8e55c76a270,PAPER_OVERRIDE::FYERS_PAPER_PROXY_RESEARCH
202608211400_4_BANKNIFTY_PE,2026-08-21T08:30:34.268715+00:00,202608211400,BANKNIFTY,PE,4,51.13643069533204,51.13643069533204,80.0,2e840ccd58d1,"{""contract_quality_min"": 0.0, ""direction_min"": 0.0, ""excellent_score_min"": 51.13643069533204, ""execution_quality_min"": 100.0, ""expected_required_ratio_min"": 1.4166666666666665, ""final_confidence_min"": 77.8434421750134, ""iv_crush_max"": 24.0, ""market_hostility_max"": 21.300095674970787, ""min_5depth_lots_each_side"": 18.0, ""min_top_book_lots"": 2.0, ""premium_elasticity_min"": 0.5, ""regime_confidence_min"": 60.0, ""spread_pct_max"": 0.2594594594594693, ""trade_quality_min"": 22.03644158629355}",46.25,231.25,-1.7832686724977915,22.03644158629355,0,0.5,414.54499999999996,292.62,1.4166666666666665,24.0,21.300095674970787,60.0,INVALID,True,DataHealth invalid; Contract invalid: Quote stale or spread hard rejected.; SideDirection hard reject: -1.8 < 65.0; PremiumElasticity hard reject: 0.50 < 1.00; Expected/Required hard reject: 1.42 < 1.60; TradeQuality below configured minimum; ConvexityEdge below excellent gate: 78.3 < 80.0,DataHealth invalid; Contract invalid: Quote stale or spread hard rejected.; SideDirection hard reject: -1.8 < 65.0; PremiumElasticity hard reject: 0.50 < 1.00; Expected/Required hard reject: 1.42 < 1.60; TradeQuality below configured minimum; ConvexityEdge below excellent gate: 78.3 < 80.0,direction=OBSERVED;liquidity=OBSERVED,NSE,INDEX,NSE_INDEX,BANKNIFTY,PAPER_ELIGIBLE,INDEX:BANKING,,,paper-strategy-8ade763620b6,opportunity-score-8ade763620b6,universe-a8e55c76a270,PAPER_OVERRIDE::FYERS_PAPER_PROXY_RESEARCH
202608211400_5_BANKNIFTY_PE,2026-08-21T08:30:34.269195+00:00,202608211400,BANKNIFTY,PE,5,50.836430695332034,50.836430695332034,80.0,2e840ccd58d1,"{""contract_quality_min"": 0.0, ""direction_min"": 0.0, ""excellent_score_min"": 50.836430695332034, ""execution_quality_min"": 100.0, ""expected_required_ratio_min"": 1.4166666666666665, ""final_confidence_min"": 77.8434421750134, ""iv_crush_max"": 24.0, ""market_hostility_max"": 21.300095674970787, ""min_5depth_lots_each_side"": 13.0, ""min_top_book_lots"": 1.0, ""premium_elasticity_min"": 0.7, ""regime_confidence_min"": 60.0, ""spread_pct_max"": 0.17777777777777778, ""trade_quality_min"": 22.03644158629355}",56.25,281.25,-1.7832686724977915,22.03644158629355,0,0.7,414.54499999999996,292.62,1.4166666666666665,24.0,21.300095674970787,60.0,INVALID,True,DataHealth invalid; Contract invalid: Quote stale or spread hard rejected.; SideDirection hard reject: -1.8 < 65.0; PremiumElasticity hard reject: 0.70 < 1.00; Expected/Required hard reject: 1.42 < 1.60; TradeQuality below configured minimum; ConvexityEdge below excellent gate: 76.8 < 80.0,DataHealth invalid; Contract invalid: Quote stale or spread hard rejected.; SideDirection hard reject: -1.8 < 65.0; PremiumElasticity hard reject: 0.70 < 1.00; Expected/Required hard reject: 1.42 < 1.60; TradeQuality below configured minimum; ConvexityEdge below excellent gate: 76.8 < 80.0,direction=OBSERVED;liquidity=OBSERVED,NSE,INDEX,NSE_INDEX,BANKNIFTY,PAPER_ELIGIBLE,INDEX:BANKING,,,paper-strategy-8ade763620b6,opportunity-score-8ade763620b6,universe-a8e55c76a270,PAPER_OVERRIDE::FYERS_PAPER_PROXY_RESEARCH
202608211401_1_M&M_CE,2026-08-21T08:31:44.348173+00:00,202608211401,M&M,CE,1,25.199364391321346,25.199364391321346,87.0,0fdd6afea273,"{""contract_quality_min"": 0.0, ""direction_min"": 0.0, ""excellent_score_min"": 25.199364391321346, ""execution_quality_min"": 88.69300911854118, ""expected_required_ratio_min"": 1.1666666666666667, ""final_confidence_min"": 70.47359318056218, ""iv_crush_max"": 24.0, ""market_hostility_max"": 28.479785178063583, ""min_5depth_lots_each_side"": 6.0, ""min_top_book_lots"": 1.0, ""premium_elasticity_min"": 0.7, ""regime_confidence_min"": 60.0, ""spread_pct_max"": 1.063829787234039, ""trade_quality_min"": 22.399999999999416}",7.52,37.599999999999994,-6.536329150861236,22.399999999999416,0,0.7,38.045,32.61,1.1666666666666667,24.0,28.479785178063583,60.0,INVALID,True,DataHealth invalid; Contract invalid: Quote stale or spread hard rejected.; SideDirection hard reject: -6.5 < 65.0; PremiumElasticity hard reject: 0.70 < 1.00; Expected/Required hard reject: 1.17 < 1.60; TradeQuality below configured minimum; ConvexityEdge below excellent gate: 76.8 < 80.0; RegimeFit below excellent gate: 60.0 < 70.0,DataHealth invalid; Contract invalid: Quote stale or spread hard rejected.; SideDirection hard reject: -6.5 < 65.0; PremiumElasticity hard reject: 0.70 < 1.00; Expected/Required hard reject: 1.17 < 1.60; TradeQuality below configured minimum; ConvexityEdge below excellent gate: 76.8 < 80.0; RegimeFit below excellent gate: 60.0 < 70.0,direction=UNVALIDATED;liquidity=UNVALIDATED,NSE,STOCK,NSE_STOCK_OPTION,M&M,PAPER_ELIGIBLE,STOCK:M&M,,,paper-strategy-8ade763620b6,opportunity-score-8ade763620b6,universe-a8e55c76a270,PAPER_OVERRIDE::FYERS_PAPER_PROXY_RESEARCH
202608211401_2_M&M_PE,2026-08-21T08:31:44.348806+00:00,202608211401,M&M,PE,2,22.517883362807908,22.517883362807908,87.0,0fdd6afea273,"{""contract_quality_min"": 0.0, ""direction_min"": 6.536329150861236, ""excellent_score_min"": 22.517883362807908, ""execution_quality_min"": 65.03021148036157, ""expected_required_ratio_min"": 1.1666666666666667, ""final_confidence_min"": 66.34848562640528, ""iv_crush_max"": 24.0, ""market_hostility_max"": 28.479785178063583, ""min_5depth_lots_each_side"": 5.0, ""min_top_book_lots"": 1.0, ""premium_elasticity_min"": 0.5, ""regime_confidence_min"": 60.0, ""spread_pct_max"": 1.5709969788519775, ""trade_quality_min"": 22.399999999999416}",8.275,41.375,6.536329150861236,22.399999999999416,0,0.5,38.045,32.61,1.1666666666666667,24.0,28.479785178063583,60.0,INVALID,True,DataHealth invalid; Contract invalid: Quote stale or spread hard rejected.; SideDirection hard reject: 6.5 < 65.0; PremiumElasticity hard reject: 0.50 < 1.00; Expected/Required hard reject: 1.17 < 1.60; TradeQuality below configured minimum; ExecutionQuality below excellent gate: 65.0 < 80.0; ConvexityEdge below excellent gate: 78.3 < 80.0; OpportunityConfidence below excellent gate: 66.3 < 70.0; RegimeFit below excellent gate: 60.0 < 70.0,DataHealth invalid; Contract invalid: Quote stale or spread hard rejected.; SideDirection hard reject: 6.5 < 65.0; PremiumElasticity hard reject: 0.50 < 1.00; Expected/Required hard reject: 1.17 < 1.60; TradeQuality below configured minimum; ExecutionQuality below excellent gate: 65.0 < 80.0; ConvexityEdge below excellent gate: 78.3 < 80.0; OpportunityConfidence below excellent gate: 66.3 < 70.0; RegimeFit below excellent gate: 60.0 < 70.0,direction=UNVALIDATED;liquidity=UNVALIDATED,NSE,STOCK,NSE_STOCK_OPTION,M&M,PAPER_ELIGIBLE,STOCK:M&M,,,paper-strategy-8ade763620b6,opportunity-score-8ade763620b6,universe-a8e55c76a270,PAPER_OVERRIDE::FYERS_PAPER_PROXY_RESEARCH
202608211401_3_SUNPHARMA_PE,2026-08-21T08:31:44.349331+00:00,202608211401,SUNPHARMA,PE,3,21.878400061164868,21.878400061164868,87.0,cb1e16815115,"{""contract_quality_min"": 0.0, ""direction_min"": 0.0, ""excellent_score_min"": 21.878400061164868, ""execution_quality_min"": 42.38836265223357, ""expected_required_ratio_min"": 1.1666666666666667, ""final_confidence_min"": 64.83347376632292, ""iv_crush_max"": 24.0, ""market_hostility_max"": 28.597534125936157, ""min_5depth_lots_each_side"": 5.0, ""min_top_book_lots"": 1.0, ""premium_elasticity_min"": 0.7, ""regime_confidence_min"": 60.0, ""spread_pct_max"": 1.894451962110949, ""trade_quality_min"": 39.272727272726314}",7.390000000000001,36.95,-11.432805801090543,39.272727272726314,0,0.7,21.4375,18.375,1.1666666666666667,24.0,28.597534125936157,60.0,INVALID,True,DataHealth invalid; Contract invalid: Quote stale or spread hard rejected.; SideDirection hard reject: -11.4 < 65.0; PremiumElasticity hard reject: 0.70 < 1.00; Expected/Required hard reject: 1.17 < 1.60; TradeQuality below configured minimum; FinalConfidence below configured minimum; ExecutionQuality below excellent gate: 42.4 < 80.0; ConvexityEdge below excellent gate: 76.8 < 80.0; OpportunityConfidence below excellent gate: 64.8 < 70.0; RegimeFit below excellent gate: 60.0 < 70.0,DataHealth invalid; Contract invalid: Quote stale or spread hard rejected.; SideDirection hard reject: -11.4 < 65.0; PremiumElasticity hard reject: 0.70 < 1.00; Expected/Required hard reject: 1.17 < 1.60; TradeQuality below configured minimum; FinalConfidence below configured minimum; ExecutionQuality below excellent gate: 42.4 < 80.0; ConvexityEdge below excellent gate: 76.8 < 80.0; OpportunityConfidence below excellent gate: 64.8 < 70.0; RegimeFit below excellent gate: 60.0 < 70.0,direction=UNVALIDATED;liquidity=UNVALIDATED,NSE,STOCK,NSE_STOCK_OPTION,SUNPHARMA,PAPER_ELIGIBLE,STOCK:SUNPHARMA,,,paper-strategy-8ade763620b6,opportunity-score-8ade763620b6,universe-a8e55c76a270,PAPER_OVERRIDE::FYERS_PAPER_PROXY_RESEARCH
202608211401_4_TCS_PE,2026-08-21T08:31:44.349780+00:00,202608211401,TCS,PE,4,16.703185126700482,16.703185126700482,87.0,5450c99e8b35,"{""contract_quality_min"": 0.0, ""direction_min"": 0.0, ""excellent_score_min"": 16.703185126700482, ""execution_quality_min"": 75.17241379310308, ""expected_required_ratio_min"": 1.1666666666666667, ""final_confidence_min"": 60.94827586206886, ""iv_crush_max"": 24.0, ""market_hostility_max"": 28.14201811388748, ""min_5depth_lots_each_side"": 7.0, ""min_top_book_lots"": 1.0, ""premium_elasticity_min"": 0.7, ""regime_confidence_min"": 60.0, ""spread_pct_max"": 1.379310344827595, ""trade_quality_min"": 0.0}",6.525,32.625,-0.0,0.0,0,0.7,25.0075,21.435,1.1666666666666667,24.0,28.14201811388748,60.0,INVALID,True,DataHealth invalid; Contract invalid: Quote stale or spread hard rejected.; SideDirection hard reject: -0.0 < 65.0; PremiumElasticity hard reject: 0.70 < 1.00; Expected/Required hard reject: 1.17 < 1.60; TradeQuality below configured minimum; FinalConfidence below configured minimum; ExecutionQuality below excellent gate: 75.2 < 80.0; ConvexityEdge below excellent gate: 76.8 < 80.0; OpportunityConfidence below excellent gate: 60.9 < 70.0; RegimeFit below excellent gate: 60.0 < 70.0,DataHealth invalid; Contract invalid: Quote stale or spread hard rejected.; SideDirection hard reject: -0.0 < 65.0; PremiumElasticity hard reject: 0.70 < 1.00; Expected/Required hard reject: 1.17 < 1.60; TradeQuality below configured minimum; FinalConfidence below configured minimum; ExecutionQuality below excellent gate: 75.2 < 80.0; ConvexityEdge below excellent gate: 76.8 < 80.0; OpportunityConfidence below excellent gate: 60.9 < 70.0; RegimeFit below excellent gate: 60.0 < 70.0,direction=UNVALIDATED;liquidity=UNVALIDATED,NSE,STOCK,NSE_STOCK_OPTION,TCS,PAPER_ELIGIBLE,STOCK:TCS,,,paper-strategy-8ade763620b6,opportunity-score-8ade763620b6,universe-a8e55c76a270,PAPER_OVERRIDE::FYERS_PAPER_PROXY_RESEARCH
202608211401_5_TCS_CE,2026-08-21T08:31:44.350262+00:00,202608211401,TCS,CE,5,16.14938683787507,16.14938683787507,87.0,5450c99e8b35,"{""contract_quality_min"": 0.0, ""direction_min"": 0.0, ""excellent_score_min"": 16.14938683787507, ""execution_quality_min"": 72.06118745138731, ""expected_required_ratio_min"": 1.1666666666666667, ""final_confidence_min"": 60.07713248638845, ""iv_crush_max"": 24.0, ""market_hostility_max"": 28.14201811388748, ""min_5depth_lots_each_side"": 7.0, ""min_top_book_lots"": 1.0, ""premium_elasticity_min"": 0.7, ""regime_confidence_min"": 60.0, ""spread_pct_max"": 1.451905626134296, ""trade_quality_min"": 0.0}",5.510000000000001,27.55,0.0,0.0,0,0.7,25.0075,21.435,1.1666666666666667,24.0,28.14201811388748,60.0,INVALID,True,DataHealth invalid; Contract invalid: Quote stale or spread hard rejected.; SideDirection hard reject: 0.0 < 65.0; PremiumElasticity hard reject: 0.70 < 1.00; Expected/Required hard reject: 1.17 < 1.60; TradeQuality below configured minimum; FinalConfidence below configured minimum; ExecutionQuality below excellent gate: 72.1 < 80.0; ConvexityEdge below excellent gate: 76.8 < 80.0; OpportunityConfidence below excellent gate: 60.1 < 70.0; RegimeFit below excellent gate: 60.0 < 70.0,DataHealth invalid; Contract invalid: Quote stale or spread hard rejected.; SideDirection hard reject: 0.0 < 65.0; PremiumElasticity hard reject: 0.70 < 1.00; Expected/Required hard reject: 1.17 < 1.60; TradeQuality below configured minimum; FinalConfidence below configured minimum; ExecutionQuality below excellent gate: 72.1 < 80.0; ConvexityEdge below excellent gate: 76.8 < 80.0; OpportunityConfidence below excellent gate: 60.1 < 70.0; RegimeFit below excellent gate: 60.0 < 70.0,direction=UNVALIDATED;liquidity=UNVALIDATED,NSE,STOCK,NSE_STOCK_OPTION,TCS,PAPER_ELIGIBLE,STOCK:TCS,,,paper-strategy-8ade763620b6,opportunity-score-8ade763620b6,universe-a8e55c76a270,PAPER_OVERRIDE::FYERS_PAPER_PROXY_RESEARCH
202608211402_1_MIDCPNIFTY_PE,2026-08-21T08:32:59.269509+00:00,202608211402,MIDCPNIFTY,PE,1,50.616749237488904,50.616749237488904,90.0,712afad509f5,"{""contract_quality_min"": 0.0, ""direction_min"": 1.7511837328501862, ""excellent_score_min"": 50.616749237488904, ""execution_quality_min"": 100.0, ""expected_required_ratio_min"": 1.0833333333333335, ""final_confidence_min"": 77.88032461875106, ""iv_crush_max"": 24.0, ""market_hostility_max"": 19.761054573588048, ""min_5depth_lots_each_side"": 9.0, ""min_top_book_lots"": 1.0, ""premium_elasticity_min"": 0.5, ""regime_confidence_min"": 60.0, ""spread_pct_max"": 0.6535947712418277, ""trade_quality_min"": 20.392156862745097}",12.240000000000002,61.2,1.7511837328501862,20.392156862745097,0,0.5,79.96625,73.815,1.0833333333333335,24.0,19.761054573588048,60.0,INVALID,True,DataHealth invalid; Contract invalid: Quote stale or spread hard rejected.; SideDirection hard reject: 1.8 < 65.0; PremiumElasticity hard reject: 0.50 < 1.00; Expected/Required hard reject: 1.08 < 1.60; TradeQuality below configured minimum; ConvexityEdge below excellent gate: 77.3 < 80.0,DataHealth invalid; Contract invalid: Quote stale or spread hard rejected.; SideDirection hard reject: 1.8 < 65.0; PremiumElasticity hard reject: 0.50 < 1.00; Expected/Required hard reject: 1.08 < 1.60; TradeQuality below configured minimum; ConvexityEdge below excellent gate: 77.3 < 80.0,direction=OBSERVED;liquidity=OBSERVED,NSE,INDEX,NSE_INDEX,MIDCPNIFTY,PAPER_ELIGIBLE,INDEX:MIDCAP,,,paper-strategy-8ade763620b6,opportunity-score-8ade763620b6,universe-a8e55c76a270,PAPER_OVERRIDE::FYERS_PAPER_PROXY_RESEARCH
202608211402_2_MIDCPNIFTY_PE,2026-08-21T08:32:59.270137+00:00,202608211402,MIDCPNIFTY,PE,2,50.31674923748891,50.31674923748891,90.0,712afad509f5,"{""contract_quality_min"": 0.0, ""direction_min"": 1.7511837328501862, ""excellent_score_min"": 50.31674923748891, ""execution_quality_min"": 100.0, ""expected_required_ratio_min"": 1.0833333333333335, ""final_confidence_min"": 77.88032461875106, ""iv_crush_max"": 24.0, ""market_hostility_max"": 19.761054573588048, ""min_5depth_lots_each_side"": 11.0, ""min_top_book_lots"": 2.0, ""premium_elasticity_min"": 0.7, ""regime_confidence_min"": 60.0, ""spread_pct_max"": 0.5423728813559399, ""trade_quality_min"": 20.392156862745097}",14.75,73.75,1.7511837328501862,20.392156862745097,0,0.7,79.96625,73.815,1.0833333333333335,24.0,19.761054573588048,60.0,INVALID,True,DataHealth invalid; Contract invalid: Quote stale or spread hard rejected.; SideDirection hard reject: 1.8 < 65.0; PremiumElasticity hard reject: 0.70 < 1.00; Expected/Required hard reject: 1.08 < 1.60; TradeQuality below configured minimum; ConvexityEdge below excellent gate: 75.8 < 80.0,DataHealth invalid; Contract invalid: Quote stale or spread hard rejected.; SideDirection hard reject: 1.8 < 65.0; PremiumElasticity hard reject: 0.70 < 1.00; Expected/Required hard reject: 1.08 < 1.60; TradeQuality below configured minimum; ConvexityEdge below excellent gate: 75.8 < 80.0,direction=OBSERVED;liquidity=OBSERVED,NSE,INDEX,NSE_INDEX,MIDCPNIFTY,PAPER_ELIGIBLE,INDEX:MIDCAP,,,paper-strategy-8ade763620b6,opportunity-score-8ade763620b6,universe-a8e55c76a270,PAPER_OVERRIDE::FYERS_PAPER_PROXY_RESEARCH
202608211402_3_MIDCPNIFTY_CE,2026-08-21T08:32:59.270576+00:00,202608211402,MIDCPNIFTY,CE,3,50.301536165575875,50.301536165575875,90.0,712afad509f5,"{""contract_quality_min"": 0.0, ""direction_min"": 0.0, ""excellent_score_min"": 50.301536165575875, ""execution_quality_min"": 100.0, ""expected_required_ratio_min"": 1.0833333333333335, ""final_confidence_min"": 77.35496949889601, ""iv_crush_max"": 24.0, ""market_hostility_max"": 19.761054573588048, ""min_5depth_lots_each_side"": 16.0, ""min_top_book_lots"": 1.0, ""premium_elasticity_min"": 0.5, ""regime_confidence_min"": 60.0, ""spread_pct_max"": 0.5661140315406411, ""trade_quality_min"": 20.392156862745097}",12.365000000000002,61.825,-1.7511837328501862,20.392156862745097,0,0.5,79.96625,73.815,1.0833333333333335,24.0,19.761054573588048,60.0,INVALID,True,DataHealth invalid; Contract invalid: Quote stale or spread hard rejected.; SideDirection hard reject: -1.8 < 65.0; PremiumElasticity hard reject: 0.50 < 1.00; Expected/Required hard reject: 1.08 < 1.60; TradeQuality below configured minimum; ConvexityEdge below excellent gate: 77.3 < 80.0,DataHealth invalid; Contract invalid: Quote stale or spread hard rejected.; SideDirection hard reject: -1.8 < 65.0; PremiumElasticity hard reject: 0.50 < 1.00; Expected/Required hard reject: 1.08 < 1.60; TradeQuality below configured minimum; ConvexityEdge below excellent gate: 77.3 < 80.0,direction=OBSERVED;liquidity=OBSERVED,NSE,INDEX,NSE_INDEX,MIDCPNIFTY,PAPER_ELIGIBLE,INDEX:MIDCAP,,,paper-strategy-8ade763620b6,opportunity-score-8ade763620b6,universe-a8e55c76a270,PAPER_OVERRIDE::FYERS_PAPER_PROXY_RESEARCH
202608211402_4_MIDCPNIFTY_CE,2026-08-21T08:32:59.271030+00:00,202608211402,MIDCPNIFTY,CE,4,50.00153616557588,50.00153616557588,90.0,712afad509f5,"{""contract_quality_min"": 0.0, ""direction_min"": 0.0, ""excellent_score_min"": 50.00153616557588, ""execution_quality_min"": 100.0, ""expected_required_ratio_min"": 1.0833333333333335, ""final_confidence_min"": 77.35496949889601, ""iv_crush_max"": 24.0, ""market_hostility_max"": 19.761054573588048, ""min_5depth_lots_each_side"": 9.0, ""min_top_book_lots"": 2.0, ""premium_elasticity_min"": 0.7, ""regime_confidence_min"": 60.0, ""spread_pct_max"": 0.7263123142951432, ""trade_quality_min"": 20.392156862745097}",15.145,75.725,-1.7511837328501862,20.392156862745097,0,0.7,79.96625,73.815,1.0833333333333335,24.0,19.761054573588048,60.0,INVALID,True,DataHealth invalid; Contract invalid: Quote stale or spread hard rejected.; SideDirection hard reject: -1.8 < 65.0; PremiumElasticity hard reject: 0.70 < 1.00; Expected/Required hard reject: 1.08 < 1.60; TradeQuality below configured minimum; ConvexityEdge below excellent gate: 75.8 < 80.0,DataHealth invalid; Contract invalid: Quote stale or spread hard rejected.; SideDirection hard reject: -1.8 < 65.0; PremiumElasticity hard reject: 0.70 < 1.00; Expected/Required hard reject: 1.08 < 1.60; TradeQuality below configured minimum; ConvexityEdge below excellent gate: 75.8 < 80.0,direction=OBSERVED;liquidity=OBSERVED,NSE,INDEX,NSE_INDEX,MIDCPNIFTY,PAPER_ELIGIBLE,INDEX:MIDCAP,,,paper-strategy-8ade763620b6,opportunity-score-8ade763620b6,universe-a8e55c76a270,PAPER_OVERRIDE::FYERS_PAPER_PROXY_RESEARCH
202608211402_5_NIFTY_CE,2026-08-21T08:32:59.271577+00:00,202608211402,NIFTY,CE,5,48.72085990250586,48.72085990250586,80.0,00929e22c867,"{""contract_quality_min"": 0.0, ""direction_min"": 0.31362903874786996, ""excellent_score_min"": 48.72085990250586, ""execution_quality_min"": 100.0, ""expected_required_ratio_min"": 1.3333333333333333, ""final_confidence_min"": 72.99466340343267, ""iv_crush_max"": 24.0, ""market_hostility_max"": 18.997246219225314, ""min_top_book_lots"": 0.0, ""premium_elasticity_min"": 0.5, ""regime_confidence_min"": 60.0, ""spread_pct_max"": 0.2550369803621525, ""trade_quality_min"": 4.825396825401636}",19.605000000000004,98.025,0.31362903874786996,4.825396825401636,0,0.5,130.35999999999999,97.77,1.3333333333333333,24.0,18.997246219225314,60.0,INVALID,True,DataHealth invalid; Contract invalid: Quote stale or spread hard rejected.; SideDirection hard reject: 0.3 < 65.0; PremiumElasticity hard reject: 0.50 < 1.00; Expected/Required hard reject: 1.33 < 1.60; TradeQuality below configured minimum; ConvexityEdge below excellent gate: 78.3 < 80.0,DataHealth invalid; Contract invalid: Quote stale or spread hard rejected.; SideDirection hard reject: 0.3 < 65.0; PremiumElasticity hard reject: 0.50 < 1.00; Expected/Required hard reject: 1.33 < 1.60; TradeQuality below configured minimum; ConvexityEdge below excellent gate: 78.3 < 80.0,direction=OBSERVED;liquidity=OBSERVED,NSE,INDEX,NSE_INDEX,NIFTY,PAPER_ELIGIBLE,INDEX:BROAD_EQUITY,,,paper-strategy-8ade763620b6,opportunity-score-8ade763620b6,universe-a8e55c76a270,PAPER_OVERRIDE::FYERS_PAPER_PROXY_RESEARCH
202608211404_1_MIDCPNIFTY_PE,2026-08-21T08:34:00.684066+00:00,202608211404,MIDCPNIFTY,PE,1,59.92331974658306,59.92331974658306,90.0,712afad509f5,"{""contract_quality_min"": 0.0, ""direction_min"": 4.579201670061785, ""excellent_score_min"": 59.92331974658306, ""execution_quality_min"": 99.3573174991268, ""expected_required_ratio_min"": 1.0833333333333333, ""final_confidence_min"": 87.87918794281696, ""iv_crush_max"": 24.0, ""market_hostility_max"": 19.79724562638735, ""min_5depth_lots_each_side"": 24.0, ""min_top_book_lots"": 2.0, ""premium_elasticity_min"": 0.5, ""regime_confidence_min"": 60.0, ""spread_pct_max"": 0.8149959250203749, ""trade_quality_min"": 52.307692307692314}",12.270000000000001,61.35,4.579201670061785,52.307692307692314,0,0.5,80.3075,74.13000000000001,1.0833333333333333,24.0,19.79724562638735,60.0,INVALID,True,DataHealth invalid; Contract invalid: Quote stale or spread hard rejected.; SideDirection hard reject: 4.6 < 65.0; PremiumElasticity hard reject: 0.50 < 1.00; Expected/Required hard reject: 1.08 < 1.60; TradeQuality below configured minimum; ConvexityEdge below excellent gate: 77.3 < 80.0,DataHealth invalid; Contract invalid: Quote stale or spread hard rejected.; SideDirection hard reject: 4.6 < 65.0; PremiumElasticity hard reject: 0.50 < 1.00; Expected/Required hard reject: 1.08 < 1.60; TradeQuality below configured minimum; ConvexityEdge below excellent gate: 77.3 < 80.0,direction=OBSERVED;liquidity=OBSERVED,NSE,INDEX,NSE_INDEX,MIDCPNIFTY,PAPER_ELIGIBLE,INDEX:MIDCAP,,,paper-strategy-8ade763620b6,opportunity-score-8ade763620b6,universe-a8e55c76a270,PAPER_OVERRIDE::FYERS_PAPER_PROXY_RESEARCH
202608211404_2_MIDCPNIFTY_PE,2026-08-21T08:34:00.684719+00:00,202608211404,MIDCPNIFTY,PE,2,59.71972212171404,59.71972212171404,90.0,712afad509f5,"{""contract_quality_min"": 0.0, ""direction_min"": 4.579201670061785, ""excellent_score_min"": 59.71972212171404, ""execution_quality_min"": 100.0, ""expected_required_ratio_min"": 1.0833333333333333, ""final_confidence_min"": 87.87918794281696, ""iv_crush_max"": 24.0, ""market_hostility_max"": 19.79724562638735, ""min_5depth_lots_each_side"": 16.0, ""min_top_book_lots"": 2.0, ""premium_elasticity_min"": 0.7, ""regime_confidence_min"": 60.0, ""spread_pct_max"": 0.6099627245001732, ""trade_quality_min"": 52.307692307692314}",14.755000000000003,73.775,4.579201670061785,52.307692307692314,0,0.7,80.3075,74.13000000000001,1.0833333333333333,24.0,19.79724562638735,60.0,INVALID,True,DataHealth invalid; Contract invalid: Quote stale or spread hard rejected.; SideDirection hard reject: 4.6 < 65.0; PremiumElasticity hard reject: 0.70 < 1.00; Expected/Required hard reject: 1.08 < 1.60; TradeQuality below configured minimum; ConvexityEdge below excellent gate: 75.8 < 80.0,DataHealth invalid; Contract invalid: Quote stale or spread hard rejected.; SideDirection hard reject: 4.6 < 65.0; PremiumElasticity hard reject: 0.70 < 1.00; Expected/Required hard reject: 1.08 < 1.60; TradeQuality below configured minimum; ConvexityEdge below excellent gate: 75.8 < 80.0,direction=OBSERVED;liquidity=OBSERVED,NSE,INDEX,NSE_INDEX,MIDCPNIFTY,PAPER_ELIGIBLE,INDEX:MIDCAP,,,paper-strategy-8ade763620b6,opportunity-score-8ade763620b6,universe-a8e55c76a270,PAPER_OVERRIDE::FYERS_PAPER_PROXY_RESEARCH
202608211404_3_MIDCPNIFTY_CE,2026-08-21T08:34:00.685165+00:00,202608211404,MIDCPNIFTY,CE,3,59.19546582110293,59.19546582110293,90.0,712afad509f5,"{""contract_quality_min"": 0.0, ""direction_min"": 0.0, ""excellent_score_min"": 59.19546582110293, ""execution_quality_min"": 100.0, ""expected_required_ratio_min"": 1.0833333333333333, ""final_confidence_min"": 86.50542744179843, ""iv_crush_max"": 24.0, ""market_hostility_max"": 19.79724562638735, ""min_top_book_lots"": 0.0, ""premium_elasticity_min"": 0.5, ""regime_confidence_min"": 60.0, ""spread_pct_max"": 0.4823151125401997, ""trade_quality_min"": 52.307692307692314}",12.440000000000001,62.2,-4.579201670061785,52.307692307692314,0,0.5,80.3075,74.13000000000001,1.0833333333333333,24.0,19.79724562638735,60.0,INVALID,True,DataHealth invalid; Contract invalid: Quote stale or spread hard rejected.; SideDirection hard reject: -4.6 < 65.0; PremiumElasticity hard reject: 0.50 < 1.00; Expected/Required hard reject: 1.08 < 1.60; TradeQuality below configured minimum; ConvexityEdge below excellent gate: 77.3 < 80.0,DataHealth invalid; Contract invalid: Quote stale or spread hard rejected.; SideDirection hard reject: -4.6 < 65.0; PremiumElasticity hard reject: 0.50 < 1.00; Expected/Required hard reject: 1.08 < 1.60; TradeQuality below configured minimum; ConvexityEdge below excellent gate: 77.3 < 80.0,direction=OBSERVED;liquidity=OBSERVED,NSE,INDEX,NSE_INDEX,MIDCPNIFTY,PAPER_ELIGIBLE,INDEX:MIDCAP,,,paper-strategy-8ade763620b6,opportunity-score-8ade763620b6,universe-a8e55c76a270,PAPER_OVERRIDE::FYERS_PAPER_PROXY_RESEARCH
202608211404_4_MIDCPNIFTY_CE,2026-08-21T08:34:00.685639+00:00,202608211404,MIDCPNIFTY,CE,4,58.895465821102924,58.895465821102924,90.0,712afad509f5,"{""contract_quality_min"": 0.0, ""direction_min"": 0.0, ""excellent_score_min"": 58.895465821102924, ""execution_quality_min"": 100.0, ""expected_required_ratio_min"": 1.0833333333333333, ""final_confidence_min"": 86.50542744179843, ""iv_crush_max"": 24.0, ""market_hostility_max"": 19.79724562638735, ""min_5depth_lots_each_side"": 9.0, ""min_top_book_lots"": 2.0, ""premium_elasticity_min"": 0.7, ""regime_confidence_min"": 60.0, ""spread_pct_max"": 0.7920792079207847, ""trade_quality_min"": 52.307692307692314}",15.15,75.75,-4.579201670061785,52.307692307692314,0,0.7,80.3075,74.13000000000001,1.0833333333333333,24.0,19.79724562638735,60.0,INVALID,True,DataHealth invalid; Contract invalid: Quote stale or spread hard rejected.; SideDirection hard reject: -4.6 < 65.0; PremiumElasticity hard reject: 0.70 < 1.00; Expected/Required hard reject: 1.08 < 1.60; TradeQuality below configured minimum; ConvexityEdge below excellent gate: 75.8 < 80.0,DataHealth invalid; Contract invalid: Quote stale or spread hard rejected.; SideDirection hard reject: -4.6 < 65.0; PremiumElasticity hard reject: 0.70 < 1.00; Expected/Required hard reject: 1.08 < 1.60; TradeQuality below configured minimum; ConvexityEdge below excellent gate: 75.8 < 80.0,direction=OBSERVED;liquidity=OBSERVED,NSE,INDEX,NSE_INDEX,MIDCPNIFTY,PAPER_ELIGIBLE,INDEX:MIDCAP,,,paper-strategy-8ade763620b6,opportunity-score-8ade763620b6,universe-a8e55c76a270,PAPER_OVERRIDE::FYERS_PAPER_PROXY_RESEARCH
202608211404_5_MIDCPNIFTY_CE,2026-08-21T08:34:00.686145+00:00,202608211404,MIDCPNIFTY,CE,5,55.995465821102925,55.995465821102925,90.0,712afad509f5,"{""contract_quality_min"": 0.0, ""direction_min"": 0.0, ""excellent_score_min"": 55.995465821102925, ""execution_quality_min"": 100.0, ""expected_required_ratio_min"": 1.0833333333333333, ""final_confidence_min"": 86.50542744179843, ""iv_crush_max"": 24.0, ""market_hostility_max"": 19.79724562638735, ""min_5depth_lots_each_side"": 15.0, ""min_top_book_lots"": 1.0, ""premium_elasticity_min"": 0.3, ""regime_confidence_min"": 60.0, ""spread_pct_max"": 0.6024096385542255, ""trade_quality_min"": 52.307692307692314}",9.96,49.8,-4.579201670061785,52.307692307692314,0,0.3,80.3075,74.13000000000001,1.0833333333333333,24.0,19.79724562638735,60.0,INVALID,True,DataHealth invalid; Contract invalid: Quote stale or spread hard rejected.; SideDirection hard reject: -4.6 < 65.0; PremiumElasticity hard reject: 0.30 < 1.00; Expected/Required hard reject: 1.08 < 1.60; TradeQuality below configured minimum; ConvexityEdge below excellent gate: 61.3 < 80.0,DataHealth invalid; Contract invalid: Quote stale or spread hard rejected.; SideDirection hard reject: -4.6 < 65.0; PremiumElasticity hard reject: 0.30 < 1.00; Expected/Required hard reject: 1.08 < 1.60; TradeQuality below configured minimum; ConvexityEdge below excellent gate: 61.3 < 80.0,direction=OBSERVED;liquidity=OBSERVED,NSE,INDEX,NSE_INDEX,MIDCPNIFTY,PAPER_ELIGIBLE,INDEX:MIDCAP,,,paper-strategy-8ade763620b6,opportunity-score-8ade763620b6,universe-a8e55c76a270,PAPER_OVERRIDE::FYERS_PAPER_PROXY_RESEARCH
202608211405_1_MIDCPNIFTY_PE,2026-08-21T08:35:09.295198+00:00,202608211405,MIDCPNIFTY,PE,1,60.43714968475031,60.43714968475031,90.0,712afad509f5,"{""contract_quality_min"": 0.0, ""direction_min"": 4.551836053099677, ""excellent_score_min"": 60.43714968475031, ""execution_quality_min"": 99.09922589725545, ""expected_required_ratio_min"": 1.0833333333333335, ""final_confidence_min"": 88.47193203446554, ""iv_crush_max"": 24.0, ""market_hostility_max"": 19.711615659721375, ""min_5depth_lots_each_side"": 14.0, ""min_top_book_lots"": 2.0, ""premium_elasticity_min"": 0.5, ""regime_confidence_min"": 60.0, ""spread_pct_max"": 0.8210180623973727, ""trade_quality_min"": 54.29718875500196}",12.18,60.9,4.551836053099677,54.29718875500196,0,0.5,80.145,73.97999999999999,1.0833333333333335,24.0,19.711615659721375,60.0,INVALID,True,DataHealth invalid; Contract invalid: Quote stale or spread hard rejected.; SideDirection hard reject: 4.6 < 65.0; PremiumElasticity hard reject: 0.50 < 1.00; Expected/Required hard reject: 1.08 < 1.60; TradeQuality below configured minimum; ConvexityEdge below excellent gate: 77.3 < 80.0,DataHealth invalid; Contract invalid: Quote stale or spread hard rejected.; SideDirection hard reject: 4.6 < 65.0; PremiumElasticity hard reject: 0.50 < 1.00; Expected/Required hard reject: 1.08 < 1.60; TradeQuality below configured minimum; ConvexityEdge below excellent gate: 77.3 < 80.0,direction=OBSERVED;liquidity=OBSERVED,NSE,INDEX,NSE_INDEX,MIDCPNIFTY,PAPER_ELIGIBLE,INDEX:MIDCAP,,,paper-strategy-8ade763620b6,opportunity-score-8ade763620b6,universe-a8e55c76a270,PAPER_OVERRIDE::FYERS_PAPER_PROXY_RESEARCH
202608211405_2_MIDCPNIFTY_CE,2026-08-21T08:35:09.295859+00:00,202608211405,MIDCPNIFTY,CE,2,59.75293531060406,59.75293531060406,90.0,712afad509f5,"{""contract_quality_min"": 0.0, ""direction_min"": 0.0, ""excellent_score_min"": 59.75293531060406, ""execution_quality_min"": 100.0, ""expected_required_ratio_min"": 1.0833333333333335, ""final_confidence_min"": 87.10638121853563, ""iv_crush_max"": 24.0, ""market_hostility_max"": 19.711615659721375, ""min_5depth_lots_each_side"": 13.0, ""min_top_book_lots"": 1.0, ""premium_elasticity_min"": 0.5, ""regime_confidence_min"": 60.0, ""spread_pct_max"": 0.4807692307692262, ""trade_quality_min"": 54.29718875500196}",12.48,62.4,-4.551836053099677,54.29718875500196,0,0.5,80.145,73.97999999999999,1.0833333333333335,24.0,19.711615659721375,60.0,INVALID,True,DataHealth invalid; Contract invalid: Quote stale or spread hard rejected.; SideDirection hard reject: -4.6 < 65.0; PremiumElasticity hard reject: 0.50 < 1.00; Expected/Required hard reject: 1.08 < 1.60; TradeQuality below configured minimum; ConvexityEdge below excellent gate: 77.3 < 80.0,DataHealth invalid; Contract invalid: Quote stale or spread hard rejected.; SideDirection hard reject: -4.6 < 65.0; PremiumElasticity hard reject: 0.50 < 1.00; Expected/Required hard reject: 1.08 < 1.60; TradeQuality below configured minimum; ConvexityEdge below excellent gate: 77.3 < 80.0,direction=OBSERVED;liquidity=OBSERVED,NSE,INDEX,NSE_INDEX,MIDCPNIFTY,PAPER_ELIGIBLE,INDEX:MIDCAP,,,paper-strategy-8ade763620b6,opportunity-score-8ade763620b6,universe-a8e55c76a270,PAPER_OVERRIDE::FYERS_PAPER_PROXY_RESEARCH
202608211405_3_MIDCPNIFTY_CE,2026-08-21T08:35:09.296293+00:00,202608211405,MIDCPNIFTY,CE,3,59.452935310604055,59.452935310604055,90.0,712afad509f5,"{""contract_quality_min"": 0.0, ""direction_min"": 0.0, ""excellent_score_min"": 59.452935310604055, ""execution_quality_min"": 100.0, ""expected_required_ratio_min"": 1.0833333333333335, ""final_confidence_min"": 87.10638121853563, ""iv_crush_max"": 24.0, ""market_hostility_max"": 19.711615659721375, ""min_5depth_lots_each_side"": 8.0, ""min_top_book_lots"": 1.0, ""premium_elasticity_min"": 0.7, ""regime_confidence_min"": 60.0, ""spread_pct_max"": 0.7889546351084739, ""trade_quality_min"": 54.29718875500196}",15.21,76.05,-4.551836053099677,54.29718875500196,0,0.7,80.145,73.97999999999999,1.0833333333333335,24.0,19.711615659721375,60.0,INVALID,True,DataHealth invalid; Contract invalid: Quote stale or spread hard rejected.; SideDirection hard reject: -4.6 < 65.0; PremiumElasticity hard reject: 0.70 < 1.00; Expected/Required hard reject: 1.08 < 1.60; TradeQuality below configured minimum; ConvexityEdge below excellent gate: 75.8 < 80.0,DataHealth invalid; Contract invalid: Quote stale or spread hard rejected.; SideDirection hard reject: -4.6 < 65.0; PremiumElasticity hard reject: 0.70 < 1.00; Expected/Required hard reject: 1.08 < 1.60; TradeQuality below configured minimum; ConvexityEdge below excellent gate: 75.8 < 80.0,direction=OBSERVED;liquidity=OBSERVED,NSE,INDEX,NSE_INDEX,MIDCPNIFTY,PAPER_ELIGIBLE,INDEX:MIDCAP,,,paper-strategy-8ade763620b6,opportunity-score-8ade763620b6,universe-a8e55c76a270,PAPER_OVERRIDE::FYERS_PAPER_PROXY_RESEARCH
202608211405_4_MIDCPNIFTY_PE,2026-08-21T08:35:09.296717+00:00,202608211405,MIDCPNIFTY,PE,4,57.372265800162,57.372265800162,90.0,712afad509f5,"{""contract_quality_min"": 0.0, ""direction_min"": 4.551836053099677, ""excellent_score_min"": 57.372265800162, ""execution_quality_min"": 100.0, ""expected_required_ratio_min"": 1.0833333333333335, ""final_confidence_min"": 88.47193203446554, ""iv_crush_max"": 24.0, ""market_hostility_max"": 19.711615659721375, ""min_5depth_lots_each_side"": 10.0, ""min_top_book_lots"": 2.0, ""premium_elasticity_min"": 0.3, ""regime_confidence_min"": 60.0, ""spread_pct_max"": 0.6024096385542255, ""trade_quality_min"": 54.29718875500196}",9.96,49.8,4.551836053099677,54.29718875500196,0,0.3,80.145,73.97999999999999,1.0833333333333335,24.0,19.711615659721375,60.0,INVALID,True,DataHealth invalid; Contract invalid: Quote stale or spread hard rejected.; SideDirection hard reject: 4.6 < 65.0; PremiumElasticity hard reject: 0.30 < 1.00; Expected/Required hard reject: 1.08 < 1.60; TradeQuality below configured minimum; ConvexityEdge below excellent gate: 61.3 < 80.0,DataHealth invalid; Contract invalid: Quote stale or spread hard rejected.; SideDirection hard reject: 4.6 < 65.0; PremiumElasticity hard reject: 0.30 < 1.00; Expected/Required hard reject: 1.08 < 1.60; TradeQuality below configured minimum; ConvexityEdge below excellent gate: 61.3 < 80.0,direction=OBSERVED;liquidity=OBSERVED,NSE,INDEX,NSE_INDEX,MIDCPNIFTY,PAPER_ELIGIBLE,INDEX:MIDCAP,,,paper-strategy-8ade763620b6,opportunity-score-8ade763620b6,universe-a8e55c76a270,PAPER_OVERRIDE::FYERS_PAPER_PROXY_RESEARCH
202608211405_5_MIDCPNIFTY_CE,2026-08-21T08:35:09.297448+00:00,202608211405,MIDCPNIFTY,CE,5,56.552935310604056,56.552935310604056,90.0,712afad509f5,"{""contract_quality_min"": 0.0, ""direction_min"": 0.0, ""excellent_score_min"": 56.552935310604056, ""execution_quality_min"": 100.0, ""expected_required_ratio_min"": 1.0833333333333335, ""final_confidence_min"": 87.10638121853563, ""iv_crush_max"": 24.0, ""market_hostility_max"": 19.711615659721375, ""min_5depth_lots_each_side"": 9.0, ""min_top_book_lots"": 2.0, ""premium_elasticity_min"": 0.3, ""regime_confidence_min"": 60.0, ""spread_pct_max"": 0.7003501750875467, ""trade_quality_min"": 54.29718875500196}",9.995,49.974999999999994,-4.551836053099677,54.29718875500196,0,0.3,80.145,73.97999999999999,1.0833333333333335,24.0,19.711615659721375,60.0,INVALID,True,DataHealth invalid; Contract invalid: Quote stale or spread hard rejected.; SideDirection hard reject: -4.6 < 65.0; PremiumElasticity hard reject: 0.30 < 1.00; Expected/Required hard reject: 1.08 < 1.60; TradeQuality below configured minimum; ConvexityEdge below excellent gate: 61.3 < 80.0,DataHealth invalid; Contract invalid: Quote stale or spread hard rejected.; SideDirection hard reject: -4.6 < 65.0; PremiumElasticity hard reject: 0.30 < 1.00; Expected/Required hard reject: 1.08 < 1.60; TradeQuality below configured minimum; ConvexityEdge below excellent gate: 61.3 < 80.0,direction=OBSERVED;liquidity=OBSERVED,NSE,INDEX,NSE_INDEX,MIDCPNIFTY,PAPER_ELIGIBLE,INDEX:MIDCAP,,,paper-strategy-8ade763620b6,opportunity-score-8ade763620b6,universe-a8e55c76a270,PAPER_OVERRIDE::FYERS_PAPER_PROXY_RESEARCH
202608211406_1_MIDCPNIFTY_PE,2026-08-21T08:36:17.614902+00:00,202608211406,MIDCPNIFTY,PE,1,59.476979665876094,59.476979665876094,90.0,712afad509f5,"{""contract_quality_min"": 0.0, ""direction_min"": 4.255634338659414, ""excellent_score_min"": 59.476979665876094, ""execution_quality_min"": 100.0, ""expected_required_ratio_min"": 1.0833333333333335, ""final_confidence_min"": 87.306345150796, ""iv_crush_max"": 24.0, ""market_hostility_max"": 19.715980098563822, ""min_5depth_lots_each_side"": 10.0, ""min_top_book_lots"": 2.0, ""premium_elasticity_min"": 0.5, ""regime_confidence_min"": 60.0, ""spread_pct_max"": 0.650935720097638, ""trade_quality_min"": 50.55999999999031}",12.290000000000001,61.45,4.255634338659414,50.55999999999031,0,0.5,80.42125000000001,74.235,1.0833333333333335,24.0,19.715980098563822,60.0,INVALID,True,DataHealth invalid; Contract invalid: Quote stale or spread hard rejected.; SideDirection hard reject: 4.3 < 65.0; PremiumElasticity hard reject: 0.50 < 1.00; Expected/Required hard reject: 1.08 < 1.60; TradeQuality below configured minimum; ConvexityEdge below excellent gate: 77.3 < 80.0,DataHealth invalid; Contract invalid: Quote stale or spread hard rejected.; SideDirection hard reject: 4.3 < 65.0; PremiumElasticity hard reject: 0.50 < 1.00; Expected/Required hard reject: 1.08 < 1.60; TradeQuality below configured minimum; ConvexityEdge below excellent gate: 77.3 < 80.0,direction=OBSERVED;liquidity=OBSERVED,NSE,INDEX,NSE_INDEX,MIDCPNIFTY,PAPER_ELIGIBLE,INDEX:MIDCAP,,,paper-strategy-8ade763620b6,opportunity-score-8ade763620b6,universe-a8e55c76a270,PAPER_OVERRIDE::FYERS_PAPER_PROXY_RESEARCH
202608211406_2_MIDCPNIFTY_PE,2026-08-21T08:36:17.616346+00:00,202608211406,MIDCPNIFTY,PE,2,59.17697966587609,59.17697966587609,90.0,712afad509f5,"{""contract_quality_min"": 0.0, ""direction_min"": 4.255634338659414, ""excellent_score_min"": 59.17697966587609, ""execution_quality_min"": 100.0, ""expected_required_ratio_min"": 1.0833333333333335, ""final_confidence_min"": 87.306345150796, ""iv_crush_max"": 24.0, ""market_hostility_max"": 19.715980098563822, ""min_5depth_lots_each_side"": 11.0, ""min_top_book_lots"": 3.0, ""premium_elasticity_min"": 0.7, ""regime_confidence_min"": 60.0, ""spread_pct_max"": 0.6765899864682002, ""trade_quality_min"": 50.55999999999031}",14.780000000000001,73.9,4.255634338659414,50.55999999999031,0,0.7,80.42125000000001,74.235,1.0833333333333335,24.0,19.715980098563822,60.0,INVALID,True,DataHealth invalid; Contract invalid: Quote stale or spread hard rejected.; SideDirection hard reject: 4.3 < 65.0; PremiumElasticity hard reject: 0.70 < 1.00; Expected/Required hard reject: 1.08 < 1.60; TradeQuality below configured minimum; ConvexityEdge below excellent gate: 75.8 < 80.0,DataHealth invalid; Contract invalid: Quote stale or spread hard rejected.; SideDirection hard reject: 4.3 < 65.0; PremiumElasticity hard reject: 0.70 < 1.00; Expected/Required hard reject: 1.08 < 1.60; TradeQuality below configured minimum; ConvexityEdge below excellent gate: 75.8 < 80.0,direction=OBSERVED;liquidity=OBSERVED,NSE,INDEX,NSE_INDEX,MIDCPNIFTY,PAPER_ELIGIBLE,INDEX:MIDCAP,,,paper-strategy-8ade763620b6,opportunity-score-8ade763620b6,universe-a8e55c76a270,PAPER_OVERRIDE::FYERS_PAPER_PROXY_RESEARCH
202608211406_3_MIDCPNIFTY_CE,2026-08-21T08:36:17.616994+00:00,202608211406,MIDCPNIFTY,CE,3,58.7109654849174,58.7109654849174,90.0,712afad509f5,"{""contract_quality_min"": 0.0, ""direction_min"": 0.0, ""excellent_score_min"": 58.7109654849174, ""execution_quality_min"": 100.0, ""expected_required_ratio_min"": 1.0833333333333335, ""final_confidence_min"": 86.02965484919818, ""iv_crush_max"": 24.0, ""market_hostility_max"": 19.715980098563822, ""min_5depth_lots_each_side"": 15.0, ""min_top_book_lots"": 2.0, ""premium_elasticity_min"": 0.5, ""regime_confidence_min"": 60.0, ""spread_pct_max"": 0.5620232838217606, ""trade_quality_min"": 50.55999999999031}",12.455000000000002,62.275000000000006,-4.255634338659414,50.55999999999031,0,0.5,80.42125000000001,74.235,1.0833333333333335,24.0,19.715980098563822,60.0,INVALID,True,DataHealth invalid; Contract invalid: Quote stale or spread hard rejected.; SideDirection hard reject: -4.3 < 65.0; PremiumElasticity hard reject: 0.50 < 1.00; Expected/Required hard reject: 1.08 < 1.60; TradeQuality below configured minimum; ConvexityEdge below excellent gate: 77.3 < 80.0,DataHealth invalid; Contract invalid: Quote stale or spread hard rejected.; SideDirection hard reject: -4.3 < 65.0; PremiumElasticity hard reject: 0.50 < 1.00; Expected/Required hard reject: 1.08 < 1.60; TradeQuality below configured minimum; ConvexityEdge below excellent gate: 77.3 < 80.0,direction=OBSERVED;liquidity=OBSERVED,NSE,INDEX,NSE_INDEX,MIDCPNIFTY,PAPER_ELIGIBLE,INDEX:MIDCAP,,,paper-strategy-8ade763620b6,opportunity-score-8ade763620b6,universe-a8e55c76a270,PAPER_OVERRIDE::FYERS_PAPER_PROXY_RESEARCH
202608211406_4_MIDCPNIFTY_CE,2026-08-21T08:36:17.617479+00:00,202608211406,MIDCPNIFTY,CE,4,58.4109654849174,58.4109654849174,90.0,712afad509f5,"{""contract_quality_min"": 0.0, ""direction_min"": 0.0, ""excellent_score_min"": 58.4109654849174, ""execution_quality_min"": 100.0, ""expected_required_ratio_min"": 1.0833333333333335, ""final_confidence_min"": 86.02965484919818, ""iv_crush_max"": 24.0, ""market_hostility_max"": 19.715980098563822, ""min_5depth_lots_each_side"": 8.0, ""min_top_book_lots"": 1.0, ""premium_elasticity_min"": 0.7, ""regime_confidence_min"": 60.0, ""spread_pct_max"": 0.45766590389017137, ""trade_quality_min"": 50.55999999999031}",15.295,76.475,-4.255634338659414,50.55999999999031,0,0.7,80.42125000000001,74.235,1.0833333333333335,24.0,19.715980098563822,60.0,INVALID,True,DataHealth invalid; Contract invalid: Quote stale or spread hard rejected.; SideDirection hard reject: -4.3 < 65.0; PremiumElasticity hard reject: 0.70 < 1.00; Expected/Required hard reject: 1.08 < 1.60; TradeQuality below configured minimum; ConvexityEdge below excellent gate: 75.8 < 80.0,DataHealth invalid; Contract invalid: Quote stale or spread hard rejected.; SideDirection hard reject: -4.3 < 65.0; PremiumElasticity hard reject: 0.70 < 1.00; Expected/Required hard reject: 1.08 < 1.60; TradeQuality below configured minimum; ConvexityEdge below excellent gate: 75.8 < 80.0,direction=OBSERVED;liquidity=OBSERVED,NSE,INDEX,NSE_INDEX,MIDCPNIFTY,PAPER_ELIGIBLE,INDEX:MIDCAP,,,paper-strategy-8ade763620b6,opportunity-score-8ade763620b6,universe-a8e55c76a270,PAPER_OVERRIDE::FYERS_PAPER_PROXY_RESEARCH
202608211406_5_MIDCPNIFTY_PE,2026-08-21T08:36:17.618134+00:00,202608211406,MIDCPNIFTY,PE,5,55.60212510866856,55.60212510866856,90.0,712afad509f5,"{""contract_quality_min"": 0.0, ""direction_min"": 4.255634338659414, ""excellent_score_min"": 55.60212510866856, ""execution_quality_min"": 95.50096961861644, ""expected_required_ratio_min"": 1.0833333333333335, ""final_confidence_min"": 87.306345150796, ""iv_crush_max"": 24.0, ""market_hostility_max"": 19.715980098563822, ""min_5depth_lots_each_side"": 11.0, ""min_top_book_lots"": 1.0, ""premium_elasticity_min"": 0.3, ""regime_confidence_min"": 60.0, ""spread_pct_max"": 0.9049773755656165, ""trade_quality_min"": 50.55999999999031}",9.945,49.725,4.255634338659414,50.55999999999031,0,0.3,80.42125000000001,74.235,1.0833333333333335,24.0,19.715980098563822,60.0,INVALID,True,DataHealth invalid; Contract invalid: Quote stale or spread hard rejected.; SideDirection hard reject: 4.3 < 65.0; PremiumElasticity hard reject: 0.30 < 1.00; Expected/Required hard reject: 1.08 < 1.60; TradeQuality below configured minimum; ConvexityEdge below excellent gate: 61.3 < 80.0,DataHealth invalid; Contract invalid: Quote stale or spread hard rejected.; SideDirection hard reject: 4.3 < 65.0; PremiumElasticity hard reject: 0.30 < 1.00; Expected/Required hard reject: 1.08 < 1.60; TradeQuality below configured minimum; ConvexityEdge below excellent gate: 61.3 < 80.0,direction=OBSERVED;liquidity=OBSERVED,NSE,INDEX,NSE_INDEX,MIDCPNIFTY,PAPER_ELIGIBLE,INDEX:MIDCAP,,,paper-strategy-8ade763620b6,opportunity-score-8ade763620b6,universe-a8e55c76a270,PAPER_OVERRIDE::FYERS_PAPER_PROXY_RESEARCH
202608211407_1_MIDCPNIFTY_PE,2026-08-21T08:37:21.390068+00:00,202608211407,MIDCPNIFTY,PE,1,59.476979665876094,59.476979665876094,90.0,712afad509f5,"{""contract_quality_min"": 0.0, ""direction_min"": 4.255634338659414, ""excellent_score_min"": 59.476979665876094, ""execution_quality_min"": 100.0, ""expected_required_ratio_min"": 1.0833333333333335, ""final_confidence_min"": 87.306345150796, ""iv_crush_max"": 24.0, ""market_hostility_max"": 19.715297097397666, ""min_5depth_lots_each_side"": 13.0, ""min_top_book_lots"": 2.0, ""premium_elasticity_min"": 0.5, ""regime_confidence_min"": 60.0, ""spread_pct_max"": 0.7386130488305224, ""trade_quality_min"": 50.55999999999031}",12.185,60.925,4.255634338659414,50.55999999999031,0,0.5,80.71375,74.505,1.0833333333333335,24.0,19.715297097397666,60.0,INVALID,True,DataHealth invalid; Contract invalid: Quote stale or spread hard rejected.; SideDirection hard reject: 4.3 < 65.0; PremiumElasticity hard reject: 0.50 < 1.00; Expected/Required hard reject: 1.08 < 1.60; TradeQuality below configured minimum; ConvexityEdge below excellent gate: 77.3 < 80.0,DataHealth invalid; Contract invalid: Quote stale or spread hard rejected.; SideDirection hard reject: 4.3 < 65.0; PremiumElasticity hard reject: 0.50 < 1.00; Expected/Required hard reject: 1.08 < 1.60; TradeQuality below configured minimum; ConvexityEdge below excellent gate: 77.3 < 80.0,direction=OBSERVED;liquidity=OBSERVED,NSE,INDEX,NSE_INDEX,MIDCPNIFTY,PAPER_ELIGIBLE,INDEX:MIDCAP,,,paper-strategy-8ade763620b6,opportunity-score-8ade763620b6,universe-a8e55c76a270,PAPER_OVERRIDE::FYERS_PAPER_PROXY_RESEARCH
202608211407_2_MIDCPNIFTY_PE,2026-08-21T08:37:21.390671+00:00,202608211407,MIDCPNIFTY,PE,2,59.17697966587609,59.17697966587609,90.0,712afad509f5,"{""contract_quality_min"": 0.0, ""direction_min"": 4.255634338659414, ""excellent_score_min"": 59.17697966587609, ""execution_quality_min"": 100.0, ""expected_required_ratio_min"": 1.0833333333333335, ""final_confidence_min"": 87.306345150796, ""iv_crush_max"": 24.0, ""market_hostility_max"": 19.715297097397666, ""min_5depth_lots_each_side"": 9.0, ""min_top_book_lots"": 2.0, ""premium_elasticity_min"": 0.7, ""regime_confidence_min"": 60.0, ""spread_pct_max"": 0.6141248720573222, ""trade_quality_min"": 50.55999999999031}",14.655000000000001,73.275,4.255634338659414,50.55999999999031,0,0.7,80.71375,74.505,1.0833333333333335,24.0,19.715297097397666,60.0,INVALID,True,DataHealth invalid; Contract invalid: Quote stale or spread hard rejected.; SideDirection hard reject: 4.3 < 65.0; PremiumElasticity hard reject: 0.70 < 1.00; Expected/Required hard reject: 1.08 < 1.60; TradeQuality below configured minimum; ConvexityEdge below excellent gate: 75.8 < 80.0,DataHealth invalid; Contract invalid: Quote stale or spread hard rejected.; SideDirection hard reject: 4.3 < 65.0; PremiumElasticity hard reject: 0.70 < 1.00; Expected/Required hard reject: 1.08 < 1.60; TradeQuality below configured minimum; ConvexityEdge below excellent gate: 75.8 < 80.0,direction=OBSERVED;liquidity=OBSERVED,NSE,INDEX,NSE_INDEX,MIDCPNIFTY,PAPER_ELIGIBLE,INDEX:MIDCAP,,,paper-strategy-8ade763620b6,opportunity-score-8ade763620b6,universe-a8e55c76a270,PAPER_OVERRIDE::FYERS_PAPER_PROXY_RESEARCH
202608211407_3_MIDCPNIFTY_CE,2026-08-21T08:37:21.391123+00:00,202608211407,MIDCPNIFTY,CE,3,58.7109654849174,58.7109654849174,90.0,712afad509f5,"{""contract_quality_min"": 0.0, ""direction_min"": 0.0, ""excellent_score_min"": 58.7109654849174, ""execution_quality_min"": 100.0, ""expected_required_ratio_min"": 1.0833333333333335, ""final_confidence_min"": 86.02965484919818, ""iv_crush_max"": 24.0, ""market_hostility_max"": 19.715297097397666, ""min_5depth_lots_each_side"": 15.0, ""min_top_book_lots"": 1.0, ""premium_elasticity_min"": 0.5, ""regime_confidence_min"": 60.0, ""spread_pct_max"": 0.6324110671936849, ""trade_quality_min"": 50.55999999999031}",12.65,63.25,-4.255634338659414,50.55999999999031,0,0.5,80.71375,74.505,1.0833333333333335,24.0,19.715297097397666,60.0,INVALID,True,DataHealth invalid; Contract invalid: Quote stale or spread hard rejected.; SideDirection hard reject: -4.3 < 65.0; PremiumElasticity hard reject: 0.50 < 1.00; Expected/Required hard reject: 1.08 < 1.60; TradeQuality below configured minimum; ConvexityEdge below excellent gate: 77.3 < 80.0,DataHealth invalid; Contract invalid: Quote stale or spread hard rejected.; SideDirection hard reject: -4.3 < 65.0; PremiumElasticity hard reject: 0.50 < 1.00; Expected/Required hard reject: 1.08 < 1.60; TradeQuality below configured minimum; ConvexityEdge below excellent gate: 77.3 < 80.0,direction=OBSERVED;liquidity=OBSERVED,NSE,INDEX,NSE_INDEX,MIDCPNIFTY,PAPER_ELIGIBLE,INDEX:MIDCAP,,,paper-strategy-8ade763620b6,opportunity-score-8ade763620b6,universe-a8e55c76a270,PAPER_OVERRIDE::FYERS_PAPER_PROXY_RESEARCH
202608211407_4_MIDCPNIFTY_CE,2026-08-21T08:37:21.391573+00:00,202608211407,MIDCPNIFTY,CE,4,58.4109654849174,58.4109654849174,90.0,712afad509f5,"{""contract_quality_min"": 0.0, ""direction_min"": 0.0, ""excellent_score_min"": 58.4109654849174, ""execution_quality_min"": 100.0, ""expected_required_ratio_min"": 1.0833333333333335, ""final_confidence_min"": 86.02965484919818, ""iv_crush_max"": 24.0, ""market_hostility_max"": 19.715297097397666, ""min_5depth_lots_each_side"": 9.0, ""min_top_book_lots"": 2.0, ""premium_elasticity_min"": 0.7, ""regime_confidence_min"": 60.0, ""spread_pct_max"": 0.7131280388979078, ""trade_quality_min"": 50.55999999999031}",15.425,77.125,-4.255634338659414,50.55999999999031,0,0.7,80.71375,74.505,1.0833333333333335,24.0,19.715297097397666,60.0,INVALID,True,DataHealth invalid; Contract invalid: Quote stale or spread hard rejected.; SideDirection hard reject: -4.3 < 65.0; PremiumElasticity hard reject: 0.70 < 1.00; Expected/Required hard reject: 1.08 < 1.60; TradeQuality below configured minimum; ConvexityEdge below excellent gate: 75.8 < 80.0,DataHealth invalid; Contract invalid: Quote stale or spread hard rejected.; SideDirection hard reject: -4.3 < 65.0; PremiumElasticity hard reject: 0.70 < 1.00; Expected/Required hard reject: 1.08 < 1.60; TradeQuality below configured minimum; ConvexityEdge below excellent gate: 75.8 < 80.0,direction=OBSERVED;liquidity=OBSERVED,NSE,INDEX,NSE_INDEX,MIDCPNIFTY,PAPER_ELIGIBLE,INDEX:MIDCAP,,,paper-strategy-8ade763620b6,opportunity-score-8ade763620b6,universe-a8e55c76a270,PAPER_OVERRIDE::FYERS_PAPER_PROXY_RESEARCH
202608211407_5_MIDCPNIFTY_PE,2026-08-21T08:37:21.392108+00:00,202608211407,MIDCPNIFTY,PE,5,56.27697966587609,56.27697966587609,90.0,712afad509f5,"{""contract_quality_min"": 0.0, ""direction_min"": 4.255634338659414, ""excellent_score_min"": 56.27697966587609, ""execution_quality_min"": 100.0, ""expected_required_ratio_min"": 1.0833333333333335, ""final_confidence_min"": 87.306345150796, ""iv_crush_max"": 24.0, ""market_hostility_max"": 19.715297097397666, ""min_5depth_lots_each_side"": 13.0, ""min_top_book_lots"": 1.0, ""premium_elasticity_min"": 0.3, ""regime_confidence_min"": 60.0, ""spread_pct_max"": 0.7074279939363344, ""trade_quality_min"": 50.55999999999031}",9.895,49.474999999999994,4.255634338659414,50.55999999999031,0,0.3,80.71375,74.505,1.0833333333333335,24.0,19.715297097397666,60.0,INVALID,True,DataHealth invalid; Contract invalid: Quote stale or spread hard rejected.; SideDirection hard reject: 4.3 < 65.0; PremiumElasticity hard reject: 0.30 < 1.00; Expected/Required hard reject: 1.08 < 1.60; TradeQuality below configured minimum; ConvexityEdge below excellent gate: 61.3 < 80.0,DataHealth invalid; Contract invalid: Quote stale or spread hard rejected.; SideDirection hard reject: 4.3 < 65.0; PremiumElasticity hard reject: 0.30 < 1.00; Expected/Required hard reject: 1.08 < 1.60; TradeQuality below configured minimum; ConvexityEdge below excellent gate: 61.3 < 80.0,direction=OBSERVED;liquidity=OBSERVED,NSE,INDEX,NSE_INDEX,MIDCPNIFTY,PAPER_ELIGIBLE,INDEX:MIDCAP,,,paper-strategy-8ade763620b6,opportunity-score-8ade763620b6,universe-a8e55c76a270,PAPER_OVERRIDE::FYERS_PAPER_PROXY_RESEARCH
202608211408_1_NIFTY_CE,2026-08-21T08:38:26.405847+00:00,202608211408,NIFTY,CE,1,55.3935362647643,55.3935362647643,80.0,00929e22c867,"{""contract_quality_min"": 0.0, ""direction_min"": 0.0, ""excellent_score_min"": 55.3935362647643, ""execution_quality_min"": 100.0, ""expected_required_ratio_min"": 1.3333333333333333, ""final_confidence_min"": 80.13341142811036, ""iv_crush_max"": 24.0, ""market_hostility_max"": 19.275673645589215, ""min_5depth_lots_each_side"": 92.0, ""min_top_book_lots"": 8.0, ""premium_elasticity_min"": 0.7, ""regime_confidence_min"": 60.0, ""spread_pct_max"": 0.19227071716977504, ""trade_quality_min"": 30.048780487813048}",26.005000000000003,130.025,-2.5414847882235936,30.048780487813048,0,0.7,130.1,97.575,1.3333333333333333,24.0,19.275673645589215,60.0,INVALID,True,DataHealth invalid; Contract invalid: Quote stale or spread hard rejected.; SideDirection hard reject: -2.5 < 65.0; PremiumElasticity hard reject: 0.70 < 1.00; Expected/Required hard reject: 1.33 < 1.60; TradeQuality below configured minimum; ConvexityEdge below excellent gate: 76.8 < 80.0,DataHealth invalid; Contract invalid: Quote stale or spread hard rejected.; SideDirection hard reject: -2.5 < 65.0; PremiumElasticity hard reject: 0.70 < 1.00; Expected/Required hard reject: 1.33 < 1.60; TradeQuality below configured minimum; ConvexityEdge below excellent gate: 76.8 < 80.0,direction=OBSERVED;liquidity=OBSERVED,NSE,INDEX,NSE_INDEX,NIFTY,PAPER_ELIGIBLE,INDEX:BROAD_EQUITY,,,paper-strategy-8ade763620b6,opportunity-score-8ade763620b6,universe-a8e55c76a270,PAPER_OVERRIDE::FYERS_PAPER_PROXY_RESEARCH
202608211408_2_BANKNIFTY_PE,2026-08-21T08:38:26.407845+00:00,202608211408,BANKNIFTY,PE,2,51.352921450594636,51.352921450594636,80.0,2e840ccd58d1,"{""contract_quality_min"": 0.0, ""direction_min"": 2.1298608045772647, ""excellent_score_min"": 51.352921450594636, ""execution_quality_min"": 100.0, ""expected_required_ratio_min"": 1.4166666666666667, ""final_confidence_min"": 78.36881245401847, ""iv_crush_max"": 24.0, ""market_hostility_max"": 21.716866773081435, ""min_5depth_lots_each_side"": 17.0, ""min_top_book_lots"": 1.0, ""premium_elasticity_min"": 0.5, ""regime_confidence_min"": 60.0, ""spread_pct_max"": 0.23434448639499472, ""trade_quality_min"": 21.83111111110622}",38.405,192.025,2.1298608045772647,21.83111111110622,0,0.5,423.89500000000004,299.22,1.4166666666666667,24.0,21.716866773081435,60.0,INVALID,True,DataHealth invalid; Contract invalid: Quote stale or spread hard rejected.; SideDirection hard reject: 2.1 < 65.0; PremiumElasticity hard reject: 0.50 < 1.00; Expected/Required hard reject: 1.42 < 1.60; TradeQuality below configured minimum; ConvexityEdge below excellent gate: 78.3 < 80.0,DataHealth invalid; Contract invalid: Quote stale or spread hard rejected.; SideDirection hard reject: 2.1 < 65.0; PremiumElasticity hard reject: 0.50 < 1.00; Expected/Required hard reject: 1.42 < 1.60; TradeQuality below configured minimum; ConvexityEdge below excellent gate: 78.3 < 80.0,direction=OBSERVED;liquidity=OBSERVED,NSE,INDEX,NSE_INDEX,BANKNIFTY,PAPER_ELIGIBLE,INDEX:BANKING,,,paper-strategy-8ade763620b6,opportunity-score-8ade763620b6,universe-a8e55c76a270,PAPER_OVERRIDE::FYERS_PAPER_PROXY_RESEARCH
202608211408_3_BANKNIFTY_PE,2026-08-21T08:38:26.411020+00:00,202608211408,BANKNIFTY,PE,3,51.05292145059464,51.05292145059464,80.0,2e840ccd58d1,"{""contract_quality_min"": 0.0, ""direction_min"": 2.1298608045772647, ""excellent_score_min"": 51.05292145059464, ""execution_quality_min"": 100.0, ""expected_required_ratio_min"": 1.4166666666666667, ""final_confidence_min"": 78.36881245401847, ""iv_crush_max"": 24.0, ""market_hostility_max"": 21.716866773081435, ""min_5depth_lots_each_side"": 14.0, ""min_top_book_lots"": 1.0, ""premium_elasticity_min"": 0.7, ""regime_confidence_min"": 60.0, ""spread_pct_max"": 0.191062519902341, ""trade_quality_min"": 21.83111111110622}",47.105000000000004,235.525,2.1298608045772647,21.83111111110622,0,0.7,423.89500000000004,299.22,1.4166666666666667,24.0,21.716866773081435,60.0,INVALID,True,DataHealth invalid; Contract invalid: Quote stale or spread hard rejected.; SideDirection hard reject: 2.1 < 65.0; PremiumElasticity hard reject: 0.70 < 1.00; Expected/Required hard reject: 1.42 < 1.60; TradeQuality below configured minimum; ConvexityEdge below excellent gate: 76.8 < 80.0,DataHealth invalid; Contract invalid: Quote stale or spread hard rejected.; SideDirection hard reject: 2.1 < 65.0; PremiumElasticity hard reject: 0.70 < 1.00; Expected/Required hard reject: 1.42 < 1.60; TradeQuality below configured minimum; ConvexityEdge below excellent gate: 76.8 < 80.0,direction=OBSERVED;liquidity=OBSERVED,NSE,INDEX,NSE_INDEX,BANKNIFTY,PAPER_ELIGIBLE,INDEX:BANKING,,,paper-strategy-8ade763620b6,opportunity-score-8ade763620b6,universe-a8e55c76a270,PAPER_OVERRIDE::FYERS_PAPER_PROXY_RESEARCH
202608211408_4_BANKNIFTY_CE,2026-08-21T08:38:26.411680+00:00,202608211408,BANKNIFTY,CE,4,50.96954650577072,50.96954650577072,80.0,2e840ccd58d1,"{""contract_quality_min"": 0.0, ""direction_min"": 0.0, ""excellent_score_min"": 50.96954650577072, ""execution_quality_min"": 100.0, ""expected_required_ratio_min"": 1.4166666666666667, ""final_confidence_min"": 77.72985421264528, ""iv_crush_max"": 24.0, ""market_hostility_max"": 21.716866773081435, ""min_5depth_lots_each_side"": 15.0, ""min_top_book_lots"": 1.0, ""premium_elasticity_min"": 0.5, ""regime_confidence_min"": 60.0, ""spread_pct_max"": 0.2119507622075413, ""trade_quality_min"": 21.83111111110622}",61.33500000000001,306.675,-2.1298608045772647,21.83111111110622,0,0.5,423.89500000000004,299.22,1.4166666666666667,24.0,21.716866773081435,60.0,INVALID,True,DataHealth invalid; Contract invalid: Quote stale or spread hard rejected.; SideDirection hard reject: -2.1 < 65.0; PremiumElasticity hard reject: 0.50 < 1.00; Expected/Required hard reject: 1.42 < 1.60; TradeQuality below configured minimum; ConvexityEdge below excellent gate: 78.3 < 80.0,DataHealth invalid; Contract invalid: Quote stale or spread hard rejected.; SideDirection hard reject: -2.1 < 65.0; PremiumElasticity hard reject: 0.50 < 1.00; Expected/Required hard reject: 1.42 < 1.60; TradeQuality below configured minimum; ConvexityEdge below excellent gate: 78.3 < 80.0,direction=OBSERVED;liquidity=OBSERVED,NSE,INDEX,NSE_INDEX,BANKNIFTY,PAPER_ELIGIBLE,INDEX:BANKING,,,paper-strategy-8ade763620b6,opportunity-score-8ade763620b6,universe-a8e55c76a270,PAPER_OVERRIDE::FYERS_PAPER_PROXY_RESEARCH
202608211408_5_BANKNIFTY_CE,2026-08-21T08:38:26.412268+00:00,202608211408,BANKNIFTY,CE,5,50.669546505770725,50.669546505770725,80.0,2e840ccd58d1,"{""contract_quality_min"": 0.0, ""direction_min"": 0.0, ""excellent_score_min"": 50.669546505770725, ""execution_quality_min"": 100.0, ""expected_required_ratio_min"": 1.4166666666666667, ""final_confidence_min"": 77.72985421264528, ""iv_crush_max"": 24.0, ""market_hostility_max"": 21.716866773081435, ""min_top_book_lots"": 0.0, ""premium_elasticity_min"": 0.7, ""regime_confidence_min"": 60.0, ""spread_pct_max"": 0.13537295248409367, ""trade_quality_min"": 21.83111111110622}",73.87,369.35,-2.1298608045772647,21.83111111110622,0,0.7,423.89500000000004,299.22,1.4166666666666667,24.0,21.716866773081435,60.0,INVALID,True,DataHealth invalid; Contract invalid: Quote stale or spread hard rejected.; SideDirection hard reject: -2.1 < 65.0; PremiumElasticity hard reject: 0.70 < 1.00; Expected/Required hard reject: 1.42 < 1.60; TradeQuality below configured minimum; ConvexityEdge below excellent gate: 76.8 < 80.0,DataHealth invalid; Contract invalid: Quote stale or spread hard rejected.; SideDirection hard reject: -2.1 < 65.0; PremiumElasticity hard reject: 0.70 < 1.00; Expected/Required hard reject: 1.42 < 1.60; TradeQuality below configured minimum; ConvexityEdge below excellent gate: 76.8 < 80.0,direction=OBSERVED;liquidity=OBSERVED,NSE,INDEX,NSE_INDEX,BANKNIFTY,PAPER_ELIGIBLE,INDEX:BANKING,,,paper-strategy-8ade763620b6,opportunity-score-8ade763620b6,universe-a8e55c76a270,PAPER_OVERRIDE::FYERS_PAPER_PROXY_RESEARCH
202608211409_1_MIDCPNIFTY_PE,2026-08-21T08:39:43.592207+00:00,202608211409,MIDCPNIFTY,PE,1,50.08798609672102,50.08798609672102,90.0,712afad509f5,"{""contract_quality_min"": 0.0, ""direction_min"": 0.0, ""excellent_score_min"": 50.08798609672102, ""execution_quality_min"": 100.0, ""expected_required_ratio_min"": 1.0833333333333335, ""final_confidence_min"": 77.18025312407639, ""iv_crush_max"": 24.0, ""market_hostility_max"": 19.732909437080046, ""min_5depth_lots_each_side"": 10.0, ""min_top_book_lots"": 2.0, ""premium_elasticity_min"": 0.5, ""regime_confidence_min"": 60.0, ""spread_pct_max"": 0.6655574043261208, ""trade_quality_min"": 19.607843137253504}",12.02,60.099999999999994,-1.34733211399777,19.607843137253504,0,0.5,81.38,75.11999999999999,1.0833333333333335,24.0,19.732909437080046,60.0,INVALID,True,DataHealth invalid; Contract invalid: Quote stale or spread hard rejected.; SideDirection hard reject: -1.3 < 65.0; PremiumElasticity hard reject: 0.50 < 1.00; Expected/Required hard reject: 1.08 < 1.60; TradeQuality below configured minimum; ConvexityEdge below excellent gate: 77.3 < 80.0,DataHealth invalid; Contract invalid: Quote stale or spread hard rejected.; SideDirection hard reject: -1.3 < 65.0; PremiumElasticity hard reject: 0.50 < 1.00; Expected/Required hard reject: 1.08 < 1.60; TradeQuality below configured minimum; ConvexityEdge below excellent gate: 77.3 < 80.0,direction=OBSERVED;liquidity=OBSERVED,NSE,INDEX,NSE_INDEX,MIDCPNIFTY,PAPER_ELIGIBLE,INDEX:MIDCAP,,,paper-strategy-8ade763620b6,opportunity-score-8ade763620b6,universe-a8e55c76a270,PAPER_OVERRIDE::FYERS_PAPER_PROXY_RESEARCH
202608211409_2_MIDCPNIFTY_CE,2026-08-21T08:39:43.592821+00:00,202608211409,MIDCPNIFTY,CE,2,50.030505877240614,50.030505877240614,90.0,712afad509f5,"{""contract_quality_min"": 0.0, ""direction_min"": 1.34733211399777, ""excellent_score_min"": 50.030505877240614, ""execution_quality_min"": 100.0, ""expected_required_ratio_min"": 1.0833333333333335, ""final_confidence_min"": 77.58445275827572, ""iv_crush_max"": 24.0, ""market_hostility_max"": 19.732909437080046, ""min_5depth_lots_each_side"": 7.0, ""min_top_book_lots"": 1.0, ""premium_elasticity_min"": 0.7, ""regime_confidence_min"": 60.0, ""spread_pct_max"": 0.6942253076680305, ""trade_quality_min"": 19.607843137253504}",15.844999999999999,79.225,1.34733211399777,19.607843137253504,0,0.7,81.38,75.11999999999999,1.0833333333333335,24.0,19.732909437080046,60.0,INVALID,True,DataHealth invalid; Contract invalid: Quote stale or spread hard rejected.; SideDirection hard reject: 1.3 < 65.0; PremiumElasticity hard reject: 0.70 < 1.00; Expected/Required hard reject: 1.08 < 1.60; TradeQuality below configured minimum; ConvexityEdge below excellent gate: 75.8 < 80.0,DataHealth invalid; Contract invalid: Quote stale or spread hard rejected.; SideDirection hard reject: 1.3 < 65.0; PremiumElasticity hard reject: 0.70 < 1.00; Expected/Required hard reject: 1.08 < 1.60; TradeQuality below configured minimum; ConvexityEdge below excellent gate: 75.8 < 80.0,direction=OBSERVED;liquidity=OBSERVED,NSE,INDEX,NSE_INDEX,MIDCPNIFTY,PAPER_ELIGIBLE,INDEX:MIDCAP,,,paper-strategy-8ade763620b6,opportunity-score-8ade763620b6,universe-a8e55c76a270,PAPER_OVERRIDE::FYERS_PAPER_PROXY_RESEARCH
202608211409_3_MIDCPNIFTY_PE,2026-08-21T08:39:43.593360+00:00,202608211409,MIDCPNIFTY,PE,3,49.78798609672102,49.78798609672102,90.0,712afad509f5,"{""contract_quality_min"": 0.0, ""direction_min"": 0.0, ""excellent_score_min"": 49.78798609672102, ""execution_quality_min"": 100.0, ""expected_required_ratio_min"": 1.0833333333333335, ""final_confidence_min"": 77.18025312407639, ""iv_crush_max"": 24.0, ""market_hostility_max"": 19.732909437080046, ""min_top_book_lots"": 0.0, ""premium_elasticity_min"": 0.7, ""regime_confidence_min"": 60.0, ""spread_pct_max"": 0.4835924006908385, ""trade_quality_min"": 19.607843137253504}",14.475000000000001,72.375,-1.34733211399777,19.607843137253504,0,0.7,81.38,75.11999999999999,1.0833333333333335,24.0,19.732909437080046,60.0,INVALID,True,DataHealth invalid; Contract invalid: Quote stale or spread hard rejected.; SideDirection hard reject: -1.3 < 65.0; PremiumElasticity hard reject: 0.70 < 1.00; Expected/Required hard reject: 1.08 < 1.60; TradeQuality below configured minimum; ConvexityEdge below excellent gate: 75.8 < 80.0,DataHealth invalid; Contract invalid: Quote stale or spread hard rejected.; SideDirection hard reject: -1.3 < 65.0; PremiumElasticity hard reject: 0.70 < 1.00; Expected/Required hard reject: 1.08 < 1.60; TradeQuality below configured minimum; ConvexityEdge below excellent gate: 75.8 < 80.0,direction=OBSERVED;liquidity=OBSERVED,NSE,INDEX,NSE_INDEX,MIDCPNIFTY,PAPER_ELIGIBLE,INDEX:MIDCAP,,,paper-strategy-8ade763620b6,opportunity-score-8ade763620b6,universe-a8e55c76a270,PAPER_OVERRIDE::FYERS_PAPER_PROXY_RESEARCH
202608211409_4_BANKNIFTY_PE,2026-08-21T08:39:43.593863+00:00,202608211409,BANKNIFTY,PE,4,48.53383787108707,48.53383787108707,80.0,2e840ccd58d1,"{""contract_quality_min"": 0.0, ""direction_min"": 0.9920488670776518, ""excellent_score_min"": 48.53383787108707, ""execution_quality_min"": 100.0, ""expected_required_ratio_min"": 1.4166666666666665, ""final_confidence_min"": 75.23501422661, ""iv_crush_max"": 24.0, ""market_hostility_max"": 21.17990651503686, ""min_5depth_lots_each_side"": 9.0, ""min_top_book_lots"": 2.0, ""premium_elasticity_min"": 0.5, ""regime_confidence_min"": 60.0, ""spread_pct_max"": 0.18476969776956279, ""trade_quality_min"": 11.954022988494563}",37.885000000000005,189.425,0.9920488670776518,11.954022988494563,0,0.5,426.21125,300.855,1.4166666666666665,24.0,21.17990651503686,60.0,INVALID,True,DataHealth invalid; Contract invalid: Quote stale or spread hard rejected.; SideDirection hard reject: 1.0 < 65.0; PremiumElasticity hard reject: 0.50 < 1.00; Expected/Required hard reject: 1.42 < 1.60; TradeQuality below configured minimum; ConvexityEdge below excellent gate: 78.3 < 80.0,DataHealth invalid; Contract invalid: Quote stale or spread hard rejected.; SideDirection hard reject: 1.0 < 65.0; PremiumElasticity hard reject: 0.50 < 1.00; Expected/Required hard reject: 1.42 < 1.60; TradeQuality below configured minimum; ConvexityEdge below excellent gate: 78.3 < 80.0,direction=OBSERVED;liquidity=OBSERVED,NSE,INDEX,NSE_INDEX,BANKNIFTY,PAPER_ELIGIBLE,INDEX:BANKING,,,paper-strategy-8ade763620b6,opportunity-score-8ade763620b6,universe-a8e55c76a270,PAPER_OVERRIDE::FYERS_PAPER_PROXY_RESEARCH
202608211409_5_BANKNIFTY_CE,2026-08-21T08:39:43.594421+00:00,202608211409,BANKNIFTY,CE,5,48.355269075013105,48.355269075013105,80.0,2e840ccd58d1,"{""contract_quality_min"": 0.0, ""direction_min"": 0.0, ""excellent_score_min"": 48.355269075013105, ""execution_quality_min"": 100.0, ""expected_required_ratio_min"": 1.4166666666666665, ""final_confidence_min"": 74.93739956648672, ""iv_crush_max"": 24.0, ""market_hostility_max"": 21.17990651503686, ""min_5depth_lots_each_side"": 6.0, ""min_top_book_lots"": 1.0, ""premium_elasticity_min"": 0.5, ""regime_confidence_min"": 60.0, ""spread_pct_max"": 0.2243589743589889, ""trade_quality_min"": 11.954022988494563}",62.400000000000006,312.0,-0.9920488670776518,11.954022988494563,0,0.5,426.21125,300.855,1.4166666666666665,24.0,21.17990651503686,60.0,INVALID,True,DataHealth invalid; Contract invalid: Quote stale or spread hard rejected.; SideDirection hard reject: -1.0 < 65.0; PremiumElasticity hard reject: 0.50 < 1.00; Expected/Required hard reject: 1.42 < 1.60; TradeQuality below configured minimum; ConvexityEdge below excellent gate: 78.3 < 80.0,DataHealth invalid; Contract invalid: Quote stale or spread hard rejected.; SideDirection hard reject: -1.0 < 65.0; PremiumElasticity hard reject: 0.50 < 1.00; Expected/Required hard reject: 1.42 < 1.60; TradeQuality below configured minimum; ConvexityEdge below excellent gate: 78.3 < 80.0,direction=OBSERVED;liquidity=OBSERVED,NSE,INDEX,NSE_INDEX,BANKNIFTY,PAPER_ELIGIBLE,INDEX:BANKING,,,paper-strategy-8ade763620b6,opportunity-score-8ade763620b6,universe-a8e55c76a270,PAPER_OVERRIDE::FYERS_PAPER_PROXY_RESEARCH
202608211411_1_NIFTY_CE,2026-08-21T08:41:02.659168+00:00,202608211411,NIFTY,CE,1,55.3935362647643,55.3935362647643,80.0,00929e22c867,"{""contract_quality_min"": 0.0, ""direction_min"": 0.0, ""excellent_score_min"": 55.3935362647643, ""execution_quality_min"": 100.0, ""expected_required_ratio_min"": 1.3333333333333333, ""final_confidence_min"": 80.13341142811036, ""iv_crush_max"": 24.0, ""market_hostility_max"": 19.276361955238183, ""min_5depth_lots_each_side"": 100.0, ""min_top_book_lots"": 9.0, ""premium_elasticity_min"": 0.7, ""regime_confidence_min"": 60.0, ""spread_pct_max"": 0.2338269680436344, ""trade_quality_min"": 30.048780487813048}",25.660000000000004,128.3,-2.5414847882235936,30.048780487813048,0,0.7,130.1,97.575,1.3333333333333333,24.0,19.276361955238183,60.0,INVALID,True,DataHealth invalid; Contract invalid: Quote stale or spread hard rejected.; SideDirection hard reject: -2.5 < 65.0; PremiumElasticity hard reject: 0.70 < 1.00; Expected/Required hard reject: 1.33 < 1.60; TradeQuality below configured minimum; ConvexityEdge below excellent gate: 76.8 < 80.0,DataHealth invalid; Contract invalid: Quote stale or spread hard rejected.; SideDirection hard reject: -2.5 < 65.0; PremiumElasticity hard reject: 0.70 < 1.00; Expected/Required hard reject: 1.33 < 1.60; TradeQuality below configured minimum; ConvexityEdge below excellent gate: 76.8 < 80.0,direction=OBSERVED;liquidity=OBSERVED,NSE,INDEX,NSE_INDEX,NIFTY,PAPER_ELIGIBLE,INDEX:BROAD_EQUITY,,,paper-strategy-8ade763620b6,opportunity-score-8ade763620b6,universe-a8e55c76a270,PAPER_OVERRIDE::FYERS_PAPER_PROXY_RESEARCH
202608211411_2_BANKNIFTY_PE,2026-08-21T08:41:02.659678+00:00,202608211411,BANKNIFTY,PE,2,48.5333647129385,48.5333647129385,80.0,2e840ccd58d1,"{""contract_quality_min"": 0.0, ""direction_min"": 0.9920488670776518, ""excellent_score_min"": 48.5333647129385, ""execution_quality_min"": 100.0, ""expected_required_ratio_min"": 1.4166666666666667, ""final_confidence_min"": 75.23501422661, ""iv_crush_max"": 24.0, ""market_hostility_max"": 21.181799147631164, ""min_5depth_lots_each_side"": 12.0, ""min_top_book_lots"": 1.0, ""premium_elasticity_min"": 0.5, ""regime_confidence_min"": 60.0, ""spread_pct_max"": 0.2089318359885117, ""trade_quality_min"": 11.954022988494563}",38.29,191.45,0.9920488670776518,11.954022988494563,0,0.5,424.85125,299.895,1.4166666666666667,24.0,21.181799147631164,60.0,INVALID,True,DataHealth invalid; Contract invalid: Quote stale or spread hard rejected.; SideDirection hard reject: 1.0 < 65.0; PremiumElasticity hard reject: 0.50 < 1.00; Expected/Required hard reject: 1.42 < 1.60; TradeQuality below configured minimum; ConvexityEdge below excellent gate: 78.3 < 80.0,DataHealth invalid; Contract invalid: Quote stale or spread hard rejected.; SideDirection hard reject: 1.0 < 65.0; PremiumElasticity hard reject: 0.50 < 1.00; Expected/Required hard reject: 1.42 < 1.60; TradeQuality below configured minimum; ConvexityEdge below excellent gate: 78.3 < 80.0,direction=OBSERVED;liquidity=OBSERVED,NSE,INDEX,NSE_INDEX,BANKNIFTY,PAPER_ELIGIBLE,INDEX:BANKING,,,paper-strategy-8ade763620b6,opportunity-score-8ade763620b6,universe-a8e55c76a270,PAPER_OVERRIDE::FYERS_PAPER_PROXY_RESEARCH
202608211411_3_BANKNIFTY_PE,2026-08-21T08:41:02.660218+00:00,202608211411,BANKNIFTY,PE,3,48.2333647129385,48.2333647129385,80.0,2e840ccd58d1,"{""contract_quality_min"": 0.0, ""direction_min"": 0.9920488670776518, ""excellent_score_min"": 48.2333647129385, ""execution_quality_min"": 100.0, ""expected_required_ratio_min"": 1.4166666666666667, ""final_confidence_min"": 75.23501422661, ""iv_crush_max"": 24.0, ""market_hostility_max"": 21.181799147631164, ""min_5depth_lots_each_side"": 7.0, ""min_top_book_lots"": 1.0, ""premium_elasticity_min"": 0.7, ""regime_confidence_min"": 60.0, ""spread_pct_max"": 0.25569997869166605, ""trade_quality_min"": 11.954022988494563}",46.93,234.64999999999998,0.9920488670776518,11.954022988494563,0,0.7,424.85125,299.895,1.4166666666666667,24.0,21.181799147631164,60.0,INVALID,True,DataHealth invalid; Contract invalid: Quote stale or spread hard rejected.; SideDirection hard reject: 1.0 < 65.0; PremiumElasticity hard reject: 0.70 < 1.00; Expected/Required hard reject: 1.42 < 1.60; TradeQuality below configured minimum; ConvexityEdge below excellent gate: 76.8 < 80.0,DataHealth invalid; Contract invalid: Quote stale or spread hard rejected.; SideDirection hard reject: 1.0 < 65.0; PremiumElasticity hard reject: 0.70 < 1.00; Expected/Required hard reject: 1.42 < 1.60; TradeQuality below configured minimum; ConvexityEdge below excellent gate: 76.8 < 80.0,direction=OBSERVED;liquidity=OBSERVED,NSE,INDEX,NSE_INDEX,BANKNIFTY,PAPER_ELIGIBLE,INDEX:BANKING,,,paper-strategy-8ade763620b6,opportunity-score-8ade763620b6,universe-a8e55c76a270,PAPER_OVERRIDE::FYERS_PAPER_PROXY_RESEARCH
202608211411_4_MIDCPNIFTY_CE,2026-08-21T08:41:02.660694+00:00,202608211411,MIDCPNIFTY,CE,4,46.289137458316276,46.289137458316276,90.0,712afad509f5,"{""contract_quality_min"": 0.0, ""direction_min"": 0.43113611101715643, ""excellent_score_min"": 46.289137458316276, ""execution_quality_min"": 100.0, ""expected_required_ratio_min"": 1.0833333333333335, ""final_confidence_min"": 73.27895613093662, ""iv_crush_max"": 24.0, ""market_hostility_max"": 19.836400990182245, ""min_5depth_lots_each_side"": 10.0, ""min_top_book_lots"": 2.0, ""premium_elasticity_min"": 0.5, ""regime_confidence_min"": 60.0, ""spread_pct_max"": 0.76103500761035, ""trade_quality_min"": 5.714285714280146}",13.14,65.7,0.43113611101715643,5.714285714280146,0,0.5,81.59125,75.315,1.0833333333333335,24.0,19.836400990182245,60.0,INVALID,True,DataHealth invalid; Contract invalid: Quote stale or spread hard rejected.; SideDirection hard reject: 0.4 < 65.0; PremiumElasticity hard reject: 0.50 < 1.00; Expected/Required hard reject: 1.08 < 1.60; TradeQuality below configured minimum; ConvexityEdge below excellent gate: 77.3 < 80.0,DataHealth invalid; Contract invalid: Quote stale or spread hard rejected.; SideDirection hard reject: 0.4 < 65.0; PremiumElasticity hard reject: 0.50 < 1.00; Expected/Required hard reject: 1.08 < 1.60; TradeQuality below configured minimum; ConvexityEdge below excellent gate: 77.3 < 80.0,direction=OBSERVED;liquidity=OBSERVED,NSE,INDEX,NSE_INDEX,MIDCPNIFTY,PAPER_ELIGIBLE,INDEX:MIDCAP,,,paper-strategy-8ade763620b6,opportunity-score-8ade763620b6,universe-a8e55c76a270,PAPER_OVERRIDE::FYERS_PAPER_PROXY_RESEARCH
202608211411_5_MIDCPNIFTY_PE,2026-08-21T08:41:02.661200+00:00,202608211411,MIDCPNIFTY,PE,5,46.21153295833319,46.21153295833319,90.0,712afad509f5,"{""contract_quality_min"": 0.0, ""direction_min"": 0.0, ""excellent_score_min"": 46.21153295833319, ""execution_quality_min"": 100.0, ""expected_required_ratio_min"": 1.0833333333333335, ""final_confidence_min"": 73.14961529763147, ""iv_crush_max"": 24.0, ""market_hostility_max"": 19.836400990182245, ""min_5depth_lots_each_side"": 16.0, ""min_top_book_lots"": 2.0, ""premium_elasticity_min"": 0.5, ""regime_confidence_min"": 60.0, ""spread_pct_max"": 0.5850396991224428, ""trade_quality_min"": 5.714285714280146}",11.965000000000002,59.825,-0.43113611101715643,5.714285714280146,0,0.5,81.59125,75.315,1.0833333333333335,24.0,19.836400990182245,60.0,INVALID,True,DataHealth invalid; Contract invalid: Quote stale or spread hard rejected.; SideDirection hard reject: -0.4 < 65.0; PremiumElasticity hard reject: 0.50 < 1.00; Expected/Required hard reject: 1.08 < 1.60; TradeQuality below configured minimum; ConvexityEdge below excellent gate: 77.3 < 80.0,DataHealth invalid; Contract invalid: Quote stale or spread hard rejected.; SideDirection hard reject: -0.4 < 65.0; PremiumElasticity hard reject: 0.50 < 1.00; Expected/Required hard reject: 1.08 < 1.60; TradeQuality below configured minimum; ConvexityEdge below excellent gate: 77.3 < 80.0,direction=OBSERVED;liquidity=OBSERVED,NSE,INDEX,NSE_INDEX,MIDCPNIFTY,PAPER_ELIGIBLE,INDEX:MIDCAP,,,paper-strategy-8ade763620b6,opportunity-score-8ade763620b6,universe-a8e55c76a270,PAPER_OVERRIDE::FYERS_PAPER_PROXY_RESEARCH
202608211412_1_M&M_CE,2026-08-21T08:42:24.923365+00:00,202608211412,M&M,CE,1,27.078638649527186,27.078638649527186,87.0,0fdd6afea273,"{""contract_quality_min"": 0.0, ""direction_min"": 7.926331740296284, ""excellent_score_min"": 27.078638649527186, ""execution_quality_min"": 52.44107744107638, ""expected_required_ratio_min"": 1.1666666666666667, ""final_confidence_min"": 72.25027732237244, ""iv_crush_max"": 24.0, ""market_hostility_max"": 30.849430411094495, ""min_top_book_lots"": 0.0, ""premium_elasticity_min"": 0.7, ""regime_confidence_min"": 60.0, ""spread_pct_max"": 1.750841750841766, ""trade_quality_min"": 48.571428571430665}",7.425000000000001,37.125,7.926331740296284,48.571428571430665,0,0.7,37.6775,32.295,1.1666666666666667,24.0,30.849430411094495,60.0,INVALID,True,DataHealth invalid; Contract invalid: Quote stale or spread hard rejected.; SideDirection hard reject: 7.9 < 65.0; PremiumElasticity hard reject: 0.70 < 1.00; Expected/Required hard reject: 1.17 < 1.60; TradeQuality below configured minimum; ExecutionQuality below excellent gate: 52.4 < 80.0; ConvexityEdge below excellent gate: 76.8 < 80.0; RegimeFit below excellent gate: 60.0 < 70.0,DataHealth invalid; Contract invalid: Quote stale or spread hard rejected.; SideDirection hard reject: 7.9 < 65.0; PremiumElasticity hard reject: 0.70 < 1.00; Expected/Required hard reject: 1.17 < 1.60; TradeQuality below configured minimum; ExecutionQuality below excellent gate: 52.4 < 80.0; ConvexityEdge below excellent gate: 76.8 < 80.0; RegimeFit below excellent gate: 60.0 < 70.0,direction=UNVALIDATED;liquidity=UNVALIDATED,NSE,STOCK,NSE_STOCK_OPTION,M&M,PAPER_ELIGIBLE,STOCK:M&M,,,paper-strategy-8ade763620b6,opportunity-score-8ade763620b6,universe-a8e55c76a270,PAPER_OVERRIDE::FYERS_PAPER_PROXY_RESEARCH
202608211412_2_SUNPHARMA_PE,2026-08-21T08:42:24.924056+00:00,202608211412,SUNPHARMA,PE,2,25.606292129611354,25.606292129611354,87.0,cb1e16815115,"{""contract_quality_min"": 0.0, ""direction_min"": 0.0, ""excellent_score_min"": 25.606292129611354, ""execution_quality_min"": 70.18937554627594, ""expected_required_ratio_min"": 1.1666666666666667, ""final_confidence_min"": 68.91854093575179, ""iv_crush_max"": 24.0, ""market_hostility_max"": 26.061206516952915, ""min_5depth_lots_each_side"": 5.0, ""min_top_book_lots"": 1.0, ""premium_elasticity_min"": 0.7, ""regime_confidence_min"": 60.0, ""spread_pct_max"": 1.4955812372535615, ""trade_quality_min"": 33.33333333333207}",7.355,36.775,-4.229894781367314,33.33333333333207,0,0.7,21.1925,18.165,1.1666666666666667,24.0,26.061206516952915,60.0,INVALID,True,DataHealth invalid; Contract invalid: Quote stale or spread hard rejected.; SideDirection hard reject: -4.2 < 65.0; PremiumElasticity hard reject: 0.70 < 1.00; Expected/Required hard reject: 1.17 < 1.60; TradeQuality below configured minimum; ExecutionQuality below excellent gate: 70.2 < 80.0; ConvexityEdge below excellent gate: 76.8 < 80.0; OpportunityConfidence below excellent gate: 68.9 < 70.0; RegimeFit below excellent gate: 60.0 < 70.0,DataHealth invalid; Contract invalid: Quote stale or spread hard rejected.; SideDirection hard reject: -4.2 < 65.0; PremiumElasticity hard reject: 0.70 < 1.00; Expected/Required hard reject: 1.17 < 1.60; TradeQuality below configured minimum; ExecutionQuality below excellent gate: 70.2 < 80.0; ConvexityEdge below excellent gate: 76.8 < 80.0; OpportunityConfidence below excellent gate: 68.9 < 70.0; RegimeFit below excellent gate: 60.0 < 70.0,direction=UNVALIDATED;liquidity=UNVALIDATED,NSE,STOCK,NSE_STOCK_OPTION,SUNPHARMA,PAPER_ELIGIBLE,STOCK:SUNPHARMA,,,paper-strategy-8ade763620b6,opportunity-score-8ade763620b6,universe-a8e55c76a270,PAPER_OVERRIDE::FYERS_PAPER_PROXY_RESEARCH
202608211412_3_M&M_CE,2026-08-21T08:42:24.924662+00:00,202608211412,M&M,CE,3,25.577772848661567,25.577772848661567,87.0,0fdd6afea273,"{""contract_quality_min"": 0.0, ""direction_min"": 7.926331740296284, ""excellent_score_min"": 25.577772848661567, ""execution_quality_min"": 41.66666666666666, ""expected_required_ratio_min"": 1.1666666666666667, ""final_confidence_min"": 70.40323547533077, ""iv_crush_max"": 24.0, ""market_hostility_max"": 30.849430411094495, ""min_5depth_lots_each_side"": 10.0, ""min_top_book_lots"": 2.0, ""premium_elasticity_min"": 0.5, ""regime_confidence_min"": 60.0, ""spread_pct_max"": 1.9047619047619049, ""trade_quality_min"": 48.571428571430665}",2.625,13.125,7.926331740296284,48.571428571430665,0,0.5,37.6775,32.295,1.1666666666666667,24.0,30.849430411094495,60.0,INVALID,True,DataHealth invalid; Contract invalid: Quote stale or spread hard rejected.; SideDirection hard reject: 7.9 < 65.0; PremiumElasticity hard reject: 0.50 < 1.00; Expected/Required hard reject: 1.17 < 1.60; TradeQuality below configured minimum; ExecutionQuality below excellent gate: 41.7 < 80.0; ConvexityEdge below excellent gate: 78.3 < 80.0; RegimeFit below excellent gate: 60.0 < 70.0,DataHealth invalid; Contract invalid: Quote stale or spread hard rejected.; SideDirection hard reject: 7.9 < 65.0; PremiumElasticity hard reject: 0.50 < 1.00; Expected/Required hard reject: 1.17 < 1.60; TradeQuality below configured minimum; ExecutionQuality below excellent gate: 41.7 < 80.0; ConvexityEdge below excellent gate: 78.3 < 80.0; RegimeFit below excellent gate: 60.0 < 70.0,direction=UNVALIDATED;liquidity=UNVALIDATED,NSE,STOCK,NSE_STOCK_OPTION,M&M,PAPER_ELIGIBLE,STOCK:M&M,,,paper-strategy-8ade763620b6,opportunity-score-8ade763620b6,universe-a8e55c76a270,PAPER_OVERRIDE::FYERS_PAPER_PROXY_RESEARCH
202608211412_4_M&M_PE,2026-08-21T08:42:24.925316+00:00,202608211412,M&M,PE,4,20.95103313540818,20.95103313540818,87.0,0fdd6afea273,"{""contract_quality_min"": 0.0, ""direction_min"": 0.0, ""excellent_score_min"": 20.95103313540818, ""execution_quality_min"": 41.66666666666633, ""expected_required_ratio_min"": 1.1666666666666667, ""final_confidence_min"": 68.02533595324185, ""iv_crush_max"": 24.0, ""market_hostility_max"": 30.849430411094495, ""min_5depth_lots_each_side"": 6.0, ""min_top_book_lots"": 1.0, ""premium_elasticity_min"": 0.3, ""regime_confidence_min"": 60.0, ""spread_pct_max"": 1.9047619047619095, ""trade_quality_min"": 48.571428571430665}",3.1500000000000004,15.75,-7.926331740296284,48.571428571430665,0,0.3,37.6775,32.295,1.1666666666666667,24.0,30.849430411094495,60.0,INVALID,True,DataHealth invalid; Contract invalid: Quote stale or spread hard rejected.; SideDirection hard reject: -7.9 < 65.0; PremiumElasticity hard reject: 0.30 < 1.00; Expected/Required hard reject: 1.17 < 1.60; TradeQuality below configured minimum; ExecutionQuality below excellent gate: 41.7 < 80.0; ConvexityEdge below excellent gate: 62.3 < 80.0; OpportunityConfidence below excellent gate: 68.0 < 70.0; RegimeFit below excellent gate: 60.0 < 70.0,DataHealth invalid; Contract invalid: Quote stale or spread hard rejected.; SideDirection hard reject: -7.9 < 65.0; PremiumElasticity hard reject: 0.30 < 1.00; Expected/Required hard reject: 1.17 < 1.60; TradeQuality below configured minimum; ExecutionQuality below excellent gate: 41.7 < 80.0; ConvexityEdge below excellent gate: 62.3 < 80.0; OpportunityConfidence below excellent gate: 68.0 < 70.0; RegimeFit below excellent gate: 60.0 < 70.0,direction=UNVALIDATED;liquidity=UNVALIDATED,NSE,STOCK,NSE_STOCK_OPTION,M&M,PAPER_ELIGIBLE,STOCK:M&M,,,paper-strategy-8ade763620b6,opportunity-score-8ade763620b6,universe-a8e55c76a270,PAPER_OVERRIDE::FYERS_PAPER_PROXY_RESEARCH
202608211412_5_SUNPHARMA_PE,2026-08-21T08:42:24.925973+00:00,202608211412,SUNPHARMA,PE,5,15.953730823357851,15.953730823357851,87.0,cb1e16815115,"{""contract_quality_min"": 0.0, ""direction_min"": 0.0, ""excellent_score_min"": 15.953730823357851, ""execution_quality_min"": 11.065573770491808, ""expected_required_ratio_min"": 1.1666666666666667, ""final_confidence_min"": 58.07863053689289, ""iv_crush_max"": 24.0, ""market_hostility_max"": 26.061206516952915, ""min_5depth_lots_each_side"": 16.0, ""min_top_book_lots"": 1.0, ""premium_elasticity_min"": 0.5, ""regime_confidence_min"": 60.0, ""spread_pct_max"": 2.34192037470726, ""trade_quality_min"": 33.33333333333207}",4.2700000000000005,21.35,-4.229894781367314,33.33333333333207,0,0.5,21.1925,18.165,1.1666666666666667,24.0,26.061206516952915,60.0,INVALID,True,DataHealth invalid; Contract invalid: Quote stale or spread hard rejected.; SideDirection hard reject: -4.2 < 65.0; PremiumElasticity hard reject: 0.50 < 1.00; Expected/Required hard reject: 1.17 < 1.60; TradeQuality below configured minimum; FinalConfidence below configured minimum; ExecutionQuality below excellent gate: 11.1 < 80.0; ConvexityEdge below excellent gate: 78.3 < 80.0; OpportunityConfidence below excellent gate: 58.1 < 70.0; RegimeFit below excellent gate: 60.0 < 70.0,DataHealth invalid; Contract invalid: Quote stale or spread hard rejected.; SideDirection hard reject: -4.2 < 65.0; PremiumElasticity hard reject: 0.50 < 1.00; Expected/Required hard reject: 1.17 < 1.60; TradeQuality below configured minimum; FinalConfidence below configured minimum; ExecutionQuality below excellent gate: 11.1 < 80.0; ConvexityEdge below excellent gate: 78.3 < 80.0; OpportunityConfidence below excellent gate: 58.1 < 70.0; RegimeFit below excellent gate: 60.0 < 70.0,direction=UNVALIDATED;liquidity=UNVALIDATED,NSE,STOCK,NSE_STOCK_OPTION,SUNPHARMA,PAPER_ELIGIBLE,STOCK:SUNPHARMA,,,paper-strategy-8ade763620b6,opportunity-score-8ade763620b6,universe-a8e55c76a270,PAPER_OVERRIDE::FYERS_PAPER_PROXY_RESEARCH
202608211413_1_TRENT_CE,2026-08-21T08:43:33.239450+00:00,202608211413,TRENT,CE,1,34.35592811613992,34.35592811613992,87.0,17b38ea319dd,"{""contract_quality_min"": 0.0, ""direction_min"": 0.0, ""excellent_score_min"": 34.35592811613992, ""execution_quality_min"": 98.81773399014813, ""expected_required_ratio_min"": 1.1666666666666667, ""final_confidence_min"": 77.79010266940533, ""iv_crush_max"": 24.0, ""market_hostility_max"": 24.454968997294227, ""min_5depth_lots_each_side"": 6.0, ""min_top_book_lots"": 2.0, ""premium_elasticity_min"": 0.5, ""regime_confidence_min"": 60.0, ""spread_pct_max"": 0.8275862068965439, ""trade_quality_min"": 44.80000000000291}",7.25,36.25,-7.6659822039703815,44.80000000000291,0,0.5,38.22,32.76,1.1666666666666667,24.0,24.454968997294227,60.0,INVALID,True,DataHealth invalid; Contract invalid: Quote stale or spread hard rejected.; SideDirection hard reject: -7.7 < 65.0; PremiumElasticity hard reject: 0.50 < 1.00; Expected/Required hard reject: 1.17 < 1.60; TradeQuality below configured minimum; ConvexityEdge below excellent gate: 78.3 < 80.0; RegimeFit below excellent gate: 60.0 < 70.0,DataHealth invalid; Contract invalid: Quote stale or spread hard rejected.; SideDirection hard reject: -7.7 < 65.0; PremiumElasticity hard reject: 0.50 < 1.00; Expected/Required hard reject: 1.17 < 1.60; TradeQuality below configured minimum; ConvexityEdge below excellent gate: 78.3 < 80.0; RegimeFit below excellent gate: 60.0 < 70.0,direction=UNVALIDATED;liquidity=UNVALIDATED,NSE,STOCK,NSE_STOCK_OPTION,TRENT,PAPER_ELIGIBLE,STOCK:TRENT,,,paper-strategy-8ade763620b6,opportunity-score-8ade763620b6,universe-a8e55c76a270,PAPER_OVERRIDE::FYERS_PAPER_PROXY_RESEARCH
202608211413_2_TRENT_PE,2026-08-21T08:43:33.240105+00:00,202608211413,TRENT,PE,2,29.235079419236953,29.235079419236953,87.0,17b38ea319dd,"{""contract_quality_min"": 0.0, ""direction_min"": 7.6659822039703815, ""excellent_score_min"": 29.235079419236953, ""execution_quality_min"": 60.55858310626677, ""expected_required_ratio_min"": 1.1666666666666667, ""final_confidence_min"": 72.47136872024215, ""iv_crush_max"": 24.0, ""market_hostility_max"": 24.454968997294227, ""min_5depth_lots_each_side"": 9.0, ""min_top_book_lots"": 2.0, ""premium_elasticity_min"": 0.5, ""regime_confidence_min"": 60.0, ""spread_pct_max"": 1.634877384196189, ""trade_quality_min"": 44.80000000000291}",3.6700000000000004,18.35,7.6659822039703815,44.80000000000291,0,0.5,38.22,32.76,1.1666666666666667,24.0,24.454968997294227,60.0,INVALID,True,DataHealth invalid; Contract invalid: Quote stale or spread hard rejected.; SideDirection hard reject: 7.7 < 65.0; PremiumElasticity hard reject: 0.50 < 1.00; Expected/Required hard reject: 1.17 < 1.60; TradeQuality below configured minimum; ExecutionQuality below excellent gate: 60.6 < 80.0; ConvexityEdge below excellent gate: 78.3 < 80.0; RegimeFit below excellent gate: 60.0 < 70.0,DataHealth invalid; Contract invalid: Quote stale or spread hard rejected.; SideDirection hard reject: 7.7 < 65.0; PremiumElasticity hard reject: 0.50 < 1.00; Expected/Required hard reject: 1.17 < 1.60; TradeQuality below configured minimum; ExecutionQuality below excellent gate: 60.6 < 80.0; ConvexityEdge below excellent gate: 78.3 < 80.0; RegimeFit below excellent gate: 60.0 < 70.0,direction=UNVALIDATED;liquidity=UNVALIDATED,NSE,STOCK,NSE_STOCK_OPTION,TRENT,PAPER_ELIGIBLE,STOCK:TRENT,,,paper-strategy-8ade763620b6,opportunity-score-8ade763620b6,universe-a8e55c76a270,PAPER_OVERRIDE::FYERS_PAPER_PROXY_RESEARCH
202608211413_3_INFY_PE,2026-08-21T08:43:33.240559+00:00,202608211413,INFY,PE,3,27.41085384421249,27.41085384421249,87.0,d4a51d9dda1e,"{""contract_quality_min"": 0.0, ""direction_min"": 14.904187366927866, ""excellent_score_min"": 27.41085384421249, ""execution_quality_min"": 61.54781199351702, ""expected_required_ratio_min"": 1.1666666666666665, ""final_confidence_min"": 72.00761182220238, ""iv_crush_max"": 24.0, ""market_hostility_max"": 29.572596410165488, ""min_5depth_lots_each_side"": 7.0, ""min_top_book_lots"": 1.0, ""premium_elasticity_min"": 0.7, ""regime_confidence_min"": 60.0, ""spread_pct_max"": 1.6207455429497568, ""trade_quality_min"": 39.069767441867555}",3.0850000000000004,15.425,14.904187366927866,39.069767441867555,0,0.7,14.6825,12.585,1.1666666666666665,24.0,29.572596410165488,60.0,INVALID,True,DataHealth invalid; Contract invalid: Quote stale or spread hard rejected.; SideDirection hard reject: 14.9 < 65.0; PremiumElasticity hard reject: 0.70 < 1.00; Expected/Required hard reject: 1.17 < 1.60; TradeQuality below configured minimum; ExecutionQuality below excellent gate: 61.5 < 80.0; ConvexityEdge below excellent gate: 76.8 < 80.0; RegimeFit below excellent gate: 60.0 < 70.0,DataHealth invalid; Contract invalid: Quote stale or spread hard rejected.; SideDirection hard reject: 14.9 < 65.0; PremiumElasticity hard reject: 0.70 < 1.00; Expected/Required hard reject: 1.17 < 1.60; TradeQuality below configured minimum; ExecutionQuality below excellent gate: 61.5 < 80.0; ConvexityEdge below excellent gate: 76.8 < 80.0; RegimeFit below excellent gate: 60.0 < 70.0,direction=UNVALIDATED;liquidity=UNVALIDATED,NSE,STOCK,NSE_STOCK_OPTION,INFY,PAPER_ELIGIBLE,STOCK:INFY,,,paper-strategy-8ade763620b6,opportunity-score-8ade763620b6,universe-a8e55c76a270,PAPER_OVERRIDE::FYERS_PAPER_PROXY_RESEARCH
202608211413_4_TATASTEEL_CE,2026-08-21T08:43:33.241114+00:00,202608211413,TATASTEEL,CE,4,23.480475445098527,23.480475445098527,87.0,5277066ebc2f,"{""contract_quality_min"": 0.0, ""direction_min"": 0.0, ""excellent_score_min"": 23.480475445098527, ""execution_quality_min"": 67.14175654853659, ""expected_required_ratio_min"": 1.1666666666666665, ""final_confidence_min"": 66.08971959895317, ""iv_crush_max"": 24.0, ""market_hostility_max"": 24.937706654975763, ""min_5depth_lots_each_side"": 7.0, ""min_top_book_lots"": 1.0, ""premium_elasticity_min"": 0.7, ""regime_confidence_min"": 60.0, ""spread_pct_max"": 1.54083204930662, ""trade_quality_min"": 26.666666666666664}",0.649,3.245,-6.135305395782625,26.666666666666664,0,0.7,1.8689999999999998,1.6019999999999999,1.1666666666666665,24.0,24.937706654975763,60.0,INVALID,True,DataHealth invalid; Contract invalid: Quote stale or spread hard rejected.; SideDirection hard reject: -6.1 < 65.0; PremiumElasticity hard reject: 0.70 < 1.00; Expected/Required hard reject: 1.17 < 1.60; TradeQuality below configured minimum; ExecutionQuality below excellent gate: 67.1 < 80.0; ConvexityEdge below excellent gate: 76.8 < 80.0; OpportunityConfidence below excellent gate: 66.1 < 70.0; RegimeFit below excellent gate: 60.0 < 70.0,DataHealth invalid; Contract invalid: Quote stale or spread hard rejected.; SideDirection hard reject: -6.1 < 65.0; PremiumElasticity hard reject: 0.70 < 1.00; Expected/Required hard reject: 1.17 < 1.60; TradeQuality below configured minimum; ExecutionQuality below excellent gate: 67.1 < 80.0; ConvexityEdge below excellent gate: 76.8 < 80.0; OpportunityConfidence below excellent gate: 66.1 < 70.0; RegimeFit below excellent gate: 60.0 < 70.0,direction=UNVALIDATED;liquidity=UNVALIDATED,NSE,STOCK,NSE_STOCK_OPTION,TATASTEEL,PAPER_ELIGIBLE,STOCK:TATASTEEL,,,paper-strategy-8ade763620b6,opportunity-score-8ade763620b6,universe-a8e55c76a270,PAPER_OVERRIDE::FYERS_PAPER_PROXY_RESEARCH
202608211413_5_TATACONSUM_PE,2026-08-21T08:43:33.241548+00:00,202608211413,TATACONSUM,PE,5,8.244775606205494,8.244775606205494,87.0,9add61d653ca,"{""contract_quality_min"": 0.0, ""direction_min"": 2.2935779816527666, ""excellent_score_min"": 8.244775606205494, ""execution_quality_min"": 0.0, ""expected_required_ratio_min"": 1.1666666666666667, ""final_confidence_min"": 43.222187957754166, ""iv_crush_max"": 24.0, ""market_hostility_max"": 26.475566606101175, ""min_5depth_lots_each_side"": 8.0, ""min_top_book_lots"": 2.0, ""premium_elasticity_min"": 0.5, ""regime_confidence_min"": 60.0, ""spread_pct_max"": 3.061224489795907, ""trade_quality_min"": 14.117647058829824}",1.9600000000000002,9.8,2.2935779816527666,14.117647058829824,0,0.5,11.620000000000001,9.96,1.1666666666666667,24.0,26.475566606101175,60.0,INVALID,True,DataHealth invalid; Contract invalid: Quote stale or spread hard rejected.; SideDirection hard reject: 2.3 < 65.0; PremiumElasticity hard reject: 0.50 < 1.00; Expected/Required hard reject: 1.17 < 1.60; TradeQuality below configured minimum; FinalConfidence below configured minimum; ExecutionQuality below excellent gate: 0.0 < 80.0; ConvexityEdge below excellent gate: 78.3 < 80.0; OpportunityConfidence below excellent gate: 43.2 < 70.0; RegimeFit below excellent gate: 60.0 < 70.0,DataHealth invalid; Contract invalid: Quote stale or spread hard rejected.; SideDirection hard reject: 2.3 < 65.0; PremiumElasticity hard reject: 0.50 < 1.00; Expected/Required hard reject: 1.17 < 1.60; TradeQuality below configured minimum; FinalConfidence below configured minimum; ExecutionQuality below excellent gate: 0.0 < 80.0; ConvexityEdge below excellent gate: 78.3 < 80.0; OpportunityConfidence below excellent gate: 43.2 < 70.0; RegimeFit below excellent gate: 60.0 < 70.0,direction=UNVALIDATED;liquidity=UNVALIDATED,NSE,STOCK,NSE_STOCK_OPTION,TATACONSUM,PAPER_ELIGIBLE,STOCK:TATACONSUM,,,paper-strategy-8ade763620b6,opportunity-score-8ade763620b6,universe-a8e55c76a270,PAPER_OVERRIDE::FYERS_PAPER_PROXY_RESEARCH
202608211414_1_BANKNIFTY_CE,2026-08-21T08:44:53.868399+00:00,202608211414,BANKNIFTY,CE,1,53.565595083451576,53.565595083451576,80.0,2e840ccd58d1,"{""contract_quality_min"": 0.0, ""direction_min"": 3.65020489030342, ""excellent_score_min"": 53.565595083451576, ""execution_quality_min"": 100.0, ""expected_required_ratio_min"": 1.4166666666666665, ""final_confidence_min"": 81.14263159809869, ""iv_crush_max"": 24.0, ""market_hostility_max"": 22.173798121459164, ""min_5depth_lots_each_side"": 10.0, ""min_top_book_lots"": 1.0, ""premium_elasticity_min"": 0.7, ""regime_confidence_min"": 60.0, ""spread_pct_max"": 0.23579344494223062, ""trade_quality_min"": 30.317002881843923}",63.615,318.075,3.65020489030342,30.317002881843923,0,0.7,413.86499999999995,292.14,1.4166666666666665,24.0,22.173798121459164,60.0,INVALID,True,DataHealth invalid; Contract invalid: Quote stale or spread hard rejected.; SideDirection hard reject: 3.7 < 65.0; PremiumElasticity hard reject: 0.70 < 1.00; Expected/Required hard reject: 1.42 < 1.60; TradeQuality below configured minimum; ConvexityEdge below excellent gate: 76.8 < 80.0,DataHealth invalid; Contract invalid: Quote stale or spread hard rejected.; SideDirection hard reject: 3.7 < 65.0; PremiumElasticity hard reject: 0.70 < 1.00; Expected/Required hard reject: 1.42 < 1.60; TradeQuality below configured minimum; ConvexityEdge below excellent gate: 76.8 < 80.0,direction=OBSERVED;liquidity=OBSERVED,NSE,INDEX,NSE_INDEX,BANKNIFTY,PAPER_ELIGIBLE,INDEX:BANKING,,,paper-strategy-8ade763620b6,opportunity-score-8ade763620b6,universe-a8e55c76a270,PAPER_OVERRIDE::FYERS_PAPER_PROXY_RESEARCH
202608211414_2_BANKNIFTY_PE,2026-08-21T08:44:53.869056+00:00,202608211414,BANKNIFTY,PE,2,53.20855820319696,53.20855820319696,80.0,2e840ccd58d1,"{""contract_quality_min"": 0.0, ""direction_min"": 0.0, ""excellent_score_min"": 53.20855820319696, ""execution_quality_min"": 100.0, ""expected_required_ratio_min"": 1.4166666666666665, ""final_confidence_min"": 80.04757013100766, ""iv_crush_max"": 24.0, ""market_hostility_max"": 22.173798121459164, ""min_5depth_lots_each_side"": 16.0, ""min_top_book_lots"": 1.0, ""premium_elasticity_min"": 0.5, ""regime_confidence_min"": 60.0, ""spread_pct_max"": 0.22148394241417496, ""trade_quality_min"": 30.317002881843923}",45.150000000000006,225.75,-3.65020489030342,30.317002881843923,0,0.5,413.86499999999995,292.14,1.4166666666666665,24.0,22.173798121459164,60.0,INVALID,True,DataHealth invalid; Contract invalid: Quote stale or spread hard rejected.; SideDirection hard reject: -3.7 < 65.0; PremiumElasticity hard reject: 0.50 < 1.00; Expected/Required hard reject: 1.42 < 1.60; TradeQuality below configured minimum; ConvexityEdge below excellent gate: 78.3 < 80.0,DataHealth invalid; Contract invalid: Quote stale or spread hard rejected.; SideDirection hard reject: -3.7 < 65.0; PremiumElasticity hard reject: 0.50 < 1.00; Expected/Required hard reject: 1.42 < 1.60; TradeQuality below configured minimum; ConvexityEdge below excellent gate: 78.3 < 80.0,direction=OBSERVED;liquidity=OBSERVED,NSE,INDEX,NSE_INDEX,BANKNIFTY,PAPER_ELIGIBLE,INDEX:BANKING,,,paper-strategy-8ade763620b6,opportunity-score-8ade763620b6,universe-a8e55c76a270,PAPER_OVERRIDE::FYERS_PAPER_PROXY_RESEARCH
202608211414_3_BANKNIFTY_PE,2026-08-21T08:44:53.869559+00:00,202608211414,BANKNIFTY,PE,3,52.90855820319696,52.90855820319696,80.0,2e840ccd58d1,"{""contract_quality_min"": 0.0, ""direction_min"": 0.0, ""excellent_score_min"": 52.90855820319696, ""execution_quality_min"": 100.0, ""expected_required_ratio_min"": 1.4166666666666665, ""final_confidence_min"": 80.04757013100766, ""iv_crush_max"": 24.0, ""market_hostility_max"": 22.173798121459164, ""min_5depth_lots_each_side"": 22.0, ""min_top_book_lots"": 2.0, ""premium_elasticity_min"": 0.7, ""regime_confidence_min"": 60.0, ""spread_pct_max"": 0.2546843732945201, ""trade_quality_min"": 30.317002881843923}",54.970000000000006,274.85,-3.65020489030342,30.317002881843923,0,0.7,413.86499999999995,292.14,1.4166666666666665,24.0,22.173798121459164,60.0,INVALID,True,DataHealth invalid; Contract invalid: Quote stale or spread hard rejected.; SideDirection hard reject: -3.7 < 65.0; PremiumElasticity hard reject: 0.70 < 1.00; Expected/Required hard reject: 1.42 < 1.60; TradeQuality below configured minimum; ConvexityEdge below excellent gate: 76.8 < 80.0,DataHealth invalid; Contract invalid: Quote stale or spread hard rejected.; SideDirection hard reject: -3.7 < 65.0; PremiumElasticity hard reject: 0.70 < 1.00; Expected/Required hard reject: 1.42 < 1.60; TradeQuality below configured minimum; ConvexityEdge below excellent gate: 76.8 < 80.0,direction=OBSERVED;liquidity=OBSERVED,NSE,INDEX,NSE_INDEX,BANKNIFTY,PAPER_ELIGIBLE,INDEX:BANKING,,,paper-strategy-8ade763620b6,opportunity-score-8ade763620b6,universe-a8e55c76a270,PAPER_OVERRIDE::FYERS_PAPER_PROXY_RESEARCH
202608211414_4_BANKNIFTY_CE,2026-08-21T08:44:53.870188+00:00,202608211414,BANKNIFTY,CE,4,50.66559508345157,50.66559508345157,80.0,2e840ccd58d1,"{""contract_quality_min"": 0.0, ""direction_min"": 3.65020489030342, ""excellent_score_min"": 50.66559508345157, ""execution_quality_min"": 100.0, ""expected_required_ratio_min"": 1.4166666666666665, ""final_confidence_min"": 81.14263159809869, ""iv_crush_max"": 24.0, ""market_hostility_max"": 22.173798121459164, ""min_5depth_lots_each_side"": 28.0, ""min_top_book_lots"": 1.0, ""premium_elasticity_min"": 0.3, ""regime_confidence_min"": 60.0, ""spread_pct_max"": 0.19061234214915684, ""trade_quality_min"": 30.317002881843923}",41.970000000000006,209.85000000000002,3.65020489030342,30.317002881843923,0,0.3,413.86499999999995,292.14,1.4166666666666665,24.0,22.173798121459164,60.0,INVALID,True,DataHealth invalid; Contract invalid: Quote stale or spread hard rejected.; SideDirection hard reject: 3.7 < 65.0; PremiumElasticity hard reject: 0.30 < 1.00; Expected/Required hard reject: 1.42 < 1.60; TradeQuality below configured minimum; ConvexityEdge below excellent gate: 62.3 < 80.0,DataHealth invalid; Contract invalid: Quote stale or spread hard rejected.; SideDirection hard reject: 3.7 < 65.0; PremiumElasticity hard reject: 0.30 < 1.00; Expected/Required hard reject: 1.42 < 1.60; TradeQuality below configured minimum; ConvexityEdge below excellent gate: 62.3 < 80.0,direction=OBSERVED;liquidity=OBSERVED,NSE,INDEX,NSE_INDEX,BANKNIFTY,PAPER_ELIGIBLE,INDEX:BANKING,,,paper-strategy-8ade763620b6,opportunity-score-8ade763620b6,universe-a8e55c76a270,PAPER_OVERRIDE::FYERS_PAPER_PROXY_RESEARCH
202608211414_5_BANKNIFTY_PE,2026-08-21T08:44:53.870800+00:00,202608211414,BANKNIFTY,PE,5,50.008558203196955,50.008558203196955,80.0,2e840ccd58d1,"{""contract_quality_min"": 0.0, ""direction_min"": 0.0, ""excellent_score_min"": 50.008558203196955, ""execution_quality_min"": 100.0, ""expected_required_ratio_min"": 1.4166666666666665, ""final_confidence_min"": 80.04757013100766, ""iv_crush_max"": 24.0, ""market_hostility_max"": 22.173798121459164, ""min_5depth_lots_each_side"": 9.0, ""min_top_book_lots"": 1.0, ""premium_elasticity_min"": 0.3, ""regime_confidence_min"": 60.0, ""spread_pct_max"": 0.2450646698434247, ""trade_quality_min"": 30.317002881843923}",36.725,183.625,-3.65020489030342,30.317002881843923,0,0.3,413.86499999999995,292.14,1.4166666666666665,24.0,22.173798121459164,60.0,INVALID,True,DataHealth invalid; Contract invalid: Quote stale or spread hard rejected.; SideDirection hard reject: -3.7 < 65.0; PremiumElasticity hard reject: 0.30 < 1.00; Expected/Required hard reject: 1.42 < 1.60; TradeQuality below configured minimum; ConvexityEdge below excellent gate: 62.3 < 80.0,DataHealth invalid; Contract invalid: Quote stale or spread hard rejected.; SideDirection hard reject: -3.7 < 65.0; PremiumElasticity hard reject: 0.30 < 1.00; Expected/Required hard reject: 1.42 < 1.60; TradeQuality below configured minimum; ConvexityEdge below excellent gate: 62.3 < 80.0,direction=OBSERVED;liquidity=OBSERVED,NSE,INDEX,NSE_INDEX,BANKNIFTY,PAPER_ELIGIBLE,INDEX:BANKING,,,paper-strategy-8ade763620b6,opportunity-score-8ade763620b6,universe-a8e55c76a270,PAPER_OVERRIDE::FYERS_PAPER_PROXY_RESEARCH
