skip_id,window_minutes,observed_at,underlying,instrument_id,instrument_class,gate_snapshot_id,gate_features_json,ComparableOpportunityScore,side,veto_reason,why_not_traded,setup_type,expected_value_r,expected_value_status,observed_elasticity_status,strategy_version,score_version,parameter_profile,source,future_bid,future_ask,mfe_points,mae_points,would_have_hit_target,would_have_hit_stop,forward_r_multiple,status,reason,evidence_profile
202608251008_1_MIDCPNIFTY_CE,5,2026-08-25T10:14:10.028369+05:30,MIDCPNIFTY,MIDCPNIFTY,NSE_INDEX,712afad509f5,"{""contract_quality_min"": 0.0, ""direction_min"": 0.0, ""excellent_score_min"": 55.37017303573068, ""execution_quality_min"": 99.05377065682396, ""expected_required_ratio_min"": 1.6911188809959763, ""final_confidence_min"": 88.00564493125911, ""iv_crush_max"": 29.5, ""market_hostility_max"": 22.16026300627911, ""min_5depth_lots_each_side"": 24.0, ""min_top_book_lots"": 5.0, ""premium_elasticity_min"": 0.0, ""regime_confidence_min"": 60.0, ""spread_pct_max"": 0.8220786846741077, ""trade_quality_min"": 59.130434782603814}",55.37017303573068,CE,DataHealth invalid; Contract invalid: Quote stale or spread hard rejected.; SideDirection hard reject: -8.2 < 65.0; PremiumElasticity hard reject: 0.00 < 1.00; TradeQuality below configured minimum; ConvexityEdge below excellent gate: 52.3 < 80.0,DataHealth invalid; Contract invalid: Quote stale or spread hard rejected.; SideDirection hard reject: -8.2 < 65.0; PremiumElasticity hard reject: 0.00 < 1.00; TradeQuality below configured minimum; ConvexityEdge below excellent gate: 52.3 < 80.0,,0.0,UNVALIDATED_COST_MODEL,UNAVAILABLE,paper-strategy-e935c30a69b1,opportunity-score-e935c30a69b1,PAPER_OVERRIDE::FYERS_PAPER_PROXY_RESEARCH,SKIPPED_FORWARD_PROXY,42.25,42.45,0.0,-0.32500000000000284,False,False,-0.038167938931298044,OBSERVED,,FYERS_PAPER_PROXY_RESEARCH
202608251008_2_BANKNIFTY_PE,5,2026-08-25T10:14:10.028369+05:30,BANKNIFTY,BANKNIFTY,NSE_INDEX,2e840ccd58d1,"{""contract_quality_min"": 0.0, ""direction_min"": 2.059352486703319, ""excellent_score_min"": 44.07798794785053, ""execution_quality_min"": 100.0, ""expected_required_ratio_min"": 2.2175298936477095, ""final_confidence_min"": 76.4949187041408, ""iv_crush_max"": 29.5, ""market_hostility_max"": 23.017679952727196, ""min_5depth_lots_each_side"": 62.0, ""min_top_book_lots"": 2.0, ""premium_elasticity_min"": 0.0, ""regime_confidence_min"": 60.0, ""spread_pct_max"": 0.3693444136657486, ""trade_quality_min"": 15.62005277045102}",44.07798794785053,PE,DataHealth invalid; Contract invalid: Quote stale or spread hard rejected.; SideDirection hard reject: 2.1 < 65.0; PremiumElasticity hard reject: 0.00 < 1.00; TradeQuality below configured minimum; ConvexityEdge below excellent gate: 52.3 < 80.0,DataHealth invalid; Contract invalid: Quote stale or spread hard rejected.; SideDirection hard reject: 2.1 < 65.0; PremiumElasticity hard reject: 0.00 < 1.00; TradeQuality below configured minimum; ConvexityEdge below excellent gate: 52.3 < 80.0,,0.0,UNVALIDATED_COST_MODEL,UNAVAILABLE,paper-strategy-e935c30a69b1,opportunity-score-e935c30a69b1,PAPER_OVERRIDE::FYERS_PAPER_PROXY_RESEARCH,SKIPPED_FORWARD_PROXY,104.3,104.6,0.0,-4.0,False,False,-0.18467220683287164,OBSERVED,,FYERS_PAPER_PROXY_RESEARCH
202608251008_3_BANKNIFTY_PE,5,2026-08-25T10:14:10.028369+05:30,BANKNIFTY,BANKNIFTY,NSE_INDEX,2e840ccd58d1,"{""contract_quality_min"": 0.0, ""direction_min"": 2.059352486703319, ""excellent_score_min"": 44.07798794785053, ""execution_quality_min"": 100.0, ""expected_required_ratio_min"": 2.2175298936477095, ""final_confidence_min"": 76.4949187041408, ""iv_crush_max"": 29.5, ""market_hostility_max"": 23.017679952727196, ""min_5depth_lots_each_side"": 18.0, ""min_top_book_lots"": 1.0, ""premium_elasticity_min"": 0.0, ""regime_confidence_min"": 60.0, ""spread_pct_max"": 0.21286300745020176, ""trade_quality_min"": 15.62005277045102}",44.07798794785053,PE,DataHealth invalid; Contract invalid: Quote stale or spread hard rejected.; SideDirection hard reject: 2.1 < 65.0; PremiumElasticity hard reject: 0.00 < 1.00; TradeQuality below configured minimum; ConvexityEdge below excellent gate: 52.3 < 80.0,DataHealth invalid; Contract invalid: Quote stale or spread hard rejected.; SideDirection hard reject: 2.1 < 65.0; PremiumElasticity hard reject: 0.00 < 1.00; TradeQuality below configured minimum; ConvexityEdge below excellent gate: 52.3 < 80.0,,0.0,UNVALIDATED_COST_MODEL,UNAVAILABLE,paper-strategy-e935c30a69b1,opportunity-score-e935c30a69b1,PAPER_OVERRIDE::FYERS_PAPER_PROXY_RESEARCH,SKIPPED_FORWARD_PROXY,161.1,161.55,0.0,-3.325000000000017,False,False,-0.13300000000000067,OBSERVED,,FYERS_PAPER_PROXY_RESEARCH
202608251008_4_BANKNIFTY_CE,5,2026-08-25T10:14:10.028369+05:30,BANKNIFTY,BANKNIFTY,NSE_INDEX,2e840ccd58d1,"{""contract_quality_min"": 0.0, ""direction_min"": 0.0, ""excellent_score_min"": 43.707304500243936, ""execution_quality_min"": 100.0, ""expected_required_ratio_min"": 2.2175298936477095, ""final_confidence_min"": 75.87711295812981, ""iv_crush_max"": 29.5, ""market_hostility_max"": 23.017679952727196, ""min_5depth_lots_each_side"": 38.0, ""min_top_book_lots"": 3.0, ""premium_elasticity_min"": 0.0, ""regime_confidence_min"": 60.0, ""spread_pct_max"": 0.25695931477517037, ""trade_quality_min"": 15.62005277045102}",43.707304500243936,CE,DataHealth invalid; Contract invalid: Quote stale or spread hard rejected.; SideDirection hard reject: -2.1 < 65.0; PremiumElasticity hard reject: 0.00 < 1.00; TradeQuality below configured minimum; ConvexityEdge below excellent gate: 52.3 < 80.0,DataHealth invalid; Contract invalid: Quote stale or spread hard rejected.; SideDirection hard reject: -2.1 < 65.0; PremiumElasticity hard reject: 0.00 < 1.00; TradeQuality below configured minimum; ConvexityEdge below excellent gate: 52.3 < 80.0,,0.0,UNVALIDATED_COST_MODEL,UNAVAILABLE,paper-strategy-e935c30a69b1,opportunity-score-e935c30a69b1,PAPER_OVERRIDE::FYERS_PAPER_PROXY_RESEARCH,SKIPPED_FORWARD_PROXY,115.0,115.25,0.0,-1.75,False,False,-0.07494646680942184,OBSERVED,,FYERS_PAPER_PROXY_RESEARCH
202608251008_5_BANKNIFTY_CE,5,2026-08-25T10:14:10.028369+05:30,BANKNIFTY,BANKNIFTY,NSE_INDEX,2e840ccd58d1,"{""contract_quality_min"": 0.0, ""direction_min"": 0.0, ""excellent_score_min"": 43.707304500243936, ""execution_quality_min"": 100.0, ""expected_required_ratio_min"": 2.2175298936477095, ""final_confidence_min"": 75.87711295812981, ""iv_crush_max"": 29.5, ""market_hostility_max"": 23.017679952727196, ""min_5depth_lots_each_side"": 18.0, ""min_top_book_lots"": 1.0, ""premium_elasticity_min"": 0.0, ""regime_confidence_min"": 60.0, ""spread_pct_max"": 0.28360748723766305, ""trade_quality_min"": 15.62005277045102}",43.707304500243936,CE,DataHealth invalid; Contract invalid: Quote stale or spread hard rejected.; SideDirection hard reject: -2.1 < 65.0; PremiumElasticity hard reject: 0.00 < 1.00; TradeQuality below configured minimum; ConvexityEdge below excellent gate: 52.3 < 80.0,DataHealth invalid; Contract invalid: Quote stale or spread hard rejected.; SideDirection hard reject: -2.1 < 65.0; PremiumElasticity hard reject: 0.00 < 1.00; TradeQuality below configured minimum; ConvexityEdge below excellent gate: 52.3 < 80.0,,0.0,UNVALIDATED_COST_MODEL,UNAVAILABLE,paper-strategy-e935c30a69b1,opportunity-score-e935c30a69b1,PAPER_OVERRIDE::FYERS_PAPER_PROXY_RESEARCH,SKIPPED_FORWARD_PROXY,175.45,176.05,0.0,-0.8500000000000227,False,False,-0.03400000000000091,OBSERVED,,FYERS_PAPER_PROXY_RESEARCH
202608251010_1_BANKNIFTY_PE,5,2026-08-25T10:15:24.742325+05:30,BANKNIFTY,BANKNIFTY,NSE_INDEX,2e840ccd58d1,"{""contract_quality_min"": 0.0, ""direction_min"": 3.5963184689559, ""excellent_score_min"": 48.64482766650403, ""execution_quality_min"": 100.0, ""expected_required_ratio_min"": 2.2026038472013205, ""final_confidence_min"": 81.16969059594935, ""iv_crush_max"": 29.5, ""market_hostility_max"": 22.356499405757063, ""min_5depth_lots_each_side"": 11.0, ""min_top_book_lots"": 3.0, ""premium_elasticity_min"": 0.0, ""regime_confidence_min"": 60.0, ""spread_pct_max"": 0.2748511223087425, ""trade_quality_min"": 30.434142752019877}",48.64482766650403,PE,DataHealth invalid; Contract invalid: Quote stale or spread hard rejected.; SideDirection hard reject: 3.6 < 65.0; PremiumElasticity hard reject: 0.00 < 1.00; TradeQuality below configured minimum; ConvexityEdge below excellent gate: 52.3 < 80.0,DataHealth invalid; Contract invalid: Quote stale or spread hard rejected.; SideDirection hard reject: 3.6 < 65.0; PremiumElasticity hard reject: 0.00 < 1.00; TradeQuality below configured minimum; ConvexityEdge below excellent gate: 52.3 < 80.0,,0.0,UNVALIDATED_COST_MODEL,UNAVAILABLE,paper-strategy-e935c30a69b1,opportunity-score-e935c30a69b1,PAPER_OVERRIDE::FYERS_PAPER_PROXY_RESEARCH,SKIPPED_FORWARD_PROXY,171.25,171.9,7.525000000000006,0.0,False,False,0.3010000000000002,OBSERVED,,FYERS_PAPER_PROXY_RESEARCH
202608251010_2_BANKNIFTY_CE,5,2026-08-25T10:15:24.742325+05:30,BANKNIFTY,BANKNIFTY,NSE_INDEX,2e840ccd58d1,"{""contract_quality_min"": 0.0, ""direction_min"": 0.0, ""excellent_score_min"": 47.997490342091965, ""execution_quality_min"": 100.0, ""expected_required_ratio_min"": 2.2026038472013205, ""final_confidence_min"": 80.09079505526257, ""iv_crush_max"": 29.5, ""market_hostility_max"": 22.356499405757063, ""min_5depth_lots_each_side"": 23.0, ""min_top_book_lots"": 1.0, ""premium_elasticity_min"": 0.0, ""regime_confidence_min"": 60.0, ""spread_pct_max"": 0.2517130471262697, ""trade_quality_min"": 30.434142752019877}",47.997490342091965,CE,DataHealth invalid; Contract invalid: Quote stale or spread hard rejected.; SideDirection hard reject: -3.6 < 65.0; PremiumElasticity hard reject: 0.00 < 1.00; TradeQuality below configured minimum; ConvexityEdge below excellent gate: 52.3 < 80.0,DataHealth invalid; Contract invalid: Quote stale or spread hard rejected.; SideDirection hard reject: -3.6 < 65.0; PremiumElasticity hard reject: 0.00 < 1.00; TradeQuality below configured minimum; ConvexityEdge below excellent gate: 52.3 < 80.0,,0.0,UNVALIDATED_COST_MODEL,UNAVAILABLE,paper-strategy-e935c30a69b1,opportunity-score-e935c30a69b1,PAPER_OVERRIDE::FYERS_PAPER_PROXY_RESEARCH,SKIPPED_FORWARD_PROXY,166.55,167.0,0.0,-12.224999999999994,False,False,-0.48899999999999977,OBSERVED,,FYERS_PAPER_PROXY_RESEARCH
202608251010_3_FINNIFTY_PE,5,2026-08-25T10:15:24.742325+05:30,FINNIFTY,FINNIFTY,NSE_INDEX,e172b0fef65b,"{""contract_quality_min"": 0.0, ""direction_min"": 0.9649275634243304, ""excellent_score_min"": 40.22695687967825, ""execution_quality_min"": 92.94441892512623, ""expected_required_ratio_min"": 1.7827861602691608, ""final_confidence_min"": 73.49089298066816, ""iv_crush_max"": 29.5, ""market_hostility_max"": 22.863983720532957, ""min_5depth_lots_each_side"": 17.0, ""min_top_book_lots"": 3.0, ""premium_elasticity_min"": 0.0, ""regime_confidence_min"": 60.0, ""spread_pct_max"": 0.964630225080388, ""trade_quality_min"": 6.153846153848341}",40.22695687967825,PE,DataHealth invalid; Contract invalid: Quote stale or spread hard rejected.; SideDirection hard reject: 1.0 < 65.0; PremiumElasticity hard reject: 0.00 < 1.00; TradeQuality below configured minimum; ConvexityEdge below excellent gate: 52.3 < 80.0,DataHealth invalid; Contract invalid: Quote stale or spread hard rejected.; SideDirection hard reject: 1.0 < 65.0; PremiumElasticity hard reject: 0.00 < 1.00; TradeQuality below configured minimum; ConvexityEdge below excellent gate: 52.3 < 80.0,,0.0,UNVALIDATED_COST_MODEL,UNAVAILABLE,paper-strategy-e935c30a69b1,opportunity-score-e935c30a69b1,PAPER_OVERRIDE::FYERS_PAPER_PROXY_RESEARCH,SKIPPED_FORWARD_PROXY,59.15,59.65,0.0,-3.0500000000000043,False,False,-0.2451768488745984,OBSERVED,,FYERS_PAPER_PROXY_RESEARCH
202608251010_4_FINNIFTY_CE,5,2026-08-25T10:15:24.742325+05:30,FINNIFTY,FINNIFTY,NSE_INDEX,e172b0fef65b,"{""contract_quality_min"": 0.0, ""direction_min"": 0.0, ""excellent_score_min"": 40.068897212040895, ""execution_quality_min"": 93.0486008836531, ""expected_required_ratio_min"": 1.7827861602691608, ""final_confidence_min"": 73.20141471164085, ""iv_crush_max"": 29.5, ""market_hostility_max"": 22.863983720532957, ""min_5depth_lots_each_side"": 7.0, ""min_top_book_lots"": 1.0, ""premium_elasticity_min"": 0.0, ""regime_confidence_min"": 60.0, ""spread_pct_max"": 0.9621993127147611, ""trade_quality_min"": 6.153846153848341}",40.068897212040895,CE,DataHealth invalid; Contract invalid: Quote stale or spread hard rejected.; SideDirection hard reject: -1.0 < 65.0; PremiumElasticity hard reject: 0.00 < 1.00; TradeQuality below configured minimum; ConvexityEdge below excellent gate: 52.3 < 80.0,DataHealth invalid; Contract invalid: Quote stale or spread hard rejected.; SideDirection hard reject: -1.0 < 65.0; PremiumElasticity hard reject: 0.00 < 1.00; TradeQuality below configured minimum; ConvexityEdge below excellent gate: 52.3 < 80.0,,0.0,UNVALIDATED_COST_MODEL,UNAVAILABLE,paper-strategy-e935c30a69b1,opportunity-score-e935c30a69b1,PAPER_OVERRIDE::FYERS_PAPER_PROXY_RESEARCH,SKIPPED_FORWARD_PROXY,74.9,75.5,2.1500000000000057,0.0,False,False,0.14776632302405537,OBSERVED,,FYERS_PAPER_PROXY_RESEARCH
202608251010_5_FINNIFTY_PE,5,2026-08-25T10:15:24.742325+05:30,FINNIFTY,FINNIFTY,NSE_INDEX,e172b0fef65b,"{""contract_quality_min"": 0.0, ""direction_min"": 0.9649275634243304, ""excellent_score_min"": 39.803975359590524, ""execution_quality_min"": 90.32967032966971, ""expected_required_ratio_min"": 1.7827861602691608, ""final_confidence_min"": 73.18320067297569, ""iv_crush_max"": 29.5, ""market_hostility_max"": 22.863983720532957, ""min_5depth_lots_each_side"": 14.0, ""min_top_book_lots"": 4.0, ""premium_elasticity_min"": 0.0, ""regime_confidence_min"": 60.0, ""spread_pct_max"": 1.0256410256410402, ""trade_quality_min"": 6.153846153848341}",39.803975359590524,PE,DataHealth invalid; Contract invalid: Quote stale or spread hard rejected.; SideDirection hard reject: 1.0 < 65.0; PremiumElasticity hard reject: 0.00 < 1.00; TradeQuality below configured minimum; ConvexityEdge below excellent gate: 52.3 < 80.0,DataHealth invalid; Contract invalid: Quote stale or spread hard rejected.; SideDirection hard reject: 1.0 < 65.0; PremiumElasticity hard reject: 0.00 < 1.00; TradeQuality below configured minimum; ConvexityEdge below excellent gate: 52.3 < 80.0,,0.0,UNVALIDATED_COST_MODEL,UNAVAILABLE,paper-strategy-e935c30a69b1,opportunity-score-e935c30a69b1,PAPER_OVERRIDE::FYERS_PAPER_PROXY_RESEARCH,SKIPPED_FORWARD_PROXY,35.7,36.1,0.0,-3.299999999999997,False,False,-0.4230769230769227,OBSERVED,,FYERS_PAPER_PROXY_RESEARCH
202608251014_1_BANKNIFTY_PE,5,2026-08-25T10:20:29.167729+05:30,BANKNIFTY,BANKNIFTY,NSE_INDEX,2e840ccd58d1,"{""contract_quality_min"": 0.0, ""direction_min"": 3.185876411646041, ""excellent_score_min"": 48.477328356030434, ""execution_quality_min"": 100.0, ""expected_required_ratio_min"": 2.2156920283872656, ""final_confidence_min"": 80.9436237129716, ""iv_crush_max"": 29.5, ""market_hostility_max"": 22.14146941213686, ""min_5depth_lots_each_side"": 31.0, ""min_top_book_lots"": 4.0, ""premium_elasticity_min"": 0.0, ""regime_confidence_min"": 60.0, ""spread_pct_max"": 0.27624309392264934, ""trade_quality_min"": 29.885807504082337}",48.477328356030434,PE,DataHealth invalid; Contract invalid: Quote stale or spread hard rejected.; SideDirection hard reject: 3.2 < 65.0; PremiumElasticity hard reject: 0.00 < 1.00; TradeQuality below configured minimum; ConvexityEdge below excellent gate: 52.3 < 80.0,DataHealth invalid; Contract invalid: Quote stale or spread hard rejected.; SideDirection hard reject: 3.2 < 65.0; PremiumElasticity hard reject: 0.00 < 1.00; TradeQuality below configured minimum; ConvexityEdge below excellent gate: 52.3 < 80.0,,0.0,UNVALIDATED_COST_MODEL,UNAVAILABLE,paper-strategy-e935c30a69b1,opportunity-score-e935c30a69b1,PAPER_OVERRIDE::FYERS_PAPER_PROXY_RESEARCH,SKIPPED_FORWARD_PROXY,147.45,147.85,38.849999999999994,0.0,False,False,1.788674033149171,OBSERVED,,FYERS_PAPER_PROXY_RESEARCH
202608251014_2_BANKNIFTY_PE,5,2026-08-25T10:20:29.167729+05:30,BANKNIFTY,BANKNIFTY,NSE_INDEX,2e840ccd58d1,"{""contract_quality_min"": 0.0, ""direction_min"": 3.185876411646041, ""excellent_score_min"": 48.477328356030434, ""execution_quality_min"": 100.0, ""expected_required_ratio_min"": 2.2156920283872656, ""final_confidence_min"": 80.9436237129716, ""iv_crush_max"": 29.5, ""market_hostility_max"": 22.14146941213686, ""min_5depth_lots_each_side"": 33.0, ""min_top_book_lots"": 9.0, ""premium_elasticity_min"": 0.0, ""regime_confidence_min"": 60.0, ""spread_pct_max"": 0.329884540410863, ""trade_quality_min"": 29.885807504082337}",48.477328356030434,PE,DataHealth invalid; Contract invalid: Quote stale or spread hard rejected.; SideDirection hard reject: 3.2 < 65.0; PremiumElasticity hard reject: 0.00 < 1.00; TradeQuality below configured minimum; ConvexityEdge below excellent gate: 52.3 < 80.0,DataHealth invalid; Contract invalid: Quote stale or spread hard rejected.; SideDirection hard reject: 3.2 < 65.0; PremiumElasticity hard reject: 0.00 < 1.00; TradeQuality below configured minimum; ConvexityEdge below excellent gate: 52.3 < 80.0,,0.0,UNVALIDATED_COST_MODEL,UNAVAILABLE,paper-strategy-e935c30a69b1,opportunity-score-e935c30a69b1,PAPER_OVERRIDE::FYERS_PAPER_PROXY_RESEARCH,SKIPPED_FORWARD_PROXY,214.7,215.35,47.974999999999994,0.0,False,False,1.9189999999999998,OBSERVED,,FYERS_PAPER_PROXY_RESEARCH
202608251014_3_BANKNIFTY_CE,5,2026-08-25T10:20:29.167729+05:30,BANKNIFTY,BANKNIFTY,NSE_INDEX,2e840ccd58d1,"{""contract_quality_min"": 0.0, ""direction_min"": 0.0, ""excellent_score_min"": 47.90387060193415, ""execution_quality_min"": 100.0, ""expected_required_ratio_min"": 2.2156920283872656, ""final_confidence_min"": 79.98786078947779, ""iv_crush_max"": 29.5, ""market_hostility_max"": 22.14146941213686, ""min_5depth_lots_each_side"": 20.0, ""min_top_book_lots"": 6.0, ""premium_elasticity_min"": 0.0, ""regime_confidence_min"": 60.0, ""spread_pct_max"": 0.22138587558113793, ""trade_quality_min"": 29.885807504082337}",47.90387060193415,CE,DataHealth invalid; Contract invalid: Quote stale or spread hard rejected.; SideDirection hard reject: -3.2 < 65.0; PremiumElasticity hard reject: 0.00 < 1.00; TradeQuality below configured minimum; ConvexityEdge below excellent gate: 52.3 < 80.0,DataHealth invalid; Contract invalid: Quote stale or spread hard rejected.; SideDirection hard reject: -3.2 < 65.0; PremiumElasticity hard reject: 0.00 < 1.00; TradeQuality below configured minimum; ConvexityEdge below excellent gate: 52.3 < 80.0,,0.0,UNVALIDATED_COST_MODEL,UNAVAILABLE,paper-strategy-e935c30a69b1,opportunity-score-e935c30a69b1,PAPER_OVERRIDE::FYERS_PAPER_PROXY_RESEARCH,SKIPPED_FORWARD_PROXY,82.2,82.35,0.0,-30.724999999999994,False,True,-1.3604162054460922,OBSERVED,,FYERS_PAPER_PROXY_RESEARCH
202608251014_4_BANKNIFTY_CE,5,2026-08-25T10:20:29.167729+05:30,BANKNIFTY,BANKNIFTY,NSE_INDEX,2e840ccd58d1,"{""contract_quality_min"": 0.0, ""direction_min"": 0.0, ""excellent_score_min"": 47.90387060193415, ""execution_quality_min"": 100.0, ""expected_required_ratio_min"": 2.2156920283872656, ""final_confidence_min"": 79.98786078947779, ""iv_crush_max"": 29.5, ""market_hostility_max"": 22.14146941213686, ""min_5depth_lots_each_side"": 12.0, ""min_top_book_lots"": 1.0, ""premium_elasticity_min"": 0.0, ""regime_confidence_min"": 60.0, ""spread_pct_max"": 0.1746216530849726, ""trade_quality_min"": 29.885807504082337}",47.90387060193415,CE,DataHealth invalid; Contract invalid: Quote stale or spread hard rejected.; SideDirection hard reject: -3.2 < 65.0; PremiumElasticity hard reject: 0.00 < 1.00; TradeQuality below configured minimum; ConvexityEdge below excellent gate: 52.3 < 80.0,DataHealth invalid; Contract invalid: Quote stale or spread hard rejected.; SideDirection hard reject: -3.2 < 65.0; PremiumElasticity hard reject: 0.00 < 1.00; TradeQuality below configured minimum; ConvexityEdge below excellent gate: 52.3 < 80.0,,0.0,UNVALIDATED_COST_MODEL,UNAVAILABLE,paper-strategy-e935c30a69b1,opportunity-score-e935c30a69b1,PAPER_OVERRIDE::FYERS_PAPER_PROXY_RESEARCH,SKIPPED_FORWARD_PROXY,129.5,129.8,0.0,-42.30000000000001,False,True,-1.6920000000000004,OBSERVED,,FYERS_PAPER_PROXY_RESEARCH
202608251014_5_BANKNIFTY_PE,5,2026-08-25T10:20:29.167729+05:30,BANKNIFTY,BANKNIFTY,NSE_INDEX,2e840ccd58d1,"{""contract_quality_min"": 0.0, ""direction_min"": 3.185876411646041, ""excellent_score_min"": 45.67732835603043, ""execution_quality_min"": 100.0, ""expected_required_ratio_min"": 2.2156920283872656, ""final_confidence_min"": 80.9436237129716, ""iv_crush_max"": 29.5, ""market_hostility_max"": 22.14146941213686, ""min_5depth_lots_each_side"": 66.0, ""min_top_book_lots"": 5.0, ""premium_elasticity_min"": 0.0, ""regime_confidence_min"": 60.0, ""spread_pct_max"": 0.36913990402362495, ""trade_quality_min"": 29.885807504082337}",45.67732835603043,PE,DataHealth invalid; Contract invalid: Quote stale or spread hard rejected.; SideDirection hard reject: 3.2 < 65.0; PremiumElasticity hard reject: 0.00 < 1.00; TradeQuality below configured minimum; ConvexityEdge below excellent gate: 38.3 < 80.0,DataHealth invalid; Contract invalid: Quote stale or spread hard rejected.; SideDirection hard reject: 3.2 < 65.0; PremiumElasticity hard reject: 0.00 < 1.00; TradeQuality below configured minimum; ConvexityEdge below excellent gate: 38.3 < 80.0,,0.0,UNVALIDATED_COST_MODEL,UNAVAILABLE,paper-strategy-e935c30a69b1,opportunity-score-e935c30a69b1,PAPER_OVERRIDE::FYERS_PAPER_PROXY_RESEARCH,SKIPPED_FORWARD_PROXY,94.75,95.0,27.025000000000006,0.0,False,False,1.9952011812476933,OBSERVED,,FYERS_PAPER_PROXY_RESEARCH
202608251015_1_BANKNIFTY_PE,5,2026-08-25T10:20:29.167729+05:30,BANKNIFTY,BANKNIFTY,NSE_INDEX,2e840ccd58d1,"{""contract_quality_min"": 0.0, ""direction_min"": 3.825694407008672, ""excellent_score_min"": 50.24269537120577, ""execution_quality_min"": 100.0, ""expected_required_ratio_min"": 2.219230232663193, ""final_confidence_min"": 82.82303982880477, ""iv_crush_max"": 29.5, ""market_hostility_max"": 22.160469983415588, ""min_5depth_lots_each_side"": 43.0, ""min_top_book_lots"": 2.0, ""premium_elasticity_min"": 0.0, ""regime_confidence_min"": 60.0, ""spread_pct_max"": 0.3261122757978051, ""trade_quality_min"": 35.830618892511545}",50.24269537120577,PE,DataHealth invalid; Contract invalid: Quote stale or spread hard rejected.; SideDirection hard reject: 3.8 < 65.0; PremiumElasticity hard reject: 0.00 < 1.00; TradeQuality below configured minimum; ConvexityEdge below excellent gate: 52.3 < 80.0,DataHealth invalid; Contract invalid: Quote stale or spread hard rejected.; SideDirection hard reject: 3.8 < 65.0; PremiumElasticity hard reject: 0.00 < 1.00; TradeQuality below configured minimum; ConvexityEdge below excellent gate: 52.3 < 80.0,,0.0,UNVALIDATED_COST_MODEL,UNAVAILABLE,paper-strategy-e935c30a69b1,opportunity-score-e935c30a69b1,PAPER_OVERRIDE::FYERS_PAPER_PROXY_RESEARCH,SKIPPED_FORWARD_PROXY,147.45,147.85,40.124999999999986,0.0,False,False,1.8693221523410193,OBSERVED,,FYERS_PAPER_PROXY_RESEARCH
202608251015_2_BANKNIFTY_PE,5,2026-08-25T10:20:29.167729+05:30,BANKNIFTY,BANKNIFTY,NSE_INDEX,2e840ccd58d1,"{""contract_quality_min"": 0.0, ""direction_min"": 3.825694407008672, ""excellent_score_min"": 50.24269537120577, ""execution_quality_min"": 100.0, ""expected_required_ratio_min"": 2.219230232663193, ""final_confidence_min"": 82.82303982880477, ""iv_crush_max"": 29.5, ""market_hostility_max"": 22.160469983415588, ""min_5depth_lots_each_side"": 20.0, ""min_top_book_lots"": 1.0, ""premium_elasticity_min"": 0.0, ""regime_confidence_min"": 60.0, ""spread_pct_max"": 0.3049710277523635, ""trade_quality_min"": 35.830618892511545}",50.24269537120577,PE,DataHealth invalid; Contract invalid: Quote stale or spread hard rejected.; SideDirection hard reject: 3.8 < 65.0; PremiumElasticity hard reject: 0.00 < 1.00; TradeQuality below configured minimum; ConvexityEdge below excellent gate: 52.3 < 80.0,DataHealth invalid; Contract invalid: Quote stale or spread hard rejected.; SideDirection hard reject: 3.8 < 65.0; PremiumElasticity hard reject: 0.00 < 1.00; TradeQuality below configured minimum; ConvexityEdge below excellent gate: 52.3 < 80.0,,0.0,UNVALIDATED_COST_MODEL,UNAVAILABLE,paper-strategy-e935c30a69b1,opportunity-score-e935c30a69b1,PAPER_OVERRIDE::FYERS_PAPER_PROXY_RESEARCH,SKIPPED_FORWARD_PROXY,214.7,215.35,50.75,0.0,True,False,2.03,OBSERVED,,FYERS_PAPER_PROXY_RESEARCH
202608251015_3_BANKNIFTY_CE,5,2026-08-25T10:20:29.167729+05:30,BANKNIFTY,BANKNIFTY,NSE_INDEX,2e840ccd58d1,"{""contract_quality_min"": 0.0, ""direction_min"": 0.0, ""excellent_score_min"": 49.55407037794421, ""execution_quality_min"": 100.0, ""expected_required_ratio_min"": 2.219230232663193, ""final_confidence_min"": 81.67533150670216, ""iv_crush_max"": 29.5, ""market_hostility_max"": 22.160469983415588, ""min_5depth_lots_each_side"": 20.0, ""min_top_book_lots"": 1.0, ""premium_elasticity_min"": 0.0, ""regime_confidence_min"": 60.0, ""spread_pct_max"": 0.28885037550548814, ""trade_quality_min"": 35.830618892511545}",49.55407037794421,CE,DataHealth invalid; Contract invalid: Quote stale or spread hard rejected.; SideDirection hard reject: -3.8 < 65.0; PremiumElasticity hard reject: 0.00 < 1.00; TradeQuality below configured minimum; ConvexityEdge below excellent gate: 52.3 < 80.0,DataHealth invalid; Contract invalid: Quote stale or spread hard rejected.; SideDirection hard reject: -3.8 < 65.0; PremiumElasticity hard reject: 0.00 < 1.00; TradeQuality below configured minimum; ConvexityEdge below excellent gate: 52.3 < 80.0,,0.0,UNVALIDATED_COST_MODEL,UNAVAILABLE,paper-strategy-e935c30a69b1,opportunity-score-e935c30a69b1,PAPER_OVERRIDE::FYERS_PAPER_PROXY_RESEARCH,SKIPPED_FORWARD_PROXY,129.5,129.8,0.0,-43.599999999999994,False,True,-1.7439999999999998,OBSERVED,,FYERS_PAPER_PROXY_RESEARCH
202608251015_4_FINNIFTY_CE,5,2026-08-25T10:20:29.167729+05:30,FINNIFTY,FINNIFTY,NSE_INDEX,e172b0fef65b,"{""contract_quality_min"": 0.0, ""direction_min"": 0.0, ""excellent_score_min"": 44.71036838875979, ""execution_quality_min"": 100.0, ""expected_required_ratio_min"": 1.7500297215141083, ""final_confidence_min"": 76.71420255131616, ""iv_crush_max"": 29.5, ""market_hostility_max"": 22.38687413215719, ""min_5depth_lots_each_side"": 13.0, ""min_top_book_lots"": 1.0, ""premium_elasticity_min"": 0.0, ""regime_confidence_min"": 60.0, ""spread_pct_max"": 0.7766990291262063, ""trade_quality_min"": 18.6666666666699}",44.71036838875979,CE,DataHealth invalid; Contract invalid: Quote stale or spread hard rejected.; SideDirection hard reject: -2.6 < 65.0; PremiumElasticity hard reject: 0.00 < 1.00; TradeQuality below configured minimum; ConvexityEdge below excellent gate: 52.3 < 80.0,DataHealth invalid; Contract invalid: Quote stale or spread hard rejected.; SideDirection hard reject: -2.6 < 65.0; PremiumElasticity hard reject: 0.00 < 1.00; TradeQuality below configured minimum; ConvexityEdge below excellent gate: 52.3 < 80.0,,0.0,UNVALIDATED_COST_MODEL,UNAVAILABLE,paper-strategy-e935c30a69b1,opportunity-score-e935c30a69b1,PAPER_OVERRIDE::FYERS_PAPER_PROXY_RESEARCH,SKIPPED_FORWARD_PROXY,66.55,66.95,0.0,-10.700000000000003,False,False,-0.6925566343042072,OBSERVED,,FYERS_PAPER_PROXY_RESEARCH
202608251015_5_FINNIFTY_PE,5,2026-08-25T10:20:29.167729+05:30,FINNIFTY,FINNIFTY,NSE_INDEX,e172b0fef65b,"{""contract_quality_min"": 0.0, ""direction_min"": 2.5719829912319736, ""excellent_score_min"": 44.11589437584445, ""execution_quality_min"": 92.95046032441934, ""expected_required_ratio_min"": 1.7500297215141083, ""final_confidence_min"": 77.48579744868576, ""iv_crush_max"": 29.5, ""market_hostility_max"": 22.38687413215719, ""min_5depth_lots_each_side"": 12.0, ""min_top_book_lots"": 2.0, ""premium_elasticity_min"": 0.0, ""regime_confidence_min"": 60.0, ""spread_pct_max"": 0.9644892590968823, ""trade_quality_min"": 18.6666666666699}",44.11589437584445,PE,DataHealth invalid; Contract invalid: Quote stale or spread hard rejected.; SideDirection hard reject: 2.6 < 65.0; PremiumElasticity hard reject: 0.00 < 1.00; TradeQuality below configured minimum; ConvexityEdge below excellent gate: 52.3 < 80.0,DataHealth invalid; Contract invalid: Quote stale or spread hard rejected.; SideDirection hard reject: 2.6 < 65.0; PremiumElasticity hard reject: 0.00 < 1.00; TradeQuality below configured minimum; ConvexityEdge below excellent gate: 52.3 < 80.0,,0.0,UNVALIDATED_COST_MODEL,UNAVAILABLE,paper-strategy-e935c30a69b1,opportunity-score-e935c30a69b1,PAPER_OVERRIDE::FYERS_PAPER_PROXY_RESEARCH,SKIPPED_FORWARD_PROXY,67.1,67.65,10.074999999999996,0.0,False,False,0.8833844804910123,OBSERVED,,FYERS_PAPER_PROXY_RESEARCH
202608251008_1_MIDCPNIFTY_CE,15,2026-08-25T10:25:31.161520+05:30,MIDCPNIFTY,MIDCPNIFTY,NSE_INDEX,712afad509f5,"{""contract_quality_min"": 0.0, ""direction_min"": 0.0, ""excellent_score_min"": 55.37017303573068, ""execution_quality_min"": 99.05377065682396, ""expected_required_ratio_min"": 1.6911188809959763, ""final_confidence_min"": 88.00564493125911, ""iv_crush_max"": 29.5, ""market_hostility_max"": 22.16026300627911, ""min_5depth_lots_each_side"": 24.0, ""min_top_book_lots"": 5.0, ""premium_elasticity_min"": 0.0, ""regime_confidence_min"": 60.0, ""spread_pct_max"": 0.8220786846741077, ""trade_quality_min"": 59.130434782603814}",55.37017303573068,CE,DataHealth invalid; Contract invalid: Quote stale or spread hard rejected.; SideDirection hard reject: -8.2 < 65.0; PremiumElasticity hard reject: 0.00 < 1.00; TradeQuality below configured minimum; ConvexityEdge below excellent gate: 52.3 < 80.0,DataHealth invalid; Contract invalid: Quote stale or spread hard rejected.; SideDirection hard reject: -8.2 < 65.0; PremiumElasticity hard reject: 0.00 < 1.00; TradeQuality below configured minimum; ConvexityEdge below excellent gate: 52.3 < 80.0,,0.0,UNVALIDATED_COST_MODEL,UNAVAILABLE,paper-strategy-e935c30a69b1,opportunity-score-e935c30a69b1,PAPER_OVERRIDE::FYERS_PAPER_PROXY_RESEARCH,SKIPPED_FORWARD_PROXY,38.95,39.2,0.0,-3.625,False,False,-0.4257193188490898,OBSERVED,,FYERS_PAPER_PROXY_RESEARCH
202608251008_2_BANKNIFTY_PE,15,2026-08-25T10:25:31.161520+05:30,BANKNIFTY,BANKNIFTY,NSE_INDEX,2e840ccd58d1,"{""contract_quality_min"": 0.0, ""direction_min"": 2.059352486703319, ""excellent_score_min"": 44.07798794785053, ""execution_quality_min"": 100.0, ""expected_required_ratio_min"": 2.2175298936477095, ""final_confidence_min"": 76.4949187041408, ""iv_crush_max"": 29.5, ""market_hostility_max"": 23.017679952727196, ""min_5depth_lots_each_side"": 62.0, ""min_top_book_lots"": 2.0, ""premium_elasticity_min"": 0.0, ""regime_confidence_min"": 60.0, ""spread_pct_max"": 0.3693444136657486, ""trade_quality_min"": 15.62005277045102}",44.07798794785053,PE,DataHealth invalid; Contract invalid: Quote stale or spread hard rejected.; SideDirection hard reject: 2.1 < 65.0; PremiumElasticity hard reject: 0.00 < 1.00; TradeQuality below configured minimum; ConvexityEdge below excellent gate: 52.3 < 80.0,DataHealth invalid; Contract invalid: Quote stale or spread hard rejected.; SideDirection hard reject: 2.1 < 65.0; PremiumElasticity hard reject: 0.00 < 1.00; TradeQuality below configured minimum; ConvexityEdge below excellent gate: 52.3 < 80.0,,0.0,UNVALIDATED_COST_MODEL,UNAVAILABLE,paper-strategy-e935c30a69b1,opportunity-score-e935c30a69b1,PAPER_OVERRIDE::FYERS_PAPER_PROXY_RESEARCH,SKIPPED_FORWARD_PROXY,165.95,166.4,57.64999999999999,0.0,True,False,2.6615881809787623,OBSERVED,,FYERS_PAPER_PROXY_RESEARCH
202608251008_3_BANKNIFTY_PE,15,2026-08-25T10:25:31.161520+05:30,BANKNIFTY,BANKNIFTY,NSE_INDEX,2e840ccd58d1,"{""contract_quality_min"": 0.0, ""direction_min"": 2.059352486703319, ""excellent_score_min"": 44.07798794785053, ""execution_quality_min"": 100.0, ""expected_required_ratio_min"": 2.2175298936477095, ""final_confidence_min"": 76.4949187041408, ""iv_crush_max"": 29.5, ""market_hostility_max"": 23.017679952727196, ""min_5depth_lots_each_side"": 18.0, ""min_top_book_lots"": 1.0, ""premium_elasticity_min"": 0.0, ""regime_confidence_min"": 60.0, ""spread_pct_max"": 0.21286300745020176, ""trade_quality_min"": 15.62005277045102}",44.07798794785053,PE,DataHealth invalid; Contract invalid: Quote stale or spread hard rejected.; SideDirection hard reject: 2.1 < 65.0; PremiumElasticity hard reject: 0.00 < 1.00; TradeQuality below configured minimum; ConvexityEdge below excellent gate: 52.3 < 80.0,DataHealth invalid; Contract invalid: Quote stale or spread hard rejected.; SideDirection hard reject: 2.1 < 65.0; PremiumElasticity hard reject: 0.00 < 1.00; TradeQuality below configured minimum; ConvexityEdge below excellent gate: 52.3 < 80.0,,0.0,UNVALIDATED_COST_MODEL,UNAVAILABLE,paper-strategy-e935c30a69b1,opportunity-score-e935c30a69b1,PAPER_OVERRIDE::FYERS_PAPER_PROXY_RESEARCH,SKIPPED_FORWARD_PROXY,237.6,238.35,73.17499999999998,0.0,True,False,2.926999999999999,OBSERVED,,FYERS_PAPER_PROXY_RESEARCH
202608251008_4_BANKNIFTY_CE,15,2026-08-25T10:25:31.161520+05:30,BANKNIFTY,BANKNIFTY,NSE_INDEX,2e840ccd58d1,"{""contract_quality_min"": 0.0, ""direction_min"": 0.0, ""excellent_score_min"": 43.707304500243936, ""execution_quality_min"": 100.0, ""expected_required_ratio_min"": 2.2175298936477095, ""final_confidence_min"": 75.87711295812981, ""iv_crush_max"": 29.5, ""market_hostility_max"": 23.017679952727196, ""min_5depth_lots_each_side"": 38.0, ""min_top_book_lots"": 3.0, ""premium_elasticity_min"": 0.0, ""regime_confidence_min"": 60.0, ""spread_pct_max"": 0.25695931477517037, ""trade_quality_min"": 15.62005277045102}",43.707304500243936,CE,DataHealth invalid; Contract invalid: Quote stale or spread hard rejected.; SideDirection hard reject: -2.1 < 65.0; PremiumElasticity hard reject: 0.00 < 1.00; TradeQuality below configured minimum; ConvexityEdge below excellent gate: 52.3 < 80.0,DataHealth invalid; Contract invalid: Quote stale or spread hard rejected.; SideDirection hard reject: -2.1 < 65.0; PremiumElasticity hard reject: 0.00 < 1.00; TradeQuality below configured minimum; ConvexityEdge below excellent gate: 52.3 < 80.0,,0.0,UNVALIDATED_COST_MODEL,UNAVAILABLE,paper-strategy-e935c30a69b1,opportunity-score-e935c30a69b1,PAPER_OVERRIDE::FYERS_PAPER_PROXY_RESEARCH,SKIPPED_FORWARD_PROXY,74.05,74.3,0.0,-42.7,False,True,-1.828693790149893,OBSERVED,,FYERS_PAPER_PROXY_RESEARCH
202608251008_5_BANKNIFTY_CE,15,2026-08-25T10:25:31.161520+05:30,BANKNIFTY,BANKNIFTY,NSE_INDEX,2e840ccd58d1,"{""contract_quality_min"": 0.0, ""direction_min"": 0.0, ""excellent_score_min"": 43.707304500243936, ""execution_quality_min"": 100.0, ""expected_required_ratio_min"": 2.2175298936477095, ""final_confidence_min"": 75.87711295812981, ""iv_crush_max"": 29.5, ""market_hostility_max"": 23.017679952727196, ""min_5depth_lots_each_side"": 18.0, ""min_top_book_lots"": 1.0, ""premium_elasticity_min"": 0.0, ""regime_confidence_min"": 60.0, ""spread_pct_max"": 0.28360748723766305, ""trade_quality_min"": 15.62005277045102}",43.707304500243936,CE,DataHealth invalid; Contract invalid: Quote stale or spread hard rejected.; SideDirection hard reject: -2.1 < 65.0; PremiumElasticity hard reject: 0.00 < 1.00; TradeQuality below configured minimum; ConvexityEdge below excellent gate: 52.3 < 80.0,DataHealth invalid; Contract invalid: Quote stale or spread hard rejected.; SideDirection hard reject: -2.1 < 65.0; PremiumElasticity hard reject: 0.00 < 1.00; TradeQuality below configured minimum; ConvexityEdge below excellent gate: 52.3 < 80.0,,0.0,UNVALIDATED_COST_MODEL,UNAVAILABLE,paper-strategy-e935c30a69b1,opportunity-score-e935c30a69b1,PAPER_OVERRIDE::FYERS_PAPER_PROXY_RESEARCH,SKIPPED_FORWARD_PROXY,116.8,117.1,0.0,-59.500000000000014,False,True,-2.380000000000001,OBSERVED,,FYERS_PAPER_PROXY_RESEARCH
202608251010_1_BANKNIFTY_PE,15,2026-08-25T10:25:31.161520+05:30,BANKNIFTY,BANKNIFTY,NSE_INDEX,2e840ccd58d1,"{""contract_quality_min"": 0.0, ""direction_min"": 3.5963184689559, ""excellent_score_min"": 48.64482766650403, ""execution_quality_min"": 100.0, ""expected_required_ratio_min"": 2.2026038472013205, ""final_confidence_min"": 81.16969059594935, ""iv_crush_max"": 29.5, ""market_hostility_max"": 22.356499405757063, ""min_5depth_lots_each_side"": 11.0, ""min_top_book_lots"": 3.0, ""premium_elasticity_min"": 0.0, ""regime_confidence_min"": 60.0, ""spread_pct_max"": 0.2748511223087425, ""trade_quality_min"": 30.434142752019877}",48.64482766650403,PE,DataHealth invalid; Contract invalid: Quote stale or spread hard rejected.; SideDirection hard reject: 3.6 < 65.0; PremiumElasticity hard reject: 0.00 < 1.00; TradeQuality below configured minimum; ConvexityEdge below excellent gate: 52.3 < 80.0,DataHealth invalid; Contract invalid: Quote stale or spread hard rejected.; SideDirection hard reject: 3.6 < 65.0; PremiumElasticity hard reject: 0.00 < 1.00; TradeQuality below configured minimum; ConvexityEdge below excellent gate: 52.3 < 80.0,,0.0,UNVALIDATED_COST_MODEL,UNAVAILABLE,paper-strategy-e935c30a69b1,opportunity-score-e935c30a69b1,PAPER_OVERRIDE::FYERS_PAPER_PROXY_RESEARCH,SKIPPED_FORWARD_PROXY,237.6,238.35,73.875,0.0,True,False,2.955,OBSERVED,,FYERS_PAPER_PROXY_RESEARCH
202608251010_2_BANKNIFTY_CE,15,2026-08-25T10:25:31.161520+05:30,BANKNIFTY,BANKNIFTY,NSE_INDEX,2e840ccd58d1,"{""contract_quality_min"": 0.0, ""direction_min"": 0.0, ""excellent_score_min"": 47.997490342091965, ""execution_quality_min"": 100.0, ""expected_required_ratio_min"": 2.2026038472013205, ""final_confidence_min"": 80.09079505526257, ""iv_crush_max"": 29.5, ""market_hostility_max"": 22.356499405757063, ""min_5depth_lots_each_side"": 23.0, ""min_top_book_lots"": 1.0, ""premium_elasticity_min"": 0.0, ""regime_confidence_min"": 60.0, ""spread_pct_max"": 0.2517130471262697, ""trade_quality_min"": 30.434142752019877}",47.997490342091965,CE,DataHealth invalid; Contract invalid: Quote stale or spread hard rejected.; SideDirection hard reject: -3.6 < 65.0; PremiumElasticity hard reject: 0.00 < 1.00; TradeQuality below configured minimum; ConvexityEdge below excellent gate: 52.3 < 80.0,DataHealth invalid; Contract invalid: Quote stale or spread hard rejected.; SideDirection hard reject: -3.6 < 65.0; PremiumElasticity hard reject: 0.00 < 1.00; TradeQuality below configured minimum; ConvexityEdge below excellent gate: 52.3 < 80.0,,0.0,UNVALIDATED_COST_MODEL,UNAVAILABLE,paper-strategy-e935c30a69b1,opportunity-score-e935c30a69b1,PAPER_OVERRIDE::FYERS_PAPER_PROXY_RESEARCH,SKIPPED_FORWARD_PROXY,116.8,117.1,0.0,-61.97500000000001,False,True,-2.4790000000000005,OBSERVED,,FYERS_PAPER_PROXY_RESEARCH
202608251010_3_FINNIFTY_PE,15,2026-08-25T10:25:31.161520+05:30,FINNIFTY,FINNIFTY,NSE_INDEX,e172b0fef65b,"{""contract_quality_min"": 0.0, ""direction_min"": 0.9649275634243304, ""excellent_score_min"": 40.22695687967825, ""execution_quality_min"": 92.94441892512623, ""expected_required_ratio_min"": 1.7827861602691608, ""final_confidence_min"": 73.49089298066816, ""iv_crush_max"": 29.5, ""market_hostility_max"": 22.863983720532957, ""min_5depth_lots_each_side"": 17.0, ""min_top_book_lots"": 3.0, ""premium_elasticity_min"": 0.0, ""regime_confidence_min"": 60.0, ""spread_pct_max"": 0.964630225080388, ""trade_quality_min"": 6.153846153848341}",40.22695687967825,PE,DataHealth invalid; Contract invalid: Quote stale or spread hard rejected.; SideDirection hard reject: 1.0 < 65.0; PremiumElasticity hard reject: 0.00 < 1.00; TradeQuality below configured minimum; ConvexityEdge below excellent gate: 52.3 < 80.0,DataHealth invalid; Contract invalid: Quote stale or spread hard rejected.; SideDirection hard reject: 1.0 < 65.0; PremiumElasticity hard reject: 0.00 < 1.00; TradeQuality below configured minimum; ConvexityEdge below excellent gate: 52.3 < 80.0,,0.0,UNVALIDATED_COST_MODEL,UNAVAILABLE,paper-strategy-e935c30a69b1,opportunity-score-e935c30a69b1,PAPER_OVERRIDE::FYERS_PAPER_PROXY_RESEARCH,SKIPPED_FORWARD_PROXY,71.5,72.3,9.299999999999997,0.0,False,False,0.7475884244372988,OBSERVED,,FYERS_PAPER_PROXY_RESEARCH
202608251010_4_FINNIFTY_CE,15,2026-08-25T10:25:31.161520+05:30,FINNIFTY,FINNIFTY,NSE_INDEX,e172b0fef65b,"{""contract_quality_min"": 0.0, ""direction_min"": 0.0, ""excellent_score_min"": 40.068897212040895, ""execution_quality_min"": 93.0486008836531, ""expected_required_ratio_min"": 1.7827861602691608, ""final_confidence_min"": 73.20141471164085, ""iv_crush_max"": 29.5, ""market_hostility_max"": 22.863983720532957, ""min_5depth_lots_each_side"": 7.0, ""min_top_book_lots"": 1.0, ""premium_elasticity_min"": 0.0, ""regime_confidence_min"": 60.0, ""spread_pct_max"": 0.9621993127147611, ""trade_quality_min"": 6.153846153848341}",40.068897212040895,CE,DataHealth invalid; Contract invalid: Quote stale or spread hard rejected.; SideDirection hard reject: -1.0 < 65.0; PremiumElasticity hard reject: 0.00 < 1.00; TradeQuality below configured minimum; ConvexityEdge below excellent gate: 52.3 < 80.0,DataHealth invalid; Contract invalid: Quote stale or spread hard rejected.; SideDirection hard reject: -1.0 < 65.0; PremiumElasticity hard reject: 0.00 < 1.00; TradeQuality below configured minimum; ConvexityEdge below excellent gate: 52.3 < 80.0,,0.0,UNVALIDATED_COST_MODEL,UNAVAILABLE,paper-strategy-e935c30a69b1,opportunity-score-e935c30a69b1,PAPER_OVERRIDE::FYERS_PAPER_PROXY_RESEARCH,SKIPPED_FORWARD_PROXY,61.7,62.25,0.0,-11.049999999999997,False,False,-0.7594501718213056,OBSERVED,,FYERS_PAPER_PROXY_RESEARCH
202608251010_5_FINNIFTY_PE,15,2026-08-25T10:25:31.161520+05:30,FINNIFTY,FINNIFTY,NSE_INDEX,e172b0fef65b,"{""contract_quality_min"": 0.0, ""direction_min"": 0.9649275634243304, ""excellent_score_min"": 39.803975359590524, ""execution_quality_min"": 90.32967032966971, ""expected_required_ratio_min"": 1.7827861602691608, ""final_confidence_min"": 73.18320067297569, ""iv_crush_max"": 29.5, ""market_hostility_max"": 22.863983720532957, ""min_5depth_lots_each_side"": 14.0, ""min_top_book_lots"": 4.0, ""premium_elasticity_min"": 0.0, ""regime_confidence_min"": 60.0, ""spread_pct_max"": 1.0256410256410402, ""trade_quality_min"": 6.153846153848341}",39.803975359590524,PE,DataHealth invalid; Contract invalid: Quote stale or spread hard rejected.; SideDirection hard reject: 1.0 < 65.0; PremiumElasticity hard reject: 0.00 < 1.00; TradeQuality below configured minimum; ConvexityEdge below excellent gate: 52.3 < 80.0,DataHealth invalid; Contract invalid: Quote stale or spread hard rejected.; SideDirection hard reject: 1.0 < 65.0; PremiumElasticity hard reject: 0.00 < 1.00; TradeQuality below configured minimum; ConvexityEdge below excellent gate: 52.3 < 80.0,,0.0,UNVALIDATED_COST_MODEL,UNAVAILABLE,paper-strategy-e935c30a69b1,opportunity-score-e935c30a69b1,PAPER_OVERRIDE::FYERS_PAPER_PROXY_RESEARCH,SKIPPED_FORWARD_PROXY,45.85,46.45,6.850000000000001,0.0,False,False,0.8782051282051283,OBSERVED,,FYERS_PAPER_PROXY_RESEARCH
202608251019_1_BANKNIFTY_PE,5,2026-08-25T10:25:31.161520+05:30,BANKNIFTY,BANKNIFTY,NSE_INDEX,2e840ccd58d1,"{""contract_quality_min"": 0.0, ""direction_min"": 5.1427209447581115, ""excellent_score_min"": 52.15951018209162, ""execution_quality_min"": 100.0, ""expected_required_ratio_min"": 2.098042553732667, ""final_confidence_min"": 84.78799247481355, ""iv_crush_max"": 29.5, ""market_hostility_max"": 21.96073660541326, ""min_5depth_lots_each_side"": 39.0, ""min_top_book_lots"": 2.0, ""premium_elasticity_min"": 0.0, ""regime_confidence_min"": 60.0, ""spread_pct_max"": 0.32115616218386644, ""trade_quality_min"": 41.72194777699944}",52.15951018209162,PE,DataHealth invalid; Contract invalid: Quote stale or spread hard rejected.; SideDirection hard reject: 5.1 < 65.0; PremiumElasticity hard reject: 0.00 < 1.00; TradeQuality below configured minimum; ConvexityEdge below excellent gate: 52.3 < 80.0,DataHealth invalid; Contract invalid: Quote stale or spread hard rejected.; SideDirection hard reject: 5.1 < 65.0; PremiumElasticity hard reject: 0.00 < 1.00; TradeQuality below configured minimum; ConvexityEdge below excellent gate: 52.3 < 80.0,,0.0,UNVALIDATED_COST_MODEL,UNAVAILABLE,paper-strategy-e935c30a69b1,opportunity-score-e935c30a69b1,PAPER_OVERRIDE::FYERS_PAPER_PROXY_RESEARCH,SKIPPED_FORWARD_PROXY,165.95,166.4,41.39999999999999,0.0,False,False,1.661983139301485,OBSERVED,,FYERS_PAPER_PROXY_RESEARCH
202608251019_2_BANKNIFTY_CE,5,2026-08-25T10:25:31.161520+05:30,BANKNIFTY,BANKNIFTY,NSE_INDEX,2e840ccd58d1,"{""contract_quality_min"": 0.0, ""direction_min"": 0.0, ""excellent_score_min"": 51.23382041203516, ""execution_quality_min"": 100.0, ""expected_required_ratio_min"": 2.098042553732667, ""final_confidence_min"": 83.24517619138611, ""iv_crush_max"": 29.5, ""market_hostility_max"": 21.96073660541326, ""min_5depth_lots_each_side"": 29.0, ""min_top_book_lots"": 2.0, ""premium_elasticity_min"": 0.0, ""regime_confidence_min"": 60.0, ""spread_pct_max"": 0.29875518672198415, ""trade_quality_min"": 41.72194777699944}",51.23382041203516,CE,DataHealth invalid; Contract invalid: Quote stale or spread hard rejected.; SideDirection hard reject: -5.1 < 65.0; PremiumElasticity hard reject: 0.00 < 1.00; TradeQuality below configured minimum; ConvexityEdge below excellent gate: 52.3 < 80.0,DataHealth invalid; Contract invalid: Quote stale or spread hard rejected.; SideDirection hard reject: -5.1 < 65.0; PremiumElasticity hard reject: 0.00 < 1.00; TradeQuality below configured minimum; ConvexityEdge below excellent gate: 52.3 < 80.0,,0.0,UNVALIDATED_COST_MODEL,UNAVAILABLE,paper-strategy-e935c30a69b1,opportunity-score-e935c30a69b1,PAPER_OVERRIDE::FYERS_PAPER_PROXY_RESEARCH,SKIPPED_FORWARD_PROXY,116.8,117.1,0.0,-33.825,False,True,-1.3530000000000002,OBSERVED,,FYERS_PAPER_PROXY_RESEARCH
202608251019_3_BANKNIFTY_CE,5,2026-08-25T10:25:31.161520+05:30,BANKNIFTY,BANKNIFTY,NSE_INDEX,2e840ccd58d1,"{""contract_quality_min"": 0.0, ""direction_min"": 0.0, ""excellent_score_min"": 48.43382041203516, ""execution_quality_min"": 100.0, ""expected_required_ratio_min"": 2.098042553732667, ""final_confidence_min"": 83.24517619138611, ""iv_crush_max"": 29.5, ""market_hostility_max"": 21.96073660541326, ""min_5depth_lots_each_side"": 26.0, ""min_top_book_lots"": 2.0, ""premium_elasticity_min"": 0.0, ""regime_confidence_min"": 60.0, ""spread_pct_max"": 0.363353231248372, ""trade_quality_min"": 41.72194777699944}",48.43382041203516,CE,DataHealth invalid; Contract invalid: Quote stale or spread hard rejected.; SideDirection hard reject: -5.1 < 65.0; PremiumElasticity hard reject: 0.00 < 1.00; TradeQuality below configured minimum; ConvexityEdge below excellent gate: 38.3 < 80.0,DataHealth invalid; Contract invalid: Quote stale or spread hard rejected.; SideDirection hard reject: -5.1 < 65.0; PremiumElasticity hard reject: 0.00 < 1.00; TradeQuality below configured minimum; ConvexityEdge below excellent gate: 38.3 < 80.0,,0.0,UNVALIDATED_COST_MODEL,UNAVAILABLE,paper-strategy-e935c30a69b1,opportunity-score-e935c30a69b1,PAPER_OVERRIDE::FYERS_PAPER_PROXY_RESEARCH,SKIPPED_FORWARD_PROXY,74.05,74.3,0.0,-22.275000000000006,False,True,-1.1562418894368027,OBSERVED,,FYERS_PAPER_PROXY_RESEARCH
202608251019_4_FINNIFTY_PE,5,2026-08-25T10:25:31.161520+05:30,FINNIFTY,FINNIFTY,NSE_INDEX,e172b0fef65b,"{""contract_quality_min"": 0.0, ""direction_min"": 1.945465686274064, ""excellent_score_min"": 44.799099398946574, ""execution_quality_min"": 100.0, ""expected_required_ratio_min"": 1.7594139992417113, ""final_confidence_min"": 76.94918025903205, ""iv_crush_max"": 29.5, ""market_hostility_max"": 21.817755273227473, ""min_5depth_lots_each_side"": 14.0, ""min_top_book_lots"": 1.0, ""premium_elasticity_min"": 0.0, ""regime_confidence_min"": 60.0, ""spread_pct_max"": 0.7843137254901961, ""trade_quality_min"": 17.191201353636504}",44.799099398946574,PE,DataHealth invalid; Contract invalid: Quote stale or spread hard rejected.; SideDirection hard reject: 1.9 < 65.0; PremiumElasticity hard reject: 0.00 < 1.00; TradeQuality below configured minimum; ConvexityEdge below excellent gate: 52.3 < 80.0,DataHealth invalid; Contract invalid: Quote stale or spread hard rejected.; SideDirection hard reject: 1.9 < 65.0; PremiumElasticity hard reject: 0.00 < 1.00; TradeQuality below configured minimum; ConvexityEdge below excellent gate: 52.3 < 80.0,,0.0,UNVALIDATED_COST_MODEL,UNAVAILABLE,paper-strategy-e935c30a69b1,opportunity-score-e935c30a69b1,PAPER_OVERRIDE::FYERS_PAPER_PROXY_RESEARCH,SKIPPED_FORWARD_PROXY,71.5,72.3,7.75,0.0,False,False,0.6078431372549019,OBSERVED,,FYERS_PAPER_PROXY_RESEARCH
202608251019_5_FINNIFTY_CE,5,2026-08-25T10:25:31.161520+05:30,FINNIFTY,FINNIFTY,NSE_INDEX,e172b0fef65b,"{""contract_quality_min"": 0.0, ""direction_min"": 0.0, ""excellent_score_min"": 44.448915575417246, ""execution_quality_min"": 100.0, ""expected_required_ratio_min"": 1.7594139992417113, ""final_confidence_min"": 76.36554055314984, ""iv_crush_max"": 29.5, ""market_hostility_max"": 21.817755273227473, ""min_5depth_lots_each_side"": 12.0, ""min_top_book_lots"": 2.0, ""premium_elasticity_min"": 0.0, ""regime_confidence_min"": 60.0, ""spread_pct_max"": 0.7127583749109051, ""trade_quality_min"": 17.191201353636504}",44.448915575417246,CE,DataHealth invalid; Contract invalid: Quote stale or spread hard rejected.; SideDirection hard reject: -1.9 < 65.0; PremiumElasticity hard reject: 0.00 < 1.00; TradeQuality below configured minimum; ConvexityEdge below excellent gate: 52.3 < 80.0,DataHealth invalid; Contract invalid: Quote stale or spread hard rejected.; SideDirection hard reject: -1.9 < 65.0; PremiumElasticity hard reject: 0.00 < 1.00; TradeQuality below configured minimum; ConvexityEdge below excellent gate: 52.3 < 80.0,,0.0,UNVALIDATED_COST_MODEL,UNAVAILABLE,paper-strategy-e935c30a69b1,opportunity-score-e935c30a69b1,PAPER_OVERRIDE::FYERS_PAPER_PROXY_RESEARCH,SKIPPED_FORWARD_PROXY,61.7,62.25,0.0,-8.450000000000003,False,False,-0.6022808267997151,OBSERVED,,FYERS_PAPER_PROXY_RESEARCH
202608251021_1_BANKNIFTY_PE,5,2026-08-25T10:26:12.116435+05:30,BANKNIFTY,BANKNIFTY,NSE_INDEX,2e840ccd58d1,"{""contract_quality_min"": 0.0, ""direction_min"": 9.957025103915113, ""excellent_score_min"": 59.13189199534938, ""execution_quality_min"": 100.0, ""expected_required_ratio_min"": 2.1374723597203085, ""final_confidence_min"": 89.64482137122029, ""iv_crush_max"": 29.5, ""market_hostility_max"": 21.676350277329618, ""min_5depth_lots_each_side"": 24.0, ""min_top_book_lots"": 1.0, ""premium_elasticity_min"": 0.0, ""regime_confidence_min"": 60.0, ""spread_pct_max"": 0.2709109380291268, ""trade_quality_min"": 64.49577464788995}",59.13189199534938,PE,DataHealth invalid; Contract invalid: Quote stale or spread hard rejected.; SideDirection hard reject: 10.0 < 65.0; PremiumElasticity hard reject: 0.00 < 1.00; TradeQuality below configured minimum; ConvexityEdge below excellent gate: 52.3 < 80.0,DataHealth invalid; Contract invalid: Quote stale or spread hard rejected.; SideDirection hard reject: 10.0 < 65.0; PremiumElasticity hard reject: 0.00 < 1.00; TradeQuality below configured minimum; ConvexityEdge below excellent gate: 52.3 < 80.0,,0.0,UNVALIDATED_COST_MODEL,UNAVAILABLE,paper-strategy-e935c30a69b1,opportunity-score-e935c30a69b1,PAPER_OVERRIDE::FYERS_PAPER_PROXY_RESEARCH,SKIPPED_FORWARD_PROXY,165.2,165.6,17.55000000000001,0.0,False,False,0.7020000000000004,OBSERVED,,FYERS_PAPER_PROXY_RESEARCH
202608251021_2_BANKNIFTY_CE,5,2026-08-25T10:26:12.116435+05:30,BANKNIFTY,BANKNIFTY,NSE_INDEX,2e840ccd58d1,"{""contract_quality_min"": 0.0, ""direction_min"": 0.0, ""excellent_score_min"": 57.33962747664466, ""execution_quality_min"": 100.0, ""expected_required_ratio_min"": 2.1374723597203085, ""final_confidence_min"": 86.65771384004576, ""iv_crush_max"": 29.5, ""market_hostility_max"": 21.676350277329618, ""min_5depth_lots_each_side"": 38.0, ""min_top_book_lots"": 7.0, ""premium_elasticity_min"": 0.0, ""regime_confidence_min"": 60.0, ""spread_pct_max"": 0.2313922097956123, ""trade_quality_min"": 64.49577464788995}",57.33962747664466,CE,DataHealth invalid; Contract invalid: Quote stale or spread hard rejected.; SideDirection hard reject: -10.0 < 65.0; PremiumElasticity hard reject: 0.00 < 1.00; TradeQuality below configured minimum; ConvexityEdge below excellent gate: 52.3 < 80.0,DataHealth invalid; Contract invalid: Quote stale or spread hard rejected.; SideDirection hard reject: -10.0 < 65.0; PremiumElasticity hard reject: 0.00 < 1.00; TradeQuality below configured minimum; ConvexityEdge below excellent gate: 52.3 < 80.0,,0.0,UNVALIDATED_COST_MODEL,UNAVAILABLE,paper-strategy-e935c30a69b1,opportunity-score-e935c30a69b1,PAPER_OVERRIDE::FYERS_PAPER_PROXY_RESEARCH,SKIPPED_FORWARD_PROXY,114.15,114.35,0.0,-15.5,False,False,-0.62,OBSERVED,,FYERS_PAPER_PROXY_RESEARCH
202608251021_3_BANKNIFTY_CE,5,2026-08-25T10:26:12.116435+05:30,BANKNIFTY,BANKNIFTY,NSE_INDEX,2e840ccd58d1,"{""contract_quality_min"": 0.0, ""direction_min"": 0.0, ""excellent_score_min"": 57.33962747664466, ""execution_quality_min"": 100.0, ""expected_required_ratio_min"": 2.1374723597203085, ""final_confidence_min"": 86.65771384004576, ""iv_crush_max"": 29.5, ""market_hostility_max"": 21.676350277329618, ""min_5depth_lots_each_side"": 18.0, ""min_top_book_lots"": 1.0, ""premium_elasticity_min"": 0.0, ""regime_confidence_min"": 60.0, ""spread_pct_max"": 0.3370058327932481, ""trade_quality_min"": 64.49577464788995}",57.33962747664466,CE,DataHealth invalid; Contract invalid: Quote stale or spread hard rejected.; SideDirection hard reject: -10.0 < 65.0; PremiumElasticity hard reject: 0.00 < 1.00; TradeQuality below configured minimum; ConvexityEdge below excellent gate: 52.3 < 80.0,DataHealth invalid; Contract invalid: Quote stale or spread hard rejected.; SideDirection hard reject: -10.0 < 65.0; PremiumElasticity hard reject: 0.00 < 1.00; TradeQuality below configured minimum; ConvexityEdge below excellent gate: 52.3 < 80.0,,0.0,UNVALIDATED_COST_MODEL,UNAVAILABLE,paper-strategy-e935c30a69b1,opportunity-score-e935c30a69b1,PAPER_OVERRIDE::FYERS_PAPER_PROXY_RESEARCH,SKIPPED_FORWARD_PROXY,174.0,174.55,0.0,-18.875,False,False,-0.755,OBSERVED,,FYERS_PAPER_PROXY_RESEARCH
202608251021_4_FINNIFTY_PE,5,2026-08-25T10:26:12.116435+05:30,FINNIFTY,FINNIFTY,NSE_INDEX,e172b0fef65b,"{""contract_quality_min"": 0.0, ""direction_min"": 4.640371229697708, ""excellent_score_min"": 52.33180617953049, ""execution_quality_min"": 99.30029154518878, ""expected_required_ratio_min"": 1.7740355481222434, ""final_confidence_min"": 85.02145250985194, ""iv_crush_max"": 29.5, ""market_hostility_max"": 21.67307670207498, ""min_5depth_lots_each_side"": 5.0, ""min_top_book_lots"": 1.0, ""premium_elasticity_min"": 0.0, ""regime_confidence_min"": 60.0, ""spread_pct_max"": 0.8163265306122618, ""trade_quality_min"": 42.751322751324274}",52.33180617953049,PE,DataHealth invalid; Contract invalid: Quote stale or spread hard rejected.; SideDirection hard reject: 4.6 < 65.0; PremiumElasticity hard reject: 0.00 < 1.00; TradeQuality below configured minimum; ConvexityEdge below excellent gate: 52.3 < 80.0,DataHealth invalid; Contract invalid: Quote stale or spread hard rejected.; SideDirection hard reject: 4.6 < 65.0; PremiumElasticity hard reject: 0.00 < 1.00; TradeQuality below configured minimum; ConvexityEdge below excellent gate: 52.3 < 80.0,,0.0,UNVALIDATED_COST_MODEL,UNAVAILABLE,paper-strategy-e935c30a69b1,opportunity-score-e935c30a69b1,PAPER_OVERRIDE::FYERS_PAPER_PROXY_RESEARCH,SKIPPED_FORWARD_PROXY,74.8,75.3,7.424999999999997,0.0,False,False,0.551020408163265,OBSERVED,,FYERS_PAPER_PROXY_RESEARCH
202608251021_5_FINNIFTY_CE,5,2026-08-25T10:26:12.116435+05:30,FINNIFTY,FINNIFTY,NSE_INDEX,e172b0fef65b,"{""contract_quality_min"": 0.0, ""direction_min"": 0.0, ""excellent_score_min"": 51.60149562640659, ""execution_quality_min"": 100.0, ""expected_required_ratio_min"": 1.7740355481222434, ""final_confidence_min"": 83.62934114094261, ""iv_crush_max"": 29.5, ""market_hostility_max"": 21.67307670207498, ""min_5depth_lots_each_side"": 12.0, ""min_top_book_lots"": 1.0, ""premium_elasticity_min"": 0.0, ""regime_confidence_min"": 60.0, ""spread_pct_max"": 0.5992509363295966, ""trade_quality_min"": 42.751322751324274}",51.60149562640659,CE,DataHealth invalid; Contract invalid: Quote stale or spread hard rejected.; SideDirection hard reject: -4.6 < 65.0; PremiumElasticity hard reject: 0.00 < 1.00; TradeQuality below configured minimum; ConvexityEdge below excellent gate: 52.3 < 80.0,DataHealth invalid; Contract invalid: Quote stale or spread hard rejected.; SideDirection hard reject: -4.6 < 65.0; PremiumElasticity hard reject: 0.00 < 1.00; TradeQuality below configured minimum; ConvexityEdge below excellent gate: 52.3 < 80.0,,0.0,UNVALIDATED_COST_MODEL,UNAVAILABLE,paper-strategy-e935c30a69b1,opportunity-score-e935c30a69b1,PAPER_OVERRIDE::FYERS_PAPER_PROXY_RESEARCH,SKIPPED_FORWARD_PROXY,60.55,61.05,0.0,-6.200000000000003,False,False,-0.4644194756554309,OBSERVED,,FYERS_PAPER_PROXY_RESEARCH
202608251022_1_BANKNIFTY_PE,5,2026-08-25T10:27:55.105784+05:30,BANKNIFTY,BANKNIFTY,NSE_INDEX,2e840ccd58d1,"{""contract_quality_min"": 0.0, ""direction_min"": 8.845915941178575, ""excellent_score_min"": 58.62178158592607, ""execution_quality_min"": 100.0, ""expected_required_ratio_min"": 2.099486906057453, ""final_confidence_min"": 89.93896169458195, ""iv_crush_max"": 29.5, ""market_hostility_max"": 21.631760220818418, ""min_5depth_lots_each_side"": 15.0, ""min_top_book_lots"": 1.0, ""premium_elasticity_min"": 0.0, ""regime_confidence_min"": 60.0, ""spread_pct_max"": 0.2255517963589459, ""trade_quality_min"": 62.959752321982776}",58.62178158592607,PE,DataHealth invalid; Contract invalid: Quote stale or spread hard rejected.; SideDirection hard reject: 8.8 < 65.0; PremiumElasticity hard reject: 0.00 < 1.00; TradeQuality below configured minimum; ConvexityEdge below excellent gate: 52.3 < 80.0,DataHealth invalid; Contract invalid: Quote stale or spread hard rejected.; SideDirection hard reject: 8.8 < 65.0; PremiumElasticity hard reject: 0.00 < 1.00; TradeQuality below configured minimum; ConvexityEdge below excellent gate: 52.3 < 80.0,,0.0,UNVALIDATED_COST_MODEL,UNAVAILABLE,paper-strategy-e935c30a69b1,opportunity-score-e935c30a69b1,PAPER_OVERRIDE::FYERS_PAPER_PROXY_RESEARCH,SKIPPED_FORWARD_PROXY,155.05,155.45,0.0,-0.125,False,False,-0.005,OBSERVED,,FYERS_PAPER_PROXY_RESEARCH
202608251022_2_BANKNIFTY_CE,5,2026-08-25T10:27:55.105784+05:30,BANKNIFTY,BANKNIFTY,NSE_INDEX,2e840ccd58d1,"{""contract_quality_min"": 0.0, ""direction_min"": 0.0, ""excellent_score_min"": 57.02951671651393, ""execution_quality_min"": 100.0, ""expected_required_ratio_min"": 2.099486906057453, ""final_confidence_min"": 87.28518691222838, ""iv_crush_max"": 29.5, ""market_hostility_max"": 21.631760220818418, ""min_5depth_lots_each_side"": 16.0, ""min_top_book_lots"": 2.0, ""premium_elasticity_min"": 0.0, ""regime_confidence_min"": 60.0, ""spread_pct_max"": 0.23668639053255336, ""trade_quality_min"": 62.959752321982776}",57.02951671651393,CE,DataHealth invalid; Contract invalid: Quote stale or spread hard rejected.; SideDirection hard reject: -8.8 < 65.0; PremiumElasticity hard reject: 0.00 < 1.00; TradeQuality below configured minimum; ConvexityEdge below excellent gate: 52.3 < 80.0,DataHealth invalid; Contract invalid: Quote stale or spread hard rejected.; SideDirection hard reject: -8.8 < 65.0; PremiumElasticity hard reject: 0.00 < 1.00; TradeQuality below configured minimum; ConvexityEdge below excellent gate: 52.3 < 80.0,,0.0,UNVALIDATED_COST_MODEL,UNAVAILABLE,paper-strategy-e935c30a69b1,opportunity-score-e935c30a69b1,PAPER_OVERRIDE::FYERS_PAPER_PROXY_RESEARCH,SKIPPED_FORWARD_PROXY,121.3,121.55,0.0,-5.450000000000003,False,False,-0.2180000000000001,OBSERVED,,FYERS_PAPER_PROXY_RESEARCH
202608251022_3_BANKNIFTY_CE,5,2026-08-25T10:27:55.105784+05:30,BANKNIFTY,BANKNIFTY,NSE_INDEX,2e840ccd58d1,"{""contract_quality_min"": 0.0, ""direction_min"": 0.0, ""excellent_score_min"": 57.02951671651393, ""execution_quality_min"": 100.0, ""expected_required_ratio_min"": 2.099486906057453, ""final_confidence_min"": 87.28518691222838, ""iv_crush_max"": 29.5, ""market_hostility_max"": 21.631760220818418, ""min_5depth_lots_each_side"": 21.0, ""min_top_book_lots"": 1.0, ""premium_elasticity_min"": 0.0, ""regime_confidence_min"": 60.0, ""spread_pct_max"": 0.23894862604540928, ""trade_quality_min"": 62.959752321982776}",57.02951671651393,CE,DataHealth invalid; Contract invalid: Quote stale or spread hard rejected.; SideDirection hard reject: -8.8 < 65.0; PremiumElasticity hard reject: 0.00 < 1.00; TradeQuality below configured minimum; ConvexityEdge below excellent gate: 52.3 < 80.0,DataHealth invalid; Contract invalid: Quote stale or spread hard rejected.; SideDirection hard reject: -8.8 < 65.0; PremiumElasticity hard reject: 0.00 < 1.00; TradeQuality below configured minimum; ConvexityEdge below excellent gate: 52.3 < 80.0,,0.0,UNVALIDATED_COST_MODEL,UNAVAILABLE,paper-strategy-e935c30a69b1,opportunity-score-e935c30a69b1,PAPER_OVERRIDE::FYERS_PAPER_PROXY_RESEARCH,SKIPPED_FORWARD_PROXY,181.05,181.6,0.0,-7.274999999999977,False,False,-0.2909999999999991,OBSERVED,,FYERS_PAPER_PROXY_RESEARCH
202608251022_4_BANKNIFTY_CE,5,2026-08-25T10:27:55.105784+05:30,BANKNIFTY,BANKNIFTY,NSE_INDEX,2e840ccd58d1,"{""contract_quality_min"": 0.0, ""direction_min"": 0.0, ""excellent_score_min"": 54.22951671651393, ""execution_quality_min"": 100.0, ""expected_required_ratio_min"": 2.099486906057453, ""final_confidence_min"": 87.28518691222838, ""iv_crush_max"": 29.5, ""market_hostility_max"": 21.631760220818418, ""min_5depth_lots_each_side"": 58.0, ""min_top_book_lots"": 2.0, ""premium_elasticity_min"": 0.0, ""regime_confidence_min"": 60.0, ""spread_pct_max"": 0.3112356053532524, ""trade_quality_min"": 62.959752321982776}",54.22951671651393,CE,DataHealth invalid; Contract invalid: Quote stale or spread hard rejected.; SideDirection hard reject: -8.8 < 65.0; PremiumElasticity hard reject: 0.00 < 1.00; TradeQuality below configured minimum; ConvexityEdge below excellent gate: 38.3 < 80.0,DataHealth invalid; Contract invalid: Quote stale or spread hard rejected.; SideDirection hard reject: -8.8 < 65.0; PremiumElasticity hard reject: 0.00 < 1.00; TradeQuality below configured minimum; ConvexityEdge below excellent gate: 38.3 < 80.0,,0.0,UNVALIDATED_COST_MODEL,UNAVAILABLE,paper-strategy-e935c30a69b1,opportunity-score-e935c30a69b1,PAPER_OVERRIDE::FYERS_PAPER_PROXY_RESEARCH,SKIPPED_FORWARD_PROXY,75.8,76.0,0.0,-4.525000000000006,False,False,-0.2816682228446938,OBSERVED,,FYERS_PAPER_PROXY_RESEARCH
202608251022_5_FINNIFTY_PE,5,2026-08-25T10:27:55.105784+05:30,FINNIFTY,FINNIFTY,NSE_INDEX,e172b0fef65b,"{""contract_quality_min"": 0.0, ""direction_min"": 3.675921565023606, ""excellent_score_min"": 50.98147143520708, ""execution_quality_min"": 100.0, ""expected_required_ratio_min"": 1.7441305693135214, ""final_confidence_min"": 83.4799596633263, ""iv_crush_max"": 29.5, ""market_hostility_max"": 21.642889158758884, ""min_5depth_lots_each_side"": 12.0, ""min_top_book_lots"": 3.0, ""premium_elasticity_min"": 0.0, ""regime_confidence_min"": 60.0, ""spread_pct_max"": 0.7380073800738007, ""trade_quality_min"": 38.0952380952425}",50.98147143520708,PE,DataHealth invalid; Contract invalid: Quote stale or spread hard rejected.; SideDirection hard reject: 3.7 < 65.0; PremiumElasticity hard reject: 0.00 < 1.00; TradeQuality below configured minimum; ConvexityEdge below excellent gate: 52.3 < 80.0,DataHealth invalid; Contract invalid: Quote stale or spread hard rejected.; SideDirection hard reject: 3.7 < 65.0; PremiumElasticity hard reject: 0.00 < 1.00; TradeQuality below configured minimum; ConvexityEdge below excellent gate: 52.3 < 80.0,,0.0,UNVALIDATED_COST_MODEL,UNAVAILABLE,paper-strategy-e935c30a69b1,opportunity-score-e935c30a69b1,PAPER_OVERRIDE::FYERS_PAPER_PROXY_RESEARCH,SKIPPED_FORWARD_PROXY,71.05,71.55,3.299999999999997,0.0,False,False,0.24354243542435403,OBSERVED,,FYERS_PAPER_PROXY_RESEARCH
202608251023_1_BANKNIFTY_PE,5,2026-08-25T10:29:04.868265+05:30,BANKNIFTY,BANKNIFTY,NSE_INDEX,2e840ccd58d1,"{""contract_quality_min"": 0.0, ""direction_min"": 11.134636897750978, ""excellent_score_min"": 62.50552602827593, ""execution_quality_min"": 100.0, ""expected_required_ratio_min"": 2.126379026264034, ""final_confidence_min"": 85.58297194743737, ""iv_crush_max"": 29.5, ""market_hostility_max"": 21.391945428606057, ""min_5depth_lots_each_side"": 37.0, ""min_top_book_lots"": 1.0, ""premium_elasticity_min"": 0.0, ""regime_confidence_min"": 60.0, ""spread_pct_max"": 0.24527839097375523, ""trade_quality_min"": 78.62407862408425}",62.50552602827593,PE,DataHealth invalid; Contract invalid: Quote stale or spread hard rejected.; SideDirection hard reject: 11.1 < 65.0; PremiumElasticity hard reject: 0.00 < 1.00; ConvexityEdge below excellent gate: 52.3 < 80.0,DataHealth invalid; Contract invalid: Quote stale or spread hard rejected.; SideDirection hard reject: 11.1 < 65.0; PremiumElasticity hard reject: 0.00 < 1.00; ConvexityEdge below excellent gate: 52.3 < 80.0,,0.0,UNVALIDATED_COST_MODEL,UNAVAILABLE,paper-strategy-e935c30a69b1,opportunity-score-e935c30a69b1,PAPER_OVERRIDE::FYERS_PAPER_PROXY_RESEARCH,SKIPPED_FORWARD_PROXY,95.15,95.3,0.0,-6.7749999999999915,False,False,-0.33235221976943785,OBSERVED,,FYERS_PAPER_PROXY_RESEARCH
202608251023_2_BANKNIFTY_PE,5,2026-08-25T10:29:04.868265+05:30,BANKNIFTY,BANKNIFTY,NSE_INDEX,2e840ccd58d1,"{""contract_quality_min"": 0.0, ""direction_min"": 11.134636897750978, ""excellent_score_min"": 62.50552602827593, ""execution_quality_min"": 100.0, ""expected_required_ratio_min"": 2.126379026264034, ""final_confidence_min"": 85.58297194743737, ""iv_crush_max"": 29.5, ""market_hostility_max"": 21.391945428606057, ""min_5depth_lots_each_side"": 32.0, ""min_top_book_lots"": 3.0, ""premium_elasticity_min"": 0.0, ""regime_confidence_min"": 60.0, ""spread_pct_max"": 0.19169329073483155, ""trade_quality_min"": 78.62407862408425}",62.50552602827593,PE,DataHealth invalid; Contract invalid: Quote stale or spread hard rejected.; SideDirection hard reject: 11.1 < 65.0; PremiumElasticity hard reject: 0.00 < 1.00; ConvexityEdge below excellent gate: 52.3 < 80.0,DataHealth invalid; Contract invalid: Quote stale or spread hard rejected.; SideDirection hard reject: 11.1 < 65.0; PremiumElasticity hard reject: 0.00 < 1.00; ConvexityEdge below excellent gate: 52.3 < 80.0,,0.0,UNVALIDATED_COST_MODEL,UNAVAILABLE,paper-strategy-e935c30a69b1,opportunity-score-e935c30a69b1,PAPER_OVERRIDE::FYERS_PAPER_PROXY_RESEARCH,SKIPPED_FORWARD_PROXY,150.15,150.6,0.0,-6.349999999999994,False,False,-0.2539999999999998,OBSERVED,,FYERS_PAPER_PROXY_RESEARCH
202608251023_3_BANKNIFTY_CE,5,2026-08-25T10:29:04.868265+05:30,BANKNIFTY,BANKNIFTY,NSE_INDEX,2e840ccd58d1,"{""contract_quality_min"": 0.0, ""direction_min"": 0.0, ""excellent_score_min"": 60.50129138668076, ""execution_quality_min"": 100.0, ""expected_required_ratio_min"": 2.126379026264034, ""final_confidence_min"": 82.24258087811207, ""iv_crush_max"": 29.5, ""market_hostility_max"": 21.391945428606057, ""min_5depth_lots_each_side"": 23.0, ""min_top_book_lots"": 3.0, ""premium_elasticity_min"": 0.0, ""regime_confidence_min"": 60.0, ""spread_pct_max"": 0.21798365122614566, ""trade_quality_min"": 78.62407862408425}",60.50129138668076,CE,DataHealth invalid; Contract invalid: Quote stale or spread hard rejected.; SideDirection hard reject: -11.1 < 65.0; PremiumElasticity hard reject: 0.00 < 1.00; ConvexityEdge below excellent gate: 52.3 < 80.0,DataHealth invalid; Contract invalid: Quote stale or spread hard rejected.; SideDirection hard reject: -11.1 < 65.0; PremiumElasticity hard reject: 0.00 < 1.00; ConvexityEdge below excellent gate: 52.3 < 80.0,,0.0,UNVALIDATED_COST_MODEL,UNAVAILABLE,paper-strategy-e935c30a69b1,opportunity-score-e935c30a69b1,PAPER_OVERRIDE::FYERS_PAPER_PROXY_RESEARCH,SKIPPED_FORWARD_PROXY,188.0,188.4,4.5,0.0,False,False,0.18,OBSERVED,,FYERS_PAPER_PROXY_RESEARCH
202608251023_4_FINNIFTY_PE,5,2026-08-25T10:29:04.868265+05:30,FINNIFTY,FINNIFTY,NSE_INDEX,e172b0fef65b,"{""contract_quality_min"": 0.0, ""direction_min"": 5.176308434473435, ""excellent_score_min"": 56.96601563837104, ""execution_quality_min"": 100.0, ""expected_required_ratio_min"": 1.7486127092364279, ""final_confidence_min"": 89.68417158706418, ""iv_crush_max"": 29.5, ""market_hostility_max"": 21.017142215002792, ""min_5depth_lots_each_side"": 8.0, ""min_top_book_lots"": 1.0, ""premium_elasticity_min"": 0.0, ""regime_confidence_min"": 60.0, ""spread_pct_max"": 0.7564296520423601, ""trade_quality_min"": 58.02575107297724}",56.96601563837104,PE,DataHealth invalid; Contract invalid: Quote stale or spread hard rejected.; SideDirection hard reject: 5.2 < 65.0; PremiumElasticity hard reject: 0.00 < 1.00; TradeQuality below configured minimum; ConvexityEdge below excellent gate: 52.3 < 80.0,DataHealth invalid; Contract invalid: Quote stale or spread hard rejected.; SideDirection hard reject: 5.2 < 65.0; PremiumElasticity hard reject: 0.00 < 1.00; TradeQuality below configured minimum; ConvexityEdge below excellent gate: 52.3 < 80.0,,0.0,UNVALIDATED_COST_MODEL,UNAVAILABLE,paper-strategy-e935c30a69b1,opportunity-score-e935c30a69b1,PAPER_OVERRIDE::FYERS_PAPER_PROXY_RESEARCH,SKIPPED_FORWARD_PROXY,67.65,68.55,1.5500000000000114,0.0,False,False,0.11724659606656668,OBSERVED,,FYERS_PAPER_PROXY_RESEARCH
202608251023_5_FINNIFTY_PE,5,2026-08-25T10:29:04.868265+05:30,FINNIFTY,FINNIFTY,NSE_INDEX,e172b0fef65b,"{""contract_quality_min"": 0.0, ""direction_min"": 5.176308434473435, ""excellent_score_min"": 56.76127919834047, ""execution_quality_min"": 98.63509039979614, ""expected_required_ratio_min"": 1.7486127092364279, ""final_confidence_min"": 89.68417158706418, ""iv_crush_max"": 29.5, ""market_hostility_max"": 21.017142215002792, ""min_5depth_lots_each_side"": 18.0, ""min_top_book_lots"": 5.0, ""premium_elasticity_min"": 0.0, ""regime_confidence_min"": 60.0, ""spread_pct_max"": 0.8318478906714234, ""trade_quality_min"": 58.02575107297724}",56.76127919834047,PE,DataHealth invalid; Contract invalid: Quote stale or spread hard rejected.; SideDirection hard reject: 5.2 < 65.0; PremiumElasticity hard reject: 0.00 < 1.00; TradeQuality below configured minimum; ConvexityEdge below excellent gate: 52.3 < 80.0,DataHealth invalid; Contract invalid: Quote stale or spread hard rejected.; SideDirection hard reject: 5.2 < 65.0; PremiumElasticity hard reject: 0.00 < 1.00; TradeQuality below configured minimum; ConvexityEdge below excellent gate: 52.3 < 80.0,,0.0,UNVALIDATED_COST_MODEL,UNAVAILABLE,paper-strategy-e935c30a69b1,opportunity-score-e935c30a69b1,PAPER_OVERRIDE::FYERS_PAPER_PROXY_RESEARCH,SKIPPED_FORWARD_PROXY,42.7,43.2,0.625,0.0,False,False,0.0742721330956625,OBSERVED,,FYERS_PAPER_PROXY_RESEARCH
202608251014_1_BANKNIFTY_PE,15,2026-08-25T10:29:45.685912+05:30,BANKNIFTY,BANKNIFTY,NSE_INDEX,2e840ccd58d1,"{""contract_quality_min"": 0.0, ""direction_min"": 3.185876411646041, ""excellent_score_min"": 48.477328356030434, ""execution_quality_min"": 100.0, ""expected_required_ratio_min"": 2.2156920283872656, ""final_confidence_min"": 80.9436237129716, ""iv_crush_max"": 29.5, ""market_hostility_max"": 22.14146941213686, ""min_5depth_lots_each_side"": 31.0, ""min_top_book_lots"": 4.0, ""premium_elasticity_min"": 0.0, ""regime_confidence_min"": 60.0, ""spread_pct_max"": 0.27624309392264934, ""trade_quality_min"": 29.885807504082337}",48.477328356030434,PE,DataHealth invalid; Contract invalid: Quote stale or spread hard rejected.; SideDirection hard reject: 3.2 < 65.0; PremiumElasticity hard reject: 0.00 < 1.00; TradeQuality below configured minimum; ConvexityEdge below excellent gate: 52.3 < 80.0,DataHealth invalid; Contract invalid: Quote stale or spread hard rejected.; SideDirection hard reject: 3.2 < 65.0; PremiumElasticity hard reject: 0.00 < 1.00; TradeQuality below configured minimum; ConvexityEdge below excellent gate: 52.3 < 80.0,,0.0,UNVALIDATED_COST_MODEL,UNAVAILABLE,paper-strategy-e935c30a69b1,opportunity-score-e935c30a69b1,PAPER_OVERRIDE::FYERS_PAPER_PROXY_RESEARCH,SKIPPED_FORWARD_PROXY,143.9,144.25,35.30000000000001,0.0,False,False,1.6252302025782694,OBSERVED,,FYERS_PAPER_PROXY_RESEARCH
202608251014_2_BANKNIFTY_PE,15,2026-08-25T10:29:45.685912+05:30,BANKNIFTY,BANKNIFTY,NSE_INDEX,2e840ccd58d1,"{""contract_quality_min"": 0.0, ""direction_min"": 3.185876411646041, ""excellent_score_min"": 48.477328356030434, ""execution_quality_min"": 100.0, ""expected_required_ratio_min"": 2.2156920283872656, ""final_confidence_min"": 80.9436237129716, ""iv_crush_max"": 29.5, ""market_hostility_max"": 22.14146941213686, ""min_5depth_lots_each_side"": 33.0, ""min_top_book_lots"": 9.0, ""premium_elasticity_min"": 0.0, ""regime_confidence_min"": 60.0, ""spread_pct_max"": 0.329884540410863, ""trade_quality_min"": 29.885807504082337}",48.477328356030434,PE,DataHealth invalid; Contract invalid: Quote stale or spread hard rejected.; SideDirection hard reject: 3.2 < 65.0; PremiumElasticity hard reject: 0.00 < 1.00; TradeQuality below configured minimum; ConvexityEdge below excellent gate: 52.3 < 80.0,DataHealth invalid; Contract invalid: Quote stale or spread hard rejected.; SideDirection hard reject: 3.2 < 65.0; PremiumElasticity hard reject: 0.00 < 1.00; TradeQuality below configured minimum; ConvexityEdge below excellent gate: 52.3 < 80.0,,0.0,UNVALIDATED_COST_MODEL,UNAVAILABLE,paper-strategy-e935c30a69b1,opportunity-score-e935c30a69b1,PAPER_OVERRIDE::FYERS_PAPER_PROXY_RESEARCH,SKIPPED_FORWARD_PROXY,215.0,215.55,48.275000000000006,0.0,False,False,1.9310000000000003,OBSERVED,,FYERS_PAPER_PROXY_RESEARCH
202608251014_3_BANKNIFTY_CE,15,2026-08-25T10:29:45.685912+05:30,BANKNIFTY,BANKNIFTY,NSE_INDEX,2e840ccd58d1,"{""contract_quality_min"": 0.0, ""direction_min"": 0.0, ""excellent_score_min"": 47.90387060193415, ""execution_quality_min"": 100.0, ""expected_required_ratio_min"": 2.2156920283872656, ""final_confidence_min"": 79.98786078947779, ""iv_crush_max"": 29.5, ""market_hostility_max"": 22.14146941213686, ""min_5depth_lots_each_side"": 20.0, ""min_top_book_lots"": 6.0, ""premium_elasticity_min"": 0.0, ""regime_confidence_min"": 60.0, ""spread_pct_max"": 0.22138587558113793, ""trade_quality_min"": 29.885807504082337}",47.90387060193415,CE,DataHealth invalid; Contract invalid: Quote stale or spread hard rejected.; SideDirection hard reject: -3.2 < 65.0; PremiumElasticity hard reject: 0.00 < 1.00; TradeQuality below configured minimum; ConvexityEdge below excellent gate: 52.3 < 80.0,DataHealth invalid; Contract invalid: Quote stale or spread hard rejected.; SideDirection hard reject: -3.2 < 65.0; PremiumElasticity hard reject: 0.00 < 1.00; TradeQuality below configured minimum; ConvexityEdge below excellent gate: 52.3 < 80.0,,0.0,UNVALIDATED_COST_MODEL,UNAVAILABLE,paper-strategy-e935c30a69b1,opportunity-score-e935c30a69b1,PAPER_OVERRIDE::FYERS_PAPER_PROXY_RESEARCH,SKIPPED_FORWARD_PROXY,79.85,80.1,0.0,-33.075,False,True,-1.4644675669692275,OBSERVED,,FYERS_PAPER_PROXY_RESEARCH
202608251014_4_BANKNIFTY_CE,15,2026-08-25T10:29:45.685912+05:30,BANKNIFTY,BANKNIFTY,NSE_INDEX,2e840ccd58d1,"{""contract_quality_min"": 0.0, ""direction_min"": 0.0, ""excellent_score_min"": 47.90387060193415, ""execution_quality_min"": 100.0, ""expected_required_ratio_min"": 2.2156920283872656, ""final_confidence_min"": 79.98786078947779, ""iv_crush_max"": 29.5, ""market_hostility_max"": 22.14146941213686, ""min_5depth_lots_each_side"": 12.0, ""min_top_book_lots"": 1.0, ""premium_elasticity_min"": 0.0, ""regime_confidence_min"": 60.0, ""spread_pct_max"": 0.1746216530849726, ""trade_quality_min"": 29.885807504082337}",47.90387060193415,CE,DataHealth invalid; Contract invalid: Quote stale or spread hard rejected.; SideDirection hard reject: -3.2 < 65.0; PremiumElasticity hard reject: 0.00 < 1.00; TradeQuality below configured minimum; ConvexityEdge below excellent gate: 52.3 < 80.0,DataHealth invalid; Contract invalid: Quote stale or spread hard rejected.; SideDirection hard reject: -3.2 < 65.0; PremiumElasticity hard reject: 0.00 < 1.00; TradeQuality below configured minimum; ConvexityEdge below excellent gate: 52.3 < 80.0,,0.0,UNVALIDATED_COST_MODEL,UNAVAILABLE,paper-strategy-e935c30a69b1,opportunity-score-e935c30a69b1,PAPER_OVERRIDE::FYERS_PAPER_PROXY_RESEARCH,SKIPPED_FORWARD_PROXY,126.35,126.7,0.0,-45.45000000000002,False,True,-1.8180000000000007,OBSERVED,,FYERS_PAPER_PROXY_RESEARCH
202608251014_5_BANKNIFTY_PE,15,2026-08-25T10:29:45.685912+05:30,BANKNIFTY,BANKNIFTY,NSE_INDEX,2e840ccd58d1,"{""contract_quality_min"": 0.0, ""direction_min"": 3.185876411646041, ""excellent_score_min"": 45.67732835603043, ""execution_quality_min"": 100.0, ""expected_required_ratio_min"": 2.2156920283872656, ""final_confidence_min"": 80.9436237129716, ""iv_crush_max"": 29.5, ""market_hostility_max"": 22.14146941213686, ""min_5depth_lots_each_side"": 66.0, ""min_top_book_lots"": 5.0, ""premium_elasticity_min"": 0.0, ""regime_confidence_min"": 60.0, ""spread_pct_max"": 0.36913990402362495, ""trade_quality_min"": 29.885807504082337}",45.67732835603043,PE,DataHealth invalid; Contract invalid: Quote stale or spread hard rejected.; SideDirection hard reject: 3.2 < 65.0; PremiumElasticity hard reject: 0.00 < 1.00; TradeQuality below configured minimum; ConvexityEdge below excellent gate: 38.3 < 80.0,DataHealth invalid; Contract invalid: Quote stale or spread hard rejected.; SideDirection hard reject: 3.2 < 65.0; PremiumElasticity hard reject: 0.00 < 1.00; TradeQuality below configured minimum; ConvexityEdge below excellent gate: 38.3 < 80.0,,0.0,UNVALIDATED_COST_MODEL,UNAVAILABLE,paper-strategy-e935c30a69b1,opportunity-score-e935c30a69b1,PAPER_OVERRIDE::FYERS_PAPER_PROXY_RESEARCH,SKIPPED_FORWARD_PROXY,91.9,92.1,24.17500000000001,0.0,False,False,1.7847914359542274,OBSERVED,,FYERS_PAPER_PROXY_RESEARCH
202608251015_1_BANKNIFTY_PE,15,2026-08-25T10:30:21.431051+05:30,BANKNIFTY,BANKNIFTY,NSE_INDEX,2e840ccd58d1,"{""contract_quality_min"": 0.0, ""direction_min"": 3.825694407008672, ""excellent_score_min"": 50.24269537120577, ""execution_quality_min"": 100.0, ""expected_required_ratio_min"": 2.219230232663193, ""final_confidence_min"": 82.82303982880477, ""iv_crush_max"": 29.5, ""market_hostility_max"": 22.160469983415588, ""min_5depth_lots_each_side"": 43.0, ""min_top_book_lots"": 2.0, ""premium_elasticity_min"": 0.0, ""regime_confidence_min"": 60.0, ""spread_pct_max"": 0.3261122757978051, ""trade_quality_min"": 35.830618892511545}",50.24269537120577,PE,DataHealth invalid; Contract invalid: Quote stale or spread hard rejected.; SideDirection hard reject: 3.8 < 65.0; PremiumElasticity hard reject: 0.00 < 1.00; TradeQuality below configured minimum; ConvexityEdge below excellent gate: 52.3 < 80.0,DataHealth invalid; Contract invalid: Quote stale or spread hard rejected.; SideDirection hard reject: 3.8 < 65.0; PremiumElasticity hard reject: 0.00 < 1.00; TradeQuality below configured minimum; ConvexityEdge below excellent gate: 52.3 < 80.0,,0.0,UNVALIDATED_COST_MODEL,UNAVAILABLE,paper-strategy-e935c30a69b1,opportunity-score-e935c30a69b1,PAPER_OVERRIDE::FYERS_PAPER_PROXY_RESEARCH,SKIPPED_FORWARD_PROXY,140.25,140.55,32.925,0.0,False,False,1.5338923829489863,OBSERVED,,FYERS_PAPER_PROXY_RESEARCH
202608251015_2_BANKNIFTY_PE,15,2026-08-25T10:30:21.431051+05:30,BANKNIFTY,BANKNIFTY,NSE_INDEX,2e840ccd58d1,"{""contract_quality_min"": 0.0, ""direction_min"": 3.825694407008672, ""excellent_score_min"": 50.24269537120577, ""execution_quality_min"": 100.0, ""expected_required_ratio_min"": 2.219230232663193, ""final_confidence_min"": 82.82303982880477, ""iv_crush_max"": 29.5, ""market_hostility_max"": 22.160469983415588, ""min_5depth_lots_each_side"": 20.0, ""min_top_book_lots"": 1.0, ""premium_elasticity_min"": 0.0, ""regime_confidence_min"": 60.0, ""spread_pct_max"": 0.3049710277523635, ""trade_quality_min"": 35.830618892511545}",50.24269537120577,PE,DataHealth invalid; Contract invalid: Quote stale or spread hard rejected.; SideDirection hard reject: 3.8 < 65.0; PremiumElasticity hard reject: 0.00 < 1.00; TradeQuality below configured minimum; ConvexityEdge below excellent gate: 52.3 < 80.0,DataHealth invalid; Contract invalid: Quote stale or spread hard rejected.; SideDirection hard reject: 3.8 < 65.0; PremiumElasticity hard reject: 0.00 < 1.00; TradeQuality below configured minimum; ConvexityEdge below excellent gate: 52.3 < 80.0,,0.0,UNVALIDATED_COST_MODEL,UNAVAILABLE,paper-strategy-e935c30a69b1,opportunity-score-e935c30a69b1,PAPER_OVERRIDE::FYERS_PAPER_PROXY_RESEARCH,SKIPPED_FORWARD_PROXY,207.85,208.45,43.900000000000006,0.0,False,False,1.7560000000000002,OBSERVED,,FYERS_PAPER_PROXY_RESEARCH
202608251015_3_BANKNIFTY_CE,15,2026-08-25T10:30:21.431051+05:30,BANKNIFTY,BANKNIFTY,NSE_INDEX,2e840ccd58d1,"{""contract_quality_min"": 0.0, ""direction_min"": 0.0, ""excellent_score_min"": 49.55407037794421, ""execution_quality_min"": 100.0, ""expected_required_ratio_min"": 2.219230232663193, ""final_confidence_min"": 81.67533150670216, ""iv_crush_max"": 29.5, ""market_hostility_max"": 22.160469983415588, ""min_5depth_lots_each_side"": 20.0, ""min_top_book_lots"": 1.0, ""premium_elasticity_min"": 0.0, ""regime_confidence_min"": 60.0, ""spread_pct_max"": 0.28885037550548814, ""trade_quality_min"": 35.830618892511545}",49.55407037794421,CE,DataHealth invalid; Contract invalid: Quote stale or spread hard rejected.; SideDirection hard reject: -3.8 < 65.0; PremiumElasticity hard reject: 0.00 < 1.00; TradeQuality below configured minimum; ConvexityEdge below excellent gate: 52.3 < 80.0,DataHealth invalid; Contract invalid: Quote stale or spread hard rejected.; SideDirection hard reject: -3.8 < 65.0; PremiumElasticity hard reject: 0.00 < 1.00; TradeQuality below configured minimum; ConvexityEdge below excellent gate: 52.3 < 80.0,,0.0,UNVALIDATED_COST_MODEL,UNAVAILABLE,paper-strategy-e935c30a69b1,opportunity-score-e935c30a69b1,PAPER_OVERRIDE::FYERS_PAPER_PROXY_RESEARCH,SKIPPED_FORWARD_PROXY,131.3,131.7,0.0,-41.79999999999998,False,True,-1.6719999999999993,OBSERVED,,FYERS_PAPER_PROXY_RESEARCH
202608251015_4_FINNIFTY_CE,15,2026-08-25T10:30:21.431051+05:30,FINNIFTY,FINNIFTY,NSE_INDEX,e172b0fef65b,"{""contract_quality_min"": 0.0, ""direction_min"": 0.0, ""excellent_score_min"": 44.71036838875979, ""execution_quality_min"": 100.0, ""expected_required_ratio_min"": 1.7500297215141083, ""final_confidence_min"": 76.71420255131616, ""iv_crush_max"": 29.5, ""market_hostility_max"": 22.38687413215719, ""min_5depth_lots_each_side"": 13.0, ""min_top_book_lots"": 1.0, ""premium_elasticity_min"": 0.0, ""regime_confidence_min"": 60.0, ""spread_pct_max"": 0.7766990291262063, ""trade_quality_min"": 18.6666666666699}",44.71036838875979,CE,DataHealth invalid; Contract invalid: Quote stale or spread hard rejected.; SideDirection hard reject: -2.6 < 65.0; PremiumElasticity hard reject: 0.00 < 1.00; TradeQuality below configured minimum; ConvexityEdge below excellent gate: 52.3 < 80.0,DataHealth invalid; Contract invalid: Quote stale or spread hard rejected.; SideDirection hard reject: -2.6 < 65.0; PremiumElasticity hard reject: 0.00 < 1.00; TradeQuality below configured minimum; ConvexityEdge below excellent gate: 52.3 < 80.0,,0.0,UNVALIDATED_COST_MODEL,UNAVAILABLE,paper-strategy-e935c30a69b1,opportunity-score-e935c30a69b1,PAPER_OVERRIDE::FYERS_PAPER_PROXY_RESEARCH,SKIPPED_FORWARD_PROXY,65.5,65.95,0.0,-11.75,False,False,-0.7605177993527508,OBSERVED,,FYERS_PAPER_PROXY_RESEARCH
202608251015_5_FINNIFTY_PE,15,2026-08-25T10:30:21.431051+05:30,FINNIFTY,FINNIFTY,NSE_INDEX,e172b0fef65b,"{""contract_quality_min"": 0.0, ""direction_min"": 2.5719829912319736, ""excellent_score_min"": 44.11589437584445, ""execution_quality_min"": 92.95046032441934, ""expected_required_ratio_min"": 1.7500297215141083, ""final_confidence_min"": 77.48579744868576, ""iv_crush_max"": 29.5, ""market_hostility_max"": 22.38687413215719, ""min_5depth_lots_each_side"": 12.0, ""min_top_book_lots"": 2.0, ""premium_elasticity_min"": 0.0, ""regime_confidence_min"": 60.0, ""spread_pct_max"": 0.9644892590968823, ""trade_quality_min"": 18.6666666666699}",44.11589437584445,PE,DataHealth invalid; Contract invalid: Quote stale or spread hard rejected.; SideDirection hard reject: 2.6 < 65.0; PremiumElasticity hard reject: 0.00 < 1.00; TradeQuality below configured minimum; ConvexityEdge below excellent gate: 52.3 < 80.0,DataHealth invalid; Contract invalid: Quote stale or spread hard rejected.; SideDirection hard reject: 2.6 < 65.0; PremiumElasticity hard reject: 0.00 < 1.00; TradeQuality below configured minimum; ConvexityEdge below excellent gate: 52.3 < 80.0,,0.0,UNVALIDATED_COST_MODEL,UNAVAILABLE,paper-strategy-e935c30a69b1,opportunity-score-e935c30a69b1,PAPER_OVERRIDE::FYERS_PAPER_PROXY_RESEARCH,SKIPPED_FORWARD_PROXY,66.3,66.9,9.274999999999999,0.0,False,False,0.8132398071021479,OBSERVED,,FYERS_PAPER_PROXY_RESEARCH
202608251026_1_BANKNIFTY_PE,5,2026-08-25T10:31:06.885001+05:30,BANKNIFTY,BANKNIFTY,NSE_INDEX,2e840ccd58d1,"{""contract_quality_min"": 0.0, ""direction_min"": 10.998075336816058, ""excellent_score_min"": 59.73615659580591, ""execution_quality_min"": 100.0, ""expected_required_ratio_min"": 2.0954984316348133, ""final_confidence_min"": 89.17078611611655, ""iv_crush_max"": 29.5, ""market_hostility_max"": 21.794950546665504, ""min_5depth_lots_each_side"": 44.0, ""min_top_book_lots"": 5.0, ""premium_elasticity_min"": 0.0, ""regime_confidence_min"": 60.0, ""spread_pct_max"": 0.36546368204660185, ""trade_quality_min"": 66.59641728135287}",59.73615659580591,PE,DataHealth invalid; Contract invalid: Quote stale or spread hard rejected.; SideDirection hard reject: 11.0 < 65.0; PremiumElasticity hard reject: 0.00 < 1.00; TradeQuality below configured minimum; ConvexityEdge below excellent gate: 52.3 < 80.0,DataHealth invalid; Contract invalid: Quote stale or spread hard rejected.; SideDirection hard reject: 11.0 < 65.0; PremiumElasticity hard reject: 0.00 < 1.00; TradeQuality below configured minimum; ConvexityEdge below excellent gate: 52.3 < 80.0,,0.0,UNVALIDATED_COST_MODEL,UNAVAILABLE,paper-strategy-e935c30a69b1,opportunity-score-e935c30a69b1,PAPER_OVERRIDE::FYERS_PAPER_PROXY_RESEARCH,SKIPPED_FORWARD_PROXY,91.25,91.4,0.0,-18.200000000000003,False,False,-0.8314298766560074,OBSERVED,,FYERS_PAPER_PROXY_RESEARCH
202608251026_2_BANKNIFTY_PE,5,2026-08-25T10:31:06.885001+05:30,BANKNIFTY,BANKNIFTY,NSE_INDEX,2e840ccd58d1,"{""contract_quality_min"": 0.0, ""direction_min"": 10.998075336816058, ""excellent_score_min"": 59.73615659580591, ""execution_quality_min"": 100.0, ""expected_required_ratio_min"": 2.0954984316348133, ""final_confidence_min"": 89.17078611611655, ""iv_crush_max"": 29.5, ""market_hostility_max"": 21.794950546665504, ""min_5depth_lots_each_side"": 36.0, ""min_top_book_lots"": 5.0, ""premium_elasticity_min"": 0.0, ""regime_confidence_min"": 60.0, ""spread_pct_max"": 0.27079885662706005, ""trade_quality_min"": 66.59641728135287}",59.73615659580591,PE,DataHealth invalid; Contract invalid: Quote stale or spread hard rejected.; SideDirection hard reject: 11.0 < 65.0; PremiumElasticity hard reject: 0.00 < 1.00; TradeQuality below configured minimum; ConvexityEdge below excellent gate: 52.3 < 80.0,DataHealth invalid; Contract invalid: Quote stale or spread hard rejected.; SideDirection hard reject: 11.0 < 65.0; PremiumElasticity hard reject: 0.00 < 1.00; TradeQuality below configured minimum; ConvexityEdge below excellent gate: 52.3 < 80.0,,0.0,UNVALIDATED_COST_MODEL,UNAVAILABLE,paper-strategy-e935c30a69b1,opportunity-score-e935c30a69b1,PAPER_OVERRIDE::FYERS_PAPER_PROXY_RESEARCH,SKIPPED_FORWARD_PROXY,144.1,144.5,0.0,-22.075000000000017,False,False,-0.8830000000000007,OBSERVED,,FYERS_PAPER_PROXY_RESEARCH
202608251026_3_BANKNIFTY_CE,5,2026-08-25T10:31:06.885001+05:30,BANKNIFTY,BANKNIFTY,NSE_INDEX,2e840ccd58d1,"{""contract_quality_min"": 0.0, ""direction_min"": 0.0, ""excellent_score_min"": 57.75650303517901, ""execution_quality_min"": 100.0, ""expected_required_ratio_min"": 2.0954984316348133, ""final_confidence_min"": 85.87136351507172, ""iv_crush_max"": 29.5, ""market_hostility_max"": 21.794950546665504, ""min_5depth_lots_each_side"": 16.0, ""min_top_book_lots"": 1.0, ""premium_elasticity_min"": 0.0, ""regime_confidence_min"": 60.0, ""spread_pct_max"": 0.2565198802907201, ""trade_quality_min"": 66.59641728135287}",57.75650303517901,CE,DataHealth invalid; Contract invalid: Quote stale or spread hard rejected.; SideDirection hard reject: -11.0 < 65.0; PremiumElasticity hard reject: 0.00 < 1.00; TradeQuality below configured minimum; ConvexityEdge below excellent gate: 52.3 < 80.0,DataHealth invalid; Contract invalid: Quote stale or spread hard rejected.; SideDirection hard reject: -11.0 < 65.0; PremiumElasticity hard reject: 0.00 < 1.00; TradeQuality below configured minimum; ConvexityEdge below excellent gate: 52.3 < 80.0,,0.0,UNVALIDATED_COST_MODEL,UNAVAILABLE,paper-strategy-e935c30a69b1,opportunity-score-e935c30a69b1,PAPER_OVERRIDE::FYERS_PAPER_PROXY_RESEARCH,SKIPPED_FORWARD_PROXY,127.6,127.85,10.650000000000006,0.0,False,False,0.4553227875160327,OBSERVED,,FYERS_PAPER_PROXY_RESEARCH
202608251026_4_BANKNIFTY_CE,5,2026-08-25T10:31:06.885001+05:30,BANKNIFTY,BANKNIFTY,NSE_INDEX,2e840ccd58d1,"{""contract_quality_min"": 0.0, ""direction_min"": 0.0, ""excellent_score_min"": 57.75650303517901, ""execution_quality_min"": 100.0, ""expected_required_ratio_min"": 2.0954984316348133, ""final_confidence_min"": 85.87136351507172, ""iv_crush_max"": 29.5, ""market_hostility_max"": 21.794950546665504, ""min_5depth_lots_each_side"": 20.0, ""min_top_book_lots"": 2.0, ""premium_elasticity_min"": 0.0, ""regime_confidence_min"": 60.0, ""spread_pct_max"": 0.22682166146867347, ""trade_quality_min"": 66.59641728135287}",57.75650303517901,CE,DataHealth invalid; Contract invalid: Quote stale or spread hard rejected.; SideDirection hard reject: -11.0 < 65.0; PremiumElasticity hard reject: 0.00 < 1.00; TradeQuality below configured minimum; ConvexityEdge below excellent gate: 52.3 < 80.0,DataHealth invalid; Contract invalid: Quote stale or spread hard rejected.; SideDirection hard reject: -11.0 < 65.0; PremiumElasticity hard reject: 0.00 < 1.00; TradeQuality below configured minimum; ConvexityEdge below excellent gate: 52.3 < 80.0,,0.0,UNVALIDATED_COST_MODEL,UNAVAILABLE,paper-strategy-e935c30a69b1,opportunity-score-e935c30a69b1,PAPER_OVERRIDE::FYERS_PAPER_PROXY_RESEARCH,SKIPPED_FORWARD_PROXY,192.0,192.35,15.649999999999977,0.0,False,False,0.6259999999999991,OBSERVED,,FYERS_PAPER_PROXY_RESEARCH
202608251026_5_FINNIFTY_CE,5,2026-08-25T10:31:06.885001+05:30,FINNIFTY,FINNIFTY,NSE_INDEX,e172b0fef65b,"{""contract_quality_min"": 0.0, ""direction_min"": 0.0, ""excellent_score_min"": 57.62220870021757, ""execution_quality_min"": 96.25194490866153, ""expected_required_ratio_min"": 1.7603030799919712, ""final_confidence_min"": 86.00640705321302, ""iv_crush_max"": 29.5, ""market_hostility_max"": 21.540894965618598, ""min_5depth_lots_each_side"": 12.0, ""min_top_book_lots"": 1.0, ""premium_elasticity_min"": 0.0, ""regime_confidence_min"": 60.0, ""spread_pct_max"": 0.8874546187978979, ""trade_quality_min"": 68.00000000000675}",57.62220870021757,CE,DataHealth invalid; Contract invalid: Quote stale or spread hard rejected.; SideDirection hard reject: -7.3 < 65.0; PremiumElasticity hard reject: 0.00 < 1.00; TradeQuality below configured minimum; ConvexityEdge below excellent gate: 52.3 < 80.0,DataHealth invalid; Contract invalid: Quote stale or spread hard rejected.; SideDirection hard reject: -7.3 < 65.0; PremiumElasticity hard reject: 0.00 < 1.00; TradeQuality below configured minimum; ConvexityEdge below excellent gate: 52.3 < 80.0,,0.0,UNVALIDATED_COST_MODEL,UNAVAILABLE,paper-strategy-e935c30a69b1,opportunity-score-e935c30a69b1,PAPER_OVERRIDE::FYERS_PAPER_PROXY_RESEARCH,SKIPPED_FORWARD_PROXY,63.25,63.4,1.2749999999999986,0.0,False,False,0.10286405808793855,OBSERVED,,FYERS_PAPER_PROXY_RESEARCH
202608251027_1_FINNIFTY_PE,5,2026-08-25T10:32:23.592201+05:30,FINNIFTY,FINNIFTY,NSE_INDEX,e172b0fef65b,"{""contract_quality_min"": 0.0, ""direction_min"": 6.219184115039365, ""excellent_score_min"": 58.79785617695634, ""execution_quality_min"": 98.93961708394731, ""expected_required_ratio_min"": 1.7684630956015799, ""final_confidence_min"": 88.54716333153938, ""iv_crush_max"": 29.5, ""market_hostility_max"": 21.484435629904176, ""min_5depth_lots_each_side"": 7.0, ""min_top_book_lots"": 1.0, ""premium_elasticity_min"": 0.0, ""regime_confidence_min"": 60.0, ""spread_pct_max"": 0.8247422680412293, ""trade_quality_min"": 66.28571428572175}",58.79785617695634,PE,DataHealth invalid; Contract invalid: Quote stale or spread hard rejected.; SideDirection hard reject: 6.2 < 65.0; PremiumElasticity hard reject: 0.00 < 1.00; TradeQuality below configured minimum; ConvexityEdge below excellent gate: 52.3 < 80.0,DataHealth invalid; Contract invalid: Quote stale or spread hard rejected.; SideDirection hard reject: 6.2 < 65.0; PremiumElasticity hard reject: 0.00 < 1.00; TradeQuality below configured minimum; ConvexityEdge below excellent gate: 52.3 < 80.0,,0.0,UNVALIDATED_COST_MODEL,UNAVAILABLE,paper-strategy-e935c30a69b1,opportunity-score-e935c30a69b1,PAPER_OVERRIDE::FYERS_PAPER_PROXY_RESEARCH,SKIPPED_FORWARD_PROXY,63.7,64.3,0.0,-9.049999999999997,False,False,-0.6219931271477661,OBSERVED,,FYERS_PAPER_PROXY_RESEARCH
202608251027_2_BANKNIFTY_PE,5,2026-08-25T10:32:23.592201+05:30,BANKNIFTY,BANKNIFTY,NSE_INDEX,2e840ccd58d1,"{""contract_quality_min"": 0.0, ""direction_min"": 8.647331433171399, ""excellent_score_min"": 57.49091139127409, ""execution_quality_min"": 100.0, ""expected_required_ratio_min"": 2.1477002138184575, ""final_confidence_min"": 90.37257141308942, ""iv_crush_max"": 29.5, ""market_hostility_max"": 21.834687520421248, ""min_5depth_lots_each_side"": 51.0, ""min_top_book_lots"": 4.0, ""premium_elasticity_min"": 0.0, ""regime_confidence_min"": 60.0, ""spread_pct_max"": 0.41086509929240156, ""trade_quality_min"": 58.58490566037901}",57.49091139127409,PE,DataHealth invalid; Contract invalid: Quote stale or spread hard rejected.; SideDirection hard reject: 8.6 < 65.0; PremiumElasticity hard reject: 0.00 < 1.00; TradeQuality below configured minimum; ConvexityEdge below excellent gate: 52.3 < 80.0,DataHealth invalid; Contract invalid: Quote stale or spread hard rejected.; SideDirection hard reject: 8.6 < 65.0; PremiumElasticity hard reject: 0.00 < 1.00; TradeQuality below configured minimum; ConvexityEdge below excellent gate: 52.3 < 80.0,,0.0,UNVALIDATED_COST_MODEL,UNAVAILABLE,paper-strategy-e935c30a69b1,opportunity-score-e935c30a69b1,PAPER_OVERRIDE::FYERS_PAPER_PROXY_RESEARCH,SKIPPED_FORWARD_PROXY,80.1,80.25,0.0,-29.42500000000001,False,True,-1.3433006162976493,OBSERVED,,FYERS_PAPER_PROXY_RESEARCH
202608251027_3_BANKNIFTY_PE,5,2026-08-25T10:32:23.592201+05:30,BANKNIFTY,BANKNIFTY,NSE_INDEX,2e840ccd58d1,"{""contract_quality_min"": 0.0, ""direction_min"": 8.647331433171399, ""excellent_score_min"": 57.49091139127409, ""execution_quality_min"": 100.0, ""expected_required_ratio_min"": 2.1477002138184575, ""final_confidence_min"": 90.37257141308942, ""iv_crush_max"": 29.5, ""market_hostility_max"": 21.834687520421248, ""min_5depth_lots_each_side"": 38.0, ""min_top_book_lots"": 3.0, ""premium_elasticity_min"": 0.0, ""regime_confidence_min"": 60.0, ""spread_pct_max"": 0.30057108506161706, ""trade_quality_min"": 58.58490566037901}",57.49091139127409,PE,DataHealth invalid; Contract invalid: Quote stale or spread hard rejected.; SideDirection hard reject: 8.6 < 65.0; PremiumElasticity hard reject: 0.00 < 1.00; TradeQuality below configured minimum; ConvexityEdge below excellent gate: 52.3 < 80.0,DataHealth invalid; Contract invalid: Quote stale or spread hard rejected.; SideDirection hard reject: 8.6 < 65.0; PremiumElasticity hard reject: 0.00 < 1.00; TradeQuality below configured minimum; ConvexityEdge below excellent gate: 52.3 < 80.0,,0.0,UNVALIDATED_COST_MODEL,UNAVAILABLE,paper-strategy-e935c30a69b1,opportunity-score-e935c30a69b1,PAPER_OVERRIDE::FYERS_PAPER_PROXY_RESEARCH,SKIPPED_FORWARD_PROXY,127.55,127.8,0.0,-38.8,False,True,-1.5519999999999998,OBSERVED,,FYERS_PAPER_PROXY_RESEARCH
202608251027_4_FINNIFTY_CE,5,2026-08-25T10:32:23.592201+05:30,FINNIFTY,FINNIFTY,NSE_INDEX,e172b0fef65b,"{""contract_quality_min"": 0.0, ""direction_min"": 0.0, ""excellent_score_min"": 57.22885070197299, ""execution_quality_min"": 95.94260152210558, ""expected_required_ratio_min"": 1.7684630956015799, ""final_confidence_min"": 86.68140809702756, ""iv_crush_max"": 29.5, ""market_hostility_max"": 21.484435629904176, ""min_5depth_lots_each_side"": 25.0, ""min_top_book_lots"": 3.0, ""premium_elasticity_min"": 0.0, ""regime_confidence_min"": 60.0, ""spread_pct_max"": 0.8946726311508698, ""trade_quality_min"": 66.28571428572175}",57.22885070197299,CE,DataHealth invalid; Contract invalid: Quote stale or spread hard rejected.; SideDirection hard reject: -6.2 < 65.0; PremiumElasticity hard reject: 0.00 < 1.00; TradeQuality below configured minimum; ConvexityEdge below excellent gate: 52.3 < 80.0,DataHealth invalid; Contract invalid: Quote stale or spread hard rejected.; SideDirection hard reject: -6.2 < 65.0; PremiumElasticity hard reject: 0.00 < 1.00; TradeQuality below configured minimum; ConvexityEdge below excellent gate: 52.3 < 80.0,,0.0,UNVALIDATED_COST_MODEL,UNAVAILABLE,paper-strategy-e935c30a69b1,opportunity-score-e935c30a69b1,PAPER_OVERRIDE::FYERS_PAPER_PROXY_RESEARCH,SKIPPED_FORWARD_PROXY,66.85,67.35,5.374999999999993,0.0,False,False,0.4371695811305402,OBSERVED,,FYERS_PAPER_PROXY_RESEARCH
202608251027_5_BANKNIFTY_CE,5,2026-08-25T10:32:23.592201+05:30,BANKNIFTY,BANKNIFTY,NSE_INDEX,2e840ccd58d1,"{""contract_quality_min"": 0.0, ""direction_min"": 0.0, ""excellent_score_min"": 55.93439173330324, ""execution_quality_min"": 100.0, ""expected_required_ratio_min"": 2.1477002138184575, ""final_confidence_min"": 87.77837198313799, ""iv_crush_max"": 29.5, ""market_hostility_max"": 21.834687520421248, ""min_5depth_lots_each_side"": 27.0, ""min_top_book_lots"": 1.0, ""premium_elasticity_min"": 0.0, ""regime_confidence_min"": 60.0, ""spread_pct_max"": 0.2683363148479402, ""trade_quality_min"": 58.58490566037901}",55.93439173330324,CE,DataHealth invalid; Contract invalid: Quote stale or spread hard rejected.; SideDirection hard reject: -8.6 < 65.0; PremiumElasticity hard reject: 0.00 < 1.00; TradeQuality below configured minimum; ConvexityEdge below excellent gate: 52.3 < 80.0,DataHealth invalid; Contract invalid: Quote stale or spread hard rejected.; SideDirection hard reject: -8.6 < 65.0; PremiumElasticity hard reject: 0.00 < 1.00; TradeQuality below configured minimum; ConvexityEdge below excellent gate: 52.3 < 80.0,,0.0,UNVALIDATED_COST_MODEL,UNAVAILABLE,paper-strategy-e935c30a69b1,opportunity-score-e935c30a69b1,PAPER_OVERRIDE::FYERS_PAPER_PROXY_RESEARCH,SKIPPED_FORWARD_PROXY,142.1,142.55,30.299999999999983,0.0,False,False,1.35509838998211,OBSERVED,,FYERS_PAPER_PROXY_RESEARCH
202608251019_1_BANKNIFTY_PE,15,2026-08-25T10:34:13.968202+05:30,BANKNIFTY,BANKNIFTY,NSE_INDEX,2e840ccd58d1,"{""contract_quality_min"": 0.0, ""direction_min"": 5.1427209447581115, ""excellent_score_min"": 52.15951018209162, ""execution_quality_min"": 100.0, ""expected_required_ratio_min"": 2.098042553732667, ""final_confidence_min"": 84.78799247481355, ""iv_crush_max"": 29.5, ""market_hostility_max"": 21.96073660541326, ""min_5depth_lots_each_side"": 39.0, ""min_top_book_lots"": 2.0, ""premium_elasticity_min"": 0.0, ""regime_confidence_min"": 60.0, ""spread_pct_max"": 0.32115616218386644, ""trade_quality_min"": 41.72194777699944}",52.15951018209162,PE,DataHealth invalid; Contract invalid: Quote stale or spread hard rejected.; SideDirection hard reject: 5.1 < 65.0; PremiumElasticity hard reject: 0.00 < 1.00; TradeQuality below configured minimum; ConvexityEdge below excellent gate: 52.3 < 80.0,DataHealth invalid; Contract invalid: Quote stale or spread hard rejected.; SideDirection hard reject: 5.1 < 65.0; PremiumElasticity hard reject: 0.00 < 1.00; TradeQuality below configured minimum; ConvexityEdge below excellent gate: 52.3 < 80.0,,0.0,UNVALIDATED_COST_MODEL,UNAVAILABLE,paper-strategy-e935c30a69b1,opportunity-score-e935c30a69b1,PAPER_OVERRIDE::FYERS_PAPER_PROXY_RESEARCH,SKIPPED_FORWARD_PROXY,121.7,121.9,0.0,-2.8499999999999943,False,False,-0.11441188277800057,OBSERVED,,FYERS_PAPER_PROXY_RESEARCH
202608251019_2_BANKNIFTY_CE,15,2026-08-25T10:34:13.968202+05:30,BANKNIFTY,BANKNIFTY,NSE_INDEX,2e840ccd58d1,"{""contract_quality_min"": 0.0, ""direction_min"": 0.0, ""excellent_score_min"": 51.23382041203516, ""execution_quality_min"": 100.0, ""expected_required_ratio_min"": 2.098042553732667, ""final_confidence_min"": 83.24517619138611, ""iv_crush_max"": 29.5, ""market_hostility_max"": 21.96073660541326, ""min_5depth_lots_each_side"": 29.0, ""min_top_book_lots"": 2.0, ""premium_elasticity_min"": 0.0, ""regime_confidence_min"": 60.0, ""spread_pct_max"": 0.29875518672198415, ""trade_quality_min"": 41.72194777699944}",51.23382041203516,CE,DataHealth invalid; Contract invalid: Quote stale or spread hard rejected.; SideDirection hard reject: -5.1 < 65.0; PremiumElasticity hard reject: 0.00 < 1.00; TradeQuality below configured minimum; ConvexityEdge below excellent gate: 52.3 < 80.0,DataHealth invalid; Contract invalid: Quote stale or spread hard rejected.; SideDirection hard reject: -5.1 < 65.0; PremiumElasticity hard reject: 0.00 < 1.00; TradeQuality below configured minimum; ConvexityEdge below excellent gate: 52.3 < 80.0,,0.0,UNVALIDATED_COST_MODEL,UNAVAILABLE,paper-strategy-e935c30a69b1,opportunity-score-e935c30a69b1,PAPER_OVERRIDE::FYERS_PAPER_PROXY_RESEARCH,SKIPPED_FORWARD_PROXY,148.75,149.15,0.0,-1.875,False,False,-0.075,OBSERVED,,FYERS_PAPER_PROXY_RESEARCH
202608251019_3_BANKNIFTY_CE,15,2026-08-25T10:34:13.968202+05:30,BANKNIFTY,BANKNIFTY,NSE_INDEX,2e840ccd58d1,"{""contract_quality_min"": 0.0, ""direction_min"": 0.0, ""excellent_score_min"": 48.43382041203516, ""execution_quality_min"": 100.0, ""expected_required_ratio_min"": 2.098042553732667, ""final_confidence_min"": 83.24517619138611, ""iv_crush_max"": 29.5, ""market_hostility_max"": 21.96073660541326, ""min_5depth_lots_each_side"": 26.0, ""min_top_book_lots"": 2.0, ""premium_elasticity_min"": 0.0, ""regime_confidence_min"": 60.0, ""spread_pct_max"": 0.363353231248372, ""trade_quality_min"": 41.72194777699944}",48.43382041203516,CE,DataHealth invalid; Contract invalid: Quote stale or spread hard rejected.; SideDirection hard reject: -5.1 < 65.0; PremiumElasticity hard reject: 0.00 < 1.00; TradeQuality below configured minimum; ConvexityEdge below excellent gate: 38.3 < 80.0,DataHealth invalid; Contract invalid: Quote stale or spread hard rejected.; SideDirection hard reject: -5.1 < 65.0; PremiumElasticity hard reject: 0.00 < 1.00; TradeQuality below configured minimum; ConvexityEdge below excellent gate: 38.3 < 80.0,,0.0,UNVALIDATED_COST_MODEL,UNAVAILABLE,paper-strategy-e935c30a69b1,opportunity-score-e935c30a69b1,PAPER_OVERRIDE::FYERS_PAPER_PROXY_RESEARCH,SKIPPED_FORWARD_PROXY,96.15,96.45,0.0,-0.17499999999999716,False,False,-0.0090838307812093,OBSERVED,,FYERS_PAPER_PROXY_RESEARCH
202608251019_4_FINNIFTY_PE,15,2026-08-25T10:34:13.968202+05:30,FINNIFTY,FINNIFTY,NSE_INDEX,e172b0fef65b,"{""contract_quality_min"": 0.0, ""direction_min"": 1.945465686274064, ""excellent_score_min"": 44.799099398946574, ""execution_quality_min"": 100.0, ""expected_required_ratio_min"": 1.7594139992417113, ""final_confidence_min"": 76.94918025903205, ""iv_crush_max"": 29.5, ""market_hostility_max"": 21.817755273227473, ""min_5depth_lots_each_side"": 14.0, ""min_top_book_lots"": 1.0, ""premium_elasticity_min"": 0.0, ""regime_confidence_min"": 60.0, ""spread_pct_max"": 0.7843137254901961, ""trade_quality_min"": 17.191201353636504}",44.799099398946574,PE,DataHealth invalid; Contract invalid: Quote stale or spread hard rejected.; SideDirection hard reject: 1.9 < 65.0; PremiumElasticity hard reject: 0.00 < 1.00; TradeQuality below configured minimum; ConvexityEdge below excellent gate: 52.3 < 80.0,DataHealth invalid; Contract invalid: Quote stale or spread hard rejected.; SideDirection hard reject: 1.9 < 65.0; PremiumElasticity hard reject: 0.00 < 1.00; TradeQuality below configured minimum; ConvexityEdge below excellent gate: 52.3 < 80.0,,0.0,UNVALIDATED_COST_MODEL,UNAVAILABLE,paper-strategy-e935c30a69b1,opportunity-score-e935c30a69b1,PAPER_OVERRIDE::FYERS_PAPER_PROXY_RESEARCH,SKIPPED_FORWARD_PROXY,61.8,62.35,0.0,-1.9500000000000028,False,False,-0.15294117647058847,OBSERVED,,FYERS_PAPER_PROXY_RESEARCH
202608251019_5_FINNIFTY_CE,15,2026-08-25T10:34:13.968202+05:30,FINNIFTY,FINNIFTY,NSE_INDEX,e172b0fef65b,"{""contract_quality_min"": 0.0, ""direction_min"": 0.0, ""excellent_score_min"": 44.448915575417246, ""execution_quality_min"": 100.0, ""expected_required_ratio_min"": 1.7594139992417113, ""final_confidence_min"": 76.36554055314984, ""iv_crush_max"": 29.5, ""market_hostility_max"": 21.817755273227473, ""min_5depth_lots_each_side"": 12.0, ""min_top_book_lots"": 2.0, ""premium_elasticity_min"": 0.0, ""regime_confidence_min"": 60.0, ""spread_pct_max"": 0.7127583749109051, ""trade_quality_min"": 17.191201353636504}",44.448915575417246,CE,DataHealth invalid; Contract invalid: Quote stale or spread hard rejected.; SideDirection hard reject: -1.9 < 65.0; PremiumElasticity hard reject: 0.00 < 1.00; TradeQuality below configured minimum; ConvexityEdge below excellent gate: 52.3 < 80.0,DataHealth invalid; Contract invalid: Quote stale or spread hard rejected.; SideDirection hard reject: -1.9 < 65.0; PremiumElasticity hard reject: 0.00 < 1.00; TradeQuality below configured minimum; ConvexityEdge below excellent gate: 52.3 < 80.0,,0.0,UNVALIDATED_COST_MODEL,UNAVAILABLE,paper-strategy-e935c30a69b1,opportunity-score-e935c30a69b1,PAPER_OVERRIDE::FYERS_PAPER_PROXY_RESEARCH,SKIPPED_FORWARD_PROXY,68.55,68.85,0.0,-1.6000000000000085,False,False,-0.11404133998574544,OBSERVED,,FYERS_PAPER_PROXY_RESEARCH
202608251028_1_BANKNIFTY_PE,5,2026-08-25T10:34:13.968202+05:30,BANKNIFTY,BANKNIFTY,NSE_INDEX,2e840ccd58d1,"{""contract_quality_min"": 0.0, ""direction_min"": 7.821185278690868, ""excellent_score_min"": 58.493274767008316, ""execution_quality_min"": 100.0, ""expected_required_ratio_min"": 2.1281345401174154, ""final_confidence_min"": 89.59886781303494, ""iv_crush_max"": 29.5, ""market_hostility_max"": 22.01619248695751, ""min_5depth_lots_each_side"": 27.0, ""min_top_book_lots"": 1.0, ""premium_elasticity_min"": 0.0, ""regime_confidence_min"": 60.0, ""spread_pct_max"": 0.34991252186954114, ""trade_quality_min"": 63.58103326256227}",58.493274767008316,PE,DataHealth invalid; Contract invalid: Quote stale or spread hard rejected.; SideDirection hard reject: 7.8 < 65.0; PremiumElasticity hard reject: 0.00 < 1.00; TradeQuality below configured minimum; ConvexityEdge below excellent gate: 52.3 < 80.0,DataHealth invalid; Contract invalid: Quote stale or spread hard rejected.; SideDirection hard reject: 7.8 < 65.0; PremiumElasticity hard reject: 0.00 < 1.00; TradeQuality below configured minimum; ConvexityEdge below excellent gate: 52.3 < 80.0,,0.0,UNVALIDATED_COST_MODEL,UNAVAILABLE,paper-strategy-e935c30a69b1,opportunity-score-e935c30a69b1,PAPER_OVERRIDE::FYERS_PAPER_PROXY_RESEARCH,SKIPPED_FORWARD_PROXY,74.9,75.05,0.0,-25.125,False,True,-1.255936015996001,OBSERVED,,FYERS_PAPER_PROXY_RESEARCH
202608251028_2_BANKNIFTY_PE,5,2026-08-25T10:34:13.968202+05:30,BANKNIFTY,BANKNIFTY,NSE_INDEX,2e840ccd58d1,"{""contract_quality_min"": 0.0, ""direction_min"": 7.821185278690868, ""excellent_score_min"": 58.493274767008316, ""execution_quality_min"": 100.0, ""expected_required_ratio_min"": 2.1281345401174154, ""final_confidence_min"": 89.59886781303494, ""iv_crush_max"": 29.5, ""market_hostility_max"": 22.01619248695751, ""min_5depth_lots_each_side"": 28.0, ""min_top_book_lots"": 1.0, ""premium_elasticity_min"": 0.0, ""regime_confidence_min"": 60.0, ""spread_pct_max"": 0.25764895330111254, ""trade_quality_min"": 63.58103326256227}",58.493274767008316,PE,DataHealth invalid; Contract invalid: Quote stale or spread hard rejected.; SideDirection hard reject: 7.8 < 65.0; PremiumElasticity hard reject: 0.00 < 1.00; TradeQuality below configured minimum; ConvexityEdge below excellent gate: 52.3 < 80.0,DataHealth invalid; Contract invalid: Quote stale or spread hard rejected.; SideDirection hard reject: 7.8 < 65.0; PremiumElasticity hard reject: 0.00 < 1.00; TradeQuality below configured minimum; ConvexityEdge below excellent gate: 52.3 < 80.0,,0.0,UNVALIDATED_COST_MODEL,UNAVAILABLE,paper-strategy-e935c30a69b1,opportunity-score-e935c30a69b1,PAPER_OVERRIDE::FYERS_PAPER_PROXY_RESEARCH,SKIPPED_FORWARD_PROXY,121.7,121.9,0.0,-33.55,False,True,-1.3419999999999999,OBSERVED,,FYERS_PAPER_PROXY_RESEARCH
202608251028_3_FINNIFTY_PE,5,2026-08-25T10:34:13.968202+05:30,FINNIFTY,FINNIFTY,NSE_INDEX,e172b0fef65b,"{""contract_quality_min"": 0.0, ""direction_min"": 4.902570977162828, ""excellent_score_min"": 58.01426280606734, ""execution_quality_min"": 100.0, ""expected_required_ratio_min"": 1.7442768822869508, ""final_confidence_min"": 89.22548465647267, ""iv_crush_max"": 29.5, ""market_hostility_max"": 21.8170218582899, ""min_5depth_lots_each_side"": 7.0, ""min_top_book_lots"": 1.0, ""premium_elasticity_min"": 0.0, ""regime_confidence_min"": 60.0, ""spread_pct_max"": 0.7012622720897617, ""trade_quality_min"": 63.366336633672496}",58.01426280606734,PE,DataHealth invalid; Contract invalid: Quote stale or spread hard rejected.; SideDirection hard reject: 4.9 < 65.0; PremiumElasticity hard reject: 0.00 < 1.00; TradeQuality below configured minimum; ConvexityEdge below excellent gate: 52.3 < 80.0,DataHealth invalid; Contract invalid: Quote stale or spread hard rejected.; SideDirection hard reject: 4.9 < 65.0; PremiumElasticity hard reject: 0.00 < 1.00; TradeQuality below configured minimum; ConvexityEdge below excellent gate: 52.3 < 80.0,,0.0,UNVALIDATED_COST_MODEL,UNAVAILABLE,paper-strategy-e935c30a69b1,opportunity-score-e935c30a69b1,PAPER_OVERRIDE::FYERS_PAPER_PROXY_RESEARCH,SKIPPED_FORWARD_PROXY,61.8,62.35,0.0,-9.5,False,False,-0.6661991584852736,OBSERVED,,FYERS_PAPER_PROXY_RESEARCH
202608251028_4_FINNIFTY_CE,5,2026-08-25T10:34:13.968202+05:30,FINNIFTY,FINNIFTY,NSE_INDEX,e172b0fef65b,"{""contract_quality_min"": 0.0, ""direction_min"": 0.0, ""excellent_score_min"": 57.13180003017803, ""execution_quality_min"": 100.0, ""expected_required_ratio_min"": 1.7442768822869508, ""final_confidence_min"": 87.75471336332382, ""iv_crush_max"": 29.5, ""market_hostility_max"": 21.8170218582899, ""min_5depth_lots_each_side"": 7.0, ""min_top_book_lots"": 2.0, ""premium_elasticity_min"": 0.0, ""regime_confidence_min"": 60.0, ""spread_pct_max"": 0.6359300476947513, ""trade_quality_min"": 63.366336633672496}",57.13180003017803,CE,DataHealth invalid; Contract invalid: Quote stale or spread hard rejected.; SideDirection hard reject: -4.9 < 65.0; PremiumElasticity hard reject: 0.00 < 1.00; TradeQuality below configured minimum; ConvexityEdge below excellent gate: 52.3 < 80.0,DataHealth invalid; Contract invalid: Quote stale or spread hard rejected.; SideDirection hard reject: -4.9 < 65.0; PremiumElasticity hard reject: 0.00 < 1.00; TradeQuality below configured minimum; ConvexityEdge below excellent gate: 52.3 < 80.0,,0.0,UNVALIDATED_COST_MODEL,UNAVAILABLE,paper-strategy-e935c30a69b1,opportunity-score-e935c30a69b1,PAPER_OVERRIDE::FYERS_PAPER_PROXY_RESEARCH,SKIPPED_FORWARD_PROXY,68.55,68.85,5.6499999999999915,0.0,False,False,0.449125596184419,OBSERVED,,FYERS_PAPER_PROXY_RESEARCH
202608251028_5_BANKNIFTY_CE,5,2026-08-25T10:34:13.968202+05:30,BANKNIFTY,BANKNIFTY,NSE_INDEX,2e840ccd58d1,"{""contract_quality_min"": 0.0, ""direction_min"": 0.0, ""excellent_score_min"": 57.08546141684396, ""execution_quality_min"": 100.0, ""expected_required_ratio_min"": 2.1281345401174154, ""final_confidence_min"": 87.2525122294277, ""iv_crush_max"": 29.5, ""market_hostility_max"": 22.01619248695751, ""min_5depth_lots_each_side"": 13.0, ""min_top_book_lots"": 5.0, ""premium_elasticity_min"": 0.0, ""regime_confidence_min"": 60.0, ""spread_pct_max"": 0.20588840848260243, ""trade_quality_min"": 63.58103326256227}",57.08546141684396,CE,DataHealth invalid; Contract invalid: Quote stale or spread hard rejected.; SideDirection hard reject: -7.8 < 65.0; PremiumElasticity hard reject: 0.00 < 1.00; TradeQuality below configured minimum; ConvexityEdge below excellent gate: 52.3 < 80.0,DataHealth invalid; Contract invalid: Quote stale or spread hard rejected.; SideDirection hard reject: -7.8 < 65.0; PremiumElasticity hard reject: 0.00 < 1.00; TradeQuality below configured minimum; ConvexityEdge below excellent gate: 52.3 < 80.0,,0.0,UNVALIDATED_COST_MODEL,UNAVAILABLE,paper-strategy-e935c30a69b1,opportunity-score-e935c30a69b1,PAPER_OVERRIDE::FYERS_PAPER_PROXY_RESEARCH,SKIPPED_FORWARD_PROXY,148.75,149.15,27.325000000000003,0.0,False,False,1.1251801523574223,OBSERVED,,FYERS_PAPER_PROXY_RESEARCH
202608251029_1_MIDCPNIFTY_CE,5,2026-08-25T10:34:54.855982+05:30,MIDCPNIFTY,MIDCPNIFTY,NSE_INDEX,712afad509f5,"{""contract_quality_min"": 0.0, ""direction_min"": 1.668365304729137, ""excellent_score_min"": 43.50142936367458, ""execution_quality_min"": 100.0, ""expected_required_ratio_min"": 1.6773921881309923, ""final_confidence_min"": 76.23218250655316, ""iv_crush_max"": 29.5, ""market_hostility_max"": 22.303933766906386, ""min_5depth_lots_each_side"": 23.0, ""min_top_book_lots"": 1.0, ""premium_elasticity_min"": 0.0, ""regime_confidence_min"": 60.0, ""spread_pct_max"": 0.6049606775559588, ""trade_quality_min"": 14.939759036146004}",43.50142936367458,CE,DataHealth invalid; Contract invalid: Quote stale or spread hard rejected.; SideDirection hard reject: 1.7 < 65.0; PremiumElasticity hard reject: 0.00 < 1.00; TradeQuality below configured minimum; ConvexityEdge below excellent gate: 52.3 < 80.0,DataHealth invalid; Contract invalid: Quote stale or spread hard rejected.; SideDirection hard reject: 1.7 < 65.0; PremiumElasticity hard reject: 0.00 < 1.00; TradeQuality below configured minimum; ConvexityEdge below excellent gate: 52.3 < 80.0,,0.0,UNVALIDATED_COST_MODEL,UNAVAILABLE,paper-strategy-e935c30a69b1,opportunity-score-e935c30a69b1,PAPER_OVERRIDE::FYERS_PAPER_PROXY_RESEARCH,SKIPPED_FORWARD_PROXY,41.25,41.5,0.0,-0.07500000000000284,False,False,-0.009074410163339727,OBSERVED,,FYERS_PAPER_PROXY_RESEARCH
202608251029_2_MIDCPNIFTY_PE,5,2026-08-25T10:34:54.855982+05:30,MIDCPNIFTY,MIDCPNIFTY,NSE_INDEX,712afad509f5,"{""contract_quality_min"": 0.0, ""direction_min"": 0.0, ""excellent_score_min"": 43.201123608823345, ""execution_quality_min"": 100.0, ""expected_required_ratio_min"": 1.6773921881309923, ""final_confidence_min"": 75.73167291513442, ""iv_crush_max"": 29.5, ""market_hostility_max"": 22.303933766906386, ""min_5depth_lots_each_side"": 27.0, ""min_top_book_lots"": 2.0, ""premium_elasticity_min"": 0.0, ""regime_confidence_min"": 60.0, ""spread_pct_max"": 0.578368999421631, ""trade_quality_min"": 14.939759036146004}",43.201123608823345,PE,DataHealth invalid; Contract invalid: Quote stale or spread hard rejected.; SideDirection hard reject: -1.7 < 65.0; PremiumElasticity hard reject: 0.00 < 1.00; TradeQuality below configured minimum; ConvexityEdge below excellent gate: 52.3 < 80.0,DataHealth invalid; Contract invalid: Quote stale or spread hard rejected.; SideDirection hard reject: -1.7 < 65.0; PremiumElasticity hard reject: 0.00 < 1.00; TradeQuality below configured minimum; ConvexityEdge below excellent gate: 52.3 < 80.0,,0.0,UNVALIDATED_COST_MODEL,UNAVAILABLE,paper-strategy-e935c30a69b1,opportunity-score-e935c30a69b1,PAPER_OVERRIDE::FYERS_PAPER_PROXY_RESEARCH,SKIPPED_FORWARD_PROXY,42.7,42.85,0.0,-0.5249999999999986,False,False,-0.06072874493927108,OBSERVED,,FYERS_PAPER_PROXY_RESEARCH
202608251029_3_BANKNIFTY_PE,5,2026-08-25T10:34:54.855982+05:30,BANKNIFTY,BANKNIFTY,NSE_INDEX,2e840ccd58d1,"{""contract_quality_min"": 0.0, ""direction_min"": 1.490916469488494, ""excellent_score_min"": 43.1876127728041, ""execution_quality_min"": 100.0, ""expected_required_ratio_min"": 2.125274322823777, ""final_confidence_min"": 75.38175712854208, ""iv_crush_max"": 29.5, ""market_hostility_max"": 22.366533835622924, ""min_5depth_lots_each_side"": 19.0, ""min_top_book_lots"": 2.0, ""premium_elasticity_min"": 0.0, ""regime_confidence_min"": 60.0, ""spread_pct_max"": 0.299251870324182, ""trade_quality_min"": 12.193732193729383}",43.1876127728041,PE,DataHealth invalid; Contract invalid: Quote stale or spread hard rejected.; SideDirection hard reject: 1.5 < 65.0; PremiumElasticity hard reject: 0.00 < 1.00; TradeQuality below configured minimum; ConvexityEdge below excellent gate: 52.3 < 80.0,DataHealth invalid; Contract invalid: Quote stale or spread hard rejected.; SideDirection hard reject: 1.5 < 65.0; PremiumElasticity hard reject: 0.00 < 1.00; TradeQuality below configured minimum; ConvexityEdge below excellent gate: 52.3 < 80.0,,0.0,UNVALIDATED_COST_MODEL,UNAVAILABLE,paper-strategy-e935c30a69b1,opportunity-score-e935c30a69b1,PAPER_OVERRIDE::FYERS_PAPER_PROXY_RESEARCH,SKIPPED_FORWARD_PROXY,126.35,126.65,0.0,-24.025000000000006,False,False,-0.9610000000000002,OBSERVED,,FYERS_PAPER_PROXY_RESEARCH
202608251029_4_BANKNIFTY_CE,5,2026-08-25T10:34:54.855982+05:30,BANKNIFTY,BANKNIFTY,NSE_INDEX,2e840ccd58d1,"{""contract_quality_min"": 0.0, ""direction_min"": 0.0, ""excellent_score_min"": 42.91924780829616, ""execution_quality_min"": 100.0, ""expected_required_ratio_min"": 2.125274322823777, ""final_confidence_min"": 74.93448218769554, ""iv_crush_max"": 29.5, ""market_hostility_max"": 22.366533835622924, ""min_5depth_lots_each_side"": 18.0, ""min_top_book_lots"": 3.0, ""premium_elasticity_min"": 0.0, ""regime_confidence_min"": 60.0, ""spread_pct_max"": 0.1988466892026248, ""trade_quality_min"": 12.193732193729383}",42.91924780829616,CE,DataHealth invalid; Contract invalid: Quote stale or spread hard rejected.; SideDirection hard reject: -1.5 < 65.0; PremiumElasticity hard reject: 0.00 < 1.00; TradeQuality below configured minimum; ConvexityEdge below excellent gate: 52.3 < 80.0,DataHealth invalid; Contract invalid: Quote stale or spread hard rejected.; SideDirection hard reject: -1.5 < 65.0; PremiumElasticity hard reject: 0.00 < 1.00; TradeQuality below configured minimum; ConvexityEdge below excellent gate: 52.3 < 80.0,,0.0,UNVALIDATED_COST_MODEL,UNAVAILABLE,paper-strategy-e935c30a69b1,opportunity-score-e935c30a69b1,PAPER_OVERRIDE::FYERS_PAPER_PROXY_RESEARCH,SKIPPED_FORWARD_PROXY,143.55,144.0,17.825000000000017,0.0,False,False,0.7130000000000006,OBSERVED,,FYERS_PAPER_PROXY_RESEARCH
202608251029_5_BANKNIFTY_CE,5,2026-08-25T10:34:54.855982+05:30,BANKNIFTY,BANKNIFTY,NSE_INDEX,2e840ccd58d1,"{""contract_quality_min"": 0.0, ""direction_min"": 0.0, ""excellent_score_min"": 42.91924780829616, ""execution_quality_min"": 100.0, ""expected_required_ratio_min"": 2.125274322823777, ""final_confidence_min"": 74.93448218769554, ""iv_crush_max"": 29.5, ""market_hostility_max"": 22.366533835622924, ""min_5depth_lots_each_side"": 14.0, ""min_top_book_lots"": 1.0, ""premium_elasticity_min"": 0.0, ""regime_confidence_min"": 60.0, ""spread_pct_max"": 0.21253985122210717, ""trade_quality_min"": 12.193732193729383}",42.91924780829616,CE,DataHealth invalid; Contract invalid: Quote stale or spread hard rejected.; SideDirection hard reject: -1.5 < 65.0; PremiumElasticity hard reject: 0.00 < 1.00; TradeQuality below configured minimum; ConvexityEdge below excellent gate: 52.3 < 80.0,DataHealth invalid; Contract invalid: Quote stale or spread hard rejected.; SideDirection hard reject: -1.5 < 65.0; PremiumElasticity hard reject: 0.00 < 1.00; TradeQuality below configured minimum; ConvexityEdge below excellent gate: 52.3 < 80.0,,0.0,UNVALIDATED_COST_MODEL,UNAVAILABLE,paper-strategy-e935c30a69b1,opportunity-score-e935c30a69b1,PAPER_OVERRIDE::FYERS_PAPER_PROXY_RESEARCH,SKIPPED_FORWARD_PROXY,209.95,210.6,21.75,0.0,False,False,0.87,OBSERVED,,FYERS_PAPER_PROXY_RESEARCH
202608251021_1_BANKNIFTY_PE,15,2026-08-25T10:36:11.409559+05:30,BANKNIFTY,BANKNIFTY,NSE_INDEX,2e840ccd58d1,"{""contract_quality_min"": 0.0, ""direction_min"": 9.957025103915113, ""excellent_score_min"": 59.13189199534938, ""execution_quality_min"": 100.0, ""expected_required_ratio_min"": 2.1374723597203085, ""final_confidence_min"": 89.64482137122029, ""iv_crush_max"": 29.5, ""market_hostility_max"": 21.676350277329618, ""min_5depth_lots_each_side"": 24.0, ""min_top_book_lots"": 1.0, ""premium_elasticity_min"": 0.0, ""regime_confidence_min"": 60.0, ""spread_pct_max"": 0.2709109380291268, ""trade_quality_min"": 64.49577464788995}",59.13189199534938,PE,DataHealth invalid; Contract invalid: Quote stale or spread hard rejected.; SideDirection hard reject: 10.0 < 65.0; PremiumElasticity hard reject: 0.00 < 1.00; TradeQuality below configured minimum; ConvexityEdge below excellent gate: 52.3 < 80.0,DataHealth invalid; Contract invalid: Quote stale or spread hard rejected.; SideDirection hard reject: 10.0 < 65.0; PremiumElasticity hard reject: 0.00 < 1.00; TradeQuality below configured minimum; ConvexityEdge below excellent gate: 52.3 < 80.0,,0.0,UNVALIDATED_COST_MODEL,UNAVAILABLE,paper-strategy-e935c30a69b1,opportunity-score-e935c30a69b1,PAPER_OVERRIDE::FYERS_PAPER_PROXY_RESEARCH,SKIPPED_FORWARD_PROXY,127.05,127.4,0.0,-20.59999999999998,False,False,-0.8239999999999992,OBSERVED,,FYERS_PAPER_PROXY_RESEARCH
202608251021_2_BANKNIFTY_CE,15,2026-08-25T10:36:11.409559+05:30,BANKNIFTY,BANKNIFTY,NSE_INDEX,2e840ccd58d1,"{""contract_quality_min"": 0.0, ""direction_min"": 0.0, ""excellent_score_min"": 57.33962747664466, ""execution_quality_min"": 100.0, ""expected_required_ratio_min"": 2.1374723597203085, ""final_confidence_min"": 86.65771384004576, ""iv_crush_max"": 29.5, ""market_hostility_max"": 21.676350277329618, ""min_5depth_lots_each_side"": 38.0, ""min_top_book_lots"": 7.0, ""premium_elasticity_min"": 0.0, ""regime_confidence_min"": 60.0, ""spread_pct_max"": 0.2313922097956123, ""trade_quality_min"": 64.49577464788995}",57.33962747664466,CE,DataHealth invalid; Contract invalid: Quote stale or spread hard rejected.; SideDirection hard reject: -10.0 < 65.0; PremiumElasticity hard reject: 0.00 < 1.00; TradeQuality below configured minimum; ConvexityEdge below excellent gate: 52.3 < 80.0,DataHealth invalid; Contract invalid: Quote stale or spread hard rejected.; SideDirection hard reject: -10.0 < 65.0; PremiumElasticity hard reject: 0.00 < 1.00; TradeQuality below configured minimum; ConvexityEdge below excellent gate: 52.3 < 80.0,,0.0,UNVALIDATED_COST_MODEL,UNAVAILABLE,paper-strategy-e935c30a69b1,opportunity-score-e935c30a69b1,PAPER_OVERRIDE::FYERS_PAPER_PROXY_RESEARCH,SKIPPED_FORWARD_PROXY,143.3,143.65,13.650000000000006,0.0,False,False,0.5460000000000003,OBSERVED,,FYERS_PAPER_PROXY_RESEARCH
202608251021_3_BANKNIFTY_CE,15,2026-08-25T10:36:11.409559+05:30,BANKNIFTY,BANKNIFTY,NSE_INDEX,2e840ccd58d1,"{""contract_quality_min"": 0.0, ""direction_min"": 0.0, ""excellent_score_min"": 57.33962747664466, ""execution_quality_min"": 100.0, ""expected_required_ratio_min"": 2.1374723597203085, ""final_confidence_min"": 86.65771384004576, ""iv_crush_max"": 29.5, ""market_hostility_max"": 21.676350277329618, ""min_5depth_lots_each_side"": 18.0, ""min_top_book_lots"": 1.0, ""premium_elasticity_min"": 0.0, ""regime_confidence_min"": 60.0, ""spread_pct_max"": 0.3370058327932481, ""trade_quality_min"": 64.49577464788995}",57.33962747664466,CE,DataHealth invalid; Contract invalid: Quote stale or spread hard rejected.; SideDirection hard reject: -10.0 < 65.0; PremiumElasticity hard reject: 0.00 < 1.00; TradeQuality below configured minimum; ConvexityEdge below excellent gate: 52.3 < 80.0,DataHealth invalid; Contract invalid: Quote stale or spread hard rejected.; SideDirection hard reject: -10.0 < 65.0; PremiumElasticity hard reject: 0.00 < 1.00; TradeQuality below configured minimum; ConvexityEdge below excellent gate: 52.3 < 80.0,,0.0,UNVALIDATED_COST_MODEL,UNAVAILABLE,paper-strategy-e935c30a69b1,opportunity-score-e935c30a69b1,PAPER_OVERRIDE::FYERS_PAPER_PROXY_RESEARCH,SKIPPED_FORWARD_PROXY,211.6,212.3,18.724999999999994,0.0,False,False,0.7489999999999998,OBSERVED,,FYERS_PAPER_PROXY_RESEARCH
202608251021_4_FINNIFTY_PE,15,2026-08-25T10:36:11.409559+05:30,FINNIFTY,FINNIFTY,NSE_INDEX,e172b0fef65b,"{""contract_quality_min"": 0.0, ""direction_min"": 4.640371229697708, ""excellent_score_min"": 52.33180617953049, ""execution_quality_min"": 99.30029154518878, ""expected_required_ratio_min"": 1.7740355481222434, ""final_confidence_min"": 85.02145250985194, ""iv_crush_max"": 29.5, ""market_hostility_max"": 21.67307670207498, ""min_5depth_lots_each_side"": 5.0, ""min_top_book_lots"": 1.0, ""premium_elasticity_min"": 0.0, ""regime_confidence_min"": 60.0, ""spread_pct_max"": 0.8163265306122618, ""trade_quality_min"": 42.751322751324274}",52.33180617953049,PE,DataHealth invalid; Contract invalid: Quote stale or spread hard rejected.; SideDirection hard reject: 4.6 < 65.0; PremiumElasticity hard reject: 0.00 < 1.00; TradeQuality below configured minimum; ConvexityEdge below excellent gate: 52.3 < 80.0,DataHealth invalid; Contract invalid: Quote stale or spread hard rejected.; SideDirection hard reject: 4.6 < 65.0; PremiumElasticity hard reject: 0.00 < 1.00; TradeQuality below configured minimum; ConvexityEdge below excellent gate: 52.3 < 80.0,,0.0,UNVALIDATED_COST_MODEL,UNAVAILABLE,paper-strategy-e935c30a69b1,opportunity-score-e935c30a69b1,PAPER_OVERRIDE::FYERS_PAPER_PROXY_RESEARCH,SKIPPED_FORWARD_PROXY,63.75,64.4,0.0,-3.625,False,False,-0.26901669758812613,OBSERVED,,FYERS_PAPER_PROXY_RESEARCH
202608251021_5_FINNIFTY_CE,15,2026-08-25T10:36:11.409559+05:30,FINNIFTY,FINNIFTY,NSE_INDEX,e172b0fef65b,"{""contract_quality_min"": 0.0, ""direction_min"": 0.0, ""excellent_score_min"": 51.60149562640659, ""execution_quality_min"": 100.0, ""expected_required_ratio_min"": 1.7740355481222434, ""final_confidence_min"": 83.62934114094261, ""iv_crush_max"": 29.5, ""market_hostility_max"": 21.67307670207498, ""min_5depth_lots_each_side"": 12.0, ""min_top_book_lots"": 1.0, ""premium_elasticity_min"": 0.0, ""regime_confidence_min"": 60.0, ""spread_pct_max"": 0.5992509363295966, ""trade_quality_min"": 42.751322751324274}",51.60149562640659,CE,DataHealth invalid; Contract invalid: Quote stale or spread hard rejected.; SideDirection hard reject: -4.6 < 65.0; PremiumElasticity hard reject: 0.00 < 1.00; TradeQuality below configured minimum; ConvexityEdge below excellent gate: 52.3 < 80.0,DataHealth invalid; Contract invalid: Quote stale or spread hard rejected.; SideDirection hard reject: -4.6 < 65.0; PremiumElasticity hard reject: 0.00 < 1.00; TradeQuality below configured minimum; ConvexityEdge below excellent gate: 52.3 < 80.0,,0.0,UNVALIDATED_COST_MODEL,UNAVAILABLE,paper-strategy-e935c30a69b1,opportunity-score-e935c30a69b1,PAPER_OVERRIDE::FYERS_PAPER_PROXY_RESEARCH,SKIPPED_FORWARD_PROXY,66.45,67.0,0.0,-0.29999999999999716,False,False,-0.022471910112359335,OBSERVED,,FYERS_PAPER_PROXY_RESEARCH
202608251031_1_MIDCPNIFTY_CE,5,2026-08-25T10:36:11.409559+05:30,MIDCPNIFTY,MIDCPNIFTY,NSE_INDEX,712afad509f5,"{""contract_quality_min"": 0.0, ""direction_min"": 1.2107026110819648, ""excellent_score_min"": 42.51115878741085, ""execution_quality_min"": 100.0, ""expected_required_ratio_min"": 1.6614350845170576, ""final_confidence_min"": 75.11017682023372, ""iv_crush_max"": 29.5, ""market_hostility_max"": 22.03042857367071, ""min_5depth_lots_each_side"": 27.0, ""min_top_book_lots"": 3.0, ""premium_elasticity_min"": 0.0, ""regime_confidence_min"": 60.0, ""spread_pct_max"": 0.7100591715976264, ""trade_quality_min"": 11.428571428571429}",42.51115878741085,CE,DataHealth invalid; Contract invalid: Quote stale or spread hard rejected.; SideDirection hard reject: 1.2 < 65.0; PremiumElasticity hard reject: 0.00 < 1.00; TradeQuality below configured minimum; ConvexityEdge below excellent gate: 52.3 < 80.0,DataHealth invalid; Contract invalid: Quote stale or spread hard rejected.; SideDirection hard reject: 1.2 < 65.0; PremiumElasticity hard reject: 0.00 < 1.00; TradeQuality below configured minimum; ConvexityEdge below excellent gate: 52.3 < 80.0,,0.0,UNVALIDATED_COST_MODEL,UNAVAILABLE,paper-strategy-e935c30a69b1,opportunity-score-e935c30a69b1,PAPER_OVERRIDE::FYERS_PAPER_PROXY_RESEARCH,SKIPPED_FORWARD_PROXY,39.3,39.6,0.0,-2.950000000000003,False,False,-0.34911242603550324,OBSERVED,,FYERS_PAPER_PROXY_RESEARCH
202608251031_2_BANKNIFTY_CE,5,2026-08-25T10:36:11.409559+05:30,BANKNIFTY,BANKNIFTY,NSE_INDEX,2e840ccd58d1,"{""contract_quality_min"": 0.0, ""direction_min"": 1.3795277730121458, ""excellent_score_min"": 42.44138068776877, ""execution_quality_min"": 100.0, ""expected_required_ratio_min"": 2.122985295915677, ""final_confidence_min"": 74.59744011485772, ""iv_crush_max"": 29.5, ""market_hostility_max"": 22.41220645502826, ""min_5depth_lots_each_side"": 27.0, ""min_top_book_lots"": 2.0, ""premium_elasticity_min"": 0.0, ""regime_confidence_min"": 60.0, ""spread_pct_max"": 0.30418250950568615, ""trade_quality_min"": 9.635036496352976}",42.44138068776877,CE,DataHealth invalid; Contract invalid: Quote stale or spread hard rejected.; SideDirection hard reject: 1.4 < 65.0; PremiumElasticity hard reject: 0.00 < 1.00; TradeQuality below configured minimum; ConvexityEdge below excellent gate: 52.3 < 80.0,DataHealth invalid; Contract invalid: Quote stale or spread hard rejected.; SideDirection hard reject: 1.4 < 65.0; PremiumElasticity hard reject: 0.00 < 1.00; TradeQuality below configured minimum; ConvexityEdge below excellent gate: 52.3 < 80.0,,0.0,UNVALIDATED_COST_MODEL,UNAVAILABLE,paper-strategy-e935c30a69b1,opportunity-score-e935c30a69b1,PAPER_OVERRIDE::FYERS_PAPER_PROXY_RESEARCH,SKIPPED_FORWARD_PROXY,143.3,143.65,11.800000000000011,0.0,False,False,0.4720000000000005,OBSERVED,,FYERS_PAPER_PROXY_RESEARCH
202608251031_3_BANKNIFTY_CE,5,2026-08-25T10:36:11.409559+05:30,BANKNIFTY,BANKNIFTY,NSE_INDEX,2e840ccd58d1,"{""contract_quality_min"": 0.0, ""direction_min"": 1.3795277730121458, ""excellent_score_min"": 42.44138068776877, ""execution_quality_min"": 100.0, ""expected_required_ratio_min"": 2.122985295915677, ""final_confidence_min"": 74.59744011485772, ""iv_crush_max"": 29.5, ""market_hostility_max"": 22.41220645502826, ""min_5depth_lots_each_side"": 26.0, ""min_top_book_lots"": 6.0, ""premium_elasticity_min"": 0.0, ""regime_confidence_min"": 60.0, ""spread_pct_max"": 0.3588823378620954, ""trade_quality_min"": 9.635036496352976}",42.44138068776877,CE,DataHealth invalid; Contract invalid: Quote stale or spread hard rejected.; SideDirection hard reject: 1.4 < 65.0; PremiumElasticity hard reject: 0.00 < 1.00; TradeQuality below configured minimum; ConvexityEdge below excellent gate: 52.3 < 80.0,DataHealth invalid; Contract invalid: Quote stale or spread hard rejected.; SideDirection hard reject: 1.4 < 65.0; PremiumElasticity hard reject: 0.00 < 1.00; TradeQuality below configured minimum; ConvexityEdge below excellent gate: 52.3 < 80.0,,0.0,UNVALIDATED_COST_MODEL,UNAVAILABLE,paper-strategy-e935c30a69b1,opportunity-score-e935c30a69b1,PAPER_OVERRIDE::FYERS_PAPER_PROXY_RESEARCH,SKIPPED_FORWARD_PROXY,211.6,212.3,16.549999999999983,0.0,False,False,0.6619999999999994,OBSERVED,,FYERS_PAPER_PROXY_RESEARCH
202608251031_4_BANKNIFTY_PE,5,2026-08-25T10:36:11.409559+05:30,BANKNIFTY,BANKNIFTY,NSE_INDEX,2e840ccd58d1,"{""contract_quality_min"": 0.0, ""direction_min"": 0.0, ""excellent_score_min"": 42.19306568862658, ""execution_quality_min"": 100.0, ""expected_required_ratio_min"": 2.122985295915677, ""final_confidence_min"": 74.18358178295408, ""iv_crush_max"": 29.5, ""market_hostility_max"": 22.41220645502826, ""min_5depth_lots_each_side"": 55.0, ""min_top_book_lots"": 2.0, ""premium_elasticity_min"": 0.0, ""regime_confidence_min"": 60.0, ""spread_pct_max"": 0.2820874471086037, ""trade_quality_min"": 9.635036496352976}",42.19306568862658,PE,DataHealth invalid; Contract invalid: Quote stale or spread hard rejected.; SideDirection hard reject: -1.4 < 65.0; PremiumElasticity hard reject: 0.00 < 1.00; TradeQuality below configured minimum; ConvexityEdge below excellent gate: 52.3 < 80.0,DataHealth invalid; Contract invalid: Quote stale or spread hard rejected.; SideDirection hard reject: -1.4 < 65.0; PremiumElasticity hard reject: 0.00 < 1.00; TradeQuality below configured minimum; ConvexityEdge below excellent gate: 52.3 < 80.0,,0.0,UNVALIDATED_COST_MODEL,UNAVAILABLE,paper-strategy-e935c30a69b1,opportunity-score-e935c30a69b1,PAPER_OVERRIDE::FYERS_PAPER_PROXY_RESEARCH,SKIPPED_FORWARD_PROXY,79.35,79.55,0.0,-9.275000000000006,False,False,-0.5232722143864601,OBSERVED,,FYERS_PAPER_PROXY_RESEARCH
202608251031_5_BANKNIFTY_PE,5,2026-08-25T10:36:11.409559+05:30,BANKNIFTY,BANKNIFTY,NSE_INDEX,2e840ccd58d1,"{""contract_quality_min"": 0.0, ""direction_min"": 0.0, ""excellent_score_min"": 42.19306568862658, ""execution_quality_min"": 100.0, ""expected_required_ratio_min"": 2.122985295915677, ""final_confidence_min"": 74.18358178295408, ""iv_crush_max"": 29.5, ""market_hostility_max"": 22.41220645502826, ""min_5depth_lots_each_side"": 17.0, ""min_top_book_lots"": 1.0, ""premium_elasticity_min"": 0.0, ""regime_confidence_min"": 60.0, ""spread_pct_max"": 0.21367521367522177, ""trade_quality_min"": 9.635036496352976}",42.19306568862658,PE,DataHealth invalid; Contract invalid: Quote stale or spread hard rejected.; SideDirection hard reject: -1.4 < 65.0; PremiumElasticity hard reject: 0.00 < 1.00; TradeQuality below configured minimum; ConvexityEdge below excellent gate: 52.3 < 80.0,DataHealth invalid; Contract invalid: Quote stale or spread hard rejected.; SideDirection hard reject: -1.4 < 65.0; PremiumElasticity hard reject: 0.00 < 1.00; TradeQuality below configured minimum; ConvexityEdge below excellent gate: 52.3 < 80.0,,0.0,UNVALIDATED_COST_MODEL,UNAVAILABLE,paper-strategy-e935c30a69b1,opportunity-score-e935c30a69b1,PAPER_OVERRIDE::FYERS_PAPER_PROXY_RESEARCH,SKIPPED_FORWARD_PROXY,127.05,127.4,0.0,-13.350000000000009,False,False,-0.5340000000000004,OBSERVED,,FYERS_PAPER_PROXY_RESEARCH
202608251022_1_BANKNIFTY_PE,15,2026-08-25T10:37:27.809249+05:30,BANKNIFTY,BANKNIFTY,NSE_INDEX,2e840ccd58d1,"{""contract_quality_min"": 0.0, ""direction_min"": 8.845915941178575, ""excellent_score_min"": 58.62178158592607, ""execution_quality_min"": 100.0, ""expected_required_ratio_min"": 2.099486906057453, ""final_confidence_min"": 89.93896169458195, ""iv_crush_max"": 29.5, ""market_hostility_max"": 21.631760220818418, ""min_5depth_lots_each_side"": 15.0, ""min_top_book_lots"": 1.0, ""premium_elasticity_min"": 0.0, ""regime_confidence_min"": 60.0, ""spread_pct_max"": 0.2255517963589459, ""trade_quality_min"": 62.959752321982776}",58.62178158592607,PE,DataHealth invalid; Contract invalid: Quote stale or spread hard rejected.; SideDirection hard reject: 8.8 < 65.0; PremiumElasticity hard reject: 0.00 < 1.00; TradeQuality below configured minimum; ConvexityEdge below excellent gate: 52.3 < 80.0,DataHealth invalid; Contract invalid: Quote stale or spread hard rejected.; SideDirection hard reject: 8.8 < 65.0; PremiumElasticity hard reject: 0.00 < 1.00; TradeQuality below configured minimum; ConvexityEdge below excellent gate: 52.3 < 80.0,,0.0,UNVALIDATED_COST_MODEL,UNAVAILABLE,paper-strategy-e935c30a69b1,opportunity-score-e935c30a69b1,PAPER_OVERRIDE::FYERS_PAPER_PROXY_RESEARCH,SKIPPED_FORWARD_PROXY,141.6,141.95,0.0,-13.575000000000017,False,False,-0.5430000000000007,OBSERVED,,FYERS_PAPER_PROXY_RESEARCH
202608251022_2_BANKNIFTY_CE,15,2026-08-25T10:37:27.809249+05:30,BANKNIFTY,BANKNIFTY,NSE_INDEX,2e840ccd58d1,"{""contract_quality_min"": 0.0, ""direction_min"": 0.0, ""excellent_score_min"": 57.02951671651393, ""execution_quality_min"": 100.0, ""expected_required_ratio_min"": 2.099486906057453, ""final_confidence_min"": 87.28518691222838, ""iv_crush_max"": 29.5, ""market_hostility_max"": 21.631760220818418, ""min_5depth_lots_each_side"": 16.0, ""min_top_book_lots"": 2.0, ""premium_elasticity_min"": 0.0, ""regime_confidence_min"": 60.0, ""spread_pct_max"": 0.23668639053255336, ""trade_quality_min"": 62.959752321982776}",57.02951671651393,CE,DataHealth invalid; Contract invalid: Quote stale or spread hard rejected.; SideDirection hard reject: -8.8 < 65.0; PremiumElasticity hard reject: 0.00 < 1.00; TradeQuality below configured minimum; ConvexityEdge below excellent gate: 52.3 < 80.0,DataHealth invalid; Contract invalid: Quote stale or spread hard rejected.; SideDirection hard reject: -8.8 < 65.0; PremiumElasticity hard reject: 0.00 < 1.00; TradeQuality below configured minimum; ConvexityEdge below excellent gate: 52.3 < 80.0,,0.0,UNVALIDATED_COST_MODEL,UNAVAILABLE,paper-strategy-e935c30a69b1,opportunity-score-e935c30a69b1,PAPER_OVERRIDE::FYERS_PAPER_PROXY_RESEARCH,SKIPPED_FORWARD_PROXY,128.75,128.85,2.0,0.0,False,False,0.08,OBSERVED,,FYERS_PAPER_PROXY_RESEARCH
202608251022_3_BANKNIFTY_CE,15,2026-08-25T10:37:27.809249+05:30,BANKNIFTY,BANKNIFTY,NSE_INDEX,2e840ccd58d1,"{""contract_quality_min"": 0.0, ""direction_min"": 0.0, ""excellent_score_min"": 57.02951671651393, ""execution_quality_min"": 100.0, ""expected_required_ratio_min"": 2.099486906057453, ""final_confidence_min"": 87.28518691222838, ""iv_crush_max"": 29.5, ""market_hostility_max"": 21.631760220818418, ""min_5depth_lots_each_side"": 21.0, ""min_top_book_lots"": 1.0, ""premium_elasticity_min"": 0.0, ""regime_confidence_min"": 60.0, ""spread_pct_max"": 0.23894862604540928, ""trade_quality_min"": 62.959752321982776}",57.02951671651393,CE,DataHealth invalid; Contract invalid: Quote stale or spread hard rejected.; SideDirection hard reject: -8.8 < 65.0; PremiumElasticity hard reject: 0.00 < 1.00; TradeQuality below configured minimum; ConvexityEdge below excellent gate: 52.3 < 80.0,DataHealth invalid; Contract invalid: Quote stale or spread hard rejected.; SideDirection hard reject: -8.8 < 65.0; PremiumElasticity hard reject: 0.00 < 1.00; TradeQuality below configured minimum; ConvexityEdge below excellent gate: 52.3 < 80.0,,0.0,UNVALIDATED_COST_MODEL,UNAVAILABLE,paper-strategy-e935c30a69b1,opportunity-score-e935c30a69b1,PAPER_OVERRIDE::FYERS_PAPER_PROXY_RESEARCH,SKIPPED_FORWARD_PROXY,192.3,192.9,3.9750000000000227,0.0,False,False,0.15900000000000092,OBSERVED,,FYERS_PAPER_PROXY_RESEARCH
202608251022_4_BANKNIFTY_CE,15,2026-08-25T10:37:27.809249+05:30,BANKNIFTY,BANKNIFTY,NSE_INDEX,2e840ccd58d1,"{""contract_quality_min"": 0.0, ""direction_min"": 0.0, ""excellent_score_min"": 54.22951671651393, ""execution_quality_min"": 100.0, ""expected_required_ratio_min"": 2.099486906057453, ""final_confidence_min"": 87.28518691222838, ""iv_crush_max"": 29.5, ""market_hostility_max"": 21.631760220818418, ""min_5depth_lots_each_side"": 58.0, ""min_top_book_lots"": 2.0, ""premium_elasticity_min"": 0.0, ""regime_confidence_min"": 60.0, ""spread_pct_max"": 0.3112356053532524, ""trade_quality_min"": 62.959752321982776}",54.22951671651393,CE,DataHealth invalid; Contract invalid: Quote stale or spread hard rejected.; SideDirection hard reject: -8.8 < 65.0; PremiumElasticity hard reject: 0.00 < 1.00; TradeQuality below configured minimum; ConvexityEdge below excellent gate: 38.3 < 80.0,DataHealth invalid; Contract invalid: Quote stale or spread hard rejected.; SideDirection hard reject: -8.8 < 65.0; PremiumElasticity hard reject: 0.00 < 1.00; TradeQuality below configured minimum; ConvexityEdge below excellent gate: 38.3 < 80.0,,0.0,UNVALIDATED_COST_MODEL,UNAVAILABLE,paper-strategy-e935c30a69b1,opportunity-score-e935c30a69b1,PAPER_OVERRIDE::FYERS_PAPER_PROXY_RESEARCH,SKIPPED_FORWARD_PROXY,80.75,80.95,0.42499999999999716,0.0,False,False,0.026455026455026277,OBSERVED,,FYERS_PAPER_PROXY_RESEARCH
202608251022_5_FINNIFTY_PE,15,2026-08-25T10:37:27.809249+05:30,FINNIFTY,FINNIFTY,NSE_INDEX,e172b0fef65b,"{""contract_quality_min"": 0.0, ""direction_min"": 3.675921565023606, ""excellent_score_min"": 50.98147143520708, ""execution_quality_min"": 100.0, ""expected_required_ratio_min"": 1.7441305693135214, ""final_confidence_min"": 83.4799596633263, ""iv_crush_max"": 29.5, ""market_hostility_max"": 21.642889158758884, ""min_5depth_lots_each_side"": 12.0, ""min_top_book_lots"": 3.0, ""premium_elasticity_min"": 0.0, ""regime_confidence_min"": 60.0, ""spread_pct_max"": 0.7380073800738007, ""trade_quality_min"": 38.0952380952425}",50.98147143520708,PE,DataHealth invalid; Contract invalid: Quote stale or spread hard rejected.; SideDirection hard reject: 3.7 < 65.0; PremiumElasticity hard reject: 0.00 < 1.00; TradeQuality below configured minimum; ConvexityEdge below excellent gate: 52.3 < 80.0,DataHealth invalid; Contract invalid: Quote stale or spread hard rejected.; SideDirection hard reject: 3.7 < 65.0; PremiumElasticity hard reject: 0.00 < 1.00; TradeQuality below configured minimum; ConvexityEdge below excellent gate: 52.3 < 80.0,,0.0,UNVALIDATED_COST_MODEL,UNAVAILABLE,paper-strategy-e935c30a69b1,opportunity-score-e935c30a69b1,PAPER_OVERRIDE::FYERS_PAPER_PROXY_RESEARCH,SKIPPED_FORWARD_PROXY,66.65,67.4,0.0,-1.0999999999999943,False,False,-0.08118081180811766,OBSERVED,,FYERS_PAPER_PROXY_RESEARCH
202608251032_1_BANKNIFTY_CE,5,2026-08-25T10:37:27.809249+05:30,BANKNIFTY,BANKNIFTY,NSE_INDEX,2e840ccd58d1,"{""contract_quality_min"": 0.0, ""direction_min"": 5.268425770336796, ""excellent_score_min"": 49.02491569921006, ""execution_quality_min"": 100.0, ""expected_required_ratio_min"": 2.095078922270252, ""final_confidence_min"": 81.67185641984062, ""iv_crush_max"": 29.5, ""market_hostility_max"": 22.87811041426513, ""min_5depth_lots_each_side"": 28.0, ""min_top_book_lots"": 1.0, ""premium_elasticity_min"": 0.0, ""regime_confidence_min"": 60.0, ""spread_pct_max"": 0.2814919071076746, ""trade_quality_min"": 31.271975180967054}",49.02491569921006,CE,DataHealth invalid; Contract invalid: Quote stale or spread hard rejected.; SideDirection hard reject: 5.3 < 65.0; PremiumElasticity hard reject: 0.00 < 1.00; TradeQuality below configured minimum; ConvexityEdge below excellent gate: 52.3 < 80.0,DataHealth invalid; Contract invalid: Quote stale or spread hard rejected.; SideDirection hard reject: 5.3 < 65.0; PremiumElasticity hard reject: 0.00 < 1.00; TradeQuality below configured minimum; ConvexityEdge below excellent gate: 52.3 < 80.0,,0.0,UNVALIDATED_COST_MODEL,UNAVAILABLE,paper-strategy-e935c30a69b1,opportunity-score-e935c30a69b1,PAPER_OVERRIDE::FYERS_PAPER_PROXY_RESEARCH,SKIPPED_FORWARD_PROXY,128.75,128.85,0.0,-13.350000000000023,False,False,-0.5340000000000009,OBSERVED,,FYERS_PAPER_PROXY_RESEARCH
202608251032_2_BANKNIFTY_PE,5,2026-08-25T10:37:27.809249+05:30,BANKNIFTY,BANKNIFTY,NSE_INDEX,2e840ccd58d1,"{""contract_quality_min"": 0.0, ""direction_min"": 0.0, ""excellent_score_min"": 48.07659906054944, ""execution_quality_min"": 100.0, ""expected_required_ratio_min"": 2.095078922270252, ""final_confidence_min"": 80.0913286887396, ""iv_crush_max"": 29.5, ""market_hostility_max"": 22.87811041426513, ""min_5depth_lots_each_side"": 30.0, ""min_top_book_lots"": 2.0, ""premium_elasticity_min"": 0.0, ""regime_confidence_min"": 60.0, ""spread_pct_max"": 0.3120124804992244, ""trade_quality_min"": 31.271975180967054}",48.07659906054944,PE,DataHealth invalid; Contract invalid: Quote stale or spread hard rejected.; SideDirection hard reject: -5.3 < 65.0; PremiumElasticity hard reject: 0.00 < 1.00; TradeQuality below configured minimum; ConvexityEdge below excellent gate: 52.3 < 80.0,DataHealth invalid; Contract invalid: Quote stale or spread hard rejected.; SideDirection hard reject: -5.3 < 65.0; PremiumElasticity hard reject: 0.00 < 1.00; TradeQuality below configured minimum; ConvexityEdge below excellent gate: 52.3 < 80.0,,0.0,UNVALIDATED_COST_MODEL,UNAVAILABLE,paper-strategy-e935c30a69b1,opportunity-score-e935c30a69b1,PAPER_OVERRIDE::FYERS_PAPER_PROXY_RESEARCH,SKIPPED_FORWARD_PROXY,141.6,141.95,13.400000000000006,0.0,False,False,0.5360000000000003,OBSERVED,,FYERS_PAPER_PROXY_RESEARCH
202608251032_3_FINNIFTY_CE,5,2026-08-25T10:37:27.809249+05:30,FINNIFTY,FINNIFTY,NSE_INDEX,e172b0fef65b,"{""contract_quality_min"": 0.0, ""direction_min"": 0.0, ""excellent_score_min"": 39.47352350660397, ""execution_quality_min"": 100.0, ""expected_required_ratio_min"": 1.7582427048680032, ""final_confidence_min"": 71.57831081309392, ""iv_crush_max"": 29.5, ""market_hostility_max"": 22.897253967463527, ""min_5depth_lots_each_side"": 22.0, ""min_top_book_lots"": 2.0, ""premium_elasticity_min"": 0.0, ""regime_confidence_min"": 60.0, ""spread_pct_max"": 0.7446016381236038, ""trade_quality_min"": 0.2840236686418576}",39.47352350660397,CE,DataHealth invalid; Contract invalid: Quote stale or spread hard rejected.; SideDirection hard reject: -0.0 < 65.0; PremiumElasticity hard reject: 0.00 < 1.00; TradeQuality below configured minimum; ConvexityEdge below excellent gate: 52.3 < 80.0,DataHealth invalid; Contract invalid: Quote stale or spread hard rejected.; SideDirection hard reject: -0.0 < 65.0; PremiumElasticity hard reject: 0.00 < 1.00; TradeQuality below configured minimum; ConvexityEdge below excellent gate: 52.3 < 80.0,,0.0,UNVALIDATED_COST_MODEL,UNAVAILABLE,paper-strategy-e935c30a69b1,opportunity-score-e935c30a69b1,PAPER_OVERRIDE::FYERS_PAPER_PROXY_RESEARCH,SKIPPED_FORWARD_PROXY,62.2,62.75,0.0,-4.950000000000003,False,False,-0.3685778108711841,OBSERVED,,FYERS_PAPER_PROXY_RESEARCH
202608251032_4_FINNIFTY_PE,5,2026-08-25T10:37:27.809249+05:30,FINNIFTY,FINNIFTY,NSE_INDEX,e172b0fef65b,"{""contract_quality_min"": 0.0, ""direction_min"": 0.04597524999086784, ""excellent_score_min"": 38.82942116548328, ""execution_quality_min"": 95.65081409253963, ""expected_required_ratio_min"": 1.7582427048680032, ""final_confidence_min"": 71.59210338809119, ""iv_crush_max"": 29.5, ""market_hostility_max"": 22.897253967463527, ""min_5depth_lots_each_side"": 17.0, ""min_top_book_lots"": 7.0, ""premium_elasticity_min"": 0.0, ""regime_confidence_min"": 60.0, ""spread_pct_max"": 0.9014810045074086, ""trade_quality_min"": 0.2840236686418576}",38.82942116548328,PE,DataHealth invalid; Contract invalid: Quote stale or spread hard rejected.; SideDirection hard reject: 0.0 < 65.0; PremiumElasticity hard reject: 0.00 < 1.00; TradeQuality below configured minimum; ConvexityEdge below excellent gate: 52.3 < 80.0,DataHealth invalid; Contract invalid: Quote stale or spread hard rejected.; SideDirection hard reject: 0.0 < 65.0; PremiumElasticity hard reject: 0.00 < 1.00; TradeQuality below configured minimum; ConvexityEdge below excellent gate: 52.3 < 80.0,,0.0,UNVALIDATED_COST_MODEL,UNAVAILABLE,paper-strategy-e935c30a69b1,opportunity-score-e935c30a69b1,PAPER_OVERRIDE::FYERS_PAPER_PROXY_RESEARCH,SKIPPED_FORWARD_PROXY,41.05,41.45,2.2249999999999943,0.0,False,False,0.2865421764327101,OBSERVED,,FYERS_PAPER_PROXY_RESEARCH
202608251032_5_FINNIFTY_PE,5,2026-08-25T10:37:27.809249+05:30,FINNIFTY,FINNIFTY,NSE_INDEX,e172b0fef65b,"{""contract_quality_min"": 0.0, ""direction_min"": 0.04597524999086784, ""excellent_score_min"": 38.4084710902808, ""execution_quality_min"": 92.84448025785647, ""expected_required_ratio_min"": 1.7582427048680032, ""final_confidence_min"": 71.59210338809119, ""iv_crush_max"": 29.5, ""market_hostility_max"": 22.897253967463527, ""min_5depth_lots_each_side"": 7.0, ""min_top_book_lots"": 1.0, ""premium_elasticity_min"": 0.0, ""regime_confidence_min"": 60.0, ""spread_pct_max"": 0.9669621273166824, ""trade_quality_min"": 0.2840236686418576}",38.4084710902808,PE,DataHealth invalid; Contract invalid: Quote stale or spread hard rejected.; SideDirection hard reject: 0.0 < 65.0; PremiumElasticity hard reject: 0.00 < 1.00; TradeQuality below configured minimum; ConvexityEdge below excellent gate: 52.3 < 80.0,DataHealth invalid; Contract invalid: Quote stale or spread hard rejected.; SideDirection hard reject: 0.0 < 65.0; PremiumElasticity hard reject: 0.00 < 1.00; TradeQuality below configured minimum; ConvexityEdge below excellent gate: 52.3 < 80.0,,0.0,UNVALIDATED_COST_MODEL,UNAVAILABLE,paper-strategy-e935c30a69b1,opportunity-score-e935c30a69b1,PAPER_OVERRIDE::FYERS_PAPER_PROXY_RESEARCH,SKIPPED_FORWARD_PROXY,66.65,67.4,4.6000000000000085,0.0,False,False,0.37066881547139474,OBSERVED,,FYERS_PAPER_PROXY_RESEARCH
202608251008_1_MIDCPNIFTY_CE,30,2026-08-25T10:39:04.509380+05:30,MIDCPNIFTY,MIDCPNIFTY,NSE_INDEX,712afad509f5,"{""contract_quality_min"": 0.0, ""direction_min"": 0.0, ""excellent_score_min"": 55.37017303573068, ""execution_quality_min"": 99.05377065682396, ""expected_required_ratio_min"": 1.6911188809959763, ""final_confidence_min"": 88.00564493125911, ""iv_crush_max"": 29.5, ""market_hostility_max"": 22.16026300627911, ""min_5depth_lots_each_side"": 24.0, ""min_top_book_lots"": 5.0, ""premium_elasticity_min"": 0.0, ""regime_confidence_min"": 60.0, ""spread_pct_max"": 0.8220786846741077, ""trade_quality_min"": 59.130434782603814}",55.37017303573068,CE,DataHealth invalid; Contract invalid: Quote stale or spread hard rejected.; SideDirection hard reject: -8.2 < 65.0; PremiumElasticity hard reject: 0.00 < 1.00; TradeQuality below configured minimum; ConvexityEdge below excellent gate: 52.3 < 80.0,DataHealth invalid; Contract invalid: Quote stale or spread hard rejected.; SideDirection hard reject: -8.2 < 65.0; PremiumElasticity hard reject: 0.00 < 1.00; TradeQuality below configured minimum; ConvexityEdge below excellent gate: 52.3 < 80.0,,0.0,UNVALIDATED_COST_MODEL,UNAVAILABLE,paper-strategy-e935c30a69b1,opportunity-score-e935c30a69b1,PAPER_OVERRIDE::FYERS_PAPER_PROXY_RESEARCH,SKIPPED_FORWARD_PROXY,39.65,39.9,0.0,-2.9250000000000043,False,False,-0.34351145038167985,OBSERVED,,FYERS_PAPER_PROXY_RESEARCH
202608251008_2_BANKNIFTY_PE,30,2026-08-25T10:39:04.509380+05:30,BANKNIFTY,BANKNIFTY,NSE_INDEX,2e840ccd58d1,"{""contract_quality_min"": 0.0, ""direction_min"": 2.059352486703319, ""excellent_score_min"": 44.07798794785053, ""execution_quality_min"": 100.0, ""expected_required_ratio_min"": 2.2175298936477095, ""final_confidence_min"": 76.4949187041408, ""iv_crush_max"": 29.5, ""market_hostility_max"": 23.017679952727196, ""min_5depth_lots_each_side"": 62.0, ""min_top_book_lots"": 2.0, ""premium_elasticity_min"": 0.0, ""regime_confidence_min"": 60.0, ""spread_pct_max"": 0.3693444136657486, ""trade_quality_min"": 15.62005277045102}",44.07798794785053,PE,DataHealth invalid; Contract invalid: Quote stale or spread hard rejected.; SideDirection hard reject: 2.1 < 65.0; PremiumElasticity hard reject: 0.00 < 1.00; TradeQuality below configured minimum; ConvexityEdge below excellent gate: 52.3 < 80.0,DataHealth invalid; Contract invalid: Quote stale or spread hard rejected.; SideDirection hard reject: 2.1 < 65.0; PremiumElasticity hard reject: 0.00 < 1.00; TradeQuality below configured minimum; ConvexityEdge below excellent gate: 52.3 < 80.0,,0.0,UNVALIDATED_COST_MODEL,UNAVAILABLE,paper-strategy-e935c30a69b1,opportunity-score-e935c30a69b1,PAPER_OVERRIDE::FYERS_PAPER_PROXY_RESEARCH,SKIPPED_FORWARD_PROXY,144.1,144.45,35.8,0.0,False,False,1.652816251154201,OBSERVED,,FYERS_PAPER_PROXY_RESEARCH
202608251008_3_BANKNIFTY_PE,30,2026-08-25T10:39:04.509380+05:30,BANKNIFTY,BANKNIFTY,NSE_INDEX,2e840ccd58d1,"{""contract_quality_min"": 0.0, ""direction_min"": 2.059352486703319, ""excellent_score_min"": 44.07798794785053, ""execution_quality_min"": 100.0, ""expected_required_ratio_min"": 2.2175298936477095, ""final_confidence_min"": 76.4949187041408, ""iv_crush_max"": 29.5, ""market_hostility_max"": 23.017679952727196, ""min_5depth_lots_each_side"": 18.0, ""min_top_book_lots"": 1.0, ""premium_elasticity_min"": 0.0, ""regime_confidence_min"": 60.0, ""spread_pct_max"": 0.21286300745020176, ""trade_quality_min"": 15.62005277045102}",44.07798794785053,PE,DataHealth invalid; Contract invalid: Quote stale or spread hard rejected.; SideDirection hard reject: 2.1 < 65.0; PremiumElasticity hard reject: 0.00 < 1.00; TradeQuality below configured minimum; ConvexityEdge below excellent gate: 52.3 < 80.0,DataHealth invalid; Contract invalid: Quote stale or spread hard rejected.; SideDirection hard reject: 2.1 < 65.0; PremiumElasticity hard reject: 0.00 < 1.00; TradeQuality below configured minimum; ConvexityEdge below excellent gate: 52.3 < 80.0,,0.0,UNVALIDATED_COST_MODEL,UNAVAILABLE,paper-strategy-e935c30a69b1,opportunity-score-e935c30a69b1,PAPER_OVERRIDE::FYERS_PAPER_PROXY_RESEARCH,SKIPPED_FORWARD_PROXY,211.25,211.95,46.82499999999999,0.0,False,False,1.8729999999999996,OBSERVED,,FYERS_PAPER_PROXY_RESEARCH
202608251008_4_BANKNIFTY_CE,30,2026-08-25T10:39:04.509380+05:30,BANKNIFTY,BANKNIFTY,NSE_INDEX,2e840ccd58d1,"{""contract_quality_min"": 0.0, ""direction_min"": 0.0, ""excellent_score_min"": 43.707304500243936, ""execution_quality_min"": 100.0, ""expected_required_ratio_min"": 2.2175298936477095, ""final_confidence_min"": 75.87711295812981, ""iv_crush_max"": 29.5, ""market_hostility_max"": 23.017679952727196, ""min_5depth_lots_each_side"": 38.0, ""min_top_book_lots"": 3.0, ""premium_elasticity_min"": 0.0, ""regime_confidence_min"": 60.0, ""spread_pct_max"": 0.25695931477517037, ""trade_quality_min"": 15.62005277045102}",43.707304500243936,CE,DataHealth invalid; Contract invalid: Quote stale or spread hard rejected.; SideDirection hard reject: -2.1 < 65.0; PremiumElasticity hard reject: 0.00 < 1.00; TradeQuality below configured minimum; ConvexityEdge below excellent gate: 52.3 < 80.0,DataHealth invalid; Contract invalid: Quote stale or spread hard rejected.; SideDirection hard reject: -2.1 < 65.0; PremiumElasticity hard reject: 0.00 < 1.00; TradeQuality below configured minimum; ConvexityEdge below excellent gate: 52.3 < 80.0,,0.0,UNVALIDATED_COST_MODEL,UNAVAILABLE,paper-strategy-e935c30a69b1,opportunity-score-e935c30a69b1,PAPER_OVERRIDE::FYERS_PAPER_PROXY_RESEARCH,SKIPPED_FORWARD_PROXY,79.15,79.3,0.0,-37.599999999999994,False,True,-1.6102783725910061,OBSERVED,,FYERS_PAPER_PROXY_RESEARCH
202608251008_5_BANKNIFTY_CE,30,2026-08-25T10:39:04.509380+05:30,BANKNIFTY,BANKNIFTY,NSE_INDEX,2e840ccd58d1,"{""contract_quality_min"": 0.0, ""direction_min"": 0.0, ""excellent_score_min"": 43.707304500243936, ""execution_quality_min"": 100.0, ""expected_required_ratio_min"": 2.2175298936477095, ""final_confidence_min"": 75.87711295812981, ""iv_crush_max"": 29.5, ""market_hostility_max"": 23.017679952727196, ""min_5depth_lots_each_side"": 18.0, ""min_top_book_lots"": 1.0, ""premium_elasticity_min"": 0.0, ""regime_confidence_min"": 60.0, ""spread_pct_max"": 0.28360748723766305, ""trade_quality_min"": 15.62005277045102}",43.707304500243936,CE,DataHealth invalid; Contract invalid: Quote stale or spread hard rejected.; SideDirection hard reject: -2.1 < 65.0; PremiumElasticity hard reject: 0.00 < 1.00; TradeQuality below configured minimum; ConvexityEdge below excellent gate: 52.3 < 80.0,DataHealth invalid; Contract invalid: Quote stale or spread hard rejected.; SideDirection hard reject: -2.1 < 65.0; PremiumElasticity hard reject: 0.00 < 1.00; TradeQuality below configured minimum; ConvexityEdge below excellent gate: 52.3 < 80.0,,0.0,UNVALIDATED_COST_MODEL,UNAVAILABLE,paper-strategy-e935c30a69b1,opportunity-score-e935c30a69b1,PAPER_OVERRIDE::FYERS_PAPER_PROXY_RESEARCH,SKIPPED_FORWARD_PROXY,126.75,126.9,0.0,-49.55000000000001,False,True,-1.9820000000000004,OBSERVED,,FYERS_PAPER_PROXY_RESEARCH
202608251023_1_BANKNIFTY_PE,15,2026-08-25T10:39:04.509380+05:30,BANKNIFTY,BANKNIFTY,NSE_INDEX,2e840ccd58d1,"{""contract_quality_min"": 0.0, ""direction_min"": 11.134636897750978, ""excellent_score_min"": 62.50552602827593, ""execution_quality_min"": 100.0, ""expected_required_ratio_min"": 2.126379026264034, ""final_confidence_min"": 85.58297194743737, ""iv_crush_max"": 29.5, ""market_hostility_max"": 21.391945428606057, ""min_5depth_lots_each_side"": 37.0, ""min_top_book_lots"": 1.0, ""premium_elasticity_min"": 0.0, ""regime_confidence_min"": 60.0, ""spread_pct_max"": 0.24527839097375523, ""trade_quality_min"": 78.62407862408425}",62.50552602827593,PE,DataHealth invalid; Contract invalid: Quote stale or spread hard rejected.; SideDirection hard reject: 11.1 < 65.0; PremiumElasticity hard reject: 0.00 < 1.00; ConvexityEdge below excellent gate: 52.3 < 80.0,DataHealth invalid; Contract invalid: Quote stale or spread hard rejected.; SideDirection hard reject: 11.1 < 65.0; PremiumElasticity hard reject: 0.00 < 1.00; ConvexityEdge below excellent gate: 52.3 < 80.0,,0.0,UNVALIDATED_COST_MODEL,UNAVAILABLE,paper-strategy-e935c30a69b1,opportunity-score-e935c30a69b1,PAPER_OVERRIDE::FYERS_PAPER_PROXY_RESEARCH,SKIPPED_FORWARD_PROXY,91.15,91.35,0.0,-10.774999999999991,False,False,-0.528574932548442,OBSERVED,,FYERS_PAPER_PROXY_RESEARCH
202608251023_2_BANKNIFTY_PE,15,2026-08-25T10:39:04.509380+05:30,BANKNIFTY,BANKNIFTY,NSE_INDEX,2e840ccd58d1,"{""contract_quality_min"": 0.0, ""direction_min"": 11.134636897750978, ""excellent_score_min"": 62.50552602827593, ""execution_quality_min"": 100.0, ""expected_required_ratio_min"": 2.126379026264034, ""final_confidence_min"": 85.58297194743737, ""iv_crush_max"": 29.5, ""market_hostility_max"": 21.391945428606057, ""min_5depth_lots_each_side"": 32.0, ""min_top_book_lots"": 3.0, ""premium_elasticity_min"": 0.0, ""regime_confidence_min"": 60.0, ""spread_pct_max"": 0.19169329073483155, ""trade_quality_min"": 78.62407862408425}",62.50552602827593,PE,DataHealth invalid; Contract invalid: Quote stale or spread hard rejected.; SideDirection hard reject: 11.1 < 65.0; PremiumElasticity hard reject: 0.00 < 1.00; ConvexityEdge below excellent gate: 52.3 < 80.0,DataHealth invalid; Contract invalid: Quote stale or spread hard rejected.; SideDirection hard reject: 11.1 < 65.0; PremiumElasticity hard reject: 0.00 < 1.00; ConvexityEdge below excellent gate: 52.3 < 80.0,,0.0,UNVALIDATED_COST_MODEL,UNAVAILABLE,paper-strategy-e935c30a69b1,opportunity-score-e935c30a69b1,PAPER_OVERRIDE::FYERS_PAPER_PROXY_RESEARCH,SKIPPED_FORWARD_PROXY,144.1,144.45,0.0,-12.400000000000006,False,False,-0.4960000000000002,OBSERVED,,FYERS_PAPER_PROXY_RESEARCH
202608251023_3_BANKNIFTY_CE,15,2026-08-25T10:39:04.509380+05:30,BANKNIFTY,BANKNIFTY,NSE_INDEX,2e840ccd58d1,"{""contract_quality_min"": 0.0, ""direction_min"": 0.0, ""excellent_score_min"": 60.50129138668076, ""execution_quality_min"": 100.0, ""expected_required_ratio_min"": 2.126379026264034, ""final_confidence_min"": 82.24258087811207, ""iv_crush_max"": 29.5, ""market_hostility_max"": 21.391945428606057, ""min_5depth_lots_each_side"": 23.0, ""min_top_book_lots"": 3.0, ""premium_elasticity_min"": 0.0, ""regime_confidence_min"": 60.0, ""spread_pct_max"": 0.21798365122614566, ""trade_quality_min"": 78.62407862408425}",60.50129138668076,CE,DataHealth invalid; Contract invalid: Quote stale or spread hard rejected.; SideDirection hard reject: -11.1 < 65.0; PremiumElasticity hard reject: 0.00 < 1.00; ConvexityEdge below excellent gate: 52.3 < 80.0,DataHealth invalid; Contract invalid: Quote stale or spread hard rejected.; SideDirection hard reject: -11.1 < 65.0; PremiumElasticity hard reject: 0.00 < 1.00; ConvexityEdge below excellent gate: 52.3 < 80.0,,0.0,UNVALIDATED_COST_MODEL,UNAVAILABLE,paper-strategy-e935c30a69b1,opportunity-score-e935c30a69b1,PAPER_OVERRIDE::FYERS_PAPER_PROXY_RESEARCH,SKIPPED_FORWARD_PROXY,190.35,191.0,6.849999999999994,0.0,False,False,0.2739999999999998,OBSERVED,,FYERS_PAPER_PROXY_RESEARCH
202608251023_4_FINNIFTY_PE,15,2026-08-25T10:39:04.509380+05:30,FINNIFTY,FINNIFTY,NSE_INDEX,e172b0fef65b,"{""contract_quality_min"": 0.0, ""direction_min"": 5.176308434473435, ""excellent_score_min"": 56.96601563837104, ""execution_quality_min"": 100.0, ""expected_required_ratio_min"": 1.7486127092364279, ""final_confidence_min"": 89.68417158706418, ""iv_crush_max"": 29.5, ""market_hostility_max"": 21.017142215002792, ""min_5depth_lots_each_side"": 8.0, ""min_top_book_lots"": 1.0, ""premium_elasticity_min"": 0.0, ""regime_confidence_min"": 60.0, ""spread_pct_max"": 0.7564296520423601, ""trade_quality_min"": 58.02575107297724}",56.96601563837104,PE,DataHealth invalid; Contract invalid: Quote stale or spread hard rejected.; SideDirection hard reject: 5.2 < 65.0; PremiumElasticity hard reject: 0.00 < 1.00; TradeQuality below configured minimum; ConvexityEdge below excellent gate: 52.3 < 80.0,DataHealth invalid; Contract invalid: Quote stale or spread hard rejected.; SideDirection hard reject: 5.2 < 65.0; PremiumElasticity hard reject: 0.00 < 1.00; TradeQuality below configured minimum; ConvexityEdge below excellent gate: 52.3 < 80.0,,0.0,UNVALIDATED_COST_MODEL,UNAVAILABLE,paper-strategy-e935c30a69b1,opportunity-score-e935c30a69b1,PAPER_OVERRIDE::FYERS_PAPER_PROXY_RESEARCH,SKIPPED_FORWARD_PROXY,68.3,68.85,2.200000000000003,0.0,False,False,0.16641452344931945,OBSERVED,,FYERS_PAPER_PROXY_RESEARCH
202608251023_5_FINNIFTY_PE,15,2026-08-25T10:39:04.509380+05:30,FINNIFTY,FINNIFTY,NSE_INDEX,e172b0fef65b,"{""contract_quality_min"": 0.0, ""direction_min"": 5.176308434473435, ""excellent_score_min"": 56.76127919834047, ""execution_quality_min"": 98.63509039979614, ""expected_required_ratio_min"": 1.7486127092364279, ""final_confidence_min"": 89.68417158706418, ""iv_crush_max"": 29.5, ""market_hostility_max"": 21.017142215002792, ""min_5depth_lots_each_side"": 18.0, ""min_top_book_lots"": 5.0, ""premium_elasticity_min"": 0.0, ""regime_confidence_min"": 60.0, ""spread_pct_max"": 0.8318478906714234, ""trade_quality_min"": 58.02575107297724}",56.76127919834047,PE,DataHealth invalid; Contract invalid: Quote stale or spread hard rejected.; SideDirection hard reject: 5.2 < 65.0; PremiumElasticity hard reject: 0.00 < 1.00; TradeQuality below configured minimum; ConvexityEdge below excellent gate: 52.3 < 80.0,DataHealth invalid; Contract invalid: Quote stale or spread hard rejected.; SideDirection hard reject: 5.2 < 65.0; PremiumElasticity hard reject: 0.00 < 1.00; TradeQuality below configured minimum; ConvexityEdge below excellent gate: 52.3 < 80.0,,0.0,UNVALIDATED_COST_MODEL,UNAVAILABLE,paper-strategy-e935c30a69b1,opportunity-score-e935c30a69b1,PAPER_OVERRIDE::FYERS_PAPER_PROXY_RESEARCH,SKIPPED_FORWARD_PROXY,42.85,43.25,0.7749999999999986,0.0,False,False,0.09209744503862133,OBSERVED,,FYERS_PAPER_PROXY_RESEARCH
202608251010_1_BANKNIFTY_PE,30,2026-08-25T10:40:33.039946+05:30,BANKNIFTY,BANKNIFTY,NSE_INDEX,2e840ccd58d1,"{""contract_quality_min"": 0.0, ""direction_min"": 3.5963184689559, ""excellent_score_min"": 48.64482766650403, ""execution_quality_min"": 100.0, ""expected_required_ratio_min"": 2.2026038472013205, ""final_confidence_min"": 81.16969059594935, ""iv_crush_max"": 29.5, ""market_hostility_max"": 22.356499405757063, ""min_5depth_lots_each_side"": 11.0, ""min_top_book_lots"": 3.0, ""premium_elasticity_min"": 0.0, ""regime_confidence_min"": 60.0, ""spread_pct_max"": 0.2748511223087425, ""trade_quality_min"": 30.434142752019877}",48.64482766650403,PE,DataHealth invalid; Contract invalid: Quote stale or spread hard rejected.; SideDirection hard reject: 3.6 < 65.0; PremiumElasticity hard reject: 0.00 < 1.00; TradeQuality below configured minimum; ConvexityEdge below excellent gate: 52.3 < 80.0,DataHealth invalid; Contract invalid: Quote stale or spread hard rejected.; SideDirection hard reject: 3.6 < 65.0; PremiumElasticity hard reject: 0.00 < 1.00; TradeQuality below configured minimum; ConvexityEdge below excellent gate: 52.3 < 80.0,,0.0,UNVALIDATED_COST_MODEL,UNAVAILABLE,paper-strategy-e935c30a69b1,opportunity-score-e935c30a69b1,PAPER_OVERRIDE::FYERS_PAPER_PROXY_RESEARCH,SKIPPED_FORWARD_PROXY,208.85,209.55,45.125,0.0,False,False,1.805,OBSERVED,,FYERS_PAPER_PROXY_RESEARCH
202608251010_2_BANKNIFTY_CE,30,2026-08-25T10:40:33.039946+05:30,BANKNIFTY,BANKNIFTY,NSE_INDEX,2e840ccd58d1,"{""contract_quality_min"": 0.0, ""direction_min"": 0.0, ""excellent_score_min"": 47.997490342091965, ""execution_quality_min"": 100.0, ""expected_required_ratio_min"": 2.2026038472013205, ""final_confidence_min"": 80.09079505526257, ""iv_crush_max"": 29.5, ""market_hostility_max"": 22.356499405757063, ""min_5depth_lots_each_side"": 23.0, ""min_top_book_lots"": 1.0, ""premium_elasticity_min"": 0.0, ""regime_confidence_min"": 60.0, ""spread_pct_max"": 0.2517130471262697, ""trade_quality_min"": 30.434142752019877}",47.997490342091965,CE,DataHealth invalid; Contract invalid: Quote stale or spread hard rejected.; SideDirection hard reject: -3.6 < 65.0; PremiumElasticity hard reject: 0.00 < 1.00; TradeQuality below configured minimum; ConvexityEdge below excellent gate: 52.3 < 80.0,DataHealth invalid; Contract invalid: Quote stale or spread hard rejected.; SideDirection hard reject: -3.6 < 65.0; PremiumElasticity hard reject: 0.00 < 1.00; TradeQuality below configured minimum; ConvexityEdge below excellent gate: 52.3 < 80.0,,0.0,UNVALIDATED_COST_MODEL,UNAVAILABLE,paper-strategy-e935c30a69b1,opportunity-score-e935c30a69b1,PAPER_OVERRIDE::FYERS_PAPER_PROXY_RESEARCH,SKIPPED_FORWARD_PROXY,126.85,127.15,0.0,-51.92500000000001,False,True,-2.0770000000000004,OBSERVED,,FYERS_PAPER_PROXY_RESEARCH
202608251010_3_FINNIFTY_PE,30,2026-08-25T10:40:33.039946+05:30,FINNIFTY,FINNIFTY,NSE_INDEX,e172b0fef65b,"{""contract_quality_min"": 0.0, ""direction_min"": 0.9649275634243304, ""excellent_score_min"": 40.22695687967825, ""execution_quality_min"": 92.94441892512623, ""expected_required_ratio_min"": 1.7827861602691608, ""final_confidence_min"": 73.49089298066816, ""iv_crush_max"": 29.5, ""market_hostility_max"": 22.863983720532957, ""min_5depth_lots_each_side"": 17.0, ""min_top_book_lots"": 3.0, ""premium_elasticity_min"": 0.0, ""regime_confidence_min"": 60.0, ""spread_pct_max"": 0.964630225080388, ""trade_quality_min"": 6.153846153848341}",40.22695687967825,PE,DataHealth invalid; Contract invalid: Quote stale or spread hard rejected.; SideDirection hard reject: 1.0 < 65.0; PremiumElasticity hard reject: 0.00 < 1.00; TradeQuality below configured minimum; ConvexityEdge below excellent gate: 52.3 < 80.0,DataHealth invalid; Contract invalid: Quote stale or spread hard rejected.; SideDirection hard reject: 1.0 < 65.0; PremiumElasticity hard reject: 0.00 < 1.00; TradeQuality below configured minimum; ConvexityEdge below excellent gate: 52.3 < 80.0,,0.0,UNVALIDATED_COST_MODEL,UNAVAILABLE,paper-strategy-e935c30a69b1,opportunity-score-e935c30a69b1,PAPER_OVERRIDE::FYERS_PAPER_PROXY_RESEARCH,SKIPPED_FORWARD_PROXY,69.75,70.45,7.549999999999997,0.0,False,False,0.6069131832797425,OBSERVED,,FYERS_PAPER_PROXY_RESEARCH
202608251010_4_FINNIFTY_CE,30,2026-08-25T10:40:33.039946+05:30,FINNIFTY,FINNIFTY,NSE_INDEX,e172b0fef65b,"{""contract_quality_min"": 0.0, ""direction_min"": 0.0, ""excellent_score_min"": 40.068897212040895, ""execution_quality_min"": 93.0486008836531, ""expected_required_ratio_min"": 1.7827861602691608, ""final_confidence_min"": 73.20141471164085, ""iv_crush_max"": 29.5, ""market_hostility_max"": 22.863983720532957, ""min_5depth_lots_each_side"": 7.0, ""min_top_book_lots"": 1.0, ""premium_elasticity_min"": 0.0, ""regime_confidence_min"": 60.0, ""spread_pct_max"": 0.9621993127147611, ""trade_quality_min"": 6.153846153848341}",40.068897212040895,CE,DataHealth invalid; Contract invalid: Quote stale or spread hard rejected.; SideDirection hard reject: -1.0 < 65.0; PremiumElasticity hard reject: 0.00 < 1.00; TradeQuality below configured minimum; ConvexityEdge below excellent gate: 52.3 < 80.0,DataHealth invalid; Contract invalid: Quote stale or spread hard rejected.; SideDirection hard reject: -1.0 < 65.0; PremiumElasticity hard reject: 0.00 < 1.00; TradeQuality below configured minimum; ConvexityEdge below excellent gate: 52.3 < 80.0,,0.0,UNVALIDATED_COST_MODEL,UNAVAILABLE,paper-strategy-e935c30a69b1,opportunity-score-e935c30a69b1,PAPER_OVERRIDE::FYERS_PAPER_PROXY_RESEARCH,SKIPPED_FORWARD_PROXY,60.1,60.7,0.0,-12.649999999999999,False,False,-0.8694158075601374,OBSERVED,,FYERS_PAPER_PROXY_RESEARCH
202608251010_5_FINNIFTY_PE,30,2026-08-25T10:40:33.039946+05:30,FINNIFTY,FINNIFTY,NSE_INDEX,e172b0fef65b,"{""contract_quality_min"": 0.0, ""direction_min"": 0.9649275634243304, ""excellent_score_min"": 39.803975359590524, ""execution_quality_min"": 90.32967032966971, ""expected_required_ratio_min"": 1.7827861602691608, ""final_confidence_min"": 73.18320067297569, ""iv_crush_max"": 29.5, ""market_hostility_max"": 22.863983720532957, ""min_5depth_lots_each_side"": 14.0, ""min_top_book_lots"": 4.0, ""premium_elasticity_min"": 0.0, ""regime_confidence_min"": 60.0, ""spread_pct_max"": 1.0256410256410402, ""trade_quality_min"": 6.153846153848341}",39.803975359590524,PE,DataHealth invalid; Contract invalid: Quote stale or spread hard rejected.; SideDirection hard reject: 1.0 < 65.0; PremiumElasticity hard reject: 0.00 < 1.00; TradeQuality below configured minimum; ConvexityEdge below excellent gate: 52.3 < 80.0,DataHealth invalid; Contract invalid: Quote stale or spread hard rejected.; SideDirection hard reject: 1.0 < 65.0; PremiumElasticity hard reject: 0.00 < 1.00; TradeQuality below configured minimum; ConvexityEdge below excellent gate: 52.3 < 80.0,,0.0,UNVALIDATED_COST_MODEL,UNAVAILABLE,paper-strategy-e935c30a69b1,opportunity-score-e935c30a69b1,PAPER_OVERRIDE::FYERS_PAPER_PROXY_RESEARCH,SKIPPED_FORWARD_PROXY,44.1,44.45,5.100000000000001,0.0,False,False,0.653846153846154,OBSERVED,,FYERS_PAPER_PROXY_RESEARCH
202608251034_1_BANKNIFTY_CE,5,2026-08-25T10:40:33.039946+05:30,BANKNIFTY,BANKNIFTY,NSE_INDEX,2e840ccd58d1,"{""contract_quality_min"": 0.0, ""direction_min"": 9.389090497205114, ""excellent_score_min"": 55.1118322521755, ""execution_quality_min"": 100.0, ""expected_required_ratio_min"": 2.113553050792116, ""final_confidence_min"": 88.07870613675637, ""iv_crush_max"": 29.5, ""market_hostility_max"": 22.86141628490899, ""min_5depth_lots_each_side"": 49.0, ""min_top_book_lots"": 4.0, ""premium_elasticity_min"": 0.0, ""regime_confidence_min"": 60.0, ""spread_pct_max"": 0.3115264797507758, ""trade_quality_min"": 50.567808540585354}",55.1118322521755,CE,DataHealth invalid; Contract invalid: Quote stale or spread hard rejected.; SideDirection hard reject: 9.4 < 65.0; PremiumElasticity hard reject: 0.00 < 1.00; TradeQuality below configured minimum; ConvexityEdge below excellent gate: 52.3 < 80.0,DataHealth invalid; Contract invalid: Quote stale or spread hard rejected.; SideDirection hard reject: 9.4 < 65.0; PremiumElasticity hard reject: 0.00 < 1.00; TradeQuality below configured minimum; ConvexityEdge below excellent gate: 52.3 < 80.0,,0.0,UNVALIDATED_COST_MODEL,UNAVAILABLE,paper-strategy-e935c30a69b1,opportunity-score-e935c30a69b1,PAPER_OVERRIDE::FYERS_PAPER_PROXY_RESEARCH,SKIPPED_FORWARD_PROXY,79.9,80.05,0.0,-16.400000000000006,False,False,-0.8515057113187955,OBSERVED,,FYERS_PAPER_PROXY_RESEARCH
202608251034_2_BANKNIFTY_CE,5,2026-08-25T10:40:33.039946+05:30,BANKNIFTY,BANKNIFTY,NSE_INDEX,2e840ccd58d1,"{""contract_quality_min"": 0.0, ""direction_min"": 9.389090497205114, ""excellent_score_min"": 55.1118322521755, ""execution_quality_min"": 100.0, ""expected_required_ratio_min"": 2.113553050792116, ""final_confidence_min"": 88.07870613675637, ""iv_crush_max"": 29.5, ""market_hostility_max"": 22.86141628490899, ""min_5depth_lots_each_side"": 27.0, ""min_top_book_lots"": 3.0, ""premium_elasticity_min"": 0.0, ""regime_confidence_min"": 60.0, ""spread_pct_max"": 0.2685464921114506, ""trade_quality_min"": 50.567808540585354}",55.1118322521755,CE,DataHealth invalid; Contract invalid: Quote stale or spread hard rejected.; SideDirection hard reject: 9.4 < 65.0; PremiumElasticity hard reject: 0.00 < 1.00; TradeQuality below configured minimum; ConvexityEdge below excellent gate: 52.3 < 80.0,DataHealth invalid; Contract invalid: Quote stale or spread hard rejected.; SideDirection hard reject: 9.4 < 65.0; PremiumElasticity hard reject: 0.00 < 1.00; TradeQuality below configured minimum; ConvexityEdge below excellent gate: 52.3 < 80.0,,0.0,UNVALIDATED_COST_MODEL,UNAVAILABLE,paper-strategy-e935c30a69b1,opportunity-score-e935c30a69b1,PAPER_OVERRIDE::FYERS_PAPER_PROXY_RESEARCH,SKIPPED_FORWARD_PROXY,126.85,127.15,0.0,-22.099999999999994,False,False,-0.8839999999999998,OBSERVED,,FYERS_PAPER_PROXY_RESEARCH
202608251034_3_BANKNIFTY_PE,5,2026-08-25T10:40:33.039946+05:30,BANKNIFTY,BANKNIFTY,NSE_INDEX,2e840ccd58d1,"{""contract_quality_min"": 0.0, ""direction_min"": 0.0, ""excellent_score_min"": 53.42179596267858, ""execution_quality_min"": 100.0, ""expected_required_ratio_min"": 2.113553050792116, ""final_confidence_min"": 85.26197898759484, ""iv_crush_max"": 29.5, ""market_hostility_max"": 22.86141628490899, ""min_5depth_lots_each_side"": 20.0, ""min_top_book_lots"": 1.0, ""premium_elasticity_min"": 0.0, ""regime_confidence_min"": 60.0, ""spread_pct_max"": 0.3255561584373273, ""trade_quality_min"": 50.567808540585354}",53.42179596267858,PE,DataHealth invalid; Contract invalid: Quote stale or spread hard rejected.; SideDirection hard reject: -9.4 < 65.0; PremiumElasticity hard reject: 0.00 < 1.00; TradeQuality below configured minimum; ConvexityEdge below excellent gate: 52.3 < 80.0,DataHealth invalid; Contract invalid: Quote stale or spread hard rejected.; SideDirection hard reject: -9.4 < 65.0; PremiumElasticity hard reject: 0.00 < 1.00; TradeQuality below configured minimum; ConvexityEdge below excellent gate: 52.3 < 80.0,,0.0,UNVALIDATED_COST_MODEL,UNAVAILABLE,paper-strategy-e935c30a69b1,opportunity-score-e935c30a69b1,PAPER_OVERRIDE::FYERS_PAPER_PROXY_RESEARCH,SKIPPED_FORWARD_PROXY,208.85,209.55,24.549999999999983,0.0,False,False,0.9819999999999993,OBSERVED,,FYERS_PAPER_PROXY_RESEARCH
202608251034_4_FINNIFTY_CE,5,2026-08-25T10:40:33.039946+05:30,FINNIFTY,FINNIFTY,NSE_INDEX,e172b0fef65b,"{""contract_quality_min"": 0.0, ""direction_min"": 4.966877899501428, ""excellent_score_min"": 46.96449493998749, ""execution_quality_min"": 100.0, ""expected_required_ratio_min"": 1.7242365546308258, ""final_confidence_min"": 79.45838975542773, ""iv_crush_max"": 29.5, ""market_hostility_max"": 22.826029783597058, ""min_5depth_lots_each_side"": 14.0, ""min_top_book_lots"": 1.0, ""premium_elasticity_min"": 0.0, ""regime_confidence_min"": 60.0, ""spread_pct_max"": 0.4366812227074195, ""trade_quality_min"": 24.04452690167506}",46.96449493998749,CE,DataHealth invalid; Contract invalid: Quote stale or spread hard rejected.; SideDirection hard reject: 5.0 < 65.0; PremiumElasticity hard reject: 0.00 < 1.00; TradeQuality below configured minimum; ConvexityEdge below excellent gate: 52.3 < 80.0,DataHealth invalid; Contract invalid: Quote stale or spread hard rejected.; SideDirection hard reject: 5.0 < 65.0; PremiumElasticity hard reject: 0.00 < 1.00; TradeQuality below configured minimum; ConvexityEdge below excellent gate: 52.3 < 80.0,,0.0,UNVALIDATED_COST_MODEL,UNAVAILABLE,paper-strategy-e935c30a69b1,opportunity-score-e935c30a69b1,PAPER_OVERRIDE::FYERS_PAPER_PROXY_RESEARCH,SKIPPED_FORWARD_PROXY,60.1,60.7,0.0,-8.599999999999987,False,False,-0.6259097525473063,OBSERVED,,FYERS_PAPER_PROXY_RESEARCH
202608251034_5_FINNIFTY_PE,5,2026-08-25T10:40:33.039946+05:30,FINNIFTY,FINNIFTY,NSE_INDEX,e172b0fef65b,"{""contract_quality_min"": 0.0, ""direction_min"": 0.0, ""excellent_score_min"": 45.51743925511188, ""execution_quality_min"": 96.313215580231, ""expected_required_ratio_min"": 1.7242365546308258, ""final_confidence_min"": 77.96832638557731, ""iv_crush_max"": 29.5, ""market_hostility_max"": 22.826029783597058, ""min_5depth_lots_each_side"": 9.0, ""min_top_book_lots"": 1.0, ""premium_elasticity_min"": 0.0, ""regime_confidence_min"": 60.0, ""spread_pct_max"": 0.8860249697946101, ""trade_quality_min"": 24.04452690167506}",45.51743925511188,PE,DataHealth invalid; Contract invalid: Quote stale or spread hard rejected.; SideDirection hard reject: -5.0 < 65.0; PremiumElasticity hard reject: 0.00 < 1.00; TradeQuality below configured minimum; ConvexityEdge below excellent gate: 52.3 < 80.0,DataHealth invalid; Contract invalid: Quote stale or spread hard rejected.; SideDirection hard reject: -5.0 < 65.0; PremiumElasticity hard reject: 0.00 < 1.00; TradeQuality below configured minimum; ConvexityEdge below excellent gate: 52.3 < 80.0,,0.0,UNVALIDATED_COST_MODEL,UNAVAILABLE,paper-strategy-e935c30a69b1,opportunity-score-e935c30a69b1,PAPER_OVERRIDE::FYERS_PAPER_PROXY_RESEARCH,SKIPPED_FORWARD_PROXY,69.75,70.45,7.674999999999997,0.0,False,False,0.6182037857430525,OBSERVED,,FYERS_PAPER_PROXY_RESEARCH
202608251026_1_BANKNIFTY_PE,15,2026-08-25T10:41:26.465373+05:30,BANKNIFTY,BANKNIFTY,NSE_INDEX,2e840ccd58d1,"{""contract_quality_min"": 0.0, ""direction_min"": 10.998075336816058, ""excellent_score_min"": 59.73615659580591, ""execution_quality_min"": 100.0, ""expected_required_ratio_min"": 2.0954984316348133, ""final_confidence_min"": 89.17078611611655, ""iv_crush_max"": 29.5, ""market_hostility_max"": 21.794950546665504, ""min_5depth_lots_each_side"": 44.0, ""min_top_book_lots"": 5.0, ""premium_elasticity_min"": 0.0, ""regime_confidence_min"": 60.0, ""spread_pct_max"": 0.36546368204660185, ""trade_quality_min"": 66.59641728135287}",59.73615659580591,PE,DataHealth invalid; Contract invalid: Quote stale or spread hard rejected.; SideDirection hard reject: 11.0 < 65.0; PremiumElasticity hard reject: 0.00 < 1.00; TradeQuality below configured minimum; ConvexityEdge below excellent gate: 52.3 < 80.0,DataHealth invalid; Contract invalid: Quote stale or spread hard rejected.; SideDirection hard reject: 11.0 < 65.0; PremiumElasticity hard reject: 0.00 < 1.00; TradeQuality below configured minimum; ConvexityEdge below excellent gate: 52.3 < 80.0,,0.0,UNVALIDATED_COST_MODEL,UNAVAILABLE,paper-strategy-e935c30a69b1,opportunity-score-e935c30a69b1,PAPER_OVERRIDE::FYERS_PAPER_PROXY_RESEARCH,SKIPPED_FORWARD_PROXY,87.7,87.95,0.0,-21.75,False,False,-0.9936043855641845,OBSERVED,,FYERS_PAPER_PROXY_RESEARCH
202608251026_2_BANKNIFTY_PE,15,2026-08-25T10:41:26.465373+05:30,BANKNIFTY,BANKNIFTY,NSE_INDEX,2e840ccd58d1,"{""contract_quality_min"": 0.0, ""direction_min"": 10.998075336816058, ""excellent_score_min"": 59.73615659580591, ""execution_quality_min"": 100.0, ""expected_required_ratio_min"": 2.0954984316348133, ""final_confidence_min"": 89.17078611611655, ""iv_crush_max"": 29.5, ""market_hostility_max"": 21.794950546665504, ""min_5depth_lots_each_side"": 36.0, ""min_top_book_lots"": 5.0, ""premium_elasticity_min"": 0.0, ""regime_confidence_min"": 60.0, ""spread_pct_max"": 0.27079885662706005, ""trade_quality_min"": 66.59641728135287}",59.73615659580591,PE,DataHealth invalid; Contract invalid: Quote stale or spread hard rejected.; SideDirection hard reject: 11.0 < 65.0; PremiumElasticity hard reject: 0.00 < 1.00; TradeQuality below configured minimum; ConvexityEdge below excellent gate: 52.3 < 80.0,DataHealth invalid; Contract invalid: Quote stale or spread hard rejected.; SideDirection hard reject: 11.0 < 65.0; PremiumElasticity hard reject: 0.00 < 1.00; TradeQuality below configured minimum; ConvexityEdge below excellent gate: 52.3 < 80.0,,0.0,UNVALIDATED_COST_MODEL,UNAVAILABLE,paper-strategy-e935c30a69b1,opportunity-score-e935c30a69b1,PAPER_OVERRIDE::FYERS_PAPER_PROXY_RESEARCH,SKIPPED_FORWARD_PROXY,139.8,140.2,0.0,-26.375,False,True,-1.055,OBSERVED,,FYERS_PAPER_PROXY_RESEARCH
202608251026_3_BANKNIFTY_CE,15,2026-08-25T10:41:26.465373+05:30,BANKNIFTY,BANKNIFTY,NSE_INDEX,2e840ccd58d1,"{""contract_quality_min"": 0.0, ""direction_min"": 0.0, ""excellent_score_min"": 57.75650303517901, ""execution_quality_min"": 100.0, ""expected_required_ratio_min"": 2.0954984316348133, ""final_confidence_min"": 85.87136351507172, ""iv_crush_max"": 29.5, ""market_hostility_max"": 21.794950546665504, ""min_5depth_lots_each_side"": 16.0, ""min_top_book_lots"": 1.0, ""premium_elasticity_min"": 0.0, ""regime_confidence_min"": 60.0, ""spread_pct_max"": 0.2565198802907201, ""trade_quality_min"": 66.59641728135287}",57.75650303517901,CE,DataHealth invalid; Contract invalid: Quote stale or spread hard rejected.; SideDirection hard reject: -11.0 < 65.0; PremiumElasticity hard reject: 0.00 < 1.00; TradeQuality below configured minimum; ConvexityEdge below excellent gate: 52.3 < 80.0,DataHealth invalid; Contract invalid: Quote stale or spread hard rejected.; SideDirection hard reject: -11.0 < 65.0; PremiumElasticity hard reject: 0.00 < 1.00; TradeQuality below configured minimum; ConvexityEdge below excellent gate: 52.3 < 80.0,,0.0,UNVALIDATED_COST_MODEL,UNAVAILABLE,paper-strategy-e935c30a69b1,opportunity-score-e935c30a69b1,PAPER_OVERRIDE::FYERS_PAPER_PROXY_RESEARCH,SKIPPED_FORWARD_PROXY,131.95,132.25,15.0,0.0,False,False,0.6412997007268063,OBSERVED,,FYERS_PAPER_PROXY_RESEARCH
202608251026_4_BANKNIFTY_CE,15,2026-08-25T10:41:26.465373+05:30,BANKNIFTY,BANKNIFTY,NSE_INDEX,2e840ccd58d1,"{""contract_quality_min"": 0.0, ""direction_min"": 0.0, ""excellent_score_min"": 57.75650303517901, ""execution_quality_min"": 100.0, ""expected_required_ratio_min"": 2.0954984316348133, ""final_confidence_min"": 85.87136351507172, ""iv_crush_max"": 29.5, ""market_hostility_max"": 21.794950546665504, ""min_5depth_lots_each_side"": 20.0, ""min_top_book_lots"": 2.0, ""premium_elasticity_min"": 0.0, ""regime_confidence_min"": 60.0, ""spread_pct_max"": 0.22682166146867347, ""trade_quality_min"": 66.59641728135287}",57.75650303517901,CE,DataHealth invalid; Contract invalid: Quote stale or spread hard rejected.; SideDirection hard reject: -11.0 < 65.0; PremiumElasticity hard reject: 0.00 < 1.00; TradeQuality below configured minimum; ConvexityEdge below excellent gate: 52.3 < 80.0,DataHealth invalid; Contract invalid: Quote stale or spread hard rejected.; SideDirection hard reject: -11.0 < 65.0; PremiumElasticity hard reject: 0.00 < 1.00; TradeQuality below configured minimum; ConvexityEdge below excellent gate: 52.3 < 80.0,,0.0,UNVALIDATED_COST_MODEL,UNAVAILABLE,paper-strategy-e935c30a69b1,opportunity-score-e935c30a69b1,PAPER_OVERRIDE::FYERS_PAPER_PROXY_RESEARCH,SKIPPED_FORWARD_PROXY,195.45,195.9,19.099999999999966,0.0,False,False,0.7639999999999987,OBSERVED,,FYERS_PAPER_PROXY_RESEARCH
202608251026_5_FINNIFTY_CE,15,2026-08-25T10:41:26.465373+05:30,FINNIFTY,FINNIFTY,NSE_INDEX,e172b0fef65b,"{""contract_quality_min"": 0.0, ""direction_min"": 0.0, ""excellent_score_min"": 57.62220870021757, ""execution_quality_min"": 96.25194490866153, ""expected_required_ratio_min"": 1.7603030799919712, ""final_confidence_min"": 86.00640705321302, ""iv_crush_max"": 29.5, ""market_hostility_max"": 21.540894965618598, ""min_5depth_lots_each_side"": 12.0, ""min_top_book_lots"": 1.0, ""premium_elasticity_min"": 0.0, ""regime_confidence_min"": 60.0, ""spread_pct_max"": 0.8874546187978979, ""trade_quality_min"": 68.00000000000675}",57.62220870021757,CE,DataHealth invalid; Contract invalid: Quote stale or spread hard rejected.; SideDirection hard reject: -7.3 < 65.0; PremiumElasticity hard reject: 0.00 < 1.00; TradeQuality below configured minimum; ConvexityEdge below excellent gate: 52.3 < 80.0,DataHealth invalid; Contract invalid: Quote stale or spread hard rejected.; SideDirection hard reject: -7.3 < 65.0; PremiumElasticity hard reject: 0.00 < 1.00; TradeQuality below configured minimum; ConvexityEdge below excellent gate: 52.3 < 80.0,,0.0,UNVALIDATED_COST_MODEL,UNAVAILABLE,paper-strategy-e935c30a69b1,opportunity-score-e935c30a69b1,PAPER_OVERRIDE::FYERS_PAPER_PROXY_RESEARCH,SKIPPED_FORWARD_PROXY,62.2,62.4,0.22500000000000142,0.0,False,False,0.018152480839048114,OBSERVED,,FYERS_PAPER_PROXY_RESEARCH
202608251036_1_BANKNIFTY_CE,5,2026-08-25T10:41:26.465373+05:30,BANKNIFTY,BANKNIFTY,NSE_INDEX,2e840ccd58d1,"{""contract_quality_min"": 0.0, ""direction_min"": 8.18370108578744, ""excellent_score_min"": 52.20431080295093, ""execution_quality_min"": 100.0, ""expected_required_ratio_min"": 2.069607900033125, ""final_confidence_min"": 84.95672182953523, ""iv_crush_max"": 29.5, ""market_hostility_max"": 22.71555506037322, ""min_5depth_lots_each_side"": 31.0, ""min_top_book_lots"": 1.0, ""premium_elasticity_min"": 0.0, ""regime_confidence_min"": 60.0, ""spread_pct_max"": 0.3165113416564213, ""trade_quality_min"": 40.76388888889038}",52.20431080295093,CE,DataHealth invalid; Contract invalid: Quote stale or spread hard rejected.; SideDirection hard reject: 8.2 < 65.0; PremiumElasticity hard reject: 0.00 < 1.00; TradeQuality below configured minimum; ConvexityEdge below excellent gate: 52.3 < 80.0,DataHealth invalid; Contract invalid: Quote stale or spread hard rejected.; SideDirection hard reject: 8.2 < 65.0; PremiumElasticity hard reject: 0.00 < 1.00; TradeQuality below configured minimum; ConvexityEdge below excellent gate: 52.3 < 80.0,,0.0,UNVALIDATED_COST_MODEL,UNAVAILABLE,paper-strategy-e935c30a69b1,opportunity-score-e935c30a69b1,PAPER_OVERRIDE::FYERS_PAPER_PROXY_RESEARCH,SKIPPED_FORWARD_PROXY,131.95,132.25,0.0,-10.225000000000023,False,False,-0.4090000000000009,OBSERVED,,FYERS_PAPER_PROXY_RESEARCH
202608251036_2_BANKNIFTY_CE,5,2026-08-25T10:41:26.465373+05:30,BANKNIFTY,BANKNIFTY,NSE_INDEX,2e840ccd58d1,"{""contract_quality_min"": 0.0, ""direction_min"": 8.18370108578744, ""excellent_score_min"": 52.20431080295093, ""execution_quality_min"": 100.0, ""expected_required_ratio_min"": 2.069607900033125, ""final_confidence_min"": 84.95672182953523, ""iv_crush_max"": 29.5, ""market_hostility_max"": 22.71555506037322, ""min_5depth_lots_each_side"": 11.0, ""min_top_book_lots"": 1.0, ""premium_elasticity_min"": 0.0, ""regime_confidence_min"": 60.0, ""spread_pct_max"": 0.31067033098339375, ""trade_quality_min"": 40.76388888889038}",52.20431080295093,CE,DataHealth invalid; Contract invalid: Quote stale or spread hard rejected.; SideDirection hard reject: 8.2 < 65.0; PremiumElasticity hard reject: 0.00 < 1.00; TradeQuality below configured minimum; ConvexityEdge below excellent gate: 52.3 < 80.0,DataHealth invalid; Contract invalid: Quote stale or spread hard rejected.; SideDirection hard reject: 8.2 < 65.0; PremiumElasticity hard reject: 0.00 < 1.00; TradeQuality below configured minimum; ConvexityEdge below excellent gate: 52.3 < 80.0,,0.0,UNVALIDATED_COST_MODEL,UNAVAILABLE,paper-strategy-e935c30a69b1,opportunity-score-e935c30a69b1,PAPER_OVERRIDE::FYERS_PAPER_PROXY_RESEARCH,SKIPPED_FORWARD_PROXY,195.45,195.9,0.0,-13.775000000000034,False,False,-0.5510000000000014,OBSERVED,,FYERS_PAPER_PROXY_RESEARCH
202608251036_3_BANKNIFTY_PE,5,2026-08-25T10:41:26.465373+05:30,BANKNIFTY,BANKNIFTY,NSE_INDEX,2e840ccd58d1,"{""contract_quality_min"": 0.0, ""direction_min"": 0.0, ""excellent_score_min"": 50.73124460750919, ""execution_quality_min"": 100.0, ""expected_required_ratio_min"": 2.069607900033125, ""final_confidence_min"": 82.501611503799, ""iv_crush_max"": 29.5, ""market_hostility_max"": 22.71555506037322, ""min_5depth_lots_each_side"": 65.0, ""min_top_book_lots"": 1.0, ""premium_elasticity_min"": 0.0, ""regime_confidence_min"": 60.0, ""spread_pct_max"": 0.3742981908920738, ""trade_quality_min"": 40.76388888889038}",50.73124460750919,PE,DataHealth invalid; Contract invalid: Quote stale or spread hard rejected.; SideDirection hard reject: -8.2 < 65.0; PremiumElasticity hard reject: 0.00 < 1.00; TradeQuality below configured minimum; ConvexityEdge below excellent gate: 52.3 < 80.0,DataHealth invalid; Contract invalid: Quote stale or spread hard rejected.; SideDirection hard reject: -8.2 < 65.0; PremiumElasticity hard reject: 0.00 < 1.00; TradeQuality below configured minimum; ConvexityEdge below excellent gate: 52.3 < 80.0,,0.0,UNVALIDATED_COST_MODEL,UNAVAILABLE,paper-strategy-e935c30a69b1,opportunity-score-e935c30a69b1,PAPER_OVERRIDE::FYERS_PAPER_PROXY_RESEARCH,SKIPPED_FORWARD_PROXY,87.7,87.95,7.549999999999997,0.0,False,False,0.4709918902058638,OBSERVED,,FYERS_PAPER_PROXY_RESEARCH
202608251036_4_BANKNIFTY_PE,5,2026-08-25T10:41:26.465373+05:30,BANKNIFTY,BANKNIFTY,NSE_INDEX,2e840ccd58d1,"{""contract_quality_min"": 0.0, ""direction_min"": 0.0, ""excellent_score_min"": 50.73124460750919, ""execution_quality_min"": 100.0, ""expected_required_ratio_min"": 2.069607900033125, ""final_confidence_min"": 82.501611503799, ""iv_crush_max"": 29.5, ""market_hostility_max"": 22.71555506037322, ""min_5depth_lots_each_side"": 30.0, ""min_top_book_lots"": 3.0, ""premium_elasticity_min"": 0.0, ""regime_confidence_min"": 60.0, ""spread_pct_max"": 0.2720031086069511, ""trade_quality_min"": 40.76388888889038}",50.73124460750919,PE,DataHealth invalid; Contract invalid: Quote stale or spread hard rejected.; SideDirection hard reject: -8.2 < 65.0; PremiumElasticity hard reject: 0.00 < 1.00; TradeQuality below configured minimum; ConvexityEdge below excellent gate: 52.3 < 80.0,DataHealth invalid; Contract invalid: Quote stale or spread hard rejected.; SideDirection hard reject: -8.2 < 65.0; PremiumElasticity hard reject: 0.00 < 1.00; TradeQuality below configured minimum; ConvexityEdge below excellent gate: 52.3 < 80.0,,0.0,UNVALIDATED_COST_MODEL,UNAVAILABLE,paper-strategy-e935c30a69b1,opportunity-score-e935c30a69b1,PAPER_OVERRIDE::FYERS_PAPER_PROXY_RESEARCH,SKIPPED_FORWARD_PROXY,139.8,140.2,11.125,0.0,False,False,0.445,OBSERVED,,FYERS_PAPER_PROXY_RESEARCH
202608251036_5_FINNIFTY_CE,5,2026-08-25T10:41:26.465373+05:30,FINNIFTY,FINNIFTY,NSE_INDEX,e172b0fef65b,"{""contract_quality_min"": 0.0, ""direction_min"": 2.9587613061479243, ""excellent_score_min"": 43.47275866512276, ""execution_quality_min"": 100.0, ""expected_required_ratio_min"": 1.7565536017116419, ""final_confidence_min"": 75.77507970460827, ""iv_crush_max"": 29.5, ""market_hostility_max"": 22.841139033994658, ""min_5depth_lots_each_side"": 17.0, ""min_top_book_lots"": 1.0, ""premium_elasticity_min"": 0.0, ""regime_confidence_min"": 60.0, ""spread_pct_max"": 0.5458089668615895, ""trade_quality_min"": 12.770885028953623}",43.47275866512276,CE,DataHealth invalid; Contract invalid: Quote stale or spread hard rejected.; SideDirection hard reject: 3.0 < 65.0; PremiumElasticity hard reject: 0.00 < 1.00; TradeQuality below configured minimum; ConvexityEdge below excellent gate: 52.3 < 80.0,DataHealth invalid; Contract invalid: Quote stale or spread hard rejected.; SideDirection hard reject: 3.0 < 65.0; PremiumElasticity hard reject: 0.00 < 1.00; TradeQuality below configured minimum; ConvexityEdge below excellent gate: 52.3 < 80.0,,0.0,UNVALIDATED_COST_MODEL,UNAVAILABLE,paper-strategy-e935c30a69b1,opportunity-score-e935c30a69b1,PAPER_OVERRIDE::FYERS_PAPER_PROXY_RESEARCH,SKIPPED_FORWARD_PROXY,62.2,62.4,0.0,-1.9249999999999972,False,False,-0.15009746588693934,OBSERVED,,FYERS_PAPER_PROXY_RESEARCH
202608251014_1_BANKNIFTY_PE,30,2026-08-25T10:45:15.979109+05:30,BANKNIFTY,BANKNIFTY,NSE_INDEX,2e840ccd58d1,"{""contract_quality_min"": 0.0, ""direction_min"": 3.185876411646041, ""excellent_score_min"": 48.477328356030434, ""execution_quality_min"": 100.0, ""expected_required_ratio_min"": 2.2156920283872656, ""final_confidence_min"": 80.9436237129716, ""iv_crush_max"": 29.5, ""market_hostility_max"": 22.14146941213686, ""min_5depth_lots_each_side"": 31.0, ""min_top_book_lots"": 4.0, ""premium_elasticity_min"": 0.0, ""regime_confidence_min"": 60.0, ""spread_pct_max"": 0.27624309392264934, ""trade_quality_min"": 29.885807504082337}",48.477328356030434,PE,DataHealth invalid; Contract invalid: Quote stale or spread hard rejected.; SideDirection hard reject: 3.2 < 65.0; PremiumElasticity hard reject: 0.00 < 1.00; TradeQuality below configured minimum; ConvexityEdge below excellent gate: 52.3 < 80.0,DataHealth invalid; Contract invalid: Quote stale or spread hard rejected.; SideDirection hard reject: 3.2 < 65.0; PremiumElasticity hard reject: 0.00 < 1.00; TradeQuality below configured minimum; ConvexityEdge below excellent gate: 52.3 < 80.0,,0.0,UNVALIDATED_COST_MODEL,UNAVAILABLE,paper-strategy-e935c30a69b1,opportunity-score-e935c30a69b1,PAPER_OVERRIDE::FYERS_PAPER_PROXY_RESEARCH,SKIPPED_FORWARD_PROXY,118.25,118.55,9.650000000000006,0.0,False,False,0.44429097605893214,OBSERVED,,FYERS_PAPER_PROXY_RESEARCH
202608251014_2_BANKNIFTY_PE,30,2026-08-25T10:45:15.979109+05:30,BANKNIFTY,BANKNIFTY,NSE_INDEX,2e840ccd58d1,"{""contract_quality_min"": 0.0, ""direction_min"": 3.185876411646041, ""excellent_score_min"": 48.477328356030434, ""execution_quality_min"": 100.0, ""expected_required_ratio_min"": 2.2156920283872656, ""final_confidence_min"": 80.9436237129716, ""iv_crush_max"": 29.5, ""market_hostility_max"": 22.14146941213686, ""min_5depth_lots_each_side"": 33.0, ""min_top_book_lots"": 9.0, ""premium_elasticity_min"": 0.0, ""regime_confidence_min"": 60.0, ""spread_pct_max"": 0.329884540410863, ""trade_quality_min"": 29.885807504082337}",48.477328356030434,PE,DataHealth invalid; Contract invalid: Quote stale or spread hard rejected.; SideDirection hard reject: 3.2 < 65.0; PremiumElasticity hard reject: 0.00 < 1.00; TradeQuality below configured minimum; ConvexityEdge below excellent gate: 52.3 < 80.0,DataHealth invalid; Contract invalid: Quote stale or spread hard rejected.; SideDirection hard reject: 3.2 < 65.0; PremiumElasticity hard reject: 0.00 < 1.00; TradeQuality below configured minimum; ConvexityEdge below excellent gate: 52.3 < 80.0,,0.0,UNVALIDATED_COST_MODEL,UNAVAILABLE,paper-strategy-e935c30a69b1,opportunity-score-e935c30a69b1,PAPER_OVERRIDE::FYERS_PAPER_PROXY_RESEARCH,SKIPPED_FORWARD_PROXY,179.95,180.45,13.224999999999994,0.0,False,False,0.5289999999999998,OBSERVED,,FYERS_PAPER_PROXY_RESEARCH
202608251014_3_BANKNIFTY_CE,30,2026-08-25T10:45:15.979109+05:30,BANKNIFTY,BANKNIFTY,NSE_INDEX,2e840ccd58d1,"{""contract_quality_min"": 0.0, ""direction_min"": 0.0, ""excellent_score_min"": 47.90387060193415, ""execution_quality_min"": 100.0, ""expected_required_ratio_min"": 2.2156920283872656, ""final_confidence_min"": 79.98786078947779, ""iv_crush_max"": 29.5, ""market_hostility_max"": 22.14146941213686, ""min_5depth_lots_each_side"": 20.0, ""min_top_book_lots"": 6.0, ""premium_elasticity_min"": 0.0, ""regime_confidence_min"": 60.0, ""spread_pct_max"": 0.22138587558113793, ""trade_quality_min"": 29.885807504082337}",47.90387060193415,CE,DataHealth invalid; Contract invalid: Quote stale or spread hard rejected.; SideDirection hard reject: -3.2 < 65.0; PremiumElasticity hard reject: 0.00 < 1.00; TradeQuality below configured minimum; ConvexityEdge below excellent gate: 52.3 < 80.0,DataHealth invalid; Contract invalid: Quote stale or spread hard rejected.; SideDirection hard reject: -3.2 < 65.0; PremiumElasticity hard reject: 0.00 < 1.00; TradeQuality below configured minimum; ConvexityEdge below excellent gate: 52.3 < 80.0,,0.0,UNVALIDATED_COST_MODEL,UNAVAILABLE,paper-strategy-e935c30a69b1,opportunity-score-e935c30a69b1,PAPER_OVERRIDE::FYERS_PAPER_PROXY_RESEARCH,SKIPPED_FORWARD_PROXY,100.65,100.95,0.0,-12.274999999999991,False,False,-0.5435023245516932,OBSERVED,,FYERS_PAPER_PROXY_RESEARCH
202608251014_4_BANKNIFTY_CE,30,2026-08-25T10:45:15.979109+05:30,BANKNIFTY,BANKNIFTY,NSE_INDEX,2e840ccd58d1,"{""contract_quality_min"": 0.0, ""direction_min"": 0.0, ""excellent_score_min"": 47.90387060193415, ""execution_quality_min"": 100.0, ""expected_required_ratio_min"": 2.2156920283872656, ""final_confidence_min"": 79.98786078947779, ""iv_crush_max"": 29.5, ""market_hostility_max"": 22.14146941213686, ""min_5depth_lots_each_side"": 12.0, ""min_top_book_lots"": 1.0, ""premium_elasticity_min"": 0.0, ""regime_confidence_min"": 60.0, ""spread_pct_max"": 0.1746216530849726, ""trade_quality_min"": 29.885807504082337}",47.90387060193415,CE,DataHealth invalid; Contract invalid: Quote stale or spread hard rejected.; SideDirection hard reject: -3.2 < 65.0; PremiumElasticity hard reject: 0.00 < 1.00; TradeQuality below configured minimum; ConvexityEdge below excellent gate: 52.3 < 80.0,DataHealth invalid; Contract invalid: Quote stale or spread hard rejected.; SideDirection hard reject: -3.2 < 65.0; PremiumElasticity hard reject: 0.00 < 1.00; TradeQuality below configured minimum; ConvexityEdge below excellent gate: 52.3 < 80.0,,0.0,UNVALIDATED_COST_MODEL,UNAVAILABLE,paper-strategy-e935c30a69b1,opportunity-score-e935c30a69b1,PAPER_OVERRIDE::FYERS_PAPER_PROXY_RESEARCH,SKIPPED_FORWARD_PROXY,155.8,156.25,0.0,-16.0,False,False,-0.64,OBSERVED,,FYERS_PAPER_PROXY_RESEARCH
202608251014_5_BANKNIFTY_PE,30,2026-08-25T10:45:15.979109+05:30,BANKNIFTY,BANKNIFTY,NSE_INDEX,2e840ccd58d1,"{""contract_quality_min"": 0.0, ""direction_min"": 3.185876411646041, ""excellent_score_min"": 45.67732835603043, ""execution_quality_min"": 100.0, ""expected_required_ratio_min"": 2.2156920283872656, ""final_confidence_min"": 80.9436237129716, ""iv_crush_max"": 29.5, ""market_hostility_max"": 22.14146941213686, ""min_5depth_lots_each_side"": 66.0, ""min_top_book_lots"": 5.0, ""premium_elasticity_min"": 0.0, ""regime_confidence_min"": 60.0, ""spread_pct_max"": 0.36913990402362495, ""trade_quality_min"": 29.885807504082337}",45.67732835603043,PE,DataHealth invalid; Contract invalid: Quote stale or spread hard rejected.; SideDirection hard reject: 3.2 < 65.0; PremiumElasticity hard reject: 0.00 < 1.00; TradeQuality below configured minimum; ConvexityEdge below excellent gate: 38.3 < 80.0,DataHealth invalid; Contract invalid: Quote stale or spread hard rejected.; SideDirection hard reject: 3.2 < 65.0; PremiumElasticity hard reject: 0.00 < 1.00; TradeQuality below configured minimum; ConvexityEdge below excellent gate: 38.3 < 80.0,,0.0,UNVALIDATED_COST_MODEL,UNAVAILABLE,paper-strategy-e935c30a69b1,opportunity-score-e935c30a69b1,PAPER_OVERRIDE::FYERS_PAPER_PROXY_RESEARCH,SKIPPED_FORWARD_PROXY,73.4,73.45,5.675000000000011,0.0,False,False,0.41897379106681515,OBSERVED,,FYERS_PAPER_PROXY_RESEARCH
202608251027_1_FINNIFTY_PE,15,2026-08-25T10:45:15.979109+05:30,FINNIFTY,FINNIFTY,NSE_INDEX,e172b0fef65b,"{""contract_quality_min"": 0.0, ""direction_min"": 6.219184115039365, ""excellent_score_min"": 58.79785617695634, ""execution_quality_min"": 98.93961708394731, ""expected_required_ratio_min"": 1.7684630956015799, ""final_confidence_min"": 88.54716333153938, ""iv_crush_max"": 29.5, ""market_hostility_max"": 21.484435629904176, ""min_5depth_lots_each_side"": 7.0, ""min_top_book_lots"": 1.0, ""premium_elasticity_min"": 0.0, ""regime_confidence_min"": 60.0, ""spread_pct_max"": 0.8247422680412293, ""trade_quality_min"": 66.28571428572175}",58.79785617695634,PE,DataHealth invalid; Contract invalid: Quote stale or spread hard rejected.; SideDirection hard reject: 6.2 < 65.0; PremiumElasticity hard reject: 0.00 < 1.00; TradeQuality below configured minimum; ConvexityEdge below excellent gate: 52.3 < 80.0,DataHealth invalid; Contract invalid: Quote stale or spread hard rejected.; SideDirection hard reject: 6.2 < 65.0; PremiumElasticity hard reject: 0.00 < 1.00; TradeQuality below configured minimum; ConvexityEdge below excellent gate: 52.3 < 80.0,,0.0,UNVALIDATED_COST_MODEL,UNAVAILABLE,paper-strategy-e935c30a69b1,opportunity-score-e935c30a69b1,PAPER_OVERRIDE::FYERS_PAPER_PROXY_RESEARCH,SKIPPED_FORWARD_PROXY,59.25,59.9,0.0,-13.5,False,False,-0.9278350515463917,OBSERVED,,FYERS_PAPER_PROXY_RESEARCH
202608251027_2_BANKNIFTY_PE,15,2026-08-25T10:45:15.979109+05:30,BANKNIFTY,BANKNIFTY,NSE_INDEX,2e840ccd58d1,"{""contract_quality_min"": 0.0, ""direction_min"": 8.647331433171399, ""excellent_score_min"": 57.49091139127409, ""execution_quality_min"": 100.0, ""expected_required_ratio_min"": 2.1477002138184575, ""final_confidence_min"": 90.37257141308942, ""iv_crush_max"": 29.5, ""market_hostility_max"": 21.834687520421248, ""min_5depth_lots_each_side"": 51.0, ""min_top_book_lots"": 4.0, ""premium_elasticity_min"": 0.0, ""regime_confidence_min"": 60.0, ""spread_pct_max"": 0.41086509929240156, ""trade_quality_min"": 58.58490566037901}",57.49091139127409,PE,DataHealth invalid; Contract invalid: Quote stale or spread hard rejected.; SideDirection hard reject: 8.6 < 65.0; PremiumElasticity hard reject: 0.00 < 1.00; TradeQuality below configured minimum; ConvexityEdge below excellent gate: 52.3 < 80.0,DataHealth invalid; Contract invalid: Quote stale or spread hard rejected.; SideDirection hard reject: 8.6 < 65.0; PremiumElasticity hard reject: 0.00 < 1.00; TradeQuality below configured minimum; ConvexityEdge below excellent gate: 52.3 < 80.0,,0.0,UNVALIDATED_COST_MODEL,UNAVAILABLE,paper-strategy-e935c30a69b1,opportunity-score-e935c30a69b1,PAPER_OVERRIDE::FYERS_PAPER_PROXY_RESEARCH,SKIPPED_FORWARD_PROXY,73.4,73.45,0.0,-36.125,False,True,-1.6491668568819904,OBSERVED,,FYERS_PAPER_PROXY_RESEARCH
202608251027_3_BANKNIFTY_PE,15,2026-08-25T10:45:15.979109+05:30,BANKNIFTY,BANKNIFTY,NSE_INDEX,2e840ccd58d1,"{""contract_quality_min"": 0.0, ""direction_min"": 8.647331433171399, ""excellent_score_min"": 57.49091139127409, ""execution_quality_min"": 100.0, ""expected_required_ratio_min"": 2.1477002138184575, ""final_confidence_min"": 90.37257141308942, ""iv_crush_max"": 29.5, ""market_hostility_max"": 21.834687520421248, ""min_5depth_lots_each_side"": 38.0, ""min_top_book_lots"": 3.0, ""premium_elasticity_min"": 0.0, ""regime_confidence_min"": 60.0, ""spread_pct_max"": 0.30057108506161706, ""trade_quality_min"": 58.58490566037901}",57.49091139127409,PE,DataHealth invalid; Contract invalid: Quote stale or spread hard rejected.; SideDirection hard reject: 8.6 < 65.0; PremiumElasticity hard reject: 0.00 < 1.00; TradeQuality below configured minimum; ConvexityEdge below excellent gate: 52.3 < 80.0,DataHealth invalid; Contract invalid: Quote stale or spread hard rejected.; SideDirection hard reject: 8.6 < 65.0; PremiumElasticity hard reject: 0.00 < 1.00; TradeQuality below configured minimum; ConvexityEdge below excellent gate: 52.3 < 80.0,,0.0,UNVALIDATED_COST_MODEL,UNAVAILABLE,paper-strategy-e935c30a69b1,opportunity-score-e935c30a69b1,PAPER_OVERRIDE::FYERS_PAPER_PROXY_RESEARCH,SKIPPED_FORWARD_PROXY,118.25,118.55,0.0,-48.099999999999994,False,True,-1.9239999999999997,OBSERVED,,FYERS_PAPER_PROXY_RESEARCH
202608251027_4_FINNIFTY_CE,15,2026-08-25T10:45:15.979109+05:30,FINNIFTY,FINNIFTY,NSE_INDEX,e172b0fef65b,"{""contract_quality_min"": 0.0, ""direction_min"": 0.0, ""excellent_score_min"": 57.22885070197299, ""execution_quality_min"": 95.94260152210558, ""expected_required_ratio_min"": 1.7684630956015799, ""final_confidence_min"": 86.68140809702756, ""iv_crush_max"": 29.5, ""market_hostility_max"": 21.484435629904176, ""min_5depth_lots_each_side"": 25.0, ""min_top_book_lots"": 3.0, ""premium_elasticity_min"": 0.0, ""regime_confidence_min"": 60.0, ""spread_pct_max"": 0.8946726311508698, ""trade_quality_min"": 66.28571428572175}",57.22885070197299,CE,DataHealth invalid; Contract invalid: Quote stale or spread hard rejected.; SideDirection hard reject: -6.2 < 65.0; PremiumElasticity hard reject: 0.00 < 1.00; TradeQuality below configured minimum; ConvexityEdge below excellent gate: 52.3 < 80.0,DataHealth invalid; Contract invalid: Quote stale or spread hard rejected.; SideDirection hard reject: -6.2 < 65.0; PremiumElasticity hard reject: 0.00 < 1.00; TradeQuality below configured minimum; ConvexityEdge below excellent gate: 52.3 < 80.0,,0.0,UNVALIDATED_COST_MODEL,UNAVAILABLE,paper-strategy-e935c30a69b1,opportunity-score-e935c30a69b1,PAPER_OVERRIDE::FYERS_PAPER_PROXY_RESEARCH,SKIPPED_FORWARD_PROXY,70.95,71.55,9.475000000000001,0.0,False,False,0.7706384709231395,OBSERVED,,FYERS_PAPER_PROXY_RESEARCH
202608251027_5_BANKNIFTY_CE,15,2026-08-25T10:45:15.979109+05:30,BANKNIFTY,BANKNIFTY,NSE_INDEX,2e840ccd58d1,"{""contract_quality_min"": 0.0, ""direction_min"": 0.0, ""excellent_score_min"": 55.93439173330324, ""execution_quality_min"": 100.0, ""expected_required_ratio_min"": 2.1477002138184575, ""final_confidence_min"": 87.77837198313799, ""iv_crush_max"": 29.5, ""market_hostility_max"": 21.834687520421248, ""min_5depth_lots_each_side"": 27.0, ""min_top_book_lots"": 1.0, ""premium_elasticity_min"": 0.0, ""regime_confidence_min"": 60.0, ""spread_pct_max"": 0.2683363148479402, ""trade_quality_min"": 58.58490566037901}",55.93439173330324,CE,DataHealth invalid; Contract invalid: Quote stale or spread hard rejected.; SideDirection hard reject: -8.6 < 65.0; PremiumElasticity hard reject: 0.00 < 1.00; TradeQuality below configured minimum; ConvexityEdge below excellent gate: 52.3 < 80.0,DataHealth invalid; Contract invalid: Quote stale or spread hard rejected.; SideDirection hard reject: -8.6 < 65.0; PremiumElasticity hard reject: 0.00 < 1.00; TradeQuality below configured minimum; ConvexityEdge below excellent gate: 52.3 < 80.0,,0.0,UNVALIDATED_COST_MODEL,UNAVAILABLE,paper-strategy-e935c30a69b1,opportunity-score-e935c30a69b1,PAPER_OVERRIDE::FYERS_PAPER_PROXY_RESEARCH,SKIPPED_FORWARD_PROXY,155.8,156.25,44.0,0.0,False,False,1.9677996422182467,OBSERVED,,FYERS_PAPER_PROXY_RESEARCH
202608251028_1_BANKNIFTY_PE,15,2026-08-25T10:45:15.979109+05:30,BANKNIFTY,BANKNIFTY,NSE_INDEX,2e840ccd58d1,"{""contract_quality_min"": 0.0, ""direction_min"": 7.821185278690868, ""excellent_score_min"": 58.493274767008316, ""execution_quality_min"": 100.0, ""expected_required_ratio_min"": 2.1281345401174154, ""final_confidence_min"": 89.59886781303494, ""iv_crush_max"": 29.5, ""market_hostility_max"": 22.01619248695751, ""min_5depth_lots_each_side"": 27.0, ""min_top_book_lots"": 1.0, ""premium_elasticity_min"": 0.0, ""regime_confidence_min"": 60.0, ""spread_pct_max"": 0.34991252186954114, ""trade_quality_min"": 63.58103326256227}",58.493274767008316,PE,DataHealth invalid; Contract invalid: Quote stale or spread hard rejected.; SideDirection hard reject: 7.8 < 65.0; PremiumElasticity hard reject: 0.00 < 1.00; TradeQuality below configured minimum; ConvexityEdge below excellent gate: 52.3 < 80.0,DataHealth invalid; Contract invalid: Quote stale or spread hard rejected.; SideDirection hard reject: 7.8 < 65.0; PremiumElasticity hard reject: 0.00 < 1.00; TradeQuality below configured minimum; ConvexityEdge below excellent gate: 52.3 < 80.0,,0.0,UNVALIDATED_COST_MODEL,UNAVAILABLE,paper-strategy-e935c30a69b1,opportunity-score-e935c30a69b1,PAPER_OVERRIDE::FYERS_PAPER_PROXY_RESEARCH,SKIPPED_FORWARD_PROXY,73.4,73.45,0.0,-26.625,False,True,-1.3309172706823293,OBSERVED,,FYERS_PAPER_PROXY_RESEARCH
202608251028_2_BANKNIFTY_PE,15,2026-08-25T10:45:15.979109+05:30,BANKNIFTY,BANKNIFTY,NSE_INDEX,2e840ccd58d1,"{""contract_quality_min"": 0.0, ""direction_min"": 7.821185278690868, ""excellent_score_min"": 58.493274767008316, ""execution_quality_min"": 100.0, ""expected_required_ratio_min"": 2.1281345401174154, ""final_confidence_min"": 89.59886781303494, ""iv_crush_max"": 29.5, ""market_hostility_max"": 22.01619248695751, ""min_5depth_lots_each_side"": 28.0, ""min_top_book_lots"": 1.0, ""premium_elasticity_min"": 0.0, ""regime_confidence_min"": 60.0, ""spread_pct_max"": 0.25764895330111254, ""trade_quality_min"": 63.58103326256227}",58.493274767008316,PE,DataHealth invalid; Contract invalid: Quote stale or spread hard rejected.; SideDirection hard reject: 7.8 < 65.0; PremiumElasticity hard reject: 0.00 < 1.00; TradeQuality below configured minimum; ConvexityEdge below excellent gate: 52.3 < 80.0,DataHealth invalid; Contract invalid: Quote stale or spread hard rejected.; SideDirection hard reject: 7.8 < 65.0; PremiumElasticity hard reject: 0.00 < 1.00; TradeQuality below configured minimum; ConvexityEdge below excellent gate: 52.3 < 80.0,,0.0,UNVALIDATED_COST_MODEL,UNAVAILABLE,paper-strategy-e935c30a69b1,opportunity-score-e935c30a69b1,PAPER_OVERRIDE::FYERS_PAPER_PROXY_RESEARCH,SKIPPED_FORWARD_PROXY,118.25,118.55,0.0,-37.0,False,True,-1.48,OBSERVED,,FYERS_PAPER_PROXY_RESEARCH
202608251028_3_FINNIFTY_PE,15,2026-08-25T10:45:15.979109+05:30,FINNIFTY,FINNIFTY,NSE_INDEX,e172b0fef65b,"{""contract_quality_min"": 0.0, ""direction_min"": 4.902570977162828, ""excellent_score_min"": 58.01426280606734, ""execution_quality_min"": 100.0, ""expected_required_ratio_min"": 1.7442768822869508, ""final_confidence_min"": 89.22548465647267, ""iv_crush_max"": 29.5, ""market_hostility_max"": 21.8170218582899, ""min_5depth_lots_each_side"": 7.0, ""min_top_book_lots"": 1.0, ""premium_elasticity_min"": 0.0, ""regime_confidence_min"": 60.0, ""spread_pct_max"": 0.7012622720897617, ""trade_quality_min"": 63.366336633672496}",58.01426280606734,PE,DataHealth invalid; Contract invalid: Quote stale or spread hard rejected.; SideDirection hard reject: 4.9 < 65.0; PremiumElasticity hard reject: 0.00 < 1.00; TradeQuality below configured minimum; ConvexityEdge below excellent gate: 52.3 < 80.0,DataHealth invalid; Contract invalid: Quote stale or spread hard rejected.; SideDirection hard reject: 4.9 < 65.0; PremiumElasticity hard reject: 0.00 < 1.00; TradeQuality below configured minimum; ConvexityEdge below excellent gate: 52.3 < 80.0,,0.0,UNVALIDATED_COST_MODEL,UNAVAILABLE,paper-strategy-e935c30a69b1,opportunity-score-e935c30a69b1,PAPER_OVERRIDE::FYERS_PAPER_PROXY_RESEARCH,SKIPPED_FORWARD_PROXY,59.25,59.9,0.0,-12.049999999999997,False,False,-0.8450210378681625,OBSERVED,,FYERS_PAPER_PROXY_RESEARCH
202608251028_4_FINNIFTY_CE,15,2026-08-25T10:45:15.979109+05:30,FINNIFTY,FINNIFTY,NSE_INDEX,e172b0fef65b,"{""contract_quality_min"": 0.0, ""direction_min"": 0.0, ""excellent_score_min"": 57.13180003017803, ""execution_quality_min"": 100.0, ""expected_required_ratio_min"": 1.7442768822869508, ""final_confidence_min"": 87.75471336332382, ""iv_crush_max"": 29.5, ""market_hostility_max"": 21.8170218582899, ""min_5depth_lots_each_side"": 7.0, ""min_top_book_lots"": 2.0, ""premium_elasticity_min"": 0.0, ""regime_confidence_min"": 60.0, ""spread_pct_max"": 0.6359300476947513, ""trade_quality_min"": 63.366336633672496}",57.13180003017803,CE,DataHealth invalid; Contract invalid: Quote stale or spread hard rejected.; SideDirection hard reject: -4.9 < 65.0; PremiumElasticity hard reject: 0.00 < 1.00; TradeQuality below configured minimum; ConvexityEdge below excellent gate: 52.3 < 80.0,DataHealth invalid; Contract invalid: Quote stale or spread hard rejected.; SideDirection hard reject: -4.9 < 65.0; PremiumElasticity hard reject: 0.00 < 1.00; TradeQuality below configured minimum; ConvexityEdge below excellent gate: 52.3 < 80.0,,0.0,UNVALIDATED_COST_MODEL,UNAVAILABLE,paper-strategy-e935c30a69b1,opportunity-score-e935c30a69b1,PAPER_OVERRIDE::FYERS_PAPER_PROXY_RESEARCH,SKIPPED_FORWARD_PROXY,70.95,71.55,8.049999999999997,0.0,False,False,0.6399046104928454,OBSERVED,,FYERS_PAPER_PROXY_RESEARCH
202608251028_5_BANKNIFTY_CE,15,2026-08-25T10:45:15.979109+05:30,BANKNIFTY,BANKNIFTY,NSE_INDEX,2e840ccd58d1,"{""contract_quality_min"": 0.0, ""direction_min"": 0.0, ""excellent_score_min"": 57.08546141684396, ""execution_quality_min"": 100.0, ""expected_required_ratio_min"": 2.1281345401174154, ""final_confidence_min"": 87.2525122294277, ""iv_crush_max"": 29.5, ""market_hostility_max"": 22.01619248695751, ""min_5depth_lots_each_side"": 13.0, ""min_top_book_lots"": 5.0, ""premium_elasticity_min"": 0.0, ""regime_confidence_min"": 60.0, ""spread_pct_max"": 0.20588840848260243, ""trade_quality_min"": 63.58103326256227}",57.08546141684396,CE,DataHealth invalid; Contract invalid: Quote stale or spread hard rejected.; SideDirection hard reject: -7.8 < 65.0; PremiumElasticity hard reject: 0.00 < 1.00; TradeQuality below configured minimum; ConvexityEdge below excellent gate: 52.3 < 80.0,DataHealth invalid; Contract invalid: Quote stale or spread hard rejected.; SideDirection hard reject: -7.8 < 65.0; PremiumElasticity hard reject: 0.00 < 1.00; TradeQuality below configured minimum; ConvexityEdge below excellent gate: 52.3 < 80.0,,0.0,UNVALIDATED_COST_MODEL,UNAVAILABLE,paper-strategy-e935c30a69b1,opportunity-score-e935c30a69b1,PAPER_OVERRIDE::FYERS_PAPER_PROXY_RESEARCH,SKIPPED_FORWARD_PROXY,155.8,156.25,34.375000000000014,0.0,False,False,1.4154828083178923,OBSERVED,,FYERS_PAPER_PROXY_RESEARCH
202608251029_1_MIDCPNIFTY_CE,15,2026-08-25T10:45:15.979109+05:30,MIDCPNIFTY,MIDCPNIFTY,NSE_INDEX,712afad509f5,"{""contract_quality_min"": 0.0, ""direction_min"": 1.668365304729137, ""excellent_score_min"": 43.50142936367458, ""execution_quality_min"": 100.0, ""expected_required_ratio_min"": 1.6773921881309923, ""final_confidence_min"": 76.23218250655316, ""iv_crush_max"": 29.5, ""market_hostility_max"": 22.303933766906386, ""min_5depth_lots_each_side"": 23.0, ""min_top_book_lots"": 1.0, ""premium_elasticity_min"": 0.0, ""regime_confidence_min"": 60.0, ""spread_pct_max"": 0.6049606775559588, ""trade_quality_min"": 14.939759036146004}",43.50142936367458,CE,DataHealth invalid; Contract invalid: Quote stale or spread hard rejected.; SideDirection hard reject: 1.7 < 65.0; PremiumElasticity hard reject: 0.00 < 1.00; TradeQuality below configured minimum; ConvexityEdge below excellent gate: 52.3 < 80.0,DataHealth invalid; Contract invalid: Quote stale or spread hard rejected.; SideDirection hard reject: 1.7 < 65.0; PremiumElasticity hard reject: 0.00 < 1.00; TradeQuality below configured minimum; ConvexityEdge below excellent gate: 52.3 < 80.0,,0.0,UNVALIDATED_COST_MODEL,UNAVAILABLE,paper-strategy-e935c30a69b1,opportunity-score-e935c30a69b1,PAPER_OVERRIDE::FYERS_PAPER_PROXY_RESEARCH,SKIPPED_FORWARD_PROXY,39.0,39.15,0.0,-2.325000000000003,False,False,-0.2813067150635212,OBSERVED,,FYERS_PAPER_PROXY_RESEARCH
202608251029_2_MIDCPNIFTY_PE,15,2026-08-25T10:45:15.979109+05:30,MIDCPNIFTY,MIDCPNIFTY,NSE_INDEX,712afad509f5,"{""contract_quality_min"": 0.0, ""direction_min"": 0.0, ""excellent_score_min"": 43.201123608823345, ""execution_quality_min"": 100.0, ""expected_required_ratio_min"": 1.6773921881309923, ""final_confidence_min"": 75.73167291513442, ""iv_crush_max"": 29.5, ""market_hostility_max"": 22.303933766906386, ""min_5depth_lots_each_side"": 27.0, ""min_top_book_lots"": 2.0, ""premium_elasticity_min"": 0.0, ""regime_confidence_min"": 60.0, ""spread_pct_max"": 0.578368999421631, ""trade_quality_min"": 14.939759036146004}",43.201123608823345,PE,DataHealth invalid; Contract invalid: Quote stale or spread hard rejected.; SideDirection hard reject: -1.7 < 65.0; PremiumElasticity hard reject: 0.00 < 1.00; TradeQuality below configured minimum; ConvexityEdge below excellent gate: 52.3 < 80.0,DataHealth invalid; Contract invalid: Quote stale or spread hard rejected.; SideDirection hard reject: -1.7 < 65.0; PremiumElasticity hard reject: 0.00 < 1.00; TradeQuality below configured minimum; ConvexityEdge below excellent gate: 52.3 < 80.0,,0.0,UNVALIDATED_COST_MODEL,UNAVAILABLE,paper-strategy-e935c30a69b1,opportunity-score-e935c30a69b1,PAPER_OVERRIDE::FYERS_PAPER_PROXY_RESEARCH,SKIPPED_FORWARD_PROXY,43.85,44.1,0.625,0.0,False,False,0.07229612492770386,OBSERVED,,FYERS_PAPER_PROXY_RESEARCH
202608251029_3_BANKNIFTY_PE,15,2026-08-25T10:45:15.979109+05:30,BANKNIFTY,BANKNIFTY,NSE_INDEX,2e840ccd58d1,"{""contract_quality_min"": 0.0, ""direction_min"": 1.490916469488494, ""excellent_score_min"": 43.1876127728041, ""execution_quality_min"": 100.0, ""expected_required_ratio_min"": 2.125274322823777, ""final_confidence_min"": 75.38175712854208, ""iv_crush_max"": 29.5, ""market_hostility_max"": 22.366533835622924, ""min_5depth_lots_each_side"": 19.0, ""min_top_book_lots"": 2.0, ""premium_elasticity_min"": 0.0, ""regime_confidence_min"": 60.0, ""spread_pct_max"": 0.299251870324182, ""trade_quality_min"": 12.193732193729383}",43.1876127728041,PE,DataHealth invalid; Contract invalid: Quote stale or spread hard rejected.; SideDirection hard reject: 1.5 < 65.0; PremiumElasticity hard reject: 0.00 < 1.00; TradeQuality below configured minimum; ConvexityEdge below excellent gate: 52.3 < 80.0,DataHealth invalid; Contract invalid: Quote stale or spread hard rejected.; SideDirection hard reject: 1.5 < 65.0; PremiumElasticity hard reject: 0.00 < 1.00; TradeQuality below configured minimum; ConvexityEdge below excellent gate: 52.3 < 80.0,,0.0,UNVALIDATED_COST_MODEL,UNAVAILABLE,paper-strategy-e935c30a69b1,opportunity-score-e935c30a69b1,PAPER_OVERRIDE::FYERS_PAPER_PROXY_RESEARCH,SKIPPED_FORWARD_PROXY,118.25,118.55,0.0,-32.125,False,True,-1.285,OBSERVED,,FYERS_PAPER_PROXY_RESEARCH
202608251029_4_BANKNIFTY_CE,15,2026-08-25T10:45:15.979109+05:30,BANKNIFTY,BANKNIFTY,NSE_INDEX,2e840ccd58d1,"{""contract_quality_min"": 0.0, ""direction_min"": 0.0, ""excellent_score_min"": 42.91924780829616, ""execution_quality_min"": 100.0, ""expected_required_ratio_min"": 2.125274322823777, ""final_confidence_min"": 74.93448218769554, ""iv_crush_max"": 29.5, ""market_hostility_max"": 22.366533835622924, ""min_5depth_lots_each_side"": 18.0, ""min_top_book_lots"": 3.0, ""premium_elasticity_min"": 0.0, ""regime_confidence_min"": 60.0, ""spread_pct_max"": 0.1988466892026248, ""trade_quality_min"": 12.193732193729383}",42.91924780829616,CE,DataHealth invalid; Contract invalid: Quote stale or spread hard rejected.; SideDirection hard reject: -1.5 < 65.0; PremiumElasticity hard reject: 0.00 < 1.00; TradeQuality below configured minimum; ConvexityEdge below excellent gate: 52.3 < 80.0,DataHealth invalid; Contract invalid: Quote stale or spread hard rejected.; SideDirection hard reject: -1.5 < 65.0; PremiumElasticity hard reject: 0.00 < 1.00; TradeQuality below configured minimum; ConvexityEdge below excellent gate: 52.3 < 80.0,,0.0,UNVALIDATED_COST_MODEL,UNAVAILABLE,paper-strategy-e935c30a69b1,opportunity-score-e935c30a69b1,PAPER_OVERRIDE::FYERS_PAPER_PROXY_RESEARCH,SKIPPED_FORWARD_PROXY,155.8,156.25,30.075000000000017,0.0,False,False,1.2030000000000007,OBSERVED,,FYERS_PAPER_PROXY_RESEARCH
202608251029_5_BANKNIFTY_CE,15,2026-08-25T10:45:15.979109+05:30,BANKNIFTY,BANKNIFTY,NSE_INDEX,2e840ccd58d1,"{""contract_quality_min"": 0.0, ""direction_min"": 0.0, ""excellent_score_min"": 42.91924780829616, ""execution_quality_min"": 100.0, ""expected_required_ratio_min"": 2.125274322823777, ""final_confidence_min"": 74.93448218769554, ""iv_crush_max"": 29.5, ""market_hostility_max"": 22.366533835622924, ""min_5depth_lots_each_side"": 14.0, ""min_top_book_lots"": 1.0, ""premium_elasticity_min"": 0.0, ""regime_confidence_min"": 60.0, ""spread_pct_max"": 0.21253985122210717, ""trade_quality_min"": 12.193732193729383}",42.91924780829616,CE,DataHealth invalid; Contract invalid: Quote stale or spread hard rejected.; SideDirection hard reject: -1.5 < 65.0; PremiumElasticity hard reject: 0.00 < 1.00; TradeQuality below configured minimum; ConvexityEdge below excellent gate: 52.3 < 80.0,DataHealth invalid; Contract invalid: Quote stale or spread hard rejected.; SideDirection hard reject: -1.5 < 65.0; PremiumElasticity hard reject: 0.00 < 1.00; TradeQuality below configured minimum; ConvexityEdge below excellent gate: 52.3 < 80.0,,0.0,UNVALIDATED_COST_MODEL,UNAVAILABLE,paper-strategy-e935c30a69b1,opportunity-score-e935c30a69b1,PAPER_OVERRIDE::FYERS_PAPER_PROXY_RESEARCH,SKIPPED_FORWARD_PROXY,225.25,225.9,37.05000000000001,0.0,False,False,1.4820000000000004,OBSERVED,,FYERS_PAPER_PROXY_RESEARCH
202608251037_1_BANKNIFTY_CE,5,2026-08-25T10:45:15.979109+05:30,BANKNIFTY,BANKNIFTY,NSE_INDEX,2e840ccd58d1,"{""contract_quality_min"": 0.0, ""direction_min"": 8.148889766050127, ""excellent_score_min"": 52.131892857546006, ""execution_quality_min"": 100.0, ""expected_required_ratio_min"": 2.080428870055533, ""final_confidence_min"": 84.8730480599685, ""iv_crush_max"": 29.5, ""market_hostility_max"": 22.689363636970008, ""min_5depth_lots_each_side"": 31.0, ""min_top_book_lots"": 3.0, ""premium_elasticity_min"": 0.0, ""regime_confidence_min"": 60.0, ""spread_pct_max"": 0.2571166207530011, ""trade_quality_min"": 40.50238198353656}",52.131892857546006,CE,DataHealth invalid; Contract invalid: Quote stale or spread hard rejected.; SideDirection hard reject: 8.1 < 65.0; PremiumElasticity hard reject: 0.00 < 1.00; TradeQuality below configured minimum; ConvexityEdge below excellent gate: 52.3 < 80.0,DataHealth invalid; Contract invalid: Quote stale or spread hard rejected.; SideDirection hard reject: 8.1 < 65.0; PremiumElasticity hard reject: 0.00 < 1.00; TradeQuality below configured minimum; ConvexityEdge below excellent gate: 52.3 < 80.0,,0.0,UNVALIDATED_COST_MODEL,UNAVAILABLE,paper-strategy-e935c30a69b1,opportunity-score-e935c30a69b1,PAPER_OVERRIDE::FYERS_PAPER_PROXY_RESEARCH,SKIPPED_FORWARD_PROXY,155.8,156.25,19.67500000000001,0.0,False,False,0.7870000000000005,OBSERVED,,FYERS_PAPER_PROXY_RESEARCH
202608251037_2_BANKNIFTY_CE,5,2026-08-25T10:45:15.979109+05:30,BANKNIFTY,BANKNIFTY,NSE_INDEX,2e840ccd58d1,"{""contract_quality_min"": 0.0, ""direction_min"": 8.148889766050127, ""excellent_score_min"": 52.131892857546006, ""execution_quality_min"": 100.0, ""expected_required_ratio_min"": 2.080428870055533, ""final_confidence_min"": 84.8730480599685, ""iv_crush_max"": 29.5, ""market_hostility_max"": 22.689363636970008, ""min_5depth_lots_each_side"": 19.0, ""min_top_book_lots"": 1.0, ""premium_elasticity_min"": 0.0, ""regime_confidence_min"": 60.0, ""spread_pct_max"": 0.17397787995525998, ""trade_quality_min"": 40.50238198353656}",52.131892857546006,CE,DataHealth invalid; Contract invalid: Quote stale or spread hard rejected.; SideDirection hard reject: 8.1 < 65.0; PremiumElasticity hard reject: 0.00 < 1.00; TradeQuality below configured minimum; ConvexityEdge below excellent gate: 52.3 < 80.0,DataHealth invalid; Contract invalid: Quote stale or spread hard rejected.; SideDirection hard reject: 8.1 < 65.0; PremiumElasticity hard reject: 0.00 < 1.00; TradeQuality below configured minimum; ConvexityEdge below excellent gate: 52.3 < 80.0,,0.0,UNVALIDATED_COST_MODEL,UNAVAILABLE,paper-strategy-e935c30a69b1,opportunity-score-e935c30a69b1,PAPER_OVERRIDE::FYERS_PAPER_PROXY_RESEARCH,SKIPPED_FORWARD_PROXY,225.25,225.9,24.07499999999999,0.0,False,False,0.9629999999999995,OBSERVED,,FYERS_PAPER_PROXY_RESEARCH
202608251037_3_BANKNIFTY_PE,5,2026-08-25T10:45:15.979109+05:30,BANKNIFTY,BANKNIFTY,NSE_INDEX,2e840ccd58d1,"{""contract_quality_min"": 0.0, ""direction_min"": 0.0, ""excellent_score_min"": 50.66509269965699, ""execution_quality_min"": 100.0, ""expected_required_ratio_min"": 2.080428870055533, ""final_confidence_min"": 82.42838113015345, ""iv_crush_max"": 29.5, ""market_hostility_max"": 22.689363636970008, ""min_5depth_lots_each_side"": 41.0, ""min_top_book_lots"": 2.0, ""premium_elasticity_min"": 0.0, ""regime_confidence_min"": 60.0, ""spread_pct_max"": 0.358422939068097, ""trade_quality_min"": 40.50238198353656}",50.66509269965699,PE,DataHealth invalid; Contract invalid: Quote stale or spread hard rejected.; SideDirection hard reject: -8.1 < 65.0; PremiumElasticity hard reject: 0.00 < 1.00; TradeQuality below configured minimum; ConvexityEdge below excellent gate: 52.3 < 80.0,DataHealth invalid; Contract invalid: Quote stale or spread hard rejected.; SideDirection hard reject: -8.1 < 65.0; PremiumElasticity hard reject: 0.00 < 1.00; TradeQuality below configured minimum; ConvexityEdge below excellent gate: 52.3 < 80.0,,0.0,UNVALIDATED_COST_MODEL,UNAVAILABLE,paper-strategy-e935c30a69b1,opportunity-score-e935c30a69b1,PAPER_OVERRIDE::FYERS_PAPER_PROXY_RESEARCH,SKIPPED_FORWARD_PROXY,73.4,73.45,0.0,-10.299999999999983,False,False,-0.6152927120669046,OBSERVED,,FYERS_PAPER_PROXY_RESEARCH
202608251037_4_FINNIFTY_CE,5,2026-08-25T10:45:15.979109+05:30,FINNIFTY,FINNIFTY,NSE_INDEX,e172b0fef65b,"{""contract_quality_min"": 0.0, ""direction_min"": 4.323387880332163, ""excellent_score_min"": 45.69145684184816, ""execution_quality_min"": 100.0, ""expected_required_ratio_min"": 1.7355128218249019, ""final_confidence_min"": 78.11676215030425, ""iv_crush_max"": 29.5, ""market_hostility_max"": 22.84509011510977, ""min_5depth_lots_each_side"": 15.0, ""min_top_book_lots"": 2.0, ""premium_elasticity_min"": 0.0, ""regime_confidence_min"": 60.0, ""spread_pct_max"": 0.7674597083653107, ""trade_quality_min"": 19.894179894181416}",45.69145684184816,CE,DataHealth invalid; Contract invalid: Quote stale or spread hard rejected.; SideDirection hard reject: 4.3 < 65.0; PremiumElasticity hard reject: 0.00 < 1.00; TradeQuality below configured minimum; ConvexityEdge below excellent gate: 52.3 < 80.0,DataHealth invalid; Contract invalid: Quote stale or spread hard rejected.; SideDirection hard reject: 4.3 < 65.0; PremiumElasticity hard reject: 0.00 < 1.00; TradeQuality below configured minimum; ConvexityEdge below excellent gate: 52.3 < 80.0,,0.0,UNVALIDATED_COST_MODEL,UNAVAILABLE,paper-strategy-e935c30a69b1,opportunity-score-e935c30a69b1,PAPER_OVERRIDE::FYERS_PAPER_PROXY_RESEARCH,SKIPPED_FORWARD_PROXY,70.95,71.55,5.799999999999997,0.0,False,False,0.44512663085188003,OBSERVED,,FYERS_PAPER_PROXY_RESEARCH
202608251037_5_MIDCPNIFTY_PE,5,2026-08-25T10:45:15.979109+05:30,MIDCPNIFTY,MIDCPNIFTY,NSE_INDEX,712afad509f5,"{""contract_quality_min"": 0.0, ""direction_min"": 1.802680478248636, ""excellent_score_min"": 43.96196447231106, ""execution_quality_min"": 100.0, ""expected_required_ratio_min"": 1.6380254801633343, ""final_confidence_min"": 76.37785192847161, ""iv_crush_max"": 29.5, ""market_hostility_max"": 21.019057358207952, ""min_5depth_lots_each_side"": 26.0, ""min_top_book_lots"": 3.0, ""premium_elasticity_min"": 0.0, ""regime_confidence_min"": 60.0, ""spread_pct_max"": 0.6622516556291486, ""trade_quality_min"": 15.358166189114378}",43.96196447231106,PE,DataHealth invalid; Contract invalid: Quote stale or spread hard rejected.; SideDirection hard reject: 1.8 < 65.0; PremiumElasticity hard reject: 0.00 < 1.00; TradeQuality below configured minimum; ConvexityEdge below excellent gate: 52.3 < 80.0,DataHealth invalid; Contract invalid: Quote stale or spread hard rejected.; SideDirection hard reject: 1.8 < 65.0; PremiumElasticity hard reject: 0.00 < 1.00; TradeQuality below configured minimum; ConvexityEdge below excellent gate: 52.3 < 80.0,,0.0,UNVALIDATED_COST_MODEL,UNAVAILABLE,paper-strategy-e935c30a69b1,opportunity-score-e935c30a69b1,PAPER_OVERRIDE::FYERS_PAPER_PROXY_RESEARCH,SKIPPED_FORWARD_PROXY,43.85,44.1,0.0,-1.4499999999999957,False,False,-0.1600441501103748,OBSERVED,,FYERS_PAPER_PROXY_RESEARCH
202608251038_1_BANKNIFTY_CE,5,2026-08-25T10:45:15.979109+05:30,BANKNIFTY,BANKNIFTY,NSE_INDEX,2e840ccd58d1,"{""contract_quality_min"": 0.0, ""direction_min"": 0.6478883542060221, ""excellent_score_min"": 40.597785897246695, ""execution_quality_min"": 100.0, ""expected_required_ratio_min"": 2.075194240108776, ""final_confidence_min"": 72.72730983540781, ""iv_crush_max"": 29.5, ""market_hostility_max"": 22.731601965289634, ""min_5depth_lots_each_side"": 25.0, ""min_top_book_lots"": 1.0, ""premium_elasticity_min"": 0.0, ""regime_confidence_min"": 60.0, ""spread_pct_max"": 0.258732212160414, ""trade_quality_min"": 3.7670886075896663}",40.597785897246695,CE,DataHealth invalid; Contract invalid: Quote stale or spread hard rejected.; SideDirection hard reject: 0.6 < 65.0; PremiumElasticity hard reject: 0.00 < 1.00; TradeQuality below configured minimum; ConvexityEdge below excellent gate: 52.3 < 80.0,DataHealth invalid; Contract invalid: Quote stale or spread hard rejected.; SideDirection hard reject: 0.6 < 65.0; PremiumElasticity hard reject: 0.00 < 1.00; TradeQuality below configured minimum; ConvexityEdge below excellent gate: 52.3 < 80.0,,0.0,UNVALIDATED_COST_MODEL,UNAVAILABLE,paper-strategy-e935c30a69b1,opportunity-score-e935c30a69b1,PAPER_OVERRIDE::FYERS_PAPER_PROXY_RESEARCH,SKIPPED_FORWARD_PROXY,225.25,225.9,32.0,0.0,False,False,1.28,OBSERVED,,FYERS_PAPER_PROXY_RESEARCH
202608251038_2_BANKNIFTY_PE,5,2026-08-25T10:45:15.979109+05:30,BANKNIFTY,BANKNIFTY,NSE_INDEX,2e840ccd58d1,"{""contract_quality_min"": 0.0, ""direction_min"": 0.0, ""excellent_score_min"": 40.48116599348961, ""execution_quality_min"": 100.0, ""expected_required_ratio_min"": 2.075194240108776, ""final_confidence_min"": 72.532943329146, ""iv_crush_max"": 29.5, ""market_hostility_max"": 22.731601965289634, ""min_5depth_lots_each_side"": 32.0, ""min_top_book_lots"": 2.0, ""premium_elasticity_min"": 0.0, ""regime_confidence_min"": 60.0, ""spread_pct_max"": 0.282585658777821, ""trade_quality_min"": 3.7670886075896663}",40.48116599348961,PE,DataHealth invalid; Contract invalid: Quote stale or spread hard rejected.; SideDirection hard reject: -0.6 < 65.0; PremiumElasticity hard reject: 0.00 < 1.00; TradeQuality below configured minimum; ConvexityEdge below excellent gate: 52.3 < 80.0,DataHealth invalid; Contract invalid: Quote stale or spread hard rejected.; SideDirection hard reject: -0.6 < 65.0; PremiumElasticity hard reject: 0.00 < 1.00; TradeQuality below configured minimum; ConvexityEdge below excellent gate: 52.3 < 80.0,,0.0,UNVALIDATED_COST_MODEL,UNAVAILABLE,paper-strategy-e935c30a69b1,opportunity-score-e935c30a69b1,PAPER_OVERRIDE::FYERS_PAPER_PROXY_RESEARCH,SKIPPED_FORWARD_PROXY,118.25,118.55,0.0,-23.30000000000001,False,False,-0.9320000000000005,OBSERVED,,FYERS_PAPER_PROXY_RESEARCH
202608251038_3_FINNIFTY_CE,5,2026-08-25T10:45:15.979109+05:30,FINNIFTY,FINNIFTY,NSE_INDEX,e172b0fef65b,"{""contract_quality_min"": 0.0, ""direction_min"": 0.0, ""excellent_score_min"": 39.78319048931826, ""execution_quality_min"": 100.0, ""expected_required_ratio_min"": 1.7228355658590606, ""final_confidence_min"": 71.79029881492815, ""iv_crush_max"": 29.5, ""market_hostility_max"": 22.518960217702542, ""min_5depth_lots_each_side"": 10.0, ""min_top_book_lots"": 1.0, ""premium_elasticity_min"": 0.0, ""regime_confidence_min"": 60.0, ""spread_pct_max"": 0.703399765533416, ""trade_quality_min"": 1.0596026490043249}",39.78319048931826,CE,DataHealth invalid; Contract invalid: Quote stale or spread hard rejected.; SideDirection hard reject: -0.2 < 65.0; PremiumElasticity hard reject: 0.00 < 1.00; TradeQuality below configured minimum; ConvexityEdge below excellent gate: 52.3 < 80.0,DataHealth invalid; Contract invalid: Quote stale or spread hard rejected.; SideDirection hard reject: -0.2 < 65.0; PremiumElasticity hard reject: 0.00 < 1.00; TradeQuality below configured minimum; ConvexityEdge below excellent gate: 52.3 < 80.0,,0.0,UNVALIDATED_COST_MODEL,UNAVAILABLE,paper-strategy-e935c30a69b1,opportunity-score-e935c30a69b1,PAPER_OVERRIDE::FYERS_PAPER_PROXY_RESEARCH,SKIPPED_FORWARD_PROXY,70.95,71.55,6.975000000000001,0.0,False,False,0.5451348182883939,OBSERVED,,FYERS_PAPER_PROXY_RESEARCH
202608251038_4_FINNIFTY_PE,5,2026-08-25T10:45:15.979109+05:30,FINNIFTY,FINNIFTY,NSE_INDEX,e172b0fef65b,"{""contract_quality_min"": 0.0, ""direction_min"": 0.1838798651543196, ""excellent_score_min"": 38.21862556180666, ""execution_quality_min"": 89.67604885820572, ""expected_required_ratio_min"": 1.7228355658590606, ""final_confidence_min"": 71.35475645477204, ""iv_crush_max"": 29.5, ""market_hostility_max"": 22.518960217702542, ""min_5depth_lots_each_side"": 6.0, ""min_top_book_lots"": 1.0, ""premium_elasticity_min"": 0.0, ""regime_confidence_min"": 60.0, ""spread_pct_max"": 1.0408921933085333, ""trade_quality_min"": 1.0596026490043249}",38.21862556180666,PE,DataHealth invalid; Contract invalid: Quote stale or spread hard rejected.; SideDirection hard reject: 0.2 < 65.0; PremiumElasticity hard reject: 0.00 < 1.00; TradeQuality below configured minimum; ConvexityEdge below excellent gate: 52.3 < 80.0,DataHealth invalid; Contract invalid: Quote stale or spread hard rejected.; SideDirection hard reject: 0.2 < 65.0; PremiumElasticity hard reject: 0.00 < 1.00; TradeQuality below configured minimum; ConvexityEdge below excellent gate: 52.3 < 80.0,,0.0,UNVALIDATED_COST_MODEL,UNAVAILABLE,paper-strategy-e935c30a69b1,opportunity-score-e935c30a69b1,PAPER_OVERRIDE::FYERS_PAPER_PROXY_RESEARCH,SKIPPED_FORWARD_PROXY,59.25,59.9,0.0,-8.0,False,False,-0.5947955390334572,OBSERVED,,FYERS_PAPER_PROXY_RESEARCH
202608251038_5_FINNIFTY_PE,5,2026-08-25T10:45:15.979109+05:30,FINNIFTY,FINNIFTY,NSE_INDEX,e172b0fef65b,"{""contract_quality_min"": 0.0, ""direction_min"": 0.1838798651543196, ""excellent_score_min"": 37.001197114059934, ""execution_quality_min"": 82.83656319670725, ""expected_required_ratio_min"": 1.7228355658590606, ""final_confidence_min"": 69.43970046955248, ""iv_crush_max"": 29.5, ""market_hostility_max"": 22.518960217702542, ""min_5depth_lots_each_side"": 15.0, ""min_top_book_lots"": 5.0, ""premium_elasticity_min"": 0.0, ""regime_confidence_min"": 60.0, ""spread_pct_max"": 1.2004801920768309, ""trade_quality_min"": 1.0596026490043249}",37.001197114059934,PE,DataHealth invalid; Contract invalid: Quote stale or spread hard rejected.; SideDirection hard reject: 0.2 < 65.0; PremiumElasticity hard reject: 0.00 < 1.00; TradeQuality below configured minimum; ConvexityEdge below excellent gate: 52.3 < 80.0; OpportunityConfidence below excellent gate: 69.4 < 70.0,DataHealth invalid; Contract invalid: Quote stale or spread hard rejected.; SideDirection hard reject: 0.2 < 65.0; PremiumElasticity hard reject: 0.00 < 1.00; TradeQuality below configured minimum; ConvexityEdge below excellent gate: 52.3 < 80.0; OpportunityConfidence below excellent gate: 69.4 < 70.0,,0.0,UNVALIDATED_COST_MODEL,UNAVAILABLE,paper-strategy-e935c30a69b1,opportunity-score-e935c30a69b1,PAPER_OVERRIDE::FYERS_PAPER_PROXY_RESEARCH,SKIPPED_FORWARD_PROXY,36.5,36.85,0.0,-5.149999999999999,False,False,-0.6182472989195676,OBSERVED,,FYERS_PAPER_PROXY_RESEARCH
202608251015_1_BANKNIFTY_PE,30,2026-08-25T10:45:55.318308+05:30,BANKNIFTY,BANKNIFTY,NSE_INDEX,2e840ccd58d1,"{""contract_quality_min"": 0.0, ""direction_min"": 3.825694407008672, ""excellent_score_min"": 50.24269537120577, ""execution_quality_min"": 100.0, ""expected_required_ratio_min"": 2.219230232663193, ""final_confidence_min"": 82.82303982880477, ""iv_crush_max"": 29.5, ""market_hostility_max"": 22.160469983415588, ""min_5depth_lots_each_side"": 43.0, ""min_top_book_lots"": 2.0, ""premium_elasticity_min"": 0.0, ""regime_confidence_min"": 60.0, ""spread_pct_max"": 0.3261122757978051, ""trade_quality_min"": 35.830618892511545}",50.24269537120577,PE,DataHealth invalid; Contract invalid: Quote stale or spread hard rejected.; SideDirection hard reject: 3.8 < 65.0; PremiumElasticity hard reject: 0.00 < 1.00; TradeQuality below configured minimum; ConvexityEdge below excellent gate: 52.3 < 80.0,DataHealth invalid; Contract invalid: Quote stale or spread hard rejected.; SideDirection hard reject: 3.8 < 65.0; PremiumElasticity hard reject: 0.00 < 1.00; TradeQuality below configured minimum; ConvexityEdge below excellent gate: 52.3 < 80.0,,0.0,UNVALIDATED_COST_MODEL,UNAVAILABLE,paper-strategy-e935c30a69b1,opportunity-score-e935c30a69b1,PAPER_OVERRIDE::FYERS_PAPER_PROXY_RESEARCH,SKIPPED_FORWARD_PROXY,118.65,118.85,11.325000000000003,0.0,False,False,0.5276030747728861,OBSERVED,,FYERS_PAPER_PROXY_RESEARCH
202608251015_2_BANKNIFTY_PE,30,2026-08-25T10:45:55.318308+05:30,BANKNIFTY,BANKNIFTY,NSE_INDEX,2e840ccd58d1,"{""contract_quality_min"": 0.0, ""direction_min"": 3.825694407008672, ""excellent_score_min"": 50.24269537120577, ""execution_quality_min"": 100.0, ""expected_required_ratio_min"": 2.219230232663193, ""final_confidence_min"": 82.82303982880477, ""iv_crush_max"": 29.5, ""market_hostility_max"": 22.160469983415588, ""min_5depth_lots_each_side"": 20.0, ""min_top_book_lots"": 1.0, ""premium_elasticity_min"": 0.0, ""regime_confidence_min"": 60.0, ""spread_pct_max"": 0.3049710277523635, ""trade_quality_min"": 35.830618892511545}",50.24269537120577,PE,DataHealth invalid; Contract invalid: Quote stale or spread hard rejected.; SideDirection hard reject: 3.8 < 65.0; PremiumElasticity hard reject: 0.00 < 1.00; TradeQuality below configured minimum; ConvexityEdge below excellent gate: 52.3 < 80.0,DataHealth invalid; Contract invalid: Quote stale or spread hard rejected.; SideDirection hard reject: 3.8 < 65.0; PremiumElasticity hard reject: 0.00 < 1.00; TradeQuality below configured minimum; ConvexityEdge below excellent gate: 52.3 < 80.0,,0.0,UNVALIDATED_COST_MODEL,UNAVAILABLE,paper-strategy-e935c30a69b1,opportunity-score-e935c30a69b1,PAPER_OVERRIDE::FYERS_PAPER_PROXY_RESEARCH,SKIPPED_FORWARD_PROXY,181.5,182.0,17.55000000000001,0.0,False,False,0.7020000000000004,OBSERVED,,FYERS_PAPER_PROXY_RESEARCH
202608251015_3_BANKNIFTY_CE,30,2026-08-25T10:45:55.318308+05:30,BANKNIFTY,BANKNIFTY,NSE_INDEX,2e840ccd58d1,"{""contract_quality_min"": 0.0, ""direction_min"": 0.0, ""excellent_score_min"": 49.55407037794421, ""execution_quality_min"": 100.0, ""expected_required_ratio_min"": 2.219230232663193, ""final_confidence_min"": 81.67533150670216, ""iv_crush_max"": 29.5, ""market_hostility_max"": 22.160469983415588, ""min_5depth_lots_each_side"": 20.0, ""min_top_book_lots"": 1.0, ""premium_elasticity_min"": 0.0, ""regime_confidence_min"": 60.0, ""spread_pct_max"": 0.28885037550548814, ""trade_quality_min"": 35.830618892511545}",49.55407037794421,CE,DataHealth invalid; Contract invalid: Quote stale or spread hard rejected.; SideDirection hard reject: -3.8 < 65.0; PremiumElasticity hard reject: 0.00 < 1.00; TradeQuality below configured minimum; ConvexityEdge below excellent gate: 52.3 < 80.0,DataHealth invalid; Contract invalid: Quote stale or spread hard rejected.; SideDirection hard reject: -3.8 < 65.0; PremiumElasticity hard reject: 0.00 < 1.00; TradeQuality below configured minimum; ConvexityEdge below excellent gate: 52.3 < 80.0,,0.0,UNVALIDATED_COST_MODEL,UNAVAILABLE,paper-strategy-e935c30a69b1,opportunity-score-e935c30a69b1,PAPER_OVERRIDE::FYERS_PAPER_PROXY_RESEARCH,SKIPPED_FORWARD_PROXY,154.5,155.0,0.0,-18.599999999999994,False,False,-0.7439999999999998,OBSERVED,,FYERS_PAPER_PROXY_RESEARCH
202608251015_4_FINNIFTY_CE,30,2026-08-25T10:45:55.318308+05:30,FINNIFTY,FINNIFTY,NSE_INDEX,e172b0fef65b,"{""contract_quality_min"": 0.0, ""direction_min"": 0.0, ""excellent_score_min"": 44.71036838875979, ""execution_quality_min"": 100.0, ""expected_required_ratio_min"": 1.7500297215141083, ""final_confidence_min"": 76.71420255131616, ""iv_crush_max"": 29.5, ""market_hostility_max"": 22.38687413215719, ""min_5depth_lots_each_side"": 13.0, ""min_top_book_lots"": 1.0, ""premium_elasticity_min"": 0.0, ""regime_confidence_min"": 60.0, ""spread_pct_max"": 0.7766990291262063, ""trade_quality_min"": 18.6666666666699}",44.71036838875979,CE,DataHealth invalid; Contract invalid: Quote stale or spread hard rejected.; SideDirection hard reject: -2.6 < 65.0; PremiumElasticity hard reject: 0.00 < 1.00; TradeQuality below configured minimum; ConvexityEdge below excellent gate: 52.3 < 80.0,DataHealth invalid; Contract invalid: Quote stale or spread hard rejected.; SideDirection hard reject: -2.6 < 65.0; PremiumElasticity hard reject: 0.00 < 1.00; TradeQuality below configured minimum; ConvexityEdge below excellent gate: 52.3 < 80.0,,0.0,UNVALIDATED_COST_MODEL,UNAVAILABLE,paper-strategy-e935c30a69b1,opportunity-score-e935c30a69b1,PAPER_OVERRIDE::FYERS_PAPER_PROXY_RESEARCH,SKIPPED_FORWARD_PROXY,70.95,71.35,0.0,-6.299999999999997,False,False,-0.4077669902912619,OBSERVED,,FYERS_PAPER_PROXY_RESEARCH
202608251015_5_FINNIFTY_PE,30,2026-08-25T10:45:55.318308+05:30,FINNIFTY,FINNIFTY,NSE_INDEX,e172b0fef65b,"{""contract_quality_min"": 0.0, ""direction_min"": 2.5719829912319736, ""excellent_score_min"": 44.11589437584445, ""execution_quality_min"": 92.95046032441934, ""expected_required_ratio_min"": 1.7500297215141083, ""final_confidence_min"": 77.48579744868576, ""iv_crush_max"": 29.5, ""market_hostility_max"": 22.38687413215719, ""min_5depth_lots_each_side"": 12.0, ""min_top_book_lots"": 2.0, ""premium_elasticity_min"": 0.0, ""regime_confidence_min"": 60.0, ""spread_pct_max"": 0.9644892590968823, ""trade_quality_min"": 18.6666666666699}",44.11589437584445,PE,DataHealth invalid; Contract invalid: Quote stale or spread hard rejected.; SideDirection hard reject: 2.6 < 65.0; PremiumElasticity hard reject: 0.00 < 1.00; TradeQuality below configured minimum; ConvexityEdge below excellent gate: 52.3 < 80.0,DataHealth invalid; Contract invalid: Quote stale or spread hard rejected.; SideDirection hard reject: 2.6 < 65.0; PremiumElasticity hard reject: 0.00 < 1.00; TradeQuality below configured minimum; ConvexityEdge below excellent gate: 52.3 < 80.0,,0.0,UNVALIDATED_COST_MODEL,UNAVAILABLE,paper-strategy-e935c30a69b1,opportunity-score-e935c30a69b1,PAPER_OVERRIDE::FYERS_PAPER_PROXY_RESEARCH,SKIPPED_FORWARD_PROXY,59.55,60.2,2.5249999999999986,0.0,False,False,0.22139412538360353,OBSERVED,,FYERS_PAPER_PROXY_RESEARCH
202608251040_1_FINNIFTY_CE,5,2026-08-25T10:45:55.318308+05:30,FINNIFTY,FINNIFTY,NSE_INDEX,e172b0fef65b,"{""contract_quality_min"": 0.0, ""direction_min"": 3.2192356997909415, ""excellent_score_min"": 44.954908244890056, ""execution_quality_min"": 93.56633864947395, ""expected_required_ratio_min"": 1.7353271188265271, ""final_confidence_min"": 78.31454364642663, ""iv_crush_max"": 29.5, ""market_hostility_max"": 22.55905672676263, ""min_5depth_lots_each_side"": 12.0, ""min_top_book_lots"": 2.0, ""premium_elasticity_min"": 0.0, ""regime_confidence_min"": 60.0, ""spread_pct_max"": 0.9501187648456079, ""trade_quality_min"": 21.105527638193273}",44.954908244890056,CE,DataHealth invalid; Contract invalid: Quote stale or spread hard rejected.; SideDirection hard reject: 3.2 < 65.0; PremiumElasticity hard reject: 0.00 < 1.00; TradeQuality below configured minimum; ConvexityEdge below excellent gate: 52.3 < 80.0,DataHealth invalid; Contract invalid: Quote stale or spread hard rejected.; SideDirection hard reject: 3.2 < 65.0; PremiumElasticity hard reject: 0.00 < 1.00; TradeQuality below configured minimum; ConvexityEdge below excellent gate: 52.3 < 80.0,,0.0,UNVALIDATED_COST_MODEL,UNAVAILABLE,paper-strategy-e935c30a69b1,opportunity-score-e935c30a69b1,PAPER_OVERRIDE::FYERS_PAPER_PROXY_RESEARCH,SKIPPED_FORWARD_PROXY,70.95,71.35,7.799999999999997,0.0,False,False,0.6175771971496433,OBSERVED,,FYERS_PAPER_PROXY_RESEARCH
202608251040_2_BANKNIFTY_CE,5,2026-08-25T10:45:55.318308+05:30,BANKNIFTY,BANKNIFTY,NSE_INDEX,2e840ccd58d1,"{""contract_quality_min"": 0.0, ""direction_min"": 2.6754175114442886, ""excellent_score_min"": 43.9307724339774, ""execution_quality_min"": 100.0, ""expected_required_ratio_min"": 2.082312854352417, ""final_confidence_min"": 76.2608206683447, ""iv_crush_max"": 29.5, ""market_hostility_max"": 22.794182510388374, ""min_5depth_lots_each_side"": 23.0, ""min_top_book_lots"": 1.0, ""premium_elasticity_min"": 0.0, ""regime_confidence_min"": 60.0, ""spread_pct_max"": 0.26490066225167286, ""trade_quality_min"": 14.53169347209353}",43.9307724339774,CE,DataHealth invalid; Contract invalid: Quote stale or spread hard rejected.; SideDirection hard reject: 2.7 < 65.0; PremiumElasticity hard reject: 0.00 < 1.00; TradeQuality below configured minimum; ConvexityEdge below excellent gate: 52.3 < 80.0,DataHealth invalid; Contract invalid: Quote stale or spread hard rejected.; SideDirection hard reject: 2.7 < 65.0; PremiumElasticity hard reject: 0.00 < 1.00; TradeQuality below configured minimum; ConvexityEdge below excellent gate: 52.3 < 80.0,,0.0,UNVALIDATED_COST_MODEL,UNAVAILABLE,paper-strategy-e935c30a69b1,opportunity-score-e935c30a69b1,PAPER_OVERRIDE::FYERS_PAPER_PROXY_RESEARCH,SKIPPED_FORWARD_PROXY,154.5,155.0,22.375,0.0,False,False,0.895,OBSERVED,,FYERS_PAPER_PROXY_RESEARCH
202608251040_3_BANKNIFTY_CE,5,2026-08-25T10:45:55.318308+05:30,BANKNIFTY,BANKNIFTY,NSE_INDEX,2e840ccd58d1,"{""contract_quality_min"": 0.0, ""direction_min"": 2.6754175114442886, ""excellent_score_min"": 43.9307724339774, ""execution_quality_min"": 100.0, ""expected_required_ratio_min"": 2.082312854352417, ""final_confidence_min"": 76.2608206683447, ""iv_crush_max"": 29.5, ""market_hostility_max"": 22.794182510388374, ""min_5depth_lots_each_side"": 29.0, ""min_top_book_lots"": 2.0, ""premium_elasticity_min"": 0.0, ""regime_confidence_min"": 60.0, ""spread_pct_max"": 0.3300749016122918, ""trade_quality_min"": 14.53169347209353}",43.9307724339774,CE,DataHealth invalid; Contract invalid: Quote stale or spread hard rejected.; SideDirection hard reject: 2.7 < 65.0; PremiumElasticity hard reject: 0.00 < 1.00; TradeQuality below configured minimum; ConvexityEdge below excellent gate: 52.3 < 80.0,DataHealth invalid; Contract invalid: Quote stale or spread hard rejected.; SideDirection hard reject: 2.7 < 65.0; PremiumElasticity hard reject: 0.00 < 1.00; TradeQuality below configured minimum; ConvexityEdge below excellent gate: 52.3 < 80.0,,0.0,UNVALIDATED_COST_MODEL,UNAVAILABLE,paper-strategy-e935c30a69b1,opportunity-score-e935c30a69b1,PAPER_OVERRIDE::FYERS_PAPER_PROXY_RESEARCH,SKIPPED_FORWARD_PROXY,223.95,224.7,27.024999999999977,0.0,False,False,1.080999999999999,OBSERVED,,FYERS_PAPER_PROXY_RESEARCH
202608251040_4_FINNIFTY_PE,5,2026-08-25T10:45:55.318308+05:30,FINNIFTY,FINNIFTY,NSE_INDEX,e172b0fef65b,"{""contract_quality_min"": 0.0, ""direction_min"": 0.0, ""excellent_score_min"": 43.731006669203616, ""execution_quality_min"": 89.60961599829788, ""expected_required_ratio_min"": 1.7353271188265271, ""final_confidence_min"": 76.83946541601274, ""iv_crush_max"": 29.5, ""market_hostility_max"": 22.55905672676263, ""min_5depth_lots_each_side"": 9.0, ""min_top_book_lots"": 1.0, ""premium_elasticity_min"": 0.0, ""regime_confidence_min"": 60.0, ""spread_pct_max"": 1.0424422933730495, ""trade_quality_min"": 21.105527638193273}",43.731006669203616,PE,DataHealth invalid; Contract invalid: Quote stale or spread hard rejected.; SideDirection hard reject: -3.2 < 65.0; PremiumElasticity hard reject: 0.00 < 1.00; TradeQuality below configured minimum; ConvexityEdge below excellent gate: 52.3 < 80.0,DataHealth invalid; Contract invalid: Quote stale or spread hard rejected.; SideDirection hard reject: -3.2 < 65.0; PremiumElasticity hard reject: 0.00 < 1.00; TradeQuality below configured minimum; ConvexityEdge below excellent gate: 52.3 < 80.0,,0.0,UNVALIDATED_COST_MODEL,UNAVAILABLE,paper-strategy-e935c30a69b1,opportunity-score-e935c30a69b1,PAPER_OVERRIDE::FYERS_PAPER_PROXY_RESEARCH,SKIPPED_FORWARD_PROXY,59.55,60.2,0.0,-7.6000000000000085,False,False,-0.5658972449739396,OBSERVED,,FYERS_PAPER_PROXY_RESEARCH
202608251040_5_BANKNIFTY_PE,5,2026-08-25T10:45:55.318308+05:30,BANKNIFTY,BANKNIFTY,NSE_INDEX,2e840ccd58d1,"{""contract_quality_min"": 0.0, ""direction_min"": 0.0, ""excellent_score_min"": 43.449197281917435, ""execution_quality_min"": 100.0, ""expected_required_ratio_min"": 2.082312854352417, ""final_confidence_min"": 75.45819541491142, ""iv_crush_max"": 29.5, ""market_hostility_max"": 22.794182510388374, ""min_5depth_lots_each_side"": 20.0, ""min_top_book_lots"": 2.0, ""premium_elasticity_min"": 0.0, ""regime_confidence_min"": 60.0, ""spread_pct_max"": 0.2547770700637108, ""trade_quality_min"": 14.53169347209353}",43.449197281917435,PE,DataHealth invalid; Contract invalid: Quote stale or spread hard rejected.; SideDirection hard reject: -2.7 < 65.0; PremiumElasticity hard reject: 0.00 < 1.00; TradeQuality below configured minimum; ConvexityEdge below excellent gate: 52.3 < 80.0,DataHealth invalid; Contract invalid: Quote stale or spread hard rejected.; SideDirection hard reject: -2.7 < 65.0; PremiumElasticity hard reject: 0.00 < 1.00; TradeQuality below configured minimum; ConvexityEdge below excellent gate: 52.3 < 80.0,,0.0,UNVALIDATED_COST_MODEL,UNAVAILABLE,paper-strategy-e935c30a69b1,opportunity-score-e935c30a69b1,PAPER_OVERRIDE::FYERS_PAPER_PROXY_RESEARCH,SKIPPED_FORWARD_PROXY,118.65,118.85,0.0,-18.724999999999994,False,False,-0.7489999999999998,OBSERVED,,FYERS_PAPER_PROXY_RESEARCH
202608251031_1_MIDCPNIFTY_CE,15,2026-08-25T10:46:33.446042+05:30,MIDCPNIFTY,MIDCPNIFTY,NSE_INDEX,712afad509f5,"{""contract_quality_min"": 0.0, ""direction_min"": 1.2107026110819648, ""excellent_score_min"": 42.51115878741085, ""execution_quality_min"": 100.0, ""expected_required_ratio_min"": 1.6614350845170576, ""final_confidence_min"": 75.11017682023372, ""iv_crush_max"": 29.5, ""market_hostility_max"": 22.03042857367071, ""min_5depth_lots_each_side"": 27.0, ""min_top_book_lots"": 3.0, ""premium_elasticity_min"": 0.0, ""regime_confidence_min"": 60.0, ""spread_pct_max"": 0.7100591715976264, ""trade_quality_min"": 11.428571428571429}",42.51115878741085,CE,DataHealth invalid; Contract invalid: Quote stale or spread hard rejected.; SideDirection hard reject: 1.2 < 65.0; PremiumElasticity hard reject: 0.00 < 1.00; TradeQuality below configured minimum; ConvexityEdge below excellent gate: 52.3 < 80.0,DataHealth invalid; Contract invalid: Quote stale or spread hard rejected.; SideDirection hard reject: 1.2 < 65.0; PremiumElasticity hard reject: 0.00 < 1.00; TradeQuality below configured minimum; ConvexityEdge below excellent gate: 52.3 < 80.0,,0.0,UNVALIDATED_COST_MODEL,UNAVAILABLE,paper-strategy-e935c30a69b1,opportunity-score-e935c30a69b1,PAPER_OVERRIDE::FYERS_PAPER_PROXY_RESEARCH,SKIPPED_FORWARD_PROXY,40.25,40.55,0.0,-2.0,False,False,-0.23668639053254434,OBSERVED,,FYERS_PAPER_PROXY_RESEARCH
202608251031_2_BANKNIFTY_CE,15,2026-08-25T10:46:33.446042+05:30,BANKNIFTY,BANKNIFTY,NSE_INDEX,2e840ccd58d1,"{""contract_quality_min"": 0.0, ""direction_min"": 1.3795277730121458, ""excellent_score_min"": 42.44138068776877, ""execution_quality_min"": 100.0, ""expected_required_ratio_min"": 2.122985295915677, ""final_confidence_min"": 74.59744011485772, ""iv_crush_max"": 29.5, ""market_hostility_max"": 22.41220645502826, ""min_5depth_lots_each_side"": 27.0, ""min_top_book_lots"": 2.0, ""premium_elasticity_min"": 0.0, ""regime_confidence_min"": 60.0, ""spread_pct_max"": 0.30418250950568615, ""trade_quality_min"": 9.635036496352976}",42.44138068776877,CE,DataHealth invalid; Contract invalid: Quote stale or spread hard rejected.; SideDirection hard reject: 1.4 < 65.0; PremiumElasticity hard reject: 0.00 < 1.00; TradeQuality below configured minimum; ConvexityEdge below excellent gate: 52.3 < 80.0,DataHealth invalid; Contract invalid: Quote stale or spread hard rejected.; SideDirection hard reject: 1.4 < 65.0; PremiumElasticity hard reject: 0.00 < 1.00; TradeQuality below configured minimum; ConvexityEdge below excellent gate: 52.3 < 80.0,,0.0,UNVALIDATED_COST_MODEL,UNAVAILABLE,paper-strategy-e935c30a69b1,opportunity-score-e935c30a69b1,PAPER_OVERRIDE::FYERS_PAPER_PROXY_RESEARCH,SKIPPED_FORWARD_PROXY,160.35,160.95,28.849999999999994,0.0,False,False,1.1539999999999997,OBSERVED,,FYERS_PAPER_PROXY_RESEARCH
202608251031_3_BANKNIFTY_CE,15,2026-08-25T10:46:33.446042+05:30,BANKNIFTY,BANKNIFTY,NSE_INDEX,2e840ccd58d1,"{""contract_quality_min"": 0.0, ""direction_min"": 1.3795277730121458, ""excellent_score_min"": 42.44138068776877, ""execution_quality_min"": 100.0, ""expected_required_ratio_min"": 2.122985295915677, ""final_confidence_min"": 74.59744011485772, ""iv_crush_max"": 29.5, ""market_hostility_max"": 22.41220645502826, ""min_5depth_lots_each_side"": 26.0, ""min_top_book_lots"": 6.0, ""premium_elasticity_min"": 0.0, ""regime_confidence_min"": 60.0, ""spread_pct_max"": 0.3588823378620954, ""trade_quality_min"": 9.635036496352976}",42.44138068776877,CE,DataHealth invalid; Contract invalid: Quote stale or spread hard rejected.; SideDirection hard reject: 1.4 < 65.0; PremiumElasticity hard reject: 0.00 < 1.00; TradeQuality below configured minimum; ConvexityEdge below excellent gate: 52.3 < 80.0,DataHealth invalid; Contract invalid: Quote stale or spread hard rejected.; SideDirection hard reject: 1.4 < 65.0; PremiumElasticity hard reject: 0.00 < 1.00; TradeQuality below configured minimum; ConvexityEdge below excellent gate: 52.3 < 80.0,,0.0,UNVALIDATED_COST_MODEL,UNAVAILABLE,paper-strategy-e935c30a69b1,opportunity-score-e935c30a69b1,PAPER_OVERRIDE::FYERS_PAPER_PROXY_RESEARCH,SKIPPED_FORWARD_PROXY,232.05,232.7,37.0,0.0,False,False,1.48,OBSERVED,,FYERS_PAPER_PROXY_RESEARCH
202608251031_4_BANKNIFTY_PE,15,2026-08-25T10:46:33.446042+05:30,BANKNIFTY,BANKNIFTY,NSE_INDEX,2e840ccd58d1,"{""contract_quality_min"": 0.0, ""direction_min"": 0.0, ""excellent_score_min"": 42.19306568862658, ""execution_quality_min"": 100.0, ""expected_required_ratio_min"": 2.122985295915677, ""final_confidence_min"": 74.18358178295408, ""iv_crush_max"": 29.5, ""market_hostility_max"": 22.41220645502826, ""min_5depth_lots_each_side"": 55.0, ""min_top_book_lots"": 2.0, ""premium_elasticity_min"": 0.0, ""regime_confidence_min"": 60.0, ""spread_pct_max"": 0.2820874471086037, ""trade_quality_min"": 9.635036496352976}",42.19306568862658,PE,DataHealth invalid; Contract invalid: Quote stale or spread hard rejected.; SideDirection hard reject: -1.4 < 65.0; PremiumElasticity hard reject: 0.00 < 1.00; TradeQuality below configured minimum; ConvexityEdge below excellent gate: 52.3 < 80.0,DataHealth invalid; Contract invalid: Quote stale or spread hard rejected.; SideDirection hard reject: -1.4 < 65.0; PremiumElasticity hard reject: 0.00 < 1.00; TradeQuality below configured minimum; ConvexityEdge below excellent gate: 52.3 < 80.0,,0.0,UNVALIDATED_COST_MODEL,UNAVAILABLE,paper-strategy-e935c30a69b1,opportunity-score-e935c30a69b1,PAPER_OVERRIDE::FYERS_PAPER_PROXY_RESEARCH,SKIPPED_FORWARD_PROXY,70.7,70.95,0.0,-17.924999999999997,False,True,-1.011283497884344,OBSERVED,,FYERS_PAPER_PROXY_RESEARCH
202608251031_5_BANKNIFTY_PE,15,2026-08-25T10:46:33.446042+05:30,BANKNIFTY,BANKNIFTY,NSE_INDEX,2e840ccd58d1,"{""contract_quality_min"": 0.0, ""direction_min"": 0.0, ""excellent_score_min"": 42.19306568862658, ""execution_quality_min"": 100.0, ""expected_required_ratio_min"": 2.122985295915677, ""final_confidence_min"": 74.18358178295408, ""iv_crush_max"": 29.5, ""market_hostility_max"": 22.41220645502826, ""min_5depth_lots_each_side"": 17.0, ""min_top_book_lots"": 1.0, ""premium_elasticity_min"": 0.0, ""regime_confidence_min"": 60.0, ""spread_pct_max"": 0.21367521367522177, ""trade_quality_min"": 9.635036496352976}",42.19306568862658,PE,DataHealth invalid; Contract invalid: Quote stale or spread hard rejected.; SideDirection hard reject: -1.4 < 65.0; PremiumElasticity hard reject: 0.00 < 1.00; TradeQuality below configured minimum; ConvexityEdge below excellent gate: 52.3 < 80.0,DataHealth invalid; Contract invalid: Quote stale or spread hard rejected.; SideDirection hard reject: -1.4 < 65.0; PremiumElasticity hard reject: 0.00 < 1.00; TradeQuality below configured minimum; ConvexityEdge below excellent gate: 52.3 < 80.0,,0.0,UNVALIDATED_COST_MODEL,UNAVAILABLE,paper-strategy-e935c30a69b1,opportunity-score-e935c30a69b1,PAPER_OVERRIDE::FYERS_PAPER_PROXY_RESEARCH,SKIPPED_FORWARD_PROXY,114.0,114.3,0.0,-26.400000000000006,False,True,-1.0560000000000003,OBSERVED,,FYERS_PAPER_PROXY_RESEARCH
202608251042_1_MIDCPNIFTY_PE,5,2026-08-25T10:47:12.945554+05:30,MIDCPNIFTY,MIDCPNIFTY,NSE_INDEX,712afad509f5,"{""contract_quality_min"": 0.0, ""direction_min"": 0.9145992911849622, ""excellent_score_min"": 41.682699697751474, ""execution_quality_min"": 100.0, ""expected_required_ratio_min"": 1.6179739642283084, ""final_confidence_min"": 73.79592005240656, ""iv_crush_max"": 29.5, ""market_hostility_max"": 20.40809600043043, ""min_5depth_lots_each_side"": 33.0, ""min_top_book_lots"": 3.0, ""premium_elasticity_min"": 0.0, ""regime_confidence_min"": 60.0, ""spread_pct_max"": 0.6849315068493248, ""trade_quality_min"": 7.1957671957627145}",41.682699697751474,PE,DataHealth invalid; Contract invalid: Quote stale or spread hard rejected.; SideDirection hard reject: 0.9 < 65.0; PremiumElasticity hard reject: 0.00 < 1.00; TradeQuality below configured minimum; ConvexityEdge below excellent gate: 52.3 < 80.0,DataHealth invalid; Contract invalid: Quote stale or spread hard rejected.; SideDirection hard reject: 0.9 < 65.0; PremiumElasticity hard reject: 0.00 < 1.00; TradeQuality below configured minimum; ConvexityEdge below excellent gate: 52.3 < 80.0,,0.0,UNVALIDATED_COST_MODEL,UNAVAILABLE,paper-strategy-e935c30a69b1,opportunity-score-e935c30a69b1,PAPER_OVERRIDE::FYERS_PAPER_PROXY_RESEARCH,SKIPPED_FORWARD_PROXY,40.7,40.9,0.0,-3.0999999999999943,False,False,-0.3538812785388121,OBSERVED,,FYERS_PAPER_PROXY_RESEARCH
202608251042_2_BANKNIFTY_PE,5,2026-08-25T10:47:12.945554+05:30,BANKNIFTY,BANKNIFTY,NSE_INDEX,2e840ccd58d1,"{""contract_quality_min"": 0.0, ""direction_min"": 1.2118668931378023, ""excellent_score_min"": 41.6277353515655, ""execution_quality_min"": 100.0, ""expected_required_ratio_min"": 2.0633281875924276, ""final_confidence_min"": 73.82112429626686, ""iv_crush_max"": 29.5, ""market_hostility_max"": 22.75177598911474, ""min_5depth_lots_each_side"": 33.0, ""min_top_book_lots"": 3.0, ""premium_elasticity_min"": 0.0, ""regime_confidence_min"": 60.0, ""spread_pct_max"": 0.2846569883290635, ""trade_quality_min"": 7.131147540987292}",41.6277353515655,PE,DataHealth invalid; Contract invalid: Quote stale or spread hard rejected.; SideDirection hard reject: 1.2 < 65.0; PremiumElasticity hard reject: 0.00 < 1.00; TradeQuality below configured minimum; ConvexityEdge below excellent gate: 52.3 < 80.0,DataHealth invalid; Contract invalid: Quote stale or spread hard rejected.; SideDirection hard reject: 1.2 < 65.0; PremiumElasticity hard reject: 0.00 < 1.00; TradeQuality below configured minimum; ConvexityEdge below excellent gate: 52.3 < 80.0,,0.0,UNVALIDATED_COST_MODEL,UNAVAILABLE,paper-strategy-e935c30a69b1,opportunity-score-e935c30a69b1,PAPER_OVERRIDE::FYERS_PAPER_PROXY_RESEARCH,SKIPPED_FORWARD_PROXY,68.85,69.05,0.0,-18.97500000000001,False,True,-1.0802732707087963,OBSERVED,,FYERS_PAPER_PROXY_RESEARCH
202608251042_3_BANKNIFTY_PE,5,2026-08-25T10:47:12.945554+05:30,BANKNIFTY,BANKNIFTY,NSE_INDEX,2e840ccd58d1,"{""contract_quality_min"": 0.0, ""direction_min"": 1.2118668931378023, ""excellent_score_min"": 41.6277353515655, ""execution_quality_min"": 100.0, ""expected_required_ratio_min"": 2.0633281875924276, ""final_confidence_min"": 73.82112429626686, ""iv_crush_max"": 29.5, ""market_hostility_max"": 22.75177598911474, ""min_5depth_lots_each_side"": 47.0, ""min_top_book_lots"": 2.0, ""premium_elasticity_min"": 0.0, ""regime_confidence_min"": 60.0, ""spread_pct_max"": 0.2857142857142695, ""trade_quality_min"": 7.131147540987292}",41.6277353515655,PE,DataHealth invalid; Contract invalid: Quote stale or spread hard rejected.; SideDirection hard reject: 1.2 < 65.0; PremiumElasticity hard reject: 0.00 < 1.00; TradeQuality below configured minimum; ConvexityEdge below excellent gate: 52.3 < 80.0,DataHealth invalid; Contract invalid: Quote stale or spread hard rejected.; SideDirection hard reject: 1.2 < 65.0; PremiumElasticity hard reject: 0.00 < 1.00; TradeQuality below configured minimum; ConvexityEdge below excellent gate: 52.3 < 80.0,,0.0,UNVALIDATED_COST_MODEL,UNAVAILABLE,paper-strategy-e935c30a69b1,opportunity-score-e935c30a69b1,PAPER_OVERRIDE::FYERS_PAPER_PROXY_RESEARCH,SKIPPED_FORWARD_PROXY,112.75,113.1,0.0,-27.25,False,True,-1.09,OBSERVED,,FYERS_PAPER_PROXY_RESEARCH
202608251042_4_MIDCPNIFTY_CE,5,2026-08-25T10:47:12.945554+05:30,MIDCPNIFTY,MIDCPNIFTY,NSE_INDEX,712afad509f5,"{""contract_quality_min"": 0.0, ""direction_min"": 0.0, ""excellent_score_min"": 41.51807182533818, ""execution_quality_min"": 100.0, ""expected_required_ratio_min"": 1.6179739642283084, ""final_confidence_min"": 73.52154026505107, ""iv_crush_max"": 29.5, ""market_hostility_max"": 20.40809600043043, ""min_5depth_lots_each_side"": 29.0, ""min_top_book_lots"": 1.0, ""premium_elasticity_min"": 0.0, ""regime_confidence_min"": 60.0, ""spread_pct_max"": 0.6215040397762585, ""trade_quality_min"": 7.1957671957627145}",41.51807182533818,CE,DataHealth invalid; Contract invalid: Quote stale or spread hard rejected.; SideDirection hard reject: -0.9 < 65.0; PremiumElasticity hard reject: 0.00 < 1.00; TradeQuality below configured minimum; ConvexityEdge below excellent gate: 52.3 < 80.0,DataHealth invalid; Contract invalid: Quote stale or spread hard rejected.; SideDirection hard reject: -0.9 < 65.0; PremiumElasticity hard reject: 0.00 < 1.00; TradeQuality below configured minimum; ConvexityEdge below excellent gate: 52.3 < 80.0,,0.0,UNVALIDATED_COST_MODEL,UNAVAILABLE,paper-strategy-e935c30a69b1,opportunity-score-e935c30a69b1,PAPER_OVERRIDE::FYERS_PAPER_PROXY_RESEARCH,SKIPPED_FORWARD_PROXY,41.5,41.7,1.2749999999999986,0.0,False,False,0.15848353014294575,OBSERVED,,FYERS_PAPER_PROXY_RESEARCH
202608251042_5_BANKNIFTY_CE,5,2026-08-25T10:47:12.945554+05:30,BANKNIFTY,BANKNIFTY,NSE_INDEX,2e840ccd58d1,"{""contract_quality_min"": 0.0, ""direction_min"": 0.0, ""excellent_score_min"": 41.40959931080069, ""execution_quality_min"": 100.0, ""expected_required_ratio_min"": 2.0633281875924276, ""final_confidence_min"": 73.45756422832552, ""iv_crush_max"": 29.5, ""market_hostility_max"": 22.75177598911474, ""min_5depth_lots_each_side"": 20.0, ""min_top_book_lots"": 2.0, ""premium_elasticity_min"": 0.0, ""regime_confidence_min"": 60.0, ""spread_pct_max"": 0.22710068130205255, ""trade_quality_min"": 7.131147540987292}",41.40959931080069,CE,DataHealth invalid; Contract invalid: Quote stale or spread hard rejected.; SideDirection hard reject: -1.2 < 65.0; PremiumElasticity hard reject: 0.00 < 1.00; TradeQuality below configured minimum; ConvexityEdge below excellent gate: 52.3 < 80.0,DataHealth invalid; Contract invalid: Quote stale or spread hard rejected.; SideDirection hard reject: -1.2 < 65.0; PremiumElasticity hard reject: 0.00 < 1.00; TradeQuality below configured minimum; ConvexityEdge below excellent gate: 52.3 < 80.0,,0.0,UNVALIDATED_COST_MODEL,UNAVAILABLE,paper-strategy-e935c30a69b1,opportunity-score-e935c30a69b1,PAPER_OVERRIDE::FYERS_PAPER_PROXY_RESEARCH,SKIPPED_FORWARD_PROXY,163.7,164.25,31.599999999999994,0.0,False,False,1.2639999999999998,OBSERVED,,FYERS_PAPER_PROXY_RESEARCH
202608251032_1_BANKNIFTY_CE,15,2026-08-25T10:47:51.463055+05:30,BANKNIFTY,BANKNIFTY,NSE_INDEX,2e840ccd58d1,"{""contract_quality_min"": 0.0, ""direction_min"": 5.268425770336796, ""excellent_score_min"": 49.02491569921006, ""execution_quality_min"": 100.0, ""expected_required_ratio_min"": 2.095078922270252, ""final_confidence_min"": 81.67185641984062, ""iv_crush_max"": 29.5, ""market_hostility_max"": 22.87811041426513, ""min_5depth_lots_each_side"": 28.0, ""min_top_book_lots"": 1.0, ""premium_elasticity_min"": 0.0, ""regime_confidence_min"": 60.0, ""spread_pct_max"": 0.2814919071076746, ""trade_quality_min"": 31.271975180967054}",49.02491569921006,CE,DataHealth invalid; Contract invalid: Quote stale or spread hard rejected.; SideDirection hard reject: 5.3 < 65.0; PremiumElasticity hard reject: 0.00 < 1.00; TradeQuality below configured minimum; ConvexityEdge below excellent gate: 52.3 < 80.0,DataHealth invalid; Contract invalid: Quote stale or spread hard rejected.; SideDirection hard reject: 5.3 < 65.0; PremiumElasticity hard reject: 0.00 < 1.00; TradeQuality below configured minimum; ConvexityEdge below excellent gate: 52.3 < 80.0,,0.0,UNVALIDATED_COST_MODEL,UNAVAILABLE,paper-strategy-e935c30a69b1,opportunity-score-e935c30a69b1,PAPER_OVERRIDE::FYERS_PAPER_PROXY_RESEARCH,SKIPPED_FORWARD_PROXY,178.7,179.1,36.599999999999966,0.0,False,False,1.4639999999999986,OBSERVED,,FYERS_PAPER_PROXY_RESEARCH
202608251032_2_BANKNIFTY_PE,15,2026-08-25T10:47:51.463055+05:30,BANKNIFTY,BANKNIFTY,NSE_INDEX,2e840ccd58d1,"{""contract_quality_min"": 0.0, ""direction_min"": 0.0, ""excellent_score_min"": 48.07659906054944, ""execution_quality_min"": 100.0, ""expected_required_ratio_min"": 2.095078922270252, ""final_confidence_min"": 80.0913286887396, ""iv_crush_max"": 29.5, ""market_hostility_max"": 22.87811041426513, ""min_5depth_lots_each_side"": 30.0, ""min_top_book_lots"": 2.0, ""premium_elasticity_min"": 0.0, ""regime_confidence_min"": 60.0, ""spread_pct_max"": 0.3120124804992244, ""trade_quality_min"": 31.271975180967054}",48.07659906054944,PE,DataHealth invalid; Contract invalid: Quote stale or spread hard rejected.; SideDirection hard reject: -5.3 < 65.0; PremiumElasticity hard reject: 0.00 < 1.00; TradeQuality below configured minimum; ConvexityEdge below excellent gate: 52.3 < 80.0,DataHealth invalid; Contract invalid: Quote stale or spread hard rejected.; SideDirection hard reject: -5.3 < 65.0; PremiumElasticity hard reject: 0.00 < 1.00; TradeQuality below configured minimum; ConvexityEdge below excellent gate: 52.3 < 80.0,,0.0,UNVALIDATED_COST_MODEL,UNAVAILABLE,paper-strategy-e935c30a69b1,opportunity-score-e935c30a69b1,PAPER_OVERRIDE::FYERS_PAPER_PROXY_RESEARCH,SKIPPED_FORWARD_PROXY,99.45,99.7,0.0,-28.749999999999986,False,True,-1.1499999999999995,OBSERVED,,FYERS_PAPER_PROXY_RESEARCH
202608251032_3_FINNIFTY_CE,15,2026-08-25T10:47:51.463055+05:30,FINNIFTY,FINNIFTY,NSE_INDEX,e172b0fef65b,"{""contract_quality_min"": 0.0, ""direction_min"": 0.0, ""excellent_score_min"": 39.47352350660397, ""execution_quality_min"": 100.0, ""expected_required_ratio_min"": 1.7582427048680032, ""final_confidence_min"": 71.57831081309392, ""iv_crush_max"": 29.5, ""market_hostility_max"": 22.897253967463527, ""min_5depth_lots_each_side"": 22.0, ""min_top_book_lots"": 2.0, ""premium_elasticity_min"": 0.0, ""regime_confidence_min"": 60.0, ""spread_pct_max"": 0.7446016381236038, ""trade_quality_min"": 0.2840236686418576}",39.47352350660397,CE,DataHealth invalid; Contract invalid: Quote stale or spread hard rejected.; SideDirection hard reject: -0.0 < 65.0; PremiumElasticity hard reject: 0.00 < 1.00; TradeQuality below configured minimum; ConvexityEdge below excellent gate: 52.3 < 80.0,DataHealth invalid; Contract invalid: Quote stale or spread hard rejected.; SideDirection hard reject: -0.0 < 65.0; PremiumElasticity hard reject: 0.00 < 1.00; TradeQuality below configured minimum; ConvexityEdge below excellent gate: 52.3 < 80.0,,0.0,UNVALIDATED_COST_MODEL,UNAVAILABLE,paper-strategy-e935c30a69b1,opportunity-score-e935c30a69b1,PAPER_OVERRIDE::FYERS_PAPER_PROXY_RESEARCH,SKIPPED_FORWARD_PROXY,84.9,85.85,17.75,0.0,False,False,1.3216679076693967,OBSERVED,,FYERS_PAPER_PROXY_RESEARCH
202608251032_4_FINNIFTY_PE,15,2026-08-25T10:47:51.463055+05:30,FINNIFTY,FINNIFTY,NSE_INDEX,e172b0fef65b,"{""contract_quality_min"": 0.0, ""direction_min"": 0.04597524999086784, ""excellent_score_min"": 38.82942116548328, ""execution_quality_min"": 95.65081409253963, ""expected_required_ratio_min"": 1.7582427048680032, ""final_confidence_min"": 71.59210338809119, ""iv_crush_max"": 29.5, ""market_hostility_max"": 22.897253967463527, ""min_5depth_lots_each_side"": 17.0, ""min_top_book_lots"": 7.0, ""premium_elasticity_min"": 0.0, ""regime_confidence_min"": 60.0, ""spread_pct_max"": 0.9014810045074086, ""trade_quality_min"": 0.2840236686418576}",38.82942116548328,PE,DataHealth invalid; Contract invalid: Quote stale or spread hard rejected.; SideDirection hard reject: 0.0 < 65.0; PremiumElasticity hard reject: 0.00 < 1.00; TradeQuality below configured minimum; ConvexityEdge below excellent gate: 52.3 < 80.0,DataHealth invalid; Contract invalid: Quote stale or spread hard rejected.; SideDirection hard reject: 0.0 < 65.0; PremiumElasticity hard reject: 0.00 < 1.00; TradeQuality below configured minimum; ConvexityEdge below excellent gate: 52.3 < 80.0,,0.0,UNVALIDATED_COST_MODEL,UNAVAILABLE,paper-strategy-e935c30a69b1,opportunity-score-e935c30a69b1,PAPER_OVERRIDE::FYERS_PAPER_PROXY_RESEARCH,SKIPPED_FORWARD_PROXY,29.25,29.6,0.0,-9.575000000000003,False,True,-1.2330972311654864,OBSERVED,,FYERS_PAPER_PROXY_RESEARCH
202608251032_5_FINNIFTY_PE,15,2026-08-25T10:47:51.463055+05:30,FINNIFTY,FINNIFTY,NSE_INDEX,e172b0fef65b,"{""contract_quality_min"": 0.0, ""direction_min"": 0.04597524999086784, ""excellent_score_min"": 38.4084710902808, ""execution_quality_min"": 92.84448025785647, ""expected_required_ratio_min"": 1.7582427048680032, ""final_confidence_min"": 71.59210338809119, ""iv_crush_max"": 29.5, ""market_hostility_max"": 22.897253967463527, ""min_5depth_lots_each_side"": 7.0, ""min_top_book_lots"": 1.0, ""premium_elasticity_min"": 0.0, ""regime_confidence_min"": 60.0, ""spread_pct_max"": 0.9669621273166824, ""trade_quality_min"": 0.2840236686418576}",38.4084710902808,PE,DataHealth invalid; Contract invalid: Quote stale or spread hard rejected.; SideDirection hard reject: 0.0 < 65.0; PremiumElasticity hard reject: 0.00 < 1.00; TradeQuality below configured minimum; ConvexityEdge below excellent gate: 52.3 < 80.0,DataHealth invalid; Contract invalid: Quote stale or spread hard rejected.; SideDirection hard reject: 0.0 < 65.0; PremiumElasticity hard reject: 0.00 < 1.00; TradeQuality below configured minimum; ConvexityEdge below excellent gate: 52.3 < 80.0,,0.0,UNVALIDATED_COST_MODEL,UNAVAILABLE,paper-strategy-e935c30a69b1,opportunity-score-e935c30a69b1,PAPER_OVERRIDE::FYERS_PAPER_PROXY_RESEARCH,SKIPPED_FORWARD_PROXY,49.95,50.45,0.0,-12.099999999999994,False,False,-0.9750201450443187,OBSERVED,,FYERS_PAPER_PROXY_RESEARCH
202608251019_1_BANKNIFTY_PE,30,2026-08-25T10:49:06.917484+05:30,BANKNIFTY,BANKNIFTY,NSE_INDEX,2e840ccd58d1,"{""contract_quality_min"": 0.0, ""direction_min"": 5.1427209447581115, ""excellent_score_min"": 52.15951018209162, ""execution_quality_min"": 100.0, ""expected_required_ratio_min"": 2.098042553732667, ""final_confidence_min"": 84.78799247481355, ""iv_crush_max"": 29.5, ""market_hostility_max"": 21.96073660541326, ""min_5depth_lots_each_side"": 39.0, ""min_top_book_lots"": 2.0, ""premium_elasticity_min"": 0.0, ""regime_confidence_min"": 60.0, ""spread_pct_max"": 0.32115616218386644, ""trade_quality_min"": 41.72194777699944}",52.15951018209162,PE,DataHealth invalid; Contract invalid: Quote stale or spread hard rejected.; SideDirection hard reject: 5.1 < 65.0; PremiumElasticity hard reject: 0.00 < 1.00; TradeQuality below configured minimum; ConvexityEdge below excellent gate: 52.3 < 80.0,DataHealth invalid; Contract invalid: Quote stale or spread hard rejected.; SideDirection hard reject: 5.1 < 65.0; PremiumElasticity hard reject: 0.00 < 1.00; TradeQuality below configured minimum; ConvexityEdge below excellent gate: 52.3 < 80.0,,0.0,UNVALIDATED_COST_MODEL,UNAVAILABLE,paper-strategy-e935c30a69b1,opportunity-score-e935c30a69b1,PAPER_OVERRIDE::FYERS_PAPER_PROXY_RESEARCH,SKIPPED_FORWARD_PROXY,96.0,96.05,0.0,-28.549999999999997,False,True,-1.146126053793657,OBSERVED,,FYERS_PAPER_PROXY_RESEARCH
202608251019_2_BANKNIFTY_CE,30,2026-08-25T10:49:06.917484+05:30,BANKNIFTY,BANKNIFTY,NSE_INDEX,2e840ccd58d1,"{""contract_quality_min"": 0.0, ""direction_min"": 0.0, ""excellent_score_min"": 51.23382041203516, ""execution_quality_min"": 100.0, ""expected_required_ratio_min"": 2.098042553732667, ""final_confidence_min"": 83.24517619138611, ""iv_crush_max"": 29.5, ""market_hostility_max"": 21.96073660541326, ""min_5depth_lots_each_side"": 29.0, ""min_top_book_lots"": 2.0, ""premium_elasticity_min"": 0.0, ""regime_confidence_min"": 60.0, ""spread_pct_max"": 0.29875518672198415, ""trade_quality_min"": 41.72194777699944}",51.23382041203516,CE,DataHealth invalid; Contract invalid: Quote stale or spread hard rejected.; SideDirection hard reject: -5.1 < 65.0; PremiumElasticity hard reject: 0.00 < 1.00; TradeQuality below configured minimum; ConvexityEdge below excellent gate: 52.3 < 80.0,DataHealth invalid; Contract invalid: Quote stale or spread hard rejected.; SideDirection hard reject: -5.1 < 65.0; PremiumElasticity hard reject: 0.00 < 1.00; TradeQuality below configured minimum; ConvexityEdge below excellent gate: 52.3 < 80.0,,0.0,UNVALIDATED_COST_MODEL,UNAVAILABLE,paper-strategy-e935c30a69b1,opportunity-score-e935c30a69b1,PAPER_OVERRIDE::FYERS_PAPER_PROXY_RESEARCH,SKIPPED_FORWARD_PROXY,186.5,187.05,35.875,0.0,False,False,1.435,OBSERVED,,FYERS_PAPER_PROXY_RESEARCH
202608251019_3_BANKNIFTY_CE,30,2026-08-25T10:49:06.917484+05:30,BANKNIFTY,BANKNIFTY,NSE_INDEX,2e840ccd58d1,"{""contract_quality_min"": 0.0, ""direction_min"": 0.0, ""excellent_score_min"": 48.43382041203516, ""execution_quality_min"": 100.0, ""expected_required_ratio_min"": 2.098042553732667, ""final_confidence_min"": 83.24517619138611, ""iv_crush_max"": 29.5, ""market_hostility_max"": 21.96073660541326, ""min_5depth_lots_each_side"": 26.0, ""min_top_book_lots"": 2.0, ""premium_elasticity_min"": 0.0, ""regime_confidence_min"": 60.0, ""spread_pct_max"": 0.363353231248372, ""trade_quality_min"": 41.72194777699944}",48.43382041203516,CE,DataHealth invalid; Contract invalid: Quote stale or spread hard rejected.; SideDirection hard reject: -5.1 < 65.0; PremiumElasticity hard reject: 0.00 < 1.00; TradeQuality below configured minimum; ConvexityEdge below excellent gate: 38.3 < 80.0,DataHealth invalid; Contract invalid: Quote stale or spread hard rejected.; SideDirection hard reject: -5.1 < 65.0; PremiumElasticity hard reject: 0.00 < 1.00; TradeQuality below configured minimum; ConvexityEdge below excellent gate: 38.3 < 80.0,,0.0,UNVALIDATED_COST_MODEL,UNAVAILABLE,paper-strategy-e935c30a69b1,opportunity-score-e935c30a69b1,PAPER_OVERRIDE::FYERS_PAPER_PROXY_RESEARCH,SKIPPED_FORWARD_PROXY,125.35,125.7,29.02499999999999,0.0,False,False,1.5066182195691664,OBSERVED,,FYERS_PAPER_PROXY_RESEARCH
202608251019_4_FINNIFTY_PE,30,2026-08-25T10:49:06.917484+05:30,FINNIFTY,FINNIFTY,NSE_INDEX,e172b0fef65b,"{""contract_quality_min"": 0.0, ""direction_min"": 1.945465686274064, ""excellent_score_min"": 44.799099398946574, ""execution_quality_min"": 100.0, ""expected_required_ratio_min"": 1.7594139992417113, ""final_confidence_min"": 76.94918025903205, ""iv_crush_max"": 29.5, ""market_hostility_max"": 21.817755273227473, ""min_5depth_lots_each_side"": 14.0, ""min_top_book_lots"": 1.0, ""premium_elasticity_min"": 0.0, ""regime_confidence_min"": 60.0, ""spread_pct_max"": 0.7843137254901961, ""trade_quality_min"": 17.191201353636504}",44.799099398946574,PE,DataHealth invalid; Contract invalid: Quote stale or spread hard rejected.; SideDirection hard reject: 1.9 < 65.0; PremiumElasticity hard reject: 0.00 < 1.00; TradeQuality below configured minimum; ConvexityEdge below excellent gate: 52.3 < 80.0,DataHealth invalid; Contract invalid: Quote stale or spread hard rejected.; SideDirection hard reject: 1.9 < 65.0; PremiumElasticity hard reject: 0.00 < 1.00; TradeQuality below configured minimum; ConvexityEdge below excellent gate: 52.3 < 80.0,,0.0,UNVALIDATED_COST_MODEL,UNAVAILABLE,paper-strategy-e935c30a69b1,opportunity-score-e935c30a69b1,PAPER_OVERRIDE::FYERS_PAPER_PROXY_RESEARCH,SKIPPED_FORWARD_PROXY,47.95,48.45,0.0,-15.799999999999997,False,True,-1.2392156862745096,OBSERVED,,FYERS_PAPER_PROXY_RESEARCH
202608251019_5_FINNIFTY_CE,30,2026-08-25T10:49:06.917484+05:30,FINNIFTY,FINNIFTY,NSE_INDEX,e172b0fef65b,"{""contract_quality_min"": 0.0, ""direction_min"": 0.0, ""excellent_score_min"": 44.448915575417246, ""execution_quality_min"": 100.0, ""expected_required_ratio_min"": 1.7594139992417113, ""final_confidence_min"": 76.36554055314984, ""iv_crush_max"": 29.5, ""market_hostility_max"": 21.817755273227473, ""min_5depth_lots_each_side"": 12.0, ""min_top_book_lots"": 2.0, ""premium_elasticity_min"": 0.0, ""regime_confidence_min"": 60.0, ""spread_pct_max"": 0.7127583749109051, ""trade_quality_min"": 17.191201353636504}",44.448915575417246,CE,DataHealth invalid; Contract invalid: Quote stale or spread hard rejected.; SideDirection hard reject: -1.9 < 65.0; PremiumElasticity hard reject: 0.00 < 1.00; TradeQuality below configured minimum; ConvexityEdge below excellent gate: 52.3 < 80.0,DataHealth invalid; Contract invalid: Quote stale or spread hard rejected.; SideDirection hard reject: -1.9 < 65.0; PremiumElasticity hard reject: 0.00 < 1.00; TradeQuality below configured minimum; ConvexityEdge below excellent gate: 52.3 < 80.0,,0.0,UNVALIDATED_COST_MODEL,UNAVAILABLE,paper-strategy-e935c30a69b1,opportunity-score-e935c30a69b1,PAPER_OVERRIDE::FYERS_PAPER_PROXY_RESEARCH,SKIPPED_FORWARD_PROXY,87.55,88.35,17.39999999999999,0.0,False,False,1.2401995723449744,OBSERVED,,FYERS_PAPER_PROXY_RESEARCH
202608251034_1_BANKNIFTY_CE,15,2026-08-25T10:50:47.285392+05:30,BANKNIFTY,BANKNIFTY,NSE_INDEX,2e840ccd58d1,"{""contract_quality_min"": 0.0, ""direction_min"": 9.389090497205114, ""excellent_score_min"": 55.1118322521755, ""execution_quality_min"": 100.0, ""expected_required_ratio_min"": 2.113553050792116, ""final_confidence_min"": 88.07870613675637, ""iv_crush_max"": 29.5, ""market_hostility_max"": 22.86141628490899, ""min_5depth_lots_each_side"": 49.0, ""min_top_book_lots"": 4.0, ""premium_elasticity_min"": 0.0, ""regime_confidence_min"": 60.0, ""spread_pct_max"": 0.3115264797507758, ""trade_quality_min"": 50.567808540585354}",55.1118322521755,CE,DataHealth invalid; Contract invalid: Quote stale or spread hard rejected.; SideDirection hard reject: 9.4 < 65.0; PremiumElasticity hard reject: 0.00 < 1.00; TradeQuality below configured minimum; ConvexityEdge below excellent gate: 52.3 < 80.0,DataHealth invalid; Contract invalid: Quote stale or spread hard rejected.; SideDirection hard reject: 9.4 < 65.0; PremiumElasticity hard reject: 0.00 < 1.00; TradeQuality below configured minimum; ConvexityEdge below excellent gate: 52.3 < 80.0,,0.0,UNVALIDATED_COST_MODEL,UNAVAILABLE,paper-strategy-e935c30a69b1,opportunity-score-e935c30a69b1,PAPER_OVERRIDE::FYERS_PAPER_PROXY_RESEARCH,SKIPPED_FORWARD_PROXY,143.7,144.15,47.39999999999998,0.0,True,False,2.461059190031151,OBSERVED,,FYERS_PAPER_PROXY_RESEARCH
202608251034_2_BANKNIFTY_CE,15,2026-08-25T10:50:47.285392+05:30,BANKNIFTY,BANKNIFTY,NSE_INDEX,2e840ccd58d1,"{""contract_quality_min"": 0.0, ""direction_min"": 9.389090497205114, ""excellent_score_min"": 55.1118322521755, ""execution_quality_min"": 100.0, ""expected_required_ratio_min"": 2.113553050792116, ""final_confidence_min"": 88.07870613675637, ""iv_crush_max"": 29.5, ""market_hostility_max"": 22.86141628490899, ""min_5depth_lots_each_side"": 27.0, ""min_top_book_lots"": 3.0, ""premium_elasticity_min"": 0.0, ""regime_confidence_min"": 60.0, ""spread_pct_max"": 0.2685464921114506, ""trade_quality_min"": 50.567808540585354}",55.1118322521755,CE,DataHealth invalid; Contract invalid: Quote stale or spread hard rejected.; SideDirection hard reject: 9.4 < 65.0; PremiumElasticity hard reject: 0.00 < 1.00; TradeQuality below configured minimum; ConvexityEdge below excellent gate: 52.3 < 80.0,DataHealth invalid; Contract invalid: Quote stale or spread hard rejected.; SideDirection hard reject: 9.4 < 65.0; PremiumElasticity hard reject: 0.00 < 1.00; TradeQuality below configured minimum; ConvexityEdge below excellent gate: 52.3 < 80.0,,0.0,UNVALIDATED_COST_MODEL,UNAVAILABLE,paper-strategy-e935c30a69b1,opportunity-score-e935c30a69b1,PAPER_OVERRIDE::FYERS_PAPER_PROXY_RESEARCH,SKIPPED_FORWARD_PROXY,211.4,212.0,62.45000000000002,0.0,True,False,2.4980000000000007,OBSERVED,,FYERS_PAPER_PROXY_RESEARCH
202608251034_3_BANKNIFTY_PE,15,2026-08-25T10:50:47.285392+05:30,BANKNIFTY,BANKNIFTY,NSE_INDEX,2e840ccd58d1,"{""contract_quality_min"": 0.0, ""direction_min"": 0.0, ""excellent_score_min"": 53.42179596267858, ""execution_quality_min"": 100.0, ""expected_required_ratio_min"": 2.113553050792116, ""final_confidence_min"": 85.26197898759484, ""iv_crush_max"": 29.5, ""market_hostility_max"": 22.86141628490899, ""min_5depth_lots_each_side"": 20.0, ""min_top_book_lots"": 1.0, ""premium_elasticity_min"": 0.0, ""regime_confidence_min"": 60.0, ""spread_pct_max"": 0.3255561584373273, ""trade_quality_min"": 50.567808540585354}",53.42179596267858,PE,DataHealth invalid; Contract invalid: Quote stale or spread hard rejected.; SideDirection hard reject: -9.4 < 65.0; PremiumElasticity hard reject: 0.00 < 1.00; TradeQuality below configured minimum; ConvexityEdge below excellent gate: 52.3 < 80.0,DataHealth invalid; Contract invalid: Quote stale or spread hard rejected.; SideDirection hard reject: -9.4 < 65.0; PremiumElasticity hard reject: 0.00 < 1.00; TradeQuality below configured minimum; ConvexityEdge below excellent gate: 52.3 < 80.0,,0.0,UNVALIDATED_COST_MODEL,UNAVAILABLE,paper-strategy-e935c30a69b1,opportunity-score-e935c30a69b1,PAPER_OVERRIDE::FYERS_PAPER_PROXY_RESEARCH,SKIPPED_FORWARD_PROXY,134.3,134.65,0.0,-50.0,False,True,-2.0,OBSERVED,,FYERS_PAPER_PROXY_RESEARCH
202608251034_4_FINNIFTY_CE,15,2026-08-25T10:50:47.285392+05:30,FINNIFTY,FINNIFTY,NSE_INDEX,e172b0fef65b,"{""contract_quality_min"": 0.0, ""direction_min"": 4.966877899501428, ""excellent_score_min"": 46.96449493998749, ""execution_quality_min"": 100.0, ""expected_required_ratio_min"": 1.7242365546308258, ""final_confidence_min"": 79.45838975542773, ""iv_crush_max"": 29.5, ""market_hostility_max"": 22.826029783597058, ""min_5depth_lots_each_side"": 14.0, ""min_top_book_lots"": 1.0, ""premium_elasticity_min"": 0.0, ""regime_confidence_min"": 60.0, ""spread_pct_max"": 0.4366812227074195, ""trade_quality_min"": 24.04452690167506}",46.96449493998749,CE,DataHealth invalid; Contract invalid: Quote stale or spread hard rejected.; SideDirection hard reject: 5.0 < 65.0; PremiumElasticity hard reject: 0.00 < 1.00; TradeQuality below configured minimum; ConvexityEdge below excellent gate: 52.3 < 80.0,DataHealth invalid; Contract invalid: Quote stale or spread hard rejected.; SideDirection hard reject: 5.0 < 65.0; PremiumElasticity hard reject: 0.00 < 1.00; TradeQuality below configured minimum; ConvexityEdge below excellent gate: 52.3 < 80.0,,0.0,UNVALIDATED_COST_MODEL,UNAVAILABLE,paper-strategy-e935c30a69b1,opportunity-score-e935c30a69b1,PAPER_OVERRIDE::FYERS_PAPER_PROXY_RESEARCH,SKIPPED_FORWARD_PROXY,91.1,91.9,22.400000000000006,0.0,False,False,1.630276564774382,OBSERVED,,FYERS_PAPER_PROXY_RESEARCH
202608251034_5_FINNIFTY_PE,15,2026-08-25T10:50:47.285392+05:30,FINNIFTY,FINNIFTY,NSE_INDEX,e172b0fef65b,"{""contract_quality_min"": 0.0, ""direction_min"": 0.0, ""excellent_score_min"": 45.51743925511188, ""execution_quality_min"": 96.313215580231, ""expected_required_ratio_min"": 1.7242365546308258, ""final_confidence_min"": 77.96832638557731, ""iv_crush_max"": 29.5, ""market_hostility_max"": 22.826029783597058, ""min_5depth_lots_each_side"": 9.0, ""min_top_book_lots"": 1.0, ""premium_elasticity_min"": 0.0, ""regime_confidence_min"": 60.0, ""spread_pct_max"": 0.8860249697946101, ""trade_quality_min"": 24.04452690167506}",45.51743925511188,PE,DataHealth invalid; Contract invalid: Quote stale or spread hard rejected.; SideDirection hard reject: -5.0 < 65.0; PremiumElasticity hard reject: 0.00 < 1.00; TradeQuality below configured minimum; ConvexityEdge below excellent gate: 52.3 < 80.0,DataHealth invalid; Contract invalid: Quote stale or spread hard rejected.; SideDirection hard reject: -5.0 < 65.0; PremiumElasticity hard reject: 0.00 < 1.00; TradeQuality below configured minimum; ConvexityEdge below excellent gate: 52.3 < 80.0,,0.0,UNVALIDATED_COST_MODEL,UNAVAILABLE,paper-strategy-e935c30a69b1,opportunity-score-e935c30a69b1,PAPER_OVERRIDE::FYERS_PAPER_PROXY_RESEARCH,SKIPPED_FORWARD_PROXY,45.0,45.55,0.0,-17.075000000000003,False,True,-1.3753523962948049,OBSERVED,,FYERS_PAPER_PROXY_RESEARCH
202608251021_1_BANKNIFTY_PE,30,2026-08-25T10:51:50.417950+05:30,BANKNIFTY,BANKNIFTY,NSE_INDEX,2e840ccd58d1,"{""contract_quality_min"": 0.0, ""direction_min"": 9.957025103915113, ""excellent_score_min"": 59.13189199534938, ""execution_quality_min"": 100.0, ""expected_required_ratio_min"": 2.1374723597203085, ""final_confidence_min"": 89.64482137122029, ""iv_crush_max"": 29.5, ""market_hostility_max"": 21.676350277329618, ""min_5depth_lots_each_side"": 24.0, ""min_top_book_lots"": 1.0, ""premium_elasticity_min"": 0.0, ""regime_confidence_min"": 60.0, ""spread_pct_max"": 0.2709109380291268, ""trade_quality_min"": 64.49577464788995}",59.13189199534938,PE,DataHealth invalid; Contract invalid: Quote stale or spread hard rejected.; SideDirection hard reject: 10.0 < 65.0; PremiumElasticity hard reject: 0.00 < 1.00; TradeQuality below configured minimum; ConvexityEdge below excellent gate: 52.3 < 80.0,DataHealth invalid; Contract invalid: Quote stale or spread hard rejected.; SideDirection hard reject: 10.0 < 65.0; PremiumElasticity hard reject: 0.00 < 1.00; TradeQuality below configured minimum; ConvexityEdge below excellent gate: 52.3 < 80.0,,0.0,UNVALIDATED_COST_MODEL,UNAVAILABLE,paper-strategy-e935c30a69b1,opportunity-score-e935c30a69b1,PAPER_OVERRIDE::FYERS_PAPER_PROXY_RESEARCH,SKIPPED_FORWARD_PROXY,73.8,74.05,0.0,-73.84999999999998,False,True,-2.9539999999999993,OBSERVED,,FYERS_PAPER_PROXY_RESEARCH
202608251021_2_BANKNIFTY_CE,30,2026-08-25T10:51:50.417950+05:30,BANKNIFTY,BANKNIFTY,NSE_INDEX,2e840ccd58d1,"{""contract_quality_min"": 0.0, ""direction_min"": 0.0, ""excellent_score_min"": 57.33962747664466, ""execution_quality_min"": 100.0, ""expected_required_ratio_min"": 2.1374723597203085, ""final_confidence_min"": 86.65771384004576, ""iv_crush_max"": 29.5, ""market_hostility_max"": 21.676350277329618, ""min_5depth_lots_each_side"": 38.0, ""min_top_book_lots"": 7.0, ""premium_elasticity_min"": 0.0, ""regime_confidence_min"": 60.0, ""spread_pct_max"": 0.2313922097956123, ""trade_quality_min"": 64.49577464788995}",57.33962747664466,CE,DataHealth invalid; Contract invalid: Quote stale or spread hard rejected.; SideDirection hard reject: -10.0 < 65.0; PremiumElasticity hard reject: 0.00 < 1.00; TradeQuality below configured minimum; ConvexityEdge below excellent gate: 52.3 < 80.0,DataHealth invalid; Contract invalid: Quote stale or spread hard rejected.; SideDirection hard reject: -10.0 < 65.0; PremiumElasticity hard reject: 0.00 < 1.00; TradeQuality below configured minimum; ConvexityEdge below excellent gate: 52.3 < 80.0,,0.0,UNVALIDATED_COST_MODEL,UNAVAILABLE,paper-strategy-e935c30a69b1,opportunity-score-e935c30a69b1,PAPER_OVERRIDE::FYERS_PAPER_PROXY_RESEARCH,SKIPPED_FORWARD_PROXY,239.2,239.75,109.54999999999998,0.0,True,False,4.382,OBSERVED,,FYERS_PAPER_PROXY_RESEARCH
202608251021_3_BANKNIFTY_CE,30,2026-08-25T10:51:50.417950+05:30,BANKNIFTY,BANKNIFTY,NSE_INDEX,2e840ccd58d1,"{""contract_quality_min"": 0.0, ""direction_min"": 0.0, ""excellent_score_min"": 57.33962747664466, ""execution_quality_min"": 100.0, ""expected_required_ratio_min"": 2.1374723597203085, ""final_confidence_min"": 86.65771384004576, ""iv_crush_max"": 29.5, ""market_hostility_max"": 21.676350277329618, ""min_5depth_lots_each_side"": 18.0, ""min_top_book_lots"": 1.0, ""premium_elasticity_min"": 0.0, ""regime_confidence_min"": 60.0, ""spread_pct_max"": 0.3370058327932481, ""trade_quality_min"": 64.49577464788995}",57.33962747664466,CE,DataHealth invalid; Contract invalid: Quote stale or spread hard rejected.; SideDirection hard reject: -10.0 < 65.0; PremiumElasticity hard reject: 0.00 < 1.00; TradeQuality below configured minimum; ConvexityEdge below excellent gate: 52.3 < 80.0,DataHealth invalid; Contract invalid: Quote stale or spread hard rejected.; SideDirection hard reject: -10.0 < 65.0; PremiumElasticity hard reject: 0.00 < 1.00; TradeQuality below configured minimum; ConvexityEdge below excellent gate: 52.3 < 80.0,,0.0,UNVALIDATED_COST_MODEL,UNAVAILABLE,paper-strategy-e935c30a69b1,opportunity-score-e935c30a69b1,PAPER_OVERRIDE::FYERS_PAPER_PROXY_RESEARCH,SKIPPED_FORWARD_PROXY,320.15,321.3,127.27499999999998,0.0,True,False,5.090999999999999,OBSERVED,,FYERS_PAPER_PROXY_RESEARCH
202608251021_4_FINNIFTY_PE,30,2026-08-25T10:51:50.417950+05:30,FINNIFTY,FINNIFTY,NSE_INDEX,e172b0fef65b,"{""contract_quality_min"": 0.0, ""direction_min"": 4.640371229697708, ""excellent_score_min"": 52.33180617953049, ""execution_quality_min"": 99.30029154518878, ""expected_required_ratio_min"": 1.7740355481222434, ""final_confidence_min"": 85.02145250985194, ""iv_crush_max"": 29.5, ""market_hostility_max"": 21.67307670207498, ""min_5depth_lots_each_side"": 5.0, ""min_top_book_lots"": 1.0, ""premium_elasticity_min"": 0.0, ""regime_confidence_min"": 60.0, ""spread_pct_max"": 0.8163265306122618, ""trade_quality_min"": 42.751322751324274}",52.33180617953049,PE,DataHealth invalid; Contract invalid: Quote stale or spread hard rejected.; SideDirection hard reject: 4.6 < 65.0; PremiumElasticity hard reject: 0.00 < 1.00; TradeQuality below configured minimum; ConvexityEdge below excellent gate: 52.3 < 80.0,DataHealth invalid; Contract invalid: Quote stale or spread hard rejected.; SideDirection hard reject: 4.6 < 65.0; PremiumElasticity hard reject: 0.00 < 1.00; TradeQuality below configured minimum; ConvexityEdge below excellent gate: 52.3 < 80.0,,0.0,UNVALIDATED_COST_MODEL,UNAVAILABLE,paper-strategy-e935c30a69b1,opportunity-score-e935c30a69b1,PAPER_OVERRIDE::FYERS_PAPER_PROXY_RESEARCH,SKIPPED_FORWARD_PROXY,43.1,43.55,0.0,-24.275,False,True,-1.8014842300556584,OBSERVED,,FYERS_PAPER_PROXY_RESEARCH
202608251021_5_FINNIFTY_CE,30,2026-08-25T10:51:50.417950+05:30,FINNIFTY,FINNIFTY,NSE_INDEX,e172b0fef65b,"{""contract_quality_min"": 0.0, ""direction_min"": 0.0, ""excellent_score_min"": 51.60149562640659, ""execution_quality_min"": 100.0, ""expected_required_ratio_min"": 1.7740355481222434, ""final_confidence_min"": 83.62934114094261, ""iv_crush_max"": 29.5, ""market_hostility_max"": 21.67307670207498, ""min_5depth_lots_each_side"": 12.0, ""min_top_book_lots"": 1.0, ""premium_elasticity_min"": 0.0, ""regime_confidence_min"": 60.0, ""spread_pct_max"": 0.5992509363295966, ""trade_quality_min"": 42.751322751324274}",51.60149562640659,CE,DataHealth invalid; Contract invalid: Quote stale or spread hard rejected.; SideDirection hard reject: -4.6 < 65.0; PremiumElasticity hard reject: 0.00 < 1.00; TradeQuality below configured minimum; ConvexityEdge below excellent gate: 52.3 < 80.0,DataHealth invalid; Contract invalid: Quote stale or spread hard rejected.; SideDirection hard reject: -4.6 < 65.0; PremiumElasticity hard reject: 0.00 < 1.00; TradeQuality below configured minimum; ConvexityEdge below excellent gate: 52.3 < 80.0,,0.0,UNVALIDATED_COST_MODEL,UNAVAILABLE,paper-strategy-e935c30a69b1,opportunity-score-e935c30a69b1,PAPER_OVERRIDE::FYERS_PAPER_PROXY_RESEARCH,SKIPPED_FORWARD_PROXY,97.75,98.6,31.0,0.0,True,False,2.3220973782771535,OBSERVED,,FYERS_PAPER_PROXY_RESEARCH
202608251036_1_BANKNIFTY_CE,15,2026-08-25T10:51:50.417950+05:30,BANKNIFTY,BANKNIFTY,NSE_INDEX,2e840ccd58d1,"{""contract_quality_min"": 0.0, ""direction_min"": 8.18370108578744, ""excellent_score_min"": 52.20431080295093, ""execution_quality_min"": 100.0, ""expected_required_ratio_min"": 2.069607900033125, ""final_confidence_min"": 84.95672182953523, ""iv_crush_max"": 29.5, ""market_hostility_max"": 22.71555506037322, ""min_5depth_lots_each_side"": 31.0, ""min_top_book_lots"": 1.0, ""premium_elasticity_min"": 0.0, ""regime_confidence_min"": 60.0, ""spread_pct_max"": 0.3165113416564213, ""trade_quality_min"": 40.76388888889038}",52.20431080295093,CE,DataHealth invalid; Contract invalid: Quote stale or spread hard rejected.; SideDirection hard reject: 8.2 < 65.0; PremiumElasticity hard reject: 0.00 < 1.00; TradeQuality below configured minimum; ConvexityEdge below excellent gate: 52.3 < 80.0,DataHealth invalid; Contract invalid: Quote stale or spread hard rejected.; SideDirection hard reject: 8.2 < 65.0; PremiumElasticity hard reject: 0.00 < 1.00; TradeQuality below configured minimum; ConvexityEdge below excellent gate: 52.3 < 80.0,,0.0,UNVALIDATED_COST_MODEL,UNAVAILABLE,paper-strategy-e935c30a69b1,opportunity-score-e935c30a69b1,PAPER_OVERRIDE::FYERS_PAPER_PROXY_RESEARCH,SKIPPED_FORWARD_PROXY,239.2,239.75,97.02499999999998,0.0,True,False,3.880999999999999,OBSERVED,,FYERS_PAPER_PROXY_RESEARCH
202608251036_2_BANKNIFTY_CE,15,2026-08-25T10:51:50.417950+05:30,BANKNIFTY,BANKNIFTY,NSE_INDEX,2e840ccd58d1,"{""contract_quality_min"": 0.0, ""direction_min"": 8.18370108578744, ""excellent_score_min"": 52.20431080295093, ""execution_quality_min"": 100.0, ""expected_required_ratio_min"": 2.069607900033125, ""final_confidence_min"": 84.95672182953523, ""iv_crush_max"": 29.5, ""market_hostility_max"": 22.71555506037322, ""min_5depth_lots_each_side"": 11.0, ""min_top_book_lots"": 1.0, ""premium_elasticity_min"": 0.0, ""regime_confidence_min"": 60.0, ""spread_pct_max"": 0.31067033098339375, ""trade_quality_min"": 40.76388888889038}",52.20431080295093,CE,DataHealth invalid; Contract invalid: Quote stale or spread hard rejected.; SideDirection hard reject: 8.2 < 65.0; PremiumElasticity hard reject: 0.00 < 1.00; TradeQuality below configured minimum; ConvexityEdge below excellent gate: 52.3 < 80.0,DataHealth invalid; Contract invalid: Quote stale or spread hard rejected.; SideDirection hard reject: 8.2 < 65.0; PremiumElasticity hard reject: 0.00 < 1.00; TradeQuality below configured minimum; ConvexityEdge below excellent gate: 52.3 < 80.0,,0.0,UNVALIDATED_COST_MODEL,UNAVAILABLE,paper-strategy-e935c30a69b1,opportunity-score-e935c30a69b1,PAPER_OVERRIDE::FYERS_PAPER_PROXY_RESEARCH,SKIPPED_FORWARD_PROXY,320.15,321.3,110.92499999999995,0.0,True,False,4.4369999999999985,OBSERVED,,FYERS_PAPER_PROXY_RESEARCH
202608251036_3_BANKNIFTY_PE,15,2026-08-25T10:51:50.417950+05:30,BANKNIFTY,BANKNIFTY,NSE_INDEX,2e840ccd58d1,"{""contract_quality_min"": 0.0, ""direction_min"": 0.0, ""excellent_score_min"": 50.73124460750919, ""execution_quality_min"": 100.0, ""expected_required_ratio_min"": 2.069607900033125, ""final_confidence_min"": 82.501611503799, ""iv_crush_max"": 29.5, ""market_hostility_max"": 22.71555506037322, ""min_5depth_lots_each_side"": 65.0, ""min_top_book_lots"": 1.0, ""premium_elasticity_min"": 0.0, ""regime_confidence_min"": 60.0, ""spread_pct_max"": 0.3742981908920738, ""trade_quality_min"": 40.76388888889038}",50.73124460750919,PE,DataHealth invalid; Contract invalid: Quote stale or spread hard rejected.; SideDirection hard reject: -8.2 < 65.0; PremiumElasticity hard reject: 0.00 < 1.00; TradeQuality below configured minimum; ConvexityEdge below excellent gate: 52.3 < 80.0,DataHealth invalid; Contract invalid: Quote stale or spread hard rejected.; SideDirection hard reject: -8.2 < 65.0; PremiumElasticity hard reject: 0.00 < 1.00; TradeQuality below configured minimum; ConvexityEdge below excellent gate: 52.3 < 80.0,,0.0,UNVALIDATED_COST_MODEL,UNAVAILABLE,paper-strategy-e935c30a69b1,opportunity-score-e935c30a69b1,PAPER_OVERRIDE::FYERS_PAPER_PROXY_RESEARCH,SKIPPED_FORWARD_PROXY,44.95,45.1,0.0,-35.2,False,True,-2.195882719900187,OBSERVED,,FYERS_PAPER_PROXY_RESEARCH
202608251036_4_BANKNIFTY_PE,15,2026-08-25T10:51:50.417950+05:30,BANKNIFTY,BANKNIFTY,NSE_INDEX,2e840ccd58d1,"{""contract_quality_min"": 0.0, ""direction_min"": 0.0, ""excellent_score_min"": 50.73124460750919, ""execution_quality_min"": 100.0, ""expected_required_ratio_min"": 2.069607900033125, ""final_confidence_min"": 82.501611503799, ""iv_crush_max"": 29.5, ""market_hostility_max"": 22.71555506037322, ""min_5depth_lots_each_side"": 30.0, ""min_top_book_lots"": 3.0, ""premium_elasticity_min"": 0.0, ""regime_confidence_min"": 60.0, ""spread_pct_max"": 0.2720031086069511, ""trade_quality_min"": 40.76388888889038}",50.73124460750919,PE,DataHealth invalid; Contract invalid: Quote stale or spread hard rejected.; SideDirection hard reject: -8.2 < 65.0; PremiumElasticity hard reject: 0.00 < 1.00; TradeQuality below configured minimum; ConvexityEdge below excellent gate: 52.3 < 80.0,DataHealth invalid; Contract invalid: Quote stale or spread hard rejected.; SideDirection hard reject: -8.2 < 65.0; PremiumElasticity hard reject: 0.00 < 1.00; TradeQuality below configured minimum; ConvexityEdge below excellent gate: 52.3 < 80.0,,0.0,UNVALIDATED_COST_MODEL,UNAVAILABLE,paper-strategy-e935c30a69b1,opportunity-score-e935c30a69b1,PAPER_OVERRIDE::FYERS_PAPER_PROXY_RESEARCH,SKIPPED_FORWARD_PROXY,73.8,74.05,0.0,-54.875000000000014,False,True,-2.1950000000000007,OBSERVED,,FYERS_PAPER_PROXY_RESEARCH
202608251036_5_FINNIFTY_CE,15,2026-08-25T10:51:50.417950+05:30,FINNIFTY,FINNIFTY,NSE_INDEX,e172b0fef65b,"{""contract_quality_min"": 0.0, ""direction_min"": 2.9587613061479243, ""excellent_score_min"": 43.47275866512276, ""execution_quality_min"": 100.0, ""expected_required_ratio_min"": 1.7565536017116419, ""final_confidence_min"": 75.77507970460827, ""iv_crush_max"": 29.5, ""market_hostility_max"": 22.841139033994658, ""min_5depth_lots_each_side"": 17.0, ""min_top_book_lots"": 1.0, ""premium_elasticity_min"": 0.0, ""regime_confidence_min"": 60.0, ""spread_pct_max"": 0.5458089668615895, ""trade_quality_min"": 12.770885028953623}",43.47275866512276,CE,DataHealth invalid; Contract invalid: Quote stale or spread hard rejected.; SideDirection hard reject: 3.0 < 65.0; PremiumElasticity hard reject: 0.00 < 1.00; TradeQuality below configured minimum; ConvexityEdge below excellent gate: 52.3 < 80.0,DataHealth invalid; Contract invalid: Quote stale or spread hard rejected.; SideDirection hard reject: 3.0 < 65.0; PremiumElasticity hard reject: 0.00 < 1.00; TradeQuality below configured minimum; ConvexityEdge below excellent gate: 52.3 < 80.0,,0.0,UNVALIDATED_COST_MODEL,UNAVAILABLE,paper-strategy-e935c30a69b1,opportunity-score-e935c30a69b1,PAPER_OVERRIDE::FYERS_PAPER_PROXY_RESEARCH,SKIPPED_FORWARD_PROXY,97.75,98.6,33.625,0.0,True,False,2.621832358674464,OBSERVED,,FYERS_PAPER_PROXY_RESEARCH
202608251045_1_FINNIFTY_CE,5,2026-08-25T10:51:50.417950+05:30,FINNIFTY,FINNIFTY,NSE_INDEX,e172b0fef65b,"{""contract_quality_min"": 0.0, ""direction_min"": 4.520310752210356, ""excellent_score_min"": 50.126241793968525, ""execution_quality_min"": 98.19548872180485, ""expected_required_ratio_min"": 1.6655359091086666, ""final_confidence_min"": 82.98720691817506, ""iv_crush_max"": 29.5, ""market_hostility_max"": 22.225929626950098, ""min_5depth_lots_each_side"": 9.0, ""min_top_book_lots"": 2.0, ""premium_elasticity_min"": 0.0, ""regime_confidence_min"": 60.0, ""spread_pct_max"": 0.8421052631578867, ""trade_quality_min"": 36.030534351145036}",50.126241793968525,CE,DataHealth invalid; Contract invalid: Quote stale or spread hard rejected.; SideDirection hard reject: 4.5 < 65.0; PremiumElasticity hard reject: 0.00 < 1.00; TradeQuality below configured minimum; ConvexityEdge below excellent gate: 52.3 < 80.0,DataHealth invalid; Contract invalid: Quote stale or spread hard rejected.; SideDirection hard reject: 4.5 < 65.0; PremiumElasticity hard reject: 0.00 < 1.00; TradeQuality below configured minimum; ConvexityEdge below excellent gate: 52.3 < 80.0,,0.0,UNVALIDATED_COST_MODEL,UNAVAILABLE,paper-strategy-e935c30a69b1,opportunity-score-e935c30a69b1,PAPER_OVERRIDE::FYERS_PAPER_PROXY_RESEARCH,SKIPPED_FORWARD_PROXY,97.75,98.6,26.5,0.0,False,False,1.8596491228070176,OBSERVED,,FYERS_PAPER_PROXY_RESEARCH
202608251045_2_FINNIFTY_PE,5,2026-08-25T10:51:50.417950+05:30,FINNIFTY,FINNIFTY,NSE_INDEX,e172b0fef65b,"{""contract_quality_min"": 0.0, ""direction_min"": 0.0, ""excellent_score_min"": 48.591150368003674, ""execution_quality_min"": 93.38591878469163, ""expected_required_ratio_min"": 1.6655359091086666, ""final_confidence_min"": 81.63111369251196, ""iv_crush_max"": 29.5, ""market_hostility_max"": 22.225929626950098, ""min_5depth_lots_each_side"": 11.0, ""min_top_book_lots"": 1.0, ""premium_elasticity_min"": 0.0, ""regime_confidence_min"": 60.0, ""spread_pct_max"": 0.9543285616905287, ""trade_quality_min"": 36.030534351145036}",48.591150368003674,PE,DataHealth invalid; Contract invalid: Quote stale or spread hard rejected.; SideDirection hard reject: -4.5 < 65.0; PremiumElasticity hard reject: 0.00 < 1.00; TradeQuality below configured minimum; ConvexityEdge below excellent gate: 52.3 < 80.0,DataHealth invalid; Contract invalid: Quote stale or spread hard rejected.; SideDirection hard reject: -4.5 < 65.0; PremiumElasticity hard reject: 0.00 < 1.00; TradeQuality below configured minimum; ConvexityEdge below excellent gate: 52.3 < 80.0,,0.0,UNVALIDATED_COST_MODEL,UNAVAILABLE,paper-strategy-e935c30a69b1,opportunity-score-e935c30a69b1,PAPER_OVERRIDE::FYERS_PAPER_PROXY_RESEARCH,SKIPPED_FORWARD_PROXY,25.75,26.0,0.0,-10.924999999999997,False,True,-1.4894342194955688,OBSERVED,,FYERS_PAPER_PROXY_RESEARCH
202608251045_3_FINNIFTY_PE,5,2026-08-25T10:51:50.417950+05:30,FINNIFTY,FINNIFTY,NSE_INDEX,e172b0fef65b,"{""contract_quality_min"": 0.0, ""direction_min"": 0.0, ""excellent_score_min"": 47.6028776812873, ""execution_quality_min"": 87.52592770217623, ""expected_required_ratio_min"": 1.6655359091086666, ""final_confidence_min"": 80.53837344912131, ""iv_crush_max"": 29.5, ""market_hostility_max"": 22.225929626950098, ""min_5depth_lots_each_side"": 8.0, ""min_top_book_lots"": 1.0, ""premium_elasticity_min"": 0.0, ""regime_confidence_min"": 60.0, ""spread_pct_max"": 1.0910616869492213, ""trade_quality_min"": 36.030534351145036}",47.6028776812873,PE,DataHealth invalid; Contract invalid: Quote stale or spread hard rejected.; SideDirection hard reject: -4.5 < 65.0; PremiumElasticity hard reject: 0.00 < 1.00; TradeQuality below configured minimum; ConvexityEdge below excellent gate: 52.3 < 80.0,DataHealth invalid; Contract invalid: Quote stale or spread hard rejected.; SideDirection hard reject: -4.5 < 65.0; PremiumElasticity hard reject: 0.00 < 1.00; TradeQuality below configured minimum; ConvexityEdge below excellent gate: 52.3 < 80.0,,0.0,UNVALIDATED_COST_MODEL,UNAVAILABLE,paper-strategy-e935c30a69b1,opportunity-score-e935c30a69b1,PAPER_OVERRIDE::FYERS_PAPER_PROXY_RESEARCH,SKIPPED_FORWARD_PROXY,43.1,43.55,0.0,-16.475,False,True,-1.3827108686529586,OBSERVED,,FYERS_PAPER_PROXY_RESEARCH
202608251045_4_MIDCPNIFTY_CE,5,2026-08-25T10:51:50.417950+05:30,MIDCPNIFTY,MIDCPNIFTY,NSE_INDEX,712afad509f5,"{""contract_quality_min"": 0.0, ""direction_min"": 0.0, ""excellent_score_min"": 46.168774540916374, ""execution_quality_min"": 100.0, ""expected_required_ratio_min"": 1.5496827821188814, ""final_confidence_min"": 74.40703257827974, ""iv_crush_max"": 29.5, ""market_hostility_max"": 20.36505714952142, ""min_5depth_lots_each_side"": 18.0, ""min_top_book_lots"": 2.0, ""premium_elasticity_min"": 0.0, ""regime_confidence_min"": 60.0, ""spread_pct_max"": 0.6197432492253235, ""trade_quality_min"": 10.201342281875}",46.168774540916374,CE,DataHealth invalid; Contract invalid: Quote stale or spread hard rejected.; SideDirection hard reject: -1.0 < 65.0; PremiumElasticity hard reject: 0.00 < 1.00; Expected/Required hard reject: 1.55 < 1.60; TradeQuality below configured minimum; ConvexityEdge below excellent gate: 71.3 < 80.0,DataHealth invalid; Contract invalid: Quote stale or spread hard rejected.; SideDirection hard reject: -1.0 < 65.0; PremiumElasticity hard reject: 0.00 < 1.00; Expected/Required hard reject: 1.55 < 1.60; TradeQuality below configured minimum; ConvexityEdge below excellent gate: 71.3 < 80.0,,0.0,UNVALIDATED_COST_MODEL,UNAVAILABLE,paper-strategy-e935c30a69b1,opportunity-score-e935c30a69b1,PAPER_OVERRIDE::FYERS_PAPER_PROXY_RESEARCH,SKIPPED_FORWARD_PROXY,63.1,63.45,6.625000000000007,0.0,False,False,0.5865427180168222,OBSERVED,,FYERS_PAPER_PROXY_RESEARCH
202608251045_5_BANKNIFTY_CE,5,2026-08-25T10:51:50.417950+05:30,BANKNIFTY,BANKNIFTY,NSE_INDEX,2e840ccd58d1,"{""contract_quality_min"": 0.0, ""direction_min"": 3.189237368391936, ""excellent_score_min"": 45.414499337108296, ""execution_quality_min"": 100.0, ""expected_required_ratio_min"": 2.04484593391239, ""final_confidence_min"": 77.76974493086585, ""iv_crush_max"": 29.5, ""market_hostility_max"": 22.54397413030523, ""min_5depth_lots_each_side"": 66.0, ""min_top_book_lots"": 1.0, ""premium_elasticity_min"": 0.0, ""regime_confidence_min"": 60.0, ""spread_pct_max"": 0.2976190476190448, ""trade_quality_min"": 19.304531085356896}",45.414499337108296,CE,DataHealth invalid; Contract invalid: Quote stale or spread hard rejected.; SideDirection hard reject: 3.2 < 65.0; PremiumElasticity hard reject: 0.00 < 1.00; TradeQuality below configured minimum; ConvexityEdge below excellent gate: 52.3 < 80.0,DataHealth invalid; Contract invalid: Quote stale or spread hard rejected.; SideDirection hard reject: 3.2 < 65.0; PremiumElasticity hard reject: 0.00 < 1.00; TradeQuality below configured minimum; ConvexityEdge below excellent gate: 52.3 < 80.0,,0.0,UNVALIDATED_COST_MODEL,UNAVAILABLE,paper-strategy-e935c30a69b1,opportunity-score-e935c30a69b1,PAPER_OVERRIDE::FYERS_PAPER_PROXY_RESEARCH,SKIPPED_FORWARD_PROXY,168.95,169.45,68.14999999999998,0.0,True,False,3.3804563492063475,OBSERVED,,FYERS_PAPER_PROXY_RESEARCH
202608251022_1_BANKNIFTY_PE,30,2026-08-25T10:52:30.577974+05:30,BANKNIFTY,BANKNIFTY,NSE_INDEX,2e840ccd58d1,"{""contract_quality_min"": 0.0, ""direction_min"": 8.845915941178575, ""excellent_score_min"": 58.62178158592607, ""execution_quality_min"": 100.0, ""expected_required_ratio_min"": 2.099486906057453, ""final_confidence_min"": 89.93896169458195, ""iv_crush_max"": 29.5, ""market_hostility_max"": 21.631760220818418, ""min_5depth_lots_each_side"": 15.0, ""min_top_book_lots"": 1.0, ""premium_elasticity_min"": 0.0, ""regime_confidence_min"": 60.0, ""spread_pct_max"": 0.2255517963589459, ""trade_quality_min"": 62.959752321982776}",58.62178158592607,PE,DataHealth invalid; Contract invalid: Quote stale or spread hard rejected.; SideDirection hard reject: 8.8 < 65.0; PremiumElasticity hard reject: 0.00 < 1.00; TradeQuality below configured minimum; ConvexityEdge below excellent gate: 52.3 < 80.0,DataHealth invalid; Contract invalid: Quote stale or spread hard rejected.; SideDirection hard reject: 8.8 < 65.0; PremiumElasticity hard reject: 0.00 < 1.00; TradeQuality below configured minimum; ConvexityEdge below excellent gate: 52.3 < 80.0,,0.0,UNVALIDATED_COST_MODEL,UNAVAILABLE,paper-strategy-e935c30a69b1,opportunity-score-e935c30a69b1,PAPER_OVERRIDE::FYERS_PAPER_PROXY_RESEARCH,SKIPPED_FORWARD_PROXY,78.9,79.0,0.0,-76.275,False,True,-3.051,OBSERVED,,FYERS_PAPER_PROXY_RESEARCH
202608251022_2_BANKNIFTY_CE,30,2026-08-25T10:52:30.577974+05:30,BANKNIFTY,BANKNIFTY,NSE_INDEX,2e840ccd58d1,"{""contract_quality_min"": 0.0, ""direction_min"": 0.0, ""excellent_score_min"": 57.02951671651393, ""execution_quality_min"": 100.0, ""expected_required_ratio_min"": 2.099486906057453, ""final_confidence_min"": 87.28518691222838, ""iv_crush_max"": 29.5, ""market_hostility_max"": 21.631760220818418, ""min_5depth_lots_each_side"": 16.0, ""min_top_book_lots"": 2.0, ""premium_elasticity_min"": 0.0, ""regime_confidence_min"": 60.0, ""spread_pct_max"": 0.23668639053255336, ""trade_quality_min"": 62.959752321982776}",57.02951671651393,CE,DataHealth invalid; Contract invalid: Quote stale or spread hard rejected.; SideDirection hard reject: -8.8 < 65.0; PremiumElasticity hard reject: 0.00 < 1.00; TradeQuality below configured minimum; ConvexityEdge below excellent gate: 52.3 < 80.0,DataHealth invalid; Contract invalid: Quote stale or spread hard rejected.; SideDirection hard reject: -8.8 < 65.0; PremiumElasticity hard reject: 0.00 < 1.00; TradeQuality below configured minimum; ConvexityEdge below excellent gate: 52.3 < 80.0,,0.0,UNVALIDATED_COST_MODEL,UNAVAILABLE,paper-strategy-e935c30a69b1,opportunity-score-e935c30a69b1,PAPER_OVERRIDE::FYERS_PAPER_PROXY_RESEARCH,SKIPPED_FORWARD_PROXY,227.95,228.8,101.19999999999999,0.0,True,False,4.047999999999999,OBSERVED,,FYERS_PAPER_PROXY_RESEARCH
202608251022_3_BANKNIFTY_CE,30,2026-08-25T10:52:30.577974+05:30,BANKNIFTY,BANKNIFTY,NSE_INDEX,2e840ccd58d1,"{""contract_quality_min"": 0.0, ""direction_min"": 0.0, ""excellent_score_min"": 57.02951671651393, ""execution_quality_min"": 100.0, ""expected_required_ratio_min"": 2.099486906057453, ""final_confidence_min"": 87.28518691222838, ""iv_crush_max"": 29.5, ""market_hostility_max"": 21.631760220818418, ""min_5depth_lots_each_side"": 21.0, ""min_top_book_lots"": 1.0, ""premium_elasticity_min"": 0.0, ""regime_confidence_min"": 60.0, ""spread_pct_max"": 0.23894862604540928, ""trade_quality_min"": 62.959752321982776}",57.02951671651393,CE,DataHealth invalid; Contract invalid: Quote stale or spread hard rejected.; SideDirection hard reject: -8.8 < 65.0; PremiumElasticity hard reject: 0.00 < 1.00; TradeQuality below configured minimum; ConvexityEdge below excellent gate: 52.3 < 80.0,DataHealth invalid; Contract invalid: Quote stale or spread hard rejected.; SideDirection hard reject: -8.8 < 65.0; PremiumElasticity hard reject: 0.00 < 1.00; TradeQuality below configured minimum; ConvexityEdge below excellent gate: 52.3 < 80.0,,0.0,UNVALIDATED_COST_MODEL,UNAVAILABLE,paper-strategy-e935c30a69b1,opportunity-score-e935c30a69b1,PAPER_OVERRIDE::FYERS_PAPER_PROXY_RESEARCH,SKIPPED_FORWARD_PROXY,307.95,308.95,119.625,0.0,True,False,4.785,OBSERVED,,FYERS_PAPER_PROXY_RESEARCH
202608251022_4_BANKNIFTY_CE,30,2026-08-25T10:52:30.577974+05:30,BANKNIFTY,BANKNIFTY,NSE_INDEX,2e840ccd58d1,"{""contract_quality_min"": 0.0, ""direction_min"": 0.0, ""excellent_score_min"": 54.22951671651393, ""execution_quality_min"": 100.0, ""expected_required_ratio_min"": 2.099486906057453, ""final_confidence_min"": 87.28518691222838, ""iv_crush_max"": 29.5, ""market_hostility_max"": 21.631760220818418, ""min_5depth_lots_each_side"": 58.0, ""min_top_book_lots"": 2.0, ""premium_elasticity_min"": 0.0, ""regime_confidence_min"": 60.0, ""spread_pct_max"": 0.3112356053532524, ""trade_quality_min"": 62.959752321982776}",54.22951671651393,CE,DataHealth invalid; Contract invalid: Quote stale or spread hard rejected.; SideDirection hard reject: -8.8 < 65.0; PremiumElasticity hard reject: 0.00 < 1.00; TradeQuality below configured minimum; ConvexityEdge below excellent gate: 38.3 < 80.0,DataHealth invalid; Contract invalid: Quote stale or spread hard rejected.; SideDirection hard reject: -8.8 < 65.0; PremiumElasticity hard reject: 0.00 < 1.00; TradeQuality below configured minimum; ConvexityEdge below excellent gate: 38.3 < 80.0,,0.0,UNVALIDATED_COST_MODEL,UNAVAILABLE,paper-strategy-e935c30a69b1,opportunity-score-e935c30a69b1,PAPER_OVERRIDE::FYERS_PAPER_PROXY_RESEARCH,SKIPPED_FORWARD_PROXY,158.6,158.9,78.27499999999999,0.0,True,False,4.872393401805166,OBSERVED,,FYERS_PAPER_PROXY_RESEARCH
202608251022_5_FINNIFTY_PE,30,2026-08-25T10:52:30.577974+05:30,FINNIFTY,FINNIFTY,NSE_INDEX,e172b0fef65b,"{""contract_quality_min"": 0.0, ""direction_min"": 3.675921565023606, ""excellent_score_min"": 50.98147143520708, ""execution_quality_min"": 100.0, ""expected_required_ratio_min"": 1.7441305693135214, ""final_confidence_min"": 83.4799596633263, ""iv_crush_max"": 29.5, ""market_hostility_max"": 21.642889158758884, ""min_5depth_lots_each_side"": 12.0, ""min_top_book_lots"": 3.0, ""premium_elasticity_min"": 0.0, ""regime_confidence_min"": 60.0, ""spread_pct_max"": 0.7380073800738007, ""trade_quality_min"": 38.0952380952425}",50.98147143520708,PE,DataHealth invalid; Contract invalid: Quote stale or spread hard rejected.; SideDirection hard reject: 3.7 < 65.0; PremiumElasticity hard reject: 0.00 < 1.00; TradeQuality below configured minimum; ConvexityEdge below excellent gate: 52.3 < 80.0,DataHealth invalid; Contract invalid: Quote stale or spread hard rejected.; SideDirection hard reject: 3.7 < 65.0; PremiumElasticity hard reject: 0.00 < 1.00; TradeQuality below configured minimum; ConvexityEdge below excellent gate: 52.3 < 80.0,,0.0,UNVALIDATED_COST_MODEL,UNAVAILABLE,paper-strategy-e935c30a69b1,opportunity-score-e935c30a69b1,PAPER_OVERRIDE::FYERS_PAPER_PROXY_RESEARCH,SKIPPED_FORWARD_PROXY,44.5,44.9,0.0,-23.25,False,True,-1.7158671586715866,OBSERVED,,FYERS_PAPER_PROXY_RESEARCH
202608251037_1_BANKNIFTY_CE,15,2026-08-25T10:52:30.577974+05:30,BANKNIFTY,BANKNIFTY,NSE_INDEX,2e840ccd58d1,"{""contract_quality_min"": 0.0, ""direction_min"": 8.148889766050127, ""excellent_score_min"": 52.131892857546006, ""execution_quality_min"": 100.0, ""expected_required_ratio_min"": 2.080428870055533, ""final_confidence_min"": 84.8730480599685, ""iv_crush_max"": 29.5, ""market_hostility_max"": 22.689363636970008, ""min_5depth_lots_each_side"": 31.0, ""min_top_book_lots"": 3.0, ""premium_elasticity_min"": 0.0, ""regime_confidence_min"": 60.0, ""spread_pct_max"": 0.2571166207530011, ""trade_quality_min"": 40.50238198353656}",52.131892857546006,CE,DataHealth invalid; Contract invalid: Quote stale or spread hard rejected.; SideDirection hard reject: 8.1 < 65.0; PremiumElasticity hard reject: 0.00 < 1.00; TradeQuality below configured minimum; ConvexityEdge below excellent gate: 52.3 < 80.0,DataHealth invalid; Contract invalid: Quote stale or spread hard rejected.; SideDirection hard reject: 8.1 < 65.0; PremiumElasticity hard reject: 0.00 < 1.00; TradeQuality below configured minimum; ConvexityEdge below excellent gate: 52.3 < 80.0,,0.0,UNVALIDATED_COST_MODEL,UNAVAILABLE,paper-strategy-e935c30a69b1,opportunity-score-e935c30a69b1,PAPER_OVERRIDE::FYERS_PAPER_PROXY_RESEARCH,SKIPPED_FORWARD_PROXY,227.95,228.8,91.82499999999999,0.0,True,False,3.6729999999999996,OBSERVED,,FYERS_PAPER_PROXY_RESEARCH
202608251037_2_BANKNIFTY_CE,15,2026-08-25T10:52:30.577974+05:30,BANKNIFTY,BANKNIFTY,NSE_INDEX,2e840ccd58d1,"{""contract_quality_min"": 0.0, ""direction_min"": 8.148889766050127, ""excellent_score_min"": 52.131892857546006, ""execution_quality_min"": 100.0, ""expected_required_ratio_min"": 2.080428870055533, ""final_confidence_min"": 84.8730480599685, ""iv_crush_max"": 29.5, ""market_hostility_max"": 22.689363636970008, ""min_5depth_lots_each_side"": 19.0, ""min_top_book_lots"": 1.0, ""premium_elasticity_min"": 0.0, ""regime_confidence_min"": 60.0, ""spread_pct_max"": 0.17397787995525998, ""trade_quality_min"": 40.50238198353656}",52.131892857546006,CE,DataHealth invalid; Contract invalid: Quote stale or spread hard rejected.; SideDirection hard reject: 8.1 < 65.0; PremiumElasticity hard reject: 0.00 < 1.00; TradeQuality below configured minimum; ConvexityEdge below excellent gate: 52.3 < 80.0,DataHealth invalid; Contract invalid: Quote stale or spread hard rejected.; SideDirection hard reject: 8.1 < 65.0; PremiumElasticity hard reject: 0.00 < 1.00; TradeQuality below configured minimum; ConvexityEdge below excellent gate: 52.3 < 80.0,,0.0,UNVALIDATED_COST_MODEL,UNAVAILABLE,paper-strategy-e935c30a69b1,opportunity-score-e935c30a69b1,PAPER_OVERRIDE::FYERS_PAPER_PROXY_RESEARCH,SKIPPED_FORWARD_PROXY,307.95,308.95,106.77499999999998,0.0,True,False,4.270999999999999,OBSERVED,,FYERS_PAPER_PROXY_RESEARCH
202608251037_3_BANKNIFTY_PE,15,2026-08-25T10:52:30.577974+05:30,BANKNIFTY,BANKNIFTY,NSE_INDEX,2e840ccd58d1,"{""contract_quality_min"": 0.0, ""direction_min"": 0.0, ""excellent_score_min"": 50.66509269965699, ""execution_quality_min"": 100.0, ""expected_required_ratio_min"": 2.080428870055533, ""final_confidence_min"": 82.42838113015345, ""iv_crush_max"": 29.5, ""market_hostility_max"": 22.689363636970008, ""min_5depth_lots_each_side"": 41.0, ""min_top_book_lots"": 2.0, ""premium_elasticity_min"": 0.0, ""regime_confidence_min"": 60.0, ""spread_pct_max"": 0.358422939068097, ""trade_quality_min"": 40.50238198353656}",50.66509269965699,PE,DataHealth invalid; Contract invalid: Quote stale or spread hard rejected.; SideDirection hard reject: -8.1 < 65.0; PremiumElasticity hard reject: 0.00 < 1.00; TradeQuality below configured minimum; ConvexityEdge below excellent gate: 52.3 < 80.0,DataHealth invalid; Contract invalid: Quote stale or spread hard rejected.; SideDirection hard reject: -8.1 < 65.0; PremiumElasticity hard reject: 0.00 < 1.00; TradeQuality below configured minimum; ConvexityEdge below excellent gate: 52.3 < 80.0,,0.0,UNVALIDATED_COST_MODEL,UNAVAILABLE,paper-strategy-e935c30a69b1,opportunity-score-e935c30a69b1,PAPER_OVERRIDE::FYERS_PAPER_PROXY_RESEARCH,SKIPPED_FORWARD_PROXY,47.8,47.85,0.0,-35.89999999999999,False,True,-2.1445639187574668,OBSERVED,,FYERS_PAPER_PROXY_RESEARCH
202608251037_4_FINNIFTY_CE,15,2026-08-25T10:52:30.577974+05:30,FINNIFTY,FINNIFTY,NSE_INDEX,e172b0fef65b,"{""contract_quality_min"": 0.0, ""direction_min"": 4.323387880332163, ""excellent_score_min"": 45.69145684184816, ""execution_quality_min"": 100.0, ""expected_required_ratio_min"": 1.7355128218249019, ""final_confidence_min"": 78.11676215030425, ""iv_crush_max"": 29.5, ""market_hostility_max"": 22.84509011510977, ""min_5depth_lots_each_side"": 15.0, ""min_top_book_lots"": 2.0, ""premium_elasticity_min"": 0.0, ""regime_confidence_min"": 60.0, ""spread_pct_max"": 0.7674597083653107, ""trade_quality_min"": 19.894179894181416}",45.69145684184816,CE,DataHealth invalid; Contract invalid: Quote stale or spread hard rejected.; SideDirection hard reject: 4.3 < 65.0; PremiumElasticity hard reject: 0.00 < 1.00; TradeQuality below configured minimum; ConvexityEdge below excellent gate: 52.3 < 80.0,DataHealth invalid; Contract invalid: Quote stale or spread hard rejected.; SideDirection hard reject: 4.3 < 65.0; PremiumElasticity hard reject: 0.00 < 1.00; TradeQuality below configured minimum; ConvexityEdge below excellent gate: 52.3 < 80.0,,0.0,UNVALIDATED_COST_MODEL,UNAVAILABLE,paper-strategy-e935c30a69b1,opportunity-score-e935c30a69b1,PAPER_OVERRIDE::FYERS_PAPER_PROXY_RESEARCH,SKIPPED_FORWARD_PROXY,92.4,93.3,27.25,0.0,True,False,2.091327705295472,OBSERVED,,FYERS_PAPER_PROXY_RESEARCH
202608251037_5_MIDCPNIFTY_PE,15,2026-08-25T10:52:30.577974+05:30,MIDCPNIFTY,MIDCPNIFTY,NSE_INDEX,712afad509f5,"{""contract_quality_min"": 0.0, ""direction_min"": 1.802680478248636, ""excellent_score_min"": 43.96196447231106, ""execution_quality_min"": 100.0, ""expected_required_ratio_min"": 1.6380254801633343, ""final_confidence_min"": 76.37785192847161, ""iv_crush_max"": 29.5, ""market_hostility_max"": 21.019057358207952, ""min_5depth_lots_each_side"": 26.0, ""min_top_book_lots"": 3.0, ""premium_elasticity_min"": 0.0, ""regime_confidence_min"": 60.0, ""spread_pct_max"": 0.6622516556291486, ""trade_quality_min"": 15.358166189114378}",43.96196447231106,PE,DataHealth invalid; Contract invalid: Quote stale or spread hard rejected.; SideDirection hard reject: 1.8 < 65.0; PremiumElasticity hard reject: 0.00 < 1.00; TradeQuality below configured minimum; ConvexityEdge below excellent gate: 52.3 < 80.0,DataHealth invalid; Contract invalid: Quote stale or spread hard rejected.; SideDirection hard reject: 1.8 < 65.0; PremiumElasticity hard reject: 0.00 < 1.00; TradeQuality below configured minimum; ConvexityEdge below excellent gate: 52.3 < 80.0,,0.0,UNVALIDATED_COST_MODEL,UNAVAILABLE,paper-strategy-e935c30a69b1,opportunity-score-e935c30a69b1,PAPER_OVERRIDE::FYERS_PAPER_PROXY_RESEARCH,SKIPPED_FORWARD_PROXY,39.15,39.4,0.0,-6.149999999999999,False,False,-0.6788079470198674,OBSERVED,,FYERS_PAPER_PROXY_RESEARCH
202608251047_1_FINNIFTY_CE,5,2026-08-25T10:52:30.577974+05:30,FINNIFTY,FINNIFTY,NSE_INDEX,e172b0fef65b,"{""contract_quality_min"": 0.0, ""direction_min"": 4.21385707746027, ""excellent_score_min"": 49.868958453868444, ""execution_quality_min"": 94.99298344092041, ""expected_required_ratio_min"": 1.608965522912971, ""final_confidence_min"": 83.00522518435432, ""iv_crush_max"": 29.5, ""market_hostility_max"": 21.370182645080675, ""min_5depth_lots_each_side"": 7.0, ""min_top_book_lots"": 2.0, ""premium_elasticity_min"": 0.0, ""regime_confidence_min"": 60.0, ""spread_pct_max"": 0.9168303863785237, ""trade_quality_min"": 36.24382207578428}",49.868958453868444,CE,DataHealth invalid; Contract invalid: Quote stale or spread hard rejected.; SideDirection hard reject: 4.2 < 65.0; PremiumElasticity hard reject: 0.00 < 1.00; TradeQuality below configured minimum; ConvexityEdge below excellent gate: 52.3 < 80.0,DataHealth invalid; Contract invalid: Quote stale or spread hard rejected.; SideDirection hard reject: 4.2 < 65.0; PremiumElasticity hard reject: 0.00 < 1.00; TradeQuality below configured minimum; ConvexityEdge below excellent gate: 52.3 < 80.0,,0.0,UNVALIDATED_COST_MODEL,UNAVAILABLE,paper-strategy-e935c30a69b1,opportunity-score-e935c30a69b1,PAPER_OVERRIDE::FYERS_PAPER_PROXY_RESEARCH,SKIPPED_FORWARD_PROXY,92.4,93.3,16.05000000000001,0.0,False,False,1.0510805500982325,OBSERVED,,FYERS_PAPER_PROXY_RESEARCH
202608251047_2_FINNIFTY_PE,5,2026-08-25T10:52:30.577974+05:30,FINNIFTY,FINNIFTY,NSE_INDEX,e172b0fef65b,"{""contract_quality_min"": 0.0, ""direction_min"": 0.0, ""excellent_score_min"": 49.11740363396021, ""execution_quality_min"": 95.03924646781789, ""expected_required_ratio_min"": 1.608965522912971, ""final_confidence_min"": 81.74106806111624, ""iv_crush_max"": 29.5, ""market_hostility_max"": 21.370182645080675, ""min_5depth_lots_each_side"": 6.0, ""min_top_book_lots"": 1.0, ""premium_elasticity_min"": 0.0, ""regime_confidence_min"": 60.0, ""spread_pct_max"": 0.9157509157509158, ""trade_quality_min"": 36.24382207578428}",49.11740363396021,PE,DataHealth invalid; Contract invalid: Quote stale or spread hard rejected.; SideDirection hard reject: -4.2 < 65.0; PremiumElasticity hard reject: 0.00 < 1.00; TradeQuality below configured minimum; ConvexityEdge below excellent gate: 52.3 < 80.0,DataHealth invalid; Contract invalid: Quote stale or spread hard rejected.; SideDirection hard reject: -4.2 < 65.0; PremiumElasticity hard reject: 0.00 < 1.00; TradeQuality below configured minimum; ConvexityEdge below excellent gate: 52.3 < 80.0,,0.0,UNVALIDATED_COST_MODEL,UNAVAILABLE,paper-strategy-e935c30a69b1,opportunity-score-e935c30a69b1,PAPER_OVERRIDE::FYERS_PAPER_PROXY_RESEARCH,SKIPPED_FORWARD_PROXY,44.5,44.9,0.0,-10.100000000000001,False,False,-0.9249084249084248,OBSERVED,,FYERS_PAPER_PROXY_RESEARCH
202608251047_3_BANKNIFTY_CE,5,2026-08-25T10:52:30.577974+05:30,BANKNIFTY,BANKNIFTY,NSE_INDEX,2e840ccd58d1,"{""contract_quality_min"": 0.0, ""direction_min"": 4.109525828631031, ""excellent_score_min"": 48.22559895987177, ""execution_quality_min"": 100.0, ""expected_required_ratio_min"": 2.009670050369944, ""final_confidence_min"": 80.57521023630211, ""iv_crush_max"": 29.5, ""market_hostility_max"": 21.8653416255706, ""min_5depth_lots_each_side"": 24.0, ""min_top_book_lots"": 1.0, ""premium_elasticity_min"": 0.0, ""regime_confidence_min"": 60.0, ""spread_pct_max"": 0.23894862604540024, ""trade_quality_min"": 28.195937873358208}",48.22559895987177,CE,DataHealth invalid; Contract invalid: Quote stale or spread hard rejected.; SideDirection hard reject: 4.1 < 65.0; PremiumElasticity hard reject: 0.00 < 1.00; TradeQuality below configured minimum; ConvexityEdge below excellent gate: 52.3 < 80.0,DataHealth invalid; Contract invalid: Quote stale or spread hard rejected.; SideDirection hard reject: 4.1 < 65.0; PremiumElasticity hard reject: 0.00 < 1.00; TradeQuality below configured minimum; ConvexityEdge below excellent gate: 52.3 < 80.0,,0.0,UNVALIDATED_COST_MODEL,UNAVAILABLE,paper-strategy-e935c30a69b1,opportunity-score-e935c30a69b1,PAPER_OVERRIDE::FYERS_PAPER_PROXY_RESEARCH,SKIPPED_FORWARD_PROXY,158.6,158.9,53.974999999999994,0.0,True,False,2.579450418160095,OBSERVED,,FYERS_PAPER_PROXY_RESEARCH
202608251047_4_BANKNIFTY_CE,5,2026-08-25T10:52:30.577974+05:30,BANKNIFTY,BANKNIFTY,NSE_INDEX,2e840ccd58d1,"{""contract_quality_min"": 0.0, ""direction_min"": 4.109525828631031, ""excellent_score_min"": 48.22559895987177, ""execution_quality_min"": 100.0, ""expected_required_ratio_min"": 2.009670050369944, ""final_confidence_min"": 80.57521023630211, ""iv_crush_max"": 29.5, ""market_hostility_max"": 21.8653416255706, ""min_5depth_lots_each_side"": 31.0, ""min_top_book_lots"": 1.0, ""premium_elasticity_min"": 0.0, ""regime_confidence_min"": 60.0, ""spread_pct_max"": 0.3734827264238994, ""trade_quality_min"": 28.195937873358208}",48.22559895987177,CE,DataHealth invalid; Contract invalid: Quote stale or spread hard rejected.; SideDirection hard reject: 4.1 < 65.0; PremiumElasticity hard reject: 0.00 < 1.00; TradeQuality below configured minimum; ConvexityEdge below excellent gate: 52.3 < 80.0,DataHealth invalid; Contract invalid: Quote stale or spread hard rejected.; SideDirection hard reject: 4.1 < 65.0; PremiumElasticity hard reject: 0.00 < 1.00; TradeQuality below configured minimum; ConvexityEdge below excellent gate: 52.3 < 80.0,,0.0,UNVALIDATED_COST_MODEL,UNAVAILABLE,paper-strategy-e935c30a69b1,opportunity-score-e935c30a69b1,PAPER_OVERRIDE::FYERS_PAPER_PROXY_RESEARCH,SKIPPED_FORWARD_PROXY,227.95,228.8,67.30000000000001,0.0,True,False,2.6920000000000006,OBSERVED,,FYERS_PAPER_PROXY_RESEARCH
202608251047_5_BANKNIFTY_PE,5,2026-08-25T10:52:30.577974+05:30,BANKNIFTY,BANKNIFTY,NSE_INDEX,2e840ccd58d1,"{""contract_quality_min"": 0.0, ""direction_min"": 0.0, ""excellent_score_min"": 47.48588431071818, ""execution_quality_min"": 100.0, ""expected_required_ratio_min"": 2.009670050369944, ""final_confidence_min"": 79.3423524877128, ""iv_crush_max"": 29.5, ""market_hostility_max"": 21.8653416255706, ""min_5depth_lots_each_side"": 32.0, ""min_top_book_lots"": 2.0, ""premium_elasticity_min"": 0.0, ""regime_confidence_min"": 60.0, ""spread_pct_max"": 0.2628120893561079, ""trade_quality_min"": 28.195937873358208}",47.48588431071818,PE,DataHealth invalid; Contract invalid: Quote stale or spread hard rejected.; SideDirection hard reject: -4.1 < 65.0; PremiumElasticity hard reject: 0.00 < 1.00; TradeQuality below configured minimum; ConvexityEdge below excellent gate: 52.3 < 80.0,DataHealth invalid; Contract invalid: Quote stale or spread hard rejected.; SideDirection hard reject: -4.1 < 65.0; PremiumElasticity hard reject: 0.00 < 1.00; TradeQuality below configured minimum; ConvexityEdge below excellent gate: 52.3 < 80.0,,0.0,UNVALIDATED_COST_MODEL,UNAVAILABLE,paper-strategy-e935c30a69b1,opportunity-score-e935c30a69b1,PAPER_OVERRIDE::FYERS_PAPER_PROXY_RESEARCH,SKIPPED_FORWARD_PROXY,78.9,79.0,0.0,-35.25,False,True,-1.5440210249671484,OBSERVED,,FYERS_PAPER_PROXY_RESEARCH
202608251023_1_BANKNIFTY_PE,30,2026-08-25T10:53:47.517920+05:30,BANKNIFTY,BANKNIFTY,NSE_INDEX,2e840ccd58d1,"{""contract_quality_min"": 0.0, ""direction_min"": 11.134636897750978, ""excellent_score_min"": 62.50552602827593, ""execution_quality_min"": 100.0, ""expected_required_ratio_min"": 2.126379026264034, ""final_confidence_min"": 85.58297194743737, ""iv_crush_max"": 29.5, ""market_hostility_max"": 21.391945428606057, ""min_5depth_lots_each_side"": 37.0, ""min_top_book_lots"": 1.0, ""premium_elasticity_min"": 0.0, ""regime_confidence_min"": 60.0, ""spread_pct_max"": 0.24527839097375523, ""trade_quality_min"": 78.62407862408425}",62.50552602827593,PE,DataHealth invalid; Contract invalid: Quote stale or spread hard rejected.; SideDirection hard reject: 11.1 < 65.0; PremiumElasticity hard reject: 0.00 < 1.00; ConvexityEdge below excellent gate: 52.3 < 80.0,DataHealth invalid; Contract invalid: Quote stale or spread hard rejected.; SideDirection hard reject: 11.1 < 65.0; PremiumElasticity hard reject: 0.00 < 1.00; ConvexityEdge below excellent gate: 52.3 < 80.0,,0.0,UNVALIDATED_COST_MODEL,UNAVAILABLE,paper-strategy-e935c30a69b1,opportunity-score-e935c30a69b1,PAPER_OVERRIDE::FYERS_PAPER_PROXY_RESEARCH,SKIPPED_FORWARD_PROXY,45.6,45.7,0.0,-56.324999999999996,False,True,-2.763061074319352,OBSERVED,,FYERS_PAPER_PROXY_RESEARCH
202608251023_2_BANKNIFTY_PE,30,2026-08-25T10:53:47.517920+05:30,BANKNIFTY,BANKNIFTY,NSE_INDEX,2e840ccd58d1,"{""contract_quality_min"": 0.0, ""direction_min"": 11.134636897750978, ""excellent_score_min"": 62.50552602827593, ""execution_quality_min"": 100.0, ""expected_required_ratio_min"": 2.126379026264034, ""final_confidence_min"": 85.58297194743737, ""iv_crush_max"": 29.5, ""market_hostility_max"": 21.391945428606057, ""min_5depth_lots_each_side"": 32.0, ""min_top_book_lots"": 3.0, ""premium_elasticity_min"": 0.0, ""regime_confidence_min"": 60.0, ""spread_pct_max"": 0.19169329073483155, ""trade_quality_min"": 78.62407862408425}",62.50552602827593,PE,DataHealth invalid; Contract invalid: Quote stale or spread hard rejected.; SideDirection hard reject: 11.1 < 65.0; PremiumElasticity hard reject: 0.00 < 1.00; ConvexityEdge below excellent gate: 52.3 < 80.0,DataHealth invalid; Contract invalid: Quote stale or spread hard rejected.; SideDirection hard reject: 11.1 < 65.0; PremiumElasticity hard reject: 0.00 < 1.00; ConvexityEdge below excellent gate: 52.3 < 80.0,,0.0,UNVALIDATED_COST_MODEL,UNAVAILABLE,paper-strategy-e935c30a69b1,opportunity-score-e935c30a69b1,PAPER_OVERRIDE::FYERS_PAPER_PROXY_RESEARCH,SKIPPED_FORWARD_PROXY,74.3,74.4,0.0,-82.2,False,True,-3.2880000000000003,OBSERVED,,FYERS_PAPER_PROXY_RESEARCH
202608251023_3_BANKNIFTY_CE,30,2026-08-25T10:53:47.517920+05:30,BANKNIFTY,BANKNIFTY,NSE_INDEX,2e840ccd58d1,"{""contract_quality_min"": 0.0, ""direction_min"": 0.0, ""excellent_score_min"": 60.50129138668076, ""execution_quality_min"": 100.0, ""expected_required_ratio_min"": 2.126379026264034, ""final_confidence_min"": 82.24258087811207, ""iv_crush_max"": 29.5, ""market_hostility_max"": 21.391945428606057, ""min_5depth_lots_each_side"": 23.0, ""min_top_book_lots"": 3.0, ""premium_elasticity_min"": 0.0, ""regime_confidence_min"": 60.0, ""spread_pct_max"": 0.21798365122614566, ""trade_quality_min"": 78.62407862408425}",60.50129138668076,CE,DataHealth invalid; Contract invalid: Quote stale or spread hard rejected.; SideDirection hard reject: -11.1 < 65.0; PremiumElasticity hard reject: 0.00 < 1.00; ConvexityEdge below excellent gate: 52.3 < 80.0,DataHealth invalid; Contract invalid: Quote stale or spread hard rejected.; SideDirection hard reject: -11.1 < 65.0; PremiumElasticity hard reject: 0.00 < 1.00; ConvexityEdge below excellent gate: 52.3 < 80.0,,0.0,UNVALIDATED_COST_MODEL,UNAVAILABLE,paper-strategy-e935c30a69b1,opportunity-score-e935c30a69b1,PAPER_OVERRIDE::FYERS_PAPER_PROXY_RESEARCH,SKIPPED_FORWARD_PROXY,313.45,314.55,129.95,0.0,True,False,5.1979999999999995,OBSERVED,,FYERS_PAPER_PROXY_RESEARCH
202608251023_4_FINNIFTY_PE,30,2026-08-25T10:53:47.517920+05:30,FINNIFTY,FINNIFTY,NSE_INDEX,e172b0fef65b,"{""contract_quality_min"": 0.0, ""direction_min"": 5.176308434473435, ""excellent_score_min"": 56.96601563837104, ""execution_quality_min"": 100.0, ""expected_required_ratio_min"": 1.7486127092364279, ""final_confidence_min"": 89.68417158706418, ""iv_crush_max"": 29.5, ""market_hostility_max"": 21.017142215002792, ""min_5depth_lots_each_side"": 8.0, ""min_top_book_lots"": 1.0, ""premium_elasticity_min"": 0.0, ""regime_confidence_min"": 60.0, ""spread_pct_max"": 0.7564296520423601, ""trade_quality_min"": 58.02575107297724}",56.96601563837104,PE,DataHealth invalid; Contract invalid: Quote stale or spread hard rejected.; SideDirection hard reject: 5.2 < 65.0; PremiumElasticity hard reject: 0.00 < 1.00; TradeQuality below configured minimum; ConvexityEdge below excellent gate: 52.3 < 80.0,DataHealth invalid; Contract invalid: Quote stale or spread hard rejected.; SideDirection hard reject: 5.2 < 65.0; PremiumElasticity hard reject: 0.00 < 1.00; TradeQuality below configured minimum; ConvexityEdge below excellent gate: 52.3 < 80.0,,0.0,UNVALIDATED_COST_MODEL,UNAVAILABLE,paper-strategy-e935c30a69b1,opportunity-score-e935c30a69b1,PAPER_OVERRIDE::FYERS_PAPER_PROXY_RESEARCH,SKIPPED_FORWARD_PROXY,45.1,45.5,0.0,-20.999999999999993,False,True,-1.5885022692889557,OBSERVED,,FYERS_PAPER_PROXY_RESEARCH
202608251023_5_FINNIFTY_PE,30,2026-08-25T10:53:47.517920+05:30,FINNIFTY,FINNIFTY,NSE_INDEX,e172b0fef65b,"{""contract_quality_min"": 0.0, ""direction_min"": 5.176308434473435, ""excellent_score_min"": 56.76127919834047, ""execution_quality_min"": 98.63509039979614, ""expected_required_ratio_min"": 1.7486127092364279, ""final_confidence_min"": 89.68417158706418, ""iv_crush_max"": 29.5, ""market_hostility_max"": 21.017142215002792, ""min_5depth_lots_each_side"": 18.0, ""min_top_book_lots"": 5.0, ""premium_elasticity_min"": 0.0, ""regime_confidence_min"": 60.0, ""spread_pct_max"": 0.8318478906714234, ""trade_quality_min"": 58.02575107297724}",56.76127919834047,PE,DataHealth invalid; Contract invalid: Quote stale or spread hard rejected.; SideDirection hard reject: 5.2 < 65.0; PremiumElasticity hard reject: 0.00 < 1.00; TradeQuality below configured minimum; ConvexityEdge below excellent gate: 52.3 < 80.0,DataHealth invalid; Contract invalid: Quote stale or spread hard rejected.; SideDirection hard reject: 5.2 < 65.0; PremiumElasticity hard reject: 0.00 < 1.00; TradeQuality below configured minimum; ConvexityEdge below excellent gate: 52.3 < 80.0,,0.0,UNVALIDATED_COST_MODEL,UNAVAILABLE,paper-strategy-e935c30a69b1,opportunity-score-e935c30a69b1,PAPER_OVERRIDE::FYERS_PAPER_PROXY_RESEARCH,SKIPPED_FORWARD_PROXY,26.95,27.25,0.0,-15.125000000000004,False,True,-1.797385620915033,OBSERVED,,FYERS_PAPER_PROXY_RESEARCH
202608251038_1_BANKNIFTY_CE,15,2026-08-25T10:54:24.519073+05:30,BANKNIFTY,BANKNIFTY,NSE_INDEX,2e840ccd58d1,"{""contract_quality_min"": 0.0, ""direction_min"": 0.6478883542060221, ""excellent_score_min"": 40.597785897246695, ""execution_quality_min"": 100.0, ""expected_required_ratio_min"": 2.075194240108776, ""final_confidence_min"": 72.72730983540781, ""iv_crush_max"": 29.5, ""market_hostility_max"": 22.731601965289634, ""min_5depth_lots_each_side"": 25.0, ""min_top_book_lots"": 1.0, ""premium_elasticity_min"": 0.0, ""regime_confidence_min"": 60.0, ""spread_pct_max"": 0.258732212160414, ""trade_quality_min"": 3.7670886075896663}",40.597785897246695,CE,DataHealth invalid; Contract invalid: Quote stale or spread hard rejected.; SideDirection hard reject: 0.6 < 65.0; PremiumElasticity hard reject: 0.00 < 1.00; TradeQuality below configured minimum; ConvexityEdge below excellent gate: 52.3 < 80.0,DataHealth invalid; Contract invalid: Quote stale or spread hard rejected.; SideDirection hard reject: 0.6 < 65.0; PremiumElasticity hard reject: 0.00 < 1.00; TradeQuality below configured minimum; ConvexityEdge below excellent gate: 52.3 < 80.0,,0.0,UNVALIDATED_COST_MODEL,UNAVAILABLE,paper-strategy-e935c30a69b1,opportunity-score-e935c30a69b1,PAPER_OVERRIDE::FYERS_PAPER_PROXY_RESEARCH,SKIPPED_FORWARD_PROXY,298.35,299.65,105.10000000000002,0.0,True,False,4.204000000000001,OBSERVED,,FYERS_PAPER_PROXY_RESEARCH
202608251038_2_BANKNIFTY_PE,15,2026-08-25T10:54:24.519073+05:30,BANKNIFTY,BANKNIFTY,NSE_INDEX,2e840ccd58d1,"{""contract_quality_min"": 0.0, ""direction_min"": 0.0, ""excellent_score_min"": 40.48116599348961, ""execution_quality_min"": 100.0, ""expected_required_ratio_min"": 2.075194240108776, ""final_confidence_min"": 72.532943329146, ""iv_crush_max"": 29.5, ""market_hostility_max"": 22.731601965289634, ""min_5depth_lots_each_side"": 32.0, ""min_top_book_lots"": 2.0, ""premium_elasticity_min"": 0.0, ""regime_confidence_min"": 60.0, ""spread_pct_max"": 0.282585658777821, ""trade_quality_min"": 3.7670886075896663}",40.48116599348961,PE,DataHealth invalid; Contract invalid: Quote stale or spread hard rejected.; SideDirection hard reject: -0.6 < 65.0; PremiumElasticity hard reject: 0.00 < 1.00; TradeQuality below configured minimum; ConvexityEdge below excellent gate: 52.3 < 80.0,DataHealth invalid; Contract invalid: Quote stale or spread hard rejected.; SideDirection hard reject: -0.6 < 65.0; PremiumElasticity hard reject: 0.00 < 1.00; TradeQuality below configured minimum; ConvexityEdge below excellent gate: 52.3 < 80.0,,0.0,UNVALIDATED_COST_MODEL,UNAVAILABLE,paper-strategy-e935c30a69b1,opportunity-score-e935c30a69b1,PAPER_OVERRIDE::FYERS_PAPER_PROXY_RESEARCH,SKIPPED_FORWARD_PROXY,79.7,79.85,0.0,-61.85000000000001,False,True,-2.474,OBSERVED,,FYERS_PAPER_PROXY_RESEARCH
202608251038_3_FINNIFTY_CE,15,2026-08-25T10:54:24.519073+05:30,FINNIFTY,FINNIFTY,NSE_INDEX,e172b0fef65b,"{""contract_quality_min"": 0.0, ""direction_min"": 0.0, ""excellent_score_min"": 39.78319048931826, ""execution_quality_min"": 100.0, ""expected_required_ratio_min"": 1.7228355658590606, ""final_confidence_min"": 71.79029881492815, ""iv_crush_max"": 29.5, ""market_hostility_max"": 22.518960217702542, ""min_5depth_lots_each_side"": 10.0, ""min_top_book_lots"": 1.0, ""premium_elasticity_min"": 0.0, ""regime_confidence_min"": 60.0, ""spread_pct_max"": 0.703399765533416, ""trade_quality_min"": 1.0596026490043249}",39.78319048931826,CE,DataHealth invalid; Contract invalid: Quote stale or spread hard rejected.; SideDirection hard reject: -0.2 < 65.0; PremiumElasticity hard reject: 0.00 < 1.00; TradeQuality below configured minimum; ConvexityEdge below excellent gate: 52.3 < 80.0,DataHealth invalid; Contract invalid: Quote stale or spread hard rejected.; SideDirection hard reject: -0.2 < 65.0; PremiumElasticity hard reject: 0.00 < 1.00; TradeQuality below configured minimum; ConvexityEdge below excellent gate: 52.3 < 80.0,,0.0,UNVALIDATED_COST_MODEL,UNAVAILABLE,paper-strategy-e935c30a69b1,opportunity-score-e935c30a69b1,PAPER_OVERRIDE::FYERS_PAPER_PROXY_RESEARCH,SKIPPED_FORWARD_PROXY,87.9,88.65,23.925000000000004,0.0,False,False,1.869871043376319,OBSERVED,,FYERS_PAPER_PROXY_RESEARCH
202608251038_4_FINNIFTY_PE,15,2026-08-25T10:54:24.519073+05:30,FINNIFTY,FINNIFTY,NSE_INDEX,e172b0fef65b,"{""contract_quality_min"": 0.0, ""direction_min"": 0.1838798651543196, ""excellent_score_min"": 38.21862556180666, ""execution_quality_min"": 89.67604885820572, ""expected_required_ratio_min"": 1.7228355658590606, ""final_confidence_min"": 71.35475645477204, ""iv_crush_max"": 29.5, ""market_hostility_max"": 22.518960217702542, ""min_5depth_lots_each_side"": 6.0, ""min_top_book_lots"": 1.0, ""premium_elasticity_min"": 0.0, ""regime_confidence_min"": 60.0, ""spread_pct_max"": 1.0408921933085333, ""trade_quality_min"": 1.0596026490043249}",38.21862556180666,PE,DataHealth invalid; Contract invalid: Quote stale or spread hard rejected.; SideDirection hard reject: 0.2 < 65.0; PremiumElasticity hard reject: 0.00 < 1.00; TradeQuality below configured minimum; ConvexityEdge below excellent gate: 52.3 < 80.0,DataHealth invalid; Contract invalid: Quote stale or spread hard rejected.; SideDirection hard reject: 0.2 < 65.0; PremiumElasticity hard reject: 0.00 < 1.00; TradeQuality below configured minimum; ConvexityEdge below excellent gate: 52.3 < 80.0,,0.0,UNVALIDATED_COST_MODEL,UNAVAILABLE,paper-strategy-e935c30a69b1,opportunity-score-e935c30a69b1,PAPER_OVERRIDE::FYERS_PAPER_PROXY_RESEARCH,SKIPPED_FORWARD_PROXY,48.05,48.5,0.0,-19.200000000000003,False,True,-1.4275092936802976,OBSERVED,,FYERS_PAPER_PROXY_RESEARCH
202608251038_5_FINNIFTY_PE,15,2026-08-25T10:54:24.519073+05:30,FINNIFTY,FINNIFTY,NSE_INDEX,e172b0fef65b,"{""contract_quality_min"": 0.0, ""direction_min"": 0.1838798651543196, ""excellent_score_min"": 37.001197114059934, ""execution_quality_min"": 82.83656319670725, ""expected_required_ratio_min"": 1.7228355658590606, ""final_confidence_min"": 69.43970046955248, ""iv_crush_max"": 29.5, ""market_hostility_max"": 22.518960217702542, ""min_5depth_lots_each_side"": 15.0, ""min_top_book_lots"": 5.0, ""premium_elasticity_min"": 0.0, ""regime_confidence_min"": 60.0, ""spread_pct_max"": 1.2004801920768309, ""trade_quality_min"": 1.0596026490043249}",37.001197114059934,PE,DataHealth invalid; Contract invalid: Quote stale or spread hard rejected.; SideDirection hard reject: 0.2 < 65.0; PremiumElasticity hard reject: 0.00 < 1.00; TradeQuality below configured minimum; ConvexityEdge below excellent gate: 52.3 < 80.0; OpportunityConfidence below excellent gate: 69.4 < 70.0,DataHealth invalid; Contract invalid: Quote stale or spread hard rejected.; SideDirection hard reject: 0.2 < 65.0; PremiumElasticity hard reject: 0.00 < 1.00; TradeQuality below configured minimum; ConvexityEdge below excellent gate: 52.3 < 80.0; OpportunityConfidence below excellent gate: 69.4 < 70.0,,0.0,UNVALIDATED_COST_MODEL,UNAVAILABLE,paper-strategy-e935c30a69b1,opportunity-score-e935c30a69b1,PAPER_OVERRIDE::FYERS_PAPER_PROXY_RESEARCH,SKIPPED_FORWARD_PROXY,28.9,29.25,0.0,-12.75,False,True,-1.530612244897959,OBSERVED,,FYERS_PAPER_PROXY_RESEARCH
202608251026_1_BANKNIFTY_PE,30,2026-08-25T10:56:55.972339+05:30,BANKNIFTY,BANKNIFTY,NSE_INDEX,2e840ccd58d1,"{""contract_quality_min"": 0.0, ""direction_min"": 10.998075336816058, ""excellent_score_min"": 59.73615659580591, ""execution_quality_min"": 100.0, ""expected_required_ratio_min"": 2.0954984316348133, ""final_confidence_min"": 89.17078611611655, ""iv_crush_max"": 29.5, ""market_hostility_max"": 21.794950546665504, ""min_5depth_lots_each_side"": 44.0, ""min_top_book_lots"": 5.0, ""premium_elasticity_min"": 0.0, ""regime_confidence_min"": 60.0, ""spread_pct_max"": 0.36546368204660185, ""trade_quality_min"": 66.59641728135287}",59.73615659580591,PE,DataHealth invalid; Contract invalid: Quote stale or spread hard rejected.; SideDirection hard reject: 11.0 < 65.0; PremiumElasticity hard reject: 0.00 < 1.00; TradeQuality below configured minimum; ConvexityEdge below excellent gate: 52.3 < 80.0,DataHealth invalid; Contract invalid: Quote stale or spread hard rejected.; SideDirection hard reject: 11.0 < 65.0; PremiumElasticity hard reject: 0.00 < 1.00; TradeQuality below configured minimum; ConvexityEdge below excellent gate: 52.3 < 80.0,,0.0,UNVALIDATED_COST_MODEL,UNAVAILABLE,paper-strategy-e935c30a69b1,opportunity-score-e935c30a69b1,PAPER_OVERRIDE::FYERS_PAPER_PROXY_RESEARCH,SKIPPED_FORWARD_PROXY,52.6,52.75,0.0,-56.85,False,True,-2.5970762905436273,OBSERVED,,FYERS_PAPER_PROXY_RESEARCH
202608251026_2_BANKNIFTY_PE,30,2026-08-25T10:56:55.972339+05:30,BANKNIFTY,BANKNIFTY,NSE_INDEX,2e840ccd58d1,"{""contract_quality_min"": 0.0, ""direction_min"": 10.998075336816058, ""excellent_score_min"": 59.73615659580591, ""execution_quality_min"": 100.0, ""expected_required_ratio_min"": 2.0954984316348133, ""final_confidence_min"": 89.17078611611655, ""iv_crush_max"": 29.5, ""market_hostility_max"": 21.794950546665504, ""min_5depth_lots_each_side"": 36.0, ""min_top_book_lots"": 5.0, ""premium_elasticity_min"": 0.0, ""regime_confidence_min"": 60.0, ""spread_pct_max"": 0.27079885662706005, ""trade_quality_min"": 66.59641728135287}",59.73615659580591,PE,DataHealth invalid; Contract invalid: Quote stale or spread hard rejected.; SideDirection hard reject: 11.0 < 65.0; PremiumElasticity hard reject: 0.00 < 1.00; TradeQuality below configured minimum; ConvexityEdge below excellent gate: 52.3 < 80.0,DataHealth invalid; Contract invalid: Quote stale or spread hard rejected.; SideDirection hard reject: 11.0 < 65.0; PremiumElasticity hard reject: 0.00 < 1.00; TradeQuality below configured minimum; ConvexityEdge below excellent gate: 52.3 < 80.0,,0.0,UNVALIDATED_COST_MODEL,UNAVAILABLE,paper-strategy-e935c30a69b1,opportunity-score-e935c30a69b1,PAPER_OVERRIDE::FYERS_PAPER_PROXY_RESEARCH,SKIPPED_FORWARD_PROXY,85.65,85.9,0.0,-80.525,False,True,-3.221,OBSERVED,,FYERS_PAPER_PROXY_RESEARCH
202608251026_3_BANKNIFTY_CE,30,2026-08-25T10:56:55.972339+05:30,BANKNIFTY,BANKNIFTY,NSE_INDEX,2e840ccd58d1,"{""contract_quality_min"": 0.0, ""direction_min"": 0.0, ""excellent_score_min"": 57.75650303517901, ""execution_quality_min"": 100.0, ""expected_required_ratio_min"": 2.0954984316348133, ""final_confidence_min"": 85.87136351507172, ""iv_crush_max"": 29.5, ""market_hostility_max"": 21.794950546665504, ""min_5depth_lots_each_side"": 16.0, ""min_top_book_lots"": 1.0, ""premium_elasticity_min"": 0.0, ""regime_confidence_min"": 60.0, ""spread_pct_max"": 0.2565198802907201, ""trade_quality_min"": 66.59641728135287}",57.75650303517901,CE,DataHealth invalid; Contract invalid: Quote stale or spread hard rejected.; SideDirection hard reject: -11.0 < 65.0; PremiumElasticity hard reject: 0.00 < 1.00; TradeQuality below configured minimum; ConvexityEdge below excellent gate: 52.3 < 80.0,DataHealth invalid; Contract invalid: Quote stale or spread hard rejected.; SideDirection hard reject: -11.0 < 65.0; PremiumElasticity hard reject: 0.00 < 1.00; TradeQuality below configured minimum; ConvexityEdge below excellent gate: 52.3 < 80.0,,0.0,UNVALIDATED_COST_MODEL,UNAVAILABLE,paper-strategy-e935c30a69b1,opportunity-score-e935c30a69b1,PAPER_OVERRIDE::FYERS_PAPER_PROXY_RESEARCH,SKIPPED_FORWARD_PROXY,203.35,204.0,86.4,0.0,True,False,3.6938862761864044,OBSERVED,,FYERS_PAPER_PROXY_RESEARCH
202608251026_4_BANKNIFTY_CE,30,2026-08-25T10:56:55.972339+05:30,BANKNIFTY,BANKNIFTY,NSE_INDEX,2e840ccd58d1,"{""contract_quality_min"": 0.0, ""direction_min"": 0.0, ""excellent_score_min"": 57.75650303517901, ""execution_quality_min"": 100.0, ""expected_required_ratio_min"": 2.0954984316348133, ""final_confidence_min"": 85.87136351507172, ""iv_crush_max"": 29.5, ""market_hostility_max"": 21.794950546665504, ""min_5depth_lots_each_side"": 20.0, ""min_top_book_lots"": 2.0, ""premium_elasticity_min"": 0.0, ""regime_confidence_min"": 60.0, ""spread_pct_max"": 0.22682166146867347, ""trade_quality_min"": 66.59641728135287}",57.75650303517901,CE,DataHealth invalid; Contract invalid: Quote stale or spread hard rejected.; SideDirection hard reject: -11.0 < 65.0; PremiumElasticity hard reject: 0.00 < 1.00; TradeQuality below configured minimum; ConvexityEdge below excellent gate: 52.3 < 80.0,DataHealth invalid; Contract invalid: Quote stale or spread hard rejected.; SideDirection hard reject: -11.0 < 65.0; PremiumElasticity hard reject: 0.00 < 1.00; TradeQuality below configured minimum; ConvexityEdge below excellent gate: 52.3 < 80.0,,0.0,UNVALIDATED_COST_MODEL,UNAVAILABLE,paper-strategy-e935c30a69b1,opportunity-score-e935c30a69b1,PAPER_OVERRIDE::FYERS_PAPER_PROXY_RESEARCH,SKIPPED_FORWARD_PROXY,281.6,282.6,105.25,0.0,True,False,4.21,OBSERVED,,FYERS_PAPER_PROXY_RESEARCH
202608251026_5_FINNIFTY_CE,30,2026-08-25T10:56:55.972339+05:30,FINNIFTY,FINNIFTY,NSE_INDEX,e172b0fef65b,"{""contract_quality_min"": 0.0, ""direction_min"": 0.0, ""excellent_score_min"": 57.62220870021757, ""execution_quality_min"": 96.25194490866153, ""expected_required_ratio_min"": 1.7603030799919712, ""final_confidence_min"": 86.00640705321302, ""iv_crush_max"": 29.5, ""market_hostility_max"": 21.540894965618598, ""min_5depth_lots_each_side"": 12.0, ""min_top_book_lots"": 1.0, ""premium_elasticity_min"": 0.0, ""regime_confidence_min"": 60.0, ""spread_pct_max"": 0.8874546187978979, ""trade_quality_min"": 68.00000000000675}",57.62220870021757,CE,DataHealth invalid; Contract invalid: Quote stale or spread hard rejected.; SideDirection hard reject: -7.3 < 65.0; PremiumElasticity hard reject: 0.00 < 1.00; TradeQuality below configured minimum; ConvexityEdge below excellent gate: 52.3 < 80.0,DataHealth invalid; Contract invalid: Quote stale or spread hard rejected.; SideDirection hard reject: -7.3 < 65.0; PremiumElasticity hard reject: 0.00 < 1.00; TradeQuality below configured minimum; ConvexityEdge below excellent gate: 52.3 < 80.0,,0.0,UNVALIDATED_COST_MODEL,UNAVAILABLE,paper-strategy-e935c30a69b1,opportunity-score-e935c30a69b1,PAPER_OVERRIDE::FYERS_PAPER_PROXY_RESEARCH,SKIPPED_FORWARD_PROXY,82.3,83.25,20.324999999999996,0.0,False,False,1.6397741024606691,OBSERVED,,FYERS_PAPER_PROXY_RESEARCH
202608251040_1_FINNIFTY_CE,15,2026-08-25T10:56:55.972339+05:30,FINNIFTY,FINNIFTY,NSE_INDEX,e172b0fef65b,"{""contract_quality_min"": 0.0, ""direction_min"": 3.2192356997909415, ""excellent_score_min"": 44.954908244890056, ""execution_quality_min"": 93.56633864947395, ""expected_required_ratio_min"": 1.7353271188265271, ""final_confidence_min"": 78.31454364642663, ""iv_crush_max"": 29.5, ""market_hostility_max"": 22.55905672676263, ""min_5depth_lots_each_side"": 12.0, ""min_top_book_lots"": 2.0, ""premium_elasticity_min"": 0.0, ""regime_confidence_min"": 60.0, ""spread_pct_max"": 0.9501187648456079, ""trade_quality_min"": 21.105527638193273}",44.954908244890056,CE,DataHealth invalid; Contract invalid: Quote stale or spread hard rejected.; SideDirection hard reject: 3.2 < 65.0; PremiumElasticity hard reject: 0.00 < 1.00; TradeQuality below configured minimum; ConvexityEdge below excellent gate: 52.3 < 80.0,DataHealth invalid; Contract invalid: Quote stale or spread hard rejected.; SideDirection hard reject: 3.2 < 65.0; PremiumElasticity hard reject: 0.00 < 1.00; TradeQuality below configured minimum; ConvexityEdge below excellent gate: 52.3 < 80.0,,0.0,UNVALIDATED_COST_MODEL,UNAVAILABLE,paper-strategy-e935c30a69b1,opportunity-score-e935c30a69b1,PAPER_OVERRIDE::FYERS_PAPER_PROXY_RESEARCH,SKIPPED_FORWARD_PROXY,82.3,83.25,19.14999999999999,0.0,False,False,1.5162311955661114,OBSERVED,,FYERS_PAPER_PROXY_RESEARCH
202608251040_2_BANKNIFTY_CE,15,2026-08-25T10:56:55.972339+05:30,BANKNIFTY,BANKNIFTY,NSE_INDEX,2e840ccd58d1,"{""contract_quality_min"": 0.0, ""direction_min"": 2.6754175114442886, ""excellent_score_min"": 43.9307724339774, ""execution_quality_min"": 100.0, ""expected_required_ratio_min"": 2.082312854352417, ""final_confidence_min"": 76.2608206683447, ""iv_crush_max"": 29.5, ""market_hostility_max"": 22.794182510388374, ""min_5depth_lots_each_side"": 23.0, ""min_top_book_lots"": 1.0, ""premium_elasticity_min"": 0.0, ""regime_confidence_min"": 60.0, ""spread_pct_max"": 0.26490066225167286, ""trade_quality_min"": 14.53169347209353}",43.9307724339774,CE,DataHealth invalid; Contract invalid: Quote stale or spread hard rejected.; SideDirection hard reject: 2.7 < 65.0; PremiumElasticity hard reject: 0.00 < 1.00; TradeQuality below configured minimum; ConvexityEdge below excellent gate: 52.3 < 80.0,DataHealth invalid; Contract invalid: Quote stale or spread hard rejected.; SideDirection hard reject: 2.7 < 65.0; PremiumElasticity hard reject: 0.00 < 1.00; TradeQuality below configured minimum; ConvexityEdge below excellent gate: 52.3 < 80.0,,0.0,UNVALIDATED_COST_MODEL,UNAVAILABLE,paper-strategy-e935c30a69b1,opportunity-score-e935c30a69b1,PAPER_OVERRIDE::FYERS_PAPER_PROXY_RESEARCH,SKIPPED_FORWARD_PROXY,203.35,204.0,71.225,0.0,True,False,2.8489999999999998,OBSERVED,,FYERS_PAPER_PROXY_RESEARCH
202608251040_3_BANKNIFTY_CE,15,2026-08-25T10:56:55.972339+05:30,BANKNIFTY,BANKNIFTY,NSE_INDEX,2e840ccd58d1,"{""contract_quality_min"": 0.0, ""direction_min"": 2.6754175114442886, ""excellent_score_min"": 43.9307724339774, ""execution_quality_min"": 100.0, ""expected_required_ratio_min"": 2.082312854352417, ""final_confidence_min"": 76.2608206683447, ""iv_crush_max"": 29.5, ""market_hostility_max"": 22.794182510388374, ""min_5depth_lots_each_side"": 29.0, ""min_top_book_lots"": 2.0, ""premium_elasticity_min"": 0.0, ""regime_confidence_min"": 60.0, ""spread_pct_max"": 0.3300749016122918, ""trade_quality_min"": 14.53169347209353}",43.9307724339774,CE,DataHealth invalid; Contract invalid: Quote stale or spread hard rejected.; SideDirection hard reject: 2.7 < 65.0; PremiumElasticity hard reject: 0.00 < 1.00; TradeQuality below configured minimum; ConvexityEdge below excellent gate: 52.3 < 80.0,DataHealth invalid; Contract invalid: Quote stale or spread hard rejected.; SideDirection hard reject: 2.7 < 65.0; PremiumElasticity hard reject: 0.00 < 1.00; TradeQuality below configured minimum; ConvexityEdge below excellent gate: 52.3 < 80.0,,0.0,UNVALIDATED_COST_MODEL,UNAVAILABLE,paper-strategy-e935c30a69b1,opportunity-score-e935c30a69b1,PAPER_OVERRIDE::FYERS_PAPER_PROXY_RESEARCH,SKIPPED_FORWARD_PROXY,281.6,282.6,84.67500000000001,0.0,True,False,3.3870000000000005,OBSERVED,,FYERS_PAPER_PROXY_RESEARCH
202608251040_4_FINNIFTY_PE,15,2026-08-25T10:56:55.972339+05:30,FINNIFTY,FINNIFTY,NSE_INDEX,e172b0fef65b,"{""contract_quality_min"": 0.0, ""direction_min"": 0.0, ""excellent_score_min"": 43.731006669203616, ""execution_quality_min"": 89.60961599829788, ""expected_required_ratio_min"": 1.7353271188265271, ""final_confidence_min"": 76.83946541601274, ""iv_crush_max"": 29.5, ""market_hostility_max"": 22.55905672676263, ""min_5depth_lots_each_side"": 9.0, ""min_top_book_lots"": 1.0, ""premium_elasticity_min"": 0.0, ""regime_confidence_min"": 60.0, ""spread_pct_max"": 1.0424422933730495, ""trade_quality_min"": 21.105527638193273}",43.731006669203616,PE,DataHealth invalid; Contract invalid: Quote stale or spread hard rejected.; SideDirection hard reject: -3.2 < 65.0; PremiumElasticity hard reject: 0.00 < 1.00; TradeQuality below configured minimum; ConvexityEdge below excellent gate: 52.3 < 80.0,DataHealth invalid; Contract invalid: Quote stale or spread hard rejected.; SideDirection hard reject: -3.2 < 65.0; PremiumElasticity hard reject: 0.00 < 1.00; TradeQuality below configured minimum; ConvexityEdge below excellent gate: 52.3 < 80.0,,0.0,UNVALIDATED_COST_MODEL,UNAVAILABLE,paper-strategy-e935c30a69b1,opportunity-score-e935c30a69b1,PAPER_OVERRIDE::FYERS_PAPER_PROXY_RESEARCH,SKIPPED_FORWARD_PROXY,52.4,52.95,0.0,-14.750000000000007,False,True,-1.0982874162323162,OBSERVED,,FYERS_PAPER_PROXY_RESEARCH
202608251040_5_BANKNIFTY_PE,15,2026-08-25T10:56:55.972339+05:30,BANKNIFTY,BANKNIFTY,NSE_INDEX,2e840ccd58d1,"{""contract_quality_min"": 0.0, ""direction_min"": 0.0, ""excellent_score_min"": 43.449197281917435, ""execution_quality_min"": 100.0, ""expected_required_ratio_min"": 2.082312854352417, ""final_confidence_min"": 75.45819541491142, ""iv_crush_max"": 29.5, ""market_hostility_max"": 22.794182510388374, ""min_5depth_lots_each_side"": 20.0, ""min_top_book_lots"": 2.0, ""premium_elasticity_min"": 0.0, ""regime_confidence_min"": 60.0, ""spread_pct_max"": 0.2547770700637108, ""trade_quality_min"": 14.53169347209353}",43.449197281917435,PE,DataHealth invalid; Contract invalid: Quote stale or spread hard rejected.; SideDirection hard reject: -2.7 < 65.0; PremiumElasticity hard reject: 0.00 < 1.00; TradeQuality below configured minimum; ConvexityEdge below excellent gate: 52.3 < 80.0,DataHealth invalid; Contract invalid: Quote stale or spread hard rejected.; SideDirection hard reject: -2.7 < 65.0; PremiumElasticity hard reject: 0.00 < 1.00; TradeQuality below configured minimum; ConvexityEdge below excellent gate: 52.3 < 80.0,,0.0,UNVALIDATED_COST_MODEL,UNAVAILABLE,paper-strategy-e935c30a69b1,opportunity-score-e935c30a69b1,PAPER_OVERRIDE::FYERS_PAPER_PROXY_RESEARCH,SKIPPED_FORWARD_PROXY,85.65,85.9,0.0,-51.724999999999994,False,True,-2.069,OBSERVED,,FYERS_PAPER_PROXY_RESEARCH
202608251027_1_FINNIFTY_PE,30,2026-08-25T10:57:40.403731+05:30,FINNIFTY,FINNIFTY,NSE_INDEX,e172b0fef65b,"{""contract_quality_min"": 0.0, ""direction_min"": 6.219184115039365, ""excellent_score_min"": 58.79785617695634, ""execution_quality_min"": 98.93961708394731, ""expected_required_ratio_min"": 1.7684630956015799, ""final_confidence_min"": 88.54716333153938, ""iv_crush_max"": 29.5, ""market_hostility_max"": 21.484435629904176, ""min_5depth_lots_each_side"": 7.0, ""min_top_book_lots"": 1.0, ""premium_elasticity_min"": 0.0, ""regime_confidence_min"": 60.0, ""spread_pct_max"": 0.8247422680412293, ""trade_quality_min"": 66.28571428572175}",58.79785617695634,PE,DataHealth invalid; Contract invalid: Quote stale or spread hard rejected.; SideDirection hard reject: 6.2 < 65.0; PremiumElasticity hard reject: 0.00 < 1.00; TradeQuality below configured minimum; ConvexityEdge below excellent gate: 52.3 < 80.0,DataHealth invalid; Contract invalid: Quote stale or spread hard rejected.; SideDirection hard reject: 6.2 < 65.0; PremiumElasticity hard reject: 0.00 < 1.00; TradeQuality below configured minimum; ConvexityEdge below excellent gate: 52.3 < 80.0,,0.0,UNVALIDATED_COST_MODEL,UNAVAILABLE,paper-strategy-e935c30a69b1,opportunity-score-e935c30a69b1,PAPER_OVERRIDE::FYERS_PAPER_PROXY_RESEARCH,SKIPPED_FORWARD_PROXY,52.4,52.9,0.0,-20.35,False,True,-1.3986254295532647,OBSERVED,,FYERS_PAPER_PROXY_RESEARCH
202608251027_2_BANKNIFTY_PE,30,2026-08-25T10:57:40.403731+05:30,BANKNIFTY,BANKNIFTY,NSE_INDEX,2e840ccd58d1,"{""contract_quality_min"": 0.0, ""direction_min"": 8.647331433171399, ""excellent_score_min"": 57.49091139127409, ""execution_quality_min"": 100.0, ""expected_required_ratio_min"": 2.1477002138184575, ""final_confidence_min"": 90.37257141308942, ""iv_crush_max"": 29.5, ""market_hostility_max"": 21.834687520421248, ""min_5depth_lots_each_side"": 51.0, ""min_top_book_lots"": 4.0, ""premium_elasticity_min"": 0.0, ""regime_confidence_min"": 60.0, ""spread_pct_max"": 0.41086509929240156, ""trade_quality_min"": 58.58490566037901}",57.49091139127409,PE,DataHealth invalid; Contract invalid: Quote stale or spread hard rejected.; SideDirection hard reject: 8.6 < 65.0; PremiumElasticity hard reject: 0.00 < 1.00; TradeQuality below configured minimum; ConvexityEdge below excellent gate: 52.3 < 80.0,DataHealth invalid; Contract invalid: Quote stale or spread hard rejected.; SideDirection hard reject: 8.6 < 65.0; PremiumElasticity hard reject: 0.00 < 1.00; TradeQuality below configured minimum; ConvexityEdge below excellent gate: 52.3 < 80.0,,0.0,UNVALIDATED_COST_MODEL,UNAVAILABLE,paper-strategy-e935c30a69b1,opportunity-score-e935c30a69b1,PAPER_OVERRIDE::FYERS_PAPER_PROXY_RESEARCH,SKIPPED_FORWARD_PROXY,50.8,50.95,0.0,-58.72500000000001,False,True,-2.680894772882904,OBSERVED,,FYERS_PAPER_PROXY_RESEARCH
202608251027_3_BANKNIFTY_PE,30,2026-08-25T10:57:40.403731+05:30,BANKNIFTY,BANKNIFTY,NSE_INDEX,2e840ccd58d1,"{""contract_quality_min"": 0.0, ""direction_min"": 8.647331433171399, ""excellent_score_min"": 57.49091139127409, ""execution_quality_min"": 100.0, ""expected_required_ratio_min"": 2.1477002138184575, ""final_confidence_min"": 90.37257141308942, ""iv_crush_max"": 29.5, ""market_hostility_max"": 21.834687520421248, ""min_5depth_lots_each_side"": 38.0, ""min_top_book_lots"": 3.0, ""premium_elasticity_min"": 0.0, ""regime_confidence_min"": 60.0, ""spread_pct_max"": 0.30057108506161706, ""trade_quality_min"": 58.58490566037901}",57.49091139127409,PE,DataHealth invalid; Contract invalid: Quote stale or spread hard rejected.; SideDirection hard reject: 8.6 < 65.0; PremiumElasticity hard reject: 0.00 < 1.00; TradeQuality below configured minimum; ConvexityEdge below excellent gate: 52.3 < 80.0,DataHealth invalid; Contract invalid: Quote stale or spread hard rejected.; SideDirection hard reject: 8.6 < 65.0; PremiumElasticity hard reject: 0.00 < 1.00; TradeQuality below configured minimum; ConvexityEdge below excellent gate: 52.3 < 80.0,,0.0,UNVALIDATED_COST_MODEL,UNAVAILABLE,paper-strategy-e935c30a69b1,opportunity-score-e935c30a69b1,PAPER_OVERRIDE::FYERS_PAPER_PROXY_RESEARCH,SKIPPED_FORWARD_PROXY,83.0,83.3,0.0,-83.35,False,True,-3.3339999999999996,OBSERVED,,FYERS_PAPER_PROXY_RESEARCH
202608251027_4_FINNIFTY_CE,30,2026-08-25T10:57:40.403731+05:30,FINNIFTY,FINNIFTY,NSE_INDEX,e172b0fef65b,"{""contract_quality_min"": 0.0, ""direction_min"": 0.0, ""excellent_score_min"": 57.22885070197299, ""execution_quality_min"": 95.94260152210558, ""expected_required_ratio_min"": 1.7684630956015799, ""final_confidence_min"": 86.68140809702756, ""iv_crush_max"": 29.5, ""market_hostility_max"": 21.484435629904176, ""min_5depth_lots_each_side"": 25.0, ""min_top_book_lots"": 3.0, ""premium_elasticity_min"": 0.0, ""regime_confidence_min"": 60.0, ""spread_pct_max"": 0.8946726311508698, ""trade_quality_min"": 66.28571428572175}",57.22885070197299,CE,DataHealth invalid; Contract invalid: Quote stale or spread hard rejected.; SideDirection hard reject: -6.2 < 65.0; PremiumElasticity hard reject: 0.00 < 1.00; TradeQuality below configured minimum; ConvexityEdge below excellent gate: 52.3 < 80.0,DataHealth invalid; Contract invalid: Quote stale or spread hard rejected.; SideDirection hard reject: -6.2 < 65.0; PremiumElasticity hard reject: 0.00 < 1.00; TradeQuality below configured minimum; ConvexityEdge below excellent gate: 52.3 < 80.0,,0.0,UNVALIDATED_COST_MODEL,UNAVAILABLE,paper-strategy-e935c30a69b1,opportunity-score-e935c30a69b1,PAPER_OVERRIDE::FYERS_PAPER_PROXY_RESEARCH,SKIPPED_FORWARD_PROXY,81.95,82.65,20.475,0.0,False,False,1.6653111020740137,OBSERVED,,FYERS_PAPER_PROXY_RESEARCH
202608251027_5_BANKNIFTY_CE,30,2026-08-25T10:57:40.403731+05:30,BANKNIFTY,BANKNIFTY,NSE_INDEX,2e840ccd58d1,"{""contract_quality_min"": 0.0, ""direction_min"": 0.0, ""excellent_score_min"": 55.93439173330324, ""execution_quality_min"": 100.0, ""expected_required_ratio_min"": 2.1477002138184575, ""final_confidence_min"": 87.77837198313799, ""iv_crush_max"": 29.5, ""market_hostility_max"": 21.834687520421248, ""min_5depth_lots_each_side"": 27.0, ""min_top_book_lots"": 1.0, ""premium_elasticity_min"": 0.0, ""regime_confidence_min"": 60.0, ""spread_pct_max"": 0.2683363148479402, ""trade_quality_min"": 58.58490566037901}",55.93439173330324,CE,DataHealth invalid; Contract invalid: Quote stale or spread hard rejected.; SideDirection hard reject: -8.6 < 65.0; PremiumElasticity hard reject: 0.00 < 1.00; TradeQuality below configured minimum; ConvexityEdge below excellent gate: 52.3 < 80.0,DataHealth invalid; Contract invalid: Quote stale or spread hard rejected.; SideDirection hard reject: -8.6 < 65.0; PremiumElasticity hard reject: 0.00 < 1.00; TradeQuality below configured minimum; ConvexityEdge below excellent gate: 52.3 < 80.0,,0.0,UNVALIDATED_COST_MODEL,UNAVAILABLE,paper-strategy-e935c30a69b1,opportunity-score-e935c30a69b1,PAPER_OVERRIDE::FYERS_PAPER_PROXY_RESEARCH,SKIPPED_FORWARD_PROXY,211.8,212.55,100.0,0.0,True,False,4.472271914132379,OBSERVED,,FYERS_PAPER_PROXY_RESEARCH
202608251042_1_MIDCPNIFTY_PE,15,2026-08-25T10:57:40.403731+05:30,MIDCPNIFTY,MIDCPNIFTY,NSE_INDEX,712afad509f5,"{""contract_quality_min"": 0.0, ""direction_min"": 0.9145992911849622, ""excellent_score_min"": 41.682699697751474, ""execution_quality_min"": 100.0, ""expected_required_ratio_min"": 1.6179739642283084, ""final_confidence_min"": 73.79592005240656, ""iv_crush_max"": 29.5, ""market_hostility_max"": 20.40809600043043, ""min_5depth_lots_each_side"": 33.0, ""min_top_book_lots"": 3.0, ""premium_elasticity_min"": 0.0, ""regime_confidence_min"": 60.0, ""spread_pct_max"": 0.6849315068493248, ""trade_quality_min"": 7.1957671957627145}",41.682699697751474,PE,DataHealth invalid; Contract invalid: Quote stale or spread hard rejected.; SideDirection hard reject: 0.9 < 65.0; PremiumElasticity hard reject: 0.00 < 1.00; TradeQuality below configured minimum; ConvexityEdge below excellent gate: 52.3 < 80.0,DataHealth invalid; Contract invalid: Quote stale or spread hard rejected.; SideDirection hard reject: 0.9 < 65.0; PremiumElasticity hard reject: 0.00 < 1.00; TradeQuality below configured minimum; ConvexityEdge below excellent gate: 52.3 < 80.0,,0.0,UNVALIDATED_COST_MODEL,UNAVAILABLE,paper-strategy-e935c30a69b1,opportunity-score-e935c30a69b1,PAPER_OVERRIDE::FYERS_PAPER_PROXY_RESEARCH,SKIPPED_FORWARD_PROXY,41.2,41.45,0.0,-2.5999999999999943,False,False,-0.2968036529680359,OBSERVED,,FYERS_PAPER_PROXY_RESEARCH
202608251042_2_BANKNIFTY_PE,15,2026-08-25T10:57:40.403731+05:30,BANKNIFTY,BANKNIFTY,NSE_INDEX,2e840ccd58d1,"{""contract_quality_min"": 0.0, ""direction_min"": 1.2118668931378023, ""excellent_score_min"": 41.6277353515655, ""execution_quality_min"": 100.0, ""expected_required_ratio_min"": 2.0633281875924276, ""final_confidence_min"": 73.82112429626686, ""iv_crush_max"": 29.5, ""market_hostility_max"": 22.75177598911474, ""min_5depth_lots_each_side"": 33.0, ""min_top_book_lots"": 3.0, ""premium_elasticity_min"": 0.0, ""regime_confidence_min"": 60.0, ""spread_pct_max"": 0.2846569883290635, ""trade_quality_min"": 7.131147540987292}",41.6277353515655,PE,DataHealth invalid; Contract invalid: Quote stale or spread hard rejected.; SideDirection hard reject: 1.2 < 65.0; PremiumElasticity hard reject: 0.00 < 1.00; TradeQuality below configured minimum; ConvexityEdge below excellent gate: 52.3 < 80.0,DataHealth invalid; Contract invalid: Quote stale or spread hard rejected.; SideDirection hard reject: 1.2 < 65.0; PremiumElasticity hard reject: 0.00 < 1.00; TradeQuality below configured minimum; ConvexityEdge below excellent gate: 52.3 < 80.0,,0.0,UNVALIDATED_COST_MODEL,UNAVAILABLE,paper-strategy-e935c30a69b1,opportunity-score-e935c30a69b1,PAPER_OVERRIDE::FYERS_PAPER_PROXY_RESEARCH,SKIPPED_FORWARD_PROXY,50.8,50.95,0.0,-37.025000000000006,False,True,-2.1078849985767154,OBSERVED,,FYERS_PAPER_PROXY_RESEARCH
202608251042_3_BANKNIFTY_PE,15,2026-08-25T10:57:40.403731+05:30,BANKNIFTY,BANKNIFTY,NSE_INDEX,2e840ccd58d1,"{""contract_quality_min"": 0.0, ""direction_min"": 1.2118668931378023, ""excellent_score_min"": 41.6277353515655, ""execution_quality_min"": 100.0, ""expected_required_ratio_min"": 2.0633281875924276, ""final_confidence_min"": 73.82112429626686, ""iv_crush_max"": 29.5, ""market_hostility_max"": 22.75177598911474, ""min_5depth_lots_each_side"": 47.0, ""min_top_book_lots"": 2.0, ""premium_elasticity_min"": 0.0, ""regime_confidence_min"": 60.0, ""spread_pct_max"": 0.2857142857142695, ""trade_quality_min"": 7.131147540987292}",41.6277353515655,PE,DataHealth invalid; Contract invalid: Quote stale or spread hard rejected.; SideDirection hard reject: 1.2 < 65.0; PremiumElasticity hard reject: 0.00 < 1.00; TradeQuality below configured minimum; ConvexityEdge below excellent gate: 52.3 < 80.0,DataHealth invalid; Contract invalid: Quote stale or spread hard rejected.; SideDirection hard reject: 1.2 < 65.0; PremiumElasticity hard reject: 0.00 < 1.00; TradeQuality below configured minimum; ConvexityEdge below excellent gate: 52.3 < 80.0,,0.0,UNVALIDATED_COST_MODEL,UNAVAILABLE,paper-strategy-e935c30a69b1,opportunity-score-e935c30a69b1,PAPER_OVERRIDE::FYERS_PAPER_PROXY_RESEARCH,SKIPPED_FORWARD_PROXY,83.0,83.3,0.0,-57.0,False,True,-2.28,OBSERVED,,FYERS_PAPER_PROXY_RESEARCH
202608251042_4_MIDCPNIFTY_CE,15,2026-08-25T10:57:40.403731+05:30,MIDCPNIFTY,MIDCPNIFTY,NSE_INDEX,712afad509f5,"{""contract_quality_min"": 0.0, ""direction_min"": 0.0, ""excellent_score_min"": 41.51807182533818, ""execution_quality_min"": 100.0, ""expected_required_ratio_min"": 1.6179739642283084, ""final_confidence_min"": 73.52154026505107, ""iv_crush_max"": 29.5, ""market_hostility_max"": 20.40809600043043, ""min_5depth_lots_each_side"": 29.0, ""min_top_book_lots"": 1.0, ""premium_elasticity_min"": 0.0, ""regime_confidence_min"": 60.0, ""spread_pct_max"": 0.6215040397762585, ""trade_quality_min"": 7.1957671957627145}",41.51807182533818,CE,DataHealth invalid; Contract invalid: Quote stale or spread hard rejected.; SideDirection hard reject: -0.9 < 65.0; PremiumElasticity hard reject: 0.00 < 1.00; TradeQuality below configured minimum; ConvexityEdge below excellent gate: 52.3 < 80.0,DataHealth invalid; Contract invalid: Quote stale or spread hard rejected.; SideDirection hard reject: -0.9 < 65.0; PremiumElasticity hard reject: 0.00 < 1.00; TradeQuality below configured minimum; ConvexityEdge below excellent gate: 52.3 < 80.0,,0.0,UNVALIDATED_COST_MODEL,UNAVAILABLE,paper-strategy-e935c30a69b1,opportunity-score-e935c30a69b1,PAPER_OVERRIDE::FYERS_PAPER_PROXY_RESEARCH,SKIPPED_FORWARD_PROXY,40.3,40.6,0.07499999999999574,0.0,False,False,0.009322560596643348,OBSERVED,,FYERS_PAPER_PROXY_RESEARCH
202608251042_5_BANKNIFTY_CE,15,2026-08-25T10:57:40.403731+05:30,BANKNIFTY,BANKNIFTY,NSE_INDEX,2e840ccd58d1,"{""contract_quality_min"": 0.0, ""direction_min"": 0.0, ""excellent_score_min"": 41.40959931080069, ""execution_quality_min"": 100.0, ""expected_required_ratio_min"": 2.0633281875924276, ""final_confidence_min"": 73.45756422832552, ""iv_crush_max"": 29.5, ""market_hostility_max"": 22.75177598911474, ""min_5depth_lots_each_side"": 20.0, ""min_top_book_lots"": 2.0, ""premium_elasticity_min"": 0.0, ""regime_confidence_min"": 60.0, ""spread_pct_max"": 0.22710068130205255, ""trade_quality_min"": 7.131147540987292}",41.40959931080069,CE,DataHealth invalid; Contract invalid: Quote stale or spread hard rejected.; SideDirection hard reject: -1.2 < 65.0; PremiumElasticity hard reject: 0.00 < 1.00; TradeQuality below configured minimum; ConvexityEdge below excellent gate: 52.3 < 80.0,DataHealth invalid; Contract invalid: Quote stale or spread hard rejected.; SideDirection hard reject: -1.2 < 65.0; PremiumElasticity hard reject: 0.00 < 1.00; TradeQuality below configured minimum; ConvexityEdge below excellent gate: 52.3 < 80.0,,0.0,UNVALIDATED_COST_MODEL,UNAVAILABLE,paper-strategy-e935c30a69b1,opportunity-score-e935c30a69b1,PAPER_OVERRIDE::FYERS_PAPER_PROXY_RESEARCH,SKIPPED_FORWARD_PROXY,211.8,212.55,79.70000000000002,0.0,True,False,3.1880000000000006,OBSERVED,,FYERS_PAPER_PROXY_RESEARCH
202608251028_1_BANKNIFTY_PE,30,2026-08-25T10:59:48.933389+05:30,BANKNIFTY,BANKNIFTY,NSE_INDEX,2e840ccd58d1,"{""contract_quality_min"": 0.0, ""direction_min"": 7.821185278690868, ""excellent_score_min"": 58.493274767008316, ""execution_quality_min"": 100.0, ""expected_required_ratio_min"": 2.1281345401174154, ""final_confidence_min"": 89.59886781303494, ""iv_crush_max"": 29.5, ""market_hostility_max"": 22.01619248695751, ""min_5depth_lots_each_side"": 27.0, ""min_top_book_lots"": 1.0, ""premium_elasticity_min"": 0.0, ""regime_confidence_min"": 60.0, ""spread_pct_max"": 0.34991252186954114, ""trade_quality_min"": 63.58103326256227}",58.493274767008316,PE,DataHealth invalid; Contract invalid: Quote stale or spread hard rejected.; SideDirection hard reject: 7.8 < 65.0; PremiumElasticity hard reject: 0.00 < 1.00; TradeQuality below configured minimum; ConvexityEdge below excellent gate: 52.3 < 80.0,DataHealth invalid; Contract invalid: Quote stale or spread hard rejected.; SideDirection hard reject: 7.8 < 65.0; PremiumElasticity hard reject: 0.00 < 1.00; TradeQuality below configured minimum; ConvexityEdge below excellent gate: 52.3 < 80.0,,0.0,UNVALIDATED_COST_MODEL,UNAVAILABLE,paper-strategy-e935c30a69b1,opportunity-score-e935c30a69b1,PAPER_OVERRIDE::FYERS_PAPER_PROXY_RESEARCH,SKIPPED_FORWARD_PROXY,59.15,59.3,0.0,-40.87500000000001,False,True,-2.0432391902024496,OBSERVED,,FYERS_PAPER_PROXY_RESEARCH
202608251028_2_BANKNIFTY_PE,30,2026-08-25T10:59:48.933389+05:30,BANKNIFTY,BANKNIFTY,NSE_INDEX,2e840ccd58d1,"{""contract_quality_min"": 0.0, ""direction_min"": 7.821185278690868, ""excellent_score_min"": 58.493274767008316, ""execution_quality_min"": 100.0, ""expected_required_ratio_min"": 2.1281345401174154, ""final_confidence_min"": 89.59886781303494, ""iv_crush_max"": 29.5, ""market_hostility_max"": 22.01619248695751, ""min_5depth_lots_each_side"": 28.0, ""min_top_book_lots"": 1.0, ""premium_elasticity_min"": 0.0, ""regime_confidence_min"": 60.0, ""spread_pct_max"": 0.25764895330111254, ""trade_quality_min"": 63.58103326256227}",58.493274767008316,PE,DataHealth invalid; Contract invalid: Quote stale or spread hard rejected.; SideDirection hard reject: 7.8 < 65.0; PremiumElasticity hard reject: 0.00 < 1.00; TradeQuality below configured minimum; ConvexityEdge below excellent gate: 52.3 < 80.0,DataHealth invalid; Contract invalid: Quote stale or spread hard rejected.; SideDirection hard reject: 7.8 < 65.0; PremiumElasticity hard reject: 0.00 < 1.00; TradeQuality below configured minimum; ConvexityEdge below excellent gate: 52.3 < 80.0,,0.0,UNVALIDATED_COST_MODEL,UNAVAILABLE,paper-strategy-e935c30a69b1,opportunity-score-e935c30a69b1,PAPER_OVERRIDE::FYERS_PAPER_PROXY_RESEARCH,SKIPPED_FORWARD_PROXY,99.6,99.8,0.0,-55.650000000000006,False,True,-2.2260000000000004,OBSERVED,,FYERS_PAPER_PROXY_RESEARCH
202608251028_3_FINNIFTY_PE,30,2026-08-25T10:59:48.933389+05:30,FINNIFTY,FINNIFTY,NSE_INDEX,e172b0fef65b,"{""contract_quality_min"": 0.0, ""direction_min"": 4.902570977162828, ""excellent_score_min"": 58.01426280606734, ""execution_quality_min"": 100.0, ""expected_required_ratio_min"": 1.7442768822869508, ""final_confidence_min"": 89.22548465647267, ""iv_crush_max"": 29.5, ""market_hostility_max"": 21.8170218582899, ""min_5depth_lots_each_side"": 7.0, ""min_top_book_lots"": 1.0, ""premium_elasticity_min"": 0.0, ""regime_confidence_min"": 60.0, ""spread_pct_max"": 0.7012622720897617, ""trade_quality_min"": 63.366336633672496}",58.01426280606734,PE,DataHealth invalid; Contract invalid: Quote stale or spread hard rejected.; SideDirection hard reject: 4.9 < 65.0; PremiumElasticity hard reject: 0.00 < 1.00; TradeQuality below configured minimum; ConvexityEdge below excellent gate: 52.3 < 80.0,DataHealth invalid; Contract invalid: Quote stale or spread hard rejected.; SideDirection hard reject: 4.9 < 65.0; PremiumElasticity hard reject: 0.00 < 1.00; TradeQuality below configured minimum; ConvexityEdge below excellent gate: 52.3 < 80.0,,0.0,UNVALIDATED_COST_MODEL,UNAVAILABLE,paper-strategy-e935c30a69b1,opportunity-score-e935c30a69b1,PAPER_OVERRIDE::FYERS_PAPER_PROXY_RESEARCH,SKIPPED_FORWARD_PROXY,54.55,55.0,0.0,-16.75,False,True,-1.1746143057503506,OBSERVED,,FYERS_PAPER_PROXY_RESEARCH
202608251028_4_FINNIFTY_CE,30,2026-08-25T10:59:48.933389+05:30,FINNIFTY,FINNIFTY,NSE_INDEX,e172b0fef65b,"{""contract_quality_min"": 0.0, ""direction_min"": 0.0, ""excellent_score_min"": 57.13180003017803, ""execution_quality_min"": 100.0, ""expected_required_ratio_min"": 1.7442768822869508, ""final_confidence_min"": 87.75471336332382, ""iv_crush_max"": 29.5, ""market_hostility_max"": 21.8170218582899, ""min_5depth_lots_each_side"": 7.0, ""min_top_book_lots"": 2.0, ""premium_elasticity_min"": 0.0, ""regime_confidence_min"": 60.0, ""spread_pct_max"": 0.6359300476947513, ""trade_quality_min"": 63.366336633672496}",57.13180003017803,CE,DataHealth invalid; Contract invalid: Quote stale or spread hard rejected.; SideDirection hard reject: -4.9 < 65.0; PremiumElasticity hard reject: 0.00 < 1.00; TradeQuality below configured minimum; ConvexityEdge below excellent gate: 52.3 < 80.0,DataHealth invalid; Contract invalid: Quote stale or spread hard rejected.; SideDirection hard reject: -4.9 < 65.0; PremiumElasticity hard reject: 0.00 < 1.00; TradeQuality below configured minimum; ConvexityEdge below excellent gate: 52.3 < 80.0,,0.0,UNVALIDATED_COST_MODEL,UNAVAILABLE,paper-strategy-e935c30a69b1,opportunity-score-e935c30a69b1,PAPER_OVERRIDE::FYERS_PAPER_PROXY_RESEARCH,SKIPPED_FORWARD_PROXY,77.95,78.7,15.049999999999997,0.0,False,False,1.1963434022257549,OBSERVED,,FYERS_PAPER_PROXY_RESEARCH
202608251028_5_BANKNIFTY_CE,30,2026-08-25T10:59:48.933389+05:30,BANKNIFTY,BANKNIFTY,NSE_INDEX,2e840ccd58d1,"{""contract_quality_min"": 0.0, ""direction_min"": 0.0, ""excellent_score_min"": 57.08546141684396, ""execution_quality_min"": 100.0, ""expected_required_ratio_min"": 2.1281345401174154, ""final_confidence_min"": 87.2525122294277, ""iv_crush_max"": 29.5, ""market_hostility_max"": 22.01619248695751, ""min_5depth_lots_each_side"": 13.0, ""min_top_book_lots"": 5.0, ""premium_elasticity_min"": 0.0, ""regime_confidence_min"": 60.0, ""spread_pct_max"": 0.20588840848260243, ""trade_quality_min"": 63.58103326256227}",57.08546141684396,CE,DataHealth invalid; Contract invalid: Quote stale or spread hard rejected.; SideDirection hard reject: -7.8 < 65.0; PremiumElasticity hard reject: 0.00 < 1.00; TradeQuality below configured minimum; ConvexityEdge below excellent gate: 52.3 < 80.0,DataHealth invalid; Contract invalid: Quote stale or spread hard rejected.; SideDirection hard reject: -7.8 < 65.0; PremiumElasticity hard reject: 0.00 < 1.00; TradeQuality below configured minimum; ConvexityEdge below excellent gate: 52.3 < 80.0,,0.0,UNVALIDATED_COST_MODEL,UNAVAILABLE,paper-strategy-e935c30a69b1,opportunity-score-e935c30a69b1,PAPER_OVERRIDE::FYERS_PAPER_PROXY_RESEARCH,SKIPPED_FORWARD_PROXY,188.05,188.65,66.62500000000001,0.0,True,False,2.743463043030678,OBSERVED,,FYERS_PAPER_PROXY_RESEARCH
202608251029_1_MIDCPNIFTY_CE,30,2026-08-25T10:59:48.933389+05:30,MIDCPNIFTY,MIDCPNIFTY,NSE_INDEX,712afad509f5,"{""contract_quality_min"": 0.0, ""direction_min"": 1.668365304729137, ""excellent_score_min"": 43.50142936367458, ""execution_quality_min"": 100.0, ""expected_required_ratio_min"": 1.6773921881309923, ""final_confidence_min"": 76.23218250655316, ""iv_crush_max"": 29.5, ""market_hostility_max"": 22.303933766906386, ""min_5depth_lots_each_side"": 23.0, ""min_top_book_lots"": 1.0, ""premium_elasticity_min"": 0.0, ""regime_confidence_min"": 60.0, ""spread_pct_max"": 0.6049606775559588, ""trade_quality_min"": 14.939759036146004}",43.50142936367458,CE,DataHealth invalid; Contract invalid: Quote stale or spread hard rejected.; SideDirection hard reject: 1.7 < 65.0; PremiumElasticity hard reject: 0.00 < 1.00; TradeQuality below configured minimum; ConvexityEdge below excellent gate: 52.3 < 80.0,DataHealth invalid; Contract invalid: Quote stale or spread hard rejected.; SideDirection hard reject: 1.7 < 65.0; PremiumElasticity hard reject: 0.00 < 1.00; TradeQuality below configured minimum; ConvexityEdge below excellent gate: 52.3 < 80.0,,0.0,UNVALIDATED_COST_MODEL,UNAVAILABLE,paper-strategy-e935c30a69b1,opportunity-score-e935c30a69b1,PAPER_OVERRIDE::FYERS_PAPER_PROXY_RESEARCH,SKIPPED_FORWARD_PROXY,41.8,42.05,0.4749999999999943,0.0,False,False,0.0574712643678154,OBSERVED,,FYERS_PAPER_PROXY_RESEARCH
202608251029_2_MIDCPNIFTY_PE,30,2026-08-25T10:59:48.933389+05:30,MIDCPNIFTY,MIDCPNIFTY,NSE_INDEX,712afad509f5,"{""contract_quality_min"": 0.0, ""direction_min"": 0.0, ""excellent_score_min"": 43.201123608823345, ""execution_quality_min"": 100.0, ""expected_required_ratio_min"": 1.6773921881309923, ""final_confidence_min"": 75.73167291513442, ""iv_crush_max"": 29.5, ""market_hostility_max"": 22.303933766906386, ""min_5depth_lots_each_side"": 27.0, ""min_top_book_lots"": 2.0, ""premium_elasticity_min"": 0.0, ""regime_confidence_min"": 60.0, ""spread_pct_max"": 0.578368999421631, ""trade_quality_min"": 14.939759036146004}",43.201123608823345,PE,DataHealth invalid; Contract invalid: Quote stale or spread hard rejected.; SideDirection hard reject: -1.7 < 65.0; PremiumElasticity hard reject: 0.00 < 1.00; TradeQuality below configured minimum; ConvexityEdge below excellent gate: 52.3 < 80.0,DataHealth invalid; Contract invalid: Quote stale or spread hard rejected.; SideDirection hard reject: -1.7 < 65.0; PremiumElasticity hard reject: 0.00 < 1.00; TradeQuality below configured minimum; ConvexityEdge below excellent gate: 52.3 < 80.0,,0.0,UNVALIDATED_COST_MODEL,UNAVAILABLE,paper-strategy-e935c30a69b1,opportunity-score-e935c30a69b1,PAPER_OVERRIDE::FYERS_PAPER_PROXY_RESEARCH,SKIPPED_FORWARD_PROXY,39.55,39.7,0.0,-3.6750000000000043,False,False,-0.4251012145748992,OBSERVED,,FYERS_PAPER_PROXY_RESEARCH
202608251029_3_BANKNIFTY_PE,30,2026-08-25T10:59:48.933389+05:30,BANKNIFTY,BANKNIFTY,NSE_INDEX,2e840ccd58d1,"{""contract_quality_min"": 0.0, ""direction_min"": 1.490916469488494, ""excellent_score_min"": 43.1876127728041, ""execution_quality_min"": 100.0, ""expected_required_ratio_min"": 2.125274322823777, ""final_confidence_min"": 75.38175712854208, ""iv_crush_max"": 29.5, ""market_hostility_max"": 22.366533835622924, ""min_5depth_lots_each_side"": 19.0, ""min_top_book_lots"": 2.0, ""premium_elasticity_min"": 0.0, ""regime_confidence_min"": 60.0, ""spread_pct_max"": 0.299251870324182, ""trade_quality_min"": 12.193732193729383}",43.1876127728041,PE,DataHealth invalid; Contract invalid: Quote stale or spread hard rejected.; SideDirection hard reject: 1.5 < 65.0; PremiumElasticity hard reject: 0.00 < 1.00; TradeQuality below configured minimum; ConvexityEdge below excellent gate: 52.3 < 80.0,DataHealth invalid; Contract invalid: Quote stale or spread hard rejected.; SideDirection hard reject: 1.5 < 65.0; PremiumElasticity hard reject: 0.00 < 1.00; TradeQuality below configured minimum; ConvexityEdge below excellent gate: 52.3 < 80.0,,0.0,UNVALIDATED_COST_MODEL,UNAVAILABLE,paper-strategy-e935c30a69b1,opportunity-score-e935c30a69b1,PAPER_OVERRIDE::FYERS_PAPER_PROXY_RESEARCH,SKIPPED_FORWARD_PROXY,99.6,99.8,0.0,-50.775000000000006,False,True,-2.031,OBSERVED,,FYERS_PAPER_PROXY_RESEARCH
202608251029_4_BANKNIFTY_CE,30,2026-08-25T10:59:48.933389+05:30,BANKNIFTY,BANKNIFTY,NSE_INDEX,2e840ccd58d1,"{""contract_quality_min"": 0.0, ""direction_min"": 0.0, ""excellent_score_min"": 42.91924780829616, ""execution_quality_min"": 100.0, ""expected_required_ratio_min"": 2.125274322823777, ""final_confidence_min"": 74.93448218769554, ""iv_crush_max"": 29.5, ""market_hostility_max"": 22.366533835622924, ""min_5depth_lots_each_side"": 18.0, ""min_top_book_lots"": 3.0, ""premium_elasticity_min"": 0.0, ""regime_confidence_min"": 60.0, ""spread_pct_max"": 0.1988466892026248, ""trade_quality_min"": 12.193732193729383}",42.91924780829616,CE,DataHealth invalid; Contract invalid: Quote stale or spread hard rejected.; SideDirection hard reject: -1.5 < 65.0; PremiumElasticity hard reject: 0.00 < 1.00; TradeQuality below configured minimum; ConvexityEdge below excellent gate: 52.3 < 80.0,DataHealth invalid; Contract invalid: Quote stale or spread hard rejected.; SideDirection hard reject: -1.5 < 65.0; PremiumElasticity hard reject: 0.00 < 1.00; TradeQuality below configured minimum; ConvexityEdge below excellent gate: 52.3 < 80.0,,0.0,UNVALIDATED_COST_MODEL,UNAVAILABLE,paper-strategy-e935c30a69b1,opportunity-score-e935c30a69b1,PAPER_OVERRIDE::FYERS_PAPER_PROXY_RESEARCH,SKIPPED_FORWARD_PROXY,188.05,188.65,62.32500000000002,0.0,True,False,2.4930000000000008,OBSERVED,,FYERS_PAPER_PROXY_RESEARCH
202608251029_5_BANKNIFTY_CE,30,2026-08-25T10:59:48.933389+05:30,BANKNIFTY,BANKNIFTY,NSE_INDEX,2e840ccd58d1,"{""contract_quality_min"": 0.0, ""direction_min"": 0.0, ""excellent_score_min"": 42.91924780829616, ""execution_quality_min"": 100.0, ""expected_required_ratio_min"": 2.125274322823777, ""final_confidence_min"": 74.93448218769554, ""iv_crush_max"": 29.5, ""market_hostility_max"": 22.366533835622924, ""min_5depth_lots_each_side"": 14.0, ""min_top_book_lots"": 1.0, ""premium_elasticity_min"": 0.0, ""regime_confidence_min"": 60.0, ""spread_pct_max"": 0.21253985122210717, ""trade_quality_min"": 12.193732193729383}",42.91924780829616,CE,DataHealth invalid; Contract invalid: Quote stale or spread hard rejected.; SideDirection hard reject: -1.5 < 65.0; PremiumElasticity hard reject: 0.00 < 1.00; TradeQuality below configured minimum; ConvexityEdge below excellent gate: 52.3 < 80.0,DataHealth invalid; Contract invalid: Quote stale or spread hard rejected.; SideDirection hard reject: -1.5 < 65.0; PremiumElasticity hard reject: 0.00 < 1.00; TradeQuality below configured minimum; ConvexityEdge below excellent gate: 52.3 < 80.0,,0.0,UNVALIDATED_COST_MODEL,UNAVAILABLE,paper-strategy-e935c30a69b1,opportunity-score-e935c30a69b1,PAPER_OVERRIDE::FYERS_PAPER_PROXY_RESEARCH,SKIPPED_FORWARD_PROXY,268.35,269.35,80.15000000000003,0.0,True,False,3.2060000000000013,OBSERVED,,FYERS_PAPER_PROXY_RESEARCH
202608251031_1_MIDCPNIFTY_CE,30,2026-08-25T11:03:13.048927+05:30,MIDCPNIFTY,MIDCPNIFTY,NSE_INDEX,712afad509f5,"{""contract_quality_min"": 0.0, ""direction_min"": 1.2107026110819648, ""excellent_score_min"": 42.51115878741085, ""execution_quality_min"": 100.0, ""expected_required_ratio_min"": 1.6614350845170576, ""final_confidence_min"": 75.11017682023372, ""iv_crush_max"": 29.5, ""market_hostility_max"": 22.03042857367071, ""min_5depth_lots_each_side"": 27.0, ""min_top_book_lots"": 3.0, ""premium_elasticity_min"": 0.0, ""regime_confidence_min"": 60.0, ""spread_pct_max"": 0.7100591715976264, ""trade_quality_min"": 11.428571428571429}",42.51115878741085,CE,DataHealth invalid; Contract invalid: Quote stale or spread hard rejected.; SideDirection hard reject: 1.2 < 65.0; PremiumElasticity hard reject: 0.00 < 1.00; TradeQuality below configured minimum; ConvexityEdge below excellent gate: 52.3 < 80.0,DataHealth invalid; Contract invalid: Quote stale or spread hard rejected.; SideDirection hard reject: 1.2 < 65.0; PremiumElasticity hard reject: 0.00 < 1.00; TradeQuality below configured minimum; ConvexityEdge below excellent gate: 52.3 < 80.0,,0.0,UNVALIDATED_COST_MODEL,UNAVAILABLE,paper-strategy-e935c30a69b1,opportunity-score-e935c30a69b1,PAPER_OVERRIDE::FYERS_PAPER_PROXY_RESEARCH,SKIPPED_FORWARD_PROXY,43.55,43.85,1.2999999999999972,0.0,False,False,0.1538461538461535,OBSERVED,,FYERS_PAPER_PROXY_RESEARCH
202608251031_2_BANKNIFTY_CE,30,2026-08-25T11:03:13.048927+05:30,BANKNIFTY,BANKNIFTY,NSE_INDEX,2e840ccd58d1,"{""contract_quality_min"": 0.0, ""direction_min"": 1.3795277730121458, ""excellent_score_min"": 42.44138068776877, ""execution_quality_min"": 100.0, ""expected_required_ratio_min"": 2.122985295915677, ""final_confidence_min"": 74.59744011485772, ""iv_crush_max"": 29.5, ""market_hostility_max"": 22.41220645502826, ""min_5depth_lots_each_side"": 27.0, ""min_top_book_lots"": 2.0, ""premium_elasticity_min"": 0.0, ""regime_confidence_min"": 60.0, ""spread_pct_max"": 0.30418250950568615, ""trade_quality_min"": 9.635036496352976}",42.44138068776877,CE,DataHealth invalid; Contract invalid: Quote stale or spread hard rejected.; SideDirection hard reject: 1.4 < 65.0; PremiumElasticity hard reject: 0.00 < 1.00; TradeQuality below configured minimum; ConvexityEdge below excellent gate: 52.3 < 80.0,DataHealth invalid; Contract invalid: Quote stale or spread hard rejected.; SideDirection hard reject: 1.4 < 65.0; PremiumElasticity hard reject: 0.00 < 1.00; TradeQuality below configured minimum; ConvexityEdge below excellent gate: 52.3 < 80.0,,0.0,UNVALIDATED_COST_MODEL,UNAVAILABLE,paper-strategy-e935c30a69b1,opportunity-score-e935c30a69b1,PAPER_OVERRIDE::FYERS_PAPER_PROXY_RESEARCH,SKIPPED_FORWARD_PROXY,158.5,159.0,27.0,0.0,False,False,1.08,OBSERVED,,FYERS_PAPER_PROXY_RESEARCH
202608251031_3_BANKNIFTY_CE,30,2026-08-25T11:03:13.048927+05:30,BANKNIFTY,BANKNIFTY,NSE_INDEX,2e840ccd58d1,"{""contract_quality_min"": 0.0, ""direction_min"": 1.3795277730121458, ""excellent_score_min"": 42.44138068776877, ""execution_quality_min"": 100.0, ""expected_required_ratio_min"": 2.122985295915677, ""final_confidence_min"": 74.59744011485772, ""iv_crush_max"": 29.5, ""market_hostility_max"": 22.41220645502826, ""min_5depth_lots_each_side"": 26.0, ""min_top_book_lots"": 6.0, ""premium_elasticity_min"": 0.0, ""regime_confidence_min"": 60.0, ""spread_pct_max"": 0.3588823378620954, ""trade_quality_min"": 9.635036496352976}",42.44138068776877,CE,DataHealth invalid; Contract invalid: Quote stale or spread hard rejected.; SideDirection hard reject: 1.4 < 65.0; PremiumElasticity hard reject: 0.00 < 1.00; TradeQuality below configured minimum; ConvexityEdge below excellent gate: 52.3 < 80.0,DataHealth invalid; Contract invalid: Quote stale or spread hard rejected.; SideDirection hard reject: 1.4 < 65.0; PremiumElasticity hard reject: 0.00 < 1.00; TradeQuality below configured minimum; ConvexityEdge below excellent gate: 52.3 < 80.0,,0.0,UNVALIDATED_COST_MODEL,UNAVAILABLE,paper-strategy-e935c30a69b1,opportunity-score-e935c30a69b1,PAPER_OVERRIDE::FYERS_PAPER_PROXY_RESEARCH,SKIPPED_FORWARD_PROXY,231.35,232.1,36.29999999999998,0.0,False,False,1.4519999999999993,OBSERVED,,FYERS_PAPER_PROXY_RESEARCH
202608251031_4_BANKNIFTY_PE,30,2026-08-25T11:03:13.048927+05:30,BANKNIFTY,BANKNIFTY,NSE_INDEX,2e840ccd58d1,"{""contract_quality_min"": 0.0, ""direction_min"": 0.0, ""excellent_score_min"": 42.19306568862658, ""execution_quality_min"": 100.0, ""expected_required_ratio_min"": 2.122985295915677, ""final_confidence_min"": 74.18358178295408, ""iv_crush_max"": 29.5, ""market_hostility_max"": 22.41220645502826, ""min_5depth_lots_each_side"": 55.0, ""min_top_book_lots"": 2.0, ""premium_elasticity_min"": 0.0, ""regime_confidence_min"": 60.0, ""spread_pct_max"": 0.2820874471086037, ""trade_quality_min"": 9.635036496352976}",42.19306568862658,PE,DataHealth invalid; Contract invalid: Quote stale or spread hard rejected.; SideDirection hard reject: -1.4 < 65.0; PremiumElasticity hard reject: 0.00 < 1.00; TradeQuality below configured minimum; ConvexityEdge below excellent gate: 52.3 < 80.0,DataHealth invalid; Contract invalid: Quote stale or spread hard rejected.; SideDirection hard reject: -1.4 < 65.0; PremiumElasticity hard reject: 0.00 < 1.00; TradeQuality below configured minimum; ConvexityEdge below excellent gate: 52.3 < 80.0,,0.0,UNVALIDATED_COST_MODEL,UNAVAILABLE,paper-strategy-e935c30a69b1,opportunity-score-e935c30a69b1,PAPER_OVERRIDE::FYERS_PAPER_PROXY_RESEARCH,SKIPPED_FORWARD_PROXY,71.6,71.75,0.0,-17.025000000000006,False,False,-0.9605077574047958,OBSERVED,,FYERS_PAPER_PROXY_RESEARCH
202608251031_5_BANKNIFTY_PE,30,2026-08-25T11:03:13.048927+05:30,BANKNIFTY,BANKNIFTY,NSE_INDEX,2e840ccd58d1,"{""contract_quality_min"": 0.0, ""direction_min"": 0.0, ""excellent_score_min"": 42.19306568862658, ""execution_quality_min"": 100.0, ""expected_required_ratio_min"": 2.122985295915677, ""final_confidence_min"": 74.18358178295408, ""iv_crush_max"": 29.5, ""market_hostility_max"": 22.41220645502826, ""min_5depth_lots_each_side"": 17.0, ""min_top_book_lots"": 1.0, ""premium_elasticity_min"": 0.0, ""regime_confidence_min"": 60.0, ""spread_pct_max"": 0.21367521367522177, ""trade_quality_min"": 9.635036496352976}",42.19306568862658,PE,DataHealth invalid; Contract invalid: Quote stale or spread hard rejected.; SideDirection hard reject: -1.4 < 65.0; PremiumElasticity hard reject: 0.00 < 1.00; TradeQuality below configured minimum; ConvexityEdge below excellent gate: 52.3 < 80.0,DataHealth invalid; Contract invalid: Quote stale or spread hard rejected.; SideDirection hard reject: -1.4 < 65.0; PremiumElasticity hard reject: 0.00 < 1.00; TradeQuality below configured minimum; ConvexityEdge below excellent gate: 52.3 < 80.0,,0.0,UNVALIDATED_COST_MODEL,UNAVAILABLE,paper-strategy-e935c30a69b1,opportunity-score-e935c30a69b1,PAPER_OVERRIDE::FYERS_PAPER_PROXY_RESEARCH,SKIPPED_FORWARD_PROXY,115.9,116.1,0.0,-24.5,False,False,-0.98,OBSERVED,,FYERS_PAPER_PROXY_RESEARCH
202608251032_1_BANKNIFTY_CE,30,2026-08-25T11:03:13.048927+05:30,BANKNIFTY,BANKNIFTY,NSE_INDEX,2e840ccd58d1,"{""contract_quality_min"": 0.0, ""direction_min"": 5.268425770336796, ""excellent_score_min"": 49.02491569921006, ""execution_quality_min"": 100.0, ""expected_required_ratio_min"": 2.095078922270252, ""final_confidence_min"": 81.67185641984062, ""iv_crush_max"": 29.5, ""market_hostility_max"": 22.87811041426513, ""min_5depth_lots_each_side"": 28.0, ""min_top_book_lots"": 1.0, ""premium_elasticity_min"": 0.0, ""regime_confidence_min"": 60.0, ""spread_pct_max"": 0.2814919071076746, ""trade_quality_min"": 31.271975180967054}",49.02491569921006,CE,DataHealth invalid; Contract invalid: Quote stale or spread hard rejected.; SideDirection hard reject: 5.3 < 65.0; PremiumElasticity hard reject: 0.00 < 1.00; TradeQuality below configured minimum; ConvexityEdge below excellent gate: 52.3 < 80.0,DataHealth invalid; Contract invalid: Quote stale or spread hard rejected.; SideDirection hard reject: 5.3 < 65.0; PremiumElasticity hard reject: 0.00 < 1.00; TradeQuality below configured minimum; ConvexityEdge below excellent gate: 52.3 < 80.0,,0.0,UNVALIDATED_COST_MODEL,UNAVAILABLE,paper-strategy-e935c30a69b1,opportunity-score-e935c30a69b1,PAPER_OVERRIDE::FYERS_PAPER_PROXY_RESEARCH,SKIPPED_FORWARD_PROXY,158.5,159.0,16.399999999999977,0.0,False,False,0.6559999999999991,OBSERVED,,FYERS_PAPER_PROXY_RESEARCH
202608251032_2_BANKNIFTY_PE,30,2026-08-25T11:03:13.048927+05:30,BANKNIFTY,BANKNIFTY,NSE_INDEX,2e840ccd58d1,"{""contract_quality_min"": 0.0, ""direction_min"": 0.0, ""excellent_score_min"": 48.07659906054944, ""execution_quality_min"": 100.0, ""expected_required_ratio_min"": 2.095078922270252, ""final_confidence_min"": 80.0913286887396, ""iv_crush_max"": 29.5, ""market_hostility_max"": 22.87811041426513, ""min_5depth_lots_each_side"": 30.0, ""min_top_book_lots"": 2.0, ""premium_elasticity_min"": 0.0, ""regime_confidence_min"": 60.0, ""spread_pct_max"": 0.3120124804992244, ""trade_quality_min"": 31.271975180967054}",48.07659906054944,PE,DataHealth invalid; Contract invalid: Quote stale or spread hard rejected.; SideDirection hard reject: -5.3 < 65.0; PremiumElasticity hard reject: 0.00 < 1.00; TradeQuality below configured minimum; ConvexityEdge below excellent gate: 52.3 < 80.0,DataHealth invalid; Contract invalid: Quote stale or spread hard rejected.; SideDirection hard reject: -5.3 < 65.0; PremiumElasticity hard reject: 0.00 < 1.00; TradeQuality below configured minimum; ConvexityEdge below excellent gate: 52.3 < 80.0,,0.0,UNVALIDATED_COST_MODEL,UNAVAILABLE,paper-strategy-e935c30a69b1,opportunity-score-e935c30a69b1,PAPER_OVERRIDE::FYERS_PAPER_PROXY_RESEARCH,SKIPPED_FORWARD_PROXY,115.9,116.1,0.0,-12.299999999999983,False,False,-0.4919999999999993,OBSERVED,,FYERS_PAPER_PROXY_RESEARCH
202608251032_3_FINNIFTY_CE,30,2026-08-25T11:03:13.048927+05:30,FINNIFTY,FINNIFTY,NSE_INDEX,e172b0fef65b,"{""contract_quality_min"": 0.0, ""direction_min"": 0.0, ""excellent_score_min"": 39.47352350660397, ""execution_quality_min"": 100.0, ""expected_required_ratio_min"": 1.7582427048680032, ""final_confidence_min"": 71.57831081309392, ""iv_crush_max"": 29.5, ""market_hostility_max"": 22.897253967463527, ""min_5depth_lots_each_side"": 22.0, ""min_top_book_lots"": 2.0, ""premium_elasticity_min"": 0.0, ""regime_confidence_min"": 60.0, ""spread_pct_max"": 0.7446016381236038, ""trade_quality_min"": 0.2840236686418576}",39.47352350660397,CE,DataHealth invalid; Contract invalid: Quote stale or spread hard rejected.; SideDirection hard reject: -0.0 < 65.0; PremiumElasticity hard reject: 0.00 < 1.00; TradeQuality below configured minimum; ConvexityEdge below excellent gate: 52.3 < 80.0,DataHealth invalid; Contract invalid: Quote stale or spread hard rejected.; SideDirection hard reject: -0.0 < 65.0; PremiumElasticity hard reject: 0.00 < 1.00; TradeQuality below configured minimum; ConvexityEdge below excellent gate: 52.3 < 80.0,,0.0,UNVALIDATED_COST_MODEL,UNAVAILABLE,paper-strategy-e935c30a69b1,opportunity-score-e935c30a69b1,PAPER_OVERRIDE::FYERS_PAPER_PROXY_RESEARCH,SKIPPED_FORWARD_PROXY,75.2,75.9,8.049999999999997,0.0,False,False,0.5994043186895008,OBSERVED,,FYERS_PAPER_PROXY_RESEARCH
202608251032_4_FINNIFTY_PE,30,2026-08-25T11:03:13.048927+05:30,FINNIFTY,FINNIFTY,NSE_INDEX,e172b0fef65b,"{""contract_quality_min"": 0.0, ""direction_min"": 0.04597524999086784, ""excellent_score_min"": 38.82942116548328, ""execution_quality_min"": 95.65081409253963, ""expected_required_ratio_min"": 1.7582427048680032, ""final_confidence_min"": 71.59210338809119, ""iv_crush_max"": 29.5, ""market_hostility_max"": 22.897253967463527, ""min_5depth_lots_each_side"": 17.0, ""min_top_book_lots"": 7.0, ""premium_elasticity_min"": 0.0, ""regime_confidence_min"": 60.0, ""spread_pct_max"": 0.9014810045074086, ""trade_quality_min"": 0.2840236686418576}",38.82942116548328,PE,DataHealth invalid; Contract invalid: Quote stale or spread hard rejected.; SideDirection hard reject: 0.0 < 65.0; PremiumElasticity hard reject: 0.00 < 1.00; TradeQuality below configured minimum; ConvexityEdge below excellent gate: 52.3 < 80.0,DataHealth invalid; Contract invalid: Quote stale or spread hard rejected.; SideDirection hard reject: 0.0 < 65.0; PremiumElasticity hard reject: 0.00 < 1.00; TradeQuality below configured minimum; ConvexityEdge below excellent gate: 52.3 < 80.0,,0.0,UNVALIDATED_COST_MODEL,UNAVAILABLE,paper-strategy-e935c30a69b1,opportunity-score-e935c30a69b1,PAPER_OVERRIDE::FYERS_PAPER_PROXY_RESEARCH,SKIPPED_FORWARD_PROXY,35.65,36.05,0.0,-3.1750000000000043,False,False,-0.40888602704443067,OBSERVED,,FYERS_PAPER_PROXY_RESEARCH
202608251032_5_FINNIFTY_PE,30,2026-08-25T11:03:13.048927+05:30,FINNIFTY,FINNIFTY,NSE_INDEX,e172b0fef65b,"{""contract_quality_min"": 0.0, ""direction_min"": 0.04597524999086784, ""excellent_score_min"": 38.4084710902808, ""execution_quality_min"": 92.84448025785647, ""expected_required_ratio_min"": 1.7582427048680032, ""final_confidence_min"": 71.59210338809119, ""iv_crush_max"": 29.5, ""market_hostility_max"": 22.897253967463527, ""min_5depth_lots_each_side"": 7.0, ""min_top_book_lots"": 1.0, ""premium_elasticity_min"": 0.0, ""regime_confidence_min"": 60.0, ""spread_pct_max"": 0.9669621273166824, ""trade_quality_min"": 0.2840236686418576}",38.4084710902808,PE,DataHealth invalid; Contract invalid: Quote stale or spread hard rejected.; SideDirection hard reject: 0.0 < 65.0; PremiumElasticity hard reject: 0.00 < 1.00; TradeQuality below configured minimum; ConvexityEdge below excellent gate: 52.3 < 80.0,DataHealth invalid; Contract invalid: Quote stale or spread hard rejected.; SideDirection hard reject: 0.0 < 65.0; PremiumElasticity hard reject: 0.00 < 1.00; TradeQuality below configured minimum; ConvexityEdge below excellent gate: 52.3 < 80.0,,0.0,UNVALIDATED_COST_MODEL,UNAVAILABLE,paper-strategy-e935c30a69b1,opportunity-score-e935c30a69b1,PAPER_OVERRIDE::FYERS_PAPER_PROXY_RESEARCH,SKIPPED_FORWARD_PROXY,58.35,59.0,0.0,-3.6999999999999957,False,False,-0.29814665592264267,OBSERVED,,FYERS_PAPER_PROXY_RESEARCH
202608251045_1_FINNIFTY_CE,15,2026-08-25T11:03:13.048927+05:30,FINNIFTY,FINNIFTY,NSE_INDEX,e172b0fef65b,"{""contract_quality_min"": 0.0, ""direction_min"": 4.520310752210356, ""excellent_score_min"": 50.126241793968525, ""execution_quality_min"": 98.19548872180485, ""expected_required_ratio_min"": 1.6655359091086666, ""final_confidence_min"": 82.98720691817506, ""iv_crush_max"": 29.5, ""market_hostility_max"": 22.225929626950098, ""min_5depth_lots_each_side"": 9.0, ""min_top_book_lots"": 2.0, ""premium_elasticity_min"": 0.0, ""regime_confidence_min"": 60.0, ""spread_pct_max"": 0.8421052631578867, ""trade_quality_min"": 36.030534351145036}",50.126241793968525,CE,DataHealth invalid; Contract invalid: Quote stale or spread hard rejected.; SideDirection hard reject: 4.5 < 65.0; PremiumElasticity hard reject: 0.00 < 1.00; TradeQuality below configured minimum; ConvexityEdge below excellent gate: 52.3 < 80.0,DataHealth invalid; Contract invalid: Quote stale or spread hard rejected.; SideDirection hard reject: 4.5 < 65.0; PremiumElasticity hard reject: 0.00 < 1.00; TradeQuality below configured minimum; ConvexityEdge below excellent gate: 52.3 < 80.0,,0.0,UNVALIDATED_COST_MODEL,UNAVAILABLE,paper-strategy-e935c30a69b1,opportunity-score-e935c30a69b1,PAPER_OVERRIDE::FYERS_PAPER_PROXY_RESEARCH,SKIPPED_FORWARD_PROXY,75.2,75.9,3.950000000000003,0.0,False,False,0.27719298245614055,OBSERVED,,FYERS_PAPER_PROXY_RESEARCH
202608251045_2_FINNIFTY_PE,15,2026-08-25T11:03:13.048927+05:30,FINNIFTY,FINNIFTY,NSE_INDEX,e172b0fef65b,"{""contract_quality_min"": 0.0, ""direction_min"": 0.0, ""excellent_score_min"": 48.591150368003674, ""execution_quality_min"": 93.38591878469163, ""expected_required_ratio_min"": 1.6655359091086666, ""final_confidence_min"": 81.63111369251196, ""iv_crush_max"": 29.5, ""market_hostility_max"": 22.225929626950098, ""min_5depth_lots_each_side"": 11.0, ""min_top_book_lots"": 1.0, ""premium_elasticity_min"": 0.0, ""regime_confidence_min"": 60.0, ""spread_pct_max"": 0.9543285616905287, ""trade_quality_min"": 36.030534351145036}",48.591150368003674,PE,DataHealth invalid; Contract invalid: Quote stale or spread hard rejected.; SideDirection hard reject: -4.5 < 65.0; PremiumElasticity hard reject: 0.00 < 1.00; TradeQuality below configured minimum; ConvexityEdge below excellent gate: 52.3 < 80.0,DataHealth invalid; Contract invalid: Quote stale or spread hard rejected.; SideDirection hard reject: -4.5 < 65.0; PremiumElasticity hard reject: 0.00 < 1.00; TradeQuality below configured minimum; ConvexityEdge below excellent gate: 52.3 < 80.0,,0.0,UNVALIDATED_COST_MODEL,UNAVAILABLE,paper-strategy-e935c30a69b1,opportunity-score-e935c30a69b1,PAPER_OVERRIDE::FYERS_PAPER_PROXY_RESEARCH,SKIPPED_FORWARD_PROXY,35.65,36.05,0.0,-1.0249999999999986,False,False,-0.13974096796182667,OBSERVED,,FYERS_PAPER_PROXY_RESEARCH
202608251045_3_FINNIFTY_PE,15,2026-08-25T11:03:13.048927+05:30,FINNIFTY,FINNIFTY,NSE_INDEX,e172b0fef65b,"{""contract_quality_min"": 0.0, ""direction_min"": 0.0, ""excellent_score_min"": 47.6028776812873, ""execution_quality_min"": 87.52592770217623, ""expected_required_ratio_min"": 1.6655359091086666, ""final_confidence_min"": 80.53837344912131, ""iv_crush_max"": 29.5, ""market_hostility_max"": 22.225929626950098, ""min_5depth_lots_each_side"": 8.0, ""min_top_book_lots"": 1.0, ""premium_elasticity_min"": 0.0, ""regime_confidence_min"": 60.0, ""spread_pct_max"": 1.0910616869492213, ""trade_quality_min"": 36.030534351145036}",47.6028776812873,PE,DataHealth invalid; Contract invalid: Quote stale or spread hard rejected.; SideDirection hard reject: -4.5 < 65.0; PremiumElasticity hard reject: 0.00 < 1.00; TradeQuality below configured minimum; ConvexityEdge below excellent gate: 52.3 < 80.0,DataHealth invalid; Contract invalid: Quote stale or spread hard rejected.; SideDirection hard reject: -4.5 < 65.0; PremiumElasticity hard reject: 0.00 < 1.00; TradeQuality below configured minimum; ConvexityEdge below excellent gate: 52.3 < 80.0,,0.0,UNVALIDATED_COST_MODEL,UNAVAILABLE,paper-strategy-e935c30a69b1,opportunity-score-e935c30a69b1,PAPER_OVERRIDE::FYERS_PAPER_PROXY_RESEARCH,SKIPPED_FORWARD_PROXY,58.35,59.0,0.0,-1.2250000000000014,False,False,-0.10281158203944618,OBSERVED,,FYERS_PAPER_PROXY_RESEARCH
202608251045_4_MIDCPNIFTY_CE,15,2026-08-25T11:03:13.048927+05:30,MIDCPNIFTY,MIDCPNIFTY,NSE_INDEX,712afad509f5,"{""contract_quality_min"": 0.0, ""direction_min"": 0.0, ""excellent_score_min"": 46.168774540916374, ""execution_quality_min"": 100.0, ""expected_required_ratio_min"": 1.5496827821188814, ""final_confidence_min"": 74.40703257827974, ""iv_crush_max"": 29.5, ""market_hostility_max"": 20.36505714952142, ""min_5depth_lots_each_side"": 18.0, ""min_top_book_lots"": 2.0, ""premium_elasticity_min"": 0.0, ""regime_confidence_min"": 60.0, ""spread_pct_max"": 0.6197432492253235, ""trade_quality_min"": 10.201342281875}",46.168774540916374,CE,DataHealth invalid; Contract invalid: Quote stale or spread hard rejected.; SideDirection hard reject: -1.0 < 65.0; PremiumElasticity hard reject: 0.00 < 1.00; Expected/Required hard reject: 1.55 < 1.60; TradeQuality below configured minimum; ConvexityEdge below excellent gate: 71.3 < 80.0,DataHealth invalid; Contract invalid: Quote stale or spread hard rejected.; SideDirection hard reject: -1.0 < 65.0; PremiumElasticity hard reject: 0.00 < 1.00; Expected/Required hard reject: 1.55 < 1.60; TradeQuality below configured minimum; ConvexityEdge below excellent gate: 71.3 < 80.0,,0.0,UNVALIDATED_COST_MODEL,UNAVAILABLE,paper-strategy-e935c30a69b1,opportunity-score-e935c30a69b1,PAPER_OVERRIDE::FYERS_PAPER_PROXY_RESEARCH,SKIPPED_FORWARD_PROXY,61.95,62.3,5.4750000000000085,0.0,False,False,0.48472775564409104,OBSERVED,,FYERS_PAPER_PROXY_RESEARCH
202608251045_5_BANKNIFTY_CE,15,2026-08-25T11:03:13.048927+05:30,BANKNIFTY,BANKNIFTY,NSE_INDEX,2e840ccd58d1,"{""contract_quality_min"": 0.0, ""direction_min"": 3.189237368391936, ""excellent_score_min"": 45.414499337108296, ""execution_quality_min"": 100.0, ""expected_required_ratio_min"": 2.04484593391239, ""final_confidence_min"": 77.76974493086585, ""iv_crush_max"": 29.5, ""market_hostility_max"": 22.54397413030523, ""min_5depth_lots_each_side"": 66.0, ""min_top_book_lots"": 1.0, ""premium_elasticity_min"": 0.0, ""regime_confidence_min"": 60.0, ""spread_pct_max"": 0.2976190476190448, ""trade_quality_min"": 19.304531085356896}",45.414499337108296,CE,DataHealth invalid; Contract invalid: Quote stale or spread hard rejected.; SideDirection hard reject: 3.2 < 65.0; PremiumElasticity hard reject: 0.00 < 1.00; TradeQuality below configured minimum; ConvexityEdge below excellent gate: 52.3 < 80.0,DataHealth invalid; Contract invalid: Quote stale or spread hard rejected.; SideDirection hard reject: 3.2 < 65.0; PremiumElasticity hard reject: 0.00 < 1.00; TradeQuality below configured minimum; ConvexityEdge below excellent gate: 52.3 < 80.0,,0.0,UNVALIDATED_COST_MODEL,UNAVAILABLE,paper-strategy-e935c30a69b1,opportunity-score-e935c30a69b1,PAPER_OVERRIDE::FYERS_PAPER_PROXY_RESEARCH,SKIPPED_FORWARD_PROXY,102.55,102.7,1.7499999999999858,0.0,False,False,0.08680555555555483,OBSERVED,,FYERS_PAPER_PROXY_RESEARCH
202608251047_1_FINNIFTY_CE,15,2026-08-25T11:03:13.048927+05:30,FINNIFTY,FINNIFTY,NSE_INDEX,e172b0fef65b,"{""contract_quality_min"": 0.0, ""direction_min"": 4.21385707746027, ""excellent_score_min"": 49.868958453868444, ""execution_quality_min"": 94.99298344092041, ""expected_required_ratio_min"": 1.608965522912971, ""final_confidence_min"": 83.00522518435432, ""iv_crush_max"": 29.5, ""market_hostility_max"": 21.370182645080675, ""min_5depth_lots_each_side"": 7.0, ""min_top_book_lots"": 2.0, ""premium_elasticity_min"": 0.0, ""regime_confidence_min"": 60.0, ""spread_pct_max"": 0.9168303863785237, ""trade_quality_min"": 36.24382207578428}",49.868958453868444,CE,DataHealth invalid; Contract invalid: Quote stale or spread hard rejected.; SideDirection hard reject: 4.2 < 65.0; PremiumElasticity hard reject: 0.00 < 1.00; TradeQuality below configured minimum; ConvexityEdge below excellent gate: 52.3 < 80.0,DataHealth invalid; Contract invalid: Quote stale or spread hard rejected.; SideDirection hard reject: 4.2 < 65.0; PremiumElasticity hard reject: 0.00 < 1.00; TradeQuality below configured minimum; ConvexityEdge below excellent gate: 52.3 < 80.0,,0.0,UNVALIDATED_COST_MODEL,UNAVAILABLE,paper-strategy-e935c30a69b1,opportunity-score-e935c30a69b1,PAPER_OVERRIDE::FYERS_PAPER_PROXY_RESEARCH,SKIPPED_FORWARD_PROXY,75.2,75.9,0.0,-1.1499999999999915,False,False,-0.07531106745252072,OBSERVED,,FYERS_PAPER_PROXY_RESEARCH
202608251047_2_FINNIFTY_PE,15,2026-08-25T11:03:13.048927+05:30,FINNIFTY,FINNIFTY,NSE_INDEX,e172b0fef65b,"{""contract_quality_min"": 0.0, ""direction_min"": 0.0, ""excellent_score_min"": 49.11740363396021, ""execution_quality_min"": 95.03924646781789, ""expected_required_ratio_min"": 1.608965522912971, ""final_confidence_min"": 81.74106806111624, ""iv_crush_max"": 29.5, ""market_hostility_max"": 21.370182645080675, ""min_5depth_lots_each_side"": 6.0, ""min_top_book_lots"": 1.0, ""premium_elasticity_min"": 0.0, ""regime_confidence_min"": 60.0, ""spread_pct_max"": 0.9157509157509158, ""trade_quality_min"": 36.24382207578428}",49.11740363396021,PE,DataHealth invalid; Contract invalid: Quote stale or spread hard rejected.; SideDirection hard reject: -4.2 < 65.0; PremiumElasticity hard reject: 0.00 < 1.00; TradeQuality below configured minimum; ConvexityEdge below excellent gate: 52.3 < 80.0,DataHealth invalid; Contract invalid: Quote stale or spread hard rejected.; SideDirection hard reject: -4.2 < 65.0; PremiumElasticity hard reject: 0.00 < 1.00; TradeQuality below configured minimum; ConvexityEdge below excellent gate: 52.3 < 80.0,,0.0,UNVALIDATED_COST_MODEL,UNAVAILABLE,paper-strategy-e935c30a69b1,opportunity-score-e935c30a69b1,PAPER_OVERRIDE::FYERS_PAPER_PROXY_RESEARCH,SKIPPED_FORWARD_PROXY,58.35,59.0,3.75,0.0,False,False,0.34340659340659335,OBSERVED,,FYERS_PAPER_PROXY_RESEARCH
202608251047_3_BANKNIFTY_CE,15,2026-08-25T11:03:13.048927+05:30,BANKNIFTY,BANKNIFTY,NSE_INDEX,2e840ccd58d1,"{""contract_quality_min"": 0.0, ""direction_min"": 4.109525828631031, ""excellent_score_min"": 48.22559895987177, ""execution_quality_min"": 100.0, ""expected_required_ratio_min"": 2.009670050369944, ""final_confidence_min"": 80.57521023630211, ""iv_crush_max"": 29.5, ""market_hostility_max"": 21.8653416255706, ""min_5depth_lots_each_side"": 24.0, ""min_top_book_lots"": 1.0, ""premium_elasticity_min"": 0.0, ""regime_confidence_min"": 60.0, ""spread_pct_max"": 0.23894862604540024, ""trade_quality_min"": 28.195937873358208}",48.22559895987177,CE,DataHealth invalid; Contract invalid: Quote stale or spread hard rejected.; SideDirection hard reject: 4.1 < 65.0; PremiumElasticity hard reject: 0.00 < 1.00; TradeQuality below configured minimum; ConvexityEdge below excellent gate: 52.3 < 80.0,DataHealth invalid; Contract invalid: Quote stale or spread hard rejected.; SideDirection hard reject: 4.1 < 65.0; PremiumElasticity hard reject: 0.00 < 1.00; TradeQuality below configured minimum; ConvexityEdge below excellent gate: 52.3 < 80.0,,0.0,UNVALIDATED_COST_MODEL,UNAVAILABLE,paper-strategy-e935c30a69b1,opportunity-score-e935c30a69b1,PAPER_OVERRIDE::FYERS_PAPER_PROXY_RESEARCH,SKIPPED_FORWARD_PROXY,102.55,102.7,0.0,-2.075000000000003,False,False,-0.09916367980884123,OBSERVED,,FYERS_PAPER_PROXY_RESEARCH
202608251047_4_BANKNIFTY_CE,15,2026-08-25T11:03:13.048927+05:30,BANKNIFTY,BANKNIFTY,NSE_INDEX,2e840ccd58d1,"{""contract_quality_min"": 0.0, ""direction_min"": 4.109525828631031, ""excellent_score_min"": 48.22559895987177, ""execution_quality_min"": 100.0, ""expected_required_ratio_min"": 2.009670050369944, ""final_confidence_min"": 80.57521023630211, ""iv_crush_max"": 29.5, ""market_hostility_max"": 21.8653416255706, ""min_5depth_lots_each_side"": 31.0, ""min_top_book_lots"": 1.0, ""premium_elasticity_min"": 0.0, ""regime_confidence_min"": 60.0, ""spread_pct_max"": 0.3734827264238994, ""trade_quality_min"": 28.195937873358208}",48.22559895987177,CE,DataHealth invalid; Contract invalid: Quote stale or spread hard rejected.; SideDirection hard reject: 4.1 < 65.0; PremiumElasticity hard reject: 0.00 < 1.00; TradeQuality below configured minimum; ConvexityEdge below excellent gate: 52.3 < 80.0,DataHealth invalid; Contract invalid: Quote stale or spread hard rejected.; SideDirection hard reject: 4.1 < 65.0; PremiumElasticity hard reject: 0.00 < 1.00; TradeQuality below configured minimum; ConvexityEdge below excellent gate: 52.3 < 80.0,,0.0,UNVALIDATED_COST_MODEL,UNAVAILABLE,paper-strategy-e935c30a69b1,opportunity-score-e935c30a69b1,PAPER_OVERRIDE::FYERS_PAPER_PROXY_RESEARCH,SKIPPED_FORWARD_PROXY,158.5,159.0,0.0,-2.1499999999999773,False,False,-0.08599999999999909,OBSERVED,,FYERS_PAPER_PROXY_RESEARCH
202608251047_5_BANKNIFTY_PE,15,2026-08-25T11:03:13.048927+05:30,BANKNIFTY,BANKNIFTY,NSE_INDEX,2e840ccd58d1,"{""contract_quality_min"": 0.0, ""direction_min"": 0.0, ""excellent_score_min"": 47.48588431071818, ""execution_quality_min"": 100.0, ""expected_required_ratio_min"": 2.009670050369944, ""final_confidence_min"": 79.3423524877128, ""iv_crush_max"": 29.5, ""market_hostility_max"": 21.8653416255706, ""min_5depth_lots_each_side"": 32.0, ""min_top_book_lots"": 2.0, ""premium_elasticity_min"": 0.0, ""regime_confidence_min"": 60.0, ""spread_pct_max"": 0.2628120893561079, ""trade_quality_min"": 28.195937873358208}",47.48588431071818,PE,DataHealth invalid; Contract invalid: Quote stale or spread hard rejected.; SideDirection hard reject: -4.1 < 65.0; PremiumElasticity hard reject: 0.00 < 1.00; TradeQuality below configured minimum; ConvexityEdge below excellent gate: 52.3 < 80.0,DataHealth invalid; Contract invalid: Quote stale or spread hard rejected.; SideDirection hard reject: -4.1 < 65.0; PremiumElasticity hard reject: 0.00 < 1.00; TradeQuality below configured minimum; ConvexityEdge below excellent gate: 52.3 < 80.0,,0.0,UNVALIDATED_COST_MODEL,UNAVAILABLE,paper-strategy-e935c30a69b1,opportunity-score-e935c30a69b1,PAPER_OVERRIDE::FYERS_PAPER_PROXY_RESEARCH,SKIPPED_FORWARD_PROXY,115.9,116.1,1.75,0.0,False,False,0.07665352606219886,OBSERVED,,FYERS_PAPER_PROXY_RESEARCH
202608251057_1_BANKNIFTY_CE,5,2026-08-25T11:03:13.048927+05:30,BANKNIFTY,BANKNIFTY,NSE_INDEX,2e840ccd58d1,"{""contract_quality_min"": 0.0, ""direction_min"": 5.454197610309698, ""excellent_score_min"": 41.9165112371688, ""execution_quality_min"": 96.39379733141003, ""expected_required_ratio_min"": 1.9125535878316404, ""final_confidence_min"": 78.23883448736066, ""iv_crush_max"": 29.5, ""market_hostility_max"": 24.349968630681623, ""min_5depth_lots_each_side"": 29.0, ""min_top_book_lots"": 2.0, ""premium_elasticity_min"": 0.0, ""regime_confidence_min"": 60.0, ""spread_pct_max"": 0.3606202668589975, ""trade_quality_min"": 19.735682819380713}",41.9165112371688,CE,DataHealth invalid; Contract invalid: Quote stale or spread hard rejected.; SideDirection hard reject: 5.5 < 65.0; PremiumElasticity hard reject: 0.00 < 1.00; TradeQuality below configured minimum; ConvexityEdge below excellent gate: 37.3 < 80.0,DataHealth invalid; Contract invalid: Quote stale or spread hard rejected.; SideDirection hard reject: 5.5 < 65.0; PremiumElasticity hard reject: 0.00 < 1.00; TradeQuality below configured minimum; ConvexityEdge below excellent gate: 37.3 < 80.0,,0.0,UNVALIDATED_COST_MODEL,UNAVAILABLE,paper-strategy-e935c30a69b1,opportunity-score-e935c30a69b1,PAPER_OVERRIDE::FYERS_PAPER_PROXY_RESEARCH,SKIPPED_FORWARD_PROXY,102.55,102.7,0.0,-36.10000000000001,False,True,-1.4440000000000004,OBSERVED,,FYERS_PAPER_PROXY_RESEARCH
202608251057_2_BANKNIFTY_PE,5,2026-08-25T11:03:13.048927+05:30,BANKNIFTY,BANKNIFTY,NSE_INDEX,2e840ccd58d1,"{""contract_quality_min"": 0.0, ""direction_min"": 0.0, ""excellent_score_min"": 41.038495744080706, ""execution_quality_min"": 97.0853978431944, ""expected_required_ratio_min"": 1.9125535878316404, ""final_confidence_min"": 76.60257520426777, ""iv_crush_max"": 29.5, ""market_hostility_max"": 24.349968630681623, ""min_5depth_lots_each_side"": 18.0, ""min_top_book_lots"": 1.0, ""premium_elasticity_min"": 0.0, ""regime_confidence_min"": 60.0, ""spread_pct_max"": 0.2914602156805596, ""trade_quality_min"": 19.735682819380713}",41.038495744080706,PE,DataHealth invalid; Contract invalid: Quote stale or spread hard rejected.; SideDirection hard reject: -5.5 < 65.0; PremiumElasticity hard reject: 0.00 < 1.00; TradeQuality below configured minimum; ConvexityEdge below excellent gate: 37.3 < 80.0,DataHealth invalid; Contract invalid: Quote stale or spread hard rejected.; SideDirection hard reject: -5.5 < 65.0; PremiumElasticity hard reject: 0.00 < 1.00; TradeQuality below configured minimum; ConvexityEdge below excellent gate: 37.3 < 80.0,,0.0,UNVALIDATED_COST_MODEL,UNAVAILABLE,paper-strategy-e935c30a69b1,opportunity-score-e935c30a69b1,PAPER_OVERRIDE::FYERS_PAPER_PROXY_RESEARCH,SKIPPED_FORWARD_PROXY,115.9,116.1,30.125,0.0,False,False,1.7560477994753716,OBSERVED,,FYERS_PAPER_PROXY_RESEARCH
202608251057_3_BANKNIFTY_CE,5,2026-08-25T11:03:13.048927+05:30,BANKNIFTY,BANKNIFTY,NSE_INDEX,2e840ccd58d1,"{""contract_quality_min"": 0.0, ""direction_min"": 5.454197610309698, ""excellent_score_min"": 40.778737820101206, ""execution_quality_min"": 96.80864121762609, ""expected_required_ratio_min"": 1.9125535878316404, ""final_confidence_min"": 78.23883448736066, ""iv_crush_max"": 29.5, ""market_hostility_max"": 24.349968630681623, ""min_5depth_lots_each_side"": 9.0, ""min_top_book_lots"": 1.0, ""premium_elasticity_min"": 0.0, ""regime_confidence_min"": 60.0, ""spread_pct_max"": 0.3191358782373908, ""trade_quality_min"": 19.735682819380713}",40.778737820101206,CE,DataHealth invalid; Contract invalid: Quote stale or spread hard rejected.; SideDirection hard reject: 5.5 < 65.0; PremiumElasticity hard reject: 0.00 < 1.00; TradeQuality below configured minimum; ConvexityEdge below excellent gate: 31.3 < 80.0,DataHealth invalid; Contract invalid: Quote stale or spread hard rejected.; SideDirection hard reject: 5.5 < 65.0; PremiumElasticity hard reject: 0.00 < 1.00; TradeQuality below configured minimum; ConvexityEdge below excellent gate: 31.3 < 80.0,,0.0,UNVALIDATED_COST_MODEL,UNAVAILABLE,paper-strategy-e935c30a69b1,opportunity-score-e935c30a69b1,PAPER_OVERRIDE::FYERS_PAPER_PROXY_RESEARCH,SKIPPED_FORWARD_PROXY,158.5,159.0,0.0,-45.17500000000001,False,True,-1.8070000000000004,OBSERVED,,FYERS_PAPER_PROXY_RESEARCH
202608251057_4_BANKNIFTY_CE,5,2026-08-25T11:03:13.048927+05:30,BANKNIFTY,BANKNIFTY,NSE_INDEX,2e840ccd58d1,"{""contract_quality_min"": 0.0, ""direction_min"": 5.454197610309698, ""excellent_score_min"": 40.263718142970454, ""execution_quality_min"": 96.0418433700877, ""expected_required_ratio_min"": 1.9125535878316404, ""final_confidence_min"": 78.23883448736066, ""iv_crush_max"": 29.5, ""market_hostility_max"": 24.349968630681623, ""min_5depth_lots_each_side"": 17.0, ""min_top_book_lots"": 1.0, ""premium_elasticity_min"": 0.0, ""regime_confidence_min"": 60.0, ""spread_pct_max"": 0.39581566299122906, ""trade_quality_min"": 19.735682819380713}",40.263718142970454,CE,DataHealth invalid; Contract invalid: Quote stale or spread hard rejected.; SideDirection hard reject: 5.5 < 65.0; PremiumElasticity hard reject: 0.00 < 1.00; TradeQuality below configured minimum; ConvexityEdge below excellent gate: 29.3 < 80.0,DataHealth invalid; Contract invalid: Quote stale or spread hard rejected.; SideDirection hard reject: 5.5 < 65.0; PremiumElasticity hard reject: 0.00 < 1.00; TradeQuality below configured minimum; ConvexityEdge below excellent gate: 29.3 < 80.0,,0.0,UNVALIDATED_COST_MODEL,UNAVAILABLE,paper-strategy-e935c30a69b1,opportunity-score-e935c30a69b1,PAPER_OVERRIDE::FYERS_PAPER_PROXY_RESEARCH,SKIPPED_FORWARD_PROXY,62.75,62.95,0.0,-25.674999999999997,False,True,-1.4517953067571387,OBSERVED,,FYERS_PAPER_PROXY_RESEARCH
202608251057_5_BANKNIFTY_PE,5,2026-08-25T11:03:13.048927+05:30,BANKNIFTY,BANKNIFTY,NSE_INDEX,2e840ccd58d1,"{""contract_quality_min"": 0.0, ""direction_min"": 0.0, ""excellent_score_min"": 39.72360656815363, ""execution_quality_min"": 96.31947000368054, ""expected_required_ratio_min"": 1.9125535878316404, ""final_confidence_min"": 76.60257520426777, ""iv_crush_max"": 29.5, ""market_hostility_max"": 24.349968630681623, ""min_5depth_lots_each_side"": 36.0, ""min_top_book_lots"": 4.0, ""premium_elasticity_min"": 0.0, ""regime_confidence_min"": 60.0, ""spread_pct_max"": 0.36805299963194704, ""trade_quality_min"": 19.735682819380713}",39.72360656815363,PE,DataHealth invalid; Contract invalid: Quote stale or spread hard rejected.; SideDirection hard reject: -5.5 < 65.0; PremiumElasticity hard reject: 0.00 < 1.00; TradeQuality below configured minimum; ConvexityEdge below excellent gate: 31.3 < 80.0,DataHealth invalid; Contract invalid: Quote stale or spread hard rejected.; SideDirection hard reject: -5.5 < 65.0; PremiumElasticity hard reject: 0.00 < 1.00; TradeQuality below configured minimum; ConvexityEdge below excellent gate: 31.3 < 80.0,,0.0,UNVALIDATED_COST_MODEL,UNAVAILABLE,paper-strategy-e935c30a69b1,opportunity-score-e935c30a69b1,PAPER_OVERRIDE::FYERS_PAPER_PROXY_RESEARCH,SKIPPED_FORWARD_PROXY,176.8,177.25,40.95000000000002,0.0,False,False,1.6380000000000008,OBSERVED,,FYERS_PAPER_PROXY_RESEARCH
202608251034_1_BANKNIFTY_CE,30,2026-08-25T11:05:11.204485+05:30,BANKNIFTY,BANKNIFTY,NSE_INDEX,2e840ccd58d1,"{""contract_quality_min"": 0.0, ""direction_min"": 9.389090497205114, ""excellent_score_min"": 55.1118322521755, ""execution_quality_min"": 100.0, ""expected_required_ratio_min"": 2.113553050792116, ""final_confidence_min"": 88.07870613675637, ""iv_crush_max"": 29.5, ""market_hostility_max"": 22.86141628490899, ""min_5depth_lots_each_side"": 49.0, ""min_top_book_lots"": 4.0, ""premium_elasticity_min"": 0.0, ""regime_confidence_min"": 60.0, ""spread_pct_max"": 0.3115264797507758, ""trade_quality_min"": 50.567808540585354}",55.1118322521755,CE,DataHealth invalid; Contract invalid: Quote stale or spread hard rejected.; SideDirection hard reject: 9.4 < 65.0; PremiumElasticity hard reject: 0.00 < 1.00; TradeQuality below configured minimum; ConvexityEdge below excellent gate: 52.3 < 80.0,DataHealth invalid; Contract invalid: Quote stale or spread hard rejected.; SideDirection hard reject: 9.4 < 65.0; PremiumElasticity hard reject: 0.00 < 1.00; TradeQuality below configured minimum; ConvexityEdge below excellent gate: 52.3 < 80.0,,0.0,UNVALIDATED_COST_MODEL,UNAVAILABLE,paper-strategy-e935c30a69b1,opportunity-score-e935c30a69b1,PAPER_OVERRIDE::FYERS_PAPER_PROXY_RESEARCH,SKIPPED_FORWARD_PROXY,95.15,95.4,0.0,-1.1500000000000057,False,False,-0.059709241952232886,OBSERVED,,FYERS_PAPER_PROXY_RESEARCH
202608251034_2_BANKNIFTY_CE,30,2026-08-25T11:05:11.204485+05:30,BANKNIFTY,BANKNIFTY,NSE_INDEX,2e840ccd58d1,"{""contract_quality_min"": 0.0, ""direction_min"": 9.389090497205114, ""excellent_score_min"": 55.1118322521755, ""execution_quality_min"": 100.0, ""expected_required_ratio_min"": 2.113553050792116, ""final_confidence_min"": 88.07870613675637, ""iv_crush_max"": 29.5, ""market_hostility_max"": 22.86141628490899, ""min_5depth_lots_each_side"": 27.0, ""min_top_book_lots"": 3.0, ""premium_elasticity_min"": 0.0, ""regime_confidence_min"": 60.0, ""spread_pct_max"": 0.2685464921114506, ""trade_quality_min"": 50.567808540585354}",55.1118322521755,CE,DataHealth invalid; Contract invalid: Quote stale or spread hard rejected.; SideDirection hard reject: 9.4 < 65.0; PremiumElasticity hard reject: 0.00 < 1.00; TradeQuality below configured minimum; ConvexityEdge below excellent gate: 52.3 < 80.0,DataHealth invalid; Contract invalid: Quote stale or spread hard rejected.; SideDirection hard reject: 9.4 < 65.0; PremiumElasticity hard reject: 0.00 < 1.00; TradeQuality below configured minimum; ConvexityEdge below excellent gate: 52.3 < 80.0,,0.0,UNVALIDATED_COST_MODEL,UNAVAILABLE,paper-strategy-e935c30a69b1,opportunity-score-e935c30a69b1,PAPER_OVERRIDE::FYERS_PAPER_PROXY_RESEARCH,SKIPPED_FORWARD_PROXY,149.3,149.5,0.35000000000002274,0.0,False,False,0.01400000000000091,OBSERVED,,FYERS_PAPER_PROXY_RESEARCH
202608251034_3_BANKNIFTY_PE,30,2026-08-25T11:05:11.204485+05:30,BANKNIFTY,BANKNIFTY,NSE_INDEX,2e840ccd58d1,"{""contract_quality_min"": 0.0, ""direction_min"": 0.0, ""excellent_score_min"": 53.42179596267858, ""execution_quality_min"": 100.0, ""expected_required_ratio_min"": 2.113553050792116, ""final_confidence_min"": 85.26197898759484, ""iv_crush_max"": 29.5, ""market_hostility_max"": 22.86141628490899, ""min_5depth_lots_each_side"": 20.0, ""min_top_book_lots"": 1.0, ""premium_elasticity_min"": 0.0, ""regime_confidence_min"": 60.0, ""spread_pct_max"": 0.3255561584373273, ""trade_quality_min"": 50.567808540585354}",53.42179596267858,PE,DataHealth invalid; Contract invalid: Quote stale or spread hard rejected.; SideDirection hard reject: -9.4 < 65.0; PremiumElasticity hard reject: 0.00 < 1.00; TradeQuality below configured minimum; ConvexityEdge below excellent gate: 52.3 < 80.0,DataHealth invalid; Contract invalid: Quote stale or spread hard rejected.; SideDirection hard reject: -9.4 < 65.0; PremiumElasticity hard reject: 0.00 < 1.00; TradeQuality below configured minimum; ConvexityEdge below excellent gate: 52.3 < 80.0,,0.0,UNVALIDATED_COST_MODEL,UNAVAILABLE,paper-strategy-e935c30a69b1,opportunity-score-e935c30a69b1,PAPER_OVERRIDE::FYERS_PAPER_PROXY_RESEARCH,SKIPPED_FORWARD_PROXY,184.3,184.9,0.0,0.0,False,False,0.0,OBSERVED,,FYERS_PAPER_PROXY_RESEARCH
202608251034_4_FINNIFTY_CE,30,2026-08-25T11:05:11.204485+05:30,FINNIFTY,FINNIFTY,NSE_INDEX,e172b0fef65b,"{""contract_quality_min"": 0.0, ""direction_min"": 4.966877899501428, ""excellent_score_min"": 46.96449493998749, ""execution_quality_min"": 100.0, ""expected_required_ratio_min"": 1.7242365546308258, ""final_confidence_min"": 79.45838975542773, ""iv_crush_max"": 29.5, ""market_hostility_max"": 22.826029783597058, ""min_5depth_lots_each_side"": 14.0, ""min_top_book_lots"": 1.0, ""premium_elasticity_min"": 0.0, ""regime_confidence_min"": 60.0, ""spread_pct_max"": 0.4366812227074195, ""trade_quality_min"": 24.04452690167506}",46.96449493998749,CE,DataHealth invalid; Contract invalid: Quote stale or spread hard rejected.; SideDirection hard reject: 5.0 < 65.0; PremiumElasticity hard reject: 0.00 < 1.00; TradeQuality below configured minimum; ConvexityEdge below excellent gate: 52.3 < 80.0,DataHealth invalid; Contract invalid: Quote stale or spread hard rejected.; SideDirection hard reject: 5.0 < 65.0; PremiumElasticity hard reject: 0.00 < 1.00; TradeQuality below configured minimum; ConvexityEdge below excellent gate: 52.3 < 80.0,,0.0,UNVALIDATED_COST_MODEL,UNAVAILABLE,paper-strategy-e935c30a69b1,opportunity-score-e935c30a69b1,PAPER_OVERRIDE::FYERS_PAPER_PROXY_RESEARCH,SKIPPED_FORWARD_PROXY,69.65,70.3,0.950000000000017,0.0,False,False,0.06914119359534332,OBSERVED,,FYERS_PAPER_PROXY_RESEARCH
202608251034_5_FINNIFTY_PE,30,2026-08-25T11:05:11.204485+05:30,FINNIFTY,FINNIFTY,NSE_INDEX,e172b0fef65b,"{""contract_quality_min"": 0.0, ""direction_min"": 0.0, ""excellent_score_min"": 45.51743925511188, ""execution_quality_min"": 96.313215580231, ""expected_required_ratio_min"": 1.7242365546308258, ""final_confidence_min"": 77.96832638557731, ""iv_crush_max"": 29.5, ""market_hostility_max"": 22.826029783597058, ""min_5depth_lots_each_side"": 9.0, ""min_top_book_lots"": 1.0, ""premium_elasticity_min"": 0.0, ""regime_confidence_min"": 60.0, ""spread_pct_max"": 0.8860249697946101, ""trade_quality_min"": 24.04452690167506}",45.51743925511188,PE,DataHealth invalid; Contract invalid: Quote stale or spread hard rejected.; SideDirection hard reject: -5.0 < 65.0; PremiumElasticity hard reject: 0.00 < 1.00; TradeQuality below configured minimum; ConvexityEdge below excellent gate: 52.3 < 80.0,DataHealth invalid; Contract invalid: Quote stale or spread hard rejected.; SideDirection hard reject: -5.0 < 65.0; PremiumElasticity hard reject: 0.00 < 1.00; TradeQuality below configured minimum; ConvexityEdge below excellent gate: 52.3 < 80.0,,0.0,UNVALIDATED_COST_MODEL,UNAVAILABLE,paper-strategy-e935c30a69b1,opportunity-score-e935c30a69b1,PAPER_OVERRIDE::FYERS_PAPER_PROXY_RESEARCH,SKIPPED_FORWARD_PROXY,60.15,60.7,0.0,-1.9250000000000043,False,False,-0.15505436971405592,OBSERVED,,FYERS_PAPER_PROXY_RESEARCH
202608251059_1_FINNIFTY_PE,5,2026-08-25T11:05:11.204485+05:30,FINNIFTY,FINNIFTY,NSE_INDEX,e172b0fef65b,"{""contract_quality_min"": 0.0, ""direction_min"": 5.002926023248209, ""excellent_score_min"": 42.55264408109432, ""execution_quality_min"": 89.17944093778176, ""expected_required_ratio_min"": 1.6146036194857252, ""final_confidence_min"": 78.77581587571683, ""iv_crush_max"": 29.5, ""market_hostility_max"": 22.71866302549902, ""min_5depth_lots_each_side"": 9.0, ""min_top_book_lots"": 2.0, ""premium_elasticity_min"": 0.0, ""regime_confidence_min"": 60.0, ""spread_pct_max"": 1.082055906221824, ""trade_quality_min"": 25.033492822971592}",42.55264408109432,PE,DataHealth invalid; Contract invalid: Quote stale or spread hard rejected.; SideDirection hard reject: 5.0 < 65.0; PremiumElasticity hard reject: 0.00 < 1.00; TradeQuality below configured minimum; ConvexityEdge below excellent gate: 37.3 < 80.0,DataHealth invalid; Contract invalid: Quote stale or spread hard rejected.; SideDirection hard reject: 5.0 < 65.0; PremiumElasticity hard reject: 0.00 < 1.00; TradeQuality below configured minimum; ConvexityEdge below excellent gate: 37.3 < 80.0,,0.0,UNVALIDATED_COST_MODEL,UNAVAILABLE,paper-strategy-e935c30a69b1,opportunity-score-e935c30a69b1,PAPER_OVERRIDE::FYERS_PAPER_PROXY_RESEARCH,SKIPPED_FORWARD_PROXY,60.15,60.7,4.699999999999996,0.0,False,False,0.42380522993687963,OBSERVED,,FYERS_PAPER_PROXY_RESEARCH
202608251059_2_FINNIFTY_PE,5,2026-08-25T11:05:11.204485+05:30,FINNIFTY,FINNIFTY,NSE_INDEX,e172b0fef65b,"{""contract_quality_min"": 0.0, ""direction_min"": 5.002926023248209, ""excellent_score_min"": 41.926798734865905, ""execution_quality_min"": 92.35069137981769, ""expected_required_ratio_min"": 1.6146036194857252, ""final_confidence_min"": 79.76048675037872, ""iv_crush_max"": 29.5, ""market_hostility_max"": 22.71866302549902, ""min_5depth_lots_each_side"": 7.0, ""min_top_book_lots"": 1.0, ""premium_elasticity_min"": 0.0, ""regime_confidence_min"": 60.0, ""spread_pct_max"": 0.7649308620182307, ""trade_quality_min"": 25.033492822971592}",41.926798734865905,PE,DataHealth invalid; Contract invalid: Quote stale or spread hard rejected.; SideDirection hard reject: 5.0 < 65.0; PremiumElasticity hard reject: 0.00 < 1.00; TradeQuality below configured minimum; ConvexityEdge below excellent gate: 31.3 < 80.0,DataHealth invalid; Contract invalid: Quote stale or spread hard rejected.; SideDirection hard reject: 5.0 < 65.0; PremiumElasticity hard reject: 0.00 < 1.00; TradeQuality below configured minimum; ConvexityEdge below excellent gate: 31.3 < 80.0,,0.0,UNVALIDATED_COST_MODEL,UNAVAILABLE,paper-strategy-e935c30a69b1,opportunity-score-e935c30a69b1,PAPER_OVERRIDE::FYERS_PAPER_PROXY_RESEARCH,SKIPPED_FORWARD_PROXY,91.8,92.55,6.825000000000003,0.0,False,False,0.4015887025595765,OBSERVED,,FYERS_PAPER_PROXY_RESEARCH
202608251059_3_FINNIFTY_PE,5,2026-08-25T11:05:11.204485+05:30,FINNIFTY,FINNIFTY,NSE_INDEX,e172b0fef65b,"{""contract_quality_min"": 0.0, ""direction_min"": 5.002926023248209, ""excellent_score_min"": 41.31672896454484, ""execution_quality_min"": 90.95022624434398, ""expected_required_ratio_min"": 1.6146036194857252, ""final_confidence_min"": 79.76048675037872, ""iv_crush_max"": 29.5, ""market_hostility_max"": 22.71866302549902, ""min_5depth_lots_each_side"": 12.0, ""min_top_book_lots"": 1.0, ""premium_elasticity_min"": 0.0, ""regime_confidence_min"": 60.0, ""spread_pct_max"": 0.9049773755656023, ""trade_quality_min"": 25.033492822971592}",41.31672896454484,PE,DataHealth invalid; Contract invalid: Quote stale or spread hard rejected.; SideDirection hard reject: 5.0 < 65.0; PremiumElasticity hard reject: 0.00 < 1.00; TradeQuality below configured minimum; ConvexityEdge below excellent gate: 29.3 < 80.0,DataHealth invalid; Contract invalid: Quote stale or spread hard rejected.; SideDirection hard reject: 5.0 < 65.0; PremiumElasticity hard reject: 0.00 < 1.00; TradeQuality below configured minimum; ConvexityEdge below excellent gate: 29.3 < 80.0,,0.0,UNVALIDATED_COST_MODEL,UNAVAILABLE,paper-strategy-e935c30a69b1,opportunity-score-e935c30a69b1,PAPER_OVERRIDE::FYERS_PAPER_PROXY_RESEARCH,SKIPPED_FORWARD_PROXY,36.9,37.3,3.75,0.0,False,False,0.5656108597285068,OBSERVED,,FYERS_PAPER_PROXY_RESEARCH
202608251059_4_BANKNIFTY_PE,5,2026-08-25T11:05:11.204485+05:30,BANKNIFTY,BANKNIFTY,NSE_INDEX,2e840ccd58d1,"{""contract_quality_min"": 0.0, ""direction_min"": 3.0374538213182753, ""excellent_score_min"": 39.71431191555119, ""execution_quality_min"": 96.74972914409537, ""expected_required_ratio_min"": 1.9054997369175288, ""final_confidence_min"": 75.82430121594894, ""iv_crush_max"": 29.5, ""market_hostility_max"": 24.116393079260348, ""min_5depth_lots_each_side"": 44.0, ""min_top_book_lots"": 2.0, ""premium_elasticity_min"": 0.0, ""regime_confidence_min"": 60.0, ""spread_pct_max"": 0.3250270855904627, ""trade_quality_min"": 12.895610475837348}",39.71431191555119,PE,DataHealth invalid; Contract invalid: Quote stale or spread hard rejected.; SideDirection hard reject: 3.0 < 65.0; PremiumElasticity hard reject: 0.00 < 1.00; TradeQuality below configured minimum; ConvexityEdge below excellent gate: 37.3 < 80.0,DataHealth invalid; Contract invalid: Quote stale or spread hard rejected.; SideDirection hard reject: 3.0 < 65.0; PremiumElasticity hard reject: 0.00 < 1.00; TradeQuality below configured minimum; ConvexityEdge below excellent gate: 37.3 < 80.0,,0.0,UNVALIDATED_COST_MODEL,UNAVAILABLE,paper-strategy-e935c30a69b1,opportunity-score-e935c30a69b1,PAPER_OVERRIDE::FYERS_PAPER_PROXY_RESEARCH,SKIPPED_FORWARD_PROXY,121.7,122.0,29.39999999999999,0.0,False,False,1.5926327193932819,OBSERVED,,FYERS_PAPER_PROXY_RESEARCH
202608251059_5_FINNIFTY_CE,5,2026-08-25T11:05:11.204485+05:30,FINNIFTY,FINNIFTY,NSE_INDEX,e172b0fef65b,"{""contract_quality_min"": 0.0, ""direction_min"": 0.0, ""excellent_score_min"": 39.403420409824285, ""execution_quality_min"": 86.77685950413228, ""expected_required_ratio_min"": 1.6146036194857252, ""final_confidence_min"": 74.39184034836298, ""iv_crush_max"": 29.5, ""market_hostility_max"": 22.71866302549902, ""min_5depth_lots_each_side"": 16.0, ""min_top_book_lots"": 1.0, ""premium_elasticity_min"": 0.0, ""regime_confidence_min"": 60.0, ""spread_pct_max"": 1.3223140495867722, ""trade_quality_min"": 25.033492822971592}",39.403420409824285,CE,DataHealth invalid; Contract invalid: Quote stale or spread hard rejected.; SideDirection hard reject: -5.0 < 65.0; PremiumElasticity hard reject: 0.00 < 1.00; TradeQuality below configured minimum; ConvexityEdge below excellent gate: 29.3 < 80.0,DataHealth invalid; Contract invalid: Quote stale or spread hard rejected.; SideDirection hard reject: -5.0 < 65.0; PremiumElasticity hard reject: 0.00 < 1.00; TradeQuality below configured minimum; ConvexityEdge below excellent gate: 29.3 < 80.0,,0.0,UNVALIDATED_COST_MODEL,UNAVAILABLE,paper-strategy-e935c30a69b1,opportunity-score-e935c30a69b1,PAPER_OVERRIDE::FYERS_PAPER_PROXY_RESEARCH,SKIPPED_FORWARD_PROXY,25.55,25.85,0.0,-4.699999999999999,False,False,-0.7768595041322311,OBSERVED,,FYERS_PAPER_PROXY_RESEARCH
202608251036_1_BANKNIFTY_CE,30,2026-08-25T11:07:05.701511+05:30,BANKNIFTY,BANKNIFTY,NSE_INDEX,2e840ccd58d1,"{""contract_quality_min"": 0.0, ""direction_min"": 8.18370108578744, ""excellent_score_min"": 52.20431080295093, ""execution_quality_min"": 100.0, ""expected_required_ratio_min"": 2.069607900033125, ""final_confidence_min"": 84.95672182953523, ""iv_crush_max"": 29.5, ""market_hostility_max"": 22.71555506037322, ""min_5depth_lots_each_side"": 31.0, ""min_top_book_lots"": 1.0, ""premium_elasticity_min"": 0.0, ""regime_confidence_min"": 60.0, ""spread_pct_max"": 0.3165113416564213, ""trade_quality_min"": 40.76388888889038}",52.20431080295093,CE,DataHealth invalid; Contract invalid: Quote stale or spread hard rejected.; SideDirection hard reject: 8.2 < 65.0; PremiumElasticity hard reject: 0.00 < 1.00; TradeQuality below configured minimum; ConvexityEdge below excellent gate: 52.3 < 80.0,DataHealth invalid; Contract invalid: Quote stale or spread hard rejected.; SideDirection hard reject: 8.2 < 65.0; PremiumElasticity hard reject: 0.00 < 1.00; TradeQuality below configured minimum; ConvexityEdge below excellent gate: 52.3 < 80.0,,0.0,UNVALIDATED_COST_MODEL,UNAVAILABLE,paper-strategy-e935c30a69b1,opportunity-score-e935c30a69b1,PAPER_OVERRIDE::FYERS_PAPER_PROXY_RESEARCH,SKIPPED_FORWARD_PROXY,160.05,160.25,17.875,0.0,False,False,0.715,OBSERVED,,FYERS_PAPER_PROXY_RESEARCH
202608251036_2_BANKNIFTY_CE,30,2026-08-25T11:07:05.701511+05:30,BANKNIFTY,BANKNIFTY,NSE_INDEX,2e840ccd58d1,"{""contract_quality_min"": 0.0, ""direction_min"": 8.18370108578744, ""excellent_score_min"": 52.20431080295093, ""execution_quality_min"": 100.0, ""expected_required_ratio_min"": 2.069607900033125, ""final_confidence_min"": 84.95672182953523, ""iv_crush_max"": 29.5, ""market_hostility_max"": 22.71555506037322, ""min_5depth_lots_each_side"": 11.0, ""min_top_book_lots"": 1.0, ""premium_elasticity_min"": 0.0, ""regime_confidence_min"": 60.0, ""spread_pct_max"": 0.31067033098339375, ""trade_quality_min"": 40.76388888889038}",52.20431080295093,CE,DataHealth invalid; Contract invalid: Quote stale or spread hard rejected.; SideDirection hard reject: 8.2 < 65.0; PremiumElasticity hard reject: 0.00 < 1.00; TradeQuality below configured minimum; ConvexityEdge below excellent gate: 52.3 < 80.0,DataHealth invalid; Contract invalid: Quote stale or spread hard rejected.; SideDirection hard reject: 8.2 < 65.0; PremiumElasticity hard reject: 0.00 < 1.00; TradeQuality below configured minimum; ConvexityEdge below excellent gate: 52.3 < 80.0,,0.0,UNVALIDATED_COST_MODEL,UNAVAILABLE,paper-strategy-e935c30a69b1,opportunity-score-e935c30a69b1,PAPER_OVERRIDE::FYERS_PAPER_PROXY_RESEARCH,SKIPPED_FORWARD_PROXY,229.6,230.35,20.37499999999997,0.0,False,False,0.8149999999999988,OBSERVED,,FYERS_PAPER_PROXY_RESEARCH
202608251036_3_BANKNIFTY_PE,30,2026-08-25T11:07:05.701511+05:30,BANKNIFTY,BANKNIFTY,NSE_INDEX,2e840ccd58d1,"{""contract_quality_min"": 0.0, ""direction_min"": 0.0, ""excellent_score_min"": 50.73124460750919, ""execution_quality_min"": 100.0, ""expected_required_ratio_min"": 2.069607900033125, ""final_confidence_min"": 82.501611503799, ""iv_crush_max"": 29.5, ""market_hostility_max"": 22.71555506037322, ""min_5depth_lots_each_side"": 65.0, ""min_top_book_lots"": 1.0, ""premium_elasticity_min"": 0.0, ""regime_confidence_min"": 60.0, ""spread_pct_max"": 0.3742981908920738, ""trade_quality_min"": 40.76388888889038}",50.73124460750919,PE,DataHealth invalid; Contract invalid: Quote stale or spread hard rejected.; SideDirection hard reject: -8.2 < 65.0; PremiumElasticity hard reject: 0.00 < 1.00; TradeQuality below configured minimum; ConvexityEdge below excellent gate: 52.3 < 80.0,DataHealth invalid; Contract invalid: Quote stale or spread hard rejected.; SideDirection hard reject: -8.2 < 65.0; PremiumElasticity hard reject: 0.00 < 1.00; TradeQuality below configured minimum; ConvexityEdge below excellent gate: 52.3 < 80.0,,0.0,UNVALIDATED_COST_MODEL,UNAVAILABLE,paper-strategy-e935c30a69b1,opportunity-score-e935c30a69b1,PAPER_OVERRIDE::FYERS_PAPER_PROXY_RESEARCH,SKIPPED_FORWARD_PROXY,68.2,68.4,0.0,-11.950000000000003,False,False,-0.7454772301933875,OBSERVED,,FYERS_PAPER_PROXY_RESEARCH
202608251036_4_BANKNIFTY_PE,30,2026-08-25T11:07:05.701511+05:30,BANKNIFTY,BANKNIFTY,NSE_INDEX,2e840ccd58d1,"{""contract_quality_min"": 0.0, ""direction_min"": 0.0, ""excellent_score_min"": 50.73124460750919, ""execution_quality_min"": 100.0, ""expected_required_ratio_min"": 2.069607900033125, ""final_confidence_min"": 82.501611503799, ""iv_crush_max"": 29.5, ""market_hostility_max"": 22.71555506037322, ""min_5depth_lots_each_side"": 30.0, ""min_top_book_lots"": 3.0, ""premium_elasticity_min"": 0.0, ""regime_confidence_min"": 60.0, ""spread_pct_max"": 0.2720031086069511, ""trade_quality_min"": 40.76388888889038}",50.73124460750919,PE,DataHealth invalid; Contract invalid: Quote stale or spread hard rejected.; SideDirection hard reject: -8.2 < 65.0; PremiumElasticity hard reject: 0.00 < 1.00; TradeQuality below configured minimum; ConvexityEdge below excellent gate: 52.3 < 80.0,DataHealth invalid; Contract invalid: Quote stale or spread hard rejected.; SideDirection hard reject: -8.2 < 65.0; PremiumElasticity hard reject: 0.00 < 1.00; TradeQuality below configured minimum; ConvexityEdge below excellent gate: 52.3 < 80.0,,0.0,UNVALIDATED_COST_MODEL,UNAVAILABLE,paper-strategy-e935c30a69b1,opportunity-score-e935c30a69b1,PAPER_OVERRIDE::FYERS_PAPER_PROXY_RESEARCH,SKIPPED_FORWARD_PROXY,109.8,110.0,0.0,-18.875000000000014,False,False,-0.7550000000000006,OBSERVED,,FYERS_PAPER_PROXY_RESEARCH
202608251036_5_FINNIFTY_CE,30,2026-08-25T11:07:05.701511+05:30,FINNIFTY,FINNIFTY,NSE_INDEX,e172b0fef65b,"{""contract_quality_min"": 0.0, ""direction_min"": 2.9587613061479243, ""excellent_score_min"": 43.47275866512276, ""execution_quality_min"": 100.0, ""expected_required_ratio_min"": 1.7565536017116419, ""final_confidence_min"": 75.77507970460827, ""iv_crush_max"": 29.5, ""market_hostility_max"": 22.841139033994658, ""min_5depth_lots_each_side"": 17.0, ""min_top_book_lots"": 1.0, ""premium_elasticity_min"": 0.0, ""regime_confidence_min"": 60.0, ""spread_pct_max"": 0.5458089668615895, ""trade_quality_min"": 12.770885028953623}",43.47275866512276,CE,DataHealth invalid; Contract invalid: Quote stale or spread hard rejected.; SideDirection hard reject: 3.0 < 65.0; PremiumElasticity hard reject: 0.00 < 1.00; TradeQuality below configured minimum; ConvexityEdge below excellent gate: 52.3 < 80.0,DataHealth invalid; Contract invalid: Quote stale or spread hard rejected.; SideDirection hard reject: 3.0 < 65.0; PremiumElasticity hard reject: 0.00 < 1.00; TradeQuality below configured minimum; ConvexityEdge below excellent gate: 52.3 < 80.0,,0.0,UNVALIDATED_COST_MODEL,UNAVAILABLE,paper-strategy-e935c30a69b1,opportunity-score-e935c30a69b1,PAPER_OVERRIDE::FYERS_PAPER_PROXY_RESEARCH,SKIPPED_FORWARD_PROXY,74.3,74.75,10.174999999999997,0.0,False,False,0.7933723196881088,OBSERVED,,FYERS_PAPER_PROXY_RESEARCH
202608251101_1_BANKNIFTY_PE,5,2026-08-25T11:07:05.701511+05:30,BANKNIFTY,BANKNIFTY,NSE_INDEX,2e840ccd58d1,"{""contract_quality_min"": 0.0, ""direction_min"": 9.252738874961919, ""excellent_score_min"": 50.391410909542515, ""execution_quality_min"": 97.14602822260969, ""expected_required_ratio_min"": 1.9177949852041993, ""final_confidence_min"": 88.3913055936086, ""iv_crush_max"": 29.5, ""market_hostility_max"": 24.384121399030768, ""min_5depth_lots_each_side"": 15.0, ""min_top_book_lots"": 1.0, ""premium_elasticity_min"": 0.0, ""regime_confidence_min"": 60.0, ""spread_pct_max"": 0.2853971777390309, ""trade_quality_min"": 51.67798254121442}",50.391410909542515,PE,DataHealth invalid; Contract invalid: Quote stale or spread hard rejected.; SideDirection hard reject: 9.3 < 65.0; PremiumElasticity hard reject: 0.00 < 1.00; TradeQuality below configured minimum; ConvexityEdge below excellent gate: 31.3 < 80.0,DataHealth invalid; Contract invalid: Quote stale or spread hard rejected.; SideDirection hard reject: 9.3 < 65.0; PremiumElasticity hard reject: 0.00 < 1.00; TradeQuality below configured minimum; ConvexityEdge below excellent gate: 31.3 < 80.0,,0.0,UNVALIDATED_COST_MODEL,UNAVAILABLE,paper-strategy-e935c30a69b1,opportunity-score-e935c30a69b1,PAPER_OVERRIDE::FYERS_PAPER_PROXY_RESEARCH,SKIPPED_FORWARD_PROXY,169.1,169.6,11.424999999999983,0.0,False,False,0.4569999999999993,OBSERVED,,FYERS_PAPER_PROXY_RESEARCH
202608251101_2_BANKNIFTY_CE,5,2026-08-25T11:07:05.701511+05:30,BANKNIFTY,BANKNIFTY,NSE_INDEX,2e840ccd58d1,"{""contract_quality_min"": 0.0, ""direction_min"": 0.0, ""excellent_score_min"": 48.676179858641994, ""execution_quality_min"": 96.81444119989385, ""expected_required_ratio_min"": 1.9177949852041993, ""final_confidence_min"": 85.61548393112004, ""iv_crush_max"": 29.5, ""market_hostility_max"": 24.384121399030768, ""min_5depth_lots_each_side"": 32.0, ""min_top_book_lots"": 2.0, ""premium_elasticity_min"": 0.0, ""regime_confidence_min"": 60.0, ""spread_pct_max"": 0.31855588001061547, ""trade_quality_min"": 51.67798254121442}",48.676179858641994,CE,DataHealth invalid; Contract invalid: Quote stale or spread hard rejected.; SideDirection hard reject: -9.3 < 65.0; PremiumElasticity hard reject: 0.00 < 1.00; TradeQuality below configured minimum; ConvexityEdge below excellent gate: 31.3 < 80.0,DataHealth invalid; Contract invalid: Quote stale or spread hard rejected.; SideDirection hard reject: -9.3 < 65.0; PremiumElasticity hard reject: 0.00 < 1.00; TradeQuality below configured minimum; ConvexityEdge below excellent gate: 31.3 < 80.0,,0.0,UNVALIDATED_COST_MODEL,UNAVAILABLE,paper-strategy-e935c30a69b1,opportunity-score-e935c30a69b1,PAPER_OVERRIDE::FYERS_PAPER_PROXY_RESEARCH,SKIPPED_FORWARD_PROXY,160.05,160.25,0.0,-28.30000000000001,False,True,-1.1320000000000006,OBSERVED,,FYERS_PAPER_PROXY_RESEARCH
202608251101_3_FINNIFTY_PE,5,2026-08-25T11:07:05.701511+05:30,FINNIFTY,FINNIFTY,NSE_INDEX,e172b0fef65b,"{""contract_quality_min"": 0.0, ""direction_min"": 5.643550160111106, ""excellent_score_min"": 44.278301343462054, ""execution_quality_min"": 91.78457325422177, ""expected_required_ratio_min"": 1.6132172758119212, ""final_confidence_min"": 81.1760439896206, ""iv_crush_max"": 29.5, ""market_hostility_max"": 23.121791155946138, ""min_5depth_lots_each_side"": 12.0, ""min_top_book_lots"": 1.0, ""premium_elasticity_min"": 0.0, ""regime_confidence_min"": 60.0, ""spread_pct_max"": 0.8215426745778236, ""trade_quality_min"": 29.43170488534641}",44.278301343462054,PE,DataHealth invalid; Contract invalid: Quote stale or spread hard rejected.; SideDirection hard reject: 5.6 < 65.0; PremiumElasticity hard reject: 0.00 < 1.00; TradeQuality below configured minimum; ConvexityEdge below excellent gate: 37.3 < 80.0,DataHealth invalid; Contract invalid: Quote stale or spread hard rejected.; SideDirection hard reject: 5.6 < 65.0; PremiumElasticity hard reject: 0.00 < 1.00; TradeQuality below configured minimum; ConvexityEdge below excellent gate: 37.3 < 80.0,,0.0,UNVALIDATED_COST_MODEL,UNAVAILABLE,paper-strategy-e935c30a69b1,opportunity-score-e935c30a69b1,PAPER_OVERRIDE::FYERS_PAPER_PROXY_RESEARCH,SKIPPED_FORWARD_PROXY,55.65,56.45,0.875,0.0,False,False,0.07987220447284345,OBSERVED,,FYERS_PAPER_PROXY_RESEARCH
202608251101_4_FINNIFTY_CE,5,2026-08-25T11:07:05.701511+05:30,FINNIFTY,FINNIFTY,NSE_INDEX,e172b0fef65b,"{""contract_quality_min"": 0.0, ""direction_min"": 0.0, ""excellent_score_min"": 42.775857407589896, ""execution_quality_min"": 89.18918918918925, ""expected_required_ratio_min"": 1.6132172758119212, ""final_confidence_min"": 78.51000596861435, ""iv_crush_max"": 29.5, ""market_hostility_max"": 23.121791155946138, ""min_5depth_lots_each_side"": 14.0, ""min_top_book_lots"": 1.0, ""premium_elasticity_min"": 0.0, ""regime_confidence_min"": 60.0, ""spread_pct_max"": 1.0810810810810754, ""trade_quality_min"": 29.43170488534641}",42.775857407589896,CE,DataHealth invalid; Contract invalid: Quote stale or spread hard rejected.; SideDirection hard reject: -5.6 < 65.0; PremiumElasticity hard reject: 0.00 < 1.00; TradeQuality below configured minimum; ConvexityEdge below excellent gate: 37.3 < 80.0,DataHealth invalid; Contract invalid: Quote stale or spread hard rejected.; SideDirection hard reject: -5.6 < 65.0; PremiumElasticity hard reject: 0.00 < 1.00; TradeQuality below configured minimum; ConvexityEdge below excellent gate: 37.3 < 80.0,,0.0,UNVALIDATED_COST_MODEL,UNAVAILABLE,paper-strategy-e935c30a69b1,opportunity-score-e935c30a69b1,PAPER_OVERRIDE::FYERS_PAPER_PROXY_RESEARCH,SKIPPED_FORWARD_PROXY,47.05,47.55,0.0,-3.825000000000003,False,False,-0.3759213759213762,OBSERVED,,FYERS_PAPER_PROXY_RESEARCH
202608251101_5_FINNIFTY_PE,5,2026-08-25T11:07:05.701511+05:30,FINNIFTY,FINNIFTY,NSE_INDEX,e172b0fef65b,"{""contract_quality_min"": 0.0, ""direction_min"": 5.643550160111106, ""excellent_score_min"": 41.81290543166462, ""execution_quality_min"": 87.78625954198456, ""expected_required_ratio_min"": 1.6132172758119212, ""final_confidence_min"": 78.51955544000207, ""iv_crush_max"": 29.5, ""market_hostility_max"": 23.121791155946138, ""min_5depth_lots_each_side"": 16.0, ""min_top_book_lots"": 1.0, ""premium_elasticity_min"": 0.0, ""regime_confidence_min"": 60.0, ""spread_pct_max"": 1.221374045801544, ""trade_quality_min"": 29.43170488534641}",41.81290543166462,PE,DataHealth invalid; Contract invalid: Quote stale or spread hard rejected.; SideDirection hard reject: 5.6 < 65.0; PremiumElasticity hard reject: 0.00 < 1.00; TradeQuality below configured minimum; ConvexityEdge below excellent gate: 29.3 < 80.0,DataHealth invalid; Contract invalid: Quote stale or spread hard rejected.; SideDirection hard reject: 5.6 < 65.0; PremiumElasticity hard reject: 0.00 < 1.00; TradeQuality below configured minimum; ConvexityEdge below excellent gate: 29.3 < 80.0,,0.0,UNVALIDATED_COST_MODEL,UNAVAILABLE,paper-strategy-e935c30a69b1,opportunity-score-e935c30a69b1,PAPER_OVERRIDE::FYERS_PAPER_PROXY_RESEARCH,SKIPPED_FORWARD_PROXY,33.8,34.2,1.0499999999999972,0.0,False,False,0.16030534351144993,OBSERVED,,FYERS_PAPER_PROXY_RESEARCH
202608251037_1_BANKNIFTY_CE,30,2026-08-25T11:07:45.539927+05:30,BANKNIFTY,BANKNIFTY,NSE_INDEX,2e840ccd58d1,"{""contract_quality_min"": 0.0, ""direction_min"": 8.148889766050127, ""excellent_score_min"": 52.131892857546006, ""execution_quality_min"": 100.0, ""expected_required_ratio_min"": 2.080428870055533, ""final_confidence_min"": 84.8730480599685, ""iv_crush_max"": 29.5, ""market_hostility_max"": 22.689363636970008, ""min_5depth_lots_each_side"": 31.0, ""min_top_book_lots"": 3.0, ""premium_elasticity_min"": 0.0, ""regime_confidence_min"": 60.0, ""spread_pct_max"": 0.2571166207530011, ""trade_quality_min"": 40.50238198353656}",52.131892857546006,CE,DataHealth invalid; Contract invalid: Quote stale or spread hard rejected.; SideDirection hard reject: 8.1 < 65.0; PremiumElasticity hard reject: 0.00 < 1.00; TradeQuality below configured minimum; ConvexityEdge below excellent gate: 52.3 < 80.0,DataHealth invalid; Contract invalid: Quote stale or spread hard rejected.; SideDirection hard reject: 8.1 < 65.0; PremiumElasticity hard reject: 0.00 < 1.00; TradeQuality below configured minimum; ConvexityEdge below excellent gate: 52.3 < 80.0,,0.0,UNVALIDATED_COST_MODEL,UNAVAILABLE,paper-strategy-e935c30a69b1,opportunity-score-e935c30a69b1,PAPER_OVERRIDE::FYERS_PAPER_PROXY_RESEARCH,SKIPPED_FORWARD_PROXY,156.6,157.05,20.474999999999994,0.0,False,False,0.8189999999999997,OBSERVED,,FYERS_PAPER_PROXY_RESEARCH
202608251037_2_BANKNIFTY_CE,30,2026-08-25T11:07:45.539927+05:30,BANKNIFTY,BANKNIFTY,NSE_INDEX,2e840ccd58d1,"{""contract_quality_min"": 0.0, ""direction_min"": 8.148889766050127, ""excellent_score_min"": 52.131892857546006, ""execution_quality_min"": 100.0, ""expected_required_ratio_min"": 2.080428870055533, ""final_confidence_min"": 84.8730480599685, ""iv_crush_max"": 29.5, ""market_hostility_max"": 22.689363636970008, ""min_5depth_lots_each_side"": 19.0, ""min_top_book_lots"": 1.0, ""premium_elasticity_min"": 0.0, ""regime_confidence_min"": 60.0, ""spread_pct_max"": 0.17397787995525998, ""trade_quality_min"": 40.50238198353656}",52.131892857546006,CE,DataHealth invalid; Contract invalid: Quote stale or spread hard rejected.; SideDirection hard reject: 8.1 < 65.0; PremiumElasticity hard reject: 0.00 < 1.00; TradeQuality below configured minimum; ConvexityEdge below excellent gate: 52.3 < 80.0,DataHealth invalid; Contract invalid: Quote stale or spread hard rejected.; SideDirection hard reject: 8.1 < 65.0; PremiumElasticity hard reject: 0.00 < 1.00; TradeQuality below configured minimum; ConvexityEdge below excellent gate: 52.3 < 80.0,,0.0,UNVALIDATED_COST_MODEL,UNAVAILABLE,paper-strategy-e935c30a69b1,opportunity-score-e935c30a69b1,PAPER_OVERRIDE::FYERS_PAPER_PROXY_RESEARCH,SKIPPED_FORWARD_PROXY,227.0,227.55,25.82499999999999,0.0,False,False,1.0329999999999995,OBSERVED,,FYERS_PAPER_PROXY_RESEARCH
202608251037_3_BANKNIFTY_PE,30,2026-08-25T11:07:45.539927+05:30,BANKNIFTY,BANKNIFTY,NSE_INDEX,2e840ccd58d1,"{""contract_quality_min"": 0.0, ""direction_min"": 0.0, ""excellent_score_min"": 50.66509269965699, ""execution_quality_min"": 100.0, ""expected_required_ratio_min"": 2.080428870055533, ""final_confidence_min"": 82.42838113015345, ""iv_crush_max"": 29.5, ""market_hostility_max"": 22.689363636970008, ""min_5depth_lots_each_side"": 41.0, ""min_top_book_lots"": 2.0, ""premium_elasticity_min"": 0.0, ""regime_confidence_min"": 60.0, ""spread_pct_max"": 0.358422939068097, ""trade_quality_min"": 40.50238198353656}",50.66509269965699,PE,DataHealth invalid; Contract invalid: Quote stale or spread hard rejected.; SideDirection hard reject: -8.1 < 65.0; PremiumElasticity hard reject: 0.00 < 1.00; TradeQuality below configured minimum; ConvexityEdge below excellent gate: 52.3 < 80.0,DataHealth invalid; Contract invalid: Quote stale or spread hard rejected.; SideDirection hard reject: -8.1 < 65.0; PremiumElasticity hard reject: 0.00 < 1.00; TradeQuality below configured minimum; ConvexityEdge below excellent gate: 52.3 < 80.0,,0.0,UNVALIDATED_COST_MODEL,UNAVAILABLE,paper-strategy-e935c30a69b1,opportunity-score-e935c30a69b1,PAPER_OVERRIDE::FYERS_PAPER_PROXY_RESEARCH,SKIPPED_FORWARD_PROXY,70.9,71.0,0.0,-12.799999999999983,False,False,-0.7646356033452798,OBSERVED,,FYERS_PAPER_PROXY_RESEARCH
202608251037_4_FINNIFTY_CE,30,2026-08-25T11:07:45.539927+05:30,FINNIFTY,FINNIFTY,NSE_INDEX,e172b0fef65b,"{""contract_quality_min"": 0.0, ""direction_min"": 4.323387880332163, ""excellent_score_min"": 45.69145684184816, ""execution_quality_min"": 100.0, ""expected_required_ratio_min"": 1.7355128218249019, ""final_confidence_min"": 78.11676215030425, ""iv_crush_max"": 29.5, ""market_hostility_max"": 22.84509011510977, ""min_5depth_lots_each_side"": 15.0, ""min_top_book_lots"": 2.0, ""premium_elasticity_min"": 0.0, ""regime_confidence_min"": 60.0, ""spread_pct_max"": 0.7674597083653107, ""trade_quality_min"": 19.894179894181416}",45.69145684184816,CE,DataHealth invalid; Contract invalid: Quote stale or spread hard rejected.; SideDirection hard reject: 4.3 < 65.0; PremiumElasticity hard reject: 0.00 < 1.00; TradeQuality below configured minimum; ConvexityEdge below excellent gate: 52.3 < 80.0,DataHealth invalid; Contract invalid: Quote stale or spread hard rejected.; SideDirection hard reject: 4.3 < 65.0; PremiumElasticity hard reject: 0.00 < 1.00; TradeQuality below configured minimum; ConvexityEdge below excellent gate: 52.3 < 80.0,,0.0,UNVALIDATED_COST_MODEL,UNAVAILABLE,paper-strategy-e935c30a69b1,opportunity-score-e935c30a69b1,PAPER_OVERRIDE::FYERS_PAPER_PROXY_RESEARCH,SKIPPED_FORWARD_PROXY,71.6,72.0,6.449999999999989,0.0,False,False,0.4950115118956246,OBSERVED,,FYERS_PAPER_PROXY_RESEARCH
202608251037_5_MIDCPNIFTY_PE,30,2026-08-25T11:07:45.539927+05:30,MIDCPNIFTY,MIDCPNIFTY,NSE_INDEX,712afad509f5,"{""contract_quality_min"": 0.0, ""direction_min"": 1.802680478248636, ""excellent_score_min"": 43.96196447231106, ""execution_quality_min"": 100.0, ""expected_required_ratio_min"": 1.6380254801633343, ""final_confidence_min"": 76.37785192847161, ""iv_crush_max"": 29.5, ""market_hostility_max"": 21.019057358207952, ""min_5depth_lots_each_side"": 26.0, ""min_top_book_lots"": 3.0, ""premium_elasticity_min"": 0.0, ""regime_confidence_min"": 60.0, ""spread_pct_max"": 0.6622516556291486, ""trade_quality_min"": 15.358166189114378}",43.96196447231106,PE,DataHealth invalid; Contract invalid: Quote stale or spread hard rejected.; SideDirection hard reject: 1.8 < 65.0; PremiumElasticity hard reject: 0.00 < 1.00; TradeQuality below configured minimum; ConvexityEdge below excellent gate: 52.3 < 80.0,DataHealth invalid; Contract invalid: Quote stale or spread hard rejected.; SideDirection hard reject: 1.8 < 65.0; PremiumElasticity hard reject: 0.00 < 1.00; TradeQuality below configured minimum; ConvexityEdge below excellent gate: 52.3 < 80.0,,0.0,UNVALIDATED_COST_MODEL,UNAVAILABLE,paper-strategy-e935c30a69b1,opportunity-score-e935c30a69b1,PAPER_OVERRIDE::FYERS_PAPER_PROXY_RESEARCH,SKIPPED_FORWARD_PROXY,34.7,34.9,0.0,-10.599999999999994,False,True,-1.1699779249448117,OBSERVED,,FYERS_PAPER_PROXY_RESEARCH
202608251038_1_BANKNIFTY_CE,30,2026-08-25T11:09:05.235969+05:30,BANKNIFTY,BANKNIFTY,NSE_INDEX,2e840ccd58d1,"{""contract_quality_min"": 0.0, ""direction_min"": 0.6478883542060221, ""excellent_score_min"": 40.597785897246695, ""execution_quality_min"": 100.0, ""expected_required_ratio_min"": 2.075194240108776, ""final_confidence_min"": 72.72730983540781, ""iv_crush_max"": 29.5, ""market_hostility_max"": 22.731601965289634, ""min_5depth_lots_each_side"": 25.0, ""min_top_book_lots"": 1.0, ""premium_elasticity_min"": 0.0, ""regime_confidence_min"": 60.0, ""spread_pct_max"": 0.258732212160414, ""trade_quality_min"": 3.7670886075896663}",40.597785897246695,CE,DataHealth invalid; Contract invalid: Quote stale or spread hard rejected.; SideDirection hard reject: 0.6 < 65.0; PremiumElasticity hard reject: 0.00 < 1.00; TradeQuality below configured minimum; ConvexityEdge below excellent gate: 52.3 < 80.0,DataHealth invalid; Contract invalid: Quote stale or spread hard rejected.; SideDirection hard reject: 0.6 < 65.0; PremiumElasticity hard reject: 0.00 < 1.00; TradeQuality below configured minimum; ConvexityEdge below excellent gate: 52.3 < 80.0,,0.0,UNVALIDATED_COST_MODEL,UNAVAILABLE,paper-strategy-e935c30a69b1,opportunity-score-e935c30a69b1,PAPER_OVERRIDE::FYERS_PAPER_PROXY_RESEARCH,SKIPPED_FORWARD_PROXY,229.2,229.95,35.94999999999999,0.0,False,False,1.4379999999999995,OBSERVED,,FYERS_PAPER_PROXY_RESEARCH
202608251038_2_BANKNIFTY_PE,30,2026-08-25T11:09:05.235969+05:30,BANKNIFTY,BANKNIFTY,NSE_INDEX,2e840ccd58d1,"{""contract_quality_min"": 0.0, ""direction_min"": 0.0, ""excellent_score_min"": 40.48116599348961, ""execution_quality_min"": 100.0, ""expected_required_ratio_min"": 2.075194240108776, ""final_confidence_min"": 72.532943329146, ""iv_crush_max"": 29.5, ""market_hostility_max"": 22.731601965289634, ""min_5depth_lots_each_side"": 32.0, ""min_top_book_lots"": 2.0, ""premium_elasticity_min"": 0.0, ""regime_confidence_min"": 60.0, ""spread_pct_max"": 0.282585658777821, ""trade_quality_min"": 3.7670886075896663}",40.48116599348961,PE,DataHealth invalid; Contract invalid: Quote stale or spread hard rejected.; SideDirection hard reject: -0.6 < 65.0; PremiumElasticity hard reject: 0.00 < 1.00; TradeQuality below configured minimum; ConvexityEdge below excellent gate: 52.3 < 80.0,DataHealth invalid; Contract invalid: Quote stale or spread hard rejected.; SideDirection hard reject: -0.6 < 65.0; PremiumElasticity hard reject: 0.00 < 1.00; TradeQuality below configured minimum; ConvexityEdge below excellent gate: 52.3 < 80.0,,0.0,UNVALIDATED_COST_MODEL,UNAVAILABLE,paper-strategy-e935c30a69b1,opportunity-score-e935c30a69b1,PAPER_OVERRIDE::FYERS_PAPER_PROXY_RESEARCH,SKIPPED_FORWARD_PROXY,113.1,113.35,0.0,-28.450000000000017,False,True,-1.1380000000000008,OBSERVED,,FYERS_PAPER_PROXY_RESEARCH
202608251038_3_FINNIFTY_CE,30,2026-08-25T11:09:05.235969+05:30,FINNIFTY,FINNIFTY,NSE_INDEX,e172b0fef65b,"{""contract_quality_min"": 0.0, ""direction_min"": 0.0, ""excellent_score_min"": 39.78319048931826, ""execution_quality_min"": 100.0, ""expected_required_ratio_min"": 1.7228355658590606, ""final_confidence_min"": 71.79029881492815, ""iv_crush_max"": 29.5, ""market_hostility_max"": 22.518960217702542, ""min_5depth_lots_each_side"": 10.0, ""min_top_book_lots"": 1.0, ""premium_elasticity_min"": 0.0, ""regime_confidence_min"": 60.0, ""spread_pct_max"": 0.703399765533416, ""trade_quality_min"": 1.0596026490043249}",39.78319048931826,CE,DataHealth invalid; Contract invalid: Quote stale or spread hard rejected.; SideDirection hard reject: -0.2 < 65.0; PremiumElasticity hard reject: 0.00 < 1.00; TradeQuality below configured minimum; ConvexityEdge below excellent gate: 52.3 < 80.0,DataHealth invalid; Contract invalid: Quote stale or spread hard rejected.; SideDirection hard reject: -0.2 < 65.0; PremiumElasticity hard reject: 0.00 < 1.00; TradeQuality below configured minimum; ConvexityEdge below excellent gate: 52.3 < 80.0,,0.0,UNVALIDATED_COST_MODEL,UNAVAILABLE,paper-strategy-e935c30a69b1,opportunity-score-e935c30a69b1,PAPER_OVERRIDE::FYERS_PAPER_PROXY_RESEARCH,SKIPPED_FORWARD_PROXY,72.55,73.0,8.574999999999996,0.0,False,False,0.6701836654943333,OBSERVED,,FYERS_PAPER_PROXY_RESEARCH
202608251038_4_FINNIFTY_PE,30,2026-08-25T11:09:05.235969+05:30,FINNIFTY,FINNIFTY,NSE_INDEX,e172b0fef65b,"{""contract_quality_min"": 0.0, ""direction_min"": 0.1838798651543196, ""excellent_score_min"": 38.21862556180666, ""execution_quality_min"": 89.67604885820572, ""expected_required_ratio_min"": 1.7228355658590606, ""final_confidence_min"": 71.35475645477204, ""iv_crush_max"": 29.5, ""market_hostility_max"": 22.518960217702542, ""min_5depth_lots_each_side"": 6.0, ""min_top_book_lots"": 1.0, ""premium_elasticity_min"": 0.0, ""regime_confidence_min"": 60.0, ""spread_pct_max"": 1.0408921933085333, ""trade_quality_min"": 1.0596026490043249}",38.21862556180666,PE,DataHealth invalid; Contract invalid: Quote stale or spread hard rejected.; SideDirection hard reject: 0.2 < 65.0; PremiumElasticity hard reject: 0.00 < 1.00; TradeQuality below configured minimum; ConvexityEdge below excellent gate: 52.3 < 80.0,DataHealth invalid; Contract invalid: Quote stale or spread hard rejected.; SideDirection hard reject: 0.2 < 65.0; PremiumElasticity hard reject: 0.00 < 1.00; TradeQuality below configured minimum; ConvexityEdge below excellent gate: 52.3 < 80.0,,0.0,UNVALIDATED_COST_MODEL,UNAVAILABLE,paper-strategy-e935c30a69b1,opportunity-score-e935c30a69b1,PAPER_OVERRIDE::FYERS_PAPER_PROXY_RESEARCH,SKIPPED_FORWARD_PROXY,59.05,59.7,0.0,-8.200000000000003,False,False,-0.6096654275092939,OBSERVED,,FYERS_PAPER_PROXY_RESEARCH
202608251038_5_FINNIFTY_PE,30,2026-08-25T11:09:05.235969+05:30,FINNIFTY,FINNIFTY,NSE_INDEX,e172b0fef65b,"{""contract_quality_min"": 0.0, ""direction_min"": 0.1838798651543196, ""excellent_score_min"": 37.001197114059934, ""execution_quality_min"": 82.83656319670725, ""expected_required_ratio_min"": 1.7228355658590606, ""final_confidence_min"": 69.43970046955248, ""iv_crush_max"": 29.5, ""market_hostility_max"": 22.518960217702542, ""min_5depth_lots_each_side"": 15.0, ""min_top_book_lots"": 5.0, ""premium_elasticity_min"": 0.0, ""regime_confidence_min"": 60.0, ""spread_pct_max"": 1.2004801920768309, ""trade_quality_min"": 1.0596026490043249}",37.001197114059934,PE,DataHealth invalid; Contract invalid: Quote stale or spread hard rejected.; SideDirection hard reject: 0.2 < 65.0; PremiumElasticity hard reject: 0.00 < 1.00; TradeQuality below configured minimum; ConvexityEdge below excellent gate: 52.3 < 80.0; OpportunityConfidence below excellent gate: 69.4 < 70.0,DataHealth invalid; Contract invalid: Quote stale or spread hard rejected.; SideDirection hard reject: 0.2 < 65.0; PremiumElasticity hard reject: 0.00 < 1.00; TradeQuality below configured minimum; ConvexityEdge below excellent gate: 52.3 < 80.0; OpportunityConfidence below excellent gate: 69.4 < 70.0,,0.0,UNVALIDATED_COST_MODEL,UNAVAILABLE,paper-strategy-e935c30a69b1,opportunity-score-e935c30a69b1,PAPER_OVERRIDE::FYERS_PAPER_PROXY_RESEARCH,SKIPPED_FORWARD_PROXY,36.0,36.3,0.0,-5.649999999999999,False,False,-0.6782713085234092,OBSERVED,,FYERS_PAPER_PROXY_RESEARCH
202608251103_1_BANKNIFTY_PE,5,2026-08-25T11:09:05.235969+05:30,BANKNIFTY,BANKNIFTY,NSE_INDEX,2e840ccd58d1,"{""contract_quality_min"": 0.0, ""direction_min"": 13.549346982273805, ""excellent_score_min"": 54.30399792007674, ""execution_quality_min"": 97.45798616014693, ""expected_required_ratio_min"": 1.9107249394421424, ""final_confidence_min"": 90.44594201471554, ""iv_crush_max"": 29.5, ""market_hostility_max"": 24.264318453116758, ""min_5depth_lots_each_side"": 32.0, ""min_top_book_lots"": 2.0, ""premium_elasticity_min"": 0.0, ""regime_confidence_min"": 60.0, ""spread_pct_max"": 0.2542013839853064, ""trade_quality_min"": 63.621533442085074}",54.30399792007674,PE,DataHealth invalid; Contract invalid: Quote stale or spread hard rejected.; SideDirection hard reject: 13.5 < 65.0; PremiumElasticity hard reject: 0.00 < 1.00; TradeQuality below configured minimum; ConvexityEdge below excellent gate: 31.3 < 80.0,DataHealth invalid; Contract invalid: Quote stale or spread hard rejected.; SideDirection hard reject: 13.5 < 65.0; PremiumElasticity hard reject: 0.00 < 1.00; TradeQuality below configured minimum; ConvexityEdge below excellent gate: 31.3 < 80.0,,0.0,UNVALIDATED_COST_MODEL,UNAVAILABLE,paper-strategy-e935c30a69b1,opportunity-score-e935c30a69b1,PAPER_OVERRIDE::FYERS_PAPER_PROXY_RESEARCH,SKIPPED_FORWARD_PROXY,173.3,173.95,0.0,-3.7249999999999943,False,False,-0.14899999999999977,OBSERVED,,FYERS_PAPER_PROXY_RESEARCH
202608251103_2_FINNIFTY_PE,5,2026-08-25T11:09:05.235969+05:30,FINNIFTY,FINNIFTY,NSE_INDEX,e172b0fef65b,"{""contract_quality_min"": 0.0, ""direction_min"": 9.513121645983723, ""excellent_score_min"": 53.15502882810999, ""execution_quality_min"": 88.84239888423993, ""expected_required_ratio_min"": 1.5013044142775203, ""final_confidence_min"": 85.70103476377112, ""iv_crush_max"": 29.5, ""market_hostility_max"": 22.960237097154813, ""min_5depth_lots_each_side"": 12.0, ""min_top_book_lots"": 2.0, ""premium_elasticity_min"": 0.0, ""regime_confidence_min"": 60.0, ""spread_pct_max"": 1.1157601115760074, ""trade_quality_min"": 47.21062618595214}",53.15502882810999,PE,DataHealth invalid; Contract invalid: Quote stale or spread hard rejected.; SideDirection hard reject: 9.5 < 65.0; PremiumElasticity hard reject: 0.00 < 1.00; Expected/Required hard reject: 1.50 < 1.60; TradeQuality below configured minimum; ConvexityEdge below excellent gate: 56.3 < 80.0,DataHealth invalid; Contract invalid: Quote stale or spread hard rejected.; SideDirection hard reject: 9.5 < 65.0; PremiumElasticity hard reject: 0.00 < 1.00; Expected/Required hard reject: 1.50 < 1.60; TradeQuality below configured minimum; ConvexityEdge below excellent gate: 56.3 < 80.0,,0.0,UNVALIDATED_COST_MODEL,UNAVAILABLE,paper-strategy-e935c30a69b1,opportunity-score-e935c30a69b1,PAPER_OVERRIDE::FYERS_PAPER_PROXY_RESEARCH,SKIPPED_FORWARD_PROXY,36.0,36.3,0.15000000000000568,0.0,False,False,0.020920502092051006,OBSERVED,,FYERS_PAPER_PROXY_RESEARCH
202608251103_3_FINNIFTY_PE,5,2026-08-25T11:09:05.235969+05:30,FINNIFTY,FINNIFTY,NSE_INDEX,e172b0fef65b,"{""contract_quality_min"": 0.0, ""direction_min"": 9.513121645983723, ""excellent_score_min"": 51.97652872203671, ""execution_quality_min"": 88.92202812100557, ""expected_required_ratio_min"": 1.5013044142775203, ""final_confidence_min"": 85.79658984788988, ""iv_crush_max"": 29.5, ""market_hostility_max"": 22.960237097154813, ""min_5depth_lots_each_side"": 11.0, ""min_top_book_lots"": 3.0, ""premium_elasticity_min"": 0.0, ""regime_confidence_min"": 60.0, ""spread_pct_max"": 1.1077971878994437, ""trade_quality_min"": 47.21062618595214}",51.97652872203671,PE,DataHealth invalid; Contract invalid: Quote stale or spread hard rejected.; SideDirection hard reject: 9.5 < 65.0; PremiumElasticity hard reject: 0.00 < 1.00; Expected/Required hard reject: 1.50 < 1.60; TradeQuality below configured minimum; ConvexityEdge below excellent gate: 50.3 < 80.0,DataHealth invalid; Contract invalid: Quote stale or spread hard rejected.; SideDirection hard reject: 9.5 < 65.0; PremiumElasticity hard reject: 0.00 < 1.00; Expected/Required hard reject: 1.50 < 1.60; TradeQuality below configured minimum; ConvexityEdge below excellent gate: 50.3 < 80.0,,0.0,UNVALIDATED_COST_MODEL,UNAVAILABLE,paper-strategy-e935c30a69b1,opportunity-score-e935c30a69b1,PAPER_OVERRIDE::FYERS_PAPER_PROXY_RESEARCH,SKIPPED_FORWARD_PROXY,59.05,59.7,0.375,0.0,False,False,0.031955688112484025,OBSERVED,,FYERS_PAPER_PROXY_RESEARCH
202608251103_4_FINNIFTY_CE,5,2026-08-25T11:09:05.235969+05:30,FINNIFTY,FINNIFTY,NSE_INDEX,e172b0fef65b,"{""contract_quality_min"": 0.0, ""direction_min"": 0.0, ""excellent_score_min"": 51.86541115896504, ""execution_quality_min"": 90.73461283917932, ""expected_required_ratio_min"": 1.5013044142775203, ""final_confidence_min"": 84.23621960888808, ""iv_crush_max"": 29.5, ""market_hostility_max"": 22.960237097154813, ""min_5depth_lots_each_side"": 9.0, ""min_top_book_lots"": 1.0, ""premium_elasticity_min"": 0.0, ""regime_confidence_min"": 60.0, ""spread_pct_max"": 0.9265387160820685, ""trade_quality_min"": 47.21062618595214}",51.86541115896504,CE,DataHealth invalid; Contract invalid: Quote stale or spread hard rejected.; SideDirection hard reject: -9.5 < 65.0; PremiumElasticity hard reject: 0.00 < 1.00; Expected/Required hard reject: 1.50 < 1.60; TradeQuality below configured minimum; ConvexityEdge below excellent gate: 56.3 < 80.0,DataHealth invalid; Contract invalid: Quote stale or spread hard rejected.; SideDirection hard reject: -9.5 < 65.0; PremiumElasticity hard reject: 0.00 < 1.00; Expected/Required hard reject: 1.50 < 1.60; TradeQuality below configured minimum; ConvexityEdge below excellent gate: 56.3 < 80.0,,0.0,UNVALIDATED_COST_MODEL,UNAVAILABLE,paper-strategy-e935c30a69b1,opportunity-score-e935c30a69b1,PAPER_OVERRIDE::FYERS_PAPER_PROXY_RESEARCH,SKIPPED_FORWARD_PROXY,72.55,73.0,0.0,-3.000000000000014,False,False,-0.1985440105890148,OBSERVED,,FYERS_PAPER_PROXY_RESEARCH
202608251103_5_BANKNIFTY_CE,5,2026-08-25T11:09:05.235969+05:30,BANKNIFTY,BANKNIFTY,NSE_INDEX,2e840ccd58d1,"{""contract_quality_min"": 0.0, ""direction_min"": 0.0, ""excellent_score_min"": 51.77397659436353, ""execution_quality_min"": 96.85039370078741, ""expected_required_ratio_min"": 1.9107249394421424, ""final_confidence_min"": 86.38113792003341, ""iv_crush_max"": 29.5, ""market_hostility_max"": 24.264318453116758, ""min_5depth_lots_each_side"": 34.0, ""min_top_book_lots"": 2.0, ""premium_elasticity_min"": 0.0, ""regime_confidence_min"": 60.0, ""spread_pct_max"": 0.31496062992125984, ""trade_quality_min"": 63.621533442085074}",51.77397659436353,CE,DataHealth invalid; Contract invalid: Quote stale or spread hard rejected.; SideDirection hard reject: -13.5 < 65.0; PremiumElasticity hard reject: 0.00 < 1.00; TradeQuality below configured minimum; ConvexityEdge below excellent gate: 31.3 < 80.0,DataHealth invalid; Contract invalid: Quote stale or spread hard rejected.; SideDirection hard reject: -13.5 < 65.0; PremiumElasticity hard reject: 0.00 < 1.00; TradeQuality below configured minimum; ConvexityEdge below excellent gate: 31.3 < 80.0,,0.0,UNVALIDATED_COST_MODEL,UNAVAILABLE,paper-strategy-e935c30a69b1,opportunity-score-e935c30a69b1,PAPER_OVERRIDE::FYERS_PAPER_PROXY_RESEARCH,SKIPPED_FORWARD_PROXY,158.15,158.6,0.0,-0.5999999999999943,False,False,-0.02399999999999977,OBSERVED,,FYERS_PAPER_PROXY_RESEARCH
202608251040_1_FINNIFTY_CE,30,2026-08-25T11:11:00.281832+05:30,FINNIFTY,FINNIFTY,NSE_INDEX,e172b0fef65b,"{""contract_quality_min"": 0.0, ""direction_min"": 3.2192356997909415, ""excellent_score_min"": 44.954908244890056, ""execution_quality_min"": 93.56633864947395, ""expected_required_ratio_min"": 1.7353271188265271, ""final_confidence_min"": 78.31454364642663, ""iv_crush_max"": 29.5, ""market_hostility_max"": 22.55905672676263, ""min_5depth_lots_each_side"": 12.0, ""min_top_book_lots"": 2.0, ""premium_elasticity_min"": 0.0, ""regime_confidence_min"": 60.0, ""spread_pct_max"": 0.9501187648456079, ""trade_quality_min"": 21.105527638193273}",44.954908244890056,CE,DataHealth invalid; Contract invalid: Quote stale or spread hard rejected.; SideDirection hard reject: 3.2 < 65.0; PremiumElasticity hard reject: 0.00 < 1.00; TradeQuality below configured minimum; ConvexityEdge below excellent gate: 52.3 < 80.0,DataHealth invalid; Contract invalid: Quote stale or spread hard rejected.; SideDirection hard reject: 3.2 < 65.0; PremiumElasticity hard reject: 0.00 < 1.00; TradeQuality below configured minimum; ConvexityEdge below excellent gate: 52.3 < 80.0,,0.0,UNVALIDATED_COST_MODEL,UNAVAILABLE,paper-strategy-e935c30a69b1,opportunity-score-e935c30a69b1,PAPER_OVERRIDE::FYERS_PAPER_PROXY_RESEARCH,SKIPPED_FORWARD_PROXY,68.75,69.2,5.599999999999994,0.0,False,False,0.44338875692794877,OBSERVED,,FYERS_PAPER_PROXY_RESEARCH
202608251040_2_BANKNIFTY_CE,30,2026-08-25T11:11:00.281832+05:30,BANKNIFTY,BANKNIFTY,NSE_INDEX,2e840ccd58d1,"{""contract_quality_min"": 0.0, ""direction_min"": 2.6754175114442886, ""excellent_score_min"": 43.9307724339774, ""execution_quality_min"": 100.0, ""expected_required_ratio_min"": 2.082312854352417, ""final_confidence_min"": 76.2608206683447, ""iv_crush_max"": 29.5, ""market_hostility_max"": 22.794182510388374, ""min_5depth_lots_each_side"": 23.0, ""min_top_book_lots"": 1.0, ""premium_elasticity_min"": 0.0, ""regime_confidence_min"": 60.0, ""spread_pct_max"": 0.26490066225167286, ""trade_quality_min"": 14.53169347209353}",43.9307724339774,CE,DataHealth invalid; Contract invalid: Quote stale or spread hard rejected.; SideDirection hard reject: 2.7 < 65.0; PremiumElasticity hard reject: 0.00 < 1.00; TradeQuality below configured minimum; ConvexityEdge below excellent gate: 52.3 < 80.0,DataHealth invalid; Contract invalid: Quote stale or spread hard rejected.; SideDirection hard reject: 2.7 < 65.0; PremiumElasticity hard reject: 0.00 < 1.00; TradeQuality below configured minimum; ConvexityEdge below excellent gate: 52.3 < 80.0,,0.0,UNVALIDATED_COST_MODEL,UNAVAILABLE,paper-strategy-e935c30a69b1,opportunity-score-e935c30a69b1,PAPER_OVERRIDE::FYERS_PAPER_PROXY_RESEARCH,SKIPPED_FORWARD_PROXY,144.3,144.85,12.175000000000011,0.0,False,False,0.48700000000000043,OBSERVED,,FYERS_PAPER_PROXY_RESEARCH
202608251040_3_BANKNIFTY_CE,30,2026-08-25T11:11:00.281832+05:30,BANKNIFTY,BANKNIFTY,NSE_INDEX,2e840ccd58d1,"{""contract_quality_min"": 0.0, ""direction_min"": 2.6754175114442886, ""excellent_score_min"": 43.9307724339774, ""execution_quality_min"": 100.0, ""expected_required_ratio_min"": 2.082312854352417, ""final_confidence_min"": 76.2608206683447, ""iv_crush_max"": 29.5, ""market_hostility_max"": 22.794182510388374, ""min_5depth_lots_each_side"": 29.0, ""min_top_book_lots"": 2.0, ""premium_elasticity_min"": 0.0, ""regime_confidence_min"": 60.0, ""spread_pct_max"": 0.3300749016122918, ""trade_quality_min"": 14.53169347209353}",43.9307724339774,CE,DataHealth invalid; Contract invalid: Quote stale or spread hard rejected.; SideDirection hard reject: 2.7 < 65.0; PremiumElasticity hard reject: 0.00 < 1.00; TradeQuality below configured minimum; ConvexityEdge below excellent gate: 52.3 < 80.0,DataHealth invalid; Contract invalid: Quote stale or spread hard rejected.; SideDirection hard reject: 2.7 < 65.0; PremiumElasticity hard reject: 0.00 < 1.00; TradeQuality below configured minimum; ConvexityEdge below excellent gate: 52.3 < 80.0,,0.0,UNVALIDATED_COST_MODEL,UNAVAILABLE,paper-strategy-e935c30a69b1,opportunity-score-e935c30a69b1,PAPER_OVERRIDE::FYERS_PAPER_PROXY_RESEARCH,SKIPPED_FORWARD_PROXY,212.4,213.1,15.474999999999994,0.0,False,False,0.6189999999999998,OBSERVED,,FYERS_PAPER_PROXY_RESEARCH
202608251040_4_FINNIFTY_PE,30,2026-08-25T11:11:00.281832+05:30,FINNIFTY,FINNIFTY,NSE_INDEX,e172b0fef65b,"{""contract_quality_min"": 0.0, ""direction_min"": 0.0, ""excellent_score_min"": 43.731006669203616, ""execution_quality_min"": 89.60961599829788, ""expected_required_ratio_min"": 1.7353271188265271, ""final_confidence_min"": 76.83946541601274, ""iv_crush_max"": 29.5, ""market_hostility_max"": 22.55905672676263, ""min_5depth_lots_each_side"": 9.0, ""min_top_book_lots"": 1.0, ""premium_elasticity_min"": 0.0, ""regime_confidence_min"": 60.0, ""spread_pct_max"": 1.0424422933730495, ""trade_quality_min"": 21.105527638193273}",43.731006669203616,PE,DataHealth invalid; Contract invalid: Quote stale or spread hard rejected.; SideDirection hard reject: -3.2 < 65.0; PremiumElasticity hard reject: 0.00 < 1.00; TradeQuality below configured minimum; ConvexityEdge below excellent gate: 52.3 < 80.0,DataHealth invalid; Contract invalid: Quote stale or spread hard rejected.; SideDirection hard reject: -3.2 < 65.0; PremiumElasticity hard reject: 0.00 < 1.00; TradeQuality below configured minimum; ConvexityEdge below excellent gate: 52.3 < 80.0,,0.0,UNVALIDATED_COST_MODEL,UNAVAILABLE,paper-strategy-e935c30a69b1,opportunity-score-e935c30a69b1,PAPER_OVERRIDE::FYERS_PAPER_PROXY_RESEARCH,SKIPPED_FORWARD_PROXY,61.7,62.25,0.0,-5.450000000000003,False,False,-0.4058078927773643,OBSERVED,,FYERS_PAPER_PROXY_RESEARCH
202608251040_5_BANKNIFTY_PE,30,2026-08-25T11:11:00.281832+05:30,BANKNIFTY,BANKNIFTY,NSE_INDEX,2e840ccd58d1,"{""contract_quality_min"": 0.0, ""direction_min"": 0.0, ""excellent_score_min"": 43.449197281917435, ""execution_quality_min"": 100.0, ""expected_required_ratio_min"": 2.082312854352417, ""final_confidence_min"": 75.45819541491142, ""iv_crush_max"": 29.5, ""market_hostility_max"": 22.794182510388374, ""min_5depth_lots_each_side"": 20.0, ""min_top_book_lots"": 2.0, ""premium_elasticity_min"": 0.0, ""regime_confidence_min"": 60.0, ""spread_pct_max"": 0.2547770700637108, ""trade_quality_min"": 14.53169347209353}",43.449197281917435,PE,DataHealth invalid; Contract invalid: Quote stale or spread hard rejected.; SideDirection hard reject: -2.7 < 65.0; PremiumElasticity hard reject: 0.00 < 1.00; TradeQuality below configured minimum; ConvexityEdge below excellent gate: 52.3 < 80.0,DataHealth invalid; Contract invalid: Quote stale or spread hard rejected.; SideDirection hard reject: -2.7 < 65.0; PremiumElasticity hard reject: 0.00 < 1.00; TradeQuality below configured minimum; ConvexityEdge below excellent gate: 52.3 < 80.0,,0.0,UNVALIDATED_COST_MODEL,UNAVAILABLE,paper-strategy-e935c30a69b1,opportunity-score-e935c30a69b1,PAPER_OVERRIDE::FYERS_PAPER_PROXY_RESEARCH,SKIPPED_FORWARD_PROXY,124.25,124.65,0.0,-13.125,False,False,-0.525,OBSERVED,,FYERS_PAPER_PROXY_RESEARCH
202608251105_1_BANKNIFTY_PE,5,2026-08-25T11:11:00.281832+05:30,BANKNIFTY,BANKNIFTY,NSE_INDEX,2e840ccd58d1,"{""contract_quality_min"": 0.0, ""direction_min"": 16.882166127809462, ""excellent_score_min"": 58.22181763836395, ""execution_quality_min"": 96.01593625498008, ""expected_required_ratio_min"": 1.903524347503325, ""final_confidence_min"": 87.63601155511562, ""iv_crush_max"": 29.5, ""market_hostility_max"": 24.436373378450163, ""min_5depth_lots_each_side"": 37.0, ""min_top_book_lots"": 1.0, ""premium_elasticity_min"": 0.0, ""regime_confidence_min"": 60.0, ""spread_pct_max"": 0.398406374501992, ""trade_quality_min"": 74.654377880186}",58.22181763836395,PE,DataHealth invalid; Contract invalid: Quote stale or spread hard rejected.; SideDirection hard reject: 16.9 < 65.0; PremiumElasticity hard reject: 0.00 < 1.00; ConvexityEdge below excellent gate: 37.3 < 80.0,DataHealth invalid; Contract invalid: Quote stale or spread hard rejected.; SideDirection hard reject: 16.9 < 65.0; PremiumElasticity hard reject: 0.00 < 1.00; ConvexityEdge below excellent gate: 37.3 < 80.0,,0.0,UNVALIDATED_COST_MODEL,UNAVAILABLE,paper-strategy-e935c30a69b1,opportunity-score-e935c30a69b1,PAPER_OVERRIDE::FYERS_PAPER_PROXY_RESEARCH,SKIPPED_FORWARD_PROXY,124.25,124.65,0.0,-1.25,False,False,-0.05,OBSERVED,,FYERS_PAPER_PROXY_RESEARCH
202608251105_2_BANKNIFTY_PE,5,2026-08-25T11:11:00.281832+05:30,BANKNIFTY,BANKNIFTY,NSE_INDEX,2e840ccd58d1,"{""contract_quality_min"": 0.0, ""direction_min"": 16.882166127809462, ""excellent_score_min"": 57.143991383952134, ""execution_quality_min"": 96.83042789223458, ""expected_required_ratio_min"": 1.903524347503325, ""final_confidence_min"": 87.63601155511562, ""iv_crush_max"": 29.5, ""market_hostility_max"": 24.436373378450163, ""min_5depth_lots_each_side"": 14.0, ""min_top_book_lots"": 2.0, ""premium_elasticity_min"": 0.0, ""regime_confidence_min"": 60.0, ""spread_pct_max"": 0.31695721077654215, ""trade_quality_min"": 74.654377880186}",57.143991383952134,PE,DataHealth invalid; Contract invalid: Quote stale or spread hard rejected.; SideDirection hard reject: 16.9 < 65.0; PremiumElasticity hard reject: 0.00 < 1.00; ConvexityEdge below excellent gate: 31.3 < 80.0,DataHealth invalid; Contract invalid: Quote stale or spread hard rejected.; SideDirection hard reject: 16.9 < 65.0; PremiumElasticity hard reject: 0.00 < 1.00; ConvexityEdge below excellent gate: 31.3 < 80.0,,0.0,UNVALIDATED_COST_MODEL,UNAVAILABLE,paper-strategy-e935c30a69b1,opportunity-score-e935c30a69b1,PAPER_OVERRIDE::FYERS_PAPER_PROXY_RESEARCH,SKIPPED_FORWARD_PROXY,188.65,189.3,0.0,-0.6500000000000057,False,False,-0.026000000000000228,OBSERVED,,FYERS_PAPER_PROXY_RESEARCH
202608251105_3_FINNIFTY_PE,5,2026-08-25T11:11:00.281832+05:30,FINNIFTY,FINNIFTY,NSE_INDEX,e172b0fef65b,"{""contract_quality_min"": 0.0, ""direction_min"": 9.973536475303929, ""excellent_score_min"": 54.32438242384849, ""execution_quality_min"": 86.37602179836512, ""expected_required_ratio_min"": 1.5518898560224381, ""final_confidence_min"": 84.61460356810913, ""iv_crush_max"": 29.5, ""market_hostility_max"": 22.658536491969066, ""min_5depth_lots_each_side"": 19.0, ""min_top_book_lots"": 2.0, ""premium_elasticity_min"": 0.0, ""regime_confidence_min"": 60.0, ""spread_pct_max"": 1.3623978201634876, ""trade_quality_min"": 53.224489795917975}",54.32438242384849,PE,DataHealth invalid; Contract invalid: Quote stale or spread hard rejected.; SideDirection hard reject: 10.0 < 65.0; PremiumElasticity hard reject: 0.00 < 1.00; Expected/Required hard reject: 1.55 < 1.60; TradeQuality below configured minimum; ConvexityEdge below excellent gate: 56.3 < 80.0,DataHealth invalid; Contract invalid: Quote stale or spread hard rejected.; SideDirection hard reject: 10.0 < 65.0; PremiumElasticity hard reject: 0.00 < 1.00; Expected/Required hard reject: 1.55 < 1.60; TradeQuality below configured minimum; ConvexityEdge below excellent gate: 56.3 < 80.0,,0.0,UNVALIDATED_COST_MODEL,UNAVAILABLE,paper-strategy-e935c30a69b1,opportunity-score-e935c30a69b1,PAPER_OVERRIDE::FYERS_PAPER_PROXY_RESEARCH,SKIPPED_FORWARD_PROXY,37.55,38.05,0.8499999999999943,0.0,False,False,0.11580381471389567,OBSERVED,,FYERS_PAPER_PROXY_RESEARCH
202608251105_4_FINNIFTY_CE,5,2026-08-25T11:11:00.281832+05:30,FINNIFTY,FINNIFTY,NSE_INDEX,e172b0fef65b,"{""contract_quality_min"": 0.0, ""direction_min"": 0.0, ""excellent_score_min"": 54.266356294655445, ""execution_quality_min"": 95.05824214613492, ""expected_required_ratio_min"": 1.5518898560224381, ""final_confidence_min"": 85.97131646747981, ""iv_crush_max"": 29.5, ""market_hostility_max"": 22.658536491969066, ""min_5depth_lots_each_side"": 9.0, ""min_top_book_lots"": 1.0, ""premium_elasticity_min"": 0.0, ""regime_confidence_min"": 60.0, ""spread_pct_max"": 0.49417578538650797, ""trade_quality_min"": 53.224489795917975}",54.266356294655445,CE,DataHealth invalid; Contract invalid: Quote stale or spread hard rejected.; SideDirection hard reject: -10.0 < 65.0; PremiumElasticity hard reject: 0.00 < 1.00; Expected/Required hard reject: 1.55 < 1.60; TradeQuality below configured minimum; ConvexityEdge below excellent gate: 56.3 < 80.0,DataHealth invalid; Contract invalid: Quote stale or spread hard rejected.; SideDirection hard reject: -10.0 < 65.0; PremiumElasticity hard reject: 0.00 < 1.00; Expected/Required hard reject: 1.55 < 1.60; TradeQuality below configured minimum; ConvexityEdge below excellent gate: 56.3 < 80.0,,0.0,UNVALIDATED_COST_MODEL,UNAVAILABLE,paper-strategy-e935c30a69b1,opportunity-score-e935c30a69b1,PAPER_OVERRIDE::FYERS_PAPER_PROXY_RESEARCH,SKIPPED_FORWARD_PROXY,68.75,69.2,0.0,-2.075000000000003,False,False,-0.14648782209671746,OBSERVED,,FYERS_PAPER_PROXY_RESEARCH
202608251105_5_FINNIFTY_PE,5,2026-08-25T11:11:00.281832+05:30,FINNIFTY,FINNIFTY,NSE_INDEX,e172b0fef65b,"{""contract_quality_min"": 0.0, ""direction_min"": 9.973536475303929, ""excellent_score_min"": 54.11402279139165, ""execution_quality_min"": 90.07444168734489, ""expected_required_ratio_min"": 1.5518898560224381, ""final_confidence_min"": 88.96337741007098, ""iv_crush_max"": 29.5, ""market_hostility_max"": 22.658536491969066, ""min_5depth_lots_each_side"": 7.0, ""min_top_book_lots"": 1.0, ""premium_elasticity_min"": 0.0, ""regime_confidence_min"": 60.0, ""spread_pct_max"": 0.992555831265511, ""trade_quality_min"": 53.224489795917975}",54.11402279139165,PE,DataHealth invalid; Contract invalid: Quote stale or spread hard rejected.; SideDirection hard reject: 10.0 < 65.0; PremiumElasticity hard reject: 0.00 < 1.00; Expected/Required hard reject: 1.55 < 1.60; TradeQuality below configured minimum; ConvexityEdge below excellent gate: 50.3 < 80.0,DataHealth invalid; Contract invalid: Quote stale or spread hard rejected.; SideDirection hard reject: 10.0 < 65.0; PremiumElasticity hard reject: 0.00 < 1.00; Expected/Required hard reject: 1.55 < 1.60; TradeQuality below configured minimum; ConvexityEdge below excellent gate: 50.3 < 80.0,,0.0,UNVALIDATED_COST_MODEL,UNAVAILABLE,paper-strategy-e935c30a69b1,opportunity-score-e935c30a69b1,PAPER_OVERRIDE::FYERS_PAPER_PROXY_RESEARCH,SKIPPED_FORWARD_PROXY,61.7,62.25,1.25,0.0,False,False,0.10339123242349048,OBSERVED,,FYERS_PAPER_PROXY_RESEARCH
202608251042_1_MIDCPNIFTY_PE,30,2026-08-25T11:12:20.450603+05:30,MIDCPNIFTY,MIDCPNIFTY,NSE_INDEX,712afad509f5,"{""contract_quality_min"": 0.0, ""direction_min"": 0.9145992911849622, ""excellent_score_min"": 41.682699697751474, ""execution_quality_min"": 100.0, ""expected_required_ratio_min"": 1.6179739642283084, ""final_confidence_min"": 73.79592005240656, ""iv_crush_max"": 29.5, ""market_hostility_max"": 20.40809600043043, ""min_5depth_lots_each_side"": 33.0, ""min_top_book_lots"": 3.0, ""premium_elasticity_min"": 0.0, ""regime_confidence_min"": 60.0, ""spread_pct_max"": 0.6849315068493248, ""trade_quality_min"": 7.1957671957627145}",41.682699697751474,PE,DataHealth invalid; Contract invalid: Quote stale or spread hard rejected.; SideDirection hard reject: 0.9 < 65.0; PremiumElasticity hard reject: 0.00 < 1.00; TradeQuality below configured minimum; ConvexityEdge below excellent gate: 52.3 < 80.0,DataHealth invalid; Contract invalid: Quote stale or spread hard rejected.; SideDirection hard reject: 0.9 < 65.0; PremiumElasticity hard reject: 0.00 < 1.00; TradeQuality below configured minimum; ConvexityEdge below excellent gate: 52.3 < 80.0,,0.0,UNVALIDATED_COST_MODEL,UNAVAILABLE,paper-strategy-e935c30a69b1,opportunity-score-e935c30a69b1,PAPER_OVERRIDE::FYERS_PAPER_PROXY_RESEARCH,SKIPPED_FORWARD_PROXY,36.05,36.2,0.0,-7.75,False,False,-0.884703196347032,OBSERVED,,FYERS_PAPER_PROXY_RESEARCH
202608251042_2_BANKNIFTY_PE,30,2026-08-25T11:12:20.450603+05:30,BANKNIFTY,BANKNIFTY,NSE_INDEX,2e840ccd58d1,"{""contract_quality_min"": 0.0, ""direction_min"": 1.2118668931378023, ""excellent_score_min"": 41.6277353515655, ""execution_quality_min"": 100.0, ""expected_required_ratio_min"": 2.0633281875924276, ""final_confidence_min"": 73.82112429626686, ""iv_crush_max"": 29.5, ""market_hostility_max"": 22.75177598911474, ""min_5depth_lots_each_side"": 33.0, ""min_top_book_lots"": 3.0, ""premium_elasticity_min"": 0.0, ""regime_confidence_min"": 60.0, ""spread_pct_max"": 0.2846569883290635, ""trade_quality_min"": 7.131147540987292}",41.6277353515655,PE,DataHealth invalid; Contract invalid: Quote stale or spread hard rejected.; SideDirection hard reject: 1.2 < 65.0; PremiumElasticity hard reject: 0.00 < 1.00; TradeQuality below configured minimum; ConvexityEdge below excellent gate: 52.3 < 80.0,DataHealth invalid; Contract invalid: Quote stale or spread hard rejected.; SideDirection hard reject: 1.2 < 65.0; PremiumElasticity hard reject: 0.00 < 1.00; TradeQuality below configured minimum; ConvexityEdge below excellent gate: 52.3 < 80.0,,0.0,UNVALIDATED_COST_MODEL,UNAVAILABLE,paper-strategy-e935c30a69b1,opportunity-score-e935c30a69b1,PAPER_OVERRIDE::FYERS_PAPER_PROXY_RESEARCH,SKIPPED_FORWARD_PROXY,73.1,73.25,0.0,-14.725000000000009,False,False,-0.8383148306290924,OBSERVED,,FYERS_PAPER_PROXY_RESEARCH
202608251042_3_BANKNIFTY_PE,30,2026-08-25T11:12:20.450603+05:30,BANKNIFTY,BANKNIFTY,NSE_INDEX,2e840ccd58d1,"{""contract_quality_min"": 0.0, ""direction_min"": 1.2118668931378023, ""excellent_score_min"": 41.6277353515655, ""execution_quality_min"": 100.0, ""expected_required_ratio_min"": 2.0633281875924276, ""final_confidence_min"": 73.82112429626686, ""iv_crush_max"": 29.5, ""market_hostility_max"": 22.75177598911474, ""min_5depth_lots_each_side"": 47.0, ""min_top_book_lots"": 2.0, ""premium_elasticity_min"": 0.0, ""regime_confidence_min"": 60.0, ""spread_pct_max"": 0.2857142857142695, ""trade_quality_min"": 7.131147540987292}",41.6277353515655,PE,DataHealth invalid; Contract invalid: Quote stale or spread hard rejected.; SideDirection hard reject: 1.2 < 65.0; PremiumElasticity hard reject: 0.00 < 1.00; TradeQuality below configured minimum; ConvexityEdge below excellent gate: 52.3 < 80.0,DataHealth invalid; Contract invalid: Quote stale or spread hard rejected.; SideDirection hard reject: 1.2 < 65.0; PremiumElasticity hard reject: 0.00 < 1.00; TradeQuality below configured minimum; ConvexityEdge below excellent gate: 52.3 < 80.0,,0.0,UNVALIDATED_COST_MODEL,UNAVAILABLE,paper-strategy-e935c30a69b1,opportunity-score-e935c30a69b1,PAPER_OVERRIDE::FYERS_PAPER_PROXY_RESEARCH,SKIPPED_FORWARD_PROXY,119.25,119.7,0.0,-20.75,False,False,-0.83,OBSERVED,,FYERS_PAPER_PROXY_RESEARCH
202608251042_4_MIDCPNIFTY_CE,30,2026-08-25T11:12:20.450603+05:30,MIDCPNIFTY,MIDCPNIFTY,NSE_INDEX,712afad509f5,"{""contract_quality_min"": 0.0, ""direction_min"": 0.0, ""excellent_score_min"": 41.51807182533818, ""execution_quality_min"": 100.0, ""expected_required_ratio_min"": 1.6179739642283084, ""final_confidence_min"": 73.52154026505107, ""iv_crush_max"": 29.5, ""market_hostility_max"": 20.40809600043043, ""min_5depth_lots_each_side"": 29.0, ""min_top_book_lots"": 1.0, ""premium_elasticity_min"": 0.0, ""regime_confidence_min"": 60.0, ""spread_pct_max"": 0.6215040397762585, ""trade_quality_min"": 7.1957671957627145}",41.51807182533818,CE,DataHealth invalid; Contract invalid: Quote stale or spread hard rejected.; SideDirection hard reject: -0.9 < 65.0; PremiumElasticity hard reject: 0.00 < 1.00; TradeQuality below configured minimum; ConvexityEdge below excellent gate: 52.3 < 80.0,DataHealth invalid; Contract invalid: Quote stale or spread hard rejected.; SideDirection hard reject: -0.9 < 65.0; PremiumElasticity hard reject: 0.00 < 1.00; TradeQuality below configured minimum; ConvexityEdge below excellent gate: 52.3 < 80.0,,0.0,UNVALIDATED_COST_MODEL,UNAVAILABLE,paper-strategy-e935c30a69b1,opportunity-score-e935c30a69b1,PAPER_OVERRIDE::FYERS_PAPER_PROXY_RESEARCH,SKIPPED_FORWARD_PROXY,45.2,45.55,4.975000000000001,0.0,False,False,0.6183965195773774,OBSERVED,,FYERS_PAPER_PROXY_RESEARCH
202608251042_5_BANKNIFTY_CE,30,2026-08-25T11:12:20.450603+05:30,BANKNIFTY,BANKNIFTY,NSE_INDEX,2e840ccd58d1,"{""contract_quality_min"": 0.0, ""direction_min"": 0.0, ""excellent_score_min"": 41.40959931080069, ""execution_quality_min"": 100.0, ""expected_required_ratio_min"": 2.0633281875924276, ""final_confidence_min"": 73.45756422832552, ""iv_crush_max"": 29.5, ""market_hostility_max"": 22.75177598911474, ""min_5depth_lots_each_side"": 20.0, ""min_top_book_lots"": 2.0, ""premium_elasticity_min"": 0.0, ""regime_confidence_min"": 60.0, ""spread_pct_max"": 0.22710068130205255, ""trade_quality_min"": 7.131147540987292}",41.40959931080069,CE,DataHealth invalid; Contract invalid: Quote stale or spread hard rejected.; SideDirection hard reject: -1.2 < 65.0; PremiumElasticity hard reject: 0.00 < 1.00; TradeQuality below configured minimum; ConvexityEdge below excellent gate: 52.3 < 80.0,DataHealth invalid; Contract invalid: Quote stale or spread hard rejected.; SideDirection hard reject: -1.2 < 65.0; PremiumElasticity hard reject: 0.00 < 1.00; TradeQuality below configured minimum; ConvexityEdge below excellent gate: 52.3 < 80.0,,0.0,UNVALIDATED_COST_MODEL,UNAVAILABLE,paper-strategy-e935c30a69b1,opportunity-score-e935c30a69b1,PAPER_OVERRIDE::FYERS_PAPER_PROXY_RESEARCH,SKIPPED_FORWARD_PROXY,149.6,150.05,17.5,0.0,False,False,0.7,OBSERVED,,FYERS_PAPER_PROXY_RESEARCH
202608251057_1_BANKNIFTY_CE,15,2026-08-25T11:13:02.489891+05:30,BANKNIFTY,BANKNIFTY,NSE_INDEX,2e840ccd58d1,"{""contract_quality_min"": 0.0, ""direction_min"": 5.454197610309698, ""excellent_score_min"": 41.9165112371688, ""execution_quality_min"": 96.39379733141003, ""expected_required_ratio_min"": 1.9125535878316404, ""final_confidence_min"": 78.23883448736066, ""iv_crush_max"": 29.5, ""market_hostility_max"": 24.349968630681623, ""min_5depth_lots_each_side"": 29.0, ""min_top_book_lots"": 2.0, ""premium_elasticity_min"": 0.0, ""regime_confidence_min"": 60.0, ""spread_pct_max"": 0.3606202668589975, ""trade_quality_min"": 19.735682819380713}",41.9165112371688,CE,DataHealth invalid; Contract invalid: Quote stale or spread hard rejected.; SideDirection hard reject: 5.5 < 65.0; PremiumElasticity hard reject: 0.00 < 1.00; TradeQuality below configured minimum; ConvexityEdge below excellent gate: 37.3 < 80.0,DataHealth invalid; Contract invalid: Quote stale or spread hard rejected.; SideDirection hard reject: 5.5 < 65.0; PremiumElasticity hard reject: 0.00 < 1.00; TradeQuality below configured minimum; ConvexityEdge below excellent gate: 37.3 < 80.0,,0.0,UNVALIDATED_COST_MODEL,UNAVAILABLE,paper-strategy-e935c30a69b1,opportunity-score-e935c30a69b1,PAPER_OVERRIDE::FYERS_PAPER_PROXY_RESEARCH,SKIPPED_FORWARD_PROXY,93.3,93.5,0.0,-45.35000000000001,False,True,-1.8140000000000003,OBSERVED,,FYERS_PAPER_PROXY_RESEARCH
202608251057_2_BANKNIFTY_PE,15,2026-08-25T11:13:02.489891+05:30,BANKNIFTY,BANKNIFTY,NSE_INDEX,2e840ccd58d1,"{""contract_quality_min"": 0.0, ""direction_min"": 0.0, ""excellent_score_min"": 41.038495744080706, ""execution_quality_min"": 97.0853978431944, ""expected_required_ratio_min"": 1.9125535878316404, ""final_confidence_min"": 76.60257520426777, ""iv_crush_max"": 29.5, ""market_hostility_max"": 24.349968630681623, ""min_5depth_lots_each_side"": 18.0, ""min_top_book_lots"": 1.0, ""premium_elasticity_min"": 0.0, ""regime_confidence_min"": 60.0, ""spread_pct_max"": 0.2914602156805596, ""trade_quality_min"": 19.735682819380713}",41.038495744080706,PE,DataHealth invalid; Contract invalid: Quote stale or spread hard rejected.; SideDirection hard reject: -5.5 < 65.0; PremiumElasticity hard reject: 0.00 < 1.00; TradeQuality below configured minimum; ConvexityEdge below excellent gate: 37.3 < 80.0,DataHealth invalid; Contract invalid: Quote stale or spread hard rejected.; SideDirection hard reject: -5.5 < 65.0; PremiumElasticity hard reject: 0.00 < 1.00; TradeQuality below configured minimum; ConvexityEdge below excellent gate: 37.3 < 80.0,,0.0,UNVALIDATED_COST_MODEL,UNAVAILABLE,paper-strategy-e935c30a69b1,opportunity-score-e935c30a69b1,PAPER_OVERRIDE::FYERS_PAPER_PROXY_RESEARCH,SKIPPED_FORWARD_PROXY,119.1,119.5,33.32499999999999,0.0,False,False,1.942582337510929,OBSERVED,,FYERS_PAPER_PROXY_RESEARCH
202608251057_3_BANKNIFTY_CE,15,2026-08-25T11:13:02.489891+05:30,BANKNIFTY,BANKNIFTY,NSE_INDEX,2e840ccd58d1,"{""contract_quality_min"": 0.0, ""direction_min"": 5.454197610309698, ""excellent_score_min"": 40.778737820101206, ""execution_quality_min"": 96.80864121762609, ""expected_required_ratio_min"": 1.9125535878316404, ""final_confidence_min"": 78.23883448736066, ""iv_crush_max"": 29.5, ""market_hostility_max"": 24.349968630681623, ""min_5depth_lots_each_side"": 9.0, ""min_top_book_lots"": 1.0, ""premium_elasticity_min"": 0.0, ""regime_confidence_min"": 60.0, ""spread_pct_max"": 0.3191358782373908, ""trade_quality_min"": 19.735682819380713}",40.778737820101206,CE,DataHealth invalid; Contract invalid: Quote stale or spread hard rejected.; SideDirection hard reject: 5.5 < 65.0; PremiumElasticity hard reject: 0.00 < 1.00; TradeQuality below configured minimum; ConvexityEdge below excellent gate: 31.3 < 80.0,DataHealth invalid; Contract invalid: Quote stale or spread hard rejected.; SideDirection hard reject: 5.5 < 65.0; PremiumElasticity hard reject: 0.00 < 1.00; TradeQuality below configured minimum; ConvexityEdge below excellent gate: 31.3 < 80.0,,0.0,UNVALIDATED_COST_MODEL,UNAVAILABLE,paper-strategy-e935c30a69b1,opportunity-score-e935c30a69b1,PAPER_OVERRIDE::FYERS_PAPER_PROXY_RESEARCH,SKIPPED_FORWARD_PROXY,147.25,147.7,0.0,-56.42500000000001,False,True,-2.2570000000000006,OBSERVED,,FYERS_PAPER_PROXY_RESEARCH
202608251057_4_BANKNIFTY_CE,15,2026-08-25T11:13:02.489891+05:30,BANKNIFTY,BANKNIFTY,NSE_INDEX,2e840ccd58d1,"{""contract_quality_min"": 0.0, ""direction_min"": 5.454197610309698, ""excellent_score_min"": 40.263718142970454, ""execution_quality_min"": 96.0418433700877, ""expected_required_ratio_min"": 1.9125535878316404, ""final_confidence_min"": 78.23883448736066, ""iv_crush_max"": 29.5, ""market_hostility_max"": 24.349968630681623, ""min_5depth_lots_each_side"": 17.0, ""min_top_book_lots"": 1.0, ""premium_elasticity_min"": 0.0, ""regime_confidence_min"": 60.0, ""spread_pct_max"": 0.39581566299122906, ""trade_quality_min"": 19.735682819380713}",40.263718142970454,CE,DataHealth invalid; Contract invalid: Quote stale or spread hard rejected.; SideDirection hard reject: 5.5 < 65.0; PremiumElasticity hard reject: 0.00 < 1.00; TradeQuality below configured minimum; ConvexityEdge below excellent gate: 29.3 < 80.0,DataHealth invalid; Contract invalid: Quote stale or spread hard rejected.; SideDirection hard reject: 5.5 < 65.0; PremiumElasticity hard reject: 0.00 < 1.00; TradeQuality below configured minimum; ConvexityEdge below excellent gate: 29.3 < 80.0,,0.0,UNVALIDATED_COST_MODEL,UNAVAILABLE,paper-strategy-e935c30a69b1,opportunity-score-e935c30a69b1,PAPER_OVERRIDE::FYERS_PAPER_PROXY_RESEARCH,SKIPPED_FORWARD_PROXY,56.35,56.5,0.0,-32.074999999999996,False,True,-1.813683912920554,OBSERVED,,FYERS_PAPER_PROXY_RESEARCH
202608251057_5_BANKNIFTY_PE,15,2026-08-25T11:13:02.489891+05:30,BANKNIFTY,BANKNIFTY,NSE_INDEX,2e840ccd58d1,"{""contract_quality_min"": 0.0, ""direction_min"": 0.0, ""excellent_score_min"": 39.72360656815363, ""execution_quality_min"": 96.31947000368054, ""expected_required_ratio_min"": 1.9125535878316404, ""final_confidence_min"": 76.60257520426777, ""iv_crush_max"": 29.5, ""market_hostility_max"": 24.349968630681623, ""min_5depth_lots_each_side"": 36.0, ""min_top_book_lots"": 4.0, ""premium_elasticity_min"": 0.0, ""regime_confidence_min"": 60.0, ""spread_pct_max"": 0.36805299963194704, ""trade_quality_min"": 19.735682819380713}",39.72360656815363,PE,DataHealth invalid; Contract invalid: Quote stale or spread hard rejected.; SideDirection hard reject: -5.5 < 65.0; PremiumElasticity hard reject: 0.00 < 1.00; TradeQuality below configured minimum; ConvexityEdge below excellent gate: 31.3 < 80.0,DataHealth invalid; Contract invalid: Quote stale or spread hard rejected.; SideDirection hard reject: -5.5 < 65.0; PremiumElasticity hard reject: 0.00 < 1.00; TradeQuality below configured minimum; ConvexityEdge below excellent gate: 31.3 < 80.0,,0.0,UNVALIDATED_COST_MODEL,UNAVAILABLE,paper-strategy-e935c30a69b1,opportunity-score-e935c30a69b1,PAPER_OVERRIDE::FYERS_PAPER_PROXY_RESEARCH,SKIPPED_FORWARD_PROXY,181.5,181.95,45.650000000000006,0.0,False,False,1.8260000000000003,OBSERVED,,FYERS_PAPER_PROXY_RESEARCH
202608251107_1_FINNIFTY_PE,5,2026-08-25T11:13:02.489891+05:30,FINNIFTY,FINNIFTY,NSE_INDEX,e172b0fef65b,"{""contract_quality_min"": 0.0, ""direction_min"": 8.050676406046202, ""excellent_score_min"": 53.095236245359, ""execution_quality_min"": 88.23529411764689, ""expected_required_ratio_min"": 1.5258155301455478, ""final_confidence_min"": 85.03389032885362, ""iv_crush_max"": 29.5, ""market_hostility_max"": 22.626646553556018, ""min_5depth_lots_each_side"": 24.0, ""min_top_book_lots"": 1.0, ""premium_elasticity_min"": 0.0, ""regime_confidence_min"": 60.0, ""spread_pct_max"": 1.1764705882353108, ""trade_quality_min"": 48.14645308923471}",53.095236245359,PE,DataHealth invalid; Contract invalid: Quote stale or spread hard rejected.; SideDirection hard reject: 8.1 < 65.0; PremiumElasticity hard reject: 0.00 < 1.00; Expected/Required hard reject: 1.53 < 1.60; TradeQuality below configured minimum; ConvexityEdge below excellent gate: 56.3 < 80.0,DataHealth invalid; Contract invalid: Quote stale or spread hard rejected.; SideDirection hard reject: 8.1 < 65.0; PremiumElasticity hard reject: 0.00 < 1.00; Expected/Required hard reject: 1.53 < 1.60; TradeQuality below configured minimum; ConvexityEdge below excellent gate: 56.3 < 80.0,,0.0,UNVALIDATED_COST_MODEL,UNAVAILABLE,paper-strategy-e935c30a69b1,opportunity-score-e935c30a69b1,PAPER_OVERRIDE::FYERS_PAPER_PROXY_RESEARCH,SKIPPED_FORWARD_PROXY,38.0,38.5,4.0,0.0,False,False,0.588235294117647,OBSERVED,,FYERS_PAPER_PROXY_RESEARCH
202608251107_2_FINNIFTY_CE,5,2026-08-25T11:13:02.489891+05:30,FINNIFTY,FINNIFTY,NSE_INDEX,e172b0fef65b,"{""contract_quality_min"": 0.0, ""direction_min"": 0.0, ""excellent_score_min"": 52.716848750415444, ""execution_quality_min"": 93.96175779939614, ""expected_required_ratio_min"": 1.5258155301455478, ""final_confidence_min"": 84.73633446586348, ""iv_crush_max"": 29.5, ""market_hostility_max"": 22.626646553556018, ""min_5depth_lots_each_side"": 12.0, ""min_top_book_lots"": 2.0, ""premium_elasticity_min"": 0.0, ""regime_confidence_min"": 60.0, ""spread_pct_max"": 0.6038242200603862, ""trade_quality_min"": 48.14645308923471}",52.716848750415444,CE,DataHealth invalid; Contract invalid: Quote stale or spread hard rejected.; SideDirection hard reject: -8.1 < 65.0; PremiumElasticity hard reject: 0.00 < 1.00; Expected/Required hard reject: 1.53 < 1.60; TradeQuality below configured minimum; ConvexityEdge below excellent gate: 56.3 < 80.0,DataHealth invalid; Contract invalid: Quote stale or spread hard rejected.; SideDirection hard reject: -8.1 < 65.0; PremiumElasticity hard reject: 0.00 < 1.00; Expected/Required hard reject: 1.53 < 1.60; TradeQuality below configured minimum; ConvexityEdge below excellent gate: 56.3 < 80.0,,0.0,UNVALIDATED_COST_MODEL,UNAVAILABLE,paper-strategy-e935c30a69b1,opportunity-score-e935c30a69b1,PAPER_OVERRIDE::FYERS_PAPER_PROXY_RESEARCH,SKIPPED_FORWARD_PROXY,67.5,68.0,0.0,-7.025000000000006,False,False,-0.4713183495471322,OBSERVED,,FYERS_PAPER_PROXY_RESEARCH
202608251107_3_FINNIFTY_PE,5,2026-08-25T11:13:02.489891+05:30,FINNIFTY,FINNIFTY,NSE_INDEX,e172b0fef65b,"{""contract_quality_min"": 0.0, ""direction_min"": 8.050676406046202, ""excellent_score_min"": 50.374624605477614, ""execution_quality_min"": 84.08488063660474, ""expected_required_ratio_min"": 1.5258155301455478, ""final_confidence_min"": 80.05339415160303, ""iv_crush_max"": 29.5, ""market_hostility_max"": 22.626646553556018, ""min_5depth_lots_each_side"": 39.0, ""min_top_book_lots"": 2.0, ""premium_elasticity_min"": 0.0, ""regime_confidence_min"": 60.0, ""spread_pct_max"": 1.5915119363395265, ""trade_quality_min"": 48.14645308923471}",50.374624605477614,PE,DataHealth invalid; Contract invalid: Quote stale or spread hard rejected.; SideDirection hard reject: 8.1 < 65.0; PremiumElasticity hard reject: 0.00 < 1.00; Expected/Required hard reject: 1.53 < 1.60; TradeQuality below configured minimum; ConvexityEdge below excellent gate: 48.3 < 80.0,DataHealth invalid; Contract invalid: Quote stale or spread hard rejected.; SideDirection hard reject: 8.1 < 65.0; PremiumElasticity hard reject: 0.00 < 1.00; Expected/Required hard reject: 1.53 < 1.60; TradeQuality below configured minimum; ConvexityEdge below excellent gate: 48.3 < 80.0,,0.0,UNVALIDATED_COST_MODEL,UNAVAILABLE,paper-strategy-e935c30a69b1,opportunity-score-e935c30a69b1,PAPER_OVERRIDE::FYERS_PAPER_PROXY_RESEARCH,SKIPPED_FORWARD_PROXY,21.75,21.95,2.8999999999999986,0.0,False,False,0.7692307692307687,OBSERVED,,FYERS_PAPER_PROXY_RESEARCH
202608251107_4_FINNIFTY_CE,5,2026-08-25T11:13:02.489891+05:30,FINNIFTY,FINNIFTY,NSE_INDEX,e172b0fef65b,"{""contract_quality_min"": 0.0, ""direction_min"": 0.0, ""excellent_score_min"": 50.36846245894154, ""execution_quality_min"": 89.4291754756871, ""expected_required_ratio_min"": 1.5258155301455478, ""final_confidence_min"": 84.051345036688, ""iv_crush_max"": 29.5, ""market_hostility_max"": 22.626646553556018, ""min_5depth_lots_each_side"": 10.0, ""min_top_book_lots"": 1.0, ""premium_elasticity_min"": 0.0, ""regime_confidence_min"": 60.0, ""spread_pct_max"": 1.0570824524312896, ""trade_quality_min"": 48.14645308923471}",50.36846245894154,CE,DataHealth invalid; Contract invalid: Quote stale or spread hard rejected.; SideDirection hard reject: -8.1 < 65.0; PremiumElasticity hard reject: 0.00 < 1.00; Expected/Required hard reject: 1.53 < 1.60; TradeQuality below configured minimum; ConvexityEdge below excellent gate: 48.3 < 80.0,DataHealth invalid; Contract invalid: Quote stale or spread hard rejected.; SideDirection hard reject: -8.1 < 65.0; PremiumElasticity hard reject: 0.00 < 1.00; Expected/Required hard reject: 1.53 < 1.60; TradeQuality below configured minimum; ConvexityEdge below excellent gate: 48.3 < 80.0,,0.0,UNVALIDATED_COST_MODEL,UNAVAILABLE,paper-strategy-e935c30a69b1,opportunity-score-e935c30a69b1,PAPER_OVERRIDE::FYERS_PAPER_PROXY_RESEARCH,SKIPPED_FORWARD_PROXY,41.9,42.5,0.0,-5.399999999999999,False,False,-0.5708245243128963,OBSERVED,,FYERS_PAPER_PROXY_RESEARCH
202608251107_5_BANKNIFTY_PE,5,2026-08-25T11:13:02.489891+05:30,BANKNIFTY,BANKNIFTY,NSE_INDEX,2e840ccd58d1,"{""contract_quality_min"": 0.0, ""direction_min"": 7.051294867035922, ""excellent_score_min"": 47.63421174475775, ""execution_quality_min"": 97.04753469146738, ""expected_required_ratio_min"": 1.9234070604747036, ""final_confidence_min"": 85.21950484399963, ""iv_crush_max"": 29.5, ""market_hostility_max"": 23.29228807348497, ""min_5depth_lots_each_side"": 17.0, ""min_top_book_lots"": 4.0, ""premium_elasticity_min"": 0.0, ""regime_confidence_min"": 60.0, ""spread_pct_max"": 0.29524653085326247, ""trade_quality_min"": 42.20603537981412}",47.63421174475775,PE,DataHealth invalid; Contract invalid: Quote stale or spread hard rejected.; SideDirection hard reject: 7.1 < 65.0; PremiumElasticity hard reject: 0.00 < 1.00; TradeQuality below configured minimum; ConvexityEdge below excellent gate: 31.3 < 80.0,DataHealth invalid; Contract invalid: Quote stale or spread hard rejected.; SideDirection hard reject: 7.1 < 65.0; PremiumElasticity hard reject: 0.00 < 1.00; TradeQuality below configured minimum; ConvexityEdge below excellent gate: 31.3 < 80.0,,0.0,UNVALIDATED_COST_MODEL,UNAVAILABLE,paper-strategy-e935c30a69b1,opportunity-score-e935c30a69b1,PAPER_OVERRIDE::FYERS_PAPER_PROXY_RESEARCH,SKIPPED_FORWARD_PROXY,181.5,181.95,12.150000000000006,0.0,False,False,0.4860000000000002,OBSERVED,,FYERS_PAPER_PROXY_RESEARCH
202608251045_1_FINNIFTY_CE,30,2026-08-25T11:16:17.722282+05:30,FINNIFTY,FINNIFTY,NSE_INDEX,e172b0fef65b,"{""contract_quality_min"": 0.0, ""direction_min"": 4.520310752210356, ""excellent_score_min"": 50.126241793968525, ""execution_quality_min"": 98.19548872180485, ""expected_required_ratio_min"": 1.6655359091086666, ""final_confidence_min"": 82.98720691817506, ""iv_crush_max"": 29.5, ""market_hostility_max"": 22.225929626950098, ""min_5depth_lots_each_side"": 9.0, ""min_top_book_lots"": 2.0, ""premium_elasticity_min"": 0.0, ""regime_confidence_min"": 60.0, ""spread_pct_max"": 0.8421052631578867, ""trade_quality_min"": 36.030534351145036}",50.126241793968525,CE,DataHealth invalid; Contract invalid: Quote stale or spread hard rejected.; SideDirection hard reject: 4.5 < 65.0; PremiumElasticity hard reject: 0.00 < 1.00; TradeQuality below configured minimum; ConvexityEdge below excellent gate: 52.3 < 80.0,DataHealth invalid; Contract invalid: Quote stale or spread hard rejected.; SideDirection hard reject: 4.5 < 65.0; PremiumElasticity hard reject: 0.00 < 1.00; TradeQuality below configured minimum; ConvexityEdge below excellent gate: 52.3 < 80.0,,0.0,UNVALIDATED_COST_MODEL,UNAVAILABLE,paper-strategy-e935c30a69b1,opportunity-score-e935c30a69b1,PAPER_OVERRIDE::FYERS_PAPER_PROXY_RESEARCH,SKIPPED_FORWARD_PROXY,74.65,75.25,3.4000000000000057,0.0,False,False,0.23859649122807058,OBSERVED,,FYERS_PAPER_PROXY_RESEARCH
202608251045_2_FINNIFTY_PE,30,2026-08-25T11:16:17.722282+05:30,FINNIFTY,FINNIFTY,NSE_INDEX,e172b0fef65b,"{""contract_quality_min"": 0.0, ""direction_min"": 0.0, ""excellent_score_min"": 48.591150368003674, ""execution_quality_min"": 93.38591878469163, ""expected_required_ratio_min"": 1.6655359091086666, ""final_confidence_min"": 81.63111369251196, ""iv_crush_max"": 29.5, ""market_hostility_max"": 22.225929626950098, ""min_5depth_lots_each_side"": 11.0, ""min_top_book_lots"": 1.0, ""premium_elasticity_min"": 0.0, ""regime_confidence_min"": 60.0, ""spread_pct_max"": 0.9543285616905287, ""trade_quality_min"": 36.030534351145036}",48.591150368003674,PE,DataHealth invalid; Contract invalid: Quote stale or spread hard rejected.; SideDirection hard reject: -4.5 < 65.0; PremiumElasticity hard reject: 0.00 < 1.00; TradeQuality below configured minimum; ConvexityEdge below excellent gate: 52.3 < 80.0,DataHealth invalid; Contract invalid: Quote stale or spread hard rejected.; SideDirection hard reject: -4.5 < 65.0; PremiumElasticity hard reject: 0.00 < 1.00; TradeQuality below configured minimum; ConvexityEdge below excellent gate: 52.3 < 80.0,,0.0,UNVALIDATED_COST_MODEL,UNAVAILABLE,paper-strategy-e935c30a69b1,opportunity-score-e935c30a69b1,PAPER_OVERRIDE::FYERS_PAPER_PROXY_RESEARCH,SKIPPED_FORWARD_PROXY,32.95,33.3,0.0,-3.7249999999999943,False,False,-0.5078391274710286,OBSERVED,,FYERS_PAPER_PROXY_RESEARCH
202608251045_3_FINNIFTY_PE,30,2026-08-25T11:16:17.722282+05:30,FINNIFTY,FINNIFTY,NSE_INDEX,e172b0fef65b,"{""contract_quality_min"": 0.0, ""direction_min"": 0.0, ""excellent_score_min"": 47.6028776812873, ""execution_quality_min"": 87.52592770217623, ""expected_required_ratio_min"": 1.6655359091086666, ""final_confidence_min"": 80.53837344912131, ""iv_crush_max"": 29.5, ""market_hostility_max"": 22.225929626950098, ""min_5depth_lots_each_side"": 8.0, ""min_top_book_lots"": 1.0, ""premium_elasticity_min"": 0.0, ""regime_confidence_min"": 60.0, ""spread_pct_max"": 1.0910616869492213, ""trade_quality_min"": 36.030534351145036}",47.6028776812873,PE,DataHealth invalid; Contract invalid: Quote stale or spread hard rejected.; SideDirection hard reject: -4.5 < 65.0; PremiumElasticity hard reject: 0.00 < 1.00; TradeQuality below configured minimum; ConvexityEdge below excellent gate: 52.3 < 80.0,DataHealth invalid; Contract invalid: Quote stale or spread hard rejected.; SideDirection hard reject: -4.5 < 65.0; PremiumElasticity hard reject: 0.00 < 1.00; TradeQuality below configured minimum; ConvexityEdge below excellent gate: 52.3 < 80.0,,0.0,UNVALIDATED_COST_MODEL,UNAVAILABLE,paper-strategy-e935c30a69b1,opportunity-score-e935c30a69b1,PAPER_OVERRIDE::FYERS_PAPER_PROXY_RESEARCH,SKIPPED_FORWARD_PROXY,55.65,56.2,0.0,-3.9250000000000043,False,False,-0.32941670163659287,OBSERVED,,FYERS_PAPER_PROXY_RESEARCH
202608251045_4_MIDCPNIFTY_CE,30,2026-08-25T11:16:17.722282+05:30,MIDCPNIFTY,MIDCPNIFTY,NSE_INDEX,712afad509f5,"{""contract_quality_min"": 0.0, ""direction_min"": 0.0, ""excellent_score_min"": 46.168774540916374, ""execution_quality_min"": 100.0, ""expected_required_ratio_min"": 1.5496827821188814, ""final_confidence_min"": 74.40703257827974, ""iv_crush_max"": 29.5, ""market_hostility_max"": 20.36505714952142, ""min_5depth_lots_each_side"": 18.0, ""min_top_book_lots"": 2.0, ""premium_elasticity_min"": 0.0, ""regime_confidence_min"": 60.0, ""spread_pct_max"": 0.6197432492253235, ""trade_quality_min"": 10.201342281875}",46.168774540916374,CE,DataHealth invalid; Contract invalid: Quote stale or spread hard rejected.; SideDirection hard reject: -1.0 < 65.0; PremiumElasticity hard reject: 0.00 < 1.00; Expected/Required hard reject: 1.55 < 1.60; TradeQuality below configured minimum; ConvexityEdge below excellent gate: 71.3 < 80.0,DataHealth invalid; Contract invalid: Quote stale or spread hard rejected.; SideDirection hard reject: -1.0 < 65.0; PremiumElasticity hard reject: 0.00 < 1.00; Expected/Required hard reject: 1.55 < 1.60; TradeQuality below configured minimum; ConvexityEdge below excellent gate: 71.3 < 80.0,,0.0,UNVALIDATED_COST_MODEL,UNAVAILABLE,paper-strategy-e935c30a69b1,opportunity-score-e935c30a69b1,PAPER_OVERRIDE::FYERS_PAPER_PROXY_RESEARCH,SKIPPED_FORWARD_PROXY,70.8,71.25,14.325000000000003,0.0,False,False,1.2682602921646748,OBSERVED,,FYERS_PAPER_PROXY_RESEARCH
202608251045_5_BANKNIFTY_CE,30,2026-08-25T11:16:17.722282+05:30,BANKNIFTY,BANKNIFTY,NSE_INDEX,2e840ccd58d1,"{""contract_quality_min"": 0.0, ""direction_min"": 3.189237368391936, ""excellent_score_min"": 45.414499337108296, ""execution_quality_min"": 100.0, ""expected_required_ratio_min"": 2.04484593391239, ""final_confidence_min"": 77.76974493086585, ""iv_crush_max"": 29.5, ""market_hostility_max"": 22.54397413030523, ""min_5depth_lots_each_side"": 66.0, ""min_top_book_lots"": 1.0, ""premium_elasticity_min"": 0.0, ""regime_confidence_min"": 60.0, ""spread_pct_max"": 0.2976190476190448, ""trade_quality_min"": 19.304531085356896}",45.414499337108296,CE,DataHealth invalid; Contract invalid: Quote stale or spread hard rejected.; SideDirection hard reject: 3.2 < 65.0; PremiumElasticity hard reject: 0.00 < 1.00; TradeQuality below configured minimum; ConvexityEdge below excellent gate: 52.3 < 80.0,DataHealth invalid; Contract invalid: Quote stale or spread hard rejected.; SideDirection hard reject: 3.2 < 65.0; PremiumElasticity hard reject: 0.00 < 1.00; TradeQuality below configured minimum; ConvexityEdge below excellent gate: 52.3 < 80.0,,0.0,UNVALIDATED_COST_MODEL,UNAVAILABLE,paper-strategy-e935c30a69b1,opportunity-score-e935c30a69b1,PAPER_OVERRIDE::FYERS_PAPER_PROXY_RESEARCH,SKIPPED_FORWARD_PROXY,111.4,111.65,10.599999999999994,0.0,False,False,0.5257936507936504,OBSERVED,,FYERS_PAPER_PROXY_RESEARCH
202608251059_1_FINNIFTY_PE,15,2026-08-25T11:16:17.722282+05:30,FINNIFTY,FINNIFTY,NSE_INDEX,e172b0fef65b,"{""contract_quality_min"": 0.0, ""direction_min"": 5.002926023248209, ""excellent_score_min"": 42.55264408109432, ""execution_quality_min"": 89.17944093778176, ""expected_required_ratio_min"": 1.6146036194857252, ""final_confidence_min"": 78.77581587571683, ""iv_crush_max"": 29.5, ""market_hostility_max"": 22.71866302549902, ""min_5depth_lots_each_side"": 9.0, ""min_top_book_lots"": 2.0, ""premium_elasticity_min"": 0.0, ""regime_confidence_min"": 60.0, ""spread_pct_max"": 1.082055906221824, ""trade_quality_min"": 25.033492822971592}",42.55264408109432,PE,DataHealth invalid; Contract invalid: Quote stale or spread hard rejected.; SideDirection hard reject: 5.0 < 65.0; PremiumElasticity hard reject: 0.00 < 1.00; TradeQuality below configured minimum; ConvexityEdge below excellent gate: 37.3 < 80.0,DataHealth invalid; Contract invalid: Quote stale or spread hard rejected.; SideDirection hard reject: 5.0 < 65.0; PremiumElasticity hard reject: 0.00 < 1.00; TradeQuality below configured minimum; ConvexityEdge below excellent gate: 37.3 < 80.0,,0.0,UNVALIDATED_COST_MODEL,UNAVAILABLE,paper-strategy-e935c30a69b1,opportunity-score-e935c30a69b1,PAPER_OVERRIDE::FYERS_PAPER_PROXY_RESEARCH,SKIPPED_FORWARD_PROXY,55.65,56.2,0.19999999999999574,0.0,False,False,0.01803426510369664,OBSERVED,,FYERS_PAPER_PROXY_RESEARCH
202608251059_2_FINNIFTY_PE,15,2026-08-25T11:16:17.722282+05:30,FINNIFTY,FINNIFTY,NSE_INDEX,e172b0fef65b,"{""contract_quality_min"": 0.0, ""direction_min"": 5.002926023248209, ""excellent_score_min"": 41.926798734865905, ""execution_quality_min"": 92.35069137981769, ""expected_required_ratio_min"": 1.6146036194857252, ""final_confidence_min"": 79.76048675037872, ""iv_crush_max"": 29.5, ""market_hostility_max"": 22.71866302549902, ""min_5depth_lots_each_side"": 7.0, ""min_top_book_lots"": 1.0, ""premium_elasticity_min"": 0.0, ""regime_confidence_min"": 60.0, ""spread_pct_max"": 0.7649308620182307, ""trade_quality_min"": 25.033492822971592}",41.926798734865905,PE,DataHealth invalid; Contract invalid: Quote stale or spread hard rejected.; SideDirection hard reject: 5.0 < 65.0; PremiumElasticity hard reject: 0.00 < 1.00; TradeQuality below configured minimum; ConvexityEdge below excellent gate: 31.3 < 80.0,DataHealth invalid; Contract invalid: Quote stale or spread hard rejected.; SideDirection hard reject: 5.0 < 65.0; PremiumElasticity hard reject: 0.00 < 1.00; TradeQuality below configured minimum; ConvexityEdge below excellent gate: 31.3 < 80.0,,0.0,UNVALIDATED_COST_MODEL,UNAVAILABLE,paper-strategy-e935c30a69b1,opportunity-score-e935c30a69b1,PAPER_OVERRIDE::FYERS_PAPER_PROXY_RESEARCH,SKIPPED_FORWARD_PROXY,86.05,86.75,1.0750000000000028,0.0,False,False,0.06325389820535468,OBSERVED,,FYERS_PAPER_PROXY_RESEARCH
202608251059_3_FINNIFTY_PE,15,2026-08-25T11:16:17.722282+05:30,FINNIFTY,FINNIFTY,NSE_INDEX,e172b0fef65b,"{""contract_quality_min"": 0.0, ""direction_min"": 5.002926023248209, ""excellent_score_min"": 41.31672896454484, ""execution_quality_min"": 90.95022624434398, ""expected_required_ratio_min"": 1.6146036194857252, ""final_confidence_min"": 79.76048675037872, ""iv_crush_max"": 29.5, ""market_hostility_max"": 22.71866302549902, ""min_5depth_lots_each_side"": 12.0, ""min_top_book_lots"": 1.0, ""premium_elasticity_min"": 0.0, ""regime_confidence_min"": 60.0, ""spread_pct_max"": 0.9049773755656023, ""trade_quality_min"": 25.033492822971592}",41.31672896454484,PE,DataHealth invalid; Contract invalid: Quote stale or spread hard rejected.; SideDirection hard reject: 5.0 < 65.0; PremiumElasticity hard reject: 0.00 < 1.00; TradeQuality below configured minimum; ConvexityEdge below excellent gate: 29.3 < 80.0,DataHealth invalid; Contract invalid: Quote stale or spread hard rejected.; SideDirection hard reject: 5.0 < 65.0; PremiumElasticity hard reject: 0.00 < 1.00; TradeQuality below configured minimum; ConvexityEdge below excellent gate: 29.3 < 80.0,,0.0,UNVALIDATED_COST_MODEL,UNAVAILABLE,paper-strategy-e935c30a69b1,opportunity-score-e935c30a69b1,PAPER_OVERRIDE::FYERS_PAPER_PROXY_RESEARCH,SKIPPED_FORWARD_PROXY,32.95,33.3,0.0,-0.19999999999999574,False,False,-0.030165912518853054,OBSERVED,,FYERS_PAPER_PROXY_RESEARCH
202608251059_4_BANKNIFTY_PE,15,2026-08-25T11:16:17.722282+05:30,BANKNIFTY,BANKNIFTY,NSE_INDEX,2e840ccd58d1,"{""contract_quality_min"": 0.0, ""direction_min"": 3.0374538213182753, ""excellent_score_min"": 39.71431191555119, ""execution_quality_min"": 96.74972914409537, ""expected_required_ratio_min"": 1.9054997369175288, ""final_confidence_min"": 75.82430121594894, ""iv_crush_max"": 29.5, ""market_hostility_max"": 24.116393079260348, ""min_5depth_lots_each_side"": 44.0, ""min_top_book_lots"": 2.0, ""premium_elasticity_min"": 0.0, ""regime_confidence_min"": 60.0, ""spread_pct_max"": 0.3250270855904627, ""trade_quality_min"": 12.895610475837348}",39.71431191555119,PE,DataHealth invalid; Contract invalid: Quote stale or spread hard rejected.; SideDirection hard reject: 3.0 < 65.0; PremiumElasticity hard reject: 0.00 < 1.00; TradeQuality below configured minimum; ConvexityEdge below excellent gate: 37.3 < 80.0,DataHealth invalid; Contract invalid: Quote stale or spread hard rejected.; SideDirection hard reject: 3.0 < 65.0; PremiumElasticity hard reject: 0.00 < 1.00; TradeQuality below configured minimum; ConvexityEdge below excellent gate: 37.3 < 80.0,,0.0,UNVALIDATED_COST_MODEL,UNAVAILABLE,paper-strategy-e935c30a69b1,opportunity-score-e935c30a69b1,PAPER_OVERRIDE::FYERS_PAPER_PROXY_RESEARCH,SKIPPED_FORWARD_PROXY,104.45,104.75,12.149999999999991,0.0,False,False,0.6581798483206928,OBSERVED,,FYERS_PAPER_PROXY_RESEARCH
202608251059_5_FINNIFTY_CE,15,2026-08-25T11:16:17.722282+05:30,FINNIFTY,FINNIFTY,NSE_INDEX,e172b0fef65b,"{""contract_quality_min"": 0.0, ""direction_min"": 0.0, ""excellent_score_min"": 39.403420409824285, ""execution_quality_min"": 86.77685950413228, ""expected_required_ratio_min"": 1.6146036194857252, ""final_confidence_min"": 74.39184034836298, ""iv_crush_max"": 29.5, ""market_hostility_max"": 22.71866302549902, ""min_5depth_lots_each_side"": 16.0, ""min_top_book_lots"": 1.0, ""premium_elasticity_min"": 0.0, ""regime_confidence_min"": 60.0, ""spread_pct_max"": 1.3223140495867722, ""trade_quality_min"": 25.033492822971592}",39.403420409824285,CE,DataHealth invalid; Contract invalid: Quote stale or spread hard rejected.; SideDirection hard reject: -5.0 < 65.0; PremiumElasticity hard reject: 0.00 < 1.00; TradeQuality below configured minimum; ConvexityEdge below excellent gate: 29.3 < 80.0,DataHealth invalid; Contract invalid: Quote stale or spread hard rejected.; SideDirection hard reject: -5.0 < 65.0; PremiumElasticity hard reject: 0.00 < 1.00; TradeQuality below configured minimum; ConvexityEdge below excellent gate: 29.3 < 80.0,,0.0,UNVALIDATED_COST_MODEL,UNAVAILABLE,paper-strategy-e935c30a69b1,opportunity-score-e935c30a69b1,PAPER_OVERRIDE::FYERS_PAPER_PROXY_RESEARCH,SKIPPED_FORWARD_PROXY,28.4,28.6,0.0,-1.8500000000000014,False,False,-0.30578512396694235,OBSERVED,,FYERS_PAPER_PROXY_RESEARCH
202608251109_1_BANKNIFTY_PE,5,2026-08-25T11:16:17.722282+05:30,BANKNIFTY,BANKNIFTY,NSE_INDEX,2e840ccd58d1,"{""contract_quality_min"": 0.0, ""direction_min"": 7.100731632680841, ""excellent_score_min"": 50.61265915060455, ""execution_quality_min"": 97.0294928920009, ""expected_required_ratio_min"": 1.8958904906016592, ""final_confidence_min"": 87.12482453991207, ""iv_crush_max"": 29.5, ""market_hostility_max"": 23.2858105783888, ""min_5depth_lots_each_side"": 21.0, ""min_top_book_lots"": 1.0, ""premium_elasticity_min"": 0.0, ""regime_confidence_min"": 60.0, ""spread_pct_max"": 0.2970507107999103, ""trade_quality_min"": 48.532382650033114}",50.61265915060455,PE,DataHealth invalid; Contract invalid: Quote stale or spread hard rejected.; SideDirection hard reject: 7.1 < 65.0; PremiumElasticity hard reject: 0.00 < 1.00; TradeQuality below configured minimum; ConvexityEdge below excellent gate: 37.3 < 80.0,DataHealth invalid; Contract invalid: Quote stale or spread hard rejected.; SideDirection hard reject: 7.1 < 65.0; PremiumElasticity hard reject: 0.00 < 1.00; TradeQuality below configured minimum; ConvexityEdge below excellent gate: 37.3 < 80.0,,0.0,UNVALIDATED_COST_MODEL,UNAVAILABLE,paper-strategy-e935c30a69b1,opportunity-score-e935c30a69b1,PAPER_OVERRIDE::FYERS_PAPER_PROXY_RESEARCH,SKIPPED_FORWARD_PROXY,104.45,104.75,0.0,-13.375,False,False,-0.5675790367069806,OBSERVED,,FYERS_PAPER_PROXY_RESEARCH
202608251109_2_BANKNIFTY_PE,5,2026-08-25T11:16:17.722282+05:30,BANKNIFTY,BANKNIFTY,NSE_INDEX,2e840ccd58d1,"{""contract_quality_min"": 0.0, ""direction_min"": 7.100731632680841, ""excellent_score_min"": 49.52388024327418, ""execution_quality_min"": 97.77096684313176, ""expected_required_ratio_min"": 1.8958904906016592, ""final_confidence_min"": 87.12482453991207, ""iv_crush_max"": 29.5, ""market_hostility_max"": 23.2858105783888, ""min_5depth_lots_each_side"": 15.0, ""min_top_book_lots"": 2.0, ""premium_elasticity_min"": 0.0, ""regime_confidence_min"": 60.0, ""spread_pct_max"": 0.22290331568682403, ""trade_quality_min"": 48.532382650033114}",49.52388024327418,PE,DataHealth invalid; Contract invalid: Quote stale or spread hard rejected.; SideDirection hard reject: 7.1 < 65.0; PremiumElasticity hard reject: 0.00 < 1.00; TradeQuality below configured minimum; ConvexityEdge below excellent gate: 31.3 < 80.0,DataHealth invalid; Contract invalid: Quote stale or spread hard rejected.; SideDirection hard reject: 7.1 < 65.0; PremiumElasticity hard reject: 0.00 < 1.00; TradeQuality below configured minimum; ConvexityEdge below excellent gate: 31.3 < 80.0,,0.0,UNVALIDATED_COST_MODEL,UNAVAILABLE,paper-strategy-e935c30a69b1,opportunity-score-e935c30a69b1,PAPER_OVERRIDE::FYERS_PAPER_PROXY_RESEARCH,SKIPPED_FORWARD_PROXY,162.0,162.5,0.0,-17.44999999999999,False,False,-0.6979999999999995,OBSERVED,,FYERS_PAPER_PROXY_RESEARCH
202608251109_3_BANKNIFTY_CE,5,2026-08-25T11:16:17.722282+05:30,BANKNIFTY,BANKNIFTY,NSE_INDEX,2e840ccd58d1,"{""contract_quality_min"": 0.0, ""direction_min"": 0.0, ""excellent_score_min"": 49.40179330854607, ""execution_quality_min"": 97.47793190416141, ""expected_required_ratio_min"": 1.8958904906016592, ""final_confidence_min"": 84.99460505010781, ""iv_crush_max"": 29.5, ""market_hostility_max"": 23.2858105783888, ""min_5depth_lots_each_side"": 25.0, ""min_top_book_lots"": 2.0, ""premium_elasticity_min"": 0.0, ""regime_confidence_min"": 60.0, ""spread_pct_max"": 0.25220680958385877, ""trade_quality_min"": 48.532382650033114}",49.40179330854607,CE,DataHealth invalid; Contract invalid: Quote stale or spread hard rejected.; SideDirection hard reject: -7.1 < 65.0; PremiumElasticity hard reject: 0.00 < 1.00; TradeQuality below configured minimum; ConvexityEdge below excellent gate: 37.3 < 80.0,DataHealth invalid; Contract invalid: Quote stale or spread hard rejected.; SideDirection hard reject: -7.1 < 65.0; PremiumElasticity hard reject: 0.00 < 1.00; TradeQuality below configured minimum; ConvexityEdge below excellent gate: 37.3 < 80.0,,0.0,UNVALIDATED_COST_MODEL,UNAVAILABLE,paper-strategy-e935c30a69b1,opportunity-score-e935c30a69b1,PAPER_OVERRIDE::FYERS_PAPER_PROXY_RESEARCH,SKIPPED_FORWARD_PROXY,111.4,111.65,12.275000000000006,0.0,False,False,0.6191677175283735,OBSERVED,,FYERS_PAPER_PROXY_RESEARCH
202608251109_4_BANKNIFTY_CE,5,2026-08-25T11:16:17.722282+05:30,BANKNIFTY,BANKNIFTY,NSE_INDEX,2e840ccd58d1,"{""contract_quality_min"": 0.0, ""direction_min"": 0.0, ""excellent_score_min"": 48.045170794764935, ""execution_quality_min"": 96.43378181228717, ""expected_required_ratio_min"": 1.8958904906016592, ""final_confidence_min"": 84.99460505010781, ""iv_crush_max"": 29.5, ""market_hostility_max"": 23.2858105783888, ""min_5depth_lots_each_side"": 29.0, ""min_top_book_lots"": 2.0, ""premium_elasticity_min"": 0.0, ""regime_confidence_min"": 60.0, ""spread_pct_max"": 0.35662181877128313, ""trade_quality_min"": 48.532382650033114}",48.045170794764935,CE,DataHealth invalid; Contract invalid: Quote stale or spread hard rejected.; SideDirection hard reject: -7.1 < 65.0; PremiumElasticity hard reject: 0.00 < 1.00; TradeQuality below configured minimum; ConvexityEdge below excellent gate: 31.3 < 80.0,DataHealth invalid; Contract invalid: Quote stale or spread hard rejected.; SideDirection hard reject: -7.1 < 65.0; PremiumElasticity hard reject: 0.00 < 1.00; TradeQuality below configured minimum; ConvexityEdge below excellent gate: 31.3 < 80.0,,0.0,UNVALIDATED_COST_MODEL,UNAVAILABLE,paper-strategy-e935c30a69b1,opportunity-score-e935c30a69b1,PAPER_OVERRIDE::FYERS_PAPER_PROXY_RESEARCH,SKIPPED_FORWARD_PROXY,170.5,171.05,16.275000000000006,0.0,False,False,0.6510000000000002,OBSERVED,,FYERS_PAPER_PROXY_RESEARCH
202608251109_5_FINNIFTY_CE,5,2026-08-25T11:16:17.722282+05:30,FINNIFTY,FINNIFTY,NSE_INDEX,e172b0fef65b,"{""contract_quality_min"": 0.0, ""direction_min"": 0.0, ""excellent_score_min"": 44.75096629923303, ""execution_quality_min"": 90.96280848105658, ""expected_required_ratio_min"": 1.520295375770255, ""final_confidence_min"": 77.37740698540044, ""iv_crush_max"": 29.5, ""market_hostility_max"": 22.73087467008812, ""min_5depth_lots_each_side"": 13.0, ""min_top_book_lots"": 1.0, ""premium_elasticity_min"": 0.0, ""regime_confidence_min"": 60.0, ""spread_pct_max"": 0.9037191518943423, ""trade_quality_min"": 21.13009198422611}",44.75096629923303,CE,DataHealth invalid; Contract invalid: Quote stale or spread hard rejected.; SideDirection hard reject: -3.1 < 65.0; PremiumElasticity hard reject: 0.00 < 1.00; Expected/Required hard reject: 1.52 < 1.60; TradeQuality below configured minimum; ConvexityEdge below excellent gate: 56.3 < 80.0,DataHealth invalid; Contract invalid: Quote stale or spread hard rejected.; SideDirection hard reject: -3.1 < 65.0; PremiumElasticity hard reject: 0.00 < 1.00; Expected/Required hard reject: 1.52 < 1.60; TradeQuality below configured minimum; ConvexityEdge below excellent gate: 56.3 < 80.0,,0.0,UNVALIDATED_COST_MODEL,UNAVAILABLE,paper-strategy-e935c30a69b1,opportunity-score-e935c30a69b1,PAPER_OVERRIDE::FYERS_PAPER_PROXY_RESEARCH,SKIPPED_FORWARD_PROXY,74.65,75.25,2.7250000000000085,0.0,False,False,0.1894334376086207,OBSERVED,,FYERS_PAPER_PROXY_RESEARCH
202608251101_1_BANKNIFTY_PE,15,2026-08-25T11:17:01.297409+05:30,BANKNIFTY,BANKNIFTY,NSE_INDEX,2e840ccd58d1,"{""contract_quality_min"": 0.0, ""direction_min"": 9.252738874961919, ""excellent_score_min"": 50.391410909542515, ""execution_quality_min"": 97.14602822260969, ""expected_required_ratio_min"": 1.9177949852041993, ""final_confidence_min"": 88.3913055936086, ""iv_crush_max"": 29.5, ""market_hostility_max"": 24.384121399030768, ""min_5depth_lots_each_side"": 15.0, ""min_top_book_lots"": 1.0, ""premium_elasticity_min"": 0.0, ""regime_confidence_min"": 60.0, ""spread_pct_max"": 0.2853971777390309, ""trade_quality_min"": 51.67798254121442}",50.391410909542515,PE,DataHealth invalid; Contract invalid: Quote stale or spread hard rejected.; SideDirection hard reject: 9.3 < 65.0; PremiumElasticity hard reject: 0.00 < 1.00; TradeQuality below configured minimum; ConvexityEdge below excellent gate: 31.3 < 80.0,DataHealth invalid; Contract invalid: Quote stale or spread hard rejected.; SideDirection hard reject: 9.3 < 65.0; PremiumElasticity hard reject: 0.00 < 1.00; TradeQuality below configured minimum; ConvexityEdge below excellent gate: 31.3 < 80.0,,0.0,UNVALIDATED_COST_MODEL,UNAVAILABLE,paper-strategy-e935c30a69b1,opportunity-score-e935c30a69b1,PAPER_OVERRIDE::FYERS_PAPER_PROXY_RESEARCH,SKIPPED_FORWARD_PROXY,169.65,170.3,11.974999999999994,0.0,False,False,0.47899999999999976,OBSERVED,,FYERS_PAPER_PROXY_RESEARCH
202608251101_2_BANKNIFTY_CE,15,2026-08-25T11:17:01.297409+05:30,BANKNIFTY,BANKNIFTY,NSE_INDEX,2e840ccd58d1,"{""contract_quality_min"": 0.0, ""direction_min"": 0.0, ""excellent_score_min"": 48.676179858641994, ""execution_quality_min"": 96.81444119989385, ""expected_required_ratio_min"": 1.9177949852041993, ""final_confidence_min"": 85.61548393112004, ""iv_crush_max"": 29.5, ""market_hostility_max"": 24.384121399030768, ""min_5depth_lots_each_side"": 32.0, ""min_top_book_lots"": 2.0, ""premium_elasticity_min"": 0.0, ""regime_confidence_min"": 60.0, ""spread_pct_max"": 0.31855588001061547, ""trade_quality_min"": 51.67798254121442}",48.676179858641994,CE,DataHealth invalid; Contract invalid: Quote stale or spread hard rejected.; SideDirection hard reject: -9.3 < 65.0; PremiumElasticity hard reject: 0.00 < 1.00; TradeQuality below configured minimum; ConvexityEdge below excellent gate: 31.3 < 80.0,DataHealth invalid; Contract invalid: Quote stale or spread hard rejected.; SideDirection hard reject: -9.3 < 65.0; PremiumElasticity hard reject: 0.00 < 1.00; TradeQuality below configured minimum; ConvexityEdge below excellent gate: 31.3 < 80.0,,0.0,UNVALIDATED_COST_MODEL,UNAVAILABLE,paper-strategy-e935c30a69b1,opportunity-score-e935c30a69b1,PAPER_OVERRIDE::FYERS_PAPER_PROXY_RESEARCH,SKIPPED_FORWARD_PROXY,163.15,163.75,0.0,-25.200000000000017,False,True,-1.0080000000000007,OBSERVED,,FYERS_PAPER_PROXY_RESEARCH
202608251101_3_FINNIFTY_PE,15,2026-08-25T11:17:01.297409+05:30,FINNIFTY,FINNIFTY,NSE_INDEX,e172b0fef65b,"{""contract_quality_min"": 0.0, ""direction_min"": 5.643550160111106, ""excellent_score_min"": 44.278301343462054, ""execution_quality_min"": 91.78457325422177, ""expected_required_ratio_min"": 1.6132172758119212, ""final_confidence_min"": 81.1760439896206, ""iv_crush_max"": 29.5, ""market_hostility_max"": 23.121791155946138, ""min_5depth_lots_each_side"": 12.0, ""min_top_book_lots"": 1.0, ""premium_elasticity_min"": 0.0, ""regime_confidence_min"": 60.0, ""spread_pct_max"": 0.8215426745778236, ""trade_quality_min"": 29.43170488534641}",44.278301343462054,PE,DataHealth invalid; Contract invalid: Quote stale or spread hard rejected.; SideDirection hard reject: 5.6 < 65.0; PremiumElasticity hard reject: 0.00 < 1.00; TradeQuality below configured minimum; ConvexityEdge below excellent gate: 37.3 < 80.0,DataHealth invalid; Contract invalid: Quote stale or spread hard rejected.; SideDirection hard reject: 5.6 < 65.0; PremiumElasticity hard reject: 0.00 < 1.00; TradeQuality below configured minimum; ConvexityEdge below excellent gate: 37.3 < 80.0,,0.0,UNVALIDATED_COST_MODEL,UNAVAILABLE,paper-strategy-e935c30a69b1,opportunity-score-e935c30a69b1,PAPER_OVERRIDE::FYERS_PAPER_PROXY_RESEARCH,SKIPPED_FORWARD_PROXY,56.35,57.0,1.5750000000000028,0.0,False,False,0.14376996805111847,OBSERVED,,FYERS_PAPER_PROXY_RESEARCH
202608251101_4_FINNIFTY_CE,15,2026-08-25T11:17:01.297409+05:30,FINNIFTY,FINNIFTY,NSE_INDEX,e172b0fef65b,"{""contract_quality_min"": 0.0, ""direction_min"": 0.0, ""excellent_score_min"": 42.775857407589896, ""execution_quality_min"": 89.18918918918925, ""expected_required_ratio_min"": 1.6132172758119212, ""final_confidence_min"": 78.51000596861435, ""iv_crush_max"": 29.5, ""market_hostility_max"": 23.121791155946138, ""min_5depth_lots_each_side"": 14.0, ""min_top_book_lots"": 1.0, ""premium_elasticity_min"": 0.0, ""regime_confidence_min"": 60.0, ""spread_pct_max"": 1.0810810810810754, ""trade_quality_min"": 29.43170488534641}",42.775857407589896,CE,DataHealth invalid; Contract invalid: Quote stale or spread hard rejected.; SideDirection hard reject: -5.6 < 65.0; PremiumElasticity hard reject: 0.00 < 1.00; TradeQuality below configured minimum; ConvexityEdge below excellent gate: 37.3 < 80.0,DataHealth invalid; Contract invalid: Quote stale or spread hard rejected.; SideDirection hard reject: -5.6 < 65.0; PremiumElasticity hard reject: 0.00 < 1.00; TradeQuality below configured minimum; ConvexityEdge below excellent gate: 37.3 < 80.0,,0.0,UNVALIDATED_COST_MODEL,UNAVAILABLE,paper-strategy-e935c30a69b1,opportunity-score-e935c30a69b1,PAPER_OVERRIDE::FYERS_PAPER_PROXY_RESEARCH,SKIPPED_FORWARD_PROXY,46.15,46.7,0.0,-4.725000000000001,False,False,-0.4643734643734645,OBSERVED,,FYERS_PAPER_PROXY_RESEARCH
202608251101_5_FINNIFTY_PE,15,2026-08-25T11:17:01.297409+05:30,FINNIFTY,FINNIFTY,NSE_INDEX,e172b0fef65b,"{""contract_quality_min"": 0.0, ""direction_min"": 5.643550160111106, ""excellent_score_min"": 41.81290543166462, ""execution_quality_min"": 87.78625954198456, ""expected_required_ratio_min"": 1.6132172758119212, ""final_confidence_min"": 78.51955544000207, ""iv_crush_max"": 29.5, ""market_hostility_max"": 23.121791155946138, ""min_5depth_lots_each_side"": 16.0, ""min_top_book_lots"": 1.0, ""premium_elasticity_min"": 0.0, ""regime_confidence_min"": 60.0, ""spread_pct_max"": 1.221374045801544, ""trade_quality_min"": 29.43170488534641}",41.81290543166462,PE,DataHealth invalid; Contract invalid: Quote stale or spread hard rejected.; SideDirection hard reject: 5.6 < 65.0; PremiumElasticity hard reject: 0.00 < 1.00; TradeQuality below configured minimum; ConvexityEdge below excellent gate: 29.3 < 80.0,DataHealth invalid; Contract invalid: Quote stale or spread hard rejected.; SideDirection hard reject: 5.6 < 65.0; PremiumElasticity hard reject: 0.00 < 1.00; TradeQuality below configured minimum; ConvexityEdge below excellent gate: 29.3 < 80.0,,0.0,UNVALIDATED_COST_MODEL,UNAVAILABLE,paper-strategy-e935c30a69b1,opportunity-score-e935c30a69b1,PAPER_OVERRIDE::FYERS_PAPER_PROXY_RESEARCH,SKIPPED_FORWARD_PROXY,34.0,34.3,1.25,0.0,False,False,0.19083969465648853,OBSERVED,,FYERS_PAPER_PROXY_RESEARCH
202608251111_1_FINNIFTY_CE,5,2026-08-25T11:17:01.297409+05:30,FINNIFTY,FINNIFTY,NSE_INDEX,e172b0fef65b,"{""contract_quality_min"": 0.0, ""direction_min"": 0.0, ""excellent_score_min"": 46.844792798248235, ""execution_quality_min"": 93.47589706415364, ""expected_required_ratio_min"": 1.5266019556866337, ""final_confidence_min"": 79.03397399803352, ""iv_crush_max"": 29.5, ""market_hostility_max"": 22.422983671734357, ""min_5depth_lots_each_side"": 9.0, ""min_top_book_lots"": 1.0, ""premium_elasticity_min"": 0.0, ""regime_confidence_min"": 60.0, ""spread_pct_max"": 0.6524102935846363, ""trade_quality_min"": 27.027027027021713}",46.844792798248235,CE,DataHealth invalid; Contract invalid: Quote stale or spread hard rejected.; SideDirection hard reject: -3.8 < 65.0; PremiumElasticity hard reject: 0.00 < 1.00; Expected/Required hard reject: 1.53 < 1.60; TradeQuality below configured minimum; ConvexityEdge below excellent gate: 56.3 < 80.0,DataHealth invalid; Contract invalid: Quote stale or spread hard rejected.; SideDirection hard reject: -3.8 < 65.0; PremiumElasticity hard reject: 0.00 < 1.00; Expected/Required hard reject: 1.53 < 1.60; TradeQuality below configured minimum; ConvexityEdge below excellent gate: 56.3 < 80.0,,0.0,UNVALIDATED_COST_MODEL,UNAVAILABLE,paper-strategy-e935c30a69b1,opportunity-score-e935c30a69b1,PAPER_OVERRIDE::FYERS_PAPER_PROXY_RESEARCH,SKIPPED_FORWARD_PROXY,73.3,73.9,4.325000000000003,0.0,False,False,0.3135193910837262,OBSERVED,,FYERS_PAPER_PROXY_RESEARCH
202608251111_2_FINNIFTY_PE,5,2026-08-25T11:17:01.297409+05:30,FINNIFTY,FINNIFTY,NSE_INDEX,e172b0fef65b,"{""contract_quality_min"": 0.0, ""direction_min"": 3.827560733819944, ""excellent_score_min"": 46.14094059928421, ""execution_quality_min"": 86.77248677248677, ""expected_required_ratio_min"": 1.5266019556866337, ""final_confidence_min"": 76.30922634516362, ""iv_crush_max"": 29.5, ""market_hostility_max"": 22.422983671734357, ""min_5depth_lots_each_side"": 8.0, ""min_top_book_lots"": 2.0, ""premium_elasticity_min"": 0.0, ""regime_confidence_min"": 60.0, ""spread_pct_max"": 1.3227513227513228, ""trade_quality_min"": 27.027027027021713}",46.14094059928421,PE,DataHealth invalid; Contract invalid: Quote stale or spread hard rejected.; SideDirection hard reject: 3.8 < 65.0; PremiumElasticity hard reject: 0.00 < 1.00; Expected/Required hard reject: 1.53 < 1.60; TradeQuality below configured minimum; ConvexityEdge below excellent gate: 56.3 < 80.0,DataHealth invalid; Contract invalid: Quote stale or spread hard rejected.; SideDirection hard reject: 3.8 < 65.0; PremiumElasticity hard reject: 0.00 < 1.00; Expected/Required hard reject: 1.53 < 1.60; TradeQuality below configured minimum; ConvexityEdge below excellent gate: 56.3 < 80.0,,0.0,UNVALIDATED_COST_MODEL,UNAVAILABLE,paper-strategy-e935c30a69b1,opportunity-score-e935c30a69b1,PAPER_OVERRIDE::FYERS_PAPER_PROXY_RESEARCH,SKIPPED_FORWARD_PROXY,34.0,34.3,0.0,-3.799999999999997,False,False,-0.5026455026455023,OBSERVED,,FYERS_PAPER_PROXY_RESEARCH
202608251111_3_FINNIFTY_PE,5,2026-08-25T11:17:01.297409+05:30,FINNIFTY,FINNIFTY,NSE_INDEX,e172b0fef65b,"{""contract_quality_min"": 0.0, ""direction_min"": 3.827560733819944, ""excellent_score_min"": 45.98118724251594, ""execution_quality_min"": 91.12545381202102, ""expected_required_ratio_min"": 1.5266019556866337, ""final_confidence_min"": 80.1822422181795, ""iv_crush_max"": 29.5, ""market_hostility_max"": 22.422983671734357, ""min_5depth_lots_each_side"": 9.0, ""min_top_book_lots"": 2.0, ""premium_elasticity_min"": 0.0, ""regime_confidence_min"": 60.0, ""spread_pct_max"": 0.8874546187978979, ""trade_quality_min"": 27.027027027021713}",45.98118724251594,PE,DataHealth invalid; Contract invalid: Quote stale or spread hard rejected.; SideDirection hard reject: 3.8 < 65.0; PremiumElasticity hard reject: 0.00 < 1.00; Expected/Required hard reject: 1.53 < 1.60; TradeQuality below configured minimum; ConvexityEdge below excellent gate: 50.3 < 80.0,DataHealth invalid; Contract invalid: Quote stale or spread hard rejected.; SideDirection hard reject: 3.8 < 65.0; PremiumElasticity hard reject: 0.00 < 1.00; Expected/Required hard reject: 1.53 < 1.60; TradeQuality below configured minimum; ConvexityEdge below excellent gate: 50.3 < 80.0,,0.0,UNVALIDATED_COST_MODEL,UNAVAILABLE,paper-strategy-e935c30a69b1,opportunity-score-e935c30a69b1,PAPER_OVERRIDE::FYERS_PAPER_PROXY_RESEARCH,SKIPPED_FORWARD_PROXY,56.35,57.0,0.0,-5.625,False,False,-0.45381202097620005,OBSERVED,,FYERS_PAPER_PROXY_RESEARCH
202608251111_4_BANKNIFTY_PE,5,2026-08-25T11:17:01.297409+05:30,BANKNIFTY,BANKNIFTY,NSE_INDEX,2e840ccd58d1,"{""contract_quality_min"": 0.0, ""direction_min"": 3.556502100145202, ""excellent_score_min"": 44.475323138431776, ""execution_quality_min"": 96.16858237547896, ""expected_required_ratio_min"": 1.8236641122082633, ""final_confidence_min"": 80.49724343096355, ""iv_crush_max"": 29.5, ""market_hostility_max"": 22.22121589050539, ""min_5depth_lots_each_side"": 52.0, ""min_top_book_lots"": 1.0, ""premium_elasticity_min"": 0.0, ""regime_confidence_min"": 60.0, ""spread_pct_max"": 0.3831417624521036, ""trade_quality_min"": 28.212560386472582}",44.475323138431776,PE,DataHealth invalid; Contract invalid: Quote stale or spread hard rejected.; SideDirection hard reject: 3.6 < 65.0; PremiumElasticity hard reject: 0.00 < 1.00; TradeQuality below configured minimum; ConvexityEdge below excellent gate: 37.3 < 80.0,DataHealth invalid; Contract invalid: Quote stale or spread hard rejected.; SideDirection hard reject: 3.6 < 65.0; PremiumElasticity hard reject: 0.00 < 1.00; TradeQuality below configured minimum; ConvexityEdge below excellent gate: 37.3 < 80.0,,0.0,UNVALIDATED_COST_MODEL,UNAVAILABLE,paper-strategy-e935c30a69b1,opportunity-score-e935c30a69b1,PAPER_OVERRIDE::FYERS_PAPER_PROXY_RESEARCH,SKIPPED_FORWARD_PROXY,67.55,67.75,0.0,-10.750000000000014,False,False,-0.6864623243933596,OBSERVED,,FYERS_PAPER_PROXY_RESEARCH
202608251111_5_FINNIFTY_CE,5,2026-08-25T11:17:01.297409+05:30,FINNIFTY,FINNIFTY,NSE_INDEX,e172b0fef65b,"{""contract_quality_min"": 0.0, ""direction_min"": 0.0, ""excellent_score_min"": 44.29840823862519, ""execution_quality_min"": 88.42592592592592, ""expected_required_ratio_min"": 1.5266019556866337, ""final_confidence_min"": 77.14508510914463, ""iv_crush_max"": 29.5, ""market_hostility_max"": 22.422983671734357, ""min_5depth_lots_each_side"": 19.0, ""min_top_book_lots"": 1.0, ""premium_elasticity_min"": 0.0, ""regime_confidence_min"": 60.0, ""spread_pct_max"": 1.1574074074074074, ""trade_quality_min"": 27.027027027021713}",44.29840823862519,CE,DataHealth invalid; Contract invalid: Quote stale or spread hard rejected.; SideDirection hard reject: -3.8 < 65.0; PremiumElasticity hard reject: 0.00 < 1.00; Expected/Required hard reject: 1.53 < 1.60; TradeQuality below configured minimum; ConvexityEdge below excellent gate: 48.3 < 80.0,DataHealth invalid; Contract invalid: Quote stale or spread hard rejected.; SideDirection hard reject: -3.8 < 65.0; PremiumElasticity hard reject: 0.00 < 1.00; Expected/Required hard reject: 1.53 < 1.60; TradeQuality below configured minimum; ConvexityEdge below excellent gate: 48.3 < 80.0,,0.0,UNVALIDATED_COST_MODEL,UNAVAILABLE,paper-strategy-e935c30a69b1,opportunity-score-e935c30a69b1,PAPER_OVERRIDE::FYERS_PAPER_PROXY_RESEARCH,SKIPPED_FORWARD_PROXY,46.15,46.7,2.9499999999999957,0.0,False,False,0.3414351851851847,OBSERVED,,FYERS_PAPER_PROXY_RESEARCH
202608251047_1_FINNIFTY_CE,30,2026-08-25T11:17:39.518070+05:30,FINNIFTY,FINNIFTY,NSE_INDEX,e172b0fef65b,"{""contract_quality_min"": 0.0, ""direction_min"": 4.21385707746027, ""excellent_score_min"": 49.868958453868444, ""execution_quality_min"": 94.99298344092041, ""expected_required_ratio_min"": 1.608965522912971, ""final_confidence_min"": 83.00522518435432, ""iv_crush_max"": 29.5, ""market_hostility_max"": 21.370182645080675, ""min_5depth_lots_each_side"": 7.0, ""min_top_book_lots"": 2.0, ""premium_elasticity_min"": 0.0, ""regime_confidence_min"": 60.0, ""spread_pct_max"": 0.9168303863785237, ""trade_quality_min"": 36.24382207578428}",49.868958453868444,CE,DataHealth invalid; Contract invalid: Quote stale or spread hard rejected.; SideDirection hard reject: 4.2 < 65.0; PremiumElasticity hard reject: 0.00 < 1.00; TradeQuality below configured minimum; ConvexityEdge below excellent gate: 52.3 < 80.0,DataHealth invalid; Contract invalid: Quote stale or spread hard rejected.; SideDirection hard reject: 4.2 < 65.0; PremiumElasticity hard reject: 0.00 < 1.00; TradeQuality below configured minimum; ConvexityEdge below excellent gate: 52.3 < 80.0,,0.0,UNVALIDATED_COST_MODEL,UNAVAILABLE,paper-strategy-e935c30a69b1,opportunity-score-e935c30a69b1,PAPER_OVERRIDE::FYERS_PAPER_PROXY_RESEARCH,SKIPPED_FORWARD_PROXY,68.15,68.75,0.0,-8.199999999999989,False,False,-0.5370006548788466,OBSERVED,,FYERS_PAPER_PROXY_RESEARCH
202608251047_2_FINNIFTY_PE,30,2026-08-25T11:17:39.518070+05:30,FINNIFTY,FINNIFTY,NSE_INDEX,e172b0fef65b,"{""contract_quality_min"": 0.0, ""direction_min"": 0.0, ""excellent_score_min"": 49.11740363396021, ""execution_quality_min"": 95.03924646781789, ""expected_required_ratio_min"": 1.608965522912971, ""final_confidence_min"": 81.74106806111624, ""iv_crush_max"": 29.5, ""market_hostility_max"": 21.370182645080675, ""min_5depth_lots_each_side"": 6.0, ""min_top_book_lots"": 1.0, ""premium_elasticity_min"": 0.0, ""regime_confidence_min"": 60.0, ""spread_pct_max"": 0.9157509157509158, ""trade_quality_min"": 36.24382207578428}",49.11740363396021,PE,DataHealth invalid; Contract invalid: Quote stale or spread hard rejected.; SideDirection hard reject: -4.2 < 65.0; PremiumElasticity hard reject: 0.00 < 1.00; TradeQuality below configured minimum; ConvexityEdge below excellent gate: 52.3 < 80.0,DataHealth invalid; Contract invalid: Quote stale or spread hard rejected.; SideDirection hard reject: -4.2 < 65.0; PremiumElasticity hard reject: 0.00 < 1.00; TradeQuality below configured minimum; ConvexityEdge below excellent gate: 52.3 < 80.0,,0.0,UNVALIDATED_COST_MODEL,UNAVAILABLE,paper-strategy-e935c30a69b1,opportunity-score-e935c30a69b1,PAPER_OVERRIDE::FYERS_PAPER_PROXY_RESEARCH,SKIPPED_FORWARD_PROXY,59.8,60.45,5.199999999999996,0.0,False,False,0.4761904761904757,OBSERVED,,FYERS_PAPER_PROXY_RESEARCH
202608251047_3_BANKNIFTY_CE,30,2026-08-25T11:17:39.518070+05:30,BANKNIFTY,BANKNIFTY,NSE_INDEX,2e840ccd58d1,"{""contract_quality_min"": 0.0, ""direction_min"": 4.109525828631031, ""excellent_score_min"": 48.22559895987177, ""execution_quality_min"": 100.0, ""expected_required_ratio_min"": 2.009670050369944, ""final_confidence_min"": 80.57521023630211, ""iv_crush_max"": 29.5, ""market_hostility_max"": 21.8653416255706, ""min_5depth_lots_each_side"": 24.0, ""min_top_book_lots"": 1.0, ""premium_elasticity_min"": 0.0, ""regime_confidence_min"": 60.0, ""spread_pct_max"": 0.23894862604540024, ""trade_quality_min"": 28.195937873358208}",48.22559895987177,CE,DataHealth invalid; Contract invalid: Quote stale or spread hard rejected.; SideDirection hard reject: 4.1 < 65.0; PremiumElasticity hard reject: 0.00 < 1.00; TradeQuality below configured minimum; ConvexityEdge below excellent gate: 52.3 < 80.0,DataHealth invalid; Contract invalid: Quote stale or spread hard rejected.; SideDirection hard reject: 4.1 < 65.0; PremiumElasticity hard reject: 0.00 < 1.00; TradeQuality below configured minimum; ConvexityEdge below excellent gate: 52.3 < 80.0,,0.0,UNVALIDATED_COST_MODEL,UNAVAILABLE,paper-strategy-e935c30a69b1,opportunity-score-e935c30a69b1,PAPER_OVERRIDE::FYERS_PAPER_PROXY_RESEARCH,SKIPPED_FORWARD_PROXY,93.6,93.85,0.0,-11.025000000000006,False,False,-0.5268817204301078,OBSERVED,,FYERS_PAPER_PROXY_RESEARCH
202608251047_4_BANKNIFTY_CE,30,2026-08-25T11:17:39.518070+05:30,BANKNIFTY,BANKNIFTY,NSE_INDEX,2e840ccd58d1,"{""contract_quality_min"": 0.0, ""direction_min"": 4.109525828631031, ""excellent_score_min"": 48.22559895987177, ""execution_quality_min"": 100.0, ""expected_required_ratio_min"": 2.009670050369944, ""final_confidence_min"": 80.57521023630211, ""iv_crush_max"": 29.5, ""market_hostility_max"": 21.8653416255706, ""min_5depth_lots_each_side"": 31.0, ""min_top_book_lots"": 1.0, ""premium_elasticity_min"": 0.0, ""regime_confidence_min"": 60.0, ""spread_pct_max"": 0.3734827264238994, ""trade_quality_min"": 28.195937873358208}",48.22559895987177,CE,DataHealth invalid; Contract invalid: Quote stale or spread hard rejected.; SideDirection hard reject: 4.1 < 65.0; PremiumElasticity hard reject: 0.00 < 1.00; TradeQuality below configured minimum; ConvexityEdge below excellent gate: 52.3 < 80.0,DataHealth invalid; Contract invalid: Quote stale or spread hard rejected.; SideDirection hard reject: 4.1 < 65.0; PremiumElasticity hard reject: 0.00 < 1.00; TradeQuality below configured minimum; ConvexityEdge below excellent gate: 52.3 < 80.0,,0.0,UNVALIDATED_COST_MODEL,UNAVAILABLE,paper-strategy-e935c30a69b1,opportunity-score-e935c30a69b1,PAPER_OVERRIDE::FYERS_PAPER_PROXY_RESEARCH,SKIPPED_FORWARD_PROXY,147.6,147.95,0.0,-13.049999999999983,False,False,-0.5219999999999994,OBSERVED,,FYERS_PAPER_PROXY_RESEARCH
202608251047_5_BANKNIFTY_PE,30,2026-08-25T11:17:39.518070+05:30,BANKNIFTY,BANKNIFTY,NSE_INDEX,2e840ccd58d1,"{""contract_quality_min"": 0.0, ""direction_min"": 0.0, ""excellent_score_min"": 47.48588431071818, ""execution_quality_min"": 100.0, ""expected_required_ratio_min"": 2.009670050369944, ""final_confidence_min"": 79.3423524877128, ""iv_crush_max"": 29.5, ""market_hostility_max"": 21.8653416255706, ""min_5depth_lots_each_side"": 32.0, ""min_top_book_lots"": 2.0, ""premium_elasticity_min"": 0.0, ""regime_confidence_min"": 60.0, ""spread_pct_max"": 0.2628120893561079, ""trade_quality_min"": 28.195937873358208}",47.48588431071818,PE,DataHealth invalid; Contract invalid: Quote stale or spread hard rejected.; SideDirection hard reject: -4.1 < 65.0; PremiumElasticity hard reject: 0.00 < 1.00; TradeQuality below configured minimum; ConvexityEdge below excellent gate: 52.3 < 80.0,DataHealth invalid; Contract invalid: Quote stale or spread hard rejected.; SideDirection hard reject: -4.1 < 65.0; PremiumElasticity hard reject: 0.00 < 1.00; TradeQuality below configured minimum; ConvexityEdge below excellent gate: 52.3 < 80.0,,0.0,UNVALIDATED_COST_MODEL,UNAVAILABLE,paper-strategy-e935c30a69b1,opportunity-score-e935c30a69b1,PAPER_OVERRIDE::FYERS_PAPER_PROXY_RESEARCH,SKIPPED_FORWARD_PROXY,121.55,121.75,7.3999999999999915,0.0,False,False,0.3241349102058691,OBSERVED,,FYERS_PAPER_PROXY_RESEARCH
202608251112_1_FINNIFTY_PE,5,2026-08-25T11:18:22.202663+05:30,FINNIFTY,FINNIFTY,NSE_INDEX,e172b0fef65b,"{""contract_quality_min"": 0.0, ""direction_min"": 4.2264197171676585, ""excellent_score_min"": 50.772714271821165, ""execution_quality_min"": 90.81967213114768, ""expected_required_ratio_min"": 1.5168795170698177, ""final_confidence_min"": 83.87864380863964, ""iv_crush_max"": 29.5, ""market_hostility_max"": 21.71319171537538, ""min_5depth_lots_each_side"": 19.0, ""min_top_book_lots"": 2.0, ""premium_elasticity_min"": 0.0, ""regime_confidence_min"": 60.0, ""spread_pct_max"": 0.9180327868852309, ""trade_quality_min"": 39.14893617021497}",50.772714271821165,PE,DataHealth invalid; Contract invalid: Quote stale or spread hard rejected.; SideDirection hard reject: 4.2 < 65.0; PremiumElasticity hard reject: 0.00 < 1.00; Expected/Required hard reject: 1.52 < 1.60; TradeQuality below configured minimum; ConvexityEdge below excellent gate: 56.3 < 80.0,DataHealth invalid; Contract invalid: Quote stale or spread hard rejected.; SideDirection hard reject: 4.2 < 65.0; PremiumElasticity hard reject: 0.00 < 1.00; Expected/Required hard reject: 1.52 < 1.60; TradeQuality below configured minimum; ConvexityEdge below excellent gate: 56.3 < 80.0,,0.0,UNVALIDATED_COST_MODEL,UNAVAILABLE,paper-strategy-e935c30a69b1,opportunity-score-e935c30a69b1,PAPER_OVERRIDE::FYERS_PAPER_PROXY_RESEARCH,SKIPPED_FORWARD_PROXY,35.45,35.75,0.0,-2.674999999999997,False,False,-0.3508196721311472,OBSERVED,,FYERS_PAPER_PROXY_RESEARCH
202608251112_2_FINNIFTY_CE,5,2026-08-25T11:18:22.202663+05:30,FINNIFTY,FINNIFTY,NSE_INDEX,e172b0fef65b,"{""contract_quality_min"": 0.0, ""direction_min"": 0.0, ""excellent_score_min"": 50.190315567424975, ""execution_quality_min"": 92.00871776244101, ""expected_required_ratio_min"": 1.5168795170698177, ""final_confidence_min"": 82.61071789348934, ""iv_crush_max"": 29.5, ""market_hostility_max"": 21.71319171537538, ""min_5depth_lots_each_side"": 12.0, ""min_top_book_lots"": 1.0, ""premium_elasticity_min"": 0.0, ""regime_confidence_min"": 60.0, ""spread_pct_max"": 0.7991282237558986, ""trade_quality_min"": 39.14893617021497}",50.190315567424975,CE,DataHealth invalid; Contract invalid: Quote stale or spread hard rejected.; SideDirection hard reject: -4.2 < 65.0; PremiumElasticity hard reject: 0.00 < 1.00; Expected/Required hard reject: 1.52 < 1.60; TradeQuality below configured minimum; ConvexityEdge below excellent gate: 56.3 < 80.0,DataHealth invalid; Contract invalid: Quote stale or spread hard rejected.; SideDirection hard reject: -4.2 < 65.0; PremiumElasticity hard reject: 0.00 < 1.00; Expected/Required hard reject: 1.52 < 1.60; TradeQuality below configured minimum; ConvexityEdge below excellent gate: 56.3 < 80.0,,0.0,UNVALIDATED_COST_MODEL,UNAVAILABLE,paper-strategy-e935c30a69b1,opportunity-score-e935c30a69b1,PAPER_OVERRIDE::FYERS_PAPER_PROXY_RESEARCH,SKIPPED_FORWARD_PROXY,70.25,70.8,1.4250000000000114,0.0,False,False,0.10352342898656094,OBSERVED,,FYERS_PAPER_PROXY_RESEARCH
202608251112_3_FINNIFTY_PE,5,2026-08-25T11:18:22.202663+05:30,FINNIFTY,FINNIFTY,NSE_INDEX,e172b0fef65b,"{""contract_quality_min"": 0.0, ""direction_min"": 4.2264197171676585, ""excellent_score_min"": 49.32708552693792, ""execution_quality_min"": 89.545637314033, ""expected_required_ratio_min"": 1.5168795170698177, ""final_confidence_min"": 83.33340858547923, ""iv_crush_max"": 29.5, ""market_hostility_max"": 21.71319171537538, ""min_5depth_lots_each_side"": 7.0, ""min_top_book_lots"": 2.0, ""premium_elasticity_min"": 0.0, ""regime_confidence_min"": 60.0, ""spread_pct_max"": 1.0454362685967005, ""trade_quality_min"": 39.14893617021497}",49.32708552693792,PE,DataHealth invalid; Contract invalid: Quote stale or spread hard rejected.; SideDirection hard reject: 4.2 < 65.0; PremiumElasticity hard reject: 0.00 < 1.00; Expected/Required hard reject: 1.52 < 1.60; TradeQuality below configured minimum; ConvexityEdge below excellent gate: 50.3 < 80.0,DataHealth invalid; Contract invalid: Quote stale or spread hard rejected.; SideDirection hard reject: 4.2 < 65.0; PremiumElasticity hard reject: 0.00 < 1.00; Expected/Required hard reject: 1.52 < 1.60; TradeQuality below configured minimum; ConvexityEdge below excellent gate: 50.3 < 80.0,,0.0,UNVALIDATED_COST_MODEL,UNAVAILABLE,paper-strategy-e935c30a69b1,opportunity-score-e935c30a69b1,PAPER_OVERRIDE::FYERS_PAPER_PROXY_RESEARCH,SKIPPED_FORWARD_PROXY,58.7,59.35,0.0,-3.4749999999999943,False,False,-0.27945315641334895,OBSERVED,,FYERS_PAPER_PROXY_RESEARCH
202608251112_4_FINNIFTY_PE,5,2026-08-25T11:18:22.202663+05:30,FINNIFTY,FINNIFTY,NSE_INDEX,e172b0fef65b,"{""contract_quality_min"": 0.0, ""direction_min"": 4.2264197171676585, ""excellent_score_min"": 47.999763452149, ""execution_quality_min"": 86.11111111111109, ""expected_required_ratio_min"": 1.5168795170698177, ""final_confidence_min"": 79.21197714197294, ""iv_crush_max"": 29.5, ""market_hostility_max"": 21.71319171537538, ""min_5depth_lots_each_side"": 29.0, ""min_top_book_lots"": 5.0, ""premium_elasticity_min"": 0.0, ""regime_confidence_min"": 60.0, ""spread_pct_max"": 1.3888888888888922, ""trade_quality_min"": 39.14893617021497}",47.999763452149,PE,DataHealth invalid; Contract invalid: Quote stale or spread hard rejected.; SideDirection hard reject: 4.2 < 65.0; PremiumElasticity hard reject: 0.00 < 1.00; Expected/Required hard reject: 1.52 < 1.60; TradeQuality below configured minimum; ConvexityEdge below excellent gate: 48.3 < 80.0,DataHealth invalid; Contract invalid: Quote stale or spread hard rejected.; SideDirection hard reject: 4.2 < 65.0; PremiumElasticity hard reject: 0.00 < 1.00; Expected/Required hard reject: 1.52 < 1.60; TradeQuality below configured minimum; ConvexityEdge below excellent gate: 48.3 < 80.0,,0.0,UNVALIDATED_COST_MODEL,UNAVAILABLE,paper-strategy-e935c30a69b1,opportunity-score-e935c30a69b1,PAPER_OVERRIDE::FYERS_PAPER_PROXY_RESEARCH,SKIPPED_FORWARD_PROXY,19.8,20.1,0.0,-1.8000000000000007,False,False,-0.4166666666666668,OBSERVED,,FYERS_PAPER_PROXY_RESEARCH
202608251112_5_MIDCPNIFTY_CE,5,2026-08-25T11:18:22.202663+05:30,MIDCPNIFTY,MIDCPNIFTY,NSE_INDEX,712afad509f5,"{""contract_quality_min"": 0.0, ""direction_min"": 3.0932687781588326, ""excellent_score_min"": 47.85521489894157, ""execution_quality_min"": 92.28650137741059, ""expected_required_ratio_min"": 1.5375992613029876, ""final_confidence_min"": 82.00035395308745, ""iv_crush_max"": 29.5, ""market_hostility_max"": 20.33768953335578, ""min_5depth_lots_each_side"": 31.0, ""min_top_book_lots"": 6.0, ""premium_elasticity_min"": 0.0, ""regime_confidence_min"": 60.0, ""spread_pct_max"": 0.7713498622589406, ""trade_quality_min"": 33.45454545454545}",47.85521489894157,CE,DataHealth invalid; Contract invalid: Quote stale or spread hard rejected.; SideDirection hard reject: 3.1 < 65.0; PremiumElasticity hard reject: 0.00 < 1.00; Expected/Required hard reject: 1.54 < 1.60; TradeQuality below configured minimum; ConvexityEdge below excellent gate: 50.3 < 80.0,DataHealth invalid; Contract invalid: Quote stale or spread hard rejected.; SideDirection hard reject: 3.1 < 65.0; PremiumElasticity hard reject: 0.00 < 1.00; Expected/Required hard reject: 1.54 < 1.60; TradeQuality below configured minimum; ConvexityEdge below excellent gate: 50.3 < 80.0,,0.0,UNVALIDATED_COST_MODEL,UNAVAILABLE,paper-strategy-e935c30a69b1,opportunity-score-e935c30a69b1,PAPER_OVERRIDE::FYERS_PAPER_PROXY_RESEARCH,SKIPPED_FORWARD_PROXY,49.3,49.65,3.924999999999997,0.0,False,False,0.43250688705234125,OBSERVED,,FYERS_PAPER_PROXY_RESEARCH
202608251103_1_BANKNIFTY_PE,15,2026-08-25T11:19:01.540878+05:30,BANKNIFTY,BANKNIFTY,NSE_INDEX,2e840ccd58d1,"{""contract_quality_min"": 0.0, ""direction_min"": 13.549346982273805, ""excellent_score_min"": 54.30399792007674, ""execution_quality_min"": 97.45798616014693, ""expected_required_ratio_min"": 1.9107249394421424, ""final_confidence_min"": 90.44594201471554, ""iv_crush_max"": 29.5, ""market_hostility_max"": 24.264318453116758, ""min_5depth_lots_each_side"": 32.0, ""min_top_book_lots"": 2.0, ""premium_elasticity_min"": 0.0, ""regime_confidence_min"": 60.0, ""spread_pct_max"": 0.2542013839853064, ""trade_quality_min"": 63.621533442085074}",54.30399792007674,PE,DataHealth invalid; Contract invalid: Quote stale or spread hard rejected.; SideDirection hard reject: 13.5 < 65.0; PremiumElasticity hard reject: 0.00 < 1.00; TradeQuality below configured minimum; ConvexityEdge below excellent gate: 31.3 < 80.0,DataHealth invalid; Contract invalid: Quote stale or spread hard rejected.; SideDirection hard reject: 13.5 < 65.0; PremiumElasticity hard reject: 0.00 < 1.00; TradeQuality below configured minimum; ConvexityEdge below excellent gate: 31.3 < 80.0,,0.0,UNVALIDATED_COST_MODEL,UNAVAILABLE,paper-strategy-e935c30a69b1,opportunity-score-e935c30a69b1,PAPER_OVERRIDE::FYERS_PAPER_PROXY_RESEARCH,SKIPPED_FORWARD_PROXY,193.75,194.3,16.724999999999994,0.0,False,False,0.6689999999999998,OBSERVED,,FYERS_PAPER_PROXY_RESEARCH
202608251103_2_FINNIFTY_PE,15,2026-08-25T11:19:01.540878+05:30,FINNIFTY,FINNIFTY,NSE_INDEX,e172b0fef65b,"{""contract_quality_min"": 0.0, ""direction_min"": 9.513121645983723, ""excellent_score_min"": 53.15502882810999, ""execution_quality_min"": 88.84239888423993, ""expected_required_ratio_min"": 1.5013044142775203, ""final_confidence_min"": 85.70103476377112, ""iv_crush_max"": 29.5, ""market_hostility_max"": 22.960237097154813, ""min_5depth_lots_each_side"": 12.0, ""min_top_book_lots"": 2.0, ""premium_elasticity_min"": 0.0, ""regime_confidence_min"": 60.0, ""spread_pct_max"": 1.1157601115760074, ""trade_quality_min"": 47.21062618595214}",53.15502882810999,PE,DataHealth invalid; Contract invalid: Quote stale or spread hard rejected.; SideDirection hard reject: 9.5 < 65.0; PremiumElasticity hard reject: 0.00 < 1.00; Expected/Required hard reject: 1.50 < 1.60; TradeQuality below configured minimum; ConvexityEdge below excellent gate: 56.3 < 80.0,DataHealth invalid; Contract invalid: Quote stale or spread hard rejected.; SideDirection hard reject: 9.5 < 65.0; PremiumElasticity hard reject: 0.00 < 1.00; Expected/Required hard reject: 1.50 < 1.60; TradeQuality below configured minimum; ConvexityEdge below excellent gate: 56.3 < 80.0,,0.0,UNVALIDATED_COST_MODEL,UNAVAILABLE,paper-strategy-e935c30a69b1,opportunity-score-e935c30a69b1,PAPER_OVERRIDE::FYERS_PAPER_PROXY_RESEARCH,SKIPPED_FORWARD_PROXY,36.0,36.4,0.15000000000000568,0.0,False,False,0.020920502092051006,OBSERVED,,FYERS_PAPER_PROXY_RESEARCH
202608251103_3_FINNIFTY_PE,15,2026-08-25T11:19:01.540878+05:30,FINNIFTY,FINNIFTY,NSE_INDEX,e172b0fef65b,"{""contract_quality_min"": 0.0, ""direction_min"": 9.513121645983723, ""excellent_score_min"": 51.97652872203671, ""execution_quality_min"": 88.92202812100557, ""expected_required_ratio_min"": 1.5013044142775203, ""final_confidence_min"": 85.79658984788988, ""iv_crush_max"": 29.5, ""market_hostility_max"": 22.960237097154813, ""min_5depth_lots_each_side"": 11.0, ""min_top_book_lots"": 3.0, ""premium_elasticity_min"": 0.0, ""regime_confidence_min"": 60.0, ""spread_pct_max"": 1.1077971878994437, ""trade_quality_min"": 47.21062618595214}",51.97652872203671,PE,DataHealth invalid; Contract invalid: Quote stale or spread hard rejected.; SideDirection hard reject: 9.5 < 65.0; PremiumElasticity hard reject: 0.00 < 1.00; Expected/Required hard reject: 1.50 < 1.60; TradeQuality below configured minimum; ConvexityEdge below excellent gate: 50.3 < 80.0,DataHealth invalid; Contract invalid: Quote stale or spread hard rejected.; SideDirection hard reject: 9.5 < 65.0; PremiumElasticity hard reject: 0.00 < 1.00; Expected/Required hard reject: 1.50 < 1.60; TradeQuality below configured minimum; ConvexityEdge below excellent gate: 50.3 < 80.0,,0.0,UNVALIDATED_COST_MODEL,UNAVAILABLE,paper-strategy-e935c30a69b1,opportunity-score-e935c30a69b1,PAPER_OVERRIDE::FYERS_PAPER_PROXY_RESEARCH,SKIPPED_FORWARD_PROXY,59.6,60.3,0.9250000000000043,0.0,False,False,0.07882403067746095,OBSERVED,,FYERS_PAPER_PROXY_RESEARCH
202608251103_4_FINNIFTY_CE,15,2026-08-25T11:19:01.540878+05:30,FINNIFTY,FINNIFTY,NSE_INDEX,e172b0fef65b,"{""contract_quality_min"": 0.0, ""direction_min"": 0.0, ""excellent_score_min"": 51.86541115896504, ""execution_quality_min"": 90.73461283917932, ""expected_required_ratio_min"": 1.5013044142775203, ""final_confidence_min"": 84.23621960888808, ""iv_crush_max"": 29.5, ""market_hostility_max"": 22.960237097154813, ""min_5depth_lots_each_side"": 9.0, ""min_top_book_lots"": 1.0, ""premium_elasticity_min"": 0.0, ""regime_confidence_min"": 60.0, ""spread_pct_max"": 0.9265387160820685, ""trade_quality_min"": 47.21062618595214}",51.86541115896504,CE,DataHealth invalid; Contract invalid: Quote stale or spread hard rejected.; SideDirection hard reject: -9.5 < 65.0; PremiumElasticity hard reject: 0.00 < 1.00; Expected/Required hard reject: 1.50 < 1.60; TradeQuality below configured minimum; ConvexityEdge below excellent gate: 56.3 < 80.0,DataHealth invalid; Contract invalid: Quote stale or spread hard rejected.; SideDirection hard reject: -9.5 < 65.0; PremiumElasticity hard reject: 0.00 < 1.00; Expected/Required hard reject: 1.50 < 1.60; TradeQuality below configured minimum; ConvexityEdge below excellent gate: 56.3 < 80.0,,0.0,UNVALIDATED_COST_MODEL,UNAVAILABLE,paper-strategy-e935c30a69b1,opportunity-score-e935c30a69b1,PAPER_OVERRIDE::FYERS_PAPER_PROXY_RESEARCH,SKIPPED_FORWARD_PROXY,68.3,68.95,0.0,-7.250000000000014,False,False,-0.4798146922567844,OBSERVED,,FYERS_PAPER_PROXY_RESEARCH
202608251103_5_BANKNIFTY_CE,15,2026-08-25T11:19:01.540878+05:30,BANKNIFTY,BANKNIFTY,NSE_INDEX,2e840ccd58d1,"{""contract_quality_min"": 0.0, ""direction_min"": 0.0, ""excellent_score_min"": 51.77397659436353, ""execution_quality_min"": 96.85039370078741, ""expected_required_ratio_min"": 1.9107249394421424, ""final_confidence_min"": 86.38113792003341, ""iv_crush_max"": 29.5, ""market_hostility_max"": 24.264318453116758, ""min_5depth_lots_each_side"": 34.0, ""min_top_book_lots"": 2.0, ""premium_elasticity_min"": 0.0, ""regime_confidence_min"": 60.0, ""spread_pct_max"": 0.31496062992125984, ""trade_quality_min"": 63.621533442085074}",51.77397659436353,CE,DataHealth invalid; Contract invalid: Quote stale or spread hard rejected.; SideDirection hard reject: -13.5 < 65.0; PremiumElasticity hard reject: 0.00 < 1.00; TradeQuality below configured minimum; ConvexityEdge below excellent gate: 31.3 < 80.0,DataHealth invalid; Contract invalid: Quote stale or spread hard rejected.; SideDirection hard reject: -13.5 < 65.0; PremiumElasticity hard reject: 0.00 < 1.00; TradeQuality below configured minimum; ConvexityEdge below excellent gate: 31.3 < 80.0,,0.0,UNVALIDATED_COST_MODEL,UNAVAILABLE,paper-strategy-e935c30a69b1,opportunity-score-e935c30a69b1,PAPER_OVERRIDE::FYERS_PAPER_PROXY_RESEARCH,SKIPPED_FORWARD_PROXY,139.35,139.8,0.0,-19.400000000000006,False,False,-0.7760000000000002,OBSERVED,,FYERS_PAPER_PROXY_RESEARCH
202608251114_1_FINNIFTY_PE,5,2026-08-25T11:19:44.087632+05:30,FINNIFTY,FINNIFTY,NSE_INDEX,e172b0fef65b,"{""contract_quality_min"": 0.0, ""direction_min"": 3.844217305487899, ""excellent_score_min"": 49.286073651828005, ""execution_quality_min"": 90.73461283917932, ""expected_required_ratio_min"": 1.5247632132270525, ""final_confidence_min"": 82.2010023437247, ""iv_crush_max"": 29.5, ""market_hostility_max"": 21.307303576649886, ""min_5depth_lots_each_side"": 18.0, ""min_top_book_lots"": 2.0, ""premium_elasticity_min"": 0.0, ""regime_confidence_min"": 60.0, ""spread_pct_max"": 0.9265387160820685, ""trade_quality_min"": 33.7478991596717}",49.286073651828005,PE,DataHealth invalid; Contract invalid: Quote stale or spread hard rejected.; SideDirection hard reject: 3.8 < 65.0; PremiumElasticity hard reject: 0.00 < 1.00; Expected/Required hard reject: 1.52 < 1.60; TradeQuality below configured minimum; ConvexityEdge below excellent gate: 56.3 < 80.0,DataHealth invalid; Contract invalid: Quote stale or spread hard rejected.; SideDirection hard reject: 3.8 < 65.0; PremiumElasticity hard reject: 0.00 < 1.00; Expected/Required hard reject: 1.52 < 1.60; TradeQuality below configured minimum; ConvexityEdge below excellent gate: 56.3 < 80.0,,0.0,UNVALIDATED_COST_MODEL,UNAVAILABLE,paper-strategy-e935c30a69b1,opportunity-score-e935c30a69b1,PAPER_OVERRIDE::FYERS_PAPER_PROXY_RESEARCH,SKIPPED_FORWARD_PROXY,36.5,37.0,0.0,-1.2750000000000057,False,False,-0.16876240900066253,OBSERVED,,FYERS_PAPER_PROXY_RESEARCH
202608251114_2_FINNIFTY_CE,5,2026-08-25T11:19:44.087632+05:30,FINNIFTY,FINNIFTY,NSE_INDEX,e172b0fef65b,"{""contract_quality_min"": 0.0, ""direction_min"": 0.0, ""excellent_score_min"": 49.10544530496034, ""execution_quality_min"": 94.14348462664707, ""expected_required_ratio_min"": 1.5247632132270525, ""final_confidence_min"": 81.04773715207833, ""iv_crush_max"": 29.5, ""market_hostility_max"": 21.307303576649886, ""min_5depth_lots_each_side"": 15.0, ""min_top_book_lots"": 1.0, ""premium_elasticity_min"": 0.0, ""regime_confidence_min"": 60.0, ""spread_pct_max"": 0.5856515373352938, ""trade_quality_min"": 33.7478991596717}",49.10544530496034,CE,DataHealth invalid; Contract invalid: Quote stale or spread hard rejected.; SideDirection hard reject: -3.8 < 65.0; PremiumElasticity hard reject: 0.00 < 1.00; Expected/Required hard reject: 1.52 < 1.60; TradeQuality below configured minimum; ConvexityEdge below excellent gate: 56.3 < 80.0,DataHealth invalid; Contract invalid: Quote stale or spread hard rejected.; SideDirection hard reject: -3.8 < 65.0; PremiumElasticity hard reject: 0.00 < 1.00; Expected/Required hard reject: 1.52 < 1.60; TradeQuality below configured minimum; ConvexityEdge below excellent gate: 56.3 < 80.0,,0.0,UNVALIDATED_COST_MODEL,UNAVAILABLE,paper-strategy-e935c30a69b1,opportunity-score-e935c30a69b1,PAPER_OVERRIDE::FYERS_PAPER_PROXY_RESEARCH,SKIPPED_FORWARD_PROXY,69.7,70.4,1.4000000000000057,0.0,False,False,0.10248901903367538,OBSERVED,,FYERS_PAPER_PROXY_RESEARCH
202608251114_3_FINNIFTY_PE,5,2026-08-25T11:19:44.087632+05:30,FINNIFTY,FINNIFTY,NSE_INDEX,e172b0fef65b,"{""contract_quality_min"": 0.0, ""direction_min"": 3.844217305487899, ""excellent_score_min"": 48.02192372918212, ""execution_quality_min"": 90.30694668820676, ""expected_required_ratio_min"": 1.5247632132270525, ""final_confidence_min"": 82.2010023437247, ""iv_crush_max"": 29.5, ""market_hostility_max"": 21.307303576649886, ""min_5depth_lots_each_side"": 10.0, ""min_top_book_lots"": 1.0, ""premium_elasticity_min"": 0.0, ""regime_confidence_min"": 60.0, ""spread_pct_max"": 0.9693053311793237, ""trade_quality_min"": 33.7478991596717}",48.02192372918212,PE,DataHealth invalid; Contract invalid: Quote stale or spread hard rejected.; SideDirection hard reject: 3.8 < 65.0; PremiumElasticity hard reject: 0.00 < 1.00; Expected/Required hard reject: 1.52 < 1.60; TradeQuality below configured minimum; ConvexityEdge below excellent gate: 50.3 < 80.0,DataHealth invalid; Contract invalid: Quote stale or spread hard rejected.; SideDirection hard reject: 3.8 < 65.0; PremiumElasticity hard reject: 0.00 < 1.00; Expected/Required hard reject: 1.52 < 1.60; TradeQuality below configured minimum; ConvexityEdge below excellent gate: 50.3 < 80.0,,0.0,UNVALIDATED_COST_MODEL,UNAVAILABLE,paper-strategy-e935c30a69b1,opportunity-score-e935c30a69b1,PAPER_OVERRIDE::FYERS_PAPER_PROXY_RESEARCH,SKIPPED_FORWARD_PROXY,59.85,60.5,0.0,-2.0500000000000043,False,False,-0.1655896607431344,OBSERVED,,FYERS_PAPER_PROXY_RESEARCH
202608251114_4_FINNIFTY_CE,5,2026-08-25T11:19:44.087632+05:30,FINNIFTY,FINNIFTY,NSE_INDEX,e172b0fef65b,"{""contract_quality_min"": 0.0, ""direction_min"": 0.0, ""excellent_score_min"": 47.49792142962838, ""execution_quality_min"": 94.09332545776728, ""expected_required_ratio_min"": 1.5247632132270525, ""final_confidence_min"": 81.04773715207833, ""iv_crush_max"": 29.5, ""market_hostility_max"": 21.307303576649886, ""min_5depth_lots_each_side"": 7.0, ""min_top_book_lots"": 1.0, ""premium_elasticity_min"": 0.0, ""regime_confidence_min"": 60.0, ""spread_pct_max"": 0.5906674542232723, ""trade_quality_min"": 33.7478991596717}",47.49792142962838,CE,DataHealth invalid; Contract invalid: Quote stale or spread hard rejected.; SideDirection hard reject: -3.8 < 65.0; PremiumElasticity hard reject: 0.00 < 1.00; Expected/Required hard reject: 1.52 < 1.60; TradeQuality below configured minimum; ConvexityEdge below excellent gate: 48.3 < 80.0,DataHealth invalid; Contract invalid: Quote stale or spread hard rejected.; SideDirection hard reject: -3.8 < 65.0; PremiumElasticity hard reject: 0.00 < 1.00; Expected/Required hard reject: 1.52 < 1.60; TradeQuality below configured minimum; ConvexityEdge below excellent gate: 48.3 < 80.0,,0.0,UNVALIDATED_COST_MODEL,UNAVAILABLE,paper-strategy-e935c30a69b1,opportunity-score-e935c30a69b1,PAPER_OVERRIDE::FYERS_PAPER_PROXY_RESEARCH,SKIPPED_FORWARD_PROXY,43.2,43.75,0.875,0.0,False,False,0.10336680448907264,OBSERVED,,FYERS_PAPER_PROXY_RESEARCH
202608251114_5_FINNIFTY_PE,5,2026-08-25T11:19:44.087632+05:30,FINNIFTY,FINNIFTY,NSE_INDEX,e172b0fef65b,"{""contract_quality_min"": 0.0, ""direction_min"": 3.844217305487899, ""excellent_score_min"": 45.875416068209574, ""execution_quality_min"": 83.70197904540173, ""expected_required_ratio_min"": 1.5247632132270525, ""final_confidence_min"": 74.64337719820678, ""iv_crush_max"": 29.5, ""market_hostility_max"": 21.307303576649886, ""min_5depth_lots_each_side"": 37.0, ""min_top_book_lots"": 1.0, ""premium_elasticity_min"": 0.0, ""regime_confidence_min"": 60.0, ""spread_pct_max"": 1.629802095459827, ""trade_quality_min"": 33.7478991596717}",45.875416068209574,PE,DataHealth invalid; Contract invalid: Quote stale or spread hard rejected.; SideDirection hard reject: 3.8 < 65.0; PremiumElasticity hard reject: 0.00 < 1.00; Expected/Required hard reject: 1.52 < 1.60; TradeQuality below configured minimum; ConvexityEdge below excellent gate: 48.3 < 80.0,DataHealth invalid; Contract invalid: Quote stale or spread hard rejected.; SideDirection hard reject: 3.8 < 65.0; PremiumElasticity hard reject: 0.00 < 1.00; Expected/Required hard reject: 1.52 < 1.60; TradeQuality below configured minimum; ConvexityEdge below excellent gate: 48.3 < 80.0,,0.0,UNVALIDATED_COST_MODEL,UNAVAILABLE,paper-strategy-e935c30a69b1,opportunity-score-e935c30a69b1,PAPER_OVERRIDE::FYERS_PAPER_PROXY_RESEARCH,SKIPPED_FORWARD_PROXY,20.8,21.05,0.0,-0.6750000000000007,False,False,-0.15715948777648442,OBSERVED,,FYERS_PAPER_PROXY_RESEARCH
202608251105_1_BANKNIFTY_PE,15,2026-08-25T11:21:37.567557+05:30,BANKNIFTY,BANKNIFTY,NSE_INDEX,2e840ccd58d1,"{""contract_quality_min"": 0.0, ""direction_min"": 16.882166127809462, ""excellent_score_min"": 58.22181763836395, ""execution_quality_min"": 96.01593625498008, ""expected_required_ratio_min"": 1.903524347503325, ""final_confidence_min"": 87.63601155511562, ""iv_crush_max"": 29.5, ""market_hostility_max"": 24.436373378450163, ""min_5depth_lots_each_side"": 37.0, ""min_top_book_lots"": 1.0, ""premium_elasticity_min"": 0.0, ""regime_confidence_min"": 60.0, ""spread_pct_max"": 0.398406374501992, ""trade_quality_min"": 74.654377880186}",58.22181763836395,PE,DataHealth invalid; Contract invalid: Quote stale or spread hard rejected.; SideDirection hard reject: 16.9 < 65.0; PremiumElasticity hard reject: 0.00 < 1.00; ConvexityEdge below excellent gate: 37.3 < 80.0,DataHealth invalid; Contract invalid: Quote stale or spread hard rejected.; SideDirection hard reject: 16.9 < 65.0; PremiumElasticity hard reject: 0.00 < 1.00; ConvexityEdge below excellent gate: 37.3 < 80.0,,0.0,UNVALIDATED_COST_MODEL,UNAVAILABLE,paper-strategy-e935c30a69b1,opportunity-score-e935c30a69b1,PAPER_OVERRIDE::FYERS_PAPER_PROXY_RESEARCH,SKIPPED_FORWARD_PROXY,115.4,115.85,0.0,-10.099999999999994,False,False,-0.40399999999999975,OBSERVED,,FYERS_PAPER_PROXY_RESEARCH
202608251105_2_BANKNIFTY_PE,15,2026-08-25T11:21:37.567557+05:30,BANKNIFTY,BANKNIFTY,NSE_INDEX,2e840ccd58d1,"{""contract_quality_min"": 0.0, ""direction_min"": 16.882166127809462, ""excellent_score_min"": 57.143991383952134, ""execution_quality_min"": 96.83042789223458, ""expected_required_ratio_min"": 1.903524347503325, ""final_confidence_min"": 87.63601155511562, ""iv_crush_max"": 29.5, ""market_hostility_max"": 24.436373378450163, ""min_5depth_lots_each_side"": 14.0, ""min_top_book_lots"": 2.0, ""premium_elasticity_min"": 0.0, ""regime_confidence_min"": 60.0, ""spread_pct_max"": 0.31695721077654215, ""trade_quality_min"": 74.654377880186}",57.143991383952134,PE,DataHealth invalid; Contract invalid: Quote stale or spread hard rejected.; SideDirection hard reject: 16.9 < 65.0; PremiumElasticity hard reject: 0.00 < 1.00; ConvexityEdge below excellent gate: 31.3 < 80.0,DataHealth invalid; Contract invalid: Quote stale or spread hard rejected.; SideDirection hard reject: 16.9 < 65.0; PremiumElasticity hard reject: 0.00 < 1.00; ConvexityEdge below excellent gate: 31.3 < 80.0,,0.0,UNVALIDATED_COST_MODEL,UNAVAILABLE,paper-strategy-e935c30a69b1,opportunity-score-e935c30a69b1,PAPER_OVERRIDE::FYERS_PAPER_PROXY_RESEARCH,SKIPPED_FORWARD_PROXY,178.6,179.1,0.0,-10.700000000000017,False,False,-0.42800000000000066,OBSERVED,,FYERS_PAPER_PROXY_RESEARCH
202608251105_3_FINNIFTY_PE,15,2026-08-25T11:21:37.567557+05:30,FINNIFTY,FINNIFTY,NSE_INDEX,e172b0fef65b,"{""contract_quality_min"": 0.0, ""direction_min"": 9.973536475303929, ""excellent_score_min"": 54.32438242384849, ""execution_quality_min"": 86.37602179836512, ""expected_required_ratio_min"": 1.5518898560224381, ""final_confidence_min"": 84.61460356810913, ""iv_crush_max"": 29.5, ""market_hostility_max"": 22.658536491969066, ""min_5depth_lots_each_side"": 19.0, ""min_top_book_lots"": 2.0, ""premium_elasticity_min"": 0.0, ""regime_confidence_min"": 60.0, ""spread_pct_max"": 1.3623978201634876, ""trade_quality_min"": 53.224489795917975}",54.32438242384849,PE,DataHealth invalid; Contract invalid: Quote stale or spread hard rejected.; SideDirection hard reject: 10.0 < 65.0; PremiumElasticity hard reject: 0.00 < 1.00; Expected/Required hard reject: 1.55 < 1.60; TradeQuality below configured minimum; ConvexityEdge below excellent gate: 56.3 < 80.0,DataHealth invalid; Contract invalid: Quote stale or spread hard rejected.; SideDirection hard reject: 10.0 < 65.0; PremiumElasticity hard reject: 0.00 < 1.00; Expected/Required hard reject: 1.55 < 1.60; TradeQuality below configured minimum; ConvexityEdge below excellent gate: 56.3 < 80.0,,0.0,UNVALIDATED_COST_MODEL,UNAVAILABLE,paper-strategy-e935c30a69b1,opportunity-score-e935c30a69b1,PAPER_OVERRIDE::FYERS_PAPER_PROXY_RESEARCH,SKIPPED_FORWARD_PROXY,33.7,34.15,0.0,-3.0,False,False,-0.4087193460490463,OBSERVED,,FYERS_PAPER_PROXY_RESEARCH
202608251105_4_FINNIFTY_CE,15,2026-08-25T11:21:37.567557+05:30,FINNIFTY,FINNIFTY,NSE_INDEX,e172b0fef65b,"{""contract_quality_min"": 0.0, ""direction_min"": 0.0, ""excellent_score_min"": 54.266356294655445, ""execution_quality_min"": 95.05824214613492, ""expected_required_ratio_min"": 1.5518898560224381, ""final_confidence_min"": 85.97131646747981, ""iv_crush_max"": 29.5, ""market_hostility_max"": 22.658536491969066, ""min_5depth_lots_each_side"": 9.0, ""min_top_book_lots"": 1.0, ""premium_elasticity_min"": 0.0, ""regime_confidence_min"": 60.0, ""spread_pct_max"": 0.49417578538650797, ""trade_quality_min"": 53.224489795917975}",54.266356294655445,CE,DataHealth invalid; Contract invalid: Quote stale or spread hard rejected.; SideDirection hard reject: -10.0 < 65.0; PremiumElasticity hard reject: 0.00 < 1.00; Expected/Required hard reject: 1.55 < 1.60; TradeQuality below configured minimum; ConvexityEdge below excellent gate: 56.3 < 80.0,DataHealth invalid; Contract invalid: Quote stale or spread hard rejected.; SideDirection hard reject: -10.0 < 65.0; PremiumElasticity hard reject: 0.00 < 1.00; Expected/Required hard reject: 1.55 < 1.60; TradeQuality below configured minimum; ConvexityEdge below excellent gate: 56.3 < 80.0,,0.0,UNVALIDATED_COST_MODEL,UNAVAILABLE,paper-strategy-e935c30a69b1,opportunity-score-e935c30a69b1,PAPER_OVERRIDE::FYERS_PAPER_PROXY_RESEARCH,SKIPPED_FORWARD_PROXY,73.7,74.0,2.875,0.0,False,False,0.20296505471231907,OBSERVED,,FYERS_PAPER_PROXY_RESEARCH
202608251105_5_FINNIFTY_PE,15,2026-08-25T11:21:37.567557+05:30,FINNIFTY,FINNIFTY,NSE_INDEX,e172b0fef65b,"{""contract_quality_min"": 0.0, ""direction_min"": 9.973536475303929, ""excellent_score_min"": 54.11402279139165, ""execution_quality_min"": 90.07444168734489, ""expected_required_ratio_min"": 1.5518898560224381, ""final_confidence_min"": 88.96337741007098, ""iv_crush_max"": 29.5, ""market_hostility_max"": 22.658536491969066, ""min_5depth_lots_each_side"": 7.0, ""min_top_book_lots"": 1.0, ""premium_elasticity_min"": 0.0, ""regime_confidence_min"": 60.0, ""spread_pct_max"": 0.992555831265511, ""trade_quality_min"": 53.224489795917975}",54.11402279139165,PE,DataHealth invalid; Contract invalid: Quote stale or spread hard rejected.; SideDirection hard reject: 10.0 < 65.0; PremiumElasticity hard reject: 0.00 < 1.00; Expected/Required hard reject: 1.55 < 1.60; TradeQuality below configured minimum; ConvexityEdge below excellent gate: 50.3 < 80.0,DataHealth invalid; Contract invalid: Quote stale or spread hard rejected.; SideDirection hard reject: 10.0 < 65.0; PremiumElasticity hard reject: 0.00 < 1.00; Expected/Required hard reject: 1.55 < 1.60; TradeQuality below configured minimum; ConvexityEdge below excellent gate: 50.3 < 80.0,,0.0,UNVALIDATED_COST_MODEL,UNAVAILABLE,paper-strategy-e935c30a69b1,opportunity-score-e935c30a69b1,PAPER_OVERRIDE::FYERS_PAPER_PROXY_RESEARCH,SKIPPED_FORWARD_PROXY,57.15,57.75,0.0,-3.3000000000000043,False,False,-0.2729528535980152,OBSERVED,,FYERS_PAPER_PROXY_RESEARCH
202608251116_1_MIDCPNIFTY_CE,5,2026-08-25T11:22:19.467524+05:30,MIDCPNIFTY,MIDCPNIFTY,NSE_INDEX,712afad509f5,"{""contract_quality_min"": 0.0, ""direction_min"": 2.0704351274865664, ""excellent_score_min"": 45.24940244488061, ""execution_quality_min"": 94.1118743866535, ""expected_required_ratio_min"": 1.4658437899202124, ""final_confidence_min"": 78.9457004042594, ""iv_crush_max"": 29.5, ""market_hostility_max"": 20.34983987445341, ""min_5depth_lots_each_side"": 20.0, ""min_top_book_lots"": 2.0, ""premium_elasticity_min"": 0.0, ""regime_confidence_min"": 60.0, ""spread_pct_max"": 0.5888125613346501, ""trade_quality_min"": 23.78378378378804}",45.24940244488061,CE,DataHealth invalid; Contract invalid: Quote stale or spread hard rejected.; SideDirection hard reject: 2.1 < 65.0; PremiumElasticity hard reject: 0.00 < 1.00; Expected/Required hard reject: 1.47 < 1.60; TradeQuality below configured minimum; ConvexityEdge below excellent gate: 50.3 < 80.0,DataHealth invalid; Contract invalid: Quote stale or spread hard rejected.; SideDirection hard reject: 2.1 < 65.0; PremiumElasticity hard reject: 0.00 < 1.00; Expected/Required hard reject: 1.47 < 1.60; TradeQuality below configured minimum; ConvexityEdge below excellent gate: 50.3 < 80.0,,0.0,UNVALIDATED_COST_MODEL,UNAVAILABLE,paper-strategy-e935c30a69b1,opportunity-score-e935c30a69b1,PAPER_OVERRIDE::FYERS_PAPER_PROXY_RESEARCH,SKIPPED_FORWARD_PROXY,50.8,51.0,0.0,-0.15000000000000568,False,False,-0.014720314033366601,OBSERVED,,FYERS_PAPER_PROXY_RESEARCH
202608251116_2_FINNIFTY_CE,5,2026-08-25T11:22:19.467524+05:30,FINNIFTY,FINNIFTY,NSE_INDEX,e172b0fef65b,"{""contract_quality_min"": 0.0, ""direction_min"": 1.669535382854171, ""excellent_score_min"": 43.04891905157071, ""execution_quality_min"": 91.99466310873923, ""expected_required_ratio_min"": 1.465384445987168, ""final_confidence_min"": 75.52532208232066, ""iv_crush_max"": 29.5, ""market_hostility_max"": 21.87194430457651, ""min_5depth_lots_each_side"": 6.0, ""min_top_book_lots"": 1.0, ""premium_elasticity_min"": 0.0, ""regime_confidence_min"": 60.0, ""spread_pct_max"": 0.8005336891260765, ""trade_quality_min"": 12.582972582975056}",43.04891905157071,CE,DataHealth invalid; Contract invalid: Quote stale or spread hard rejected.; SideDirection hard reject: 1.7 < 65.0; PremiumElasticity hard reject: 0.00 < 1.00; Expected/Required hard reject: 1.47 < 1.60; TradeQuality below configured minimum; ConvexityEdge below excellent gate: 56.3 < 80.0,DataHealth invalid; Contract invalid: Quote stale or spread hard rejected.; SideDirection hard reject: 1.7 < 65.0; PremiumElasticity hard reject: 0.00 < 1.00; Expected/Required hard reject: 1.47 < 1.60; TradeQuality below configured minimum; ConvexityEdge below excellent gate: 56.3 < 80.0,,0.0,UNVALIDATED_COST_MODEL,UNAVAILABLE,paper-strategy-e935c30a69b1,opportunity-score-e935c30a69b1,PAPER_OVERRIDE::FYERS_PAPER_PROXY_RESEARCH,SKIPPED_FORWARD_PROXY,74.55,75.3,0.0,-0.4000000000000057,False,False,-0.02668445630420318,OBSERVED,,FYERS_PAPER_PROXY_RESEARCH
202608251116_3_FINNIFTY_PE,5,2026-08-25T11:22:19.467524+05:30,FINNIFTY,FINNIFTY,NSE_INDEX,e172b0fef65b,"{""contract_quality_min"": 0.0, ""direction_min"": 0.0, ""excellent_score_min"": 42.296373027666874, ""execution_quality_min"": 89.43396226415112, ""expected_required_ratio_min"": 1.465384445987168, ""final_confidence_min"": 74.34521618444572, ""iv_crush_max"": 29.5, ""market_hostility_max"": 21.87194430457651, ""min_5depth_lots_each_side"": 13.0, ""min_top_book_lots"": 1.0, ""premium_elasticity_min"": 0.0, ""regime_confidence_min"": 60.0, ""spread_pct_max"": 1.0566037735848886, ""trade_quality_min"": 12.582972582975056}",42.296373027666874,PE,DataHealth invalid; Contract invalid: Quote stale or spread hard rejected.; SideDirection hard reject: -1.7 < 65.0; PremiumElasticity hard reject: 0.00 < 1.00; Expected/Required hard reject: 1.47 < 1.60; TradeQuality below configured minimum; ConvexityEdge below excellent gate: 56.3 < 80.0,DataHealth invalid; Contract invalid: Quote stale or spread hard rejected.; SideDirection hard reject: -1.7 < 65.0; PremiumElasticity hard reject: 0.00 < 1.00; Expected/Required hard reject: 1.47 < 1.60; TradeQuality below configured minimum; ConvexityEdge below excellent gate: 56.3 < 80.0,,0.0,UNVALIDATED_COST_MODEL,UNAVAILABLE,paper-strategy-e935c30a69b1,opportunity-score-e935c30a69b1,PAPER_OVERRIDE::FYERS_PAPER_PROXY_RESEARCH,SKIPPED_FORWARD_PROXY,32.85,33.2,0.0,-0.2749999999999986,False,False,-0.041509433962263934,OBSERVED,,FYERS_PAPER_PROXY_RESEARCH
202608251116_4_FINNIFTY_PE,5,2026-08-25T11:22:19.467524+05:30,FINNIFTY,FINNIFTY,NSE_INDEX,e172b0fef65b,"{""contract_quality_min"": 0.0, ""direction_min"": 0.0, ""excellent_score_min"": 41.274013229756875, ""execution_quality_min"": 90.16540008940538, ""expected_required_ratio_min"": 1.465384445987168, ""final_confidence_min"": 75.02446146746439, ""iv_crush_max"": 29.5, ""market_hostility_max"": 21.87194430457651, ""min_5depth_lots_each_side"": 10.0, ""min_top_book_lots"": 1.0, ""premium_elasticity_min"": 0.0, ""regime_confidence_min"": 60.0, ""spread_pct_max"": 0.9834599910594624, ""trade_quality_min"": 12.582972582975056}",41.274013229756875,PE,DataHealth invalid; Contract invalid: Quote stale or spread hard rejected.; SideDirection hard reject: -1.7 < 65.0; PremiumElasticity hard reject: 0.00 < 1.00; Expected/Required hard reject: 1.47 < 1.60; TradeQuality below configured minimum; ConvexityEdge below excellent gate: 50.3 < 80.0,DataHealth invalid; Contract invalid: Quote stale or spread hard rejected.; SideDirection hard reject: -1.7 < 65.0; PremiumElasticity hard reject: 0.00 < 1.00; Expected/Required hard reject: 1.47 < 1.60; TradeQuality below configured minimum; ConvexityEdge below excellent gate: 50.3 < 80.0,,0.0,UNVALIDATED_COST_MODEL,UNAVAILABLE,paper-strategy-e935c30a69b1,opportunity-score-e935c30a69b1,PAPER_OVERRIDE::FYERS_PAPER_PROXY_RESEARCH,SKIPPED_FORWARD_PROXY,55.5,56.3,0.0,-0.42499999999999716,False,False,-0.03799731783638777,OBSERVED,,FYERS_PAPER_PROXY_RESEARCH
202608251116_5_FINNIFTY_CE,5,2026-08-25T11:22:19.467524+05:30,FINNIFTY,FINNIFTY,NSE_INDEX,e172b0fef65b,"{""contract_quality_min"": 0.0, ""direction_min"": 1.669535382854171, ""excellent_score_min"": 41.23979791424154, ""execution_quality_min"": 90.60052219321143, ""expected_required_ratio_min"": 1.465384445987168, ""final_confidence_min"": 75.52532208232066, ""iv_crush_max"": 29.5, ""market_hostility_max"": 21.87194430457651, ""min_5depth_lots_each_side"": 19.0, ""min_top_book_lots"": 2.0, ""premium_elasticity_min"": 0.0, ""regime_confidence_min"": 60.0, ""spread_pct_max"": 0.9399477806788572, ""trade_quality_min"": 12.582972582975056}",41.23979791424154,CE,DataHealth invalid; Contract invalid: Quote stale or spread hard rejected.; SideDirection hard reject: 1.7 < 65.0; PremiumElasticity hard reject: 0.00 < 1.00; Expected/Required hard reject: 1.47 < 1.60; TradeQuality below configured minimum; ConvexityEdge below excellent gate: 48.3 < 80.0,DataHealth invalid; Contract invalid: Quote stale or spread hard rejected.; SideDirection hard reject: 1.7 < 65.0; PremiumElasticity hard reject: 0.00 < 1.00; Expected/Required hard reject: 1.47 < 1.60; TradeQuality below configured minimum; ConvexityEdge below excellent gate: 48.3 < 80.0,,0.0,UNVALIDATED_COST_MODEL,UNAVAILABLE,paper-strategy-e935c30a69b1,opportunity-score-e935c30a69b1,PAPER_OVERRIDE::FYERS_PAPER_PROXY_RESEARCH,SKIPPED_FORWARD_PROXY,47.4,47.75,0.0,-0.4750000000000014,False,False,-0.049608355091383956,OBSERVED,,FYERS_PAPER_PROXY_RESEARCH
202608251107_1_FINNIFTY_PE,15,2026-08-25T11:22:56.065742+05:30,FINNIFTY,FINNIFTY,NSE_INDEX,e172b0fef65b,"{""contract_quality_min"": 0.0, ""direction_min"": 8.050676406046202, ""excellent_score_min"": 53.095236245359, ""execution_quality_min"": 88.23529411764689, ""expected_required_ratio_min"": 1.5258155301455478, ""final_confidence_min"": 85.03389032885362, ""iv_crush_max"": 29.5, ""market_hostility_max"": 22.626646553556018, ""min_5depth_lots_each_side"": 24.0, ""min_top_book_lots"": 1.0, ""premium_elasticity_min"": 0.0, ""regime_confidence_min"": 60.0, ""spread_pct_max"": 1.1764705882353108, ""trade_quality_min"": 48.14645308923471}",53.095236245359,PE,DataHealth invalid; Contract invalid: Quote stale or spread hard rejected.; SideDirection hard reject: 8.1 < 65.0; PremiumElasticity hard reject: 0.00 < 1.00; Expected/Required hard reject: 1.53 < 1.60; TradeQuality below configured minimum; ConvexityEdge below excellent gate: 56.3 < 80.0,DataHealth invalid; Contract invalid: Quote stale or spread hard rejected.; SideDirection hard reject: 8.1 < 65.0; PremiumElasticity hard reject: 0.00 < 1.00; Expected/Required hard reject: 1.53 < 1.60; TradeQuality below configured minimum; ConvexityEdge below excellent gate: 56.3 < 80.0,,0.0,UNVALIDATED_COST_MODEL,UNAVAILABLE,paper-strategy-e935c30a69b1,opportunity-score-e935c30a69b1,PAPER_OVERRIDE::FYERS_PAPER_PROXY_RESEARCH,SKIPPED_FORWARD_PROXY,34.0,34.35,0.0,0.0,False,False,0.0,OBSERVED,,FYERS_PAPER_PROXY_RESEARCH
202608251107_2_FINNIFTY_CE,15,2026-08-25T11:22:56.065742+05:30,FINNIFTY,FINNIFTY,NSE_INDEX,e172b0fef65b,"{""contract_quality_min"": 0.0, ""direction_min"": 0.0, ""excellent_score_min"": 52.716848750415444, ""execution_quality_min"": 93.96175779939614, ""expected_required_ratio_min"": 1.5258155301455478, ""final_confidence_min"": 84.73633446586348, ""iv_crush_max"": 29.5, ""market_hostility_max"": 22.626646553556018, ""min_5depth_lots_each_side"": 12.0, ""min_top_book_lots"": 2.0, ""premium_elasticity_min"": 0.0, ""regime_confidence_min"": 60.0, ""spread_pct_max"": 0.6038242200603862, ""trade_quality_min"": 48.14645308923471}",52.716848750415444,CE,DataHealth invalid; Contract invalid: Quote stale or spread hard rejected.; SideDirection hard reject: -8.1 < 65.0; PremiumElasticity hard reject: 0.00 < 1.00; Expected/Required hard reject: 1.53 < 1.60; TradeQuality below configured minimum; ConvexityEdge below excellent gate: 56.3 < 80.0,DataHealth invalid; Contract invalid: Quote stale or spread hard rejected.; SideDirection hard reject: -8.1 < 65.0; PremiumElasticity hard reject: 0.00 < 1.00; Expected/Required hard reject: 1.53 < 1.60; TradeQuality below configured minimum; ConvexityEdge below excellent gate: 56.3 < 80.0,,0.0,UNVALIDATED_COST_MODEL,UNAVAILABLE,paper-strategy-e935c30a69b1,opportunity-score-e935c30a69b1,PAPER_OVERRIDE::FYERS_PAPER_PROXY_RESEARCH,SKIPPED_FORWARD_PROXY,73.95,74.7,0.0,-0.5750000000000028,False,False,-0.038577658503857956,OBSERVED,,FYERS_PAPER_PROXY_RESEARCH
202608251107_3_FINNIFTY_PE,15,2026-08-25T11:22:56.065742+05:30,FINNIFTY,FINNIFTY,NSE_INDEX,e172b0fef65b,"{""contract_quality_min"": 0.0, ""direction_min"": 8.050676406046202, ""excellent_score_min"": 50.374624605477614, ""execution_quality_min"": 84.08488063660474, ""expected_required_ratio_min"": 1.5258155301455478, ""final_confidence_min"": 80.05339415160303, ""iv_crush_max"": 29.5, ""market_hostility_max"": 22.626646553556018, ""min_5depth_lots_each_side"": 39.0, ""min_top_book_lots"": 2.0, ""premium_elasticity_min"": 0.0, ""regime_confidence_min"": 60.0, ""spread_pct_max"": 1.5915119363395265, ""trade_quality_min"": 48.14645308923471}",50.374624605477614,PE,DataHealth invalid; Contract invalid: Quote stale or spread hard rejected.; SideDirection hard reject: 8.1 < 65.0; PremiumElasticity hard reject: 0.00 < 1.00; Expected/Required hard reject: 1.53 < 1.60; TradeQuality below configured minimum; ConvexityEdge below excellent gate: 48.3 < 80.0,DataHealth invalid; Contract invalid: Quote stale or spread hard rejected.; SideDirection hard reject: 8.1 < 65.0; PremiumElasticity hard reject: 0.00 < 1.00; Expected/Required hard reject: 1.53 < 1.60; TradeQuality below configured minimum; ConvexityEdge below excellent gate: 48.3 < 80.0,,0.0,UNVALIDATED_COST_MODEL,UNAVAILABLE,paper-strategy-e935c30a69b1,opportunity-score-e935c30a69b1,PAPER_OVERRIDE::FYERS_PAPER_PROXY_RESEARCH,SKIPPED_FORWARD_PROXY,19.3,19.6,0.4499999999999993,0.0,False,False,0.11936339522546399,OBSERVED,,FYERS_PAPER_PROXY_RESEARCH
202608251107_4_FINNIFTY_CE,15,2026-08-25T11:22:56.065742+05:30,FINNIFTY,FINNIFTY,NSE_INDEX,e172b0fef65b,"{""contract_quality_min"": 0.0, ""direction_min"": 0.0, ""excellent_score_min"": 50.36846245894154, ""execution_quality_min"": 89.4291754756871, ""expected_required_ratio_min"": 1.5258155301455478, ""final_confidence_min"": 84.051345036688, ""iv_crush_max"": 29.5, ""market_hostility_max"": 22.626646553556018, ""min_5depth_lots_each_side"": 10.0, ""min_top_book_lots"": 1.0, ""premium_elasticity_min"": 0.0, ""regime_confidence_min"": 60.0, ""spread_pct_max"": 1.0570824524312896, ""trade_quality_min"": 48.14645308923471}",50.36846245894154,CE,DataHealth invalid; Contract invalid: Quote stale or spread hard rejected.; SideDirection hard reject: -8.1 < 65.0; PremiumElasticity hard reject: 0.00 < 1.00; Expected/Required hard reject: 1.53 < 1.60; TradeQuality below configured minimum; ConvexityEdge below excellent gate: 48.3 < 80.0,DataHealth invalid; Contract invalid: Quote stale or spread hard rejected.; SideDirection hard reject: -8.1 < 65.0; PremiumElasticity hard reject: 0.00 < 1.00; Expected/Required hard reject: 1.53 < 1.60; TradeQuality below configured minimum; ConvexityEdge below excellent gate: 48.3 < 80.0,,0.0,UNVALIDATED_COST_MODEL,UNAVAILABLE,paper-strategy-e935c30a69b1,opportunity-score-e935c30a69b1,PAPER_OVERRIDE::FYERS_PAPER_PROXY_RESEARCH,SKIPPED_FORWARD_PROXY,47.25,47.8,0.0,-0.04999999999999716,False,False,-0.005285412262156148,OBSERVED,,FYERS_PAPER_PROXY_RESEARCH
202608251107_5_BANKNIFTY_PE,15,2026-08-25T11:22:56.065742+05:30,BANKNIFTY,BANKNIFTY,NSE_INDEX,2e840ccd58d1,"{""contract_quality_min"": 0.0, ""direction_min"": 7.051294867035922, ""excellent_score_min"": 47.63421174475775, ""execution_quality_min"": 97.04753469146738, ""expected_required_ratio_min"": 1.9234070604747036, ""final_confidence_min"": 85.21950484399963, ""iv_crush_max"": 29.5, ""market_hostility_max"": 23.29228807348497, ""min_5depth_lots_each_side"": 17.0, ""min_top_book_lots"": 4.0, ""premium_elasticity_min"": 0.0, ""regime_confidence_min"": 60.0, ""spread_pct_max"": 0.29524653085326247, ""trade_quality_min"": 42.20603537981412}",47.63421174475775,PE,DataHealth invalid; Contract invalid: Quote stale or spread hard rejected.; SideDirection hard reject: 7.1 < 65.0; PremiumElasticity hard reject: 0.00 < 1.00; TradeQuality below configured minimum; ConvexityEdge below excellent gate: 31.3 < 80.0,DataHealth invalid; Contract invalid: Quote stale or spread hard rejected.; SideDirection hard reject: 7.1 < 65.0; PremiumElasticity hard reject: 0.00 < 1.00; TradeQuality below configured minimum; ConvexityEdge below excellent gate: 31.3 < 80.0,,0.0,UNVALIDATED_COST_MODEL,UNAVAILABLE,paper-strategy-e935c30a69b1,opportunity-score-e935c30a69b1,PAPER_OVERRIDE::FYERS_PAPER_PROXY_RESEARCH,SKIPPED_FORWARD_PROXY,178.8,179.4,9.450000000000017,0.0,False,False,0.37800000000000067,OBSERVED,,FYERS_PAPER_PROXY_RESEARCH
202608251118_1_FINNIFTY_CE,5,2026-08-25T11:23:38.932915+05:30,FINNIFTY,FINNIFTY,NSE_INDEX,e172b0fef65b,"{""contract_quality_min"": 0.0, ""direction_min"": 0.0, ""excellent_score_min"": 43.10820018276888, ""execution_quality_min"": 91.23447772096429, ""expected_required_ratio_min"": 1.5046090139994222, ""final_confidence_min"": 75.53126556519757, ""iv_crush_max"": 29.5, ""market_hostility_max"": 22.11376664496312, ""min_5depth_lots_each_side"": 8.0, ""min_top_book_lots"": 2.0, ""premium_elasticity_min"": 0.0, ""regime_confidence_min"": 60.0, ""spread_pct_max"": 0.8765522279035709, ""trade_quality_min"": 14.517374517381056}",43.10820018276888,CE,DataHealth invalid; Contract invalid: Quote stale or spread hard rejected.; SideDirection hard reject: -2.2 < 65.0; PremiumElasticity hard reject: 0.00 < 1.00; Expected/Required hard reject: 1.50 < 1.60; TradeQuality below configured minimum; ConvexityEdge below excellent gate: 56.3 < 80.0,DataHealth invalid; Contract invalid: Quote stale or spread hard rejected.; SideDirection hard reject: -2.2 < 65.0; PremiumElasticity hard reject: 0.00 < 1.00; Expected/Required hard reject: 1.50 < 1.60; TradeQuality below configured minimum; ConvexityEdge below excellent gate: 56.3 < 80.0,,0.0,UNVALIDATED_COST_MODEL,UNAVAILABLE,paper-strategy-e935c30a69b1,opportunity-score-e935c30a69b1,PAPER_OVERRIDE::FYERS_PAPER_PROXY_RESEARCH,SKIPPED_FORWARD_PROXY,72.05,72.8,3.5999999999999943,0.0,False,False,0.2629656683710733,OBSERVED,,FYERS_PAPER_PROXY_RESEARCH
202608251118_2_FINNIFTY_PE,5,2026-08-25T11:23:38.932915+05:30,FINNIFTY,FINNIFTY,NSE_INDEX,e172b0fef65b,"{""contract_quality_min"": 0.0, ""direction_min"": 2.1596452667783486, ""excellent_score_min"": 43.05690831149525, ""execution_quality_min"": 89.05608755129963, ""expected_required_ratio_min"": 1.5046090139994222, ""final_confidence_min"": 75.04646420679062, ""iv_crush_max"": 29.5, ""market_hostility_max"": 22.11376664496312, ""min_5depth_lots_each_side"": 28.0, ""min_top_book_lots"": 2.0, ""premium_elasticity_min"": 0.0, ""regime_confidence_min"": 60.0, ""spread_pct_max"": 1.0943912448700372, ""trade_quality_min"": 14.517374517381056}",43.05690831149525,PE,DataHealth invalid; Contract invalid: Quote stale or spread hard rejected.; SideDirection hard reject: 2.2 < 65.0; PremiumElasticity hard reject: 0.00 < 1.00; Expected/Required hard reject: 1.50 < 1.60; TradeQuality below configured minimum; ConvexityEdge below excellent gate: 56.3 < 80.0,DataHealth invalid; Contract invalid: Quote stale or spread hard rejected.; SideDirection hard reject: 2.2 < 65.0; PremiumElasticity hard reject: 0.00 < 1.00; Expected/Required hard reject: 1.50 < 1.60; TradeQuality below configured minimum; ConvexityEdge below excellent gate: 56.3 < 80.0,,0.0,UNVALIDATED_COST_MODEL,UNAVAILABLE,paper-strategy-e935c30a69b1,opportunity-score-e935c30a69b1,PAPER_OVERRIDE::FYERS_PAPER_PROXY_RESEARCH,SKIPPED_FORWARD_PROXY,35.2,35.7,0.0,-1.3499999999999943,False,False,-0.18467852257181866,OBSERVED,,FYERS_PAPER_PROXY_RESEARCH
202608251118_3_FINNIFTY_PE,5,2026-08-25T11:23:38.932915+05:30,FINNIFTY,FINNIFTY,NSE_INDEX,e172b0fef65b,"{""contract_quality_min"": 0.0, ""direction_min"": 2.1596452667783486, ""excellent_score_min"": 41.892845753725396, ""execution_quality_min"": 89.1891891891891, ""expected_required_ratio_min"": 1.5046090139994222, ""final_confidence_min"": 75.20618617225799, ""iv_crush_max"": 29.5, ""market_hostility_max"": 22.11376664496312, ""min_5depth_lots_each_side"": 7.0, ""min_top_book_lots"": 1.0, ""premium_elasticity_min"": 0.0, ""regime_confidence_min"": 60.0, ""spread_pct_max"": 1.0810810810810905, ""trade_quality_min"": 14.517374517381056}",41.892845753725396,PE,DataHealth invalid; Contract invalid: Quote stale or spread hard rejected.; SideDirection hard reject: 2.2 < 65.0; PremiumElasticity hard reject: 0.00 < 1.00; Expected/Required hard reject: 1.50 < 1.60; TradeQuality below configured minimum; ConvexityEdge below excellent gate: 50.3 < 80.0,DataHealth invalid; Contract invalid: Quote stale or spread hard rejected.; SideDirection hard reject: 2.2 < 65.0; PremiumElasticity hard reject: 0.00 < 1.00; Expected/Required hard reject: 1.50 < 1.60; TradeQuality below configured minimum; ConvexityEdge below excellent gate: 50.3 < 80.0,,0.0,UNVALIDATED_COST_MODEL,UNAVAILABLE,paper-strategy-e935c30a69b1,opportunity-score-e935c30a69b1,PAPER_OVERRIDE::FYERS_PAPER_PROXY_RESEARCH,SKIPPED_FORWARD_PROXY,58.5,59.2,0.0,-1.625,False,False,-0.13513513513513514,OBSERVED,,FYERS_PAPER_PROXY_RESEARCH
202608251118_4_FINNIFTY_CE,5,2026-08-25T11:23:38.932915+05:30,FINNIFTY,FINNIFTY,NSE_INDEX,e172b0fef65b,"{""contract_quality_min"": 0.0, ""direction_min"": 0.0, ""excellent_score_min"": 40.88349364090331, ""execution_quality_min"": 88.37209302325581, ""expected_required_ratio_min"": 1.5046090139994222, ""final_confidence_min"": 73.57777719310455, ""iv_crush_max"": 29.5, ""market_hostility_max"": 22.11376664496312, ""min_5depth_lots_each_side"": 15.0, ""min_top_book_lots"": 2.0, ""premium_elasticity_min"": 0.0, ""regime_confidence_min"": 60.0, ""spread_pct_max"": 1.1627906976744187, ""trade_quality_min"": 14.517374517381056}",40.88349364090331,CE,DataHealth invalid; Contract invalid: Quote stale or spread hard rejected.; SideDirection hard reject: -2.2 < 65.0; PremiumElasticity hard reject: 0.00 < 1.00; Expected/Required hard reject: 1.50 < 1.60; TradeQuality below configured minimum; ConvexityEdge below excellent gate: 48.3 < 80.0,DataHealth invalid; Contract invalid: Quote stale or spread hard rejected.; SideDirection hard reject: -2.2 < 65.0; PremiumElasticity hard reject: 0.00 < 1.00; Expected/Required hard reject: 1.50 < 1.60; TradeQuality below configured minimum; ConvexityEdge below excellent gate: 48.3 < 80.0,,0.0,UNVALIDATED_COST_MODEL,UNAVAILABLE,paper-strategy-e935c30a69b1,opportunity-score-e935c30a69b1,PAPER_OVERRIDE::FYERS_PAPER_PROXY_RESEARCH,SKIPPED_FORWARD_PROXY,45.1,45.75,2.1000000000000014,0.0,False,False,0.2441860465116281,OBSERVED,,FYERS_PAPER_PROXY_RESEARCH
202608251118_5_BANKNIFTY_CE,5,2026-08-25T11:23:38.932915+05:30,BANKNIFTY,BANKNIFTY,NSE_INDEX,2e840ccd58d1,"{""contract_quality_min"": 0.0, ""direction_min"": 0.0, ""excellent_score_min"": 40.3235185393847, ""execution_quality_min"": 97.63153442733889, ""expected_required_ratio_min"": 1.7611926078375486, ""final_confidence_min"": 75.56564944618799, ""iv_crush_max"": 29.5, ""market_hostility_max"": 22.547073463558633, ""min_5depth_lots_each_side"": 18.0, ""min_top_book_lots"": 1.0, ""premium_elasticity_min"": 0.0, ""regime_confidence_min"": 60.0, ""spread_pct_max"": 0.23684655726611023, ""trade_quality_min"": 15.159967186218887}",40.3235185393847,CE,DataHealth invalid; Contract invalid: Quote stale or spread hard rejected.; SideDirection hard reject: -3.2 < 65.0; PremiumElasticity hard reject: 0.00 < 1.00; TradeQuality below configured minimum; ConvexityEdge below excellent gate: 37.3 < 80.0,DataHealth invalid; Contract invalid: Quote stale or spread hard rejected.; SideDirection hard reject: -3.2 < 65.0; PremiumElasticity hard reject: 0.00 < 1.00; TradeQuality below configured minimum; ConvexityEdge below excellent gate: 37.3 < 80.0,,0.0,UNVALIDATED_COST_MODEL,UNAVAILABLE,paper-strategy-e935c30a69b1,opportunity-score-e935c30a69b1,PAPER_OVERRIDE::FYERS_PAPER_PROXY_RESEARCH,SKIPPED_FORWARD_PROXY,149.15,149.6,1.3750000000000284,0.0,False,False,0.05500000000000114,OBSERVED,,FYERS_PAPER_PROXY_RESEARCH
202608251109_1_BANKNIFTY_PE,15,2026-08-25T11:25:50.957074+05:30,BANKNIFTY,BANKNIFTY,NSE_INDEX,2e840ccd58d1,"{""contract_quality_min"": 0.0, ""direction_min"": 7.100731632680841, ""excellent_score_min"": 50.61265915060455, ""execution_quality_min"": 97.0294928920009, ""expected_required_ratio_min"": 1.8958904906016592, ""final_confidence_min"": 87.12482453991207, ""iv_crush_max"": 29.5, ""market_hostility_max"": 23.2858105783888, ""min_5depth_lots_each_side"": 21.0, ""min_top_book_lots"": 1.0, ""premium_elasticity_min"": 0.0, ""regime_confidence_min"": 60.0, ""spread_pct_max"": 0.2970507107999103, ""trade_quality_min"": 48.532382650033114}",50.61265915060455,PE,DataHealth invalid; Contract invalid: Quote stale or spread hard rejected.; SideDirection hard reject: 7.1 < 65.0; PremiumElasticity hard reject: 0.00 < 1.00; TradeQuality below configured minimum; ConvexityEdge below excellent gate: 37.3 < 80.0,DataHealth invalid; Contract invalid: Quote stale or spread hard rejected.; SideDirection hard reject: 7.1 < 65.0; PremiumElasticity hard reject: 0.00 < 1.00; TradeQuality below configured minimum; ConvexityEdge below excellent gate: 37.3 < 80.0,,0.0,UNVALIDATED_COST_MODEL,UNAVAILABLE,paper-strategy-e935c30a69b1,opportunity-score-e935c30a69b1,PAPER_OVERRIDE::FYERS_PAPER_PROXY_RESEARCH,SKIPPED_FORWARD_PROXY,122.4,122.75,4.575000000000003,0.0,False,False,0.19414385741565893,OBSERVED,,FYERS_PAPER_PROXY_RESEARCH
202608251109_2_BANKNIFTY_PE,15,2026-08-25T11:25:50.957074+05:30,BANKNIFTY,BANKNIFTY,NSE_INDEX,2e840ccd58d1,"{""contract_quality_min"": 0.0, ""direction_min"": 7.100731632680841, ""excellent_score_min"": 49.52388024327418, ""execution_quality_min"": 97.77096684313176, ""expected_required_ratio_min"": 1.8958904906016592, ""final_confidence_min"": 87.12482453991207, ""iv_crush_max"": 29.5, ""market_hostility_max"": 23.2858105783888, ""min_5depth_lots_each_side"": 15.0, ""min_top_book_lots"": 2.0, ""premium_elasticity_min"": 0.0, ""regime_confidence_min"": 60.0, ""spread_pct_max"": 0.22290331568682403, ""trade_quality_min"": 48.532382650033114}",49.52388024327418,PE,DataHealth invalid; Contract invalid: Quote stale or spread hard rejected.; SideDirection hard reject: 7.1 < 65.0; PremiumElasticity hard reject: 0.00 < 1.00; TradeQuality below configured minimum; ConvexityEdge below excellent gate: 31.3 < 80.0,DataHealth invalid; Contract invalid: Quote stale or spread hard rejected.; SideDirection hard reject: 7.1 < 65.0; PremiumElasticity hard reject: 0.00 < 1.00; TradeQuality below configured minimum; ConvexityEdge below excellent gate: 31.3 < 80.0,,0.0,UNVALIDATED_COST_MODEL,UNAVAILABLE,paper-strategy-e935c30a69b1,opportunity-score-e935c30a69b1,PAPER_OVERRIDE::FYERS_PAPER_PROXY_RESEARCH,SKIPPED_FORWARD_PROXY,185.15,185.75,5.700000000000017,0.0,False,False,0.22800000000000067,OBSERVED,,FYERS_PAPER_PROXY_RESEARCH
202608251109_3_BANKNIFTY_CE,15,2026-08-25T11:25:50.957074+05:30,BANKNIFTY,BANKNIFTY,NSE_INDEX,2e840ccd58d1,"{""contract_quality_min"": 0.0, ""direction_min"": 0.0, ""excellent_score_min"": 49.40179330854607, ""execution_quality_min"": 97.47793190416141, ""expected_required_ratio_min"": 1.8958904906016592, ""final_confidence_min"": 84.99460505010781, ""iv_crush_max"": 29.5, ""market_hostility_max"": 23.2858105783888, ""min_5depth_lots_each_side"": 25.0, ""min_top_book_lots"": 2.0, ""premium_elasticity_min"": 0.0, ""regime_confidence_min"": 60.0, ""spread_pct_max"": 0.25220680958385877, ""trade_quality_min"": 48.532382650033114}",49.40179330854607,CE,DataHealth invalid; Contract invalid: Quote stale or spread hard rejected.; SideDirection hard reject: -7.1 < 65.0; PremiumElasticity hard reject: 0.00 < 1.00; TradeQuality below configured minimum; ConvexityEdge below excellent gate: 37.3 < 80.0,DataHealth invalid; Contract invalid: Quote stale or spread hard rejected.; SideDirection hard reject: -7.1 < 65.0; PremiumElasticity hard reject: 0.00 < 1.00; TradeQuality below configured minimum; ConvexityEdge below excellent gate: 37.3 < 80.0,,0.0,UNVALIDATED_COST_MODEL,UNAVAILABLE,paper-strategy-e935c30a69b1,opportunity-score-e935c30a69b1,PAPER_OVERRIDE::FYERS_PAPER_PROXY_RESEARCH,SKIPPED_FORWARD_PROXY,93.55,93.8,0.0,-5.575000000000003,False,False,-0.2812105926860026,OBSERVED,,FYERS_PAPER_PROXY_RESEARCH
202608251109_4_BANKNIFTY_CE,15,2026-08-25T11:25:50.957074+05:30,BANKNIFTY,BANKNIFTY,NSE_INDEX,2e840ccd58d1,"{""contract_quality_min"": 0.0, ""direction_min"": 0.0, ""excellent_score_min"": 48.045170794764935, ""execution_quality_min"": 96.43378181228717, ""expected_required_ratio_min"": 1.8958904906016592, ""final_confidence_min"": 84.99460505010781, ""iv_crush_max"": 29.5, ""market_hostility_max"": 23.2858105783888, ""min_5depth_lots_each_side"": 29.0, ""min_top_book_lots"": 2.0, ""premium_elasticity_min"": 0.0, ""regime_confidence_min"": 60.0, ""spread_pct_max"": 0.35662181877128313, ""trade_quality_min"": 48.532382650033114}",48.045170794764935,CE,DataHealth invalid; Contract invalid: Quote stale or spread hard rejected.; SideDirection hard reject: -7.1 < 65.0; PremiumElasticity hard reject: 0.00 < 1.00; TradeQuality below configured minimum; ConvexityEdge below excellent gate: 31.3 < 80.0,DataHealth invalid; Contract invalid: Quote stale or spread hard rejected.; SideDirection hard reject: -7.1 < 65.0; PremiumElasticity hard reject: 0.00 < 1.00; TradeQuality below configured minimum; ConvexityEdge below excellent gate: 31.3 < 80.0,,0.0,UNVALIDATED_COST_MODEL,UNAVAILABLE,paper-strategy-e935c30a69b1,opportunity-score-e935c30a69b1,PAPER_OVERRIDE::FYERS_PAPER_PROXY_RESEARCH,SKIPPED_FORWARD_PROXY,147.95,148.2,0.0,-6.275000000000006,False,False,-0.2510000000000002,OBSERVED,,FYERS_PAPER_PROXY_RESEARCH
202608251109_5_FINNIFTY_CE,15,2026-08-25T11:25:50.957074+05:30,FINNIFTY,FINNIFTY,NSE_INDEX,e172b0fef65b,"{""contract_quality_min"": 0.0, ""direction_min"": 0.0, ""excellent_score_min"": 44.75096629923303, ""execution_quality_min"": 90.96280848105658, ""expected_required_ratio_min"": 1.520295375770255, ""final_confidence_min"": 77.37740698540044, ""iv_crush_max"": 29.5, ""market_hostility_max"": 22.73087467008812, ""min_5depth_lots_each_side"": 13.0, ""min_top_book_lots"": 1.0, ""premium_elasticity_min"": 0.0, ""regime_confidence_min"": 60.0, ""spread_pct_max"": 0.9037191518943423, ""trade_quality_min"": 21.13009198422611}",44.75096629923303,CE,DataHealth invalid; Contract invalid: Quote stale or spread hard rejected.; SideDirection hard reject: -3.1 < 65.0; PremiumElasticity hard reject: 0.00 < 1.00; Expected/Required hard reject: 1.52 < 1.60; TradeQuality below configured minimum; ConvexityEdge below excellent gate: 56.3 < 80.0,DataHealth invalid; Contract invalid: Quote stale or spread hard rejected.; SideDirection hard reject: -3.1 < 65.0; PremiumElasticity hard reject: 0.00 < 1.00; Expected/Required hard reject: 1.52 < 1.60; TradeQuality below configured minimum; ConvexityEdge below excellent gate: 56.3 < 80.0,,0.0,UNVALIDATED_COST_MODEL,UNAVAILABLE,paper-strategy-e935c30a69b1,opportunity-score-e935c30a69b1,PAPER_OVERRIDE::FYERS_PAPER_PROXY_RESEARCH,SKIPPED_FORWARD_PROXY,72.55,73.35,0.625,0.0,False,False,0.04344803614876608,OBSERVED,,FYERS_PAPER_PROXY_RESEARCH
202608251119_1_MIDCPNIFTY_CE,5,2026-08-25T11:25:50.957074+05:30,MIDCPNIFTY,MIDCPNIFTY,NSE_INDEX,712afad509f5,"{""contract_quality_min"": 0.0, ""direction_min"": 1.3712303767864633, ""excellent_score_min"": 42.95096703095633, ""execution_quality_min"": 92.49812453113279, ""expected_required_ratio_min"": 1.4566576301956151, ""final_confidence_min"": 75.471838402673, ""iv_crush_max"": 29.5, ""market_hostility_max"": 20.33632633584557, ""min_5depth_lots_each_side"": 33.0, ""min_top_book_lots"": 1.0, ""premium_elasticity_min"": 0.0, ""regime_confidence_min"": 60.0, ""spread_pct_max"": 0.7501875468867216, ""trade_quality_min"": 12.553846153850122}",42.95096703095633,CE,DataHealth invalid; Contract invalid: Quote stale or spread hard rejected.; SideDirection hard reject: 1.4 < 65.0; PremiumElasticity hard reject: 0.00 < 1.00; Expected/Required hard reject: 1.46 < 1.60; TradeQuality below configured minimum; ConvexityEdge below excellent gate: 56.3 < 80.0,DataHealth invalid; Contract invalid: Quote stale or spread hard rejected.; SideDirection hard reject: 1.4 < 65.0; PremiumElasticity hard reject: 0.00 < 1.00; Expected/Required hard reject: 1.46 < 1.60; TradeQuality below configured minimum; ConvexityEdge below excellent gate: 56.3 < 80.0,,0.0,UNVALIDATED_COST_MODEL,UNAVAILABLE,paper-strategy-e935c30a69b1,opportunity-score-e935c30a69b1,PAPER_OVERRIDE::FYERS_PAPER_PROXY_RESEARCH,SKIPPED_FORWARD_PROXY,29.15,29.4,0.0,-4.175000000000004,False,False,-0.6264066016504132,OBSERVED,,FYERS_PAPER_PROXY_RESEARCH
202608251119_2_MIDCPNIFTY_CE,5,2026-08-25T11:25:50.957074+05:30,MIDCPNIFTY,MIDCPNIFTY,NSE_INDEX,712afad509f5,"{""contract_quality_min"": 0.0, ""direction_min"": 1.3712303767864633, ""excellent_score_min"": 41.82677308891759, ""execution_quality_min"": 93.00349825087453, ""expected_required_ratio_min"": 1.4566576301956151, ""final_confidence_min"": 75.471838402673, ""iv_crush_max"": 29.5, ""market_hostility_max"": 20.33632633584557, ""min_5depth_lots_each_side"": 16.0, ""min_top_book_lots"": 1.0, ""premium_elasticity_min"": 0.0, ""regime_confidence_min"": 60.0, ""spread_pct_max"": 0.6996501749125466, ""trade_quality_min"": 12.553846153850122}",41.82677308891759,CE,DataHealth invalid; Contract invalid: Quote stale or spread hard rejected.; SideDirection hard reject: 1.4 < 65.0; PremiumElasticity hard reject: 0.00 < 1.00; Expected/Required hard reject: 1.46 < 1.60; TradeQuality below configured minimum; ConvexityEdge below excellent gate: 50.3 < 80.0,DataHealth invalid; Contract invalid: Quote stale or spread hard rejected.; SideDirection hard reject: 1.4 < 65.0; PremiumElasticity hard reject: 0.00 < 1.00; Expected/Required hard reject: 1.46 < 1.60; TradeQuality below configured minimum; ConvexityEdge below excellent gate: 50.3 < 80.0,,0.0,UNVALIDATED_COST_MODEL,UNAVAILABLE,paper-strategy-e935c30a69b1,opportunity-score-e935c30a69b1,PAPER_OVERRIDE::FYERS_PAPER_PROXY_RESEARCH,SKIPPED_FORWARD_PROXY,45.0,45.4,0.0,-5.025000000000006,False,False,-0.5022488755622193,OBSERVED,,FYERS_PAPER_PROXY_RESEARCH
202608251119_3_FINNIFTY_CE,5,2026-08-25T11:25:50.957074+05:30,FINNIFTY,FINNIFTY,NSE_INDEX,e172b0fef65b,"{""contract_quality_min"": 0.0, ""direction_min"": 0.4903012288170088, ""excellent_score_min"": 40.18213753823739, ""execution_quality_min"": 90.52823315118388, ""expected_required_ratio_min"": 1.4925242427369054, ""final_confidence_min"": 72.78109235413294, ""iv_crush_max"": 29.5, ""market_hostility_max"": 22.096164649405445, ""min_5depth_lots_each_side"": 16.0, ""min_top_book_lots"": 2.0, ""premium_elasticity_min"": 0.0, ""regime_confidence_min"": 60.0, ""spread_pct_max"": 0.9471766848816112, ""trade_quality_min"": 4.025157232701295}",40.18213753823739,CE,DataHealth invalid; Contract invalid: Quote stale or spread hard rejected.; SideDirection hard reject: 0.5 < 65.0; PremiumElasticity hard reject: 0.00 < 1.00; Expected/Required hard reject: 1.49 < 1.60; TradeQuality below configured minimum; ConvexityEdge below excellent gate: 56.3 < 80.0,DataHealth invalid; Contract invalid: Quote stale or spread hard rejected.; SideDirection hard reject: 0.5 < 65.0; PremiumElasticity hard reject: 0.00 < 1.00; Expected/Required hard reject: 1.49 < 1.60; TradeQuality below configured minimum; ConvexityEdge below excellent gate: 56.3 < 80.0,,0.0,UNVALIDATED_COST_MODEL,UNAVAILABLE,paper-strategy-e935c30a69b1,opportunity-score-e935c30a69b1,PAPER_OVERRIDE::FYERS_PAPER_PROXY_RESEARCH,SKIPPED_FORWARD_PROXY,72.55,73.35,3.924999999999997,0.0,False,False,0.28597449908925293,OBSERVED,,FYERS_PAPER_PROXY_RESEARCH
202608251119_4_FINNIFTY_PE,5,2026-08-25T11:25:50.957074+05:30,FINNIFTY,FINNIFTY,NSE_INDEX,e172b0fef65b,"{""contract_quality_min"": 0.0, ""direction_min"": 0.0, ""excellent_score_min"": 39.73122293000812, ""execution_quality_min"": 88.95027624309397, ""expected_required_ratio_min"": 1.4925242427369054, ""final_confidence_min"": 71.3743334772006, ""iv_crush_max"": 29.5, ""market_hostility_max"": 22.096164649405445, ""min_5depth_lots_each_side"": 24.0, ""min_top_book_lots"": 1.0, ""premium_elasticity_min"": 0.0, ""regime_confidence_min"": 60.0, ""spread_pct_max"": 1.1049723756906038, ""trade_quality_min"": 4.025157232701295}",39.73122293000812,PE,DataHealth invalid; Contract invalid: Quote stale or spread hard rejected.; SideDirection hard reject: -0.5 < 65.0; PremiumElasticity hard reject: 0.00 < 1.00; Expected/Required hard reject: 1.49 < 1.60; TradeQuality below configured minimum; ConvexityEdge below excellent gate: 56.3 < 80.0,DataHealth invalid; Contract invalid: Quote stale or spread hard rejected.; SideDirection hard reject: -0.5 < 65.0; PremiumElasticity hard reject: 0.00 < 1.00; Expected/Required hard reject: 1.49 < 1.60; TradeQuality below configured minimum; ConvexityEdge below excellent gate: 56.3 < 80.0,,0.0,UNVALIDATED_COST_MODEL,UNAVAILABLE,paper-strategy-e935c30a69b1,opportunity-score-e935c30a69b1,PAPER_OVERRIDE::FYERS_PAPER_PROXY_RESEARCH,SKIPPED_FORWARD_PROXY,34.45,34.85,0.0,-1.75,False,False,-0.2417127071823204,OBSERVED,,FYERS_PAPER_PROXY_RESEARCH
202608251119_5_FINNIFTY_PE,5,2026-08-25T11:25:50.957074+05:30,FINNIFTY,FINNIFTY,NSE_INDEX,e172b0fef65b,"{""contract_quality_min"": 0.0, ""direction_min"": 0.0, ""excellent_score_min"": 38.36202115504833, ""execution_quality_min"": 88.32360300250215, ""expected_required_ratio_min"": 1.4925242427369054, ""final_confidence_min"": 70.62232558849041, ""iv_crush_max"": 29.5, ""market_hostility_max"": 22.096164649405445, ""min_5depth_lots_each_side"": 10.0, ""min_top_book_lots"": 1.0, ""premium_elasticity_min"": 0.0, ""regime_confidence_min"": 60.0, ""spread_pct_max"": 1.1676396997497844, ""trade_quality_min"": 4.025157232701295}",38.36202115504833,PE,DataHealth invalid; Contract invalid: Quote stale or spread hard rejected.; SideDirection hard reject: -0.5 < 65.0; PremiumElasticity hard reject: 0.00 < 1.00; Expected/Required hard reject: 1.49 < 1.60; TradeQuality below configured minimum; ConvexityEdge below excellent gate: 50.3 < 80.0,DataHealth invalid; Contract invalid: Quote stale or spread hard rejected.; SideDirection hard reject: -0.5 < 65.0; PremiumElasticity hard reject: 0.00 < 1.00; Expected/Required hard reject: 1.49 < 1.60; TradeQuality below configured minimum; ConvexityEdge below excellent gate: 50.3 < 80.0,,0.0,UNVALIDATED_COST_MODEL,UNAVAILABLE,paper-strategy-e935c30a69b1,opportunity-score-e935c30a69b1,PAPER_OVERRIDE::FYERS_PAPER_PROXY_RESEARCH,SKIPPED_FORWARD_PROXY,57.6,58.35,0.0,-2.3500000000000014,False,False,-0.19599666388657222,OBSERVED,,FYERS_PAPER_PROXY_RESEARCH
202608251111_1_FINNIFTY_CE,15,2026-08-25T11:27:04.869500+05:30,FINNIFTY,FINNIFTY,NSE_INDEX,e172b0fef65b,"{""contract_quality_min"": 0.0, ""direction_min"": 0.0, ""excellent_score_min"": 46.844792798248235, ""execution_quality_min"": 93.47589706415364, ""expected_required_ratio_min"": 1.5266019556866337, ""final_confidence_min"": 79.03397399803352, ""iv_crush_max"": 29.5, ""market_hostility_max"": 22.422983671734357, ""min_5depth_lots_each_side"": 9.0, ""min_top_book_lots"": 1.0, ""premium_elasticity_min"": 0.0, ""regime_confidence_min"": 60.0, ""spread_pct_max"": 0.6524102935846363, ""trade_quality_min"": 27.027027027021713}",46.844792798248235,CE,DataHealth invalid; Contract invalid: Quote stale or spread hard rejected.; SideDirection hard reject: -3.8 < 65.0; PremiumElasticity hard reject: 0.00 < 1.00; Expected/Required hard reject: 1.53 < 1.60; TradeQuality below configured minimum; ConvexityEdge below excellent gate: 56.3 < 80.0,DataHealth invalid; Contract invalid: Quote stale or spread hard rejected.; SideDirection hard reject: -3.8 < 65.0; PremiumElasticity hard reject: 0.00 < 1.00; Expected/Required hard reject: 1.53 < 1.60; TradeQuality below configured minimum; ConvexityEdge below excellent gate: 56.3 < 80.0,,0.0,UNVALIDATED_COST_MODEL,UNAVAILABLE,paper-strategy-e935c30a69b1,opportunity-score-e935c30a69b1,PAPER_OVERRIDE::FYERS_PAPER_PROXY_RESEARCH,SKIPPED_FORWARD_PROXY,71.45,72.0,2.4750000000000085,0.0,False,False,0.17941283073577444,OBSERVED,,FYERS_PAPER_PROXY_RESEARCH
202608251111_2_FINNIFTY_PE,15,2026-08-25T11:27:04.869500+05:30,FINNIFTY,FINNIFTY,NSE_INDEX,e172b0fef65b,"{""contract_quality_min"": 0.0, ""direction_min"": 3.827560733819944, ""excellent_score_min"": 46.14094059928421, ""execution_quality_min"": 86.77248677248677, ""expected_required_ratio_min"": 1.5266019556866337, ""final_confidence_min"": 76.30922634516362, ""iv_crush_max"": 29.5, ""market_hostility_max"": 22.422983671734357, ""min_5depth_lots_each_side"": 8.0, ""min_top_book_lots"": 2.0, ""premium_elasticity_min"": 0.0, ""regime_confidence_min"": 60.0, ""spread_pct_max"": 1.3227513227513228, ""trade_quality_min"": 27.027027027021713}",46.14094059928421,PE,DataHealth invalid; Contract invalid: Quote stale or spread hard rejected.; SideDirection hard reject: 3.8 < 65.0; PremiumElasticity hard reject: 0.00 < 1.00; Expected/Required hard reject: 1.53 < 1.60; TradeQuality below configured minimum; ConvexityEdge below excellent gate: 56.3 < 80.0,DataHealth invalid; Contract invalid: Quote stale or spread hard rejected.; SideDirection hard reject: 3.8 < 65.0; PremiumElasticity hard reject: 0.00 < 1.00; Expected/Required hard reject: 1.53 < 1.60; TradeQuality below configured minimum; ConvexityEdge below excellent gate: 56.3 < 80.0,,0.0,UNVALIDATED_COST_MODEL,UNAVAILABLE,paper-strategy-e935c30a69b1,opportunity-score-e935c30a69b1,PAPER_OVERRIDE::FYERS_PAPER_PROXY_RESEARCH,SKIPPED_FORWARD_PROXY,34.65,35.15,0.0,-3.1499999999999986,False,False,-0.4166666666666665,OBSERVED,,FYERS_PAPER_PROXY_RESEARCH
202608251111_3_FINNIFTY_PE,15,2026-08-25T11:27:04.869500+05:30,FINNIFTY,FINNIFTY,NSE_INDEX,e172b0fef65b,"{""contract_quality_min"": 0.0, ""direction_min"": 3.827560733819944, ""excellent_score_min"": 45.98118724251594, ""execution_quality_min"": 91.12545381202102, ""expected_required_ratio_min"": 1.5266019556866337, ""final_confidence_min"": 80.1822422181795, ""iv_crush_max"": 29.5, ""market_hostility_max"": 22.422983671734357, ""min_5depth_lots_each_side"": 9.0, ""min_top_book_lots"": 2.0, ""premium_elasticity_min"": 0.0, ""regime_confidence_min"": 60.0, ""spread_pct_max"": 0.8874546187978979, ""trade_quality_min"": 27.027027027021713}",45.98118724251594,PE,DataHealth invalid; Contract invalid: Quote stale or spread hard rejected.; SideDirection hard reject: 3.8 < 65.0; PremiumElasticity hard reject: 0.00 < 1.00; Expected/Required hard reject: 1.53 < 1.60; TradeQuality below configured minimum; ConvexityEdge below excellent gate: 50.3 < 80.0,DataHealth invalid; Contract invalid: Quote stale or spread hard rejected.; SideDirection hard reject: 3.8 < 65.0; PremiumElasticity hard reject: 0.00 < 1.00; Expected/Required hard reject: 1.53 < 1.60; TradeQuality below configured minimum; ConvexityEdge below excellent gate: 50.3 < 80.0,,0.0,UNVALIDATED_COST_MODEL,UNAVAILABLE,paper-strategy-e935c30a69b1,opportunity-score-e935c30a69b1,PAPER_OVERRIDE::FYERS_PAPER_PROXY_RESEARCH,SKIPPED_FORWARD_PROXY,57.9,58.55,0.0,-4.075000000000003,False,False,-0.328761597418314,OBSERVED,,FYERS_PAPER_PROXY_RESEARCH
202608251111_4_BANKNIFTY_PE,15,2026-08-25T11:27:04.869500+05:30,BANKNIFTY,BANKNIFTY,NSE_INDEX,2e840ccd58d1,"{""contract_quality_min"": 0.0, ""direction_min"": 3.556502100145202, ""excellent_score_min"": 44.475323138431776, ""execution_quality_min"": 96.16858237547896, ""expected_required_ratio_min"": 1.8236641122082633, ""final_confidence_min"": 80.49724343096355, ""iv_crush_max"": 29.5, ""market_hostility_max"": 22.22121589050539, ""min_5depth_lots_each_side"": 52.0, ""min_top_book_lots"": 1.0, ""premium_elasticity_min"": 0.0, ""regime_confidence_min"": 60.0, ""spread_pct_max"": 0.3831417624521036, ""trade_quality_min"": 28.212560386472582}",44.475323138431776,PE,DataHealth invalid; Contract invalid: Quote stale or spread hard rejected.; SideDirection hard reject: 3.6 < 65.0; PremiumElasticity hard reject: 0.00 < 1.00; TradeQuality below configured minimum; ConvexityEdge below excellent gate: 37.3 < 80.0,DataHealth invalid; Contract invalid: Quote stale or spread hard rejected.; SideDirection hard reject: 3.6 < 65.0; PremiumElasticity hard reject: 0.00 < 1.00; TradeQuality below configured minimum; ConvexityEdge below excellent gate: 37.3 < 80.0,,0.0,UNVALIDATED_COST_MODEL,UNAVAILABLE,paper-strategy-e935c30a69b1,opportunity-score-e935c30a69b1,PAPER_OVERRIDE::FYERS_PAPER_PROXY_RESEARCH,SKIPPED_FORWARD_PROXY,78.6,78.75,0.29999999999998295,0.0,False,False,0.01915708812260427,OBSERVED,,FYERS_PAPER_PROXY_RESEARCH
202608251111_5_FINNIFTY_CE,15,2026-08-25T11:27:04.869500+05:30,FINNIFTY,FINNIFTY,NSE_INDEX,e172b0fef65b,"{""contract_quality_min"": 0.0, ""direction_min"": 0.0, ""excellent_score_min"": 44.29840823862519, ""execution_quality_min"": 88.42592592592592, ""expected_required_ratio_min"": 1.5266019556866337, ""final_confidence_min"": 77.14508510914463, ""iv_crush_max"": 29.5, ""market_hostility_max"": 22.422983671734357, ""min_5depth_lots_each_side"": 19.0, ""min_top_book_lots"": 1.0, ""premium_elasticity_min"": 0.0, ""regime_confidence_min"": 60.0, ""spread_pct_max"": 1.1574074074074074, ""trade_quality_min"": 27.027027027021713}",44.29840823862519,CE,DataHealth invalid; Contract invalid: Quote stale or spread hard rejected.; SideDirection hard reject: -3.8 < 65.0; PremiumElasticity hard reject: 0.00 < 1.00; Expected/Required hard reject: 1.53 < 1.60; TradeQuality below configured minimum; ConvexityEdge below excellent gate: 48.3 < 80.0,DataHealth invalid; Contract invalid: Quote stale or spread hard rejected.; SideDirection hard reject: -3.8 < 65.0; PremiumElasticity hard reject: 0.00 < 1.00; Expected/Required hard reject: 1.53 < 1.60; TradeQuality below configured minimum; ConvexityEdge below excellent gate: 48.3 < 80.0,,0.0,UNVALIDATED_COST_MODEL,UNAVAILABLE,paper-strategy-e935c30a69b1,opportunity-score-e935c30a69b1,PAPER_OVERRIDE::FYERS_PAPER_PROXY_RESEARCH,SKIPPED_FORWARD_PROXY,45.15,45.8,1.9499999999999957,0.0,False,False,0.22569444444444395,OBSERVED,,FYERS_PAPER_PROXY_RESEARCH
202608251057_1_BANKNIFTY_CE,30,2026-08-25T11:27:48.018233+05:30,BANKNIFTY,BANKNIFTY,NSE_INDEX,2e840ccd58d1,"{""contract_quality_min"": 0.0, ""direction_min"": 5.454197610309698, ""excellent_score_min"": 41.9165112371688, ""execution_quality_min"": 96.39379733141003, ""expected_required_ratio_min"": 1.9125535878316404, ""final_confidence_min"": 78.23883448736066, ""iv_crush_max"": 29.5, ""market_hostility_max"": 24.349968630681623, ""min_5depth_lots_each_side"": 29.0, ""min_top_book_lots"": 2.0, ""premium_elasticity_min"": 0.0, ""regime_confidence_min"": 60.0, ""spread_pct_max"": 0.3606202668589975, ""trade_quality_min"": 19.735682819380713}",41.9165112371688,CE,DataHealth invalid; Contract invalid: Quote stale or spread hard rejected.; SideDirection hard reject: 5.5 < 65.0; PremiumElasticity hard reject: 0.00 < 1.00; TradeQuality below configured minimum; ConvexityEdge below excellent gate: 37.3 < 80.0,DataHealth invalid; Contract invalid: Quote stale or spread hard rejected.; SideDirection hard reject: 5.5 < 65.0; PremiumElasticity hard reject: 0.00 < 1.00; TradeQuality below configured minimum; ConvexityEdge below excellent gate: 37.3 < 80.0,,0.0,UNVALIDATED_COST_MODEL,UNAVAILABLE,paper-strategy-e935c30a69b1,opportunity-score-e935c30a69b1,PAPER_OVERRIDE::FYERS_PAPER_PROXY_RESEARCH,SKIPPED_FORWARD_PROXY,93.95,94.1,0.0,-44.7,False,True,-1.788,OBSERVED,,FYERS_PAPER_PROXY_RESEARCH
202608251057_2_BANKNIFTY_PE,30,2026-08-25T11:27:48.018233+05:30,BANKNIFTY,BANKNIFTY,NSE_INDEX,2e840ccd58d1,"{""contract_quality_min"": 0.0, ""direction_min"": 0.0, ""excellent_score_min"": 41.038495744080706, ""execution_quality_min"": 97.0853978431944, ""expected_required_ratio_min"": 1.9125535878316404, ""final_confidence_min"": 76.60257520426777, ""iv_crush_max"": 29.5, ""market_hostility_max"": 24.349968630681623, ""min_5depth_lots_each_side"": 18.0, ""min_top_book_lots"": 1.0, ""premium_elasticity_min"": 0.0, ""regime_confidence_min"": 60.0, ""spread_pct_max"": 0.2914602156805596, ""trade_quality_min"": 19.735682819380713}",41.038495744080706,PE,DataHealth invalid; Contract invalid: Quote stale or spread hard rejected.; SideDirection hard reject: -5.5 < 65.0; PremiumElasticity hard reject: 0.00 < 1.00; TradeQuality below configured minimum; ConvexityEdge below excellent gate: 37.3 < 80.0,DataHealth invalid; Contract invalid: Quote stale or spread hard rejected.; SideDirection hard reject: -5.5 < 65.0; PremiumElasticity hard reject: 0.00 < 1.00; TradeQuality below configured minimum; ConvexityEdge below excellent gate: 37.3 < 80.0,,0.0,UNVALIDATED_COST_MODEL,UNAVAILABLE,paper-strategy-e935c30a69b1,opportunity-score-e935c30a69b1,PAPER_OVERRIDE::FYERS_PAPER_PROXY_RESEARCH,SKIPPED_FORWARD_PROXY,120.9,121.15,35.125,0.0,True,False,2.0475080151559313,OBSERVED,,FYERS_PAPER_PROXY_RESEARCH
202608251057_3_BANKNIFTY_CE,30,2026-08-25T11:27:48.018233+05:30,BANKNIFTY,BANKNIFTY,NSE_INDEX,2e840ccd58d1,"{""contract_quality_min"": 0.0, ""direction_min"": 5.454197610309698, ""excellent_score_min"": 40.778737820101206, ""execution_quality_min"": 96.80864121762609, ""expected_required_ratio_min"": 1.9125535878316404, ""final_confidence_min"": 78.23883448736066, ""iv_crush_max"": 29.5, ""market_hostility_max"": 24.349968630681623, ""min_5depth_lots_each_side"": 9.0, ""min_top_book_lots"": 1.0, ""premium_elasticity_min"": 0.0, ""regime_confidence_min"": 60.0, ""spread_pct_max"": 0.3191358782373908, ""trade_quality_min"": 19.735682819380713}",40.778737820101206,CE,DataHealth invalid; Contract invalid: Quote stale or spread hard rejected.; SideDirection hard reject: 5.5 < 65.0; PremiumElasticity hard reject: 0.00 < 1.00; TradeQuality below configured minimum; ConvexityEdge below excellent gate: 31.3 < 80.0,DataHealth invalid; Contract invalid: Quote stale or spread hard rejected.; SideDirection hard reject: 5.5 < 65.0; PremiumElasticity hard reject: 0.00 < 1.00; TradeQuality below configured minimum; ConvexityEdge below excellent gate: 31.3 < 80.0,,0.0,UNVALIDATED_COST_MODEL,UNAVAILABLE,paper-strategy-e935c30a69b1,opportunity-score-e935c30a69b1,PAPER_OVERRIDE::FYERS_PAPER_PROXY_RESEARCH,SKIPPED_FORWARD_PROXY,148.25,148.8,0.0,-55.42500000000001,False,True,-2.2170000000000005,OBSERVED,,FYERS_PAPER_PROXY_RESEARCH
202608251057_4_BANKNIFTY_CE,30,2026-08-25T11:27:48.018233+05:30,BANKNIFTY,BANKNIFTY,NSE_INDEX,2e840ccd58d1,"{""contract_quality_min"": 0.0, ""direction_min"": 5.454197610309698, ""excellent_score_min"": 40.263718142970454, ""execution_quality_min"": 96.0418433700877, ""expected_required_ratio_min"": 1.9125535878316404, ""final_confidence_min"": 78.23883448736066, ""iv_crush_max"": 29.5, ""market_hostility_max"": 24.349968630681623, ""min_5depth_lots_each_side"": 17.0, ""min_top_book_lots"": 1.0, ""premium_elasticity_min"": 0.0, ""regime_confidence_min"": 60.0, ""spread_pct_max"": 0.39581566299122906, ""trade_quality_min"": 19.735682819380713}",40.263718142970454,CE,DataHealth invalid; Contract invalid: Quote stale or spread hard rejected.; SideDirection hard reject: 5.5 < 65.0; PremiumElasticity hard reject: 0.00 < 1.00; TradeQuality below configured minimum; ConvexityEdge below excellent gate: 29.3 < 80.0,DataHealth invalid; Contract invalid: Quote stale or spread hard rejected.; SideDirection hard reject: 5.5 < 65.0; PremiumElasticity hard reject: 0.00 < 1.00; TradeQuality below configured minimum; ConvexityEdge below excellent gate: 29.3 < 80.0,,0.0,UNVALIDATED_COST_MODEL,UNAVAILABLE,paper-strategy-e935c30a69b1,opportunity-score-e935c30a69b1,PAPER_OVERRIDE::FYERS_PAPER_PROXY_RESEARCH,SKIPPED_FORWARD_PROXY,56.7,56.9,0.0,-31.724999999999994,False,True,-1.7938931297709921,OBSERVED,,FYERS_PAPER_PROXY_RESEARCH
202608251057_5_BANKNIFTY_PE,30,2026-08-25T11:27:48.018233+05:30,BANKNIFTY,BANKNIFTY,NSE_INDEX,2e840ccd58d1,"{""contract_quality_min"": 0.0, ""direction_min"": 0.0, ""excellent_score_min"": 39.72360656815363, ""execution_quality_min"": 96.31947000368054, ""expected_required_ratio_min"": 1.9125535878316404, ""final_confidence_min"": 76.60257520426777, ""iv_crush_max"": 29.5, ""market_hostility_max"": 24.349968630681623, ""min_5depth_lots_each_side"": 36.0, ""min_top_book_lots"": 4.0, ""premium_elasticity_min"": 0.0, ""regime_confidence_min"": 60.0, ""spread_pct_max"": 0.36805299963194704, ""trade_quality_min"": 19.735682819380713}",39.72360656815363,PE,DataHealth invalid; Contract invalid: Quote stale or spread hard rejected.; SideDirection hard reject: -5.5 < 65.0; PremiumElasticity hard reject: 0.00 < 1.00; TradeQuality below configured minimum; ConvexityEdge below excellent gate: 31.3 < 80.0,DataHealth invalid; Contract invalid: Quote stale or spread hard rejected.; SideDirection hard reject: -5.5 < 65.0; PremiumElasticity hard reject: 0.00 < 1.00; TradeQuality below configured minimum; ConvexityEdge below excellent gate: 31.3 < 80.0,,0.0,UNVALIDATED_COST_MODEL,UNAVAILABLE,paper-strategy-e935c30a69b1,opportunity-score-e935c30a69b1,PAPER_OVERRIDE::FYERS_PAPER_PROXY_RESEARCH,SKIPPED_FORWARD_PROXY,183.55,184.25,47.70000000000002,0.0,False,False,1.9080000000000006,OBSERVED,,FYERS_PAPER_PROXY_RESEARCH
202608251122_1_MIDCPNIFTY_CE,5,2026-08-25T11:27:48.018233+05:30,MIDCPNIFTY,MIDCPNIFTY,NSE_INDEX,712afad509f5,"{""contract_quality_min"": 0.0, ""direction_min"": 1.936284149699164, ""excellent_score_min"": 44.90413057431427, ""execution_quality_min"": 93.96378269617698, ""expected_required_ratio_min"": 1.4436746712366952, ""final_confidence_min"": 78.59359222875341, ""iv_crush_max"": 29.5, ""market_hostility_max"": 20.314120056098403, ""min_5depth_lots_each_side"": 21.0, ""min_top_book_lots"": 2.0, ""premium_elasticity_min"": 0.0, ""regime_confidence_min"": 60.0, ""spread_pct_max"": 0.6036217303823023, ""trade_quality_min"": 22.67716535432845}",44.90413057431427,CE,DataHealth invalid; Contract invalid: Quote stale or spread hard rejected.; SideDirection hard reject: 1.9 < 65.0; PremiumElasticity hard reject: 0.00 < 1.00; Expected/Required hard reject: 1.44 < 1.60; TradeQuality below configured minimum; ConvexityEdge below excellent gate: 50.3 < 80.0,DataHealth invalid; Contract invalid: Quote stale or spread hard rejected.; SideDirection hard reject: 1.9 < 65.0; PremiumElasticity hard reject: 0.00 < 1.00; Expected/Required hard reject: 1.44 < 1.60; TradeQuality below configured minimum; ConvexityEdge below excellent gate: 50.3 < 80.0,,0.0,UNVALIDATED_COST_MODEL,UNAVAILABLE,paper-strategy-e935c30a69b1,opportunity-score-e935c30a69b1,PAPER_OVERRIDE::FYERS_PAPER_PROXY_RESEARCH,SKIPPED_FORWARD_PROXY,43.9,44.1,0.0,-5.800000000000004,False,False,-0.5835010060362177,OBSERVED,,FYERS_PAPER_PROXY_RESEARCH
202608251122_2_FINNIFTY_CE,5,2026-08-25T11:27:48.018233+05:30,FINNIFTY,FINNIFTY,NSE_INDEX,e172b0fef65b,"{""contract_quality_min"": 0.0, ""direction_min"": 1.516863616340981, ""excellent_score_min"": 43.24232113268405, ""execution_quality_min"": 95.93771157752204, ""expected_required_ratio_min"": 1.4300863702571784, ""final_confidence_min"": 75.31123994969094, ""iv_crush_max"": 29.5, ""market_hostility_max"": 22.64965792292397, ""min_5depth_lots_each_side"": 14.0, ""min_top_book_lots"": 3.0, ""premium_elasticity_min"": 0.0, ""regime_confidence_min"": 60.0, ""spread_pct_max"": 0.40622884224779576, ""trade_quality_min"": 11.945701357465984}",43.24232113268405,CE,DataHealth invalid; Contract invalid: Quote stale or spread hard rejected.; SideDirection hard reject: 1.5 < 65.0; PremiumElasticity hard reject: 0.00 < 1.00; Expected/Required hard reject: 1.43 < 1.60; TradeQuality below configured minimum; ConvexityEdge below excellent gate: 56.3 < 80.0,DataHealth invalid; Contract invalid: Quote stale or spread hard rejected.; SideDirection hard reject: 1.5 < 65.0; PremiumElasticity hard reject: 0.00 < 1.00; Expected/Required hard reject: 1.43 < 1.60; TradeQuality below configured minimum; ConvexityEdge below excellent gate: 56.3 < 80.0,,0.0,UNVALIDATED_COST_MODEL,UNAVAILABLE,paper-strategy-e935c30a69b1,opportunity-score-e935c30a69b1,PAPER_OVERRIDE::FYERS_PAPER_PROXY_RESEARCH,SKIPPED_FORWARD_PROXY,69.95,70.25,0.0,-3.8999999999999915,False,False,-0.26404874746106916,OBSERVED,,FYERS_PAPER_PROXY_RESEARCH
202608251122_3_FINNIFTY_CE,5,2026-08-25T11:27:48.018233+05:30,FINNIFTY,FINNIFTY,NSE_INDEX,e172b0fef65b,"{""contract_quality_min"": 0.0, ""direction_min"": 1.516863616340981, ""excellent_score_min"": 41.61646770868514, ""execution_quality_min"": 93.09868875086266, ""expected_required_ratio_min"": 1.4300863702571784, ""final_confidence_min"": 75.31123994969094, ""iv_crush_max"": 29.5, ""market_hostility_max"": 22.64965792292397, ""min_5depth_lots_each_side"": 8.0, ""min_top_book_lots"": 1.0, ""premium_elasticity_min"": 0.0, ""regime_confidence_min"": 60.0, ""spread_pct_max"": 0.6901311249137336, ""trade_quality_min"": 11.945701357465984}",41.61646770868514,CE,DataHealth invalid; Contract invalid: Quote stale or spread hard rejected.; SideDirection hard reject: 1.5 < 65.0; PremiumElasticity hard reject: 0.00 < 1.00; Expected/Required hard reject: 1.43 < 1.60; TradeQuality below configured minimum; ConvexityEdge below excellent gate: 50.3 < 80.0,DataHealth invalid; Contract invalid: Quote stale or spread hard rejected.; SideDirection hard reject: 1.5 < 65.0; PremiumElasticity hard reject: 0.00 < 1.00; Expected/Required hard reject: 1.43 < 1.60; TradeQuality below configured minimum; ConvexityEdge below excellent gate: 50.3 < 80.0,,0.0,UNVALIDATED_COST_MODEL,UNAVAILABLE,paper-strategy-e935c30a69b1,opportunity-score-e935c30a69b1,PAPER_OVERRIDE::FYERS_PAPER_PROXY_RESEARCH,SKIPPED_FORWARD_PROXY,103.85,104.9,0.0,-4.825000000000003,False,False,-0.22199217851391778,OBSERVED,,FYERS_PAPER_PROXY_RESEARCH
202608251122_4_FINNIFTY_PE,5,2026-08-25T11:27:48.018233+05:30,FINNIFTY,FINNIFTY,NSE_INDEX,e172b0fef65b,"{""contract_quality_min"": 0.0, ""direction_min"": 0.0, ""excellent_score_min"": 41.19719932094343, ""execution_quality_min"": 86.73544583640395, ""expected_required_ratio_min"": 1.4300863702571784, ""final_confidence_min"": 70.9387158684734, ""iv_crush_max"": 29.5, ""market_hostility_max"": 22.64965792292397, ""min_5depth_lots_each_side"": 16.0, ""min_top_book_lots"": 1.0, ""premium_elasticity_min"": 0.0, ""regime_confidence_min"": 60.0, ""spread_pct_max"": 1.3264554163596045, ""trade_quality_min"": 11.945701357465984}",41.19719932094343,PE,DataHealth invalid; Contract invalid: Quote stale or spread hard rejected.; SideDirection hard reject: -1.5 < 65.0; PremiumElasticity hard reject: 0.00 < 1.00; Expected/Required hard reject: 1.43 < 1.60; TradeQuality below configured minimum; ConvexityEdge below excellent gate: 56.3 < 80.0,DataHealth invalid; Contract invalid: Quote stale or spread hard rejected.; SideDirection hard reject: -1.5 < 65.0; PremiumElasticity hard reject: 0.00 < 1.00; Expected/Required hard reject: 1.43 < 1.60; TradeQuality below configured minimum; ConvexityEdge below excellent gate: 56.3 < 80.0,,0.0,UNVALIDATED_COST_MODEL,UNAVAILABLE,paper-strategy-e935c30a69b1,opportunity-score-e935c30a69b1,PAPER_OVERRIDE::FYERS_PAPER_PROXY_RESEARCH,SKIPPED_FORWARD_PROXY,36.95,37.3,3.0250000000000057,0.0,False,False,0.44583640383198314,OBSERVED,,FYERS_PAPER_PROXY_RESEARCH
202608251122_5_FINNIFTY_PE,5,2026-08-25T11:27:48.018233+05:30,FINNIFTY,FINNIFTY,NSE_INDEX,e172b0fef65b,"{""contract_quality_min"": 0.0, ""direction_min"": 0.0, ""excellent_score_min"": 40.758785603077804, ""execution_quality_min"": 89.55613577023496, ""expected_required_ratio_min"": 1.4300863702571784, ""final_confidence_min"": 74.3235437890706, ""iv_crush_max"": 29.5, ""market_hostility_max"": 22.64965792292397, ""min_5depth_lots_each_side"": 7.0, ""min_top_book_lots"": 1.0, ""premium_elasticity_min"": 0.0, ""regime_confidence_min"": 60.0, ""spread_pct_max"": 1.0443864229765039, ""trade_quality_min"": 11.945701357465984}",40.758785603077804,PE,DataHealth invalid; Contract invalid: Quote stale or spread hard rejected.; SideDirection hard reject: -1.5 < 65.0; PremiumElasticity hard reject: 0.00 < 1.00; Expected/Required hard reject: 1.43 < 1.60; TradeQuality below configured minimum; ConvexityEdge below excellent gate: 50.3 < 80.0,DataHealth invalid; Contract invalid: Quote stale or spread hard rejected.; SideDirection hard reject: -1.5 < 65.0; PremiumElasticity hard reject: 0.00 < 1.00; Expected/Required hard reject: 1.43 < 1.60; TradeQuality below configured minimum; ConvexityEdge below excellent gate: 50.3 < 80.0,,0.0,UNVALIDATED_COST_MODEL,UNAVAILABLE,paper-strategy-e935c30a69b1,opportunity-score-e935c30a69b1,PAPER_OVERRIDE::FYERS_PAPER_PROXY_RESEARCH,SKIPPED_FORWARD_PROXY,60.7,61.2,3.25,0.0,False,False,0.28285465622280237,OBSERVED,,FYERS_PAPER_PROXY_RESEARCH
202608251112_1_FINNIFTY_PE,15,2026-08-25T11:28:25.463945+05:30,FINNIFTY,FINNIFTY,NSE_INDEX,e172b0fef65b,"{""contract_quality_min"": 0.0, ""direction_min"": 4.2264197171676585, ""excellent_score_min"": 50.772714271821165, ""execution_quality_min"": 90.81967213114768, ""expected_required_ratio_min"": 1.5168795170698177, ""final_confidence_min"": 83.87864380863964, ""iv_crush_max"": 29.5, ""market_hostility_max"": 21.71319171537538, ""min_5depth_lots_each_side"": 19.0, ""min_top_book_lots"": 2.0, ""premium_elasticity_min"": 0.0, ""regime_confidence_min"": 60.0, ""spread_pct_max"": 0.9180327868852309, ""trade_quality_min"": 39.14893617021497}",50.772714271821165,PE,DataHealth invalid; Contract invalid: Quote stale or spread hard rejected.; SideDirection hard reject: 4.2 < 65.0; PremiumElasticity hard reject: 0.00 < 1.00; Expected/Required hard reject: 1.52 < 1.60; TradeQuality below configured minimum; ConvexityEdge below excellent gate: 56.3 < 80.0,DataHealth invalid; Contract invalid: Quote stale or spread hard rejected.; SideDirection hard reject: 4.2 < 65.0; PremiumElasticity hard reject: 0.00 < 1.00; Expected/Required hard reject: 1.52 < 1.60; TradeQuality below configured minimum; ConvexityEdge below excellent gate: 56.3 < 80.0,,0.0,UNVALIDATED_COST_MODEL,UNAVAILABLE,paper-strategy-e935c30a69b1,opportunity-score-e935c30a69b1,PAPER_OVERRIDE::FYERS_PAPER_PROXY_RESEARCH,SKIPPED_FORWARD_PROXY,36.3,36.75,0.0,-1.8250000000000028,False,False,-0.23934426229508235,OBSERVED,,FYERS_PAPER_PROXY_RESEARCH
202608251112_2_FINNIFTY_CE,15,2026-08-25T11:28:25.463945+05:30,FINNIFTY,FINNIFTY,NSE_INDEX,e172b0fef65b,"{""contract_quality_min"": 0.0, ""direction_min"": 0.0, ""excellent_score_min"": 50.190315567424975, ""execution_quality_min"": 92.00871776244101, ""expected_required_ratio_min"": 1.5168795170698177, ""final_confidence_min"": 82.61071789348934, ""iv_crush_max"": 29.5, ""market_hostility_max"": 21.71319171537538, ""min_5depth_lots_each_side"": 12.0, ""min_top_book_lots"": 1.0, ""premium_elasticity_min"": 0.0, ""regime_confidence_min"": 60.0, ""spread_pct_max"": 0.7991282237558986, ""trade_quality_min"": 39.14893617021497}",50.190315567424975,CE,DataHealth invalid; Contract invalid: Quote stale or spread hard rejected.; SideDirection hard reject: -4.2 < 65.0; PremiumElasticity hard reject: 0.00 < 1.00; Expected/Required hard reject: 1.52 < 1.60; TradeQuality below configured minimum; ConvexityEdge below excellent gate: 56.3 < 80.0,DataHealth invalid; Contract invalid: Quote stale or spread hard rejected.; SideDirection hard reject: -4.2 < 65.0; PremiumElasticity hard reject: 0.00 < 1.00; Expected/Required hard reject: 1.52 < 1.60; TradeQuality below configured minimum; ConvexityEdge below excellent gate: 56.3 < 80.0,,0.0,UNVALIDATED_COST_MODEL,UNAVAILABLE,paper-strategy-e935c30a69b1,opportunity-score-e935c30a69b1,PAPER_OVERRIDE::FYERS_PAPER_PROXY_RESEARCH,SKIPPED_FORWARD_PROXY,70.5,70.95,1.6750000000000114,0.0,False,False,0.12168543407192238,OBSERVED,,FYERS_PAPER_PROXY_RESEARCH
202608251112_3_FINNIFTY_PE,15,2026-08-25T11:28:25.463945+05:30,FINNIFTY,FINNIFTY,NSE_INDEX,e172b0fef65b,"{""contract_quality_min"": 0.0, ""direction_min"": 4.2264197171676585, ""excellent_score_min"": 49.32708552693792, ""execution_quality_min"": 89.545637314033, ""expected_required_ratio_min"": 1.5168795170698177, ""final_confidence_min"": 83.33340858547923, ""iv_crush_max"": 29.5, ""market_hostility_max"": 21.71319171537538, ""min_5depth_lots_each_side"": 7.0, ""min_top_book_lots"": 2.0, ""premium_elasticity_min"": 0.0, ""regime_confidence_min"": 60.0, ""spread_pct_max"": 1.0454362685967005, ""trade_quality_min"": 39.14893617021497}",49.32708552693792,PE,DataHealth invalid; Contract invalid: Quote stale or spread hard rejected.; SideDirection hard reject: 4.2 < 65.0; PremiumElasticity hard reject: 0.00 < 1.00; Expected/Required hard reject: 1.52 < 1.60; TradeQuality below configured minimum; ConvexityEdge below excellent gate: 50.3 < 80.0,DataHealth invalid; Contract invalid: Quote stale or spread hard rejected.; SideDirection hard reject: 4.2 < 65.0; PremiumElasticity hard reject: 0.00 < 1.00; Expected/Required hard reject: 1.52 < 1.60; TradeQuality below configured minimum; ConvexityEdge below excellent gate: 50.3 < 80.0,,0.0,UNVALIDATED_COST_MODEL,UNAVAILABLE,paper-strategy-e935c30a69b1,opportunity-score-e935c30a69b1,PAPER_OVERRIDE::FYERS_PAPER_PROXY_RESEARCH,SKIPPED_FORWARD_PROXY,60.35,61.0,0.0,-1.8249999999999957,False,False,-0.14676316847607523,OBSERVED,,FYERS_PAPER_PROXY_RESEARCH
202608251112_4_FINNIFTY_PE,15,2026-08-25T11:28:25.463945+05:30,FINNIFTY,FINNIFTY,NSE_INDEX,e172b0fef65b,"{""contract_quality_min"": 0.0, ""direction_min"": 4.2264197171676585, ""excellent_score_min"": 47.999763452149, ""execution_quality_min"": 86.11111111111109, ""expected_required_ratio_min"": 1.5168795170698177, ""final_confidence_min"": 79.21197714197294, ""iv_crush_max"": 29.5, ""market_hostility_max"": 21.71319171537538, ""min_5depth_lots_each_side"": 29.0, ""min_top_book_lots"": 5.0, ""premium_elasticity_min"": 0.0, ""regime_confidence_min"": 60.0, ""spread_pct_max"": 1.3888888888888922, ""trade_quality_min"": 39.14893617021497}",47.999763452149,PE,DataHealth invalid; Contract invalid: Quote stale or spread hard rejected.; SideDirection hard reject: 4.2 < 65.0; PremiumElasticity hard reject: 0.00 < 1.00; Expected/Required hard reject: 1.52 < 1.60; TradeQuality below configured minimum; ConvexityEdge below excellent gate: 48.3 < 80.0,DataHealth invalid; Contract invalid: Quote stale or spread hard rejected.; SideDirection hard reject: 4.2 < 65.0; PremiumElasticity hard reject: 0.00 < 1.00; Expected/Required hard reject: 1.52 < 1.60; TradeQuality below configured minimum; ConvexityEdge below excellent gate: 48.3 < 80.0,,0.0,UNVALIDATED_COST_MODEL,UNAVAILABLE,paper-strategy-e935c30a69b1,opportunity-score-e935c30a69b1,PAPER_OVERRIDE::FYERS_PAPER_PROXY_RESEARCH,SKIPPED_FORWARD_PROXY,20.8,21.05,0.0,-0.8000000000000007,False,False,-0.18518518518518534,OBSERVED,,FYERS_PAPER_PROXY_RESEARCH
202608251112_5_MIDCPNIFTY_CE,15,2026-08-25T11:28:25.463945+05:30,MIDCPNIFTY,MIDCPNIFTY,NSE_INDEX,712afad509f5,"{""contract_quality_min"": 0.0, ""direction_min"": 3.0932687781588326, ""excellent_score_min"": 47.85521489894157, ""execution_quality_min"": 92.28650137741059, ""expected_required_ratio_min"": 1.5375992613029876, ""final_confidence_min"": 82.00035395308745, ""iv_crush_max"": 29.5, ""market_hostility_max"": 20.33768953335578, ""min_5depth_lots_each_side"": 31.0, ""min_top_book_lots"": 6.0, ""premium_elasticity_min"": 0.0, ""regime_confidence_min"": 60.0, ""spread_pct_max"": 0.7713498622589406, ""trade_quality_min"": 33.45454545454545}",47.85521489894157,CE,DataHealth invalid; Contract invalid: Quote stale or spread hard rejected.; SideDirection hard reject: 3.1 < 65.0; PremiumElasticity hard reject: 0.00 < 1.00; Expected/Required hard reject: 1.54 < 1.60; TradeQuality below configured minimum; ConvexityEdge below excellent gate: 50.3 < 80.0,DataHealth invalid; Contract invalid: Quote stale or spread hard rejected.; SideDirection hard reject: 3.1 < 65.0; PremiumElasticity hard reject: 0.00 < 1.00; Expected/Required hard reject: 1.54 < 1.60; TradeQuality below configured minimum; ConvexityEdge below excellent gate: 50.3 < 80.0,,0.0,UNVALIDATED_COST_MODEL,UNAVAILABLE,paper-strategy-e935c30a69b1,opportunity-score-e935c30a69b1,PAPER_OVERRIDE::FYERS_PAPER_PROXY_RESEARCH,SKIPPED_FORWARD_PROXY,45.45,45.75,0.07500000000000284,0.0,False,False,0.008264462809917668,OBSERVED,,FYERS_PAPER_PROXY_RESEARCH
202608251123_1_BANKNIFTY_CE,5,2026-08-25T11:29:07.113193+05:30,BANKNIFTY,BANKNIFTY,NSE_INDEX,2e840ccd58d1,"{""contract_quality_min"": 0.0, ""direction_min"": 0.0, ""excellent_score_min"": 49.045134688562555, ""execution_quality_min"": 97.06983558521884, ""expected_required_ratio_min"": 1.682131722915953, ""final_confidence_min"": 84.91807718361481, ""iv_crush_max"": 29.5, ""market_hostility_max"": 23.31427832812652, ""min_5depth_lots_each_side"": 23.0, ""min_top_book_lots"": 2.0, ""premium_elasticity_min"": 0.0, ""regime_confidence_min"": 60.0, ""spread_pct_max"": 0.2930164414781163, ""trade_quality_min"": 47.409684857799505}",49.045134688562555,CE,DataHealth invalid; Contract invalid: Quote stale or spread hard rejected.; SideDirection hard reject: -5.4 < 65.0; PremiumElasticity hard reject: 0.00 < 1.00; TradeQuality below configured minimum; ConvexityEdge below excellent gate: 37.3 < 80.0,DataHealth invalid; Contract invalid: Quote stale or spread hard rejected.; SideDirection hard reject: -5.4 < 65.0; PremiumElasticity hard reject: 0.00 < 1.00; TradeQuality below configured minimum; ConvexityEdge below excellent gate: 37.3 < 80.0,,0.0,UNVALIDATED_COST_MODEL,UNAVAILABLE,paper-strategy-e935c30a69b1,opportunity-score-e935c30a69b1,PAPER_OVERRIDE::FYERS_PAPER_PROXY_RESEARCH,SKIPPED_FORWARD_PROXY,154.4,154.85,0.825000000000017,0.0,False,False,0.03300000000000068,OBSERVED,,FYERS_PAPER_PROXY_RESEARCH
202608251123_2_BANKNIFTY_PE,5,2026-08-25T11:29:07.113193+05:30,BANKNIFTY,BANKNIFTY,NSE_INDEX,2e840ccd58d1,"{""contract_quality_min"": 0.0, ""direction_min"": 5.365521824833547, ""excellent_score_min"": 48.80009942979663, ""execution_quality_min"": 96.99764100364577, ""expected_required_ratio_min"": 1.682131722915953, ""final_confidence_min"": 86.52773373106488, ""iv_crush_max"": 29.5, ""market_hostility_max"": 23.31427832812652, ""min_5depth_lots_each_side"": 32.0, ""min_top_book_lots"": 4.0, ""premium_elasticity_min"": 0.0, ""regime_confidence_min"": 60.0, ""spread_pct_max"": 0.30023589963542296, ""trade_quality_min"": 47.409684857799505}",48.80009942979663,PE,DataHealth invalid; Contract invalid: Quote stale or spread hard rejected.; SideDirection hard reject: 5.4 < 65.0; PremiumElasticity hard reject: 0.00 < 1.00; TradeQuality below configured minimum; ConvexityEdge below excellent gate: 31.3 < 80.0,DataHealth invalid; Contract invalid: Quote stale or spread hard rejected.; SideDirection hard reject: 5.4 < 65.0; PremiumElasticity hard reject: 0.00 < 1.00; TradeQuality below configured minimum; ConvexityEdge below excellent gate: 31.3 < 80.0,,0.0,UNVALIDATED_COST_MODEL,UNAVAILABLE,paper-strategy-e935c30a69b1,opportunity-score-e935c30a69b1,PAPER_OVERRIDE::FYERS_PAPER_PROXY_RESEARCH,SKIPPED_FORWARD_PROXY,114.75,115.0,0.0,-1.8250000000000028,False,False,-0.07827578811923666,OBSERVED,,FYERS_PAPER_PROXY_RESEARCH
202608251123_3_BANKNIFTY_CE,5,2026-08-25T11:29:07.113193+05:30,BANKNIFTY,BANKNIFTY,NSE_INDEX,2e840ccd58d1,"{""contract_quality_min"": 0.0, ""direction_min"": 0.0, ""excellent_score_min"": 47.782034532283134, ""execution_quality_min"": 96.64916787668938, ""expected_required_ratio_min"": 1.682131722915953, ""final_confidence_min"": 84.91807718361481, ""iv_crush_max"": 29.5, ""market_hostility_max"": 23.31427832812652, ""min_5depth_lots_each_side"": 25.0, ""min_top_book_lots"": 2.0, ""premium_elasticity_min"": 0.0, ""regime_confidence_min"": 60.0, ""spread_pct_max"": 0.33508321233106225, ""trade_quality_min"": 47.409684857799505}",47.782034532283134,CE,DataHealth invalid; Contract invalid: Quote stale or spread hard rejected.; SideDirection hard reject: -5.4 < 65.0; PremiumElasticity hard reject: 0.00 < 1.00; TradeQuality below configured minimum; ConvexityEdge below excellent gate: 31.3 < 80.0,DataHealth invalid; Contract invalid: Quote stale or spread hard rejected.; SideDirection hard reject: -5.4 < 65.0; PremiumElasticity hard reject: 0.00 < 1.00; TradeQuality below configured minimum; ConvexityEdge below excellent gate: 31.3 < 80.0,,0.0,UNVALIDATED_COST_MODEL,UNAVAILABLE,paper-strategy-e935c30a69b1,opportunity-score-e935c30a69b1,PAPER_OVERRIDE::FYERS_PAPER_PROXY_RESEARCH,SKIPPED_FORWARD_PROXY,225.3,226.1,1.4750000000000227,0.0,False,False,0.05900000000000091,OBSERVED,,FYERS_PAPER_PROXY_RESEARCH
202608251123_4_BANKNIFTY_CE,5,2026-08-25T11:29:07.113193+05:30,BANKNIFTY,BANKNIFTY,NSE_INDEX,2e840ccd58d1,"{""contract_quality_min"": 0.0, ""direction_min"": 0.0, ""excellent_score_min"": 47.42826989844707, ""execution_quality_min"": 96.95740365111564, ""expected_required_ratio_min"": 1.682131722915953, ""final_confidence_min"": 84.91807718361481, ""iv_crush_max"": 29.5, ""market_hostility_max"": 23.31427832812652, ""min_5depth_lots_each_side"": 58.0, ""min_top_book_lots"": 1.0, ""premium_elasticity_min"": 0.0, ""regime_confidence_min"": 60.0, ""spread_pct_max"": 0.30425963488843527, ""trade_quality_min"": 47.409684857799505}",47.42826989844707,CE,DataHealth invalid; Contract invalid: Quote stale or spread hard rejected.; SideDirection hard reject: -5.4 < 65.0; PremiumElasticity hard reject: 0.00 < 1.00; TradeQuality below configured minimum; ConvexityEdge below excellent gate: 29.3 < 80.0,DataHealth invalid; Contract invalid: Quote stale or spread hard rejected.; SideDirection hard reject: -5.4 < 65.0; PremiumElasticity hard reject: 0.00 < 1.00; TradeQuality below configured minimum; ConvexityEdge below excellent gate: 29.3 < 80.0,,0.0,UNVALIDATED_COST_MODEL,UNAVAILABLE,paper-strategy-e935c30a69b1,opportunity-score-e935c30a69b1,PAPER_OVERRIDE::FYERS_PAPER_PROXY_RESEARCH,SKIPPED_FORWARD_PROXY,97.2,97.6,0.0,-1.3999999999999915,False,False,-0.0709939148073018,OBSERVED,,FYERS_PAPER_PROXY_RESEARCH
202608251123_5_MIDCPNIFTY_CE,5,2026-08-25T11:29:07.113193+05:30,MIDCPNIFTY,MIDCPNIFTY,NSE_INDEX,712afad509f5,"{""contract_quality_min"": 0.0, ""direction_min"": 1.3978870399743883, ""excellent_score_min"": 44.509576806133595, ""execution_quality_min"": 92.6953981008035, ""expected_required_ratio_min"": 1.4195576226265116, ""final_confidence_min"": 77.04301638932907, ""iv_crush_max"": 29.5, ""market_hostility_max"": 20.0886481934404, ""min_5depth_lots_each_side"": 32.0, ""min_top_book_lots"": 6.0, ""premium_elasticity_min"": 0.0, ""regime_confidence_min"": 60.0, ""spread_pct_max"": 0.7304601899196493, ""trade_quality_min"": 17.777777777776397}",44.509576806133595,CE,DataHealth invalid; Contract invalid: Quote stale or spread hard rejected.; SideDirection hard reject: 1.4 < 65.0; PremiumElasticity hard reject: 0.00 < 1.00; Expected/Required hard reject: 1.42 < 1.60; TradeQuality below configured minimum; ConvexityEdge below excellent gate: 56.3 < 80.0,DataHealth invalid; Contract invalid: Quote stale or spread hard rejected.; SideDirection hard reject: 1.4 < 65.0; PremiumElasticity hard reject: 0.00 < 1.00; Expected/Required hard reject: 1.42 < 1.60; TradeQuality below configured minimum; ConvexityEdge below excellent gate: 56.3 < 80.0,,0.0,UNVALIDATED_COST_MODEL,UNAVAILABLE,paper-strategy-e935c30a69b1,opportunity-score-e935c30a69b1,PAPER_OVERRIDE::FYERS_PAPER_PROXY_RESEARCH,SKIPPED_FORWARD_PROXY,26.0,26.2,0.0,-8.225000000000001,False,True,-1.2016070124178233,OBSERVED,,FYERS_PAPER_PROXY_RESEARCH
202608251114_1_FINNIFTY_PE,15,2026-08-25T11:29:43.179547+05:30,FINNIFTY,FINNIFTY,NSE_INDEX,e172b0fef65b,"{""contract_quality_min"": 0.0, ""direction_min"": 3.844217305487899, ""excellent_score_min"": 49.286073651828005, ""execution_quality_min"": 90.73461283917932, ""expected_required_ratio_min"": 1.5247632132270525, ""final_confidence_min"": 82.2010023437247, ""iv_crush_max"": 29.5, ""market_hostility_max"": 21.307303576649886, ""min_5depth_lots_each_side"": 18.0, ""min_top_book_lots"": 2.0, ""premium_elasticity_min"": 0.0, ""regime_confidence_min"": 60.0, ""spread_pct_max"": 0.9265387160820685, ""trade_quality_min"": 33.7478991596717}",49.286073651828005,PE,DataHealth invalid; Contract invalid: Quote stale or spread hard rejected.; SideDirection hard reject: 3.8 < 65.0; PremiumElasticity hard reject: 0.00 < 1.00; Expected/Required hard reject: 1.52 < 1.60; TradeQuality below configured minimum; ConvexityEdge below excellent gate: 56.3 < 80.0,DataHealth invalid; Contract invalid: Quote stale or spread hard rejected.; SideDirection hard reject: 3.8 < 65.0; PremiumElasticity hard reject: 0.00 < 1.00; Expected/Required hard reject: 1.52 < 1.60; TradeQuality below configured minimum; ConvexityEdge below excellent gate: 56.3 < 80.0,,0.0,UNVALIDATED_COST_MODEL,UNAVAILABLE,paper-strategy-e935c30a69b1,opportunity-score-e935c30a69b1,PAPER_OVERRIDE::FYERS_PAPER_PROXY_RESEARCH,SKIPPED_FORWARD_PROXY,37.55,37.95,0.0,-0.22500000000000853,False,False,-0.029781601588353208,OBSERVED,,FYERS_PAPER_PROXY_RESEARCH
202608251114_2_FINNIFTY_CE,15,2026-08-25T11:29:43.179547+05:30,FINNIFTY,FINNIFTY,NSE_INDEX,e172b0fef65b,"{""contract_quality_min"": 0.0, ""direction_min"": 0.0, ""excellent_score_min"": 49.10544530496034, ""execution_quality_min"": 94.14348462664707, ""expected_required_ratio_min"": 1.5247632132270525, ""final_confidence_min"": 81.04773715207833, ""iv_crush_max"": 29.5, ""market_hostility_max"": 21.307303576649886, ""min_5depth_lots_each_side"": 15.0, ""min_top_book_lots"": 1.0, ""premium_elasticity_min"": 0.0, ""regime_confidence_min"": 60.0, ""spread_pct_max"": 0.5856515373352938, ""trade_quality_min"": 33.7478991596717}",49.10544530496034,CE,DataHealth invalid; Contract invalid: Quote stale or spread hard rejected.; SideDirection hard reject: -3.8 < 65.0; PremiumElasticity hard reject: 0.00 < 1.00; Expected/Required hard reject: 1.52 < 1.60; TradeQuality below configured minimum; ConvexityEdge below excellent gate: 56.3 < 80.0,DataHealth invalid; Contract invalid: Quote stale or spread hard rejected.; SideDirection hard reject: -3.8 < 65.0; PremiumElasticity hard reject: 0.00 < 1.00; Expected/Required hard reject: 1.52 < 1.60; TradeQuality below configured minimum; ConvexityEdge below excellent gate: 56.3 < 80.0,,0.0,UNVALIDATED_COST_MODEL,UNAVAILABLE,paper-strategy-e935c30a69b1,opportunity-score-e935c30a69b1,PAPER_OVERRIDE::FYERS_PAPER_PROXY_RESEARCH,SKIPPED_FORWARD_PROXY,68.2,68.8,0.0,-0.09999999999999432,False,False,-0.007320644216690653,OBSERVED,,FYERS_PAPER_PROXY_RESEARCH
202608251114_3_FINNIFTY_PE,15,2026-08-25T11:29:43.179547+05:30,FINNIFTY,FINNIFTY,NSE_INDEX,e172b0fef65b,"{""contract_quality_min"": 0.0, ""direction_min"": 3.844217305487899, ""excellent_score_min"": 48.02192372918212, ""execution_quality_min"": 90.30694668820676, ""expected_required_ratio_min"": 1.5247632132270525, ""final_confidence_min"": 82.2010023437247, ""iv_crush_max"": 29.5, ""market_hostility_max"": 21.307303576649886, ""min_5depth_lots_each_side"": 10.0, ""min_top_book_lots"": 1.0, ""premium_elasticity_min"": 0.0, ""regime_confidence_min"": 60.0, ""spread_pct_max"": 0.9693053311793237, ""trade_quality_min"": 33.7478991596717}",48.02192372918212,PE,DataHealth invalid; Contract invalid: Quote stale or spread hard rejected.; SideDirection hard reject: 3.8 < 65.0; PremiumElasticity hard reject: 0.00 < 1.00; Expected/Required hard reject: 1.52 < 1.60; TradeQuality below configured minimum; ConvexityEdge below excellent gate: 50.3 < 80.0,DataHealth invalid; Contract invalid: Quote stale or spread hard rejected.; SideDirection hard reject: 3.8 < 65.0; PremiumElasticity hard reject: 0.00 < 1.00; Expected/Required hard reject: 1.52 < 1.60; TradeQuality below configured minimum; ConvexityEdge below excellent gate: 50.3 < 80.0,,0.0,UNVALIDATED_COST_MODEL,UNAVAILABLE,paper-strategy-e935c30a69b1,opportunity-score-e935c30a69b1,PAPER_OVERRIDE::FYERS_PAPER_PROXY_RESEARCH,SKIPPED_FORWARD_PROXY,62.7,63.4,0.7999999999999972,0.0,False,False,0.06462035541195452,OBSERVED,,FYERS_PAPER_PROXY_RESEARCH
202608251114_4_FINNIFTY_CE,15,2026-08-25T11:29:43.179547+05:30,FINNIFTY,FINNIFTY,NSE_INDEX,e172b0fef65b,"{""contract_quality_min"": 0.0, ""direction_min"": 0.0, ""excellent_score_min"": 47.49792142962838, ""execution_quality_min"": 94.09332545776728, ""expected_required_ratio_min"": 1.5247632132270525, ""final_confidence_min"": 81.04773715207833, ""iv_crush_max"": 29.5, ""market_hostility_max"": 21.307303576649886, ""min_5depth_lots_each_side"": 7.0, ""min_top_book_lots"": 1.0, ""premium_elasticity_min"": 0.0, ""regime_confidence_min"": 60.0, ""spread_pct_max"": 0.5906674542232723, ""trade_quality_min"": 33.7478991596717}",47.49792142962838,CE,DataHealth invalid; Contract invalid: Quote stale or spread hard rejected.; SideDirection hard reject: -3.8 < 65.0; PremiumElasticity hard reject: 0.00 < 1.00; Expected/Required hard reject: 1.52 < 1.60; TradeQuality below configured minimum; ConvexityEdge below excellent gate: 48.3 < 80.0,DataHealth invalid; Contract invalid: Quote stale or spread hard rejected.; SideDirection hard reject: -3.8 < 65.0; PremiumElasticity hard reject: 0.00 < 1.00; Expected/Required hard reject: 1.52 < 1.60; TradeQuality below configured minimum; ConvexityEdge below excellent gate: 48.3 < 80.0,,0.0,UNVALIDATED_COST_MODEL,UNAVAILABLE,paper-strategy-e935c30a69b1,opportunity-score-e935c30a69b1,PAPER_OVERRIDE::FYERS_PAPER_PROXY_RESEARCH,SKIPPED_FORWARD_PROXY,42.5,43.1,0.17499999999999716,0.0,False,False,0.02067336089781419,OBSERVED,,FYERS_PAPER_PROXY_RESEARCH
202608251114_5_FINNIFTY_PE,15,2026-08-25T11:29:43.179547+05:30,FINNIFTY,FINNIFTY,NSE_INDEX,e172b0fef65b,"{""contract_quality_min"": 0.0, ""direction_min"": 3.844217305487899, ""excellent_score_min"": 45.875416068209574, ""execution_quality_min"": 83.70197904540173, ""expected_required_ratio_min"": 1.5247632132270525, ""final_confidence_min"": 74.64337719820678, ""iv_crush_max"": 29.5, ""market_hostility_max"": 21.307303576649886, ""min_5depth_lots_each_side"": 37.0, ""min_top_book_lots"": 1.0, ""premium_elasticity_min"": 0.0, ""regime_confidence_min"": 60.0, ""spread_pct_max"": 1.629802095459827, ""trade_quality_min"": 33.7478991596717}",45.875416068209574,PE,DataHealth invalid; Contract invalid: Quote stale or spread hard rejected.; SideDirection hard reject: 3.8 < 65.0; PremiumElasticity hard reject: 0.00 < 1.00; Expected/Required hard reject: 1.52 < 1.60; TradeQuality below configured minimum; ConvexityEdge below excellent gate: 48.3 < 80.0,DataHealth invalid; Contract invalid: Quote stale or spread hard rejected.; SideDirection hard reject: 3.8 < 65.0; PremiumElasticity hard reject: 0.00 < 1.00; Expected/Required hard reject: 1.52 < 1.60; TradeQuality below configured minimum; ConvexityEdge below excellent gate: 48.3 < 80.0,,0.0,UNVALIDATED_COST_MODEL,UNAVAILABLE,paper-strategy-e935c30a69b1,opportunity-score-e935c30a69b1,PAPER_OVERRIDE::FYERS_PAPER_PROXY_RESEARCH,SKIPPED_FORWARD_PROXY,21.45,21.6,0.0,-0.02500000000000213,False,False,-0.0058207217694999135,OBSERVED,,FYERS_PAPER_PROXY_RESEARCH
202608251059_1_FINNIFTY_PE,30,2026-08-25T11:30:25.185435+05:30,FINNIFTY,FINNIFTY,NSE_INDEX,e172b0fef65b,"{""contract_quality_min"": 0.0, ""direction_min"": 5.002926023248209, ""excellent_score_min"": 42.55264408109432, ""execution_quality_min"": 89.17944093778176, ""expected_required_ratio_min"": 1.6146036194857252, ""final_confidence_min"": 78.77581587571683, ""iv_crush_max"": 29.5, ""market_hostility_max"": 22.71866302549902, ""min_5depth_lots_each_side"": 9.0, ""min_top_book_lots"": 2.0, ""premium_elasticity_min"": 0.0, ""regime_confidence_min"": 60.0, ""spread_pct_max"": 1.082055906221824, ""trade_quality_min"": 25.033492822971592}",42.55264408109432,PE,DataHealth invalid; Contract invalid: Quote stale or spread hard rejected.; SideDirection hard reject: 5.0 < 65.0; PremiumElasticity hard reject: 0.00 < 1.00; TradeQuality below configured minimum; ConvexityEdge below excellent gate: 37.3 < 80.0,DataHealth invalid; Contract invalid: Quote stale or spread hard rejected.; SideDirection hard reject: 5.0 < 65.0; PremiumElasticity hard reject: 0.00 < 1.00; TradeQuality below configured minimum; ConvexityEdge below excellent gate: 37.3 < 80.0,,0.0,UNVALIDATED_COST_MODEL,UNAVAILABLE,paper-strategy-e935c30a69b1,opportunity-score-e935c30a69b1,PAPER_OVERRIDE::FYERS_PAPER_PROXY_RESEARCH,SKIPPED_FORWARD_PROXY,62.15,62.8,6.699999999999996,0.0,False,False,0.6041478809738499,OBSERVED,,FYERS_PAPER_PROXY_RESEARCH
202608251059_2_FINNIFTY_PE,30,2026-08-25T11:30:25.185435+05:30,FINNIFTY,FINNIFTY,NSE_INDEX,e172b0fef65b,"{""contract_quality_min"": 0.0, ""direction_min"": 5.002926023248209, ""excellent_score_min"": 41.926798734865905, ""execution_quality_min"": 92.35069137981769, ""expected_required_ratio_min"": 1.6146036194857252, ""final_confidence_min"": 79.76048675037872, ""iv_crush_max"": 29.5, ""market_hostility_max"": 22.71866302549902, ""min_5depth_lots_each_side"": 7.0, ""min_top_book_lots"": 1.0, ""premium_elasticity_min"": 0.0, ""regime_confidence_min"": 60.0, ""spread_pct_max"": 0.7649308620182307, ""trade_quality_min"": 25.033492822971592}",41.926798734865905,PE,DataHealth invalid; Contract invalid: Quote stale or spread hard rejected.; SideDirection hard reject: 5.0 < 65.0; PremiumElasticity hard reject: 0.00 < 1.00; TradeQuality below configured minimum; ConvexityEdge below excellent gate: 31.3 < 80.0,DataHealth invalid; Contract invalid: Quote stale or spread hard rejected.; SideDirection hard reject: 5.0 < 65.0; PremiumElasticity hard reject: 0.00 < 1.00; TradeQuality below configured minimum; ConvexityEdge below excellent gate: 31.3 < 80.0,,0.0,UNVALIDATED_COST_MODEL,UNAVAILABLE,paper-strategy-e935c30a69b1,opportunity-score-e935c30a69b1,PAPER_OVERRIDE::FYERS_PAPER_PROXY_RESEARCH,SKIPPED_FORWARD_PROXY,93.8,94.9,8.825000000000003,0.0,False,False,0.5192703736393058,OBSERVED,,FYERS_PAPER_PROXY_RESEARCH
202608251059_3_FINNIFTY_PE,30,2026-08-25T11:30:25.185435+05:30,FINNIFTY,FINNIFTY,NSE_INDEX,e172b0fef65b,"{""contract_quality_min"": 0.0, ""direction_min"": 5.002926023248209, ""excellent_score_min"": 41.31672896454484, ""execution_quality_min"": 90.95022624434398, ""expected_required_ratio_min"": 1.6146036194857252, ""final_confidence_min"": 79.76048675037872, ""iv_crush_max"": 29.5, ""market_hostility_max"": 22.71866302549902, ""min_5depth_lots_each_side"": 12.0, ""min_top_book_lots"": 1.0, ""premium_elasticity_min"": 0.0, ""regime_confidence_min"": 60.0, ""spread_pct_max"": 0.9049773755656023, ""trade_quality_min"": 25.033492822971592}",41.31672896454484,PE,DataHealth invalid; Contract invalid: Quote stale or spread hard rejected.; SideDirection hard reject: 5.0 < 65.0; PremiumElasticity hard reject: 0.00 < 1.00; TradeQuality below configured minimum; ConvexityEdge below excellent gate: 29.3 < 80.0,DataHealth invalid; Contract invalid: Quote stale or spread hard rejected.; SideDirection hard reject: 5.0 < 65.0; PremiumElasticity hard reject: 0.00 < 1.00; TradeQuality below configured minimum; ConvexityEdge below excellent gate: 29.3 < 80.0,,0.0,UNVALIDATED_COST_MODEL,UNAVAILABLE,paper-strategy-e935c30a69b1,opportunity-score-e935c30a69b1,PAPER_OVERRIDE::FYERS_PAPER_PROXY_RESEARCH,SKIPPED_FORWARD_PROXY,38.45,38.85,5.300000000000004,0.0,False,False,0.7993966817496235,OBSERVED,,FYERS_PAPER_PROXY_RESEARCH
202608251059_4_BANKNIFTY_PE,30,2026-08-25T11:30:25.185435+05:30,BANKNIFTY,BANKNIFTY,NSE_INDEX,2e840ccd58d1,"{""contract_quality_min"": 0.0, ""direction_min"": 3.0374538213182753, ""excellent_score_min"": 39.71431191555119, ""execution_quality_min"": 96.74972914409537, ""expected_required_ratio_min"": 1.9054997369175288, ""final_confidence_min"": 75.82430121594894, ""iv_crush_max"": 29.5, ""market_hostility_max"": 24.116393079260348, ""min_5depth_lots_each_side"": 44.0, ""min_top_book_lots"": 2.0, ""premium_elasticity_min"": 0.0, ""regime_confidence_min"": 60.0, ""spread_pct_max"": 0.3250270855904627, ""trade_quality_min"": 12.895610475837348}",39.71431191555119,PE,DataHealth invalid; Contract invalid: Quote stale or spread hard rejected.; SideDirection hard reject: 3.0 < 65.0; PremiumElasticity hard reject: 0.00 < 1.00; TradeQuality below configured minimum; ConvexityEdge below excellent gate: 37.3 < 80.0,DataHealth invalid; Contract invalid: Quote stale or spread hard rejected.; SideDirection hard reject: 3.0 < 65.0; PremiumElasticity hard reject: 0.00 < 1.00; TradeQuality below configured minimum; ConvexityEdge below excellent gate: 37.3 < 80.0,,0.0,UNVALIDATED_COST_MODEL,UNAVAILABLE,paper-strategy-e935c30a69b1,opportunity-score-e935c30a69b1,PAPER_OVERRIDE::FYERS_PAPER_PROXY_RESEARCH,SKIPPED_FORWARD_PROXY,119.7,120.1,27.39999999999999,0.0,False,False,1.4842903575297934,OBSERVED,,FYERS_PAPER_PROXY_RESEARCH
202608251059_5_FINNIFTY_CE,30,2026-08-25T11:30:25.185435+05:30,FINNIFTY,FINNIFTY,NSE_INDEX,e172b0fef65b,"{""contract_quality_min"": 0.0, ""direction_min"": 0.0, ""excellent_score_min"": 39.403420409824285, ""execution_quality_min"": 86.77685950413228, ""expected_required_ratio_min"": 1.6146036194857252, ""final_confidence_min"": 74.39184034836298, ""iv_crush_max"": 29.5, ""market_hostility_max"": 22.71866302549902, ""min_5depth_lots_each_side"": 16.0, ""min_top_book_lots"": 1.0, ""premium_elasticity_min"": 0.0, ""regime_confidence_min"": 60.0, ""spread_pct_max"": 1.3223140495867722, ""trade_quality_min"": 25.033492822971592}",39.403420409824285,CE,DataHealth invalid; Contract invalid: Quote stale or spread hard rejected.; SideDirection hard reject: -5.0 < 65.0; PremiumElasticity hard reject: 0.00 < 1.00; TradeQuality below configured minimum; ConvexityEdge below excellent gate: 29.3 < 80.0,DataHealth invalid; Contract invalid: Quote stale or spread hard rejected.; SideDirection hard reject: -5.0 < 65.0; PremiumElasticity hard reject: 0.00 < 1.00; TradeQuality below configured minimum; ConvexityEdge below excellent gate: 29.3 < 80.0,,0.0,UNVALIDATED_COST_MODEL,UNAVAILABLE,paper-strategy-e935c30a69b1,opportunity-score-e935c30a69b1,PAPER_OVERRIDE::FYERS_PAPER_PROXY_RESEARCH,SKIPPED_FORWARD_PROXY,24.7,25.0,0.0,-5.550000000000001,False,False,-0.9173553719008265,OBSERVED,,FYERS_PAPER_PROXY_RESEARCH
202608251101_1_BANKNIFTY_PE,30,2026-08-25T11:31:42.498432+05:30,BANKNIFTY,BANKNIFTY,NSE_INDEX,2e840ccd58d1,"{""contract_quality_min"": 0.0, ""direction_min"": 9.252738874961919, ""excellent_score_min"": 50.391410909542515, ""execution_quality_min"": 97.14602822260969, ""expected_required_ratio_min"": 1.9177949852041993, ""final_confidence_min"": 88.3913055936086, ""iv_crush_max"": 29.5, ""market_hostility_max"": 24.384121399030768, ""min_5depth_lots_each_side"": 15.0, ""min_top_book_lots"": 1.0, ""premium_elasticity_min"": 0.0, ""regime_confidence_min"": 60.0, ""spread_pct_max"": 0.2853971777390309, ""trade_quality_min"": 51.67798254121442}",50.391410909542515,PE,DataHealth invalid; Contract invalid: Quote stale or spread hard rejected.; SideDirection hard reject: 9.3 < 65.0; PremiumElasticity hard reject: 0.00 < 1.00; TradeQuality below configured minimum; ConvexityEdge below excellent gate: 31.3 < 80.0,DataHealth invalid; Contract invalid: Quote stale or spread hard rejected.; SideDirection hard reject: 9.3 < 65.0; PremiumElasticity hard reject: 0.00 < 1.00; TradeQuality below configured minimum; ConvexityEdge below excellent gate: 31.3 < 80.0,,0.0,UNVALIDATED_COST_MODEL,UNAVAILABLE,paper-strategy-e935c30a69b1,opportunity-score-e935c30a69b1,PAPER_OVERRIDE::FYERS_PAPER_PROXY_RESEARCH,SKIPPED_FORWARD_PROXY,169.95,170.35,12.274999999999977,0.0,False,False,0.4909999999999991,OBSERVED,,FYERS_PAPER_PROXY_RESEARCH
202608251101_2_BANKNIFTY_CE,30,2026-08-25T11:31:42.498432+05:30,BANKNIFTY,BANKNIFTY,NSE_INDEX,2e840ccd58d1,"{""contract_quality_min"": 0.0, ""direction_min"": 0.0, ""excellent_score_min"": 48.676179858641994, ""execution_quality_min"": 96.81444119989385, ""expected_required_ratio_min"": 1.9177949852041993, ""final_confidence_min"": 85.61548393112004, ""iv_crush_max"": 29.5, ""market_hostility_max"": 24.384121399030768, ""min_5depth_lots_each_side"": 32.0, ""min_top_book_lots"": 2.0, ""premium_elasticity_min"": 0.0, ""regime_confidence_min"": 60.0, ""spread_pct_max"": 0.31855588001061547, ""trade_quality_min"": 51.67798254121442}",48.676179858641994,CE,DataHealth invalid; Contract invalid: Quote stale or spread hard rejected.; SideDirection hard reject: -9.3 < 65.0; PremiumElasticity hard reject: 0.00 < 1.00; TradeQuality below configured minimum; ConvexityEdge below excellent gate: 31.3 < 80.0,DataHealth invalid; Contract invalid: Quote stale or spread hard rejected.; SideDirection hard reject: -9.3 < 65.0; PremiumElasticity hard reject: 0.00 < 1.00; TradeQuality below configured minimum; ConvexityEdge below excellent gate: 31.3 < 80.0,,0.0,UNVALIDATED_COST_MODEL,UNAVAILABLE,paper-strategy-e935c30a69b1,opportunity-score-e935c30a69b1,PAPER_OVERRIDE::FYERS_PAPER_PROXY_RESEARCH,SKIPPED_FORWARD_PROXY,158.9,159.4,0.0,-29.450000000000017,False,True,-1.1780000000000006,OBSERVED,,FYERS_PAPER_PROXY_RESEARCH
202608251101_3_FINNIFTY_PE,30,2026-08-25T11:31:42.498432+05:30,FINNIFTY,FINNIFTY,NSE_INDEX,e172b0fef65b,"{""contract_quality_min"": 0.0, ""direction_min"": 5.643550160111106, ""excellent_score_min"": 44.278301343462054, ""execution_quality_min"": 91.78457325422177, ""expected_required_ratio_min"": 1.6132172758119212, ""final_confidence_min"": 81.1760439896206, ""iv_crush_max"": 29.5, ""market_hostility_max"": 23.121791155946138, ""min_5depth_lots_each_side"": 12.0, ""min_top_book_lots"": 1.0, ""premium_elasticity_min"": 0.0, ""regime_confidence_min"": 60.0, ""spread_pct_max"": 0.8215426745778236, ""trade_quality_min"": 29.43170488534641}",44.278301343462054,PE,DataHealth invalid; Contract invalid: Quote stale or spread hard rejected.; SideDirection hard reject: 5.6 < 65.0; PremiumElasticity hard reject: 0.00 < 1.00; TradeQuality below configured minimum; ConvexityEdge below excellent gate: 37.3 < 80.0,DataHealth invalid; Contract invalid: Quote stale or spread hard rejected.; SideDirection hard reject: 5.6 < 65.0; PremiumElasticity hard reject: 0.00 < 1.00; TradeQuality below configured minimum; ConvexityEdge below excellent gate: 37.3 < 80.0,,0.0,UNVALIDATED_COST_MODEL,UNAVAILABLE,paper-strategy-e935c30a69b1,opportunity-score-e935c30a69b1,PAPER_OVERRIDE::FYERS_PAPER_PROXY_RESEARCH,SKIPPED_FORWARD_PROXY,55.4,56.2,0.625,0.0,False,False,0.057051574623459604,OBSERVED,,FYERS_PAPER_PROXY_RESEARCH
202608251101_4_FINNIFTY_CE,30,2026-08-25T11:31:42.498432+05:30,FINNIFTY,FINNIFTY,NSE_INDEX,e172b0fef65b,"{""contract_quality_min"": 0.0, ""direction_min"": 0.0, ""excellent_score_min"": 42.775857407589896, ""execution_quality_min"": 89.18918918918925, ""expected_required_ratio_min"": 1.6132172758119212, ""final_confidence_min"": 78.51000596861435, ""iv_crush_max"": 29.5, ""market_hostility_max"": 23.121791155946138, ""min_5depth_lots_each_side"": 14.0, ""min_top_book_lots"": 1.0, ""premium_elasticity_min"": 0.0, ""regime_confidence_min"": 60.0, ""spread_pct_max"": 1.0810810810810754, ""trade_quality_min"": 29.43170488534641}",42.775857407589896,CE,DataHealth invalid; Contract invalid: Quote stale or spread hard rejected.; SideDirection hard reject: -5.6 < 65.0; PremiumElasticity hard reject: 0.00 < 1.00; TradeQuality below configured minimum; ConvexityEdge below excellent gate: 37.3 < 80.0,DataHealth invalid; Contract invalid: Quote stale or spread hard rejected.; SideDirection hard reject: -5.6 < 65.0; PremiumElasticity hard reject: 0.00 < 1.00; TradeQuality below configured minimum; ConvexityEdge below excellent gate: 37.3 < 80.0,,0.0,UNVALIDATED_COST_MODEL,UNAVAILABLE,paper-strategy-e935c30a69b1,opportunity-score-e935c30a69b1,PAPER_OVERRIDE::FYERS_PAPER_PROXY_RESEARCH,SKIPPED_FORWARD_PROXY,46.15,46.75,0.0,-4.725000000000001,False,False,-0.4643734643734645,OBSERVED,,FYERS_PAPER_PROXY_RESEARCH
202608251101_5_FINNIFTY_PE,30,2026-08-25T11:31:42.498432+05:30,FINNIFTY,FINNIFTY,NSE_INDEX,e172b0fef65b,"{""contract_quality_min"": 0.0, ""direction_min"": 5.643550160111106, ""excellent_score_min"": 41.81290543166462, ""execution_quality_min"": 87.78625954198456, ""expected_required_ratio_min"": 1.6132172758119212, ""final_confidence_min"": 78.51955544000207, ""iv_crush_max"": 29.5, ""market_hostility_max"": 23.121791155946138, ""min_5depth_lots_each_side"": 16.0, ""min_top_book_lots"": 1.0, ""premium_elasticity_min"": 0.0, ""regime_confidence_min"": 60.0, ""spread_pct_max"": 1.221374045801544, ""trade_quality_min"": 29.43170488534641}",41.81290543166462,PE,DataHealth invalid; Contract invalid: Quote stale or spread hard rejected.; SideDirection hard reject: 5.6 < 65.0; PremiumElasticity hard reject: 0.00 < 1.00; TradeQuality below configured minimum; ConvexityEdge below excellent gate: 29.3 < 80.0,DataHealth invalid; Contract invalid: Quote stale or spread hard rejected.; SideDirection hard reject: 5.6 < 65.0; PremiumElasticity hard reject: 0.00 < 1.00; TradeQuality below configured minimum; ConvexityEdge below excellent gate: 29.3 < 80.0,,0.0,UNVALIDATED_COST_MODEL,UNAVAILABLE,paper-strategy-e935c30a69b1,opportunity-score-e935c30a69b1,PAPER_OVERRIDE::FYERS_PAPER_PROXY_RESEARCH,SKIPPED_FORWARD_PROXY,33.0,33.4,0.25,0.0,False,False,0.038167938931297704,OBSERVED,,FYERS_PAPER_PROXY_RESEARCH
202608251126_1_BANKNIFTY_PE,5,2026-08-25T11:31:42.498432+05:30,BANKNIFTY,BANKNIFTY,NSE_INDEX,2e840ccd58d1,"{""contract_quality_min"": 0.0, ""direction_min"": 5.109614812314501, ""excellent_score_min"": 47.06926136726849, ""execution_quality_min"": 97.1446053436672, ""expected_required_ratio_min"": 1.6705244052150106, ""final_confidence_min"": 84.8313494971699, ""iv_crush_max"": 29.5, ""market_hostility_max"": 23.967050674458786, ""min_5depth_lots_each_side"": 12.0, ""min_top_book_lots"": 1.0, ""premium_elasticity_min"": 0.0, ""regime_confidence_min"": 60.0, ""spread_pct_max"": 0.2855394656332811, ""trade_quality_min"": 41.88302425107575}",47.06926136726849,PE,DataHealth invalid; Contract invalid: Quote stale or spread hard rejected.; SideDirection hard reject: 5.1 < 65.0; PremiumElasticity hard reject: 0.00 < 1.00; TradeQuality below configured minimum; ConvexityEdge below excellent gate: 31.3 < 80.0,DataHealth invalid; Contract invalid: Quote stale or spread hard rejected.; SideDirection hard reject: 5.1 < 65.0; PremiumElasticity hard reject: 0.00 < 1.00; TradeQuality below configured minimum; ConvexityEdge below excellent gate: 31.3 < 80.0,,0.0,UNVALIDATED_COST_MODEL,UNAVAILABLE,paper-strategy-e935c30a69b1,opportunity-score-e935c30a69b1,PAPER_OVERRIDE::FYERS_PAPER_PROXY_RESEARCH,SKIPPED_FORWARD_PROXY,109.3,109.6,0.0,-13.275000000000006,False,False,-0.5415052008974099,OBSERVED,,FYERS_PAPER_PROXY_RESEARCH
202608251126_2_BANKNIFTY_CE,5,2026-08-25T11:31:42.498432+05:30,BANKNIFTY,BANKNIFTY,NSE_INDEX,2e840ccd58d1,"{""contract_quality_min"": 0.0, ""direction_min"": 0.0, ""excellent_score_min"": 46.197085313139745, ""execution_quality_min"": 97.46163609091965, ""expected_required_ratio_min"": 1.6705244052150106, ""final_confidence_min"": 83.29846505347555, ""iv_crush_max"": 29.5, ""market_hostility_max"": 23.967050674458786, ""min_5depth_lots_each_side"": 17.0, ""min_top_book_lots"": 2.0, ""premium_elasticity_min"": 0.0, ""regime_confidence_min"": 60.0, ""spread_pct_max"": 0.2538363909080341, ""trade_quality_min"": 41.88302425107575}",46.197085313139745,CE,DataHealth invalid; Contract invalid: Quote stale or spread hard rejected.; SideDirection hard reject: -5.1 < 65.0; PremiumElasticity hard reject: 0.00 < 1.00; TradeQuality below configured minimum; ConvexityEdge below excellent gate: 31.3 < 80.0,DataHealth invalid; Contract invalid: Quote stale or spread hard rejected.; SideDirection hard reject: -5.1 < 65.0; PremiumElasticity hard reject: 0.00 < 1.00; TradeQuality below configured minimum; ConvexityEdge below excellent gate: 31.3 < 80.0,,0.0,UNVALIDATED_COST_MODEL,UNAVAILABLE,paper-strategy-e935c30a69b1,opportunity-score-e935c30a69b1,PAPER_OVERRIDE::FYERS_PAPER_PROXY_RESEARCH,SKIPPED_FORWARD_PROXY,230.65,231.35,13.974999999999994,0.0,False,False,0.5589999999999997,OBSERVED,,FYERS_PAPER_PROXY_RESEARCH
202608251126_3_MIDCPNIFTY_CE,5,2026-08-25T11:31:42.498432+05:30,MIDCPNIFTY,MIDCPNIFTY,NSE_INDEX,712afad509f5,"{""contract_quality_min"": 0.0, ""direction_min"": 0.0, ""excellent_score_min"": 43.90186181991423, ""execution_quality_min"": 91.15044247787614, ""expected_required_ratio_min"": 1.4797884646577042, ""final_confidence_min"": 77.75411524506538, ""iv_crush_max"": 29.5, ""market_hostility_max"": 20.5038079583358, ""min_5depth_lots_each_side"": 24.0, ""min_top_book_lots"": 6.0, ""premium_elasticity_min"": 0.0, ""regime_confidence_min"": 60.0, ""spread_pct_max"": 0.8849557522123862, ""trade_quality_min"": 22.0433436532409}",43.90186181991423,CE,DataHealth invalid; Contract invalid: Quote stale or spread hard rejected.; SideDirection hard reject: -2.4 < 65.0; PremiumElasticity hard reject: 0.00 < 1.00; Expected/Required hard reject: 1.48 < 1.60; TradeQuality below configured minimum; ConvexityEdge below excellent gate: 50.3 < 80.0,DataHealth invalid; Contract invalid: Quote stale or spread hard rejected.; SideDirection hard reject: -2.4 < 65.0; PremiumElasticity hard reject: 0.00 < 1.00; Expected/Required hard reject: 1.48 < 1.60; TradeQuality below configured minimum; ConvexityEdge below excellent gate: 50.3 < 80.0,,0.0,UNVALIDATED_COST_MODEL,UNAVAILABLE,paper-strategy-e935c30a69b1,opportunity-score-e935c30a69b1,PAPER_OVERRIDE::FYERS_PAPER_PROXY_RESEARCH,SKIPPED_FORWARD_PROXY,45.0,45.25,0.0,-0.20000000000000284,False,False,-0.022123893805310046,OBSERVED,,FYERS_PAPER_PROXY_RESEARCH
202608251126_4_FINNIFTY_PE,5,2026-08-25T11:31:42.498432+05:30,FINNIFTY,FINNIFTY,NSE_INDEX,e172b0fef65b,"{""contract_quality_min"": 0.0, ""direction_min"": 0.0, ""excellent_score_min"": 42.38419264193463, ""execution_quality_min"": 88.4559884559885, ""expected_required_ratio_min"": 1.3968511111509254, ""final_confidence_min"": 73.7317024965777, ""iv_crush_max"": 29.5, ""market_hostility_max"": 22.379362425639464, ""min_5depth_lots_each_side"": 14.0, ""min_top_book_lots"": 1.0, ""premium_elasticity_min"": 0.0, ""regime_confidence_min"": 60.0, ""spread_pct_max"": 1.15440115440115, ""trade_quality_min"": 14.27385892115381}",42.38419264193463,PE,DataHealth invalid; Contract invalid: Quote stale or spread hard rejected.; SideDirection hard reject: -1.3 < 65.0; PremiumElasticity hard reject: 0.00 < 1.00; Expected/Required hard reject: 1.40 < 1.60; TradeQuality below configured minimum; ConvexityEdge below excellent gate: 56.3 < 80.0,DataHealth invalid; Contract invalid: Quote stale or spread hard rejected.; SideDirection hard reject: -1.3 < 65.0; PremiumElasticity hard reject: 0.00 < 1.00; Expected/Required hard reject: 1.40 < 1.60; TradeQuality below configured minimum; ConvexityEdge below excellent gate: 56.3 < 80.0,,0.0,UNVALIDATED_COST_MODEL,UNAVAILABLE,paper-strategy-e935c30a69b1,opportunity-score-e935c30a69b1,PAPER_OVERRIDE::FYERS_PAPER_PROXY_RESEARCH,SKIPPED_FORWARD_PROXY,33.0,33.4,0.0,-1.6500000000000057,False,False,-0.23809523809523886,OBSERVED,,FYERS_PAPER_PROXY_RESEARCH
202608251126_5_FINNIFTY_PE,5,2026-08-25T11:31:42.498432+05:30,FINNIFTY,FINNIFTY,NSE_INDEX,e172b0fef65b,"{""contract_quality_min"": 0.0, ""direction_min"": 0.0, ""excellent_score_min"": 40.80819089465214, ""execution_quality_min"": 87.0633893919793, ""expected_required_ratio_min"": 1.3968511111509254, ""final_confidence_min"": 72.06058361976667, ""iv_crush_max"": 29.5, ""market_hostility_max"": 22.379362425639464, ""min_5depth_lots_each_side"": 13.0, ""min_top_book_lots"": 1.0, ""premium_elasticity_min"": 0.0, ""regime_confidence_min"": 60.0, ""spread_pct_max"": 1.2936610608020698, ""trade_quality_min"": 14.27385892115381}",40.80819089465214,PE,DataHealth invalid; Contract invalid: Quote stale or spread hard rejected.; SideDirection hard reject: -1.3 < 65.0; PremiumElasticity hard reject: 0.00 < 1.00; Expected/Required hard reject: 1.40 < 1.60; TradeQuality below configured minimum; ConvexityEdge below excellent gate: 50.3 < 80.0,DataHealth invalid; Contract invalid: Quote stale or spread hard rejected.; SideDirection hard reject: -1.3 < 65.0; PremiumElasticity hard reject: 0.00 < 1.00; Expected/Required hard reject: 1.40 < 1.60; TradeQuality below configured minimum; ConvexityEdge below excellent gate: 50.3 < 80.0,,0.0,UNVALIDATED_COST_MODEL,UNAVAILABLE,paper-strategy-e935c30a69b1,opportunity-score-e935c30a69b1,PAPER_OVERRIDE::FYERS_PAPER_PROXY_RESEARCH,SKIPPED_FORWARD_PROXY,55.4,56.2,0.0,-2.575000000000003,False,False,-0.22207848210435555,OBSERVED,,FYERS_PAPER_PROXY_RESEARCH
202608251116_1_MIDCPNIFTY_CE,15,2026-08-25T11:32:18.566381+05:30,MIDCPNIFTY,MIDCPNIFTY,NSE_INDEX,712afad509f5,"{""contract_quality_min"": 0.0, ""direction_min"": 2.0704351274865664, ""excellent_score_min"": 45.24940244488061, ""execution_quality_min"": 94.1118743866535, ""expected_required_ratio_min"": 1.4658437899202124, ""final_confidence_min"": 78.9457004042594, ""iv_crush_max"": 29.5, ""market_hostility_max"": 20.34983987445341, ""min_5depth_lots_each_side"": 20.0, ""min_top_book_lots"": 2.0, ""premium_elasticity_min"": 0.0, ""regime_confidence_min"": 60.0, ""spread_pct_max"": 0.5888125613346501, ""trade_quality_min"": 23.78378378378804}",45.24940244488061,CE,DataHealth invalid; Contract invalid: Quote stale or spread hard rejected.; SideDirection hard reject: 2.1 < 65.0; PremiumElasticity hard reject: 0.00 < 1.00; Expected/Required hard reject: 1.47 < 1.60; TradeQuality below configured minimum; ConvexityEdge below excellent gate: 50.3 < 80.0,DataHealth invalid; Contract invalid: Quote stale or spread hard rejected.; SideDirection hard reject: 2.1 < 65.0; PremiumElasticity hard reject: 0.00 < 1.00; Expected/Required hard reject: 1.47 < 1.60; TradeQuality below configured minimum; ConvexityEdge below excellent gate: 50.3 < 80.0,,0.0,UNVALIDATED_COST_MODEL,UNAVAILABLE,paper-strategy-e935c30a69b1,opportunity-score-e935c30a69b1,PAPER_OVERRIDE::FYERS_PAPER_PROXY_RESEARCH,SKIPPED_FORWARD_PROXY,45.25,45.5,0.0,-5.700000000000003,False,False,-0.5593719332679099,OBSERVED,,FYERS_PAPER_PROXY_RESEARCH
202608251116_2_FINNIFTY_CE,15,2026-08-25T11:32:18.566381+05:30,FINNIFTY,FINNIFTY,NSE_INDEX,e172b0fef65b,"{""contract_quality_min"": 0.0, ""direction_min"": 1.669535382854171, ""excellent_score_min"": 43.04891905157071, ""execution_quality_min"": 91.99466310873923, ""expected_required_ratio_min"": 1.465384445987168, ""final_confidence_min"": 75.52532208232066, ""iv_crush_max"": 29.5, ""market_hostility_max"": 21.87194430457651, ""min_5depth_lots_each_side"": 6.0, ""min_top_book_lots"": 1.0, ""premium_elasticity_min"": 0.0, ""regime_confidence_min"": 60.0, ""spread_pct_max"": 0.8005336891260765, ""trade_quality_min"": 12.582972582975056}",43.04891905157071,CE,DataHealth invalid; Contract invalid: Quote stale or spread hard rejected.; SideDirection hard reject: 1.7 < 65.0; PremiumElasticity hard reject: 0.00 < 1.00; Expected/Required hard reject: 1.47 < 1.60; TradeQuality below configured minimum; ConvexityEdge below excellent gate: 56.3 < 80.0,DataHealth invalid; Contract invalid: Quote stale or spread hard rejected.; SideDirection hard reject: 1.7 < 65.0; PremiumElasticity hard reject: 0.00 < 1.00; Expected/Required hard reject: 1.47 < 1.60; TradeQuality below configured minimum; ConvexityEdge below excellent gate: 56.3 < 80.0,,0.0,UNVALIDATED_COST_MODEL,UNAVAILABLE,paper-strategy-e935c30a69b1,opportunity-score-e935c30a69b1,PAPER_OVERRIDE::FYERS_PAPER_PROXY_RESEARCH,SKIPPED_FORWARD_PROXY,73.45,74.0,0.0,-1.5,False,False,-0.10006671114076049,OBSERVED,,FYERS_PAPER_PROXY_RESEARCH
202608251116_3_FINNIFTY_PE,15,2026-08-25T11:32:18.566381+05:30,FINNIFTY,FINNIFTY,NSE_INDEX,e172b0fef65b,"{""contract_quality_min"": 0.0, ""direction_min"": 0.0, ""excellent_score_min"": 42.296373027666874, ""execution_quality_min"": 89.43396226415112, ""expected_required_ratio_min"": 1.465384445987168, ""final_confidence_min"": 74.34521618444572, ""iv_crush_max"": 29.5, ""market_hostility_max"": 21.87194430457651, ""min_5depth_lots_each_side"": 13.0, ""min_top_book_lots"": 1.0, ""premium_elasticity_min"": 0.0, ""regime_confidence_min"": 60.0, ""spread_pct_max"": 1.0566037735848886, ""trade_quality_min"": 12.582972582975056}",42.296373027666874,PE,DataHealth invalid; Contract invalid: Quote stale or spread hard rejected.; SideDirection hard reject: -1.7 < 65.0; PremiumElasticity hard reject: 0.00 < 1.00; Expected/Required hard reject: 1.47 < 1.60; TradeQuality below configured minimum; ConvexityEdge below excellent gate: 56.3 < 80.0,DataHealth invalid; Contract invalid: Quote stale or spread hard rejected.; SideDirection hard reject: -1.7 < 65.0; PremiumElasticity hard reject: 0.00 < 1.00; Expected/Required hard reject: 1.47 < 1.60; TradeQuality below configured minimum; ConvexityEdge below excellent gate: 56.3 < 80.0,,0.0,UNVALIDATED_COST_MODEL,UNAVAILABLE,paper-strategy-e935c30a69b1,opportunity-score-e935c30a69b1,PAPER_OVERRIDE::FYERS_PAPER_PROXY_RESEARCH,SKIPPED_FORWARD_PROXY,33.5,33.95,0.375,0.0,False,False,0.05660377358490566,OBSERVED,,FYERS_PAPER_PROXY_RESEARCH
202608251116_4_FINNIFTY_PE,15,2026-08-25T11:32:18.566381+05:30,FINNIFTY,FINNIFTY,NSE_INDEX,e172b0fef65b,"{""contract_quality_min"": 0.0, ""direction_min"": 0.0, ""excellent_score_min"": 41.274013229756875, ""execution_quality_min"": 90.16540008940538, ""expected_required_ratio_min"": 1.465384445987168, ""final_confidence_min"": 75.02446146746439, ""iv_crush_max"": 29.5, ""market_hostility_max"": 21.87194430457651, ""min_5depth_lots_each_side"": 10.0, ""min_top_book_lots"": 1.0, ""premium_elasticity_min"": 0.0, ""regime_confidence_min"": 60.0, ""spread_pct_max"": 0.9834599910594624, ""trade_quality_min"": 12.582972582975056}",41.274013229756875,PE,DataHealth invalid; Contract invalid: Quote stale or spread hard rejected.; SideDirection hard reject: -1.7 < 65.0; PremiumElasticity hard reject: 0.00 < 1.00; Expected/Required hard reject: 1.47 < 1.60; TradeQuality below configured minimum; ConvexityEdge below excellent gate: 50.3 < 80.0,DataHealth invalid; Contract invalid: Quote stale or spread hard rejected.; SideDirection hard reject: -1.7 < 65.0; PremiumElasticity hard reject: 0.00 < 1.00; Expected/Required hard reject: 1.47 < 1.60; TradeQuality below configured minimum; ConvexityEdge below excellent gate: 50.3 < 80.0,,0.0,UNVALIDATED_COST_MODEL,UNAVAILABLE,paper-strategy-e935c30a69b1,opportunity-score-e935c30a69b1,PAPER_OVERRIDE::FYERS_PAPER_PROXY_RESEARCH,SKIPPED_FORWARD_PROXY,55.6,56.45,0.0,-0.32499999999999574,False,False,-0.029056772463119867,OBSERVED,,FYERS_PAPER_PROXY_RESEARCH
202608251116_5_FINNIFTY_CE,15,2026-08-25T11:32:18.566381+05:30,FINNIFTY,FINNIFTY,NSE_INDEX,e172b0fef65b,"{""contract_quality_min"": 0.0, ""direction_min"": 1.669535382854171, ""excellent_score_min"": 41.23979791424154, ""execution_quality_min"": 90.60052219321143, ""expected_required_ratio_min"": 1.465384445987168, ""final_confidence_min"": 75.52532208232066, ""iv_crush_max"": 29.5, ""market_hostility_max"": 21.87194430457651, ""min_5depth_lots_each_side"": 19.0, ""min_top_book_lots"": 2.0, ""premium_elasticity_min"": 0.0, ""regime_confidence_min"": 60.0, ""spread_pct_max"": 0.9399477806788572, ""trade_quality_min"": 12.582972582975056}",41.23979791424154,CE,DataHealth invalid; Contract invalid: Quote stale or spread hard rejected.; SideDirection hard reject: 1.7 < 65.0; PremiumElasticity hard reject: 0.00 < 1.00; Expected/Required hard reject: 1.47 < 1.60; TradeQuality below configured minimum; ConvexityEdge below excellent gate: 48.3 < 80.0,DataHealth invalid; Contract invalid: Quote stale or spread hard rejected.; SideDirection hard reject: 1.7 < 65.0; PremiumElasticity hard reject: 0.00 < 1.00; Expected/Required hard reject: 1.47 < 1.60; TradeQuality below configured minimum; ConvexityEdge below excellent gate: 48.3 < 80.0,,0.0,UNVALIDATED_COST_MODEL,UNAVAILABLE,paper-strategy-e935c30a69b1,opportunity-score-e935c30a69b1,PAPER_OVERRIDE::FYERS_PAPER_PROXY_RESEARCH,SKIPPED_FORWARD_PROXY,46.05,46.6,0.0,-1.8250000000000028,False,False,-0.19060052219321177,OBSERVED,,FYERS_PAPER_PROXY_RESEARCH
202608251127_1_BANKNIFTY_CE,5,2026-08-25T11:33:00.022236+05:30,BANKNIFTY,BANKNIFTY,NSE_INDEX,2e840ccd58d1,"{""contract_quality_min"": 0.0, ""direction_min"": 0.0, ""excellent_score_min"": 42.238620534010764, ""execution_quality_min"": 97.25463280713791, ""expected_required_ratio_min"": 1.6559356082613852, ""final_confidence_min"": 78.0504507965539, ""iv_crush_max"": 29.5, ""market_hostility_max"": 23.756889214379, ""min_5depth_lots_each_side"": 17.0, ""min_top_book_lots"": 1.0, ""premium_elasticity_min"": 0.0, ""regime_confidence_min"": 60.0, ""spread_pct_max"": 0.2745367192862085, ""trade_quality_min"": 23.26241134751773}",42.238620534010764,CE,DataHealth invalid; Contract invalid: Quote stale or spread hard rejected.; SideDirection hard reject: -2.9 < 65.0; PremiumElasticity hard reject: 0.00 < 1.00; TradeQuality below configured minimum; ConvexityEdge below excellent gate: 37.3 < 80.0,DataHealth invalid; Contract invalid: Quote stale or spread hard rejected.; SideDirection hard reject: -2.9 < 65.0; PremiumElasticity hard reject: 0.00 < 1.00; TradeQuality below configured minimum; ConvexityEdge below excellent gate: 37.3 < 80.0,,0.0,UNVALIDATED_COST_MODEL,UNAVAILABLE,paper-strategy-e935c30a69b1,opportunity-score-e935c30a69b1,PAPER_OVERRIDE::FYERS_PAPER_PROXY_RESEARCH,SKIPPED_FORWARD_PROXY,160.45,160.85,14.75,0.0,False,False,0.59,OBSERVED,,FYERS_PAPER_PROXY_RESEARCH
202608251127_2_BANKNIFTY_PE,5,2026-08-25T11:33:00.022236+05:30,BANKNIFTY,BANKNIFTY,NSE_INDEX,2e840ccd58d1,"{""contract_quality_min"": 0.0, ""direction_min"": 2.8551507180094724, ""excellent_score_min"": 41.547106566938396, ""execution_quality_min"": 97.21835883171076, ""expected_required_ratio_min"": 1.6559356082613852, ""final_confidence_min"": 78.90699601195674, ""iv_crush_max"": 29.5, ""market_hostility_max"": 23.756889214379, ""min_5depth_lots_each_side"": 27.0, ""min_top_book_lots"": 1.0, ""premium_elasticity_min"": 0.0, ""regime_confidence_min"": 60.0, ""spread_pct_max"": 0.27816411682892456, ""trade_quality_min"": 23.26241134751773}",41.547106566938396,PE,DataHealth invalid; Contract invalid: Quote stale or spread hard rejected.; SideDirection hard reject: 2.9 < 65.0; PremiumElasticity hard reject: 0.00 < 1.00; TradeQuality below configured minimum; ConvexityEdge below excellent gate: 31.3 < 80.0,DataHealth invalid; Contract invalid: Quote stale or spread hard rejected.; SideDirection hard reject: 2.9 < 65.0; PremiumElasticity hard reject: 0.00 < 1.00; TradeQuality below configured minimum; ConvexityEdge below excellent gate: 31.3 < 80.0,,0.0,UNVALIDATED_COST_MODEL,UNAVAILABLE,paper-strategy-e935c30a69b1,opportunity-score-e935c30a69b1,PAPER_OVERRIDE::FYERS_PAPER_PROXY_RESEARCH,SKIPPED_FORWARD_PROXY,110.05,110.35,0.0,-15.775000000000006,False,False,-0.6310000000000002,OBSERVED,,FYERS_PAPER_PROXY_RESEARCH
202608251127_3_BANKNIFTY_CE,5,2026-08-25T11:33:00.022236+05:30,BANKNIFTY,BANKNIFTY,NSE_INDEX,2e840ccd58d1,"{""contract_quality_min"": 0.0, ""direction_min"": 0.0, ""excellent_score_min"": 41.064415553283965, ""execution_quality_min"": 97.42659960229261, ""expected_required_ratio_min"": 1.6559356082613852, ""final_confidence_min"": 78.0504507965539, ""iv_crush_max"": 29.5, ""market_hostility_max"": 23.756889214379, ""min_5depth_lots_each_side"": 14.0, ""min_top_book_lots"": 4.0, ""premium_elasticity_min"": 0.0, ""regime_confidence_min"": 60.0, ""spread_pct_max"": 0.2573400397707387, ""trade_quality_min"": 23.26241134751773}",41.064415553283965,CE,DataHealth invalid; Contract invalid: Quote stale or spread hard rejected.; SideDirection hard reject: -2.9 < 65.0; PremiumElasticity hard reject: 0.00 < 1.00; TradeQuality below configured minimum; ConvexityEdge below excellent gate: 31.3 < 80.0,DataHealth invalid; Contract invalid: Quote stale or spread hard rejected.; SideDirection hard reject: -2.9 < 65.0; PremiumElasticity hard reject: 0.00 < 1.00; TradeQuality below configured minimum; ConvexityEdge below excellent gate: 31.3 < 80.0,,0.0,UNVALIDATED_COST_MODEL,UNAVAILABLE,paper-strategy-e935c30a69b1,opportunity-score-e935c30a69b1,PAPER_OVERRIDE::FYERS_PAPER_PROXY_RESEARCH,SKIPPED_FORWARD_PROXY,231.25,231.95,17.525000000000006,0.0,False,False,0.7010000000000002,OBSERVED,,FYERS_PAPER_PROXY_RESEARCH
202608251127_4_BANKNIFTY_CE,5,2026-08-25T11:33:00.022236+05:30,BANKNIFTY,BANKNIFTY,NSE_INDEX,2e840ccd58d1,"{""contract_quality_min"": 0.0, ""direction_min"": 0.0, ""excellent_score_min"": 40.56102920184709, ""execution_quality_min"": 96.73735725938013, ""expected_required_ratio_min"": 1.6559356082613852, ""final_confidence_min"": 78.0504507965539, ""iv_crush_max"": 29.5, ""market_hostility_max"": 23.756889214379, ""min_5depth_lots_each_side"": 90.0, ""min_top_book_lots"": 3.0, ""premium_elasticity_min"": 0.0, ""regime_confidence_min"": 60.0, ""spread_pct_max"": 0.32626427406198716, ""trade_quality_min"": 23.26241134751773}",40.56102920184709,CE,DataHealth invalid; Contract invalid: Quote stale or spread hard rejected.; SideDirection hard reject: -2.9 < 65.0; PremiumElasticity hard reject: 0.00 < 1.00; TradeQuality below configured minimum; ConvexityEdge below excellent gate: 29.3 < 80.0,DataHealth invalid; Contract invalid: Quote stale or spread hard rejected.; SideDirection hard reject: -2.9 < 65.0; PremiumElasticity hard reject: 0.00 < 1.00; TradeQuality below configured minimum; ConvexityEdge below excellent gate: 29.3 < 80.0,,0.0,UNVALIDATED_COST_MODEL,UNAVAILABLE,paper-strategy-e935c30a69b1,opportunity-score-e935c30a69b1,PAPER_OVERRIDE::FYERS_PAPER_PROXY_RESEARCH,SKIPPED_FORWARD_PROXY,102.75,103.1,10.800000000000011,0.0,False,False,0.5872756933115831,OBSERVED,,FYERS_PAPER_PROXY_RESEARCH
202608251127_5_FINNIFTY_CE,5,2026-08-25T11:33:00.022236+05:30,FINNIFTY,FINNIFTY,NSE_INDEX,e172b0fef65b,"{""contract_quality_min"": 0.0, ""direction_min"": 0.5515719801431858, ""excellent_score_min"": 40.286869548009015, ""execution_quality_min"": 92.33182293482054, ""expected_required_ratio_min"": 1.3982991250112884, ""final_confidence_min"": 72.84221101567962, ""iv_crush_max"": 29.5, ""market_hostility_max"": 22.99369389207451, ""min_5depth_lots_each_side"": 7.0, ""min_top_book_lots"": 1.0, ""premium_elasticity_min"": 0.0, ""regime_confidence_min"": 60.0, ""spread_pct_max"": 0.7668177065179466, ""trade_quality_min"": 4.198250728860475}",40.286869548009015,CE,DataHealth invalid; Contract invalid: Quote stale or spread hard rejected.; SideDirection hard reject: 0.6 < 65.0; PremiumElasticity hard reject: 0.00 < 1.00; Expected/Required hard reject: 1.40 < 1.60; TradeQuality below configured minimum; ConvexityEdge below excellent gate: 56.3 < 80.0,DataHealth invalid; Contract invalid: Quote stale or spread hard rejected.; SideDirection hard reject: 0.6 < 65.0; PremiumElasticity hard reject: 0.00 < 1.00; Expected/Required hard reject: 1.40 < 1.60; TradeQuality below configured minimum; ConvexityEdge below excellent gate: 56.3 < 80.0,,0.0,UNVALIDATED_COST_MODEL,UNAVAILABLE,paper-strategy-e935c30a69b1,opportunity-score-e935c30a69b1,PAPER_OVERRIDE::FYERS_PAPER_PROXY_RESEARCH,SKIPPED_FORWARD_PROXY,74.7,75.35,2.9750000000000085,0.0,False,False,0.20738933426280995,OBSERVED,,FYERS_PAPER_PROXY_RESEARCH
202608251118_1_FINNIFTY_CE,15,2026-08-25T11:33:38.881975+05:30,FINNIFTY,FINNIFTY,NSE_INDEX,e172b0fef65b,"{""contract_quality_min"": 0.0, ""direction_min"": 0.0, ""excellent_score_min"": 43.10820018276888, ""execution_quality_min"": 91.23447772096429, ""expected_required_ratio_min"": 1.5046090139994222, ""final_confidence_min"": 75.53126556519757, ""iv_crush_max"": 29.5, ""market_hostility_max"": 22.11376664496312, ""min_5depth_lots_each_side"": 8.0, ""min_top_book_lots"": 2.0, ""premium_elasticity_min"": 0.0, ""regime_confidence_min"": 60.0, ""spread_pct_max"": 0.8765522279035709, ""trade_quality_min"": 14.517374517381056}",43.10820018276888,CE,DataHealth invalid; Contract invalid: Quote stale or spread hard rejected.; SideDirection hard reject: -2.2 < 65.0; PremiumElasticity hard reject: 0.00 < 1.00; Expected/Required hard reject: 1.50 < 1.60; TradeQuality below configured minimum; ConvexityEdge below excellent gate: 56.3 < 80.0,DataHealth invalid; Contract invalid: Quote stale or spread hard rejected.; SideDirection hard reject: -2.2 < 65.0; PremiumElasticity hard reject: 0.00 < 1.00; Expected/Required hard reject: 1.50 < 1.60; TradeQuality below configured minimum; ConvexityEdge below excellent gate: 56.3 < 80.0,,0.0,UNVALIDATED_COST_MODEL,UNAVAILABLE,paper-strategy-e935c30a69b1,opportunity-score-e935c30a69b1,PAPER_OVERRIDE::FYERS_PAPER_PROXY_RESEARCH,SKIPPED_FORWARD_PROXY,74.25,74.95,5.799999999999997,0.0,False,False,0.4236669101533964,OBSERVED,,FYERS_PAPER_PROXY_RESEARCH
202608251118_2_FINNIFTY_PE,15,2026-08-25T11:33:38.881975+05:30,FINNIFTY,FINNIFTY,NSE_INDEX,e172b0fef65b,"{""contract_quality_min"": 0.0, ""direction_min"": 2.1596452667783486, ""excellent_score_min"": 43.05690831149525, ""execution_quality_min"": 89.05608755129963, ""expected_required_ratio_min"": 1.5046090139994222, ""final_confidence_min"": 75.04646420679062, ""iv_crush_max"": 29.5, ""market_hostility_max"": 22.11376664496312, ""min_5depth_lots_each_side"": 28.0, ""min_top_book_lots"": 2.0, ""premium_elasticity_min"": 0.0, ""regime_confidence_min"": 60.0, ""spread_pct_max"": 1.0943912448700372, ""trade_quality_min"": 14.517374517381056}",43.05690831149525,PE,DataHealth invalid; Contract invalid: Quote stale or spread hard rejected.; SideDirection hard reject: 2.2 < 65.0; PremiumElasticity hard reject: 0.00 < 1.00; Expected/Required hard reject: 1.50 < 1.60; TradeQuality below configured minimum; ConvexityEdge below excellent gate: 56.3 < 80.0,DataHealth invalid; Contract invalid: Quote stale or spread hard rejected.; SideDirection hard reject: 2.2 < 65.0; PremiumElasticity hard reject: 0.00 < 1.00; Expected/Required hard reject: 1.50 < 1.60; TradeQuality below configured minimum; ConvexityEdge below excellent gate: 56.3 < 80.0,,0.0,UNVALIDATED_COST_MODEL,UNAVAILABLE,paper-strategy-e935c30a69b1,opportunity-score-e935c30a69b1,PAPER_OVERRIDE::FYERS_PAPER_PROXY_RESEARCH,SKIPPED_FORWARD_PROXY,33.15,33.55,0.0,-3.3999999999999986,False,False,-0.46511627906976727,OBSERVED,,FYERS_PAPER_PROXY_RESEARCH
202608251118_3_FINNIFTY_PE,15,2026-08-25T11:33:38.881975+05:30,FINNIFTY,FINNIFTY,NSE_INDEX,e172b0fef65b,"{""contract_quality_min"": 0.0, ""direction_min"": 2.1596452667783486, ""excellent_score_min"": 41.892845753725396, ""execution_quality_min"": 89.1891891891891, ""expected_required_ratio_min"": 1.5046090139994222, ""final_confidence_min"": 75.20618617225799, ""iv_crush_max"": 29.5, ""market_hostility_max"": 22.11376664496312, ""min_5depth_lots_each_side"": 7.0, ""min_top_book_lots"": 1.0, ""premium_elasticity_min"": 0.0, ""regime_confidence_min"": 60.0, ""spread_pct_max"": 1.0810810810810905, ""trade_quality_min"": 14.517374517381056}",41.892845753725396,PE,DataHealth invalid; Contract invalid: Quote stale or spread hard rejected.; SideDirection hard reject: 2.2 < 65.0; PremiumElasticity hard reject: 0.00 < 1.00; Expected/Required hard reject: 1.50 < 1.60; TradeQuality below configured minimum; ConvexityEdge below excellent gate: 50.3 < 80.0,DataHealth invalid; Contract invalid: Quote stale or spread hard rejected.; SideDirection hard reject: 2.2 < 65.0; PremiumElasticity hard reject: 0.00 < 1.00; Expected/Required hard reject: 1.50 < 1.60; TradeQuality below configured minimum; ConvexityEdge below excellent gate: 50.3 < 80.0,,0.0,UNVALIDATED_COST_MODEL,UNAVAILABLE,paper-strategy-e935c30a69b1,opportunity-score-e935c30a69b1,PAPER_OVERRIDE::FYERS_PAPER_PROXY_RESEARCH,SKIPPED_FORWARD_PROXY,55.25,55.95,0.0,-4.875,False,False,-0.4054054054054054,OBSERVED,,FYERS_PAPER_PROXY_RESEARCH
202608251118_4_FINNIFTY_CE,15,2026-08-25T11:33:38.881975+05:30,FINNIFTY,FINNIFTY,NSE_INDEX,e172b0fef65b,"{""contract_quality_min"": 0.0, ""direction_min"": 0.0, ""excellent_score_min"": 40.88349364090331, ""execution_quality_min"": 88.37209302325581, ""expected_required_ratio_min"": 1.5046090139994222, ""final_confidence_min"": 73.57777719310455, ""iv_crush_max"": 29.5, ""market_hostility_max"": 22.11376664496312, ""min_5depth_lots_each_side"": 15.0, ""min_top_book_lots"": 2.0, ""premium_elasticity_min"": 0.0, ""regime_confidence_min"": 60.0, ""spread_pct_max"": 1.1627906976744187, ""trade_quality_min"": 14.517374517381056}",40.88349364090331,CE,DataHealth invalid; Contract invalid: Quote stale or spread hard rejected.; SideDirection hard reject: -2.2 < 65.0; PremiumElasticity hard reject: 0.00 < 1.00; Expected/Required hard reject: 1.50 < 1.60; TradeQuality below configured minimum; ConvexityEdge below excellent gate: 48.3 < 80.0,DataHealth invalid; Contract invalid: Quote stale or spread hard rejected.; SideDirection hard reject: -2.2 < 65.0; PremiumElasticity hard reject: 0.00 < 1.00; Expected/Required hard reject: 1.50 < 1.60; TradeQuality below configured minimum; ConvexityEdge below excellent gate: 48.3 < 80.0,,0.0,UNVALIDATED_COST_MODEL,UNAVAILABLE,paper-strategy-e935c30a69b1,opportunity-score-e935c30a69b1,PAPER_OVERRIDE::FYERS_PAPER_PROXY_RESEARCH,SKIPPED_FORWARD_PROXY,47.4,47.95,4.399999999999999,0.0,False,False,0.5116279069767441,OBSERVED,,FYERS_PAPER_PROXY_RESEARCH
202608251118_5_BANKNIFTY_CE,15,2026-08-25T11:33:38.881975+05:30,BANKNIFTY,BANKNIFTY,NSE_INDEX,2e840ccd58d1,"{""contract_quality_min"": 0.0, ""direction_min"": 0.0, ""excellent_score_min"": 40.3235185393847, ""execution_quality_min"": 97.63153442733889, ""expected_required_ratio_min"": 1.7611926078375486, ""final_confidence_min"": 75.56564944618799, ""iv_crush_max"": 29.5, ""market_hostility_max"": 22.547073463558633, ""min_5depth_lots_each_side"": 18.0, ""min_top_book_lots"": 1.0, ""premium_elasticity_min"": 0.0, ""regime_confidence_min"": 60.0, ""spread_pct_max"": 0.23684655726611023, ""trade_quality_min"": 15.159967186218887}",40.3235185393847,CE,DataHealth invalid; Contract invalid: Quote stale or spread hard rejected.; SideDirection hard reject: -3.2 < 65.0; PremiumElasticity hard reject: 0.00 < 1.00; TradeQuality below configured minimum; ConvexityEdge below excellent gate: 37.3 < 80.0,DataHealth invalid; Contract invalid: Quote stale or spread hard rejected.; SideDirection hard reject: -3.2 < 65.0; PremiumElasticity hard reject: 0.00 < 1.00; TradeQuality below configured minimum; ConvexityEdge below excellent gate: 37.3 < 80.0,,0.0,UNVALIDATED_COST_MODEL,UNAVAILABLE,paper-strategy-e935c30a69b1,opportunity-score-e935c30a69b1,PAPER_OVERRIDE::FYERS_PAPER_PROXY_RESEARCH,SKIPPED_FORWARD_PROXY,154.3,154.8,6.525000000000034,0.0,False,False,0.26100000000000134,OBSERVED,,FYERS_PAPER_PROXY_RESEARCH
202608251103_1_BANKNIFTY_PE,30,2026-08-25T11:34:21.048246+05:30,BANKNIFTY,BANKNIFTY,NSE_INDEX,2e840ccd58d1,"{""contract_quality_min"": 0.0, ""direction_min"": 13.549346982273805, ""excellent_score_min"": 54.30399792007674, ""execution_quality_min"": 97.45798616014693, ""expected_required_ratio_min"": 1.9107249394421424, ""final_confidence_min"": 90.44594201471554, ""iv_crush_max"": 29.5, ""market_hostility_max"": 24.264318453116758, ""min_5depth_lots_each_side"": 32.0, ""min_top_book_lots"": 2.0, ""premium_elasticity_min"": 0.0, ""regime_confidence_min"": 60.0, ""spread_pct_max"": 0.2542013839853064, ""trade_quality_min"": 63.621533442085074}",54.30399792007674,PE,DataHealth invalid; Contract invalid: Quote stale or spread hard rejected.; SideDirection hard reject: 13.5 < 65.0; PremiumElasticity hard reject: 0.00 < 1.00; TradeQuality below configured minimum; ConvexityEdge below excellent gate: 31.3 < 80.0,DataHealth invalid; Contract invalid: Quote stale or spread hard rejected.; SideDirection hard reject: 13.5 < 65.0; PremiumElasticity hard reject: 0.00 < 1.00; TradeQuality below configured minimum; ConvexityEdge below excellent gate: 31.3 < 80.0,,0.0,UNVALIDATED_COST_MODEL,UNAVAILABLE,paper-strategy-e935c30a69b1,opportunity-score-e935c30a69b1,PAPER_OVERRIDE::FYERS_PAPER_PROXY_RESEARCH,SKIPPED_FORWARD_PROXY,172.95,173.4,0.0,-4.075000000000017,False,False,-0.16300000000000067,OBSERVED,,FYERS_PAPER_PROXY_RESEARCH
202608251103_2_FINNIFTY_PE,30,2026-08-25T11:34:21.048246+05:30,FINNIFTY,FINNIFTY,NSE_INDEX,e172b0fef65b,"{""contract_quality_min"": 0.0, ""direction_min"": 9.513121645983723, ""excellent_score_min"": 53.15502882810999, ""execution_quality_min"": 88.84239888423993, ""expected_required_ratio_min"": 1.5013044142775203, ""final_confidence_min"": 85.70103476377112, ""iv_crush_max"": 29.5, ""market_hostility_max"": 22.960237097154813, ""min_5depth_lots_each_side"": 12.0, ""min_top_book_lots"": 2.0, ""premium_elasticity_min"": 0.0, ""regime_confidence_min"": 60.0, ""spread_pct_max"": 1.1157601115760074, ""trade_quality_min"": 47.21062618595214}",53.15502882810999,PE,DataHealth invalid; Contract invalid: Quote stale or spread hard rejected.; SideDirection hard reject: 9.5 < 65.0; PremiumElasticity hard reject: 0.00 < 1.00; Expected/Required hard reject: 1.50 < 1.60; TradeQuality below configured minimum; ConvexityEdge below excellent gate: 56.3 < 80.0,DataHealth invalid; Contract invalid: Quote stale or spread hard rejected.; SideDirection hard reject: 9.5 < 65.0; PremiumElasticity hard reject: 0.00 < 1.00; Expected/Required hard reject: 1.50 < 1.60; TradeQuality below configured minimum; ConvexityEdge below excellent gate: 56.3 < 80.0,,0.0,UNVALIDATED_COST_MODEL,UNAVAILABLE,paper-strategy-e935c30a69b1,opportunity-score-e935c30a69b1,PAPER_OVERRIDE::FYERS_PAPER_PROXY_RESEARCH,SKIPPED_FORWARD_PROXY,34.3,34.8,0.0,-1.5499999999999972,False,False,-0.21617852161785178,OBSERVED,,FYERS_PAPER_PROXY_RESEARCH
202608251103_3_FINNIFTY_PE,30,2026-08-25T11:34:21.048246+05:30,FINNIFTY,FINNIFTY,NSE_INDEX,e172b0fef65b,"{""contract_quality_min"": 0.0, ""direction_min"": 9.513121645983723, ""excellent_score_min"": 51.97652872203671, ""execution_quality_min"": 88.92202812100557, ""expected_required_ratio_min"": 1.5013044142775203, ""final_confidence_min"": 85.79658984788988, ""iv_crush_max"": 29.5, ""market_hostility_max"": 22.960237097154813, ""min_5depth_lots_each_side"": 11.0, ""min_top_book_lots"": 3.0, ""premium_elasticity_min"": 0.0, ""regime_confidence_min"": 60.0, ""spread_pct_max"": 1.1077971878994437, ""trade_quality_min"": 47.21062618595214}",51.97652872203671,PE,DataHealth invalid; Contract invalid: Quote stale or spread hard rejected.; SideDirection hard reject: 9.5 < 65.0; PremiumElasticity hard reject: 0.00 < 1.00; Expected/Required hard reject: 1.50 < 1.60; TradeQuality below configured minimum; ConvexityEdge below excellent gate: 50.3 < 80.0,DataHealth invalid; Contract invalid: Quote stale or spread hard rejected.; SideDirection hard reject: 9.5 < 65.0; PremiumElasticity hard reject: 0.00 < 1.00; Expected/Required hard reject: 1.50 < 1.60; TradeQuality below configured minimum; ConvexityEdge below excellent gate: 50.3 < 80.0,,0.0,UNVALIDATED_COST_MODEL,UNAVAILABLE,paper-strategy-e935c30a69b1,opportunity-score-e935c30a69b1,PAPER_OVERRIDE::FYERS_PAPER_PROXY_RESEARCH,SKIPPED_FORWARD_PROXY,57.3,58.0,0.0,-1.375,False,False,-0.11717085641244142,OBSERVED,,FYERS_PAPER_PROXY_RESEARCH
202608251103_4_FINNIFTY_CE,30,2026-08-25T11:34:21.048246+05:30,FINNIFTY,FINNIFTY,NSE_INDEX,e172b0fef65b,"{""contract_quality_min"": 0.0, ""direction_min"": 0.0, ""excellent_score_min"": 51.86541115896504, ""execution_quality_min"": 90.73461283917932, ""expected_required_ratio_min"": 1.5013044142775203, ""final_confidence_min"": 84.23621960888808, ""iv_crush_max"": 29.5, ""market_hostility_max"": 22.960237097154813, ""min_5depth_lots_each_side"": 9.0, ""min_top_book_lots"": 1.0, ""premium_elasticity_min"": 0.0, ""regime_confidence_min"": 60.0, ""spread_pct_max"": 0.9265387160820685, ""trade_quality_min"": 47.21062618595214}",51.86541115896504,CE,DataHealth invalid; Contract invalid: Quote stale or spread hard rejected.; SideDirection hard reject: -9.5 < 65.0; PremiumElasticity hard reject: 0.00 < 1.00; Expected/Required hard reject: 1.50 < 1.60; TradeQuality below configured minimum; ConvexityEdge below excellent gate: 56.3 < 80.0,DataHealth invalid; Contract invalid: Quote stale or spread hard rejected.; SideDirection hard reject: -9.5 < 65.0; PremiumElasticity hard reject: 0.00 < 1.00; Expected/Required hard reject: 1.50 < 1.60; TradeQuality below configured minimum; ConvexityEdge below excellent gate: 56.3 < 80.0,,0.0,UNVALIDATED_COST_MODEL,UNAVAILABLE,paper-strategy-e935c30a69b1,opportunity-score-e935c30a69b1,PAPER_OVERRIDE::FYERS_PAPER_PROXY_RESEARCH,SKIPPED_FORWARD_PROXY,73.1,73.65,0.0,-2.450000000000017,False,False,-0.16214427531436246,OBSERVED,,FYERS_PAPER_PROXY_RESEARCH
202608251103_5_BANKNIFTY_CE,30,2026-08-25T11:34:21.048246+05:30,BANKNIFTY,BANKNIFTY,NSE_INDEX,2e840ccd58d1,"{""contract_quality_min"": 0.0, ""direction_min"": 0.0, ""excellent_score_min"": 51.77397659436353, ""execution_quality_min"": 96.85039370078741, ""expected_required_ratio_min"": 1.9107249394421424, ""final_confidence_min"": 86.38113792003341, ""iv_crush_max"": 29.5, ""market_hostility_max"": 24.264318453116758, ""min_5depth_lots_each_side"": 34.0, ""min_top_book_lots"": 2.0, ""premium_elasticity_min"": 0.0, ""regime_confidence_min"": 60.0, ""spread_pct_max"": 0.31496062992125984, ""trade_quality_min"": 63.621533442085074}",51.77397659436353,CE,DataHealth invalid; Contract invalid: Quote stale or spread hard rejected.; SideDirection hard reject: -13.5 < 65.0; PremiumElasticity hard reject: 0.00 < 1.00; TradeQuality below configured minimum; ConvexityEdge below excellent gate: 31.3 < 80.0,DataHealth invalid; Contract invalid: Quote stale or spread hard rejected.; SideDirection hard reject: -13.5 < 65.0; PremiumElasticity hard reject: 0.00 < 1.00; TradeQuality below configured minimum; ConvexityEdge below excellent gate: 31.3 < 80.0,,0.0,UNVALIDATED_COST_MODEL,UNAVAILABLE,paper-strategy-e935c30a69b1,opportunity-score-e935c30a69b1,PAPER_OVERRIDE::FYERS_PAPER_PROXY_RESEARCH,SKIPPED_FORWARD_PROXY,159.45,159.95,0.6999999999999886,0.0,False,False,0.027999999999999546,OBSERVED,,FYERS_PAPER_PROXY_RESEARCH
202608251129_1_FINNIFTY_CE,5,2026-08-25T11:34:21.048246+05:30,FINNIFTY,FINNIFTY,NSE_INDEX,e172b0fef65b,"{""contract_quality_min"": 0.0, ""direction_min"": 3.3556661342038843, ""excellent_score_min"": 47.8167649057137, ""execution_quality_min"": 93.63732767762455, ""expected_required_ratio_min"": 1.3920128684781594, ""final_confidence_min"": 80.6056412458249, ""iv_crush_max"": 29.5, ""market_hostility_max"": 22.921297581553265, ""min_5depth_lots_each_side"": 7.0, ""min_top_book_lots"": 1.0, ""premium_elasticity_min"": 0.0, ""regime_confidence_min"": 60.0, ""spread_pct_max"": 0.6362672322375439, ""trade_quality_min"": 28.67430441898103}",47.8167649057137,CE,DataHealth invalid; Contract invalid: Quote stale or spread hard rejected.; SideDirection hard reject: 3.4 < 65.0; PremiumElasticity hard reject: 0.00 < 1.00; Expected/Required hard reject: 1.39 < 1.60; TradeQuality below configured minimum; ConvexityEdge below excellent gate: 56.3 < 80.0,DataHealth invalid; Contract invalid: Quote stale or spread hard rejected.; SideDirection hard reject: 3.4 < 65.0; PremiumElasticity hard reject: 0.00 < 1.00; Expected/Required hard reject: 1.39 < 1.60; TradeQuality below configured minimum; ConvexityEdge below excellent gate: 56.3 < 80.0,,0.0,UNVALIDATED_COST_MODEL,UNAVAILABLE,paper-strategy-e935c30a69b1,opportunity-score-e935c30a69b1,PAPER_OVERRIDE::FYERS_PAPER_PROXY_RESEARCH,SKIPPED_FORWARD_PROXY,73.1,73.65,2.375,0.0,False,False,0.167903852951573,OBSERVED,,FYERS_PAPER_PROXY_RESEARCH
202608251129_2_FINNIFTY_PE,5,2026-08-25T11:34:21.048246+05:30,FINNIFTY,FINNIFTY,NSE_INDEX,e172b0fef65b,"{""contract_quality_min"": 0.0, ""direction_min"": 0.0, ""excellent_score_min"": 46.04065714354779, ""execution_quality_min"": 87.67967145790547, ""expected_required_ratio_min"": 1.3920128684781594, ""final_confidence_min"": 76.81454715505028, ""iv_crush_max"": 29.5, ""market_hostility_max"": 22.921297581553265, ""min_5depth_lots_each_side"": 10.0, ""min_top_book_lots"": 2.0, ""premium_elasticity_min"": 0.0, ""regime_confidence_min"": 60.0, ""spread_pct_max"": 1.2320328542094534, ""trade_quality_min"": 28.67430441898103}",46.04065714354779,PE,DataHealth invalid; Contract invalid: Quote stale or spread hard rejected.; SideDirection hard reject: -3.4 < 65.0; PremiumElasticity hard reject: 0.00 < 1.00; Expected/Required hard reject: 1.39 < 1.60; TradeQuality below configured minimum; ConvexityEdge below excellent gate: 56.3 < 80.0,DataHealth invalid; Contract invalid: Quote stale or spread hard rejected.; SideDirection hard reject: -3.4 < 65.0; PremiumElasticity hard reject: 0.00 < 1.00; Expected/Required hard reject: 1.39 < 1.60; TradeQuality below configured minimum; ConvexityEdge below excellent gate: 56.3 < 80.0,,0.0,UNVALIDATED_COST_MODEL,UNAVAILABLE,paper-strategy-e935c30a69b1,opportunity-score-e935c30a69b1,PAPER_OVERRIDE::FYERS_PAPER_PROXY_RESEARCH,SKIPPED_FORWARD_PROXY,34.3,34.8,0.0,-2.2250000000000014,False,False,-0.3045859000684465,OBSERVED,,FYERS_PAPER_PROXY_RESEARCH
202608251129_3_FINNIFTY_PE,5,2026-08-25T11:34:21.048246+05:30,FINNIFTY,FINNIFTY,NSE_INDEX,e172b0fef65b,"{""contract_quality_min"": 0.0, ""direction_min"": 0.0, ""excellent_score_min"": 45.27468602296648, ""execution_quality_min"": 89.28718582612281, ""expected_required_ratio_min"": 1.3920128684781594, ""final_confidence_min"": 78.7435643969111, ""iv_crush_max"": 29.5, ""market_hostility_max"": 22.921297581553265, ""min_5depth_lots_each_side"": 9.0, ""min_top_book_lots"": 2.0, ""premium_elasticity_min"": 0.0, ""regime_confidence_min"": 60.0, ""spread_pct_max"": 1.0712814173877192, ""trade_quality_min"": 28.67430441898103}",45.27468602296648,PE,DataHealth invalid; Contract invalid: Quote stale or spread hard rejected.; SideDirection hard reject: -3.4 < 65.0; PremiumElasticity hard reject: 0.00 < 1.00; Expected/Required hard reject: 1.39 < 1.60; TradeQuality below configured minimum; ConvexityEdge below excellent gate: 50.3 < 80.0,DataHealth invalid; Contract invalid: Quote stale or spread hard rejected.; SideDirection hard reject: -3.4 < 65.0; PremiumElasticity hard reject: 0.00 < 1.00; Expected/Required hard reject: 1.39 < 1.60; TradeQuality below configured minimum; ConvexityEdge below excellent gate: 50.3 < 80.0,,0.0,UNVALIDATED_COST_MODEL,UNAVAILABLE,paper-strategy-e935c30a69b1,opportunity-score-e935c30a69b1,PAPER_OVERRIDE::FYERS_PAPER_PROXY_RESEARCH,SKIPPED_FORWARD_PROXY,57.3,58.0,0.0,-3.375,False,False,-0.27812113720642767,OBSERVED,,FYERS_PAPER_PROXY_RESEARCH
202608251129_4_FINNIFTY_CE,5,2026-08-25T11:34:21.048246+05:30,FINNIFTY,FINNIFTY,NSE_INDEX,e172b0fef65b,"{""contract_quality_min"": 0.0, ""direction_min"": 3.3556661342038843, ""excellent_score_min"": 44.77516131455835, ""execution_quality_min"": 86.6814650388457, ""expected_required_ratio_min"": 1.3920128684781594, ""final_confidence_min"": 76.62339929243973, ""iv_crush_max"": 29.5, ""market_hostility_max"": 22.921297581553265, ""min_5depth_lots_each_side"": 18.0, ""min_top_book_lots"": 4.0, ""premium_elasticity_min"": 0.0, ""regime_confidence_min"": 60.0, ""spread_pct_max"": 1.3318534961154305, ""trade_quality_min"": 28.67430441898103}",44.77516131455835,CE,DataHealth invalid; Contract invalid: Quote stale or spread hard rejected.; SideDirection hard reject: 3.4 < 65.0; PremiumElasticity hard reject: 0.00 < 1.00; Expected/Required hard reject: 1.39 < 1.60; TradeQuality below configured minimum; ConvexityEdge below excellent gate: 48.3 < 80.0,DataHealth invalid; Contract invalid: Quote stale or spread hard rejected.; SideDirection hard reject: 3.4 < 65.0; PremiumElasticity hard reject: 0.00 < 1.00; Expected/Required hard reject: 1.39 < 1.60; TradeQuality below configured minimum; ConvexityEdge below excellent gate: 48.3 < 80.0,,0.0,UNVALIDATED_COST_MODEL,UNAVAILABLE,paper-strategy-e935c30a69b1,opportunity-score-e935c30a69b1,PAPER_OVERRIDE::FYERS_PAPER_PROXY_RESEARCH,SKIPPED_FORWARD_PROXY,45.8,46.3,0.75,0.0,False,False,0.08324084350721421,OBSERVED,,FYERS_PAPER_PROXY_RESEARCH
202608251129_5_MIDCPNIFTY_CE,5,2026-08-25T11:34:21.048246+05:30,MIDCPNIFTY,MIDCPNIFTY,NSE_INDEX,712afad509f5,"{""contract_quality_min"": 0.0, ""direction_min"": 0.0, ""excellent_score_min"": 44.39875705480184, ""execution_quality_min"": 93.42105263157902, ""expected_required_ratio_min"": 1.4910266136662356, ""final_confidence_min"": 77.98762676647085, ""iv_crush_max"": 29.5, ""market_hostility_max"": 20.710111019976, ""min_5depth_lots_each_side"": 22.0, ""min_top_book_lots"": 2.0, ""premium_elasticity_min"": 0.0, ""regime_confidence_min"": 60.0, ""spread_pct_max"": 0.657894736842099, ""trade_quality_min"": 22.78145695364762}",44.39875705480184,CE,DataHealth invalid; Contract invalid: Quote stale or spread hard rejected.; SideDirection hard reject: -2.3 < 65.0; PremiumElasticity hard reject: 0.00 < 1.00; Expected/Required hard reject: 1.49 < 1.60; TradeQuality below configured minimum; ConvexityEdge below excellent gate: 50.3 < 80.0,DataHealth invalid; Contract invalid: Quote stale or spread hard rejected.; SideDirection hard reject: -2.3 < 65.0; PremiumElasticity hard reject: 0.00 < 1.00; Expected/Required hard reject: 1.49 < 1.60; TradeQuality below configured minimum; ConvexityEdge below excellent gate: 50.3 < 80.0,,0.0,UNVALIDATED_COST_MODEL,UNAVAILABLE,paper-strategy-e935c30a69b1,opportunity-score-e935c30a69b1,PAPER_OVERRIDE::FYERS_PAPER_PROXY_RESEARCH,SKIPPED_FORWARD_PROXY,46.6,46.95,1.0,0.0,False,False,0.10964912280701754,OBSERVED,,FYERS_PAPER_PROXY_RESEARCH
202608251119_1_MIDCPNIFTY_CE,15,2026-08-25T11:34:57.491524+05:30,MIDCPNIFTY,MIDCPNIFTY,NSE_INDEX,712afad509f5,"{""contract_quality_min"": 0.0, ""direction_min"": 1.3712303767864633, ""excellent_score_min"": 42.95096703095633, ""execution_quality_min"": 92.49812453113279, ""expected_required_ratio_min"": 1.4566576301956151, ""final_confidence_min"": 75.471838402673, ""iv_crush_max"": 29.5, ""market_hostility_max"": 20.33632633584557, ""min_5depth_lots_each_side"": 33.0, ""min_top_book_lots"": 1.0, ""premium_elasticity_min"": 0.0, ""regime_confidence_min"": 60.0, ""spread_pct_max"": 0.7501875468867216, ""trade_quality_min"": 12.553846153850122}",42.95096703095633,CE,DataHealth invalid; Contract invalid: Quote stale or spread hard rejected.; SideDirection hard reject: 1.4 < 65.0; PremiumElasticity hard reject: 0.00 < 1.00; Expected/Required hard reject: 1.46 < 1.60; TradeQuality below configured minimum; ConvexityEdge below excellent gate: 56.3 < 80.0,DataHealth invalid; Contract invalid: Quote stale or spread hard rejected.; SideDirection hard reject: 1.4 < 65.0; PremiumElasticity hard reject: 0.00 < 1.00; Expected/Required hard reject: 1.46 < 1.60; TradeQuality below configured minimum; ConvexityEdge below excellent gate: 56.3 < 80.0,,0.0,UNVALIDATED_COST_MODEL,UNAVAILABLE,paper-strategy-e935c30a69b1,opportunity-score-e935c30a69b1,PAPER_OVERRIDE::FYERS_PAPER_PROXY_RESEARCH,SKIPPED_FORWARD_PROXY,29.65,29.8,0.0,-3.6750000000000043,False,False,-0.551387846961741,OBSERVED,,FYERS_PAPER_PROXY_RESEARCH
202608251119_2_MIDCPNIFTY_CE,15,2026-08-25T11:34:57.491524+05:30,MIDCPNIFTY,MIDCPNIFTY,NSE_INDEX,712afad509f5,"{""contract_quality_min"": 0.0, ""direction_min"": 1.3712303767864633, ""excellent_score_min"": 41.82677308891759, ""execution_quality_min"": 93.00349825087453, ""expected_required_ratio_min"": 1.4566576301956151, ""final_confidence_min"": 75.471838402673, ""iv_crush_max"": 29.5, ""market_hostility_max"": 20.33632633584557, ""min_5depth_lots_each_side"": 16.0, ""min_top_book_lots"": 1.0, ""premium_elasticity_min"": 0.0, ""regime_confidence_min"": 60.0, ""spread_pct_max"": 0.6996501749125466, ""trade_quality_min"": 12.553846153850122}",41.82677308891759,CE,DataHealth invalid; Contract invalid: Quote stale or spread hard rejected.; SideDirection hard reject: 1.4 < 65.0; PremiumElasticity hard reject: 0.00 < 1.00; Expected/Required hard reject: 1.46 < 1.60; TradeQuality below configured minimum; ConvexityEdge below excellent gate: 50.3 < 80.0,DataHealth invalid; Contract invalid: Quote stale or spread hard rejected.; SideDirection hard reject: 1.4 < 65.0; PremiumElasticity hard reject: 0.00 < 1.00; Expected/Required hard reject: 1.46 < 1.60; TradeQuality below configured minimum; ConvexityEdge below excellent gate: 50.3 < 80.0,,0.0,UNVALIDATED_COST_MODEL,UNAVAILABLE,paper-strategy-e935c30a69b1,opportunity-score-e935c30a69b1,PAPER_OVERRIDE::FYERS_PAPER_PROXY_RESEARCH,SKIPPED_FORWARD_PROXY,46.1,46.4,0.0,-3.9250000000000043,False,False,-0.39230384807596236,OBSERVED,,FYERS_PAPER_PROXY_RESEARCH
202608251119_3_FINNIFTY_CE,15,2026-08-25T11:34:57.491524+05:30,FINNIFTY,FINNIFTY,NSE_INDEX,e172b0fef65b,"{""contract_quality_min"": 0.0, ""direction_min"": 0.4903012288170088, ""excellent_score_min"": 40.18213753823739, ""execution_quality_min"": 90.52823315118388, ""expected_required_ratio_min"": 1.4925242427369054, ""final_confidence_min"": 72.78109235413294, ""iv_crush_max"": 29.5, ""market_hostility_max"": 22.096164649405445, ""min_5depth_lots_each_side"": 16.0, ""min_top_book_lots"": 2.0, ""premium_elasticity_min"": 0.0, ""regime_confidence_min"": 60.0, ""spread_pct_max"": 0.9471766848816112, ""trade_quality_min"": 4.025157232701295}",40.18213753823739,CE,DataHealth invalid; Contract invalid: Quote stale or spread hard rejected.; SideDirection hard reject: 0.5 < 65.0; PremiumElasticity hard reject: 0.00 < 1.00; Expected/Required hard reject: 1.49 < 1.60; TradeQuality below configured minimum; ConvexityEdge below excellent gate: 56.3 < 80.0,DataHealth invalid; Contract invalid: Quote stale or spread hard rejected.; SideDirection hard reject: 0.5 < 65.0; PremiumElasticity hard reject: 0.00 < 1.00; Expected/Required hard reject: 1.49 < 1.60; TradeQuality below configured minimum; ConvexityEdge below excellent gate: 56.3 < 80.0,,0.0,UNVALIDATED_COST_MODEL,UNAVAILABLE,paper-strategy-e935c30a69b1,opportunity-score-e935c30a69b1,PAPER_OVERRIDE::FYERS_PAPER_PROXY_RESEARCH,SKIPPED_FORWARD_PROXY,69.25,69.85,0.625,0.0,False,False,0.04553734061930783,OBSERVED,,FYERS_PAPER_PROXY_RESEARCH
202608251119_4_FINNIFTY_PE,15,2026-08-25T11:34:57.491524+05:30,FINNIFTY,FINNIFTY,NSE_INDEX,e172b0fef65b,"{""contract_quality_min"": 0.0, ""direction_min"": 0.0, ""excellent_score_min"": 39.73122293000812, ""execution_quality_min"": 88.95027624309397, ""expected_required_ratio_min"": 1.4925242427369054, ""final_confidence_min"": 71.3743334772006, ""iv_crush_max"": 29.5, ""market_hostility_max"": 22.096164649405445, ""min_5depth_lots_each_side"": 24.0, ""min_top_book_lots"": 1.0, ""premium_elasticity_min"": 0.0, ""regime_confidence_min"": 60.0, ""spread_pct_max"": 1.1049723756906038, ""trade_quality_min"": 4.025157232701295}",39.73122293000812,PE,DataHealth invalid; Contract invalid: Quote stale or spread hard rejected.; SideDirection hard reject: -0.5 < 65.0; PremiumElasticity hard reject: 0.00 < 1.00; Expected/Required hard reject: 1.49 < 1.60; TradeQuality below configured minimum; ConvexityEdge below excellent gate: 56.3 < 80.0,DataHealth invalid; Contract invalid: Quote stale or spread hard rejected.; SideDirection hard reject: -0.5 < 65.0; PremiumElasticity hard reject: 0.00 < 1.00; Expected/Required hard reject: 1.49 < 1.60; TradeQuality below configured minimum; ConvexityEdge below excellent gate: 56.3 < 80.0,,0.0,UNVALIDATED_COST_MODEL,UNAVAILABLE,paper-strategy-e935c30a69b1,opportunity-score-e935c30a69b1,PAPER_OVERRIDE::FYERS_PAPER_PROXY_RESEARCH,SKIPPED_FORWARD_PROXY,37.25,37.55,1.0499999999999972,0.0,False,False,0.14502762430939184,OBSERVED,,FYERS_PAPER_PROXY_RESEARCH
202608251119_5_FINNIFTY_PE,15,2026-08-25T11:34:57.491524+05:30,FINNIFTY,FINNIFTY,NSE_INDEX,e172b0fef65b,"{""contract_quality_min"": 0.0, ""direction_min"": 0.0, ""excellent_score_min"": 38.36202115504833, ""execution_quality_min"": 88.32360300250215, ""expected_required_ratio_min"": 1.4925242427369054, ""final_confidence_min"": 70.62232558849041, ""iv_crush_max"": 29.5, ""market_hostility_max"": 22.096164649405445, ""min_5depth_lots_each_side"": 10.0, ""min_top_book_lots"": 1.0, ""premium_elasticity_min"": 0.0, ""regime_confidence_min"": 60.0, ""spread_pct_max"": 1.1676396997497844, ""trade_quality_min"": 4.025157232701295}",38.36202115504833,PE,DataHealth invalid; Contract invalid: Quote stale or spread hard rejected.; SideDirection hard reject: -0.5 < 65.0; PremiumElasticity hard reject: 0.00 < 1.00; Expected/Required hard reject: 1.49 < 1.60; TradeQuality below configured minimum; ConvexityEdge below excellent gate: 50.3 < 80.0,DataHealth invalid; Contract invalid: Quote stale or spread hard rejected.; SideDirection hard reject: -0.5 < 65.0; PremiumElasticity hard reject: 0.00 < 1.00; Expected/Required hard reject: 1.49 < 1.60; TradeQuality below configured minimum; ConvexityEdge below excellent gate: 50.3 < 80.0,,0.0,UNVALIDATED_COST_MODEL,UNAVAILABLE,paper-strategy-e935c30a69b1,opportunity-score-e935c30a69b1,PAPER_OVERRIDE::FYERS_PAPER_PROXY_RESEARCH,SKIPPED_FORWARD_PROXY,61.25,61.95,1.2999999999999972,0.0,False,False,0.10842368640533753,OBSERVED,,FYERS_PAPER_PROXY_RESEARCH
202608251105_1_BANKNIFTY_PE,30,2026-08-25T11:35:39.279994+05:30,BANKNIFTY,BANKNIFTY,NSE_INDEX,2e840ccd58d1,"{""contract_quality_min"": 0.0, ""direction_min"": 16.882166127809462, ""excellent_score_min"": 58.22181763836395, ""execution_quality_min"": 96.01593625498008, ""expected_required_ratio_min"": 1.903524347503325, ""final_confidence_min"": 87.63601155511562, ""iv_crush_max"": 29.5, ""market_hostility_max"": 24.436373378450163, ""min_5depth_lots_each_side"": 37.0, ""min_top_book_lots"": 1.0, ""premium_elasticity_min"": 0.0, ""regime_confidence_min"": 60.0, ""spread_pct_max"": 0.398406374501992, ""trade_quality_min"": 74.654377880186}",58.22181763836395,PE,DataHealth invalid; Contract invalid: Quote stale or spread hard rejected.; SideDirection hard reject: 16.9 < 65.0; PremiumElasticity hard reject: 0.00 < 1.00; ConvexityEdge below excellent gate: 37.3 < 80.0,DataHealth invalid; Contract invalid: Quote stale or spread hard rejected.; SideDirection hard reject: 16.9 < 65.0; PremiumElasticity hard reject: 0.00 < 1.00; ConvexityEdge below excellent gate: 37.3 < 80.0,,0.0,UNVALIDATED_COST_MODEL,UNAVAILABLE,paper-strategy-e935c30a69b1,opportunity-score-e935c30a69b1,PAPER_OVERRIDE::FYERS_PAPER_PROXY_RESEARCH,SKIPPED_FORWARD_PROXY,125.15,125.55,0.0,-0.3499999999999943,False,False,-0.013999999999999773,OBSERVED,,FYERS_PAPER_PROXY_RESEARCH
202608251105_2_BANKNIFTY_PE,30,2026-08-25T11:35:39.279994+05:30,BANKNIFTY,BANKNIFTY,NSE_INDEX,2e840ccd58d1,"{""contract_quality_min"": 0.0, ""direction_min"": 16.882166127809462, ""excellent_score_min"": 57.143991383952134, ""execution_quality_min"": 96.83042789223458, ""expected_required_ratio_min"": 1.903524347503325, ""final_confidence_min"": 87.63601155511562, ""iv_crush_max"": 29.5, ""market_hostility_max"": 24.436373378450163, ""min_5depth_lots_each_side"": 14.0, ""min_top_book_lots"": 2.0, ""premium_elasticity_min"": 0.0, ""regime_confidence_min"": 60.0, ""spread_pct_max"": 0.31695721077654215, ""trade_quality_min"": 74.654377880186}",57.143991383952134,PE,DataHealth invalid; Contract invalid: Quote stale or spread hard rejected.; SideDirection hard reject: 16.9 < 65.0; PremiumElasticity hard reject: 0.00 < 1.00; ConvexityEdge below excellent gate: 31.3 < 80.0,DataHealth invalid; Contract invalid: Quote stale or spread hard rejected.; SideDirection hard reject: 16.9 < 65.0; PremiumElasticity hard reject: 0.00 < 1.00; ConvexityEdge below excellent gate: 31.3 < 80.0,,0.0,UNVALIDATED_COST_MODEL,UNAVAILABLE,paper-strategy-e935c30a69b1,opportunity-score-e935c30a69b1,PAPER_OVERRIDE::FYERS_PAPER_PROXY_RESEARCH,SKIPPED_FORWARD_PROXY,187.95,188.65,0.0,-1.3500000000000227,False,False,-0.05400000000000091,OBSERVED,,FYERS_PAPER_PROXY_RESEARCH
202608251105_3_FINNIFTY_PE,30,2026-08-25T11:35:39.279994+05:30,FINNIFTY,FINNIFTY,NSE_INDEX,e172b0fef65b,"{""contract_quality_min"": 0.0, ""direction_min"": 9.973536475303929, ""excellent_score_min"": 54.32438242384849, ""execution_quality_min"": 86.37602179836512, ""expected_required_ratio_min"": 1.5518898560224381, ""final_confidence_min"": 84.61460356810913, ""iv_crush_max"": 29.5, ""market_hostility_max"": 22.658536491969066, ""min_5depth_lots_each_side"": 19.0, ""min_top_book_lots"": 2.0, ""premium_elasticity_min"": 0.0, ""regime_confidence_min"": 60.0, ""spread_pct_max"": 1.3623978201634876, ""trade_quality_min"": 53.224489795917975}",54.32438242384849,PE,DataHealth invalid; Contract invalid: Quote stale or spread hard rejected.; SideDirection hard reject: 10.0 < 65.0; PremiumElasticity hard reject: 0.00 < 1.00; Expected/Required hard reject: 1.55 < 1.60; TradeQuality below configured minimum; ConvexityEdge below excellent gate: 56.3 < 80.0,DataHealth invalid; Contract invalid: Quote stale or spread hard rejected.; SideDirection hard reject: 10.0 < 65.0; PremiumElasticity hard reject: 0.00 < 1.00; Expected/Required hard reject: 1.55 < 1.60; TradeQuality below configured minimum; ConvexityEdge below excellent gate: 56.3 < 80.0,,0.0,UNVALIDATED_COST_MODEL,UNAVAILABLE,paper-strategy-e935c30a69b1,opportunity-score-e935c30a69b1,PAPER_OVERRIDE::FYERS_PAPER_PROXY_RESEARCH,SKIPPED_FORWARD_PROXY,38.45,38.75,1.75,0.0,False,False,0.23841961852861032,OBSERVED,,FYERS_PAPER_PROXY_RESEARCH
202608251105_4_FINNIFTY_CE,30,2026-08-25T11:35:39.279994+05:30,FINNIFTY,FINNIFTY,NSE_INDEX,e172b0fef65b,"{""contract_quality_min"": 0.0, ""direction_min"": 0.0, ""excellent_score_min"": 54.266356294655445, ""execution_quality_min"": 95.05824214613492, ""expected_required_ratio_min"": 1.5518898560224381, ""final_confidence_min"": 85.97131646747981, ""iv_crush_max"": 29.5, ""market_hostility_max"": 22.658536491969066, ""min_5depth_lots_each_side"": 9.0, ""min_top_book_lots"": 1.0, ""premium_elasticity_min"": 0.0, ""regime_confidence_min"": 60.0, ""spread_pct_max"": 0.49417578538650797, ""trade_quality_min"": 53.224489795917975}",54.266356294655445,CE,DataHealth invalid; Contract invalid: Quote stale or spread hard rejected.; SideDirection hard reject: -10.0 < 65.0; PremiumElasticity hard reject: 0.00 < 1.00; Expected/Required hard reject: 1.55 < 1.60; TradeQuality below configured minimum; ConvexityEdge below excellent gate: 56.3 < 80.0,DataHealth invalid; Contract invalid: Quote stale or spread hard rejected.; SideDirection hard reject: -10.0 < 65.0; PremiumElasticity hard reject: 0.00 < 1.00; Expected/Required hard reject: 1.55 < 1.60; TradeQuality below configured minimum; ConvexityEdge below excellent gate: 56.3 < 80.0,,0.0,UNVALIDATED_COST_MODEL,UNAVAILABLE,paper-strategy-e935c30a69b1,opportunity-score-e935c30a69b1,PAPER_OVERRIDE::FYERS_PAPER_PROXY_RESEARCH,SKIPPED_FORWARD_PROXY,67.2,67.7,0.0,-3.625,False,False,-0.2559124602894458,OBSERVED,,FYERS_PAPER_PROXY_RESEARCH
202608251105_5_FINNIFTY_PE,30,2026-08-25T11:35:39.279994+05:30,FINNIFTY,FINNIFTY,NSE_INDEX,e172b0fef65b,"{""contract_quality_min"": 0.0, ""direction_min"": 9.973536475303929, ""excellent_score_min"": 54.11402279139165, ""execution_quality_min"": 90.07444168734489, ""expected_required_ratio_min"": 1.5518898560224381, ""final_confidence_min"": 88.96337741007098, ""iv_crush_max"": 29.5, ""market_hostility_max"": 22.658536491969066, ""min_5depth_lots_each_side"": 7.0, ""min_top_book_lots"": 1.0, ""premium_elasticity_min"": 0.0, ""regime_confidence_min"": 60.0, ""spread_pct_max"": 0.992555831265511, ""trade_quality_min"": 53.224489795917975}",54.11402279139165,PE,DataHealth invalid; Contract invalid: Quote stale or spread hard rejected.; SideDirection hard reject: 10.0 < 65.0; PremiumElasticity hard reject: 0.00 < 1.00; Expected/Required hard reject: 1.55 < 1.60; TradeQuality below configured minimum; ConvexityEdge below excellent gate: 50.3 < 80.0,DataHealth invalid; Contract invalid: Quote stale or spread hard rejected.; SideDirection hard reject: 10.0 < 65.0; PremiumElasticity hard reject: 0.00 < 1.00; Expected/Required hard reject: 1.55 < 1.60; TradeQuality below configured minimum; ConvexityEdge below excellent gate: 50.3 < 80.0,,0.0,UNVALIDATED_COST_MODEL,UNAVAILABLE,paper-strategy-e935c30a69b1,opportunity-score-e935c30a69b1,PAPER_OVERRIDE::FYERS_PAPER_PROXY_RESEARCH,SKIPPED_FORWARD_PROXY,63.35,63.9,2.8999999999999986,0.0,False,False,0.23986765922249778,OBSERVED,,FYERS_PAPER_PROXY_RESEARCH
202608251130_1_MIDCPNIFTY_CE,5,2026-08-25T11:35:39.279994+05:30,MIDCPNIFTY,MIDCPNIFTY,NSE_INDEX,712afad509f5,"{""contract_quality_min"": 0.0, ""direction_min"": 0.0, ""excellent_score_min"": 48.33350822282932, ""execution_quality_min"": 94.16228838295388, ""expected_required_ratio_min"": 1.5082550277592255, ""final_confidence_min"": 81.8182473757438, ""iv_crush_max"": 29.5, ""market_hostility_max"": 20.657867158927715, ""min_5depth_lots_each_side"": 22.0, ""min_top_book_lots"": 2.0, ""premium_elasticity_min"": 0.0, ""regime_confidence_min"": 60.0, ""spread_pct_max"": 0.5837711617046117, ""trade_quality_min"": 36.49122807017514}",48.33350822282932,CE,DataHealth invalid; Contract invalid: Quote stale or spread hard rejected.; SideDirection hard reject: -4.2 < 65.0; PremiumElasticity hard reject: 0.00 < 1.00; Expected/Required hard reject: 1.51 < 1.60; TradeQuality below configured minimum; ConvexityEdge below excellent gate: 50.3 < 80.0,DataHealth invalid; Contract invalid: Quote stale or spread hard rejected.; SideDirection hard reject: -4.2 < 65.0; PremiumElasticity hard reject: 0.00 < 1.00; Expected/Required hard reject: 1.51 < 1.60; TradeQuality below configured minimum; ConvexityEdge below excellent gate: 50.3 < 80.0,,0.0,UNVALIDATED_COST_MODEL,UNAVAILABLE,paper-strategy-e935c30a69b1,opportunity-score-e935c30a69b1,PAPER_OVERRIDE::FYERS_PAPER_PROXY_RESEARCH,SKIPPED_FORWARD_PROXY,44.15,44.45,1.3249999999999957,0.0,False,False,0.1546993578517216,OBSERVED,,FYERS_PAPER_PROXY_RESEARCH
202608251130_2_BANKNIFTY_CE,5,2026-08-25T11:35:39.279994+05:30,BANKNIFTY,BANKNIFTY,NSE_INDEX,2e840ccd58d1,"{""contract_quality_min"": 0.0, ""direction_min"": 4.624466667188603, ""excellent_score_min"": 45.271514083767904, ""execution_quality_min"": 96.46196613596165, ""expected_required_ratio_min"": 1.748220251204015, ""final_confidence_min"": 81.73618497013733, ""iv_crush_max"": 29.5, ""market_hostility_max"": 23.944660568403595, ""min_5depth_lots_each_side"": 44.0, ""min_top_book_lots"": 1.0, ""premium_elasticity_min"": 0.0, ""regime_confidence_min"": 60.0, ""spread_pct_max"": 0.3538033864038356, ""trade_quality_min"": 31.808383233530147}",45.271514083767904,CE,DataHealth invalid; Contract invalid: Quote stale or spread hard rejected.; SideDirection hard reject: 4.6 < 65.0; PremiumElasticity hard reject: 0.00 < 1.00; TradeQuality below configured minimum; ConvexityEdge below excellent gate: 37.3 < 80.0,DataHealth invalid; Contract invalid: Quote stale or spread hard rejected.; SideDirection hard reject: 4.6 < 65.0; PremiumElasticity hard reject: 0.00 < 1.00; TradeQuality below configured minimum; ConvexityEdge below excellent gate: 37.3 < 80.0,,0.0,UNVALIDATED_COST_MODEL,UNAVAILABLE,paper-strategy-e935c30a69b1,opportunity-score-e935c30a69b1,PAPER_OVERRIDE::FYERS_PAPER_PROXY_RESEARCH,SKIPPED_FORWARD_PROXY,89.35,89.7,0.0,-9.575000000000003,False,False,-0.4839524892595402,OBSERVED,,FYERS_PAPER_PROXY_RESEARCH
202608251130_3_BANKNIFTY_PE,5,2026-08-25T11:35:39.279994+05:30,BANKNIFTY,BANKNIFTY,NSE_INDEX,2e840ccd58d1,"{""contract_quality_min"": 0.0, ""direction_min"": 0.0, ""excellent_score_min"": 44.50817524241797, ""execution_quality_min"": 96.92240052758841, ""expected_required_ratio_min"": 1.748220251204015, ""final_confidence_min"": 80.34884496998076, ""iv_crush_max"": 29.5, ""market_hostility_max"": 23.944660568403595, ""min_5depth_lots_each_side"": 54.0, ""min_top_book_lots"": 1.0, ""premium_elasticity_min"": 0.0, ""regime_confidence_min"": 60.0, ""spread_pct_max"": 0.3077599472411594, ""trade_quality_min"": 31.808383233530147}",44.50817524241797,PE,DataHealth invalid; Contract invalid: Quote stale or spread hard rejected.; SideDirection hard reject: -4.6 < 65.0; PremiumElasticity hard reject: 0.00 < 1.00; TradeQuality below configured minimum; ConvexityEdge below excellent gate: 37.3 < 80.0,DataHealth invalid; Contract invalid: Quote stale or spread hard rejected.; SideDirection hard reject: -4.6 < 65.0; PremiumElasticity hard reject: 0.00 < 1.00; TradeQuality below configured minimum; ConvexityEdge below excellent gate: 37.3 < 80.0,,0.0,UNVALIDATED_COST_MODEL,UNAVAILABLE,paper-strategy-e935c30a69b1,opportunity-score-e935c30a69b1,PAPER_OVERRIDE::FYERS_PAPER_PROXY_RESEARCH,SKIPPED_FORWARD_PROXY,125.15,125.55,11.425000000000011,0.0,False,False,0.5023081996043092,OBSERVED,,FYERS_PAPER_PROXY_RESEARCH
202608251130_4_BANKNIFTY_CE,5,2026-08-25T11:35:39.279994+05:30,BANKNIFTY,BANKNIFTY,NSE_INDEX,2e840ccd58d1,"{""contract_quality_min"": 0.0, ""direction_min"": 4.624466667188603, ""excellent_score_min"": 44.17042642388859, ""execution_quality_min"": 97.12138173676624, ""expected_required_ratio_min"": 1.748220251204015, ""final_confidence_min"": 81.73618497013733, ""iv_crush_max"": 29.5, ""market_hostility_max"": 23.944660568403595, ""min_5depth_lots_each_side"": 18.0, ""min_top_book_lots"": 2.0, ""premium_elasticity_min"": 0.0, ""regime_confidence_min"": 60.0, ""spread_pct_max"": 0.2878618263233757, ""trade_quality_min"": 31.808383233530147}",44.17042642388859,CE,DataHealth invalid; Contract invalid: Quote stale or spread hard rejected.; SideDirection hard reject: 4.6 < 65.0; PremiumElasticity hard reject: 0.00 < 1.00; TradeQuality below configured minimum; ConvexityEdge below excellent gate: 31.3 < 80.0,DataHealth invalid; Contract invalid: Quote stale or spread hard rejected.; SideDirection hard reject: 4.6 < 65.0; PremiumElasticity hard reject: 0.00 < 1.00; TradeQuality below configured minimum; ConvexityEdge below excellent gate: 31.3 < 80.0,,0.0,UNVALIDATED_COST_MODEL,UNAVAILABLE,paper-strategy-e935c30a69b1,opportunity-score-e935c30a69b1,PAPER_OVERRIDE::FYERS_PAPER_PROXY_RESEARCH,SKIPPED_FORWARD_PROXY,142.6,143.1,0.0,-13.724999999999994,False,False,-0.5489999999999998,OBSERVED,,FYERS_PAPER_PROXY_RESEARCH
202608251130_5_BANKNIFTY_PE,5,2026-08-25T11:35:39.279994+05:30,BANKNIFTY,BANKNIFTY,NSE_INDEX,2e840ccd58d1,"{""contract_quality_min"": 0.0, ""direction_min"": 0.0, ""excellent_score_min"": 43.42528458619098, ""execution_quality_min"": 97.70312948607518, ""expected_required_ratio_min"": 1.748220251204015, ""final_confidence_min"": 80.34884496998076, ""iv_crush_max"": 29.5, ""market_hostility_max"": 23.944660568403595, ""min_5depth_lots_each_side"": 21.0, ""min_top_book_lots"": 1.0, ""premium_elasticity_min"": 0.0, ""regime_confidence_min"": 60.0, ""spread_pct_max"": 0.22968705139248105, ""trade_quality_min"": 31.808383233530147}",43.42528458619098,PE,DataHealth invalid; Contract invalid: Quote stale or spread hard rejected.; SideDirection hard reject: -4.6 < 65.0; PremiumElasticity hard reject: 0.00 < 1.00; TradeQuality below configured minimum; ConvexityEdge below excellent gate: 31.3 < 80.0,DataHealth invalid; Contract invalid: Quote stale or spread hard rejected.; SideDirection hard reject: -4.6 < 65.0; PremiumElasticity hard reject: 0.00 < 1.00; TradeQuality below configured minimum; ConvexityEdge below excellent gate: 31.3 < 80.0,,0.0,UNVALIDATED_COST_MODEL,UNAVAILABLE,paper-strategy-e935c30a69b1,opportunity-score-e935c30a69b1,PAPER_OVERRIDE::FYERS_PAPER_PROXY_RESEARCH,SKIPPED_FORWARD_PROXY,187.95,188.65,13.800000000000011,0.0,False,False,0.5520000000000005,OBSERVED,,FYERS_PAPER_PROXY_RESEARCH
202608251131_1_MIDCPNIFTY_CE,5,2026-08-25T11:36:59.391830+05:30,MIDCPNIFTY,MIDCPNIFTY,NSE_INDEX,712afad509f5,"{""contract_quality_min"": 0.0, ""direction_min"": 0.0, ""excellent_score_min"": 57.59901465280265, ""execution_quality_min"": 92.08592425098922, ""expected_required_ratio_min"": 1.4585749154238197, ""final_confidence_min"": 84.52812641777317, ""iv_crush_max"": 29.5, ""market_hostility_max"": 20.46501371297012, ""min_5depth_lots_each_side"": 32.0, ""min_top_book_lots"": 5.0, ""premium_elasticity_min"": 0.0, ""regime_confidence_min"": 60.0, ""spread_pct_max"": 0.7914075749010773, ""trade_quality_min"": 73.52226720647792}",57.59901465280265,CE,DataHealth invalid; Contract invalid: Quote stale or spread hard rejected.; SideDirection hard reject: -6.1 < 65.0; PremiumElasticity hard reject: 0.00 < 1.00; Expected/Required hard reject: 1.46 < 1.60; ConvexityEdge below excellent gate: 50.3 < 80.0,DataHealth invalid; Contract invalid: Quote stale or spread hard rejected.; SideDirection hard reject: -6.1 < 65.0; PremiumElasticity hard reject: 0.00 < 1.00; Expected/Required hard reject: 1.46 < 1.60; ConvexityEdge below excellent gate: 50.3 < 80.0,,0.0,UNVALIDATED_COST_MODEL,UNAVAILABLE,paper-strategy-e935c30a69b1,opportunity-score-e935c30a69b1,PAPER_OVERRIDE::FYERS_PAPER_PROXY_RESEARCH,SKIPPED_FORWARD_PROXY,43.65,43.9,0.0,-0.5749999999999957,False,False,-0.06500847936687347,OBSERVED,,FYERS_PAPER_PROXY_RESEARCH
202608251131_2_FINNIFTY_CE,5,2026-08-25T11:36:59.391830+05:30,FINNIFTY,FINNIFTY,NSE_INDEX,e172b0fef65b,"{""contract_quality_min"": 0.0, ""direction_min"": 1.4703798864282474, ""excellent_score_min"": 42.81199121370615, ""execution_quality_min"": 90.5596763317599, ""expected_required_ratio_min"": 1.360313045436397, ""final_confidence_min"": 75.61244887485526, ""iv_crush_max"": 29.5, ""market_hostility_max"": 22.26402139900046, ""min_5depth_lots_each_side"": 9.0, ""min_top_book_lots"": 1.0, ""premium_elasticity_min"": 0.0, ""regime_confidence_min"": 60.0, ""spread_pct_max"": 0.9440323668240093, ""trade_quality_min"": 12.97297297297005}",42.81199121370615,CE,DataHealth invalid; Contract invalid: Quote stale or spread hard rejected.; SideDirection hard reject: 1.5 < 65.0; PremiumElasticity hard reject: 0.00 < 1.00; Expected/Required hard reject: 1.36 < 1.60; TradeQuality below configured minimum; ConvexityEdge below excellent gate: 56.3 < 80.0,DataHealth invalid; Contract invalid: Quote stale or spread hard rejected.; SideDirection hard reject: 1.5 < 65.0; PremiumElasticity hard reject: 0.00 < 1.00; Expected/Required hard reject: 1.36 < 1.60; TradeQuality below configured minimum; ConvexityEdge below excellent gate: 56.3 < 80.0,,0.0,UNVALIDATED_COST_MODEL,UNAVAILABLE,paper-strategy-e935c30a69b1,opportunity-score-e935c30a69b1,PAPER_OVERRIDE::FYERS_PAPER_PROXY_RESEARCH,SKIPPED_FORWARD_PROXY,63.6,64.2,0.0,-10.550000000000004,False,False,-0.7113958192852329,OBSERVED,,FYERS_PAPER_PROXY_RESEARCH
202608251131_3_BANKNIFTY_CE,5,2026-08-25T11:36:59.391830+05:30,BANKNIFTY,BANKNIFTY,NSE_INDEX,2e840ccd58d1,"{""contract_quality_min"": 0.0, ""direction_min"": 2.2770259742857677, ""excellent_score_min"": 41.918205558607895, ""execution_quality_min"": 97.57810607895374, ""expected_required_ratio_min"": 1.7219547889259919, ""final_confidence_min"": 77.94894689225197, ""iv_crush_max"": 29.5, ""market_hostility_max"": 23.653812408109903, ""min_5depth_lots_each_side"": 15.0, ""min_top_book_lots"": 2.0, ""premium_elasticity_min"": 0.0, ""regime_confidence_min"": 60.0, ""spread_pct_max"": 0.24218939210462584, ""trade_quality_min"": 20.35797665369699}",41.918205558607895,CE,DataHealth invalid; Contract invalid: Quote stale or spread hard rejected.; SideDirection hard reject: 2.3 < 65.0; PremiumElasticity hard reject: 0.00 < 1.00; TradeQuality below configured minimum; ConvexityEdge below excellent gate: 37.3 < 80.0,DataHealth invalid; Contract invalid: Quote stale or spread hard rejected.; SideDirection hard reject: 2.3 < 65.0; PremiumElasticity hard reject: 0.00 < 1.00; TradeQuality below configured minimum; ConvexityEdge below excellent gate: 37.3 < 80.0,,0.0,UNVALIDATED_COST_MODEL,UNAVAILABLE,paper-strategy-e935c30a69b1,opportunity-score-e935c30a69b1,PAPER_OVERRIDE::FYERS_PAPER_PROXY_RESEARCH,SKIPPED_FORWARD_PROXY,79.05,79.3,0.0,-24.174999999999997,False,True,-1.1709857108258657,OBSERVED,,FYERS_PAPER_PROXY_RESEARCH
202608251131_4_FINNIFTY_PE,5,2026-08-25T11:36:59.391830+05:30,FINNIFTY,FINNIFTY,NSE_INDEX,e172b0fef65b,"{""contract_quality_min"": 0.0, ""direction_min"": 0.0, ""excellent_score_min"": 41.56603607720518, ""execution_quality_min"": 86.67653589933374, ""expected_required_ratio_min"": 1.360313045436397, ""final_confidence_min"": 71.18317798812727, ""iv_crush_max"": 29.5, ""market_hostility_max"": 22.26402139900046, ""min_5depth_lots_each_side"": 16.0, ""min_top_book_lots"": 2.0, ""premium_elasticity_min"": 0.0, ""regime_confidence_min"": 60.0, ""spread_pct_max"": 1.3323464100666258, ""trade_quality_min"": 12.97297297297005}",41.56603607720518,PE,DataHealth invalid; Contract invalid: Quote stale or spread hard rejected.; SideDirection hard reject: -1.5 < 65.0; PremiumElasticity hard reject: 0.00 < 1.00; Expected/Required hard reject: 1.36 < 1.60; TradeQuality below configured minimum; ConvexityEdge below excellent gate: 56.3 < 80.0,DataHealth invalid; Contract invalid: Quote stale or spread hard rejected.; SideDirection hard reject: -1.5 < 65.0; PremiumElasticity hard reject: 0.00 < 1.00; Expected/Required hard reject: 1.36 < 1.60; TradeQuality below configured minimum; ConvexityEdge below excellent gate: 56.3 < 80.0,,0.0,UNVALIDATED_COST_MODEL,UNAVAILABLE,paper-strategy-e935c30a69b1,opportunity-score-e935c30a69b1,PAPER_OVERRIDE::FYERS_PAPER_PROXY_RESEARCH,SKIPPED_FORWARD_PROXY,40.7,41.2,6.925000000000004,0.0,False,False,1.025166543301259,OBSERVED,,FYERS_PAPER_PROXY_RESEARCH
202608251131_5_BANKNIFTY_PE,5,2026-08-25T11:36:59.391830+05:30,BANKNIFTY,BANKNIFTY,NSE_INDEX,2e840ccd58d1,"{""contract_quality_min"": 0.0, ""direction_min"": 0.0, ""excellent_score_min"": 41.460102337648536, ""execution_quality_min"": 97.25651577503432, ""expected_required_ratio_min"": 1.7219547889259919, ""final_confidence_min"": 77.26583909996623, ""iv_crush_max"": 29.5, ""market_hostility_max"": 23.653812408109903, ""min_5depth_lots_each_side"": 34.0, ""min_top_book_lots"": 3.0, ""premium_elasticity_min"": 0.0, ""regime_confidence_min"": 60.0, ""spread_pct_max"": 0.27434842249656805, ""trade_quality_min"": 20.35797665369699}",41.460102337648536,PE,DataHealth invalid; Contract invalid: Quote stale or spread hard rejected.; SideDirection hard reject: -2.3 < 65.0; PremiumElasticity hard reject: 0.00 < 1.00; TradeQuality below configured minimum; ConvexityEdge below excellent gate: 37.3 < 80.0,DataHealth invalid; Contract invalid: Quote stale or spread hard rejected.; SideDirection hard reject: -2.3 < 65.0; PremiumElasticity hard reject: 0.00 < 1.00; TradeQuality below configured minimum; ConvexityEdge below excellent gate: 37.3 < 80.0,,0.0,UNVALIDATED_COST_MODEL,UNAVAILABLE,paper-strategy-e935c30a69b1,opportunity-score-e935c30a69b1,PAPER_OVERRIDE::FYERS_PAPER_PROXY_RESEARCH,SKIPPED_FORWARD_PROXY,142.85,143.25,33.5,0.0,False,False,1.5317786922725194,OBSERVED,,FYERS_PAPER_PROXY_RESEARCH
202608251122_1_MIDCPNIFTY_CE,15,2026-08-25T11:37:35.910749+05:30,MIDCPNIFTY,MIDCPNIFTY,NSE_INDEX,712afad509f5,"{""contract_quality_min"": 0.0, ""direction_min"": 1.936284149699164, ""excellent_score_min"": 44.90413057431427, ""execution_quality_min"": 93.96378269617698, ""expected_required_ratio_min"": 1.4436746712366952, ""final_confidence_min"": 78.59359222875341, ""iv_crush_max"": 29.5, ""market_hostility_max"": 20.314120056098403, ""min_5depth_lots_each_side"": 21.0, ""min_top_book_lots"": 2.0, ""premium_elasticity_min"": 0.0, ""regime_confidence_min"": 60.0, ""spread_pct_max"": 0.6036217303823023, ""trade_quality_min"": 22.67716535432845}",44.90413057431427,CE,DataHealth invalid; Contract invalid: Quote stale or spread hard rejected.; SideDirection hard reject: 1.9 < 65.0; PremiumElasticity hard reject: 0.00 < 1.00; Expected/Required hard reject: 1.44 < 1.60; TradeQuality below configured minimum; ConvexityEdge below excellent gate: 50.3 < 80.0,DataHealth invalid; Contract invalid: Quote stale or spread hard rejected.; SideDirection hard reject: 1.9 < 65.0; PremiumElasticity hard reject: 0.00 < 1.00; Expected/Required hard reject: 1.44 < 1.60; TradeQuality below configured minimum; ConvexityEdge below excellent gate: 50.3 < 80.0,,0.0,UNVALIDATED_COST_MODEL,UNAVAILABLE,paper-strategy-e935c30a69b1,opportunity-score-e935c30a69b1,PAPER_OVERRIDE::FYERS_PAPER_PROXY_RESEARCH,SKIPPED_FORWARD_PROXY,44.1,44.35,0.0,-5.600000000000001,False,False,-0.5633802816901409,OBSERVED,,FYERS_PAPER_PROXY_RESEARCH
202608251122_2_FINNIFTY_CE,15,2026-08-25T11:37:35.910749+05:30,FINNIFTY,FINNIFTY,NSE_INDEX,e172b0fef65b,"{""contract_quality_min"": 0.0, ""direction_min"": 1.516863616340981, ""excellent_score_min"": 43.24232113268405, ""execution_quality_min"": 95.93771157752204, ""expected_required_ratio_min"": 1.4300863702571784, ""final_confidence_min"": 75.31123994969094, ""iv_crush_max"": 29.5, ""market_hostility_max"": 22.64965792292397, ""min_5depth_lots_each_side"": 14.0, ""min_top_book_lots"": 3.0, ""premium_elasticity_min"": 0.0, ""regime_confidence_min"": 60.0, ""spread_pct_max"": 0.40622884224779576, ""trade_quality_min"": 11.945701357465984}",43.24232113268405,CE,DataHealth invalid; Contract invalid: Quote stale or spread hard rejected.; SideDirection hard reject: 1.5 < 65.0; PremiumElasticity hard reject: 0.00 < 1.00; Expected/Required hard reject: 1.43 < 1.60; TradeQuality below configured minimum; ConvexityEdge below excellent gate: 56.3 < 80.0,DataHealth invalid; Contract invalid: Quote stale or spread hard rejected.; SideDirection hard reject: 1.5 < 65.0; PremiumElasticity hard reject: 0.00 < 1.00; Expected/Required hard reject: 1.43 < 1.60; TradeQuality below configured minimum; ConvexityEdge below excellent gate: 56.3 < 80.0,,0.0,UNVALIDATED_COST_MODEL,UNAVAILABLE,paper-strategy-e935c30a69b1,opportunity-score-e935c30a69b1,PAPER_OVERRIDE::FYERS_PAPER_PROXY_RESEARCH,SKIPPED_FORWARD_PROXY,65.25,65.85,0.0,-8.599999999999994,False,False,-0.5822613405551791,OBSERVED,,FYERS_PAPER_PROXY_RESEARCH
202608251122_3_FINNIFTY_CE,15,2026-08-25T11:37:35.910749+05:30,FINNIFTY,FINNIFTY,NSE_INDEX,e172b0fef65b,"{""contract_quality_min"": 0.0, ""direction_min"": 1.516863616340981, ""excellent_score_min"": 41.61646770868514, ""execution_quality_min"": 93.09868875086266, ""expected_required_ratio_min"": 1.4300863702571784, ""final_confidence_min"": 75.31123994969094, ""iv_crush_max"": 29.5, ""market_hostility_max"": 22.64965792292397, ""min_5depth_lots_each_side"": 8.0, ""min_top_book_lots"": 1.0, ""premium_elasticity_min"": 0.0, ""regime_confidence_min"": 60.0, ""spread_pct_max"": 0.6901311249137336, ""trade_quality_min"": 11.945701357465984}",41.61646770868514,CE,DataHealth invalid; Contract invalid: Quote stale or spread hard rejected.; SideDirection hard reject: 1.5 < 65.0; PremiumElasticity hard reject: 0.00 < 1.00; Expected/Required hard reject: 1.43 < 1.60; TradeQuality below configured minimum; ConvexityEdge below excellent gate: 50.3 < 80.0,DataHealth invalid; Contract invalid: Quote stale or spread hard rejected.; SideDirection hard reject: 1.5 < 65.0; PremiumElasticity hard reject: 0.00 < 1.00; Expected/Required hard reject: 1.43 < 1.60; TradeQuality below configured minimum; ConvexityEdge below excellent gate: 50.3 < 80.0,,0.0,UNVALIDATED_COST_MODEL,UNAVAILABLE,paper-strategy-e935c30a69b1,opportunity-score-e935c30a69b1,PAPER_OVERRIDE::FYERS_PAPER_PROXY_RESEARCH,SKIPPED_FORWARD_PROXY,96.95,97.9,0.0,-11.724999999999994,False,False,-0.5394524959742348,OBSERVED,,FYERS_PAPER_PROXY_RESEARCH
202608251122_4_FINNIFTY_PE,15,2026-08-25T11:37:35.910749+05:30,FINNIFTY,FINNIFTY,NSE_INDEX,e172b0fef65b,"{""contract_quality_min"": 0.0, ""direction_min"": 0.0, ""excellent_score_min"": 41.19719932094343, ""execution_quality_min"": 86.73544583640395, ""expected_required_ratio_min"": 1.4300863702571784, ""final_confidence_min"": 70.9387158684734, ""iv_crush_max"": 29.5, ""market_hostility_max"": 22.64965792292397, ""min_5depth_lots_each_side"": 16.0, ""min_top_book_lots"": 1.0, ""premium_elasticity_min"": 0.0, ""regime_confidence_min"": 60.0, ""spread_pct_max"": 1.3264554163596045, ""trade_quality_min"": 11.945701357465984}",41.19719932094343,PE,DataHealth invalid; Contract invalid: Quote stale or spread hard rejected.; SideDirection hard reject: -1.5 < 65.0; PremiumElasticity hard reject: 0.00 < 1.00; Expected/Required hard reject: 1.43 < 1.60; TradeQuality below configured minimum; ConvexityEdge below excellent gate: 56.3 < 80.0,DataHealth invalid; Contract invalid: Quote stale or spread hard rejected.; SideDirection hard reject: -1.5 < 65.0; PremiumElasticity hard reject: 0.00 < 1.00; Expected/Required hard reject: 1.43 < 1.60; TradeQuality below configured minimum; ConvexityEdge below excellent gate: 56.3 < 80.0,,0.0,UNVALIDATED_COST_MODEL,UNAVAILABLE,paper-strategy-e935c30a69b1,opportunity-score-e935c30a69b1,PAPER_OVERRIDE::FYERS_PAPER_PROXY_RESEARCH,SKIPPED_FORWARD_PROXY,41.45,42.1,7.525000000000006,0.0,False,False,1.1090641120117914,OBSERVED,,FYERS_PAPER_PROXY_RESEARCH
202608251122_5_FINNIFTY_PE,15,2026-08-25T11:37:35.910749+05:30,FINNIFTY,FINNIFTY,NSE_INDEX,e172b0fef65b,"{""contract_quality_min"": 0.0, ""direction_min"": 0.0, ""excellent_score_min"": 40.758785603077804, ""execution_quality_min"": 89.55613577023496, ""expected_required_ratio_min"": 1.4300863702571784, ""final_confidence_min"": 74.3235437890706, ""iv_crush_max"": 29.5, ""market_hostility_max"": 22.64965792292397, ""min_5depth_lots_each_side"": 7.0, ""min_top_book_lots"": 1.0, ""premium_elasticity_min"": 0.0, ""regime_confidence_min"": 60.0, ""spread_pct_max"": 1.0443864229765039, ""trade_quality_min"": 11.945701357465984}",40.758785603077804,PE,DataHealth invalid; Contract invalid: Quote stale or spread hard rejected.; SideDirection hard reject: -1.5 < 65.0; PremiumElasticity hard reject: 0.00 < 1.00; Expected/Required hard reject: 1.43 < 1.60; TradeQuality below configured minimum; ConvexityEdge below excellent gate: 50.3 < 80.0,DataHealth invalid; Contract invalid: Quote stale or spread hard rejected.; SideDirection hard reject: -1.5 < 65.0; PremiumElasticity hard reject: 0.00 < 1.00; Expected/Required hard reject: 1.43 < 1.60; TradeQuality below configured minimum; ConvexityEdge below excellent gate: 50.3 < 80.0,,0.0,UNVALIDATED_COST_MODEL,UNAVAILABLE,paper-strategy-e935c30a69b1,opportunity-score-e935c30a69b1,PAPER_OVERRIDE::FYERS_PAPER_PROXY_RESEARCH,SKIPPED_FORWARD_PROXY,65.2,66.05,7.75,0.0,False,False,0.6744995648389903,OBSERVED,,FYERS_PAPER_PROXY_RESEARCH
202608251107_1_FINNIFTY_PE,30,2026-08-25T11:38:17.962907+05:30,FINNIFTY,FINNIFTY,NSE_INDEX,e172b0fef65b,"{""contract_quality_min"": 0.0, ""direction_min"": 8.050676406046202, ""excellent_score_min"": 53.095236245359, ""execution_quality_min"": 88.23529411764689, ""expected_required_ratio_min"": 1.5258155301455478, ""final_confidence_min"": 85.03389032885362, ""iv_crush_max"": 29.5, ""market_hostility_max"": 22.626646553556018, ""min_5depth_lots_each_side"": 24.0, ""min_top_book_lots"": 1.0, ""premium_elasticity_min"": 0.0, ""regime_confidence_min"": 60.0, ""spread_pct_max"": 1.1764705882353108, ""trade_quality_min"": 48.14645308923471}",53.095236245359,PE,DataHealth invalid; Contract invalid: Quote stale or spread hard rejected.; SideDirection hard reject: 8.1 < 65.0; PremiumElasticity hard reject: 0.00 < 1.00; Expected/Required hard reject: 1.53 < 1.60; TradeQuality below configured minimum; ConvexityEdge below excellent gate: 56.3 < 80.0,DataHealth invalid; Contract invalid: Quote stale or spread hard rejected.; SideDirection hard reject: 8.1 < 65.0; PremiumElasticity hard reject: 0.00 < 1.00; Expected/Required hard reject: 1.53 < 1.60; TradeQuality below configured minimum; ConvexityEdge below excellent gate: 56.3 < 80.0,,0.0,UNVALIDATED_COST_MODEL,UNAVAILABLE,paper-strategy-e935c30a69b1,opportunity-score-e935c30a69b1,PAPER_OVERRIDE::FYERS_PAPER_PROXY_RESEARCH,SKIPPED_FORWARD_PROXY,37.95,38.45,3.950000000000003,0.0,False,False,0.5808823529411768,OBSERVED,,FYERS_PAPER_PROXY_RESEARCH
202608251107_2_FINNIFTY_CE,30,2026-08-25T11:38:17.962907+05:30,FINNIFTY,FINNIFTY,NSE_INDEX,e172b0fef65b,"{""contract_quality_min"": 0.0, ""direction_min"": 0.0, ""excellent_score_min"": 52.716848750415444, ""execution_quality_min"": 93.96175779939614, ""expected_required_ratio_min"": 1.5258155301455478, ""final_confidence_min"": 84.73633446586348, ""iv_crush_max"": 29.5, ""market_hostility_max"": 22.626646553556018, ""min_5depth_lots_each_side"": 12.0, ""min_top_book_lots"": 2.0, ""premium_elasticity_min"": 0.0, ""regime_confidence_min"": 60.0, ""spread_pct_max"": 0.6038242200603862, ""trade_quality_min"": 48.14645308923471}",52.716848750415444,CE,DataHealth invalid; Contract invalid: Quote stale or spread hard rejected.; SideDirection hard reject: -8.1 < 65.0; PremiumElasticity hard reject: 0.00 < 1.00; Expected/Required hard reject: 1.53 < 1.60; TradeQuality below configured minimum; ConvexityEdge below excellent gate: 56.3 < 80.0,DataHealth invalid; Contract invalid: Quote stale or spread hard rejected.; SideDirection hard reject: -8.1 < 65.0; PremiumElasticity hard reject: 0.00 < 1.00; Expected/Required hard reject: 1.53 < 1.60; TradeQuality below configured minimum; ConvexityEdge below excellent gate: 56.3 < 80.0,,0.0,UNVALIDATED_COST_MODEL,UNAVAILABLE,paper-strategy-e935c30a69b1,opportunity-score-e935c30a69b1,PAPER_OVERRIDE::FYERS_PAPER_PROXY_RESEARCH,SKIPPED_FORWARD_PROXY,68.85,69.45,0.0,-5.675000000000011,False,False,-0.3807447165380752,OBSERVED,,FYERS_PAPER_PROXY_RESEARCH
202608251107_3_FINNIFTY_PE,30,2026-08-25T11:38:17.962907+05:30,FINNIFTY,FINNIFTY,NSE_INDEX,e172b0fef65b,"{""contract_quality_min"": 0.0, ""direction_min"": 8.050676406046202, ""excellent_score_min"": 50.374624605477614, ""execution_quality_min"": 84.08488063660474, ""expected_required_ratio_min"": 1.5258155301455478, ""final_confidence_min"": 80.05339415160303, ""iv_crush_max"": 29.5, ""market_hostility_max"": 22.626646553556018, ""min_5depth_lots_each_side"": 39.0, ""min_top_book_lots"": 2.0, ""premium_elasticity_min"": 0.0, ""regime_confidence_min"": 60.0, ""spread_pct_max"": 1.5915119363395265, ""trade_quality_min"": 48.14645308923471}",50.374624605477614,PE,DataHealth invalid; Contract invalid: Quote stale or spread hard rejected.; SideDirection hard reject: 8.1 < 65.0; PremiumElasticity hard reject: 0.00 < 1.00; Expected/Required hard reject: 1.53 < 1.60; TradeQuality below configured minimum; ConvexityEdge below excellent gate: 48.3 < 80.0,DataHealth invalid; Contract invalid: Quote stale or spread hard rejected.; SideDirection hard reject: 8.1 < 65.0; PremiumElasticity hard reject: 0.00 < 1.00; Expected/Required hard reject: 1.53 < 1.60; TradeQuality below configured minimum; ConvexityEdge below excellent gate: 48.3 < 80.0,,0.0,UNVALIDATED_COST_MODEL,UNAVAILABLE,paper-strategy-e935c30a69b1,opportunity-score-e935c30a69b1,PAPER_OVERRIDE::FYERS_PAPER_PROXY_RESEARCH,SKIPPED_FORWARD_PROXY,21.75,22.0,2.8999999999999986,0.0,False,False,0.7692307692307687,OBSERVED,,FYERS_PAPER_PROXY_RESEARCH
202608251107_4_FINNIFTY_CE,30,2026-08-25T11:38:17.962907+05:30,FINNIFTY,FINNIFTY,NSE_INDEX,e172b0fef65b,"{""contract_quality_min"": 0.0, ""direction_min"": 0.0, ""excellent_score_min"": 50.36846245894154, ""execution_quality_min"": 89.4291754756871, ""expected_required_ratio_min"": 1.5258155301455478, ""final_confidence_min"": 84.051345036688, ""iv_crush_max"": 29.5, ""market_hostility_max"": 22.626646553556018, ""min_5depth_lots_each_side"": 10.0, ""min_top_book_lots"": 1.0, ""premium_elasticity_min"": 0.0, ""regime_confidence_min"": 60.0, ""spread_pct_max"": 1.0570824524312896, ""trade_quality_min"": 48.14645308923471}",50.36846245894154,CE,DataHealth invalid; Contract invalid: Quote stale or spread hard rejected.; SideDirection hard reject: -8.1 < 65.0; PremiumElasticity hard reject: 0.00 < 1.00; Expected/Required hard reject: 1.53 < 1.60; TradeQuality below configured minimum; ConvexityEdge below excellent gate: 48.3 < 80.0,DataHealth invalid; Contract invalid: Quote stale or spread hard rejected.; SideDirection hard reject: -8.1 < 65.0; PremiumElasticity hard reject: 0.00 < 1.00; Expected/Required hard reject: 1.53 < 1.60; TradeQuality below configured minimum; ConvexityEdge below excellent gate: 48.3 < 80.0,,0.0,UNVALIDATED_COST_MODEL,UNAVAILABLE,paper-strategy-e935c30a69b1,opportunity-score-e935c30a69b1,PAPER_OVERRIDE::FYERS_PAPER_PROXY_RESEARCH,SKIPPED_FORWARD_PROXY,42.95,43.55,0.0,-4.349999999999994,False,False,-0.4598308668076104,OBSERVED,,FYERS_PAPER_PROXY_RESEARCH
202608251107_5_BANKNIFTY_PE,30,2026-08-25T11:38:17.962907+05:30,BANKNIFTY,BANKNIFTY,NSE_INDEX,2e840ccd58d1,"{""contract_quality_min"": 0.0, ""direction_min"": 7.051294867035922, ""excellent_score_min"": 47.63421174475775, ""execution_quality_min"": 97.04753469146738, ""expected_required_ratio_min"": 1.9234070604747036, ""final_confidence_min"": 85.21950484399963, ""iv_crush_max"": 29.5, ""market_hostility_max"": 23.29228807348497, ""min_5depth_lots_each_side"": 17.0, ""min_top_book_lots"": 4.0, ""premium_elasticity_min"": 0.0, ""regime_confidence_min"": 60.0, ""spread_pct_max"": 0.29524653085326247, ""trade_quality_min"": 42.20603537981412}",47.63421174475775,PE,DataHealth invalid; Contract invalid: Quote stale or spread hard rejected.; SideDirection hard reject: 7.1 < 65.0; PremiumElasticity hard reject: 0.00 < 1.00; TradeQuality below configured minimum; ConvexityEdge below excellent gate: 31.3 < 80.0,DataHealth invalid; Contract invalid: Quote stale or spread hard rejected.; SideDirection hard reject: 7.1 < 65.0; PremiumElasticity hard reject: 0.00 < 1.00; TradeQuality below configured minimum; ConvexityEdge below excellent gate: 31.3 < 80.0,,0.0,UNVALIDATED_COST_MODEL,UNAVAILABLE,paper-strategy-e935c30a69b1,opportunity-score-e935c30a69b1,PAPER_OVERRIDE::FYERS_PAPER_PROXY_RESEARCH,SKIPPED_FORWARD_PROXY,201.05,201.75,31.700000000000017,0.0,False,False,1.2680000000000007,OBSERVED,,FYERS_PAPER_PROXY_RESEARCH
202608251132_1_BANKNIFTY_CE,5,2026-08-25T11:38:17.962907+05:30,BANKNIFTY,BANKNIFTY,NSE_INDEX,2e840ccd58d1,"{""contract_quality_min"": 0.0, ""direction_min"": 2.820400549107613, ""excellent_score_min"": 43.95213658667045, ""execution_quality_min"": 97.05159705159694, ""expected_required_ratio_min"": 1.7329365718490612, ""final_confidence_min"": 80.19540050789807, ""iv_crush_max"": 29.5, ""market_hostility_max"": 23.64328050200654, ""min_5depth_lots_each_side"": 35.0, ""min_top_book_lots"": 2.0, ""premium_elasticity_min"": 0.0, ""regime_confidence_min"": 60.0, ""spread_pct_max"": 0.29484029484030605, ""trade_quality_min"": 27.574468085106385}",43.95213658667045,CE,DataHealth invalid; Contract invalid: Quote stale or spread hard rejected.; SideDirection hard reject: 2.8 < 65.0; PremiumElasticity hard reject: 0.00 < 1.00; TradeQuality below configured minimum; ConvexityEdge below excellent gate: 37.3 < 80.0,DataHealth invalid; Contract invalid: Quote stale or spread hard rejected.; SideDirection hard reject: 2.8 < 65.0; PremiumElasticity hard reject: 0.00 < 1.00; TradeQuality below configured minimum; ConvexityEdge below excellent gate: 37.3 < 80.0,,0.0,UNVALIDATED_COST_MODEL,UNAVAILABLE,paper-strategy-e935c30a69b1,opportunity-score-e935c30a69b1,PAPER_OVERRIDE::FYERS_PAPER_PROXY_RESEARCH,SKIPPED_FORWARD_PROXY,86.35,86.65,0.0,-15.400000000000006,False,False,-0.756756756756757,OBSERVED,,FYERS_PAPER_PROXY_RESEARCH
202608251132_2_FINNIFTY_CE,5,2026-08-25T11:38:17.962907+05:30,FINNIFTY,FINNIFTY,NSE_INDEX,e172b0fef65b,"{""contract_quality_min"": 0.0, ""direction_min"": 1.5011248863151267, ""excellent_score_min"": 42.95811841784359, ""execution_quality_min"": 92.53984401492035, ""expected_required_ratio_min"": 1.3751692140450282, ""final_confidence_min"": 75.41168910912374, ""iv_crush_max"": 29.5, ""market_hostility_max"": 22.12118456693799, ""min_5depth_lots_each_side"": 7.0, ""min_top_book_lots"": 1.0, ""premium_elasticity_min"": 0.0, ""regime_confidence_min"": 60.0, ""spread_pct_max"": 0.7460155985079651, ""trade_quality_min"": 12.288401253921585}",42.95811841784359,CE,DataHealth invalid; Contract invalid: Quote stale or spread hard rejected.; SideDirection hard reject: 1.5 < 65.0; PremiumElasticity hard reject: 0.00 < 1.00; Expected/Required hard reject: 1.38 < 1.60; TradeQuality below configured minimum; ConvexityEdge below excellent gate: 56.3 < 80.0,DataHealth invalid; Contract invalid: Quote stale or spread hard rejected.; SideDirection hard reject: 1.5 < 65.0; PremiumElasticity hard reject: 0.00 < 1.00; Expected/Required hard reject: 1.38 < 1.60; TradeQuality below configured minimum; ConvexityEdge below excellent gate: 56.3 < 80.0,,0.0,UNVALIDATED_COST_MODEL,UNAVAILABLE,paper-strategy-e935c30a69b1,opportunity-score-e935c30a69b1,PAPER_OVERRIDE::FYERS_PAPER_PROXY_RESEARCH,SKIPPED_FORWARD_PROXY,68.85,69.45,0.0,-4.875,False,False,-0.3306205493387589,OBSERVED,,FYERS_PAPER_PROXY_RESEARCH
202608251132_3_BANKNIFTY_CE,5,2026-08-25T11:38:17.962907+05:30,BANKNIFTY,BANKNIFTY,NSE_INDEX,2e840ccd58d1,"{""contract_quality_min"": 0.0, ""direction_min"": 2.820400549107613, ""excellent_score_min"": 42.76953471579166, ""execution_quality_min"": 97.16758457907167, ""expected_required_ratio_min"": 1.7329365718490612, ""final_confidence_min"": 80.19540050789807, ""iv_crush_max"": 29.5, ""market_hostility_max"": 23.64328050200654, ""min_5depth_lots_each_side"": 18.0, ""min_top_book_lots"": 1.0, ""premium_elasticity_min"": 0.0, ""regime_confidence_min"": 60.0, ""spread_pct_max"": 0.28324154209283314, ""trade_quality_min"": 27.574468085106385}",42.76953471579166,CE,DataHealth invalid; Contract invalid: Quote stale or spread hard rejected.; SideDirection hard reject: 2.8 < 65.0; PremiumElasticity hard reject: 0.00 < 1.00; TradeQuality below configured minimum; ConvexityEdge below excellent gate: 31.3 < 80.0,DataHealth invalid; Contract invalid: Quote stale or spread hard rejected.; SideDirection hard reject: 2.8 < 65.0; PremiumElasticity hard reject: 0.00 < 1.00; TradeQuality below configured minimum; ConvexityEdge below excellent gate: 31.3 < 80.0,,0.0,UNVALIDATED_COST_MODEL,UNAVAILABLE,paper-strategy-e935c30a69b1,opportunity-score-e935c30a69b1,PAPER_OVERRIDE::FYERS_PAPER_PROXY_RESEARCH,SKIPPED_FORWARD_PROXY,136.15,136.5,0.0,-22.724999999999994,False,False,-0.9089999999999998,OBSERVED,,FYERS_PAPER_PROXY_RESEARCH
202608251132_4_BANKNIFTY_PE,5,2026-08-25T11:38:17.962907+05:30,BANKNIFTY,BANKNIFTY,NSE_INDEX,2e840ccd58d1,"{""contract_quality_min"": 0.0, ""direction_min"": 0.0, ""excellent_score_min"": 42.205183999112414, ""execution_quality_min"": 96.78972712680587, ""expected_required_ratio_min"": 1.7329365718490612, ""final_confidence_min"": 79.34928034316577, ""iv_crush_max"": 29.5, ""market_hostility_max"": 23.64328050200654, ""min_5depth_lots_each_side"": 26.0, ""min_top_book_lots"": 1.0, ""premium_elasticity_min"": 0.0, ""regime_confidence_min"": 60.0, ""spread_pct_max"": 0.3210272873194122, ""trade_quality_min"": 27.574468085106385}",42.205183999112414,PE,DataHealth invalid; Contract invalid: Quote stale or spread hard rejected.; SideDirection hard reject: -2.8 < 65.0; PremiumElasticity hard reject: 0.00 < 1.00; TradeQuality below configured minimum; ConvexityEdge below excellent gate: 31.3 < 80.0,DataHealth invalid; Contract invalid: Quote stale or spread hard rejected.; SideDirection hard reject: -2.8 < 65.0; PremiumElasticity hard reject: 0.00 < 1.00; TradeQuality below configured minimum; ConvexityEdge below excellent gate: 31.3 < 80.0,,0.0,UNVALIDATED_COST_MODEL,UNAVAILABLE,paper-strategy-e935c30a69b1,opportunity-score-e935c30a69b1,PAPER_OVERRIDE::FYERS_PAPER_PROXY_RESEARCH,SKIPPED_FORWARD_PROXY,201.05,201.75,29.725000000000023,0.0,False,False,1.189000000000001,OBSERVED,,FYERS_PAPER_PROXY_RESEARCH
202608251132_5_FINNIFTY_PE,5,2026-08-25T11:38:17.962907+05:30,FINNIFTY,FINNIFTY,NSE_INDEX,e172b0fef65b,"{""contract_quality_min"": 0.0, ""direction_min"": 0.0, ""excellent_score_min"": 41.40427069262922, ""execution_quality_min"": 86.65678280207553, ""expected_required_ratio_min"": 1.3751692140450282, ""final_confidence_min"": 70.94949100571985, ""iv_crush_max"": 29.5, ""market_hostility_max"": 22.12118456693799, ""min_5depth_lots_each_side"": 11.0, ""min_top_book_lots"": 2.0, ""premium_elasticity_min"": 0.0, ""regime_confidence_min"": 60.0, ""spread_pct_max"": 1.3343217197924473, ""trade_quality_min"": 12.288401253921585}",41.40427069262922,PE,DataHealth invalid; Contract invalid: Quote stale or spread hard rejected.; SideDirection hard reject: -1.5 < 65.0; PremiumElasticity hard reject: 0.00 < 1.00; Expected/Required hard reject: 1.38 < 1.60; TradeQuality below configured minimum; ConvexityEdge below excellent gate: 56.3 < 80.0,DataHealth invalid; Contract invalid: Quote stale or spread hard rejected.; SideDirection hard reject: -1.5 < 65.0; PremiumElasticity hard reject: 0.00 < 1.00; Expected/Required hard reject: 1.38 < 1.60; TradeQuality below configured minimum; ConvexityEdge below excellent gate: 56.3 < 80.0,,0.0,UNVALIDATED_COST_MODEL,UNAVAILABLE,paper-strategy-e935c30a69b1,opportunity-score-e935c30a69b1,PAPER_OVERRIDE::FYERS_PAPER_PROXY_RESEARCH,SKIPPED_FORWARD_PROXY,37.95,38.45,4.225000000000001,0.0,False,False,0.6263899184581172,OBSERVED,,FYERS_PAPER_PROXY_RESEARCH
202608251123_1_BANKNIFTY_CE,15,2026-08-25T11:38:54.712512+05:30,BANKNIFTY,BANKNIFTY,NSE_INDEX,2e840ccd58d1,"{""contract_quality_min"": 0.0, ""direction_min"": 0.0, ""excellent_score_min"": 49.045134688562555, ""execution_quality_min"": 97.06983558521884, ""expected_required_ratio_min"": 1.682131722915953, ""final_confidence_min"": 84.91807718361481, ""iv_crush_max"": 29.5, ""market_hostility_max"": 23.31427832812652, ""min_5depth_lots_each_side"": 23.0, ""min_top_book_lots"": 2.0, ""premium_elasticity_min"": 0.0, ""regime_confidence_min"": 60.0, ""spread_pct_max"": 0.2930164414781163, ""trade_quality_min"": 47.409684857799505}",49.045134688562555,CE,DataHealth invalid; Contract invalid: Quote stale or spread hard rejected.; SideDirection hard reject: -5.4 < 65.0; PremiumElasticity hard reject: 0.00 < 1.00; TradeQuality below configured minimum; ConvexityEdge below excellent gate: 37.3 < 80.0,DataHealth invalid; Contract invalid: Quote stale or spread hard rejected.; SideDirection hard reject: -5.4 < 65.0; PremiumElasticity hard reject: 0.00 < 1.00; TradeQuality below configured minimum; ConvexityEdge below excellent gate: 37.3 < 80.0,,0.0,UNVALIDATED_COST_MODEL,UNAVAILABLE,paper-strategy-e935c30a69b1,opportunity-score-e935c30a69b1,PAPER_OVERRIDE::FYERS_PAPER_PROXY_RESEARCH,SKIPPED_FORWARD_PROXY,137.2,137.6,0.0,-16.375,False,False,-0.655,OBSERVED,,FYERS_PAPER_PROXY_RESEARCH
202608251123_2_BANKNIFTY_PE,15,2026-08-25T11:38:54.712512+05:30,BANKNIFTY,BANKNIFTY,NSE_INDEX,2e840ccd58d1,"{""contract_quality_min"": 0.0, ""direction_min"": 5.365521824833547, ""excellent_score_min"": 48.80009942979663, ""execution_quality_min"": 96.99764100364577, ""expected_required_ratio_min"": 1.682131722915953, ""final_confidence_min"": 86.52773373106488, ""iv_crush_max"": 29.5, ""market_hostility_max"": 23.31427832812652, ""min_5depth_lots_each_side"": 32.0, ""min_top_book_lots"": 4.0, ""premium_elasticity_min"": 0.0, ""regime_confidence_min"": 60.0, ""spread_pct_max"": 0.30023589963542296, ""trade_quality_min"": 47.409684857799505}",48.80009942979663,PE,DataHealth invalid; Contract invalid: Quote stale or spread hard rejected.; SideDirection hard reject: 5.4 < 65.0; PremiumElasticity hard reject: 0.00 < 1.00; TradeQuality below configured minimum; ConvexityEdge below excellent gate: 31.3 < 80.0,DataHealth invalid; Contract invalid: Quote stale or spread hard rejected.; SideDirection hard reject: 5.4 < 65.0; PremiumElasticity hard reject: 0.00 < 1.00; TradeQuality below configured minimum; ConvexityEdge below excellent gate: 31.3 < 80.0,,0.0,UNVALIDATED_COST_MODEL,UNAVAILABLE,paper-strategy-e935c30a69b1,opportunity-score-e935c30a69b1,PAPER_OVERRIDE::FYERS_PAPER_PROXY_RESEARCH,SKIPPED_FORWARD_PROXY,130.6,130.85,14.024999999999991,0.0,False,False,0.6015440703409818,OBSERVED,,FYERS_PAPER_PROXY_RESEARCH
202608251123_3_BANKNIFTY_CE,15,2026-08-25T11:38:54.712512+05:30,BANKNIFTY,BANKNIFTY,NSE_INDEX,2e840ccd58d1,"{""contract_quality_min"": 0.0, ""direction_min"": 0.0, ""excellent_score_min"": 47.782034532283134, ""execution_quality_min"": 96.64916787668938, ""expected_required_ratio_min"": 1.682131722915953, ""final_confidence_min"": 84.91807718361481, ""iv_crush_max"": 29.5, ""market_hostility_max"": 23.31427832812652, ""min_5depth_lots_each_side"": 25.0, ""min_top_book_lots"": 2.0, ""premium_elasticity_min"": 0.0, ""regime_confidence_min"": 60.0, ""spread_pct_max"": 0.33508321233106225, ""trade_quality_min"": 47.409684857799505}",47.782034532283134,CE,DataHealth invalid; Contract invalid: Quote stale or spread hard rejected.; SideDirection hard reject: -5.4 < 65.0; PremiumElasticity hard reject: 0.00 < 1.00; TradeQuality below configured minimum; ConvexityEdge below excellent gate: 31.3 < 80.0,DataHealth invalid; Contract invalid: Quote stale or spread hard rejected.; SideDirection hard reject: -5.4 < 65.0; PremiumElasticity hard reject: 0.00 < 1.00; TradeQuality below configured minimum; ConvexityEdge below excellent gate: 31.3 < 80.0,,0.0,UNVALIDATED_COST_MODEL,UNAVAILABLE,paper-strategy-e935c30a69b1,opportunity-score-e935c30a69b1,PAPER_OVERRIDE::FYERS_PAPER_PROXY_RESEARCH,SKIPPED_FORWARD_PROXY,201.6,202.3,0.0,-22.224999999999994,False,False,-0.8889999999999998,OBSERVED,,FYERS_PAPER_PROXY_RESEARCH
202608251123_4_BANKNIFTY_CE,15,2026-08-25T11:38:54.712512+05:30,BANKNIFTY,BANKNIFTY,NSE_INDEX,2e840ccd58d1,"{""contract_quality_min"": 0.0, ""direction_min"": 0.0, ""excellent_score_min"": 47.42826989844707, ""execution_quality_min"": 96.95740365111564, ""expected_required_ratio_min"": 1.682131722915953, ""final_confidence_min"": 84.91807718361481, ""iv_crush_max"": 29.5, ""market_hostility_max"": 23.31427832812652, ""min_5depth_lots_each_side"": 58.0, ""min_top_book_lots"": 1.0, ""premium_elasticity_min"": 0.0, ""regime_confidence_min"": 60.0, ""spread_pct_max"": 0.30425963488843527, ""trade_quality_min"": 47.409684857799505}",47.42826989844707,CE,DataHealth invalid; Contract invalid: Quote stale or spread hard rejected.; SideDirection hard reject: -5.4 < 65.0; PremiumElasticity hard reject: 0.00 < 1.00; TradeQuality below configured minimum; ConvexityEdge below excellent gate: 29.3 < 80.0,DataHealth invalid; Contract invalid: Quote stale or spread hard rejected.; SideDirection hard reject: -5.4 < 65.0; PremiumElasticity hard reject: 0.00 < 1.00; TradeQuality below configured minimum; ConvexityEdge below excellent gate: 29.3 < 80.0,,0.0,UNVALIDATED_COST_MODEL,UNAVAILABLE,paper-strategy-e935c30a69b1,opportunity-score-e935c30a69b1,PAPER_OVERRIDE::FYERS_PAPER_PROXY_RESEARCH,SKIPPED_FORWARD_PROXY,87.55,87.75,0.0,-11.049999999999997,False,False,-0.5603448275862067,OBSERVED,,FYERS_PAPER_PROXY_RESEARCH
202608251123_5_MIDCPNIFTY_CE,15,2026-08-25T11:38:54.712512+05:30,MIDCPNIFTY,MIDCPNIFTY,NSE_INDEX,712afad509f5,"{""contract_quality_min"": 0.0, ""direction_min"": 1.3978870399743883, ""excellent_score_min"": 44.509576806133595, ""execution_quality_min"": 92.6953981008035, ""expected_required_ratio_min"": 1.4195576226265116, ""final_confidence_min"": 77.04301638932907, ""iv_crush_max"": 29.5, ""market_hostility_max"": 20.0886481934404, ""min_5depth_lots_each_side"": 32.0, ""min_top_book_lots"": 6.0, ""premium_elasticity_min"": 0.0, ""regime_confidence_min"": 60.0, ""spread_pct_max"": 0.7304601899196493, ""trade_quality_min"": 17.777777777776397}",44.509576806133595,CE,DataHealth invalid; Contract invalid: Quote stale or spread hard rejected.; SideDirection hard reject: 1.4 < 65.0; PremiumElasticity hard reject: 0.00 < 1.00; Expected/Required hard reject: 1.42 < 1.60; TradeQuality below configured minimum; ConvexityEdge below excellent gate: 56.3 < 80.0,DataHealth invalid; Contract invalid: Quote stale or spread hard rejected.; SideDirection hard reject: 1.4 < 65.0; PremiumElasticity hard reject: 0.00 < 1.00; Expected/Required hard reject: 1.42 < 1.60; TradeQuality below configured minimum; ConvexityEdge below excellent gate: 56.3 < 80.0,,0.0,UNVALIDATED_COST_MODEL,UNAVAILABLE,paper-strategy-e935c30a69b1,opportunity-score-e935c30a69b1,PAPER_OVERRIDE::FYERS_PAPER_PROXY_RESEARCH,SKIPPED_FORWARD_PROXY,29.3,29.55,0.0,-4.925000000000001,False,False,-0.7195032870708546,OBSERVED,,FYERS_PAPER_PROXY_RESEARCH
202608251109_1_BANKNIFTY_PE,30,2026-08-25T11:39:35.968764+05:30,BANKNIFTY,BANKNIFTY,NSE_INDEX,2e840ccd58d1,"{""contract_quality_min"": 0.0, ""direction_min"": 7.100731632680841, ""excellent_score_min"": 50.61265915060455, ""execution_quality_min"": 97.0294928920009, ""expected_required_ratio_min"": 1.8958904906016592, ""final_confidence_min"": 87.12482453991207, ""iv_crush_max"": 29.5, ""market_hostility_max"": 23.2858105783888, ""min_5depth_lots_each_side"": 21.0, ""min_top_book_lots"": 1.0, ""premium_elasticity_min"": 0.0, ""regime_confidence_min"": 60.0, ""spread_pct_max"": 0.2970507107999103, ""trade_quality_min"": 48.532382650033114}",50.61265915060455,PE,DataHealth invalid; Contract invalid: Quote stale or spread hard rejected.; SideDirection hard reject: 7.1 < 65.0; PremiumElasticity hard reject: 0.00 < 1.00; TradeQuality below configured minimum; ConvexityEdge below excellent gate: 37.3 < 80.0,DataHealth invalid; Contract invalid: Quote stale or spread hard rejected.; SideDirection hard reject: 7.1 < 65.0; PremiumElasticity hard reject: 0.00 < 1.00; TradeQuality below configured minimum; ConvexityEdge below excellent gate: 37.3 < 80.0,,0.0,UNVALIDATED_COST_MODEL,UNAVAILABLE,paper-strategy-e935c30a69b1,opportunity-score-e935c30a69b1,PAPER_OVERRIDE::FYERS_PAPER_PROXY_RESEARCH,SKIPPED_FORWARD_PROXY,120.95,121.25,3.125,0.0,False,False,0.13261192446424783,OBSERVED,,FYERS_PAPER_PROXY_RESEARCH
202608251109_2_BANKNIFTY_PE,30,2026-08-25T11:39:35.968764+05:30,BANKNIFTY,BANKNIFTY,NSE_INDEX,2e840ccd58d1,"{""contract_quality_min"": 0.0, ""direction_min"": 7.100731632680841, ""excellent_score_min"": 49.52388024327418, ""execution_quality_min"": 97.77096684313176, ""expected_required_ratio_min"": 1.8958904906016592, ""final_confidence_min"": 87.12482453991207, ""iv_crush_max"": 29.5, ""market_hostility_max"": 23.2858105783888, ""min_5depth_lots_each_side"": 15.0, ""min_top_book_lots"": 2.0, ""premium_elasticity_min"": 0.0, ""regime_confidence_min"": 60.0, ""spread_pct_max"": 0.22290331568682403, ""trade_quality_min"": 48.532382650033114}",49.52388024327418,PE,DataHealth invalid; Contract invalid: Quote stale or spread hard rejected.; SideDirection hard reject: 7.1 < 65.0; PremiumElasticity hard reject: 0.00 < 1.00; TradeQuality below configured minimum; ConvexityEdge below excellent gate: 31.3 < 80.0,DataHealth invalid; Contract invalid: Quote stale or spread hard rejected.; SideDirection hard reject: 7.1 < 65.0; PremiumElasticity hard reject: 0.00 < 1.00; TradeQuality below configured minimum; ConvexityEdge below excellent gate: 31.3 < 80.0,,0.0,UNVALIDATED_COST_MODEL,UNAVAILABLE,paper-strategy-e935c30a69b1,opportunity-score-e935c30a69b1,PAPER_OVERRIDE::FYERS_PAPER_PROXY_RESEARCH,SKIPPED_FORWARD_PROXY,184.6,185.25,5.150000000000006,0.0,False,False,0.20600000000000024,OBSERVED,,FYERS_PAPER_PROXY_RESEARCH
202608251109_3_BANKNIFTY_CE,30,2026-08-25T11:39:35.968764+05:30,BANKNIFTY,BANKNIFTY,NSE_INDEX,2e840ccd58d1,"{""contract_quality_min"": 0.0, ""direction_min"": 0.0, ""excellent_score_min"": 49.40179330854607, ""execution_quality_min"": 97.47793190416141, ""expected_required_ratio_min"": 1.8958904906016592, ""final_confidence_min"": 84.99460505010781, ""iv_crush_max"": 29.5, ""market_hostility_max"": 23.2858105783888, ""min_5depth_lots_each_side"": 25.0, ""min_top_book_lots"": 2.0, ""premium_elasticity_min"": 0.0, ""regime_confidence_min"": 60.0, ""spread_pct_max"": 0.25220680958385877, ""trade_quality_min"": 48.532382650033114}",49.40179330854607,CE,DataHealth invalid; Contract invalid: Quote stale or spread hard rejected.; SideDirection hard reject: -7.1 < 65.0; PremiumElasticity hard reject: 0.00 < 1.00; TradeQuality below configured minimum; ConvexityEdge below excellent gate: 37.3 < 80.0,DataHealth invalid; Contract invalid: Quote stale or spread hard rejected.; SideDirection hard reject: -7.1 < 65.0; PremiumElasticity hard reject: 0.00 < 1.00; TradeQuality below configured minimum; ConvexityEdge below excellent gate: 37.3 < 80.0,,0.0,UNVALIDATED_COST_MODEL,UNAVAILABLE,paper-strategy-e935c30a69b1,opportunity-score-e935c30a69b1,PAPER_OVERRIDE::FYERS_PAPER_PROXY_RESEARCH,SKIPPED_FORWARD_PROXY,93.9,94.15,0.0,-5.224999999999994,False,False,-0.26355611601513207,OBSERVED,,FYERS_PAPER_PROXY_RESEARCH
202608251109_4_BANKNIFTY_CE,30,2026-08-25T11:39:35.968764+05:30,BANKNIFTY,BANKNIFTY,NSE_INDEX,2e840ccd58d1,"{""contract_quality_min"": 0.0, ""direction_min"": 0.0, ""excellent_score_min"": 48.045170794764935, ""execution_quality_min"": 96.43378181228717, ""expected_required_ratio_min"": 1.8958904906016592, ""final_confidence_min"": 84.99460505010781, ""iv_crush_max"": 29.5, ""market_hostility_max"": 23.2858105783888, ""min_5depth_lots_each_side"": 29.0, ""min_top_book_lots"": 2.0, ""premium_elasticity_min"": 0.0, ""regime_confidence_min"": 60.0, ""spread_pct_max"": 0.35662181877128313, ""trade_quality_min"": 48.532382650033114}",48.045170794764935,CE,DataHealth invalid; Contract invalid: Quote stale or spread hard rejected.; SideDirection hard reject: -7.1 < 65.0; PremiumElasticity hard reject: 0.00 < 1.00; TradeQuality below configured minimum; ConvexityEdge below excellent gate: 31.3 < 80.0,DataHealth invalid; Contract invalid: Quote stale or spread hard rejected.; SideDirection hard reject: -7.1 < 65.0; PremiumElasticity hard reject: 0.00 < 1.00; TradeQuality below configured minimum; ConvexityEdge below excellent gate: 31.3 < 80.0,,0.0,UNVALIDATED_COST_MODEL,UNAVAILABLE,paper-strategy-e935c30a69b1,opportunity-score-e935c30a69b1,PAPER_OVERRIDE::FYERS_PAPER_PROXY_RESEARCH,SKIPPED_FORWARD_PROXY,147.5,147.9,0.0,-6.724999999999994,False,False,-0.2689999999999998,OBSERVED,,FYERS_PAPER_PROXY_RESEARCH
202608251109_5_FINNIFTY_CE,30,2026-08-25T11:39:35.968764+05:30,FINNIFTY,FINNIFTY,NSE_INDEX,e172b0fef65b,"{""contract_quality_min"": 0.0, ""direction_min"": 0.0, ""excellent_score_min"": 44.75096629923303, ""execution_quality_min"": 90.96280848105658, ""expected_required_ratio_min"": 1.520295375770255, ""final_confidence_min"": 77.37740698540044, ""iv_crush_max"": 29.5, ""market_hostility_max"": 22.73087467008812, ""min_5depth_lots_each_side"": 13.0, ""min_top_book_lots"": 1.0, ""premium_elasticity_min"": 0.0, ""regime_confidence_min"": 60.0, ""spread_pct_max"": 0.9037191518943423, ""trade_quality_min"": 21.13009198422611}",44.75096629923303,CE,DataHealth invalid; Contract invalid: Quote stale or spread hard rejected.; SideDirection hard reject: -3.1 < 65.0; PremiumElasticity hard reject: 0.00 < 1.00; Expected/Required hard reject: 1.52 < 1.60; TradeQuality below configured minimum; ConvexityEdge below excellent gate: 56.3 < 80.0,DataHealth invalid; Contract invalid: Quote stale or spread hard rejected.; SideDirection hard reject: -3.1 < 65.0; PremiumElasticity hard reject: 0.00 < 1.00; Expected/Required hard reject: 1.52 < 1.60; TradeQuality below configured minimum; ConvexityEdge below excellent gate: 56.3 < 80.0,,0.0,UNVALIDATED_COST_MODEL,UNAVAILABLE,paper-strategy-e935c30a69b1,opportunity-score-e935c30a69b1,PAPER_OVERRIDE::FYERS_PAPER_PROXY_RESEARCH,SKIPPED_FORWARD_PROXY,73.4,74.05,1.4750000000000085,0.0,False,False,0.10253736531108854,OBSERVED,,FYERS_PAPER_PROXY_RESEARCH
202608251134_1_BANKNIFTY_CE,5,2026-08-25T11:39:35.968764+05:30,BANKNIFTY,BANKNIFTY,NSE_INDEX,2e840ccd58d1,"{""contract_quality_min"": 0.0, ""direction_min"": 5.82373957574066, ""excellent_score_min"": 56.10067681947589, ""execution_quality_min"": 96.76480103526367, ""expected_required_ratio_min"": 1.7105222482058586, ""final_confidence_min"": 85.2049697123427, ""iv_crush_max"": 29.5, ""market_hostility_max"": 23.537042387030752, ""min_5depth_lots_each_side"": 18.0, ""min_top_book_lots"": 1.0, ""premium_elasticity_min"": 0.0, ""regime_confidence_min"": 60.0, ""spread_pct_max"": 0.3235198964736331, ""trade_quality_min"": 77.22863741339465}",56.10067681947589,CE,DataHealth invalid; Contract invalid: Quote stale or spread hard rejected.; SideDirection hard reject: 5.8 < 65.0; PremiumElasticity hard reject: 0.00 < 1.00; ConvexityEdge below excellent gate: 31.3 < 80.0,DataHealth invalid; Contract invalid: Quote stale or spread hard rejected.; SideDirection hard reject: 5.8 < 65.0; PremiumElasticity hard reject: 0.00 < 1.00; ConvexityEdge below excellent gate: 31.3 < 80.0,,0.0,UNVALIDATED_COST_MODEL,UNAVAILABLE,paper-strategy-e935c30a69b1,opportunity-score-e935c30a69b1,PAPER_OVERRIDE::FYERS_PAPER_PROXY_RESEARCH,SKIPPED_FORWARD_PROXY,147.5,147.9,0.0,-7.050000000000011,False,False,-0.2820000000000005,OBSERVED,,FYERS_PAPER_PROXY_RESEARCH
202608251134_2_BANKNIFTY_PE,5,2026-08-25T11:39:35.968764+05:30,BANKNIFTY,BANKNIFTY,NSE_INDEX,2e840ccd58d1,"{""contract_quality_min"": 0.0, ""direction_min"": 0.0, ""excellent_score_min"": 55.23434683681188, ""execution_quality_min"": 97.97775530839235, ""expected_required_ratio_min"": 1.7105222482058586, ""final_confidence_min"": 83.4578478396205, ""iv_crush_max"": 29.5, ""market_hostility_max"": 23.537042387030752, ""min_5depth_lots_each_side"": 10.0, ""min_top_book_lots"": 1.0, ""premium_elasticity_min"": 0.0, ""regime_confidence_min"": 60.0, ""spread_pct_max"": 0.20222446916076517, ""trade_quality_min"": 77.22863741339465}",55.23434683681188,PE,DataHealth invalid; Contract invalid: Quote stale or spread hard rejected.; SideDirection hard reject: -5.8 < 65.0; PremiumElasticity hard reject: 0.00 < 1.00; ConvexityEdge below excellent gate: 31.3 < 80.0,DataHealth invalid; Contract invalid: Quote stale or spread hard rejected.; SideDirection hard reject: -5.8 < 65.0; PremiumElasticity hard reject: 0.00 < 1.00; ConvexityEdge below excellent gate: 31.3 < 80.0,,0.0,UNVALIDATED_COST_MODEL,UNAVAILABLE,paper-strategy-e935c30a69b1,opportunity-score-e935c30a69b1,PAPER_OVERRIDE::FYERS_PAPER_PROXY_RESEARCH,SKIPPED_FORWARD_PROXY,184.6,185.25,11.525000000000006,0.0,False,False,0.46100000000000024,OBSERVED,,FYERS_PAPER_PROXY_RESEARCH
202608251134_3_FINNIFTY_CE,5,2026-08-25T11:39:35.968764+05:30,FINNIFTY,FINNIFTY,NSE_INDEX,e172b0fef65b,"{""contract_quality_min"": 0.0, ""direction_min"": 5.040484744490544, ""excellent_score_min"": 50.946074709065094, ""execution_quality_min"": 88.46355532249598, ""expected_required_ratio_min"": 1.4213035650595172, ""final_confidence_min"": 82.84698476795923, ""iv_crush_max"": 29.5, ""market_hostility_max"": 21.981738008750103, ""min_5depth_lots_each_side"": 10.0, ""min_top_book_lots"": 1.0, ""premium_elasticity_min"": 0.0, ""regime_confidence_min"": 60.0, ""spread_pct_max"": 1.1536444677504023, ""trade_quality_min"": 41.44881889763488}",50.946074709065094,CE,DataHealth invalid; Contract invalid: Quote stale or spread hard rejected.; SideDirection hard reject: 5.0 < 65.0; PremiumElasticity hard reject: 0.00 < 1.00; Expected/Required hard reject: 1.42 < 1.60; TradeQuality below configured minimum; ConvexityEdge below excellent gate: 56.3 < 80.0,DataHealth invalid; Contract invalid: Quote stale or spread hard rejected.; SideDirection hard reject: 5.0 < 65.0; PremiumElasticity hard reject: 0.00 < 1.00; Expected/Required hard reject: 1.42 < 1.60; TradeQuality below configured minimum; ConvexityEdge below excellent gate: 56.3 < 80.0,,0.0,UNVALIDATED_COST_MODEL,UNAVAILABLE,paper-strategy-e935c30a69b1,opportunity-score-e935c30a69b1,PAPER_OVERRIDE::FYERS_PAPER_PROXY_RESEARCH,SKIPPED_FORWARD_PROXY,45.4,45.95,0.0,-2.2749999999999986,False,False,-0.23859465128474028,OBSERVED,,FYERS_PAPER_PROXY_RESEARCH
202608251134_4_FINNIFTY_CE,5,2026-08-25T11:39:35.968764+05:30,FINNIFTY,FINNIFTY,NSE_INDEX,e172b0fef65b,"{""contract_quality_min"": 0.0, ""direction_min"": 5.040484744490544, ""excellent_score_min"": 50.253408069578306, ""execution_quality_min"": 90.61662198391417, ""expected_required_ratio_min"": 1.4213035650595172, ""final_confidence_min"": 84.69071838096404, ""iv_crush_max"": 29.5, ""market_hostility_max"": 21.981738008750103, ""min_5depth_lots_each_side"": 8.0, ""min_top_book_lots"": 1.0, ""premium_elasticity_min"": 0.0, ""regime_confidence_min"": 60.0, ""spread_pct_max"": 0.938337801608583, ""trade_quality_min"": 41.44881889763488}",50.253408069578306,CE,DataHealth invalid; Contract invalid: Quote stale or spread hard rejected.; SideDirection hard reject: 5.0 < 65.0; PremiumElasticity hard reject: 0.00 < 1.00; Expected/Required hard reject: 1.42 < 1.60; TradeQuality below configured minimum; ConvexityEdge below excellent gate: 50.3 < 80.0,DataHealth invalid; Contract invalid: Quote stale or spread hard rejected.; SideDirection hard reject: 5.0 < 65.0; PremiumElasticity hard reject: 0.00 < 1.00; Expected/Required hard reject: 1.42 < 1.60; TradeQuality below configured minimum; ConvexityEdge below excellent gate: 50.3 < 80.0,,0.0,UNVALIDATED_COST_MODEL,UNAVAILABLE,paper-strategy-e935c30a69b1,opportunity-score-e935c30a69b1,PAPER_OVERRIDE::FYERS_PAPER_PROXY_RESEARCH,SKIPPED_FORWARD_PROXY,73.4,74.05,0.0,-1.1999999999999886,False,False,-0.08042895442359173,OBSERVED,,FYERS_PAPER_PROXY_RESEARCH
202608251134_5_FINNIFTY_PE,5,2026-08-25T11:39:35.968764+05:30,FINNIFTY,FINNIFTY,NSE_INDEX,e172b0fef65b,"{""contract_quality_min"": 0.0, ""direction_min"": 0.0, ""excellent_score_min"": 49.7543469424433, ""execution_quality_min"": 87.410071942446, ""expected_required_ratio_min"": 1.4213035650595172, ""final_confidence_min"": 80.07065928855208, ""iv_crush_max"": 29.5, ""market_hostility_max"": 21.981738008750103, ""min_5depth_lots_each_side"": 8.0, ""min_top_book_lots"": 1.0, ""premium_elasticity_min"": 0.0, ""regime_confidence_min"": 60.0, ""spread_pct_max"": 1.2589928057554007, ""trade_quality_min"": 41.44881889763488}",49.7543469424433,PE,DataHealth invalid; Contract invalid: Quote stale or spread hard rejected.; SideDirection hard reject: -5.0 < 65.0; PremiumElasticity hard reject: 0.00 < 1.00; Expected/Required hard reject: 1.42 < 1.60; TradeQuality below configured minimum; ConvexityEdge below excellent gate: 56.3 < 80.0,DataHealth invalid; Contract invalid: Quote stale or spread hard rejected.; SideDirection hard reject: -5.0 < 65.0; PremiumElasticity hard reject: 0.00 < 1.00; Expected/Required hard reject: 1.42 < 1.60; TradeQuality below configured minimum; ConvexityEdge below excellent gate: 56.3 < 80.0,,0.0,UNVALIDATED_COST_MODEL,UNAVAILABLE,paper-strategy-e935c30a69b1,opportunity-score-e935c30a69b1,PAPER_OVERRIDE::FYERS_PAPER_PROXY_RESEARCH,SKIPPED_FORWARD_PROXY,56.75,57.3,1.1499999999999986,0.0,False,False,0.10341726618705022,OBSERVED,,FYERS_PAPER_PROXY_RESEARCH
202608251135_1_FINNIFTY_PE,5,2026-08-25T11:41:01.471255+05:30,FINNIFTY,FINNIFTY,NSE_INDEX,e172b0fef65b,"{""contract_quality_min"": 0.0, ""direction_min"": 0.9342913648884184, ""excellent_score_min"": 41.59575666452879, ""execution_quality_min"": 91.97860962566853, ""expected_required_ratio_min"": 1.365993892325205, ""final_confidence_min"": 73.88899163099956, ""iv_crush_max"": 29.5, ""market_hostility_max"": 21.492470342839784, ""min_5depth_lots_each_side"": 15.0, ""min_top_book_lots"": 1.0, ""premium_elasticity_min"": 0.0, ""regime_confidence_min"": 60.0, ""spread_pct_max"": 0.8021390374331475, ""trade_quality_min"": 7.496159754220975}",41.59575666452879,PE,DataHealth invalid; Contract invalid: Quote stale or spread hard rejected.; SideDirection hard reject: 0.9 < 65.0; PremiumElasticity hard reject: 0.00 < 1.00; Expected/Required hard reject: 1.37 < 1.60; TradeQuality below configured minimum; ConvexityEdge below excellent gate: 56.3 < 80.0,DataHealth invalid; Contract invalid: Quote stale or spread hard rejected.; SideDirection hard reject: 0.9 < 65.0; PremiumElasticity hard reject: 0.00 < 1.00; Expected/Required hard reject: 1.37 < 1.60; TradeQuality below configured minimum; ConvexityEdge below excellent gate: 56.3 < 80.0,,0.0,UNVALIDATED_COST_MODEL,UNAVAILABLE,paper-strategy-e935c30a69b1,opportunity-score-e935c30a69b1,PAPER_OVERRIDE::FYERS_PAPER_PROXY_RESEARCH,SKIPPED_FORWARD_PROXY,34.0,34.3,0.0,-3.3999999999999986,False,False,-0.4545454545454543,OBSERVED,,FYERS_PAPER_PROXY_RESEARCH
202608251135_2_FINNIFTY_CE,5,2026-08-25T11:41:01.471255+05:30,FINNIFTY,FINNIFTY,NSE_INDEX,e172b0fef65b,"{""contract_quality_min"": 0.0, ""direction_min"": 0.0, ""excellent_score_min"": 41.336759705264605, ""execution_quality_min"": 91.37311286844005, ""expected_required_ratio_min"": 1.365993892325205, ""final_confidence_min"": 73.60870422153303, ""iv_crush_max"": 29.5, ""market_hostility_max"": 21.492470342839784, ""min_5depth_lots_each_side"": 7.0, ""min_top_book_lots"": 2.0, ""premium_elasticity_min"": 0.0, ""regime_confidence_min"": 60.0, ""spread_pct_max"": 0.8626887131559947, ""trade_quality_min"": 7.496159754220975}",41.336759705264605,CE,DataHealth invalid; Contract invalid: Quote stale or spread hard rejected.; SideDirection hard reject: -0.9 < 65.0; PremiumElasticity hard reject: 0.00 < 1.00; Expected/Required hard reject: 1.37 < 1.60; TradeQuality below configured minimum; ConvexityEdge below excellent gate: 56.3 < 80.0,DataHealth invalid; Contract invalid: Quote stale or spread hard rejected.; SideDirection hard reject: -0.9 < 65.0; PremiumElasticity hard reject: 0.00 < 1.00; Expected/Required hard reject: 1.37 < 1.60; TradeQuality below configured minimum; ConvexityEdge below excellent gate: 56.3 < 80.0,,0.0,UNVALIDATED_COST_MODEL,UNAVAILABLE,paper-strategy-e935c30a69b1,opportunity-score-e935c30a69b1,PAPER_OVERRIDE::FYERS_PAPER_PROXY_RESEARCH,SKIPPED_FORWARD_PROXY,73.55,74.25,4.0,0.0,False,False,0.2875629043853343,OBSERVED,,FYERS_PAPER_PROXY_RESEARCH
202608251135_3_FINNIFTY_PE,5,2026-08-25T11:41:01.471255+05:30,FINNIFTY,FINNIFTY,NSE_INDEX,e172b0fef65b,"{""contract_quality_min"": 0.0, ""direction_min"": 0.9342913648884184, ""excellent_score_min"": 39.730783402496684, ""execution_quality_min"": 88.6363636363636, ""expected_required_ratio_min"": 1.365993892325205, ""final_confidence_min"": 72.25262799463586, ""iv_crush_max"": 29.5, ""market_hostility_max"": 21.492470342839784, ""min_5depth_lots_each_side"": 9.0, ""min_top_book_lots"": 2.0, ""premium_elasticity_min"": 0.0, ""regime_confidence_min"": 60.0, ""spread_pct_max"": 1.136363636363641, ""trade_quality_min"": 7.496159754220975}",39.730783402496684,PE,DataHealth invalid; Contract invalid: Quote stale or spread hard rejected.; SideDirection hard reject: 0.9 < 65.0; PremiumElasticity hard reject: 0.00 < 1.00; Expected/Required hard reject: 1.37 < 1.60; TradeQuality below configured minimum; ConvexityEdge below excellent gate: 50.3 < 80.0,DataHealth invalid; Contract invalid: Quote stale or spread hard rejected.; SideDirection hard reject: 0.9 < 65.0; PremiumElasticity hard reject: 0.00 < 1.00; Expected/Required hard reject: 1.37 < 1.60; TradeQuality below configured minimum; ConvexityEdge below excellent gate: 50.3 < 80.0,,0.0,UNVALIDATED_COST_MODEL,UNAVAILABLE,paper-strategy-e935c30a69b1,opportunity-score-e935c30a69b1,PAPER_OVERRIDE::FYERS_PAPER_PROXY_RESEARCH,SKIPPED_FORWARD_PROXY,57.35,57.95,0.0,-4.25,False,False,-0.3449675324675325,OBSERVED,,FYERS_PAPER_PROXY_RESEARCH
202608251135_4_MIDCPNIFTY_CE,5,2026-08-25T11:41:01.471255+05:30,MIDCPNIFTY,MIDCPNIFTY,NSE_INDEX,712afad509f5,"{""contract_quality_min"": 0.0, ""direction_min"": 0.3496033346777659, ""excellent_score_min"": 39.66773484770852, ""execution_quality_min"": 93.51351351351357, ""expected_required_ratio_min"": 1.4271019246778343, ""final_confidence_min"": 73.07439171971328, ""iv_crush_max"": 29.5, ""market_hostility_max"": 20.22585813767139, ""min_5depth_lots_each_side"": 20.0, ""min_top_book_lots"": 1.0, ""premium_elasticity_min"": 0.0, ""regime_confidence_min"": 60.0, ""spread_pct_max"": 0.6486486486486426, ""trade_quality_min"": 5.073170731705378}",39.66773484770852,CE,DataHealth invalid; Contract invalid: Quote stale or spread hard rejected.; SideDirection hard reject: 0.3 < 65.0; PremiumElasticity hard reject: 0.00 < 1.00; Expected/Required hard reject: 1.43 < 1.60; TradeQuality below configured minimum; ConvexityEdge below excellent gate: 50.3 < 80.0,DataHealth invalid; Contract invalid: Quote stale or spread hard rejected.; SideDirection hard reject: 0.3 < 65.0; PremiumElasticity hard reject: 0.00 < 1.00; Expected/Required hard reject: 1.43 < 1.60; TradeQuality below configured minimum; ConvexityEdge below excellent gate: 50.3 < 80.0,,0.0,UNVALIDATED_COST_MODEL,UNAVAILABLE,paper-strategy-e935c30a69b1,opportunity-score-e935c30a69b1,PAPER_OVERRIDE::FYERS_PAPER_PROXY_RESEARCH,SKIPPED_FORWARD_PROXY,44.2,44.55,0.0,-2.049999999999997,False,False,-0.2216216216216213,OBSERVED,,FYERS_PAPER_PROXY_RESEARCH
202608251135_5_FINNIFTY_CE,5,2026-08-25T11:41:01.471255+05:30,FINNIFTY,FINNIFTY,NSE_INDEX,e172b0fef65b,"{""contract_quality_min"": 0.0, ""direction_min"": 0.0, ""excellent_score_min"": 38.82678131368057, ""execution_quality_min"": 87.39255014326653, ""expected_required_ratio_min"": 1.365993892325205, ""final_confidence_min"": 70.47976439345288, ""iv_crush_max"": 29.5, ""market_hostility_max"": 21.492470342839784, ""min_5depth_lots_each_side"": 13.0, ""min_top_book_lots"": 2.0, ""premium_elasticity_min"": 0.0, ""regime_confidence_min"": 60.0, ""spread_pct_max"": 1.260744985673346, ""trade_quality_min"": 7.496159754220975}",38.82678131368057,CE,DataHealth invalid; Contract invalid: Quote stale or spread hard rejected.; SideDirection hard reject: -0.9 < 65.0; PremiumElasticity hard reject: 0.00 < 1.00; Expected/Required hard reject: 1.37 < 1.60; TradeQuality below configured minimum; ConvexityEdge below excellent gate: 48.3 < 80.0,DataHealth invalid; Contract invalid: Quote stale or spread hard rejected.; SideDirection hard reject: -0.9 < 65.0; PremiumElasticity hard reject: 0.00 < 1.00; Expected/Required hard reject: 1.37 < 1.60; TradeQuality below configured minimum; ConvexityEdge below excellent gate: 48.3 < 80.0,,0.0,UNVALIDATED_COST_MODEL,UNAVAILABLE,paper-strategy-e935c30a69b1,opportunity-score-e935c30a69b1,PAPER_OVERRIDE::FYERS_PAPER_PROXY_RESEARCH,SKIPPED_FORWARD_PROXY,46.5,47.1,2.875,0.0,False,False,0.32951289398280803,OBSERVED,,FYERS_PAPER_PROXY_RESEARCH
202608251111_1_FINNIFTY_CE,30,2026-08-25T11:41:43.039815+05:30,FINNIFTY,FINNIFTY,NSE_INDEX,e172b0fef65b,"{""contract_quality_min"": 0.0, ""direction_min"": 0.0, ""excellent_score_min"": 46.844792798248235, ""execution_quality_min"": 93.47589706415364, ""expected_required_ratio_min"": 1.5266019556866337, ""final_confidence_min"": 79.03397399803352, ""iv_crush_max"": 29.5, ""market_hostility_max"": 22.422983671734357, ""min_5depth_lots_each_side"": 9.0, ""min_top_book_lots"": 1.0, ""premium_elasticity_min"": 0.0, ""regime_confidence_min"": 60.0, ""spread_pct_max"": 0.6524102935846363, ""trade_quality_min"": 27.027027027021713}",46.844792798248235,CE,DataHealth invalid; Contract invalid: Quote stale or spread hard rejected.; SideDirection hard reject: -3.8 < 65.0; PremiumElasticity hard reject: 0.00 < 1.00; Expected/Required hard reject: 1.53 < 1.60; TradeQuality below configured minimum; ConvexityEdge below excellent gate: 56.3 < 80.0,DataHealth invalid; Contract invalid: Quote stale or spread hard rejected.; SideDirection hard reject: -3.8 < 65.0; PremiumElasticity hard reject: 0.00 < 1.00; Expected/Required hard reject: 1.53 < 1.60; TradeQuality below configured minimum; ConvexityEdge below excellent gate: 56.3 < 80.0,,0.0,UNVALIDATED_COST_MODEL,UNAVAILABLE,paper-strategy-e935c30a69b1,opportunity-score-e935c30a69b1,PAPER_OVERRIDE::FYERS_PAPER_PROXY_RESEARCH,SKIPPED_FORWARD_PROXY,75.3,76.0,6.325000000000003,0.0,False,False,0.4584994563247555,OBSERVED,,FYERS_PAPER_PROXY_RESEARCH
202608251111_2_FINNIFTY_PE,30,2026-08-25T11:41:43.039815+05:30,FINNIFTY,FINNIFTY,NSE_INDEX,e172b0fef65b,"{""contract_quality_min"": 0.0, ""direction_min"": 3.827560733819944, ""excellent_score_min"": 46.14094059928421, ""execution_quality_min"": 86.77248677248677, ""expected_required_ratio_min"": 1.5266019556866337, ""final_confidence_min"": 76.30922634516362, ""iv_crush_max"": 29.5, ""market_hostility_max"": 22.422983671734357, ""min_5depth_lots_each_side"": 8.0, ""min_top_book_lots"": 2.0, ""premium_elasticity_min"": 0.0, ""regime_confidence_min"": 60.0, ""spread_pct_max"": 1.3227513227513228, ""trade_quality_min"": 27.027027027021713}",46.14094059928421,PE,DataHealth invalid; Contract invalid: Quote stale or spread hard rejected.; SideDirection hard reject: 3.8 < 65.0; PremiumElasticity hard reject: 0.00 < 1.00; Expected/Required hard reject: 1.53 < 1.60; TradeQuality below configured minimum; ConvexityEdge below excellent gate: 56.3 < 80.0,DataHealth invalid; Contract invalid: Quote stale or spread hard rejected.; SideDirection hard reject: 3.8 < 65.0; PremiumElasticity hard reject: 0.00 < 1.00; Expected/Required hard reject: 1.53 < 1.60; TradeQuality below configured minimum; ConvexityEdge below excellent gate: 56.3 < 80.0,,0.0,UNVALIDATED_COST_MODEL,UNAVAILABLE,paper-strategy-e935c30a69b1,opportunity-score-e935c30a69b1,PAPER_OVERRIDE::FYERS_PAPER_PROXY_RESEARCH,SKIPPED_FORWARD_PROXY,32.65,33.0,0.0,-5.149999999999999,False,False,-0.681216931216931,OBSERVED,,FYERS_PAPER_PROXY_RESEARCH
202608251111_3_FINNIFTY_PE,30,2026-08-25T11:41:43.039815+05:30,FINNIFTY,FINNIFTY,NSE_INDEX,e172b0fef65b,"{""contract_quality_min"": 0.0, ""direction_min"": 3.827560733819944, ""excellent_score_min"": 45.98118724251594, ""execution_quality_min"": 91.12545381202102, ""expected_required_ratio_min"": 1.5266019556866337, ""final_confidence_min"": 80.1822422181795, ""iv_crush_max"": 29.5, ""market_hostility_max"": 22.422983671734357, ""min_5depth_lots_each_side"": 9.0, ""min_top_book_lots"": 2.0, ""premium_elasticity_min"": 0.0, ""regime_confidence_min"": 60.0, ""spread_pct_max"": 0.8874546187978979, ""trade_quality_min"": 27.027027027021713}",45.98118724251594,PE,DataHealth invalid; Contract invalid: Quote stale or spread hard rejected.; SideDirection hard reject: 3.8 < 65.0; PremiumElasticity hard reject: 0.00 < 1.00; Expected/Required hard reject: 1.53 < 1.60; TradeQuality below configured minimum; ConvexityEdge below excellent gate: 50.3 < 80.0,DataHealth invalid; Contract invalid: Quote stale or spread hard rejected.; SideDirection hard reject: 3.8 < 65.0; PremiumElasticity hard reject: 0.00 < 1.00; Expected/Required hard reject: 1.53 < 1.60; TradeQuality below configured minimum; ConvexityEdge below excellent gate: 50.3 < 80.0,,0.0,UNVALIDATED_COST_MODEL,UNAVAILABLE,paper-strategy-e935c30a69b1,opportunity-score-e935c30a69b1,PAPER_OVERRIDE::FYERS_PAPER_PROXY_RESEARCH,SKIPPED_FORWARD_PROXY,54.65,55.35,0.0,-7.325000000000003,False,False,-0.5909640984267852,OBSERVED,,FYERS_PAPER_PROXY_RESEARCH
202608251111_4_BANKNIFTY_PE,30,2026-08-25T11:41:43.039815+05:30,BANKNIFTY,BANKNIFTY,NSE_INDEX,2e840ccd58d1,"{""contract_quality_min"": 0.0, ""direction_min"": 3.556502100145202, ""excellent_score_min"": 44.475323138431776, ""execution_quality_min"": 96.16858237547896, ""expected_required_ratio_min"": 1.8236641122082633, ""final_confidence_min"": 80.49724343096355, ""iv_crush_max"": 29.5, ""market_hostility_max"": 22.22121589050539, ""min_5depth_lots_each_side"": 52.0, ""min_top_book_lots"": 1.0, ""premium_elasticity_min"": 0.0, ""regime_confidence_min"": 60.0, ""spread_pct_max"": 0.3831417624521036, ""trade_quality_min"": 28.212560386472582}",44.475323138431776,PE,DataHealth invalid; Contract invalid: Quote stale or spread hard rejected.; SideDirection hard reject: 3.6 < 65.0; PremiumElasticity hard reject: 0.00 < 1.00; TradeQuality below configured minimum; ConvexityEdge below excellent gate: 37.3 < 80.0,DataHealth invalid; Contract invalid: Quote stale or spread hard rejected.; SideDirection hard reject: 3.6 < 65.0; PremiumElasticity hard reject: 0.00 < 1.00; TradeQuality below configured minimum; ConvexityEdge below excellent gate: 37.3 < 80.0,,0.0,UNVALIDATED_COST_MODEL,UNAVAILABLE,paper-strategy-e935c30a69b1,opportunity-score-e935c30a69b1,PAPER_OVERRIDE::FYERS_PAPER_PROXY_RESEARCH,SKIPPED_FORWARD_PROXY,83.65,83.95,5.349999999999994,0.0,False,False,0.3416347381864619,OBSERVED,,FYERS_PAPER_PROXY_RESEARCH
202608251111_5_FINNIFTY_CE,30,2026-08-25T11:41:43.039815+05:30,FINNIFTY,FINNIFTY,NSE_INDEX,e172b0fef65b,"{""contract_quality_min"": 0.0, ""direction_min"": 0.0, ""excellent_score_min"": 44.29840823862519, ""execution_quality_min"": 88.42592592592592, ""expected_required_ratio_min"": 1.5266019556866337, ""final_confidence_min"": 77.14508510914463, ""iv_crush_max"": 29.5, ""market_hostility_max"": 22.422983671734357, ""min_5depth_lots_each_side"": 19.0, ""min_top_book_lots"": 1.0, ""premium_elasticity_min"": 0.0, ""regime_confidence_min"": 60.0, ""spread_pct_max"": 1.1574074074074074, ""trade_quality_min"": 27.027027027021713}",44.29840823862519,CE,DataHealth invalid; Contract invalid: Quote stale or spread hard rejected.; SideDirection hard reject: -3.8 < 65.0; PremiumElasticity hard reject: 0.00 < 1.00; Expected/Required hard reject: 1.53 < 1.60; TradeQuality below configured minimum; ConvexityEdge below excellent gate: 48.3 < 80.0,DataHealth invalid; Contract invalid: Quote stale or spread hard rejected.; SideDirection hard reject: -3.8 < 65.0; PremiumElasticity hard reject: 0.00 < 1.00; Expected/Required hard reject: 1.53 < 1.60; TradeQuality below configured minimum; ConvexityEdge below excellent gate: 48.3 < 80.0,,0.0,UNVALIDATED_COST_MODEL,UNAVAILABLE,paper-strategy-e935c30a69b1,opportunity-score-e935c30a69b1,PAPER_OVERRIDE::FYERS_PAPER_PROXY_RESEARCH,SKIPPED_FORWARD_PROXY,47.85,48.45,4.649999999999999,0.0,False,False,0.5381944444444442,OBSERVED,,FYERS_PAPER_PROXY_RESEARCH
202608251126_1_BANKNIFTY_PE,15,2026-08-25T11:41:43.039815+05:30,BANKNIFTY,BANKNIFTY,NSE_INDEX,2e840ccd58d1,"{""contract_quality_min"": 0.0, ""direction_min"": 5.109614812314501, ""excellent_score_min"": 47.06926136726849, ""execution_quality_min"": 97.1446053436672, ""expected_required_ratio_min"": 1.6705244052150106, ""final_confidence_min"": 84.8313494971699, ""iv_crush_max"": 29.5, ""market_hostility_max"": 23.967050674458786, ""min_5depth_lots_each_side"": 12.0, ""min_top_book_lots"": 1.0, ""premium_elasticity_min"": 0.0, ""regime_confidence_min"": 60.0, ""spread_pct_max"": 0.2855394656332811, ""trade_quality_min"": 41.88302425107575}",47.06926136726849,PE,DataHealth invalid; Contract invalid: Quote stale or spread hard rejected.; SideDirection hard reject: 5.1 < 65.0; PremiumElasticity hard reject: 0.00 < 1.00; TradeQuality below configured minimum; ConvexityEdge below excellent gate: 31.3 < 80.0,DataHealth invalid; Contract invalid: Quote stale or spread hard rejected.; SideDirection hard reject: 5.1 < 65.0; PremiumElasticity hard reject: 0.00 < 1.00; TradeQuality below configured minimum; ConvexityEdge below excellent gate: 31.3 < 80.0,,0.0,UNVALIDATED_COST_MODEL,UNAVAILABLE,paper-strategy-e935c30a69b1,opportunity-score-e935c30a69b1,PAPER_OVERRIDE::FYERS_PAPER_PROXY_RESEARCH,SKIPPED_FORWARD_PROXY,132.95,133.4,10.374999999999986,0.0,False,False,0.4232102794207622,OBSERVED,,FYERS_PAPER_PROXY_RESEARCH
202608251126_2_BANKNIFTY_CE,15,2026-08-25T11:41:43.039815+05:30,BANKNIFTY,BANKNIFTY,NSE_INDEX,2e840ccd58d1,"{""contract_quality_min"": 0.0, ""direction_min"": 0.0, ""excellent_score_min"": 46.197085313139745, ""execution_quality_min"": 97.46163609091965, ""expected_required_ratio_min"": 1.6705244052150106, ""final_confidence_min"": 83.29846505347555, ""iv_crush_max"": 29.5, ""market_hostility_max"": 23.967050674458786, ""min_5depth_lots_each_side"": 17.0, ""min_top_book_lots"": 2.0, ""premium_elasticity_min"": 0.0, ""regime_confidence_min"": 60.0, ""spread_pct_max"": 0.2538363909080341, ""trade_quality_min"": 41.88302425107575}",46.197085313139745,CE,DataHealth invalid; Contract invalid: Quote stale or spread hard rejected.; SideDirection hard reject: -5.1 < 65.0; PremiumElasticity hard reject: 0.00 < 1.00; TradeQuality below configured minimum; ConvexityEdge below excellent gate: 31.3 < 80.0,DataHealth invalid; Contract invalid: Quote stale or spread hard rejected.; SideDirection hard reject: -5.1 < 65.0; PremiumElasticity hard reject: 0.00 < 1.00; TradeQuality below configured minimum; ConvexityEdge below excellent gate: 31.3 < 80.0,,0.0,UNVALIDATED_COST_MODEL,UNAVAILABLE,paper-strategy-e935c30a69b1,opportunity-score-e935c30a69b1,PAPER_OVERRIDE::FYERS_PAPER_PROXY_RESEARCH,SKIPPED_FORWARD_PROXY,202.3,202.9,0.0,-14.375,False,False,-0.575,OBSERVED,,FYERS_PAPER_PROXY_RESEARCH
202608251126_3_MIDCPNIFTY_CE,15,2026-08-25T11:41:43.039815+05:30,MIDCPNIFTY,MIDCPNIFTY,NSE_INDEX,712afad509f5,"{""contract_quality_min"": 0.0, ""direction_min"": 0.0, ""excellent_score_min"": 43.90186181991423, ""execution_quality_min"": 91.15044247787614, ""expected_required_ratio_min"": 1.4797884646577042, ""final_confidence_min"": 77.75411524506538, ""iv_crush_max"": 29.5, ""market_hostility_max"": 20.5038079583358, ""min_5depth_lots_each_side"": 24.0, ""min_top_book_lots"": 6.0, ""premium_elasticity_min"": 0.0, ""regime_confidence_min"": 60.0, ""spread_pct_max"": 0.8849557522123862, ""trade_quality_min"": 22.0433436532409}",43.90186181991423,CE,DataHealth invalid; Contract invalid: Quote stale or spread hard rejected.; SideDirection hard reject: -2.4 < 65.0; PremiumElasticity hard reject: 0.00 < 1.00; Expected/Required hard reject: 1.48 < 1.60; TradeQuality below configured minimum; ConvexityEdge below excellent gate: 50.3 < 80.0,DataHealth invalid; Contract invalid: Quote stale or spread hard rejected.; SideDirection hard reject: -2.4 < 65.0; PremiumElasticity hard reject: 0.00 < 1.00; Expected/Required hard reject: 1.48 < 1.60; TradeQuality below configured minimum; ConvexityEdge below excellent gate: 50.3 < 80.0,,0.0,UNVALIDATED_COST_MODEL,UNAVAILABLE,paper-strategy-e935c30a69b1,opportunity-score-e935c30a69b1,PAPER_OVERRIDE::FYERS_PAPER_PROXY_RESEARCH,SKIPPED_FORWARD_PROXY,44.55,44.8,0.0,-0.6500000000000057,False,False,-0.07190265486725726,OBSERVED,,FYERS_PAPER_PROXY_RESEARCH
202608251126_4_FINNIFTY_PE,15,2026-08-25T11:41:43.039815+05:30,FINNIFTY,FINNIFTY,NSE_INDEX,e172b0fef65b,"{""contract_quality_min"": 0.0, ""direction_min"": 0.0, ""excellent_score_min"": 42.38419264193463, ""execution_quality_min"": 88.4559884559885, ""expected_required_ratio_min"": 1.3968511111509254, ""final_confidence_min"": 73.7317024965777, ""iv_crush_max"": 29.5, ""market_hostility_max"": 22.379362425639464, ""min_5depth_lots_each_side"": 14.0, ""min_top_book_lots"": 1.0, ""premium_elasticity_min"": 0.0, ""regime_confidence_min"": 60.0, ""spread_pct_max"": 1.15440115440115, ""trade_quality_min"": 14.27385892115381}",42.38419264193463,PE,DataHealth invalid; Contract invalid: Quote stale or spread hard rejected.; SideDirection hard reject: -1.3 < 65.0; PremiumElasticity hard reject: 0.00 < 1.00; Expected/Required hard reject: 1.40 < 1.60; TradeQuality below configured minimum; ConvexityEdge below excellent gate: 56.3 < 80.0,DataHealth invalid; Contract invalid: Quote stale or spread hard rejected.; SideDirection hard reject: -1.3 < 65.0; PremiumElasticity hard reject: 0.00 < 1.00; Expected/Required hard reject: 1.40 < 1.60; TradeQuality below configured minimum; ConvexityEdge below excellent gate: 56.3 < 80.0,,0.0,UNVALIDATED_COST_MODEL,UNAVAILABLE,paper-strategy-e935c30a69b1,opportunity-score-e935c30a69b1,PAPER_OVERRIDE::FYERS_PAPER_PROXY_RESEARCH,SKIPPED_FORWARD_PROXY,32.65,33.0,0.0,-2.000000000000007,False,False,-0.2886002886002896,OBSERVED,,FYERS_PAPER_PROXY_RESEARCH
202608251126_5_FINNIFTY_PE,15,2026-08-25T11:41:43.039815+05:30,FINNIFTY,FINNIFTY,NSE_INDEX,e172b0fef65b,"{""contract_quality_min"": 0.0, ""direction_min"": 0.0, ""excellent_score_min"": 40.80819089465214, ""execution_quality_min"": 87.0633893919793, ""expected_required_ratio_min"": 1.3968511111509254, ""final_confidence_min"": 72.06058361976667, ""iv_crush_max"": 29.5, ""market_hostility_max"": 22.379362425639464, ""min_5depth_lots_each_side"": 13.0, ""min_top_book_lots"": 1.0, ""premium_elasticity_min"": 0.0, ""regime_confidence_min"": 60.0, ""spread_pct_max"": 1.2936610608020698, ""trade_quality_min"": 14.27385892115381}",40.80819089465214,PE,DataHealth invalid; Contract invalid: Quote stale or spread hard rejected.; SideDirection hard reject: -1.3 < 65.0; PremiumElasticity hard reject: 0.00 < 1.00; Expected/Required hard reject: 1.40 < 1.60; TradeQuality below configured minimum; ConvexityEdge below excellent gate: 50.3 < 80.0,DataHealth invalid; Contract invalid: Quote stale or spread hard rejected.; SideDirection hard reject: -1.3 < 65.0; PremiumElasticity hard reject: 0.00 < 1.00; Expected/Required hard reject: 1.40 < 1.60; TradeQuality below configured minimum; ConvexityEdge below excellent gate: 50.3 < 80.0,,0.0,UNVALIDATED_COST_MODEL,UNAVAILABLE,paper-strategy-e935c30a69b1,opportunity-score-e935c30a69b1,PAPER_OVERRIDE::FYERS_PAPER_PROXY_RESEARCH,SKIPPED_FORWARD_PROXY,54.65,55.35,0.0,-3.325000000000003,False,False,-0.28676153514445907,OBSERVED,,FYERS_PAPER_PROXY_RESEARCH
202608251136_1_BANKNIFTY_PE,5,2026-08-25T11:42:31.990790+05:30,BANKNIFTY,BANKNIFTY,NSE_INDEX,2e840ccd58d1,"{""contract_quality_min"": 0.0, ""direction_min"": 3.934362302542016, ""excellent_score_min"": 45.963569129056644, ""execution_quality_min"": 96.2311557788945, ""expected_required_ratio_min"": 1.6499745141055282, ""final_confidence_min"": 82.32411660953225, ""iv_crush_max"": 29.5, ""market_hostility_max"": 23.163888523618056, ""min_5depth_lots_each_side"": 53.0, ""min_top_book_lots"": 6.0, ""premium_elasticity_min"": 0.0, ""regime_confidence_min"": 60.0, ""spread_pct_max"": 0.37688442211054923, ""trade_quality_min"": 34.113207547169814}",45.963569129056644,PE,DataHealth invalid; Contract invalid: Quote stale or spread hard rejected.; SideDirection hard reject: 3.9 < 65.0; PremiumElasticity hard reject: 0.00 < 1.00; TradeQuality below configured minimum; ConvexityEdge below excellent gate: 37.3 < 80.0,DataHealth invalid; Contract invalid: Quote stale or spread hard rejected.; SideDirection hard reject: 3.9 < 65.0; PremiumElasticity hard reject: 0.00 < 1.00; TradeQuality below configured minimum; ConvexityEdge below excellent gate: 37.3 < 80.0,,0.0,UNVALIDATED_COST_MODEL,UNAVAILABLE,paper-strategy-e935c30a69b1,opportunity-score-e935c30a69b1,PAPER_OVERRIDE::FYERS_PAPER_PROXY_RESEARCH,SKIPPED_FORWARD_PROXY,84.05,84.3,4.450000000000003,0.0,False,False,0.27952261306532683,OBSERVED,,FYERS_PAPER_PROXY_RESEARCH
202608251136_2_BANKNIFTY_CE,5,2026-08-25T11:42:31.990790+05:30,BANKNIFTY,BANKNIFTY,NSE_INDEX,2e840ccd58d1,"{""contract_quality_min"": 0.0, ""direction_min"": 0.0, ""excellent_score_min"": 45.28480486716469, ""execution_quality_min"": 96.42729546266524, ""expected_required_ratio_min"": 1.6499745141055282, ""final_confidence_min"": 81.14380791876964, ""iv_crush_max"": 29.5, ""market_hostility_max"": 23.163888523618056, ""min_5depth_lots_each_side"": 41.0, ""min_top_book_lots"": 1.0, ""premium_elasticity_min"": 0.0, ""regime_confidence_min"": 60.0, ""spread_pct_max"": 0.35727045373347627, ""trade_quality_min"": 34.113207547169814}",45.28480486716469,CE,DataHealth invalid; Contract invalid: Quote stale or spread hard rejected.; SideDirection hard reject: -3.9 < 65.0; PremiumElasticity hard reject: 0.00 < 1.00; TradeQuality below configured minimum; ConvexityEdge below excellent gate: 37.3 < 80.0,DataHealth invalid; Contract invalid: Quote stale or spread hard rejected.; SideDirection hard reject: -3.9 < 65.0; PremiumElasticity hard reject: 0.00 < 1.00; TradeQuality below configured minimum; ConvexityEdge below excellent gate: 37.3 < 80.0,,0.0,UNVALIDATED_COST_MODEL,UNAVAILABLE,paper-strategy-e935c30a69b1,opportunity-score-e935c30a69b1,PAPER_OVERRIDE::FYERS_PAPER_PROXY_RESEARCH,SKIPPED_FORWARD_PROXY,137.35,137.75,0.0,-2.5999999999999943,False,False,-0.10399999999999977,OBSERVED,,FYERS_PAPER_PROXY_RESEARCH
202608251136_3_BANKNIFTY_PE,5,2026-08-25T11:42:31.990790+05:30,BANKNIFTY,BANKNIFTY,NSE_INDEX,2e840ccd58d1,"{""contract_quality_min"": 0.0, ""direction_min"": 3.934362302542016, ""excellent_score_min"": 44.97623118541996, ""execution_quality_min"": 97.64890282131664, ""expected_required_ratio_min"": 1.6499745141055282, ""final_confidence_min"": 82.32411660953225, ""iv_crush_max"": 29.5, ""market_hostility_max"": 23.163888523618056, ""min_5depth_lots_each_side"": 26.0, ""min_top_book_lots"": 1.0, ""premium_elasticity_min"": 0.0, ""regime_confidence_min"": 60.0, ""spread_pct_max"": 0.23510971786833637, ""trade_quality_min"": 34.113207547169814}",44.97623118541996,PE,DataHealth invalid; Contract invalid: Quote stale or spread hard rejected.; SideDirection hard reject: 3.9 < 65.0; PremiumElasticity hard reject: 0.00 < 1.00; TradeQuality below configured minimum; ConvexityEdge below excellent gate: 31.3 < 80.0,DataHealth invalid; Contract invalid: Quote stale or spread hard rejected.; SideDirection hard reject: 3.9 < 65.0; PremiumElasticity hard reject: 0.00 < 1.00; TradeQuality below configured minimum; ConvexityEdge below excellent gate: 31.3 < 80.0,,0.0,UNVALIDATED_COST_MODEL,UNAVAILABLE,paper-strategy-e935c30a69b1,opportunity-score-e935c30a69b1,PAPER_OVERRIDE::FYERS_PAPER_PROXY_RESEARCH,SKIPPED_FORWARD_PROXY,133.5,133.9,5.900000000000006,0.0,False,False,0.23600000000000024,OBSERVED,,FYERS_PAPER_PROXY_RESEARCH
202608251136_4_BANKNIFTY_CE,5,2026-08-25T11:42:31.990790+05:30,BANKNIFTY,BANKNIFTY,NSE_INDEX,2e840ccd58d1,"{""contract_quality_min"": 0.0, ""direction_min"": 0.0, ""excellent_score_min"": 44.19386681999635, ""execution_quality_min"": 97.15437514820965, ""expected_required_ratio_min"": 1.6499745141055282, ""final_confidence_min"": 81.14380791876964, ""iv_crush_max"": 29.5, ""market_hostility_max"": 23.163888523618056, ""min_5depth_lots_each_side"": 16.0, ""min_top_book_lots"": 1.0, ""premium_elasticity_min"": 0.0, ""regime_confidence_min"": 60.0, ""spread_pct_max"": 0.2845624851790345, ""trade_quality_min"": 34.113207547169814}",44.19386681999635,CE,DataHealth invalid; Contract invalid: Quote stale or spread hard rejected.; SideDirection hard reject: -3.9 < 65.0; PremiumElasticity hard reject: 0.00 < 1.00; TradeQuality below configured minimum; ConvexityEdge below excellent gate: 31.3 < 80.0,DataHealth invalid; Contract invalid: Quote stale or spread hard rejected.; SideDirection hard reject: -3.9 < 65.0; PremiumElasticity hard reject: 0.00 < 1.00; TradeQuality below configured minimum; ConvexityEdge below excellent gate: 31.3 < 80.0,,0.0,UNVALIDATED_COST_MODEL,UNAVAILABLE,paper-strategy-e935c30a69b1,opportunity-score-e935c30a69b1,PAPER_OVERRIDE::FYERS_PAPER_PROXY_RESEARCH,SKIPPED_FORWARD_PROXY,202.9,203.5,0.0,-7.950000000000017,False,False,-0.31800000000000067,OBSERVED,,FYERS_PAPER_PROXY_RESEARCH
202608251136_5_FINNIFTY_CE,5,2026-08-25T11:42:31.990790+05:30,FINNIFTY,FINNIFTY,NSE_INDEX,e172b0fef65b,"{""contract_quality_min"": 0.0, ""direction_min"": 0.0, ""excellent_score_min"": 43.788161691759285, ""execution_quality_min"": 92.63622974963181, ""expected_required_ratio_min"": 1.3697217542568092, ""final_confidence_min"": 75.82946780848411, ""iv_crush_max"": 29.5, ""market_hostility_max"": 21.356003889190042, ""min_5depth_lots_each_side"": 9.0, ""min_top_book_lots"": 3.0, ""premium_elasticity_min"": 0.0, ""regime_confidence_min"": 60.0, ""spread_pct_max"": 0.7363770250368188, ""trade_quality_min"": 15.519125683054462}",43.788161691759285,CE,DataHealth invalid; Contract invalid: Quote stale or spread hard rejected.; SideDirection hard reject: -2.2 < 65.0; PremiumElasticity hard reject: 0.00 < 1.00; Expected/Required hard reject: 1.37 < 1.60; TradeQuality below configured minimum; ConvexityEdge below excellent gate: 56.3 < 80.0,DataHealth invalid; Contract invalid: Quote stale or spread hard rejected.; SideDirection hard reject: -2.2 < 65.0; PremiumElasticity hard reject: 0.00 < 1.00; Expected/Required hard reject: 1.37 < 1.60; TradeQuality below configured minimum; ConvexityEdge below excellent gate: 56.3 < 80.0,,0.0,UNVALIDATED_COST_MODEL,UNAVAILABLE,paper-strategy-e935c30a69b1,opportunity-score-e935c30a69b1,PAPER_OVERRIDE::FYERS_PAPER_PROXY_RESEARCH,SKIPPED_FORWARD_PROXY,78.0,78.65,10.099999999999994,0.0,False,False,0.7437407952871865,OBSERVED,,FYERS_PAPER_PROXY_RESEARCH
