ts,date,underlying,exchange,instrument_kind,instrument_class,lifecycle_state,exposure_group,strategy_version,score_version,universe_version,parameter_profile,side,setup_type,strike,side_direction_score,observed_elasticity_valid,observed_elasticity_raw,observed_elasticity_post_cost,observed_elasticity_reason,surface_valid,atm_iv,call_put_iv_skew,call_wing_iv,put_wing_iv,surface_reason,direction_model_score,direction_model_name,direction_model_status,direction_model_disagreement,gate_snapshot_id,gate_learning_status,gate_learning_observations,gate_learning_sessions,gate_learning_outcomes,gate_contract_quality_min,gate_direction_min,gate_premium_elasticity_min,gate_expected_required_ratio_min,gate_trade_quality_min,gate_final_confidence_min,gate_market_hostility_max,gate_iv_crush_max,gate_spread_pct_max,gate_min_top_book_lots,gate_min_5depth_lots_each_side,gate_resolution_path,gate_optimization_method,gate_optimization_status,gate_optimization_quantile,gate_validation_observations,gate_validation_sessions,gate_validation_expectancy_r,gate_validation_drawdown_r,gate_validation_retention,gate_last_validated_at,evidence_profile,mapping_status,cost_model_status,cost_model_valid,canonical_promotion_allowed,iv_context_status,iv_context_reason,iv_context_source,data_health_valid,source_timestamp_available,liquidity_data_status,depth_evidence,depth_source,depth_bid_levels,depth_ask_levels,bid_qty,ask_qty,cumulative_bid_qty_5depth,cumulative_ask_qty_5depth,quote_timestamp,iv_data_status,direction_gate_passed,contract_quality_score,contract_quality_gate_passed,eligible,decision,rejection_count,rejection_reasons,calibrated_probability,calibrated_expectancy_r
2026-08-24T12:25:53.965405+05:30,2026-08-24,BANKNIFTY,NSE,INDEX,NSE_INDEX,PAPER_ELIGIBLE,INDEX:BANKING,paper-strategy-8ade763620b6,opportunity-score-8ade763620b6,universe-a8e55c76a270,PAPER_OVERRIDE::FYERS_PAPER_PROXY_RESEARCH,CE,UNKNOWN,57400.0,0.6,False,,,No prior observation for contract.,False,,,,,ATM IV unavailable.,0.0000,banknifty_fast_wbci,VALID,0.5508,2e840ccd58d1,WARMUP_OBSERVATIONS,0,0,0,80.0,65.0,1.0,1.6,70.0,65.0,35.0,50.0,inf,2.0,10.0,GLOBAL_POLICY_FLOOR>CLASS_FLOOR>INSTRUMENT_LEARNED_FLOOR; LOWER=max; UPPER=min,CONSTRAINED_WALK_FORWARD,WARMUP_OBSERVATIONS,,0,0,,,0.0,,FYERS_PAPER_PROXY_RESEARCH,FYERS_PAPER_RESEARCH_ONLY,COST_MODEL_UNVALIDATED,False,False,DISABLED,Daily market context is disabled until operator review,MANUAL_PROXY_RESEARCH,False,True,MEASURED,FIVE_LEVEL,FYERS_MARKET_DEPTH,5,5,30,60,630,540,2026-08-24T06:55:34+00:00,IV_UNAVAILABLE,False,0,False,False,DATA_INVALID,7,DataHealth invalid; Contract invalid: Quote stale or spread hard rejected.; SideDirection hard reject: 0.6 < 65.0; PremiumElasticity hard reject: 0.50 < 1.00; Expected/Required hard reject: 1.42 < 1.60; TradeQuality below configured minimum; ConvexityEdge below excellent gate: 71.4 < 80.0,,
2026-08-24T12:25:53.965405+05:30,2026-08-24,BANKNIFTY,NSE,INDEX,NSE_INDEX,PAPER_ELIGIBLE,INDEX:BANKING,paper-strategy-8ade763620b6,opportunity-score-8ade763620b6,universe-a8e55c76a270,PAPER_OVERRIDE::FYERS_PAPER_PROXY_RESEARCH,PE,UNKNOWN,57400.0,0.0,False,,,No prior observation for contract.,False,,,,,ATM IV unavailable.,0.0000,banknifty_fast_wbci,VALID,0.5508,2e840ccd58d1,WARMUP_OBSERVATIONS,0,0,0,80.0,65.0,1.0,1.6,70.0,65.0,35.0,50.0,inf,2.0,10.0,GLOBAL_POLICY_FLOOR>CLASS_FLOOR>INSTRUMENT_LEARNED_FLOOR; LOWER=max; UPPER=min,CONSTRAINED_WALK_FORWARD,WARMUP_OBSERVATIONS,,0,0,,,0.0,,FYERS_PAPER_PROXY_RESEARCH,FYERS_PAPER_RESEARCH_ONLY,COST_MODEL_UNVALIDATED,False,False,DISABLED,Daily market context is disabled until operator review,MANUAL_PROXY_RESEARCH,False,True,MEASURED,FIVE_LEVEL,FYERS_MARKET_DEPTH,5,5,60,90,660,720,2026-08-24T06:55:33+00:00,IV_UNAVAILABLE,False,0,False,False,DATA_INVALID,7,DataHealth invalid; Contract invalid: Quote stale or spread hard rejected.; SideDirection hard reject: -0.6 < 65.0; PremiumElasticity hard reject: 0.50 < 1.00; Expected/Required hard reject: 1.42 < 1.60; TradeQuality below configured minimum; ConvexityEdge below excellent gate: 71.4 < 80.0,,
2026-08-24T12:25:53.965405+05:30,2026-08-24,BANKNIFTY,NSE,INDEX,NSE_INDEX,PAPER_ELIGIBLE,INDEX:BANKING,paper-strategy-8ade763620b6,opportunity-score-8ade763620b6,universe-a8e55c76a270,PAPER_OVERRIDE::FYERS_PAPER_PROXY_RESEARCH,CE,UNKNOWN,57300.0,0.6,False,,,No prior observation for contract.,False,,,,,ATM IV unavailable.,0.0000,banknifty_fast_wbci,VALID,0.5508,2e840ccd58d1,WARMUP_OBSERVATIONS,0,0,0,80.0,65.0,1.0,1.6,70.0,65.0,35.0,50.0,inf,2.0,10.0,GLOBAL_POLICY_FLOOR>CLASS_FLOOR>INSTRUMENT_LEARNED_FLOOR; LOWER=max; UPPER=min,CONSTRAINED_WALK_FORWARD,WARMUP_OBSERVATIONS,,0,0,,,0.0,,FYERS_PAPER_PROXY_RESEARCH,FYERS_PAPER_RESEARCH_ONLY,COST_MODEL_UNVALIDATED,False,False,DISABLED,Daily market context is disabled until operator review,MANUAL_PROXY_RESEARCH,False,True,MEASURED,FIVE_LEVEL,FYERS_MARKET_DEPTH,5,5,30,30,360,450,2026-08-24T06:55:33+00:00,IV_UNAVAILABLE,False,0,False,False,DATA_INVALID,7,DataHealth invalid; Contract invalid: Quote stale or spread hard rejected.; SideDirection hard reject: 0.6 < 65.0; PremiumElasticity hard reject: 0.70 < 1.00; Expected/Required hard reject: 1.42 < 1.60; TradeQuality below configured minimum; ConvexityEdge below excellent gate: 71.4 < 80.0,,
2026-08-24T12:25:53.965405+05:30,2026-08-24,BANKNIFTY,NSE,INDEX,NSE_INDEX,PAPER_ELIGIBLE,INDEX:BANKING,paper-strategy-8ade763620b6,opportunity-score-8ade763620b6,universe-a8e55c76a270,PAPER_OVERRIDE::FYERS_PAPER_PROXY_RESEARCH,PE,UNKNOWN,57300.0,0.0,False,,,No prior observation for contract.,False,,,,,ATM IV unavailable.,0.0000,banknifty_fast_wbci,VALID,0.5508,2e840ccd58d1,WARMUP_OBSERVATIONS,0,0,0,80.0,65.0,1.0,1.6,70.0,65.0,35.0,50.0,inf,2.0,10.0,GLOBAL_POLICY_FLOOR>CLASS_FLOOR>INSTRUMENT_LEARNED_FLOOR; LOWER=max; UPPER=min,CONSTRAINED_WALK_FORWARD,WARMUP_OBSERVATIONS,,0,0,,,0.0,,FYERS_PAPER_PROXY_RESEARCH,FYERS_PAPER_RESEARCH_ONLY,COST_MODEL_UNVALIDATED,False,False,DISABLED,Daily market context is disabled until operator review,MANUAL_PROXY_RESEARCH,False,True,MEASURED,FIVE_LEVEL,FYERS_MARKET_DEPTH,5,5,30,90,960,690,2026-08-24T06:55:34+00:00,IV_UNAVAILABLE,False,0,False,False,DATA_INVALID,7,DataHealth invalid; Contract invalid: Quote stale or spread hard rejected.; SideDirection hard reject: -0.6 < 65.0; PremiumElasticity hard reject: 0.30 < 1.00; Expected/Required hard reject: 1.42 < 1.60; TradeQuality below configured minimum; ConvexityEdge below excellent gate: 57.4 < 80.0,,
2026-08-24T12:25:53.965405+05:30,2026-08-24,BANKNIFTY,NSE,INDEX,NSE_INDEX,PAPER_ELIGIBLE,INDEX:BANKING,paper-strategy-8ade763620b6,opportunity-score-8ade763620b6,universe-a8e55c76a270,PAPER_OVERRIDE::FYERS_PAPER_PROXY_RESEARCH,CE,UNKNOWN,57500.0,0.6,False,,,No prior observation for contract.,False,,,,,ATM IV unavailable.,0.0000,banknifty_fast_wbci,VALID,0.5508,2e840ccd58d1,WARMUP_OBSERVATIONS,0,0,0,80.0,65.0,1.0,1.6,70.0,65.0,35.0,50.0,inf,2.0,10.0,GLOBAL_POLICY_FLOOR>CLASS_FLOOR>INSTRUMENT_LEARNED_FLOOR; LOWER=max; UPPER=min,CONSTRAINED_WALK_FORWARD,WARMUP_OBSERVATIONS,,0,0,,,0.0,,FYERS_PAPER_PROXY_RESEARCH,FYERS_PAPER_RESEARCH_ONLY,COST_MODEL_UNVALIDATED,False,False,DISABLED,Daily market context is disabled until operator review,MANUAL_PROXY_RESEARCH,False,True,MEASURED,FIVE_LEVEL,FYERS_MARKET_DEPTH,5,5,30,30,780,450,2026-08-24T06:55:34+00:00,IV_UNAVAILABLE,False,0,False,False,DATA_INVALID,7,DataHealth invalid; Contract invalid: Quote stale or spread hard rejected.; SideDirection hard reject: 0.6 < 65.0; PremiumElasticity hard reject: 0.30 < 1.00; Expected/Required hard reject: 1.42 < 1.60; TradeQuality below configured minimum; ConvexityEdge below excellent gate: 57.4 < 80.0,,
2026-08-24T12:25:53.965405+05:30,2026-08-24,BANKNIFTY,NSE,INDEX,NSE_INDEX,PAPER_ELIGIBLE,INDEX:BANKING,paper-strategy-8ade763620b6,opportunity-score-8ade763620b6,universe-a8e55c76a270,PAPER_OVERRIDE::FYERS_PAPER_PROXY_RESEARCH,PE,UNKNOWN,57500.0,0.0,False,,,No prior observation for contract.,False,,,,,ATM IV unavailable.,0.0000,banknifty_fast_wbci,VALID,0.5508,2e840ccd58d1,WARMUP_OBSERVATIONS,0,0,0,80.0,65.0,1.0,1.6,70.0,65.0,35.0,50.0,inf,2.0,10.0,GLOBAL_POLICY_FLOOR>CLASS_FLOOR>INSTRUMENT_LEARNED_FLOOR; LOWER=max; UPPER=min,CONSTRAINED_WALK_FORWARD,WARMUP_OBSERVATIONS,,0,0,,,0.0,,FYERS_PAPER_PROXY_RESEARCH,FYERS_PAPER_RESEARCH_ONLY,COST_MODEL_UNVALIDATED,False,False,DISABLED,Daily market context is disabled until operator review,MANUAL_PROXY_RESEARCH,False,True,MEASURED,FIVE_LEVEL,FYERS_MARKET_DEPTH,5,5,30,150,360,510,2026-08-24T06:55:33+00:00,IV_UNAVAILABLE,False,0,False,False,DATA_INVALID,7,DataHealth invalid; Contract invalid: Quote stale or spread hard rejected.; SideDirection hard reject: -0.6 < 65.0; PremiumElasticity hard reject: 0.70 < 1.00; Expected/Required hard reject: 1.42 < 1.60; TradeQuality below configured minimum; ConvexityEdge below excellent gate: 71.4 < 80.0,,
2026-08-24T12:25:53.965405+05:30,2026-08-24,FINNIFTY,NSE,INDEX,NSE_INDEX,PAPER_ELIGIBLE,INDEX:FINANCIALS,paper-strategy-8ade763620b6,opportunity-score-8ade763620b6,universe-a8e55c76a270,PAPER_OVERRIDE::FYERS_PAPER_PROXY_RESEARCH,PE,UNKNOWN,26150.0,1.8,False,,,No prior observation for contract.,False,,,,,ATM IV unavailable.,6.0000,finnifty_leadership_proxy,VALID,7.8355,e172b0fef65b,WARMUP_OBSERVATIONS,0,0,0,80.0,65.0,1.0,1.6,70.0,65.0,35.0,50.0,inf,2.0,10.0,GLOBAL_POLICY_FLOOR>CLASS_FLOOR>INSTRUMENT_LEARNED_FLOOR; LOWER=max; UPPER=min,CONSTRAINED_WALK_FORWARD,WARMUP_OBSERVATIONS,,0,0,,,0.0,,FYERS_PAPER_PROXY_RESEARCH,FYERS_PAPER_RESEARCH_ONLY,COST_MODEL_UNVALIDATED,False,False,DISABLED,Daily market context is disabled until operator review,MANUAL_PROXY_RESEARCH,False,True,MEASURED,FIVE_LEVEL,FYERS_MARKET_DEPTH,5,5,60,60,720,660,2026-08-24T06:55:34+00:00,IV_UNAVAILABLE,False,0,False,False,DATA_INVALID,7,DataHealth invalid; Contract invalid: Quote stale or spread hard rejected.; SideDirection hard reject: 1.8 < 65.0; PremiumElasticity hard reject: 0.50 < 1.00; Expected/Required hard reject: 1.25 < 1.60; TradeQuality below configured minimum; ConvexityEdge below excellent gate: 71.4 < 80.0,,
2026-08-24T12:25:53.965405+05:30,2026-08-24,FINNIFTY,NSE,INDEX,NSE_INDEX,PAPER_ELIGIBLE,INDEX:FINANCIALS,paper-strategy-8ade763620b6,opportunity-score-8ade763620b6,universe-a8e55c76a270,PAPER_OVERRIDE::FYERS_PAPER_PROXY_RESEARCH,CE,UNKNOWN,26100.0,0.0,False,,,No prior observation for contract.,False,,,,,ATM IV unavailable.,6.0000,finnifty_leadership_proxy,VALID,7.8355,e172b0fef65b,WARMUP_OBSERVATIONS,0,0,0,80.0,65.0,1.0,1.6,70.0,65.0,35.0,50.0,inf,2.0,10.0,GLOBAL_POLICY_FLOOR>CLASS_FLOOR>INSTRUMENT_LEARNED_FLOOR; LOWER=max; UPPER=min,CONSTRAINED_WALK_FORWARD,WARMUP_OBSERVATIONS,,0,0,,,0.0,,FYERS_PAPER_PROXY_RESEARCH,FYERS_PAPER_RESEARCH_ONLY,COST_MODEL_UNVALIDATED,False,False,DISABLED,Daily market context is disabled until operator review,MANUAL_PROXY_RESEARCH,False,True,MEASURED,FIVE_LEVEL,FYERS_MARKET_DEPTH,5,5,60,60,300,360,2026-08-24T06:55:23+00:00,IV_UNAVAILABLE,False,0,False,False,DATA_INVALID,7,DataHealth invalid; Contract invalid: Quote stale or spread hard rejected.; SideDirection hard reject: -1.8 < 65.0; PremiumElasticity hard reject: 0.70 < 1.00; Expected/Required hard reject: 1.25 < 1.60; TradeQuality below configured minimum; ConvexityEdge below excellent gate: 71.4 < 80.0,,
2026-08-24T12:25:53.965405+05:30,2026-08-24,FINNIFTY,NSE,INDEX,NSE_INDEX,PAPER_ELIGIBLE,INDEX:FINANCIALS,paper-strategy-8ade763620b6,opportunity-score-8ade763620b6,universe-a8e55c76a270,PAPER_OVERRIDE::FYERS_PAPER_PROXY_RESEARCH,CE,UNKNOWN,26200.0,0.0,False,,,No prior observation for contract.,False,,,,,ATM IV unavailable.,6.0000,finnifty_leadership_proxy,VALID,7.8355,e172b0fef65b,WARMUP_OBSERVATIONS,0,0,0,80.0,65.0,1.0,1.6,70.0,65.0,35.0,50.0,inf,2.0,10.0,GLOBAL_POLICY_FLOOR>CLASS_FLOOR>INSTRUMENT_LEARNED_FLOOR; LOWER=max; UPPER=min,CONSTRAINED_WALK_FORWARD,WARMUP_OBSERVATIONS,,0,0,,,0.0,,FYERS_PAPER_PROXY_RESEARCH,FYERS_PAPER_RESEARCH_ONLY,COST_MODEL_UNVALIDATED,False,False,DISABLED,Daily market context is disabled until operator review,MANUAL_PROXY_RESEARCH,False,True,MEASURED,FIVE_LEVEL,FYERS_MARKET_DEPTH,5,5,240,120,480,480,2026-08-24T06:55:30+00:00,IV_UNAVAILABLE,False,0,False,False,DATA_INVALID,7,DataHealth invalid; Contract invalid: Quote stale or spread hard rejected.; SideDirection hard reject: -1.8 < 65.0; PremiumElasticity hard reject: 0.30 < 1.00; Expected/Required hard reject: 1.25 < 1.60; TradeQuality below configured minimum; ConvexityEdge below excellent gate: 57.4 < 80.0,,
2026-08-24T12:25:53.965405+05:30,2026-08-24,MIDCPNIFTY,NSE,INDEX,NSE_INDEX,PAPER_ELIGIBLE,INDEX:MIDCAP,paper-strategy-8ade763620b6,opportunity-score-8ade763620b6,universe-a8e55c76a270,PAPER_OVERRIDE::FYERS_PAPER_PROXY_RESEARCH,CE,UNKNOWN,14875.0,2.5,False,,,No prior observation for contract.,False,,,,,ATM IV unavailable.,5.8081,midcap_direction_proxy,PARTIAL_MIDCAP,3.3335,712afad509f5,WARMUP_OBSERVATIONS,0,0,0,80.0,65.0,1.0,1.6,70.0,65.0,35.0,50.0,inf,2.0,10.0,GLOBAL_POLICY_FLOOR>CLASS_FLOOR>INSTRUMENT_LEARNED_FLOOR; LOWER=max; UPPER=min,CONSTRAINED_WALK_FORWARD,WARMUP_OBSERVATIONS,,0,0,,,0.0,,FYERS_PAPER_PROXY_RESEARCH,FYERS_PAPER_RESEARCH_ONLY,COST_MODEL_UNVALIDATED,False,False,DISABLED,Daily market context is disabled until operator review,MANUAL_PROXY_RESEARCH,False,True,MEASURED,FIVE_LEVEL,FYERS_MARKET_DEPTH,5,5,480,240,2640,1320,2026-08-24T06:55:36+00:00,IV_UNAVAILABLE,False,0,False,False,DATA_INVALID,7,DataHealth invalid; Contract invalid: Quote stale or spread hard rejected.; SideDirection hard reject: 2.5 < 65.0; PremiumElasticity hard reject: 0.50 < 1.00; Expected/Required hard reject: 1.08 < 1.60; TradeQuality below configured minimum; ConvexityEdge below excellent gate: 70.4 < 80.0,,
2026-08-24T12:25:53.965405+05:30,2026-08-24,MIDCPNIFTY,NSE,INDEX,NSE_INDEX,PAPER_ELIGIBLE,INDEX:MIDCAP,paper-strategy-8ade763620b6,opportunity-score-8ade763620b6,universe-a8e55c76a270,PAPER_OVERRIDE::FYERS_PAPER_PROXY_RESEARCH,CE,UNKNOWN,14850.0,2.5,False,,,No prior observation for contract.,False,,,,,ATM IV unavailable.,5.8081,midcap_direction_proxy,PARTIAL_MIDCAP,3.3335,712afad509f5,WARMUP_OBSERVATIONS,0,0,0,80.0,65.0,1.0,1.6,70.0,65.0,35.0,50.0,inf,2.0,10.0,GLOBAL_POLICY_FLOOR>CLASS_FLOOR>INSTRUMENT_LEARNED_FLOOR; LOWER=max; UPPER=min,CONSTRAINED_WALK_FORWARD,WARMUP_OBSERVATIONS,,0,0,,,0.0,,FYERS_PAPER_PROXY_RESEARCH,FYERS_PAPER_RESEARCH_ONLY,COST_MODEL_UNVALIDATED,False,False,DISABLED,Daily market context is disabled until operator review,MANUAL_PROXY_RESEARCH,False,True,MEASURED,FIVE_LEVEL,FYERS_MARKET_DEPTH,5,5,240,240,2520,2160,2026-08-24T06:55:37+00:00,IV_UNAVAILABLE,False,0,False,False,DATA_INVALID,7,DataHealth invalid; Contract invalid: Quote stale or spread hard rejected.; SideDirection hard reject: 2.5 < 65.0; PremiumElasticity hard reject: 0.70 < 1.00; Expected/Required hard reject: 1.08 < 1.60; TradeQuality below configured minimum; ConvexityEdge below excellent gate: 70.4 < 80.0,,
2026-08-24T12:25:53.965405+05:30,2026-08-24,MIDCPNIFTY,NSE,INDEX,NSE_INDEX,PAPER_ELIGIBLE,INDEX:MIDCAP,paper-strategy-8ade763620b6,opportunity-score-8ade763620b6,universe-a8e55c76a270,PAPER_OVERRIDE::FYERS_PAPER_PROXY_RESEARCH,PE,UNKNOWN,14900.0,0.0,False,,,No prior observation for contract.,False,,,,,ATM IV unavailable.,5.8081,midcap_direction_proxy,PARTIAL_MIDCAP,3.3335,712afad509f5,WARMUP_OBSERVATIONS,0,0,0,80.0,65.0,1.0,1.6,70.0,65.0,35.0,50.0,inf,2.0,10.0,GLOBAL_POLICY_FLOOR>CLASS_FLOOR>INSTRUMENT_LEARNED_FLOOR; LOWER=max; UPPER=min,CONSTRAINED_WALK_FORWARD,WARMUP_OBSERVATIONS,,0,0,,,0.0,,FYERS_PAPER_PROXY_RESEARCH,FYERS_PAPER_RESEARCH_ONLY,COST_MODEL_UNVALIDATED,False,False,DISABLED,Daily market context is disabled until operator review,MANUAL_PROXY_RESEARCH,False,True,MEASURED,FIVE_LEVEL,FYERS_MARKET_DEPTH,5,5,480,120,7320,2640,2026-08-24T06:55:36+00:00,IV_UNAVAILABLE,False,0,False,False,DATA_INVALID,7,DataHealth invalid; Contract invalid: Quote stale or spread hard rejected.; SideDirection hard reject: -2.5 < 65.0; PremiumElasticity hard reject: 0.70 < 1.00; Expected/Required hard reject: 1.08 < 1.60; TradeQuality below configured minimum; ConvexityEdge below excellent gate: 70.4 < 80.0,,
2026-08-24T12:25:53.965405+05:30,2026-08-24,SENSEX,BSE,INDEX,BSE_INDEX,PAPER_ELIGIBLE,INDEX:BSE_BROAD,paper-strategy-8ade763620b6,opportunity-score-8ade763620b6,universe-a8e55c76a270,PAPER_OVERRIDE::FYERS_PAPER_PROXY_RESEARCH,PE,UNKNOWN,77400.0,0.0,False,,,No prior observation for contract.,False,,,,,ATM IV unavailable.,,SENSEX,NOT_CONFIGURED,,2c55d017dc19,WARMUP_OBSERVATIONS,0,0,0,85.0,65.0,1.0,1.6,70.0,65.0,35.0,50.0,inf,3.0,15.0,GLOBAL_POLICY_FLOOR>CLASS_FLOOR>INSTRUMENT_LEARNED_FLOOR; LOWER=max; UPPER=min,CONSTRAINED_WALK_FORWARD,WARMUP_OBSERVATIONS,,0,0,,,0.0,,FYERS_PAPER_PROXY_RESEARCH,FYERS_PAPER_RESEARCH_ONLY,COST_MODEL_UNVALIDATED,False,False,DISABLED,Daily market context is disabled until operator review,MANUAL_PROXY_RESEARCH,False,True,MEASURED,FIVE_LEVEL,FYERS_MARKET_DEPTH,5,5,180,80,780,500,2026-08-24T06:55:38+00:00,IV_UNAVAILABLE,False,0,False,False,DATA_INVALID,8,DataHealth invalid; Contract invalid: Quote stale or spread hard rejected.; SideDirection hard reject: -1.1 < 65.0; PremiumElasticity hard reject: 0.50 < 1.00; Expected/Required hard reject: 1.17 < 1.60; TradeQuality below configured minimum; ConvexityEdge below excellent gate: 78.1 < 80.0; RegimeFit below excellent gate: 60.0 < 70.0,,
2026-08-24T12:25:53.965405+05:30,2026-08-24,SENSEX,BSE,INDEX,BSE_INDEX,PAPER_ELIGIBLE,INDEX:BSE_BROAD,paper-strategy-8ade763620b6,opportunity-score-8ade763620b6,universe-a8e55c76a270,PAPER_OVERRIDE::FYERS_PAPER_PROXY_RESEARCH,CE,UNKNOWN,77300.0,1.1,False,,,No prior observation for contract.,False,,,,,ATM IV unavailable.,,SENSEX,NOT_CONFIGURED,,2c55d017dc19,WARMUP_OBSERVATIONS,0,0,0,85.0,65.0,1.0,1.6,70.0,65.0,35.0,50.0,inf,3.0,15.0,GLOBAL_POLICY_FLOOR>CLASS_FLOOR>INSTRUMENT_LEARNED_FLOOR; LOWER=max; UPPER=min,CONSTRAINED_WALK_FORWARD,WARMUP_OBSERVATIONS,,0,0,,,0.0,,FYERS_PAPER_PROXY_RESEARCH,FYERS_PAPER_RESEARCH_ONLY,COST_MODEL_UNVALIDATED,False,False,DISABLED,Daily market context is disabled until operator review,MANUAL_PROXY_RESEARCH,False,True,MEASURED,FIVE_LEVEL,FYERS_MARKET_DEPTH,5,5,300,100,1620,780,2026-08-24T06:55:39+00:00,IV_UNAVAILABLE,False,0,False,False,DATA_INVALID,8,DataHealth invalid; Contract invalid: Quote stale or spread hard rejected.; SideDirection hard reject: 1.1 < 65.0; PremiumElasticity hard reject: 0.70 < 1.00; Expected/Required hard reject: 1.17 < 1.60; TradeQuality below configured minimum; ConvexityEdge below excellent gate: 76.6 < 80.0; RegimeFit below excellent gate: 60.0 < 70.0,,
2026-08-24T12:25:53.965405+05:30,2026-08-24,SENSEX,BSE,INDEX,BSE_INDEX,PAPER_ELIGIBLE,INDEX:BSE_BROAD,paper-strategy-8ade763620b6,opportunity-score-8ade763620b6,universe-a8e55c76a270,PAPER_OVERRIDE::FYERS_PAPER_PROXY_RESEARCH,PE,UNKNOWN,77300.0,0.0,False,,,No prior observation for contract.,False,,,,,ATM IV unavailable.,,SENSEX,NOT_CONFIGURED,,2c55d017dc19,WARMUP_OBSERVATIONS,0,0,0,85.0,65.0,1.0,1.6,70.0,65.0,35.0,50.0,inf,3.0,15.0,GLOBAL_POLICY_FLOOR>CLASS_FLOOR>INSTRUMENT_LEARNED_FLOOR; LOWER=max; UPPER=min,CONSTRAINED_WALK_FORWARD,WARMUP_OBSERVATIONS,,0,0,,,0.0,,FYERS_PAPER_PROXY_RESEARCH,FYERS_PAPER_RESEARCH_ONLY,COST_MODEL_UNVALIDATED,False,False,DISABLED,Daily market context is disabled until operator review,MANUAL_PROXY_RESEARCH,False,True,MEASURED,FIVE_LEVEL,FYERS_MARKET_DEPTH,5,5,240,40,2500,1260,2026-08-24T06:55:39+00:00,IV_UNAVAILABLE,False,0,False,False,DATA_INVALID,8,DataHealth invalid; Contract invalid: Quote stale or spread hard rejected.; SideDirection hard reject: -1.1 < 65.0; PremiumElasticity hard reject: 0.30 < 1.00; Expected/Required hard reject: 1.17 < 1.60; TradeQuality below configured minimum; ConvexityEdge below excellent gate: 62.1 < 80.0; RegimeFit below excellent gate: 60.0 < 70.0,,
2026-08-24T12:25:53.965405+05:30,2026-08-24,SENSEX,BSE,INDEX,BSE_INDEX,PAPER_ELIGIBLE,INDEX:BSE_BROAD,paper-strategy-8ade763620b6,opportunity-score-8ade763620b6,universe-a8e55c76a270,PAPER_OVERRIDE::FYERS_PAPER_PROXY_RESEARCH,CE,UNKNOWN,77500.0,1.1,False,,,No prior observation for contract.,False,,,,,ATM IV unavailable.,,SENSEX,NOT_CONFIGURED,,2c55d017dc19,WARMUP_OBSERVATIONS,0,0,0,85.0,65.0,1.0,1.6,70.0,65.0,35.0,50.0,inf,3.0,15.0,GLOBAL_POLICY_FLOOR>CLASS_FLOOR>INSTRUMENT_LEARNED_FLOOR; LOWER=max; UPPER=min,CONSTRAINED_WALK_FORWARD,WARMUP_OBSERVATIONS,,0,0,,,0.0,,FYERS_PAPER_PROXY_RESEARCH,FYERS_PAPER_RESEARCH_ONLY,COST_MODEL_UNVALIDATED,False,False,DISABLED,Daily market context is disabled until operator review,MANUAL_PROXY_RESEARCH,False,True,MEASURED,FIVE_LEVEL,FYERS_MARKET_DEPTH,5,5,260,20,1360,320,2026-08-24T06:55:38+00:00,IV_UNAVAILABLE,False,0,False,False,DATA_INVALID,8,DataHealth invalid; Contract invalid: Quote stale or spread hard rejected.; SideDirection hard reject: 1.1 < 65.0; PremiumElasticity hard reject: 0.30 < 1.00; Expected/Required hard reject: 1.17 < 1.60; TradeQuality below configured minimum; ConvexityEdge below excellent gate: 62.1 < 80.0; RegimeFit below excellent gate: 60.0 < 70.0,,
2026-08-24T12:25:53.965405+05:30,2026-08-24,SENSEX,BSE,INDEX,BSE_INDEX,PAPER_ELIGIBLE,INDEX:BSE_BROAD,paper-strategy-8ade763620b6,opportunity-score-8ade763620b6,universe-a8e55c76a270,PAPER_OVERRIDE::FYERS_PAPER_PROXY_RESEARCH,PE,UNKNOWN,77500.0,0.0,False,,,No prior observation for contract.,False,,,,,ATM IV unavailable.,,SENSEX,NOT_CONFIGURED,,2c55d017dc19,WARMUP_OBSERVATIONS,0,0,0,85.0,65.0,1.0,1.6,70.0,65.0,35.0,50.0,inf,3.0,15.0,GLOBAL_POLICY_FLOOR>CLASS_FLOOR>INSTRUMENT_LEARNED_FLOOR; LOWER=max; UPPER=min,CONSTRAINED_WALK_FORWARD,WARMUP_OBSERVATIONS,,0,0,,,0.0,,FYERS_PAPER_PROXY_RESEARCH,FYERS_PAPER_RESEARCH_ONLY,COST_MODEL_UNVALIDATED,False,False,DISABLED,Daily market context is disabled until operator review,MANUAL_PROXY_RESEARCH,False,True,MEASURED,FIVE_LEVEL,FYERS_MARKET_DEPTH,5,5,40,60,440,640,2026-08-24T06:55:39+00:00,IV_UNAVAILABLE,False,0,False,False,DATA_INVALID,8,DataHealth invalid; Contract invalid: Quote stale or spread hard rejected.; SideDirection hard reject: -1.1 < 65.0; PremiumElasticity hard reject: 0.70 < 1.00; Expected/Required hard reject: 1.17 < 1.60; TradeQuality below configured minimum; ConvexityEdge below excellent gate: 76.6 < 80.0; RegimeFit below excellent gate: 60.0 < 70.0,,
2026-08-24T12:25:53.965405+05:30,2026-08-24,ADANIENT,NSE,STOCK,NSE_STOCK_OPTION,PAPER_ELIGIBLE,STOCK:ADANIENT,paper-strategy-8ade763620b6,opportunity-score-8ade763620b6,universe-a8e55c76a270,PAPER_OVERRIDE::FYERS_PAPER_PROXY_RESEARCH,CE,UNKNOWN,3000.0,5.6,False,,,No prior observation for contract.,False,,,,,ATM IV unavailable.,,ADANIENT,NOT_CONFIGURED,,ead8624c1bbc,WARMUP_OBSERVATIONS,0,0,0,90.0,65.0,1.0,1.6,70.0,65.0,35.0,50.0,inf,3.0,20.0,GLOBAL_POLICY_FLOOR>CLASS_FLOOR>INSTRUMENT_LEARNED_FLOOR; LOWER=max; UPPER=min,CONSTRAINED_WALK_FORWARD,WARMUP_OBSERVATIONS,,0,0,,,0.0,,FYERS_PAPER_PROXY_RESEARCH,FYERS_PAPER_RESEARCH_ONLY,COST_MODEL_UNVALIDATED,False,False,DISABLED,Daily market context is disabled until operator review,MANUAL_PROXY_RESEARCH,False,True,MEASURED,FIVE_LEVEL,FYERS_MARKET_DEPTH,5,5,927,309,4017,2472,2026-08-24T06:54:35+00:00,IV_UNAVAILABLE,False,0,False,False,DATA_INVALID,11,DataHealth invalid; Contract invalid: Quote stale or spread hard rejected.; SideDirection hard reject: 5.6 < 65.0; PremiumElasticity hard reject: 0.50 < 1.00; Expected/Required hard reject: 1.17 < 1.60; TradeQuality below configured minimum; FinalConfidence below configured minimum; ExecutionQuality below excellent gate: 0.0 < 80.0; ConvexityEdge below excellent gate: 71.4 < 80.0; OpportunityConfidence below excellent gate: 38.5 < 70.0; RegimeFit below excellent gate: 60.0 < 70.0,,
2026-08-24T12:25:53.965405+05:30,2026-08-24,ADANIENT,NSE,STOCK,NSE_STOCK_OPTION,PAPER_ELIGIBLE,STOCK:ADANIENT,paper-strategy-8ade763620b6,opportunity-score-8ade763620b6,universe-a8e55c76a270,PAPER_OVERRIDE::FYERS_PAPER_PROXY_RESEARCH,PE,UNKNOWN,3000.0,0.0,False,,,No prior observation for contract.,False,,,,,ATM IV unavailable.,,ADANIENT,NOT_CONFIGURED,,ead8624c1bbc,WARMUP_OBSERVATIONS,0,0,0,90.0,65.0,1.0,1.6,70.0,65.0,35.0,50.0,inf,3.0,20.0,GLOBAL_POLICY_FLOOR>CLASS_FLOOR>INSTRUMENT_LEARNED_FLOOR; LOWER=max; UPPER=min,CONSTRAINED_WALK_FORWARD,WARMUP_OBSERVATIONS,,0,0,,,0.0,,FYERS_PAPER_PROXY_RESEARCH,FYERS_PAPER_RESEARCH_ONLY,COST_MODEL_UNVALIDATED,False,False,DISABLED,Daily market context is disabled until operator review,MANUAL_PROXY_RESEARCH,False,True,MEASURED,FIVE_LEVEL,FYERS_MARKET_DEPTH,5,5,618,927,2472,2163,2026-08-24T06:54:03+00:00,IV_UNAVAILABLE,False,0,False,False,DATA_INVALID,11,DataHealth invalid; Contract invalid: Quote stale or spread hard rejected.; SideDirection hard reject: -5.6 < 65.0; PremiumElasticity hard reject: 0.50 < 1.00; Expected/Required hard reject: 1.17 < 1.60; TradeQuality below configured minimum; FinalConfidence below configured minimum; ExecutionQuality below excellent gate: 33.6 < 80.0; ConvexityEdge below excellent gate: 71.4 < 80.0; OpportunityConfidence below excellent gate: 60.9 < 70.0; RegimeFit below excellent gate: 60.0 < 70.0,,
2026-08-24T12:25:53.965405+05:30,2026-08-24,ADANIENT,NSE,STOCK,NSE_STOCK_OPTION,PAPER_ELIGIBLE,STOCK:ADANIENT,paper-strategy-8ade763620b6,opportunity-score-8ade763620b6,universe-a8e55c76a270,PAPER_OVERRIDE::FYERS_PAPER_PROXY_RESEARCH,PE,UNKNOWN,2960.0,0.0,False,,,No prior observation for contract.,False,,,,,ATM IV unavailable.,,ADANIENT,NOT_CONFIGURED,,ead8624c1bbc,WARMUP_OBSERVATIONS,0,0,0,90.0,65.0,1.0,1.6,70.0,65.0,35.0,50.0,inf,3.0,20.0,GLOBAL_POLICY_FLOOR>CLASS_FLOOR>INSTRUMENT_LEARNED_FLOOR; LOWER=max; UPPER=min,CONSTRAINED_WALK_FORWARD,WARMUP_OBSERVATIONS,,0,0,,,0.0,,FYERS_PAPER_PROXY_RESEARCH,FYERS_PAPER_RESEARCH_ONLY,COST_MODEL_UNVALIDATED,False,False,DISABLED,Daily market context is disabled until operator review,MANUAL_PROXY_RESEARCH,False,True,MEASURED,FIVE_LEVEL,FYERS_MARKET_DEPTH,5,5,618,927,2781,3708,2026-08-24T06:54:36+00:00,IV_UNAVAILABLE,False,0,False,False,DATA_INVALID,11,DataHealth invalid; Contract invalid: Quote stale or spread hard rejected.; SideDirection hard reject: -5.6 < 65.0; PremiumElasticity hard reject: 0.30 < 1.00; Expected/Required hard reject: 1.17 < 1.60; TradeQuality below configured minimum; FinalConfidence below configured minimum; ExecutionQuality below excellent gate: 0.0 < 80.0; ConvexityEdge below excellent gate: 57.4 < 80.0; OpportunityConfidence below excellent gate: 33.2 < 70.0; RegimeFit below excellent gate: 60.0 < 70.0,,
2026-08-24T12:25:53.965405+05:30,2026-08-24,ADANIPORTS,NSE,STOCK,NSE_STOCK_OPTION,PAPER_ELIGIBLE,STOCK:ADANIPORTS,paper-strategy-8ade763620b6,opportunity-score-8ade763620b6,universe-a8e55c76a270,PAPER_OVERRIDE::FYERS_PAPER_PROXY_RESEARCH,PE,UNKNOWN,1680.0,11.0,False,,,No prior observation for contract.,False,,,,,ATM IV unavailable.,,ADANIPORTS,NOT_CONFIGURED,,0ea962f87095,WARMUP_OBSERVATIONS,0,0,0,90.0,65.0,1.0,1.6,70.0,65.0,35.0,50.0,inf,3.0,20.0,GLOBAL_POLICY_FLOOR>CLASS_FLOOR>INSTRUMENT_LEARNED_FLOOR; LOWER=max; UPPER=min,CONSTRAINED_WALK_FORWARD,WARMUP_OBSERVATIONS,,0,0,,,0.0,,FYERS_PAPER_PROXY_RESEARCH,FYERS_PAPER_RESEARCH_ONLY,COST_MODEL_UNVALIDATED,False,False,DISABLED,Daily market context is disabled until operator review,MANUAL_PROXY_RESEARCH,False,True,MEASURED,FIVE_LEVEL,FYERS_MARKET_DEPTH,5,5,950,950,12825,8550,2026-08-24T06:54:42+00:00,IV_UNAVAILABLE,False,0,False,False,DATA_INVALID,9,DataHealth invalid; Contract invalid: Quote stale or spread hard rejected.; SideDirection hard reject: 11.0 < 65.0; PremiumElasticity hard reject: 0.50 < 1.00; Expected/Required hard reject: 1.17 < 1.60; ExecutionQuality below excellent gate: 34.2 < 80.0; ConvexityEdge below excellent gate: 71.4 < 80.0; OpportunityConfidence below excellent gate: 68.9 < 70.0; RegimeFit below excellent gate: 60.0 < 70.0,,
2026-08-24T12:25:53.965405+05:30,2026-08-24,ADANIPORTS,NSE,STOCK,NSE_STOCK_OPTION,PAPER_ELIGIBLE,STOCK:ADANIPORTS,paper-strategy-8ade763620b6,opportunity-score-8ade763620b6,universe-a8e55c76a270,PAPER_OVERRIDE::FYERS_PAPER_PROXY_RESEARCH,PE,UNKNOWN,1700.0,11.0,False,,,No prior observation for contract.,False,,,,,ATM IV unavailable.,,ADANIPORTS,NOT_CONFIGURED,,0ea962f87095,WARMUP_OBSERVATIONS,0,0,0,90.0,65.0,1.0,1.6,70.0,65.0,35.0,50.0,inf,3.0,20.0,GLOBAL_POLICY_FLOOR>CLASS_FLOOR>INSTRUMENT_LEARNED_FLOOR; LOWER=max; UPPER=min,CONSTRAINED_WALK_FORWARD,WARMUP_OBSERVATIONS,,0,0,,,0.0,,FYERS_PAPER_PROXY_RESEARCH,FYERS_PAPER_RESEARCH_ONLY,COST_MODEL_UNVALIDATED,False,False,DISABLED,Daily market context is disabled until operator review,MANUAL_PROXY_RESEARCH,False,True,MEASURED,FIVE_LEVEL,FYERS_MARKET_DEPTH,5,5,950,475,4750,5700,2026-08-24T06:55:16+00:00,IV_UNAVAILABLE,False,0,False,False,DATA_INVALID,8,DataHealth invalid; Contract invalid: Quote stale or spread hard rejected.; SideDirection hard reject: 11.0 < 65.0; PremiumElasticity hard reject: 0.70 < 1.00; Expected/Required hard reject: 1.17 < 1.60; ExecutionQuality below excellent gate: 65.3 < 80.0; ConvexityEdge below excellent gate: 71.4 < 80.0; RegimeFit below excellent gate: 60.0 < 70.0,,
2026-08-24T12:25:53.965405+05:30,2026-08-24,APOLLOHOSP,NSE,STOCK,NSE_STOCK_OPTION,PAPER_ELIGIBLE,STOCK:APOLLOHOSP,paper-strategy-8ade763620b6,opportunity-score-8ade763620b6,universe-a8e55c76a270,PAPER_OVERRIDE::FYERS_PAPER_PROXY_RESEARCH,CE,UNKNOWN,8700.0,12.5,False,,,No prior observation for contract.,False,,,,,ATM IV unavailable.,,APOLLOHOSP,NOT_CONFIGURED,,ab5ab84a5e2b,WARMUP_OBSERVATIONS,0,0,0,90.0,65.0,1.0,1.6,70.0,65.0,35.0,50.0,inf,3.0,20.0,GLOBAL_POLICY_FLOOR>CLASS_FLOOR>INSTRUMENT_LEARNED_FLOOR; LOWER=max; UPPER=min,CONSTRAINED_WALK_FORWARD,WARMUP_OBSERVATIONS,,0,0,,,0.0,,FYERS_PAPER_PROXY_RESEARCH,FYERS_PAPER_RESEARCH_ONLY,COST_MODEL_UNVALIDATED,False,False,DISABLED,Daily market context is disabled until operator review,MANUAL_PROXY_RESEARCH,False,True,MEASURED,FIVE_LEVEL,FYERS_MARKET_DEPTH,5,5,125,125,875,750,2026-08-24T06:55:30+00:00,IV_UNAVAILABLE,False,0,False,False,DATA_INVALID,10,DataHealth invalid; Contract invalid: Quote stale or spread hard rejected.; SideDirection hard reject: 12.5 < 65.0; PremiumElasticity hard reject: 0.50 < 1.00; Expected/Required hard reject: 1.17 < 1.60; TradeQuality below configured minimum; ExecutionQuality below excellent gate: 40.5 < 80.0; ConvexityEdge below excellent gate: 71.4 < 80.0; OpportunityConfidence below excellent gate: 66.3 < 70.0; RegimeFit below excellent gate: 60.0 < 70.0,,
2026-08-24T12:25:53.965405+05:30,2026-08-24,APOLLOHOSP,NSE,STOCK,NSE_STOCK_OPTION,PAPER_ELIGIBLE,STOCK:APOLLOHOSP,paper-strategy-8ade763620b6,opportunity-score-8ade763620b6,universe-a8e55c76a270,PAPER_OVERRIDE::FYERS_PAPER_PROXY_RESEARCH,PE,UNKNOWN,8600.0,0.0,False,,,No prior observation for contract.,False,,,,,ATM IV unavailable.,,APOLLOHOSP,NOT_CONFIGURED,,ab5ab84a5e2b,WARMUP_OBSERVATIONS,0,0,0,90.0,65.0,1.0,1.6,70.0,65.0,35.0,50.0,inf,3.0,20.0,GLOBAL_POLICY_FLOOR>CLASS_FLOOR>INSTRUMENT_LEARNED_FLOOR; LOWER=max; UPPER=min,CONSTRAINED_WALK_FORWARD,WARMUP_OBSERVATIONS,,0,0,,,0.0,,FYERS_PAPER_PROXY_RESEARCH,FYERS_PAPER_RESEARCH_ONLY,COST_MODEL_UNVALIDATED,False,False,DISABLED,Daily market context is disabled until operator review,MANUAL_PROXY_RESEARCH,False,True,MEASURED,FIVE_LEVEL,FYERS_MARKET_DEPTH,5,5,125,250,875,750,2026-08-24T06:55:43+00:00,IV_UNAVAILABLE,False,0,False,False,DATA_INVALID,11,DataHealth invalid; Contract invalid: Quote stale or spread hard rejected.; SideDirection hard reject: -12.5 < 65.0; PremiumElasticity hard reject: 0.30 < 1.00; Expected/Required hard reject: 1.17 < 1.60; TradeQuality below configured minimum; FinalConfidence below configured minimum; ExecutionQuality below excellent gate: 16.5 < 80.0; ConvexityEdge below excellent gate: 57.4 < 80.0; OpportunityConfidence below excellent gate: 57.9 < 70.0; RegimeFit below excellent gate: 60.0 < 70.0,,
2026-08-24T12:25:53.965405+05:30,2026-08-24,APOLLOHOSP,NSE,STOCK,NSE_STOCK_OPTION,PAPER_ELIGIBLE,STOCK:APOLLOHOSP,paper-strategy-8ade763620b6,opportunity-score-8ade763620b6,universe-a8e55c76a270,PAPER_OVERRIDE::FYERS_PAPER_PROXY_RESEARCH,CE,UNKNOWN,8800.0,12.5,False,,,No prior observation for contract.,False,,,,,ATM IV unavailable.,,APOLLOHOSP,NOT_CONFIGURED,,ab5ab84a5e2b,WARMUP_OBSERVATIONS,0,0,0,90.0,65.0,1.0,1.6,70.0,65.0,35.0,50.0,inf,3.0,20.0,GLOBAL_POLICY_FLOOR>CLASS_FLOOR>INSTRUMENT_LEARNED_FLOOR; LOWER=max; UPPER=min,CONSTRAINED_WALK_FORWARD,WARMUP_OBSERVATIONS,,0,0,,,0.0,,FYERS_PAPER_PROXY_RESEARCH,FYERS_PAPER_RESEARCH_ONLY,COST_MODEL_UNVALIDATED,False,False,DISABLED,Daily market context is disabled until operator review,MANUAL_PROXY_RESEARCH,False,True,MEASURED,FIVE_LEVEL,FYERS_MARKET_DEPTH,5,5,125,250,1375,1000,2026-08-24T06:54:48+00:00,IV_UNAVAILABLE,False,0,False,False,DATA_INVALID,11,DataHealth invalid; Contract invalid: Quote stale or spread hard rejected.; SideDirection hard reject: 12.5 < 65.0; PremiumElasticity hard reject: 0.30 < 1.00; Expected/Required hard reject: 1.17 < 1.60; TradeQuality below configured minimum; FinalConfidence below configured minimum; ExecutionQuality below excellent gate: 0.0 < 80.0; ConvexityEdge below excellent gate: 57.4 < 80.0; OpportunityConfidence below excellent gate: 53.2 < 70.0; RegimeFit below excellent gate: 60.0 < 70.0,,
2026-08-24T12:27:04.253809+05:30,2026-08-24,NIFTY,NSE,INDEX,NSE_INDEX,PAPER_ELIGIBLE,INDEX:BROAD_EQUITY,paper-strategy-8ade763620b6,opportunity-score-8ade763620b6,universe-a8e55c76a270,PAPER_OVERRIDE::FYERS_PAPER_PROXY_RESEARCH,CE,UNKNOWN,24150.0,1.0,False,,,Underlying move below identification minimum.,False,,,,,ATM IV unavailable.,4.0000,nifty_leadership_proxy,VALID,3.0410,00929e22c867,WARMUP_OBSERVATIONS,1,1,0,80.0,65.0,1.0,1.6,70.0,65.0,35.0,50.0,inf,2.0,11.25,GLOBAL_POLICY_FLOOR>CLASS_FLOOR>INSTRUMENT_LEARNED_FLOOR; LOWER=max; UPPER=min,CONSTRAINED_WALK_FORWARD,WARMUP_OBSERVATIONS,,0,0,,,0.0,,FYERS_PAPER_PROXY_RESEARCH,FYERS_PAPER_RESEARCH_ONLY,COST_MODEL_UNVALIDATED,False,False,DISABLED,Daily market context is disabled until operator review,MANUAL_PROXY_RESEARCH,False,True,MEASURED,FIVE_LEVEL,FYERS_MARKET_DEPTH,5,5,325,2145,8840,11765,2026-08-24T06:56:39+00:00,IV_UNAVAILABLE,False,0,False,False,DATA_INVALID,7,DataHealth invalid; Contract invalid: Quote stale or spread hard rejected.; SideDirection hard reject: 1.0 < 65.0; PremiumElasticity hard reject: 0.70 < 1.00; Expected/Required hard reject: 1.33 < 1.60; TradeQuality below configured minimum; ConvexityEdge below excellent gate: 71.4 < 80.0,,
2026-08-24T12:27:04.253809+05:30,2026-08-24,BANKNIFTY,NSE,INDEX,NSE_INDEX,PAPER_ELIGIBLE,INDEX:BANKING,paper-strategy-8ade763620b6,opportunity-score-8ade763620b6,universe-a8e55c76a270,PAPER_OVERRIDE::FYERS_PAPER_PROXY_RESEARCH,CE,UNKNOWN,57400.0,0.0,False,,,Underlying move below identification minimum.,False,,,,,ATM IV unavailable.,3.6240,banknifty_fast_wbci,VALID,4.1051,2e840ccd58d1,WARMUP_OBSERVATIONS,16,1,0,80.0,65.0,1.0,1.6,70.0,65.0,35.0,50.0,inf,2.0,11.25,GLOBAL_POLICY_FLOOR>CLASS_FLOOR>INSTRUMENT_LEARNED_FLOOR; LOWER=max; UPPER=min,CONSTRAINED_WALK_FORWARD,WARMUP_OBSERVATIONS,,0,0,,,0.0,,FYERS_PAPER_PROXY_RESEARCH,FYERS_PAPER_RESEARCH_ONLY,COST_MODEL_UNVALIDATED,False,False,DISABLED,Daily market context is disabled until operator review,MANUAL_PROXY_RESEARCH,False,True,MEASURED,FIVE_LEVEL,FYERS_MARKET_DEPTH,5,5,450,60,1230,570,2026-08-24T06:56:41+00:00,IV_UNAVAILABLE,False,0,False,False,DATA_INVALID,7,DataHealth invalid; Contract invalid: Quote stale or spread hard rejected.; SideDirection hard reject: -0.5 < 65.0; PremiumElasticity hard reject: 0.50 < 1.00; Expected/Required hard reject: 1.42 < 1.60; TradeQuality below configured minimum; ConvexityEdge below excellent gate: 71.4 < 80.0,,
2026-08-24T12:27:04.253809+05:30,2026-08-24,BANKNIFTY,NSE,INDEX,NSE_INDEX,PAPER_ELIGIBLE,INDEX:BANKING,paper-strategy-8ade763620b6,opportunity-score-8ade763620b6,universe-a8e55c76a270,PAPER_OVERRIDE::FYERS_PAPER_PROXY_RESEARCH,PE,UNKNOWN,57400.0,0.5,False,,,Underlying move below identification minimum.,False,,,,,ATM IV unavailable.,3.6240,banknifty_fast_wbci,VALID,4.1051,2e840ccd58d1,WARMUP_OBSERVATIONS,16,1,0,80.0,65.0,1.0,1.6,70.0,65.0,35.0,50.0,inf,2.0,11.25,GLOBAL_POLICY_FLOOR>CLASS_FLOOR>INSTRUMENT_LEARNED_FLOOR; LOWER=max; UPPER=min,CONSTRAINED_WALK_FORWARD,WARMUP_OBSERVATIONS,,0,0,,,0.0,,FYERS_PAPER_PROXY_RESEARCH,FYERS_PAPER_RESEARCH_ONLY,COST_MODEL_UNVALIDATED,False,False,DISABLED,Daily market context is disabled until operator review,MANUAL_PROXY_RESEARCH,False,True,MEASURED,FIVE_LEVEL,FYERS_MARKET_DEPTH,5,5,30,90,570,690,2026-08-24T06:56:42+00:00,IV_UNAVAILABLE,False,0,False,False,DATA_INVALID,7,DataHealth invalid; Contract invalid: Quote stale or spread hard rejected.; SideDirection hard reject: 0.5 < 65.0; PremiumElasticity hard reject: 0.50 < 1.00; Expected/Required hard reject: 1.42 < 1.60; TradeQuality below configured minimum; ConvexityEdge below excellent gate: 71.4 < 80.0,,
2026-08-24T12:27:04.253809+05:30,2026-08-24,BANKNIFTY,NSE,INDEX,NSE_INDEX,PAPER_ELIGIBLE,INDEX:BANKING,paper-strategy-8ade763620b6,opportunity-score-8ade763620b6,universe-a8e55c76a270,PAPER_OVERRIDE::FYERS_PAPER_PROXY_RESEARCH,PE,UNKNOWN,57300.0,0.5,False,,,Underlying move below identification minimum.,False,,,,,ATM IV unavailable.,3.6240,banknifty_fast_wbci,VALID,4.1051,2e840ccd58d1,WARMUP_OBSERVATIONS,16,1,0,80.0,65.0,1.0,1.6,70.0,65.0,35.0,50.0,inf,2.0,11.25,GLOBAL_POLICY_FLOOR>CLASS_FLOOR>INSTRUMENT_LEARNED_FLOOR; LOWER=max; UPPER=min,CONSTRAINED_WALK_FORWARD,WARMUP_OBSERVATIONS,,0,0,,,0.0,,FYERS_PAPER_PROXY_RESEARCH,FYERS_PAPER_RESEARCH_ONLY,COST_MODEL_UNVALIDATED,False,False,DISABLED,Daily market context is disabled until operator review,MANUAL_PROXY_RESEARCH,False,True,MEASURED,FIVE_LEVEL,FYERS_MARKET_DEPTH,5,5,120,60,900,630,2026-08-24T06:56:41+00:00,IV_UNAVAILABLE,False,0,False,False,DATA_INVALID,7,DataHealth invalid; Contract invalid: Quote stale or spread hard rejected.; SideDirection hard reject: 0.5 < 65.0; PremiumElasticity hard reject: 0.30 < 1.00; Expected/Required hard reject: 1.42 < 1.60; TradeQuality below configured minimum; ConvexityEdge below excellent gate: 57.4 < 80.0,,
2026-08-24T12:27:04.253809+05:30,2026-08-24,BANKNIFTY,NSE,INDEX,NSE_INDEX,PAPER_ELIGIBLE,INDEX:BANKING,paper-strategy-8ade763620b6,opportunity-score-8ade763620b6,universe-a8e55c76a270,PAPER_OVERRIDE::FYERS_PAPER_PROXY_RESEARCH,PE,UNKNOWN,57500.0,0.5,False,,,Underlying move below identification minimum.,False,,,,,ATM IV unavailable.,3.6240,banknifty_fast_wbci,VALID,4.1051,2e840ccd58d1,WARMUP_OBSERVATIONS,16,1,0,80.0,65.0,1.0,1.6,70.0,65.0,35.0,50.0,inf,2.0,11.25,GLOBAL_POLICY_FLOOR>CLASS_FLOOR>INSTRUMENT_LEARNED_FLOOR; LOWER=max; UPPER=min,CONSTRAINED_WALK_FORWARD,WARMUP_OBSERVATIONS,,0,0,,,0.0,,FYERS_PAPER_PROXY_RESEARCH,FYERS_PAPER_RESEARCH_ONLY,COST_MODEL_UNVALIDATED,False,False,DISABLED,Daily market context is disabled until operator review,MANUAL_PROXY_RESEARCH,False,True,MEASURED,FIVE_LEVEL,FYERS_MARKET_DEPTH,5,5,30,150,270,360,2026-08-24T06:56:42+00:00,IV_UNAVAILABLE,False,0,False,False,DATA_INVALID,7,DataHealth invalid; Contract invalid: Quote stale or spread hard rejected.; SideDirection hard reject: 0.5 < 65.0; PremiumElasticity hard reject: 0.70 < 1.00; Expected/Required hard reject: 1.42 < 1.60; TradeQuality below configured minimum; ConvexityEdge below excellent gate: 71.4 < 80.0,,
2026-08-24T12:27:04.253809+05:30,2026-08-24,FINNIFTY,NSE,INDEX,NSE_INDEX,PAPER_ELIGIBLE,INDEX:FINANCIALS,paper-strategy-8ade763620b6,opportunity-score-8ade763620b6,universe-a8e55c76a270,PAPER_OVERRIDE::FYERS_PAPER_PROXY_RESEARCH,PE,UNKNOWN,26150.0,0.9,False,,,Underlying move below identification minimum.,False,,,,,ATM IV unavailable.,4.0000,finnifty_leadership_proxy,VALID,4.9178,e172b0fef65b,WARMUP_OBSERVATIONS,8,1,0,80.0,65.0,1.0,1.6,70.0,65.0,35.0,50.0,inf,2.0,11.25,GLOBAL_POLICY_FLOOR>CLASS_FLOOR>INSTRUMENT_LEARNED_FLOOR; LOWER=max; UPPER=min,CONSTRAINED_WALK_FORWARD,WARMUP_OBSERVATIONS,,0,0,,,0.0,,FYERS_PAPER_PROXY_RESEARCH,FYERS_PAPER_RESEARCH_ONLY,COST_MODEL_UNVALIDATED,False,False,DISABLED,Daily market context is disabled until operator review,MANUAL_PROXY_RESEARCH,False,True,MEASURED,FIVE_LEVEL,FYERS_MARKET_DEPTH,5,5,180,240,780,1080,2026-08-24T06:56:38+00:00,IV_UNAVAILABLE,False,0,False,False,DATA_INVALID,7,DataHealth invalid; Contract invalid: Quote stale or spread hard rejected.; SideDirection hard reject: 0.9 < 65.0; PremiumElasticity hard reject: 0.50 < 1.00; Expected/Required hard reject: 1.25 < 1.60; TradeQuality below configured minimum; ConvexityEdge below excellent gate: 71.4 < 80.0,,
2026-08-24T12:27:04.253809+05:30,2026-08-24,FINNIFTY,NSE,INDEX,NSE_INDEX,PAPER_ELIGIBLE,INDEX:FINANCIALS,paper-strategy-8ade763620b6,opportunity-score-8ade763620b6,universe-a8e55c76a270,PAPER_OVERRIDE::FYERS_PAPER_PROXY_RESEARCH,PE,UNKNOWN,26100.0,0.9,False,,,Underlying move below identification minimum.,False,,,,,ATM IV unavailable.,4.0000,finnifty_leadership_proxy,VALID,4.9178,e172b0fef65b,WARMUP_OBSERVATIONS,8,1,0,80.0,65.0,1.0,1.6,70.0,65.0,35.0,50.0,inf,2.0,11.25,GLOBAL_POLICY_FLOOR>CLASS_FLOOR>INSTRUMENT_LEARNED_FLOOR; LOWER=max; UPPER=min,CONSTRAINED_WALK_FORWARD,WARMUP_OBSERVATIONS,,0,0,,,0.0,,FYERS_PAPER_PROXY_RESEARCH,FYERS_PAPER_RESEARCH_ONLY,COST_MODEL_UNVALIDATED,False,False,DISABLED,Daily market context is disabled until operator review,MANUAL_PROXY_RESEARCH,False,True,MEASURED,FIVE_LEVEL,FYERS_MARKET_DEPTH,5,5,120,120,660,960,2026-08-24T06:56:34+00:00,IV_UNAVAILABLE,False,0,False,False,DATA_INVALID,7,DataHealth invalid; Contract invalid: Quote stale or spread hard rejected.; SideDirection hard reject: 0.9 < 65.0; PremiumElasticity hard reject: 0.30 < 1.00; Expected/Required hard reject: 1.25 < 1.60; TradeQuality below configured minimum; ConvexityEdge below excellent gate: 57.4 < 80.0,,
2026-08-24T12:27:04.253809+05:30,2026-08-24,FINNIFTY,NSE,INDEX,NSE_INDEX,PAPER_ELIGIBLE,INDEX:FINANCIALS,paper-strategy-8ade763620b6,opportunity-score-8ade763620b6,universe-a8e55c76a270,PAPER_OVERRIDE::FYERS_PAPER_PROXY_RESEARCH,CE,UNKNOWN,26200.0,0.0,False,,,Underlying move below identification minimum.,False,,,,,ATM IV unavailable.,4.0000,finnifty_leadership_proxy,VALID,4.9178,e172b0fef65b,WARMUP_OBSERVATIONS,8,1,0,80.0,65.0,1.0,1.6,70.0,65.0,35.0,50.0,inf,2.0,11.25,GLOBAL_POLICY_FLOOR>CLASS_FLOOR>INSTRUMENT_LEARNED_FLOOR; LOWER=max; UPPER=min,CONSTRAINED_WALK_FORWARD,WARMUP_OBSERVATIONS,,0,0,,,0.0,,FYERS_PAPER_PROXY_RESEARCH,FYERS_PAPER_RESEARCH_ONLY,COST_MODEL_UNVALIDATED,False,False,DISABLED,Daily market context is disabled until operator review,MANUAL_PROXY_RESEARCH,False,True,MEASURED,FIVE_LEVEL,FYERS_MARKET_DEPTH,5,5,60,120,360,480,2026-08-24T06:56:43+00:00,IV_UNAVAILABLE,False,0,False,False,DATA_INVALID,7,DataHealth invalid; Contract invalid: Quote stale or spread hard rejected.; SideDirection hard reject: -0.9 < 65.0; PremiumElasticity hard reject: 0.30 < 1.00; Expected/Required hard reject: 1.25 < 1.60; TradeQuality below configured minimum; ConvexityEdge below excellent gate: 57.4 < 80.0,,
2026-08-24T12:27:04.253809+05:30,2026-08-24,MIDCPNIFTY,NSE,INDEX,NSE_INDEX,PAPER_ELIGIBLE,INDEX:MIDCAP,paper-strategy-8ade763620b6,opportunity-score-8ade763620b6,universe-a8e55c76a270,PAPER_OVERRIDE::FYERS_PAPER_PROXY_RESEARCH,CE,UNKNOWN,14875.0,1.5,False,,,Underlying move below identification minimum.,False,,,,,ATM IV unavailable.,3.8571,midcap_direction_proxy,PARTIAL_MIDCAP,2.4049,712afad509f5,WARMUP_OBSERVATIONS,8,1,0,80.0,65.0,1.0,1.6,70.0,65.0,35.0,50.0,inf,2.0,11.25,GLOBAL_POLICY_FLOOR>CLASS_FLOOR>INSTRUMENT_LEARNED_FLOOR; LOWER=max; UPPER=min,CONSTRAINED_WALK_FORWARD,WARMUP_OBSERVATIONS,,0,0,,,0.0,,FYERS_PAPER_PROXY_RESEARCH,FYERS_PAPER_RESEARCH_ONLY,COST_MODEL_UNVALIDATED,False,False,DISABLED,Daily market context is disabled until operator review,MANUAL_PROXY_RESEARCH,False,True,MEASURED,FIVE_LEVEL,FYERS_MARKET_DEPTH,5,5,480,360,3240,1560,2026-08-24T06:56:42+00:00,IV_UNAVAILABLE,False,0,False,False,DATA_INVALID,7,DataHealth invalid; Contract invalid: Quote stale or spread hard rejected.; SideDirection hard reject: 1.5 < 65.0; PremiumElasticity hard reject: 0.50 < 1.00; Expected/Required hard reject: 1.08 < 1.60; TradeQuality below configured minimum; ConvexityEdge below excellent gate: 70.4 < 80.0,,
2026-08-24T12:27:04.253809+05:30,2026-08-24,MIDCPNIFTY,NSE,INDEX,NSE_INDEX,PAPER_ELIGIBLE,INDEX:MIDCAP,paper-strategy-8ade763620b6,opportunity-score-8ade763620b6,universe-a8e55c76a270,PAPER_OVERRIDE::FYERS_PAPER_PROXY_RESEARCH,PE,UNKNOWN,14900.0,0.0,False,,,Underlying move below identification minimum.,False,,,,,ATM IV unavailable.,3.8571,midcap_direction_proxy,PARTIAL_MIDCAP,2.4049,712afad509f5,WARMUP_OBSERVATIONS,8,1,0,80.0,65.0,1.0,1.6,70.0,65.0,35.0,50.0,inf,2.0,11.25,GLOBAL_POLICY_FLOOR>CLASS_FLOOR>INSTRUMENT_LEARNED_FLOOR; LOWER=max; UPPER=min,CONSTRAINED_WALK_FORWARD,WARMUP_OBSERVATIONS,,0,0,,,0.0,,FYERS_PAPER_PROXY_RESEARCH,FYERS_PAPER_RESEARCH_ONLY,COST_MODEL_UNVALIDATED,False,False,DISABLED,Daily market context is disabled until operator review,MANUAL_PROXY_RESEARCH,False,True,MEASURED,FIVE_LEVEL,FYERS_MARKET_DEPTH,5,5,480,120,2520,2880,2026-08-24T06:56:47+00:00,IV_UNAVAILABLE,False,0,False,False,DATA_INVALID,7,DataHealth invalid; Contract invalid: Quote stale or spread hard rejected.; SideDirection hard reject: -1.5 < 65.0; PremiumElasticity hard reject: 0.70 < 1.00; Expected/Required hard reject: 1.08 < 1.60; TradeQuality below configured minimum; ConvexityEdge below excellent gate: 70.4 < 80.0,,
2026-08-24T12:27:04.253809+05:30,2026-08-24,ASIANPAINT,NSE,STOCK,NSE_STOCK_OPTION,PAPER_ELIGIBLE,STOCK:ASIANPAINT,paper-strategy-8ade763620b6,opportunity-score-8ade763620b6,universe-a8e55c76a270,PAPER_OVERRIDE::FYERS_PAPER_PROXY_RESEARCH,CE,UNKNOWN,2640.0,1.5,False,,,No prior observation for contract.,False,,,,,ATM IV unavailable.,,ASIANPAINT,NOT_CONFIGURED,,8512c046e489,WARMUP_OBSERVATIONS,0,0,0,90.0,65.0,1.0,1.6,70.0,65.0,35.0,50.0,inf,3.0,20.0,GLOBAL_POLICY_FLOOR>CLASS_FLOOR>INSTRUMENT_LEARNED_FLOOR; LOWER=max; UPPER=min,CONSTRAINED_WALK_FORWARD,WARMUP_OBSERVATIONS,,0,0,,,0.0,,FYERS_PAPER_PROXY_RESEARCH,FYERS_PAPER_RESEARCH_ONLY,COST_MODEL_UNVALIDATED,False,False,DISABLED,Daily market context is disabled until operator review,MANUAL_PROXY_RESEARCH,False,True,MEASURED,FIVE_LEVEL,FYERS_MARKET_DEPTH,5,5,1000,250,4500,2500,2026-08-24T06:55:30+00:00,IV_UNAVAILABLE,False,0,False,False,DATA_INVALID,11,DataHealth invalid; Contract invalid: Quote stale or spread hard rejected.; SideDirection hard reject: 1.5 < 65.0; PremiumElasticity hard reject: 0.50 < 1.00; Expected/Required hard reject: 1.17 < 1.60; TradeQuality below configured minimum; FinalConfidence below configured minimum; ExecutionQuality below excellent gate: 0.0 < 80.0; ConvexityEdge below excellent gate: 71.4 < 80.0; OpportunityConfidence below excellent gate: 29.9 < 70.0; RegimeFit below excellent gate: 60.0 < 70.0,,
2026-08-24T12:27:04.253809+05:30,2026-08-24,ASIANPAINT,NSE,STOCK,NSE_STOCK_OPTION,PAPER_ELIGIBLE,STOCK:ASIANPAINT,paper-strategy-8ade763620b6,opportunity-score-8ade763620b6,universe-a8e55c76a270,PAPER_OVERRIDE::FYERS_PAPER_PROXY_RESEARCH,PE,UNKNOWN,2640.0,0.0,False,,,No prior observation for contract.,False,,,,,ATM IV unavailable.,,ASIANPAINT,NOT_CONFIGURED,,8512c046e489,WARMUP_OBSERVATIONS,0,0,0,90.0,65.0,1.0,1.6,70.0,65.0,35.0,50.0,inf,3.0,20.0,GLOBAL_POLICY_FLOOR>CLASS_FLOOR>INSTRUMENT_LEARNED_FLOOR; LOWER=max; UPPER=min,CONSTRAINED_WALK_FORWARD,WARMUP_OBSERVATIONS,,0,0,,,0.0,,FYERS_PAPER_PROXY_RESEARCH,FYERS_PAPER_RESEARCH_ONLY,COST_MODEL_UNVALIDATED,False,False,DISABLED,Daily market context is disabled until operator review,MANUAL_PROXY_RESEARCH,False,True,MEASURED,FIVE_LEVEL,FYERS_MARKET_DEPTH,5,5,500,250,2000,3000,2026-08-24T06:55:47+00:00,IV_UNAVAILABLE,False,0,False,False,DATA_INVALID,11,DataHealth invalid; Contract invalid: Quote stale or spread hard rejected.; SideDirection hard reject: -1.5 < 65.0; PremiumElasticity hard reject: 0.50 < 1.00; Expected/Required hard reject: 1.17 < 1.60; TradeQuality below configured minimum; FinalConfidence below configured minimum; ExecutionQuality below excellent gate: 0.0 < 80.0; ConvexityEdge below excellent gate: 71.4 < 80.0; OpportunityConfidence below excellent gate: 36.2 < 70.0; RegimeFit below excellent gate: 60.0 < 70.0,,
2026-08-24T12:27:04.253809+05:30,2026-08-24,ASIANPAINT,NSE,STOCK,NSE_STOCK_OPTION,PAPER_ELIGIBLE,STOCK:ASIANPAINT,paper-strategy-8ade763620b6,opportunity-score-8ade763620b6,universe-a8e55c76a270,PAPER_OVERRIDE::FYERS_PAPER_PROXY_RESEARCH,CE,UNKNOWN,2620.0,1.5,False,,,No prior observation for contract.,False,,,,,ATM IV unavailable.,,ASIANPAINT,NOT_CONFIGURED,,8512c046e489,WARMUP_OBSERVATIONS,0,0,0,90.0,65.0,1.0,1.6,70.0,65.0,35.0,50.0,inf,3.0,20.0,GLOBAL_POLICY_FLOOR>CLASS_FLOOR>INSTRUMENT_LEARNED_FLOOR; LOWER=max; UPPER=min,CONSTRAINED_WALK_FORWARD,WARMUP_OBSERVATIONS,,0,0,,,0.0,,FYERS_PAPER_PROXY_RESEARCH,FYERS_PAPER_RESEARCH_ONLY,COST_MODEL_UNVALIDATED,False,False,DISABLED,Daily market context is disabled until operator review,MANUAL_PROXY_RESEARCH,False,True,MEASURED,FIVE_LEVEL,FYERS_MARKET_DEPTH,5,5,250,500,1500,6000,2026-08-24T06:50:30+00:00,IV_UNAVAILABLE,False,0,False,False,DATA_INVALID,11,DataHealth invalid; Contract invalid: Quote stale or spread hard rejected.; SideDirection hard reject: 1.5 < 65.0; PremiumElasticity hard reject: 0.70 < 1.00; Expected/Required hard reject: 1.17 < 1.60; TradeQuality below configured minimum; FinalConfidence below configured minimum; ExecutionQuality below excellent gate: 0.0 < 80.0; ConvexityEdge below excellent gate: 71.4 < 80.0; OpportunityConfidence below excellent gate: 29.9 < 70.0; RegimeFit below excellent gate: 60.0 < 70.0,,
2026-08-24T12:27:04.253809+05:30,2026-08-24,ASIANPAINT,NSE,STOCK,NSE_STOCK_OPTION,PAPER_ELIGIBLE,STOCK:ASIANPAINT,paper-strategy-8ade763620b6,opportunity-score-8ade763620b6,universe-a8e55c76a270,PAPER_OVERRIDE::FYERS_PAPER_PROXY_RESEARCH,PE,UNKNOWN,2620.0,0.0,False,,,No prior observation for contract.,False,,,,,ATM IV unavailable.,,ASIANPAINT,NOT_CONFIGURED,,8512c046e489,WARMUP_OBSERVATIONS,0,0,0,90.0,65.0,1.0,1.6,70.0,65.0,35.0,50.0,inf,3.0,20.0,GLOBAL_POLICY_FLOOR>CLASS_FLOOR>INSTRUMENT_LEARNED_FLOOR; LOWER=max; UPPER=min,CONSTRAINED_WALK_FORWARD,WARMUP_OBSERVATIONS,,0,0,,,0.0,,FYERS_PAPER_PROXY_RESEARCH,FYERS_PAPER_RESEARCH_ONLY,COST_MODEL_UNVALIDATED,False,False,DISABLED,Daily market context is disabled until operator review,MANUAL_PROXY_RESEARCH,False,True,MEASURED,FIVE_LEVEL,FYERS_MARKET_DEPTH,5,5,250,500,1250,4000,2026-08-24T06:47:46+00:00,IV_UNAVAILABLE,False,0,False,False,DATA_INVALID,11,DataHealth invalid; Contract invalid: Quote stale or spread hard rejected.; SideDirection hard reject: -1.5 < 65.0; PremiumElasticity hard reject: 0.30 < 1.00; Expected/Required hard reject: 1.17 < 1.60; TradeQuality below configured minimum; FinalConfidence below configured minimum; ExecutionQuality below excellent gate: 0.0 < 80.0; ConvexityEdge below excellent gate: 57.4 < 80.0; OpportunityConfidence below excellent gate: 45.8 < 70.0; RegimeFit below excellent gate: 60.0 < 70.0,,
2026-08-24T12:27:04.253809+05:30,2026-08-24,BAJAJ-AUTO,NSE,STOCK,NSE_STOCK_OPTION,PAPER_ELIGIBLE,STOCK:BAJAJ-AUTO,paper-strategy-8ade763620b6,opportunity-score-8ade763620b6,universe-a8e55c76a270,PAPER_OVERRIDE::FYERS_PAPER_PROXY_RESEARCH,PE,UNKNOWN,11700.0,0.0,False,,,No prior observation for contract.,False,,,,,ATM IV unavailable.,,BAJAJ-AUTO,NOT_CONFIGURED,,41f3d34033d6,WARMUP_OBSERVATIONS,0,0,0,90.0,65.0,1.0,1.6,70.0,65.0,35.0,50.0,inf,3.0,20.0,GLOBAL_POLICY_FLOOR>CLASS_FLOOR>INSTRUMENT_LEARNED_FLOOR; LOWER=max; UPPER=min,CONSTRAINED_WALK_FORWARD,WARMUP_OBSERVATIONS,,0,0,,,0.0,,FYERS_PAPER_PROXY_RESEARCH,FYERS_PAPER_RESEARCH_ONLY,COST_MODEL_UNVALIDATED,False,False,DISABLED,Daily market context is disabled until operator review,MANUAL_PROXY_RESEARCH,False,True,MEASURED,FIVE_LEVEL,FYERS_MARKET_DEPTH,5,5,75,75,2475,675,2026-08-24T06:56:39+00:00,IV_UNAVAILABLE,False,0,False,False,DATA_INVALID,11,DataHealth invalid; Contract invalid: Quote stale or spread hard rejected.; SideDirection hard reject: -6.1 < 65.0; PremiumElasticity hard reject: 0.30 < 1.00; Expected/Required hard reject: 1.17 < 1.60; TradeQuality below configured minimum; FinalConfidence below configured minimum; ExecutionQuality below excellent gate: 0.0 < 80.0; ConvexityEdge below excellent gate: 57.4 < 80.0; OpportunityConfidence below excellent gate: 48.6 < 70.0; RegimeFit below excellent gate: 60.0 < 70.0,,
2026-08-24T12:27:04.253809+05:30,2026-08-24,BAJFINANCE,NSE,STOCK,NSE_STOCK_OPTION,PAPER_ELIGIBLE,STOCK:BAJFINANCE,paper-strategy-8ade763620b6,opportunity-score-8ade763620b6,universe-a8e55c76a270,PAPER_OVERRIDE::FYERS_PAPER_PROXY_RESEARCH,CE,UNKNOWN,1080.0,0.7,False,,,No prior observation for contract.,False,,,,,ATM IV unavailable.,,BAJFINANCE,NOT_CONFIGURED,,58c303dc05a9,WARMUP_OBSERVATIONS,0,0,0,90.0,65.0,1.0,1.6,70.0,65.0,35.0,50.0,inf,3.0,20.0,GLOBAL_POLICY_FLOOR>CLASS_FLOOR>INSTRUMENT_LEARNED_FLOOR; LOWER=max; UPPER=min,CONSTRAINED_WALK_FORWARD,WARMUP_OBSERVATIONS,,0,0,,,0.0,,FYERS_PAPER_PROXY_RESEARCH,FYERS_PAPER_RESEARCH_ONLY,COST_MODEL_UNVALIDATED,False,False,DISABLED,Daily market context is disabled until operator review,MANUAL_PROXY_RESEARCH,False,True,MEASURED,FIVE_LEVEL,FYERS_MARKET_DEPTH,5,5,1500,750,7500,7500,2026-08-24T06:56:10+00:00,IV_UNAVAILABLE,False,0,False,False,DATA_INVALID,11,DataHealth invalid; Contract invalid: Quote stale or spread hard rejected.; SideDirection hard reject: 0.7 < 65.0; PremiumElasticity hard reject: 0.70 < 1.00; Expected/Required hard reject: 1.17 < 1.60; TradeQuality below configured minimum; FinalConfidence below configured minimum; ExecutionQuality below excellent gate: 0.0 < 80.0; ConvexityEdge below excellent gate: 71.4 < 80.0; OpportunityConfidence below excellent gate: 40.4 < 70.0; RegimeFit below excellent gate: 60.0 < 70.0,,
2026-08-24T12:27:04.253809+05:30,2026-08-24,BAJAJFINSV,NSE,STOCK,NSE_STOCK_OPTION,PAPER_ELIGIBLE,STOCK:BAJAJFINSV,paper-strategy-8ade763620b6,opportunity-score-8ade763620b6,universe-a8e55c76a270,PAPER_OVERRIDE::FYERS_PAPER_PROXY_RESEARCH,PE,UNKNOWN,2020.0,0.0,False,,,No prior observation for contract.,False,,,,,ATM IV unavailable.,,BAJAJFINSV,NOT_CONFIGURED,,e97256bacfa6,WARMUP_OBSERVATIONS,0,0,0,90.0,65.0,1.0,1.6,70.0,65.0,35.0,50.0,inf,3.0,20.0,GLOBAL_POLICY_FLOOR>CLASS_FLOOR>INSTRUMENT_LEARNED_FLOOR; LOWER=max; UPPER=min,CONSTRAINED_WALK_FORWARD,WARMUP_OBSERVATIONS,,0,0,,,0.0,,FYERS_PAPER_PROXY_RESEARCH,FYERS_PAPER_RESEARCH_ONLY,COST_MODEL_UNVALIDATED,False,False,DISABLED,Daily market context is disabled until operator review,MANUAL_PROXY_RESEARCH,False,True,MEASURED,FIVE_LEVEL,FYERS_MARKET_DEPTH,5,5,300,300,1800,2100,2026-08-24T06:55:48+00:00,IV_UNAVAILABLE,False,0,False,False,DATA_INVALID,11,DataHealth invalid; Contract invalid: Quote stale or spread hard rejected.; SideDirection hard reject: -1.2 < 65.0; PremiumElasticity hard reject: 0.50 < 1.00; Expected/Required hard reject: 1.17 < 1.60; TradeQuality below configured minimum; FinalConfidence below configured minimum; ExecutionQuality below excellent gate: 25.7 < 80.0; ConvexityEdge below excellent gate: 71.4 < 80.0; OpportunityConfidence below excellent gate: 53.5 < 70.0; RegimeFit below excellent gate: 60.0 < 70.0,,
2026-08-24T12:27:04.253809+05:30,2026-08-24,BAJAJFINSV,NSE,STOCK,NSE_STOCK_OPTION,PAPER_ELIGIBLE,STOCK:BAJAJFINSV,paper-strategy-8ade763620b6,opportunity-score-8ade763620b6,universe-a8e55c76a270,PAPER_OVERRIDE::FYERS_PAPER_PROXY_RESEARCH,CE,UNKNOWN,2000.0,1.2,False,,,No prior observation for contract.,False,,,,,ATM IV unavailable.,,BAJAJFINSV,NOT_CONFIGURED,,e97256bacfa6,WARMUP_OBSERVATIONS,0,0,0,90.0,65.0,1.0,1.6,70.0,65.0,35.0,50.0,inf,3.0,20.0,GLOBAL_POLICY_FLOOR>CLASS_FLOOR>INSTRUMENT_LEARNED_FLOOR; LOWER=max; UPPER=min,CONSTRAINED_WALK_FORWARD,WARMUP_OBSERVATIONS,,0,0,,,0.0,,FYERS_PAPER_PROXY_RESEARCH,FYERS_PAPER_RESEARCH_ONLY,COST_MODEL_UNVALIDATED,False,False,DISABLED,Daily market context is disabled until operator review,MANUAL_PROXY_RESEARCH,False,True,MEASURED,FIVE_LEVEL,FYERS_MARKET_DEPTH,5,5,300,600,1800,2700,2026-08-24T06:56:28+00:00,IV_UNAVAILABLE,False,0,False,False,DATA_INVALID,11,DataHealth invalid; Contract invalid: Quote stale or spread hard rejected.; SideDirection hard reject: 1.2 < 65.0; PremiumElasticity hard reject: 0.70 < 1.00; Expected/Required hard reject: 1.17 < 1.60; TradeQuality below configured minimum; FinalConfidence below configured minimum; ExecutionQuality below excellent gate: 0.0 < 80.0; ConvexityEdge below excellent gate: 71.4 < 80.0; OpportunityConfidence below excellent gate: 45.5 < 70.0; RegimeFit below excellent gate: 60.0 < 70.0,,
2026-08-24T12:27:04.253809+05:30,2026-08-24,BAJAJFINSV,NSE,STOCK,NSE_STOCK_OPTION,PAPER_ELIGIBLE,STOCK:BAJAJFINSV,paper-strategy-8ade763620b6,opportunity-score-8ade763620b6,universe-a8e55c76a270,PAPER_OVERRIDE::FYERS_PAPER_PROXY_RESEARCH,PE,UNKNOWN,2000.0,0.0,False,,,No prior observation for contract.,False,,,,,ATM IV unavailable.,,BAJAJFINSV,NOT_CONFIGURED,,e97256bacfa6,WARMUP_OBSERVATIONS,0,0,0,90.0,65.0,1.0,1.6,70.0,65.0,35.0,50.0,inf,3.0,20.0,GLOBAL_POLICY_FLOOR>CLASS_FLOOR>INSTRUMENT_LEARNED_FLOOR; LOWER=max; UPPER=min,CONSTRAINED_WALK_FORWARD,WARMUP_OBSERVATIONS,,0,0,,,0.0,,FYERS_PAPER_PROXY_RESEARCH,FYERS_PAPER_RESEARCH_ONLY,COST_MODEL_UNVALIDATED,False,False,DISABLED,Daily market context is disabled until operator review,MANUAL_PROXY_RESEARCH,False,True,MEASURED,FIVE_LEVEL,FYERS_MARKET_DEPTH,5,5,600,300,4500,3600,2026-08-24T06:56:48+00:00,IV_UNAVAILABLE,False,0,False,False,DATA_INVALID,11,DataHealth invalid; Contract invalid: Quote stale or spread hard rejected.; SideDirection hard reject: -1.2 < 65.0; PremiumElasticity hard reject: 0.30 < 1.00; Expected/Required hard reject: 1.17 < 1.60; TradeQuality below configured minimum; FinalConfidence below configured minimum; ExecutionQuality below excellent gate: 0.0 < 80.0; ConvexityEdge below excellent gate: 57.4 < 80.0; OpportunityConfidence below excellent gate: 42.8 < 70.0; RegimeFit below excellent gate: 60.0 < 70.0,,
2026-08-24T12:27:04.253809+05:30,2026-08-24,BAJAJFINSV,NSE,STOCK,NSE_STOCK_OPTION,PAPER_ELIGIBLE,STOCK:BAJAJFINSV,paper-strategy-8ade763620b6,opportunity-score-8ade763620b6,universe-a8e55c76a270,PAPER_OVERRIDE::FYERS_PAPER_PROXY_RESEARCH,PE,UNKNOWN,2040.0,0.0,False,,,No prior observation for contract.,False,,,,,ATM IV unavailable.,,BAJAJFINSV,NOT_CONFIGURED,,e97256bacfa6,WARMUP_OBSERVATIONS,0,0,0,90.0,65.0,1.0,1.6,70.0,65.0,35.0,50.0,inf,3.0,20.0,GLOBAL_POLICY_FLOOR>CLASS_FLOOR>INSTRUMENT_LEARNED_FLOOR; LOWER=max; UPPER=min,CONSTRAINED_WALK_FORWARD,WARMUP_OBSERVATIONS,,0,0,,,0.0,,FYERS_PAPER_PROXY_RESEARCH,FYERS_PAPER_RESEARCH_ONLY,COST_MODEL_UNVALIDATED,False,False,DISABLED,Daily market context is disabled until operator review,MANUAL_PROXY_RESEARCH,False,True,MEASURED,FIVE_LEVEL,FYERS_MARKET_DEPTH,5,5,300,600,1800,1800,2026-08-24T06:56:28+00:00,IV_UNAVAILABLE,False,0,False,False,DATA_INVALID,11,DataHealth invalid; Contract invalid: Quote stale or spread hard rejected.; SideDirection hard reject: -1.2 < 65.0; PremiumElasticity hard reject: 0.70 < 1.00; Expected/Required hard reject: 1.17 < 1.60; TradeQuality below configured minimum; FinalConfidence below configured minimum; ExecutionQuality below excellent gate: 52.2 < 80.0; ConvexityEdge below excellent gate: 71.4 < 80.0; OpportunityConfidence below excellent gate: 58.3 < 70.0; RegimeFit below excellent gate: 60.0 < 70.0,,
2026-08-24T12:27:04.253809+05:30,2026-08-24,BHARTIARTL,NSE,STOCK,NSE_STOCK_OPTION,PAPER_ELIGIBLE,STOCK:BHARTIARTL,paper-strategy-8ade763620b6,opportunity-score-8ade763620b6,universe-a8e55c76a270,PAPER_OVERRIDE::FYERS_PAPER_PROXY_RESEARCH,CE,UNKNOWN,1920.0,0.8,False,,,No prior observation for contract.,False,,,,,ATM IV unavailable.,,BHARTIARTL,NOT_CONFIGURED,,d009a6fae530,WARMUP_OBSERVATIONS,0,0,0,90.0,65.0,1.0,1.6,70.0,65.0,35.0,50.0,inf,3.0,20.0,GLOBAL_POLICY_FLOOR>CLASS_FLOOR>INSTRUMENT_LEARNED_FLOOR; LOWER=max; UPPER=min,CONSTRAINED_WALK_FORWARD,WARMUP_OBSERVATIONS,,0,0,,,0.0,,FYERS_PAPER_PROXY_RESEARCH,FYERS_PAPER_RESEARCH_ONLY,COST_MODEL_UNVALIDATED,False,False,DISABLED,Daily market context is disabled until operator review,MANUAL_PROXY_RESEARCH,False,True,MEASURED,FIVE_LEVEL,FYERS_MARKET_DEPTH,5,5,1900,950,4750,4750,2026-08-24T06:56:26+00:00,IV_UNAVAILABLE,False,0,False,False,DATA_INVALID,11,DataHealth invalid; Contract invalid: Quote stale or spread hard rejected.; SideDirection hard reject: 0.8 < 65.0; PremiumElasticity hard reject: 0.70 < 1.00; Expected/Required hard reject: 1.17 < 1.60; TradeQuality below configured minimum; FinalConfidence below configured minimum; ExecutionQuality below excellent gate: 21.8 < 80.0; ConvexityEdge below excellent gate: 71.4 < 80.0; OpportunityConfidence below excellent gate: 53.7 < 70.0; RegimeFit below excellent gate: 60.0 < 70.0,,
2026-08-24T12:27:04.253809+05:30,2026-08-24,CIPLA,NSE,STOCK,NSE_STOCK_OPTION,PAPER_ELIGIBLE,STOCK:CIPLA,paper-strategy-8ade763620b6,opportunity-score-8ade763620b6,universe-a8e55c76a270,PAPER_OVERRIDE::FYERS_PAPER_PROXY_RESEARCH,CE,UNKNOWN,1430.0,4.5,False,,,No prior observation for contract.,False,,,,,ATM IV unavailable.,,CIPLA,NOT_CONFIGURED,,fcbb76385597,WARMUP_OBSERVATIONS,0,0,0,90.0,65.0,1.0,1.6,70.0,65.0,35.0,50.0,inf,3.0,20.0,GLOBAL_POLICY_FLOOR>CLASS_FLOOR>INSTRUMENT_LEARNED_FLOOR; LOWER=max; UPPER=min,CONSTRAINED_WALK_FORWARD,WARMUP_OBSERVATIONS,,0,0,,,0.0,,FYERS_PAPER_PROXY_RESEARCH,FYERS_PAPER_RESEARCH_ONLY,COST_MODEL_UNVALIDATED,False,False,DISABLED,Daily market context is disabled until operator review,MANUAL_PROXY_RESEARCH,False,True,MEASURED,FIVE_LEVEL,FYERS_MARKET_DEPTH,5,5,850,425,8500,3825,2026-08-24T06:54:38+00:00,IV_UNAVAILABLE,False,0,False,False,DATA_INVALID,11,DataHealth invalid; Contract invalid: Quote stale or spread hard rejected.; SideDirection hard reject: 4.5 < 65.0; PremiumElasticity hard reject: 0.50 < 1.00; Expected/Required hard reject: 1.17 < 1.60; TradeQuality below configured minimum; FinalConfidence below configured minimum; ExecutionQuality below excellent gate: 0.0 < 80.0; ConvexityEdge below excellent gate: 71.4 < 80.0; OpportunityConfidence below excellent gate: 37.0 < 70.0; RegimeFit below excellent gate: 60.0 < 70.0,,
2026-08-24T12:27:04.253809+05:30,2026-08-24,CIPLA,NSE,STOCK,NSE_STOCK_OPTION,PAPER_ELIGIBLE,STOCK:CIPLA,paper-strategy-8ade763620b6,opportunity-score-8ade763620b6,universe-a8e55c76a270,PAPER_OVERRIDE::FYERS_PAPER_PROXY_RESEARCH,PE,UNKNOWN,1430.0,0.0,False,,,No prior observation for contract.,False,,,,,ATM IV unavailable.,,CIPLA,NOT_CONFIGURED,,fcbb76385597,WARMUP_OBSERVATIONS,0,0,0,90.0,65.0,1.0,1.6,70.0,65.0,35.0,50.0,inf,3.0,20.0,GLOBAL_POLICY_FLOOR>CLASS_FLOOR>INSTRUMENT_LEARNED_FLOOR; LOWER=max; UPPER=min,CONSTRAINED_WALK_FORWARD,WARMUP_OBSERVATIONS,,0,0,,,0.0,,FYERS_PAPER_PROXY_RESEARCH,FYERS_PAPER_RESEARCH_ONLY,COST_MODEL_UNVALIDATED,False,False,DISABLED,Daily market context is disabled until operator review,MANUAL_PROXY_RESEARCH,False,True,MEASURED,FIVE_LEVEL,FYERS_MARKET_DEPTH,5,5,425,850,2550,7225,2026-08-24T06:45:16+00:00,IV_UNAVAILABLE,False,0,False,False,DATA_INVALID,11,DataHealth invalid; Contract invalid: Quote stale or spread hard rejected.; SideDirection hard reject: -4.5 < 65.0; PremiumElasticity hard reject: 0.50 < 1.00; Expected/Required hard reject: 1.17 < 1.60; TradeQuality below configured minimum; FinalConfidence below configured minimum; ExecutionQuality below excellent gate: 0.0 < 80.0; ConvexityEdge below excellent gate: 71.4 < 80.0; OpportunityConfidence below excellent gate: 31.2 < 70.0; RegimeFit below excellent gate: 60.0 < 70.0,,
2026-08-24T12:27:04.253809+05:30,2026-08-24,CIPLA,NSE,STOCK,NSE_STOCK_OPTION,PAPER_ELIGIBLE,STOCK:CIPLA,paper-strategy-8ade763620b6,opportunity-score-8ade763620b6,universe-a8e55c76a270,PAPER_OVERRIDE::FYERS_PAPER_PROXY_RESEARCH,CE,UNKNOWN,1420.0,4.5,False,,,No prior observation for contract.,False,,,,,ATM IV unavailable.,,CIPLA,NOT_CONFIGURED,,fcbb76385597,WARMUP_OBSERVATIONS,0,0,0,90.0,65.0,1.0,1.6,70.0,65.0,35.0,50.0,inf,3.0,20.0,GLOBAL_POLICY_FLOOR>CLASS_FLOOR>INSTRUMENT_LEARNED_FLOOR; LOWER=max; UPPER=min,CONSTRAINED_WALK_FORWARD,WARMUP_OBSERVATIONS,,0,0,,,0.0,,FYERS_PAPER_PROXY_RESEARCH,FYERS_PAPER_RESEARCH_ONLY,COST_MODEL_UNVALIDATED,False,False,DISABLED,Daily market context is disabled until operator review,MANUAL_PROXY_RESEARCH,False,True,MEASURED,FIVE_LEVEL,FYERS_MARKET_DEPTH,5,5,425,850,3400,2550,2026-08-24T06:52:54+00:00,IV_UNAVAILABLE,False,0,False,False,DATA_INVALID,11,DataHealth invalid; Contract invalid: Quote stale or spread hard rejected.; SideDirection hard reject: 4.5 < 65.0; PremiumElasticity hard reject: 0.70 < 1.00; Expected/Required hard reject: 1.17 < 1.60; TradeQuality below configured minimum; FinalConfidence below configured minimum; ExecutionQuality below excellent gate: 0.0 < 80.0; ConvexityEdge below excellent gate: 71.4 < 80.0; OpportunityConfidence below excellent gate: 46.5 < 70.0; RegimeFit below excellent gate: 60.0 < 70.0,,
2026-08-24T12:27:04.253809+05:30,2026-08-24,CIPLA,NSE,STOCK,NSE_STOCK_OPTION,PAPER_ELIGIBLE,STOCK:CIPLA,paper-strategy-8ade763620b6,opportunity-score-8ade763620b6,universe-a8e55c76a270,PAPER_OVERRIDE::FYERS_PAPER_PROXY_RESEARCH,PE,UNKNOWN,1440.0,0.0,False,,,No prior observation for contract.,False,,,,,ATM IV unavailable.,,CIPLA,NOT_CONFIGURED,,fcbb76385597,WARMUP_OBSERVATIONS,0,0,0,90.0,65.0,1.0,1.6,70.0,65.0,35.0,50.0,inf,3.0,20.0,GLOBAL_POLICY_FLOOR>CLASS_FLOOR>INSTRUMENT_LEARNED_FLOOR; LOWER=max; UPPER=min,CONSTRAINED_WALK_FORWARD,WARMUP_OBSERVATIONS,,0,0,,,0.0,,FYERS_PAPER_PROXY_RESEARCH,FYERS_PAPER_RESEARCH_ONLY,COST_MODEL_UNVALIDATED,False,False,DISABLED,Daily market context is disabled until operator review,MANUAL_PROXY_RESEARCH,False,True,MEASURED,FIVE_LEVEL,FYERS_MARKET_DEPTH,5,5,850,850,2550,2550,2026-08-24T06:56:39+00:00,IV_UNAVAILABLE,False,0,False,False,DATA_INVALID,11,DataHealth invalid; Contract invalid: Quote stale or spread hard rejected.; SideDirection hard reject: -4.5 < 65.0; PremiumElasticity hard reject: 0.70 < 1.00; Expected/Required hard reject: 1.17 < 1.60; TradeQuality below configured minimum; FinalConfidence below configured minimum; ExecutionQuality below excellent gate: 0.0 < 80.0; ConvexityEdge below excellent gate: 71.4 < 80.0; OpportunityConfidence below excellent gate: 45.9 < 70.0; RegimeFit below excellent gate: 60.0 < 70.0,,
2026-08-24T12:28:19.753046+05:30,2026-08-24,BANKNIFTY,NSE,INDEX,NSE_INDEX,PAPER_ELIGIBLE,INDEX:BANKING,paper-strategy-8ade763620b6,opportunity-score-8ade763620b6,universe-a8e55c76a270,PAPER_OVERRIDE::FYERS_PAPER_PROXY_RESEARCH,CE,UNKNOWN,57400.0,0.9,False,,,Underlying move below identification minimum.,False,,,,,ATM IV unavailable.,-0.0360,banknifty_fast_wbci,VALID,0.9286,2e840ccd58d1,WARMUP_OBSERVATIONS,29,1,0,80.0,65.0,1.0,1.6,70.0,65.0,35.0,50.0,inf,2.0,11.0,GLOBAL_POLICY_FLOOR>CLASS_FLOOR>INSTRUMENT_LEARNED_FLOOR; LOWER=max; UPPER=min,CONSTRAINED_WALK_FORWARD,WARMUP_OBSERVATIONS,,0,0,,,0.0,,FYERS_PAPER_PROXY_RESEARCH,FYERS_PAPER_RESEARCH_ONLY,COST_MODEL_UNVALIDATED,False,False,DISABLED,Daily market context is disabled until operator review,MANUAL_PROXY_RESEARCH,False,True,MEASURED,FIVE_LEVEL,FYERS_MARKET_DEPTH,5,5,90,30,720,420,2026-08-24T06:57:58+00:00,IV_UNAVAILABLE,False,0,False,False,DATA_INVALID,7,DataHealth invalid; Contract invalid: Quote stale or spread hard rejected.; SideDirection hard reject: 0.9 < 65.0; PremiumElasticity hard reject: 0.50 < 1.00; Expected/Required hard reject: 1.42 < 1.60; TradeQuality below configured minimum; ConvexityEdge below excellent gate: 71.4 < 80.0,,
2026-08-24T12:28:19.753046+05:30,2026-08-24,BANKNIFTY,NSE,INDEX,NSE_INDEX,PAPER_ELIGIBLE,INDEX:BANKING,paper-strategy-8ade763620b6,opportunity-score-8ade763620b6,universe-a8e55c76a270,PAPER_OVERRIDE::FYERS_PAPER_PROXY_RESEARCH,PE,UNKNOWN,57400.0,0.0,False,,,Underlying move below identification minimum.,False,,,,,ATM IV unavailable.,-0.0360,banknifty_fast_wbci,VALID,0.9286,2e840ccd58d1,WARMUP_OBSERVATIONS,29,1,0,80.0,65.0,1.0,1.6,70.0,65.0,35.0,50.0,inf,2.0,11.0,GLOBAL_POLICY_FLOOR>CLASS_FLOOR>INSTRUMENT_LEARNED_FLOOR; LOWER=max; UPPER=min,CONSTRAINED_WALK_FORWARD,WARMUP_OBSERVATIONS,,0,0,,,0.0,,FYERS_PAPER_PROXY_RESEARCH,FYERS_PAPER_RESEARCH_ONLY,COST_MODEL_UNVALIDATED,False,False,DISABLED,Daily market context is disabled until operator review,MANUAL_PROXY_RESEARCH,False,True,MEASURED,FIVE_LEVEL,FYERS_MARKET_DEPTH,5,5,120,30,780,690,2026-08-24T06:57:58+00:00,IV_UNAVAILABLE,False,0,False,False,DATA_INVALID,7,DataHealth invalid; Contract invalid: Quote stale or spread hard rejected.; SideDirection hard reject: -0.9 < 65.0; PremiumElasticity hard reject: 0.50 < 1.00; Expected/Required hard reject: 1.42 < 1.60; TradeQuality below configured minimum; ConvexityEdge below excellent gate: 71.4 < 80.0,,
2026-08-24T12:28:19.753046+05:30,2026-08-24,BANKNIFTY,NSE,INDEX,NSE_INDEX,PAPER_ELIGIBLE,INDEX:BANKING,paper-strategy-8ade763620b6,opportunity-score-8ade763620b6,universe-a8e55c76a270,PAPER_OVERRIDE::FYERS_PAPER_PROXY_RESEARCH,CE,UNKNOWN,57300.0,0.9,False,,,Underlying move below identification minimum.,False,,,,,ATM IV unavailable.,-0.0360,banknifty_fast_wbci,VALID,0.9286,2e840ccd58d1,WARMUP_OBSERVATIONS,29,1,0,80.0,65.0,1.0,1.6,70.0,65.0,35.0,50.0,inf,2.0,11.0,GLOBAL_POLICY_FLOOR>CLASS_FLOOR>INSTRUMENT_LEARNED_FLOOR; LOWER=max; UPPER=min,CONSTRAINED_WALK_FORWARD,WARMUP_OBSERVATIONS,,0,0,,,0.0,,FYERS_PAPER_PROXY_RESEARCH,FYERS_PAPER_RESEARCH_ONLY,COST_MODEL_UNVALIDATED,False,False,DISABLED,Daily market context is disabled until operator review,MANUAL_PROXY_RESEARCH,False,True,MEASURED,FIVE_LEVEL,FYERS_MARKET_DEPTH,5,5,30,60,300,360,2026-08-24T06:57:56+00:00,IV_UNAVAILABLE,False,0,False,False,DATA_INVALID,7,DataHealth invalid; Contract invalid: Quote stale or spread hard rejected.; SideDirection hard reject: 0.9 < 65.0; PremiumElasticity hard reject: 0.70 < 1.00; Expected/Required hard reject: 1.42 < 1.60; TradeQuality below configured minimum; ConvexityEdge below excellent gate: 71.4 < 80.0,,
2026-08-24T12:28:19.753046+05:30,2026-08-24,BANKNIFTY,NSE,INDEX,NSE_INDEX,PAPER_ELIGIBLE,INDEX:BANKING,paper-strategy-8ade763620b6,opportunity-score-8ade763620b6,universe-a8e55c76a270,PAPER_OVERRIDE::FYERS_PAPER_PROXY_RESEARCH,PE,UNKNOWN,57300.0,0.0,False,,,Underlying move below identification minimum.,False,,,,,ATM IV unavailable.,-0.0360,banknifty_fast_wbci,VALID,0.9286,2e840ccd58d1,WARMUP_OBSERVATIONS,29,1,0,80.0,65.0,1.0,1.6,70.0,65.0,35.0,50.0,inf,2.0,11.0,GLOBAL_POLICY_FLOOR>CLASS_FLOOR>INSTRUMENT_LEARNED_FLOOR; LOWER=max; UPPER=min,CONSTRAINED_WALK_FORWARD,WARMUP_OBSERVATIONS,,0,0,,,0.0,,FYERS_PAPER_PROXY_RESEARCH,FYERS_PAPER_RESEARCH_ONLY,COST_MODEL_UNVALIDATED,False,False,DISABLED,Daily market context is disabled until operator review,MANUAL_PROXY_RESEARCH,False,True,MEASURED,FIVE_LEVEL,FYERS_MARKET_DEPTH,5,5,30,60,720,990,2026-08-24T06:57:57+00:00,IV_UNAVAILABLE,False,0,False,False,DATA_INVALID,7,DataHealth invalid; Contract invalid: Quote stale or spread hard rejected.; SideDirection hard reject: -0.9 < 65.0; PremiumElasticity hard reject: 0.30 < 1.00; Expected/Required hard reject: 1.42 < 1.60; TradeQuality below configured minimum; ConvexityEdge below excellent gate: 57.4 < 80.0,,
2026-08-24T12:28:19.753046+05:30,2026-08-24,BANKNIFTY,NSE,INDEX,NSE_INDEX,PAPER_ELIGIBLE,INDEX:BANKING,paper-strategy-8ade763620b6,opportunity-score-8ade763620b6,universe-a8e55c76a270,PAPER_OVERRIDE::FYERS_PAPER_PROXY_RESEARCH,PE,UNKNOWN,57500.0,0.0,False,,,Underlying move below identification minimum.,False,,,,,ATM IV unavailable.,-0.0360,banknifty_fast_wbci,VALID,0.9286,2e840ccd58d1,WARMUP_OBSERVATIONS,29,1,0,80.0,65.0,1.0,1.6,70.0,65.0,35.0,50.0,inf,2.0,11.0,GLOBAL_POLICY_FLOOR>CLASS_FLOOR>INSTRUMENT_LEARNED_FLOOR; LOWER=max; UPPER=min,CONSTRAINED_WALK_FORWARD,WARMUP_OBSERVATIONS,,0,0,,,0.0,,FYERS_PAPER_PROXY_RESEARCH,FYERS_PAPER_RESEARCH_ONLY,COST_MODEL_UNVALIDATED,False,False,DISABLED,Daily market context is disabled until operator review,MANUAL_PROXY_RESEARCH,False,True,MEASURED,FIVE_LEVEL,FYERS_MARKET_DEPTH,5,5,60,30,480,1170,2026-08-24T06:57:57+00:00,IV_UNAVAILABLE,False,0,False,False,DATA_INVALID,7,DataHealth invalid; Contract invalid: Quote stale or spread hard rejected.; SideDirection hard reject: -0.9 < 65.0; PremiumElasticity hard reject: 0.70 < 1.00; Expected/Required hard reject: 1.42 < 1.60; TradeQuality below configured minimum; ConvexityEdge below excellent gate: 71.4 < 80.0,,
2026-08-24T12:28:19.753046+05:30,2026-08-24,FINNIFTY,NSE,INDEX,NSE_INDEX,PAPER_ELIGIBLE,INDEX:FINANCIALS,paper-strategy-8ade763620b6,opportunity-score-8ade763620b6,universe-a8e55c76a270,PAPER_OVERRIDE::FYERS_PAPER_PROXY_RESEARCH,PE,UNKNOWN,26150.0,0.7,False,,,Non-positive observation interval.,False,,,,,ATM IV unavailable.,-6.0000,finnifty_leadership_proxy,VALID,5.2657,e172b0fef65b,WARMUP_OBSERVATIONS,18,1,0,80.0,65.0,1.0,1.6,70.0,65.0,35.0,50.0,inf,2.0,11.0,GLOBAL_POLICY_FLOOR>CLASS_FLOOR>INSTRUMENT_LEARNED_FLOOR; LOWER=max; UPPER=min,CONSTRAINED_WALK_FORWARD,WARMUP_OBSERVATIONS,,0,0,,,0.0,,FYERS_PAPER_PROXY_RESEARCH,FYERS_PAPER_RESEARCH_ONLY,COST_MODEL_UNVALIDATED,False,False,DISABLED,Daily market context is disabled until operator review,MANUAL_PROXY_RESEARCH,False,True,MEASURED,FIVE_LEVEL,FYERS_MARKET_DEPTH,5,5,300,300,660,1080,2026-08-24T06:57:37+00:00,IV_UNAVAILABLE,False,0,False,False,DATA_INVALID,7,DataHealth invalid; Contract invalid: Quote stale or spread hard rejected.; SideDirection hard reject: 0.7 < 65.0; PremiumElasticity hard reject: 0.50 < 1.00; Expected/Required hard reject: 1.25 < 1.60; TradeQuality below configured minimum; ConvexityEdge below excellent gate: 71.4 < 80.0,,
2026-08-24T12:28:19.753046+05:30,2026-08-24,FINNIFTY,NSE,INDEX,NSE_INDEX,PAPER_ELIGIBLE,INDEX:FINANCIALS,paper-strategy-8ade763620b6,opportunity-score-8ade763620b6,universe-a8e55c76a270,PAPER_OVERRIDE::FYERS_PAPER_PROXY_RESEARCH,PE,UNKNOWN,26100.0,0.7,False,,,Observation interval exceeds rolling window.,False,,,,,ATM IV unavailable.,-6.0000,finnifty_leadership_proxy,VALID,5.2657,e172b0fef65b,WARMUP_OBSERVATIONS,18,1,0,80.0,65.0,1.0,1.6,70.0,65.0,35.0,50.0,inf,2.0,11.0,GLOBAL_POLICY_FLOOR>CLASS_FLOOR>INSTRUMENT_LEARNED_FLOOR; LOWER=max; UPPER=min,CONSTRAINED_WALK_FORWARD,WARMUP_OBSERVATIONS,,0,0,,,0.0,,FYERS_PAPER_PROXY_RESEARCH,FYERS_PAPER_RESEARCH_ONLY,COST_MODEL_UNVALIDATED,False,False,DISABLED,Daily market context is disabled until operator review,MANUAL_PROXY_RESEARCH,False,True,MEASURED,FIVE_LEVEL,FYERS_MARKET_DEPTH,5,5,180,120,900,660,2026-08-24T06:57:58+00:00,IV_UNAVAILABLE,False,0,False,False,DATA_INVALID,7,DataHealth invalid; Contract invalid: Quote stale or spread hard rejected.; SideDirection hard reject: 0.7 < 65.0; PremiumElasticity hard reject: 0.30 < 1.00; Expected/Required hard reject: 1.25 < 1.60; TradeQuality below configured minimum; ConvexityEdge below excellent gate: 57.4 < 80.0,,
2026-08-24T12:28:19.753046+05:30,2026-08-24,FINNIFTY,NSE,INDEX,NSE_INDEX,PAPER_ELIGIBLE,INDEX:FINANCIALS,paper-strategy-8ade763620b6,opportunity-score-8ade763620b6,universe-a8e55c76a270,PAPER_OVERRIDE::FYERS_PAPER_PROXY_RESEARCH,CE,UNKNOWN,26200.0,0.0,False,,,Underlying move below identification minimum.,False,,,,,ATM IV unavailable.,-6.0000,finnifty_leadership_proxy,VALID,5.2657,e172b0fef65b,WARMUP_OBSERVATIONS,18,1,0,80.0,65.0,1.0,1.6,70.0,65.0,35.0,50.0,inf,2.0,11.0,GLOBAL_POLICY_FLOOR>CLASS_FLOOR>INSTRUMENT_LEARNED_FLOOR; LOWER=max; UPPER=min,CONSTRAINED_WALK_FORWARD,WARMUP_OBSERVATIONS,,0,0,,,0.0,,FYERS_PAPER_PROXY_RESEARCH,FYERS_PAPER_RESEARCH_ONLY,COST_MODEL_UNVALIDATED,False,False,DISABLED,Daily market context is disabled until operator review,MANUAL_PROXY_RESEARCH,False,True,MEASURED,FIVE_LEVEL,FYERS_MARKET_DEPTH,5,5,180,180,840,840,2026-08-24T06:57:54+00:00,IV_UNAVAILABLE,False,0,False,False,DATA_INVALID,7,DataHealth invalid; Contract invalid: Quote stale or spread hard rejected.; SideDirection hard reject: -0.7 < 65.0; PremiumElasticity hard reject: 0.30 < 1.00; Expected/Required hard reject: 1.25 < 1.60; TradeQuality below configured minimum; ConvexityEdge below excellent gate: 57.4 < 80.0,,
2026-08-24T12:28:19.753046+05:30,2026-08-24,FINNIFTY,NSE,INDEX,NSE_INDEX,PAPER_ELIGIBLE,INDEX:FINANCIALS,paper-strategy-8ade763620b6,opportunity-score-8ade763620b6,universe-a8e55c76a270,PAPER_OVERRIDE::FYERS_PAPER_PROXY_RESEARCH,PE,UNKNOWN,26200.0,0.7,False,,,Underlying move below identification minimum.,False,,,,,ATM IV unavailable.,-6.0000,finnifty_leadership_proxy,VALID,5.2657,e172b0fef65b,WARMUP_OBSERVATIONS,18,1,0,80.0,65.0,1.0,1.6,70.0,65.0,35.0,50.0,inf,2.0,11.0,GLOBAL_POLICY_FLOOR>CLASS_FLOOR>INSTRUMENT_LEARNED_FLOOR; LOWER=max; UPPER=min,CONSTRAINED_WALK_FORWARD,WARMUP_OBSERVATIONS,,0,0,,,0.0,,FYERS_PAPER_PROXY_RESEARCH,FYERS_PAPER_RESEARCH_ONLY,COST_MODEL_UNVALIDATED,False,False,DISABLED,Daily market context is disabled until operator review,MANUAL_PROXY_RESEARCH,False,True,MEASURED,FIVE_LEVEL,FYERS_MARKET_DEPTH,5,5,120,60,1080,480,2026-08-24T06:57:43+00:00,IV_UNAVAILABLE,False,0,False,False,DATA_INVALID,7,DataHealth invalid; Contract invalid: Quote stale or spread hard rejected.; SideDirection hard reject: 0.7 < 65.0; PremiumElasticity hard reject: 0.70 < 1.00; Expected/Required hard reject: 1.25 < 1.60; TradeQuality below configured minimum; ConvexityEdge below excellent gate: 71.4 < 80.0,,
2026-08-24T12:28:19.753046+05:30,2026-08-24,MIDCPNIFTY,NSE,INDEX,NSE_INDEX,PAPER_ELIGIBLE,INDEX:MIDCAP,paper-strategy-8ade763620b6,opportunity-score-8ade763620b6,universe-a8e55c76a270,PAPER_OVERRIDE::FYERS_PAPER_PROXY_RESEARCH,CE,UNKNOWN,14875.0,0.0,False,,,Underlying move below identification minimum.,False,,,,,ATM IV unavailable.,0.8308,midcap_direction_proxy,PARTIAL_MIDCAP,1.1266,712afad509f5,WARMUP_OBSERVATIONS,15,1,0,80.0,65.0,1.0,1.6,70.0,65.0,35.0,50.0,inf,2.0,11.0,GLOBAL_POLICY_FLOOR>CLASS_FLOOR>INSTRUMENT_LEARNED_FLOOR; LOWER=max; UPPER=min,CONSTRAINED_WALK_FORWARD,WARMUP_OBSERVATIONS,,0,0,,,0.0,,FYERS_PAPER_PROXY_RESEARCH,FYERS_PAPER_RESEARCH_ONLY,COST_MODEL_UNVALIDATED,False,False,DISABLED,Daily market context is disabled until operator review,MANUAL_PROXY_RESEARCH,False,True,MEASURED,FIVE_LEVEL,FYERS_MARKET_DEPTH,5,5,240,240,3840,2640,2026-08-24T06:58:00+00:00,IV_UNAVAILABLE,False,0,False,False,DATA_INVALID,7,DataHealth invalid; Contract invalid: Quote stale or spread hard rejected.; SideDirection hard reject: -0.3 < 65.0; PremiumElasticity hard reject: 0.50 < 1.00; Expected/Required hard reject: 1.08 < 1.60; TradeQuality below configured minimum; ConvexityEdge below excellent gate: 70.4 < 80.0,,
2026-08-24T12:28:19.753046+05:30,2026-08-24,MIDCPNIFTY,NSE,INDEX,NSE_INDEX,PAPER_ELIGIBLE,INDEX:MIDCAP,paper-strategy-8ade763620b6,opportunity-score-8ade763620b6,universe-a8e55c76a270,PAPER_OVERRIDE::FYERS_PAPER_PROXY_RESEARCH,CE,UNKNOWN,14850.0,0.0,False,,,Underlying move below identification minimum.,False,,,,,ATM IV unavailable.,0.8308,midcap_direction_proxy,PARTIAL_MIDCAP,1.1266,712afad509f5,WARMUP_OBSERVATIONS,15,1,0,80.0,65.0,1.0,1.6,70.0,65.0,35.0,50.0,inf,2.0,11.0,GLOBAL_POLICY_FLOOR>CLASS_FLOOR>INSTRUMENT_LEARNED_FLOOR; LOWER=max; UPPER=min,CONSTRAINED_WALK_FORWARD,WARMUP_OBSERVATIONS,,0,0,,,0.0,,FYERS_PAPER_PROXY_RESEARCH,FYERS_PAPER_RESEARCH_ONLY,COST_MODEL_UNVALIDATED,False,False,DISABLED,Daily market context is disabled until operator review,MANUAL_PROXY_RESEARCH,False,True,MEASURED,FIVE_LEVEL,FYERS_MARKET_DEPTH,5,5,120,360,600,3360,2026-08-24T06:57:55+00:00,IV_UNAVAILABLE,False,0,False,False,DATA_INVALID,7,DataHealth invalid; Contract invalid: Quote stale or spread hard rejected.; SideDirection hard reject: -0.3 < 65.0; PremiumElasticity hard reject: 0.70 < 1.00; Expected/Required hard reject: 1.08 < 1.60; TradeQuality below configured minimum; ConvexityEdge below excellent gate: 70.4 < 80.0,,
2026-08-24T12:28:19.753046+05:30,2026-08-24,MIDCPNIFTY,NSE,INDEX,NSE_INDEX,PAPER_ELIGIBLE,INDEX:MIDCAP,paper-strategy-8ade763620b6,opportunity-score-8ade763620b6,universe-a8e55c76a270,PAPER_OVERRIDE::FYERS_PAPER_PROXY_RESEARCH,PE,UNKNOWN,14900.0,0.3,False,,,Underlying move below identification minimum.,False,,,,,ATM IV unavailable.,0.8308,midcap_direction_proxy,PARTIAL_MIDCAP,1.1266,712afad509f5,WARMUP_OBSERVATIONS,15,1,0,80.0,65.0,1.0,1.6,70.0,65.0,35.0,50.0,inf,2.0,11.0,GLOBAL_POLICY_FLOOR>CLASS_FLOOR>INSTRUMENT_LEARNED_FLOOR; LOWER=max; UPPER=min,CONSTRAINED_WALK_FORWARD,WARMUP_OBSERVATIONS,,0,0,,,0.0,,FYERS_PAPER_PROXY_RESEARCH,FYERS_PAPER_RESEARCH_ONLY,COST_MODEL_UNVALIDATED,False,False,DISABLED,Daily market context is disabled until operator review,MANUAL_PROXY_RESEARCH,False,True,MEASURED,FIVE_LEVEL,FYERS_MARKET_DEPTH,5,5,480,120,2640,1560,2026-08-24T06:58:02+00:00,IV_UNAVAILABLE,False,0,False,False,DATA_INVALID,7,DataHealth invalid; Contract invalid: Quote stale or spread hard rejected.; SideDirection hard reject: 0.3 < 65.0; PremiumElasticity hard reject: 0.70 < 1.00; Expected/Required hard reject: 1.08 < 1.60; TradeQuality below configured minimum; ConvexityEdge below excellent gate: 70.4 < 80.0,,
2026-08-24T12:28:19.753046+05:30,2026-08-24,DRREDDY,NSE,STOCK,NSE_STOCK_OPTION,PAPER_ELIGIBLE,STOCK:DRREDDY,paper-strategy-8ade763620b6,opportunity-score-8ade763620b6,universe-a8e55c76a270,PAPER_OVERRIDE::FYERS_PAPER_PROXY_RESEARCH,CE,UNKNOWN,1180.0,6.1,False,,,No prior observation for contract.,False,,,,,ATM IV unavailable.,,DRREDDY,NOT_CONFIGURED,,97ea730b14bf,WARMUP_OBSERVATIONS,0,0,0,90.0,65.0,1.0,1.6,70.0,65.0,35.0,50.0,inf,3.0,20.0,GLOBAL_POLICY_FLOOR>CLASS_FLOOR>INSTRUMENT_LEARNED_FLOOR; LOWER=max; UPPER=min,CONSTRAINED_WALK_FORWARD,WARMUP_OBSERVATIONS,,0,0,,,0.0,,FYERS_PAPER_PROXY_RESEARCH,FYERS_PAPER_RESEARCH_ONLY,COST_MODEL_UNVALIDATED,False,False,DISABLED,Daily market context is disabled until operator review,MANUAL_PROXY_RESEARCH,False,True,MEASURED,FIVE_LEVEL,FYERS_MARKET_DEPTH,5,5,1875,625,8750,6875,2026-08-24T06:57:55+00:00,IV_UNAVAILABLE,False,0,False,False,DATA_INVALID,11,DataHealth invalid; Contract invalid: Quote stale or spread hard rejected.; SideDirection hard reject: 6.1 < 65.0; PremiumElasticity hard reject: 0.70 < 1.00; Expected/Required hard reject: 1.17 < 1.60; TradeQuality below configured minimum; FinalConfidence below configured minimum; ExecutionQuality below excellent gate: 0.0 < 80.0; ConvexityEdge below excellent gate: 71.4 < 80.0; OpportunityConfidence below excellent gate: 32.1 < 70.0; RegimeFit below excellent gate: 60.0 < 70.0,,
2026-08-24T12:28:19.753046+05:30,2026-08-24,DRREDDY,NSE,STOCK,NSE_STOCK_OPTION,PAPER_ELIGIBLE,STOCK:DRREDDY,paper-strategy-8ade763620b6,opportunity-score-8ade763620b6,universe-a8e55c76a270,PAPER_OVERRIDE::FYERS_PAPER_PROXY_RESEARCH,PE,UNKNOWN,1200.0,0.0,False,,,No prior observation for contract.,False,,,,,ATM IV unavailable.,,DRREDDY,NOT_CONFIGURED,,97ea730b14bf,WARMUP_OBSERVATIONS,0,0,0,90.0,65.0,1.0,1.6,70.0,65.0,35.0,50.0,inf,3.0,20.0,GLOBAL_POLICY_FLOOR>CLASS_FLOOR>INSTRUMENT_LEARNED_FLOOR; LOWER=max; UPPER=min,CONSTRAINED_WALK_FORWARD,WARMUP_OBSERVATIONS,,0,0,,,0.0,,FYERS_PAPER_PROXY_RESEARCH,FYERS_PAPER_RESEARCH_ONLY,COST_MODEL_UNVALIDATED,False,False,DISABLED,Daily market context is disabled until operator review,MANUAL_PROXY_RESEARCH,False,True,MEASURED,FIVE_LEVEL,FYERS_MARKET_DEPTH,5,5,625,625,3750,3750,2026-08-24T06:57:55+00:00,IV_UNAVAILABLE,False,0,False,False,DATA_INVALID,11,DataHealth invalid; Contract invalid: Quote stale or spread hard rejected.; SideDirection hard reject: -6.1 < 65.0; PremiumElasticity hard reject: 0.70 < 1.00; Expected/Required hard reject: 1.17 < 1.60; TradeQuality below configured minimum; FinalConfidence below configured minimum; ExecutionQuality below excellent gate: 0.0 < 80.0; ConvexityEdge below excellent gate: 71.4 < 80.0; OpportunityConfidence below excellent gate: 49.9 < 70.0; RegimeFit below excellent gate: 60.0 < 70.0,,
2026-08-24T12:28:19.753046+05:30,2026-08-24,EICHERMOT,NSE,STOCK,NSE_STOCK_OPTION,PAPER_ELIGIBLE,STOCK:EICHERMOT,paper-strategy-8ade763620b6,opportunity-score-8ade763620b6,universe-a8e55c76a270,PAPER_OVERRIDE::FYERS_PAPER_PROXY_RESEARCH,CE,UNKNOWN,8100.0,0.5,False,,,No prior observation for contract.,False,,,,,ATM IV unavailable.,,EICHERMOT,NOT_CONFIGURED,,9ae09e86b9c0,WARMUP_OBSERVATIONS,0,0,0,90.0,65.0,1.0,1.6,70.0,65.0,35.0,50.0,inf,3.0,20.0,GLOBAL_POLICY_FLOOR>CLASS_FLOOR>INSTRUMENT_LEARNED_FLOOR; LOWER=max; UPPER=min,CONSTRAINED_WALK_FORWARD,WARMUP_OBSERVATIONS,,0,0,,,0.0,,FYERS_PAPER_PROXY_RESEARCH,FYERS_PAPER_RESEARCH_ONLY,COST_MODEL_UNVALIDATED,False,False,DISABLED,Daily market context is disabled until operator review,MANUAL_PROXY_RESEARCH,False,True,MEASURED,FIVE_LEVEL,FYERS_MARKET_DEPTH,5,5,300,200,1100,2000,2026-08-24T06:57:58+00:00,IV_UNAVAILABLE,False,0,False,False,DATA_INVALID,11,DataHealth invalid; Contract invalid: Quote stale or spread hard rejected.; SideDirection hard reject: 0.5 < 65.0; PremiumElasticity hard reject: 0.50 < 1.00; Expected/Required hard reject: 1.17 < 1.60; TradeQuality below configured minimum; FinalConfidence below configured minimum; ExecutionQuality below excellent gate: 31.7 < 80.0; ConvexityEdge below excellent gate: 71.4 < 80.0; OpportunityConfidence below excellent gate: 54.5 < 70.0; RegimeFit below excellent gate: 60.0 < 70.0,,
2026-08-24T12:28:19.753046+05:30,2026-08-24,EICHERMOT,NSE,STOCK,NSE_STOCK_OPTION,PAPER_ELIGIBLE,STOCK:EICHERMOT,paper-strategy-8ade763620b6,opportunity-score-8ade763620b6,universe-a8e55c76a270,PAPER_OVERRIDE::FYERS_PAPER_PROXY_RESEARCH,PE,UNKNOWN,8000.0,0.0,False,,,No prior observation for contract.,False,,,,,ATM IV unavailable.,,EICHERMOT,NOT_CONFIGURED,,9ae09e86b9c0,WARMUP_OBSERVATIONS,0,0,0,90.0,65.0,1.0,1.6,70.0,65.0,35.0,50.0,inf,3.0,20.0,GLOBAL_POLICY_FLOOR>CLASS_FLOOR>INSTRUMENT_LEARNED_FLOOR; LOWER=max; UPPER=min,CONSTRAINED_WALK_FORWARD,WARMUP_OBSERVATIONS,,0,0,,,0.0,,FYERS_PAPER_PROXY_RESEARCH,FYERS_PAPER_RESEARCH_ONLY,COST_MODEL_UNVALIDATED,False,False,DISABLED,Daily market context is disabled until operator review,MANUAL_PROXY_RESEARCH,False,True,MEASURED,FIVE_LEVEL,FYERS_MARKET_DEPTH,5,5,200,300,1000,1100,2026-08-24T06:57:58+00:00,IV_UNAVAILABLE,False,0,False,False,DATA_INVALID,11,DataHealth invalid; Contract invalid: Quote stale or spread hard rejected.; SideDirection hard reject: -0.5 < 65.0; PremiumElasticity hard reject: 0.30 < 1.00; Expected/Required hard reject: 1.17 < 1.60; TradeQuality below configured minimum; FinalConfidence below configured minimum; ExecutionQuality below excellent gate: 0.0 < 80.0; ConvexityEdge below excellent gate: 57.4 < 80.0; OpportunityConfidence below excellent gate: 47.8 < 70.0; RegimeFit below excellent gate: 60.0 < 70.0,,
2026-08-24T12:28:19.753046+05:30,2026-08-24,GRASIM,NSE,STOCK,NSE_STOCK_OPTION,PAPER_ELIGIBLE,STOCK:GRASIM,paper-strategy-8ade763620b6,opportunity-score-8ade763620b6,universe-a8e55c76a270,PAPER_OVERRIDE::FYERS_PAPER_PROXY_RESEARCH,CE,UNKNOWN,3300.0,16.3,False,,,No prior observation for contract.,False,,,,,ATM IV unavailable.,,GRASIM,NOT_CONFIGURED,,3f3175605513,WARMUP_OBSERVATIONS,0,0,0,90.0,65.0,1.0,1.6,70.0,65.0,35.0,50.0,inf,3.0,20.0,GLOBAL_POLICY_FLOOR>CLASS_FLOOR>INSTRUMENT_LEARNED_FLOOR; LOWER=max; UPPER=min,CONSTRAINED_WALK_FORWARD,WARMUP_OBSERVATIONS,,0,0,,,0.0,,FYERS_PAPER_PROXY_RESEARCH,FYERS_PAPER_RESEARCH_ONLY,COST_MODEL_UNVALIDATED,False,False,DISABLED,Daily market context is disabled until operator review,MANUAL_PROXY_RESEARCH,False,True,MEASURED,FIVE_LEVEL,FYERS_MARKET_DEPTH,5,5,250,750,1750,2500,2026-08-24T06:56:27+00:00,IV_UNAVAILABLE,False,0,False,False,DATA_INVALID,11,DataHealth invalid; Contract invalid: Quote stale or spread hard rejected.; SideDirection hard reject: 16.3 < 65.0; PremiumElasticity hard reject: 0.50 < 1.00; Expected/Required hard reject: 1.17 < 1.60; TradeQuality below configured minimum; FinalConfidence below configured minimum; ExecutionQuality below excellent gate: 0.0 < 80.0; ConvexityEdge below excellent gate: 71.4 < 80.0; OpportunityConfidence below excellent gate: 53.7 < 70.0; RegimeFit below excellent gate: 60.0 < 70.0,,
2026-08-24T12:28:19.753046+05:30,2026-08-24,GRASIM,NSE,STOCK,NSE_STOCK_OPTION,PAPER_ELIGIBLE,STOCK:GRASIM,paper-strategy-8ade763620b6,opportunity-score-8ade763620b6,universe-a8e55c76a270,PAPER_OVERRIDE::FYERS_PAPER_PROXY_RESEARCH,CE,UNKNOWN,3280.0,16.3,False,,,No prior observation for contract.,False,,,,,ATM IV unavailable.,,GRASIM,NOT_CONFIGURED,,3f3175605513,WARMUP_OBSERVATIONS,0,0,0,90.0,65.0,1.0,1.6,70.0,65.0,35.0,50.0,inf,3.0,20.0,GLOBAL_POLICY_FLOOR>CLASS_FLOOR>INSTRUMENT_LEARNED_FLOOR; LOWER=max; UPPER=min,CONSTRAINED_WALK_FORWARD,WARMUP_OBSERVATIONS,,0,0,,,0.0,,FYERS_PAPER_PROXY_RESEARCH,FYERS_PAPER_RESEARCH_ONLY,COST_MODEL_UNVALIDATED,False,False,DISABLED,Daily market context is disabled until operator review,MANUAL_PROXY_RESEARCH,False,True,MEASURED,FIVE_LEVEL,FYERS_MARKET_DEPTH,5,5,250,500,2000,1500,2026-08-24T06:58:09+00:00,IV_UNAVAILABLE,False,0,False,False,DATA_INVALID,11,DataHealth invalid; Contract invalid: Quote stale or spread hard rejected.; SideDirection hard reject: 16.3 < 65.0; PremiumElasticity hard reject: 0.70 < 1.00; Expected/Required hard reject: 1.17 < 1.60; TradeQuality below configured minimum; FinalConfidence below configured minimum; ExecutionQuality below excellent gate: 0.0 < 80.0; ConvexityEdge below excellent gate: 71.4 < 80.0; OpportunityConfidence below excellent gate: 62.5 < 70.0; RegimeFit below excellent gate: 60.0 < 70.0,,
2026-08-24T12:28:19.753046+05:30,2026-08-24,GRASIM,NSE,STOCK,NSE_STOCK_OPTION,PAPER_ELIGIBLE,STOCK:GRASIM,paper-strategy-8ade763620b6,opportunity-score-8ade763620b6,universe-a8e55c76a270,PAPER_OVERRIDE::FYERS_PAPER_PROXY_RESEARCH,PE,UNKNOWN,3280.0,0.0,False,,,No prior observation for contract.,False,,,,,ATM IV unavailable.,,GRASIM,NOT_CONFIGURED,,3f3175605513,WARMUP_OBSERVATIONS,0,0,0,90.0,65.0,1.0,1.6,70.0,65.0,35.0,50.0,inf,3.0,20.0,GLOBAL_POLICY_FLOOR>CLASS_FLOOR>INSTRUMENT_LEARNED_FLOOR; LOWER=max; UPPER=min,CONSTRAINED_WALK_FORWARD,WARMUP_OBSERVATIONS,,0,0,,,0.0,,FYERS_PAPER_PROXY_RESEARCH,FYERS_PAPER_RESEARCH_ONLY,COST_MODEL_UNVALIDATED,False,False,DISABLED,Daily market context is disabled until operator review,MANUAL_PROXY_RESEARCH,False,True,MEASURED,FIVE_LEVEL,FYERS_MARKET_DEPTH,5,5,250,250,1500,1250,2026-08-24T06:58:09+00:00,IV_UNAVAILABLE,False,0,False,False,DATA_INVALID,11,DataHealth invalid; Contract invalid: Quote stale or spread hard rejected.; SideDirection hard reject: -16.3 < 65.0; PremiumElasticity hard reject: 0.30 < 1.00; Expected/Required hard reject: 1.17 < 1.60; TradeQuality below configured minimum; FinalConfidence below configured minimum; ExecutionQuality below excellent gate: 0.0 < 80.0; ConvexityEdge below excellent gate: 57.4 < 80.0; OpportunityConfidence below excellent gate: 49.3 < 70.0; RegimeFit below excellent gate: 60.0 < 70.0,,
2026-08-24T12:28:19.753046+05:30,2026-08-24,GRASIM,NSE,STOCK,NSE_STOCK_OPTION,PAPER_ELIGIBLE,STOCK:GRASIM,paper-strategy-8ade763620b6,opportunity-score-8ade763620b6,universe-a8e55c76a270,PAPER_OVERRIDE::FYERS_PAPER_PROXY_RESEARCH,CE,UNKNOWN,3320.0,16.3,False,,,No prior observation for contract.,False,,,,,ATM IV unavailable.,,GRASIM,NOT_CONFIGURED,,3f3175605513,WARMUP_OBSERVATIONS,0,0,0,90.0,65.0,1.0,1.6,70.0,65.0,35.0,50.0,inf,3.0,20.0,GLOBAL_POLICY_FLOOR>CLASS_FLOOR>INSTRUMENT_LEARNED_FLOOR; LOWER=max; UPPER=min,CONSTRAINED_WALK_FORWARD,WARMUP_OBSERVATIONS,,0,0,,,0.0,,FYERS_PAPER_PROXY_RESEARCH,FYERS_PAPER_RESEARCH_ONLY,COST_MODEL_UNVALIDATED,False,False,DISABLED,Daily market context is disabled until operator review,MANUAL_PROXY_RESEARCH,False,True,MEASURED,FIVE_LEVEL,FYERS_MARKET_DEPTH,5,5,250,500,2000,2750,2026-08-24T06:58:09+00:00,IV_UNAVAILABLE,False,0,False,False,DATA_INVALID,11,DataHealth invalid; Contract invalid: Quote stale or spread hard rejected.; SideDirection hard reject: 16.3 < 65.0; PremiumElasticity hard reject: 0.30 < 1.00; Expected/Required hard reject: 1.17 < 1.60; TradeQuality below configured minimum; FinalConfidence below configured minimum; ExecutionQuality below excellent gate: 0.0 < 80.0; ConvexityEdge below excellent gate: 57.4 < 80.0; OpportunityConfidence below excellent gate: 42.2 < 70.0; RegimeFit below excellent gate: 60.0 < 70.0,,
2026-08-24T12:28:19.753046+05:30,2026-08-24,HCLTECH,NSE,STOCK,NSE_STOCK_OPTION,PAPER_ELIGIBLE,STOCK:HCLTECH,paper-strategy-8ade763620b6,opportunity-score-8ade763620b6,universe-a8e55c76a270,PAPER_OVERRIDE::FYERS_PAPER_PROXY_RESEARCH,PE,UNKNOWN,1320.0,0.0,False,,,No prior observation for contract.,False,,,,,ATM IV unavailable.,,HCLTECH,PRIMARY_HISTORY_INSUFFICIENT,,bd3813497287,WARMUP_OBSERVATIONS,0,0,0,90.0,65.0,1.0,1.6,70.0,65.0,35.0,50.0,inf,3.0,20.0,GLOBAL_POLICY_FLOOR>CLASS_FLOOR>INSTRUMENT_LEARNED_FLOOR; LOWER=max; UPPER=min,CONSTRAINED_WALK_FORWARD,WARMUP_OBSERVATIONS,,0,0,,,0.0,,FYERS_PAPER_PROXY_RESEARCH,FYERS_PAPER_RESEARCH_ONLY,COST_MODEL_UNVALIDATED,False,False,DISABLED,Daily market context is disabled until operator review,MANUAL_PROXY_RESEARCH,False,True,MEASURED,FIVE_LEVEL,FYERS_MARKET_DEPTH,5,5,400,400,4000,6800,2026-08-24T06:57:39+00:00,IV_UNAVAILABLE,False,0,False,False,DATA_INVALID,11,DataHealth invalid; Contract invalid: Quote stale or spread hard rejected.; SideDirection hard reject: -0.0 < 65.0; PremiumElasticity hard reject: 0.50 < 1.00; Expected/Required hard reject: 0.30 < 1.60; TradeQuality below configured minimum; FinalConfidence below configured minimum; ExecutionQuality below excellent gate: 0.0 < 80.0; ConvexityEdge below excellent gate: 70.4 < 80.0; OpportunityConfidence below excellent gate: 48.8 < 70.0; RegimeFit below excellent gate: 60.0 < 70.0,,
2026-08-24T12:28:19.753046+05:30,2026-08-24,HCLTECH,NSE,STOCK,NSE_STOCK_OPTION,PAPER_ELIGIBLE,STOCK:HCLTECH,paper-strategy-8ade763620b6,opportunity-score-8ade763620b6,universe-a8e55c76a270,PAPER_OVERRIDE::FYERS_PAPER_PROXY_RESEARCH,CE,UNKNOWN,1310.0,0.0,False,,,No prior observation for contract.,False,,,,,ATM IV unavailable.,,HCLTECH,PRIMARY_HISTORY_INSUFFICIENT,,bd3813497287,WARMUP_OBSERVATIONS,0,0,0,90.0,65.0,1.0,1.6,70.0,65.0,35.0,50.0,inf,3.0,20.0,GLOBAL_POLICY_FLOOR>CLASS_FLOOR>INSTRUMENT_LEARNED_FLOOR; LOWER=max; UPPER=min,CONSTRAINED_WALK_FORWARD,WARMUP_OBSERVATIONS,,0,0,,,0.0,,FYERS_PAPER_PROXY_RESEARCH,FYERS_PAPER_RESEARCH_ONLY,COST_MODEL_UNVALIDATED,False,False,DISABLED,Daily market context is disabled until operator review,MANUAL_PROXY_RESEARCH,False,True,MEASURED,FIVE_LEVEL,FYERS_MARKET_DEPTH,5,5,400,400,2400,3200,2026-08-24T06:45:55+00:00,IV_UNAVAILABLE,False,0,False,False,DATA_INVALID,11,DataHealth invalid; Contract invalid: Quote stale or spread hard rejected.; SideDirection hard reject: 0.0 < 65.0; PremiumElasticity hard reject: 0.70 < 1.00; Expected/Required hard reject: 0.30 < 1.60; TradeQuality below configured minimum; FinalConfidence below configured minimum; ExecutionQuality below excellent gate: 0.0 < 80.0; ConvexityEdge below excellent gate: 70.4 < 80.0; OpportunityConfidence below excellent gate: 43.5 < 70.0; RegimeFit below excellent gate: 60.0 < 70.0,,
2026-08-24T12:28:19.753046+05:30,2026-08-24,HCLTECH,NSE,STOCK,NSE_STOCK_OPTION,PAPER_ELIGIBLE,STOCK:HCLTECH,paper-strategy-8ade763620b6,opportunity-score-8ade763620b6,universe-a8e55c76a270,PAPER_OVERRIDE::FYERS_PAPER_PROXY_RESEARCH,PE,UNKNOWN,1330.0,0.0,False,,,No prior observation for contract.,False,,,,,ATM IV unavailable.,,HCLTECH,PRIMARY_HISTORY_INSUFFICIENT,,bd3813497287,WARMUP_OBSERVATIONS,0,0,0,90.0,65.0,1.0,1.6,70.0,65.0,35.0,50.0,inf,3.0,20.0,GLOBAL_POLICY_FLOOR>CLASS_FLOOR>INSTRUMENT_LEARNED_FLOOR; LOWER=max; UPPER=min,CONSTRAINED_WALK_FORWARD,WARMUP_OBSERVATIONS,,0,0,,,0.0,,FYERS_PAPER_PROXY_RESEARCH,FYERS_PAPER_RESEARCH_ONLY,COST_MODEL_UNVALIDATED,False,False,DISABLED,Daily market context is disabled until operator review,MANUAL_PROXY_RESEARCH,False,False,LIQUIDITY_UNAVAILABLE,UNAVAILABLE,UNAVAILABLE,0,0,0,0,,,2026-08-24T12:27:58.264775+05:30,IV_UNAVAILABLE,False,0,False,False,DATA_INVALID,11,DataHealth invalid; Contract invalid: Quote stale or spread hard rejected.; SideDirection hard reject: -0.0 < 65.0; PremiumElasticity hard reject: 0.70 < 1.00; Expected/Required hard reject: 0.30 < 1.60; TradeQuality below configured minimum; FinalConfidence below configured minimum; ExecutionQuality below excellent gate: 0.0 < 80.0; ConvexityEdge below excellent gate: 70.4 < 80.0; OpportunityConfidence below excellent gate: 37.5 < 70.0; RegimeFit below excellent gate: 60.0 < 70.0,,
2026-08-24T12:31:51.931653+05:30,2026-08-24,BANKNIFTY,NSE,INDEX,NSE_INDEX,PAPER_ELIGIBLE,INDEX:BANKING,paper-strategy-8ade763620b6,opportunity-score-8ade763620b6,universe-a8e55c76a270,PAPER_OVERRIDE::FYERS_PAPER_PROXY_RESEARCH,CE,UNKNOWN,57300.0,0.0,False,,,Underlying move below identification minimum.,False,,,,,ATM IV unavailable.,-7.7370,banknifty_fast_wbci,VALID,3.9235,2e840ccd58d1,WARMUP_OBSERVATIONS,44,1,0,80.0,65.0,1.0,1.6,70.0,65.0,35.0,50.0,inf,2.0,11.0,GLOBAL_POLICY_FLOOR>CLASS_FLOOR>INSTRUMENT_LEARNED_FLOOR; LOWER=max; UPPER=min,CONSTRAINED_WALK_FORWARD,WARMUP_OBSERVATIONS,,0,0,,,0.0,,FYERS_PAPER_PROXY_RESEARCH,FYERS_PAPER_RESEARCH_ONLY,COST_MODEL_UNVALIDATED,False,False,DISABLED,Daily market context is disabled until operator review,MANUAL_PROXY_RESEARCH,False,True,MEASURED,FIVE_LEVEL,FYERS_MARKET_DEPTH,5,5,60,60,480,390,2026-08-24T07:01:33+00:00,IV_UNAVAILABLE,False,0,False,False,DATA_INVALID,7,DataHealth invalid; Contract invalid: Quote stale or spread hard rejected.; SideDirection hard reject: -3.8 < 65.0; PremiumElasticity hard reject: 0.50 < 1.00; Expected/Required hard reject: 1.42 < 1.60; TradeQuality below configured minimum; ConvexityEdge below excellent gate: 71.4 < 80.0,,
2026-08-24T12:31:51.931653+05:30,2026-08-24,BANKNIFTY,NSE,INDEX,NSE_INDEX,PAPER_ELIGIBLE,INDEX:BANKING,paper-strategy-8ade763620b6,opportunity-score-8ade763620b6,universe-a8e55c76a270,PAPER_OVERRIDE::FYERS_PAPER_PROXY_RESEARCH,PE,UNKNOWN,57300.0,3.8,False,,,Underlying move below identification minimum.,False,,,,,ATM IV unavailable.,-7.7370,banknifty_fast_wbci,VALID,3.9235,2e840ccd58d1,WARMUP_OBSERVATIONS,44,1,0,80.0,65.0,1.0,1.6,70.0,65.0,35.0,50.0,inf,2.0,11.0,GLOBAL_POLICY_FLOOR>CLASS_FLOOR>INSTRUMENT_LEARNED_FLOOR; LOWER=max; UPPER=min,CONSTRAINED_WALK_FORWARD,WARMUP_OBSERVATIONS,,0,0,,,0.0,,FYERS_PAPER_PROXY_RESEARCH,FYERS_PAPER_RESEARCH_ONLY,COST_MODEL_UNVALIDATED,False,False,DISABLED,Daily market context is disabled until operator review,MANUAL_PROXY_RESEARCH,False,True,MEASURED,FIVE_LEVEL,FYERS_MARKET_DEPTH,5,5,30,30,1050,1020,2026-08-24T07:01:33+00:00,IV_UNAVAILABLE,False,0,False,False,DATA_INVALID,7,DataHealth invalid; Contract invalid: Quote stale or spread hard rejected.; SideDirection hard reject: 3.8 < 65.0; PremiumElasticity hard reject: 0.50 < 1.00; Expected/Required hard reject: 1.42 < 1.60; TradeQuality below configured minimum; ConvexityEdge below excellent gate: 71.4 < 80.0,,
2026-08-24T12:31:51.931653+05:30,2026-08-24,BANKNIFTY,NSE,INDEX,NSE_INDEX,PAPER_ELIGIBLE,INDEX:BANKING,paper-strategy-8ade763620b6,opportunity-score-8ade763620b6,universe-a8e55c76a270,PAPER_OVERRIDE::FYERS_PAPER_PROXY_RESEARCH,PE,UNKNOWN,57200.0,3.8,False,,,Underlying move below identification minimum.,False,,,,,ATM IV unavailable.,-7.7370,banknifty_fast_wbci,VALID,3.9235,2e840ccd58d1,WARMUP_OBSERVATIONS,44,1,0,80.0,65.0,1.0,1.6,70.0,65.0,35.0,50.0,inf,2.0,11.0,GLOBAL_POLICY_FLOOR>CLASS_FLOOR>INSTRUMENT_LEARNED_FLOOR; LOWER=max; UPPER=min,CONSTRAINED_WALK_FORWARD,WARMUP_OBSERVATIONS,,0,0,,,0.0,,FYERS_PAPER_PROXY_RESEARCH,FYERS_PAPER_RESEARCH_ONLY,COST_MODEL_UNVALIDATED,False,False,DISABLED,Daily market context is disabled until operator review,MANUAL_PROXY_RESEARCH,False,True,MEASURED,FIVE_LEVEL,FYERS_MARKET_DEPTH,5,5,30,30,630,1470,2026-08-24T07:01:33+00:00,IV_UNAVAILABLE,False,0,False,False,DATA_INVALID,7,DataHealth invalid; Contract invalid: Quote stale or spread hard rejected.; SideDirection hard reject: 3.8 < 65.0; PremiumElasticity hard reject: 0.30 < 1.00; Expected/Required hard reject: 1.42 < 1.60; TradeQuality below configured minimum; ConvexityEdge below excellent gate: 57.4 < 80.0,,
2026-08-24T12:31:51.931653+05:30,2026-08-24,BANKNIFTY,NSE,INDEX,NSE_INDEX,PAPER_ELIGIBLE,INDEX:BANKING,paper-strategy-8ade763620b6,opportunity-score-8ade763620b6,universe-a8e55c76a270,PAPER_OVERRIDE::FYERS_PAPER_PROXY_RESEARCH,CE,UNKNOWN,57400.0,0.0,False,,,Underlying move below identification minimum.,False,,,,,ATM IV unavailable.,-7.7370,banknifty_fast_wbci,VALID,3.9235,2e840ccd58d1,WARMUP_OBSERVATIONS,44,1,0,80.0,65.0,1.0,1.6,70.0,65.0,35.0,50.0,inf,2.0,11.0,GLOBAL_POLICY_FLOOR>CLASS_FLOOR>INSTRUMENT_LEARNED_FLOOR; LOWER=max; UPPER=min,CONSTRAINED_WALK_FORWARD,WARMUP_OBSERVATIONS,,0,0,,,0.0,,FYERS_PAPER_PROXY_RESEARCH,FYERS_PAPER_RESEARCH_ONLY,COST_MODEL_UNVALIDATED,False,False,DISABLED,Daily market context is disabled until operator review,MANUAL_PROXY_RESEARCH,False,True,MEASURED,FIVE_LEVEL,FYERS_MARKET_DEPTH,5,5,30,150,450,450,2026-08-24T07:01:33+00:00,IV_UNAVAILABLE,False,0,False,False,DATA_INVALID,7,DataHealth invalid; Contract invalid: Quote stale or spread hard rejected.; SideDirection hard reject: -3.8 < 65.0; PremiumElasticity hard reject: 0.30 < 1.00; Expected/Required hard reject: 1.42 < 1.60; TradeQuality below configured minimum; ConvexityEdge below excellent gate: 57.4 < 80.0,,
2026-08-24T12:31:51.931653+05:30,2026-08-24,BANKNIFTY,NSE,INDEX,NSE_INDEX,PAPER_ELIGIBLE,INDEX:BANKING,paper-strategy-8ade763620b6,opportunity-score-8ade763620b6,universe-a8e55c76a270,PAPER_OVERRIDE::FYERS_PAPER_PROXY_RESEARCH,PE,UNKNOWN,57400.0,3.8,False,,,Underlying move below identification minimum.,False,,,,,ATM IV unavailable.,-7.7370,banknifty_fast_wbci,VALID,3.9235,2e840ccd58d1,WARMUP_OBSERVATIONS,44,1,0,80.0,65.0,1.0,1.6,70.0,65.0,35.0,50.0,inf,2.0,11.0,GLOBAL_POLICY_FLOOR>CLASS_FLOOR>INSTRUMENT_LEARNED_FLOOR; LOWER=max; UPPER=min,CONSTRAINED_WALK_FORWARD,WARMUP_OBSERVATIONS,,0,0,,,0.0,,FYERS_PAPER_PROXY_RESEARCH,FYERS_PAPER_RESEARCH_ONLY,COST_MODEL_UNVALIDATED,False,False,DISABLED,Daily market context is disabled until operator review,MANUAL_PROXY_RESEARCH,False,True,MEASURED,FIVE_LEVEL,FYERS_MARKET_DEPTH,5,5,90,120,870,750,2026-08-24T07:01:33+00:00,IV_UNAVAILABLE,False,0,False,False,DATA_INVALID,7,DataHealth invalid; Contract invalid: Quote stale or spread hard rejected.; SideDirection hard reject: 3.8 < 65.0; PremiumElasticity hard reject: 0.70 < 1.00; Expected/Required hard reject: 1.42 < 1.60; TradeQuality below configured minimum; ConvexityEdge below excellent gate: 71.4 < 80.0,,
2026-08-24T12:31:51.931653+05:30,2026-08-24,FINNIFTY,NSE,INDEX,NSE_INDEX,PAPER_ELIGIBLE,INDEX:FINANCIALS,paper-strategy-8ade763620b6,opportunity-score-8ade763620b6,universe-a8e55c76a270,PAPER_OVERRIDE::FYERS_PAPER_PROXY_RESEARCH,PE,UNKNOWN,26100.0,6.0,False,,,Underlying move below identification minimum.,False,,,,,ATM IV unavailable.,-6.6667,finnifty_leadership_proxy,VALID,0.6707,e172b0fef65b,WARMUP_OBSERVATIONS,30,1,0,80.0,65.0,1.0,1.6,70.0,65.0,35.0,50.0,inf,2.0,11.0,GLOBAL_POLICY_FLOOR>CLASS_FLOOR>INSTRUMENT_LEARNED_FLOOR; LOWER=max; UPPER=min,CONSTRAINED_WALK_FORWARD,WARMUP_OBSERVATIONS,,0,0,,,0.0,,FYERS_PAPER_PROXY_RESEARCH,FYERS_PAPER_RESEARCH_ONLY,COST_MODEL_UNVALIDATED,False,False,DISABLED,Daily market context is disabled until operator review,MANUAL_PROXY_RESEARCH,False,True,MEASURED,FIVE_LEVEL,FYERS_MARKET_DEPTH,5,5,120,120,1080,960,2026-08-24T07:01:15+00:00,IV_UNAVAILABLE,False,0,False,False,DATA_INVALID,7,DataHealth invalid; Contract invalid: Quote stale or spread hard rejected.; SideDirection hard reject: 6.0 < 65.0; PremiumElasticity hard reject: 0.30 < 1.00; Expected/Required hard reject: 1.25 < 1.60; TradeQuality below configured minimum; ConvexityEdge below excellent gate: 57.4 < 80.0,,
2026-08-24T12:31:51.931653+05:30,2026-08-24,FINNIFTY,NSE,INDEX,NSE_INDEX,PAPER_ELIGIBLE,INDEX:FINANCIALS,paper-strategy-8ade763620b6,opportunity-score-8ade763620b6,universe-a8e55c76a270,PAPER_OVERRIDE::FYERS_PAPER_PROXY_RESEARCH,CE,UNKNOWN,26200.0,0.0,False,,,Underlying move below identification minimum.,False,,,,,ATM IV unavailable.,-6.6667,finnifty_leadership_proxy,VALID,0.6707,e172b0fef65b,WARMUP_OBSERVATIONS,30,1,0,80.0,65.0,1.0,1.6,70.0,65.0,35.0,50.0,inf,2.0,11.0,GLOBAL_POLICY_FLOOR>CLASS_FLOOR>INSTRUMENT_LEARNED_FLOOR; LOWER=max; UPPER=min,CONSTRAINED_WALK_FORWARD,WARMUP_OBSERVATIONS,,0,0,,,0.0,,FYERS_PAPER_PROXY_RESEARCH,FYERS_PAPER_RESEARCH_ONLY,COST_MODEL_UNVALIDATED,False,False,DISABLED,Daily market context is disabled until operator review,MANUAL_PROXY_RESEARCH,False,True,MEASURED,FIVE_LEVEL,FYERS_MARKET_DEPTH,5,5,360,240,600,900,2026-08-24T07:01:35+00:00,IV_UNAVAILABLE,False,0,False,False,DATA_INVALID,7,DataHealth invalid; Contract invalid: Quote stale or spread hard rejected.; SideDirection hard reject: -6.0 < 65.0; PremiumElasticity hard reject: 0.30 < 1.00; Expected/Required hard reject: 1.25 < 1.60; TradeQuality below configured minimum; ConvexityEdge below excellent gate: 57.4 < 80.0,,
2026-08-24T12:31:51.931653+05:30,2026-08-24,MIDCPNIFTY,NSE,INDEX,NSE_INDEX,PAPER_ELIGIBLE,INDEX:MIDCAP,paper-strategy-8ade763620b6,opportunity-score-8ade763620b6,universe-a8e55c76a270,PAPER_OVERRIDE::FYERS_PAPER_PROXY_RESEARCH,CE,UNKNOWN,14875.0,0.0,False,,,Underlying move below identification minimum.,False,,,,,ATM IV unavailable.,12.0112,midcap_direction_proxy,PARTIAL_MIDCAP,16.6365,712afad509f5,WARMUP_OBSERVATIONS,25,1,0,80.0,65.0,1.0,1.6,70.0,65.0,35.0,50.0,inf,2.0,11.0,GLOBAL_POLICY_FLOOR>CLASS_FLOOR>INSTRUMENT_LEARNED_FLOOR; LOWER=max; UPPER=min,CONSTRAINED_WALK_FORWARD,WARMUP_OBSERVATIONS,,0,0,,,0.0,,FYERS_PAPER_PROXY_RESEARCH,FYERS_PAPER_RESEARCH_ONLY,COST_MODEL_UNVALIDATED,False,False,DISABLED,Daily market context is disabled until operator review,MANUAL_PROXY_RESEARCH,False,True,MEASURED,FIVE_LEVEL,FYERS_MARKET_DEPTH,5,5,120,240,1920,1800,2026-08-24T07:01:36+00:00,IV_UNAVAILABLE,False,0,False,False,DATA_INVALID,7,DataHealth invalid; Contract invalid: Quote stale or spread hard rejected.; SideDirection hard reject: -4.6 < 65.0; PremiumElasticity hard reject: 0.50 < 1.00; Expected/Required hard reject: 1.08 < 1.60; TradeQuality below configured minimum; ConvexityEdge below excellent gate: 70.4 < 80.0,,
2026-08-24T12:31:51.931653+05:30,2026-08-24,MIDCPNIFTY,NSE,INDEX,NSE_INDEX,PAPER_ELIGIBLE,INDEX:MIDCAP,paper-strategy-8ade763620b6,opportunity-score-8ade763620b6,universe-a8e55c76a270,PAPER_OVERRIDE::FYERS_PAPER_PROXY_RESEARCH,PE,UNKNOWN,14875.0,4.6,False,,,Underlying move below identification minimum.,False,,,,,ATM IV unavailable.,12.0112,midcap_direction_proxy,PARTIAL_MIDCAP,16.6365,712afad509f5,WARMUP_OBSERVATIONS,25,1,0,80.0,65.0,1.0,1.6,70.0,65.0,35.0,50.0,inf,2.0,11.0,GLOBAL_POLICY_FLOOR>CLASS_FLOOR>INSTRUMENT_LEARNED_FLOOR; LOWER=max; UPPER=min,CONSTRAINED_WALK_FORWARD,WARMUP_OBSERVATIONS,,0,0,,,0.0,,FYERS_PAPER_PROXY_RESEARCH,FYERS_PAPER_RESEARCH_ONLY,COST_MODEL_UNVALIDATED,False,False,DISABLED,Daily market context is disabled until operator review,MANUAL_PROXY_RESEARCH,False,True,MEASURED,FIVE_LEVEL,FYERS_MARKET_DEPTH,5,5,600,840,3960,5400,2026-08-24T07:01:30+00:00,IV_UNAVAILABLE,False,0,False,False,DATA_INVALID,7,DataHealth invalid; Contract invalid: Quote stale or spread hard rejected.; SideDirection hard reject: 4.6 < 65.0; PremiumElasticity hard reject: 0.50 < 1.00; Expected/Required hard reject: 1.08 < 1.60; TradeQuality below configured minimum; ConvexityEdge below excellent gate: 70.4 < 80.0,,
2026-08-24T12:31:51.931653+05:30,2026-08-24,MIDCPNIFTY,NSE,INDEX,NSE_INDEX,PAPER_ELIGIBLE,INDEX:MIDCAP,paper-strategy-8ade763620b6,opportunity-score-8ade763620b6,universe-a8e55c76a270,PAPER_OVERRIDE::FYERS_PAPER_PROXY_RESEARCH,CE,UNKNOWN,14850.0,0.0,False,,,Underlying move below identification minimum.,False,,,,,ATM IV unavailable.,12.0112,midcap_direction_proxy,PARTIAL_MIDCAP,16.6365,712afad509f5,WARMUP_OBSERVATIONS,25,1,0,80.0,65.0,1.0,1.6,70.0,65.0,35.0,50.0,inf,2.0,11.0,GLOBAL_POLICY_FLOOR>CLASS_FLOOR>INSTRUMENT_LEARNED_FLOOR; LOWER=max; UPPER=min,CONSTRAINED_WALK_FORWARD,WARMUP_OBSERVATIONS,,0,0,,,0.0,,FYERS_PAPER_PROXY_RESEARCH,FYERS_PAPER_RESEARCH_ONLY,COST_MODEL_UNVALIDATED,False,False,DISABLED,Daily market context is disabled until operator review,MANUAL_PROXY_RESEARCH,False,True,MEASURED,FIVE_LEVEL,FYERS_MARKET_DEPTH,5,5,240,120,1080,1440,2026-08-24T07:01:28+00:00,IV_UNAVAILABLE,False,0,False,False,DATA_INVALID,7,DataHealth invalid; Contract invalid: Quote stale or spread hard rejected.; SideDirection hard reject: -4.6 < 65.0; PremiumElasticity hard reject: 0.70 < 1.00; Expected/Required hard reject: 1.08 < 1.60; TradeQuality below configured minimum; ConvexityEdge below excellent gate: 70.4 < 80.0,,
2026-08-24T12:31:51.931653+05:30,2026-08-24,MIDCPNIFTY,NSE,INDEX,NSE_INDEX,PAPER_ELIGIBLE,INDEX:MIDCAP,paper-strategy-8ade763620b6,opportunity-score-8ade763620b6,universe-a8e55c76a270,PAPER_OVERRIDE::FYERS_PAPER_PROXY_RESEARCH,PE,UNKNOWN,14900.0,4.6,False,,,Underlying move below identification minimum.,False,,,,,ATM IV unavailable.,12.0112,midcap_direction_proxy,PARTIAL_MIDCAP,16.6365,712afad509f5,WARMUP_OBSERVATIONS,25,1,0,80.0,65.0,1.0,1.6,70.0,65.0,35.0,50.0,inf,2.0,11.0,GLOBAL_POLICY_FLOOR>CLASS_FLOOR>INSTRUMENT_LEARNED_FLOOR; LOWER=max; UPPER=min,CONSTRAINED_WALK_FORWARD,WARMUP_OBSERVATIONS,,0,0,,,0.0,,FYERS_PAPER_PROXY_RESEARCH,FYERS_PAPER_RESEARCH_ONLY,COST_MODEL_UNVALIDATED,False,False,DISABLED,Daily market context is disabled until operator review,MANUAL_PROXY_RESEARCH,False,True,MEASURED,FIVE_LEVEL,FYERS_MARKET_DEPTH,5,5,480,120,2880,1680,2026-08-24T07:01:36+00:00,IV_UNAVAILABLE,False,0,False,False,DATA_INVALID,7,DataHealth invalid; Contract invalid: Quote stale or spread hard rejected.; SideDirection hard reject: 4.6 < 65.0; PremiumElasticity hard reject: 0.70 < 1.00; Expected/Required hard reject: 1.08 < 1.60; TradeQuality below configured minimum; ConvexityEdge below excellent gate: 70.4 < 80.0,,
2026-08-24T12:31:51.931653+05:30,2026-08-24,SBILIFE,NSE,STOCK,NSE_STOCK_OPTION,PAPER_ELIGIBLE,STOCK:SBILIFE,paper-strategy-8ade763620b6,opportunity-score-8ade763620b6,universe-a8e55c76a270,PAPER_OVERRIDE::FYERS_PAPER_PROXY_RESEARCH,CE,UNKNOWN,1780.0,0.0,False,,,No prior observation for contract.,False,,,,,ATM IV unavailable.,,SBILIFE,NOT_CONFIGURED,,e7a0ecf82f7b,WARMUP_OBSERVATIONS,0,0,0,90.0,65.0,1.0,1.6,70.0,65.0,35.0,50.0,inf,3.0,20.0,GLOBAL_POLICY_FLOOR>CLASS_FLOOR>INSTRUMENT_LEARNED_FLOOR; LOWER=max; UPPER=min,CONSTRAINED_WALK_FORWARD,WARMUP_OBSERVATIONS,,0,0,,,0.0,,FYERS_PAPER_PROXY_RESEARCH,FYERS_PAPER_RESEARCH_ONLY,COST_MODEL_UNVALIDATED,False,False,DISABLED,Daily market context is disabled until operator review,MANUAL_PROXY_RESEARCH,False,True,MEASURED,FIVE_LEVEL,FYERS_MARKET_DEPTH,5,5,375,375,4125,2250,2026-08-24T06:59:06+00:00,IV_UNAVAILABLE,False,0,False,False,DATA_INVALID,11,DataHealth invalid; Contract invalid: Quote stale or spread hard rejected.; SideDirection hard reject: -3.6 < 65.0; PremiumElasticity hard reject: 0.50 < 1.00; Expected/Required hard reject: 1.17 < 1.60; TradeQuality below configured minimum; FinalConfidence below configured minimum; ExecutionQuality below excellent gate: 0.0 < 80.0; ConvexityEdge below excellent gate: 71.4 < 80.0; OpportunityConfidence below excellent gate: 29.1 < 70.0; RegimeFit below excellent gate: 60.0 < 70.0,,
2026-08-24T12:31:51.931653+05:30,2026-08-24,SBILIFE,NSE,STOCK,NSE_STOCK_OPTION,PAPER_ELIGIBLE,STOCK:SBILIFE,paper-strategy-8ade763620b6,opportunity-score-8ade763620b6,universe-a8e55c76a270,PAPER_OVERRIDE::FYERS_PAPER_PROXY_RESEARCH,PE,UNKNOWN,1780.0,3.6,False,,,No prior observation for contract.,False,,,,,ATM IV unavailable.,,SBILIFE,NOT_CONFIGURED,,e7a0ecf82f7b,WARMUP_OBSERVATIONS,0,0,0,90.0,65.0,1.0,1.6,70.0,65.0,35.0,50.0,inf,3.0,20.0,GLOBAL_POLICY_FLOOR>CLASS_FLOOR>INSTRUMENT_LEARNED_FLOOR; LOWER=max; UPPER=min,CONSTRAINED_WALK_FORWARD,WARMUP_OBSERVATIONS,,0,0,,,0.0,,FYERS_PAPER_PROXY_RESEARCH,FYERS_PAPER_RESEARCH_ONLY,COST_MODEL_UNVALIDATED,False,False,DISABLED,Daily market context is disabled until operator review,MANUAL_PROXY_RESEARCH,False,True,MEASURED,FIVE_LEVEL,FYERS_MARKET_DEPTH,5,5,375,750,1875,4125,2026-08-24T06:56:25+00:00,IV_UNAVAILABLE,False,0,False,False,DATA_INVALID,11,DataHealth invalid; Contract invalid: Quote stale or spread hard rejected.; SideDirection hard reject: 3.6 < 65.0; PremiumElasticity hard reject: 0.50 < 1.00; Expected/Required hard reject: 1.17 < 1.60; TradeQuality below configured minimum; FinalConfidence below configured minimum; ExecutionQuality below excellent gate: 0.0 < 80.0; ConvexityEdge below excellent gate: 71.4 < 80.0; OpportunityConfidence below excellent gate: 30.2 < 70.0; RegimeFit below excellent gate: 60.0 < 70.0,,
2026-08-24T12:31:51.931653+05:30,2026-08-24,SBILIFE,NSE,STOCK,NSE_STOCK_OPTION,PAPER_ELIGIBLE,STOCK:SBILIFE,paper-strategy-8ade763620b6,opportunity-score-8ade763620b6,universe-a8e55c76a270,PAPER_OVERRIDE::FYERS_PAPER_PROXY_RESEARCH,PE,UNKNOWN,1760.0,3.6,False,,,No prior observation for contract.,False,,,,,ATM IV unavailable.,,SBILIFE,NOT_CONFIGURED,,e7a0ecf82f7b,WARMUP_OBSERVATIONS,0,0,0,90.0,65.0,1.0,1.6,70.0,65.0,35.0,50.0,inf,3.0,20.0,GLOBAL_POLICY_FLOOR>CLASS_FLOOR>INSTRUMENT_LEARNED_FLOOR; LOWER=max; UPPER=min,CONSTRAINED_WALK_FORWARD,WARMUP_OBSERVATIONS,,0,0,,,0.0,,FYERS_PAPER_PROXY_RESEARCH,FYERS_PAPER_RESEARCH_ONLY,COST_MODEL_UNVALIDATED,False,False,DISABLED,Daily market context is disabled until operator review,MANUAL_PROXY_RESEARCH,False,True,MEASURED,FIVE_LEVEL,FYERS_MARKET_DEPTH,5,5,1125,750,5625,5250,2026-08-24T06:58:09+00:00,IV_UNAVAILABLE,False,0,False,False,DATA_INVALID,12,DataHealth invalid; Contract invalid: Quote stale or spread hard rejected.; HardStopFit false: Hard stop is below minimum viable stop.; SideDirection hard reject: 3.6 < 65.0; PremiumElasticity hard reject: 0.30 < 1.00; Expected/Required hard reject: 1.17 < 1.60; TradeQuality below configured minimum; FinalConfidence below configured minimum; ExecutionQuality below excellent gate: 0.0 < 80.0; ConvexityEdge below excellent gate: 57.4 < 80.0; OpportunityConfidence below excellent gate: 30.2 < 70.0; RegimeFit below excellent gate: 60.0 < 70.0,,
2026-08-24T12:31:51.931653+05:30,2026-08-24,SHRIRAMFIN,NSE,STOCK,NSE_STOCK_OPTION,PAPER_ELIGIBLE,STOCK:SHRIRAMFIN,paper-strategy-8ade763620b6,opportunity-score-8ade763620b6,universe-a8e55c76a270,PAPER_OVERRIDE::FYERS_PAPER_PROXY_RESEARCH,CE,UNKNOWN,1100.0,0.0,False,,,No prior observation for contract.,False,,,,,ATM IV unavailable.,,SHRIRAMFIN,NOT_CONFIGURED,,040b04cc83f4,WARMUP_OBSERVATIONS,0,0,0,90.0,65.0,1.0,1.6,70.0,65.0,35.0,50.0,inf,3.0,20.0,GLOBAL_POLICY_FLOOR>CLASS_FLOOR>INSTRUMENT_LEARNED_FLOOR; LOWER=max; UPPER=min,CONSTRAINED_WALK_FORWARD,WARMUP_OBSERVATIONS,,0,0,,,0.0,,FYERS_PAPER_PROXY_RESEARCH,FYERS_PAPER_RESEARCH_ONLY,COST_MODEL_UNVALIDATED,False,False,DISABLED,Daily market context is disabled until operator review,MANUAL_PROXY_RESEARCH,False,True,MEASURED,FIVE_LEVEL,FYERS_MARKET_DEPTH,5,5,1650,825,6600,8250,2026-08-24T07:01:12+00:00,IV_UNAVAILABLE,False,0,False,False,DATA_INVALID,9,DataHealth invalid; Contract invalid: Quote stale or spread hard rejected.; SideDirection hard reject: -12.9 < 65.0; PremiumElasticity hard reject: 0.70 < 1.00; Expected/Required hard reject: 1.17 < 1.60; TradeQuality below configured minimum; ExecutionQuality below excellent gate: 65.3 < 80.0; ConvexityEdge below excellent gate: 71.4 < 80.0; RegimeFit below excellent gate: 60.0 < 70.0,,
2026-08-24T12:31:51.931653+05:30,2026-08-24,SHRIRAMFIN,NSE,STOCK,NSE_STOCK_OPTION,PAPER_ELIGIBLE,STOCK:SHRIRAMFIN,paper-strategy-8ade763620b6,opportunity-score-8ade763620b6,universe-a8e55c76a270,PAPER_OVERRIDE::FYERS_PAPER_PROXY_RESEARCH,PE,UNKNOWN,1140.0,12.9,False,,,No prior observation for contract.,False,,,,,ATM IV unavailable.,,SHRIRAMFIN,NOT_CONFIGURED,,040b04cc83f4,WARMUP_OBSERVATIONS,0,0,0,90.0,65.0,1.0,1.6,70.0,65.0,35.0,50.0,inf,3.0,20.0,GLOBAL_POLICY_FLOOR>CLASS_FLOOR>INSTRUMENT_LEARNED_FLOOR; LOWER=max; UPPER=min,CONSTRAINED_WALK_FORWARD,WARMUP_OBSERVATIONS,,0,0,,,0.0,,FYERS_PAPER_PROXY_RESEARCH,FYERS_PAPER_RESEARCH_ONLY,COST_MODEL_UNVALIDATED,False,False,DISABLED,Daily market context is disabled until operator review,MANUAL_PROXY_RESEARCH,False,True,MEASURED,FIVE_LEVEL,FYERS_MARKET_DEPTH,5,5,2475,825,7425,5775,2026-08-24T06:57:16+00:00,IV_UNAVAILABLE,False,0,False,False,DATA_INVALID,9,DataHealth invalid; Contract invalid: Quote stale or spread hard rejected.; SideDirection hard reject: 12.9 < 65.0; PremiumElasticity hard reject: 0.70 < 1.00; Expected/Required hard reject: 1.17 < 1.60; TradeQuality below configured minimum; ExecutionQuality below excellent gate: 46.3 < 80.0; ConvexityEdge below excellent gate: 71.4 < 80.0; RegimeFit below excellent gate: 60.0 < 70.0,,
2026-08-24T12:31:51.931653+05:30,2026-08-24,SUNPHARMA,NSE,STOCK,NSE_STOCK_OPTION,PAPER_ELIGIBLE,STOCK:SUNPHARMA,paper-strategy-8ade763620b6,opportunity-score-8ade763620b6,universe-a8e55c76a270,PAPER_OVERRIDE::FYERS_PAPER_PROXY_RESEARCH,PE,UNKNOWN,1920.0,0.0,False,,,No prior observation for contract.,False,,,,,ATM IV unavailable.,,SUNPHARMA,NOT_CONFIGURED,,cb1e16815115,WARMUP_OBSERVATIONS,0,0,0,90.0,65.0,1.0,1.6,70.0,65.0,35.0,50.0,inf,3.0,20.0,GLOBAL_POLICY_FLOOR>CLASS_FLOOR>INSTRUMENT_LEARNED_FLOOR; LOWER=max; UPPER=min,CONSTRAINED_WALK_FORWARD,WARMUP_OBSERVATIONS,,0,0,,,0.0,,FYERS_PAPER_PROXY_RESEARCH,FYERS_PAPER_RESEARCH_ONLY,COST_MODEL_UNVALIDATED,False,False,DISABLED,Daily market context is disabled until operator review,MANUAL_PROXY_RESEARCH,False,True,MEASURED,FIVE_LEVEL,FYERS_MARKET_DEPTH,5,5,350,350,2800,4900,2026-08-24T07:00:27+00:00,IV_UNAVAILABLE,False,0,False,False,DATA_INVALID,11,DataHealth invalid; Contract invalid: Quote stale or spread hard rejected.; SideDirection hard reject: -3.8 < 65.0; PremiumElasticity hard reject: 0.50 < 1.00; Expected/Required hard reject: 1.17 < 1.60; TradeQuality below configured minimum; FinalConfidence below configured minimum; ExecutionQuality below excellent gate: 0.0 < 80.0; ConvexityEdge below excellent gate: 71.4 < 80.0; OpportunityConfidence below excellent gate: 38.3 < 70.0; RegimeFit below excellent gate: 60.0 < 70.0,,
2026-08-24T12:31:51.931653+05:30,2026-08-24,SUNPHARMA,NSE,STOCK,NSE_STOCK_OPTION,PAPER_ELIGIBLE,STOCK:SUNPHARMA,paper-strategy-8ade763620b6,opportunity-score-8ade763620b6,universe-a8e55c76a270,PAPER_OVERRIDE::FYERS_PAPER_PROXY_RESEARCH,CE,UNKNOWN,1900.0,3.8,False,,,No prior observation for contract.,False,,,,,ATM IV unavailable.,,SUNPHARMA,NOT_CONFIGURED,,cb1e16815115,WARMUP_OBSERVATIONS,0,0,0,90.0,65.0,1.0,1.6,70.0,65.0,35.0,50.0,inf,3.0,20.0,GLOBAL_POLICY_FLOOR>CLASS_FLOOR>INSTRUMENT_LEARNED_FLOOR; LOWER=max; UPPER=min,CONSTRAINED_WALK_FORWARD,WARMUP_OBSERVATIONS,,0,0,,,0.0,,FYERS_PAPER_PROXY_RESEARCH,FYERS_PAPER_RESEARCH_ONLY,COST_MODEL_UNVALIDATED,False,False,DISABLED,Daily market context is disabled until operator review,MANUAL_PROXY_RESEARCH,False,True,MEASURED,FIVE_LEVEL,FYERS_MARKET_DEPTH,5,5,700,350,2100,4550,2026-08-24T07:00:36+00:00,IV_UNAVAILABLE,False,0,False,False,DATA_INVALID,11,DataHealth invalid; Contract invalid: Quote stale or spread hard rejected.; SideDirection hard reject: 3.8 < 65.0; PremiumElasticity hard reject: 0.70 < 1.00; Expected/Required hard reject: 1.17 < 1.60; TradeQuality below configured minimum; FinalConfidence below configured minimum; ExecutionQuality below excellent gate: 0.0 < 80.0; ConvexityEdge below excellent gate: 71.4 < 80.0; OpportunityConfidence below excellent gate: 47.7 < 70.0; RegimeFit below excellent gate: 60.0 < 70.0,,
2026-08-24T12:31:51.931653+05:30,2026-08-24,SUNPHARMA,NSE,STOCK,NSE_STOCK_OPTION,PAPER_ELIGIBLE,STOCK:SUNPHARMA,paper-strategy-8ade763620b6,opportunity-score-8ade763620b6,universe-a8e55c76a270,PAPER_OVERRIDE::FYERS_PAPER_PROXY_RESEARCH,PE,UNKNOWN,1940.0,0.0,False,,,No prior observation for contract.,False,,,,,ATM IV unavailable.,,SUNPHARMA,NOT_CONFIGURED,,cb1e16815115,WARMUP_OBSERVATIONS,0,0,0,90.0,65.0,1.0,1.6,70.0,65.0,35.0,50.0,inf,3.0,20.0,GLOBAL_POLICY_FLOOR>CLASS_FLOOR>INSTRUMENT_LEARNED_FLOOR; LOWER=max; UPPER=min,CONSTRAINED_WALK_FORWARD,WARMUP_OBSERVATIONS,,0,0,,,0.0,,FYERS_PAPER_PROXY_RESEARCH,FYERS_PAPER_RESEARCH_ONLY,COST_MODEL_UNVALIDATED,False,False,DISABLED,Daily market context is disabled until operator review,MANUAL_PROXY_RESEARCH,False,True,MEASURED,FIVE_LEVEL,FYERS_MARKET_DEPTH,5,5,700,700,2100,2100,2026-08-24T07:01:28+00:00,IV_UNAVAILABLE,False,0,False,False,DATA_INVALID,11,DataHealth invalid; Contract invalid: Quote stale or spread hard rejected.; SideDirection hard reject: -3.8 < 65.0; PremiumElasticity hard reject: 0.70 < 1.00; Expected/Required hard reject: 1.17 < 1.60; TradeQuality below configured minimum; FinalConfidence below configured minimum; ExecutionQuality below excellent gate: 18.2 < 80.0; ConvexityEdge below excellent gate: 71.4 < 80.0; OpportunityConfidence below excellent gate: 55.4 < 70.0; RegimeFit below excellent gate: 60.0 < 70.0,,
2026-08-24T12:31:51.931653+05:30,2026-08-24,TCS,NSE,STOCK,NSE_STOCK_OPTION,PAPER_ELIGIBLE,STOCK:TCS,paper-strategy-8ade763620b6,opportunity-score-8ade763620b6,universe-a8e55c76a270,PAPER_OVERRIDE::FYERS_PAPER_PROXY_RESEARCH,CE,UNKNOWN,2280.0,0.0,False,,,No prior observation for contract.,False,,,,,ATM IV unavailable.,,TCS,NOT_CONFIGURED,,5450c99e8b35,WARMUP_OBSERVATIONS,0,0,0,90.0,65.0,1.0,1.6,70.0,65.0,35.0,50.0,inf,3.0,20.0,GLOBAL_POLICY_FLOOR>CLASS_FLOOR>INSTRUMENT_LEARNED_FLOOR; LOWER=max; UPPER=min,CONSTRAINED_WALK_FORWARD,WARMUP_OBSERVATIONS,,0,0,,,0.0,,FYERS_PAPER_PROXY_RESEARCH,FYERS_PAPER_RESEARCH_ONLY,COST_MODEL_UNVALIDATED,False,False,DISABLED,Daily market context is disabled until operator review,MANUAL_PROXY_RESEARCH,False,True,MEASURED,FIVE_LEVEL,FYERS_MARKET_DEPTH,5,5,225,225,2025,1125,2026-08-24T07:01:02+00:00,IV_UNAVAILABLE,False,0,False,False,DATA_INVALID,11,DataHealth invalid; Contract invalid: Quote stale or spread hard rejected.; SideDirection hard reject: -2.4 < 65.0; PremiumElasticity hard reject: 0.70 < 1.00; Expected/Required hard reject: 1.17 < 1.60; TradeQuality below configured minimum; FinalConfidence below configured minimum; ExecutionQuality below excellent gate: 44.2 < 80.0; ConvexityEdge below excellent gate: 71.4 < 80.0; OpportunityConfidence below excellent gate: 58.1 < 70.0; RegimeFit below excellent gate: 60.0 < 70.0,,
2026-08-24T12:31:51.931653+05:30,2026-08-24,TCS,NSE,STOCK,NSE_STOCK_OPTION,PAPER_ELIGIBLE,STOCK:TCS,paper-strategy-8ade763620b6,opportunity-score-8ade763620b6,universe-a8e55c76a270,PAPER_OVERRIDE::FYERS_PAPER_PROXY_RESEARCH,PE,UNKNOWN,2320.0,2.4,False,,,No prior observation for contract.,False,,,,,ATM IV unavailable.,,TCS,NOT_CONFIGURED,,5450c99e8b35,WARMUP_OBSERVATIONS,0,0,0,90.0,65.0,1.0,1.6,70.0,65.0,35.0,50.0,inf,3.0,20.0,GLOBAL_POLICY_FLOOR>CLASS_FLOOR>INSTRUMENT_LEARNED_FLOOR; LOWER=max; UPPER=min,CONSTRAINED_WALK_FORWARD,WARMUP_OBSERVATIONS,,0,0,,,0.0,,FYERS_PAPER_PROXY_RESEARCH,FYERS_PAPER_RESEARCH_ONLY,COST_MODEL_UNVALIDATED,False,False,DISABLED,Daily market context is disabled until operator review,MANUAL_PROXY_RESEARCH,False,True,MEASURED,FIVE_LEVEL,FYERS_MARKET_DEPTH,5,5,225,450,1125,1800,2026-08-24T07:01:18+00:00,IV_UNAVAILABLE,False,0,False,False,DATA_INVALID,11,DataHealth invalid; Contract invalid: Quote stale or spread hard rejected.; SideDirection hard reject: 2.4 < 65.0; PremiumElasticity hard reject: 0.70 < 1.00; Expected/Required hard reject: 1.17 < 1.60; TradeQuality below configured minimum; FinalConfidence below configured minimum; ExecutionQuality below excellent gate: 76.1 < 80.0; ConvexityEdge below excellent gate: 71.4 < 80.0; OpportunityConfidence below excellent gate: 65.0 < 70.0; RegimeFit below excellent gate: 60.0 < 70.0,,
2026-08-24T12:31:51.931653+05:30,2026-08-24,TATACONSUM,NSE,STOCK,NSE_STOCK_OPTION,PAPER_ELIGIBLE,STOCK:TATACONSUM,paper-strategy-8ade763620b6,opportunity-score-8ade763620b6,universe-a8e55c76a270,PAPER_OVERRIDE::FYERS_PAPER_PROXY_RESEARCH,PE,UNKNOWN,1060.0,0.0,False,,,No prior observation for contract.,False,,,,,ATM IV unavailable.,,TATACONSUM,NOT_CONFIGURED,,9add61d653ca,WARMUP_OBSERVATIONS,0,0,0,90.0,65.0,1.0,1.6,70.0,65.0,35.0,50.0,inf,3.0,20.0,GLOBAL_POLICY_FLOOR>CLASS_FLOOR>INSTRUMENT_LEARNED_FLOOR; LOWER=max; UPPER=min,CONSTRAINED_WALK_FORWARD,WARMUP_OBSERVATIONS,,0,0,,,0.0,,FYERS_PAPER_PROXY_RESEARCH,FYERS_PAPER_RESEARCH_ONLY,COST_MODEL_UNVALIDATED,False,False,DISABLED,Daily market context is disabled until operator review,MANUAL_PROXY_RESEARCH,False,True,MEASURED,FIVE_LEVEL,FYERS_MARKET_DEPTH,5,5,1100,550,8800,4950,2026-08-24T06:58:23+00:00,IV_UNAVAILABLE,False,0,False,False,DATA_INVALID,11,DataHealth invalid; Contract invalid: Quote stale or spread hard rejected.; SideDirection hard reject: -19.0 < 65.0; PremiumElasticity hard reject: 0.50 < 1.00; Expected/Required hard reject: 1.17 < 1.60; TradeQuality below configured minimum; FinalConfidence below configured minimum; ExecutionQuality below excellent gate: 0.0 < 80.0; ConvexityEdge below excellent gate: 71.4 < 80.0; OpportunityConfidence below excellent gate: 36.0 < 70.0; RegimeFit below excellent gate: 60.0 < 70.0,,
2026-08-24T12:31:51.931653+05:30,2026-08-24,TATACONSUM,NSE,STOCK,NSE_STOCK_OPTION,PAPER_ELIGIBLE,STOCK:TATACONSUM,paper-strategy-8ade763620b6,opportunity-score-8ade763620b6,universe-a8e55c76a270,PAPER_OVERRIDE::FYERS_PAPER_PROXY_RESEARCH,CE,UNKNOWN,1050.0,19.0,False,,,No prior observation for contract.,False,,,,,ATM IV unavailable.,,TATACONSUM,NOT_CONFIGURED,,9add61d653ca,WARMUP_OBSERVATIONS,0,0,0,90.0,65.0,1.0,1.6,70.0,65.0,35.0,50.0,inf,3.0,20.0,GLOBAL_POLICY_FLOOR>CLASS_FLOOR>INSTRUMENT_LEARNED_FLOOR; LOWER=max; UPPER=min,CONSTRAINED_WALK_FORWARD,WARMUP_OBSERVATIONS,,0,0,,,0.0,,FYERS_PAPER_PROXY_RESEARCH,FYERS_PAPER_RESEARCH_ONLY,COST_MODEL_UNVALIDATED,False,False,DISABLED,Daily market context is disabled until operator review,MANUAL_PROXY_RESEARCH,False,True,MEASURED,FIVE_LEVEL,FYERS_MARKET_DEPTH,5,5,1100,1650,7700,8250,2026-08-24T07:01:37+00:00,IV_UNAVAILABLE,False,0,False,False,DATA_INVALID,11,DataHealth invalid; Contract invalid: Quote stale or spread hard rejected.; SideDirection hard reject: 19.0 < 65.0; PremiumElasticity hard reject: 0.70 < 1.00; Expected/Required hard reject: 1.17 < 1.60; TradeQuality below configured minimum; FinalConfidence below configured minimum; ExecutionQuality below excellent gate: 0.0 < 80.0; ConvexityEdge below excellent gate: 71.4 < 80.0; OpportunityConfidence below excellent gate: 41.7 < 70.0; RegimeFit below excellent gate: 60.0 < 70.0,,
2026-08-24T12:33:04.424408+05:30,2026-08-24,BANKNIFTY,NSE,INDEX,NSE_INDEX,PAPER_ELIGIBLE,INDEX:BANKING,paper-strategy-8ade763620b6,opportunity-score-8ade763620b6,universe-a8e55c76a270,PAPER_OVERRIDE::FYERS_PAPER_PROXY_RESEARCH,PE,UNKNOWN,57300.0,4.2,False,,,Underlying move below identification minimum.,False,,,,,ATM IV unavailable.,-10.1770,banknifty_fast_wbci,VALID,5.9594,2e840ccd58d1,WARMUP_OBSERVATIONS,58,1,0,80.0,65.0,1.0,1.6,70.0,65.0,35.0,50.0,inf,2.0,11.0,GLOBAL_POLICY_FLOOR>CLASS_FLOOR>INSTRUMENT_LEARNED_FLOOR; LOWER=max; UPPER=min,CONSTRAINED_WALK_FORWARD,WARMUP_OBSERVATIONS,,0,0,,,0.0,,FYERS_PAPER_PROXY_RESEARCH,FYERS_PAPER_RESEARCH_ONLY,COST_MODEL_UNVALIDATED,False,False,DISABLED,Daily market context is disabled until operator review,MANUAL_PROXY_RESEARCH,False,True,MEASURED,FIVE_LEVEL,FYERS_MARKET_DEPTH,5,5,60,30,720,780,2026-08-24T07:02:45+00:00,IV_UNAVAILABLE,False,0,False,False,DATA_INVALID,7,DataHealth invalid; Contract invalid: Quote stale or spread hard rejected.; SideDirection hard reject: 4.2 < 65.0; PremiumElasticity hard reject: 0.50 < 1.00; Expected/Required hard reject: 1.42 < 1.60; TradeQuality below configured minimum; ConvexityEdge below excellent gate: 71.4 < 80.0,,
2026-08-24T12:33:04.424408+05:30,2026-08-24,BANKNIFTY,NSE,INDEX,NSE_INDEX,PAPER_ELIGIBLE,INDEX:BANKING,paper-strategy-8ade763620b6,opportunity-score-8ade763620b6,universe-a8e55c76a270,PAPER_OVERRIDE::FYERS_PAPER_PROXY_RESEARCH,PE,UNKNOWN,57200.0,4.2,False,,,Underlying move below identification minimum.,False,,,,,ATM IV unavailable.,-10.1770,banknifty_fast_wbci,VALID,5.9594,2e840ccd58d1,WARMUP_OBSERVATIONS,58,1,0,80.0,65.0,1.0,1.6,70.0,65.0,35.0,50.0,inf,2.0,11.0,GLOBAL_POLICY_FLOOR>CLASS_FLOOR>INSTRUMENT_LEARNED_FLOOR; LOWER=max; UPPER=min,CONSTRAINED_WALK_FORWARD,WARMUP_OBSERVATIONS,,0,0,,,0.0,,FYERS_PAPER_PROXY_RESEARCH,FYERS_PAPER_RESEARCH_ONLY,COST_MODEL_UNVALIDATED,False,False,DISABLED,Daily market context is disabled until operator review,MANUAL_PROXY_RESEARCH,False,True,MEASURED,FIVE_LEVEL,FYERS_MARKET_DEPTH,5,5,90,30,1260,780,2026-08-24T07:02:43+00:00,IV_UNAVAILABLE,False,0,False,False,DATA_INVALID,7,DataHealth invalid; Contract invalid: Quote stale or spread hard rejected.; SideDirection hard reject: 4.2 < 65.0; PremiumElasticity hard reject: 0.30 < 1.00; Expected/Required hard reject: 1.42 < 1.60; TradeQuality below configured minimum; ConvexityEdge below excellent gate: 57.4 < 80.0,,
2026-08-24T12:33:04.424408+05:30,2026-08-24,BANKNIFTY,NSE,INDEX,NSE_INDEX,PAPER_ELIGIBLE,INDEX:BANKING,paper-strategy-8ade763620b6,opportunity-score-8ade763620b6,universe-a8e55c76a270,PAPER_OVERRIDE::FYERS_PAPER_PROXY_RESEARCH,CE,UNKNOWN,57400.0,0.0,False,,,Underlying move below identification minimum.,False,,,,,ATM IV unavailable.,-10.1770,banknifty_fast_wbci,VALID,5.9594,2e840ccd58d1,WARMUP_OBSERVATIONS,58,1,0,80.0,65.0,1.0,1.6,70.0,65.0,35.0,50.0,inf,2.0,11.0,GLOBAL_POLICY_FLOOR>CLASS_FLOOR>INSTRUMENT_LEARNED_FLOOR; LOWER=max; UPPER=min,CONSTRAINED_WALK_FORWARD,WARMUP_OBSERVATIONS,,0,0,,,0.0,,FYERS_PAPER_PROXY_RESEARCH,FYERS_PAPER_RESEARCH_ONLY,COST_MODEL_UNVALIDATED,False,False,DISABLED,Daily market context is disabled until operator review,MANUAL_PROXY_RESEARCH,False,True,MEASURED,FIVE_LEVEL,FYERS_MARKET_DEPTH,5,5,330,30,1110,360,2026-08-24T07:02:45+00:00,IV_UNAVAILABLE,False,0,False,False,DATA_INVALID,7,DataHealth invalid; Contract invalid: Quote stale or spread hard rejected.; SideDirection hard reject: -4.2 < 65.0; PremiumElasticity hard reject: 0.30 < 1.00; Expected/Required hard reject: 1.42 < 1.60; TradeQuality below configured minimum; ConvexityEdge below excellent gate: 57.4 < 80.0,,
2026-08-24T12:33:04.424408+05:30,2026-08-24,BANKNIFTY,NSE,INDEX,NSE_INDEX,PAPER_ELIGIBLE,INDEX:BANKING,paper-strategy-8ade763620b6,opportunity-score-8ade763620b6,universe-a8e55c76a270,PAPER_OVERRIDE::FYERS_PAPER_PROXY_RESEARCH,PE,UNKNOWN,57400.0,4.2,False,,,Underlying move below identification minimum.,False,,,,,ATM IV unavailable.,-10.1770,banknifty_fast_wbci,VALID,5.9594,2e840ccd58d1,WARMUP_OBSERVATIONS,58,1,0,80.0,65.0,1.0,1.6,70.0,65.0,35.0,50.0,inf,2.0,11.0,GLOBAL_POLICY_FLOOR>CLASS_FLOOR>INSTRUMENT_LEARNED_FLOOR; LOWER=max; UPPER=min,CONSTRAINED_WALK_FORWARD,WARMUP_OBSERVATIONS,,0,0,,,0.0,,FYERS_PAPER_PROXY_RESEARCH,FYERS_PAPER_RESEARCH_ONLY,COST_MODEL_UNVALIDATED,False,False,DISABLED,Daily market context is disabled until operator review,MANUAL_PROXY_RESEARCH,False,True,MEASURED,FIVE_LEVEL,FYERS_MARKET_DEPTH,5,5,30,90,690,1140,2026-08-24T07:02:45+00:00,IV_UNAVAILABLE,False,0,False,False,DATA_INVALID,7,DataHealth invalid; Contract invalid: Quote stale or spread hard rejected.; SideDirection hard reject: 4.2 < 65.0; PremiumElasticity hard reject: 0.70 < 1.00; Expected/Required hard reject: 1.42 < 1.60; TradeQuality below configured minimum; ConvexityEdge below excellent gate: 71.4 < 80.0,,
2026-08-24T12:33:04.424408+05:30,2026-08-24,FINNIFTY,NSE,INDEX,NSE_INDEX,PAPER_ELIGIBLE,INDEX:FINANCIALS,paper-strategy-8ade763620b6,opportunity-score-8ade763620b6,universe-a8e55c76a270,PAPER_OVERRIDE::FYERS_PAPER_PROXY_RESEARCH,PE,UNKNOWN,26150.0,4.3,False,,,Underlying move below identification minimum.,False,,,,,ATM IV unavailable.,-9.3334,finnifty_leadership_proxy,VALID,5.0346,e172b0fef65b,WARMUP_OBSERVATIONS,38,1,0,80.0,65.0,1.0,1.6,70.0,65.0,35.0,50.0,inf,2.0,11.0,GLOBAL_POLICY_FLOOR>CLASS_FLOOR>INSTRUMENT_LEARNED_FLOOR; LOWER=max; UPPER=min,CONSTRAINED_WALK_FORWARD,WARMUP_OBSERVATIONS,,0,0,,,0.0,,FYERS_PAPER_PROXY_RESEARCH,FYERS_PAPER_RESEARCH_ONLY,COST_MODEL_UNVALIDATED,False,False,DISABLED,Daily market context is disabled until operator review,MANUAL_PROXY_RESEARCH,False,True,MEASURED,FIVE_LEVEL,FYERS_MARKET_DEPTH,5,5,60,180,540,540,2026-08-24T07:02:43+00:00,IV_UNAVAILABLE,False,0,False,False,DATA_INVALID,7,DataHealth invalid; Contract invalid: Quote stale or spread hard rejected.; SideDirection hard reject: 4.3 < 65.0; PremiumElasticity hard reject: 0.50 < 1.00; Expected/Required hard reject: 1.25 < 1.60; TradeQuality below configured minimum; ConvexityEdge below excellent gate: 71.4 < 80.0,,
2026-08-24T12:33:04.424408+05:30,2026-08-24,FINNIFTY,NSE,INDEX,NSE_INDEX,PAPER_ELIGIBLE,INDEX:FINANCIALS,paper-strategy-8ade763620b6,opportunity-score-8ade763620b6,universe-a8e55c76a270,PAPER_OVERRIDE::FYERS_PAPER_PROXY_RESEARCH,PE,UNKNOWN,26100.0,4.3,False,,,Underlying move below identification minimum.,False,,,,,ATM IV unavailable.,-9.3334,finnifty_leadership_proxy,VALID,5.0346,e172b0fef65b,WARMUP_OBSERVATIONS,38,1,0,80.0,65.0,1.0,1.6,70.0,65.0,35.0,50.0,inf,2.0,11.0,GLOBAL_POLICY_FLOOR>CLASS_FLOOR>INSTRUMENT_LEARNED_FLOOR; LOWER=max; UPPER=min,CONSTRAINED_WALK_FORWARD,WARMUP_OBSERVATIONS,,0,0,,,0.0,,FYERS_PAPER_PROXY_RESEARCH,FYERS_PAPER_RESEARCH_ONLY,COST_MODEL_UNVALIDATED,False,False,DISABLED,Daily market context is disabled until operator review,MANUAL_PROXY_RESEARCH,False,True,MEASURED,FIVE_LEVEL,FYERS_MARKET_DEPTH,5,5,180,360,1080,840,2026-08-24T07:02:40+00:00,IV_UNAVAILABLE,False,0,False,False,DATA_INVALID,7,DataHealth invalid; Contract invalid: Quote stale or spread hard rejected.; SideDirection hard reject: 4.3 < 65.0; PremiumElasticity hard reject: 0.30 < 1.00; Expected/Required hard reject: 1.25 < 1.60; TradeQuality below configured minimum; ConvexityEdge below excellent gate: 57.4 < 80.0,,
2026-08-24T12:33:04.424408+05:30,2026-08-24,FINNIFTY,NSE,INDEX,NSE_INDEX,PAPER_ELIGIBLE,INDEX:FINANCIALS,paper-strategy-8ade763620b6,opportunity-score-8ade763620b6,universe-a8e55c76a270,PAPER_OVERRIDE::FYERS_PAPER_PROXY_RESEARCH,CE,UNKNOWN,26200.0,0.0,False,,,Underlying move below identification minimum.,False,,,,,ATM IV unavailable.,-9.3334,finnifty_leadership_proxy,VALID,5.0346,e172b0fef65b,WARMUP_OBSERVATIONS,38,1,0,80.0,65.0,1.0,1.6,70.0,65.0,35.0,50.0,inf,2.0,11.0,GLOBAL_POLICY_FLOOR>CLASS_FLOOR>INSTRUMENT_LEARNED_FLOOR; LOWER=max; UPPER=min,CONSTRAINED_WALK_FORWARD,WARMUP_OBSERVATIONS,,0,0,,,0.0,,FYERS_PAPER_PROXY_RESEARCH,FYERS_PAPER_RESEARCH_ONLY,COST_MODEL_UNVALIDATED,False,False,DISABLED,Daily market context is disabled until operator review,MANUAL_PROXY_RESEARCH,False,True,MEASURED,FIVE_LEVEL,FYERS_MARKET_DEPTH,5,5,60,300,360,720,2026-08-24T07:02:45+00:00,IV_UNAVAILABLE,False,0,False,False,DATA_INVALID,7,DataHealth invalid; Contract invalid: Quote stale or spread hard rejected.; SideDirection hard reject: -4.3 < 65.0; PremiumElasticity hard reject: 0.30 < 1.00; Expected/Required hard reject: 1.25 < 1.60; TradeQuality below configured minimum; ConvexityEdge below excellent gate: 57.4 < 80.0,,
2026-08-24T12:33:04.424408+05:30,2026-08-24,FINNIFTY,NSE,INDEX,NSE_INDEX,PAPER_ELIGIBLE,INDEX:FINANCIALS,paper-strategy-8ade763620b6,opportunity-score-8ade763620b6,universe-a8e55c76a270,PAPER_OVERRIDE::FYERS_PAPER_PROXY_RESEARCH,PE,UNKNOWN,26200.0,4.3,False,,,Non-positive observation interval.,False,,,,,ATM IV unavailable.,-9.3334,finnifty_leadership_proxy,VALID,5.0346,e172b0fef65b,WARMUP_OBSERVATIONS,38,1,0,80.0,65.0,1.0,1.6,70.0,65.0,35.0,50.0,inf,2.0,11.0,GLOBAL_POLICY_FLOOR>CLASS_FLOOR>INSTRUMENT_LEARNED_FLOOR; LOWER=max; UPPER=min,CONSTRAINED_WALK_FORWARD,WARMUP_OBSERVATIONS,,0,0,,,0.0,,FYERS_PAPER_PROXY_RESEARCH,FYERS_PAPER_RESEARCH_ONLY,COST_MODEL_UNVALIDATED,False,False,DISABLED,Daily market context is disabled until operator review,MANUAL_PROXY_RESEARCH,False,True,MEASURED,FIVE_LEVEL,FYERS_MARKET_DEPTH,5,5,120,240,540,900,2026-08-24T07:02:25+00:00,IV_UNAVAILABLE,False,0,False,False,DATA_INVALID,7,DataHealth invalid; Contract invalid: Quote stale or spread hard rejected.; SideDirection hard reject: 4.3 < 65.0; PremiumElasticity hard reject: 0.70 < 1.00; Expected/Required hard reject: 1.25 < 1.60; TradeQuality below configured minimum; ConvexityEdge below excellent gate: 71.4 < 80.0,,
2026-08-24T12:33:04.424408+05:30,2026-08-24,MIDCPNIFTY,NSE,INDEX,NSE_INDEX,PAPER_ELIGIBLE,INDEX:MIDCAP,paper-strategy-8ade763620b6,opportunity-score-8ade763620b6,universe-a8e55c76a270,PAPER_OVERRIDE::FYERS_PAPER_PROXY_RESEARCH,CE,UNKNOWN,14875.0,0.0,False,,,Underlying move below identification minimum.,False,,,,,ATM IV unavailable.,17.6380,midcap_direction_proxy,PARTIAL_MIDCAP,23.8218,712afad509f5,WARMUP_OBSERVATIONS,35,1,0,80.0,65.0,1.0,1.6,70.0,65.0,35.0,50.0,inf,2.0,11.0,GLOBAL_POLICY_FLOOR>CLASS_FLOOR>INSTRUMENT_LEARNED_FLOOR; LOWER=max; UPPER=min,CONSTRAINED_WALK_FORWARD,WARMUP_OBSERVATIONS,,0,0,,,0.0,,FYERS_PAPER_PROXY_RESEARCH,FYERS_PAPER_RESEARCH_ONLY,COST_MODEL_UNVALIDATED,False,False,DISABLED,Daily market context is disabled until operator review,MANUAL_PROXY_RESEARCH,False,True,MEASURED,FIVE_LEVEL,FYERS_MARKET_DEPTH,5,5,240,240,2640,1440,2026-08-24T07:02:45+00:00,IV_UNAVAILABLE,False,0,False,False,DATA_INVALID,7,DataHealth invalid; Contract invalid: Quote stale or spread hard rejected.; SideDirection hard reject: -6.2 < 65.0; PremiumElasticity hard reject: 0.50 < 1.00; Expected/Required hard reject: 1.08 < 1.60; TradeQuality below configured minimum; ConvexityEdge below excellent gate: 70.4 < 80.0,,
2026-08-24T12:33:04.424408+05:30,2026-08-24,MIDCPNIFTY,NSE,INDEX,NSE_INDEX,PAPER_ELIGIBLE,INDEX:MIDCAP,paper-strategy-8ade763620b6,opportunity-score-8ade763620b6,universe-a8e55c76a270,PAPER_OVERRIDE::FYERS_PAPER_PROXY_RESEARCH,PE,UNKNOWN,14875.0,6.2,False,,,Underlying move below identification minimum.,False,,,,,ATM IV unavailable.,17.6380,midcap_direction_proxy,PARTIAL_MIDCAP,23.8218,712afad509f5,WARMUP_OBSERVATIONS,35,1,0,80.0,65.0,1.0,1.6,70.0,65.0,35.0,50.0,inf,2.0,11.0,GLOBAL_POLICY_FLOOR>CLASS_FLOOR>INSTRUMENT_LEARNED_FLOOR; LOWER=max; UPPER=min,CONSTRAINED_WALK_FORWARD,WARMUP_OBSERVATIONS,,0,0,,,0.0,,FYERS_PAPER_PROXY_RESEARCH,FYERS_PAPER_RESEARCH_ONLY,COST_MODEL_UNVALIDATED,False,False,DISABLED,Daily market context is disabled until operator review,MANUAL_PROXY_RESEARCH,False,True,MEASURED,FIVE_LEVEL,FYERS_MARKET_DEPTH,5,5,480,960,4080,4320,2026-08-24T07:02:46+00:00,IV_UNAVAILABLE,False,0,False,False,DATA_INVALID,7,DataHealth invalid; Contract invalid: Quote stale or spread hard rejected.; SideDirection hard reject: 6.2 < 65.0; PremiumElasticity hard reject: 0.50 < 1.00; Expected/Required hard reject: 1.08 < 1.60; TradeQuality below configured minimum; ConvexityEdge below excellent gate: 70.4 < 80.0,,
2026-08-24T12:33:04.424408+05:30,2026-08-24,MIDCPNIFTY,NSE,INDEX,NSE_INDEX,PAPER_ELIGIBLE,INDEX:MIDCAP,paper-strategy-8ade763620b6,opportunity-score-8ade763620b6,universe-a8e55c76a270,PAPER_OVERRIDE::FYERS_PAPER_PROXY_RESEARCH,CE,UNKNOWN,14850.0,0.0,False,,,Underlying move below identification minimum.,False,,,,,ATM IV unavailable.,17.6380,midcap_direction_proxy,PARTIAL_MIDCAP,23.8218,712afad509f5,WARMUP_OBSERVATIONS,35,1,0,80.0,65.0,1.0,1.6,70.0,65.0,35.0,50.0,inf,2.0,11.0,GLOBAL_POLICY_FLOOR>CLASS_FLOOR>INSTRUMENT_LEARNED_FLOOR; LOWER=max; UPPER=min,CONSTRAINED_WALK_FORWARD,WARMUP_OBSERVATIONS,,0,0,,,0.0,,FYERS_PAPER_PROXY_RESEARCH,FYERS_PAPER_RESEARCH_ONLY,COST_MODEL_UNVALIDATED,False,False,DISABLED,Daily market context is disabled until operator review,MANUAL_PROXY_RESEARCH,False,True,MEASURED,FIVE_LEVEL,FYERS_MARKET_DEPTH,5,5,120,480,960,1320,2026-08-24T07:02:45+00:00,IV_UNAVAILABLE,False,0,False,False,DATA_INVALID,7,DataHealth invalid; Contract invalid: Quote stale or spread hard rejected.; SideDirection hard reject: -6.2 < 65.0; PremiumElasticity hard reject: 0.70 < 1.00; Expected/Required hard reject: 1.08 < 1.60; TradeQuality below configured minimum; ConvexityEdge below excellent gate: 70.4 < 80.0,,
2026-08-24T12:33:04.424408+05:30,2026-08-24,MIDCPNIFTY,NSE,INDEX,NSE_INDEX,PAPER_ELIGIBLE,INDEX:MIDCAP,paper-strategy-8ade763620b6,opportunity-score-8ade763620b6,universe-a8e55c76a270,PAPER_OVERRIDE::FYERS_PAPER_PROXY_RESEARCH,PE,UNKNOWN,14900.0,6.2,False,,,Underlying move below identification minimum.,False,,,,,ATM IV unavailable.,17.6380,midcap_direction_proxy,PARTIAL_MIDCAP,23.8218,712afad509f5,WARMUP_OBSERVATIONS,35,1,0,80.0,65.0,1.0,1.6,70.0,65.0,35.0,50.0,inf,2.0,11.0,GLOBAL_POLICY_FLOOR>CLASS_FLOOR>INSTRUMENT_LEARNED_FLOOR; LOWER=max; UPPER=min,CONSTRAINED_WALK_FORWARD,WARMUP_OBSERVATIONS,,0,0,,,0.0,,FYERS_PAPER_PROXY_RESEARCH,FYERS_PAPER_RESEARCH_ONLY,COST_MODEL_UNVALIDATED,False,False,DISABLED,Daily market context is disabled until operator review,MANUAL_PROXY_RESEARCH,False,True,MEASURED,FIVE_LEVEL,FYERS_MARKET_DEPTH,5,5,720,120,2760,1800,2026-08-24T07:02:48+00:00,IV_UNAVAILABLE,False,0,False,False,DATA_INVALID,7,DataHealth invalid; Contract invalid: Quote stale or spread hard rejected.; SideDirection hard reject: 6.2 < 65.0; PremiumElasticity hard reject: 0.70 < 1.00; Expected/Required hard reject: 1.08 < 1.60; TradeQuality below configured minimum; ConvexityEdge below excellent gate: 70.4 < 80.0,,
2026-08-24T12:33:04.424408+05:30,2026-08-24,TATASTEEL,NSE,STOCK,NSE_STOCK_OPTION,PAPER_ELIGIBLE,STOCK:TATASTEEL,paper-strategy-8ade763620b6,opportunity-score-8ade763620b6,universe-a8e55c76a270,PAPER_OVERRIDE::FYERS_PAPER_PROXY_RESEARCH,PE,UNKNOWN,187.5,0.0,False,,,No prior observation for contract.,False,,,,,ATM IV unavailable.,,TATASTEEL,NOT_CONFIGURED,,5277066ebc2f,WARMUP_OBSERVATIONS,0,0,0,90.0,65.0,1.0,1.6,70.0,65.0,35.0,50.0,inf,3.0,20.0,GLOBAL_POLICY_FLOOR>CLASS_FLOOR>INSTRUMENT_LEARNED_FLOOR; LOWER=max; UPPER=min,CONSTRAINED_WALK_FORWARD,WARMUP_OBSERVATIONS,,0,0,,,0.0,,FYERS_PAPER_PROXY_RESEARCH,FYERS_PAPER_RESEARCH_ONLY,COST_MODEL_UNVALIDATED,False,False,DISABLED,Daily market context is disabled until operator review,MANUAL_PROXY_RESEARCH,False,True,MEASURED,FIVE_LEVEL,FYERS_MARKET_DEPTH,5,5,2750,2750,30250,22000,2026-08-24T07:02:42+00:00,IV_UNAVAILABLE,False,0,False,False,DATA_INVALID,11,DataHealth invalid; Contract invalid: Quote stale or spread hard rejected.; SideDirection hard reject: -1.3 < 65.0; PremiumElasticity hard reject: 0.70 < 1.00; Expected/Required hard reject: 1.17 < 1.60; TradeQuality below configured minimum; FinalConfidence below configured minimum; ExecutionQuality below excellent gate: 43.7 < 80.0; ConvexityEdge below excellent gate: 71.4 < 80.0; OpportunityConfidence below excellent gate: 55.7 < 70.0; RegimeFit below excellent gate: 60.0 < 70.0,,
2026-08-24T12:33:04.424408+05:30,2026-08-24,TECHM,NSE,STOCK,NSE_STOCK_OPTION,PAPER_ELIGIBLE,STOCK:TECHM,paper-strategy-8ade763620b6,opportunity-score-8ade763620b6,universe-a8e55c76a270,PAPER_OVERRIDE::FYERS_PAPER_PROXY_RESEARCH,PE,UNKNOWN,1600.0,0.0,False,,,No prior observation for contract.,False,,,,,ATM IV unavailable.,,TECHM,NOT_CONFIGURED,,b61ad64e4ace,WARMUP_OBSERVATIONS,0,0,0,90.0,65.0,1.0,1.6,70.0,65.0,35.0,50.0,inf,3.0,20.0,GLOBAL_POLICY_FLOOR>CLASS_FLOOR>INSTRUMENT_LEARNED_FLOOR; LOWER=max; UPPER=min,CONSTRAINED_WALK_FORWARD,WARMUP_OBSERVATIONS,,0,0,,,0.0,,FYERS_PAPER_PROXY_RESEARCH,FYERS_PAPER_RESEARCH_ONLY,COST_MODEL_UNVALIDATED,False,False,DISABLED,Daily market context is disabled until operator review,MANUAL_PROXY_RESEARCH,False,True,MEASURED,FIVE_LEVEL,FYERS_MARKET_DEPTH,5,5,600,1200,6600,4800,2026-08-24T07:02:39+00:00,IV_UNAVAILABLE,False,0,False,False,DATA_INVALID,11,DataHealth invalid; Contract invalid: Quote stale or spread hard rejected.; SideDirection hard reject: -17.1 < 65.0; PremiumElasticity hard reject: 0.50 < 1.00; Expected/Required hard reject: 1.17 < 1.60; TradeQuality below configured minimum; FinalConfidence below configured minimum; ExecutionQuality below excellent gate: 0.0 < 80.0; ConvexityEdge below excellent gate: 71.4 < 80.0; OpportunityConfidence below excellent gate: 36.5 < 70.0; RegimeFit below excellent gate: 60.0 < 70.0,,
2026-08-24T12:33:04.424408+05:30,2026-08-24,TECHM,NSE,STOCK,NSE_STOCK_OPTION,PAPER_ELIGIBLE,STOCK:TECHM,paper-strategy-8ade763620b6,opportunity-score-8ade763620b6,universe-a8e55c76a270,PAPER_OVERRIDE::FYERS_PAPER_PROXY_RESEARCH,CE,UNKNOWN,1604.0,17.1,False,,,No prior observation for contract.,False,,,,,ATM IV unavailable.,,TECHM,NOT_CONFIGURED,,b61ad64e4ace,WARMUP_OBSERVATIONS,0,0,0,90.0,65.0,1.0,1.6,70.0,65.0,35.0,50.0,inf,3.0,20.0,GLOBAL_POLICY_FLOOR>CLASS_FLOOR>INSTRUMENT_LEARNED_FLOOR; LOWER=max; UPPER=min,CONSTRAINED_WALK_FORWARD,WARMUP_OBSERVATIONS,,0,0,,,0.0,,FYERS_PAPER_PROXY_RESEARCH,FYERS_PAPER_RESEARCH_ONLY,COST_MODEL_UNVALIDATED,False,False,DISABLED,Daily market context is disabled until operator review,MANUAL_PROXY_RESEARCH,False,True,MEASURED,FIVE_LEVEL,FYERS_MARKET_DEPTH,5,5,1800,600,4800,9600,2026-08-24T07:01:33+00:00,IV_UNAVAILABLE,False,0,False,False,DATA_INVALID,11,DataHealth invalid; Contract invalid: Quote stale or spread hard rejected.; SideDirection hard reject: 17.1 < 65.0; PremiumElasticity hard reject: 0.30 < 1.00; Expected/Required hard reject: 1.17 < 1.60; TradeQuality below configured minimum; FinalConfidence below configured minimum; ExecutionQuality below excellent gate: 0.0 < 80.0; ConvexityEdge below excellent gate: 57.4 < 80.0; OpportunityConfidence below excellent gate: 41.7 < 70.0; RegimeFit below excellent gate: 60.0 < 70.0,,
2026-08-24T12:33:04.424408+05:30,2026-08-24,TECHM,NSE,STOCK,NSE_STOCK_OPTION,PAPER_ELIGIBLE,STOCK:TECHM,paper-strategy-8ade763620b6,opportunity-score-8ade763620b6,universe-a8e55c76a270,PAPER_OVERRIDE::FYERS_PAPER_PROXY_RESEARCH,CE,UNKNOWN,1580.0,17.1,False,,,No prior observation for contract.,False,,,,,ATM IV unavailable.,,TECHM,NOT_CONFIGURED,,b61ad64e4ace,WARMUP_OBSERVATIONS,0,0,0,90.0,65.0,1.0,1.6,70.0,65.0,35.0,50.0,inf,3.0,20.0,GLOBAL_POLICY_FLOOR>CLASS_FLOOR>INSTRUMENT_LEARNED_FLOOR; LOWER=max; UPPER=min,CONSTRAINED_WALK_FORWARD,WARMUP_OBSERVATIONS,,0,0,,,0.0,,FYERS_PAPER_PROXY_RESEARCH,FYERS_PAPER_RESEARCH_ONLY,COST_MODEL_UNVALIDATED,False,False,DISABLED,Daily market context is disabled until operator review,MANUAL_PROXY_RESEARCH,False,True,MEASURED,FIVE_LEVEL,FYERS_MARKET_DEPTH,5,5,600,600,3000,5400,2026-08-24T07:00:29+00:00,IV_UNAVAILABLE,False,0,False,False,DATA_INVALID,11,DataHealth invalid; Contract invalid: Quote stale or spread hard rejected.; SideDirection hard reject: 17.1 < 65.0; PremiumElasticity hard reject: 0.70 < 1.00; Expected/Required hard reject: 1.17 < 1.60; TradeQuality below configured minimum; FinalConfidence below configured minimum; ExecutionQuality below excellent gate: 0.0 < 80.0; ConvexityEdge below excellent gate: 71.4 < 80.0; OpportunityConfidence below excellent gate: 49.5 < 70.0; RegimeFit below excellent gate: 60.0 < 70.0,,
2026-08-24T12:33:04.424408+05:30,2026-08-24,TITAN,NSE,STOCK,NSE_STOCK_OPTION,PAPER_ELIGIBLE,STOCK:TITAN,paper-strategy-8ade763620b6,opportunity-score-8ade763620b6,universe-a8e55c76a270,PAPER_OVERRIDE::FYERS_PAPER_PROXY_RESEARCH,PE,UNKNOWN,5050.0,0.0,False,,,No prior observation for contract.,False,,,,,ATM IV unavailable.,,TITAN,NOT_CONFIGURED,,542455e602d9,WARMUP_OBSERVATIONS,0,0,0,90.0,65.0,1.0,1.6,70.0,65.0,35.0,50.0,inf,3.0,20.0,GLOBAL_POLICY_FLOOR>CLASS_FLOOR>INSTRUMENT_LEARNED_FLOOR; LOWER=max; UPPER=min,CONSTRAINED_WALK_FORWARD,WARMUP_OBSERVATIONS,,0,0,,,0.0,,FYERS_PAPER_PROXY_RESEARCH,FYERS_PAPER_RESEARCH_ONLY,COST_MODEL_UNVALIDATED,False,False,DISABLED,Daily market context is disabled until operator review,MANUAL_PROXY_RESEARCH,False,True,MEASURED,FIVE_LEVEL,FYERS_MARKET_DEPTH,5,5,525,175,1925,1400,2026-08-24T07:02:15+00:00,IV_UNAVAILABLE,False,0,False,False,DATA_INVALID,11,DataHealth invalid; Contract invalid: Quote stale or spread hard rejected.; SideDirection hard reject: -13.5 < 65.0; PremiumElasticity hard reject: 0.50 < 1.00; Expected/Required hard reject: 1.17 < 1.60; TradeQuality below configured minimum; FinalConfidence below configured minimum; ExecutionQuality below excellent gate: 0.0 < 80.0; ConvexityEdge below excellent gate: 71.4 < 80.0; OpportunityConfidence below excellent gate: 53.9 < 70.0; RegimeFit below excellent gate: 60.0 < 70.0,,
2026-08-24T12:33:04.424408+05:30,2026-08-24,TITAN,NSE,STOCK,NSE_STOCK_OPTION,PAPER_ELIGIBLE,STOCK:TITAN,paper-strategy-8ade763620b6,opportunity-score-8ade763620b6,universe-a8e55c76a270,PAPER_OVERRIDE::FYERS_PAPER_PROXY_RESEARCH,PE,UNKNOWN,5000.0,0.0,False,,,No prior observation for contract.,False,,,,,ATM IV unavailable.,,TITAN,NOT_CONFIGURED,,542455e602d9,WARMUP_OBSERVATIONS,0,0,0,90.0,65.0,1.0,1.6,70.0,65.0,35.0,50.0,inf,3.0,20.0,GLOBAL_POLICY_FLOOR>CLASS_FLOOR>INSTRUMENT_LEARNED_FLOOR; LOWER=max; UPPER=min,CONSTRAINED_WALK_FORWARD,WARMUP_OBSERVATIONS,,0,0,,,0.0,,FYERS_PAPER_PROXY_RESEARCH,FYERS_PAPER_RESEARCH_ONLY,COST_MODEL_UNVALIDATED,False,False,DISABLED,Daily market context is disabled until operator review,MANUAL_PROXY_RESEARCH,False,True,MEASURED,FIVE_LEVEL,FYERS_MARKET_DEPTH,5,5,525,875,5600,6125,2026-08-24T07:02:22+00:00,IV_UNAVAILABLE,False,0,False,False,DATA_INVALID,11,DataHealth invalid; Contract invalid: Quote stale or spread hard rejected.; SideDirection hard reject: -13.5 < 65.0; PremiumElasticity hard reject: 0.30 < 1.00; Expected/Required hard reject: 1.17 < 1.60; TradeQuality below configured minimum; FinalConfidence below configured minimum; ExecutionQuality below excellent gate: 0.0 < 80.0; ConvexityEdge below excellent gate: 57.4 < 80.0; OpportunityConfidence below excellent gate: 40.4 < 70.0; RegimeFit below excellent gate: 60.0 < 70.0,,
2026-08-24T12:33:04.424408+05:30,2026-08-24,TITAN,NSE,STOCK,NSE_STOCK_OPTION,PAPER_ELIGIBLE,STOCK:TITAN,paper-strategy-8ade763620b6,opportunity-score-8ade763620b6,universe-a8e55c76a270,PAPER_OVERRIDE::FYERS_PAPER_PROXY_RESEARCH,CE,UNKNOWN,5100.0,13.5,False,,,No prior observation for contract.,False,,,,,ATM IV unavailable.,,TITAN,NOT_CONFIGURED,,542455e602d9,WARMUP_OBSERVATIONS,0,0,0,90.0,65.0,1.0,1.6,70.0,65.0,35.0,50.0,inf,3.0,20.0,GLOBAL_POLICY_FLOOR>CLASS_FLOOR>INSTRUMENT_LEARNED_FLOOR; LOWER=max; UPPER=min,CONSTRAINED_WALK_FORWARD,WARMUP_OBSERVATIONS,,0,0,,,0.0,,FYERS_PAPER_PROXY_RESEARCH,FYERS_PAPER_RESEARCH_ONLY,COST_MODEL_UNVALIDATED,False,False,DISABLED,Daily market context is disabled until operator review,MANUAL_PROXY_RESEARCH,False,True,MEASURED,FIVE_LEVEL,FYERS_MARKET_DEPTH,5,5,525,175,2800,1400,2026-08-24T07:02:26+00:00,IV_UNAVAILABLE,False,0,False,False,DATA_INVALID,11,DataHealth invalid; Contract invalid: Quote stale or spread hard rejected.; SideDirection hard reject: 13.5 < 65.0; PremiumElasticity hard reject: 0.30 < 1.00; Expected/Required hard reject: 1.17 < 1.60; TradeQuality below configured minimum; FinalConfidence below configured minimum; ExecutionQuality below excellent gate: 0.0 < 80.0; ConvexityEdge below excellent gate: 57.4 < 80.0; OpportunityConfidence below excellent gate: 49.7 < 70.0; RegimeFit below excellent gate: 60.0 < 70.0,,
2026-08-24T12:33:04.424408+05:30,2026-08-24,TRENT,NSE,STOCK,NSE_STOCK_OPTION,PAPER_ELIGIBLE,STOCK:TRENT,paper-strategy-8ade763620b6,opportunity-score-8ade763620b6,universe-a8e55c76a270,PAPER_OVERRIDE::FYERS_PAPER_PROXY_RESEARCH,CE,UNKNOWN,2900.0,0.0,False,,,No prior observation for contract.,False,,,,,ATM IV unavailable.,,TRENT,NOT_CONFIGURED,,17b38ea319dd,WARMUP_OBSERVATIONS,0,0,0,90.0,65.0,1.0,1.6,70.0,65.0,35.0,50.0,inf,3.0,20.0,GLOBAL_POLICY_FLOOR>CLASS_FLOOR>INSTRUMENT_LEARNED_FLOOR; LOWER=max; UPPER=min,CONSTRAINED_WALK_FORWARD,WARMUP_OBSERVATIONS,,0,0,,,0.0,,FYERS_PAPER_PROXY_RESEARCH,FYERS_PAPER_RESEARCH_ONLY,COST_MODEL_UNVALIDATED,False,False,DISABLED,Daily market context is disabled until operator review,MANUAL_PROXY_RESEARCH,False,True,MEASURED,FIVE_LEVEL,FYERS_MARKET_DEPTH,5,5,450,225,1575,1800,2026-08-24T07:02:38+00:00,IV_UNAVAILABLE,False,0,False,False,DATA_INVALID,11,DataHealth invalid; Contract invalid: Quote stale or spread hard rejected.; SideDirection hard reject: -13.5 < 65.0; PremiumElasticity hard reject: 0.50 < 1.00; Expected/Required hard reject: 1.17 < 1.60; TradeQuality below configured minimum; FinalConfidence below configured minimum; ExecutionQuality below excellent gate: 34.8 < 80.0; ConvexityEdge below excellent gate: 71.4 < 80.0; OpportunityConfidence below excellent gate: 59.7 < 70.0; RegimeFit below excellent gate: 60.0 < 70.0,,
2026-08-24T12:33:04.424408+05:30,2026-08-24,TRENT,NSE,STOCK,NSE_STOCK_OPTION,PAPER_ELIGIBLE,STOCK:TRENT,paper-strategy-8ade763620b6,opportunity-score-8ade763620b6,universe-a8e55c76a270,PAPER_OVERRIDE::FYERS_PAPER_PROXY_RESEARCH,PE,UNKNOWN,2900.0,13.5,False,,,No prior observation for contract.,False,,,,,ATM IV unavailable.,,TRENT,NOT_CONFIGURED,,17b38ea319dd,WARMUP_OBSERVATIONS,0,0,0,90.0,65.0,1.0,1.6,70.0,65.0,35.0,50.0,inf,3.0,20.0,GLOBAL_POLICY_FLOOR>CLASS_FLOOR>INSTRUMENT_LEARNED_FLOOR; LOWER=max; UPPER=min,CONSTRAINED_WALK_FORWARD,WARMUP_OBSERVATIONS,,0,0,,,0.0,,FYERS_PAPER_PROXY_RESEARCH,FYERS_PAPER_RESEARCH_ONLY,COST_MODEL_UNVALIDATED,False,False,DISABLED,Daily market context is disabled until operator review,MANUAL_PROXY_RESEARCH,False,True,MEASURED,FIVE_LEVEL,FYERS_MARKET_DEPTH,5,5,225,450,1575,1800,2026-08-24T07:02:49+00:00,IV_UNAVAILABLE,False,0,False,False,DATA_INVALID,11,DataHealth invalid; Contract invalid: Quote stale or spread hard rejected.; SideDirection hard reject: 13.5 < 65.0; PremiumElasticity hard reject: 0.50 < 1.00; Expected/Required hard reject: 1.17 < 1.60; TradeQuality below configured minimum; FinalConfidence below configured minimum; ExecutionQuality below excellent gate: 14.6 < 80.0; ConvexityEdge below excellent gate: 71.4 < 80.0; OpportunityConfidence below excellent gate: 59.7 < 70.0; RegimeFit below excellent gate: 60.0 < 70.0,,
2026-08-24T12:33:04.424408+05:30,2026-08-24,TRENT,NSE,STOCK,NSE_STOCK_OPTION,PAPER_ELIGIBLE,STOCK:TRENT,paper-strategy-8ade763620b6,opportunity-score-8ade763620b6,universe-a8e55c76a270,PAPER_OVERRIDE::FYERS_PAPER_PROXY_RESEARCH,PE,UNKNOWN,2950.0,13.5,False,,,No prior observation for contract.,False,,,,,ATM IV unavailable.,,TRENT,NOT_CONFIGURED,,17b38ea319dd,WARMUP_OBSERVATIONS,0,0,0,90.0,65.0,1.0,1.6,70.0,65.0,35.0,50.0,inf,3.0,20.0,GLOBAL_POLICY_FLOOR>CLASS_FLOOR>INSTRUMENT_LEARNED_FLOOR; LOWER=max; UPPER=min,CONSTRAINED_WALK_FORWARD,WARMUP_OBSERVATIONS,,0,0,,,0.0,,FYERS_PAPER_PROXY_RESEARCH,FYERS_PAPER_RESEARCH_ONLY,COST_MODEL_UNVALIDATED,False,False,DISABLED,Daily market context is disabled until operator review,MANUAL_PROXY_RESEARCH,False,True,MEASURED,FIVE_LEVEL,FYERS_MARKET_DEPTH,5,5,225,225,1575,1125,2026-08-24T07:02:47+00:00,IV_UNAVAILABLE,False,0,False,False,DATA_INVALID,9,DataHealth invalid; Contract invalid: Quote stale or spread hard rejected.; SideDirection hard reject: 13.5 < 65.0; PremiumElasticity hard reject: 0.70 < 1.00; Expected/Required hard reject: 1.17 < 1.60; TradeQuality below configured minimum; ExecutionQuality below excellent gate: 77.7 < 80.0; ConvexityEdge below excellent gate: 71.4 < 80.0; RegimeFit below excellent gate: 60.0 < 70.0,,
2026-08-24T12:33:04.424408+05:30,2026-08-24,WIPRO,NSE,STOCK,NSE_STOCK_OPTION,PAPER_ELIGIBLE,STOCK:WIPRO,paper-strategy-8ade763620b6,opportunity-score-8ade763620b6,universe-a8e55c76a270,PAPER_OVERRIDE::FYERS_PAPER_PROXY_RESEARCH,PE,UNKNOWN,182.5,0.0,False,,,No prior observation for contract.,False,,,,,ATM IV unavailable.,,WIPRO,NOT_CONFIGURED,,a742cbe7dbbe,WARMUP_OBSERVATIONS,0,0,0,90.0,65.0,1.0,1.6,70.0,65.0,35.0,50.0,inf,3.0,20.0,GLOBAL_POLICY_FLOOR>CLASS_FLOOR>INSTRUMENT_LEARNED_FLOOR; LOWER=max; UPPER=min,CONSTRAINED_WALK_FORWARD,WARMUP_OBSERVATIONS,,0,0,,,0.0,,FYERS_PAPER_PROXY_RESEARCH,FYERS_PAPER_RESEARCH_ONLY,COST_MODEL_UNVALIDATED,False,False,DISABLED,Daily market context is disabled until operator review,MANUAL_PROXY_RESEARCH,False,True,MEASURED,FIVE_LEVEL,FYERS_MARKET_DEPTH,5,5,15000,3000,48000,42000,2026-08-24T07:02:50+00:00,IV_UNAVAILABLE,False,0,False,False,DATA_INVALID,11,DataHealth invalid; Contract invalid: Quote stale or spread hard rejected.; SideDirection hard reject: -15.0 < 65.0; PremiumElasticity hard reject: 0.50 < 1.00; Expected/Required hard reject: 1.17 < 1.60; TradeQuality below configured minimum; FinalConfidence below configured minimum; ExecutionQuality below excellent gate: 0.0 < 80.0; ConvexityEdge below excellent gate: 71.4 < 80.0; OpportunityConfidence below excellent gate: 38.9 < 70.0; RegimeFit below excellent gate: 60.0 < 70.0,,
2026-08-24T12:33:04.424408+05:30,2026-08-24,WIPRO,NSE,STOCK,NSE_STOCK_OPTION,PAPER_ELIGIBLE,STOCK:WIPRO,paper-strategy-8ade763620b6,opportunity-score-8ade763620b6,universe-a8e55c76a270,PAPER_OVERRIDE::FYERS_PAPER_PROXY_RESEARCH,CE,UNKNOWN,180.0,15.0,False,,,No prior observation for contract.,False,,,,,ATM IV unavailable.,,WIPRO,NOT_CONFIGURED,,a742cbe7dbbe,WARMUP_OBSERVATIONS,0,0,0,90.0,65.0,1.0,1.6,70.0,65.0,35.0,50.0,inf,3.0,20.0,GLOBAL_POLICY_FLOOR>CLASS_FLOOR>INSTRUMENT_LEARNED_FLOOR; LOWER=max; UPPER=min,CONSTRAINED_WALK_FORWARD,WARMUP_OBSERVATIONS,,0,0,,,0.0,,FYERS_PAPER_PROXY_RESEARCH,FYERS_PAPER_RESEARCH_ONLY,COST_MODEL_UNVALIDATED,False,False,DISABLED,Daily market context is disabled until operator review,MANUAL_PROXY_RESEARCH,False,True,MEASURED,FIVE_LEVEL,FYERS_MARKET_DEPTH,5,5,3000,6000,18000,33000,2026-08-24T07:02:46+00:00,IV_UNAVAILABLE,False,0,False,False,DATA_INVALID,10,DataHealth invalid; Contract invalid: Quote stale or spread hard rejected.; SideDirection hard reject: 15.0 < 65.0; PremiumElasticity hard reject: 0.70 < 1.00; Expected/Required hard reject: 1.17 < 1.60; TradeQuality below configured minimum; ExecutionQuality below excellent gate: 17.1 < 80.0; ConvexityEdge below excellent gate: 71.4 < 80.0; OpportunityConfidence below excellent gate: 67.9 < 70.0; RegimeFit below excellent gate: 60.0 < 70.0,,
2026-08-24T12:33:04.424408+05:30,2026-08-24,WIPRO,NSE,STOCK,NSE_STOCK_OPTION,PAPER_ELIGIBLE,STOCK:WIPRO,paper-strategy-8ade763620b6,opportunity-score-8ade763620b6,universe-a8e55c76a270,PAPER_OVERRIDE::FYERS_PAPER_PROXY_RESEARCH,PE,UNKNOWN,185.0,0.0,False,,,No prior observation for contract.,False,,,,,ATM IV unavailable.,,WIPRO,NOT_CONFIGURED,,a742cbe7dbbe,WARMUP_OBSERVATIONS,0,0,0,90.0,65.0,1.0,1.6,70.0,65.0,35.0,50.0,inf,3.0,20.0,GLOBAL_POLICY_FLOOR>CLASS_FLOOR>INSTRUMENT_LEARNED_FLOOR; LOWER=max; UPPER=min,CONSTRAINED_WALK_FORWARD,WARMUP_OBSERVATIONS,,0,0,,,0.0,,FYERS_PAPER_PROXY_RESEARCH,FYERS_PAPER_RESEARCH_ONLY,COST_MODEL_UNVALIDATED,False,False,DISABLED,Daily market context is disabled until operator review,MANUAL_PROXY_RESEARCH,False,True,MEASURED,FIVE_LEVEL,FYERS_MARKET_DEPTH,5,5,3000,9000,33000,45000,2026-08-24T07:01:57+00:00,IV_UNAVAILABLE,False,0,False,False,DATA_INVALID,11,DataHealth invalid; Contract invalid: Quote stale or spread hard rejected.; SideDirection hard reject: -15.0 < 65.0; PremiumElasticity hard reject: 0.70 < 1.00; Expected/Required hard reject: 1.17 < 1.60; TradeQuality below configured minimum; FinalConfidence below configured minimum; ExecutionQuality below excellent gate: 0.0 < 80.0; ConvexityEdge below excellent gate: 71.4 < 80.0; OpportunityConfidence below excellent gate: 45.5 < 70.0; RegimeFit below excellent gate: 60.0 < 70.0,,
2026-08-24T12:33:04.424408+05:30,2026-08-24,SENSEX,BSE,INDEX,BSE_INDEX,PAPER_ELIGIBLE,INDEX:BSE_BROAD,paper-strategy-8ade763620b6,opportunity-score-8ade763620b6,universe-a8e55c76a270,PAPER_OVERRIDE::FYERS_PAPER_PROXY_RESEARCH,PE,UNKNOWN,77200.0,3.8,False,,,Observation interval exceeds rolling window.,False,,,,,ATM IV unavailable.,,SENSEX,NOT_CONFIGURED,,2c55d017dc19,WARMUP_OBSERVATIONS,13,1,0,85.0,65.0,1.0,1.6,70.0,65.0,35.0,50.0,inf,3.0,15.0,GLOBAL_POLICY_FLOOR>CLASS_FLOOR>INSTRUMENT_LEARNED_FLOOR; LOWER=max; UPPER=min,CONSTRAINED_WALK_FORWARD,WARMUP_OBSERVATIONS,,0,0,,,0.0,,FYERS_PAPER_PROXY_RESEARCH,FYERS_PAPER_RESEARCH_ONLY,COST_MODEL_UNVALIDATED,False,False,DISABLED,Daily market context is disabled until operator review,MANUAL_PROXY_RESEARCH,True,True,MEASURED,FIVE_LEVEL,FYERS_MARKET_DEPTH,5,5,100,140,660,920,2026-08-24T07:03:00+00:00,IV_UNAVAILABLE,False,83.4,False,False,CONTRACT_INVALID,7,ContractQuality below minimum: 83.4 < 85.0; SideDirection hard reject: 3.8 < 65.0; PremiumElasticity hard reject: 0.30 < 1.00; Expected/Required hard reject: 1.17 < 1.60; TradeQuality below configured minimum; ConvexityEdge below excellent gate: 62.1 < 80.0; RegimeFit below excellent gate: 60.0 < 70.0,,
2026-08-24T12:33:04.424408+05:30,2026-08-24,SENSEX,BSE,INDEX,BSE_INDEX,PAPER_ELIGIBLE,INDEX:BSE_BROAD,paper-strategy-8ade763620b6,opportunity-score-8ade763620b6,universe-a8e55c76a270,PAPER_OVERRIDE::FYERS_PAPER_PROXY_RESEARCH,CE,UNKNOWN,77400.0,0.0,False,,,Observation interval exceeds rolling window.,False,,,,,ATM IV unavailable.,,SENSEX,NOT_CONFIGURED,,2c55d017dc19,WARMUP_OBSERVATIONS,13,1,0,85.0,65.0,1.0,1.6,70.0,65.0,35.0,50.0,inf,3.0,15.0,GLOBAL_POLICY_FLOOR>CLASS_FLOOR>INSTRUMENT_LEARNED_FLOOR; LOWER=max; UPPER=min,CONSTRAINED_WALK_FORWARD,WARMUP_OBSERVATIONS,,0,0,,,0.0,,FYERS_PAPER_PROXY_RESEARCH,FYERS_PAPER_RESEARCH_ONLY,COST_MODEL_UNVALIDATED,False,False,DISABLED,Daily market context is disabled until operator review,MANUAL_PROXY_RESEARCH,True,True,MEASURED,FIVE_LEVEL,FYERS_MARKET_DEPTH,5,5,100,60,820,440,2026-08-24T07:03:00+00:00,IV_UNAVAILABLE,False,78.9,False,False,CONTRACT_INVALID,7,ContractQuality below minimum: 78.9 < 85.0; SideDirection hard reject: -3.8 < 65.0; PremiumElasticity hard reject: 0.30 < 1.00; Expected/Required hard reject: 1.17 < 1.60; TradeQuality below configured minimum; ConvexityEdge below excellent gate: 62.1 < 80.0; RegimeFit below excellent gate: 60.0 < 70.0,,
2026-08-24T12:34:10.110364+05:30,2026-08-24,BANKNIFTY,NSE,INDEX,NSE_INDEX,PAPER_ELIGIBLE,INDEX:BANKING,paper-strategy-8ade763620b6,opportunity-score-8ade763620b6,universe-a8e55c76a270,PAPER_OVERRIDE::FYERS_PAPER_PROXY_RESEARCH,CE,UNKNOWN,57300.0,0.0,False,,,Underlying move below identification minimum.,False,,,,,ATM IV unavailable.,2.2050,banknifty_fast_wbci,VALID,6.1300,2e840ccd58d1,WARMUP_OBSERVATIONS,70,1,0,80.0,65.0,1.0,1.6,70.0,65.0,35.0,50.0,inf,2.0,11.0,GLOBAL_POLICY_FLOOR>CLASS_FLOOR>INSTRUMENT_LEARNED_FLOOR; LOWER=max; UPPER=min,CONSTRAINED_WALK_FORWARD,WARMUP_OBSERVATIONS,,0,0,,,0.0,,FYERS_PAPER_PROXY_RESEARCH,FYERS_PAPER_RESEARCH_ONLY,COST_MODEL_UNVALIDATED,False,False,DISABLED,Daily market context is disabled until operator review,MANUAL_PROXY_RESEARCH,False,True,MEASURED,FIVE_LEVEL,FYERS_MARKET_DEPTH,5,5,30,30,450,1230,2026-08-24T07:03:49+00:00,IV_UNAVAILABLE,False,0,False,False,DATA_INVALID,7,DataHealth invalid; Contract invalid: Quote stale or spread hard rejected.; SideDirection hard reject: -3.9 < 65.0; PremiumElasticity hard reject: 0.50 < 1.00; Expected/Required hard reject: 1.42 < 1.60; TradeQuality below configured minimum; ConvexityEdge below excellent gate: 71.4 < 80.0,,
2026-08-24T12:34:10.110364+05:30,2026-08-24,BANKNIFTY,NSE,INDEX,NSE_INDEX,PAPER_ELIGIBLE,INDEX:BANKING,paper-strategy-8ade763620b6,opportunity-score-8ade763620b6,universe-a8e55c76a270,PAPER_OVERRIDE::FYERS_PAPER_PROXY_RESEARCH,PE,UNKNOWN,57300.0,3.9,False,,,Underlying move below identification minimum.,False,,,,,ATM IV unavailable.,2.2050,banknifty_fast_wbci,VALID,6.1300,2e840ccd58d1,WARMUP_OBSERVATIONS,70,1,0,80.0,65.0,1.0,1.6,70.0,65.0,35.0,50.0,inf,2.0,11.0,GLOBAL_POLICY_FLOOR>CLASS_FLOOR>INSTRUMENT_LEARNED_FLOOR; LOWER=max; UPPER=min,CONSTRAINED_WALK_FORWARD,WARMUP_OBSERVATIONS,,0,0,,,0.0,,FYERS_PAPER_PROXY_RESEARCH,FYERS_PAPER_RESEARCH_ONLY,COST_MODEL_UNVALIDATED,False,False,DISABLED,Daily market context is disabled until operator review,MANUAL_PROXY_RESEARCH,False,True,MEASURED,FIVE_LEVEL,FYERS_MARKET_DEPTH,5,5,60,30,360,750,2026-08-24T07:03:49+00:00,IV_UNAVAILABLE,False,0,False,False,DATA_INVALID,7,DataHealth invalid; Contract invalid: Quote stale or spread hard rejected.; SideDirection hard reject: 3.9 < 65.0; PremiumElasticity hard reject: 0.50 < 1.00; Expected/Required hard reject: 1.42 < 1.60; TradeQuality below configured minimum; ConvexityEdge below excellent gate: 71.4 < 80.0,,
2026-08-24T12:34:10.110364+05:30,2026-08-24,BANKNIFTY,NSE,INDEX,NSE_INDEX,PAPER_ELIGIBLE,INDEX:BANKING,paper-strategy-8ade763620b6,opportunity-score-8ade763620b6,universe-a8e55c76a270,PAPER_OVERRIDE::FYERS_PAPER_PROXY_RESEARCH,CE,UNKNOWN,57200.0,0.0,False,,,Underlying move below identification minimum.,False,,,,,ATM IV unavailable.,2.2050,banknifty_fast_wbci,VALID,6.1300,2e840ccd58d1,WARMUP_OBSERVATIONS,70,1,0,80.0,65.0,1.0,1.6,70.0,65.0,35.0,50.0,inf,2.0,11.0,GLOBAL_POLICY_FLOOR>CLASS_FLOOR>INSTRUMENT_LEARNED_FLOOR; LOWER=max; UPPER=min,CONSTRAINED_WALK_FORWARD,WARMUP_OBSERVATIONS,,0,0,,,0.0,,FYERS_PAPER_PROXY_RESEARCH,FYERS_PAPER_RESEARCH_ONLY,COST_MODEL_UNVALIDATED,False,False,DISABLED,Daily market context is disabled until operator review,MANUAL_PROXY_RESEARCH,False,True,MEASURED,FIVE_LEVEL,FYERS_MARKET_DEPTH,5,5,300,90,750,780,2026-08-24T07:03:47+00:00,IV_UNAVAILABLE,False,0,False,False,DATA_INVALID,7,DataHealth invalid; Contract invalid: Quote stale or spread hard rejected.; SideDirection hard reject: -3.9 < 65.0; PremiumElasticity hard reject: 0.70 < 1.00; Expected/Required hard reject: 1.42 < 1.60; TradeQuality below configured minimum; ConvexityEdge below excellent gate: 71.4 < 80.0,,
2026-08-24T12:34:10.110364+05:30,2026-08-24,BANKNIFTY,NSE,INDEX,NSE_INDEX,PAPER_ELIGIBLE,INDEX:BANKING,paper-strategy-8ade763620b6,opportunity-score-8ade763620b6,universe-a8e55c76a270,PAPER_OVERRIDE::FYERS_PAPER_PROXY_RESEARCH,PE,UNKNOWN,57200.0,3.9,False,,,Underlying move below identification minimum.,False,,,,,ATM IV unavailable.,2.2050,banknifty_fast_wbci,VALID,6.1300,2e840ccd58d1,WARMUP_OBSERVATIONS,70,1,0,80.0,65.0,1.0,1.6,70.0,65.0,35.0,50.0,inf,2.0,11.0,GLOBAL_POLICY_FLOOR>CLASS_FLOOR>INSTRUMENT_LEARNED_FLOOR; LOWER=max; UPPER=min,CONSTRAINED_WALK_FORWARD,WARMUP_OBSERVATIONS,,0,0,,,0.0,,FYERS_PAPER_PROXY_RESEARCH,FYERS_PAPER_RESEARCH_ONLY,COST_MODEL_UNVALIDATED,False,False,DISABLED,Daily market context is disabled until operator review,MANUAL_PROXY_RESEARCH,False,True,MEASURED,FIVE_LEVEL,FYERS_MARKET_DEPTH,5,5,30,90,810,1500,2026-08-24T07:03:49+00:00,IV_UNAVAILABLE,False,0,False,False,DATA_INVALID,7,DataHealth invalid; Contract invalid: Quote stale or spread hard rejected.; SideDirection hard reject: 3.9 < 65.0; PremiumElasticity hard reject: 0.30 < 1.00; Expected/Required hard reject: 1.42 < 1.60; TradeQuality below configured minimum; ConvexityEdge below excellent gate: 57.4 < 80.0,,
2026-08-24T12:34:10.110364+05:30,2026-08-24,BANKNIFTY,NSE,INDEX,NSE_INDEX,PAPER_ELIGIBLE,INDEX:BANKING,paper-strategy-8ade763620b6,opportunity-score-8ade763620b6,universe-a8e55c76a270,PAPER_OVERRIDE::FYERS_PAPER_PROXY_RESEARCH,CE,UNKNOWN,57400.0,0.0,False,,,Underlying move below identification minimum.,False,,,,,ATM IV unavailable.,2.2050,banknifty_fast_wbci,VALID,6.1300,2e840ccd58d1,WARMUP_OBSERVATIONS,70,1,0,80.0,65.0,1.0,1.6,70.0,65.0,35.0,50.0,inf,2.0,11.0,GLOBAL_POLICY_FLOOR>CLASS_FLOOR>INSTRUMENT_LEARNED_FLOOR; LOWER=max; UPPER=min,CONSTRAINED_WALK_FORWARD,WARMUP_OBSERVATIONS,,0,0,,,0.0,,FYERS_PAPER_PROXY_RESEARCH,FYERS_PAPER_RESEARCH_ONLY,COST_MODEL_UNVALIDATED,False,False,DISABLED,Daily market context is disabled until operator review,MANUAL_PROXY_RESEARCH,False,True,MEASURED,FIVE_LEVEL,FYERS_MARKET_DEPTH,5,5,30,210,420,750,2026-08-24T07:03:48+00:00,IV_UNAVAILABLE,False,0,False,False,DATA_INVALID,7,DataHealth invalid; Contract invalid: Quote stale or spread hard rejected.; SideDirection hard reject: -3.9 < 65.0; PremiumElasticity hard reject: 0.30 < 1.00; Expected/Required hard reject: 1.42 < 1.60; TradeQuality below configured minimum; ConvexityEdge below excellent gate: 57.4 < 80.0,,
2026-08-24T12:34:10.110364+05:30,2026-08-24,BANKNIFTY,NSE,INDEX,NSE_INDEX,PAPER_ELIGIBLE,INDEX:BANKING,paper-strategy-8ade763620b6,opportunity-score-8ade763620b6,universe-a8e55c76a270,PAPER_OVERRIDE::FYERS_PAPER_PROXY_RESEARCH,PE,UNKNOWN,57400.0,3.9,False,,,Underlying move below identification minimum.,False,,,,,ATM IV unavailable.,2.2050,banknifty_fast_wbci,VALID,6.1300,2e840ccd58d1,WARMUP_OBSERVATIONS,70,1,0,80.0,65.0,1.0,1.6,70.0,65.0,35.0,50.0,inf,2.0,11.0,GLOBAL_POLICY_FLOOR>CLASS_FLOOR>INSTRUMENT_LEARNED_FLOOR; LOWER=max; UPPER=min,CONSTRAINED_WALK_FORWARD,WARMUP_OBSERVATIONS,,0,0,,,0.0,,FYERS_PAPER_PROXY_RESEARCH,FYERS_PAPER_RESEARCH_ONLY,COST_MODEL_UNVALIDATED,False,False,DISABLED,Daily market context is disabled until operator review,MANUAL_PROXY_RESEARCH,False,True,MEASURED,FIVE_LEVEL,FYERS_MARKET_DEPTH,5,5,390,120,1200,840,2026-08-24T07:03:50+00:00,IV_UNAVAILABLE,False,0,False,False,DATA_INVALID,7,DataHealth invalid; Contract invalid: Quote stale or spread hard rejected.; SideDirection hard reject: 3.9 < 65.0; PremiumElasticity hard reject: 0.70 < 1.00; Expected/Required hard reject: 1.42 < 1.60; TradeQuality below configured minimum; ConvexityEdge below excellent gate: 71.4 < 80.0,,
2026-08-24T12:34:10.110364+05:30,2026-08-24,FINNIFTY,NSE,INDEX,NSE_INDEX,PAPER_ELIGIBLE,INDEX:FINANCIALS,paper-strategy-8ade763620b6,opportunity-score-8ade763620b6,universe-a8e55c76a270,PAPER_OVERRIDE::FYERS_PAPER_PROXY_RESEARCH,PE,UNKNOWN,26100.0,2.4,False,,,Underlying move below identification minimum.,False,,,,,ATM IV unavailable.,3.3333,finnifty_leadership_proxy,VALID,5.7048,e172b0fef65b,WARMUP_OBSERVATIONS,46,1,0,80.0,65.0,1.0,1.6,70.0,65.0,35.0,50.0,inf,2.0,11.0,GLOBAL_POLICY_FLOOR>CLASS_FLOOR>INSTRUMENT_LEARNED_FLOOR; LOWER=max; UPPER=min,CONSTRAINED_WALK_FORWARD,WARMUP_OBSERVATIONS,,0,0,,,0.0,,FYERS_PAPER_PROXY_RESEARCH,FYERS_PAPER_RESEARCH_ONLY,COST_MODEL_UNVALIDATED,False,False,DISABLED,Daily market context is disabled until operator review,MANUAL_PROXY_RESEARCH,False,True,MEASURED,FIVE_LEVEL,FYERS_MARKET_DEPTH,5,5,180,240,480,780,2026-08-24T07:03:41+00:00,IV_UNAVAILABLE,False,0,False,False,DATA_INVALID,7,DataHealth invalid; Contract invalid: Quote stale or spread hard rejected.; SideDirection hard reject: 2.4 < 65.0; PremiumElasticity hard reject: 0.30 < 1.00; Expected/Required hard reject: 1.25 < 1.60; TradeQuality below configured minimum; ConvexityEdge below excellent gate: 57.4 < 80.0,,
2026-08-24T12:34:10.110364+05:30,2026-08-24,FINNIFTY,NSE,INDEX,NSE_INDEX,PAPER_ELIGIBLE,INDEX:FINANCIALS,paper-strategy-8ade763620b6,opportunity-score-8ade763620b6,universe-a8e55c76a270,PAPER_OVERRIDE::FYERS_PAPER_PROXY_RESEARCH,CE,UNKNOWN,26200.0,0.0,False,,,Underlying move below identification minimum.,False,,,,,ATM IV unavailable.,3.3333,finnifty_leadership_proxy,VALID,5.7048,e172b0fef65b,WARMUP_OBSERVATIONS,46,1,0,80.0,65.0,1.0,1.6,70.0,65.0,35.0,50.0,inf,2.0,11.0,GLOBAL_POLICY_FLOOR>CLASS_FLOOR>INSTRUMENT_LEARNED_FLOOR; LOWER=max; UPPER=min,CONSTRAINED_WALK_FORWARD,WARMUP_OBSERVATIONS,,0,0,,,0.0,,FYERS_PAPER_PROXY_RESEARCH,FYERS_PAPER_RESEARCH_ONLY,COST_MODEL_UNVALIDATED,False,False,DISABLED,Daily market context is disabled until operator review,MANUAL_PROXY_RESEARCH,False,True,MEASURED,FIVE_LEVEL,FYERS_MARKET_DEPTH,5,5,120,180,840,540,2026-08-24T07:03:41+00:00,IV_UNAVAILABLE,False,0,False,False,DATA_INVALID,7,DataHealth invalid; Contract invalid: Quote stale or spread hard rejected.; SideDirection hard reject: -2.4 < 65.0; PremiumElasticity hard reject: 0.30 < 1.00; Expected/Required hard reject: 1.25 < 1.60; TradeQuality below configured minimum; ConvexityEdge below excellent gate: 57.4 < 80.0,,
2026-08-24T12:34:10.110364+05:30,2026-08-24,MIDCPNIFTY,NSE,INDEX,NSE_INDEX,PAPER_ELIGIBLE,INDEX:MIDCAP,paper-strategy-8ade763620b6,opportunity-score-8ade763620b6,universe-a8e55c76a270,PAPER_OVERRIDE::FYERS_PAPER_PROXY_RESEARCH,CE,UNKNOWN,14875.0,0.0,False,,,Underlying move below identification minimum.,False,,,,,ATM IV unavailable.,13.2175,midcap_direction_proxy,PARTIAL_MIDCAP,17.9231,712afad509f5,WARMUP_OBSERVATIONS,45,1,0,80.0,65.0,1.0,1.6,70.0,65.0,35.0,50.0,inf,2.0,11.0,GLOBAL_POLICY_FLOOR>CLASS_FLOOR>INSTRUMENT_LEARNED_FLOOR; LOWER=max; UPPER=min,CONSTRAINED_WALK_FORWARD,WARMUP_OBSERVATIONS,,0,0,,,0.0,,FYERS_PAPER_PROXY_RESEARCH,FYERS_PAPER_RESEARCH_ONLY,COST_MODEL_UNVALIDATED,False,False,DISABLED,Daily market context is disabled until operator review,MANUAL_PROXY_RESEARCH,False,True,MEASURED,FIVE_LEVEL,FYERS_MARKET_DEPTH,5,5,240,120,2520,2160,2026-08-24T07:03:33+00:00,IV_UNAVAILABLE,False,0,False,False,DATA_INVALID,7,DataHealth invalid; Contract invalid: Quote stale or spread hard rejected.; SideDirection hard reject: -4.7 < 65.0; PremiumElasticity hard reject: 0.50 < 1.00; Expected/Required hard reject: 1.08 < 1.60; TradeQuality below configured minimum; ConvexityEdge below excellent gate: 70.4 < 80.0,,
2026-08-24T12:34:10.110364+05:30,2026-08-24,MIDCPNIFTY,NSE,INDEX,NSE_INDEX,PAPER_ELIGIBLE,INDEX:MIDCAP,paper-strategy-8ade763620b6,opportunity-score-8ade763620b6,universe-a8e55c76a270,PAPER_OVERRIDE::FYERS_PAPER_PROXY_RESEARCH,PE,UNKNOWN,14875.0,4.7,False,,,Underlying move below identification minimum.,False,,,,,ATM IV unavailable.,13.2175,midcap_direction_proxy,PARTIAL_MIDCAP,17.9231,712afad509f5,WARMUP_OBSERVATIONS,45,1,0,80.0,65.0,1.0,1.6,70.0,65.0,35.0,50.0,inf,2.0,11.0,GLOBAL_POLICY_FLOOR>CLASS_FLOOR>INSTRUMENT_LEARNED_FLOOR; LOWER=max; UPPER=min,CONSTRAINED_WALK_FORWARD,WARMUP_OBSERVATIONS,,0,0,,,0.0,,FYERS_PAPER_PROXY_RESEARCH,FYERS_PAPER_RESEARCH_ONLY,COST_MODEL_UNVALIDATED,False,False,DISABLED,Daily market context is disabled until operator review,MANUAL_PROXY_RESEARCH,False,True,MEASURED,FIVE_LEVEL,FYERS_MARKET_DEPTH,5,5,360,1320,3840,4440,2026-08-24T07:03:51+00:00,IV_UNAVAILABLE,False,0,False,False,DATA_INVALID,7,DataHealth invalid; Contract invalid: Quote stale or spread hard rejected.; SideDirection hard reject: 4.7 < 65.0; PremiumElasticity hard reject: 0.50 < 1.00; Expected/Required hard reject: 1.08 < 1.60; TradeQuality below configured minimum; ConvexityEdge below excellent gate: 70.4 < 80.0,,
2026-08-24T12:34:10.110364+05:30,2026-08-24,MIDCPNIFTY,NSE,INDEX,NSE_INDEX,PAPER_ELIGIBLE,INDEX:MIDCAP,paper-strategy-8ade763620b6,opportunity-score-8ade763620b6,universe-a8e55c76a270,PAPER_OVERRIDE::FYERS_PAPER_PROXY_RESEARCH,CE,UNKNOWN,14850.0,0.0,False,,,Underlying move below identification minimum.,False,,,,,ATM IV unavailable.,13.2175,midcap_direction_proxy,PARTIAL_MIDCAP,17.9231,712afad509f5,WARMUP_OBSERVATIONS,45,1,0,80.0,65.0,1.0,1.6,70.0,65.0,35.0,50.0,inf,2.0,11.0,GLOBAL_POLICY_FLOOR>CLASS_FLOOR>INSTRUMENT_LEARNED_FLOOR; LOWER=max; UPPER=min,CONSTRAINED_WALK_FORWARD,WARMUP_OBSERVATIONS,,0,0,,,0.0,,FYERS_PAPER_PROXY_RESEARCH,FYERS_PAPER_RESEARCH_ONLY,COST_MODEL_UNVALIDATED,False,False,DISABLED,Daily market context is disabled until operator review,MANUAL_PROXY_RESEARCH,False,True,MEASURED,FIVE_LEVEL,FYERS_MARKET_DEPTH,5,5,120,600,1200,2760,2026-08-24T07:03:51+00:00,IV_UNAVAILABLE,False,0,False,False,DATA_INVALID,7,DataHealth invalid; Contract invalid: Quote stale or spread hard rejected.; SideDirection hard reject: -4.7 < 65.0; PremiumElasticity hard reject: 0.70 < 1.00; Expected/Required hard reject: 1.08 < 1.60; TradeQuality below configured minimum; ConvexityEdge below excellent gate: 70.4 < 80.0,,
2026-08-24T12:34:10.110364+05:30,2026-08-24,ADANIENT,NSE,STOCK,NSE_STOCK_OPTION,PAPER_ELIGIBLE,STOCK:ADANIENT,paper-strategy-8ade763620b6,opportunity-score-8ade763620b6,universe-a8e55c76a270,PAPER_OVERRIDE::FYERS_PAPER_PROXY_RESEARCH,CE,UNKNOWN,3000.0,0.0,False,,,Observation interval exceeds rolling window.,False,,,,,ATM IV unavailable.,,ADANIENT,NOT_CONFIGURED,,ead8624c1bbc,WARMUP_OBSERVATIONS,7,1,0,90.0,65.0,1.0,1.6,70.0,65.0,35.0,50.0,inf,3.0,20.0,GLOBAL_POLICY_FLOOR>CLASS_FLOOR>INSTRUMENT_LEARNED_FLOOR; LOWER=max; UPPER=min,CONSTRAINED_WALK_FORWARD,WARMUP_OBSERVATIONS,,0,0,,,0.0,,FYERS_PAPER_PROXY_RESEARCH,FYERS_PAPER_RESEARCH_ONLY,COST_MODEL_UNVALIDATED,False,False,DISABLED,Daily market context is disabled until operator review,MANUAL_PROXY_RESEARCH,False,True,MEASURED,FIVE_LEVEL,FYERS_MARKET_DEPTH,5,5,309,309,3090,3399,2026-08-24T07:02:36+00:00,IV_UNAVAILABLE,False,0,False,False,DATA_INVALID,11,DataHealth invalid; Contract invalid: Quote stale or spread hard rejected.; SideDirection hard reject: -0.8 < 65.0; PremiumElasticity hard reject: 0.50 < 1.00; Expected/Required hard reject: 1.17 < 1.60; TradeQuality below configured minimum; FinalConfidence below configured minimum; ExecutionQuality below excellent gate: 25.7 < 80.0; ConvexityEdge below excellent gate: 71.4 < 80.0; OpportunityConfidence below excellent gate: 53.3 < 70.0; RegimeFit below excellent gate: 60.0 < 70.0,,
2026-08-24T12:34:10.110364+05:30,2026-08-24,ADANIENT,NSE,STOCK,NSE_STOCK_OPTION,PAPER_ELIGIBLE,STOCK:ADANIENT,paper-strategy-8ade763620b6,opportunity-score-8ade763620b6,universe-a8e55c76a270,PAPER_OVERRIDE::FYERS_PAPER_PROXY_RESEARCH,PE,UNKNOWN,2960.0,0.8,False,,,Observation interval exceeds rolling window.,False,,,,,ATM IV unavailable.,,ADANIENT,NOT_CONFIGURED,,ead8624c1bbc,WARMUP_OBSERVATIONS,7,1,0,90.0,65.0,1.0,1.6,70.0,65.0,35.0,50.0,inf,3.0,20.0,GLOBAL_POLICY_FLOOR>CLASS_FLOOR>INSTRUMENT_LEARNED_FLOOR; LOWER=max; UPPER=min,CONSTRAINED_WALK_FORWARD,WARMUP_OBSERVATIONS,,0,0,,,0.0,,FYERS_PAPER_PROXY_RESEARCH,FYERS_PAPER_RESEARCH_ONLY,COST_MODEL_UNVALIDATED,False,False,DISABLED,Daily market context is disabled until operator review,MANUAL_PROXY_RESEARCH,False,True,MEASURED,FIVE_LEVEL,FYERS_MARKET_DEPTH,5,5,309,927,2781,2472,2026-08-24T07:03:34+00:00,IV_UNAVAILABLE,False,0,False,False,DATA_INVALID,11,DataHealth invalid; Contract invalid: Quote stale or spread hard rejected.; SideDirection hard reject: 0.8 < 65.0; PremiumElasticity hard reject: 0.30 < 1.00; Expected/Required hard reject: 1.17 < 1.60; TradeQuality below configured minimum; FinalConfidence below configured minimum; ExecutionQuality below excellent gate: 0.0 < 80.0; ConvexityEdge below excellent gate: 57.4 < 80.0; OpportunityConfidence below excellent gate: 27.4 < 70.0; RegimeFit below excellent gate: 60.0 < 70.0,,
2026-08-24T12:34:10.110364+05:30,2026-08-24,ADANIPORTS,NSE,STOCK,NSE_STOCK_OPTION,PAPER_ELIGIBLE,STOCK:ADANIPORTS,paper-strategy-8ade763620b6,opportunity-score-8ade763620b6,universe-a8e55c76a270,PAPER_OVERRIDE::FYERS_PAPER_PROXY_RESEARCH,CE,UNKNOWN,1660.0,0.0,False,,,Observation interval exceeds rolling window.,False,,,,,ATM IV unavailable.,,ADANIPORTS,NOT_CONFIGURED,,0ea962f87095,WARMUP_OBSERVATIONS,7,1,0,90.0,65.0,1.0,1.6,70.0,65.0,35.0,50.0,inf,3.0,20.0,GLOBAL_POLICY_FLOOR>CLASS_FLOOR>INSTRUMENT_LEARNED_FLOOR; LOWER=max; UPPER=min,CONSTRAINED_WALK_FORWARD,WARMUP_OBSERVATIONS,,0,0,,,0.0,,FYERS_PAPER_PROXY_RESEARCH,FYERS_PAPER_RESEARCH_ONLY,COST_MODEL_UNVALIDATED,False,False,DISABLED,Daily market context is disabled until operator review,MANUAL_PROXY_RESEARCH,False,True,MEASURED,FIVE_LEVEL,FYERS_MARKET_DEPTH,5,5,950,475,4275,3325,2026-08-24T07:03:46+00:00,IV_UNAVAILABLE,False,0,False,False,DATA_INVALID,11,DataHealth invalid; Contract invalid: Quote stale or spread hard rejected.; SideDirection hard reject: -8.1 < 65.0; PremiumElasticity hard reject: 0.70 < 1.00; Expected/Required hard reject: 1.17 < 1.60; TradeQuality below configured minimum; FinalConfidence below configured minimum; ExecutionQuality below excellent gate: 47.0 < 80.0; ConvexityEdge below excellent gate: 71.4 < 80.0; OpportunityConfidence below excellent gate: 64.3 < 70.0; RegimeFit below excellent gate: 60.0 < 70.0,,
2026-08-24T12:34:10.110364+05:30,2026-08-24,ADANIPORTS,NSE,STOCK,NSE_STOCK_OPTION,PAPER_ELIGIBLE,STOCK:ADANIPORTS,paper-strategy-8ade763620b6,opportunity-score-8ade763620b6,universe-a8e55c76a270,PAPER_OVERRIDE::FYERS_PAPER_PROXY_RESEARCH,PE,UNKNOWN,1700.0,8.1,False,,,Observation interval exceeds rolling window.,False,,,,,ATM IV unavailable.,,ADANIPORTS,NOT_CONFIGURED,,0ea962f87095,WARMUP_OBSERVATIONS,7,1,0,90.0,65.0,1.0,1.6,70.0,65.0,35.0,50.0,inf,3.0,20.0,GLOBAL_POLICY_FLOOR>CLASS_FLOOR>INSTRUMENT_LEARNED_FLOOR; LOWER=max; UPPER=min,CONSTRAINED_WALK_FORWARD,WARMUP_OBSERVATIONS,,0,0,,,0.0,,FYERS_PAPER_PROXY_RESEARCH,FYERS_PAPER_RESEARCH_ONLY,COST_MODEL_UNVALIDATED,False,False,DISABLED,Daily market context is disabled until operator review,MANUAL_PROXY_RESEARCH,False,True,MEASURED,FIVE_LEVEL,FYERS_MARKET_DEPTH,5,5,475,475,3325,3325,2026-08-24T07:01:40+00:00,IV_UNAVAILABLE,False,0,False,False,DATA_INVALID,10,DataHealth invalid; Contract invalid: Quote stale or spread hard rejected.; SideDirection hard reject: 8.1 < 65.0; PremiumElasticity hard reject: 0.70 < 1.00; Expected/Required hard reject: 1.17 < 1.60; TradeQuality below configured minimum; ExecutionQuality below excellent gate: 52.1 < 80.0; ConvexityEdge below excellent gate: 71.4 < 80.0; OpportunityConfidence below excellent gate: 67.6 < 70.0; RegimeFit below excellent gate: 60.0 < 70.0,,
2026-08-24T12:34:10.110364+05:30,2026-08-24,APOLLOHOSP,NSE,STOCK,NSE_STOCK_OPTION,PAPER_ELIGIBLE,STOCK:APOLLOHOSP,paper-strategy-8ade763620b6,opportunity-score-8ade763620b6,universe-a8e55c76a270,PAPER_OVERRIDE::FYERS_PAPER_PROXY_RESEARCH,CE,UNKNOWN,8800.0,4.2,False,,,Observation interval exceeds rolling window.,False,,,,,ATM IV unavailable.,,APOLLOHOSP,NOT_CONFIGURED,,ab5ab84a5e2b,WARMUP_OBSERVATIONS,8,1,0,90.0,65.0,1.0,1.6,70.0,65.0,35.0,50.0,inf,3.0,20.0,GLOBAL_POLICY_FLOOR>CLASS_FLOOR>INSTRUMENT_LEARNED_FLOOR; LOWER=max; UPPER=min,CONSTRAINED_WALK_FORWARD,WARMUP_OBSERVATIONS,,0,0,,,0.0,,FYERS_PAPER_PROXY_RESEARCH,FYERS_PAPER_RESEARCH_ONLY,COST_MODEL_UNVALIDATED,False,False,DISABLED,Daily market context is disabled until operator review,MANUAL_PROXY_RESEARCH,False,True,MEASURED,FIVE_LEVEL,FYERS_MARKET_DEPTH,5,5,125,250,750,1500,2026-08-24T07:00:25+00:00,IV_UNAVAILABLE,False,0,False,False,DATA_INVALID,11,DataHealth invalid; Contract invalid: Quote stale or spread hard rejected.; SideDirection hard reject: 4.2 < 65.0; PremiumElasticity hard reject: 0.30 < 1.00; Expected/Required hard reject: 1.17 < 1.60; TradeQuality below configured minimum; FinalConfidence below configured minimum; ExecutionQuality below excellent gate: 0.0 < 80.0; ConvexityEdge below excellent gate: 57.4 < 80.0; OpportunityConfidence below excellent gate: 29.8 < 70.0; RegimeFit below excellent gate: 60.0 < 70.0,,
2026-08-24T12:34:10.110364+05:30,2026-08-24,ASIANPAINT,NSE,STOCK,NSE_STOCK_OPTION,PAPER_ELIGIBLE,STOCK:ASIANPAINT,paper-strategy-8ade763620b6,opportunity-score-8ade763620b6,universe-a8e55c76a270,PAPER_OVERRIDE::FYERS_PAPER_PROXY_RESEARCH,CE,UNKNOWN,2640.0,0.3,False,,,Observation interval exceeds rolling window.,False,,,,,ATM IV unavailable.,,ASIANPAINT,NOT_CONFIGURED,,8512c046e489,WARMUP_OBSERVATIONS,11,1,0,90.0,65.0,1.0,1.6,70.0,65.0,35.0,50.0,inf,3.0,20.0,GLOBAL_POLICY_FLOOR>CLASS_FLOOR>INSTRUMENT_LEARNED_FLOOR; LOWER=max; UPPER=min,CONSTRAINED_WALK_FORWARD,WARMUP_OBSERVATIONS,,0,0,,,0.0,,FYERS_PAPER_PROXY_RESEARCH,FYERS_PAPER_RESEARCH_ONLY,COST_MODEL_UNVALIDATED,False,False,DISABLED,Daily market context is disabled until operator review,MANUAL_PROXY_RESEARCH,False,True,MEASURED,FIVE_LEVEL,FYERS_MARKET_DEPTH,5,5,500,250,4250,2000,2026-08-24T07:02:18+00:00,IV_UNAVAILABLE,False,0,False,False,DATA_INVALID,11,DataHealth invalid; Contract invalid: Quote stale or spread hard rejected.; SideDirection hard reject: 0.3 < 65.0; PremiumElasticity hard reject: 0.50 < 1.00; Expected/Required hard reject: 1.17 < 1.60; TradeQuality below configured minimum; FinalConfidence below configured minimum; ExecutionQuality below excellent gate: 0.0 < 80.0; ConvexityEdge below excellent gate: 71.4 < 80.0; OpportunityConfidence below excellent gate: 34.3 < 70.0; RegimeFit below excellent gate: 60.0 < 70.0,,
2026-08-24T12:34:10.110364+05:30,2026-08-24,ASIANPAINT,NSE,STOCK,NSE_STOCK_OPTION,PAPER_ELIGIBLE,STOCK:ASIANPAINT,paper-strategy-8ade763620b6,opportunity-score-8ade763620b6,universe-a8e55c76a270,PAPER_OVERRIDE::FYERS_PAPER_PROXY_RESEARCH,PE,UNKNOWN,2640.0,0.0,False,,,Observation interval exceeds rolling window.,False,,,,,ATM IV unavailable.,,ASIANPAINT,NOT_CONFIGURED,,8512c046e489,WARMUP_OBSERVATIONS,11,1,0,90.0,65.0,1.0,1.6,70.0,65.0,35.0,50.0,inf,3.0,20.0,GLOBAL_POLICY_FLOOR>CLASS_FLOOR>INSTRUMENT_LEARNED_FLOOR; LOWER=max; UPPER=min,CONSTRAINED_WALK_FORWARD,WARMUP_OBSERVATIONS,,0,0,,,0.0,,FYERS_PAPER_PROXY_RESEARCH,FYERS_PAPER_RESEARCH_ONLY,COST_MODEL_UNVALIDATED,False,False,DISABLED,Daily market context is disabled until operator review,MANUAL_PROXY_RESEARCH,False,True,MEASURED,FIVE_LEVEL,FYERS_MARKET_DEPTH,5,5,250,250,1250,1500,2026-08-24T07:02:33+00:00,IV_UNAVAILABLE,False,0,False,False,DATA_INVALID,11,DataHealth invalid; Contract invalid: Quote stale or spread hard rejected.; SideDirection hard reject: -0.3 < 65.0; PremiumElasticity hard reject: 0.50 < 1.00; Expected/Required hard reject: 1.17 < 1.60; TradeQuality below configured minimum; FinalConfidence below configured minimum; ExecutionQuality below excellent gate: 63.5 < 80.0; ConvexityEdge below excellent gate: 71.4 < 80.0; OpportunityConfidence below excellent gate: 58.8 < 70.0; RegimeFit below excellent gate: 60.0 < 70.0,,
2026-08-24T12:34:10.110364+05:30,2026-08-24,ASIANPAINT,NSE,STOCK,NSE_STOCK_OPTION,PAPER_ELIGIBLE,STOCK:ASIANPAINT,paper-strategy-8ade763620b6,opportunity-score-8ade763620b6,universe-a8e55c76a270,PAPER_OVERRIDE::FYERS_PAPER_PROXY_RESEARCH,PE,UNKNOWN,2620.0,0.0,False,,,Observation interval exceeds rolling window.,False,,,,,ATM IV unavailable.,,ASIANPAINT,NOT_CONFIGURED,,8512c046e489,WARMUP_OBSERVATIONS,11,1,0,90.0,65.0,1.0,1.6,70.0,65.0,35.0,50.0,inf,3.0,20.0,GLOBAL_POLICY_FLOOR>CLASS_FLOOR>INSTRUMENT_LEARNED_FLOOR; LOWER=max; UPPER=min,CONSTRAINED_WALK_FORWARD,WARMUP_OBSERVATIONS,,0,0,,,0.0,,FYERS_PAPER_PROXY_RESEARCH,FYERS_PAPER_RESEARCH_ONLY,COST_MODEL_UNVALIDATED,False,False,DISABLED,Daily market context is disabled until operator review,MANUAL_PROXY_RESEARCH,False,True,MEASURED,FIVE_LEVEL,FYERS_MARKET_DEPTH,5,5,500,500,2500,2500,2026-08-24T07:01:56+00:00,IV_UNAVAILABLE,False,0,False,False,DATA_INVALID,11,DataHealth invalid; Contract invalid: Quote stale or spread hard rejected.; SideDirection hard reject: -0.3 < 65.0; PremiumElasticity hard reject: 0.30 < 1.00; Expected/Required hard reject: 1.17 < 1.60; TradeQuality below configured minimum; FinalConfidence below configured minimum; ExecutionQuality below excellent gate: 0.0 < 80.0; ConvexityEdge below excellent gate: 57.4 < 80.0; OpportunityConfidence below excellent gate: 42.8 < 70.0; RegimeFit below excellent gate: 60.0 < 70.0,,
2026-08-24T13:35:50.334429+05:30,2026-08-24,BANKNIFTY,NSE,INDEX,NSE_INDEX,PAPER_ELIGIBLE,INDEX:BANKING,paper-strategy-8ade763620b6,opportunity-score-8ade763620b6,universe-a8e55c76a270,PAPER_OVERRIDE::FYERS_PAPER_PROXY_RESEARCH,PE,UNKNOWN,57300.0,0.0,False,,,Underlying move below identification minimum.,False,,,,,ATM IV unavailable.,0.0000,banknifty_fast_wbci,VALID,2.2956,2e840ccd58d1,WARMUP_OBSERVATIONS,80,1,0,80.0,65.0,1.0,1.6,70.0,65.0,35.0,50.0,inf,2.0,11.0,GLOBAL_POLICY_FLOOR>CLASS_FLOOR>INSTRUMENT_LEARNED_FLOOR; LOWER=max; UPPER=min,CONSTRAINED_WALK_FORWARD,WARMUP_OBSERVATIONS,,0,0,,,0.0,,FYERS_PAPER_PROXY_RESEARCH,FYERS_PAPER_RESEARCH_ONLY,COST_MODEL_UNVALIDATED,False,False,DISABLED,Daily market context is disabled until operator review,MANUAL_PROXY_RESEARCH,False,True,MEASURED,FIVE_LEVEL,FYERS_MARKET_DEPTH,5,5,30,90,900,960,2026-08-24T08:05:25+00:00,IV_UNAVAILABLE,False,0,False,False,DATA_INVALID,7,DataHealth invalid; Contract invalid: Quote stale or spread hard rejected.; SideDirection hard reject: -2.3 < 65.0; PremiumElasticity hard reject: 0.50 < 1.00; Expected/Required hard reject: 1.42 < 1.60; TradeQuality below configured minimum; ConvexityEdge below excellent gate: 71.4 < 80.0,,
2026-08-24T13:35:50.334429+05:30,2026-08-24,BANKNIFTY,NSE,INDEX,NSE_INDEX,PAPER_ELIGIBLE,INDEX:BANKING,paper-strategy-8ade763620b6,opportunity-score-8ade763620b6,universe-a8e55c76a270,PAPER_OVERRIDE::FYERS_PAPER_PROXY_RESEARCH,PE,UNKNOWN,57200.0,0.0,False,,,Underlying move below identification minimum.,False,,,,,ATM IV unavailable.,0.0000,banknifty_fast_wbci,VALID,2.2956,2e840ccd58d1,WARMUP_OBSERVATIONS,80,1,0,80.0,65.0,1.0,1.6,70.0,65.0,35.0,50.0,inf,2.0,11.0,GLOBAL_POLICY_FLOOR>CLASS_FLOOR>INSTRUMENT_LEARNED_FLOOR; LOWER=max; UPPER=min,CONSTRAINED_WALK_FORWARD,WARMUP_OBSERVATIONS,,0,0,,,0.0,,FYERS_PAPER_PROXY_RESEARCH,FYERS_PAPER_RESEARCH_ONLY,COST_MODEL_UNVALIDATED,False,False,DISABLED,Daily market context is disabled until operator review,MANUAL_PROXY_RESEARCH,False,True,MEASURED,FIVE_LEVEL,FYERS_MARKET_DEPTH,5,5,30,30,960,900,2026-08-24T08:05:25+00:00,IV_UNAVAILABLE,False,0,False,False,DATA_INVALID,7,DataHealth invalid; Contract invalid: Quote stale or spread hard rejected.; SideDirection hard reject: -2.3 < 65.0; PremiumElasticity hard reject: 0.30 < 1.00; Expected/Required hard reject: 1.42 < 1.60; TradeQuality below configured minimum; ConvexityEdge below excellent gate: 57.4 < 80.0,,
2026-08-24T13:35:50.334429+05:30,2026-08-24,BANKNIFTY,NSE,INDEX,NSE_INDEX,PAPER_ELIGIBLE,INDEX:BANKING,paper-strategy-8ade763620b6,opportunity-score-8ade763620b6,universe-a8e55c76a270,PAPER_OVERRIDE::FYERS_PAPER_PROXY_RESEARCH,CE,UNKNOWN,57400.0,2.3,False,,,Underlying move below identification minimum.,False,,,,,ATM IV unavailable.,0.0000,banknifty_fast_wbci,VALID,2.2956,2e840ccd58d1,WARMUP_OBSERVATIONS,80,1,0,80.0,65.0,1.0,1.6,70.0,65.0,35.0,50.0,inf,2.0,11.0,GLOBAL_POLICY_FLOOR>CLASS_FLOOR>INSTRUMENT_LEARNED_FLOOR; LOWER=max; UPPER=min,CONSTRAINED_WALK_FORWARD,WARMUP_OBSERVATIONS,,0,0,,,0.0,,FYERS_PAPER_PROXY_RESEARCH,FYERS_PAPER_RESEARCH_ONLY,COST_MODEL_UNVALIDATED,False,False,DISABLED,Daily market context is disabled until operator review,MANUAL_PROXY_RESEARCH,False,True,MEASURED,FIVE_LEVEL,FYERS_MARKET_DEPTH,5,5,90,90,810,810,2026-08-24T08:05:25+00:00,IV_UNAVAILABLE,False,0,False,False,DATA_INVALID,7,DataHealth invalid; Contract invalid: Quote stale or spread hard rejected.; SideDirection hard reject: 2.3 < 65.0; PremiumElasticity hard reject: 0.30 < 1.00; Expected/Required hard reject: 1.42 < 1.60; TradeQuality below configured minimum; ConvexityEdge below excellent gate: 57.4 < 80.0,,
2026-08-24T13:35:50.334429+05:30,2026-08-24,BANKNIFTY,NSE,INDEX,NSE_INDEX,PAPER_ELIGIBLE,INDEX:BANKING,paper-strategy-8ade763620b6,opportunity-score-8ade763620b6,universe-a8e55c76a270,PAPER_OVERRIDE::FYERS_PAPER_PROXY_RESEARCH,PE,UNKNOWN,57400.0,0.0,False,,,Underlying move below identification minimum.,False,,,,,ATM IV unavailable.,0.0000,banknifty_fast_wbci,VALID,2.2956,2e840ccd58d1,WARMUP_OBSERVATIONS,80,1,0,80.0,65.0,1.0,1.6,70.0,65.0,35.0,50.0,inf,2.0,11.0,GLOBAL_POLICY_FLOOR>CLASS_FLOOR>INSTRUMENT_LEARNED_FLOOR; LOWER=max; UPPER=min,CONSTRAINED_WALK_FORWARD,WARMUP_OBSERVATIONS,,0,0,,,0.0,,FYERS_PAPER_PROXY_RESEARCH,FYERS_PAPER_RESEARCH_ONLY,COST_MODEL_UNVALIDATED,False,False,DISABLED,Daily market context is disabled until operator review,MANUAL_PROXY_RESEARCH,False,True,MEASURED,FIVE_LEVEL,FYERS_MARKET_DEPTH,5,5,30,150,810,930,2026-08-24T08:05:25+00:00,IV_UNAVAILABLE,False,0,False,False,DATA_INVALID,7,DataHealth invalid; Contract invalid: Quote stale or spread hard rejected.; SideDirection hard reject: -2.3 < 65.0; PremiumElasticity hard reject: 0.70 < 1.00; Expected/Required hard reject: 1.42 < 1.60; TradeQuality below configured minimum; ConvexityEdge below excellent gate: 71.4 < 80.0,,
2026-08-24T13:35:50.334429+05:30,2026-08-24,FINNIFTY,NSE,INDEX,NSE_INDEX,PAPER_ELIGIBLE,INDEX:FINANCIALS,paper-strategy-8ade763620b6,opportunity-score-8ade763620b6,universe-a8e55c76a270,PAPER_OVERRIDE::FYERS_PAPER_PROXY_RESEARCH,PE,UNKNOWN,26100.0,0.0,False,,,Observation interval exceeds rolling window.,False,,,,,ATM IV unavailable.,0.0000,finnifty_leadership_proxy,VALID,2.0987,e172b0fef65b,WARMUP_OBSERVATIONS,50,1,0,80.0,65.0,1.0,1.6,70.0,65.0,35.0,50.0,inf,2.0,11.0,GLOBAL_POLICY_FLOOR>CLASS_FLOOR>INSTRUMENT_LEARNED_FLOOR; LOWER=max; UPPER=min,CONSTRAINED_WALK_FORWARD,WARMUP_OBSERVATIONS,,0,0,,,0.0,,FYERS_PAPER_PROXY_RESEARCH,FYERS_PAPER_RESEARCH_ONLY,COST_MODEL_UNVALIDATED,False,False,DISABLED,Daily market context is disabled until operator review,MANUAL_PROXY_RESEARCH,False,True,MEASURED,FIVE_LEVEL,FYERS_MARKET_DEPTH,5,5,60,300,420,900,2026-08-24T08:05:27+00:00,IV_UNAVAILABLE,False,0,False,False,DATA_INVALID,7,DataHealth invalid; Contract invalid: Quote stale or spread hard rejected.; SideDirection hard reject: -2.1 < 65.0; PremiumElasticity hard reject: 0.50 < 1.00; Expected/Required hard reject: 1.25 < 1.60; TradeQuality below configured minimum; ConvexityEdge below excellent gate: 71.4 < 80.0,,
2026-08-24T13:35:50.334429+05:30,2026-08-24,FINNIFTY,NSE,INDEX,NSE_INDEX,PAPER_ELIGIBLE,INDEX:FINANCIALS,paper-strategy-8ade763620b6,opportunity-score-8ade763620b6,universe-a8e55c76a270,PAPER_OVERRIDE::FYERS_PAPER_PROXY_RESEARCH,PE,UNKNOWN,26050.0,0.0,False,,,Observation interval exceeds rolling window.,False,,,,,ATM IV unavailable.,0.0000,finnifty_leadership_proxy,VALID,2.0987,e172b0fef65b,WARMUP_OBSERVATIONS,50,1,0,80.0,65.0,1.0,1.6,70.0,65.0,35.0,50.0,inf,2.0,11.0,GLOBAL_POLICY_FLOOR>CLASS_FLOOR>INSTRUMENT_LEARNED_FLOOR; LOWER=max; UPPER=min,CONSTRAINED_WALK_FORWARD,WARMUP_OBSERVATIONS,,0,0,,,0.0,,FYERS_PAPER_PROXY_RESEARCH,FYERS_PAPER_RESEARCH_ONLY,COST_MODEL_UNVALIDATED,False,False,DISABLED,Daily market context is disabled until operator review,MANUAL_PROXY_RESEARCH,False,True,MEASURED,FIVE_LEVEL,FYERS_MARKET_DEPTH,5,5,60,120,360,540,2026-08-24T08:05:25+00:00,IV_UNAVAILABLE,False,0,False,False,DATA_INVALID,7,DataHealth invalid; Contract invalid: Quote stale or spread hard rejected.; SideDirection hard reject: -2.1 < 65.0; PremiumElasticity hard reject: 0.30 < 1.00; Expected/Required hard reject: 1.25 < 1.60; TradeQuality below configured minimum; ConvexityEdge below excellent gate: 57.4 < 80.0,,
2026-08-24T13:35:50.334429+05:30,2026-08-24,FINNIFTY,NSE,INDEX,NSE_INDEX,PAPER_ELIGIBLE,INDEX:FINANCIALS,paper-strategy-8ade763620b6,opportunity-score-8ade763620b6,universe-a8e55c76a270,PAPER_OVERRIDE::FYERS_PAPER_PROXY_RESEARCH,CE,UNKNOWN,26150.0,2.1,False,,,Underlying move below identification minimum.,False,,,,,ATM IV unavailable.,0.0000,finnifty_leadership_proxy,VALID,2.0987,e172b0fef65b,WARMUP_OBSERVATIONS,50,1,0,80.0,65.0,1.0,1.6,70.0,65.0,35.0,50.0,inf,2.0,11.0,GLOBAL_POLICY_FLOOR>CLASS_FLOOR>INSTRUMENT_LEARNED_FLOOR; LOWER=max; UPPER=min,CONSTRAINED_WALK_FORWARD,WARMUP_OBSERVATIONS,,0,0,,,0.0,,FYERS_PAPER_PROXY_RESEARCH,FYERS_PAPER_RESEARCH_ONLY,COST_MODEL_UNVALIDATED,False,False,DISABLED,Daily market context is disabled until operator review,MANUAL_PROXY_RESEARCH,False,True,MEASURED,FIVE_LEVEL,FYERS_MARKET_DEPTH,5,5,420,240,1260,540,2026-08-24T08:05:17+00:00,IV_UNAVAILABLE,False,0,False,False,DATA_INVALID,7,DataHealth invalid; Contract invalid: Quote stale or spread hard rejected.; SideDirection hard reject: 2.1 < 65.0; PremiumElasticity hard reject: 0.30 < 1.00; Expected/Required hard reject: 1.25 < 1.60; TradeQuality below configured minimum; ConvexityEdge below excellent gate: 57.4 < 80.0,,
2026-08-24T13:35:50.334429+05:30,2026-08-24,FINNIFTY,NSE,INDEX,NSE_INDEX,PAPER_ELIGIBLE,INDEX:FINANCIALS,paper-strategy-8ade763620b6,opportunity-score-8ade763620b6,universe-a8e55c76a270,PAPER_OVERRIDE::FYERS_PAPER_PROXY_RESEARCH,PE,UNKNOWN,26150.0,0.0,False,,,Observation interval exceeds rolling window.,False,,,,,ATM IV unavailable.,0.0000,finnifty_leadership_proxy,VALID,2.0987,e172b0fef65b,WARMUP_OBSERVATIONS,50,1,0,80.0,65.0,1.0,1.6,70.0,65.0,35.0,50.0,inf,2.0,11.0,GLOBAL_POLICY_FLOOR>CLASS_FLOOR>INSTRUMENT_LEARNED_FLOOR; LOWER=max; UPPER=min,CONSTRAINED_WALK_FORWARD,WARMUP_OBSERVATIONS,,0,0,,,0.0,,FYERS_PAPER_PROXY_RESEARCH,FYERS_PAPER_RESEARCH_ONLY,COST_MODEL_UNVALIDATED,False,False,DISABLED,Daily market context is disabled until operator review,MANUAL_PROXY_RESEARCH,False,True,MEASURED,FIVE_LEVEL,FYERS_MARKET_DEPTH,5,5,240,60,600,720,2026-08-24T08:05:27+00:00,IV_UNAVAILABLE,False,0,False,False,DATA_INVALID,7,DataHealth invalid; Contract invalid: Quote stale or spread hard rejected.; SideDirection hard reject: -2.1 < 65.0; PremiumElasticity hard reject: 0.70 < 1.00; Expected/Required hard reject: 1.25 < 1.60; TradeQuality below configured minimum; ConvexityEdge below excellent gate: 71.4 < 80.0,,
2026-08-24T13:35:50.334429+05:30,2026-08-24,MIDCPNIFTY,NSE,INDEX,NSE_INDEX,PAPER_ELIGIBLE,INDEX:MIDCAP,paper-strategy-8ade763620b6,opportunity-score-8ade763620b6,universe-a8e55c76a270,PAPER_OVERRIDE::FYERS_PAPER_PROXY_RESEARCH,PE,UNKNOWN,14875.0,2.2,False,,,Underlying move below identification minimum.,False,,,,,ATM IV unavailable.,5.6233,midcap_direction_proxy,PARTIAL_MIDCAP,7.8552,712afad509f5,WARMUP_OBSERVATIONS,48,1,0,80.0,65.0,1.0,1.6,70.0,65.0,35.0,50.0,inf,2.0,11.0,GLOBAL_POLICY_FLOOR>CLASS_FLOOR>INSTRUMENT_LEARNED_FLOOR; LOWER=max; UPPER=min,CONSTRAINED_WALK_FORWARD,WARMUP_OBSERVATIONS,,0,0,,,0.0,,FYERS_PAPER_PROXY_RESEARCH,FYERS_PAPER_RESEARCH_ONLY,COST_MODEL_UNVALIDATED,False,False,DISABLED,Daily market context is disabled until operator review,MANUAL_PROXY_RESEARCH,False,True,MEASURED,FIVE_LEVEL,FYERS_MARKET_DEPTH,5,5,240,360,2160,3240,2026-08-24T08:05:28+00:00,IV_UNAVAILABLE,False,0,False,False,DATA_INVALID,7,DataHealth invalid; Contract invalid: Quote stale or spread hard rejected.; SideDirection hard reject: 2.2 < 65.0; PremiumElasticity hard reject: 0.50 < 1.00; Expected/Required hard reject: 1.08 < 1.60; TradeQuality below configured minimum; ConvexityEdge below excellent gate: 70.4 < 80.0,,
2026-08-24T13:35:50.334429+05:30,2026-08-24,MIDCPNIFTY,NSE,INDEX,NSE_INDEX,PAPER_ELIGIBLE,INDEX:MIDCAP,paper-strategy-8ade763620b6,opportunity-score-8ade763620b6,universe-a8e55c76a270,PAPER_OVERRIDE::FYERS_PAPER_PROXY_RESEARCH,CE,UNKNOWN,14850.0,0.0,False,,,Underlying move below identification minimum.,False,,,,,ATM IV unavailable.,5.6233,midcap_direction_proxy,PARTIAL_MIDCAP,7.8552,712afad509f5,WARMUP_OBSERVATIONS,48,1,0,80.0,65.0,1.0,1.6,70.0,65.0,35.0,50.0,inf,2.0,11.0,GLOBAL_POLICY_FLOOR>CLASS_FLOOR>INSTRUMENT_LEARNED_FLOOR; LOWER=max; UPPER=min,CONSTRAINED_WALK_FORWARD,WARMUP_OBSERVATIONS,,0,0,,,0.0,,FYERS_PAPER_PROXY_RESEARCH,FYERS_PAPER_RESEARCH_ONLY,COST_MODEL_UNVALIDATED,False,False,DISABLED,Daily market context is disabled until operator review,MANUAL_PROXY_RESEARCH,False,True,MEASURED,FIVE_LEVEL,FYERS_MARKET_DEPTH,5,5,120,600,1200,2160,2026-08-24T08:05:24+00:00,IV_UNAVAILABLE,False,0,False,False,DATA_INVALID,7,DataHealth invalid; Contract invalid: Quote stale or spread hard rejected.; SideDirection hard reject: -2.2 < 65.0; PremiumElasticity hard reject: 0.70 < 1.00; Expected/Required hard reject: 1.08 < 1.60; TradeQuality below configured minimum; ConvexityEdge below excellent gate: 70.4 < 80.0,,
2026-08-24T13:35:50.334429+05:30,2026-08-24,MIDCPNIFTY,NSE,INDEX,NSE_INDEX,PAPER_ELIGIBLE,INDEX:MIDCAP,paper-strategy-8ade763620b6,opportunity-score-8ade763620b6,universe-a8e55c76a270,PAPER_OVERRIDE::FYERS_PAPER_PROXY_RESEARCH,PE,UNKNOWN,14900.0,2.2,False,,,Underlying move below identification minimum.,False,,,,,ATM IV unavailable.,5.6233,midcap_direction_proxy,PARTIAL_MIDCAP,7.8552,712afad509f5,WARMUP_OBSERVATIONS,48,1,0,80.0,65.0,1.0,1.6,70.0,65.0,35.0,50.0,inf,2.0,11.0,GLOBAL_POLICY_FLOOR>CLASS_FLOOR>INSTRUMENT_LEARNED_FLOOR; LOWER=max; UPPER=min,CONSTRAINED_WALK_FORWARD,WARMUP_OBSERVATIONS,,0,0,,,0.0,,FYERS_PAPER_PROXY_RESEARCH,FYERS_PAPER_RESEARCH_ONLY,COST_MODEL_UNVALIDATED,False,False,DISABLED,Daily market context is disabled until operator review,MANUAL_PROXY_RESEARCH,False,True,MEASURED,FIVE_LEVEL,FYERS_MARKET_DEPTH,5,5,240,720,3000,3960,2026-08-24T08:05:25+00:00,IV_UNAVAILABLE,False,0,False,False,DATA_INVALID,7,DataHealth invalid; Contract invalid: Quote stale or spread hard rejected.; SideDirection hard reject: 2.2 < 65.0; PremiumElasticity hard reject: 0.70 < 1.00; Expected/Required hard reject: 1.08 < 1.60; TradeQuality below configured minimum; ConvexityEdge below excellent gate: 70.4 < 80.0,,
2026-08-24T13:35:50.334429+05:30,2026-08-24,ASIANPAINT,NSE,STOCK,NSE_STOCK_OPTION,PAPER_ELIGIBLE,STOCK:ASIANPAINT,paper-strategy-8ade763620b6,opportunity-score-8ade763620b6,universe-a8e55c76a270,PAPER_OVERRIDE::FYERS_PAPER_PROXY_RESEARCH,CE,UNKNOWN,2620.0,0.0,False,,,No prior observation for contract.,False,,,,,ATM IV unavailable.,,ASIANPAINT,NOT_CONFIGURED,,8512c046e489,WARMUP_OBSERVATIONS,14,1,0,90.0,65.0,1.0,1.6,70.0,65.0,35.0,50.0,inf,3.0,20.0,GLOBAL_POLICY_FLOOR>CLASS_FLOOR>INSTRUMENT_LEARNED_FLOOR; LOWER=max; UPPER=min,CONSTRAINED_WALK_FORWARD,WARMUP_OBSERVATIONS,,0,0,,,0.0,,FYERS_PAPER_PROXY_RESEARCH,FYERS_PAPER_RESEARCH_ONLY,COST_MODEL_UNVALIDATED,False,False,DISABLED,Daily market context is disabled until operator review,MANUAL_PROXY_RESEARCH,False,True,MEASURED,FIVE_LEVEL,FYERS_MARKET_DEPTH,5,5,250,500,2000,1750,2026-08-24T07:58:54+00:00,IV_UNAVAILABLE,False,0,False,False,DATA_INVALID,11,DataHealth invalid; Contract invalid: Quote stale or spread hard rejected.; SideDirection hard reject: -2.4 < 65.0; PremiumElasticity hard reject: 0.50 < 1.00; Expected/Required hard reject: 1.17 < 1.60; TradeQuality below configured minimum; FinalConfidence below configured minimum; ExecutionQuality below excellent gate: 0.0 < 80.0; ConvexityEdge below excellent gate: 71.4 < 80.0; OpportunityConfidence below excellent gate: 47.0 < 70.0; RegimeFit below excellent gate: 60.0 < 70.0,,
2026-08-24T13:35:50.334429+05:30,2026-08-24,ASIANPAINT,NSE,STOCK,NSE_STOCK_OPTION,PAPER_ELIGIBLE,STOCK:ASIANPAINT,paper-strategy-8ade763620b6,opportunity-score-8ade763620b6,universe-a8e55c76a270,PAPER_OVERRIDE::FYERS_PAPER_PROXY_RESEARCH,PE,UNKNOWN,2620.0,2.4,False,,,No prior observation for contract.,False,,,,,ATM IV unavailable.,,ASIANPAINT,NOT_CONFIGURED,,8512c046e489,WARMUP_OBSERVATIONS,14,1,0,90.0,65.0,1.0,1.6,70.0,65.0,35.0,50.0,inf,3.0,20.0,GLOBAL_POLICY_FLOOR>CLASS_FLOOR>INSTRUMENT_LEARNED_FLOOR; LOWER=max; UPPER=min,CONSTRAINED_WALK_FORWARD,WARMUP_OBSERVATIONS,,0,0,,,0.0,,FYERS_PAPER_PROXY_RESEARCH,FYERS_PAPER_RESEARCH_ONLY,COST_MODEL_UNVALIDATED,False,False,DISABLED,Daily market context is disabled until operator review,MANUAL_PROXY_RESEARCH,False,True,MEASURED,FIVE_LEVEL,FYERS_MARKET_DEPTH,5,5,250,250,1750,3750,2026-08-24T08:04:55+00:00,IV_UNAVAILABLE,False,0,False,False,DATA_INVALID,11,DataHealth invalid; Contract invalid: Quote stale or spread hard rejected.; SideDirection hard reject: 2.4 < 65.0; PremiumElasticity hard reject: 0.50 < 1.00; Expected/Required hard reject: 1.17 < 1.60; TradeQuality below configured minimum; FinalConfidence below configured minimum; ExecutionQuality below excellent gate: 0.0 < 80.0; ConvexityEdge below excellent gate: 71.4 < 80.0; OpportunityConfidence below excellent gate: 46.0 < 70.0; RegimeFit below excellent gate: 60.0 < 70.0,,
2026-08-24T13:35:50.334429+05:30,2026-08-24,ASIANPAINT,NSE,STOCK,NSE_STOCK_OPTION,PAPER_ELIGIBLE,STOCK:ASIANPAINT,paper-strategy-8ade763620b6,opportunity-score-8ade763620b6,universe-a8e55c76a270,PAPER_OVERRIDE::FYERS_PAPER_PROXY_RESEARCH,PE,UNKNOWN,2640.0,2.4,False,,,No prior observation for contract.,False,,,,,ATM IV unavailable.,,ASIANPAINT,NOT_CONFIGURED,,8512c046e489,WARMUP_OBSERVATIONS,14,1,0,90.0,65.0,1.0,1.6,70.0,65.0,35.0,50.0,inf,3.0,20.0,GLOBAL_POLICY_FLOOR>CLASS_FLOOR>INSTRUMENT_LEARNED_FLOOR; LOWER=max; UPPER=min,CONSTRAINED_WALK_FORWARD,WARMUP_OBSERVATIONS,,0,0,,,0.0,,FYERS_PAPER_PROXY_RESEARCH,FYERS_PAPER_RESEARCH_ONLY,COST_MODEL_UNVALIDATED,False,False,DISABLED,Daily market context is disabled until operator review,MANUAL_PROXY_RESEARCH,False,True,MEASURED,FIVE_LEVEL,FYERS_MARKET_DEPTH,5,5,250,250,3750,2000,2026-08-24T08:05:03+00:00,IV_UNAVAILABLE,False,0,False,False,DATA_INVALID,11,DataHealth invalid; Contract invalid: Quote stale or spread hard rejected.; SideDirection hard reject: 2.4 < 65.0; PremiumElasticity hard reject: 0.70 < 1.00; Expected/Required hard reject: 1.17 < 1.60; TradeQuality below configured minimum; FinalConfidence below configured minimum; ExecutionQuality below excellent gate: 0.0 < 80.0; ConvexityEdge below excellent gate: 71.4 < 80.0; OpportunityConfidence below excellent gate: 54.4 < 70.0; RegimeFit below excellent gate: 60.0 < 70.0,,
2026-08-24T13:35:50.334429+05:30,2026-08-24,AXISBANK,NSE,STOCK,NSE_STOCK_OPTION,PAPER_ELIGIBLE,STOCK:AXISBANK,paper-strategy-8ade763620b6,opportunity-score-8ade763620b6,universe-a8e55c76a270,PAPER_OVERRIDE::FYERS_PAPER_PROXY_RESEARCH,PE,UNKNOWN,1260.0,0.0,False,,,No prior observation for contract.,False,,,,,ATM IV unavailable.,,AXISBANK,NOT_CONFIGURED,,cfeb90d03746,WARMUP_OBSERVATIONS,2,1,0,90.0,65.0,1.0,1.6,70.0,65.0,35.0,50.0,inf,3.0,20.0,GLOBAL_POLICY_FLOOR>CLASS_FLOOR>INSTRUMENT_LEARNED_FLOOR; LOWER=max; UPPER=min,CONSTRAINED_WALK_FORWARD,WARMUP_OBSERVATIONS,,0,0,,,0.0,,FYERS_PAPER_PROXY_RESEARCH,FYERS_PAPER_RESEARCH_ONLY,COST_MODEL_UNVALIDATED,False,False,DISABLED,Daily market context is disabled until operator review,MANUAL_PROXY_RESEARCH,False,True,MEASURED,FIVE_LEVEL,FYERS_MARKET_DEPTH,5,5,625,1250,3125,5625,2026-08-24T08:04:50+00:00,IV_UNAVAILABLE,False,0,False,False,DATA_INVALID,9,DataHealth invalid; Contract invalid: Quote stale or spread hard rejected.; SideDirection hard reject: -5.2 < 65.0; PremiumElasticity hard reject: 0.70 < 1.00; Expected/Required hard reject: 1.17 < 1.60; TradeQuality below configured minimum; ExecutionQuality below excellent gate: 76.4 < 80.0; ConvexityEdge below excellent gate: 71.4 < 80.0; RegimeFit below excellent gate: 60.0 < 70.0,,
2026-08-24T13:35:50.334429+05:30,2026-08-24,BAJAJ-AUTO,NSE,STOCK,NSE_STOCK_OPTION,PAPER_ELIGIBLE,STOCK:BAJAJ-AUTO,paper-strategy-8ade763620b6,opportunity-score-8ade763620b6,universe-a8e55c76a270,PAPER_OVERRIDE::FYERS_PAPER_PROXY_RESEARCH,PE,UNKNOWN,11700.0,2.0,False,,,No prior observation for contract.,False,,,,,ATM IV unavailable.,,BAJAJ-AUTO,NOT_CONFIGURED,,41f3d34033d6,WARMUP_OBSERVATIONS,3,1,0,90.0,65.0,1.0,1.6,70.0,65.0,35.0,50.0,inf,3.0,20.0,GLOBAL_POLICY_FLOOR>CLASS_FLOOR>INSTRUMENT_LEARNED_FLOOR; LOWER=max; UPPER=min,CONSTRAINED_WALK_FORWARD,WARMUP_OBSERVATIONS,,0,0,,,0.0,,FYERS_PAPER_PROXY_RESEARCH,FYERS_PAPER_RESEARCH_ONLY,COST_MODEL_UNVALIDATED,False,False,DISABLED,Daily market context is disabled until operator review,MANUAL_PROXY_RESEARCH,False,True,MEASURED,FIVE_LEVEL,FYERS_MARKET_DEPTH,5,5,225,75,900,675,2026-08-24T08:04:55+00:00,IV_UNAVAILABLE,False,0,False,False,DATA_INVALID,11,DataHealth invalid; Contract invalid: Quote stale or spread hard rejected.; SideDirection hard reject: 2.0 < 65.0; PremiumElasticity hard reject: 0.30 < 1.00; Expected/Required hard reject: 1.17 < 1.60; TradeQuality below configured minimum; FinalConfidence below configured minimum; ExecutionQuality below excellent gate: 42.9 < 80.0; ConvexityEdge below excellent gate: 57.4 < 80.0; OpportunityConfidence below excellent gate: 56.7 < 70.0; RegimeFit below excellent gate: 60.0 < 70.0,,
2026-08-24T13:35:50.334429+05:30,2026-08-24,BAJFINANCE,NSE,STOCK,NSE_STOCK_OPTION,PAPER_ELIGIBLE,STOCK:BAJFINANCE,paper-strategy-8ade763620b6,opportunity-score-8ade763620b6,universe-a8e55c76a270,PAPER_OVERRIDE::FYERS_PAPER_PROXY_RESEARCH,CE,UNKNOWN,1070.0,14.8,False,,,No prior observation for contract.,False,,,,,ATM IV unavailable.,,BAJFINANCE,NOT_CONFIGURED,,58c303dc05a9,WARMUP_OBSERVATIONS,5,1,0,90.0,65.0,1.0,1.6,70.0,65.0,35.0,50.0,inf,3.0,20.0,GLOBAL_POLICY_FLOOR>CLASS_FLOOR>INSTRUMENT_LEARNED_FLOOR; LOWER=max; UPPER=min,CONSTRAINED_WALK_FORWARD,WARMUP_OBSERVATIONS,,0,0,,,0.0,,FYERS_PAPER_PROXY_RESEARCH,FYERS_PAPER_RESEARCH_ONLY,COST_MODEL_UNVALIDATED,False,False,DISABLED,Daily market context is disabled until operator review,MANUAL_PROXY_RESEARCH,False,True,MEASURED,FIVE_LEVEL,FYERS_MARKET_DEPTH,5,5,1500,750,6000,6000,2026-08-24T08:03:46+00:00,IV_UNAVAILABLE,False,0,False,False,DATA_INVALID,9,DataHealth invalid; Contract invalid: Quote stale or spread hard rejected.; SideDirection hard reject: 14.8 < 65.0; PremiumElasticity hard reject: 0.70 < 1.00; Expected/Required hard reject: 1.17 < 1.60; TradeQuality below configured minimum; ExecutionQuality below excellent gate: 70.2 < 80.0; ConvexityEdge below excellent gate: 71.4 < 80.0; RegimeFit below excellent gate: 60.0 < 70.0,,
2026-08-24T13:35:50.334429+05:30,2026-08-24,BAJAJFINSV,NSE,STOCK,NSE_STOCK_OPTION,PAPER_ELIGIBLE,STOCK:BAJAJFINSV,paper-strategy-8ade763620b6,opportunity-score-8ade763620b6,universe-a8e55c76a270,PAPER_OVERRIDE::FYERS_PAPER_PROXY_RESEARCH,CE,UNKNOWN,2000.0,4.4,False,,,No prior observation for contract.,False,,,,,ATM IV unavailable.,,BAJAJFINSV,NOT_CONFIGURED,,e97256bacfa6,WARMUP_OBSERVATIONS,10,1,0,90.0,65.0,1.0,1.6,70.0,65.0,35.0,50.0,inf,3.0,20.0,GLOBAL_POLICY_FLOOR>CLASS_FLOOR>INSTRUMENT_LEARNED_FLOOR; LOWER=max; UPPER=min,CONSTRAINED_WALK_FORWARD,WARMUP_OBSERVATIONS,,0,0,,,0.0,,FYERS_PAPER_PROXY_RESEARCH,FYERS_PAPER_RESEARCH_ONLY,COST_MODEL_UNVALIDATED,False,False,DISABLED,Daily market context is disabled until operator review,MANUAL_PROXY_RESEARCH,False,False,LIQUIDITY_UNAVAILABLE,UNAVAILABLE,UNAVAILABLE,0,0,0,0,,,2026-08-24T13:35:25.325125+05:30,IV_UNAVAILABLE,False,0,False,False,DATA_INVALID,11,DataHealth invalid; Contract invalid: Quote stale or spread hard rejected.; SideDirection hard reject: 4.4 < 65.0; PremiumElasticity hard reject: 0.50 < 1.00; Expected/Required hard reject: 1.17 < 1.60; TradeQuality below configured minimum; FinalConfidence below configured minimum; ExecutionQuality below excellent gate: 2.9 < 80.0; ConvexityEdge below excellent gate: 71.4 < 80.0; OpportunityConfidence below excellent gate: 53.6 < 70.0; RegimeFit below excellent gate: 60.0 < 70.0,,
2026-08-24T13:35:50.334429+05:30,2026-08-24,BAJAJFINSV,NSE,STOCK,NSE_STOCK_OPTION,PAPER_ELIGIBLE,STOCK:BAJAJFINSV,paper-strategy-8ade763620b6,opportunity-score-8ade763620b6,universe-a8e55c76a270,PAPER_OVERRIDE::FYERS_PAPER_PROXY_RESEARCH,CE,UNKNOWN,1980.0,4.4,False,,,No prior observation for contract.,False,,,,,ATM IV unavailable.,,BAJAJFINSV,NOT_CONFIGURED,,e97256bacfa6,WARMUP_OBSERVATIONS,10,1,0,90.0,65.0,1.0,1.6,70.0,65.0,35.0,50.0,inf,3.0,20.0,GLOBAL_POLICY_FLOOR>CLASS_FLOOR>INSTRUMENT_LEARNED_FLOOR; LOWER=max; UPPER=min,CONSTRAINED_WALK_FORWARD,WARMUP_OBSERVATIONS,,0,0,,,0.0,,FYERS_PAPER_PROXY_RESEARCH,FYERS_PAPER_RESEARCH_ONLY,COST_MODEL_UNVALIDATED,False,False,DISABLED,Daily market context is disabled until operator review,MANUAL_PROXY_RESEARCH,False,True,MEASURED,FIVE_LEVEL,FYERS_MARKET_DEPTH,5,5,300,600,1800,2400,2026-08-24T08:01:53+00:00,IV_UNAVAILABLE,False,0,False,False,DATA_INVALID,11,DataHealth invalid; Contract invalid: Quote stale or spread hard rejected.; SideDirection hard reject: 4.4 < 65.0; PremiumElasticity hard reject: 0.70 < 1.00; Expected/Required hard reject: 1.17 < 1.60; TradeQuality below configured minimum; FinalConfidence below configured minimum; ExecutionQuality below excellent gate: 0.0 < 80.0; ConvexityEdge below excellent gate: 71.4 < 80.0; OpportunityConfidence below excellent gate: 49.5 < 70.0; RegimeFit below excellent gate: 60.0 < 70.0,,
2026-08-24T13:35:50.334429+05:30,2026-08-24,BAJAJFINSV,NSE,STOCK,NSE_STOCK_OPTION,PAPER_ELIGIBLE,STOCK:BAJAJFINSV,paper-strategy-8ade763620b6,opportunity-score-8ade763620b6,universe-a8e55c76a270,PAPER_OVERRIDE::FYERS_PAPER_PROXY_RESEARCH,PE,UNKNOWN,2020.0,0.0,False,,,No prior observation for contract.,False,,,,,ATM IV unavailable.,,BAJAJFINSV,NOT_CONFIGURED,,e97256bacfa6,WARMUP_OBSERVATIONS,10,1,0,90.0,65.0,1.0,1.6,70.0,65.0,35.0,50.0,inf,3.0,20.0,GLOBAL_POLICY_FLOOR>CLASS_FLOOR>INSTRUMENT_LEARNED_FLOOR; LOWER=max; UPPER=min,CONSTRAINED_WALK_FORWARD,WARMUP_OBSERVATIONS,,0,0,,,0.0,,FYERS_PAPER_PROXY_RESEARCH,FYERS_PAPER_RESEARCH_ONLY,COST_MODEL_UNVALIDATED,False,False,DISABLED,Daily market context is disabled until operator review,MANUAL_PROXY_RESEARCH,False,True,MEASURED,FIVE_LEVEL,FYERS_MARKET_DEPTH,5,5,300,300,2700,1800,2026-08-24T08:03:34+00:00,IV_UNAVAILABLE,False,0,False,False,DATA_INVALID,11,DataHealth invalid; Contract invalid: Quote stale or spread hard rejected.; SideDirection hard reject: -4.4 < 65.0; PremiumElasticity hard reject: 0.70 < 1.00; Expected/Required hard reject: 1.17 < 1.60; TradeQuality below configured minimum; FinalConfidence below configured minimum; ExecutionQuality below excellent gate: 21.2 < 80.0; ConvexityEdge below excellent gate: 71.4 < 80.0; OpportunityConfidence below excellent gate: 55.9 < 70.0; RegimeFit below excellent gate: 60.0 < 70.0,,
2026-08-24T13:35:50.334429+05:30,2026-08-24,BHARTIARTL,NSE,STOCK,NSE_STOCK_OPTION,PAPER_ELIGIBLE,STOCK:BHARTIARTL,paper-strategy-8ade763620b6,opportunity-score-8ade763620b6,universe-a8e55c76a270,PAPER_OVERRIDE::FYERS_PAPER_PROXY_RESEARCH,CE,UNKNOWN,1920.0,0.0,False,,,No prior observation for contract.,False,,,,,ATM IV unavailable.,,BHARTIARTL,NOT_CONFIGURED,,d009a6fae530,WARMUP_OBSERVATIONS,5,1,0,90.0,65.0,1.0,1.6,70.0,65.0,35.0,50.0,inf,3.0,20.0,GLOBAL_POLICY_FLOOR>CLASS_FLOOR>INSTRUMENT_LEARNED_FLOOR; LOWER=max; UPPER=min,CONSTRAINED_WALK_FORWARD,WARMUP_OBSERVATIONS,,0,0,,,0.0,,FYERS_PAPER_PROXY_RESEARCH,FYERS_PAPER_RESEARCH_ONLY,COST_MODEL_UNVALIDATED,False,False,DISABLED,Daily market context is disabled until operator review,MANUAL_PROXY_RESEARCH,False,True,MEASURED,FIVE_LEVEL,FYERS_MARKET_DEPTH,5,5,950,950,4750,3800,2026-08-24T08:05:41+00:00,IV_UNAVAILABLE,False,0,False,False,DATA_INVALID,11,DataHealth invalid; Contract invalid: Quote stale or spread hard rejected.; SideDirection hard reject: -1.2 < 65.0; PremiumElasticity hard reject: 0.70 < 1.00; Expected/Required hard reject: 1.17 < 1.60; TradeQuality below configured minimum; FinalConfidence below configured minimum; ExecutionQuality below excellent gate: 46.6 < 80.0; ConvexityEdge below excellent gate: 71.4 < 80.0; OpportunityConfidence below excellent gate: 61.8 < 70.0; RegimeFit below excellent gate: 60.0 < 70.0,,
2026-08-24T13:35:50.334429+05:30,2026-08-24,BHARTIARTL,NSE,STOCK,NSE_STOCK_OPTION,PAPER_ELIGIBLE,STOCK:BHARTIARTL,paper-strategy-8ade763620b6,opportunity-score-8ade763620b6,universe-a8e55c76a270,PAPER_OVERRIDE::FYERS_PAPER_PROXY_RESEARCH,PE,UNKNOWN,1960.0,1.2,False,,,No prior observation for contract.,False,,,,,ATM IV unavailable.,,BHARTIARTL,NOT_CONFIGURED,,d009a6fae530,WARMUP_OBSERVATIONS,5,1,0,90.0,65.0,1.0,1.6,70.0,65.0,35.0,50.0,inf,3.0,20.0,GLOBAL_POLICY_FLOOR>CLASS_FLOOR>INSTRUMENT_LEARNED_FLOOR; LOWER=max; UPPER=min,CONSTRAINED_WALK_FORWARD,WARMUP_OBSERVATIONS,,0,0,,,0.0,,FYERS_PAPER_PROXY_RESEARCH,FYERS_PAPER_RESEARCH_ONLY,COST_MODEL_UNVALIDATED,False,False,DISABLED,Daily market context is disabled until operator review,MANUAL_PROXY_RESEARCH,False,True,MEASURED,FIVE_LEVEL,FYERS_MARKET_DEPTH,5,5,950,475,6650,2850,2026-08-24T08:05:41+00:00,IV_UNAVAILABLE,False,0,False,False,DATA_INVALID,11,DataHealth invalid; Contract invalid: Quote stale or spread hard rejected.; SideDirection hard reject: 1.2 < 65.0; PremiumElasticity hard reject: 0.70 < 1.00; Expected/Required hard reject: 1.17 < 1.60; TradeQuality below configured minimum; FinalConfidence below configured minimum; ExecutionQuality below excellent gate: 50.9 < 80.0; ConvexityEdge below excellent gate: 71.4 < 80.0; OpportunityConfidence below excellent gate: 63.0 < 70.0; RegimeFit below excellent gate: 60.0 < 70.0,,
2026-08-24T13:35:50.334429+05:30,2026-08-24,CIPLA,NSE,STOCK,NSE_STOCK_OPTION,PAPER_ELIGIBLE,STOCK:CIPLA,paper-strategy-8ade763620b6,opportunity-score-8ade763620b6,universe-a8e55c76a270,PAPER_OVERRIDE::FYERS_PAPER_PROXY_RESEARCH,CE,UNKNOWN,1420.0,0.0,False,,,No prior observation for contract.,False,,,,,ATM IV unavailable.,,CIPLA,NOT_CONFIGURED,,fcbb76385597,WARMUP_OBSERVATIONS,14,1,0,90.0,65.0,1.0,1.6,70.0,65.0,35.0,50.0,inf,3.0,20.0,GLOBAL_POLICY_FLOOR>CLASS_FLOOR>INSTRUMENT_LEARNED_FLOOR; LOWER=max; UPPER=min,CONSTRAINED_WALK_FORWARD,WARMUP_OBSERVATIONS,,0,0,,,0.0,,FYERS_PAPER_PROXY_RESEARCH,FYERS_PAPER_RESEARCH_ONLY,COST_MODEL_UNVALIDATED,False,False,DISABLED,Daily market context is disabled until operator review,MANUAL_PROXY_RESEARCH,False,True,MEASURED,FIVE_LEVEL,FYERS_MARKET_DEPTH,5,5,425,850,2550,5525,2026-08-24T08:05:20+00:00,IV_UNAVAILABLE,False,0,False,False,DATA_INVALID,11,DataHealth invalid; Contract invalid: Quote stale or spread hard rejected.; SideDirection hard reject: -16.8 < 65.0; PremiumElasticity hard reject: 0.50 < 1.00; Expected/Required hard reject: 1.17 < 1.60; TradeQuality below configured minimum; FinalConfidence below configured minimum; ExecutionQuality below excellent gate: 0.0 < 80.0; ConvexityEdge below excellent gate: 71.4 < 80.0; OpportunityConfidence below excellent gate: 47.1 < 70.0; RegimeFit below excellent gate: 60.0 < 70.0,,
2026-08-24T13:35:50.334429+05:30,2026-08-24,CIPLA,NSE,STOCK,NSE_STOCK_OPTION,PAPER_ELIGIBLE,STOCK:CIPLA,paper-strategy-8ade763620b6,opportunity-score-8ade763620b6,universe-a8e55c76a270,PAPER_OVERRIDE::FYERS_PAPER_PROXY_RESEARCH,PE,UNKNOWN,1420.0,16.8,False,,,No prior observation for contract.,False,,,,,ATM IV unavailable.,,CIPLA,NOT_CONFIGURED,,fcbb76385597,WARMUP_OBSERVATIONS,14,1,0,90.0,65.0,1.0,1.6,70.0,65.0,35.0,50.0,inf,3.0,20.0,GLOBAL_POLICY_FLOOR>CLASS_FLOOR>INSTRUMENT_LEARNED_FLOOR; LOWER=max; UPPER=min,CONSTRAINED_WALK_FORWARD,WARMUP_OBSERVATIONS,,0,0,,,0.0,,FYERS_PAPER_PROXY_RESEARCH,FYERS_PAPER_RESEARCH_ONLY,COST_MODEL_UNVALIDATED,False,False,DISABLED,Daily market context is disabled until operator review,MANUAL_PROXY_RESEARCH,False,True,MEASURED,FIVE_LEVEL,FYERS_MARKET_DEPTH,5,5,425,2125,4250,6800,2026-08-24T08:04:12+00:00,IV_UNAVAILABLE,False,0,False,False,DATA_INVALID,11,DataHealth invalid; Contract invalid: Quote stale or spread hard rejected.; SideDirection hard reject: 16.8 < 65.0; PremiumElasticity hard reject: 0.50 < 1.00; Expected/Required hard reject: 1.17 < 1.60; TradeQuality below configured minimum; FinalConfidence below configured minimum; ExecutionQuality below excellent gate: 0.0 < 80.0; ConvexityEdge below excellent gate: 71.4 < 80.0; OpportunityConfidence below excellent gate: 46.0 < 70.0; RegimeFit below excellent gate: 60.0 < 70.0,,
2026-08-24T13:35:50.334429+05:30,2026-08-24,CIPLA,NSE,STOCK,NSE_STOCK_OPTION,PAPER_ELIGIBLE,STOCK:CIPLA,paper-strategy-8ade763620b6,opportunity-score-8ade763620b6,universe-a8e55c76a270,PAPER_OVERRIDE::FYERS_PAPER_PROXY_RESEARCH,CE,UNKNOWN,1410.0,0.0,False,,,No prior observation for contract.,False,,,,,ATM IV unavailable.,,CIPLA,NOT_CONFIGURED,,fcbb76385597,WARMUP_OBSERVATIONS,14,1,0,90.0,65.0,1.0,1.6,70.0,65.0,35.0,50.0,inf,3.0,20.0,GLOBAL_POLICY_FLOOR>CLASS_FLOOR>INSTRUMENT_LEARNED_FLOOR; LOWER=max; UPPER=min,CONSTRAINED_WALK_FORWARD,WARMUP_OBSERVATIONS,,0,0,,,0.0,,FYERS_PAPER_PROXY_RESEARCH,FYERS_PAPER_RESEARCH_ONLY,COST_MODEL_UNVALIDATED,False,False,DISABLED,Daily market context is disabled until operator review,MANUAL_PROXY_RESEARCH,False,True,MEASURED,FIVE_LEVEL,FYERS_MARKET_DEPTH,5,5,425,425,3400,2975,2026-08-24T08:05:25+00:00,IV_UNAVAILABLE,False,0,False,False,DATA_INVALID,11,DataHealth invalid; Contract invalid: Quote stale or spread hard rejected.; SideDirection hard reject: -16.8 < 65.0; PremiumElasticity hard reject: 0.70 < 1.00; Expected/Required hard reject: 1.17 < 1.60; TradeQuality below configured minimum; FinalConfidence below configured minimum; ExecutionQuality below excellent gate: 0.0 < 80.0; ConvexityEdge below excellent gate: 71.4 < 80.0; OpportunityConfidence below excellent gate: 41.0 < 70.0; RegimeFit below excellent gate: 60.0 < 70.0,,
2026-08-24T13:35:50.334429+05:30,2026-08-24,CIPLA,NSE,STOCK,NSE_STOCK_OPTION,PAPER_ELIGIBLE,STOCK:CIPLA,paper-strategy-8ade763620b6,opportunity-score-8ade763620b6,universe-a8e55c76a270,PAPER_OVERRIDE::FYERS_PAPER_PROXY_RESEARCH,PE,UNKNOWN,1410.0,16.8,False,,,No prior observation for contract.,False,,,,,ATM IV unavailable.,,CIPLA,NOT_CONFIGURED,,fcbb76385597,WARMUP_OBSERVATIONS,14,1,0,90.0,65.0,1.0,1.6,70.0,65.0,35.0,50.0,inf,3.0,20.0,GLOBAL_POLICY_FLOOR>CLASS_FLOOR>INSTRUMENT_LEARNED_FLOOR; LOWER=max; UPPER=min,CONSTRAINED_WALK_FORWARD,WARMUP_OBSERVATIONS,,0,0,,,0.0,,FYERS_PAPER_PROXY_RESEARCH,FYERS_PAPER_RESEARCH_ONLY,COST_MODEL_UNVALIDATED,False,False,DISABLED,Daily market context is disabled until operator review,MANUAL_PROXY_RESEARCH,False,True,MEASURED,FIVE_LEVEL,FYERS_MARKET_DEPTH,5,5,850,850,7225,8500,2026-08-24T08:05:07+00:00,IV_UNAVAILABLE,False,0,False,False,DATA_INVALID,11,DataHealth invalid; Contract invalid: Quote stale or spread hard rejected.; SideDirection hard reject: 16.8 < 65.0; PremiumElasticity hard reject: 0.30 < 1.00; Expected/Required hard reject: 1.17 < 1.60; TradeQuality below configured minimum; FinalConfidence below configured minimum; ExecutionQuality below excellent gate: 0.0 < 80.0; ConvexityEdge below excellent gate: 57.4 < 80.0; OpportunityConfidence below excellent gate: 46.0 < 70.0; RegimeFit below excellent gate: 60.0 < 70.0,,
2026-08-24T13:37:08.374577+05:30,2026-08-24,BANKNIFTY,NSE,INDEX,NSE_INDEX,PAPER_ELIGIBLE,INDEX:BANKING,paper-strategy-8ade763620b6,opportunity-score-8ade763620b6,universe-a8e55c76a270,PAPER_OVERRIDE::FYERS_PAPER_PROXY_RESEARCH,CE,UNKNOWN,57300.0,0.0,False,,,Underlying move below identification minimum.,False,,,,,ATM IV unavailable.,6.3420,banknifty_fast_wbci,VALID,6.6141,2e840ccd58d1,WARMUP_OBSERVATIONS,94,1,0,80.0,65.0,1.0,1.6,70.0,65.0,35.0,50.0,inf,2.0,10.5,GLOBAL_POLICY_FLOOR>CLASS_FLOOR>INSTRUMENT_LEARNED_FLOOR; LOWER=max; UPPER=min,CONSTRAINED_WALK_FORWARD,WARMUP_OBSERVATIONS,,0,0,,,0.0,,FYERS_PAPER_PROXY_RESEARCH,FYERS_PAPER_RESEARCH_ONLY,COST_MODEL_UNVALIDATED,False,False,DISABLED,Daily market context is disabled until operator review,MANUAL_PROXY_RESEARCH,False,True,MEASURED,FIVE_LEVEL,FYERS_MARKET_DEPTH,5,5,30,30,480,660,2026-08-24T08:06:51+00:00,IV_UNAVAILABLE,False,0,False,False,DATA_INVALID,7,DataHealth invalid; Contract invalid: Quote stale or spread hard rejected.; SideDirection hard reject: -0.3 < 65.0; PremiumElasticity hard reject: 0.50 < 1.00; Expected/Required hard reject: 1.42 < 1.60; TradeQuality below configured minimum; ConvexityEdge below excellent gate: 71.4 < 80.0,,
2026-08-24T13:37:08.374577+05:30,2026-08-24,BANKNIFTY,NSE,INDEX,NSE_INDEX,PAPER_ELIGIBLE,INDEX:BANKING,paper-strategy-8ade763620b6,opportunity-score-8ade763620b6,universe-a8e55c76a270,PAPER_OVERRIDE::FYERS_PAPER_PROXY_RESEARCH,PE,UNKNOWN,57300.0,0.3,False,,,Underlying move below identification minimum.,False,,,,,ATM IV unavailable.,6.3420,banknifty_fast_wbci,VALID,6.6141,2e840ccd58d1,WARMUP_OBSERVATIONS,94,1,0,80.0,65.0,1.0,1.6,70.0,65.0,35.0,50.0,inf,2.0,10.5,GLOBAL_POLICY_FLOOR>CLASS_FLOOR>INSTRUMENT_LEARNED_FLOOR; LOWER=max; UPPER=min,CONSTRAINED_WALK_FORWARD,WARMUP_OBSERVATIONS,,0,0,,,0.0,,FYERS_PAPER_PROXY_RESEARCH,FYERS_PAPER_RESEARCH_ONLY,COST_MODEL_UNVALIDATED,False,False,DISABLED,Daily market context is disabled until operator review,MANUAL_PROXY_RESEARCH,False,True,MEASURED,FIVE_LEVEL,FYERS_MARKET_DEPTH,5,5,60,30,960,750,2026-08-24T08:06:51+00:00,IV_UNAVAILABLE,False,0,False,False,DATA_INVALID,7,DataHealth invalid; Contract invalid: Quote stale or spread hard rejected.; SideDirection hard reject: 0.3 < 65.0; PremiumElasticity hard reject: 0.50 < 1.00; Expected/Required hard reject: 1.42 < 1.60; TradeQuality below configured minimum; ConvexityEdge below excellent gate: 71.4 < 80.0,,
2026-08-24T13:37:08.374577+05:30,2026-08-24,BANKNIFTY,NSE,INDEX,NSE_INDEX,PAPER_ELIGIBLE,INDEX:BANKING,paper-strategy-8ade763620b6,opportunity-score-8ade763620b6,universe-a8e55c76a270,PAPER_OVERRIDE::FYERS_PAPER_PROXY_RESEARCH,PE,UNKNOWN,57200.0,0.3,False,,,Underlying move below identification minimum.,False,,,,,ATM IV unavailable.,6.3420,banknifty_fast_wbci,VALID,6.6141,2e840ccd58d1,WARMUP_OBSERVATIONS,94,1,0,80.0,65.0,1.0,1.6,70.0,65.0,35.0,50.0,inf,2.0,10.5,GLOBAL_POLICY_FLOOR>CLASS_FLOOR>INSTRUMENT_LEARNED_FLOOR; LOWER=max; UPPER=min,CONSTRAINED_WALK_FORWARD,WARMUP_OBSERVATIONS,,0,0,,,0.0,,FYERS_PAPER_PROXY_RESEARCH,FYERS_PAPER_RESEARCH_ONLY,COST_MODEL_UNVALIDATED,False,False,DISABLED,Daily market context is disabled until operator review,MANUAL_PROXY_RESEARCH,False,True,MEASURED,FIVE_LEVEL,FYERS_MARKET_DEPTH,5,5,30,60,1230,1140,2026-08-24T08:06:50+00:00,IV_UNAVAILABLE,False,0,False,False,DATA_INVALID,7,DataHealth invalid; Contract invalid: Quote stale or spread hard rejected.; SideDirection hard reject: 0.3 < 65.0; PremiumElasticity hard reject: 0.30 < 1.00; Expected/Required hard reject: 1.42 < 1.60; TradeQuality below configured minimum; ConvexityEdge below excellent gate: 57.4 < 80.0,,
2026-08-24T13:37:08.374577+05:30,2026-08-24,BANKNIFTY,NSE,INDEX,NSE_INDEX,PAPER_ELIGIBLE,INDEX:BANKING,paper-strategy-8ade763620b6,opportunity-score-8ade763620b6,universe-a8e55c76a270,PAPER_OVERRIDE::FYERS_PAPER_PROXY_RESEARCH,CE,UNKNOWN,57400.0,0.0,False,,,Underlying move below identification minimum.,False,,,,,ATM IV unavailable.,6.3420,banknifty_fast_wbci,VALID,6.6141,2e840ccd58d1,WARMUP_OBSERVATIONS,94,1,0,80.0,65.0,1.0,1.6,70.0,65.0,35.0,50.0,inf,2.0,10.5,GLOBAL_POLICY_FLOOR>CLASS_FLOOR>INSTRUMENT_LEARNED_FLOOR; LOWER=max; UPPER=min,CONSTRAINED_WALK_FORWARD,WARMUP_OBSERVATIONS,,0,0,,,0.0,,FYERS_PAPER_PROXY_RESEARCH,FYERS_PAPER_RESEARCH_ONLY,COST_MODEL_UNVALIDATED,False,False,DISABLED,Daily market context is disabled until operator review,MANUAL_PROXY_RESEARCH,False,True,MEASURED,FIVE_LEVEL,FYERS_MARKET_DEPTH,5,5,90,60,2550,750,2026-08-24T08:06:51+00:00,IV_UNAVAILABLE,False,0,False,False,DATA_INVALID,7,DataHealth invalid; Contract invalid: Quote stale or spread hard rejected.; SideDirection hard reject: -0.3 < 65.0; PremiumElasticity hard reject: 0.30 < 1.00; Expected/Required hard reject: 1.42 < 1.60; TradeQuality below configured minimum; ConvexityEdge below excellent gate: 57.4 < 80.0,,
2026-08-24T13:37:08.374577+05:30,2026-08-24,FINNIFTY,NSE,INDEX,NSE_INDEX,PAPER_ELIGIBLE,INDEX:FINANCIALS,paper-strategy-8ade763620b6,opportunity-score-8ade763620b6,universe-a8e55c76a270,PAPER_OVERRIDE::FYERS_PAPER_PROXY_RESEARCH,PE,UNKNOWN,26100.0,0.0,False,,,Underlying move below identification minimum.,False,,,,,ATM IV unavailable.,6.0000,finnifty_leadership_proxy,VALID,5.8009,e172b0fef65b,WARMUP_OBSERVATIONS,59,1,0,80.0,65.0,1.0,1.6,70.0,65.0,35.0,50.0,inf,2.0,10.5,GLOBAL_POLICY_FLOOR>CLASS_FLOOR>INSTRUMENT_LEARNED_FLOOR; LOWER=max; UPPER=min,CONSTRAINED_WALK_FORWARD,WARMUP_OBSERVATIONS,,0,0,,,0.0,,FYERS_PAPER_PROXY_RESEARCH,FYERS_PAPER_RESEARCH_ONLY,COST_MODEL_UNVALIDATED,False,False,DISABLED,Daily market context is disabled until operator review,MANUAL_PROXY_RESEARCH,False,True,MEASURED,FIVE_LEVEL,FYERS_MARKET_DEPTH,5,5,420,60,1020,2100,2026-08-24T08:06:47+00:00,IV_UNAVAILABLE,False,0,False,False,DATA_INVALID,7,DataHealth invalid; Contract invalid: Quote stale or spread hard rejected.; SideDirection hard reject: -0.2 < 65.0; PremiumElasticity hard reject: 0.50 < 1.00; Expected/Required hard reject: 1.25 < 1.60; TradeQuality below configured minimum; ConvexityEdge below excellent gate: 71.4 < 80.0,,
2026-08-24T13:37:08.374577+05:30,2026-08-24,FINNIFTY,NSE,INDEX,NSE_INDEX,PAPER_ELIGIBLE,INDEX:FINANCIALS,paper-strategy-8ade763620b6,opportunity-score-8ade763620b6,universe-a8e55c76a270,PAPER_OVERRIDE::FYERS_PAPER_PROXY_RESEARCH,PE,UNKNOWN,26050.0,0.0,False,,,Underlying move below identification minimum.,False,,,,,ATM IV unavailable.,6.0000,finnifty_leadership_proxy,VALID,5.8009,e172b0fef65b,WARMUP_OBSERVATIONS,59,1,0,80.0,65.0,1.0,1.6,70.0,65.0,35.0,50.0,inf,2.0,10.5,GLOBAL_POLICY_FLOOR>CLASS_FLOOR>INSTRUMENT_LEARNED_FLOOR; LOWER=max; UPPER=min,CONSTRAINED_WALK_FORWARD,WARMUP_OBSERVATIONS,,0,0,,,0.0,,FYERS_PAPER_PROXY_RESEARCH,FYERS_PAPER_RESEARCH_ONLY,COST_MODEL_UNVALIDATED,False,False,DISABLED,Daily market context is disabled until operator review,MANUAL_PROXY_RESEARCH,False,True,MEASURED,FIVE_LEVEL,FYERS_MARKET_DEPTH,5,5,180,60,780,420,2026-08-24T08:06:21+00:00,IV_UNAVAILABLE,False,0,False,False,DATA_INVALID,7,DataHealth invalid; Contract invalid: Quote stale or spread hard rejected.; SideDirection hard reject: -0.2 < 65.0; PremiumElasticity hard reject: 0.30 < 1.00; Expected/Required hard reject: 1.25 < 1.60; TradeQuality below configured minimum; ConvexityEdge below excellent gate: 57.4 < 80.0,,
2026-08-24T13:37:08.374577+05:30,2026-08-24,FINNIFTY,NSE,INDEX,NSE_INDEX,PAPER_ELIGIBLE,INDEX:FINANCIALS,paper-strategy-8ade763620b6,opportunity-score-8ade763620b6,universe-a8e55c76a270,PAPER_OVERRIDE::FYERS_PAPER_PROXY_RESEARCH,CE,UNKNOWN,26150.0,0.2,False,,,Underlying move below identification minimum.,False,,,,,ATM IV unavailable.,6.0000,finnifty_leadership_proxy,VALID,5.8009,e172b0fef65b,WARMUP_OBSERVATIONS,59,1,0,80.0,65.0,1.0,1.6,70.0,65.0,35.0,50.0,inf,2.0,10.5,GLOBAL_POLICY_FLOOR>CLASS_FLOOR>INSTRUMENT_LEARNED_FLOOR; LOWER=max; UPPER=min,CONSTRAINED_WALK_FORWARD,WARMUP_OBSERVATIONS,,0,0,,,0.0,,FYERS_PAPER_PROXY_RESEARCH,FYERS_PAPER_RESEARCH_ONLY,COST_MODEL_UNVALIDATED,False,False,DISABLED,Daily market context is disabled until operator review,MANUAL_PROXY_RESEARCH,False,True,MEASURED,FIVE_LEVEL,FYERS_MARKET_DEPTH,5,5,300,180,1500,1320,2026-08-24T08:06:52+00:00,IV_UNAVAILABLE,False,0,False,False,DATA_INVALID,7,DataHealth invalid; Contract invalid: Quote stale or spread hard rejected.; SideDirection hard reject: 0.2 < 65.0; PremiumElasticity hard reject: 0.30 < 1.00; Expected/Required hard reject: 1.25 < 1.60; TradeQuality below configured minimum; ConvexityEdge below excellent gate: 57.4 < 80.0,,
2026-08-24T13:37:08.374577+05:30,2026-08-24,MIDCPNIFTY,NSE,INDEX,NSE_INDEX,PAPER_ELIGIBLE,INDEX:MIDCAP,paper-strategy-8ade763620b6,opportunity-score-8ade763620b6,universe-a8e55c76a270,PAPER_OVERRIDE::FYERS_PAPER_PROXY_RESEARCH,PE,UNKNOWN,14875.0,3.1,False,,,Underlying move below identification minimum.,False,,,,,ATM IV unavailable.,7.7913,midcap_direction_proxy,PARTIAL_MIDCAP,10.8835,712afad509f5,WARMUP_OBSERVATIONS,55,1,0,80.0,65.0,1.0,1.6,70.0,65.0,35.0,50.0,inf,2.0,10.5,GLOBAL_POLICY_FLOOR>CLASS_FLOOR>INSTRUMENT_LEARNED_FLOOR; LOWER=max; UPPER=min,CONSTRAINED_WALK_FORWARD,WARMUP_OBSERVATIONS,,0,0,,,0.0,,FYERS_PAPER_PROXY_RESEARCH,FYERS_PAPER_RESEARCH_ONLY,COST_MODEL_UNVALIDATED,False,False,DISABLED,Daily market context is disabled until operator review,MANUAL_PROXY_RESEARCH,False,True,MEASURED,FIVE_LEVEL,FYERS_MARKET_DEPTH,5,5,480,480,3000,3240,2026-08-24T08:06:46+00:00,IV_UNAVAILABLE,False,0,False,False,DATA_INVALID,7,DataHealth invalid; Contract invalid: Quote stale or spread hard rejected.; SideDirection hard reject: 3.1 < 65.0; PremiumElasticity hard reject: 0.50 < 1.00; Expected/Required hard reject: 1.08 < 1.60; TradeQuality below configured minimum; ConvexityEdge below excellent gate: 70.4 < 80.0,,
2026-08-24T13:37:08.374577+05:30,2026-08-24,MIDCPNIFTY,NSE,INDEX,NSE_INDEX,PAPER_ELIGIBLE,INDEX:MIDCAP,paper-strategy-8ade763620b6,opportunity-score-8ade763620b6,universe-a8e55c76a270,PAPER_OVERRIDE::FYERS_PAPER_PROXY_RESEARCH,CE,UNKNOWN,14850.0,0.0,False,,,Underlying move below identification minimum.,False,,,,,ATM IV unavailable.,7.7913,midcap_direction_proxy,PARTIAL_MIDCAP,10.8835,712afad509f5,WARMUP_OBSERVATIONS,55,1,0,80.0,65.0,1.0,1.6,70.0,65.0,35.0,50.0,inf,2.0,10.5,GLOBAL_POLICY_FLOOR>CLASS_FLOOR>INSTRUMENT_LEARNED_FLOOR; LOWER=max; UPPER=min,CONSTRAINED_WALK_FORWARD,WARMUP_OBSERVATIONS,,0,0,,,0.0,,FYERS_PAPER_PROXY_RESEARCH,FYERS_PAPER_RESEARCH_ONLY,COST_MODEL_UNVALIDATED,False,False,DISABLED,Daily market context is disabled until operator review,MANUAL_PROXY_RESEARCH,False,True,MEASURED,FIVE_LEVEL,FYERS_MARKET_DEPTH,5,5,240,240,1320,1560,2026-08-24T08:06:32+00:00,IV_UNAVAILABLE,False,0,False,False,DATA_INVALID,7,DataHealth invalid; Contract invalid: Quote stale or spread hard rejected.; SideDirection hard reject: -3.1 < 65.0; PremiumElasticity hard reject: 0.70 < 1.00; Expected/Required hard reject: 1.08 < 1.60; TradeQuality below configured minimum; ConvexityEdge below excellent gate: 70.4 < 80.0,,
2026-08-24T13:37:08.374577+05:30,2026-08-24,MIDCPNIFTY,NSE,INDEX,NSE_INDEX,PAPER_ELIGIBLE,INDEX:MIDCAP,paper-strategy-8ade763620b6,opportunity-score-8ade763620b6,universe-a8e55c76a270,PAPER_OVERRIDE::FYERS_PAPER_PROXY_RESEARCH,PE,UNKNOWN,14900.0,3.1,False,,,Underlying move below identification minimum.,False,,,,,ATM IV unavailable.,7.7913,midcap_direction_proxy,PARTIAL_MIDCAP,10.8835,712afad509f5,WARMUP_OBSERVATIONS,55,1,0,80.0,65.0,1.0,1.6,70.0,65.0,35.0,50.0,inf,2.0,10.5,GLOBAL_POLICY_FLOOR>CLASS_FLOOR>INSTRUMENT_LEARNED_FLOOR; LOWER=max; UPPER=min,CONSTRAINED_WALK_FORWARD,WARMUP_OBSERVATIONS,,0,0,,,0.0,,FYERS_PAPER_PROXY_RESEARCH,FYERS_PAPER_RESEARCH_ONLY,COST_MODEL_UNVALIDATED,False,False,DISABLED,Daily market context is disabled until operator review,MANUAL_PROXY_RESEARCH,False,True,MEASURED,FIVE_LEVEL,FYERS_MARKET_DEPTH,5,5,360,360,1560,3840,2026-08-24T08:06:52+00:00,IV_UNAVAILABLE,False,0,False,False,DATA_INVALID,7,DataHealth invalid; Contract invalid: Quote stale or spread hard rejected.; SideDirection hard reject: 3.1 < 65.0; PremiumElasticity hard reject: 0.70 < 1.00; Expected/Required hard reject: 1.08 < 1.60; TradeQuality below configured minimum; ConvexityEdge below excellent gate: 70.4 < 80.0,,
2026-08-24T13:37:08.374577+05:30,2026-08-24,DRREDDY,NSE,STOCK,NSE_STOCK_OPTION,PAPER_ELIGIBLE,STOCK:DRREDDY,paper-strategy-8ade763620b6,opportunity-score-8ade763620b6,universe-a8e55c76a270,PAPER_OVERRIDE::FYERS_PAPER_PROXY_RESEARCH,PE,UNKNOWN,1190.0,4.0,False,,,Non-positive observation interval.,False,,,,,ATM IV unavailable.,,DRREDDY,NOT_CONFIGURED,,97ea730b14bf,WARMUP_OBSERVATIONS,11,1,0,90.0,65.0,1.0,1.6,70.0,65.0,35.0,50.0,inf,3.0,20.0,GLOBAL_POLICY_FLOOR>CLASS_FLOOR>INSTRUMENT_LEARNED_FLOOR; LOWER=max; UPPER=min,CONSTRAINED_WALK_FORWARD,WARMUP_OBSERVATIONS,,0,0,,,0.0,,FYERS_PAPER_PROXY_RESEARCH,FYERS_PAPER_RESEARCH_ONLY,COST_MODEL_UNVALIDATED,False,False,DISABLED,Daily market context is disabled until operator review,MANUAL_PROXY_RESEARCH,False,True,MEASURED,FIVE_LEVEL,FYERS_MARKET_DEPTH,5,5,1250,625,5625,7500,2026-08-24T08:03:54+00:00,IV_UNAVAILABLE,False,0,False,False,DATA_INVALID,11,DataHealth invalid; Contract invalid: Quote stale or spread hard rejected.; SideDirection hard reject: 4.0 < 65.0; PremiumElasticity hard reject: 0.50 < 1.00; Expected/Required hard reject: 1.17 < 1.60; TradeQuality below configured minimum; FinalConfidence below configured minimum; ExecutionQuality below excellent gate: 0.0 < 80.0; ConvexityEdge below excellent gate: 71.4 < 80.0; OpportunityConfidence below excellent gate: 40.8 < 70.0; RegimeFit below excellent gate: 60.0 < 70.0,,
2026-08-24T13:37:08.374577+05:30,2026-08-24,DRREDDY,NSE,STOCK,NSE_STOCK_OPTION,PAPER_ELIGIBLE,STOCK:DRREDDY,paper-strategy-8ade763620b6,opportunity-score-8ade763620b6,universe-a8e55c76a270,PAPER_OVERRIDE::FYERS_PAPER_PROXY_RESEARCH,CE,UNKNOWN,1180.0,0.0,False,,,Underlying move below identification minimum.,False,,,,,ATM IV unavailable.,,DRREDDY,NOT_CONFIGURED,,97ea730b14bf,WARMUP_OBSERVATIONS,11,1,0,90.0,65.0,1.0,1.6,70.0,65.0,35.0,50.0,inf,3.0,20.0,GLOBAL_POLICY_FLOOR>CLASS_FLOOR>INSTRUMENT_LEARNED_FLOOR; LOWER=max; UPPER=min,CONSTRAINED_WALK_FORWARD,WARMUP_OBSERVATIONS,,0,0,,,0.0,,FYERS_PAPER_PROXY_RESEARCH,FYERS_PAPER_RESEARCH_ONLY,COST_MODEL_UNVALIDATED,False,False,DISABLED,Daily market context is disabled until operator review,MANUAL_PROXY_RESEARCH,False,True,MEASURED,FIVE_LEVEL,FYERS_MARKET_DEPTH,5,5,625,1875,6875,5000,2026-08-24T08:06:25+00:00,IV_UNAVAILABLE,False,0,False,False,DATA_INVALID,11,DataHealth invalid; Contract invalid: Quote stale or spread hard rejected.; SideDirection hard reject: -4.0 < 65.0; PremiumElasticity hard reject: 0.70 < 1.00; Expected/Required hard reject: 1.17 < 1.60; TradeQuality below configured minimum; FinalConfidence below configured minimum; ExecutionQuality below excellent gate: 0.0 < 80.0; ConvexityEdge below excellent gate: 71.4 < 80.0; OpportunityConfidence below excellent gate: 30.0 < 70.0; RegimeFit below excellent gate: 60.0 < 70.0,,
2026-08-24T13:37:08.374577+05:30,2026-08-24,DRREDDY,NSE,STOCK,NSE_STOCK_OPTION,PAPER_ELIGIBLE,STOCK:DRREDDY,paper-strategy-8ade763620b6,opportunity-score-8ade763620b6,universe-a8e55c76a270,PAPER_OVERRIDE::FYERS_PAPER_PROXY_RESEARCH,PE,UNKNOWN,1200.0,4.0,False,,,Non-positive observation interval.,False,,,,,ATM IV unavailable.,,DRREDDY,NOT_CONFIGURED,,97ea730b14bf,WARMUP_OBSERVATIONS,11,1,0,90.0,65.0,1.0,1.6,70.0,65.0,35.0,50.0,inf,3.0,20.0,GLOBAL_POLICY_FLOOR>CLASS_FLOOR>INSTRUMENT_LEARNED_FLOOR; LOWER=max; UPPER=min,CONSTRAINED_WALK_FORWARD,WARMUP_OBSERVATIONS,,0,0,,,0.0,,FYERS_PAPER_PROXY_RESEARCH,FYERS_PAPER_RESEARCH_ONLY,COST_MODEL_UNVALIDATED,False,False,DISABLED,Daily market context is disabled until operator review,MANUAL_PROXY_RESEARCH,False,True,MEASURED,FIVE_LEVEL,FYERS_MARKET_DEPTH,5,5,1250,1250,4375,4375,2026-08-24T08:04:12+00:00,IV_UNAVAILABLE,False,0,False,False,DATA_INVALID,11,DataHealth invalid; Contract invalid: Quote stale or spread hard rejected.; SideDirection hard reject: 4.0 < 65.0; PremiumElasticity hard reject: 0.70 < 1.00; Expected/Required hard reject: 1.17 < 1.60; TradeQuality below configured minimum; FinalConfidence below configured minimum; ExecutionQuality below excellent gate: 0.0 < 80.0; ConvexityEdge below excellent gate: 71.4 < 80.0; OpportunityConfidence below excellent gate: 39.0 < 70.0; RegimeFit below excellent gate: 60.0 < 70.0,,
2026-08-24T13:37:08.374577+05:30,2026-08-24,EICHERMOT,NSE,STOCK,NSE_STOCK_OPTION,PAPER_ELIGIBLE,STOCK:EICHERMOT,paper-strategy-8ade763620b6,opportunity-score-8ade763620b6,universe-a8e55c76a270,PAPER_OVERRIDE::FYERS_PAPER_PROXY_RESEARCH,PE,UNKNOWN,7900.0,0.0,False,,,Non-positive observation interval.,False,,,,,ATM IV unavailable.,,EICHERMOT,NOT_CONFIGURED,,9ae09e86b9c0,WARMUP_OBSERVATIONS,7,1,0,90.0,65.0,1.0,1.6,70.0,65.0,35.0,50.0,inf,3.0,20.0,GLOBAL_POLICY_FLOOR>CLASS_FLOOR>INSTRUMENT_LEARNED_FLOOR; LOWER=max; UPPER=min,CONSTRAINED_WALK_FORWARD,WARMUP_OBSERVATIONS,,0,0,,,0.0,,FYERS_PAPER_PROXY_RESEARCH,FYERS_PAPER_RESEARCH_ONLY,COST_MODEL_UNVALIDATED,False,False,DISABLED,Daily market context is disabled until operator review,MANUAL_PROXY_RESEARCH,False,True,MEASURED,FIVE_LEVEL,FYERS_MARKET_DEPTH,5,5,300,200,1100,1100,2026-08-24T08:05:30+00:00,IV_UNAVAILABLE,False,0,False,False,DATA_INVALID,11,DataHealth invalid; Contract invalid: Quote stale or spread hard rejected.; SideDirection hard reject: -0.0 < 65.0; PremiumElasticity hard reject: 0.30 < 1.00; Expected/Required hard reject: 1.17 < 1.60; TradeQuality below configured minimum; FinalConfidence below configured minimum; ExecutionQuality below excellent gate: 0.0 < 80.0; ConvexityEdge below excellent gate: 57.4 < 80.0; OpportunityConfidence below excellent gate: 35.8 < 70.0; RegimeFit below excellent gate: 60.0 < 70.0,,
2026-08-24T13:37:08.374577+05:30,2026-08-24,GRASIM,NSE,STOCK,NSE_STOCK_OPTION,PAPER_ELIGIBLE,STOCK:GRASIM,paper-strategy-8ade763620b6,opportunity-score-8ade763620b6,universe-a8e55c76a270,PAPER_OVERRIDE::FYERS_PAPER_PROXY_RESEARCH,CE,UNKNOWN,3280.0,0.0,False,,,Underlying move below identification minimum.,False,,,,,ATM IV unavailable.,,GRASIM,NOT_CONFIGURED,,3f3175605513,WARMUP_OBSERVATIONS,16,1,0,90.0,65.0,1.0,1.6,70.0,65.0,35.0,50.0,inf,3.0,20.0,GLOBAL_POLICY_FLOOR>CLASS_FLOOR>INSTRUMENT_LEARNED_FLOOR; LOWER=max; UPPER=min,CONSTRAINED_WALK_FORWARD,WARMUP_OBSERVATIONS,,0,0,,,0.0,,FYERS_PAPER_PROXY_RESEARCH,FYERS_PAPER_RESEARCH_ONLY,COST_MODEL_UNVALIDATED,False,False,DISABLED,Daily market context is disabled until operator review,MANUAL_PROXY_RESEARCH,False,True,MEASURED,FIVE_LEVEL,FYERS_MARKET_DEPTH,5,5,250,250,2500,1500,2026-08-24T08:06:39+00:00,IV_UNAVAILABLE,False,0,False,False,DATA_INVALID,10,DataHealth invalid; Contract invalid: Quote stale or spread hard rejected.; SideDirection hard reject: -34.8 < 65.0; PremiumElasticity hard reject: 0.50 < 1.00; Expected/Required hard reject: 1.17 < 1.60; FinalConfidence below configured minimum; ExecutionQuality below excellent gate: 0.0 < 80.0; ConvexityEdge below excellent gate: 71.4 < 80.0; OpportunityConfidence below excellent gate: 51.1 < 70.0; RegimeFit below excellent gate: 60.0 < 70.0,,
2026-08-24T13:37:08.374577+05:30,2026-08-24,GRASIM,NSE,STOCK,NSE_STOCK_OPTION,PAPER_ELIGIBLE,STOCK:GRASIM,paper-strategy-8ade763620b6,opportunity-score-8ade763620b6,universe-a8e55c76a270,PAPER_OVERRIDE::FYERS_PAPER_PROXY_RESEARCH,PE,UNKNOWN,3280.0,34.8,False,,,Non-positive observation interval.,False,,,,,ATM IV unavailable.,,GRASIM,NOT_CONFIGURED,,3f3175605513,WARMUP_OBSERVATIONS,16,1,0,90.0,65.0,1.0,1.6,70.0,65.0,35.0,50.0,inf,3.0,20.0,GLOBAL_POLICY_FLOOR>CLASS_FLOOR>INSTRUMENT_LEARNED_FLOOR; LOWER=max; UPPER=min,CONSTRAINED_WALK_FORWARD,WARMUP_OBSERVATIONS,,0,0,,,0.0,,FYERS_PAPER_PROXY_RESEARCH,FYERS_PAPER_RESEARCH_ONLY,COST_MODEL_UNVALIDATED,False,False,DISABLED,Daily market context is disabled until operator review,MANUAL_PROXY_RESEARCH,False,True,MEASURED,FIVE_LEVEL,FYERS_MARKET_DEPTH,5,5,500,500,2250,1750,2026-08-24T08:05:29+00:00,IV_UNAVAILABLE,False,0,False,False,DATA_INVALID,10,DataHealth invalid; Contract invalid: Quote stale or spread hard rejected.; SideDirection hard reject: 34.8 < 65.0; PremiumElasticity hard reject: 0.50 < 1.00; Expected/Required hard reject: 1.17 < 1.60; FinalConfidence below configured minimum; ExecutionQuality below excellent gate: 0.0 < 80.0; ConvexityEdge below excellent gate: 71.4 < 80.0; OpportunityConfidence below excellent gate: 55.3 < 70.0; RegimeFit below excellent gate: 60.0 < 70.0,,
2026-08-24T13:37:08.374577+05:30,2026-08-24,GRASIM,NSE,STOCK,NSE_STOCK_OPTION,PAPER_ELIGIBLE,STOCK:GRASIM,paper-strategy-8ade763620b6,opportunity-score-8ade763620b6,universe-a8e55c76a270,PAPER_OVERRIDE::FYERS_PAPER_PROXY_RESEARCH,PE,UNKNOWN,3260.0,34.8,False,,,Non-positive observation interval.,False,,,,,ATM IV unavailable.,,GRASIM,NOT_CONFIGURED,,3f3175605513,WARMUP_OBSERVATIONS,16,1,0,90.0,65.0,1.0,1.6,70.0,65.0,35.0,50.0,inf,3.0,20.0,GLOBAL_POLICY_FLOOR>CLASS_FLOOR>INSTRUMENT_LEARNED_FLOOR; LOWER=max; UPPER=min,CONSTRAINED_WALK_FORWARD,WARMUP_OBSERVATIONS,,0,0,,,0.0,,FYERS_PAPER_PROXY_RESEARCH,FYERS_PAPER_RESEARCH_ONLY,COST_MODEL_UNVALIDATED,False,False,DISABLED,Daily market context is disabled until operator review,MANUAL_PROXY_RESEARCH,False,True,MEASURED,FIVE_LEVEL,FYERS_MARKET_DEPTH,5,5,250,250,3750,1250,2026-08-24T08:06:03+00:00,IV_UNAVAILABLE,False,0,False,False,DATA_INVALID,10,DataHealth invalid; Contract invalid: Quote stale or spread hard rejected.; SideDirection hard reject: 34.8 < 65.0; PremiumElasticity hard reject: 0.30 < 1.00; Expected/Required hard reject: 1.17 < 1.60; FinalConfidence below configured minimum; ExecutionQuality below excellent gate: 0.0 < 80.0; ConvexityEdge below excellent gate: 57.4 < 80.0; OpportunityConfidence below excellent gate: 59.4 < 70.0; RegimeFit below excellent gate: 60.0 < 70.0,,
2026-08-24T13:37:08.374577+05:30,2026-08-24,GRASIM,NSE,STOCK,NSE_STOCK_OPTION,PAPER_ELIGIBLE,STOCK:GRASIM,paper-strategy-8ade763620b6,opportunity-score-8ade763620b6,universe-a8e55c76a270,PAPER_OVERRIDE::FYERS_PAPER_PROXY_RESEARCH,CE,UNKNOWN,3300.0,0.0,False,,,Underlying move below identification minimum.,False,,,,,ATM IV unavailable.,,GRASIM,NOT_CONFIGURED,,3f3175605513,WARMUP_OBSERVATIONS,16,1,0,90.0,65.0,1.0,1.6,70.0,65.0,35.0,50.0,inf,3.0,20.0,GLOBAL_POLICY_FLOOR>CLASS_FLOOR>INSTRUMENT_LEARNED_FLOOR; LOWER=max; UPPER=min,CONSTRAINED_WALK_FORWARD,WARMUP_OBSERVATIONS,,0,0,,,0.0,,FYERS_PAPER_PROXY_RESEARCH,FYERS_PAPER_RESEARCH_ONLY,COST_MODEL_UNVALIDATED,False,False,DISABLED,Daily market context is disabled until operator review,MANUAL_PROXY_RESEARCH,False,True,MEASURED,FIVE_LEVEL,FYERS_MARKET_DEPTH,5,5,250,250,3750,3750,2026-08-24T08:06:24+00:00,IV_UNAVAILABLE,False,0,False,False,DATA_INVALID,10,DataHealth invalid; Contract invalid: Quote stale or spread hard rejected.; SideDirection hard reject: -34.8 < 65.0; PremiumElasticity hard reject: 0.30 < 1.00; Expected/Required hard reject: 1.17 < 1.60; FinalConfidence below configured minimum; ExecutionQuality below excellent gate: 0.0 < 80.0; ConvexityEdge below excellent gate: 57.4 < 80.0; OpportunityConfidence below excellent gate: 50.3 < 70.0; RegimeFit below excellent gate: 60.0 < 70.0,,
2026-08-24T13:37:08.374577+05:30,2026-08-24,HCLTECH,NSE,STOCK,NSE_STOCK_OPTION,PAPER_ELIGIBLE,STOCK:HCLTECH,paper-strategy-8ade763620b6,opportunity-score-8ade763620b6,universe-a8e55c76a270,PAPER_OVERRIDE::FYERS_PAPER_PROXY_RESEARCH,CE,UNKNOWN,1310.0,7.3,False,,,Underlying move below identification minimum.,False,,,,,ATM IV unavailable.,,HCLTECH,NOT_CONFIGURED,,bd3813497287,WARMUP_OBSERVATIONS,11,1,0,90.0,65.0,1.0,1.6,70.0,65.0,35.0,50.0,inf,3.0,20.0,GLOBAL_POLICY_FLOOR>CLASS_FLOOR>INSTRUMENT_LEARNED_FLOOR; LOWER=max; UPPER=min,CONSTRAINED_WALK_FORWARD,WARMUP_OBSERVATIONS,,0,0,,,0.0,,FYERS_PAPER_PROXY_RESEARCH,FYERS_PAPER_RESEARCH_ONLY,COST_MODEL_UNVALIDATED,False,False,DISABLED,Daily market context is disabled until operator review,MANUAL_PROXY_RESEARCH,False,True,MEASURED,FIVE_LEVEL,FYERS_MARKET_DEPTH,5,5,800,800,3200,4000,2026-08-24T08:06:55+00:00,IV_UNAVAILABLE,False,0,False,False,DATA_INVALID,11,DataHealth invalid; Contract invalid: Quote stale or spread hard rejected.; SideDirection hard reject: 7.3 < 65.0; PremiumElasticity hard reject: 0.70 < 1.00; Expected/Required hard reject: 1.17 < 1.60; TradeQuality below configured minimum; FinalConfidence below configured minimum; ExecutionQuality below excellent gate: 0.0 < 80.0; ConvexityEdge below excellent gate: 71.4 < 80.0; OpportunityConfidence below excellent gate: 53.7 < 70.0; RegimeFit below excellent gate: 60.0 < 70.0,,
2026-08-24T13:37:08.374577+05:30,2026-08-24,HCLTECH,NSE,STOCK,NSE_STOCK_OPTION,PAPER_ELIGIBLE,STOCK:HCLTECH,paper-strategy-8ade763620b6,opportunity-score-8ade763620b6,universe-a8e55c76a270,PAPER_OVERRIDE::FYERS_PAPER_PROXY_RESEARCH,PE,UNKNOWN,1330.0,0.0,False,,,Observation interval exceeds rolling window.,False,,,,,ATM IV unavailable.,,HCLTECH,NOT_CONFIGURED,,bd3813497287,WARMUP_OBSERVATIONS,11,1,0,90.0,65.0,1.0,1.6,70.0,65.0,35.0,50.0,inf,3.0,20.0,GLOBAL_POLICY_FLOOR>CLASS_FLOOR>INSTRUMENT_LEARNED_FLOOR; LOWER=max; UPPER=min,CONSTRAINED_WALK_FORWARD,WARMUP_OBSERVATIONS,,0,0,,,0.0,,FYERS_PAPER_PROXY_RESEARCH,FYERS_PAPER_RESEARCH_ONLY,COST_MODEL_UNVALIDATED,False,False,DISABLED,Daily market context is disabled until operator review,MANUAL_PROXY_RESEARCH,False,True,MEASURED,FIVE_LEVEL,FYERS_MARKET_DEPTH,5,5,1600,800,4800,2800,2026-08-24T08:06:55+00:00,IV_UNAVAILABLE,False,0,False,False,DATA_INVALID,11,DataHealth invalid; Contract invalid: Quote stale or spread hard rejected.; SideDirection hard reject: -7.3 < 65.0; PremiumElasticity hard reject: 0.70 < 1.00; Expected/Required hard reject: 1.17 < 1.60; TradeQuality below configured minimum; FinalConfidence below configured minimum; ExecutionQuality below excellent gate: 0.0 < 80.0; ConvexityEdge below excellent gate: 71.4 < 80.0; OpportunityConfidence below excellent gate: 50.4 < 70.0; RegimeFit below excellent gate: 60.0 < 70.0,,
2026-08-24T13:40:28.010040+05:30,2026-08-24,BANKNIFTY,NSE,INDEX,NSE_INDEX,PAPER_ELIGIBLE,INDEX:BANKING,paper-strategy-8ade763620b6,opportunity-score-8ade763620b6,universe-a8e55c76a270,PAPER_OVERRIDE::FYERS_PAPER_PROXY_RESEARCH,CE,UNKNOWN,57400.0,1.4,False,,,Underlying move below identification minimum.,False,,,,,ATM IV unavailable.,0.0000,banknifty_fast_wbci,VALID,1.3950,2e840ccd58d1,WARMUP_OBSERVATIONS,103,1,0,80.0,65.0,1.0,1.6,70.0,65.0,35.0,50.0,inf,2.0,10.5,GLOBAL_POLICY_FLOOR>CLASS_FLOOR>INSTRUMENT_LEARNED_FLOOR; LOWER=max; UPPER=min,CONSTRAINED_WALK_FORWARD,WARMUP_OBSERVATIONS,,0,0,,,0.0,,FYERS_PAPER_PROXY_RESEARCH,FYERS_PAPER_RESEARCH_ONLY,COST_MODEL_UNVALIDATED,False,False,DISABLED,Daily market context is disabled until operator review,MANUAL_PROXY_RESEARCH,False,True,MEASURED,FIVE_LEVEL,FYERS_MARKET_DEPTH,5,5,30,120,480,510,2026-08-24T08:10:08+00:00,IV_UNAVAILABLE,False,0,False,False,DATA_INVALID,7,DataHealth invalid; Contract invalid: Quote stale or spread hard rejected.; SideDirection hard reject: 1.4 < 65.0; PremiumElasticity hard reject: 0.50 < 1.00; Expected/Required hard reject: 1.42 < 1.60; TradeQuality below configured minimum; ConvexityEdge below excellent gate: 71.4 < 80.0,,
2026-08-24T13:40:28.010040+05:30,2026-08-24,BANKNIFTY,NSE,INDEX,NSE_INDEX,PAPER_ELIGIBLE,INDEX:BANKING,paper-strategy-8ade763620b6,opportunity-score-8ade763620b6,universe-a8e55c76a270,PAPER_OVERRIDE::FYERS_PAPER_PROXY_RESEARCH,PE,UNKNOWN,57400.0,0.0,False,,,Underlying move below identification minimum.,False,,,,,ATM IV unavailable.,0.0000,banknifty_fast_wbci,VALID,1.3950,2e840ccd58d1,WARMUP_OBSERVATIONS,103,1,0,80.0,65.0,1.0,1.6,70.0,65.0,35.0,50.0,inf,2.0,10.5,GLOBAL_POLICY_FLOOR>CLASS_FLOOR>INSTRUMENT_LEARNED_FLOOR; LOWER=max; UPPER=min,CONSTRAINED_WALK_FORWARD,WARMUP_OBSERVATIONS,,0,0,,,0.0,,FYERS_PAPER_PROXY_RESEARCH,FYERS_PAPER_RESEARCH_ONLY,COST_MODEL_UNVALIDATED,False,False,DISABLED,Daily market context is disabled until operator review,MANUAL_PROXY_RESEARCH,False,True,MEASURED,FIVE_LEVEL,FYERS_MARKET_DEPTH,5,5,30,210,720,1380,2026-08-24T08:10:08+00:00,IV_UNAVAILABLE,False,0,False,False,DATA_INVALID,7,DataHealth invalid; Contract invalid: Quote stale or spread hard rejected.; SideDirection hard reject: -1.4 < 65.0; PremiumElasticity hard reject: 0.50 < 1.00; Expected/Required hard reject: 1.42 < 1.60; TradeQuality below configured minimum; ConvexityEdge below excellent gate: 71.4 < 80.0,,
2026-08-24T13:40:28.010040+05:30,2026-08-24,BANKNIFTY,NSE,INDEX,NSE_INDEX,PAPER_ELIGIBLE,INDEX:BANKING,paper-strategy-8ade763620b6,opportunity-score-8ade763620b6,universe-a8e55c76a270,PAPER_OVERRIDE::FYERS_PAPER_PROXY_RESEARCH,CE,UNKNOWN,57300.0,1.4,False,,,Underlying move below identification minimum.,False,,,,,ATM IV unavailable.,0.0000,banknifty_fast_wbci,VALID,1.3950,2e840ccd58d1,WARMUP_OBSERVATIONS,103,1,0,80.0,65.0,1.0,1.6,70.0,65.0,35.0,50.0,inf,2.0,10.5,GLOBAL_POLICY_FLOOR>CLASS_FLOOR>INSTRUMENT_LEARNED_FLOOR; LOWER=max; UPPER=min,CONSTRAINED_WALK_FORWARD,WARMUP_OBSERVATIONS,,0,0,,,0.0,,FYERS_PAPER_PROXY_RESEARCH,FYERS_PAPER_RESEARCH_ONLY,COST_MODEL_UNVALIDATED,False,False,DISABLED,Daily market context is disabled until operator review,MANUAL_PROXY_RESEARCH,False,True,MEASURED,FIVE_LEVEL,FYERS_MARKET_DEPTH,5,5,60,120,810,510,2026-08-24T08:10:07+00:00,IV_UNAVAILABLE,False,0,False,False,DATA_INVALID,7,DataHealth invalid; Contract invalid: Quote stale or spread hard rejected.; SideDirection hard reject: 1.4 < 65.0; PremiumElasticity hard reject: 0.70 < 1.00; Expected/Required hard reject: 1.42 < 1.60; TradeQuality below configured minimum; ConvexityEdge below excellent gate: 71.4 < 80.0,,
2026-08-24T13:40:28.010040+05:30,2026-08-24,BANKNIFTY,NSE,INDEX,NSE_INDEX,PAPER_ELIGIBLE,INDEX:BANKING,paper-strategy-8ade763620b6,opportunity-score-8ade763620b6,universe-a8e55c76a270,PAPER_OVERRIDE::FYERS_PAPER_PROXY_RESEARCH,PE,UNKNOWN,57300.0,0.0,False,,,Underlying move below identification minimum.,False,,,,,ATM IV unavailable.,0.0000,banknifty_fast_wbci,VALID,1.3950,2e840ccd58d1,WARMUP_OBSERVATIONS,103,1,0,80.0,65.0,1.0,1.6,70.0,65.0,35.0,50.0,inf,2.0,10.5,GLOBAL_POLICY_FLOOR>CLASS_FLOOR>INSTRUMENT_LEARNED_FLOOR; LOWER=max; UPPER=min,CONSTRAINED_WALK_FORWARD,WARMUP_OBSERVATIONS,,0,0,,,0.0,,FYERS_PAPER_PROXY_RESEARCH,FYERS_PAPER_RESEARCH_ONLY,COST_MODEL_UNVALIDATED,False,False,DISABLED,Daily market context is disabled until operator review,MANUAL_PROXY_RESEARCH,False,True,MEASURED,FIVE_LEVEL,FYERS_MARKET_DEPTH,5,5,150,30,900,780,2026-08-24T08:10:07+00:00,IV_UNAVAILABLE,False,0,False,False,DATA_INVALID,7,DataHealth invalid; Contract invalid: Quote stale or spread hard rejected.; SideDirection hard reject: -1.4 < 65.0; PremiumElasticity hard reject: 0.30 < 1.00; Expected/Required hard reject: 1.42 < 1.60; TradeQuality below configured minimum; ConvexityEdge below excellent gate: 57.4 < 80.0,,
2026-08-24T13:40:28.010040+05:30,2026-08-24,BANKNIFTY,NSE,INDEX,NSE_INDEX,PAPER_ELIGIBLE,INDEX:BANKING,paper-strategy-8ade763620b6,opportunity-score-8ade763620b6,universe-a8e55c76a270,PAPER_OVERRIDE::FYERS_PAPER_PROXY_RESEARCH,PE,UNKNOWN,57500.0,0.0,False,,,Underlying move below identification minimum.,False,,,,,ATM IV unavailable.,0.0000,banknifty_fast_wbci,VALID,1.3950,2e840ccd58d1,WARMUP_OBSERVATIONS,103,1,0,80.0,65.0,1.0,1.6,70.0,65.0,35.0,50.0,inf,2.0,10.5,GLOBAL_POLICY_FLOOR>CLASS_FLOOR>INSTRUMENT_LEARNED_FLOOR; LOWER=max; UPPER=min,CONSTRAINED_WALK_FORWARD,WARMUP_OBSERVATIONS,,0,0,,,0.0,,FYERS_PAPER_PROXY_RESEARCH,FYERS_PAPER_RESEARCH_ONLY,COST_MODEL_UNVALIDATED,False,False,DISABLED,Daily market context is disabled until operator review,MANUAL_PROXY_RESEARCH,False,True,MEASURED,FIVE_LEVEL,FYERS_MARKET_DEPTH,5,5,90,150,1020,1050,2026-08-24T08:10:07+00:00,IV_UNAVAILABLE,False,0,False,False,DATA_INVALID,7,DataHealth invalid; Contract invalid: Quote stale or spread hard rejected.; SideDirection hard reject: -1.4 < 65.0; PremiumElasticity hard reject: 0.70 < 1.00; Expected/Required hard reject: 1.42 < 1.60; TradeQuality below configured minimum; ConvexityEdge below excellent gate: 71.4 < 80.0,,
2026-08-24T13:40:28.010040+05:30,2026-08-24,FINNIFTY,NSE,INDEX,NSE_INDEX,PAPER_ELIGIBLE,INDEX:FINANCIALS,paper-strategy-8ade763620b6,opportunity-score-8ade763620b6,universe-a8e55c76a270,PAPER_OVERRIDE::FYERS_PAPER_PROXY_RESEARCH,PE,UNKNOWN,26100.0,0.1,False,,,Underlying move below identification minimum.,False,,,,,ATM IV unavailable.,0.0000,finnifty_leadership_proxy,VALID,0.0766,e172b0fef65b,WARMUP_OBSERVATIONS,64,1,0,80.0,65.0,1.0,1.6,70.0,65.0,35.0,50.0,inf,2.0,10.5,GLOBAL_POLICY_FLOOR>CLASS_FLOOR>INSTRUMENT_LEARNED_FLOOR; LOWER=max; UPPER=min,CONSTRAINED_WALK_FORWARD,WARMUP_OBSERVATIONS,,0,0,,,0.0,,FYERS_PAPER_PROXY_RESEARCH,FYERS_PAPER_RESEARCH_ONLY,COST_MODEL_UNVALIDATED,False,False,DISABLED,Daily market context is disabled until operator review,MANUAL_PROXY_RESEARCH,False,True,MEASURED,FIVE_LEVEL,FYERS_MARKET_DEPTH,5,5,240,60,1140,600,2026-08-24T08:09:52+00:00,IV_UNAVAILABLE,False,0,False,False,DATA_INVALID,7,DataHealth invalid; Contract invalid: Quote stale or spread hard rejected.; SideDirection hard reject: 0.1 < 65.0; PremiumElasticity hard reject: 0.50 < 1.00; Expected/Required hard reject: 1.25 < 1.60; TradeQuality below configured minimum; ConvexityEdge below excellent gate: 71.4 < 80.0,,
2026-08-24T13:40:28.010040+05:30,2026-08-24,FINNIFTY,NSE,INDEX,NSE_INDEX,PAPER_ELIGIBLE,INDEX:FINANCIALS,paper-strategy-8ade763620b6,opportunity-score-8ade763620b6,universe-a8e55c76a270,PAPER_OVERRIDE::FYERS_PAPER_PROXY_RESEARCH,PE,UNKNOWN,26050.0,0.1,False,,,Underlying move below identification minimum.,False,,,,,ATM IV unavailable.,0.0000,finnifty_leadership_proxy,VALID,0.0766,e172b0fef65b,WARMUP_OBSERVATIONS,64,1,0,80.0,65.0,1.0,1.6,70.0,65.0,35.0,50.0,inf,2.0,10.5,GLOBAL_POLICY_FLOOR>CLASS_FLOOR>INSTRUMENT_LEARNED_FLOOR; LOWER=max; UPPER=min,CONSTRAINED_WALK_FORWARD,WARMUP_OBSERVATIONS,,0,0,,,0.0,,FYERS_PAPER_PROXY_RESEARCH,FYERS_PAPER_RESEARCH_ONLY,COST_MODEL_UNVALIDATED,False,False,DISABLED,Daily market context is disabled until operator review,MANUAL_PROXY_RESEARCH,False,True,MEASURED,FIVE_LEVEL,FYERS_MARKET_DEPTH,5,5,180,180,780,480,2026-08-24T08:10:07+00:00,IV_UNAVAILABLE,False,0,False,False,DATA_INVALID,7,DataHealth invalid; Contract invalid: Quote stale or spread hard rejected.; SideDirection hard reject: 0.1 < 65.0; PremiumElasticity hard reject: 0.30 < 1.00; Expected/Required hard reject: 1.25 < 1.60; TradeQuality below configured minimum; ConvexityEdge below excellent gate: 57.4 < 80.0,,
2026-08-24T13:40:28.010040+05:30,2026-08-24,FINNIFTY,NSE,INDEX,NSE_INDEX,PAPER_ELIGIBLE,INDEX:FINANCIALS,paper-strategy-8ade763620b6,opportunity-score-8ade763620b6,universe-a8e55c76a270,PAPER_OVERRIDE::FYERS_PAPER_PROXY_RESEARCH,PE,UNKNOWN,26150.0,0.1,False,,,Underlying move below identification minimum.,False,,,,,ATM IV unavailable.,0.0000,finnifty_leadership_proxy,VALID,0.0766,e172b0fef65b,WARMUP_OBSERVATIONS,64,1,0,80.0,65.0,1.0,1.6,70.0,65.0,35.0,50.0,inf,2.0,10.5,GLOBAL_POLICY_FLOOR>CLASS_FLOOR>INSTRUMENT_LEARNED_FLOOR; LOWER=max; UPPER=min,CONSTRAINED_WALK_FORWARD,WARMUP_OBSERVATIONS,,0,0,,,0.0,,FYERS_PAPER_PROXY_RESEARCH,FYERS_PAPER_RESEARCH_ONLY,COST_MODEL_UNVALIDATED,False,False,DISABLED,Daily market context is disabled until operator review,MANUAL_PROXY_RESEARCH,False,True,MEASURED,FIVE_LEVEL,FYERS_MARKET_DEPTH,5,5,60,180,360,420,2026-08-24T08:09:57+00:00,IV_UNAVAILABLE,False,0,False,False,DATA_INVALID,7,DataHealth invalid; Contract invalid: Quote stale or spread hard rejected.; SideDirection hard reject: 0.1 < 65.0; PremiumElasticity hard reject: 0.70 < 1.00; Expected/Required hard reject: 1.25 < 1.60; TradeQuality below configured minimum; ConvexityEdge below excellent gate: 71.4 < 80.0,,
2026-08-24T13:40:28.010040+05:30,2026-08-24,MIDCPNIFTY,NSE,INDEX,NSE_INDEX,PAPER_ELIGIBLE,INDEX:MIDCAP,paper-strategy-8ade763620b6,opportunity-score-8ade763620b6,universe-a8e55c76a270,PAPER_OVERRIDE::FYERS_PAPER_PROXY_RESEARCH,CE,UNKNOWN,14875.0,1.3,False,,,Underlying move below identification minimum.,False,,,,,ATM IV unavailable.,3.0612,midcap_direction_proxy,PARTIAL_MIDCAP,1.7704,712afad509f5,WARMUP_OBSERVATIONS,59,1,0,80.0,65.0,1.0,1.6,70.0,65.0,35.0,50.0,inf,2.0,10.5,GLOBAL_POLICY_FLOOR>CLASS_FLOOR>INSTRUMENT_LEARNED_FLOOR; LOWER=max; UPPER=min,CONSTRAINED_WALK_FORWARD,WARMUP_OBSERVATIONS,,0,0,,,0.0,,FYERS_PAPER_PROXY_RESEARCH,FYERS_PAPER_RESEARCH_ONLY,COST_MODEL_UNVALIDATED,False,False,DISABLED,Daily market context is disabled until operator review,MANUAL_PROXY_RESEARCH,False,True,MEASURED,FIVE_LEVEL,FYERS_MARKET_DEPTH,5,5,360,120,3480,2520,2026-08-24T08:10:05+00:00,IV_UNAVAILABLE,False,0,False,False,DATA_INVALID,7,DataHealth invalid; Contract invalid: Quote stale or spread hard rejected.; SideDirection hard reject: 1.3 < 65.0; PremiumElasticity hard reject: 0.50 < 1.00; Expected/Required hard reject: 1.08 < 1.60; TradeQuality below configured minimum; ConvexityEdge below excellent gate: 70.4 < 80.0,,
2026-08-24T13:40:28.010040+05:30,2026-08-24,MIDCPNIFTY,NSE,INDEX,NSE_INDEX,PAPER_ELIGIBLE,INDEX:MIDCAP,paper-strategy-8ade763620b6,opportunity-score-8ade763620b6,universe-a8e55c76a270,PAPER_OVERRIDE::FYERS_PAPER_PROXY_RESEARCH,CE,UNKNOWN,14850.0,1.3,False,,,Underlying move below identification minimum.,False,,,,,ATM IV unavailable.,3.0612,midcap_direction_proxy,PARTIAL_MIDCAP,1.7704,712afad509f5,WARMUP_OBSERVATIONS,59,1,0,80.0,65.0,1.0,1.6,70.0,65.0,35.0,50.0,inf,2.0,10.5,GLOBAL_POLICY_FLOOR>CLASS_FLOOR>INSTRUMENT_LEARNED_FLOOR; LOWER=max; UPPER=min,CONSTRAINED_WALK_FORWARD,WARMUP_OBSERVATIONS,,0,0,,,0.0,,FYERS_PAPER_PROXY_RESEARCH,FYERS_PAPER_RESEARCH_ONLY,COST_MODEL_UNVALIDATED,False,False,DISABLED,Daily market context is disabled until operator review,MANUAL_PROXY_RESEARCH,False,True,MEASURED,FIVE_LEVEL,FYERS_MARKET_DEPTH,5,5,120,480,1200,2160,2026-08-24T08:10:05+00:00,IV_UNAVAILABLE,False,0,False,False,DATA_INVALID,7,DataHealth invalid; Contract invalid: Quote stale or spread hard rejected.; SideDirection hard reject: 1.3 < 65.0; PremiumElasticity hard reject: 0.70 < 1.00; Expected/Required hard reject: 1.08 < 1.60; TradeQuality below configured minimum; ConvexityEdge below excellent gate: 70.4 < 80.0,,
2026-08-24T13:40:28.010040+05:30,2026-08-24,MIDCPNIFTY,NSE,INDEX,NSE_INDEX,PAPER_ELIGIBLE,INDEX:MIDCAP,paper-strategy-8ade763620b6,opportunity-score-8ade763620b6,universe-a8e55c76a270,PAPER_OVERRIDE::FYERS_PAPER_PROXY_RESEARCH,PE,UNKNOWN,14900.0,0.0,False,,,Underlying move below identification minimum.,False,,,,,ATM IV unavailable.,3.0612,midcap_direction_proxy,PARTIAL_MIDCAP,1.7704,712afad509f5,WARMUP_OBSERVATIONS,59,1,0,80.0,65.0,1.0,1.6,70.0,65.0,35.0,50.0,inf,2.0,10.5,GLOBAL_POLICY_FLOOR>CLASS_FLOOR>INSTRUMENT_LEARNED_FLOOR; LOWER=max; UPPER=min,CONSTRAINED_WALK_FORWARD,WARMUP_OBSERVATIONS,,0,0,,,0.0,,FYERS_PAPER_PROXY_RESEARCH,FYERS_PAPER_RESEARCH_ONLY,COST_MODEL_UNVALIDATED,False,False,DISABLED,Daily market context is disabled until operator review,MANUAL_PROXY_RESEARCH,False,True,MEASURED,FIVE_LEVEL,FYERS_MARKET_DEPTH,5,5,240,240,1680,2520,2026-08-24T08:10:07+00:00,IV_UNAVAILABLE,False,0,False,False,DATA_INVALID,7,DataHealth invalid; Contract invalid: Quote stale or spread hard rejected.; SideDirection hard reject: -1.3 < 65.0; PremiumElasticity hard reject: 0.70 < 1.00; Expected/Required hard reject: 1.08 < 1.60; TradeQuality below configured minimum; ConvexityEdge below excellent gate: 70.4 < 80.0,,
2026-08-24T13:40:28.010040+05:30,2026-08-24,SBILIFE,NSE,STOCK,NSE_STOCK_OPTION,PAPER_ELIGIBLE,STOCK:SBILIFE,paper-strategy-8ade763620b6,opportunity-score-8ade763620b6,universe-a8e55c76a270,PAPER_OVERRIDE::FYERS_PAPER_PROXY_RESEARCH,CE,UNKNOWN,1780.0,3.2,False,,,No prior observation for contract.,False,,,,,ATM IV unavailable.,,SBILIFE,NOT_CONFIGURED,,e7a0ecf82f7b,WARMUP_OBSERVATIONS,10,1,0,90.0,65.0,1.0,1.6,70.0,65.0,35.0,50.0,inf,3.0,20.0,GLOBAL_POLICY_FLOOR>CLASS_FLOOR>INSTRUMENT_LEARNED_FLOOR; LOWER=max; UPPER=min,CONSTRAINED_WALK_FORWARD,WARMUP_OBSERVATIONS,,0,0,,,0.0,,FYERS_PAPER_PROXY_RESEARCH,FYERS_PAPER_RESEARCH_ONLY,COST_MODEL_UNVALIDATED,False,False,DISABLED,Daily market context is disabled until operator review,MANUAL_PROXY_RESEARCH,False,True,MEASURED,FIVE_LEVEL,FYERS_MARKET_DEPTH,5,5,375,375,3375,2625,2026-08-24T08:08:42+00:00,IV_UNAVAILABLE,False,0,False,False,DATA_INVALID,11,DataHealth invalid; Contract invalid: Quote stale or spread hard rejected.; SideDirection hard reject: 3.2 < 65.0; PremiumElasticity hard reject: 0.50 < 1.00; Expected/Required hard reject: 1.17 < 1.60; TradeQuality below configured minimum; FinalConfidence below configured minimum; ExecutionQuality below excellent gate: 0.0 < 80.0; ConvexityEdge below excellent gate: 71.4 < 80.0; OpportunityConfidence below excellent gate: 29.4 < 70.0; RegimeFit below excellent gate: 60.0 < 70.0,,
2026-08-24T13:40:28.010040+05:30,2026-08-24,SBILIFE,NSE,STOCK,NSE_STOCK_OPTION,PAPER_ELIGIBLE,STOCK:SBILIFE,paper-strategy-8ade763620b6,opportunity-score-8ade763620b6,universe-a8e55c76a270,PAPER_OVERRIDE::FYERS_PAPER_PROXY_RESEARCH,PE,UNKNOWN,1780.0,0.0,False,,,No prior observation for contract.,False,,,,,ATM IV unavailable.,,SBILIFE,NOT_CONFIGURED,,e7a0ecf82f7b,WARMUP_OBSERVATIONS,10,1,0,90.0,65.0,1.0,1.6,70.0,65.0,35.0,50.0,inf,3.0,20.0,GLOBAL_POLICY_FLOOR>CLASS_FLOOR>INSTRUMENT_LEARNED_FLOOR; LOWER=max; UPPER=min,CONSTRAINED_WALK_FORWARD,WARMUP_OBSERVATIONS,,0,0,,,0.0,,FYERS_PAPER_PROXY_RESEARCH,FYERS_PAPER_RESEARCH_ONLY,COST_MODEL_UNVALIDATED,False,False,DISABLED,Daily market context is disabled until operator review,MANUAL_PROXY_RESEARCH,False,True,MEASURED,FIVE_LEVEL,FYERS_MARKET_DEPTH,5,5,750,375,3375,3000,2026-08-24T08:05:45+00:00,IV_UNAVAILABLE,False,0,False,False,DATA_INVALID,11,DataHealth invalid; Contract invalid: Quote stale or spread hard rejected.; SideDirection hard reject: -3.2 < 65.0; PremiumElasticity hard reject: 0.50 < 1.00; Expected/Required hard reject: 1.17 < 1.60; TradeQuality below configured minimum; FinalConfidence below configured minimum; ExecutionQuality below excellent gate: 0.0 < 80.0; ConvexityEdge below excellent gate: 71.4 < 80.0; OpportunityConfidence below excellent gate: 28.5 < 70.0; RegimeFit below excellent gate: 60.0 < 70.0,,
2026-08-24T13:40:28.010040+05:30,2026-08-24,SBILIFE,NSE,STOCK,NSE_STOCK_OPTION,PAPER_ELIGIBLE,STOCK:SBILIFE,paper-strategy-8ade763620b6,opportunity-score-8ade763620b6,universe-a8e55c76a270,PAPER_OVERRIDE::FYERS_PAPER_PROXY_RESEARCH,PE,UNKNOWN,1760.0,0.0,False,,,No prior observation for contract.,False,,,,,ATM IV unavailable.,,SBILIFE,NOT_CONFIGURED,,e7a0ecf82f7b,WARMUP_OBSERVATIONS,10,1,0,90.0,65.0,1.0,1.6,70.0,65.0,35.0,50.0,inf,3.0,20.0,GLOBAL_POLICY_FLOOR>CLASS_FLOOR>INSTRUMENT_LEARNED_FLOOR; LOWER=max; UPPER=min,CONSTRAINED_WALK_FORWARD,WARMUP_OBSERVATIONS,,0,0,,,0.0,,FYERS_PAPER_PROXY_RESEARCH,FYERS_PAPER_RESEARCH_ONLY,COST_MODEL_UNVALIDATED,False,False,DISABLED,Daily market context is disabled until operator review,MANUAL_PROXY_RESEARCH,False,True,MEASURED,FIVE_LEVEL,FYERS_MARKET_DEPTH,5,5,375,375,4125,6000,2026-08-24T08:04:52+00:00,IV_UNAVAILABLE,False,0,False,False,DATA_INVALID,12,DataHealth invalid; Contract invalid: Quote stale or spread hard rejected.; HardStopFit false: Hard stop is below minimum viable stop.; SideDirection hard reject: -3.2 < 65.0; PremiumElasticity hard reject: 0.30 < 1.00; Expected/Required hard reject: 1.17 < 1.60; TradeQuality below configured minimum; FinalConfidence below configured minimum; ExecutionQuality below excellent gate: 0.0 < 80.0; ConvexityEdge below excellent gate: 57.4 < 80.0; OpportunityConfidence below excellent gate: 28.5 < 70.0; RegimeFit below excellent gate: 60.0 < 70.0,,
2026-08-24T13:40:28.010040+05:30,2026-08-24,SHRIRAMFIN,NSE,STOCK,NSE_STOCK_OPTION,PAPER_ELIGIBLE,STOCK:SHRIRAMFIN,paper-strategy-8ade763620b6,opportunity-score-8ade763620b6,universe-a8e55c76a270,PAPER_OVERRIDE::FYERS_PAPER_PROXY_RESEARCH,CE,UNKNOWN,1100.0,2.2,False,,,No prior observation for contract.,False,,,,,ATM IV unavailable.,,SHRIRAMFIN,NOT_CONFIGURED,,040b04cc83f4,WARMUP_OBSERVATIONS,6,1,0,90.0,65.0,1.0,1.6,70.0,65.0,35.0,50.0,inf,3.0,20.0,GLOBAL_POLICY_FLOOR>CLASS_FLOOR>INSTRUMENT_LEARNED_FLOOR; LOWER=max; UPPER=min,CONSTRAINED_WALK_FORWARD,WARMUP_OBSERVATIONS,,0,0,,,0.0,,FYERS_PAPER_PROXY_RESEARCH,FYERS_PAPER_RESEARCH_ONLY,COST_MODEL_UNVALIDATED,False,False,DISABLED,Daily market context is disabled until operator review,MANUAL_PROXY_RESEARCH,False,True,MEASURED,FIVE_LEVEL,FYERS_MARKET_DEPTH,5,5,1650,825,9075,5775,2026-08-24T08:09:49+00:00,IV_UNAVAILABLE,False,0,False,False,DATA_INVALID,11,DataHealth invalid; Contract invalid: Quote stale or spread hard rejected.; SideDirection hard reject: 2.2 < 65.0; PremiumElasticity hard reject: 0.70 < 1.00; Expected/Required hard reject: 1.17 < 1.60; TradeQuality below configured minimum; FinalConfidence below configured minimum; ExecutionQuality below excellent gate: 72.3 < 80.0; ConvexityEdge below excellent gate: 71.4 < 80.0; OpportunityConfidence below excellent gate: 63.4 < 70.0; RegimeFit below excellent gate: 60.0 < 70.0,,
2026-08-24T13:40:28.010040+05:30,2026-08-24,SHRIRAMFIN,NSE,STOCK,NSE_STOCK_OPTION,PAPER_ELIGIBLE,STOCK:SHRIRAMFIN,paper-strategy-8ade763620b6,opportunity-score-8ade763620b6,universe-a8e55c76a270,PAPER_OVERRIDE::FYERS_PAPER_PROXY_RESEARCH,PE,UNKNOWN,1140.0,0.0,False,,,No prior observation for contract.,False,,,,,ATM IV unavailable.,,SHRIRAMFIN,NOT_CONFIGURED,,040b04cc83f4,WARMUP_OBSERVATIONS,6,1,0,90.0,65.0,1.0,1.6,70.0,65.0,35.0,50.0,inf,3.0,20.0,GLOBAL_POLICY_FLOOR>CLASS_FLOOR>INSTRUMENT_LEARNED_FLOOR; LOWER=max; UPPER=min,CONSTRAINED_WALK_FORWARD,WARMUP_OBSERVATIONS,,0,0,,,0.0,,FYERS_PAPER_PROXY_RESEARCH,FYERS_PAPER_RESEARCH_ONLY,COST_MODEL_UNVALIDATED,False,False,DISABLED,Daily market context is disabled until operator review,MANUAL_PROXY_RESEARCH,False,True,MEASURED,FIVE_LEVEL,FYERS_MARKET_DEPTH,5,5,825,1650,4950,5775,2026-08-24T08:09:32+00:00,IV_UNAVAILABLE,False,0,False,False,DATA_INVALID,11,DataHealth invalid; Contract invalid: Quote stale or spread hard rejected.; SideDirection hard reject: -2.2 < 65.0; PremiumElasticity hard reject: 0.70 < 1.00; Expected/Required hard reject: 1.17 < 1.60; TradeQuality below configured minimum; FinalConfidence below configured minimum; ExecutionQuality below excellent gate: 55.3 < 80.0; ConvexityEdge below excellent gate: 71.4 < 80.0; OpportunityConfidence below excellent gate: 59.5 < 70.0; RegimeFit below excellent gate: 60.0 < 70.0,,
2026-08-24T13:40:28.010040+05:30,2026-08-24,SUNPHARMA,NSE,STOCK,NSE_STOCK_OPTION,PAPER_ELIGIBLE,STOCK:SUNPHARMA,paper-strategy-8ade763620b6,opportunity-score-8ade763620b6,universe-a8e55c76a270,PAPER_OVERRIDE::FYERS_PAPER_PROXY_RESEARCH,PE,UNKNOWN,1920.0,12.9,False,,,No prior observation for contract.,False,,,,,ATM IV unavailable.,,SUNPHARMA,NOT_CONFIGURED,,cb1e16815115,WARMUP_OBSERVATIONS,9,1,0,90.0,65.0,1.0,1.6,70.0,65.0,35.0,50.0,inf,3.0,20.0,GLOBAL_POLICY_FLOOR>CLASS_FLOOR>INSTRUMENT_LEARNED_FLOOR; LOWER=max; UPPER=min,CONSTRAINED_WALK_FORWARD,WARMUP_OBSERVATIONS,,0,0,,,0.0,,FYERS_PAPER_PROXY_RESEARCH,FYERS_PAPER_RESEARCH_ONLY,COST_MODEL_UNVALIDATED,False,False,DISABLED,Daily market context is disabled until operator review,MANUAL_PROXY_RESEARCH,False,True,MEASURED,FIVE_LEVEL,FYERS_MARKET_DEPTH,5,5,350,350,2100,3500,2026-08-24T08:09:41+00:00,IV_UNAVAILABLE,False,0,False,False,DATA_INVALID,11,DataHealth invalid; Contract invalid: Quote stale or spread hard rejected.; SideDirection hard reject: 12.9 < 65.0; PremiumElasticity hard reject: 0.50 < 1.00; Expected/Required hard reject: 1.17 < 1.60; TradeQuality below configured minimum; FinalConfidence below configured minimum; ExecutionQuality below excellent gate: 0.0 < 80.0; ConvexityEdge below excellent gate: 71.4 < 80.0; OpportunityConfidence below excellent gate: 54.9 < 70.0; RegimeFit below excellent gate: 60.0 < 70.0,,
2026-08-24T13:40:28.010040+05:30,2026-08-24,SUNPHARMA,NSE,STOCK,NSE_STOCK_OPTION,PAPER_ELIGIBLE,STOCK:SUNPHARMA,paper-strategy-8ade763620b6,opportunity-score-8ade763620b6,universe-a8e55c76a270,PAPER_OVERRIDE::FYERS_PAPER_PROXY_RESEARCH,CE,UNKNOWN,1900.0,0.0,False,,,No prior observation for contract.,False,,,,,ATM IV unavailable.,,SUNPHARMA,NOT_CONFIGURED,,cb1e16815115,WARMUP_OBSERVATIONS,9,1,0,90.0,65.0,1.0,1.6,70.0,65.0,35.0,50.0,inf,3.0,20.0,GLOBAL_POLICY_FLOOR>CLASS_FLOOR>INSTRUMENT_LEARNED_FLOOR; LOWER=max; UPPER=min,CONSTRAINED_WALK_FORWARD,WARMUP_OBSERVATIONS,,0,0,,,0.0,,FYERS_PAPER_PROXY_RESEARCH,FYERS_PAPER_RESEARCH_ONLY,COST_MODEL_UNVALIDATED,False,False,DISABLED,Daily market context is disabled until operator review,MANUAL_PROXY_RESEARCH,False,True,MEASURED,FIVE_LEVEL,FYERS_MARKET_DEPTH,5,5,350,350,2100,3150,2026-08-24T08:09:58+00:00,IV_UNAVAILABLE,False,0,False,False,DATA_INVALID,11,DataHealth invalid; Contract invalid: Quote stale or spread hard rejected.; SideDirection hard reject: -12.9 < 65.0; PremiumElasticity hard reject: 0.70 < 1.00; Expected/Required hard reject: 1.17 < 1.60; TradeQuality below configured minimum; FinalConfidence below configured minimum; ExecutionQuality below excellent gate: 0.0 < 80.0; ConvexityEdge below excellent gate: 71.4 < 80.0; OpportunityConfidence below excellent gate: 40.9 < 70.0; RegimeFit below excellent gate: 60.0 < 70.0,,
2026-08-24T13:40:28.010040+05:30,2026-08-24,TCS,NSE,STOCK,NSE_STOCK_OPTION,PAPER_ELIGIBLE,STOCK:TCS,paper-strategy-8ade763620b6,opportunity-score-8ade763620b6,universe-a8e55c76a270,PAPER_OVERRIDE::FYERS_PAPER_PROXY_RESEARCH,CE,UNKNOWN,2280.0,0.0,False,,,No prior observation for contract.,False,,,,,ATM IV unavailable.,,TCS,NOT_CONFIGURED,,5450c99e8b35,WARMUP_OBSERVATIONS,5,1,0,90.0,65.0,1.0,1.6,70.0,65.0,35.0,50.0,inf,3.0,20.0,GLOBAL_POLICY_FLOOR>CLASS_FLOOR>INSTRUMENT_LEARNED_FLOOR; LOWER=max; UPPER=min,CONSTRAINED_WALK_FORWARD,WARMUP_OBSERVATIONS,,0,0,,,0.0,,FYERS_PAPER_PROXY_RESEARCH,FYERS_PAPER_RESEARCH_ONLY,COST_MODEL_UNVALIDATED,False,False,DISABLED,Daily market context is disabled until operator review,MANUAL_PROXY_RESEARCH,False,True,MEASURED,FIVE_LEVEL,FYERS_MARKET_DEPTH,5,5,450,450,2250,2250,2026-08-24T08:10:14+00:00,IV_UNAVAILABLE,False,0,False,False,DATA_INVALID,9,DataHealth invalid; Contract invalid: Quote stale or spread hard rejected.; SideDirection hard reject: -7.7 < 65.0; PremiumElasticity hard reject: 0.50 < 1.00; Expected/Required hard reject: 1.17 < 1.60; TradeQuality below configured minimum; ExecutionQuality below excellent gate: 77.4 < 80.0; ConvexityEdge below excellent gate: 71.4 < 80.0; RegimeFit below excellent gate: 60.0 < 70.0,,
2026-08-24T13:40:28.010040+05:30,2026-08-24,TCS,NSE,STOCK,NSE_STOCK_OPTION,PAPER_ELIGIBLE,STOCK:TCS,paper-strategy-8ade763620b6,opportunity-score-8ade763620b6,universe-a8e55c76a270,PAPER_OVERRIDE::FYERS_PAPER_PROXY_RESEARCH,PE,UNKNOWN,2300.0,7.7,False,,,No prior observation for contract.,False,,,,,ATM IV unavailable.,,TCS,NOT_CONFIGURED,,5450c99e8b35,WARMUP_OBSERVATIONS,5,1,0,90.0,65.0,1.0,1.6,70.0,65.0,35.0,50.0,inf,3.0,20.0,GLOBAL_POLICY_FLOOR>CLASS_FLOOR>INSTRUMENT_LEARNED_FLOOR; LOWER=max; UPPER=min,CONSTRAINED_WALK_FORWARD,WARMUP_OBSERVATIONS,,0,0,,,0.0,,FYERS_PAPER_PROXY_RESEARCH,FYERS_PAPER_RESEARCH_ONLY,COST_MODEL_UNVALIDATED,False,False,DISABLED,Daily market context is disabled until operator review,MANUAL_PROXY_RESEARCH,False,True,MEASURED,FIVE_LEVEL,FYERS_MARKET_DEPTH,5,5,225,225,2250,3375,2026-08-24T08:10:17+00:00,IV_UNAVAILABLE,False,0,False,False,DATA_INVALID,10,DataHealth invalid; Contract invalid: Quote stale or spread hard rejected.; SideDirection hard reject: 7.7 < 65.0; PremiumElasticity hard reject: 0.70 < 1.00; Expected/Required hard reject: 1.17 < 1.60; TradeQuality below configured minimum; ExecutionQuality below excellent gate: 53.6 < 80.0; ConvexityEdge below excellent gate: 71.4 < 80.0; OpportunityConfidence below excellent gate: 69.3 < 70.0; RegimeFit below excellent gate: 60.0 < 70.0,,
2026-08-24T13:40:28.010040+05:30,2026-08-24,TATACONSUM,NSE,STOCK,NSE_STOCK_OPTION,PAPER_ELIGIBLE,STOCK:TATACONSUM,paper-strategy-8ade763620b6,opportunity-score-8ade763620b6,universe-a8e55c76a270,PAPER_OVERRIDE::FYERS_PAPER_PROXY_RESEARCH,CE,UNKNOWN,1050.0,0.0,False,,,No prior observation for contract.,False,,,,,ATM IV unavailable.,,TATACONSUM,NOT_CONFIGURED,,9add61d653ca,WARMUP_OBSERVATIONS,7,1,0,90.0,65.0,1.0,1.6,70.0,65.0,35.0,50.0,inf,3.0,20.0,GLOBAL_POLICY_FLOOR>CLASS_FLOOR>INSTRUMENT_LEARNED_FLOOR; LOWER=max; UPPER=min,CONSTRAINED_WALK_FORWARD,WARMUP_OBSERVATIONS,,0,0,,,0.0,,FYERS_PAPER_PROXY_RESEARCH,FYERS_PAPER_RESEARCH_ONLY,COST_MODEL_UNVALIDATED,False,False,DISABLED,Daily market context is disabled until operator review,MANUAL_PROXY_RESEARCH,False,True,MEASURED,FIVE_LEVEL,FYERS_MARKET_DEPTH,5,5,1100,1100,4400,11550,2026-08-24T08:08:17+00:00,IV_UNAVAILABLE,False,0,False,False,DATA_INVALID,11,DataHealth invalid; Contract invalid: Quote stale or spread hard rejected.; SideDirection hard reject: -2.3 < 65.0; PremiumElasticity hard reject: 0.50 < 1.00; Expected/Required hard reject: 1.17 < 1.60; TradeQuality below configured minimum; FinalConfidence below configured minimum; ExecutionQuality below excellent gate: 0.0 < 80.0; ConvexityEdge below excellent gate: 71.4 < 80.0; OpportunityConfidence below excellent gate: 28.3 < 70.0; RegimeFit below excellent gate: 60.0 < 70.0,,
2026-08-24T13:40:28.010040+05:30,2026-08-24,TATACONSUM,NSE,STOCK,NSE_STOCK_OPTION,PAPER_ELIGIBLE,STOCK:TATACONSUM,paper-strategy-8ade763620b6,opportunity-score-8ade763620b6,universe-a8e55c76a270,PAPER_OVERRIDE::FYERS_PAPER_PROXY_RESEARCH,CE,UNKNOWN,1040.0,0.0,False,,,No prior observation for contract.,False,,,,,ATM IV unavailable.,,TATACONSUM,NOT_CONFIGURED,,9add61d653ca,WARMUP_OBSERVATIONS,7,1,0,90.0,65.0,1.0,1.6,70.0,65.0,35.0,50.0,inf,3.0,20.0,GLOBAL_POLICY_FLOOR>CLASS_FLOOR>INSTRUMENT_LEARNED_FLOOR; LOWER=max; UPPER=min,CONSTRAINED_WALK_FORWARD,WARMUP_OBSERVATIONS,,0,0,,,0.0,,FYERS_PAPER_PROXY_RESEARCH,FYERS_PAPER_RESEARCH_ONLY,COST_MODEL_UNVALIDATED,False,False,DISABLED,Daily market context is disabled until operator review,MANUAL_PROXY_RESEARCH,False,True,MEASURED,FIVE_LEVEL,FYERS_MARKET_DEPTH,5,5,550,1100,2750,6600,2026-08-24T08:03:00+00:00,IV_UNAVAILABLE,False,0,False,False,DATA_INVALID,11,DataHealth invalid; Contract invalid: Quote stale or spread hard rejected.; SideDirection hard reject: -2.3 < 65.0; PremiumElasticity hard reject: 0.70 < 1.00; Expected/Required hard reject: 1.17 < 1.60; TradeQuality below configured minimum; FinalConfidence below configured minimum; ExecutionQuality below excellent gate: 0.0 < 80.0; ConvexityEdge below excellent gate: 71.4 < 80.0; OpportunityConfidence below excellent gate: 28.3 < 70.0; RegimeFit below excellent gate: 60.0 < 70.0,,
2026-08-24T13:40:28.010040+05:30,2026-08-24,TATACONSUM,NSE,STOCK,NSE_STOCK_OPTION,PAPER_ELIGIBLE,STOCK:TATACONSUM,paper-strategy-8ade763620b6,opportunity-score-8ade763620b6,universe-a8e55c76a270,PAPER_OVERRIDE::FYERS_PAPER_PROXY_RESEARCH,PE,UNKNOWN,1060.0,2.3,False,,,No prior observation for contract.,False,,,,,ATM IV unavailable.,,TATACONSUM,NOT_CONFIGURED,,9add61d653ca,WARMUP_OBSERVATIONS,7,1,0,90.0,65.0,1.0,1.6,70.0,65.0,35.0,50.0,inf,3.0,20.0,GLOBAL_POLICY_FLOOR>CLASS_FLOOR>INSTRUMENT_LEARNED_FLOOR; LOWER=max; UPPER=min,CONSTRAINED_WALK_FORWARD,WARMUP_OBSERVATIONS,,0,0,,,0.0,,FYERS_PAPER_PROXY_RESEARCH,FYERS_PAPER_RESEARCH_ONLY,COST_MODEL_UNVALIDATED,False,False,DISABLED,Daily market context is disabled until operator review,MANUAL_PROXY_RESEARCH,False,True,MEASURED,FIVE_LEVEL,FYERS_MARKET_DEPTH,5,5,1100,550,5500,3850,2026-08-24T08:09:33+00:00,IV_UNAVAILABLE,False,0,False,False,DATA_INVALID,11,DataHealth invalid; Contract invalid: Quote stale or spread hard rejected.; SideDirection hard reject: 2.3 < 65.0; PremiumElasticity hard reject: 0.70 < 1.00; Expected/Required hard reject: 1.17 < 1.60; TradeQuality below configured minimum; FinalConfidence below configured minimum; ExecutionQuality below excellent gate: 0.0 < 80.0; ConvexityEdge below excellent gate: 71.4 < 80.0; OpportunityConfidence below excellent gate: 29.0 < 70.0; RegimeFit below excellent gate: 60.0 < 70.0,,
2026-08-24T13:41:33.530133+05:30,2026-08-24,NIFTY,NSE,INDEX,NSE_INDEX,PAPER_ELIGIBLE,INDEX:BROAD_EQUITY,paper-strategy-8ade763620b6,opportunity-score-8ade763620b6,universe-a8e55c76a270,PAPER_OVERRIDE::FYERS_PAPER_PROXY_RESEARCH,CE,UNKNOWN,24150.0,1.3,False,,,Underlying move below identification minimum.,False,,,,,ATM IV unavailable.,0.0000,nifty_leadership_proxy,VALID,1.3241,00929e22c867,WARMUP_OBSERVATIONS,6,1,0,80.0,65.0,1.0,1.6,70.0,65.0,35.0,50.0,inf,2.0,10.5,GLOBAL_POLICY_FLOOR>CLASS_FLOOR>INSTRUMENT_LEARNED_FLOOR; LOWER=max; UPPER=min,CONSTRAINED_WALK_FORWARD,WARMUP_OBSERVATIONS,,0,0,,,0.0,,FYERS_PAPER_PROXY_RESEARCH,FYERS_PAPER_RESEARCH_ONLY,COST_MODEL_UNVALIDATED,False,False,DISABLED,Daily market context is disabled until operator review,MANUAL_PROXY_RESEARCH,False,True,MEASURED,FIVE_LEVEL,FYERS_MARKET_DEPTH,5,5,2925,3185,12675,14235,2026-08-24T08:11:10+00:00,IV_UNAVAILABLE,False,0,False,False,DATA_INVALID,7,DataHealth invalid; Contract invalid: Quote stale or spread hard rejected.; SideDirection hard reject: 1.3 < 65.0; PremiumElasticity hard reject: 0.50 < 1.00; Expected/Required hard reject: 1.33 < 1.60; TradeQuality below configured minimum; ConvexityEdge below excellent gate: 71.4 < 80.0,,
2026-08-24T13:41:33.530133+05:30,2026-08-24,BANKNIFTY,NSE,INDEX,NSE_INDEX,PAPER_ELIGIBLE,INDEX:BANKING,paper-strategy-8ade763620b6,opportunity-score-8ade763620b6,universe-a8e55c76a270,PAPER_OVERRIDE::FYERS_PAPER_PROXY_RESEARCH,CE,UNKNOWN,57400.0,4.5,False,,,Underlying move below identification minimum.,False,,,,,ATM IV unavailable.,0.0000,banknifty_fast_wbci,VALID,4.4783,2e840ccd58d1,WARMUP_OBSERVATIONS,117,1,0,80.0,65.0,1.0,1.6,70.0,65.0,35.0,50.0,inf,2.0,10.5,GLOBAL_POLICY_FLOOR>CLASS_FLOOR>INSTRUMENT_LEARNED_FLOOR; LOWER=max; UPPER=min,CONSTRAINED_WALK_FORWARD,WARMUP_OBSERVATIONS,,0,0,,,0.0,,FYERS_PAPER_PROXY_RESEARCH,FYERS_PAPER_RESEARCH_ONLY,COST_MODEL_UNVALIDATED,False,False,DISABLED,Daily market context is disabled until operator review,MANUAL_PROXY_RESEARCH,False,True,MEASURED,FIVE_LEVEL,FYERS_MARKET_DEPTH,5,5,120,30,1020,1230,2026-08-24T08:11:13+00:00,IV_UNAVAILABLE,False,0,False,False,DATA_INVALID,7,DataHealth invalid; Contract invalid: Quote stale or spread hard rejected.; SideDirection hard reject: 4.5 < 65.0; PremiumElasticity hard reject: 0.50 < 1.00; Expected/Required hard reject: 1.42 < 1.60; TradeQuality below configured minimum; ConvexityEdge below excellent gate: 71.4 < 80.0,,
2026-08-24T13:41:33.530133+05:30,2026-08-24,BANKNIFTY,NSE,INDEX,NSE_INDEX,PAPER_ELIGIBLE,INDEX:BANKING,paper-strategy-8ade763620b6,opportunity-score-8ade763620b6,universe-a8e55c76a270,PAPER_OVERRIDE::FYERS_PAPER_PROXY_RESEARCH,PE,UNKNOWN,57400.0,0.0,False,,,Underlying move below identification minimum.,False,,,,,ATM IV unavailable.,0.0000,banknifty_fast_wbci,VALID,4.4783,2e840ccd58d1,WARMUP_OBSERVATIONS,117,1,0,80.0,65.0,1.0,1.6,70.0,65.0,35.0,50.0,inf,2.0,10.5,GLOBAL_POLICY_FLOOR>CLASS_FLOOR>INSTRUMENT_LEARNED_FLOOR; LOWER=max; UPPER=min,CONSTRAINED_WALK_FORWARD,WARMUP_OBSERVATIONS,,0,0,,,0.0,,FYERS_PAPER_PROXY_RESEARCH,FYERS_PAPER_RESEARCH_ONLY,COST_MODEL_UNVALIDATED,False,False,DISABLED,Daily market context is disabled until operator review,MANUAL_PROXY_RESEARCH,False,True,MEASURED,FIVE_LEVEL,FYERS_MARKET_DEPTH,5,5,60,30,1860,840,2026-08-24T08:11:13+00:00,IV_UNAVAILABLE,False,0,False,False,DATA_INVALID,7,DataHealth invalid; Contract invalid: Quote stale or spread hard rejected.; SideDirection hard reject: -4.5 < 65.0; PremiumElasticity hard reject: 0.50 < 1.00; Expected/Required hard reject: 1.42 < 1.60; TradeQuality below configured minimum; ConvexityEdge below excellent gate: 71.4 < 80.0,,
2026-08-24T13:41:33.530133+05:30,2026-08-24,BANKNIFTY,NSE,INDEX,NSE_INDEX,PAPER_ELIGIBLE,INDEX:BANKING,paper-strategy-8ade763620b6,opportunity-score-8ade763620b6,universe-a8e55c76a270,PAPER_OVERRIDE::FYERS_PAPER_PROXY_RESEARCH,CE,UNKNOWN,57300.0,4.5,False,,,Underlying move below identification minimum.,False,,,,,ATM IV unavailable.,0.0000,banknifty_fast_wbci,VALID,4.4783,2e840ccd58d1,WARMUP_OBSERVATIONS,117,1,0,80.0,65.0,1.0,1.6,70.0,65.0,35.0,50.0,inf,2.0,10.5,GLOBAL_POLICY_FLOOR>CLASS_FLOOR>INSTRUMENT_LEARNED_FLOOR; LOWER=max; UPPER=min,CONSTRAINED_WALK_FORWARD,WARMUP_OBSERVATIONS,,0,0,,,0.0,,FYERS_PAPER_PROXY_RESEARCH,FYERS_PAPER_RESEARCH_ONLY,COST_MODEL_UNVALIDATED,False,False,DISABLED,Daily market context is disabled until operator review,MANUAL_PROXY_RESEARCH,False,True,MEASURED,FIVE_LEVEL,FYERS_MARKET_DEPTH,5,5,180,30,840,180,2026-08-24T08:11:12+00:00,IV_UNAVAILABLE,False,0,False,False,DATA_INVALID,7,DataHealth invalid; Contract invalid: Quote stale or spread hard rejected.; SideDirection hard reject: 4.5 < 65.0; PremiumElasticity hard reject: 0.70 < 1.00; Expected/Required hard reject: 1.42 < 1.60; TradeQuality below configured minimum; ConvexityEdge below excellent gate: 71.4 < 80.0,,
2026-08-24T13:41:33.530133+05:30,2026-08-24,BANKNIFTY,NSE,INDEX,NSE_INDEX,PAPER_ELIGIBLE,INDEX:BANKING,paper-strategy-8ade763620b6,opportunity-score-8ade763620b6,universe-a8e55c76a270,PAPER_OVERRIDE::FYERS_PAPER_PROXY_RESEARCH,PE,UNKNOWN,57300.0,0.0,False,,,Underlying move below identification minimum.,False,,,,,ATM IV unavailable.,0.0000,banknifty_fast_wbci,VALID,4.4783,2e840ccd58d1,WARMUP_OBSERVATIONS,117,1,0,80.0,65.0,1.0,1.6,70.0,65.0,35.0,50.0,inf,2.0,10.5,GLOBAL_POLICY_FLOOR>CLASS_FLOOR>INSTRUMENT_LEARNED_FLOOR; LOWER=max; UPPER=min,CONSTRAINED_WALK_FORWARD,WARMUP_OBSERVATIONS,,0,0,,,0.0,,FYERS_PAPER_PROXY_RESEARCH,FYERS_PAPER_RESEARCH_ONLY,COST_MODEL_UNVALIDATED,False,False,DISABLED,Daily market context is disabled until operator review,MANUAL_PROXY_RESEARCH,False,True,MEASURED,FIVE_LEVEL,FYERS_MARKET_DEPTH,5,5,60,120,600,1500,2026-08-24T08:11:12+00:00,IV_UNAVAILABLE,False,0,False,False,DATA_INVALID,7,DataHealth invalid; Contract invalid: Quote stale or spread hard rejected.; SideDirection hard reject: -4.5 < 65.0; PremiumElasticity hard reject: 0.30 < 1.00; Expected/Required hard reject: 1.42 < 1.60; TradeQuality below configured minimum; ConvexityEdge below excellent gate: 57.4 < 80.0,,
2026-08-24T13:41:33.530133+05:30,2026-08-24,BANKNIFTY,NSE,INDEX,NSE_INDEX,PAPER_ELIGIBLE,INDEX:BANKING,paper-strategy-8ade763620b6,opportunity-score-8ade763620b6,universe-a8e55c76a270,PAPER_OVERRIDE::FYERS_PAPER_PROXY_RESEARCH,CE,UNKNOWN,57500.0,4.5,False,,,Underlying move below identification minimum.,False,,,,,ATM IV unavailable.,0.0000,banknifty_fast_wbci,VALID,4.4783,2e840ccd58d1,WARMUP_OBSERVATIONS,117,1,0,80.0,65.0,1.0,1.6,70.0,65.0,35.0,50.0,inf,2.0,10.5,GLOBAL_POLICY_FLOOR>CLASS_FLOOR>INSTRUMENT_LEARNED_FLOOR; LOWER=max; UPPER=min,CONSTRAINED_WALK_FORWARD,WARMUP_OBSERVATIONS,,0,0,,,0.0,,FYERS_PAPER_PROXY_RESEARCH,FYERS_PAPER_RESEARCH_ONLY,COST_MODEL_UNVALIDATED,False,False,DISABLED,Daily market context is disabled until operator review,MANUAL_PROXY_RESEARCH,False,True,MEASURED,FIVE_LEVEL,FYERS_MARKET_DEPTH,5,5,300,30,1050,1950,2026-08-24T08:11:13+00:00,IV_UNAVAILABLE,False,0,False,False,DATA_INVALID,7,DataHealth invalid; Contract invalid: Quote stale or spread hard rejected.; SideDirection hard reject: 4.5 < 65.0; PremiumElasticity hard reject: 0.30 < 1.00; Expected/Required hard reject: 1.42 < 1.60; TradeQuality below configured minimum; ConvexityEdge below excellent gate: 57.4 < 80.0,,
2026-08-24T13:41:33.530133+05:30,2026-08-24,BANKNIFTY,NSE,INDEX,NSE_INDEX,PAPER_ELIGIBLE,INDEX:BANKING,paper-strategy-8ade763620b6,opportunity-score-8ade763620b6,universe-a8e55c76a270,PAPER_OVERRIDE::FYERS_PAPER_PROXY_RESEARCH,PE,UNKNOWN,57500.0,0.0,False,,,Underlying move below identification minimum.,False,,,,,ATM IV unavailable.,0.0000,banknifty_fast_wbci,VALID,4.4783,2e840ccd58d1,WARMUP_OBSERVATIONS,117,1,0,80.0,65.0,1.0,1.6,70.0,65.0,35.0,50.0,inf,2.0,10.5,GLOBAL_POLICY_FLOOR>CLASS_FLOOR>INSTRUMENT_LEARNED_FLOOR; LOWER=max; UPPER=min,CONSTRAINED_WALK_FORWARD,WARMUP_OBSERVATIONS,,0,0,,,0.0,,FYERS_PAPER_PROXY_RESEARCH,FYERS_PAPER_RESEARCH_ONLY,COST_MODEL_UNVALIDATED,False,False,DISABLED,Daily market context is disabled until operator review,MANUAL_PROXY_RESEARCH,False,True,MEASURED,FIVE_LEVEL,FYERS_MARKET_DEPTH,5,5,30,270,2040,630,2026-08-24T08:11:13+00:00,IV_UNAVAILABLE,False,0,False,False,DATA_INVALID,7,DataHealth invalid; Contract invalid: Quote stale or spread hard rejected.; SideDirection hard reject: -4.5 < 65.0; PremiumElasticity hard reject: 0.70 < 1.00; Expected/Required hard reject: 1.42 < 1.60; TradeQuality below configured minimum; ConvexityEdge below excellent gate: 71.4 < 80.0,,
2026-08-24T13:41:33.530133+05:30,2026-08-24,FINNIFTY,NSE,INDEX,NSE_INDEX,PAPER_ELIGIBLE,INDEX:FINANCIALS,paper-strategy-8ade763620b6,opportunity-score-8ade763620b6,universe-a8e55c76a270,PAPER_OVERRIDE::FYERS_PAPER_PROXY_RESEARCH,CE,UNKNOWN,26200.0,3.5,False,,,No prior observation for contract.,False,,,,,ATM IV unavailable.,0.0000,finnifty_leadership_proxy,VALID,3.4767,e172b0fef65b,WARMUP_OBSERVATIONS,70,1,0,80.0,65.0,1.0,1.6,70.0,65.0,35.0,50.0,inf,2.0,10.5,GLOBAL_POLICY_FLOOR>CLASS_FLOOR>INSTRUMENT_LEARNED_FLOOR; LOWER=max; UPPER=min,CONSTRAINED_WALK_FORWARD,WARMUP_OBSERVATIONS,,0,0,,,0.0,,FYERS_PAPER_PROXY_RESEARCH,FYERS_PAPER_RESEARCH_ONLY,COST_MODEL_UNVALIDATED,False,False,DISABLED,Daily market context is disabled until operator review,MANUAL_PROXY_RESEARCH,False,True,MEASURED,FIVE_LEVEL,FYERS_MARKET_DEPTH,5,5,120,60,720,660,2026-08-24T08:11:10+00:00,IV_UNAVAILABLE,False,0,False,False,DATA_INVALID,7,DataHealth invalid; Contract invalid: Quote stale or spread hard rejected.; SideDirection hard reject: 3.5 < 65.0; PremiumElasticity hard reject: 0.30 < 1.00; Expected/Required hard reject: 1.25 < 1.60; TradeQuality below configured minimum; ConvexityEdge below excellent gate: 57.4 < 80.0,,
2026-08-24T13:41:33.530133+05:30,2026-08-24,MIDCPNIFTY,NSE,INDEX,NSE_INDEX,PAPER_ELIGIBLE,INDEX:MIDCAP,paper-strategy-8ade763620b6,opportunity-score-8ade763620b6,universe-a8e55c76a270,PAPER_OVERRIDE::FYERS_PAPER_PROXY_RESEARCH,CE,UNKNOWN,14875.0,3.3,False,,,Underlying move below identification minimum.,False,,,,,ATM IV unavailable.,8.2425,midcap_direction_proxy,PARTIAL_MIDCAP,4.9881,712afad509f5,WARMUP_OBSERVATIONS,68,1,0,80.0,65.0,1.0,1.6,70.0,65.0,35.0,50.0,inf,2.0,10.5,GLOBAL_POLICY_FLOOR>CLASS_FLOOR>INSTRUMENT_LEARNED_FLOOR; LOWER=max; UPPER=min,CONSTRAINED_WALK_FORWARD,WARMUP_OBSERVATIONS,,0,0,,,0.0,,FYERS_PAPER_PROXY_RESEARCH,FYERS_PAPER_RESEARCH_ONLY,COST_MODEL_UNVALIDATED,False,False,DISABLED,Daily market context is disabled until operator review,MANUAL_PROXY_RESEARCH,False,True,MEASURED,FIVE_LEVEL,FYERS_MARKET_DEPTH,5,5,360,480,4200,4080,2026-08-24T08:11:09+00:00,IV_UNAVAILABLE,False,0,False,False,DATA_INVALID,7,DataHealth invalid; Contract invalid: Quote stale or spread hard rejected.; SideDirection hard reject: 3.3 < 65.0; PremiumElasticity hard reject: 0.50 < 1.00; Expected/Required hard reject: 1.08 < 1.60; TradeQuality below configured minimum; ConvexityEdge below excellent gate: 70.4 < 80.0,,
2026-08-24T13:41:33.530133+05:30,2026-08-24,MIDCPNIFTY,NSE,INDEX,NSE_INDEX,PAPER_ELIGIBLE,INDEX:MIDCAP,paper-strategy-8ade763620b6,opportunity-score-8ade763620b6,universe-a8e55c76a270,PAPER_OVERRIDE::FYERS_PAPER_PROXY_RESEARCH,CE,UNKNOWN,14850.0,3.3,False,,,Underlying move below identification minimum.,False,,,,,ATM IV unavailable.,8.2425,midcap_direction_proxy,PARTIAL_MIDCAP,4.9881,712afad509f5,WARMUP_OBSERVATIONS,68,1,0,80.0,65.0,1.0,1.6,70.0,65.0,35.0,50.0,inf,2.0,10.5,GLOBAL_POLICY_FLOOR>CLASS_FLOOR>INSTRUMENT_LEARNED_FLOOR; LOWER=max; UPPER=min,CONSTRAINED_WALK_FORWARD,WARMUP_OBSERVATIONS,,0,0,,,0.0,,FYERS_PAPER_PROXY_RESEARCH,FYERS_PAPER_RESEARCH_ONLY,COST_MODEL_UNVALIDATED,False,False,DISABLED,Daily market context is disabled until operator review,MANUAL_PROXY_RESEARCH,False,True,MEASURED,FIVE_LEVEL,FYERS_MARKET_DEPTH,5,5,120,360,840,2520,2026-08-24T08:11:08+00:00,IV_UNAVAILABLE,False,0,False,False,DATA_INVALID,7,DataHealth invalid; Contract invalid: Quote stale or spread hard rejected.; SideDirection hard reject: 3.3 < 65.0; PremiumElasticity hard reject: 0.70 < 1.00; Expected/Required hard reject: 1.08 < 1.60; TradeQuality below configured minimum; ConvexityEdge below excellent gate: 70.4 < 80.0,,
2026-08-24T13:41:33.530133+05:30,2026-08-24,TATASTEEL,NSE,STOCK,NSE_STOCK_OPTION,PAPER_ELIGIBLE,STOCK:TATASTEEL,paper-strategy-8ade763620b6,opportunity-score-8ade763620b6,universe-a8e55c76a270,PAPER_OVERRIDE::FYERS_PAPER_PROXY_RESEARCH,CE,UNKNOWN,182.5,3.9,False,,,No prior observation for contract.,False,,,,,ATM IV unavailable.,,TATASTEEL,NOT_CONFIGURED,,5277066ebc2f,WARMUP_OBSERVATIONS,1,1,0,90.0,65.0,1.0,1.6,70.0,65.0,35.0,50.0,inf,3.0,20.0,GLOBAL_POLICY_FLOOR>CLASS_FLOOR>INSTRUMENT_LEARNED_FLOOR; LOWER=max; UPPER=min,CONSTRAINED_WALK_FORWARD,WARMUP_OBSERVATIONS,,0,0,,,0.0,,FYERS_PAPER_PROXY_RESEARCH,FYERS_PAPER_RESEARCH_ONLY,COST_MODEL_UNVALIDATED,False,False,DISABLED,Daily market context is disabled until operator review,MANUAL_PROXY_RESEARCH,False,True,MEASURED,FIVE_LEVEL,FYERS_MARKET_DEPTH,5,5,2750,2750,19250,13750,2026-08-24T08:10:25+00:00,IV_UNAVAILABLE,False,0,False,False,DATA_INVALID,11,DataHealth invalid; Contract invalid: Quote stale or spread hard rejected.; SideDirection hard reject: 3.9 < 65.0; PremiumElasticity hard reject: 0.70 < 1.00; Expected/Required hard reject: 1.17 < 1.60; TradeQuality below configured minimum; FinalConfidence below configured minimum; ExecutionQuality below excellent gate: 42.5 < 80.0; ConvexityEdge below excellent gate: 71.4 < 80.0; OpportunityConfidence below excellent gate: 62.3 < 70.0; RegimeFit below excellent gate: 60.0 < 70.0,,
2026-08-24T13:41:33.530133+05:30,2026-08-24,TECHM,NSE,STOCK,NSE_STOCK_OPTION,PAPER_ELIGIBLE,STOCK:TECHM,paper-strategy-8ade763620b6,opportunity-score-8ade763620b6,universe-a8e55c76a270,PAPER_OVERRIDE::FYERS_PAPER_PROXY_RESEARCH,CE,UNKNOWN,1580.0,0.0,False,,,No prior observation for contract.,False,,,,,ATM IV unavailable.,,TECHM,NOT_CONFIGURED,,b61ad64e4ace,WARMUP_OBSERVATIONS,7,1,0,90.0,65.0,1.0,1.6,70.0,65.0,35.0,50.0,inf,3.0,20.0,GLOBAL_POLICY_FLOOR>CLASS_FLOOR>INSTRUMENT_LEARNED_FLOOR; LOWER=max; UPPER=min,CONSTRAINED_WALK_FORWARD,WARMUP_OBSERVATIONS,,0,0,,,0.0,,FYERS_PAPER_PROXY_RESEARCH,FYERS_PAPER_RESEARCH_ONLY,COST_MODEL_UNVALIDATED,False,False,DISABLED,Daily market context is disabled until operator review,MANUAL_PROXY_RESEARCH,False,True,MEASURED,FIVE_LEVEL,FYERS_MARKET_DEPTH,5,5,600,1200,3000,4200,2026-08-24T08:10:36+00:00,IV_UNAVAILABLE,False,0,False,False,DATA_INVALID,11,DataHealth invalid; Contract invalid: Quote stale or spread hard rejected.; SideDirection hard reject: -14.6 < 65.0; PremiumElasticity hard reject: 0.50 < 1.00; Expected/Required hard reject: 1.17 < 1.60; TradeQuality below configured minimum; FinalConfidence below configured minimum; ExecutionQuality below excellent gate: 24.5 < 80.0; ConvexityEdge below excellent gate: 71.4 < 80.0; OpportunityConfidence below excellent gate: 64.0 < 70.0; RegimeFit below excellent gate: 60.0 < 70.0,,
2026-08-24T13:41:33.530133+05:30,2026-08-24,TECHM,NSE,STOCK,NSE_STOCK_OPTION,PAPER_ELIGIBLE,STOCK:TECHM,paper-strategy-8ade763620b6,opportunity-score-8ade763620b6,universe-a8e55c76a270,PAPER_OVERRIDE::FYERS_PAPER_PROXY_RESEARCH,PE,UNKNOWN,1580.0,14.6,False,,,No prior observation for contract.,False,,,,,ATM IV unavailable.,,TECHM,NOT_CONFIGURED,,b61ad64e4ace,WARMUP_OBSERVATIONS,7,1,0,90.0,65.0,1.0,1.6,70.0,65.0,35.0,50.0,inf,3.0,20.0,GLOBAL_POLICY_FLOOR>CLASS_FLOOR>INSTRUMENT_LEARNED_FLOOR; LOWER=max; UPPER=min,CONSTRAINED_WALK_FORWARD,WARMUP_OBSERVATIONS,,0,0,,,0.0,,FYERS_PAPER_PROXY_RESEARCH,FYERS_PAPER_RESEARCH_ONLY,COST_MODEL_UNVALIDATED,False,False,DISABLED,Daily market context is disabled until operator review,MANUAL_PROXY_RESEARCH,False,True,MEASURED,FIVE_LEVEL,FYERS_MARKET_DEPTH,5,5,1200,600,9600,5400,2026-08-24T08:10:36+00:00,IV_UNAVAILABLE,False,0,False,False,DATA_INVALID,11,DataHealth invalid; Contract invalid: Quote stale or spread hard rejected.; SideDirection hard reject: 14.6 < 65.0; PremiumElasticity hard reject: 0.50 < 1.00; Expected/Required hard reject: 1.17 < 1.60; TradeQuality below configured minimum; FinalConfidence below configured minimum; ExecutionQuality below excellent gate: 0.0 < 80.0; ConvexityEdge below excellent gate: 71.4 < 80.0; OpportunityConfidence below excellent gate: 42.5 < 70.0; RegimeFit below excellent gate: 60.0 < 70.0,,
2026-08-24T13:41:33.530133+05:30,2026-08-24,TECHM,NSE,STOCK,NSE_STOCK_OPTION,PAPER_ELIGIBLE,STOCK:TECHM,paper-strategy-8ade763620b6,opportunity-score-8ade763620b6,universe-a8e55c76a270,PAPER_OVERRIDE::FYERS_PAPER_PROXY_RESEARCH,CE,UNKNOWN,1564.0,0.0,False,,,No prior observation for contract.,False,,,,,ATM IV unavailable.,,TECHM,NOT_CONFIGURED,,b61ad64e4ace,WARMUP_OBSERVATIONS,7,1,0,90.0,65.0,1.0,1.6,70.0,65.0,35.0,50.0,inf,3.0,20.0,GLOBAL_POLICY_FLOOR>CLASS_FLOOR>INSTRUMENT_LEARNED_FLOOR; LOWER=max; UPPER=min,CONSTRAINED_WALK_FORWARD,WARMUP_OBSERVATIONS,,0,0,,,0.0,,FYERS_PAPER_PROXY_RESEARCH,FYERS_PAPER_RESEARCH_ONLY,COST_MODEL_UNVALIDATED,False,False,DISABLED,Daily market context is disabled until operator review,MANUAL_PROXY_RESEARCH,False,True,MEASURED,FIVE_LEVEL,FYERS_MARKET_DEPTH,5,5,1200,600,6000,3000,2026-08-24T08:10:00+00:00,IV_UNAVAILABLE,False,0,False,False,DATA_INVALID,11,DataHealth invalid; Contract invalid: Quote stale or spread hard rejected.; SideDirection hard reject: -14.6 < 65.0; PremiumElasticity hard reject: 0.70 < 1.00; Expected/Required hard reject: 1.17 < 1.60; TradeQuality below configured minimum; FinalConfidence below configured minimum; ExecutionQuality below excellent gate: 0.0 < 80.0; ConvexityEdge below excellent gate: 71.4 < 80.0; OpportunityConfidence below excellent gate: 53.5 < 70.0; RegimeFit below excellent gate: 60.0 < 70.0,,
2026-08-24T13:41:33.530133+05:30,2026-08-24,TITAN,NSE,STOCK,NSE_STOCK_OPTION,PAPER_ELIGIBLE,STOCK:TITAN,paper-strategy-8ade763620b6,opportunity-score-8ade763620b6,universe-a8e55c76a270,PAPER_OVERRIDE::FYERS_PAPER_PROXY_RESEARCH,PE,UNKNOWN,5050.0,1.6,False,,,No prior observation for contract.,False,,,,,ATM IV unavailable.,,TITAN,NOT_CONFIGURED,,542455e602d9,WARMUP_OBSERVATIONS,6,1,0,90.0,65.0,1.0,1.6,70.0,65.0,35.0,50.0,inf,3.0,20.0,GLOBAL_POLICY_FLOOR>CLASS_FLOOR>INSTRUMENT_LEARNED_FLOOR; LOWER=max; UPPER=min,CONSTRAINED_WALK_FORWARD,WARMUP_OBSERVATIONS,,0,0,,,0.0,,FYERS_PAPER_PROXY_RESEARCH,FYERS_PAPER_RESEARCH_ONLY,COST_MODEL_UNVALIDATED,False,False,DISABLED,Daily market context is disabled until operator review,MANUAL_PROXY_RESEARCH,False,True,MEASURED,FIVE_LEVEL,FYERS_MARKET_DEPTH,5,5,350,350,1225,1400,2026-08-24T08:11:22+00:00,IV_UNAVAILABLE,False,0,False,False,DATA_INVALID,11,DataHealth invalid; Contract invalid: Quote stale or spread hard rejected.; SideDirection hard reject: 1.6 < 65.0; PremiumElasticity hard reject: 0.50 < 1.00; Expected/Required hard reject: 1.17 < 1.60; TradeQuality below configured minimum; FinalConfidence below configured minimum; ExecutionQuality below excellent gate: 3.4 < 80.0; ConvexityEdge below excellent gate: 71.4 < 80.0; OpportunityConfidence below excellent gate: 50.8 < 70.0; RegimeFit below excellent gate: 60.0 < 70.0,,
2026-08-24T13:41:33.530133+05:30,2026-08-24,TITAN,NSE,STOCK,NSE_STOCK_OPTION,PAPER_ELIGIBLE,STOCK:TITAN,paper-strategy-8ade763620b6,opportunity-score-8ade763620b6,universe-a8e55c76a270,PAPER_OVERRIDE::FYERS_PAPER_PROXY_RESEARCH,PE,UNKNOWN,5000.0,1.6,False,,,No prior observation for contract.,False,,,,,ATM IV unavailable.,,TITAN,NOT_CONFIGURED,,542455e602d9,WARMUP_OBSERVATIONS,6,1,0,90.0,65.0,1.0,1.6,70.0,65.0,35.0,50.0,inf,3.0,20.0,GLOBAL_POLICY_FLOOR>CLASS_FLOOR>INSTRUMENT_LEARNED_FLOOR; LOWER=max; UPPER=min,CONSTRAINED_WALK_FORWARD,WARMUP_OBSERVATIONS,,0,0,,,0.0,,FYERS_PAPER_PROXY_RESEARCH,FYERS_PAPER_RESEARCH_ONLY,COST_MODEL_UNVALIDATED,False,False,DISABLED,Daily market context is disabled until operator review,MANUAL_PROXY_RESEARCH,False,True,MEASURED,FIVE_LEVEL,FYERS_MARKET_DEPTH,5,5,525,175,2800,2450,2026-08-24T08:08:59+00:00,IV_UNAVAILABLE,False,0,False,False,DATA_INVALID,11,DataHealth invalid; Contract invalid: Quote stale or spread hard rejected.; SideDirection hard reject: 1.6 < 65.0; PremiumElasticity hard reject: 0.30 < 1.00; Expected/Required hard reject: 1.17 < 1.60; TradeQuality below configured minimum; FinalConfidence below configured minimum; ExecutionQuality below excellent gate: 0.0 < 80.0; ConvexityEdge below excellent gate: 57.4 < 80.0; OpportunityConfidence below excellent gate: 29.1 < 70.0; RegimeFit below excellent gate: 60.0 < 70.0,,
2026-08-24T13:41:33.530133+05:30,2026-08-24,TRENT,NSE,STOCK,NSE_STOCK_OPTION,PAPER_ELIGIBLE,STOCK:TRENT,paper-strategy-8ade763620b6,opportunity-score-8ade763620b6,universe-a8e55c76a270,PAPER_OVERRIDE::FYERS_PAPER_PROXY_RESEARCH,CE,UNKNOWN,2900.0,1.4,False,,,No prior observation for contract.,False,,,,,ATM IV unavailable.,,TRENT,NOT_CONFIGURED,,17b38ea319dd,WARMUP_OBSERVATIONS,5,1,0,90.0,65.0,1.0,1.6,70.0,65.0,35.0,50.0,inf,3.0,20.0,GLOBAL_POLICY_FLOOR>CLASS_FLOOR>INSTRUMENT_LEARNED_FLOOR; LOWER=max; UPPER=min,CONSTRAINED_WALK_FORWARD,WARMUP_OBSERVATIONS,,0,0,,,0.0,,FYERS_PAPER_PROXY_RESEARCH,FYERS_PAPER_RESEARCH_ONLY,COST_MODEL_UNVALIDATED,False,False,DISABLED,Daily market context is disabled until operator review,MANUAL_PROXY_RESEARCH,False,True,MEASURED,FIVE_LEVEL,FYERS_MARKET_DEPTH,5,5,225,225,1350,2700,2026-08-24T08:10:16+00:00,IV_UNAVAILABLE,False,0,False,False,DATA_INVALID,11,DataHealth invalid; Contract invalid: Quote stale or spread hard rejected.; SideDirection hard reject: 1.4 < 65.0; PremiumElasticity hard reject: 0.50 < 1.00; Expected/Required hard reject: 1.17 < 1.60; TradeQuality below configured minimum; FinalConfidence below configured minimum; ExecutionQuality below excellent gate: 11.8 < 80.0; ConvexityEdge below excellent gate: 71.4 < 80.0; OpportunityConfidence below excellent gate: 52.5 < 70.0; RegimeFit below excellent gate: 60.0 < 70.0,,
2026-08-24T13:41:33.530133+05:30,2026-08-24,TRENT,NSE,STOCK,NSE_STOCK_OPTION,PAPER_ELIGIBLE,STOCK:TRENT,paper-strategy-8ade763620b6,opportunity-score-8ade763620b6,universe-a8e55c76a270,PAPER_OVERRIDE::FYERS_PAPER_PROXY_RESEARCH,PE,UNKNOWN,2900.0,0.0,False,,,No prior observation for contract.,False,,,,,ATM IV unavailable.,,TRENT,NOT_CONFIGURED,,17b38ea319dd,WARMUP_OBSERVATIONS,5,1,0,90.0,65.0,1.0,1.6,70.0,65.0,35.0,50.0,inf,3.0,20.0,GLOBAL_POLICY_FLOOR>CLASS_FLOOR>INSTRUMENT_LEARNED_FLOOR; LOWER=max; UPPER=min,CONSTRAINED_WALK_FORWARD,WARMUP_OBSERVATIONS,,0,0,,,0.0,,FYERS_PAPER_PROXY_RESEARCH,FYERS_PAPER_RESEARCH_ONLY,COST_MODEL_UNVALIDATED,False,False,DISABLED,Daily market context is disabled until operator review,MANUAL_PROXY_RESEARCH,False,True,MEASURED,FIVE_LEVEL,FYERS_MARKET_DEPTH,5,5,225,225,2475,1350,2026-08-24T08:11:10+00:00,IV_UNAVAILABLE,False,0,False,False,DATA_INVALID,11,DataHealth invalid; Contract invalid: Quote stale or spread hard rejected.; SideDirection hard reject: -1.4 < 65.0; PremiumElasticity hard reject: 0.50 < 1.00; Expected/Required hard reject: 1.17 < 1.60; TradeQuality below configured minimum; FinalConfidence below configured minimum; ExecutionQuality below excellent gate: 20.2 < 80.0; ConvexityEdge below excellent gate: 71.4 < 80.0; OpportunityConfidence below excellent gate: 53.8 < 70.0; RegimeFit below excellent gate: 60.0 < 70.0,,
2026-08-24T13:41:33.530133+05:30,2026-08-24,TRENT,NSE,STOCK,NSE_STOCK_OPTION,PAPER_ELIGIBLE,STOCK:TRENT,paper-strategy-8ade763620b6,opportunity-score-8ade763620b6,universe-a8e55c76a270,PAPER_OVERRIDE::FYERS_PAPER_PROXY_RESEARCH,PE,UNKNOWN,2950.0,0.0,False,,,No prior observation for contract.,False,,,,,ATM IV unavailable.,,TRENT,NOT_CONFIGURED,,17b38ea319dd,WARMUP_OBSERVATIONS,5,1,0,90.0,65.0,1.0,1.6,70.0,65.0,35.0,50.0,inf,3.0,20.0,GLOBAL_POLICY_FLOOR>CLASS_FLOOR>INSTRUMENT_LEARNED_FLOOR; LOWER=max; UPPER=min,CONSTRAINED_WALK_FORWARD,WARMUP_OBSERVATIONS,,0,0,,,0.0,,FYERS_PAPER_PROXY_RESEARCH,FYERS_PAPER_RESEARCH_ONLY,COST_MODEL_UNVALIDATED,False,False,DISABLED,Daily market context is disabled until operator review,MANUAL_PROXY_RESEARCH,False,True,MEASURED,FIVE_LEVEL,FYERS_MARKET_DEPTH,5,5,225,225,1350,1350,2026-08-24T08:10:50+00:00,IV_UNAVAILABLE,False,0,False,False,DATA_INVALID,9,DataHealth invalid; Contract invalid: Quote stale or spread hard rejected.; SideDirection hard reject: -1.4 < 65.0; PremiumElasticity hard reject: 0.70 < 1.00; Expected/Required hard reject: 1.17 < 1.60; TradeQuality below configured minimum; ConvexityEdge below excellent gate: 71.4 < 80.0; OpportunityConfidence below excellent gate: 68.7 < 70.0; RegimeFit below excellent gate: 60.0 < 70.0,,
2026-08-24T13:41:33.530133+05:30,2026-08-24,WIPRO,NSE,STOCK,NSE_STOCK_OPTION,PAPER_ELIGIBLE,STOCK:WIPRO,paper-strategy-8ade763620b6,opportunity-score-8ade763620b6,universe-a8e55c76a270,PAPER_OVERRIDE::FYERS_PAPER_PROXY_RESEARCH,PE,UNKNOWN,182.5,2.2,False,,,No prior observation for contract.,False,,,,,ATM IV unavailable.,,WIPRO,NOT_CONFIGURED,,a742cbe7dbbe,WARMUP_OBSERVATIONS,4,1,0,90.0,65.0,1.0,1.6,70.0,65.0,35.0,50.0,inf,3.0,20.0,GLOBAL_POLICY_FLOOR>CLASS_FLOOR>INSTRUMENT_LEARNED_FLOOR; LOWER=max; UPPER=min,CONSTRAINED_WALK_FORWARD,WARMUP_OBSERVATIONS,,0,0,,,0.0,,FYERS_PAPER_PROXY_RESEARCH,FYERS_PAPER_RESEARCH_ONLY,COST_MODEL_UNVALIDATED,False,False,DISABLED,Daily market context is disabled until operator review,MANUAL_PROXY_RESEARCH,False,True,MEASURED,FIVE_LEVEL,FYERS_MARKET_DEPTH,5,5,3000,3000,57000,60000,2026-08-24T08:11:10+00:00,IV_UNAVAILABLE,False,0,False,False,DATA_INVALID,11,DataHealth invalid; Contract invalid: Quote stale or spread hard rejected.; SideDirection hard reject: 2.2 < 65.0; PremiumElasticity hard reject: 0.50 < 1.00; Expected/Required hard reject: 1.17 < 1.60; TradeQuality below configured minimum; FinalConfidence below configured minimum; ExecutionQuality below excellent gate: 0.0 < 80.0; ConvexityEdge below excellent gate: 71.4 < 80.0; OpportunityConfidence below excellent gate: 27.9 < 70.0; RegimeFit below excellent gate: 60.0 < 70.0,,
2026-08-24T13:41:33.530133+05:30,2026-08-24,WIPRO,NSE,STOCK,NSE_STOCK_OPTION,PAPER_ELIGIBLE,STOCK:WIPRO,paper-strategy-8ade763620b6,opportunity-score-8ade763620b6,universe-a8e55c76a270,PAPER_OVERRIDE::FYERS_PAPER_PROXY_RESEARCH,PE,UNKNOWN,185.0,2.2,False,,,No prior observation for contract.,False,,,,,ATM IV unavailable.,,WIPRO,NOT_CONFIGURED,,a742cbe7dbbe,WARMUP_OBSERVATIONS,4,1,0,90.0,65.0,1.0,1.6,70.0,65.0,35.0,50.0,inf,3.0,20.0,GLOBAL_POLICY_FLOOR>CLASS_FLOOR>INSTRUMENT_LEARNED_FLOOR; LOWER=max; UPPER=min,CONSTRAINED_WALK_FORWARD,WARMUP_OBSERVATIONS,,0,0,,,0.0,,FYERS_PAPER_PROXY_RESEARCH,FYERS_PAPER_RESEARCH_ONLY,COST_MODEL_UNVALIDATED,False,False,DISABLED,Daily market context is disabled until operator review,MANUAL_PROXY_RESEARCH,False,True,MEASURED,FIVE_LEVEL,FYERS_MARKET_DEPTH,5,5,6000,3000,21000,24000,2026-08-24T08:11:03+00:00,IV_UNAVAILABLE,False,0,False,False,DATA_INVALID,11,DataHealth invalid; Contract invalid: Quote stale or spread hard rejected.; SideDirection hard reject: 2.2 < 65.0; PremiumElasticity hard reject: 0.70 < 1.00; Expected/Required hard reject: 1.17 < 1.60; TradeQuality below configured minimum; FinalConfidence below configured minimum; ExecutionQuality below excellent gate: 52.8 < 80.0; ConvexityEdge below excellent gate: 71.4 < 80.0; OpportunityConfidence below excellent gate: 58.9 < 70.0; RegimeFit below excellent gate: 60.0 < 70.0,,
2026-08-24T13:41:33.530133+05:30,2026-08-24,SENSEX,BSE,INDEX,BSE_INDEX,PAPER_ELIGIBLE,INDEX:BSE_BROAD,paper-strategy-8ade763620b6,opportunity-score-8ade763620b6,universe-a8e55c76a270,PAPER_OVERRIDE::FYERS_PAPER_PROXY_RESEARCH,CE,UNKNOWN,77300.0,0.0,False,,,Observation interval exceeds rolling window.,False,,,,,ATM IV unavailable.,,SENSEX,NOT_CONFIGURED,,2c55d017dc19,WARMUP_OBSERVATIONS,19,1,0,85.0,65.0,1.0,1.6,70.0,65.0,35.0,50.0,inf,3.0,15.0,GLOBAL_POLICY_FLOOR>CLASS_FLOOR>INSTRUMENT_LEARNED_FLOOR; LOWER=max; UPPER=min,CONSTRAINED_WALK_FORWARD,WARMUP_OBSERVATIONS,,0,0,,,0.0,,FYERS_PAPER_PROXY_RESEARCH,FYERS_PAPER_RESEARCH_ONLY,COST_MODEL_UNVALIDATED,False,False,DISABLED,Daily market context is disabled until operator review,MANUAL_PROXY_RESEARCH,True,True,MEASURED,FIVE_LEVEL,FYERS_MARKET_DEPTH,5,5,40,40,660,660,2026-08-24T08:11:28+00:00,IV_UNAVAILABLE,False,0,False,False,CONTRACT_INVALID,8,Contract invalid: Top-book depth below 3.0 lots.; SideDirection hard reject: -0.1 < 65.0; PremiumElasticity hard reject: 0.50 < 1.00; Expected/Required hard reject: 1.17 < 1.60; TradeQuality below configured minimum; ConvexityEdge below excellent gate: 78.1 < 80.0; OpportunityConfidence below excellent gate: 65.7 < 70.0; RegimeFit below excellent gate: 60.0 < 70.0,,
2026-08-24T13:41:33.530133+05:30,2026-08-24,SENSEX,BSE,INDEX,BSE_INDEX,PAPER_ELIGIBLE,INDEX:BSE_BROAD,paper-strategy-8ade763620b6,opportunity-score-8ade763620b6,universe-a8e55c76a270,PAPER_OVERRIDE::FYERS_PAPER_PROXY_RESEARCH,PE,UNKNOWN,77300.0,0.1,False,,,Observation interval exceeds rolling window.,False,,,,,ATM IV unavailable.,,SENSEX,NOT_CONFIGURED,,2c55d017dc19,WARMUP_OBSERVATIONS,19,1,0,85.0,65.0,1.0,1.6,70.0,65.0,35.0,50.0,inf,3.0,15.0,GLOBAL_POLICY_FLOOR>CLASS_FLOOR>INSTRUMENT_LEARNED_FLOOR; LOWER=max; UPPER=min,CONSTRAINED_WALK_FORWARD,WARMUP_OBSERVATIONS,,0,0,,,0.0,,FYERS_PAPER_PROXY_RESEARCH,FYERS_PAPER_RESEARCH_ONLY,COST_MODEL_UNVALIDATED,False,False,DISABLED,Daily market context is disabled until operator review,MANUAL_PROXY_RESEARCH,True,True,MEASURED,FIVE_LEVEL,FYERS_MARKET_DEPTH,5,5,580,240,940,840,2026-08-24T08:11:29+00:00,IV_UNAVAILABLE,False,95.0,True,False,NO_TRADE,7,SideDirection hard reject: 0.1 < 65.0; PremiumElasticity hard reject: 0.50 < 1.00; Expected/Required hard reject: 1.17 < 1.60; TradeQuality below configured minimum; ConvexityEdge below excellent gate: 78.1 < 80.0; OpportunityConfidence below excellent gate: 65.7 < 70.0; RegimeFit below excellent gate: 60.0 < 70.0,,
2026-08-24T13:41:33.530133+05:30,2026-08-24,SENSEX,BSE,INDEX,BSE_INDEX,PAPER_ELIGIBLE,INDEX:BSE_BROAD,paper-strategy-8ade763620b6,opportunity-score-8ade763620b6,universe-a8e55c76a270,PAPER_OVERRIDE::FYERS_PAPER_PROXY_RESEARCH,PE,UNKNOWN,77200.0,0.1,False,,,Observation interval exceeds rolling window.,False,,,,,ATM IV unavailable.,,SENSEX,NOT_CONFIGURED,,2c55d017dc19,WARMUP_OBSERVATIONS,19,1,0,85.0,65.0,1.0,1.6,70.0,65.0,35.0,50.0,inf,3.0,15.0,GLOBAL_POLICY_FLOOR>CLASS_FLOOR>INSTRUMENT_LEARNED_FLOOR; LOWER=max; UPPER=min,CONSTRAINED_WALK_FORWARD,WARMUP_OBSERVATIONS,,0,0,,,0.0,,FYERS_PAPER_PROXY_RESEARCH,FYERS_PAPER_RESEARCH_ONLY,COST_MODEL_UNVALIDATED,False,False,DISABLED,Daily market context is disabled until operator review,MANUAL_PROXY_RESEARCH,True,True,MEASURED,FIVE_LEVEL,FYERS_MARKET_DEPTH,5,5,260,240,620,820,2026-08-24T08:11:28+00:00,IV_UNAVAILABLE,False,83.1,False,False,CONTRACT_INVALID,8,ContractQuality below minimum: 83.1 < 85.0; SideDirection hard reject: 0.1 < 65.0; PremiumElasticity hard reject: 0.30 < 1.00; Expected/Required hard reject: 1.17 < 1.60; TradeQuality below configured minimum; ConvexityEdge below excellent gate: 62.1 < 80.0; OpportunityConfidence below excellent gate: 65.7 < 70.0; RegimeFit below excellent gate: 60.0 < 70.0,,
2026-08-24T13:42:42.078479+05:30,2026-08-24,NIFTY,NSE,INDEX,NSE_INDEX,PAPER_ELIGIBLE,INDEX:BROAD_EQUITY,paper-strategy-8ade763620b6,opportunity-score-8ade763620b6,universe-a8e55c76a270,PAPER_OVERRIDE::FYERS_PAPER_PROXY_RESEARCH,CE,UNKNOWN,24150.0,2.2,False,,,Underlying move below identification minimum.,False,,,,,ATM IV unavailable.,0.0000,nifty_leadership_proxy,VALID,2.1519,00929e22c867,WARMUP_OBSERVATIONS,10,1,0,80.0,65.0,1.0,1.6,70.0,65.0,35.0,50.0,inf,2.0,10.0,GLOBAL_POLICY_FLOOR>CLASS_FLOOR>INSTRUMENT_LEARNED_FLOOR; LOWER=max; UPPER=min,CONSTRAINED_WALK_FORWARD,WARMUP_OBSERVATIONS,,0,0,,,0.0,,FYERS_PAPER_PROXY_RESEARCH,FYERS_PAPER_RESEARCH_ONLY,COST_MODEL_UNVALIDATED,False,False,DISABLED,Daily market context is disabled until operator review,MANUAL_PROXY_RESEARCH,False,True,MEASURED,FIVE_LEVEL,FYERS_MARKET_DEPTH,5,5,2925,1235,15015,10855,2026-08-24T08:12:17+00:00,IV_UNAVAILABLE,False,0,False,False,DATA_INVALID,7,DataHealth invalid; Contract invalid: Quote stale or spread hard rejected.; SideDirection hard reject: 2.2 < 65.0; PremiumElasticity hard reject: 0.50 < 1.00; Expected/Required hard reject: 1.33 < 1.60; TradeQuality below configured minimum; ConvexityEdge below excellent gate: 71.4 < 80.0,,
2026-08-24T13:42:42.078479+05:30,2026-08-24,NIFTY,NSE,INDEX,NSE_INDEX,PAPER_ELIGIBLE,INDEX:BROAD_EQUITY,paper-strategy-8ade763620b6,opportunity-score-8ade763620b6,universe-a8e55c76a270,PAPER_OVERRIDE::FYERS_PAPER_PROXY_RESEARCH,CE,UNKNOWN,24100.0,2.2,False,,,Underlying move below identification minimum.,False,,,,,ATM IV unavailable.,0.0000,nifty_leadership_proxy,VALID,2.1519,00929e22c867,WARMUP_OBSERVATIONS,10,1,0,80.0,65.0,1.0,1.6,70.0,65.0,35.0,50.0,inf,2.0,10.0,GLOBAL_POLICY_FLOOR>CLASS_FLOOR>INSTRUMENT_LEARNED_FLOOR; LOWER=max; UPPER=min,CONSTRAINED_WALK_FORWARD,WARMUP_OBSERVATIONS,,0,0,,,0.0,,FYERS_PAPER_PROXY_RESEARCH,FYERS_PAPER_RESEARCH_ONLY,COST_MODEL_UNVALIDATED,False,False,DISABLED,Daily market context is disabled until operator review,MANUAL_PROXY_RESEARCH,False,True,MEASURED,FIVE_LEVEL,FYERS_MARKET_DEPTH,5,5,195,1040,5265,5460,2026-08-24T08:12:17+00:00,IV_UNAVAILABLE,False,0,False,False,DATA_INVALID,7,DataHealth invalid; Contract invalid: Quote stale or spread hard rejected.; SideDirection hard reject: 2.2 < 65.0; PremiumElasticity hard reject: 0.70 < 1.00; Expected/Required hard reject: 1.33 < 1.60; TradeQuality below configured minimum; ConvexityEdge below excellent gate: 71.4 < 80.0,,
2026-08-24T13:42:42.078479+05:30,2026-08-24,BANKNIFTY,NSE,INDEX,NSE_INDEX,PAPER_ELIGIBLE,INDEX:BANKING,paper-strategy-8ade763620b6,opportunity-score-8ade763620b6,universe-a8e55c76a270,PAPER_OVERRIDE::FYERS_PAPER_PROXY_RESEARCH,CE,UNKNOWN,57400.0,4.7,False,,,Underlying move below identification minimum.,False,,,,,ATM IV unavailable.,0.0000,banknifty_fast_wbci,VALID,4.6949,2e840ccd58d1,WARMUP_OBSERVATIONS,134,1,0,80.0,65.0,1.0,1.6,70.0,65.0,35.0,50.0,inf,2.0,10.0,GLOBAL_POLICY_FLOOR>CLASS_FLOOR>INSTRUMENT_LEARNED_FLOOR; LOWER=max; UPPER=min,CONSTRAINED_WALK_FORWARD,WARMUP_OBSERVATIONS,,0,0,,,0.0,,FYERS_PAPER_PROXY_RESEARCH,FYERS_PAPER_RESEARCH_ONLY,COST_MODEL_UNVALIDATED,False,False,DISABLED,Daily market context is disabled until operator review,MANUAL_PROXY_RESEARCH,False,True,MEASURED,FIVE_LEVEL,FYERS_MARKET_DEPTH,5,5,60,60,330,330,2026-08-24T08:12:21+00:00,IV_UNAVAILABLE,False,0,False,False,DATA_INVALID,7,DataHealth invalid; Contract invalid: Quote stale or spread hard rejected.; SideDirection hard reject: 4.7 < 65.0; PremiumElasticity hard reject: 0.50 < 1.00; Expected/Required hard reject: 1.42 < 1.60; TradeQuality below configured minimum; ConvexityEdge below excellent gate: 71.4 < 80.0,,
2026-08-24T13:42:42.078479+05:30,2026-08-24,BANKNIFTY,NSE,INDEX,NSE_INDEX,PAPER_ELIGIBLE,INDEX:BANKING,paper-strategy-8ade763620b6,opportunity-score-8ade763620b6,universe-a8e55c76a270,PAPER_OVERRIDE::FYERS_PAPER_PROXY_RESEARCH,PE,UNKNOWN,57400.0,0.0,False,,,Underlying move below identification minimum.,False,,,,,ATM IV unavailable.,0.0000,banknifty_fast_wbci,VALID,4.6949,2e840ccd58d1,WARMUP_OBSERVATIONS,134,1,0,80.0,65.0,1.0,1.6,70.0,65.0,35.0,50.0,inf,2.0,10.0,GLOBAL_POLICY_FLOOR>CLASS_FLOOR>INSTRUMENT_LEARNED_FLOOR; LOWER=max; UPPER=min,CONSTRAINED_WALK_FORWARD,WARMUP_OBSERVATIONS,,0,0,,,0.0,,FYERS_PAPER_PROXY_RESEARCH,FYERS_PAPER_RESEARCH_ONLY,COST_MODEL_UNVALIDATED,False,False,DISABLED,Daily market context is disabled until operator review,MANUAL_PROXY_RESEARCH,False,True,MEASURED,FIVE_LEVEL,FYERS_MARKET_DEPTH,5,5,30,30,330,1080,2026-08-24T08:12:21+00:00,IV_UNAVAILABLE,False,0,False,False,DATA_INVALID,7,DataHealth invalid; Contract invalid: Quote stale or spread hard rejected.; SideDirection hard reject: -4.7 < 65.0; PremiumElasticity hard reject: 0.50 < 1.00; Expected/Required hard reject: 1.42 < 1.60; TradeQuality below configured minimum; ConvexityEdge below excellent gate: 71.4 < 80.0,,
2026-08-24T13:42:42.078479+05:30,2026-08-24,BANKNIFTY,NSE,INDEX,NSE_INDEX,PAPER_ELIGIBLE,INDEX:BANKING,paper-strategy-8ade763620b6,opportunity-score-8ade763620b6,universe-a8e55c76a270,PAPER_OVERRIDE::FYERS_PAPER_PROXY_RESEARCH,CE,UNKNOWN,57300.0,4.7,False,,,Underlying move below identification minimum.,False,,,,,ATM IV unavailable.,0.0000,banknifty_fast_wbci,VALID,4.6949,2e840ccd58d1,WARMUP_OBSERVATIONS,134,1,0,80.0,65.0,1.0,1.6,70.0,65.0,35.0,50.0,inf,2.0,10.0,GLOBAL_POLICY_FLOOR>CLASS_FLOOR>INSTRUMENT_LEARNED_FLOOR; LOWER=max; UPPER=min,CONSTRAINED_WALK_FORWARD,WARMUP_OBSERVATIONS,,0,0,,,0.0,,FYERS_PAPER_PROXY_RESEARCH,FYERS_PAPER_RESEARCH_ONLY,COST_MODEL_UNVALIDATED,False,False,DISABLED,Daily market context is disabled until operator review,MANUAL_PROXY_RESEARCH,False,True,MEASURED,FIVE_LEVEL,FYERS_MARKET_DEPTH,5,5,30,60,450,330,2026-08-24T08:12:20+00:00,IV_UNAVAILABLE,False,0,False,False,DATA_INVALID,7,DataHealth invalid; Contract invalid: Quote stale or spread hard rejected.; SideDirection hard reject: 4.7 < 65.0; PremiumElasticity hard reject: 0.70 < 1.00; Expected/Required hard reject: 1.42 < 1.60; TradeQuality below configured minimum; ConvexityEdge below excellent gate: 71.4 < 80.0,,
2026-08-24T13:42:42.078479+05:30,2026-08-24,BANKNIFTY,NSE,INDEX,NSE_INDEX,PAPER_ELIGIBLE,INDEX:BANKING,paper-strategy-8ade763620b6,opportunity-score-8ade763620b6,universe-a8e55c76a270,PAPER_OVERRIDE::FYERS_PAPER_PROXY_RESEARCH,PE,UNKNOWN,57300.0,0.0,False,,,Underlying move below identification minimum.,False,,,,,ATM IV unavailable.,0.0000,banknifty_fast_wbci,VALID,4.6949,2e840ccd58d1,WARMUP_OBSERVATIONS,134,1,0,80.0,65.0,1.0,1.6,70.0,65.0,35.0,50.0,inf,2.0,10.0,GLOBAL_POLICY_FLOOR>CLASS_FLOOR>INSTRUMENT_LEARNED_FLOOR; LOWER=max; UPPER=min,CONSTRAINED_WALK_FORWARD,WARMUP_OBSERVATIONS,,0,0,,,0.0,,FYERS_PAPER_PROXY_RESEARCH,FYERS_PAPER_RESEARCH_ONLY,COST_MODEL_UNVALIDATED,False,False,DISABLED,Daily market context is disabled until operator review,MANUAL_PROXY_RESEARCH,False,True,MEASURED,FIVE_LEVEL,FYERS_MARKET_DEPTH,5,5,30,30,1530,750,2026-08-24T08:12:21+00:00,IV_UNAVAILABLE,False,0,False,False,DATA_INVALID,7,DataHealth invalid; Contract invalid: Quote stale or spread hard rejected.; SideDirection hard reject: -4.7 < 65.0; PremiumElasticity hard reject: 0.30 < 1.00; Expected/Required hard reject: 1.42 < 1.60; TradeQuality below configured minimum; ConvexityEdge below excellent gate: 57.4 < 80.0,,
2026-08-24T13:42:42.078479+05:30,2026-08-24,BANKNIFTY,NSE,INDEX,NSE_INDEX,PAPER_ELIGIBLE,INDEX:BANKING,paper-strategy-8ade763620b6,opportunity-score-8ade763620b6,universe-a8e55c76a270,PAPER_OVERRIDE::FYERS_PAPER_PROXY_RESEARCH,CE,UNKNOWN,57500.0,4.7,False,,,Underlying move below identification minimum.,False,,,,,ATM IV unavailable.,0.0000,banknifty_fast_wbci,VALID,4.6949,2e840ccd58d1,WARMUP_OBSERVATIONS,134,1,0,80.0,65.0,1.0,1.6,70.0,65.0,35.0,50.0,inf,2.0,10.0,GLOBAL_POLICY_FLOOR>CLASS_FLOOR>INSTRUMENT_LEARNED_FLOOR; LOWER=max; UPPER=min,CONSTRAINED_WALK_FORWARD,WARMUP_OBSERVATIONS,,0,0,,,0.0,,FYERS_PAPER_PROXY_RESEARCH,FYERS_PAPER_RESEARCH_ONLY,COST_MODEL_UNVALIDATED,False,False,DISABLED,Daily market context is disabled until operator review,MANUAL_PROXY_RESEARCH,False,True,MEASURED,FIVE_LEVEL,FYERS_MARKET_DEPTH,5,5,150,90,1020,780,2026-08-24T08:12:21+00:00,IV_UNAVAILABLE,False,0,False,False,DATA_INVALID,7,DataHealth invalid; Contract invalid: Quote stale or spread hard rejected.; SideDirection hard reject: 4.7 < 65.0; PremiumElasticity hard reject: 0.30 < 1.00; Expected/Required hard reject: 1.42 < 1.60; TradeQuality below configured minimum; ConvexityEdge below excellent gate: 57.4 < 80.0,,
2026-08-24T13:42:42.078479+05:30,2026-08-24,BANKNIFTY,NSE,INDEX,NSE_INDEX,PAPER_ELIGIBLE,INDEX:BANKING,paper-strategy-8ade763620b6,opportunity-score-8ade763620b6,universe-a8e55c76a270,PAPER_OVERRIDE::FYERS_PAPER_PROXY_RESEARCH,PE,UNKNOWN,57500.0,0.0,False,,,Underlying move below identification minimum.,False,,,,,ATM IV unavailable.,0.0000,banknifty_fast_wbci,VALID,4.6949,2e840ccd58d1,WARMUP_OBSERVATIONS,134,1,0,80.0,65.0,1.0,1.6,70.0,65.0,35.0,50.0,inf,2.0,10.0,GLOBAL_POLICY_FLOOR>CLASS_FLOOR>INSTRUMENT_LEARNED_FLOOR; LOWER=max; UPPER=min,CONSTRAINED_WALK_FORWARD,WARMUP_OBSERVATIONS,,0,0,,,0.0,,FYERS_PAPER_PROXY_RESEARCH,FYERS_PAPER_RESEARCH_ONLY,COST_MODEL_UNVALIDATED,False,False,DISABLED,Daily market context is disabled until operator review,MANUAL_PROXY_RESEARCH,False,True,MEASURED,FIVE_LEVEL,FYERS_MARKET_DEPTH,5,5,30,180,420,750,2026-08-24T08:12:21+00:00,IV_UNAVAILABLE,False,0,False,False,DATA_INVALID,7,DataHealth invalid; Contract invalid: Quote stale or spread hard rejected.; SideDirection hard reject: -4.7 < 65.0; PremiumElasticity hard reject: 0.70 < 1.00; Expected/Required hard reject: 1.42 < 1.60; TradeQuality below configured minimum; ConvexityEdge below excellent gate: 71.4 < 80.0,,
2026-08-24T13:42:42.078479+05:30,2026-08-24,FINNIFTY,NSE,INDEX,NSE_INDEX,PAPER_ELIGIBLE,INDEX:FINANCIALS,paper-strategy-8ade763620b6,opportunity-score-8ade763620b6,universe-a8e55c76a270,PAPER_OVERRIDE::FYERS_PAPER_PROXY_RESEARCH,CE,UNKNOWN,26200.0,3.1,False,,,Underlying move below identification minimum.,False,,,,,ATM IV unavailable.,0.0000,finnifty_leadership_proxy,VALID,3.1092,e172b0fef65b,WARMUP_OBSERVATIONS,75,1,0,80.0,65.0,1.0,1.6,70.0,65.0,35.0,50.0,inf,2.0,10.0,GLOBAL_POLICY_FLOOR>CLASS_FLOOR>INSTRUMENT_LEARNED_FLOOR; LOWER=max; UPPER=min,CONSTRAINED_WALK_FORWARD,WARMUP_OBSERVATIONS,,0,0,,,0.0,,FYERS_PAPER_PROXY_RESEARCH,FYERS_PAPER_RESEARCH_ONLY,COST_MODEL_UNVALIDATED,False,False,DISABLED,Daily market context is disabled until operator review,MANUAL_PROXY_RESEARCH,False,True,MEASURED,FIVE_LEVEL,FYERS_MARKET_DEPTH,5,5,180,120,540,480,2026-08-24T08:12:11+00:00,IV_UNAVAILABLE,False,0,False,False,DATA_INVALID,7,DataHealth invalid; Contract invalid: Quote stale or spread hard rejected.; SideDirection hard reject: 3.1 < 65.0; PremiumElasticity hard reject: 0.30 < 1.00; Expected/Required hard reject: 1.25 < 1.60; TradeQuality below configured minimum; ConvexityEdge below excellent gate: 57.4 < 80.0,,
2026-08-24T13:42:42.078479+05:30,2026-08-24,MIDCPNIFTY,NSE,INDEX,NSE_INDEX,PAPER_ELIGIBLE,INDEX:MIDCAP,paper-strategy-8ade763620b6,opportunity-score-8ade763620b6,universe-a8e55c76a270,PAPER_OVERRIDE::FYERS_PAPER_PROXY_RESEARCH,PE,UNKNOWN,14875.0,0.0,False,,,Underlying move below identification minimum.,False,,,,,ATM IV unavailable.,11.8902,midcap_direction_proxy,PARTIAL_MIDCAP,7.6936,712afad509f5,WARMUP_OBSERVATIONS,72,1,0,80.0,65.0,1.0,1.6,70.0,65.0,35.0,50.0,inf,2.0,10.0,GLOBAL_POLICY_FLOOR>CLASS_FLOOR>INSTRUMENT_LEARNED_FLOOR; LOWER=max; UPPER=min,CONSTRAINED_WALK_FORWARD,WARMUP_OBSERVATIONS,,0,0,,,0.0,,FYERS_PAPER_PROXY_RESEARCH,FYERS_PAPER_RESEARCH_ONLY,COST_MODEL_UNVALIDATED,False,False,DISABLED,Daily market context is disabled until operator review,MANUAL_PROXY_RESEARCH,False,True,MEASURED,FIVE_LEVEL,FYERS_MARKET_DEPTH,5,5,120,720,1800,3600,2026-08-24T08:12:14+00:00,IV_UNAVAILABLE,False,0,False,False,DATA_INVALID,7,DataHealth invalid; Contract invalid: Quote stale or spread hard rejected.; SideDirection hard reject: -4.2 < 65.0; PremiumElasticity hard reject: 0.50 < 1.00; Expected/Required hard reject: 1.08 < 1.60; TradeQuality below configured minimum; ConvexityEdge below excellent gate: 70.4 < 80.0,,
2026-08-24T13:42:42.078479+05:30,2026-08-24,MIDCPNIFTY,NSE,INDEX,NSE_INDEX,PAPER_ELIGIBLE,INDEX:MIDCAP,paper-strategy-8ade763620b6,opportunity-score-8ade763620b6,universe-a8e55c76a270,PAPER_OVERRIDE::FYERS_PAPER_PROXY_RESEARCH,CE,UNKNOWN,14850.0,4.2,False,,,Underlying move below identification minimum.,False,,,,,ATM IV unavailable.,11.8902,midcap_direction_proxy,PARTIAL_MIDCAP,7.6936,712afad509f5,WARMUP_OBSERVATIONS,72,1,0,80.0,65.0,1.0,1.6,70.0,65.0,35.0,50.0,inf,2.0,10.0,GLOBAL_POLICY_FLOOR>CLASS_FLOOR>INSTRUMENT_LEARNED_FLOOR; LOWER=max; UPPER=min,CONSTRAINED_WALK_FORWARD,WARMUP_OBSERVATIONS,,0,0,,,0.0,,FYERS_PAPER_PROXY_RESEARCH,FYERS_PAPER_RESEARCH_ONLY,COST_MODEL_UNVALIDATED,False,False,DISABLED,Daily market context is disabled until operator review,MANUAL_PROXY_RESEARCH,False,True,MEASURED,FIVE_LEVEL,FYERS_MARKET_DEPTH,5,5,240,240,2160,2520,2026-08-24T08:12:08+00:00,IV_UNAVAILABLE,False,0,False,False,DATA_INVALID,7,DataHealth invalid; Contract invalid: Quote stale or spread hard rejected.; SideDirection hard reject: 4.2 < 65.0; PremiumElasticity hard reject: 0.70 < 1.00; Expected/Required hard reject: 1.08 < 1.60; TradeQuality below configured minimum; ConvexityEdge below excellent gate: 70.4 < 80.0,,
2026-08-24T13:42:42.078479+05:30,2026-08-24,ADANIENT,NSE,STOCK,NSE_STOCK_OPTION,PAPER_ELIGIBLE,STOCK:ADANIENT,paper-strategy-8ade763620b6,opportunity-score-8ade763620b6,universe-a8e55c76a270,PAPER_OVERRIDE::FYERS_PAPER_PROXY_RESEARCH,CE,UNKNOWN,3000.0,9.7,False,,,No prior observation for contract.,False,,,,,ATM IV unavailable.,,ADANIENT,NOT_CONFIGURED,,ead8624c1bbc,WARMUP_OBSERVATIONS,9,1,0,90.0,65.0,1.0,1.6,70.0,65.0,35.0,50.0,inf,3.0,20.0,GLOBAL_POLICY_FLOOR>CLASS_FLOOR>INSTRUMENT_LEARNED_FLOOR; LOWER=max; UPPER=min,CONSTRAINED_WALK_FORWARD,WARMUP_OBSERVATIONS,,0,0,,,0.0,,FYERS_PAPER_PROXY_RESEARCH,FYERS_PAPER_RESEARCH_ONLY,COST_MODEL_UNVALIDATED,False,False,DISABLED,Daily market context is disabled until operator review,MANUAL_PROXY_RESEARCH,False,True,MEASURED,FIVE_LEVEL,FYERS_MARKET_DEPTH,5,5,618,309,3090,2163,2026-08-24T08:11:58+00:00,IV_UNAVAILABLE,False,0,False,False,DATA_INVALID,11,DataHealth invalid; Contract invalid: Quote stale or spread hard rejected.; SideDirection hard reject: 9.7 < 65.0; PremiumElasticity hard reject: 0.50 < 1.00; Expected/Required hard reject: 1.17 < 1.60; TradeQuality below configured minimum; FinalConfidence below configured minimum; ExecutionQuality below excellent gate: 6.3 < 80.0; ConvexityEdge below excellent gate: 71.4 < 80.0; OpportunityConfidence below excellent gate: 59.3 < 70.0; RegimeFit below excellent gate: 60.0 < 70.0,,
2026-08-24T13:42:42.078479+05:30,2026-08-24,ADANIENT,NSE,STOCK,NSE_STOCK_OPTION,PAPER_ELIGIBLE,STOCK:ADANIENT,paper-strategy-8ade763620b6,opportunity-score-8ade763620b6,universe-a8e55c76a270,PAPER_OVERRIDE::FYERS_PAPER_PROXY_RESEARCH,PE,UNKNOWN,3000.0,0.0,False,,,No prior observation for contract.,False,,,,,ATM IV unavailable.,,ADANIENT,NOT_CONFIGURED,,ead8624c1bbc,WARMUP_OBSERVATIONS,9,1,0,90.0,65.0,1.0,1.6,70.0,65.0,35.0,50.0,inf,3.0,20.0,GLOBAL_POLICY_FLOOR>CLASS_FLOOR>INSTRUMENT_LEARNED_FLOOR; LOWER=max; UPPER=min,CONSTRAINED_WALK_FORWARD,WARMUP_OBSERVATIONS,,0,0,,,0.0,,FYERS_PAPER_PROXY_RESEARCH,FYERS_PAPER_RESEARCH_ONLY,COST_MODEL_UNVALIDATED,False,False,DISABLED,Daily market context is disabled until operator review,MANUAL_PROXY_RESEARCH,False,True,MEASURED,FIVE_LEVEL,FYERS_MARKET_DEPTH,5,5,309,309,2781,1545,2026-08-24T08:11:43+00:00,IV_UNAVAILABLE,False,0,False,False,DATA_INVALID,11,DataHealth invalid; Contract invalid: Quote stale or spread hard rejected.; SideDirection hard reject: -9.7 < 65.0; PremiumElasticity hard reject: 0.50 < 1.00; Expected/Required hard reject: 1.17 < 1.60; TradeQuality below configured minimum; FinalConfidence below configured minimum; ExecutionQuality below excellent gate: 30.0 < 80.0; ConvexityEdge below excellent gate: 71.4 < 80.0; OpportunityConfidence below excellent gate: 61.1 < 70.0; RegimeFit below excellent gate: 60.0 < 70.0,,
2026-08-24T13:42:42.078479+05:30,2026-08-24,ADANIENT,NSE,STOCK,NSE_STOCK_OPTION,PAPER_ELIGIBLE,STOCK:ADANIENT,paper-strategy-8ade763620b6,opportunity-score-8ade763620b6,universe-a8e55c76a270,PAPER_OVERRIDE::FYERS_PAPER_PROXY_RESEARCH,PE,UNKNOWN,2960.0,0.0,False,,,No prior observation for contract.,False,,,,,ATM IV unavailable.,,ADANIENT,NOT_CONFIGURED,,ead8624c1bbc,WARMUP_OBSERVATIONS,9,1,0,90.0,65.0,1.0,1.6,70.0,65.0,35.0,50.0,inf,3.0,20.0,GLOBAL_POLICY_FLOOR>CLASS_FLOOR>INSTRUMENT_LEARNED_FLOOR; LOWER=max; UPPER=min,CONSTRAINED_WALK_FORWARD,WARMUP_OBSERVATIONS,,0,0,,,0.0,,FYERS_PAPER_PROXY_RESEARCH,FYERS_PAPER_RESEARCH_ONLY,COST_MODEL_UNVALIDATED,False,False,DISABLED,Daily market context is disabled until operator review,MANUAL_PROXY_RESEARCH,False,True,MEASURED,FIVE_LEVEL,FYERS_MARKET_DEPTH,5,5,618,618,2472,2163,2026-08-24T08:07:20+00:00,IV_UNAVAILABLE,False,0,False,False,DATA_INVALID,11,DataHealth invalid; Contract invalid: Quote stale or spread hard rejected.; SideDirection hard reject: -9.7 < 65.0; PremiumElasticity hard reject: 0.30 < 1.00; Expected/Required hard reject: 1.17 < 1.60; TradeQuality below configured minimum; FinalConfidence below configured minimum; ExecutionQuality below excellent gate: 0.0 < 80.0; ConvexityEdge below excellent gate: 57.4 < 80.0; OpportunityConfidence below excellent gate: 42.8 < 70.0; RegimeFit below excellent gate: 60.0 < 70.0,,
2026-08-24T13:42:42.078479+05:30,2026-08-24,ADANIPORTS,NSE,STOCK,NSE_STOCK_OPTION,PAPER_ELIGIBLE,STOCK:ADANIPORTS,paper-strategy-8ade763620b6,opportunity-score-8ade763620b6,universe-a8e55c76a270,PAPER_OVERRIDE::FYERS_PAPER_PROXY_RESEARCH,PE,UNKNOWN,1680.0,0.0,False,,,No prior observation for contract.,False,,,,,ATM IV unavailable.,,ADANIPORTS,NOT_CONFIGURED,,0ea962f87095,WARMUP_OBSERVATIONS,9,1,0,90.0,65.0,1.0,1.6,70.0,65.0,35.0,50.0,inf,3.0,20.0,GLOBAL_POLICY_FLOOR>CLASS_FLOOR>INSTRUMENT_LEARNED_FLOOR; LOWER=max; UPPER=min,CONSTRAINED_WALK_FORWARD,WARMUP_OBSERVATIONS,,0,0,,,0.0,,FYERS_PAPER_PROXY_RESEARCH,FYERS_PAPER_RESEARCH_ONLY,COST_MODEL_UNVALIDATED,False,False,DISABLED,Daily market context is disabled until operator review,MANUAL_PROXY_RESEARCH,False,True,MEASURED,FIVE_LEVEL,FYERS_MARKET_DEPTH,5,5,475,475,2850,6650,2026-08-24T08:12:12+00:00,IV_UNAVAILABLE,False,0,False,False,DATA_INVALID,11,DataHealth invalid; Contract invalid: Quote stale or spread hard rejected.; SideDirection hard reject: -4.8 < 65.0; PremiumElasticity hard reject: 0.50 < 1.00; Expected/Required hard reject: 1.17 < 1.60; TradeQuality below configured minimum; FinalConfidence below configured minimum; ExecutionQuality below excellent gate: 0.0 < 80.0; ConvexityEdge below excellent gate: 71.4 < 80.0; OpportunityConfidence below excellent gate: 34.0 < 70.0; RegimeFit below excellent gate: 60.0 < 70.0,,
2026-08-24T13:42:42.078479+05:30,2026-08-24,ADANIPORTS,NSE,STOCK,NSE_STOCK_OPTION,PAPER_ELIGIBLE,STOCK:ADANIPORTS,paper-strategy-8ade763620b6,opportunity-score-8ade763620b6,universe-a8e55c76a270,PAPER_OVERRIDE::FYERS_PAPER_PROXY_RESEARCH,CE,UNKNOWN,1660.0,4.8,False,,,No prior observation for contract.,False,,,,,ATM IV unavailable.,,ADANIPORTS,NOT_CONFIGURED,,0ea962f87095,WARMUP_OBSERVATIONS,9,1,0,90.0,65.0,1.0,1.6,70.0,65.0,35.0,50.0,inf,3.0,20.0,GLOBAL_POLICY_FLOOR>CLASS_FLOOR>INSTRUMENT_LEARNED_FLOOR; LOWER=max; UPPER=min,CONSTRAINED_WALK_FORWARD,WARMUP_OBSERVATIONS,,0,0,,,0.0,,FYERS_PAPER_PROXY_RESEARCH,FYERS_PAPER_RESEARCH_ONLY,COST_MODEL_UNVALIDATED,False,False,DISABLED,Daily market context is disabled until operator review,MANUAL_PROXY_RESEARCH,False,True,MEASURED,FIVE_LEVEL,FYERS_MARKET_DEPTH,5,5,950,950,5700,3800,2026-08-24T08:11:35+00:00,IV_UNAVAILABLE,False,0,False,False,DATA_INVALID,11,DataHealth invalid; Contract invalid: Quote stale or spread hard rejected.; SideDirection hard reject: 4.8 < 65.0; PremiumElasticity hard reject: 0.70 < 1.00; Expected/Required hard reject: 1.17 < 1.60; TradeQuality below configured minimum; FinalConfidence below configured minimum; ExecutionQuality below excellent gate: 24.9 < 80.0; ConvexityEdge below excellent gate: 71.4 < 80.0; OpportunityConfidence below excellent gate: 58.5 < 70.0; RegimeFit below excellent gate: 60.0 < 70.0,,
2026-08-24T13:42:42.078479+05:30,2026-08-24,ADANIPORTS,NSE,STOCK,NSE_STOCK_OPTION,PAPER_ELIGIBLE,STOCK:ADANIPORTS,paper-strategy-8ade763620b6,opportunity-score-8ade763620b6,universe-a8e55c76a270,PAPER_OVERRIDE::FYERS_PAPER_PROXY_RESEARCH,PE,UNKNOWN,1700.0,0.0,False,,,No prior observation for contract.,False,,,,,ATM IV unavailable.,,ADANIPORTS,NOT_CONFIGURED,,0ea962f87095,WARMUP_OBSERVATIONS,9,1,0,90.0,65.0,1.0,1.6,70.0,65.0,35.0,50.0,inf,3.0,20.0,GLOBAL_POLICY_FLOOR>CLASS_FLOOR>INSTRUMENT_LEARNED_FLOOR; LOWER=max; UPPER=min,CONSTRAINED_WALK_FORWARD,WARMUP_OBSERVATIONS,,0,0,,,0.0,,FYERS_PAPER_PROXY_RESEARCH,FYERS_PAPER_RESEARCH_ONLY,COST_MODEL_UNVALIDATED,False,False,DISABLED,Daily market context is disabled until operator review,MANUAL_PROXY_RESEARCH,False,True,MEASURED,FIVE_LEVEL,FYERS_MARKET_DEPTH,5,5,475,950,2375,2850,2026-08-24T08:12:12+00:00,IV_UNAVAILABLE,False,0,False,False,DATA_INVALID,11,DataHealth invalid; Contract invalid: Quote stale or spread hard rejected.; SideDirection hard reject: -4.8 < 65.0; PremiumElasticity hard reject: 0.70 < 1.00; Expected/Required hard reject: 1.17 < 1.60; TradeQuality below configured minimum; FinalConfidence below configured minimum; ExecutionQuality below excellent gate: 31.7 < 80.0; ConvexityEdge below excellent gate: 71.4 < 80.0; OpportunityConfidence below excellent gate: 58.4 < 70.0; RegimeFit below excellent gate: 60.0 < 70.0,,
2026-08-24T13:42:42.078479+05:30,2026-08-24,APOLLOHOSP,NSE,STOCK,NSE_STOCK_OPTION,PAPER_ELIGIBLE,STOCK:APOLLOHOSP,paper-strategy-8ade763620b6,opportunity-score-8ade763620b6,universe-a8e55c76a270,PAPER_OVERRIDE::FYERS_PAPER_PROXY_RESEARCH,CE,UNKNOWN,8700.0,0.0,False,,,No prior observation for contract.,False,,,,,ATM IV unavailable.,,APOLLOHOSP,NOT_CONFIGURED,,ab5ab84a5e2b,WARMUP_OBSERVATIONS,9,1,0,90.0,65.0,1.0,1.6,70.0,65.0,35.0,50.0,inf,3.0,20.0,GLOBAL_POLICY_FLOOR>CLASS_FLOOR>INSTRUMENT_LEARNED_FLOOR; LOWER=max; UPPER=min,CONSTRAINED_WALK_FORWARD,WARMUP_OBSERVATIONS,,0,0,,,0.0,,FYERS_PAPER_PROXY_RESEARCH,FYERS_PAPER_RESEARCH_ONLY,COST_MODEL_UNVALIDATED,False,False,DISABLED,Daily market context is disabled until operator review,MANUAL_PROXY_RESEARCH,False,True,MEASURED,FIVE_LEVEL,FYERS_MARKET_DEPTH,5,5,125,250,875,1125,2026-08-24T08:12:15+00:00,IV_UNAVAILABLE,False,0,False,False,DATA_INVALID,11,DataHealth invalid; Contract invalid: Quote stale or spread hard rejected.; SideDirection hard reject: -0.9 < 65.0; PremiumElasticity hard reject: 0.50 < 1.00; Expected/Required hard reject: 1.17 < 1.60; TradeQuality below configured minimum; FinalConfidence below configured minimum; ExecutionQuality below excellent gate: 39.3 < 80.0; ConvexityEdge below excellent gate: 71.4 < 80.0; OpportunityConfidence below excellent gate: 55.5 < 70.0; RegimeFit below excellent gate: 60.0 < 70.0,,
2026-08-24T13:42:42.078479+05:30,2026-08-24,APOLLOHOSP,NSE,STOCK,NSE_STOCK_OPTION,PAPER_ELIGIBLE,STOCK:APOLLOHOSP,paper-strategy-8ade763620b6,opportunity-score-8ade763620b6,universe-a8e55c76a270,PAPER_OVERRIDE::FYERS_PAPER_PROXY_RESEARCH,PE,UNKNOWN,8600.0,0.9,False,,,No prior observation for contract.,False,,,,,ATM IV unavailable.,,APOLLOHOSP,NOT_CONFIGURED,,ab5ab84a5e2b,WARMUP_OBSERVATIONS,9,1,0,90.0,65.0,1.0,1.6,70.0,65.0,35.0,50.0,inf,3.0,20.0,GLOBAL_POLICY_FLOOR>CLASS_FLOOR>INSTRUMENT_LEARNED_FLOOR; LOWER=max; UPPER=min,CONSTRAINED_WALK_FORWARD,WARMUP_OBSERVATIONS,,0,0,,,0.0,,FYERS_PAPER_PROXY_RESEARCH,FYERS_PAPER_RESEARCH_ONLY,COST_MODEL_UNVALIDATED,False,False,DISABLED,Daily market context is disabled until operator review,MANUAL_PROXY_RESEARCH,False,True,MEASURED,FIVE_LEVEL,FYERS_MARKET_DEPTH,5,5,250,125,1000,875,2026-08-24T08:11:34+00:00,IV_UNAVAILABLE,False,0,False,False,DATA_INVALID,11,DataHealth invalid; Contract invalid: Quote stale or spread hard rejected.; SideDirection hard reject: 0.9 < 65.0; PremiumElasticity hard reject: 0.30 < 1.00; Expected/Required hard reject: 1.17 < 1.60; TradeQuality below configured minimum; FinalConfidence below configured minimum; ExecutionQuality below excellent gate: 0.0 < 80.0; ConvexityEdge below excellent gate: 57.4 < 80.0; OpportunityConfidence below excellent gate: 32.4 < 70.0; RegimeFit below excellent gate: 60.0 < 70.0,,
2026-08-24T13:42:42.078479+05:30,2026-08-24,APOLLOHOSP,NSE,STOCK,NSE_STOCK_OPTION,PAPER_ELIGIBLE,STOCK:APOLLOHOSP,paper-strategy-8ade763620b6,opportunity-score-8ade763620b6,universe-a8e55c76a270,PAPER_OVERRIDE::FYERS_PAPER_PROXY_RESEARCH,CE,UNKNOWN,8800.0,0.0,False,,,No prior observation for contract.,False,,,,,ATM IV unavailable.,,APOLLOHOSP,NOT_CONFIGURED,,ab5ab84a5e2b,WARMUP_OBSERVATIONS,9,1,0,90.0,65.0,1.0,1.6,70.0,65.0,35.0,50.0,inf,3.0,20.0,GLOBAL_POLICY_FLOOR>CLASS_FLOOR>INSTRUMENT_LEARNED_FLOOR; LOWER=max; UPPER=min,CONSTRAINED_WALK_FORWARD,WARMUP_OBSERVATIONS,,0,0,,,0.0,,FYERS_PAPER_PROXY_RESEARCH,FYERS_PAPER_RESEARCH_ONLY,COST_MODEL_UNVALIDATED,False,False,DISABLED,Daily market context is disabled until operator review,MANUAL_PROXY_RESEARCH,False,True,MEASURED,FIVE_LEVEL,FYERS_MARKET_DEPTH,5,5,250,250,1375,875,2026-08-24T08:11:47+00:00,IV_UNAVAILABLE,False,0,False,False,DATA_INVALID,11,DataHealth invalid; Contract invalid: Quote stale or spread hard rejected.; SideDirection hard reject: -0.9 < 65.0; PremiumElasticity hard reject: 0.30 < 1.00; Expected/Required hard reject: 1.17 < 1.60; TradeQuality below configured minimum; FinalConfidence below configured minimum; ExecutionQuality below excellent gate: 0.0 < 80.0; ConvexityEdge below excellent gate: 57.4 < 80.0; OpportunityConfidence below excellent gate: 35.5 < 70.0; RegimeFit below excellent gate: 60.0 < 70.0,,
2026-08-24T13:42:42.078479+05:30,2026-08-24,ASIANPAINT,NSE,STOCK,NSE_STOCK_OPTION,PAPER_ELIGIBLE,STOCK:ASIANPAINT,paper-strategy-8ade763620b6,opportunity-score-8ade763620b6,universe-a8e55c76a270,PAPER_OVERRIDE::FYERS_PAPER_PROXY_RESEARCH,CE,UNKNOWN,2640.0,5.8,False,,,Observation interval exceeds rolling window.,False,,,,,ATM IV unavailable.,,ASIANPAINT,NOT_CONFIGURED,,8512c046e489,WARMUP_OBSERVATIONS,21,1,0,90.0,65.0,1.0,1.6,70.0,65.0,35.0,50.0,inf,3.0,20.0,GLOBAL_POLICY_FLOOR>CLASS_FLOOR>INSTRUMENT_LEARNED_FLOOR; LOWER=max; UPPER=min,CONSTRAINED_WALK_FORWARD,WARMUP_OBSERVATIONS,,0,0,,,0.0,,FYERS_PAPER_PROXY_RESEARCH,FYERS_PAPER_RESEARCH_ONLY,COST_MODEL_UNVALIDATED,False,False,DISABLED,Daily market context is disabled until operator review,MANUAL_PROXY_RESEARCH,False,True,MEASURED,FIVE_LEVEL,FYERS_MARKET_DEPTH,5,5,750,750,4250,4500,2026-08-24T08:11:41+00:00,IV_UNAVAILABLE,False,0,False,False,DATA_INVALID,11,DataHealth invalid; Contract invalid: Quote stale or spread hard rejected.; SideDirection hard reject: 5.8 < 65.0; PremiumElasticity hard reject: 0.50 < 1.00; Expected/Required hard reject: 1.17 < 1.60; TradeQuality below configured minimum; FinalConfidence below configured minimum; ExecutionQuality below excellent gate: 0.0 < 80.0; ConvexityEdge below excellent gate: 71.4 < 80.0; OpportunityConfidence below excellent gate: 47.1 < 70.0; RegimeFit below excellent gate: 60.0 < 70.0,,
2026-08-24T13:42:42.078479+05:30,2026-08-24,ASIANPAINT,NSE,STOCK,NSE_STOCK_OPTION,PAPER_ELIGIBLE,STOCK:ASIANPAINT,paper-strategy-8ade763620b6,opportunity-score-8ade763620b6,universe-a8e55c76a270,PAPER_OVERRIDE::FYERS_PAPER_PROXY_RESEARCH,PE,UNKNOWN,2640.0,0.0,False,,,Observation interval exceeds rolling window.,False,,,,,ATM IV unavailable.,,ASIANPAINT,NOT_CONFIGURED,,8512c046e489,WARMUP_OBSERVATIONS,21,1,0,90.0,65.0,1.0,1.6,70.0,65.0,35.0,50.0,inf,3.0,20.0,GLOBAL_POLICY_FLOOR>CLASS_FLOOR>INSTRUMENT_LEARNED_FLOOR; LOWER=max; UPPER=min,CONSTRAINED_WALK_FORWARD,WARMUP_OBSERVATIONS,,0,0,,,0.0,,FYERS_PAPER_PROXY_RESEARCH,FYERS_PAPER_RESEARCH_ONLY,COST_MODEL_UNVALIDATED,False,False,DISABLED,Daily market context is disabled until operator review,MANUAL_PROXY_RESEARCH,False,True,MEASURED,FIVE_LEVEL,FYERS_MARKET_DEPTH,5,5,250,250,1750,2000,2026-08-24T08:08:04+00:00,IV_UNAVAILABLE,False,0,False,False,DATA_INVALID,10,DataHealth invalid; Contract invalid: Quote stale or spread hard rejected.; SideDirection hard reject: -5.8 < 65.0; PremiumElasticity hard reject: 0.50 < 1.00; Expected/Required hard reject: 1.17 < 1.60; TradeQuality below configured minimum; ExecutionQuality below excellent gate: 28.0 < 80.0; ConvexityEdge below excellent gate: 71.4 < 80.0; OpportunityConfidence below excellent gate: 65.9 < 70.0; RegimeFit below excellent gate: 60.0 < 70.0,,
2026-08-24T13:42:42.078479+05:30,2026-08-24,ASIANPAINT,NSE,STOCK,NSE_STOCK_OPTION,PAPER_ELIGIBLE,STOCK:ASIANPAINT,paper-strategy-8ade763620b6,opportunity-score-8ade763620b6,universe-a8e55c76a270,PAPER_OVERRIDE::FYERS_PAPER_PROXY_RESEARCH,CE,UNKNOWN,2620.0,5.8,False,,,Observation interval exceeds rolling window.,False,,,,,ATM IV unavailable.,,ASIANPAINT,NOT_CONFIGURED,,8512c046e489,WARMUP_OBSERVATIONS,21,1,0,90.0,65.0,1.0,1.6,70.0,65.0,35.0,50.0,inf,3.0,20.0,GLOBAL_POLICY_FLOOR>CLASS_FLOOR>INSTRUMENT_LEARNED_FLOOR; LOWER=max; UPPER=min,CONSTRAINED_WALK_FORWARD,WARMUP_OBSERVATIONS,,0,0,,,0.0,,FYERS_PAPER_PROXY_RESEARCH,FYERS_PAPER_RESEARCH_ONLY,COST_MODEL_UNVALIDATED,False,False,DISABLED,Daily market context is disabled until operator review,MANUAL_PROXY_RESEARCH,False,True,MEASURED,FIVE_LEVEL,FYERS_MARKET_DEPTH,5,5,250,750,1750,3000,2026-08-24T08:09:49+00:00,IV_UNAVAILABLE,False,0,False,False,DATA_INVALID,11,DataHealth invalid; Contract invalid: Quote stale or spread hard rejected.; SideDirection hard reject: 5.8 < 65.0; PremiumElasticity hard reject: 0.70 < 1.00; Expected/Required hard reject: 1.17 < 1.60; TradeQuality below configured minimum; FinalConfidence below configured minimum; ExecutionQuality below excellent gate: 0.0 < 80.0; ConvexityEdge below excellent gate: 71.4 < 80.0; OpportunityConfidence below excellent gate: 41.1 < 70.0; RegimeFit below excellent gate: 60.0 < 70.0,,
2026-08-24T13:42:42.078479+05:30,2026-08-24,ASIANPAINT,NSE,STOCK,NSE_STOCK_OPTION,PAPER_ELIGIBLE,STOCK:ASIANPAINT,paper-strategy-8ade763620b6,opportunity-score-8ade763620b6,universe-a8e55c76a270,PAPER_OVERRIDE::FYERS_PAPER_PROXY_RESEARCH,PE,UNKNOWN,2620.0,0.0,False,,,Observation interval exceeds rolling window.,False,,,,,ATM IV unavailable.,,ASIANPAINT,NOT_CONFIGURED,,8512c046e489,WARMUP_OBSERVATIONS,21,1,0,90.0,65.0,1.0,1.6,70.0,65.0,35.0,50.0,inf,3.0,20.0,GLOBAL_POLICY_FLOOR>CLASS_FLOOR>INSTRUMENT_LEARNED_FLOOR; LOWER=max; UPPER=min,CONSTRAINED_WALK_FORWARD,WARMUP_OBSERVATIONS,,0,0,,,0.0,,FYERS_PAPER_PROXY_RESEARCH,FYERS_PAPER_RESEARCH_ONLY,COST_MODEL_UNVALIDATED,False,False,DISABLED,Daily market context is disabled until operator review,MANUAL_PROXY_RESEARCH,False,True,MEASURED,FIVE_LEVEL,FYERS_MARKET_DEPTH,5,5,500,500,2750,3000,2026-08-24T08:09:43+00:00,IV_UNAVAILABLE,False,0,False,False,DATA_INVALID,11,DataHealth invalid; Contract invalid: Quote stale or spread hard rejected.; SideDirection hard reject: -5.8 < 65.0; PremiumElasticity hard reject: 0.30 < 1.00; Expected/Required hard reject: 1.17 < 1.60; TradeQuality below configured minimum; FinalConfidence below configured minimum; ExecutionQuality below excellent gate: 0.0 < 80.0; ConvexityEdge below excellent gate: 57.4 < 80.0; OpportunityConfidence below excellent gate: 45.5 < 70.0; RegimeFit below excellent gate: 60.0 < 70.0,,
2026-08-24T13:42:42.078479+05:30,2026-08-24,AXISBANK,NSE,STOCK,NSE_STOCK_OPTION,PAPER_ELIGIBLE,STOCK:AXISBANK,paper-strategy-8ade763620b6,opportunity-score-8ade763620b6,universe-a8e55c76a270,PAPER_OVERRIDE::FYERS_PAPER_PROXY_RESEARCH,PE,UNKNOWN,1260.0,0.0,False,,,Observation interval exceeds rolling window.,False,,,,,ATM IV unavailable.,,AXISBANK,NOT_CONFIGURED,,cfeb90d03746,WARMUP_OBSERVATIONS,4,1,0,90.0,65.0,1.0,1.6,70.0,65.0,35.0,50.0,inf,3.0,20.0,GLOBAL_POLICY_FLOOR>CLASS_FLOOR>INSTRUMENT_LEARNED_FLOOR; LOWER=max; UPPER=min,CONSTRAINED_WALK_FORWARD,WARMUP_OBSERVATIONS,,0,0,,,0.0,,FYERS_PAPER_PROXY_RESEARCH,FYERS_PAPER_RESEARCH_ONLY,COST_MODEL_UNVALIDATED,False,False,DISABLED,Daily market context is disabled until operator review,MANUAL_PROXY_RESEARCH,False,True,MEASURED,FIVE_LEVEL,FYERS_MARKET_DEPTH,5,5,1250,625,5000,3750,2026-08-24T08:12:13+00:00,IV_UNAVAILABLE,False,0,False,False,DATA_INVALID,11,DataHealth invalid; Contract invalid: Quote stale or spread hard rejected.; SideDirection hard reject: -0.0 < 65.0; PremiumElasticity hard reject: 0.70 < 1.00; Expected/Required hard reject: 1.17 < 1.60; TradeQuality below configured minimum; FinalConfidence below configured minimum; ExecutionQuality below excellent gate: 77.2 < 80.0; ConvexityEdge below excellent gate: 71.4 < 80.0; OpportunityConfidence below excellent gate: 61.5 < 70.0; RegimeFit below excellent gate: 60.0 < 70.0,,
2026-08-24T13:44:13.345372+05:30,2026-08-24,NIFTY,NSE,INDEX,NSE_INDEX,PAPER_ELIGIBLE,INDEX:BROAD_EQUITY,paper-strategy-8ade763620b6,opportunity-score-8ade763620b6,universe-a8e55c76a270,PAPER_OVERRIDE::FYERS_PAPER_PROXY_RESEARCH,CE,UNKNOWN,24100.0,1.0,False,,,Underlying move below identification minimum.,False,,,,,ATM IV unavailable.,0.0000,nifty_leadership_proxy,VALID,0.9766,00929e22c867,WARMUP_OBSERVATIONS,14,1,0,80.0,65.0,1.0,1.6,70.0,65.0,35.0,50.0,inf,2.0,10.0,GLOBAL_POLICY_FLOOR>CLASS_FLOOR>INSTRUMENT_LEARNED_FLOOR; LOWER=max; UPPER=min,CONSTRAINED_WALK_FORWARD,WARMUP_OBSERVATIONS,,0,0,,,0.0,,FYERS_PAPER_PROXY_RESEARCH,FYERS_PAPER_RESEARCH_ONLY,COST_MODEL_UNVALIDATED,False,False,DISABLED,Daily market context is disabled until operator review,MANUAL_PROXY_RESEARCH,False,True,MEASURED,FIVE_LEVEL,FYERS_MARKET_DEPTH,5,5,5135,325,8645,7345,2026-08-24T08:13:39+00:00,IV_UNAVAILABLE,False,0,False,False,DATA_INVALID,7,DataHealth invalid; Contract invalid: Quote stale or spread hard rejected.; SideDirection hard reject: 1.0 < 65.0; PremiumElasticity hard reject: 0.70 < 1.00; Expected/Required hard reject: 1.33 < 1.60; TradeQuality below configured minimum; ConvexityEdge below excellent gate: 71.4 < 80.0,,
2026-08-24T13:44:13.345372+05:30,2026-08-24,BANKNIFTY,NSE,INDEX,NSE_INDEX,PAPER_ELIGIBLE,INDEX:BANKING,paper-strategy-8ade763620b6,opportunity-score-8ade763620b6,universe-a8e55c76a270,PAPER_OVERRIDE::FYERS_PAPER_PROXY_RESEARCH,CE,UNKNOWN,57400.0,2.7,False,,,Underlying move below identification minimum.,False,,,,,ATM IV unavailable.,0.0000,banknifty_fast_wbci,VALID,2.7205,2e840ccd58d1,WARMUP_OBSERVATIONS,149,1,0,80.0,65.0,1.0,1.6,70.0,65.0,35.0,50.0,inf,2.0,10.0,GLOBAL_POLICY_FLOOR>CLASS_FLOOR>INSTRUMENT_LEARNED_FLOOR; LOWER=max; UPPER=min,CONSTRAINED_WALK_FORWARD,WARMUP_OBSERVATIONS,,0,0,,,0.0,,FYERS_PAPER_PROXY_RESEARCH,FYERS_PAPER_RESEARCH_ONLY,COST_MODEL_UNVALIDATED,False,False,DISABLED,Daily market context is disabled until operator review,MANUAL_PROXY_RESEARCH,False,True,MEASURED,FIVE_LEVEL,FYERS_MARKET_DEPTH,5,5,180,60,930,420,2026-08-24T08:13:48+00:00,IV_UNAVAILABLE,False,0,False,False,DATA_INVALID,7,DataHealth invalid; Contract invalid: Quote stale or spread hard rejected.; SideDirection hard reject: 2.7 < 65.0; PremiumElasticity hard reject: 0.50 < 1.00; Expected/Required hard reject: 1.42 < 1.60; TradeQuality below configured minimum; ConvexityEdge below excellent gate: 71.4 < 80.0,,
2026-08-24T13:44:13.345372+05:30,2026-08-24,BANKNIFTY,NSE,INDEX,NSE_INDEX,PAPER_ELIGIBLE,INDEX:BANKING,paper-strategy-8ade763620b6,opportunity-score-8ade763620b6,universe-a8e55c76a270,PAPER_OVERRIDE::FYERS_PAPER_PROXY_RESEARCH,PE,UNKNOWN,57400.0,0.0,False,,,Underlying move below identification minimum.,False,,,,,ATM IV unavailable.,0.0000,banknifty_fast_wbci,VALID,2.7205,2e840ccd58d1,WARMUP_OBSERVATIONS,149,1,0,80.0,65.0,1.0,1.6,70.0,65.0,35.0,50.0,inf,2.0,10.0,GLOBAL_POLICY_FLOOR>CLASS_FLOOR>INSTRUMENT_LEARNED_FLOOR; LOWER=max; UPPER=min,CONSTRAINED_WALK_FORWARD,WARMUP_OBSERVATIONS,,0,0,,,0.0,,FYERS_PAPER_PROXY_RESEARCH,FYERS_PAPER_RESEARCH_ONLY,COST_MODEL_UNVALIDATED,False,False,DISABLED,Daily market context is disabled until operator review,MANUAL_PROXY_RESEARCH,False,True,MEASURED,FIVE_LEVEL,FYERS_MARKET_DEPTH,5,5,30,60,570,2130,2026-08-24T08:13:48+00:00,IV_UNAVAILABLE,False,0,False,False,DATA_INVALID,7,DataHealth invalid; Contract invalid: Quote stale or spread hard rejected.; SideDirection hard reject: -2.7 < 65.0; PremiumElasticity hard reject: 0.50 < 1.00; Expected/Required hard reject: 1.42 < 1.60; TradeQuality below configured minimum; ConvexityEdge below excellent gate: 71.4 < 80.0,,
2026-08-24T13:44:13.345372+05:30,2026-08-24,BANKNIFTY,NSE,INDEX,NSE_INDEX,PAPER_ELIGIBLE,INDEX:BANKING,paper-strategy-8ade763620b6,opportunity-score-8ade763620b6,universe-a8e55c76a270,PAPER_OVERRIDE::FYERS_PAPER_PROXY_RESEARCH,CE,UNKNOWN,57300.0,2.7,False,,,Underlying move below identification minimum.,False,,,,,ATM IV unavailable.,0.0000,banknifty_fast_wbci,VALID,2.7205,2e840ccd58d1,WARMUP_OBSERVATIONS,149,1,0,80.0,65.0,1.0,1.6,70.0,65.0,35.0,50.0,inf,2.0,10.0,GLOBAL_POLICY_FLOOR>CLASS_FLOOR>INSTRUMENT_LEARNED_FLOOR; LOWER=max; UPPER=min,CONSTRAINED_WALK_FORWARD,WARMUP_OBSERVATIONS,,0,0,,,0.0,,FYERS_PAPER_PROXY_RESEARCH,FYERS_PAPER_RESEARCH_ONLY,COST_MODEL_UNVALIDATED,False,False,DISABLED,Daily market context is disabled until operator review,MANUAL_PROXY_RESEARCH,False,True,MEASURED,FIVE_LEVEL,FYERS_MARKET_DEPTH,5,5,30,30,660,780,2026-08-24T08:13:46+00:00,IV_UNAVAILABLE,False,0,False,False,DATA_INVALID,7,DataHealth invalid; Contract invalid: Quote stale or spread hard rejected.; SideDirection hard reject: 2.7 < 65.0; PremiumElasticity hard reject: 0.70 < 1.00; Expected/Required hard reject: 1.42 < 1.60; TradeQuality below configured minimum; ConvexityEdge below excellent gate: 71.4 < 80.0,,
2026-08-24T13:44:13.345372+05:30,2026-08-24,BANKNIFTY,NSE,INDEX,NSE_INDEX,PAPER_ELIGIBLE,INDEX:BANKING,paper-strategy-8ade763620b6,opportunity-score-8ade763620b6,universe-a8e55c76a270,PAPER_OVERRIDE::FYERS_PAPER_PROXY_RESEARCH,PE,UNKNOWN,57300.0,0.0,False,,,Underlying move below identification minimum.,False,,,,,ATM IV unavailable.,0.0000,banknifty_fast_wbci,VALID,2.7205,2e840ccd58d1,WARMUP_OBSERVATIONS,149,1,0,80.0,65.0,1.0,1.6,70.0,65.0,35.0,50.0,inf,2.0,10.0,GLOBAL_POLICY_FLOOR>CLASS_FLOOR>INSTRUMENT_LEARNED_FLOOR; LOWER=max; UPPER=min,CONSTRAINED_WALK_FORWARD,WARMUP_OBSERVATIONS,,0,0,,,0.0,,FYERS_PAPER_PROXY_RESEARCH,FYERS_PAPER_RESEARCH_ONLY,COST_MODEL_UNVALIDATED,False,False,DISABLED,Daily market context is disabled until operator review,MANUAL_PROXY_RESEARCH,False,True,MEASURED,FIVE_LEVEL,FYERS_MARKET_DEPTH,5,5,30,30,810,990,2026-08-24T08:13:47+00:00,IV_UNAVAILABLE,False,0,False,False,DATA_INVALID,7,DataHealth invalid; Contract invalid: Quote stale or spread hard rejected.; SideDirection hard reject: -2.7 < 65.0; PremiumElasticity hard reject: 0.30 < 1.00; Expected/Required hard reject: 1.42 < 1.60; TradeQuality below configured minimum; ConvexityEdge below excellent gate: 57.4 < 80.0,,
2026-08-24T13:44:13.345372+05:30,2026-08-24,FINNIFTY,NSE,INDEX,NSE_INDEX,PAPER_ELIGIBLE,INDEX:FINANCIALS,paper-strategy-8ade763620b6,opportunity-score-8ade763620b6,universe-a8e55c76a270,PAPER_OVERRIDE::FYERS_PAPER_PROXY_RESEARCH,PE,UNKNOWN,26050.0,0.0,False,,,Underlying move below identification minimum.,False,,,,,ATM IV unavailable.,0.0000,finnifty_leadership_proxy,VALID,0.9802,e172b0fef65b,WARMUP_OBSERVATIONS,79,1,0,80.0,65.0,1.0,1.6,70.0,65.0,35.0,50.0,inf,2.0,10.0,GLOBAL_POLICY_FLOOR>CLASS_FLOOR>INSTRUMENT_LEARNED_FLOOR; LOWER=max; UPPER=min,CONSTRAINED_WALK_FORWARD,WARMUP_OBSERVATIONS,,0,0,,,0.0,,FYERS_PAPER_PROXY_RESEARCH,FYERS_PAPER_RESEARCH_ONLY,COST_MODEL_UNVALIDATED,False,False,DISABLED,Daily market context is disabled until operator review,MANUAL_PROXY_RESEARCH,False,True,MEASURED,FIVE_LEVEL,FYERS_MARKET_DEPTH,5,5,180,120,600,600,2026-08-24T08:13:42+00:00,IV_UNAVAILABLE,False,0,False,False,DATA_INVALID,7,DataHealth invalid; Contract invalid: Quote stale or spread hard rejected.; SideDirection hard reject: -1.0 < 65.0; PremiumElasticity hard reject: 0.30 < 1.00; Expected/Required hard reject: 1.25 < 1.60; TradeQuality below configured minimum; ConvexityEdge below excellent gate: 57.4 < 80.0,,
2026-08-24T13:44:13.345372+05:30,2026-08-24,FINNIFTY,NSE,INDEX,NSE_INDEX,PAPER_ELIGIBLE,INDEX:FINANCIALS,paper-strategy-8ade763620b6,opportunity-score-8ade763620b6,universe-a8e55c76a270,PAPER_OVERRIDE::FYERS_PAPER_PROXY_RESEARCH,PE,UNKNOWN,26150.0,0.0,False,,,Underlying move below identification minimum.,False,,,,,ATM IV unavailable.,0.0000,finnifty_leadership_proxy,VALID,0.9802,e172b0fef65b,WARMUP_OBSERVATIONS,79,1,0,80.0,65.0,1.0,1.6,70.0,65.0,35.0,50.0,inf,2.0,10.0,GLOBAL_POLICY_FLOOR>CLASS_FLOOR>INSTRUMENT_LEARNED_FLOOR; LOWER=max; UPPER=min,CONSTRAINED_WALK_FORWARD,WARMUP_OBSERVATIONS,,0,0,,,0.0,,FYERS_PAPER_PROXY_RESEARCH,FYERS_PAPER_RESEARCH_ONLY,COST_MODEL_UNVALIDATED,False,False,DISABLED,Daily market context is disabled until operator review,MANUAL_PROXY_RESEARCH,False,True,MEASURED,FIVE_LEVEL,FYERS_MARKET_DEPTH,5,5,60,120,540,900,2026-08-24T08:13:48+00:00,IV_UNAVAILABLE,False,0,False,False,DATA_INVALID,7,DataHealth invalid; Contract invalid: Quote stale or spread hard rejected.; SideDirection hard reject: -1.0 < 65.0; PremiumElasticity hard reject: 0.70 < 1.00; Expected/Required hard reject: 1.25 < 1.60; TradeQuality below configured minimum; ConvexityEdge below excellent gate: 71.4 < 80.0,,
2026-08-24T13:44:13.345372+05:30,2026-08-24,MIDCPNIFTY,NSE,INDEX,NSE_INDEX,PAPER_ELIGIBLE,INDEX:MIDCAP,paper-strategy-8ade763620b6,opportunity-score-8ade763620b6,universe-a8e55c76a270,PAPER_OVERRIDE::FYERS_PAPER_PROXY_RESEARCH,CE,UNKNOWN,14850.0,2.2,False,,,Underlying move below identification minimum.,False,,,,,ATM IV unavailable.,6.5961,midcap_direction_proxy,PARTIAL_MIDCAP,4.4174,712afad509f5,WARMUP_OBSERVATIONS,78,1,0,80.0,65.0,1.0,1.6,70.0,65.0,35.0,50.0,inf,2.0,10.0,GLOBAL_POLICY_FLOOR>CLASS_FLOOR>INSTRUMENT_LEARNED_FLOOR; LOWER=max; UPPER=min,CONSTRAINED_WALK_FORWARD,WARMUP_OBSERVATIONS,,0,0,,,0.0,,FYERS_PAPER_PROXY_RESEARCH,FYERS_PAPER_RESEARCH_ONLY,COST_MODEL_UNVALIDATED,False,False,DISABLED,Daily market context is disabled until operator review,MANUAL_PROXY_RESEARCH,False,True,MEASURED,FIVE_LEVEL,FYERS_MARKET_DEPTH,5,5,120,240,2400,1560,2026-08-24T08:13:52+00:00,IV_UNAVAILABLE,False,0,False,False,DATA_INVALID,7,DataHealth invalid; Contract invalid: Quote stale or spread hard rejected.; SideDirection hard reject: 2.2 < 65.0; PremiumElasticity hard reject: 0.70 < 1.00; Expected/Required hard reject: 1.08 < 1.60; TradeQuality below configured minimum; ConvexityEdge below excellent gate: 70.4 < 80.0,,
2026-08-24T13:44:13.345372+05:30,2026-08-24,BAJAJ-AUTO,NSE,STOCK,NSE_STOCK_OPTION,PAPER_ELIGIBLE,STOCK:BAJAJ-AUTO,paper-strategy-8ade763620b6,opportunity-score-8ade763620b6,universe-a8e55c76a270,PAPER_OVERRIDE::FYERS_PAPER_PROXY_RESEARCH,PE,UNKNOWN,11700.0,0.0,False,,,Observation interval exceeds rolling window.,False,,,,,ATM IV unavailable.,,BAJAJ-AUTO,NOT_CONFIGURED,,41f3d34033d6,WARMUP_OBSERVATIONS,5,1,0,90.0,65.0,1.0,1.6,70.0,65.0,35.0,50.0,inf,3.0,20.0,GLOBAL_POLICY_FLOOR>CLASS_FLOOR>INSTRUMENT_LEARNED_FLOOR; LOWER=max; UPPER=min,CONSTRAINED_WALK_FORWARD,WARMUP_OBSERVATIONS,,0,0,,,0.0,,FYERS_PAPER_PROXY_RESEARCH,FYERS_PAPER_RESEARCH_ONLY,COST_MODEL_UNVALIDATED,False,False,DISABLED,Daily market context is disabled until operator review,MANUAL_PROXY_RESEARCH,False,True,MEASURED,FIVE_LEVEL,FYERS_MARKET_DEPTH,5,5,150,75,525,600,2026-08-24T08:13:10+00:00,IV_UNAVAILABLE,False,0,False,False,DATA_INVALID,9,DataHealth invalid; Contract invalid: Quote stale or spread hard rejected.; SideDirection hard reject: -2.0 < 65.0; PremiumElasticity hard reject: 0.30 < 1.00; Expected/Required hard reject: 1.17 < 1.60; TradeQuality below configured minimum; ConvexityEdge below excellent gate: 57.4 < 80.0; OpportunityConfidence below excellent gate: 66.0 < 70.0; RegimeFit below excellent gate: 60.0 < 70.0,,
2026-08-24T13:44:13.345372+05:30,2026-08-24,BAJAJ-AUTO,NSE,STOCK,NSE_STOCK_OPTION,PAPER_ELIGIBLE,STOCK:BAJAJ-AUTO,paper-strategy-8ade763620b6,opportunity-score-8ade763620b6,universe-a8e55c76a270,PAPER_OVERRIDE::FYERS_PAPER_PROXY_RESEARCH,CE,UNKNOWN,11900.0,2.0,False,,,Observation interval exceeds rolling window.,False,,,,,ATM IV unavailable.,,BAJAJ-AUTO,NOT_CONFIGURED,,41f3d34033d6,WARMUP_OBSERVATIONS,5,1,0,90.0,65.0,1.0,1.6,70.0,65.0,35.0,50.0,inf,3.0,20.0,GLOBAL_POLICY_FLOOR>CLASS_FLOOR>INSTRUMENT_LEARNED_FLOOR; LOWER=max; UPPER=min,CONSTRAINED_WALK_FORWARD,WARMUP_OBSERVATIONS,,0,0,,,0.0,,FYERS_PAPER_PROXY_RESEARCH,FYERS_PAPER_RESEARCH_ONLY,COST_MODEL_UNVALIDATED,False,False,DISABLED,Daily market context is disabled until operator review,MANUAL_PROXY_RESEARCH,False,True,MEASURED,FIVE_LEVEL,FYERS_MARKET_DEPTH,5,5,75,75,375,600,2026-08-24T08:13:07+00:00,IV_UNAVAILABLE,False,0,False,False,DATA_INVALID,11,DataHealth invalid; Contract invalid: Quote stale or spread hard rejected.; SideDirection hard reject: 2.0 < 65.0; PremiumElasticity hard reject: 0.30 < 1.00; Expected/Required hard reject: 1.17 < 1.60; TradeQuality below configured minimum; FinalConfidence below configured minimum; ExecutionQuality below excellent gate: 8.2 < 80.0; ConvexityEdge below excellent gate: 57.4 < 80.0; OpportunityConfidence below excellent gate: 52.2 < 70.0; RegimeFit below excellent gate: 60.0 < 70.0,,
2026-08-24T13:44:13.345372+05:30,2026-08-24,BAJAJFINSV,NSE,STOCK,NSE_STOCK_OPTION,PAPER_ELIGIBLE,STOCK:BAJAJFINSV,paper-strategy-8ade763620b6,opportunity-score-8ade763620b6,universe-a8e55c76a270,PAPER_OVERRIDE::FYERS_PAPER_PROXY_RESEARCH,CE,UNKNOWN,2000.0,0.0,False,,,Observation interval exceeds rolling window.,False,,,,,ATM IV unavailable.,,BAJAJFINSV,NOT_CONFIGURED,,e97256bacfa6,WARMUP_OBSERVATIONS,14,1,0,90.0,65.0,1.0,1.6,70.0,65.0,35.0,50.0,inf,3.0,20.0,GLOBAL_POLICY_FLOOR>CLASS_FLOOR>INSTRUMENT_LEARNED_FLOOR; LOWER=max; UPPER=min,CONSTRAINED_WALK_FORWARD,WARMUP_OBSERVATIONS,,0,0,,,0.0,,FYERS_PAPER_PROXY_RESEARCH,FYERS_PAPER_RESEARCH_ONLY,COST_MODEL_UNVALIDATED,False,False,DISABLED,Daily market context is disabled until operator review,MANUAL_PROXY_RESEARCH,False,True,MEASURED,FIVE_LEVEL,FYERS_MARKET_DEPTH,5,5,300,300,2700,2400,2026-08-24T08:13:02+00:00,IV_UNAVAILABLE,False,0,False,False,DATA_INVALID,11,DataHealth invalid; Contract invalid: Quote stale or spread hard rejected.; SideDirection hard reject: 0.0 < 65.0; PremiumElasticity hard reject: 0.50 < 1.00; Expected/Required hard reject: 1.17 < 1.60; TradeQuality below configured minimum; FinalConfidence below configured minimum; ExecutionQuality below excellent gate: 0.0 < 80.0; ConvexityEdge below excellent gate: 71.4 < 80.0; OpportunityConfidence below excellent gate: 36.0 < 70.0; RegimeFit below excellent gate: 60.0 < 70.0,,
2026-08-24T13:44:13.345372+05:30,2026-08-24,BAJAJFINSV,NSE,STOCK,NSE_STOCK_OPTION,PAPER_ELIGIBLE,STOCK:BAJAJFINSV,paper-strategy-8ade763620b6,opportunity-score-8ade763620b6,universe-a8e55c76a270,PAPER_OVERRIDE::FYERS_PAPER_PROXY_RESEARCH,PE,UNKNOWN,2000.0,0.0,False,,,Observation interval exceeds rolling window.,False,,,,,ATM IV unavailable.,,BAJAJFINSV,NOT_CONFIGURED,,e97256bacfa6,WARMUP_OBSERVATIONS,14,1,0,90.0,65.0,1.0,1.6,70.0,65.0,35.0,50.0,inf,3.0,20.0,GLOBAL_POLICY_FLOOR>CLASS_FLOOR>INSTRUMENT_LEARNED_FLOOR; LOWER=max; UPPER=min,CONSTRAINED_WALK_FORWARD,WARMUP_OBSERVATIONS,,0,0,,,0.0,,FYERS_PAPER_PROXY_RESEARCH,FYERS_PAPER_RESEARCH_ONLY,COST_MODEL_UNVALIDATED,False,False,DISABLED,Daily market context is disabled until operator review,MANUAL_PROXY_RESEARCH,False,True,MEASURED,FIVE_LEVEL,FYERS_MARKET_DEPTH,5,5,600,600,4200,2700,2026-08-24T08:13:22+00:00,IV_UNAVAILABLE,False,0,False,False,DATA_INVALID,11,DataHealth invalid; Contract invalid: Quote stale or spread hard rejected.; SideDirection hard reject: -0.0 < 65.0; PremiumElasticity hard reject: 0.50 < 1.00; Expected/Required hard reject: 1.17 < 1.60; TradeQuality below configured minimum; FinalConfidence below configured minimum; ExecutionQuality below excellent gate: 0.0 < 80.0; ConvexityEdge below excellent gate: 71.4 < 80.0; OpportunityConfidence below excellent gate: 35.8 < 70.0; RegimeFit below excellent gate: 60.0 < 70.0,,
2026-08-24T13:44:13.345372+05:30,2026-08-24,BAJAJFINSV,NSE,STOCK,NSE_STOCK_OPTION,PAPER_ELIGIBLE,STOCK:BAJAJFINSV,paper-strategy-8ade763620b6,opportunity-score-8ade763620b6,universe-a8e55c76a270,PAPER_OVERRIDE::FYERS_PAPER_PROXY_RESEARCH,PE,UNKNOWN,2020.0,0.0,False,,,Observation interval exceeds rolling window.,False,,,,,ATM IV unavailable.,,BAJAJFINSV,NOT_CONFIGURED,,e97256bacfa6,WARMUP_OBSERVATIONS,14,1,0,90.0,65.0,1.0,1.6,70.0,65.0,35.0,50.0,inf,3.0,20.0,GLOBAL_POLICY_FLOOR>CLASS_FLOOR>INSTRUMENT_LEARNED_FLOOR; LOWER=max; UPPER=min,CONSTRAINED_WALK_FORWARD,WARMUP_OBSERVATIONS,,0,0,,,0.0,,FYERS_PAPER_PROXY_RESEARCH,FYERS_PAPER_RESEARCH_ONLY,COST_MODEL_UNVALIDATED,False,False,DISABLED,Daily market context is disabled until operator review,MANUAL_PROXY_RESEARCH,False,True,MEASURED,FIVE_LEVEL,FYERS_MARKET_DEPTH,5,5,600,600,2400,1800,2026-08-24T08:13:32+00:00,IV_UNAVAILABLE,False,0,False,False,DATA_INVALID,11,DataHealth invalid; Contract invalid: Quote stale or spread hard rejected.; SideDirection hard reject: -0.0 < 65.0; PremiumElasticity hard reject: 0.70 < 1.00; Expected/Required hard reject: 1.17 < 1.60; TradeQuality below configured minimum; FinalConfidence below configured minimum; ExecutionQuality below excellent gate: 27.6 < 80.0; ConvexityEdge below excellent gate: 71.4 < 80.0; OpportunityConfidence below excellent gate: 52.0 < 70.0; RegimeFit below excellent gate: 60.0 < 70.0,,
2026-08-24T13:44:13.345372+05:30,2026-08-24,BEL,NSE,STOCK,NSE_STOCK_OPTION,PAPER_ELIGIBLE,STOCK:BEL,paper-strategy-8ade763620b6,opportunity-score-8ade763620b6,universe-a8e55c76a270,PAPER_OVERRIDE::FYERS_PAPER_PROXY_RESEARCH,CE,UNKNOWN,400.0,30.6,False,,,Observation interval exceeds rolling window.,False,,,,,ATM IV unavailable.,,BEL,NOT_CONFIGURED,,5f1c3d9cb03e,WARMUP_OBSERVATIONS,0,0,0,90.0,65.0,1.0,1.6,70.0,65.0,35.0,50.0,inf,3.0,20.0,GLOBAL_POLICY_FLOOR>CLASS_FLOOR>INSTRUMENT_LEARNED_FLOOR; LOWER=max; UPPER=min,CONSTRAINED_WALK_FORWARD,WARMUP_OBSERVATIONS,,0,0,,,0.0,,FYERS_PAPER_PROXY_RESEARCH,FYERS_PAPER_RESEARCH_ONLY,COST_MODEL_UNVALIDATED,False,False,DISABLED,Daily market context is disabled until operator review,MANUAL_PROXY_RESEARCH,False,True,MEASURED,FIVE_LEVEL,FYERS_MARKET_DEPTH,5,5,5700,4275,18525,17100,2026-08-24T08:12:48+00:00,IV_UNAVAILABLE,False,0,False,False,DATA_INVALID,10,DataHealth invalid; Contract invalid: Quote stale or spread hard rejected.; SideDirection hard reject: 30.6 < 65.0; PremiumElasticity hard reject: 0.70 < 1.00; Expected/Required hard reject: 1.17 < 1.60; FinalConfidence below configured minimum; ExecutionQuality below excellent gate: 0.0 < 80.0; ConvexityEdge below excellent gate: 71.4 < 80.0; OpportunityConfidence below excellent gate: 53.0 < 70.0; RegimeFit below excellent gate: 60.0 < 70.0,,
2026-08-24T13:44:13.345372+05:30,2026-08-24,BHARTIARTL,NSE,STOCK,NSE_STOCK_OPTION,PAPER_ELIGIBLE,STOCK:BHARTIARTL,paper-strategy-8ade763620b6,opportunity-score-8ade763620b6,universe-a8e55c76a270,PAPER_OVERRIDE::FYERS_PAPER_PROXY_RESEARCH,CE,UNKNOWN,1920.0,2.9,False,,,Observation interval exceeds rolling window.,False,,,,,ATM IV unavailable.,,BHARTIARTL,NOT_CONFIGURED,,d009a6fae530,WARMUP_OBSERVATIONS,10,1,0,90.0,65.0,1.0,1.6,70.0,65.0,35.0,50.0,inf,3.0,20.0,GLOBAL_POLICY_FLOOR>CLASS_FLOOR>INSTRUMENT_LEARNED_FLOOR; LOWER=max; UPPER=min,CONSTRAINED_WALK_FORWARD,WARMUP_OBSERVATIONS,,0,0,,,0.0,,FYERS_PAPER_PROXY_RESEARCH,FYERS_PAPER_RESEARCH_ONLY,COST_MODEL_UNVALIDATED,False,False,DISABLED,Daily market context is disabled until operator review,MANUAL_PROXY_RESEARCH,False,True,MEASURED,FIVE_LEVEL,FYERS_MARKET_DEPTH,5,5,950,475,3325,2850,2026-08-24T08:12:30+00:00,IV_UNAVAILABLE,False,0,False,False,DATA_INVALID,11,DataHealth invalid; Contract invalid: Quote stale or spread hard rejected.; SideDirection hard reject: 2.9 < 65.0; PremiumElasticity hard reject: 0.70 < 1.00; Expected/Required hard reject: 1.17 < 1.60; TradeQuality below configured minimum; FinalConfidence below configured minimum; ExecutionQuality below excellent gate: 33.6 < 80.0; ConvexityEdge below excellent gate: 71.4 < 80.0; OpportunityConfidence below excellent gate: 63.5 < 70.0; RegimeFit below excellent gate: 60.0 < 70.0,,
2026-08-24T13:44:13.345372+05:30,2026-08-24,BHARTIARTL,NSE,STOCK,NSE_STOCK_OPTION,PAPER_ELIGIBLE,STOCK:BHARTIARTL,paper-strategy-8ade763620b6,opportunity-score-8ade763620b6,universe-a8e55c76a270,PAPER_OVERRIDE::FYERS_PAPER_PROXY_RESEARCH,PE,UNKNOWN,1960.0,0.0,False,,,Observation interval exceeds rolling window.,False,,,,,ATM IV unavailable.,,BHARTIARTL,NOT_CONFIGURED,,d009a6fae530,WARMUP_OBSERVATIONS,10,1,0,90.0,65.0,1.0,1.6,70.0,65.0,35.0,50.0,inf,3.0,20.0,GLOBAL_POLICY_FLOOR>CLASS_FLOOR>INSTRUMENT_LEARNED_FLOOR; LOWER=max; UPPER=min,CONSTRAINED_WALK_FORWARD,WARMUP_OBSERVATIONS,,0,0,,,0.0,,FYERS_PAPER_PROXY_RESEARCH,FYERS_PAPER_RESEARCH_ONLY,COST_MODEL_UNVALIDATED,False,False,DISABLED,Daily market context is disabled until operator review,MANUAL_PROXY_RESEARCH,False,True,MEASURED,FIVE_LEVEL,FYERS_MARKET_DEPTH,5,5,950,950,3800,3325,2026-08-24T08:13:40+00:00,IV_UNAVAILABLE,False,0,False,False,DATA_INVALID,8,DataHealth invalid; Contract invalid: Quote stale or spread hard rejected.; SideDirection hard reject: -2.9 < 65.0; PremiumElasticity hard reject: 0.70 < 1.00; Expected/Required hard reject: 1.17 < 1.60; TradeQuality below configured minimum; ConvexityEdge below excellent gate: 71.4 < 80.0; RegimeFit below excellent gate: 60.0 < 70.0,,
2026-08-24T13:44:13.345372+05:30,2026-08-24,CIPLA,NSE,STOCK,NSE_STOCK_OPTION,PAPER_ELIGIBLE,STOCK:CIPLA,paper-strategy-8ade763620b6,opportunity-score-8ade763620b6,universe-a8e55c76a270,PAPER_OVERRIDE::FYERS_PAPER_PROXY_RESEARCH,CE,UNKNOWN,1420.0,12.9,False,,,Observation interval exceeds rolling window.,False,,,,,ATM IV unavailable.,,CIPLA,NOT_CONFIGURED,,fcbb76385597,WARMUP_OBSERVATIONS,22,1,0,90.0,65.0,1.0,1.6,70.0,65.0,35.0,50.0,inf,3.0,20.0,GLOBAL_POLICY_FLOOR>CLASS_FLOOR>INSTRUMENT_LEARNED_FLOOR; LOWER=max; UPPER=min,CONSTRAINED_WALK_FORWARD,WARMUP_OBSERVATIONS,,0,0,,,0.0,,FYERS_PAPER_PROXY_RESEARCH,FYERS_PAPER_RESEARCH_ONLY,COST_MODEL_UNVALIDATED,False,False,DISABLED,Daily market context is disabled until operator review,MANUAL_PROXY_RESEARCH,False,True,MEASURED,FIVE_LEVEL,FYERS_MARKET_DEPTH,5,5,850,425,3400,2125,2026-08-24T08:13:11+00:00,IV_UNAVAILABLE,False,0,False,False,DATA_INVALID,11,DataHealth invalid; Contract invalid: Quote stale or spread hard rejected.; SideDirection hard reject: 12.9 < 65.0; PremiumElasticity hard reject: 0.50 < 1.00; Expected/Required hard reject: 1.17 < 1.60; TradeQuality below configured minimum; FinalConfidence below configured minimum; ExecutionQuality below excellent gate: 0.0 < 80.0; ConvexityEdge below excellent gate: 71.4 < 80.0; OpportunityConfidence below excellent gate: 56.5 < 70.0; RegimeFit below excellent gate: 60.0 < 70.0,,
2026-08-24T13:44:13.345372+05:30,2026-08-24,CIPLA,NSE,STOCK,NSE_STOCK_OPTION,PAPER_ELIGIBLE,STOCK:CIPLA,paper-strategy-8ade763620b6,opportunity-score-8ade763620b6,universe-a8e55c76a270,PAPER_OVERRIDE::FYERS_PAPER_PROXY_RESEARCH,PE,UNKNOWN,1420.0,0.0,False,,,Observation interval exceeds rolling window.,False,,,,,ATM IV unavailable.,,CIPLA,NOT_CONFIGURED,,fcbb76385597,WARMUP_OBSERVATIONS,22,1,0,90.0,65.0,1.0,1.6,70.0,65.0,35.0,50.0,inf,3.0,20.0,GLOBAL_POLICY_FLOOR>CLASS_FLOOR>INSTRUMENT_LEARNED_FLOOR; LOWER=max; UPPER=min,CONSTRAINED_WALK_FORWARD,WARMUP_OBSERVATIONS,,0,0,,,0.0,,FYERS_PAPER_PROXY_RESEARCH,FYERS_PAPER_RESEARCH_ONLY,COST_MODEL_UNVALIDATED,False,False,DISABLED,Daily market context is disabled until operator review,MANUAL_PROXY_RESEARCH,False,True,MEASURED,FIVE_LEVEL,FYERS_MARKET_DEPTH,5,5,850,850,3825,8075,2026-08-24T08:13:41+00:00,IV_UNAVAILABLE,False,0,False,False,DATA_INVALID,11,DataHealth invalid; Contract invalid: Quote stale or spread hard rejected.; SideDirection hard reject: -12.9 < 65.0; PremiumElasticity hard reject: 0.50 < 1.00; Expected/Required hard reject: 1.17 < 1.60; TradeQuality below configured minimum; FinalConfidence below configured minimum; ExecutionQuality below excellent gate: 0.0 < 80.0; ConvexityEdge below excellent gate: 71.4 < 80.0; OpportunityConfidence below excellent gate: 39.3 < 70.0; RegimeFit below excellent gate: 60.0 < 70.0,,
2026-08-24T13:44:13.345372+05:30,2026-08-24,CIPLA,NSE,STOCK,NSE_STOCK_OPTION,PAPER_ELIGIBLE,STOCK:CIPLA,paper-strategy-8ade763620b6,opportunity-score-8ade763620b6,universe-a8e55c76a270,PAPER_OVERRIDE::FYERS_PAPER_PROXY_RESEARCH,CE,UNKNOWN,1430.0,12.9,False,,,Observation interval exceeds rolling window.,False,,,,,ATM IV unavailable.,,CIPLA,NOT_CONFIGURED,,fcbb76385597,WARMUP_OBSERVATIONS,22,1,0,90.0,65.0,1.0,1.6,70.0,65.0,35.0,50.0,inf,3.0,20.0,GLOBAL_POLICY_FLOOR>CLASS_FLOOR>INSTRUMENT_LEARNED_FLOOR; LOWER=max; UPPER=min,CONSTRAINED_WALK_FORWARD,WARMUP_OBSERVATIONS,,0,0,,,0.0,,FYERS_PAPER_PROXY_RESEARCH,FYERS_PAPER_RESEARCH_ONLY,COST_MODEL_UNVALIDATED,False,False,DISABLED,Daily market context is disabled until operator review,MANUAL_PROXY_RESEARCH,False,True,MEASURED,FIVE_LEVEL,FYERS_MARKET_DEPTH,5,5,850,1275,6375,12750,2026-08-24T08:13:04+00:00,IV_UNAVAILABLE,False,0,False,False,DATA_INVALID,11,DataHealth invalid; Contract invalid: Quote stale or spread hard rejected.; SideDirection hard reject: 12.9 < 65.0; PremiumElasticity hard reject: 0.30 < 1.00; Expected/Required hard reject: 1.17 < 1.60; TradeQuality below configured minimum; FinalConfidence below configured minimum; ExecutionQuality below excellent gate: 0.0 < 80.0; ConvexityEdge below excellent gate: 57.4 < 80.0; OpportunityConfidence below excellent gate: 43.2 < 70.0; RegimeFit below excellent gate: 60.0 < 70.0,,
2026-08-24T13:44:13.345372+05:30,2026-08-24,DRREDDY,NSE,STOCK,NSE_STOCK_OPTION,PAPER_ELIGIBLE,STOCK:DRREDDY,paper-strategy-8ade763620b6,opportunity-score-8ade763620b6,universe-a8e55c76a270,PAPER_OVERRIDE::FYERS_PAPER_PROXY_RESEARCH,CE,UNKNOWN,1180.0,4.7,False,,,Observation interval exceeds rolling window.,False,,,,,ATM IV unavailable.,,DRREDDY,NOT_CONFIGURED,,97ea730b14bf,WARMUP_OBSERVATIONS,17,1,0,90.0,65.0,1.0,1.6,70.0,65.0,35.0,50.0,inf,3.0,20.0,GLOBAL_POLICY_FLOOR>CLASS_FLOOR>INSTRUMENT_LEARNED_FLOOR; LOWER=max; UPPER=min,CONSTRAINED_WALK_FORWARD,WARMUP_OBSERVATIONS,,0,0,,,0.0,,FYERS_PAPER_PROXY_RESEARCH,FYERS_PAPER_RESEARCH_ONLY,COST_MODEL_UNVALIDATED,False,False,DISABLED,Daily market context is disabled until operator review,MANUAL_PROXY_RESEARCH,False,True,MEASURED,FIVE_LEVEL,FYERS_MARKET_DEPTH,5,5,1250,1250,6250,6250,2026-08-24T08:13:38+00:00,IV_UNAVAILABLE,False,0,False,False,DATA_INVALID,11,DataHealth invalid; Contract invalid: Quote stale or spread hard rejected.; SideDirection hard reject: 4.7 < 65.0; PremiumElasticity hard reject: 0.70 < 1.00; Expected/Required hard reject: 1.17 < 1.60; TradeQuality below configured minimum; FinalConfidence below configured minimum; ExecutionQuality below excellent gate: 0.0 < 80.0; ConvexityEdge below excellent gate: 71.4 < 80.0; OpportunityConfidence below excellent gate: 41.5 < 70.0; RegimeFit below excellent gate: 60.0 < 70.0,,
2026-08-24T13:44:13.345372+05:30,2026-08-24,DRREDDY,NSE,STOCK,NSE_STOCK_OPTION,PAPER_ELIGIBLE,STOCK:DRREDDY,paper-strategy-8ade763620b6,opportunity-score-8ade763620b6,universe-a8e55c76a270,PAPER_OVERRIDE::FYERS_PAPER_PROXY_RESEARCH,PE,UNKNOWN,1200.0,0.0,False,,,Observation interval exceeds rolling window.,False,,,,,ATM IV unavailable.,,DRREDDY,NOT_CONFIGURED,,97ea730b14bf,WARMUP_OBSERVATIONS,17,1,0,90.0,65.0,1.0,1.6,70.0,65.0,35.0,50.0,inf,3.0,20.0,GLOBAL_POLICY_FLOOR>CLASS_FLOOR>INSTRUMENT_LEARNED_FLOOR; LOWER=max; UPPER=min,CONSTRAINED_WALK_FORWARD,WARMUP_OBSERVATIONS,,0,0,,,0.0,,FYERS_PAPER_PROXY_RESEARCH,FYERS_PAPER_RESEARCH_ONLY,COST_MODEL_UNVALIDATED,False,False,DISABLED,Daily market context is disabled until operator review,MANUAL_PROXY_RESEARCH,False,True,MEASURED,FIVE_LEVEL,FYERS_MARKET_DEPTH,5,5,625,2500,3750,8125,2026-08-24T08:13:38+00:00,IV_UNAVAILABLE,False,0,False,False,DATA_INVALID,11,DataHealth invalid; Contract invalid: Quote stale or spread hard rejected.; SideDirection hard reject: -4.7 < 65.0; PremiumElasticity hard reject: 0.70 < 1.00; Expected/Required hard reject: 1.17 < 1.60; TradeQuality below configured minimum; FinalConfidence below configured minimum; ExecutionQuality below excellent gate: 0.0 < 80.0; ConvexityEdge below excellent gate: 71.4 < 80.0; OpportunityConfidence below excellent gate: 47.1 < 70.0; RegimeFit below excellent gate: 60.0 < 70.0,,
2026-08-24T13:45:29.510117+05:30,2026-08-24,BANKNIFTY,NSE,INDEX,NSE_INDEX,PAPER_ELIGIBLE,INDEX:BANKING,paper-strategy-8ade763620b6,opportunity-score-8ade763620b6,universe-a8e55c76a270,PAPER_OVERRIDE::FYERS_PAPER_PROXY_RESEARCH,CE,UNKNOWN,57400.0,2.6,False,,,Underlying move below identification minimum.,False,,,,,ATM IV unavailable.,0.0000,banknifty_fast_wbci,VALID,2.5535,2e840ccd58d1,WARMUP_OBSERVATIONS,164,1,0,80.0,65.0,1.0,1.6,70.0,65.0,35.0,50.0,inf,2.0,10.0,GLOBAL_POLICY_FLOOR>CLASS_FLOOR>INSTRUMENT_LEARNED_FLOOR; LOWER=max; UPPER=min,CONSTRAINED_WALK_FORWARD,WARMUP_OBSERVATIONS,,0,0,,,0.0,,FYERS_PAPER_PROXY_RESEARCH,FYERS_PAPER_RESEARCH_ONLY,COST_MODEL_UNVALIDATED,False,False,DISABLED,Daily market context is disabled until operator review,MANUAL_PROXY_RESEARCH,False,True,MEASURED,FIVE_LEVEL,FYERS_MARKET_DEPTH,5,5,60,90,690,930,2026-08-24T08:15:07+00:00,IV_UNAVAILABLE,False,0,False,False,DATA_INVALID,7,DataHealth invalid; Contract invalid: Quote stale or spread hard rejected.; SideDirection hard reject: 2.6 < 65.0; PremiumElasticity hard reject: 0.50 < 1.00; Expected/Required hard reject: 1.42 < 1.60; TradeQuality below configured minimum; ConvexityEdge below excellent gate: 71.4 < 80.0,,
2026-08-24T13:45:29.510117+05:30,2026-08-24,BANKNIFTY,NSE,INDEX,NSE_INDEX,PAPER_ELIGIBLE,INDEX:BANKING,paper-strategy-8ade763620b6,opportunity-score-8ade763620b6,universe-a8e55c76a270,PAPER_OVERRIDE::FYERS_PAPER_PROXY_RESEARCH,PE,UNKNOWN,57400.0,0.0,False,,,Underlying move below identification minimum.,False,,,,,ATM IV unavailable.,0.0000,banknifty_fast_wbci,VALID,2.5535,2e840ccd58d1,WARMUP_OBSERVATIONS,164,1,0,80.0,65.0,1.0,1.6,70.0,65.0,35.0,50.0,inf,2.0,10.0,GLOBAL_POLICY_FLOOR>CLASS_FLOOR>INSTRUMENT_LEARNED_FLOOR; LOWER=max; UPPER=min,CONSTRAINED_WALK_FORWARD,WARMUP_OBSERVATIONS,,0,0,,,0.0,,FYERS_PAPER_PROXY_RESEARCH,FYERS_PAPER_RESEARCH_ONLY,COST_MODEL_UNVALIDATED,False,False,DISABLED,Daily market context is disabled until operator review,MANUAL_PROXY_RESEARCH,False,True,MEASURED,FIVE_LEVEL,FYERS_MARKET_DEPTH,5,5,30,60,810,1140,2026-08-24T08:15:08+00:00,IV_UNAVAILABLE,False,0,False,False,DATA_INVALID,7,DataHealth invalid; Contract invalid: Quote stale or spread hard rejected.; SideDirection hard reject: -2.6 < 65.0; PremiumElasticity hard reject: 0.50 < 1.00; Expected/Required hard reject: 1.42 < 1.60; TradeQuality below configured minimum; ConvexityEdge below excellent gate: 71.4 < 80.0,,
2026-08-24T13:45:29.510117+05:30,2026-08-24,BANKNIFTY,NSE,INDEX,NSE_INDEX,PAPER_ELIGIBLE,INDEX:BANKING,paper-strategy-8ade763620b6,opportunity-score-8ade763620b6,universe-a8e55c76a270,PAPER_OVERRIDE::FYERS_PAPER_PROXY_RESEARCH,CE,UNKNOWN,57300.0,2.6,False,,,Underlying move below identification minimum.,False,,,,,ATM IV unavailable.,0.0000,banknifty_fast_wbci,VALID,2.5535,2e840ccd58d1,WARMUP_OBSERVATIONS,164,1,0,80.0,65.0,1.0,1.6,70.0,65.0,35.0,50.0,inf,2.0,10.0,GLOBAL_POLICY_FLOOR>CLASS_FLOOR>INSTRUMENT_LEARNED_FLOOR; LOWER=max; UPPER=min,CONSTRAINED_WALK_FORWARD,WARMUP_OBSERVATIONS,,0,0,,,0.0,,FYERS_PAPER_PROXY_RESEARCH,FYERS_PAPER_RESEARCH_ONLY,COST_MODEL_UNVALIDATED,False,False,DISABLED,Daily market context is disabled until operator review,MANUAL_PROXY_RESEARCH,False,True,MEASURED,FIVE_LEVEL,FYERS_MARKET_DEPTH,5,5,30,30,870,300,2026-08-24T08:15:07+00:00,IV_UNAVAILABLE,False,0,False,False,DATA_INVALID,7,DataHealth invalid; Contract invalid: Quote stale or spread hard rejected.; SideDirection hard reject: 2.6 < 65.0; PremiumElasticity hard reject: 0.70 < 1.00; Expected/Required hard reject: 1.42 < 1.60; TradeQuality below configured minimum; ConvexityEdge below excellent gate: 71.4 < 80.0,,
2026-08-24T13:45:29.510117+05:30,2026-08-24,BANKNIFTY,NSE,INDEX,NSE_INDEX,PAPER_ELIGIBLE,INDEX:BANKING,paper-strategy-8ade763620b6,opportunity-score-8ade763620b6,universe-a8e55c76a270,PAPER_OVERRIDE::FYERS_PAPER_PROXY_RESEARCH,PE,UNKNOWN,57300.0,0.0,False,,,Underlying move below identification minimum.,False,,,,,ATM IV unavailable.,0.0000,banknifty_fast_wbci,VALID,2.5535,2e840ccd58d1,WARMUP_OBSERVATIONS,164,1,0,80.0,65.0,1.0,1.6,70.0,65.0,35.0,50.0,inf,2.0,10.0,GLOBAL_POLICY_FLOOR>CLASS_FLOOR>INSTRUMENT_LEARNED_FLOOR; LOWER=max; UPPER=min,CONSTRAINED_WALK_FORWARD,WARMUP_OBSERVATIONS,,0,0,,,0.0,,FYERS_PAPER_PROXY_RESEARCH,FYERS_PAPER_RESEARCH_ONLY,COST_MODEL_UNVALIDATED,False,False,DISABLED,Daily market context is disabled until operator review,MANUAL_PROXY_RESEARCH,False,True,MEASURED,FIVE_LEVEL,FYERS_MARKET_DEPTH,5,5,30,30,1020,1560,2026-08-24T08:15:08+00:00,IV_UNAVAILABLE,False,0,False,False,DATA_INVALID,7,DataHealth invalid; Contract invalid: Quote stale or spread hard rejected.; SideDirection hard reject: -2.6 < 65.0; PremiumElasticity hard reject: 0.30 < 1.00; Expected/Required hard reject: 1.42 < 1.60; TradeQuality below configured minimum; ConvexityEdge below excellent gate: 57.4 < 80.0,,
2026-08-24T13:45:29.510117+05:30,2026-08-24,BANKNIFTY,NSE,INDEX,NSE_INDEX,PAPER_ELIGIBLE,INDEX:BANKING,paper-strategy-8ade763620b6,opportunity-score-8ade763620b6,universe-a8e55c76a270,PAPER_OVERRIDE::FYERS_PAPER_PROXY_RESEARCH,CE,UNKNOWN,57500.0,2.6,False,,,Underlying move below identification minimum.,False,,,,,ATM IV unavailable.,0.0000,banknifty_fast_wbci,VALID,2.5535,2e840ccd58d1,WARMUP_OBSERVATIONS,164,1,0,80.0,65.0,1.0,1.6,70.0,65.0,35.0,50.0,inf,2.0,10.0,GLOBAL_POLICY_FLOOR>CLASS_FLOOR>INSTRUMENT_LEARNED_FLOOR; LOWER=max; UPPER=min,CONSTRAINED_WALK_FORWARD,WARMUP_OBSERVATIONS,,0,0,,,0.0,,FYERS_PAPER_PROXY_RESEARCH,FYERS_PAPER_RESEARCH_ONLY,COST_MODEL_UNVALIDATED,False,False,DISABLED,Daily market context is disabled until operator review,MANUAL_PROXY_RESEARCH,False,True,MEASURED,FIVE_LEVEL,FYERS_MARKET_DEPTH,5,5,30,150,960,840,2026-08-24T08:15:08+00:00,IV_UNAVAILABLE,False,0,False,False,DATA_INVALID,7,DataHealth invalid; Contract invalid: Quote stale or spread hard rejected.; SideDirection hard reject: 2.6 < 65.0; PremiumElasticity hard reject: 0.30 < 1.00; Expected/Required hard reject: 1.42 < 1.60; TradeQuality below configured minimum; ConvexityEdge below excellent gate: 57.4 < 80.0,,
2026-08-24T13:45:29.510117+05:30,2026-08-24,MIDCPNIFTY,NSE,INDEX,NSE_INDEX,PAPER_ELIGIBLE,INDEX:MIDCAP,paper-strategy-8ade763620b6,opportunity-score-8ade763620b6,universe-a8e55c76a270,PAPER_OVERRIDE::FYERS_PAPER_PROXY_RESEARCH,CE,UNKNOWN,14875.0,1.4,False,,,Underlying move below identification minimum.,False,,,,,ATM IV unavailable.,4.1667,midcap_direction_proxy,PARTIAL_MIDCAP,2.7680,712afad509f5,WARMUP_OBSERVATIONS,85,1,0,80.0,65.0,1.0,1.6,70.0,65.0,35.0,50.0,inf,2.0,10.0,GLOBAL_POLICY_FLOOR>CLASS_FLOOR>INSTRUMENT_LEARNED_FLOOR; LOWER=max; UPPER=min,CONSTRAINED_WALK_FORWARD,WARMUP_OBSERVATIONS,,0,0,,,0.0,,FYERS_PAPER_PROXY_RESEARCH,FYERS_PAPER_RESEARCH_ONLY,COST_MODEL_UNVALIDATED,False,False,DISABLED,Daily market context is disabled until operator review,MANUAL_PROXY_RESEARCH,False,True,MEASURED,FIVE_LEVEL,FYERS_MARKET_DEPTH,5,5,120,480,3000,3120,2026-08-24T08:15:11+00:00,IV_UNAVAILABLE,False,0,False,False,DATA_INVALID,7,DataHealth invalid; Contract invalid: Quote stale or spread hard rejected.; SideDirection hard reject: 1.4 < 65.0; PremiumElasticity hard reject: 0.50 < 1.00; Expected/Required hard reject: 1.08 < 1.60; TradeQuality below configured minimum; ConvexityEdge below excellent gate: 70.4 < 80.0,,
2026-08-24T13:45:29.510117+05:30,2026-08-24,MIDCPNIFTY,NSE,INDEX,NSE_INDEX,PAPER_ELIGIBLE,INDEX:MIDCAP,paper-strategy-8ade763620b6,opportunity-score-8ade763620b6,universe-a8e55c76a270,PAPER_OVERRIDE::FYERS_PAPER_PROXY_RESEARCH,PE,UNKNOWN,14875.0,0.0,False,,,Underlying move below identification minimum.,False,,,,,ATM IV unavailable.,4.1667,midcap_direction_proxy,PARTIAL_MIDCAP,2.7680,712afad509f5,WARMUP_OBSERVATIONS,85,1,0,80.0,65.0,1.0,1.6,70.0,65.0,35.0,50.0,inf,2.0,10.0,GLOBAL_POLICY_FLOOR>CLASS_FLOOR>INSTRUMENT_LEARNED_FLOOR; LOWER=max; UPPER=min,CONSTRAINED_WALK_FORWARD,WARMUP_OBSERVATIONS,,0,0,,,0.0,,FYERS_PAPER_PROXY_RESEARCH,FYERS_PAPER_RESEARCH_ONLY,COST_MODEL_UNVALIDATED,False,False,DISABLED,Daily market context is disabled until operator review,MANUAL_PROXY_RESEARCH,False,True,MEASURED,FIVE_LEVEL,FYERS_MARKET_DEPTH,5,5,720,240,2400,3720,2026-08-24T08:15:11+00:00,IV_UNAVAILABLE,False,0,False,False,DATA_INVALID,7,DataHealth invalid; Contract invalid: Quote stale or spread hard rejected.; SideDirection hard reject: -1.4 < 65.0; PremiumElasticity hard reject: 0.50 < 1.00; Expected/Required hard reject: 1.08 < 1.60; TradeQuality below configured minimum; ConvexityEdge below excellent gate: 70.4 < 80.0,,
2026-08-24T13:45:29.510117+05:30,2026-08-24,MIDCPNIFTY,NSE,INDEX,NSE_INDEX,PAPER_ELIGIBLE,INDEX:MIDCAP,paper-strategy-8ade763620b6,opportunity-score-8ade763620b6,universe-a8e55c76a270,PAPER_OVERRIDE::FYERS_PAPER_PROXY_RESEARCH,CE,UNKNOWN,14850.0,1.4,False,,,Underlying move below identification minimum.,False,,,,,ATM IV unavailable.,4.1667,midcap_direction_proxy,PARTIAL_MIDCAP,2.7680,712afad509f5,WARMUP_OBSERVATIONS,85,1,0,80.0,65.0,1.0,1.6,70.0,65.0,35.0,50.0,inf,2.0,10.0,GLOBAL_POLICY_FLOOR>CLASS_FLOOR>INSTRUMENT_LEARNED_FLOOR; LOWER=max; UPPER=min,CONSTRAINED_WALK_FORWARD,WARMUP_OBSERVATIONS,,0,0,,,0.0,,FYERS_PAPER_PROXY_RESEARCH,FYERS_PAPER_RESEARCH_ONLY,COST_MODEL_UNVALIDATED,False,False,DISABLED,Daily market context is disabled until operator review,MANUAL_PROXY_RESEARCH,False,True,MEASURED,FIVE_LEVEL,FYERS_MARKET_DEPTH,5,5,240,600,1920,1800,2026-08-24T08:15:07+00:00,IV_UNAVAILABLE,False,0,False,False,DATA_INVALID,7,DataHealth invalid; Contract invalid: Quote stale or spread hard rejected.; SideDirection hard reject: 1.4 < 65.0; PremiumElasticity hard reject: 0.70 < 1.00; Expected/Required hard reject: 1.08 < 1.60; TradeQuality below configured minimum; ConvexityEdge below excellent gate: 70.4 < 80.0,,
2026-08-24T13:45:29.510117+05:30,2026-08-24,MIDCPNIFTY,NSE,INDEX,NSE_INDEX,PAPER_ELIGIBLE,INDEX:MIDCAP,paper-strategy-8ade763620b6,opportunity-score-8ade763620b6,universe-a8e55c76a270,PAPER_OVERRIDE::FYERS_PAPER_PROXY_RESEARCH,PE,UNKNOWN,14900.0,0.0,False,,,Underlying move below identification minimum.,False,,,,,ATM IV unavailable.,4.1667,midcap_direction_proxy,PARTIAL_MIDCAP,2.7680,712afad509f5,WARMUP_OBSERVATIONS,85,1,0,80.0,65.0,1.0,1.6,70.0,65.0,35.0,50.0,inf,2.0,10.0,GLOBAL_POLICY_FLOOR>CLASS_FLOOR>INSTRUMENT_LEARNED_FLOOR; LOWER=max; UPPER=min,CONSTRAINED_WALK_FORWARD,WARMUP_OBSERVATIONS,,0,0,,,0.0,,FYERS_PAPER_PROXY_RESEARCH,FYERS_PAPER_RESEARCH_ONLY,COST_MODEL_UNVALIDATED,False,False,DISABLED,Daily market context is disabled until operator review,MANUAL_PROXY_RESEARCH,False,True,MEASURED,FIVE_LEVEL,FYERS_MARKET_DEPTH,5,5,240,120,2040,3000,2026-08-24T08:15:08+00:00,IV_UNAVAILABLE,False,0,False,False,DATA_INVALID,7,DataHealth invalid; Contract invalid: Quote stale or spread hard rejected.; SideDirection hard reject: -1.4 < 65.0; PremiumElasticity hard reject: 0.70 < 1.00; Expected/Required hard reject: 1.08 < 1.60; TradeQuality below configured minimum; ConvexityEdge below excellent gate: 70.4 < 80.0,,
2026-08-24T13:45:29.510117+05:30,2026-08-24,EICHERMOT,NSE,STOCK,NSE_STOCK_OPTION,PAPER_ELIGIBLE,STOCK:EICHERMOT,paper-strategy-8ade763620b6,opportunity-score-8ade763620b6,universe-a8e55c76a270,PAPER_OVERRIDE::FYERS_PAPER_PROXY_RESEARCH,PE,UNKNOWN,8000.0,0.5,False,,,Observation interval exceeds rolling window.,False,,,,,ATM IV unavailable.,,EICHERMOT,NOT_CONFIGURED,,9ae09e86b9c0,WARMUP_OBSERVATIONS,11,1,0,90.0,65.0,1.0,1.6,70.0,65.0,35.0,50.0,inf,3.0,20.0,GLOBAL_POLICY_FLOOR>CLASS_FLOOR>INSTRUMENT_LEARNED_FLOOR; LOWER=max; UPPER=min,CONSTRAINED_WALK_FORWARD,WARMUP_OBSERVATIONS,,0,0,,,0.0,,FYERS_PAPER_PROXY_RESEARCH,FYERS_PAPER_RESEARCH_ONLY,COST_MODEL_UNVALIDATED,False,False,DISABLED,Daily market context is disabled until operator review,MANUAL_PROXY_RESEARCH,False,True,MEASURED,FIVE_LEVEL,FYERS_MARKET_DEPTH,5,5,100,300,600,800,2026-08-24T08:14:44+00:00,IV_UNAVAILABLE,False,0,False,False,DATA_INVALID,9,DataHealth invalid; Contract invalid: Quote stale or spread hard rejected.; SideDirection hard reject: 0.5 < 65.0; PremiumElasticity hard reject: 0.50 < 1.00; Expected/Required hard reject: 1.17 < 1.60; TradeQuality below configured minimum; ConvexityEdge below excellent gate: 71.4 < 80.0; OpportunityConfidence below excellent gate: 66.2 < 70.0; RegimeFit below excellent gate: 60.0 < 70.0,,
2026-08-24T13:45:29.510117+05:30,2026-08-24,EICHERMOT,NSE,STOCK,NSE_STOCK_OPTION,PAPER_ELIGIBLE,STOCK:EICHERMOT,paper-strategy-8ade763620b6,opportunity-score-8ade763620b6,universe-a8e55c76a270,PAPER_OVERRIDE::FYERS_PAPER_PROXY_RESEARCH,PE,UNKNOWN,7900.0,0.5,False,,,Observation interval exceeds rolling window.,False,,,,,ATM IV unavailable.,,EICHERMOT,NOT_CONFIGURED,,9ae09e86b9c0,WARMUP_OBSERVATIONS,11,1,0,90.0,65.0,1.0,1.6,70.0,65.0,35.0,50.0,inf,3.0,20.0,GLOBAL_POLICY_FLOOR>CLASS_FLOOR>INSTRUMENT_LEARNED_FLOOR; LOWER=max; UPPER=min,CONSTRAINED_WALK_FORWARD,WARMUP_OBSERVATIONS,,0,0,,,0.0,,FYERS_PAPER_PROXY_RESEARCH,FYERS_PAPER_RESEARCH_ONLY,COST_MODEL_UNVALIDATED,False,False,DISABLED,Daily market context is disabled until operator review,MANUAL_PROXY_RESEARCH,False,True,MEASURED,FIVE_LEVEL,FYERS_MARKET_DEPTH,5,5,400,200,1600,1300,2026-08-24T08:14:27+00:00,IV_UNAVAILABLE,False,0,False,False,DATA_INVALID,11,DataHealth invalid; Contract invalid: Quote stale or spread hard rejected.; SideDirection hard reject: 0.5 < 65.0; PremiumElasticity hard reject: 0.30 < 1.00; Expected/Required hard reject: 1.17 < 1.60; TradeQuality below configured minimum; FinalConfidence below configured minimum; ExecutionQuality below excellent gate: 0.0 < 80.0; ConvexityEdge below excellent gate: 57.4 < 80.0; OpportunityConfidence below excellent gate: 31.6 < 70.0; RegimeFit below excellent gate: 60.0 < 70.0,,
2026-08-24T13:45:29.510117+05:30,2026-08-24,EICHERMOT,NSE,STOCK,NSE_STOCK_OPTION,PAPER_ELIGIBLE,STOCK:EICHERMOT,paper-strategy-8ade763620b6,opportunity-score-8ade763620b6,universe-a8e55c76a270,PAPER_OVERRIDE::FYERS_PAPER_PROXY_RESEARCH,CE,UNKNOWN,8100.0,0.0,False,,,Observation interval exceeds rolling window.,False,,,,,ATM IV unavailable.,,EICHERMOT,NOT_CONFIGURED,,9ae09e86b9c0,WARMUP_OBSERVATIONS,11,1,0,90.0,65.0,1.0,1.6,70.0,65.0,35.0,50.0,inf,3.0,20.0,GLOBAL_POLICY_FLOOR>CLASS_FLOOR>INSTRUMENT_LEARNED_FLOOR; LOWER=max; UPPER=min,CONSTRAINED_WALK_FORWARD,WARMUP_OBSERVATIONS,,0,0,,,0.0,,FYERS_PAPER_PROXY_RESEARCH,FYERS_PAPER_RESEARCH_ONLY,COST_MODEL_UNVALIDATED,False,False,DISABLED,Daily market context is disabled until operator review,MANUAL_PROXY_RESEARCH,False,True,MEASURED,FIVE_LEVEL,FYERS_MARKET_DEPTH,5,5,200,100,1700,500,2026-08-24T08:13:46+00:00,IV_UNAVAILABLE,False,0,False,False,DATA_INVALID,11,DataHealth invalid; Contract invalid: Quote stale or spread hard rejected.; SideDirection hard reject: -0.5 < 65.0; PremiumElasticity hard reject: 0.30 < 1.00; Expected/Required hard reject: 1.17 < 1.60; TradeQuality below configured minimum; FinalConfidence below configured minimum; ExecutionQuality below excellent gate: 0.0 < 80.0; ConvexityEdge below excellent gate: 57.4 < 80.0; OpportunityConfidence below excellent gate: 43.3 < 70.0; RegimeFit below excellent gate: 60.0 < 70.0,,
2026-08-24T13:45:29.510117+05:30,2026-08-24,GRASIM,NSE,STOCK,NSE_STOCK_OPTION,PAPER_ELIGIBLE,STOCK:GRASIM,paper-strategy-8ade763620b6,opportunity-score-8ade763620b6,universe-a8e55c76a270,PAPER_OVERRIDE::FYERS_PAPER_PROXY_RESEARCH,CE,UNKNOWN,3280.0,13.4,False,,,Observation interval exceeds rolling window.,False,,,,,ATM IV unavailable.,,GRASIM,NOT_CONFIGURED,,3f3175605513,WARMUP_OBSERVATIONS,23,1,0,90.0,65.0,1.0,1.6,70.0,65.0,35.0,50.0,inf,3.0,20.0,GLOBAL_POLICY_FLOOR>CLASS_FLOOR>INSTRUMENT_LEARNED_FLOOR; LOWER=max; UPPER=min,CONSTRAINED_WALK_FORWARD,WARMUP_OBSERVATIONS,,0,0,,,0.0,,FYERS_PAPER_PROXY_RESEARCH,FYERS_PAPER_RESEARCH_ONLY,COST_MODEL_UNVALIDATED,False,False,DISABLED,Daily market context is disabled until operator review,MANUAL_PROXY_RESEARCH,False,True,MEASURED,FIVE_LEVEL,FYERS_MARKET_DEPTH,5,5,500,250,1750,1500,2026-08-24T08:14:39+00:00,IV_UNAVAILABLE,False,0,False,False,DATA_INVALID,11,DataHealth invalid; Contract invalid: Quote stale or spread hard rejected.; SideDirection hard reject: 13.4 < 65.0; PremiumElasticity hard reject: 0.50 < 1.00; Expected/Required hard reject: 1.17 < 1.60; TradeQuality below configured minimum; FinalConfidence below configured minimum; ExecutionQuality below excellent gate: 0.0 < 80.0; ConvexityEdge below excellent gate: 71.4 < 80.0; OpportunityConfidence below excellent gate: 42.9 < 70.0; RegimeFit below excellent gate: 60.0 < 70.0,,
2026-08-24T13:45:29.510117+05:30,2026-08-24,GRASIM,NSE,STOCK,NSE_STOCK_OPTION,PAPER_ELIGIBLE,STOCK:GRASIM,paper-strategy-8ade763620b6,opportunity-score-8ade763620b6,universe-a8e55c76a270,PAPER_OVERRIDE::FYERS_PAPER_PROXY_RESEARCH,PE,UNKNOWN,3280.0,0.0,False,,,Observation interval exceeds rolling window.,False,,,,,ATM IV unavailable.,,GRASIM,NOT_CONFIGURED,,3f3175605513,WARMUP_OBSERVATIONS,23,1,0,90.0,65.0,1.0,1.6,70.0,65.0,35.0,50.0,inf,3.0,20.0,GLOBAL_POLICY_FLOOR>CLASS_FLOOR>INSTRUMENT_LEARNED_FLOOR; LOWER=max; UPPER=min,CONSTRAINED_WALK_FORWARD,WARMUP_OBSERVATIONS,,0,0,,,0.0,,FYERS_PAPER_PROXY_RESEARCH,FYERS_PAPER_RESEARCH_ONLY,COST_MODEL_UNVALIDATED,False,False,DISABLED,Daily market context is disabled until operator review,MANUAL_PROXY_RESEARCH,False,True,MEASURED,FIVE_LEVEL,FYERS_MARKET_DEPTH,5,5,250,250,1500,2750,2026-08-24T08:14:48+00:00,IV_UNAVAILABLE,False,0,False,False,DATA_INVALID,11,DataHealth invalid; Contract invalid: Quote stale or spread hard rejected.; SideDirection hard reject: -13.4 < 65.0; PremiumElasticity hard reject: 0.50 < 1.00; Expected/Required hard reject: 1.17 < 1.60; TradeQuality below configured minimum; FinalConfidence below configured minimum; ExecutionQuality below excellent gate: 37.1 < 80.0; ConvexityEdge below excellent gate: 71.4 < 80.0; OpportunityConfidence below excellent gate: 57.9 < 70.0; RegimeFit below excellent gate: 60.0 < 70.0,,
2026-08-24T13:45:29.510117+05:30,2026-08-24,GRASIM,NSE,STOCK,NSE_STOCK_OPTION,PAPER_ELIGIBLE,STOCK:GRASIM,paper-strategy-8ade763620b6,opportunity-score-8ade763620b6,universe-a8e55c76a270,PAPER_OVERRIDE::FYERS_PAPER_PROXY_RESEARCH,PE,UNKNOWN,3260.0,0.0,False,,,Observation interval exceeds rolling window.,False,,,,,ATM IV unavailable.,,GRASIM,NOT_CONFIGURED,,3f3175605513,WARMUP_OBSERVATIONS,23,1,0,90.0,65.0,1.0,1.6,70.0,65.0,35.0,50.0,inf,3.0,20.0,GLOBAL_POLICY_FLOOR>CLASS_FLOOR>INSTRUMENT_LEARNED_FLOOR; LOWER=max; UPPER=min,CONSTRAINED_WALK_FORWARD,WARMUP_OBSERVATIONS,,0,0,,,0.0,,FYERS_PAPER_PROXY_RESEARCH,FYERS_PAPER_RESEARCH_ONLY,COST_MODEL_UNVALIDATED,False,False,DISABLED,Daily market context is disabled until operator review,MANUAL_PROXY_RESEARCH,False,True,MEASURED,FIVE_LEVEL,FYERS_MARKET_DEPTH,5,5,250,500,1500,1750,2026-08-24T08:14:49+00:00,IV_UNAVAILABLE,False,0,False,False,DATA_INVALID,11,DataHealth invalid; Contract invalid: Quote stale or spread hard rejected.; SideDirection hard reject: -13.4 < 65.0; PremiumElasticity hard reject: 0.30 < 1.00; Expected/Required hard reject: 1.17 < 1.60; TradeQuality below configured minimum; FinalConfidence below configured minimum; ExecutionQuality below excellent gate: 0.0 < 80.0; ConvexityEdge below excellent gate: 57.4 < 80.0; OpportunityConfidence below excellent gate: 40.5 < 70.0; RegimeFit below excellent gate: 60.0 < 70.0,,
2026-08-24T13:45:29.510117+05:30,2026-08-24,HCLTECH,NSE,STOCK,NSE_STOCK_OPTION,PAPER_ELIGIBLE,STOCK:HCLTECH,paper-strategy-8ade763620b6,opportunity-score-8ade763620b6,universe-a8e55c76a270,PAPER_OVERRIDE::FYERS_PAPER_PROXY_RESEARCH,CE,UNKNOWN,1310.0,0.0,False,,,Observation interval exceeds rolling window.,False,,,,,ATM IV unavailable.,,HCLTECH,NOT_CONFIGURED,,bd3813497287,WARMUP_OBSERVATIONS,14,1,0,90.0,65.0,1.0,1.6,70.0,65.0,35.0,50.0,inf,3.0,20.0,GLOBAL_POLICY_FLOOR>CLASS_FLOOR>INSTRUMENT_LEARNED_FLOOR; LOWER=max; UPPER=min,CONSTRAINED_WALK_FORWARD,WARMUP_OBSERVATIONS,,0,0,,,0.0,,FYERS_PAPER_PROXY_RESEARCH,FYERS_PAPER_RESEARCH_ONLY,COST_MODEL_UNVALIDATED,False,False,DISABLED,Daily market context is disabled until operator review,MANUAL_PROXY_RESEARCH,False,True,MEASURED,FIVE_LEVEL,FYERS_MARKET_DEPTH,5,5,800,800,2800,2400,2026-08-24T08:14:46+00:00,IV_UNAVAILABLE,False,0,False,False,DATA_INVALID,10,DataHealth invalid; Contract invalid: Quote stale or spread hard rejected.; SideDirection hard reject: -13.9 < 65.0; PremiumElasticity hard reject: 0.70 < 1.00; Expected/Required hard reject: 1.17 < 1.60; TradeQuality below configured minimum; ExecutionQuality below excellent gate: 47.0 < 80.0; ConvexityEdge below excellent gate: 71.4 < 80.0; OpportunityConfidence below excellent gate: 68.4 < 70.0; RegimeFit below excellent gate: 60.0 < 70.0,,
2026-08-24T13:45:29.510117+05:30,2026-08-24,HCLTECH,NSE,STOCK,NSE_STOCK_OPTION,PAPER_ELIGIBLE,STOCK:HCLTECH,paper-strategy-8ade763620b6,opportunity-score-8ade763620b6,universe-a8e55c76a270,PAPER_OVERRIDE::FYERS_PAPER_PROXY_RESEARCH,PE,UNKNOWN,1330.0,13.9,False,,,Observation interval exceeds rolling window.,False,,,,,ATM IV unavailable.,,HCLTECH,NOT_CONFIGURED,,bd3813497287,WARMUP_OBSERVATIONS,14,1,0,90.0,65.0,1.0,1.6,70.0,65.0,35.0,50.0,inf,3.0,20.0,GLOBAL_POLICY_FLOOR>CLASS_FLOOR>INSTRUMENT_LEARNED_FLOOR; LOWER=max; UPPER=min,CONSTRAINED_WALK_FORWARD,WARMUP_OBSERVATIONS,,0,0,,,0.0,,FYERS_PAPER_PROXY_RESEARCH,FYERS_PAPER_RESEARCH_ONLY,COST_MODEL_UNVALIDATED,False,False,DISABLED,Daily market context is disabled until operator review,MANUAL_PROXY_RESEARCH,False,True,MEASURED,FIVE_LEVEL,FYERS_MARKET_DEPTH,5,5,800,1200,3200,4800,2026-08-24T08:11:40+00:00,IV_UNAVAILABLE,False,0,False,False,DATA_INVALID,11,DataHealth invalid; Contract invalid: Quote stale or spread hard rejected.; SideDirection hard reject: 13.9 < 65.0; PremiumElasticity hard reject: 0.70 < 1.00; Expected/Required hard reject: 1.17 < 1.60; TradeQuality below configured minimum; FinalConfidence below configured minimum; ExecutionQuality below excellent gate: 0.0 < 80.0; ConvexityEdge below excellent gate: 71.4 < 80.0; OpportunityConfidence below excellent gate: 58.8 < 70.0; RegimeFit below excellent gate: 60.0 < 70.0,,
2026-08-24T13:45:29.510117+05:30,2026-08-24,HDFCLIFE,NSE,STOCK,NSE_STOCK_OPTION,PAPER_ELIGIBLE,STOCK:HDFCLIFE,paper-strategy-8ade763620b6,opportunity-score-8ade763620b6,universe-a8e55c76a270,PAPER_OVERRIDE::FYERS_PAPER_PROXY_RESEARCH,PE,UNKNOWN,560.0,0.0,False,,,No prior observation for contract.,False,,,,,ATM IV unavailable.,,HDFCLIFE,NOT_CONFIGURED,,f8509861bdd0,WARMUP_OBSERVATIONS,6,1,0,90.0,65.0,1.0,1.6,70.0,65.0,35.0,50.0,inf,3.0,20.0,GLOBAL_POLICY_FLOOR>CLASS_FLOOR>INSTRUMENT_LEARNED_FLOOR; LOWER=max; UPPER=min,CONSTRAINED_WALK_FORWARD,WARMUP_OBSERVATIONS,,0,0,,,0.0,,FYERS_PAPER_PROXY_RESEARCH,FYERS_PAPER_RESEARCH_ONLY,COST_MODEL_UNVALIDATED,False,False,DISABLED,Daily market context is disabled until operator review,MANUAL_PROXY_RESEARCH,False,True,MEASURED,FIVE_LEVEL,FYERS_MARKET_DEPTH,5,5,1100,1100,7700,13200,2026-08-24T08:08:53+00:00,IV_UNAVAILABLE,False,0,False,False,DATA_INVALID,10,DataHealth invalid; Contract invalid: Quote stale or spread hard rejected.; SideDirection hard reject: -12.3 < 65.0; PremiumElasticity hard reject: 0.70 < 1.00; Expected/Required hard reject: 1.17 < 1.60; FinalConfidence below configured minimum; ExecutionQuality below excellent gate: 0.0 < 80.0; ConvexityEdge below excellent gate: 71.4 < 80.0; OpportunityConfidence below excellent gate: 38.2 < 70.0; RegimeFit below excellent gate: 60.0 < 70.0,,
2026-08-24T13:45:29.510117+05:30,2026-08-24,HINDALCO,NSE,STOCK,NSE_STOCK_OPTION,PAPER_ELIGIBLE,STOCK:HINDALCO,paper-strategy-8ade763620b6,opportunity-score-8ade763620b6,universe-a8e55c76a270,PAPER_OVERRIDE::FYERS_PAPER_PROXY_RESEARCH,PE,UNKNOWN,1060.0,0.0,False,,,Observation interval exceeds rolling window.,False,,,,,ATM IV unavailable.,,HINDALCO,NOT_CONFIGURED,,0b8f346aac89,WARMUP_OBSERVATIONS,0,0,0,90.0,65.0,1.0,1.6,70.0,65.0,35.0,50.0,inf,3.0,20.0,GLOBAL_POLICY_FLOOR>CLASS_FLOOR>INSTRUMENT_LEARNED_FLOOR; LOWER=max; UPPER=min,CONSTRAINED_WALK_FORWARD,WARMUP_OBSERVATIONS,,0,0,,,0.0,,FYERS_PAPER_PROXY_RESEARCH,FYERS_PAPER_RESEARCH_ONLY,COST_MODEL_UNVALIDATED,False,False,DISABLED,Daily market context is disabled until operator review,MANUAL_PROXY_RESEARCH,False,True,MEASURED,FIVE_LEVEL,FYERS_MARKET_DEPTH,5,5,1400,700,5600,7000,2026-08-24T08:15:00+00:00,IV_UNAVAILABLE,False,0,False,False,DATA_INVALID,11,DataHealth invalid; Contract invalid: Quote stale or spread hard rejected.; SideDirection hard reject: -15.6 < 65.0; PremiumElasticity hard reject: 0.50 < 1.00; Expected/Required hard reject: 1.17 < 1.60; TradeQuality below configured minimum; FinalConfidence below configured minimum; ExecutionQuality below excellent gate: 2.8 < 80.0; ConvexityEdge below excellent gate: 71.4 < 80.0; OpportunityConfidence below excellent gate: 56.0 < 70.0; RegimeFit below excellent gate: 60.0 < 70.0,,
2026-08-24T13:45:29.510117+05:30,2026-08-24,HINDALCO,NSE,STOCK,NSE_STOCK_OPTION,PAPER_ELIGIBLE,STOCK:HINDALCO,paper-strategy-8ade763620b6,opportunity-score-8ade763620b6,universe-a8e55c76a270,PAPER_OVERRIDE::FYERS_PAPER_PROXY_RESEARCH,CE,UNKNOWN,1040.0,15.6,False,,,Observation interval exceeds rolling window.,False,,,,,ATM IV unavailable.,,HINDALCO,NOT_CONFIGURED,,0b8f346aac89,WARMUP_OBSERVATIONS,0,0,0,90.0,65.0,1.0,1.6,70.0,65.0,35.0,50.0,inf,3.0,20.0,GLOBAL_POLICY_FLOOR>CLASS_FLOOR>INSTRUMENT_LEARNED_FLOOR; LOWER=max; UPPER=min,CONSTRAINED_WALK_FORWARD,WARMUP_OBSERVATIONS,,0,0,,,0.0,,FYERS_PAPER_PROXY_RESEARCH,FYERS_PAPER_RESEARCH_ONLY,COST_MODEL_UNVALIDATED,False,False,DISABLED,Daily market context is disabled until operator review,MANUAL_PROXY_RESEARCH,False,True,MEASURED,FIVE_LEVEL,FYERS_MARKET_DEPTH,5,5,8400,2800,14700,9100,2026-08-24T08:15:19+00:00,IV_UNAVAILABLE,False,0,False,False,DATA_INVALID,10,DataHealth invalid; Contract invalid: Quote stale or spread hard rejected.; SideDirection hard reject: 15.6 < 65.0; PremiumElasticity hard reject: 0.70 < 1.00; Expected/Required hard reject: 1.17 < 1.60; TradeQuality below configured minimum; ExecutionQuality below excellent gate: 48.4 < 80.0; ConvexityEdge below excellent gate: 71.4 < 80.0; OpportunityConfidence below excellent gate: 69.5 < 70.0; RegimeFit below excellent gate: 60.0 < 70.0,,
2026-08-24T13:45:29.510117+05:30,2026-08-24,HINDALCO,NSE,STOCK,NSE_STOCK_OPTION,PAPER_ELIGIBLE,STOCK:HINDALCO,paper-strategy-8ade763620b6,opportunity-score-8ade763620b6,universe-a8e55c76a270,PAPER_OVERRIDE::FYERS_PAPER_PROXY_RESEARCH,PE,UNKNOWN,1080.0,0.0,False,,,Observation interval exceeds rolling window.,False,,,,,ATM IV unavailable.,,HINDALCO,NOT_CONFIGURED,,0b8f346aac89,WARMUP_OBSERVATIONS,0,0,0,90.0,65.0,1.0,1.6,70.0,65.0,35.0,50.0,inf,3.0,20.0,GLOBAL_POLICY_FLOOR>CLASS_FLOOR>INSTRUMENT_LEARNED_FLOOR; LOWER=max; UPPER=min,CONSTRAINED_WALK_FORWARD,WARMUP_OBSERVATIONS,,0,0,,,0.0,,FYERS_PAPER_PROXY_RESEARCH,FYERS_PAPER_RESEARCH_ONLY,COST_MODEL_UNVALIDATED,False,False,DISABLED,Daily market context is disabled until operator review,MANUAL_PROXY_RESEARCH,False,True,MEASURED,FIVE_LEVEL,FYERS_MARKET_DEPTH,5,5,1400,700,8400,4200,2026-08-24T08:15:12+00:00,IV_UNAVAILABLE,False,0,False,False,DATA_INVALID,8,DataHealth invalid; Contract invalid: Quote stale or spread hard rejected.; SideDirection hard reject: -15.6 < 65.0; PremiumElasticity hard reject: 0.70 < 1.00; Expected/Required hard reject: 1.17 < 1.60; TradeQuality below configured minimum; ConvexityEdge below excellent gate: 71.4 < 80.0; RegimeFit below excellent gate: 60.0 < 70.0,,
2026-08-24T13:45:29.510117+05:30,2026-08-24,HINDUNILVR,NSE,STOCK,NSE_STOCK_OPTION,PAPER_ELIGIBLE,STOCK:HINDUNILVR,paper-strategy-8ade763620b6,opportunity-score-8ade763620b6,universe-a8e55c76a270,PAPER_OVERRIDE::FYERS_PAPER_PROXY_RESEARCH,CE,UNKNOWN,2000.0,1.6,False,,,Observation interval exceeds rolling window.,False,,,,,ATM IV unavailable.,,HINDUNILVR,NOT_CONFIGURED,,7c6072ee0b40,WARMUP_OBSERVATIONS,0,0,0,90.0,65.0,1.0,1.6,70.0,65.0,35.0,50.0,inf,3.0,20.0,GLOBAL_POLICY_FLOOR>CLASS_FLOOR>INSTRUMENT_LEARNED_FLOOR; LOWER=max; UPPER=min,CONSTRAINED_WALK_FORWARD,WARMUP_OBSERVATIONS,,0,0,,,0.0,,FYERS_PAPER_PROXY_RESEARCH,FYERS_PAPER_RESEARCH_ONLY,COST_MODEL_UNVALIDATED,False,False,DISABLED,Daily market context is disabled until operator review,MANUAL_PROXY_RESEARCH,False,True,MEASURED,FIVE_LEVEL,FYERS_MARKET_DEPTH,5,5,600,600,3300,2400,2026-08-24T08:15:08+00:00,IV_UNAVAILABLE,False,0,False,False,DATA_INVALID,11,DataHealth invalid; Contract invalid: Quote stale or spread hard rejected.; SideDirection hard reject: 1.6 < 65.0; PremiumElasticity hard reject: 0.70 < 1.00; Expected/Required hard reject: 1.17 < 1.60; TradeQuality below configured minimum; FinalConfidence below configured minimum; ExecutionQuality below excellent gate: 48.9 < 80.0; ConvexityEdge below excellent gate: 71.4 < 80.0; OpportunityConfidence below excellent gate: 58.6 < 70.0; RegimeFit below excellent gate: 60.0 < 70.0,,
2026-08-24T13:48:08.167256+05:30,2026-08-24,MIDCPNIFTY,NSE,INDEX,NSE_INDEX,PAPER_ELIGIBLE,INDEX:MIDCAP,paper-strategy-8ade763620b6,opportunity-score-8ade763620b6,universe-a8e55c76a270,PAPER_OVERRIDE::FYERS_PAPER_PROXY_RESEARCH,PE,UNKNOWN,14875.0,4.7,False,,,Underlying move below identification minimum.,False,,,,,ATM IV unavailable.,13.5093,midcap_direction_proxy,PARTIAL_MIDCAP,18.1870,712afad509f5,WARMUP_OBSERVATIONS,93,1,0,80.0,65.0,1.0,1.6,70.0,65.0,35.0,50.0,inf,2.0,10.0,GLOBAL_POLICY_FLOOR>CLASS_FLOOR>INSTRUMENT_LEARNED_FLOOR; LOWER=max; UPPER=min,CONSTRAINED_WALK_FORWARD,WARMUP_OBSERVATIONS,,0,0,,,0.0,,FYERS_PAPER_PROXY_RESEARCH,FYERS_PAPER_RESEARCH_ONLY,COST_MODEL_UNVALIDATED,False,False,DISABLED,Daily market context is disabled until operator review,MANUAL_PROXY_RESEARCH,False,True,MEASURED,FIVE_LEVEL,FYERS_MARKET_DEPTH,5,5,480,360,2040,3240,2026-08-24T08:17:40+00:00,IV_UNAVAILABLE,False,0,False,False,DATA_INVALID,7,DataHealth invalid; Contract invalid: Quote stale or spread hard rejected.; SideDirection hard reject: 4.7 < 65.0; PremiumElasticity hard reject: 0.50 < 1.00; Expected/Required hard reject: 1.08 < 1.60; TradeQuality below configured minimum; ConvexityEdge below excellent gate: 70.4 < 80.0,,
2026-08-24T13:48:08.167256+05:30,2026-08-24,MIDCPNIFTY,NSE,INDEX,NSE_INDEX,PAPER_ELIGIBLE,INDEX:MIDCAP,paper-strategy-8ade763620b6,opportunity-score-8ade763620b6,universe-a8e55c76a270,PAPER_OVERRIDE::FYERS_PAPER_PROXY_RESEARCH,CE,UNKNOWN,14850.0,0.0,False,,,Underlying move below identification minimum.,False,,,,,ATM IV unavailable.,13.5093,midcap_direction_proxy,PARTIAL_MIDCAP,18.1870,712afad509f5,WARMUP_OBSERVATIONS,93,1,0,80.0,65.0,1.0,1.6,70.0,65.0,35.0,50.0,inf,2.0,10.0,GLOBAL_POLICY_FLOOR>CLASS_FLOOR>INSTRUMENT_LEARNED_FLOOR; LOWER=max; UPPER=min,CONSTRAINED_WALK_FORWARD,WARMUP_OBSERVATIONS,,0,0,,,0.0,,FYERS_PAPER_PROXY_RESEARCH,FYERS_PAPER_RESEARCH_ONLY,COST_MODEL_UNVALIDATED,False,False,DISABLED,Daily market context is disabled until operator review,MANUAL_PROXY_RESEARCH,False,True,MEASURED,FIVE_LEVEL,FYERS_MARKET_DEPTH,5,5,360,600,1440,2880,2026-08-24T08:17:45+00:00,IV_UNAVAILABLE,False,0,False,False,DATA_INVALID,7,DataHealth invalid; Contract invalid: Quote stale or spread hard rejected.; SideDirection hard reject: -4.7 < 65.0; PremiumElasticity hard reject: 0.70 < 1.00; Expected/Required hard reject: 1.08 < 1.60; TradeQuality below configured minimum; ConvexityEdge below excellent gate: 70.4 < 80.0,,
2026-08-24T13:48:08.167256+05:30,2026-08-24,MIDCPNIFTY,NSE,INDEX,NSE_INDEX,PAPER_ELIGIBLE,INDEX:MIDCAP,paper-strategy-8ade763620b6,opportunity-score-8ade763620b6,universe-a8e55c76a270,PAPER_OVERRIDE::FYERS_PAPER_PROXY_RESEARCH,PE,UNKNOWN,14900.0,4.7,False,,,Underlying move below identification minimum.,False,,,,,ATM IV unavailable.,13.5093,midcap_direction_proxy,PARTIAL_MIDCAP,18.1870,712afad509f5,WARMUP_OBSERVATIONS,93,1,0,80.0,65.0,1.0,1.6,70.0,65.0,35.0,50.0,inf,2.0,10.0,GLOBAL_POLICY_FLOOR>CLASS_FLOOR>INSTRUMENT_LEARNED_FLOOR; LOWER=max; UPPER=min,CONSTRAINED_WALK_FORWARD,WARMUP_OBSERVATIONS,,0,0,,,0.0,,FYERS_PAPER_PROXY_RESEARCH,FYERS_PAPER_RESEARCH_ONLY,COST_MODEL_UNVALIDATED,False,False,DISABLED,Daily market context is disabled until operator review,MANUAL_PROXY_RESEARCH,False,True,MEASURED,FIVE_LEVEL,FYERS_MARKET_DEPTH,5,5,480,240,1920,3600,2026-08-24T08:17:49+00:00,IV_UNAVAILABLE,False,0,False,False,DATA_INVALID,7,DataHealth invalid; Contract invalid: Quote stale or spread hard rejected.; SideDirection hard reject: 4.7 < 65.0; PremiumElasticity hard reject: 0.70 < 1.00; Expected/Required hard reject: 1.08 < 1.60; TradeQuality below configured minimum; ConvexityEdge below excellent gate: 70.4 < 80.0,,
2026-08-24T13:48:08.167256+05:30,2026-08-24,M&M,NSE,STOCK,NSE_STOCK_OPTION,PAPER_ELIGIBLE,STOCK:M&M,paper-strategy-8ade763620b6,opportunity-score-8ade763620b6,universe-a8e55c76a270,PAPER_OVERRIDE::FYERS_PAPER_PROXY_RESEARCH,PE,UNKNOWN,3450.0,2.3,False,,,No prior observation for contract.,False,,,,,ATM IV unavailable.,,M&M,NOT_CONFIGURED,,0fdd6afea273,WARMUP_OBSERVATIONS,0,0,0,90.0,65.0,1.0,1.6,70.0,65.0,35.0,50.0,inf,3.0,20.0,GLOBAL_POLICY_FLOOR>CLASS_FLOOR>INSTRUMENT_LEARNED_FLOOR; LOWER=max; UPPER=min,CONSTRAINED_WALK_FORWARD,WARMUP_OBSERVATIONS,,0,0,,,0.0,,FYERS_PAPER_PROXY_RESEARCH,FYERS_PAPER_RESEARCH_ONLY,COST_MODEL_UNVALIDATED,False,False,DISABLED,Daily market context is disabled until operator review,MANUAL_PROXY_RESEARCH,False,True,MEASURED,FIVE_LEVEL,FYERS_MARKET_DEPTH,5,5,200,200,1200,1000,2026-08-24T08:17:44+00:00,IV_UNAVAILABLE,False,0,False,False,DATA_INVALID,11,DataHealth invalid; Contract invalid: Quote stale or spread hard rejected.; SideDirection hard reject: 2.3 < 65.0; PremiumElasticity hard reject: 0.70 < 1.00; Expected/Required hard reject: 1.17 < 1.60; TradeQuality below configured minimum; FinalConfidence below configured minimum; ExecutionQuality below excellent gate: 68.0 < 80.0; ConvexityEdge below excellent gate: 71.4 < 80.0; OpportunityConfidence below excellent gate: 61.8 < 70.0; RegimeFit below excellent gate: 60.0 < 70.0,,
2026-08-24T13:48:08.167256+05:30,2026-08-24,MARUTI,NSE,STOCK,NSE_STOCK_OPTION,PAPER_ELIGIBLE,STOCK:MARUTI,paper-strategy-8ade763620b6,opportunity-score-8ade763620b6,universe-a8e55c76a270,PAPER_OVERRIDE::FYERS_PAPER_PROXY_RESEARCH,PE,UNKNOWN,13400.0,0.0,False,,,No prior observation for contract.,False,,,,,ATM IV unavailable.,,MARUTI,NOT_CONFIGURED,,5b77f4aaaf9e,WARMUP_OBSERVATIONS,0,0,0,90.0,65.0,1.0,1.6,70.0,65.0,35.0,50.0,inf,3.0,20.0,GLOBAL_POLICY_FLOOR>CLASS_FLOOR>INSTRUMENT_LEARNED_FLOOR; LOWER=max; UPPER=min,CONSTRAINED_WALK_FORWARD,WARMUP_OBSERVATIONS,,0,0,,,0.0,,FYERS_PAPER_PROXY_RESEARCH,FYERS_PAPER_RESEARCH_ONLY,COST_MODEL_UNVALIDATED,False,False,DISABLED,Daily market context is disabled until operator review,MANUAL_PROXY_RESEARCH,False,True,MEASURED,FIVE_LEVEL,FYERS_MARKET_DEPTH,5,5,100,100,350,550,2026-08-24T08:17:50+00:00,IV_UNAVAILABLE,False,0,False,False,DATA_INVALID,11,DataHealth invalid; Contract invalid: Quote stale or spread hard rejected.; SideDirection hard reject: -5.3 < 65.0; PremiumElasticity hard reject: 0.30 < 1.00; Expected/Required hard reject: 1.17 < 1.60; TradeQuality below configured minimum; FinalConfidence below configured minimum; ExecutionQuality below excellent gate: 64.0 < 80.0; ConvexityEdge below excellent gate: 57.4 < 80.0; OpportunityConfidence below excellent gate: 62.5 < 70.0; RegimeFit below excellent gate: 60.0 < 70.0,,
2026-08-24T13:48:08.167256+05:30,2026-08-24,MAXHEALTH,NSE,STOCK,NSE_STOCK_OPTION,PAPER_ELIGIBLE,STOCK:MAXHEALTH,paper-strategy-8ade763620b6,opportunity-score-8ade763620b6,universe-a8e55c76a270,PAPER_OVERRIDE::FYERS_PAPER_PROXY_RESEARCH,CE,UNKNOWN,990.0,0.0,False,,,No prior observation for contract.,False,,,,,ATM IV unavailable.,,MAXHEALTH,NOT_CONFIGURED,,23bd34c2aeb5,WARMUP_OBSERVATIONS,0,0,0,90.0,65.0,1.0,1.6,70.0,65.0,35.0,50.0,inf,3.0,20.0,GLOBAL_POLICY_FLOOR>CLASS_FLOOR>INSTRUMENT_LEARNED_FLOOR; LOWER=max; UPPER=min,CONSTRAINED_WALK_FORWARD,WARMUP_OBSERVATIONS,,0,0,,,0.0,,FYERS_PAPER_PROXY_RESEARCH,FYERS_PAPER_RESEARCH_ONLY,COST_MODEL_UNVALIDATED,False,False,DISABLED,Daily market context is disabled until operator review,MANUAL_PROXY_RESEARCH,False,True,MEASURED,FIVE_LEVEL,FYERS_MARKET_DEPTH,5,5,1050,1575,7350,8925,2026-08-24T08:14:20+00:00,IV_UNAVAILABLE,False,0,False,False,DATA_INVALID,11,DataHealth invalid; Contract invalid: Quote stale or spread hard rejected.; SideDirection hard reject: -10.5 < 65.0; PremiumElasticity hard reject: 0.50 < 1.00; Expected/Required hard reject: 1.17 < 1.60; TradeQuality below configured minimum; FinalConfidence below configured minimum; ExecutionQuality below excellent gate: 0.0 < 80.0; ConvexityEdge below excellent gate: 71.4 < 80.0; OpportunityConfidence below excellent gate: 33.1 < 70.0; RegimeFit below excellent gate: 60.0 < 70.0,,
2026-08-24T13:48:08.167256+05:30,2026-08-24,MAXHEALTH,NSE,STOCK,NSE_STOCK_OPTION,PAPER_ELIGIBLE,STOCK:MAXHEALTH,paper-strategy-8ade763620b6,opportunity-score-8ade763620b6,universe-a8e55c76a270,PAPER_OVERRIDE::FYERS_PAPER_PROXY_RESEARCH,PE,UNKNOWN,990.0,10.5,False,,,No prior observation for contract.,False,,,,,ATM IV unavailable.,,MAXHEALTH,NOT_CONFIGURED,,23bd34c2aeb5,WARMUP_OBSERVATIONS,0,0,0,90.0,65.0,1.0,1.6,70.0,65.0,35.0,50.0,inf,3.0,20.0,GLOBAL_POLICY_FLOOR>CLASS_FLOOR>INSTRUMENT_LEARNED_FLOOR; LOWER=max; UPPER=min,CONSTRAINED_WALK_FORWARD,WARMUP_OBSERVATIONS,,0,0,,,0.0,,FYERS_PAPER_PROXY_RESEARCH,FYERS_PAPER_RESEARCH_ONLY,COST_MODEL_UNVALIDATED,False,False,DISABLED,Daily market context is disabled until operator review,MANUAL_PROXY_RESEARCH,False,True,MEASURED,FIVE_LEVEL,FYERS_MARKET_DEPTH,5,5,1050,525,8925,9975,2026-08-24T08:16:00+00:00,IV_UNAVAILABLE,False,0,False,False,DATA_INVALID,11,DataHealth invalid; Contract invalid: Quote stale or spread hard rejected.; SideDirection hard reject: 10.5 < 65.0; PremiumElasticity hard reject: 0.50 < 1.00; Expected/Required hard reject: 1.17 < 1.60; TradeQuality below configured minimum; FinalConfidence below configured minimum; ExecutionQuality below excellent gate: 0.0 < 80.0; ConvexityEdge below excellent gate: 71.4 < 80.0; OpportunityConfidence below excellent gate: 35.5 < 70.0; RegimeFit below excellent gate: 60.0 < 70.0,,
2026-08-24T13:48:08.167256+05:30,2026-08-24,MAXHEALTH,NSE,STOCK,NSE_STOCK_OPTION,PAPER_ELIGIBLE,STOCK:MAXHEALTH,paper-strategy-8ade763620b6,opportunity-score-8ade763620b6,universe-a8e55c76a270,PAPER_OVERRIDE::FYERS_PAPER_PROXY_RESEARCH,CE,UNKNOWN,980.0,0.0,False,,,No prior observation for contract.,False,,,,,ATM IV unavailable.,,MAXHEALTH,NOT_CONFIGURED,,23bd34c2aeb5,WARMUP_OBSERVATIONS,0,0,0,90.0,65.0,1.0,1.6,70.0,65.0,35.0,50.0,inf,3.0,20.0,GLOBAL_POLICY_FLOOR>CLASS_FLOOR>INSTRUMENT_LEARNED_FLOOR; LOWER=max; UPPER=min,CONSTRAINED_WALK_FORWARD,WARMUP_OBSERVATIONS,,0,0,,,0.0,,FYERS_PAPER_PROXY_RESEARCH,FYERS_PAPER_RESEARCH_ONLY,COST_MODEL_UNVALIDATED,False,False,DISABLED,Daily market context is disabled until operator review,MANUAL_PROXY_RESEARCH,False,True,MEASURED,FIVE_LEVEL,FYERS_MARKET_DEPTH,5,5,525,525,8400,6300,2026-08-24T08:09:48+00:00,IV_UNAVAILABLE,False,0,False,False,DATA_INVALID,11,DataHealth invalid; Contract invalid: Quote stale or spread hard rejected.; SideDirection hard reject: -10.5 < 65.0; PremiumElasticity hard reject: 0.70 < 1.00; Expected/Required hard reject: 1.17 < 1.60; TradeQuality below configured minimum; FinalConfidence below configured minimum; ExecutionQuality below excellent gate: 0.0 < 80.0; ConvexityEdge below excellent gate: 71.4 < 80.0; OpportunityConfidence below excellent gate: 47.3 < 70.0; RegimeFit below excellent gate: 60.0 < 70.0,,
2026-08-24T13:48:08.167256+05:30,2026-08-24,MAXHEALTH,NSE,STOCK,NSE_STOCK_OPTION,PAPER_ELIGIBLE,STOCK:MAXHEALTH,paper-strategy-8ade763620b6,opportunity-score-8ade763620b6,universe-a8e55c76a270,PAPER_OVERRIDE::FYERS_PAPER_PROXY_RESEARCH,CE,UNKNOWN,1000.0,0.0,False,,,No prior observation for contract.,False,,,,,ATM IV unavailable.,,MAXHEALTH,NOT_CONFIGURED,,23bd34c2aeb5,WARMUP_OBSERVATIONS,0,0,0,90.0,65.0,1.0,1.6,70.0,65.0,35.0,50.0,inf,3.0,20.0,GLOBAL_POLICY_FLOOR>CLASS_FLOOR>INSTRUMENT_LEARNED_FLOOR; LOWER=max; UPPER=min,CONSTRAINED_WALK_FORWARD,WARMUP_OBSERVATIONS,,0,0,,,0.0,,FYERS_PAPER_PROXY_RESEARCH,FYERS_PAPER_RESEARCH_ONLY,COST_MODEL_UNVALIDATED,False,False,DISABLED,Daily market context is disabled until operator review,MANUAL_PROXY_RESEARCH,False,True,MEASURED,FIVE_LEVEL,FYERS_MARKET_DEPTH,5,5,1575,1575,17325,12600,2026-08-24T08:15:49+00:00,IV_UNAVAILABLE,False,0,False,False,DATA_INVALID,11,DataHealth invalid; Contract invalid: Quote stale or spread hard rejected.; SideDirection hard reject: -10.5 < 65.0; PremiumElasticity hard reject: 0.30 < 1.00; Expected/Required hard reject: 1.17 < 1.60; TradeQuality below configured minimum; FinalConfidence below configured minimum; ExecutionQuality below excellent gate: 0.0 < 80.0; ConvexityEdge below excellent gate: 57.4 < 80.0; OpportunityConfidence below excellent gate: 32.4 < 70.0; RegimeFit below excellent gate: 60.0 < 70.0,,
2026-08-24T13:48:08.167256+05:30,2026-08-24,MAXHEALTH,NSE,STOCK,NSE_STOCK_OPTION,PAPER_ELIGIBLE,STOCK:MAXHEALTH,paper-strategy-8ade763620b6,opportunity-score-8ade763620b6,universe-a8e55c76a270,PAPER_OVERRIDE::FYERS_PAPER_PROXY_RESEARCH,PE,UNKNOWN,1000.0,10.5,False,,,No prior observation for contract.,False,,,,,ATM IV unavailable.,,MAXHEALTH,NOT_CONFIGURED,,23bd34c2aeb5,WARMUP_OBSERVATIONS,0,0,0,90.0,65.0,1.0,1.6,70.0,65.0,35.0,50.0,inf,3.0,20.0,GLOBAL_POLICY_FLOOR>CLASS_FLOOR>INSTRUMENT_LEARNED_FLOOR; LOWER=max; UPPER=min,CONSTRAINED_WALK_FORWARD,WARMUP_OBSERVATIONS,,0,0,,,0.0,,FYERS_PAPER_PROXY_RESEARCH,FYERS_PAPER_RESEARCH_ONLY,COST_MODEL_UNVALIDATED,False,False,DISABLED,Daily market context is disabled until operator review,MANUAL_PROXY_RESEARCH,False,True,MEASURED,FIVE_LEVEL,FYERS_MARKET_DEPTH,5,5,525,525,2625,3675,2026-08-24T08:15:07+00:00,IV_UNAVAILABLE,False,0,False,False,DATA_INVALID,11,DataHealth invalid; Contract invalid: Quote stale or spread hard rejected.; SideDirection hard reject: 10.5 < 65.0; PremiumElasticity hard reject: 0.70 < 1.00; Expected/Required hard reject: 1.17 < 1.60; TradeQuality below configured minimum; FinalConfidence below configured minimum; ExecutionQuality below excellent gate: 0.0 < 80.0; ConvexityEdge below excellent gate: 71.4 < 80.0; OpportunityConfidence below excellent gate: 46.5 < 70.0; RegimeFit below excellent gate: 60.0 < 70.0,,
2026-08-24T13:48:08.167256+05:30,2026-08-24,NTPC,NSE,STOCK,NSE_STOCK_OPTION,PAPER_ELIGIBLE,STOCK:NTPC,paper-strategy-8ade763620b6,opportunity-score-8ade763620b6,universe-a8e55c76a270,PAPER_OVERRIDE::FYERS_PAPER_PROXY_RESEARCH,PE,UNKNOWN,345.0,1.2,False,,,No prior observation for contract.,False,,,,,ATM IV unavailable.,,NTPC,NOT_CONFIGURED,,91d36097a929,WARMUP_OBSERVATIONS,0,0,0,90.0,65.0,1.0,1.6,70.0,65.0,35.0,50.0,inf,3.0,20.0,GLOBAL_POLICY_FLOOR>CLASS_FLOOR>INSTRUMENT_LEARNED_FLOOR; LOWER=max; UPPER=min,CONSTRAINED_WALK_FORWARD,WARMUP_OBSERVATIONS,,0,0,,,0.0,,FYERS_PAPER_PROXY_RESEARCH,FYERS_PAPER_RESEARCH_ONLY,COST_MODEL_UNVALIDATED,False,False,DISABLED,Daily market context is disabled until operator review,MANUAL_PROXY_RESEARCH,False,True,MEASURED,FIVE_LEVEL,FYERS_MARKET_DEPTH,5,5,3000,1500,12000,7500,2026-08-24T08:16:15+00:00,IV_UNAVAILABLE,False,0,False,False,DATA_INVALID,11,DataHealth invalid; Contract invalid: Quote stale or spread hard rejected.; SideDirection hard reject: 1.2 < 65.0; PremiumElasticity hard reject: 0.70 < 1.00; Expected/Required hard reject: 1.17 < 1.60; TradeQuality below configured minimum; FinalConfidence below configured minimum; ExecutionQuality below excellent gate: 0.0 < 80.0; ConvexityEdge below excellent gate: 71.4 < 80.0; OpportunityConfidence below excellent gate: 27.9 < 70.0; RegimeFit below excellent gate: 60.0 < 70.0,,
2026-08-24T13:48:08.167256+05:30,2026-08-24,NESTLEIND,NSE,STOCK,NSE_STOCK_OPTION,PAPER_ELIGIBLE,STOCK:NESTLEIND,paper-strategy-8ade763620b6,opportunity-score-8ade763620b6,universe-a8e55c76a270,PAPER_OVERRIDE::FYERS_PAPER_PROXY_RESEARCH,CE,UNKNOWN,1460.0,0.0,False,,,No prior observation for contract.,False,,,,,ATM IV unavailable.,,NESTLEIND,NOT_CONFIGURED,,d4955abe6c09,WARMUP_OBSERVATIONS,0,0,0,90.0,65.0,1.0,1.6,70.0,65.0,35.0,50.0,inf,3.0,20.0,GLOBAL_POLICY_FLOOR>CLASS_FLOOR>INSTRUMENT_LEARNED_FLOOR; LOWER=max; UPPER=min,CONSTRAINED_WALK_FORWARD,WARMUP_OBSERVATIONS,,0,0,,,0.0,,FYERS_PAPER_PROXY_RESEARCH,FYERS_PAPER_RESEARCH_ONLY,COST_MODEL_UNVALIDATED,False,False,DISABLED,Daily market context is disabled until operator review,MANUAL_PROXY_RESEARCH,False,True,MEASURED,FIVE_LEVEL,FYERS_MARKET_DEPTH,5,5,1000,1000,4500,6000,2026-08-24T08:16:26+00:00,IV_UNAVAILABLE,False,0,False,False,DATA_INVALID,11,DataHealth invalid; Contract invalid: Quote stale or spread hard rejected.; SideDirection hard reject: -8.2 < 65.0; PremiumElasticity hard reject: 0.50 < 1.00; Expected/Required hard reject: 1.17 < 1.60; TradeQuality below configured minimum; FinalConfidence below configured minimum; ExecutionQuality below excellent gate: 19.1 < 80.0; ConvexityEdge below excellent gate: 71.4 < 80.0; OpportunityConfidence below excellent gate: 58.3 < 70.0; RegimeFit below excellent gate: 60.0 < 70.0,,
2026-08-24T13:48:08.167256+05:30,2026-08-24,NESTLEIND,NSE,STOCK,NSE_STOCK_OPTION,PAPER_ELIGIBLE,STOCK:NESTLEIND,paper-strategy-8ade763620b6,opportunity-score-8ade763620b6,universe-a8e55c76a270,PAPER_OVERRIDE::FYERS_PAPER_PROXY_RESEARCH,PE,UNKNOWN,1460.0,8.2,False,,,No prior observation for contract.,False,,,,,ATM IV unavailable.,,NESTLEIND,NOT_CONFIGURED,,d4955abe6c09,WARMUP_OBSERVATIONS,0,0,0,90.0,65.0,1.0,1.6,70.0,65.0,35.0,50.0,inf,3.0,20.0,GLOBAL_POLICY_FLOOR>CLASS_FLOOR>INSTRUMENT_LEARNED_FLOOR; LOWER=max; UPPER=min,CONSTRAINED_WALK_FORWARD,WARMUP_OBSERVATIONS,,0,0,,,0.0,,FYERS_PAPER_PROXY_RESEARCH,FYERS_PAPER_RESEARCH_ONLY,COST_MODEL_UNVALIDATED,False,False,DISABLED,Daily market context is disabled until operator review,MANUAL_PROXY_RESEARCH,False,True,MEASURED,FIVE_LEVEL,FYERS_MARKET_DEPTH,5,5,500,500,5000,3000,2026-08-24T08:17:18+00:00,IV_UNAVAILABLE,False,0,False,False,DATA_INVALID,11,DataHealth invalid; Contract invalid: Quote stale or spread hard rejected.; SideDirection hard reject: 8.2 < 65.0; PremiumElasticity hard reject: 0.50 < 1.00; Expected/Required hard reject: 1.17 < 1.60; TradeQuality below configured minimum; FinalConfidence below configured minimum; ExecutionQuality below excellent gate: 0.0 < 80.0; ConvexityEdge below excellent gate: 71.4 < 80.0; OpportunityConfidence below excellent gate: 44.5 < 70.0; RegimeFit below excellent gate: 60.0 < 70.0,,
2026-08-24T13:48:08.167256+05:30,2026-08-24,NESTLEIND,NSE,STOCK,NSE_STOCK_OPTION,PAPER_ELIGIBLE,STOCK:NESTLEIND,paper-strategy-8ade763620b6,opportunity-score-8ade763620b6,universe-a8e55c76a270,PAPER_OVERRIDE::FYERS_PAPER_PROXY_RESEARCH,CE,UNKNOWN,1450.0,0.0,False,,,No prior observation for contract.,False,,,,,ATM IV unavailable.,,NESTLEIND,NOT_CONFIGURED,,d4955abe6c09,WARMUP_OBSERVATIONS,0,0,0,90.0,65.0,1.0,1.6,70.0,65.0,35.0,50.0,inf,3.0,20.0,GLOBAL_POLICY_FLOOR>CLASS_FLOOR>INSTRUMENT_LEARNED_FLOOR; LOWER=max; UPPER=min,CONSTRAINED_WALK_FORWARD,WARMUP_OBSERVATIONS,,0,0,,,0.0,,FYERS_PAPER_PROXY_RESEARCH,FYERS_PAPER_RESEARCH_ONLY,COST_MODEL_UNVALIDATED,False,False,DISABLED,Daily market context is disabled until operator review,MANUAL_PROXY_RESEARCH,False,True,MEASURED,FIVE_LEVEL,FYERS_MARKET_DEPTH,5,5,1000,1500,3500,3500,2026-08-24T08:11:17+00:00,IV_UNAVAILABLE,False,0,False,False,DATA_INVALID,11,DataHealth invalid; Contract invalid: Quote stale or spread hard rejected.; SideDirection hard reject: -8.2 < 65.0; PremiumElasticity hard reject: 0.70 < 1.00; Expected/Required hard reject: 1.17 < 1.60; TradeQuality below configured minimum; FinalConfidence below configured minimum; ExecutionQuality below excellent gate: 0.0 < 80.0; ConvexityEdge below excellent gate: 71.4 < 80.0; OpportunityConfidence below excellent gate: 36.2 < 70.0; RegimeFit below excellent gate: 60.0 < 70.0,,
2026-08-24T13:48:08.167256+05:30,2026-08-24,NESTLEIND,NSE,STOCK,NSE_STOCK_OPTION,PAPER_ELIGIBLE,STOCK:NESTLEIND,paper-strategy-8ade763620b6,opportunity-score-8ade763620b6,universe-a8e55c76a270,PAPER_OVERRIDE::FYERS_PAPER_PROXY_RESEARCH,CE,UNKNOWN,1470.0,0.0,False,,,No prior observation for contract.,False,,,,,ATM IV unavailable.,,NESTLEIND,NOT_CONFIGURED,,d4955abe6c09,WARMUP_OBSERVATIONS,0,0,0,90.0,65.0,1.0,1.6,70.0,65.0,35.0,50.0,inf,3.0,20.0,GLOBAL_POLICY_FLOOR>CLASS_FLOOR>INSTRUMENT_LEARNED_FLOOR; LOWER=max; UPPER=min,CONSTRAINED_WALK_FORWARD,WARMUP_OBSERVATIONS,,0,0,,,0.0,,FYERS_PAPER_PROXY_RESEARCH,FYERS_PAPER_RESEARCH_ONLY,COST_MODEL_UNVALIDATED,False,False,DISABLED,Daily market context is disabled until operator review,MANUAL_PROXY_RESEARCH,False,True,MEASURED,FIVE_LEVEL,FYERS_MARKET_DEPTH,5,5,500,1000,6500,6000,2026-08-24T08:15:09+00:00,IV_UNAVAILABLE,False,0,False,False,DATA_INVALID,11,DataHealth invalid; Contract invalid: Quote stale or spread hard rejected.; SideDirection hard reject: -8.2 < 65.0; PremiumElasticity hard reject: 0.30 < 1.00; Expected/Required hard reject: 1.17 < 1.60; TradeQuality below configured minimum; FinalConfidence below configured minimum; ExecutionQuality below excellent gate: 0.0 < 80.0; ConvexityEdge below excellent gate: 57.4 < 80.0; OpportunityConfidence below excellent gate: 36.7 < 70.0; RegimeFit below excellent gate: 60.0 < 70.0,,
2026-08-24T13:48:08.167256+05:30,2026-08-24,NESTLEIND,NSE,STOCK,NSE_STOCK_OPTION,PAPER_ELIGIBLE,STOCK:NESTLEIND,paper-strategy-8ade763620b6,opportunity-score-8ade763620b6,universe-a8e55c76a270,PAPER_OVERRIDE::FYERS_PAPER_PROXY_RESEARCH,PE,UNKNOWN,1470.0,8.2,False,,,No prior observation for contract.,False,,,,,ATM IV unavailable.,,NESTLEIND,NOT_CONFIGURED,,d4955abe6c09,WARMUP_OBSERVATIONS,0,0,0,90.0,65.0,1.0,1.6,70.0,65.0,35.0,50.0,inf,3.0,20.0,GLOBAL_POLICY_FLOOR>CLASS_FLOOR>INSTRUMENT_LEARNED_FLOOR; LOWER=max; UPPER=min,CONSTRAINED_WALK_FORWARD,WARMUP_OBSERVATIONS,,0,0,,,0.0,,FYERS_PAPER_PROXY_RESEARCH,FYERS_PAPER_RESEARCH_ONLY,COST_MODEL_UNVALIDATED,False,False,DISABLED,Daily market context is disabled until operator review,MANUAL_PROXY_RESEARCH,False,True,MEASURED,FIVE_LEVEL,FYERS_MARKET_DEPTH,5,5,500,1000,3000,3000,2026-08-24T08:15:44+00:00,IV_UNAVAILABLE,False,0,False,False,DATA_INVALID,11,DataHealth invalid; Contract invalid: Quote stale or spread hard rejected.; SideDirection hard reject: 8.2 < 65.0; PremiumElasticity hard reject: 0.70 < 1.00; Expected/Required hard reject: 1.17 < 1.60; TradeQuality below configured minimum; FinalConfidence below configured minimum; ExecutionQuality below excellent gate: 0.0 < 80.0; ConvexityEdge below excellent gate: 71.4 < 80.0; OpportunityConfidence below excellent gate: 52.4 < 70.0; RegimeFit below excellent gate: 60.0 < 70.0,,
2026-08-24T13:49:26.404331+05:30,2026-08-24,NIFTY,NSE,INDEX,NSE_INDEX,PAPER_ELIGIBLE,INDEX:BROAD_EQUITY,paper-strategy-8ade763620b6,opportunity-score-8ade763620b6,universe-a8e55c76a270,PAPER_OVERRIDE::FYERS_PAPER_PROXY_RESEARCH,CE,UNKNOWN,24100.0,0.0,False,,,Underlying move below identification minimum.,False,,,,,ATM IV unavailable.,0.0000,nifty_leadership_proxy,VALID,1.8867,00929e22c867,WARMUP_OBSERVATIONS,16,1,0,80.0,65.0,1.0,1.6,70.0,65.0,35.0,50.0,inf,2.0,10.0,GLOBAL_POLICY_FLOOR>CLASS_FLOOR>INSTRUMENT_LEARNED_FLOOR; LOWER=max; UPPER=min,CONSTRAINED_WALK_FORWARD,WARMUP_OBSERVATIONS,,0,0,,,0.0,,FYERS_PAPER_PROXY_RESEARCH,FYERS_PAPER_RESEARCH_ONLY,COST_MODEL_UNVALIDATED,False,False,DISABLED,Daily market context is disabled until operator review,MANUAL_PROXY_RESEARCH,False,True,MEASURED,FIVE_LEVEL,FYERS_MARKET_DEPTH,5,5,910,975,8905,7735,2026-08-24T08:19:03+00:00,IV_UNAVAILABLE,False,0,False,False,DATA_INVALID,7,DataHealth invalid; Contract invalid: Quote stale or spread hard rejected.; SideDirection hard reject: -1.9 < 65.0; PremiumElasticity hard reject: 0.70 < 1.00; Expected/Required hard reject: 1.33 < 1.60; TradeQuality below configured minimum; ConvexityEdge below excellent gate: 71.4 < 80.0,,
2026-08-24T13:49:26.404331+05:30,2026-08-24,BANKNIFTY,NSE,INDEX,NSE_INDEX,PAPER_ELIGIBLE,INDEX:BANKING,paper-strategy-8ade763620b6,opportunity-score-8ade763620b6,universe-a8e55c76a270,PAPER_OVERRIDE::FYERS_PAPER_PROXY_RESEARCH,CE,UNKNOWN,57300.0,0.0,False,,,Underlying move below identification minimum.,False,,,,,ATM IV unavailable.,0.0000,banknifty_fast_wbci,VALID,3.4793,2e840ccd58d1,WARMUP_OBSERVATIONS,187,1,0,80.0,65.0,1.0,1.6,70.0,65.0,35.0,50.0,inf,2.0,10.0,GLOBAL_POLICY_FLOOR>CLASS_FLOOR>INSTRUMENT_LEARNED_FLOOR; LOWER=max; UPPER=min,CONSTRAINED_WALK_FORWARD,WARMUP_OBSERVATIONS,,0,0,,,0.0,,FYERS_PAPER_PROXY_RESEARCH,FYERS_PAPER_RESEARCH_ONLY,COST_MODEL_UNVALIDATED,False,False,DISABLED,Daily market context is disabled until operator review,MANUAL_PROXY_RESEARCH,False,True,MEASURED,FIVE_LEVEL,FYERS_MARKET_DEPTH,5,5,90,30,660,510,2026-08-24T08:19:05+00:00,IV_UNAVAILABLE,False,0,False,False,DATA_INVALID,7,DataHealth invalid; Contract invalid: Quote stale or spread hard rejected.; SideDirection hard reject: -3.5 < 65.0; PremiumElasticity hard reject: 0.50 < 1.00; Expected/Required hard reject: 1.42 < 1.60; TradeQuality below configured minimum; ConvexityEdge below excellent gate: 71.4 < 80.0,,
2026-08-24T13:49:26.404331+05:30,2026-08-24,BANKNIFTY,NSE,INDEX,NSE_INDEX,PAPER_ELIGIBLE,INDEX:BANKING,paper-strategy-8ade763620b6,opportunity-score-8ade763620b6,universe-a8e55c76a270,PAPER_OVERRIDE::FYERS_PAPER_PROXY_RESEARCH,PE,UNKNOWN,57300.0,3.5,False,,,Underlying move below identification minimum.,False,,,,,ATM IV unavailable.,0.0000,banknifty_fast_wbci,VALID,3.4793,2e840ccd58d1,WARMUP_OBSERVATIONS,187,1,0,80.0,65.0,1.0,1.6,70.0,65.0,35.0,50.0,inf,2.0,10.0,GLOBAL_POLICY_FLOOR>CLASS_FLOOR>INSTRUMENT_LEARNED_FLOOR; LOWER=max; UPPER=min,CONSTRAINED_WALK_FORWARD,WARMUP_OBSERVATIONS,,0,0,,,0.0,,FYERS_PAPER_PROXY_RESEARCH,FYERS_PAPER_RESEARCH_ONLY,COST_MODEL_UNVALIDATED,False,False,DISABLED,Daily market context is disabled until operator review,MANUAL_PROXY_RESEARCH,False,True,MEASURED,FIVE_LEVEL,FYERS_MARKET_DEPTH,5,5,30,60,810,1410,2026-08-24T08:19:06+00:00,IV_UNAVAILABLE,False,0,False,False,DATA_INVALID,7,DataHealth invalid; Contract invalid: Quote stale or spread hard rejected.; SideDirection hard reject: 3.5 < 65.0; PremiumElasticity hard reject: 0.50 < 1.00; Expected/Required hard reject: 1.42 < 1.60; TradeQuality below configured minimum; ConvexityEdge below excellent gate: 71.4 < 80.0,,
2026-08-24T13:49:26.404331+05:30,2026-08-24,BANKNIFTY,NSE,INDEX,NSE_INDEX,PAPER_ELIGIBLE,INDEX:BANKING,paper-strategy-8ade763620b6,opportunity-score-8ade763620b6,universe-a8e55c76a270,PAPER_OVERRIDE::FYERS_PAPER_PROXY_RESEARCH,PE,UNKNOWN,57200.0,3.5,False,,,Underlying move below identification minimum.,False,,,,,ATM IV unavailable.,0.0000,banknifty_fast_wbci,VALID,3.4793,2e840ccd58d1,WARMUP_OBSERVATIONS,187,1,0,80.0,65.0,1.0,1.6,70.0,65.0,35.0,50.0,inf,2.0,10.0,GLOBAL_POLICY_FLOOR>CLASS_FLOOR>INSTRUMENT_LEARNED_FLOOR; LOWER=max; UPPER=min,CONSTRAINED_WALK_FORWARD,WARMUP_OBSERVATIONS,,0,0,,,0.0,,FYERS_PAPER_PROXY_RESEARCH,FYERS_PAPER_RESEARCH_ONLY,COST_MODEL_UNVALIDATED,False,False,DISABLED,Daily market context is disabled until operator review,MANUAL_PROXY_RESEARCH,False,True,MEASURED,FIVE_LEVEL,FYERS_MARKET_DEPTH,5,5,90,30,1020,1050,2026-08-24T08:19:05+00:00,IV_UNAVAILABLE,False,0,False,False,DATA_INVALID,7,DataHealth invalid; Contract invalid: Quote stale or spread hard rejected.; SideDirection hard reject: 3.5 < 65.0; PremiumElasticity hard reject: 0.30 < 1.00; Expected/Required hard reject: 1.42 < 1.60; TradeQuality below configured minimum; ConvexityEdge below excellent gate: 57.4 < 80.0,,
2026-08-24T13:49:26.404331+05:30,2026-08-24,BANKNIFTY,NSE,INDEX,NSE_INDEX,PAPER_ELIGIBLE,INDEX:BANKING,paper-strategy-8ade763620b6,opportunity-score-8ade763620b6,universe-a8e55c76a270,PAPER_OVERRIDE::FYERS_PAPER_PROXY_RESEARCH,CE,UNKNOWN,57400.0,0.0,False,,,Underlying move below identification minimum.,False,,,,,ATM IV unavailable.,0.0000,banknifty_fast_wbci,VALID,3.4793,2e840ccd58d1,WARMUP_OBSERVATIONS,187,1,0,80.0,65.0,1.0,1.6,70.0,65.0,35.0,50.0,inf,2.0,10.0,GLOBAL_POLICY_FLOOR>CLASS_FLOOR>INSTRUMENT_LEARNED_FLOOR; LOWER=max; UPPER=min,CONSTRAINED_WALK_FORWARD,WARMUP_OBSERVATIONS,,0,0,,,0.0,,FYERS_PAPER_PROXY_RESEARCH,FYERS_PAPER_RESEARCH_ONLY,COST_MODEL_UNVALIDATED,False,False,DISABLED,Daily market context is disabled until operator review,MANUAL_PROXY_RESEARCH,False,True,MEASURED,FIVE_LEVEL,FYERS_MARKET_DEPTH,5,5,90,30,1560,660,2026-08-24T08:19:06+00:00,IV_UNAVAILABLE,False,0,False,False,DATA_INVALID,7,DataHealth invalid; Contract invalid: Quote stale or spread hard rejected.; SideDirection hard reject: -3.5 < 65.0; PremiumElasticity hard reject: 0.30 < 1.00; Expected/Required hard reject: 1.42 < 1.60; TradeQuality below configured minimum; ConvexityEdge below excellent gate: 57.4 < 80.0,,
2026-08-24T13:49:26.404331+05:30,2026-08-24,BANKNIFTY,NSE,INDEX,NSE_INDEX,PAPER_ELIGIBLE,INDEX:BANKING,paper-strategy-8ade763620b6,opportunity-score-8ade763620b6,universe-a8e55c76a270,PAPER_OVERRIDE::FYERS_PAPER_PROXY_RESEARCH,PE,UNKNOWN,57400.0,3.5,False,,,Underlying move below identification minimum.,False,,,,,ATM IV unavailable.,0.0000,banknifty_fast_wbci,VALID,3.4793,2e840ccd58d1,WARMUP_OBSERVATIONS,187,1,0,80.0,65.0,1.0,1.6,70.0,65.0,35.0,50.0,inf,2.0,10.0,GLOBAL_POLICY_FLOOR>CLASS_FLOOR>INSTRUMENT_LEARNED_FLOOR; LOWER=max; UPPER=min,CONSTRAINED_WALK_FORWARD,WARMUP_OBSERVATIONS,,0,0,,,0.0,,FYERS_PAPER_PROXY_RESEARCH,FYERS_PAPER_RESEARCH_ONLY,COST_MODEL_UNVALIDATED,False,False,DISABLED,Daily market context is disabled until operator review,MANUAL_PROXY_RESEARCH,False,True,MEASURED,FIVE_LEVEL,FYERS_MARKET_DEPTH,5,5,330,60,1290,690,2026-08-24T08:19:06+00:00,IV_UNAVAILABLE,False,0,False,False,DATA_INVALID,7,DataHealth invalid; Contract invalid: Quote stale or spread hard rejected.; SideDirection hard reject: 3.5 < 65.0; PremiumElasticity hard reject: 0.70 < 1.00; Expected/Required hard reject: 1.42 < 1.60; TradeQuality below configured minimum; ConvexityEdge below excellent gate: 71.4 < 80.0,,
2026-08-24T13:49:26.404331+05:30,2026-08-24,MIDCPNIFTY,NSE,INDEX,NSE_INDEX,PAPER_ELIGIBLE,INDEX:MIDCAP,paper-strategy-8ade763620b6,opportunity-score-8ade763620b6,universe-a8e55c76a270,PAPER_OVERRIDE::FYERS_PAPER_PROXY_RESEARCH,CE,UNKNOWN,14875.0,0.0,False,,,Underlying move below identification minimum.,False,,,,,ATM IV unavailable.,13.1295,midcap_direction_proxy,PARTIAL_MIDCAP,17.0551,712afad509f5,WARMUP_OBSERVATIONS,99,1,0,80.0,65.0,1.0,1.6,70.0,65.0,35.0,50.0,inf,2.0,10.0,GLOBAL_POLICY_FLOOR>CLASS_FLOOR>INSTRUMENT_LEARNED_FLOOR; LOWER=max; UPPER=min,CONSTRAINED_WALK_FORWARD,WARMUP_OBSERVATIONS,,0,0,,,0.0,,FYERS_PAPER_PROXY_RESEARCH,FYERS_PAPER_RESEARCH_ONLY,COST_MODEL_UNVALIDATED,False,False,DISABLED,Daily market context is disabled until operator review,MANUAL_PROXY_RESEARCH,False,True,MEASURED,FIVE_LEVEL,FYERS_MARKET_DEPTH,5,5,120,360,2160,2520,2026-08-24T08:19:07+00:00,IV_UNAVAILABLE,False,0,False,False,DATA_INVALID,7,DataHealth invalid; Contract invalid: Quote stale or spread hard rejected.; SideDirection hard reject: -3.9 < 65.0; PremiumElasticity hard reject: 0.50 < 1.00; Expected/Required hard reject: 1.08 < 1.60; TradeQuality below configured minimum; ConvexityEdge below excellent gate: 70.4 < 80.0,,
2026-08-24T13:49:26.404331+05:30,2026-08-24,MIDCPNIFTY,NSE,INDEX,NSE_INDEX,PAPER_ELIGIBLE,INDEX:MIDCAP,paper-strategy-8ade763620b6,opportunity-score-8ade763620b6,universe-a8e55c76a270,PAPER_OVERRIDE::FYERS_PAPER_PROXY_RESEARCH,CE,UNKNOWN,14850.0,0.0,False,,,Underlying move below identification minimum.,False,,,,,ATM IV unavailable.,13.1295,midcap_direction_proxy,PARTIAL_MIDCAP,17.0551,712afad509f5,WARMUP_OBSERVATIONS,99,1,0,80.0,65.0,1.0,1.6,70.0,65.0,35.0,50.0,inf,2.0,10.0,GLOBAL_POLICY_FLOOR>CLASS_FLOOR>INSTRUMENT_LEARNED_FLOOR; LOWER=max; UPPER=min,CONSTRAINED_WALK_FORWARD,WARMUP_OBSERVATIONS,,0,0,,,0.0,,FYERS_PAPER_PROXY_RESEARCH,FYERS_PAPER_RESEARCH_ONLY,COST_MODEL_UNVALIDATED,False,False,DISABLED,Daily market context is disabled until operator review,MANUAL_PROXY_RESEARCH,False,True,MEASURED,FIVE_LEVEL,FYERS_MARKET_DEPTH,5,5,120,480,1320,1800,2026-08-24T08:19:09+00:00,IV_UNAVAILABLE,False,0,False,False,DATA_INVALID,7,DataHealth invalid; Contract invalid: Quote stale or spread hard rejected.; SideDirection hard reject: -3.9 < 65.0; PremiumElasticity hard reject: 0.70 < 1.00; Expected/Required hard reject: 1.08 < 1.60; TradeQuality below configured minimum; ConvexityEdge below excellent gate: 70.4 < 80.0,,
2026-08-24T13:49:26.404331+05:30,2026-08-24,SBILIFE,NSE,STOCK,NSE_STOCK_OPTION,PAPER_ELIGIBLE,STOCK:SBILIFE,paper-strategy-8ade763620b6,opportunity-score-8ade763620b6,universe-a8e55c76a270,PAPER_OVERRIDE::FYERS_PAPER_PROXY_RESEARCH,PE,UNKNOWN,1780.0,5.0,False,,,Observation interval exceeds rolling window.,False,,,,,ATM IV unavailable.,,SBILIFE,NOT_CONFIGURED,,e7a0ecf82f7b,WARMUP_OBSERVATIONS,15,1,0,90.0,65.0,1.0,1.6,70.0,65.0,35.0,50.0,inf,3.0,20.0,GLOBAL_POLICY_FLOOR>CLASS_FLOOR>INSTRUMENT_LEARNED_FLOOR; LOWER=max; UPPER=min,CONSTRAINED_WALK_FORWARD,WARMUP_OBSERVATIONS,,0,0,,,0.0,,FYERS_PAPER_PROXY_RESEARCH,FYERS_PAPER_RESEARCH_ONLY,COST_MODEL_UNVALIDATED,False,False,DISABLED,Daily market context is disabled until operator review,MANUAL_PROXY_RESEARCH,False,True,MEASURED,FIVE_LEVEL,FYERS_MARKET_DEPTH,5,5,750,375,2625,5625,2026-08-24T08:17:48+00:00,IV_UNAVAILABLE,False,0,False,False,DATA_INVALID,11,DataHealth invalid; Contract invalid: Quote stale or spread hard rejected.; SideDirection hard reject: 5.0 < 65.0; PremiumElasticity hard reject: 0.50 < 1.00; Expected/Required hard reject: 1.17 < 1.60; TradeQuality below configured minimum; FinalConfidence below configured minimum; ExecutionQuality below excellent gate: 0.0 < 80.0; ConvexityEdge below excellent gate: 71.4 < 80.0; OpportunityConfidence below excellent gate: 32.1 < 70.0; RegimeFit below excellent gate: 60.0 < 70.0,,
2026-08-24T13:49:26.404331+05:30,2026-08-24,SBILIFE,NSE,STOCK,NSE_STOCK_OPTION,PAPER_ELIGIBLE,STOCK:SBILIFE,paper-strategy-8ade763620b6,opportunity-score-8ade763620b6,universe-a8e55c76a270,PAPER_OVERRIDE::FYERS_PAPER_PROXY_RESEARCH,CE,UNKNOWN,1760.0,0.0,False,,,Observation interval exceeds rolling window.,False,,,,,ATM IV unavailable.,,SBILIFE,NOT_CONFIGURED,,e7a0ecf82f7b,WARMUP_OBSERVATIONS,15,1,0,90.0,65.0,1.0,1.6,70.0,65.0,35.0,50.0,inf,3.0,20.0,GLOBAL_POLICY_FLOOR>CLASS_FLOOR>INSTRUMENT_LEARNED_FLOOR; LOWER=max; UPPER=min,CONSTRAINED_WALK_FORWARD,WARMUP_OBSERVATIONS,,0,0,,,0.0,,FYERS_PAPER_PROXY_RESEARCH,FYERS_PAPER_RESEARCH_ONLY,COST_MODEL_UNVALIDATED,False,False,DISABLED,Daily market context is disabled until operator review,MANUAL_PROXY_RESEARCH,False,True,MEASURED,FIVE_LEVEL,FYERS_MARKET_DEPTH,5,5,375,375,5250,3750,2026-08-24T08:19:09+00:00,IV_UNAVAILABLE,False,0,False,False,DATA_INVALID,11,DataHealth invalid; Contract invalid: Quote stale or spread hard rejected.; SideDirection hard reject: -5.0 < 65.0; PremiumElasticity hard reject: 0.70 < 1.00; Expected/Required hard reject: 1.17 < 1.60; TradeQuality below configured minimum; FinalConfidence below configured minimum; ExecutionQuality below excellent gate: 0.0 < 80.0; ConvexityEdge below excellent gate: 71.4 < 80.0; OpportunityConfidence below excellent gate: 35.4 < 70.0; RegimeFit below excellent gate: 60.0 < 70.0,,
2026-08-24T13:49:26.404331+05:30,2026-08-24,SBILIFE,NSE,STOCK,NSE_STOCK_OPTION,PAPER_ELIGIBLE,STOCK:SBILIFE,paper-strategy-8ade763620b6,opportunity-score-8ade763620b6,universe-a8e55c76a270,PAPER_OVERRIDE::FYERS_PAPER_PROXY_RESEARCH,PE,UNKNOWN,1760.0,5.0,False,,,Observation interval exceeds rolling window.,False,,,,,ATM IV unavailable.,,SBILIFE,NOT_CONFIGURED,,e7a0ecf82f7b,WARMUP_OBSERVATIONS,15,1,0,90.0,65.0,1.0,1.6,70.0,65.0,35.0,50.0,inf,3.0,20.0,GLOBAL_POLICY_FLOOR>CLASS_FLOOR>INSTRUMENT_LEARNED_FLOOR; LOWER=max; UPPER=min,CONSTRAINED_WALK_FORWARD,WARMUP_OBSERVATIONS,,0,0,,,0.0,,FYERS_PAPER_PROXY_RESEARCH,FYERS_PAPER_RESEARCH_ONLY,COST_MODEL_UNVALIDATED,False,False,DISABLED,Daily market context is disabled until operator review,MANUAL_PROXY_RESEARCH,False,True,MEASURED,FIVE_LEVEL,FYERS_MARKET_DEPTH,5,5,375,1125,1875,5625,2026-08-24T08:18:12+00:00,IV_UNAVAILABLE,False,0,False,False,DATA_INVALID,11,DataHealth invalid; Contract invalid: Quote stale or spread hard rejected.; SideDirection hard reject: 5.0 < 65.0; PremiumElasticity hard reject: 0.30 < 1.00; Expected/Required hard reject: 1.17 < 1.60; TradeQuality below configured minimum; FinalConfidence below configured minimum; ExecutionQuality below excellent gate: 0.0 < 80.0; ConvexityEdge below excellent gate: 57.4 < 80.0; OpportunityConfidence below excellent gate: 32.1 < 70.0; RegimeFit below excellent gate: 60.0 < 70.0,,
2026-08-24T13:49:26.404331+05:30,2026-08-24,SHRIRAMFIN,NSE,STOCK,NSE_STOCK_OPTION,PAPER_ELIGIBLE,STOCK:SHRIRAMFIN,paper-strategy-8ade763620b6,opportunity-score-8ade763620b6,universe-a8e55c76a270,PAPER_OVERRIDE::FYERS_PAPER_PROXY_RESEARCH,PE,UNKNOWN,1140.0,4.3,False,,,Observation interval exceeds rolling window.,False,,,,,ATM IV unavailable.,,SHRIRAMFIN,NOT_CONFIGURED,,040b04cc83f4,WARMUP_OBSERVATIONS,10,1,0,90.0,65.0,1.0,1.6,70.0,65.0,35.0,50.0,inf,3.0,20.0,GLOBAL_POLICY_FLOOR>CLASS_FLOOR>INSTRUMENT_LEARNED_FLOOR; LOWER=max; UPPER=min,CONSTRAINED_WALK_FORWARD,WARMUP_OBSERVATIONS,,0,0,,,0.0,,FYERS_PAPER_PROXY_RESEARCH,FYERS_PAPER_RESEARCH_ONLY,COST_MODEL_UNVALIDATED,False,False,DISABLED,Daily market context is disabled until operator review,MANUAL_PROXY_RESEARCH,False,True,MEASURED,FIVE_LEVEL,FYERS_MARKET_DEPTH,5,5,825,825,5775,5775,2026-08-24T08:19:01+00:00,IV_UNAVAILABLE,False,0,False,False,DATA_INVALID,10,DataHealth invalid; Contract invalid: Quote stale or spread hard rejected.; SideDirection hard reject: 4.3 < 65.0; PremiumElasticity hard reject: 0.70 < 1.00; Expected/Required hard reject: 1.17 < 1.60; TradeQuality below configured minimum; ExecutionQuality below excellent gate: 53.8 < 80.0; ConvexityEdge below excellent gate: 71.4 < 80.0; OpportunityConfidence below excellent gate: 65.4 < 70.0; RegimeFit below excellent gate: 60.0 < 70.0,,
2026-08-24T13:49:26.404331+05:30,2026-08-24,SBIN,NSE,STOCK,NSE_STOCK_OPTION,PAPER_ELIGIBLE,STOCK:SBIN,paper-strategy-8ade763620b6,opportunity-score-8ade763620b6,universe-a8e55c76a270,PAPER_OVERRIDE::FYERS_PAPER_PROXY_RESEARCH,CE,UNKNOWN,1020.0,0.0,False,,,Observation interval exceeds rolling window.,False,,,,,ATM IV unavailable.,,SBIN,NOT_CONFIGURED,,805b57c0ddbd,WARMUP_OBSERVATIONS,1,1,0,90.0,65.0,1.0,1.6,70.0,65.0,35.0,50.0,inf,3.0,20.0,GLOBAL_POLICY_FLOOR>CLASS_FLOOR>INSTRUMENT_LEARNED_FLOOR; LOWER=max; UPPER=min,CONSTRAINED_WALK_FORWARD,WARMUP_OBSERVATIONS,,0,0,,,0.0,,FYERS_PAPER_PROXY_RESEARCH,FYERS_PAPER_RESEARCH_ONLY,COST_MODEL_UNVALIDATED,False,False,DISABLED,Daily market context is disabled until operator review,MANUAL_PROXY_RESEARCH,False,True,MEASURED,FIVE_LEVEL,FYERS_MARKET_DEPTH,5,5,3000,750,11250,8250,2026-08-24T08:19:06+00:00,IV_UNAVAILABLE,False,0,False,False,DATA_INVALID,11,DataHealth invalid; Contract invalid: Quote stale or spread hard rejected.; SideDirection hard reject: 0.0 < 65.0; PremiumElasticity hard reject: 0.70 < 1.00; Expected/Required hard reject: 1.17 < 1.60; TradeQuality below configured minimum; FinalConfidence below configured minimum; ExecutionQuality below excellent gate: 41.7 < 80.0; ConvexityEdge below excellent gate: 71.4 < 80.0; OpportunityConfidence below excellent gate: 54.6 < 70.0; RegimeFit below excellent gate: 60.0 < 70.0,,
2026-08-24T13:49:26.404331+05:30,2026-08-24,SUNPHARMA,NSE,STOCK,NSE_STOCK_OPTION,PAPER_ELIGIBLE,STOCK:SUNPHARMA,paper-strategy-8ade763620b6,opportunity-score-8ade763620b6,universe-a8e55c76a270,PAPER_OVERRIDE::FYERS_PAPER_PROXY_RESEARCH,PE,UNKNOWN,1920.0,21.3,False,,,Observation interval exceeds rolling window.,False,,,,,ATM IV unavailable.,,SUNPHARMA,NOT_CONFIGURED,,cb1e16815115,WARMUP_OBSERVATIONS,14,1,0,90.0,65.0,1.0,1.6,70.0,65.0,35.0,50.0,inf,3.0,20.0,GLOBAL_POLICY_FLOOR>CLASS_FLOOR>INSTRUMENT_LEARNED_FLOOR; LOWER=max; UPPER=min,CONSTRAINED_WALK_FORWARD,WARMUP_OBSERVATIONS,,0,0,,,0.0,,FYERS_PAPER_PROXY_RESEARCH,FYERS_PAPER_RESEARCH_ONLY,COST_MODEL_UNVALIDATED,False,False,DISABLED,Daily market context is disabled until operator review,MANUAL_PROXY_RESEARCH,False,True,MEASURED,FIVE_LEVEL,FYERS_MARKET_DEPTH,5,5,350,350,2100,3500,2026-08-24T08:19:05+00:00,IV_UNAVAILABLE,False,0,False,False,DATA_INVALID,10,DataHealth invalid; Contract invalid: Quote stale or spread hard rejected.; SideDirection hard reject: 21.3 < 65.0; PremiumElasticity hard reject: 0.50 < 1.00; Expected/Required hard reject: 1.17 < 1.60; TradeQuality below configured minimum; ExecutionQuality below excellent gate: 10.3 < 80.0; ConvexityEdge below excellent gate: 71.4 < 80.0; OpportunityConfidence below excellent gate: 66.1 < 70.0; RegimeFit below excellent gate: 60.0 < 70.0,,
2026-08-24T13:49:26.404331+05:30,2026-08-24,SUNPHARMA,NSE,STOCK,NSE_STOCK_OPTION,PAPER_ELIGIBLE,STOCK:SUNPHARMA,paper-strategy-8ade763620b6,opportunity-score-8ade763620b6,universe-a8e55c76a270,PAPER_OVERRIDE::FYERS_PAPER_PROXY_RESEARCH,CE,UNKNOWN,1900.0,0.0,False,,,Observation interval exceeds rolling window.,False,,,,,ATM IV unavailable.,,SUNPHARMA,NOT_CONFIGURED,,cb1e16815115,WARMUP_OBSERVATIONS,14,1,0,90.0,65.0,1.0,1.6,70.0,65.0,35.0,50.0,inf,3.0,20.0,GLOBAL_POLICY_FLOOR>CLASS_FLOOR>INSTRUMENT_LEARNED_FLOOR; LOWER=max; UPPER=min,CONSTRAINED_WALK_FORWARD,WARMUP_OBSERVATIONS,,0,0,,,0.0,,FYERS_PAPER_PROXY_RESEARCH,FYERS_PAPER_RESEARCH_ONLY,COST_MODEL_UNVALIDATED,False,False,DISABLED,Daily market context is disabled until operator review,MANUAL_PROXY_RESEARCH,False,True,MEASURED,FIVE_LEVEL,FYERS_MARKET_DEPTH,5,5,700,350,3850,2450,2026-08-24T08:18:51+00:00,IV_UNAVAILABLE,False,0,False,False,DATA_INVALID,11,DataHealth invalid; Contract invalid: Quote stale or spread hard rejected.; SideDirection hard reject: -21.3 < 65.0; PremiumElasticity hard reject: 0.70 < 1.00; Expected/Required hard reject: 1.17 < 1.60; TradeQuality below configured minimum; FinalConfidence below configured minimum; ExecutionQuality below excellent gate: 10.9 < 80.0; ConvexityEdge below excellent gate: 71.4 < 80.0; OpportunityConfidence below excellent gate: 59.9 < 70.0; RegimeFit below excellent gate: 60.0 < 70.0,,
2026-08-24T13:49:26.404331+05:30,2026-08-24,SUNPHARMA,NSE,STOCK,NSE_STOCK_OPTION,PAPER_ELIGIBLE,STOCK:SUNPHARMA,paper-strategy-8ade763620b6,opportunity-score-8ade763620b6,universe-a8e55c76a270,PAPER_OVERRIDE::FYERS_PAPER_PROXY_RESEARCH,PE,UNKNOWN,1940.0,21.3,False,,,Observation interval exceeds rolling window.,False,,,,,ATM IV unavailable.,,SUNPHARMA,NOT_CONFIGURED,,cb1e16815115,WARMUP_OBSERVATIONS,14,1,0,90.0,65.0,1.0,1.6,70.0,65.0,35.0,50.0,inf,3.0,20.0,GLOBAL_POLICY_FLOOR>CLASS_FLOOR>INSTRUMENT_LEARNED_FLOOR; LOWER=max; UPPER=min,CONSTRAINED_WALK_FORWARD,WARMUP_OBSERVATIONS,,0,0,,,0.0,,FYERS_PAPER_PROXY_RESEARCH,FYERS_PAPER_RESEARCH_ONLY,COST_MODEL_UNVALIDATED,False,False,DISABLED,Daily market context is disabled until operator review,MANUAL_PROXY_RESEARCH,False,True,MEASURED,FIVE_LEVEL,FYERS_MARKET_DEPTH,5,5,700,350,2450,2450,2026-08-24T08:17:57+00:00,IV_UNAVAILABLE,False,0,False,False,DATA_INVALID,8,DataHealth invalid; Contract invalid: Quote stale or spread hard rejected.; SideDirection hard reject: 21.3 < 65.0; PremiumElasticity hard reject: 0.70 < 1.00; Expected/Required hard reject: 1.17 < 1.60; TradeQuality below configured minimum; ConvexityEdge below excellent gate: 71.4 < 80.0; RegimeFit below excellent gate: 60.0 < 70.0,,
2026-08-24T13:49:26.404331+05:30,2026-08-24,TCS,NSE,STOCK,NSE_STOCK_OPTION,PAPER_ELIGIBLE,STOCK:TCS,paper-strategy-8ade763620b6,opportunity-score-8ade763620b6,universe-a8e55c76a270,PAPER_OVERRIDE::FYERS_PAPER_PROXY_RESEARCH,CE,UNKNOWN,2260.0,0.0,False,,,Observation interval exceeds rolling window.,False,,,,,ATM IV unavailable.,,TCS,NOT_CONFIGURED,,5450c99e8b35,WARMUP_OBSERVATIONS,9,1,0,90.0,65.0,1.0,1.6,70.0,65.0,35.0,50.0,inf,3.0,20.0,GLOBAL_POLICY_FLOOR>CLASS_FLOOR>INSTRUMENT_LEARNED_FLOOR; LOWER=max; UPPER=min,CONSTRAINED_WALK_FORWARD,WARMUP_OBSERVATIONS,,0,0,,,0.0,,FYERS_PAPER_PROXY_RESEARCH,FYERS_PAPER_RESEARCH_ONLY,COST_MODEL_UNVALIDATED,False,False,DISABLED,Daily market context is disabled until operator review,MANUAL_PROXY_RESEARCH,False,True,MEASURED,FIVE_LEVEL,FYERS_MARKET_DEPTH,5,5,450,225,2025,1350,2026-08-24T08:18:38+00:00,IV_UNAVAILABLE,False,0,False,False,DATA_INVALID,8,DataHealth invalid; Contract invalid: Quote stale or spread hard rejected.; SideDirection hard reject: -7.0 < 65.0; PremiumElasticity hard reject: 0.70 < 1.00; Expected/Required hard reject: 1.17 < 1.60; TradeQuality below configured minimum; ConvexityEdge below excellent gate: 71.4 < 80.0; RegimeFit below excellent gate: 60.0 < 70.0,,
2026-08-24T13:49:26.404331+05:30,2026-08-24,TATACONSUM,NSE,STOCK,NSE_STOCK_OPTION,PAPER_ELIGIBLE,STOCK:TATACONSUM,paper-strategy-8ade763620b6,opportunity-score-8ade763620b6,universe-a8e55c76a270,PAPER_OVERRIDE::FYERS_PAPER_PROXY_RESEARCH,CE,UNKNOWN,1050.0,0.8,False,,,Observation interval exceeds rolling window.,False,,,,,ATM IV unavailable.,,TATACONSUM,NOT_CONFIGURED,,9add61d653ca,WARMUP_OBSERVATIONS,13,1,0,90.0,65.0,1.0,1.6,70.0,65.0,35.0,50.0,inf,3.0,20.0,GLOBAL_POLICY_FLOOR>CLASS_FLOOR>INSTRUMENT_LEARNED_FLOOR; LOWER=max; UPPER=min,CONSTRAINED_WALK_FORWARD,WARMUP_OBSERVATIONS,,0,0,,,0.0,,FYERS_PAPER_PROXY_RESEARCH,FYERS_PAPER_RESEARCH_ONLY,COST_MODEL_UNVALIDATED,False,False,DISABLED,Daily market context is disabled until operator review,MANUAL_PROXY_RESEARCH,False,True,MEASURED,FIVE_LEVEL,FYERS_MARKET_DEPTH,5,5,1100,550,7700,4950,2026-08-24T08:16:41+00:00,IV_UNAVAILABLE,False,0,False,False,DATA_INVALID,11,DataHealth invalid; Contract invalid: Quote stale or spread hard rejected.; SideDirection hard reject: 0.8 < 65.0; PremiumElasticity hard reject: 0.50 < 1.00; Expected/Required hard reject: 1.17 < 1.60; TradeQuality below configured minimum; FinalConfidence below configured minimum; ExecutionQuality below excellent gate: 0.0 < 80.0; ConvexityEdge below excellent gate: 71.4 < 80.0; OpportunityConfidence below excellent gate: 27.5 < 70.0; RegimeFit below excellent gate: 60.0 < 70.0,,
2026-08-24T13:49:26.404331+05:30,2026-08-24,TATACONSUM,NSE,STOCK,NSE_STOCK_OPTION,PAPER_ELIGIBLE,STOCK:TATACONSUM,paper-strategy-8ade763620b6,opportunity-score-8ade763620b6,universe-a8e55c76a270,PAPER_OVERRIDE::FYERS_PAPER_PROXY_RESEARCH,CE,UNKNOWN,1040.0,0.8,False,,,Observation interval exceeds rolling window.,False,,,,,ATM IV unavailable.,,TATACONSUM,NOT_CONFIGURED,,9add61d653ca,WARMUP_OBSERVATIONS,13,1,0,90.0,65.0,1.0,1.6,70.0,65.0,35.0,50.0,inf,3.0,20.0,GLOBAL_POLICY_FLOOR>CLASS_FLOOR>INSTRUMENT_LEARNED_FLOOR; LOWER=max; UPPER=min,CONSTRAINED_WALK_FORWARD,WARMUP_OBSERVATIONS,,0,0,,,0.0,,FYERS_PAPER_PROXY_RESEARCH,FYERS_PAPER_RESEARCH_ONLY,COST_MODEL_UNVALIDATED,False,False,DISABLED,Daily market context is disabled until operator review,MANUAL_PROXY_RESEARCH,False,True,MEASURED,FIVE_LEVEL,FYERS_MARKET_DEPTH,5,5,550,550,3850,4950,2026-08-24T08:16:08+00:00,IV_UNAVAILABLE,False,0,False,False,DATA_INVALID,11,DataHealth invalid; Contract invalid: Quote stale or spread hard rejected.; SideDirection hard reject: 0.8 < 65.0; PremiumElasticity hard reject: 0.70 < 1.00; Expected/Required hard reject: 1.17 < 1.60; TradeQuality below configured minimum; FinalConfidence below configured minimum; ExecutionQuality below excellent gate: 0.0 < 80.0; ConvexityEdge below excellent gate: 71.4 < 80.0; OpportunityConfidence below excellent gate: 28.9 < 70.0; RegimeFit below excellent gate: 60.0 < 70.0,,
2026-08-24T13:49:26.404331+05:30,2026-08-24,TATACONSUM,NSE,STOCK,NSE_STOCK_OPTION,PAPER_ELIGIBLE,STOCK:TATACONSUM,paper-strategy-8ade763620b6,opportunity-score-8ade763620b6,universe-a8e55c76a270,PAPER_OVERRIDE::FYERS_PAPER_PROXY_RESEARCH,PE,UNKNOWN,1060.0,0.0,False,,,Observation interval exceeds rolling window.,False,,,,,ATM IV unavailable.,,TATACONSUM,NOT_CONFIGURED,,9add61d653ca,WARMUP_OBSERVATIONS,13,1,0,90.0,65.0,1.0,1.6,70.0,65.0,35.0,50.0,inf,3.0,20.0,GLOBAL_POLICY_FLOOR>CLASS_FLOOR>INSTRUMENT_LEARNED_FLOOR; LOWER=max; UPPER=min,CONSTRAINED_WALK_FORWARD,WARMUP_OBSERVATIONS,,0,0,,,0.0,,FYERS_PAPER_PROXY_RESEARCH,FYERS_PAPER_RESEARCH_ONLY,COST_MODEL_UNVALIDATED,False,False,DISABLED,Daily market context is disabled until operator review,MANUAL_PROXY_RESEARCH,False,True,MEASURED,FIVE_LEVEL,FYERS_MARKET_DEPTH,5,5,550,550,5500,5500,2026-08-24T08:13:07+00:00,IV_UNAVAILABLE,False,0,False,False,DATA_INVALID,11,DataHealth invalid; Contract invalid: Quote stale or spread hard rejected.; SideDirection hard reject: -0.8 < 65.0; PremiumElasticity hard reject: 0.70 < 1.00; Expected/Required hard reject: 1.17 < 1.60; TradeQuality below configured minimum; FinalConfidence below configured minimum; ExecutionQuality below excellent gate: 0.0 < 80.0; ConvexityEdge below excellent gate: 71.4 < 80.0; OpportunityConfidence below excellent gate: 27.2 < 70.0; RegimeFit below excellent gate: 60.0 < 70.0,,
2026-08-24T13:49:26.404331+05:30,2026-08-24,TATASTEEL,NSE,STOCK,NSE_STOCK_OPTION,PAPER_ELIGIBLE,STOCK:TATASTEEL,paper-strategy-8ade763620b6,opportunity-score-8ade763620b6,universe-a8e55c76a270,PAPER_OVERRIDE::FYERS_PAPER_PROXY_RESEARCH,CE,UNKNOWN,182.5,0.0,False,,,Observation interval exceeds rolling window.,False,,,,,ATM IV unavailable.,,TATASTEEL,NOT_CONFIGURED,,5277066ebc2f,WARMUP_OBSERVATIONS,4,1,0,90.0,65.0,1.0,1.6,70.0,65.0,35.0,50.0,inf,3.0,20.0,GLOBAL_POLICY_FLOOR>CLASS_FLOOR>INSTRUMENT_LEARNED_FLOOR; LOWER=max; UPPER=min,CONSTRAINED_WALK_FORWARD,WARMUP_OBSERVATIONS,,0,0,,,0.0,,FYERS_PAPER_PROXY_RESEARCH,FYERS_PAPER_RESEARCH_ONLY,COST_MODEL_UNVALIDATED,False,False,DISABLED,Daily market context is disabled until operator review,MANUAL_PROXY_RESEARCH,False,True,MEASURED,FIVE_LEVEL,FYERS_MARKET_DEPTH,5,5,2750,2750,22000,22000,2026-08-24T08:19:00+00:00,IV_UNAVAILABLE,False,0,False,False,DATA_INVALID,11,DataHealth invalid; Contract invalid: Quote stale or spread hard rejected.; SideDirection hard reject: -0.4 < 65.0; PremiumElasticity hard reject: 0.70 < 1.00; Expected/Required hard reject: 1.17 < 1.60; TradeQuality below configured minimum; FinalConfidence below configured minimum; ExecutionQuality below excellent gate: 39.5 < 80.0; ConvexityEdge below excellent gate: 71.4 < 80.0; OpportunityConfidence below excellent gate: 54.5 < 70.0; RegimeFit below excellent gate: 60.0 < 70.0,,
2026-08-24T13:50:41.415605+05:30,2026-08-24,BANKNIFTY,NSE,INDEX,NSE_INDEX,PAPER_ELIGIBLE,INDEX:BANKING,paper-strategy-8ade763620b6,opportunity-score-8ade763620b6,universe-a8e55c76a270,PAPER_OVERRIDE::FYERS_PAPER_PROXY_RESEARCH,CE,UNKNOWN,57300.0,0.0,False,,,Underlying move below identification minimum.,False,,,,,ATM IV unavailable.,-9.3450,banknifty_fast_wbci,VALID,4.3812,2e840ccd58d1,WARMUP_OBSERVATIONS,202,1,0,80.0,65.0,1.0,1.6,70.0,65.0,35.0,50.0,inf,2.0,10.0,GLOBAL_POLICY_FLOOR>CLASS_FLOOR>INSTRUMENT_LEARNED_FLOOR; LOWER=max; UPPER=min,CONSTRAINED_WALK_FORWARD,WARMUP_OBSERVATIONS,,0,0,,,0.0,,FYERS_PAPER_PROXY_RESEARCH,FYERS_PAPER_RESEARCH_ONLY,COST_MODEL_UNVALIDATED,False,False,DISABLED,Daily market context is disabled until operator review,MANUAL_PROXY_RESEARCH,False,True,MEASURED,FIVE_LEVEL,FYERS_MARKET_DEPTH,5,5,60,60,600,570,2026-08-24T08:20:21+00:00,IV_UNAVAILABLE,False,0,False,False,DATA_INVALID,7,DataHealth invalid; Contract invalid: Quote stale or spread hard rejected.; SideDirection hard reject: -5.0 < 65.0; PremiumElasticity hard reject: 0.50 < 1.00; Expected/Required hard reject: 1.42 < 1.60; TradeQuality below configured minimum; ConvexityEdge below excellent gate: 71.4 < 80.0,,
2026-08-24T13:50:41.415605+05:30,2026-08-24,BANKNIFTY,NSE,INDEX,NSE_INDEX,PAPER_ELIGIBLE,INDEX:BANKING,paper-strategy-8ade763620b6,opportunity-score-8ade763620b6,universe-a8e55c76a270,PAPER_OVERRIDE::FYERS_PAPER_PROXY_RESEARCH,PE,UNKNOWN,57300.0,5.0,False,,,Underlying move below identification minimum.,False,,,,,ATM IV unavailable.,-9.3450,banknifty_fast_wbci,VALID,4.3812,2e840ccd58d1,WARMUP_OBSERVATIONS,202,1,0,80.0,65.0,1.0,1.6,70.0,65.0,35.0,50.0,inf,2.0,10.0,GLOBAL_POLICY_FLOOR>CLASS_FLOOR>INSTRUMENT_LEARNED_FLOOR; LOWER=max; UPPER=min,CONSTRAINED_WALK_FORWARD,WARMUP_OBSERVATIONS,,0,0,,,0.0,,FYERS_PAPER_PROXY_RESEARCH,FYERS_PAPER_RESEARCH_ONLY,COST_MODEL_UNVALIDATED,False,False,DISABLED,Daily market context is disabled until operator review,MANUAL_PROXY_RESEARCH,False,True,MEASURED,FIVE_LEVEL,FYERS_MARKET_DEPTH,5,5,90,150,720,1050,2026-08-24T08:20:21+00:00,IV_UNAVAILABLE,False,0,False,False,DATA_INVALID,7,DataHealth invalid; Contract invalid: Quote stale or spread hard rejected.; SideDirection hard reject: 5.0 < 65.0; PremiumElasticity hard reject: 0.50 < 1.00; Expected/Required hard reject: 1.42 < 1.60; TradeQuality below configured minimum; ConvexityEdge below excellent gate: 71.4 < 80.0,,
2026-08-24T13:50:41.415605+05:30,2026-08-24,BANKNIFTY,NSE,INDEX,NSE_INDEX,PAPER_ELIGIBLE,INDEX:BANKING,paper-strategy-8ade763620b6,opportunity-score-8ade763620b6,universe-a8e55c76a270,PAPER_OVERRIDE::FYERS_PAPER_PROXY_RESEARCH,CE,UNKNOWN,57400.0,0.0,False,,,Underlying move below identification minimum.,False,,,,,ATM IV unavailable.,-9.3450,banknifty_fast_wbci,VALID,4.3812,2e840ccd58d1,WARMUP_OBSERVATIONS,202,1,0,80.0,65.0,1.0,1.6,70.0,65.0,35.0,50.0,inf,2.0,10.0,GLOBAL_POLICY_FLOOR>CLASS_FLOOR>INSTRUMENT_LEARNED_FLOOR; LOWER=max; UPPER=min,CONSTRAINED_WALK_FORWARD,WARMUP_OBSERVATIONS,,0,0,,,0.0,,FYERS_PAPER_PROXY_RESEARCH,FYERS_PAPER_RESEARCH_ONLY,COST_MODEL_UNVALIDATED,False,False,DISABLED,Daily market context is disabled until operator review,MANUAL_PROXY_RESEARCH,False,True,MEASURED,FIVE_LEVEL,FYERS_MARKET_DEPTH,5,5,30,90,780,870,2026-08-24T08:20:21+00:00,IV_UNAVAILABLE,False,0,False,False,DATA_INVALID,7,DataHealth invalid; Contract invalid: Quote stale or spread hard rejected.; SideDirection hard reject: -5.0 < 65.0; PremiumElasticity hard reject: 0.30 < 1.00; Expected/Required hard reject: 1.42 < 1.60; TradeQuality below configured minimum; ConvexityEdge below excellent gate: 57.4 < 80.0,,
2026-08-24T13:50:41.415605+05:30,2026-08-24,BANKNIFTY,NSE,INDEX,NSE_INDEX,PAPER_ELIGIBLE,INDEX:BANKING,paper-strategy-8ade763620b6,opportunity-score-8ade763620b6,universe-a8e55c76a270,PAPER_OVERRIDE::FYERS_PAPER_PROXY_RESEARCH,PE,UNKNOWN,57400.0,5.0,False,,,Underlying move below identification minimum.,False,,,,,ATM IV unavailable.,-9.3450,banknifty_fast_wbci,VALID,4.3812,2e840ccd58d1,WARMUP_OBSERVATIONS,202,1,0,80.0,65.0,1.0,1.6,70.0,65.0,35.0,50.0,inf,2.0,10.0,GLOBAL_POLICY_FLOOR>CLASS_FLOOR>INSTRUMENT_LEARNED_FLOOR; LOWER=max; UPPER=min,CONSTRAINED_WALK_FORWARD,WARMUP_OBSERVATIONS,,0,0,,,0.0,,FYERS_PAPER_PROXY_RESEARCH,FYERS_PAPER_RESEARCH_ONLY,COST_MODEL_UNVALIDATED,False,False,DISABLED,Daily market context is disabled until operator review,MANUAL_PROXY_RESEARCH,False,True,MEASURED,FIVE_LEVEL,FYERS_MARKET_DEPTH,5,5,30,120,450,840,2026-08-24T08:20:21+00:00,IV_UNAVAILABLE,False,0,False,False,DATA_INVALID,7,DataHealth invalid; Contract invalid: Quote stale or spread hard rejected.; SideDirection hard reject: 5.0 < 65.0; PremiumElasticity hard reject: 0.70 < 1.00; Expected/Required hard reject: 1.42 < 1.60; TradeQuality below configured minimum; ConvexityEdge below excellent gate: 71.4 < 80.0,,
2026-08-24T13:50:41.415605+05:30,2026-08-24,MIDCPNIFTY,NSE,INDEX,NSE_INDEX,PAPER_ELIGIBLE,INDEX:MIDCAP,paper-strategy-8ade763620b6,opportunity-score-8ade763620b6,universe-a8e55c76a270,PAPER_OVERRIDE::FYERS_PAPER_PROXY_RESEARCH,CE,UNKNOWN,14875.0,0.0,False,,,Underlying move below identification minimum.,False,,,,,ATM IV unavailable.,10.7143,midcap_direction_proxy,PARTIAL_MIDCAP,13.9405,712afad509f5,WARMUP_OBSERVATIONS,105,1,0,80.0,65.0,1.0,1.6,70.0,65.0,35.0,50.0,inf,2.0,10.0,GLOBAL_POLICY_FLOOR>CLASS_FLOOR>INSTRUMENT_LEARNED_FLOOR; LOWER=max; UPPER=min,CONSTRAINED_WALK_FORWARD,WARMUP_OBSERVATIONS,,0,0,,,0.0,,FYERS_PAPER_PROXY_RESEARCH,FYERS_PAPER_RESEARCH_ONLY,COST_MODEL_UNVALIDATED,False,False,DISABLED,Daily market context is disabled until operator review,MANUAL_PROXY_RESEARCH,False,True,MEASURED,FIVE_LEVEL,FYERS_MARKET_DEPTH,5,5,120,600,3600,4080,2026-08-24T08:20:22+00:00,IV_UNAVAILABLE,False,0,False,False,DATA_INVALID,7,DataHealth invalid; Contract invalid: Quote stale or spread hard rejected.; SideDirection hard reject: -3.2 < 65.0; PremiumElasticity hard reject: 0.50 < 1.00; Expected/Required hard reject: 1.08 < 1.60; TradeQuality below configured minimum; ConvexityEdge below excellent gate: 70.4 < 80.0,,
2026-08-24T13:50:41.415605+05:30,2026-08-24,MIDCPNIFTY,NSE,INDEX,NSE_INDEX,PAPER_ELIGIBLE,INDEX:MIDCAP,paper-strategy-8ade763620b6,opportunity-score-8ade763620b6,universe-a8e55c76a270,PAPER_OVERRIDE::FYERS_PAPER_PROXY_RESEARCH,CE,UNKNOWN,14850.0,0.0,False,,,Underlying move below identification minimum.,False,,,,,ATM IV unavailable.,10.7143,midcap_direction_proxy,PARTIAL_MIDCAP,13.9405,712afad509f5,WARMUP_OBSERVATIONS,105,1,0,80.0,65.0,1.0,1.6,70.0,65.0,35.0,50.0,inf,2.0,10.0,GLOBAL_POLICY_FLOOR>CLASS_FLOOR>INSTRUMENT_LEARNED_FLOOR; LOWER=max; UPPER=min,CONSTRAINED_WALK_FORWARD,WARMUP_OBSERVATIONS,,0,0,,,0.0,,FYERS_PAPER_PROXY_RESEARCH,FYERS_PAPER_RESEARCH_ONLY,COST_MODEL_UNVALIDATED,False,False,DISABLED,Daily market context is disabled until operator review,MANUAL_PROXY_RESEARCH,False,True,MEASURED,FIVE_LEVEL,FYERS_MARKET_DEPTH,5,5,240,480,1440,1680,2026-08-24T08:20:22+00:00,IV_UNAVAILABLE,False,0,False,False,DATA_INVALID,7,DataHealth invalid; Contract invalid: Quote stale or spread hard rejected.; SideDirection hard reject: -3.2 < 65.0; PremiumElasticity hard reject: 0.70 < 1.00; Expected/Required hard reject: 1.08 < 1.60; TradeQuality below configured minimum; ConvexityEdge below excellent gate: 70.4 < 80.0,,
2026-08-24T13:50:41.415605+05:30,2026-08-24,MIDCPNIFTY,NSE,INDEX,NSE_INDEX,PAPER_ELIGIBLE,INDEX:MIDCAP,paper-strategy-8ade763620b6,opportunity-score-8ade763620b6,universe-a8e55c76a270,PAPER_OVERRIDE::FYERS_PAPER_PROXY_RESEARCH,PE,UNKNOWN,14900.0,3.2,False,,,Underlying move below identification minimum.,False,,,,,ATM IV unavailable.,10.7143,midcap_direction_proxy,PARTIAL_MIDCAP,13.9405,712afad509f5,WARMUP_OBSERVATIONS,105,1,0,80.0,65.0,1.0,1.6,70.0,65.0,35.0,50.0,inf,2.0,10.0,GLOBAL_POLICY_FLOOR>CLASS_FLOOR>INSTRUMENT_LEARNED_FLOOR; LOWER=max; UPPER=min,CONSTRAINED_WALK_FORWARD,WARMUP_OBSERVATIONS,,0,0,,,0.0,,FYERS_PAPER_PROXY_RESEARCH,FYERS_PAPER_RESEARCH_ONLY,COST_MODEL_UNVALIDATED,False,False,DISABLED,Daily market context is disabled until operator review,MANUAL_PROXY_RESEARCH,False,True,MEASURED,FIVE_LEVEL,FYERS_MARKET_DEPTH,5,5,360,120,2520,1320,2026-08-24T08:20:24+00:00,IV_UNAVAILABLE,False,0,False,False,DATA_INVALID,7,DataHealth invalid; Contract invalid: Quote stale or spread hard rejected.; SideDirection hard reject: 3.2 < 65.0; PremiumElasticity hard reject: 0.70 < 1.00; Expected/Required hard reject: 1.08 < 1.60; TradeQuality below configured minimum; ConvexityEdge below excellent gate: 70.4 < 80.0,,
2026-08-24T13:50:41.415605+05:30,2026-08-24,TECHM,NSE,STOCK,NSE_STOCK_OPTION,PAPER_ELIGIBLE,STOCK:TECHM,paper-strategy-8ade763620b6,opportunity-score-8ade763620b6,universe-a8e55c76a270,PAPER_OVERRIDE::FYERS_PAPER_PROXY_RESEARCH,CE,UNKNOWN,1580.0,0.0,False,,,Observation interval exceeds rolling window.,False,,,,,ATM IV unavailable.,,TECHM,NOT_CONFIGURED,,b61ad64e4ace,WARMUP_OBSERVATIONS,14,1,0,90.0,65.0,1.0,1.6,70.0,65.0,35.0,50.0,inf,3.0,20.0,GLOBAL_POLICY_FLOOR>CLASS_FLOOR>INSTRUMENT_LEARNED_FLOOR; LOWER=max; UPPER=min,CONSTRAINED_WALK_FORWARD,WARMUP_OBSERVATIONS,,0,0,,,0.0,,FYERS_PAPER_PROXY_RESEARCH,FYERS_PAPER_RESEARCH_ONLY,COST_MODEL_UNVALIDATED,False,False,DISABLED,Daily market context is disabled until operator review,MANUAL_PROXY_RESEARCH,False,True,MEASURED,FIVE_LEVEL,FYERS_MARKET_DEPTH,5,5,600,1200,3600,3600,2026-08-24T08:20:06+00:00,IV_UNAVAILABLE,False,0,False,False,DATA_INVALID,11,DataHealth invalid; Contract invalid: Quote stale or spread hard rejected.; SideDirection hard reject: -8.1 < 65.0; PremiumElasticity hard reject: 0.50 < 1.00; Expected/Required hard reject: 1.17 < 1.60; TradeQuality below configured minimum; FinalConfidence below configured minimum; ExecutionQuality below excellent gate: 0.0 < 80.0; ConvexityEdge below excellent gate: 71.4 < 80.0; OpportunityConfidence below excellent gate: 31.7 < 70.0; RegimeFit below excellent gate: 60.0 < 70.0,,
2026-08-24T13:50:41.415605+05:30,2026-08-24,TECHM,NSE,STOCK,NSE_STOCK_OPTION,PAPER_ELIGIBLE,STOCK:TECHM,paper-strategy-8ade763620b6,opportunity-score-8ade763620b6,universe-a8e55c76a270,PAPER_OVERRIDE::FYERS_PAPER_PROXY_RESEARCH,PE,UNKNOWN,1580.0,8.1,False,,,Observation interval exceeds rolling window.,False,,,,,ATM IV unavailable.,,TECHM,NOT_CONFIGURED,,b61ad64e4ace,WARMUP_OBSERVATIONS,14,1,0,90.0,65.0,1.0,1.6,70.0,65.0,35.0,50.0,inf,3.0,20.0,GLOBAL_POLICY_FLOOR>CLASS_FLOOR>INSTRUMENT_LEARNED_FLOOR; LOWER=max; UPPER=min,CONSTRAINED_WALK_FORWARD,WARMUP_OBSERVATIONS,,0,0,,,0.0,,FYERS_PAPER_PROXY_RESEARCH,FYERS_PAPER_RESEARCH_ONLY,COST_MODEL_UNVALIDATED,False,False,DISABLED,Daily market context is disabled until operator review,MANUAL_PROXY_RESEARCH,False,True,MEASURED,FIVE_LEVEL,FYERS_MARKET_DEPTH,5,5,1200,600,4200,6000,2026-08-24T08:19:04+00:00,IV_UNAVAILABLE,False,0,False,False,DATA_INVALID,11,DataHealth invalid; Contract invalid: Quote stale or spread hard rejected.; SideDirection hard reject: 8.1 < 65.0; PremiumElasticity hard reject: 0.50 < 1.00; Expected/Required hard reject: 1.17 < 1.60; TradeQuality below configured minimum; FinalConfidence below configured minimum; ExecutionQuality below excellent gate: 0.0 < 80.0; ConvexityEdge below excellent gate: 71.4 < 80.0; OpportunityConfidence below excellent gate: 34.1 < 70.0; RegimeFit below excellent gate: 60.0 < 70.0,,
2026-08-24T13:50:41.415605+05:30,2026-08-24,TITAN,NSE,STOCK,NSE_STOCK_OPTION,PAPER_ELIGIBLE,STOCK:TITAN,paper-strategy-8ade763620b6,opportunity-score-8ade763620b6,universe-a8e55c76a270,PAPER_OVERRIDE::FYERS_PAPER_PROXY_RESEARCH,PE,UNKNOWN,5050.0,0.0,False,,,Observation interval exceeds rolling window.,False,,,,,ATM IV unavailable.,,TITAN,NOT_CONFIGURED,,542455e602d9,WARMUP_OBSERVATIONS,12,1,0,90.0,65.0,1.0,1.6,70.0,65.0,35.0,50.0,inf,3.0,20.0,GLOBAL_POLICY_FLOOR>CLASS_FLOOR>INSTRUMENT_LEARNED_FLOOR; LOWER=max; UPPER=min,CONSTRAINED_WALK_FORWARD,WARMUP_OBSERVATIONS,,0,0,,,0.0,,FYERS_PAPER_PROXY_RESEARCH,FYERS_PAPER_RESEARCH_ONLY,COST_MODEL_UNVALIDATED,False,False,DISABLED,Daily market context is disabled until operator review,MANUAL_PROXY_RESEARCH,False,True,MEASURED,FIVE_LEVEL,FYERS_MARKET_DEPTH,5,5,350,175,1400,1225,2026-08-24T08:18:03+00:00,IV_UNAVAILABLE,False,0,False,False,DATA_INVALID,11,DataHealth invalid; Contract invalid: Quote stale or spread hard rejected.; SideDirection hard reject: -1.1 < 65.0; PremiumElasticity hard reject: 0.50 < 1.00; Expected/Required hard reject: 1.17 < 1.60; TradeQuality below configured minimum; FinalConfidence below configured minimum; ExecutionQuality below excellent gate: 20.4 < 80.0; ConvexityEdge below excellent gate: 71.4 < 80.0; OpportunityConfidence below excellent gate: 52.7 < 70.0; RegimeFit below excellent gate: 60.0 < 70.0,,
2026-08-24T13:50:41.415605+05:30,2026-08-24,TITAN,NSE,STOCK,NSE_STOCK_OPTION,PAPER_ELIGIBLE,STOCK:TITAN,paper-strategy-8ade763620b6,opportunity-score-8ade763620b6,universe-a8e55c76a270,PAPER_OVERRIDE::FYERS_PAPER_PROXY_RESEARCH,CE,UNKNOWN,5100.0,1.1,False,,,Observation interval exceeds rolling window.,False,,,,,ATM IV unavailable.,,TITAN,NOT_CONFIGURED,,542455e602d9,WARMUP_OBSERVATIONS,12,1,0,90.0,65.0,1.0,1.6,70.0,65.0,35.0,50.0,inf,3.0,20.0,GLOBAL_POLICY_FLOOR>CLASS_FLOOR>INSTRUMENT_LEARNED_FLOOR; LOWER=max; UPPER=min,CONSTRAINED_WALK_FORWARD,WARMUP_OBSERVATIONS,,0,0,,,0.0,,FYERS_PAPER_PROXY_RESEARCH,FYERS_PAPER_RESEARCH_ONLY,COST_MODEL_UNVALIDATED,False,False,DISABLED,Daily market context is disabled until operator review,MANUAL_PROXY_RESEARCH,False,True,MEASURED,FIVE_LEVEL,FYERS_MARKET_DEPTH,5,5,175,700,3500,3675,2026-08-24T08:20:11+00:00,IV_UNAVAILABLE,False,0,False,False,DATA_INVALID,11,DataHealth invalid; Contract invalid: Quote stale or spread hard rejected.; SideDirection hard reject: 1.1 < 65.0; PremiumElasticity hard reject: 0.30 < 1.00; Expected/Required hard reject: 1.17 < 1.60; TradeQuality below configured minimum; FinalConfidence below configured minimum; ExecutionQuality below excellent gate: 0.0 < 80.0; ConvexityEdge below excellent gate: 57.4 < 80.0; OpportunityConfidence below excellent gate: 42.4 < 70.0; RegimeFit below excellent gate: 60.0 < 70.0,,
2026-08-24T13:50:41.415605+05:30,2026-08-24,TRENT,NSE,STOCK,NSE_STOCK_OPTION,PAPER_ELIGIBLE,STOCK:TRENT,paper-strategy-8ade763620b6,opportunity-score-8ade763620b6,universe-a8e55c76a270,PAPER_OVERRIDE::FYERS_PAPER_PROXY_RESEARCH,CE,UNKNOWN,2900.0,4.4,False,,,Observation interval exceeds rolling window.,False,,,,,ATM IV unavailable.,,TRENT,NOT_CONFIGURED,,17b38ea319dd,WARMUP_OBSERVATIONS,11,1,0,90.0,65.0,1.0,1.6,70.0,65.0,35.0,50.0,inf,3.0,20.0,GLOBAL_POLICY_FLOOR>CLASS_FLOOR>INSTRUMENT_LEARNED_FLOOR; LOWER=max; UPPER=min,CONSTRAINED_WALK_FORWARD,WARMUP_OBSERVATIONS,,0,0,,,0.0,,FYERS_PAPER_PROXY_RESEARCH,FYERS_PAPER_RESEARCH_ONLY,COST_MODEL_UNVALIDATED,False,False,DISABLED,Daily market context is disabled until operator review,MANUAL_PROXY_RESEARCH,False,True,MEASURED,FIVE_LEVEL,FYERS_MARKET_DEPTH,5,5,225,450,1350,1800,2026-08-24T08:20:27+00:00,IV_UNAVAILABLE,False,0,False,False,DATA_INVALID,11,DataHealth invalid; Contract invalid: Quote stale or spread hard rejected.; SideDirection hard reject: 4.4 < 65.0; PremiumElasticity hard reject: 0.50 < 1.00; Expected/Required hard reject: 1.17 < 1.60; TradeQuality below configured minimum; FinalConfidence below configured minimum; ExecutionQuality below excellent gate: 62.0 < 80.0; ConvexityEdge below excellent gate: 71.4 < 80.0; OpportunityConfidence below excellent gate: 62.8 < 70.0; RegimeFit below excellent gate: 60.0 < 70.0,,
2026-08-24T13:50:41.415605+05:30,2026-08-24,TRENT,NSE,STOCK,NSE_STOCK_OPTION,PAPER_ELIGIBLE,STOCK:TRENT,paper-strategy-8ade763620b6,opportunity-score-8ade763620b6,universe-a8e55c76a270,PAPER_OVERRIDE::FYERS_PAPER_PROXY_RESEARCH,PE,UNKNOWN,2900.0,0.0,False,,,Observation interval exceeds rolling window.,False,,,,,ATM IV unavailable.,,TRENT,NOT_CONFIGURED,,17b38ea319dd,WARMUP_OBSERVATIONS,11,1,0,90.0,65.0,1.0,1.6,70.0,65.0,35.0,50.0,inf,3.0,20.0,GLOBAL_POLICY_FLOOR>CLASS_FLOOR>INSTRUMENT_LEARNED_FLOOR; LOWER=max; UPPER=min,CONSTRAINED_WALK_FORWARD,WARMUP_OBSERVATIONS,,0,0,,,0.0,,FYERS_PAPER_PROXY_RESEARCH,FYERS_PAPER_RESEARCH_ONLY,COST_MODEL_UNVALIDATED,False,False,DISABLED,Daily market context is disabled until operator review,MANUAL_PROXY_RESEARCH,False,True,MEASURED,FIVE_LEVEL,FYERS_MARKET_DEPTH,5,5,450,225,1800,2475,2026-08-24T08:19:59+00:00,IV_UNAVAILABLE,False,0,False,False,DATA_INVALID,11,DataHealth invalid; Contract invalid: Quote stale or spread hard rejected.; SideDirection hard reject: -4.4 < 65.0; PremiumElasticity hard reject: 0.50 < 1.00; Expected/Required hard reject: 1.17 < 1.60; TradeQuality below configured minimum; FinalConfidence below configured minimum; ExecutionQuality below excellent gate: 0.0 < 80.0; ConvexityEdge below excellent gate: 71.4 < 80.0; OpportunityConfidence below excellent gate: 42.5 < 70.0; RegimeFit below excellent gate: 60.0 < 70.0,,
2026-08-24T13:50:41.415605+05:30,2026-08-24,TRENT,NSE,STOCK,NSE_STOCK_OPTION,PAPER_ELIGIBLE,STOCK:TRENT,paper-strategy-8ade763620b6,opportunity-score-8ade763620b6,universe-a8e55c76a270,PAPER_OVERRIDE::FYERS_PAPER_PROXY_RESEARCH,PE,UNKNOWN,2950.0,0.0,False,,,Observation interval exceeds rolling window.,False,,,,,ATM IV unavailable.,,TRENT,NOT_CONFIGURED,,17b38ea319dd,WARMUP_OBSERVATIONS,11,1,0,90.0,65.0,1.0,1.6,70.0,65.0,35.0,50.0,inf,3.0,20.0,GLOBAL_POLICY_FLOOR>CLASS_FLOOR>INSTRUMENT_LEARNED_FLOOR; LOWER=max; UPPER=min,CONSTRAINED_WALK_FORWARD,WARMUP_OBSERVATIONS,,0,0,,,0.0,,FYERS_PAPER_PROXY_RESEARCH,FYERS_PAPER_RESEARCH_ONLY,COST_MODEL_UNVALIDATED,False,False,DISABLED,Daily market context is disabled until operator review,MANUAL_PROXY_RESEARCH,False,True,MEASURED,FIVE_LEVEL,FYERS_MARKET_DEPTH,5,5,450,450,1350,1350,2026-08-24T08:20:26+00:00,IV_UNAVAILABLE,False,0,False,False,DATA_INVALID,9,DataHealth invalid; Contract invalid: Quote stale or spread hard rejected.; SideDirection hard reject: -4.4 < 65.0; PremiumElasticity hard reject: 0.70 < 1.00; Expected/Required hard reject: 1.17 < 1.60; TradeQuality below configured minimum; ConvexityEdge below excellent gate: 71.4 < 80.0; OpportunityConfidence below excellent gate: 67.5 < 70.0; RegimeFit below excellent gate: 60.0 < 70.0,,
2026-08-24T13:50:41.415605+05:30,2026-08-24,WIPRO,NSE,STOCK,NSE_STOCK_OPTION,PAPER_ELIGIBLE,STOCK:WIPRO,paper-strategy-8ade763620b6,opportunity-score-8ade763620b6,universe-a8e55c76a270,PAPER_OVERRIDE::FYERS_PAPER_PROXY_RESEARCH,PE,UNKNOWN,185.0,9.2,False,,,Observation interval exceeds rolling window.,False,,,,,ATM IV unavailable.,,WIPRO,NOT_CONFIGURED,,a742cbe7dbbe,WARMUP_OBSERVATIONS,9,1,0,90.0,65.0,1.0,1.6,70.0,65.0,35.0,50.0,inf,3.0,20.0,GLOBAL_POLICY_FLOOR>CLASS_FLOOR>INSTRUMENT_LEARNED_FLOOR; LOWER=max; UPPER=min,CONSTRAINED_WALK_FORWARD,WARMUP_OBSERVATIONS,,0,0,,,0.0,,FYERS_PAPER_PROXY_RESEARCH,FYERS_PAPER_RESEARCH_ONLY,COST_MODEL_UNVALIDATED,False,False,DISABLED,Daily market context is disabled until operator review,MANUAL_PROXY_RESEARCH,False,True,MEASURED,FIVE_LEVEL,FYERS_MARKET_DEPTH,5,5,6000,3000,24000,18000,2026-08-24T08:19:39+00:00,IV_UNAVAILABLE,False,0,False,False,DATA_INVALID,11,DataHealth invalid; Contract invalid: Quote stale or spread hard rejected.; SideDirection hard reject: 9.2 < 65.0; PremiumElasticity hard reject: 0.70 < 1.00; Expected/Required hard reject: 1.17 < 1.60; TradeQuality below configured minimum; FinalConfidence below configured minimum; ExecutionQuality below excellent gate: 28.7 < 80.0; ConvexityEdge below excellent gate: 71.4 < 80.0; OpportunityConfidence below excellent gate: 59.5 < 70.0; RegimeFit below excellent gate: 60.0 < 70.0,,
2026-08-24T13:50:41.415605+05:30,2026-08-24,SENSEX,BSE,INDEX,BSE_INDEX,PAPER_ELIGIBLE,INDEX:BSE_BROAD,paper-strategy-8ade763620b6,opportunity-score-8ade763620b6,universe-a8e55c76a270,PAPER_OVERRIDE::FYERS_PAPER_PROXY_RESEARCH,CE,UNKNOWN,77300.0,0.0,False,,,Observation interval exceeds rolling window.,False,,,,,ATM IV unavailable.,,SENSEX,NOT_CONFIGURED,,2c55d017dc19,WARMUP_OBSERVATIONS,29,1,0,85.0,65.0,1.0,1.6,70.0,65.0,35.0,50.0,inf,3.0,15.0,GLOBAL_POLICY_FLOOR>CLASS_FLOOR>INSTRUMENT_LEARNED_FLOOR; LOWER=max; UPPER=min,CONSTRAINED_WALK_FORWARD,WARMUP_OBSERVATIONS,,0,0,,,0.0,,FYERS_PAPER_PROXY_RESEARCH,FYERS_PAPER_RESEARCH_ONLY,COST_MODEL_UNVALIDATED,False,False,DISABLED,Daily market context is disabled until operator review,MANUAL_PROXY_RESEARCH,True,True,MEASURED,FIVE_LEVEL,FYERS_MARKET_DEPTH,5,5,60,20,600,500,2026-08-24T08:20:33+00:00,IV_UNAVAILABLE,False,0,False,False,CONTRACT_INVALID,7,Contract invalid: Top-book depth below 3.0 lots.; SideDirection hard reject: -0.8 < 65.0; PremiumElasticity hard reject: 0.50 < 1.00; Expected/Required hard reject: 1.17 < 1.60; TradeQuality below configured minimum; ConvexityEdge below excellent gate: 78.1 < 80.0; RegimeFit below excellent gate: 60.0 < 70.0,,
2026-08-24T13:50:41.415605+05:30,2026-08-24,SENSEX,BSE,INDEX,BSE_INDEX,PAPER_ELIGIBLE,INDEX:BSE_BROAD,paper-strategy-8ade763620b6,opportunity-score-8ade763620b6,universe-a8e55c76a270,PAPER_OVERRIDE::FYERS_PAPER_PROXY_RESEARCH,PE,UNKNOWN,77200.0,0.8,False,,,Observation interval exceeds rolling window.,False,,,,,ATM IV unavailable.,,SENSEX,NOT_CONFIGURED,,2c55d017dc19,WARMUP_OBSERVATIONS,29,1,0,85.0,65.0,1.0,1.6,70.0,65.0,35.0,50.0,inf,3.0,15.0,GLOBAL_POLICY_FLOOR>CLASS_FLOOR>INSTRUMENT_LEARNED_FLOOR; LOWER=max; UPPER=min,CONSTRAINED_WALK_FORWARD,WARMUP_OBSERVATIONS,,0,0,,,0.0,,FYERS_PAPER_PROXY_RESEARCH,FYERS_PAPER_RESEARCH_ONLY,COST_MODEL_UNVALIDATED,False,False,DISABLED,Daily market context is disabled until operator review,MANUAL_PROXY_RESEARCH,True,True,MEASURED,FIVE_LEVEL,FYERS_MARKET_DEPTH,5,5,40,160,700,1520,2026-08-24T08:20:34+00:00,IV_UNAVAILABLE,False,0,False,False,CONTRACT_INVALID,7,Contract invalid: Top-book depth below 3.0 lots.; SideDirection hard reject: 0.8 < 65.0; PremiumElasticity hard reject: 0.30 < 1.00; Expected/Required hard reject: 1.17 < 1.60; TradeQuality below configured minimum; ConvexityEdge below excellent gate: 62.1 < 80.0; RegimeFit below excellent gate: 60.0 < 70.0,,
2026-08-24T13:50:41.415605+05:30,2026-08-24,SENSEX,BSE,INDEX,BSE_INDEX,PAPER_ELIGIBLE,INDEX:BSE_BROAD,paper-strategy-8ade763620b6,opportunity-score-8ade763620b6,universe-a8e55c76a270,PAPER_OVERRIDE::FYERS_PAPER_PROXY_RESEARCH,CE,UNKNOWN,77400.0,0.0,False,,,Observation interval exceeds rolling window.,False,,,,,ATM IV unavailable.,,SENSEX,NOT_CONFIGURED,,2c55d017dc19,WARMUP_OBSERVATIONS,29,1,0,85.0,65.0,1.0,1.6,70.0,65.0,35.0,50.0,inf,3.0,15.0,GLOBAL_POLICY_FLOOR>CLASS_FLOOR>INSTRUMENT_LEARNED_FLOOR; LOWER=max; UPPER=min,CONSTRAINED_WALK_FORWARD,WARMUP_OBSERVATIONS,,0,0,,,0.0,,FYERS_PAPER_PROXY_RESEARCH,FYERS_PAPER_RESEARCH_ONLY,COST_MODEL_UNVALIDATED,False,False,DISABLED,Daily market context is disabled until operator review,MANUAL_PROXY_RESEARCH,True,True,MEASURED,FIVE_LEVEL,FYERS_MARKET_DEPTH,5,5,80,40,440,440,2026-08-24T08:20:34+00:00,IV_UNAVAILABLE,False,0,False,False,CONTRACT_INVALID,7,Contract invalid: Top-book depth below 3.0 lots.; SideDirection hard reject: -0.8 < 65.0; PremiumElasticity hard reject: 0.30 < 1.00; Expected/Required hard reject: 1.17 < 1.60; TradeQuality below configured minimum; ConvexityEdge below excellent gate: 62.1 < 80.0; RegimeFit below excellent gate: 60.0 < 70.0,,
2026-08-24T13:50:41.415605+05:30,2026-08-24,SENSEX,BSE,INDEX,BSE_INDEX,PAPER_ELIGIBLE,INDEX:BSE_BROAD,paper-strategy-8ade763620b6,opportunity-score-8ade763620b6,universe-a8e55c76a270,PAPER_OVERRIDE::FYERS_PAPER_PROXY_RESEARCH,PE,UNKNOWN,77400.0,0.8,False,,,Observation interval exceeds rolling window.,False,,,,,ATM IV unavailable.,,SENSEX,NOT_CONFIGURED,,2c55d017dc19,WARMUP_OBSERVATIONS,29,1,0,85.0,65.0,1.0,1.6,70.0,65.0,35.0,50.0,inf,3.0,15.0,GLOBAL_POLICY_FLOOR>CLASS_FLOOR>INSTRUMENT_LEARNED_FLOOR; LOWER=max; UPPER=min,CONSTRAINED_WALK_FORWARD,WARMUP_OBSERVATIONS,,0,0,,,0.0,,FYERS_PAPER_PROXY_RESEARCH,FYERS_PAPER_RESEARCH_ONLY,COST_MODEL_UNVALIDATED,False,False,DISABLED,Daily market context is disabled until operator review,MANUAL_PROXY_RESEARCH,True,True,MEASURED,FIVE_LEVEL,FYERS_MARKET_DEPTH,5,5,60,100,320,720,2026-08-24T08:20:33+00:00,IV_UNAVAILABLE,False,82.1,False,False,CONTRACT_INVALID,7,ContractQuality below minimum: 82.1 < 85.0; SideDirection hard reject: 0.8 < 65.0; PremiumElasticity hard reject: 0.70 < 1.00; Expected/Required hard reject: 1.17 < 1.60; TradeQuality below configured minimum; ConvexityEdge below excellent gate: 76.6 < 80.0; RegimeFit below excellent gate: 60.0 < 70.0,,
2026-08-24T13:51:51.884886+05:30,2026-08-24,NIFTY,NSE,INDEX,NSE_INDEX,PAPER_ELIGIBLE,INDEX:BROAD_EQUITY,paper-strategy-8ade763620b6,opportunity-score-8ade763620b6,universe-a8e55c76a270,PAPER_OVERRIDE::FYERS_PAPER_PROXY_RESEARCH,CE,UNKNOWN,24150.0,0.0,False,,,Underlying move below identification minimum.,False,,,,,ATM IV unavailable.,-10.0000,nifty_leadership_proxy,VALID,9.5532,00929e22c867,WARMUP_OBSERVATIONS,22,1,0,80.0,65.0,1.0,1.6,70.0,65.0,35.0,50.0,inf,2.0,10.0,GLOBAL_POLICY_FLOOR>CLASS_FLOOR>INSTRUMENT_LEARNED_FLOOR; LOWER=max; UPPER=min,CONSTRAINED_WALK_FORWARD,WARMUP_OBSERVATIONS,,0,0,,,0.0,,FYERS_PAPER_PROXY_RESEARCH,FYERS_PAPER_RESEARCH_ONLY,COST_MODEL_UNVALIDATED,False,False,DISABLED,Daily market context is disabled until operator review,MANUAL_PROXY_RESEARCH,False,True,MEASURED,FIVE_LEVEL,FYERS_MARKET_DEPTH,5,5,650,3575,11180,12415,2026-08-24T08:21:29+00:00,IV_UNAVAILABLE,False,0,False,False,DATA_INVALID,7,DataHealth invalid; Contract invalid: Quote stale or spread hard rejected.; SideDirection hard reject: -0.4 < 65.0; PremiumElasticity hard reject: 0.50 < 1.00; Expected/Required hard reject: 1.33 < 1.60; TradeQuality below configured minimum; ConvexityEdge below excellent gate: 71.4 < 80.0,,
2026-08-24T13:51:51.884886+05:30,2026-08-24,BANKNIFTY,NSE,INDEX,NSE_INDEX,PAPER_ELIGIBLE,INDEX:BANKING,paper-strategy-8ade763620b6,opportunity-score-8ade763620b6,universe-a8e55c76a270,PAPER_OVERRIDE::FYERS_PAPER_PROXY_RESEARCH,CE,UNKNOWN,57300.0,0.0,False,,,Underlying move below identification minimum.,False,,,,,ATM IV unavailable.,8.0310,banknifty_fast_wbci,VALID,12.6327,2e840ccd58d1,WARMUP_OBSERVATIONS,216,1,0,80.0,65.0,1.0,1.6,70.0,65.0,35.0,50.0,inf,2.0,10.0,GLOBAL_POLICY_FLOOR>CLASS_FLOOR>INSTRUMENT_LEARNED_FLOOR; LOWER=max; UPPER=min,CONSTRAINED_WALK_FORWARD,WARMUP_OBSERVATIONS,,0,0,,,0.0,,FYERS_PAPER_PROXY_RESEARCH,FYERS_PAPER_RESEARCH_ONLY,COST_MODEL_UNVALIDATED,False,False,DISABLED,Daily market context is disabled until operator review,MANUAL_PROXY_RESEARCH,False,True,MEASURED,FIVE_LEVEL,FYERS_MARKET_DEPTH,5,5,30,30,750,660,2026-08-24T08:21:29+00:00,IV_UNAVAILABLE,False,0,False,False,DATA_INVALID,7,DataHealth invalid; Contract invalid: Quote stale or spread hard rejected.; SideDirection hard reject: -4.6 < 65.0; PremiumElasticity hard reject: 0.50 < 1.00; Expected/Required hard reject: 1.42 < 1.60; TradeQuality below configured minimum; ConvexityEdge below excellent gate: 71.4 < 80.0,,
2026-08-24T13:51:51.884886+05:30,2026-08-24,BANKNIFTY,NSE,INDEX,NSE_INDEX,PAPER_ELIGIBLE,INDEX:BANKING,paper-strategy-8ade763620b6,opportunity-score-8ade763620b6,universe-a8e55c76a270,PAPER_OVERRIDE::FYERS_PAPER_PROXY_RESEARCH,PE,UNKNOWN,57300.0,4.6,False,,,Underlying move below identification minimum.,False,,,,,ATM IV unavailable.,8.0310,banknifty_fast_wbci,VALID,12.6327,2e840ccd58d1,WARMUP_OBSERVATIONS,216,1,0,80.0,65.0,1.0,1.6,70.0,65.0,35.0,50.0,inf,2.0,10.0,GLOBAL_POLICY_FLOOR>CLASS_FLOOR>INSTRUMENT_LEARNED_FLOOR; LOWER=max; UPPER=min,CONSTRAINED_WALK_FORWARD,WARMUP_OBSERVATIONS,,0,0,,,0.0,,FYERS_PAPER_PROXY_RESEARCH,FYERS_PAPER_RESEARCH_ONLY,COST_MODEL_UNVALIDATED,False,False,DISABLED,Daily market context is disabled until operator review,MANUAL_PROXY_RESEARCH,False,True,MEASURED,FIVE_LEVEL,FYERS_MARKET_DEPTH,5,5,30,60,1020,1440,2026-08-24T08:21:30+00:00,IV_UNAVAILABLE,False,0,False,False,DATA_INVALID,7,DataHealth invalid; Contract invalid: Quote stale or spread hard rejected.; SideDirection hard reject: 4.6 < 65.0; PremiumElasticity hard reject: 0.50 < 1.00; Expected/Required hard reject: 1.42 < 1.60; TradeQuality below configured minimum; ConvexityEdge below excellent gate: 71.4 < 80.0,,
2026-08-24T13:51:51.884886+05:30,2026-08-24,BANKNIFTY,NSE,INDEX,NSE_INDEX,PAPER_ELIGIBLE,INDEX:BANKING,paper-strategy-8ade763620b6,opportunity-score-8ade763620b6,universe-a8e55c76a270,PAPER_OVERRIDE::FYERS_PAPER_PROXY_RESEARCH,PE,UNKNOWN,57200.0,4.6,False,,,Underlying move below identification minimum.,False,,,,,ATM IV unavailable.,8.0310,banknifty_fast_wbci,VALID,12.6327,2e840ccd58d1,WARMUP_OBSERVATIONS,216,1,0,80.0,65.0,1.0,1.6,70.0,65.0,35.0,50.0,inf,2.0,10.0,GLOBAL_POLICY_FLOOR>CLASS_FLOOR>INSTRUMENT_LEARNED_FLOOR; LOWER=max; UPPER=min,CONSTRAINED_WALK_FORWARD,WARMUP_OBSERVATIONS,,0,0,,,0.0,,FYERS_PAPER_PROXY_RESEARCH,FYERS_PAPER_RESEARCH_ONLY,COST_MODEL_UNVALIDATED,False,False,DISABLED,Daily market context is disabled until operator review,MANUAL_PROXY_RESEARCH,False,True,MEASURED,FIVE_LEVEL,FYERS_MARKET_DEPTH,5,5,30,120,1470,1590,2026-08-24T08:21:30+00:00,IV_UNAVAILABLE,False,0,False,False,DATA_INVALID,7,DataHealth invalid; Contract invalid: Quote stale or spread hard rejected.; SideDirection hard reject: 4.6 < 65.0; PremiumElasticity hard reject: 0.30 < 1.00; Expected/Required hard reject: 1.42 < 1.60; TradeQuality below configured minimum; ConvexityEdge below excellent gate: 57.4 < 80.0,,
2026-08-24T13:51:51.884886+05:30,2026-08-24,BANKNIFTY,NSE,INDEX,NSE_INDEX,PAPER_ELIGIBLE,INDEX:BANKING,paper-strategy-8ade763620b6,opportunity-score-8ade763620b6,universe-a8e55c76a270,PAPER_OVERRIDE::FYERS_PAPER_PROXY_RESEARCH,CE,UNKNOWN,57400.0,0.0,False,,,Underlying move below identification minimum.,False,,,,,ATM IV unavailable.,8.0310,banknifty_fast_wbci,VALID,12.6327,2e840ccd58d1,WARMUP_OBSERVATIONS,216,1,0,80.0,65.0,1.0,1.6,70.0,65.0,35.0,50.0,inf,2.0,10.0,GLOBAL_POLICY_FLOOR>CLASS_FLOOR>INSTRUMENT_LEARNED_FLOOR; LOWER=max; UPPER=min,CONSTRAINED_WALK_FORWARD,WARMUP_OBSERVATIONS,,0,0,,,0.0,,FYERS_PAPER_PROXY_RESEARCH,FYERS_PAPER_RESEARCH_ONLY,COST_MODEL_UNVALIDATED,False,False,DISABLED,Daily market context is disabled until operator review,MANUAL_PROXY_RESEARCH,False,True,MEASURED,FIVE_LEVEL,FYERS_MARKET_DEPTH,5,5,30,90,810,810,2026-08-24T08:21:30+00:00,IV_UNAVAILABLE,False,0,False,False,DATA_INVALID,7,DataHealth invalid; Contract invalid: Quote stale or spread hard rejected.; SideDirection hard reject: -4.6 < 65.0; PremiumElasticity hard reject: 0.30 < 1.00; Expected/Required hard reject: 1.42 < 1.60; TradeQuality below configured minimum; ConvexityEdge below excellent gate: 57.4 < 80.0,,
2026-08-24T13:51:51.884886+05:30,2026-08-24,BANKNIFTY,NSE,INDEX,NSE_INDEX,PAPER_ELIGIBLE,INDEX:BANKING,paper-strategy-8ade763620b6,opportunity-score-8ade763620b6,universe-a8e55c76a270,PAPER_OVERRIDE::FYERS_PAPER_PROXY_RESEARCH,PE,UNKNOWN,57400.0,4.6,False,,,Underlying move below identification minimum.,False,,,,,ATM IV unavailable.,8.0310,banknifty_fast_wbci,VALID,12.6327,2e840ccd58d1,WARMUP_OBSERVATIONS,216,1,0,80.0,65.0,1.0,1.6,70.0,65.0,35.0,50.0,inf,2.0,10.0,GLOBAL_POLICY_FLOOR>CLASS_FLOOR>INSTRUMENT_LEARNED_FLOOR; LOWER=max; UPPER=min,CONSTRAINED_WALK_FORWARD,WARMUP_OBSERVATIONS,,0,0,,,0.0,,FYERS_PAPER_PROXY_RESEARCH,FYERS_PAPER_RESEARCH_ONLY,COST_MODEL_UNVALIDATED,False,False,DISABLED,Daily market context is disabled until operator review,MANUAL_PROXY_RESEARCH,False,True,MEASURED,FIVE_LEVEL,FYERS_MARKET_DEPTH,5,5,30,30,420,330,2026-08-24T08:21:30+00:00,IV_UNAVAILABLE,False,0,False,False,DATA_INVALID,7,DataHealth invalid; Contract invalid: Quote stale or spread hard rejected.; SideDirection hard reject: 4.6 < 65.0; PremiumElasticity hard reject: 0.70 < 1.00; Expected/Required hard reject: 1.42 < 1.60; TradeQuality below configured minimum; ConvexityEdge below excellent gate: 71.4 < 80.0,,
2026-08-24T13:51:51.884886+05:30,2026-08-24,MIDCPNIFTY,NSE,INDEX,NSE_INDEX,PAPER_ELIGIBLE,INDEX:MIDCAP,paper-strategy-8ade763620b6,opportunity-score-8ade763620b6,universe-a8e55c76a270,PAPER_OVERRIDE::FYERS_PAPER_PROXY_RESEARCH,CE,UNKNOWN,14875.0,0.0,False,,,Underlying move below identification minimum.,False,,,,,ATM IV unavailable.,12.8931,midcap_direction_proxy,PARTIAL_MIDCAP,17.3024,712afad509f5,WARMUP_OBSERVATIONS,112,1,0,80.0,65.0,1.0,1.6,70.0,65.0,35.0,50.0,inf,2.0,10.0,GLOBAL_POLICY_FLOOR>CLASS_FLOOR>INSTRUMENT_LEARNED_FLOOR; LOWER=max; UPPER=min,CONSTRAINED_WALK_FORWARD,WARMUP_OBSERVATIONS,,0,0,,,0.0,,FYERS_PAPER_PROXY_RESEARCH,FYERS_PAPER_RESEARCH_ONLY,COST_MODEL_UNVALIDATED,False,False,DISABLED,Daily market context is disabled until operator review,MANUAL_PROXY_RESEARCH,False,True,MEASURED,FIVE_LEVEL,FYERS_MARKET_DEPTH,5,5,1560,480,6360,3600,2026-08-24T08:21:33+00:00,IV_UNAVAILABLE,False,0,False,False,DATA_INVALID,7,DataHealth invalid; Contract invalid: Quote stale or spread hard rejected.; SideDirection hard reject: -4.4 < 65.0; PremiumElasticity hard reject: 0.50 < 1.00; Expected/Required hard reject: 1.08 < 1.60; TradeQuality below configured minimum; ConvexityEdge below excellent gate: 70.4 < 80.0,,
2026-08-24T13:51:51.884886+05:30,2026-08-24,MIDCPNIFTY,NSE,INDEX,NSE_INDEX,PAPER_ELIGIBLE,INDEX:MIDCAP,paper-strategy-8ade763620b6,opportunity-score-8ade763620b6,universe-a8e55c76a270,PAPER_OVERRIDE::FYERS_PAPER_PROXY_RESEARCH,CE,UNKNOWN,14850.0,0.0,False,,,Underlying move below identification minimum.,False,,,,,ATM IV unavailable.,12.8931,midcap_direction_proxy,PARTIAL_MIDCAP,17.3024,712afad509f5,WARMUP_OBSERVATIONS,112,1,0,80.0,65.0,1.0,1.6,70.0,65.0,35.0,50.0,inf,2.0,10.0,GLOBAL_POLICY_FLOOR>CLASS_FLOOR>INSTRUMENT_LEARNED_FLOOR; LOWER=max; UPPER=min,CONSTRAINED_WALK_FORWARD,WARMUP_OBSERVATIONS,,0,0,,,0.0,,FYERS_PAPER_PROXY_RESEARCH,FYERS_PAPER_RESEARCH_ONLY,COST_MODEL_UNVALIDATED,False,False,DISABLED,Daily market context is disabled until operator review,MANUAL_PROXY_RESEARCH,False,True,MEASURED,FIVE_LEVEL,FYERS_MARKET_DEPTH,5,5,120,360,2160,2160,2026-08-24T08:21:31+00:00,IV_UNAVAILABLE,False,0,False,False,DATA_INVALID,7,DataHealth invalid; Contract invalid: Quote stale or spread hard rejected.; SideDirection hard reject: -4.4 < 65.0; PremiumElasticity hard reject: 0.70 < 1.00; Expected/Required hard reject: 1.08 < 1.60; TradeQuality below configured minimum; ConvexityEdge below excellent gate: 70.4 < 80.0,,
2026-08-24T13:51:51.884886+05:30,2026-08-24,MIDCPNIFTY,NSE,INDEX,NSE_INDEX,PAPER_ELIGIBLE,INDEX:MIDCAP,paper-strategy-8ade763620b6,opportunity-score-8ade763620b6,universe-a8e55c76a270,PAPER_OVERRIDE::FYERS_PAPER_PROXY_RESEARCH,PE,UNKNOWN,14900.0,4.4,False,,,Underlying move below identification minimum.,False,,,,,ATM IV unavailable.,12.8931,midcap_direction_proxy,PARTIAL_MIDCAP,17.3024,712afad509f5,WARMUP_OBSERVATIONS,112,1,0,80.0,65.0,1.0,1.6,70.0,65.0,35.0,50.0,inf,2.0,10.0,GLOBAL_POLICY_FLOOR>CLASS_FLOOR>INSTRUMENT_LEARNED_FLOOR; LOWER=max; UPPER=min,CONSTRAINED_WALK_FORWARD,WARMUP_OBSERVATIONS,,0,0,,,0.0,,FYERS_PAPER_PROXY_RESEARCH,FYERS_PAPER_RESEARCH_ONLY,COST_MODEL_UNVALIDATED,False,False,DISABLED,Daily market context is disabled until operator review,MANUAL_PROXY_RESEARCH,False,True,MEASURED,FIVE_LEVEL,FYERS_MARKET_DEPTH,5,5,360,240,2280,3840,2026-08-24T08:21:33+00:00,IV_UNAVAILABLE,False,0,False,False,DATA_INVALID,7,DataHealth invalid; Contract invalid: Quote stale or spread hard rejected.; SideDirection hard reject: 4.4 < 65.0; PremiumElasticity hard reject: 0.70 < 1.00; Expected/Required hard reject: 1.08 < 1.60; TradeQuality below configured minimum; ConvexityEdge below excellent gate: 70.4 < 80.0,,
2026-08-24T13:51:51.884886+05:30,2026-08-24,ADANIENT,NSE,STOCK,NSE_STOCK_OPTION,PAPER_ELIGIBLE,STOCK:ADANIENT,paper-strategy-8ade763620b6,opportunity-score-8ade763620b6,universe-a8e55c76a270,PAPER_OVERRIDE::FYERS_PAPER_PROXY_RESEARCH,CE,UNKNOWN,3000.0,0.0,False,,,Observation interval exceeds rolling window.,False,,,,,ATM IV unavailable.,,ADANIENT,NOT_CONFIGURED,,ead8624c1bbc,WARMUP_OBSERVATIONS,17,1,0,90.0,65.0,1.0,1.6,70.0,65.0,35.0,50.0,inf,3.0,20.0,GLOBAL_POLICY_FLOOR>CLASS_FLOOR>INSTRUMENT_LEARNED_FLOOR; LOWER=max; UPPER=min,CONSTRAINED_WALK_FORWARD,WARMUP_OBSERVATIONS,,0,0,,,0.0,,FYERS_PAPER_PROXY_RESEARCH,FYERS_PAPER_RESEARCH_ONLY,COST_MODEL_UNVALIDATED,False,False,DISABLED,Daily market context is disabled until operator review,MANUAL_PROXY_RESEARCH,False,True,MEASURED,FIVE_LEVEL,FYERS_MARKET_DEPTH,5,5,618,618,4326,2781,2026-08-24T08:20:48+00:00,IV_UNAVAILABLE,False,0,False,False,DATA_INVALID,11,DataHealth invalid; Contract invalid: Quote stale or spread hard rejected.; SideDirection hard reject: -4.8 < 65.0; PremiumElasticity hard reject: 0.50 < 1.00; Expected/Required hard reject: 1.17 < 1.60; TradeQuality below configured minimum; FinalConfidence below configured minimum; ExecutionQuality below excellent gate: 30.7 < 80.0; ConvexityEdge below excellent gate: 71.4 < 80.0; OpportunityConfidence below excellent gate: 61.3 < 70.0; RegimeFit below excellent gate: 60.0 < 70.0,,
2026-08-24T13:51:51.884886+05:30,2026-08-24,ADANIENT,NSE,STOCK,NSE_STOCK_OPTION,PAPER_ELIGIBLE,STOCK:ADANIENT,paper-strategy-8ade763620b6,opportunity-score-8ade763620b6,universe-a8e55c76a270,PAPER_OVERRIDE::FYERS_PAPER_PROXY_RESEARCH,PE,UNKNOWN,2960.0,4.8,False,,,Observation interval exceeds rolling window.,False,,,,,ATM IV unavailable.,,ADANIENT,NOT_CONFIGURED,,ead8624c1bbc,WARMUP_OBSERVATIONS,17,1,0,90.0,65.0,1.0,1.6,70.0,65.0,35.0,50.0,inf,3.0,20.0,GLOBAL_POLICY_FLOOR>CLASS_FLOOR>INSTRUMENT_LEARNED_FLOOR; LOWER=max; UPPER=min,CONSTRAINED_WALK_FORWARD,WARMUP_OBSERVATIONS,,0,0,,,0.0,,FYERS_PAPER_PROXY_RESEARCH,FYERS_PAPER_RESEARCH_ONLY,COST_MODEL_UNVALIDATED,False,False,DISABLED,Daily market context is disabled until operator review,MANUAL_PROXY_RESEARCH,False,True,MEASURED,FIVE_LEVEL,FYERS_MARKET_DEPTH,5,5,618,309,2472,2163,2026-08-24T08:20:10+00:00,IV_UNAVAILABLE,False,0,False,False,DATA_INVALID,11,DataHealth invalid; Contract invalid: Quote stale or spread hard rejected.; SideDirection hard reject: 4.8 < 65.0; PremiumElasticity hard reject: 0.30 < 1.00; Expected/Required hard reject: 1.17 < 1.60; TradeQuality below configured minimum; FinalConfidence below configured minimum; ExecutionQuality below excellent gate: 0.0 < 80.0; ConvexityEdge below excellent gate: 57.4 < 80.0; OpportunityConfidence below excellent gate: 38.8 < 70.0; RegimeFit below excellent gate: 60.0 < 70.0,,
2026-08-24T13:51:51.884886+05:30,2026-08-24,ADANIPORTS,NSE,STOCK,NSE_STOCK_OPTION,PAPER_ELIGIBLE,STOCK:ADANIPORTS,paper-strategy-8ade763620b6,opportunity-score-8ade763620b6,universe-a8e55c76a270,PAPER_OVERRIDE::FYERS_PAPER_PROXY_RESEARCH,CE,UNKNOWN,1660.0,0.0,False,,,Observation interval exceeds rolling window.,False,,,,,ATM IV unavailable.,,ADANIPORTS,NOT_CONFIGURED,,0ea962f87095,WARMUP_OBSERVATIONS,18,1,0,90.0,65.0,1.0,1.6,70.0,65.0,35.0,50.0,inf,3.0,20.0,GLOBAL_POLICY_FLOOR>CLASS_FLOOR>INSTRUMENT_LEARNED_FLOOR; LOWER=max; UPPER=min,CONSTRAINED_WALK_FORWARD,WARMUP_OBSERVATIONS,,0,0,,,0.0,,FYERS_PAPER_PROXY_RESEARCH,FYERS_PAPER_RESEARCH_ONLY,COST_MODEL_UNVALIDATED,False,False,DISABLED,Daily market context is disabled until operator review,MANUAL_PROXY_RESEARCH,False,True,MEASURED,FIVE_LEVEL,FYERS_MARKET_DEPTH,5,5,475,1425,4750,4750,2026-08-24T08:21:04+00:00,IV_UNAVAILABLE,False,0,False,False,DATA_INVALID,10,DataHealth invalid; Contract invalid: Quote stale or spread hard rejected.; SideDirection hard reject: -4.8 < 65.0; PremiumElasticity hard reject: 0.70 < 1.00; Expected/Required hard reject: 1.17 < 1.60; TradeQuality below configured minimum; ExecutionQuality below excellent gate: 56.7 < 80.0; ConvexityEdge below excellent gate: 71.4 < 80.0; OpportunityConfidence below excellent gate: 65.7 < 70.0; RegimeFit below excellent gate: 60.0 < 70.0,,
2026-08-24T13:51:51.884886+05:30,2026-08-24,ADANIPORTS,NSE,STOCK,NSE_STOCK_OPTION,PAPER_ELIGIBLE,STOCK:ADANIPORTS,paper-strategy-8ade763620b6,opportunity-score-8ade763620b6,universe-a8e55c76a270,PAPER_OVERRIDE::FYERS_PAPER_PROXY_RESEARCH,PE,UNKNOWN,1700.0,4.8,False,,,Observation interval exceeds rolling window.,False,,,,,ATM IV unavailable.,,ADANIPORTS,NOT_CONFIGURED,,0ea962f87095,WARMUP_OBSERVATIONS,18,1,0,90.0,65.0,1.0,1.6,70.0,65.0,35.0,50.0,inf,3.0,20.0,GLOBAL_POLICY_FLOOR>CLASS_FLOOR>INSTRUMENT_LEARNED_FLOOR; LOWER=max; UPPER=min,CONSTRAINED_WALK_FORWARD,WARMUP_OBSERVATIONS,,0,0,,,0.0,,FYERS_PAPER_PROXY_RESEARCH,FYERS_PAPER_RESEARCH_ONLY,COST_MODEL_UNVALIDATED,False,False,DISABLED,Daily market context is disabled until operator review,MANUAL_PROXY_RESEARCH,False,True,MEASURED,FIVE_LEVEL,FYERS_MARKET_DEPTH,5,5,475,475,3800,3325,2026-08-24T08:20:25+00:00,IV_UNAVAILABLE,False,0,False,False,DATA_INVALID,8,DataHealth invalid; Contract invalid: Quote stale or spread hard rejected.; SideDirection hard reject: 4.8 < 65.0; PremiumElasticity hard reject: 0.70 < 1.00; Expected/Required hard reject: 1.17 < 1.60; TradeQuality below configured minimum; ConvexityEdge below excellent gate: 71.4 < 80.0; RegimeFit below excellent gate: 60.0 < 70.0,,
2026-08-24T13:51:51.884886+05:30,2026-08-24,APOLLOHOSP,NSE,STOCK,NSE_STOCK_OPTION,PAPER_ELIGIBLE,STOCK:APOLLOHOSP,paper-strategy-8ade763620b6,opportunity-score-8ade763620b6,universe-a8e55c76a270,PAPER_OVERRIDE::FYERS_PAPER_PROXY_RESEARCH,PE,UNKNOWN,8500.0,13.4,False,,,No prior observation for contract.,False,,,,,ATM IV unavailable.,,APOLLOHOSP,NOT_CONFIGURED,,ab5ab84a5e2b,WARMUP_OBSERVATIONS,17,1,0,90.0,65.0,1.0,1.6,70.0,65.0,35.0,50.0,inf,3.0,20.0,GLOBAL_POLICY_FLOOR>CLASS_FLOOR>INSTRUMENT_LEARNED_FLOOR; LOWER=max; UPPER=min,CONSTRAINED_WALK_FORWARD,WARMUP_OBSERVATIONS,,0,0,,,0.0,,FYERS_PAPER_PROXY_RESEARCH,FYERS_PAPER_RESEARCH_ONLY,COST_MODEL_UNVALIDATED,False,False,DISABLED,Daily market context is disabled until operator review,MANUAL_PROXY_RESEARCH,False,True,MEASURED,FIVE_LEVEL,FYERS_MARKET_DEPTH,5,5,125,250,1375,2000,2026-08-24T08:19:29+00:00,IV_UNAVAILABLE,False,0,False,False,DATA_INVALID,11,DataHealth invalid; Contract invalid: Quote stale or spread hard rejected.; SideDirection hard reject: 13.4 < 65.0; PremiumElasticity hard reject: 0.30 < 1.00; Expected/Required hard reject: 1.17 < 1.60; TradeQuality below configured minimum; FinalConfidence below configured minimum; ExecutionQuality below excellent gate: 0.0 < 80.0; ConvexityEdge below excellent gate: 57.4 < 80.0; OpportunityConfidence below excellent gate: 40.6 < 70.0; RegimeFit below excellent gate: 60.0 < 70.0,,
2026-08-24T13:51:51.884886+05:30,2026-08-24,APOLLOHOSP,NSE,STOCK,NSE_STOCK_OPTION,PAPER_ELIGIBLE,STOCK:APOLLOHOSP,paper-strategy-8ade763620b6,opportunity-score-8ade763620b6,universe-a8e55c76a270,PAPER_OVERRIDE::FYERS_PAPER_PROXY_RESEARCH,CE,UNKNOWN,8700.0,0.0,False,,,Observation interval exceeds rolling window.,False,,,,,ATM IV unavailable.,,APOLLOHOSP,NOT_CONFIGURED,,ab5ab84a5e2b,WARMUP_OBSERVATIONS,17,1,0,90.0,65.0,1.0,1.6,70.0,65.0,35.0,50.0,inf,3.0,20.0,GLOBAL_POLICY_FLOOR>CLASS_FLOOR>INSTRUMENT_LEARNED_FLOOR; LOWER=max; UPPER=min,CONSTRAINED_WALK_FORWARD,WARMUP_OBSERVATIONS,,0,0,,,0.0,,FYERS_PAPER_PROXY_RESEARCH,FYERS_PAPER_RESEARCH_ONLY,COST_MODEL_UNVALIDATED,False,False,DISABLED,Daily market context is disabled until operator review,MANUAL_PROXY_RESEARCH,False,True,MEASURED,FIVE_LEVEL,FYERS_MARKET_DEPTH,5,5,250,250,2375,1125,2026-08-24T08:21:31+00:00,IV_UNAVAILABLE,False,0,False,False,DATA_INVALID,11,DataHealth invalid; Contract invalid: Quote stale or spread hard rejected.; SideDirection hard reject: -13.4 < 65.0; PremiumElasticity hard reject: 0.30 < 1.00; Expected/Required hard reject: 1.17 < 1.60; TradeQuality below configured minimum; FinalConfidence below configured minimum; ExecutionQuality below excellent gate: 19.4 < 80.0; ConvexityEdge below excellent gate: 57.4 < 80.0; OpportunityConfidence below excellent gate: 61.5 < 70.0; RegimeFit below excellent gate: 60.0 < 70.0,,
2026-08-24T13:51:51.884886+05:30,2026-08-24,ASIANPAINT,NSE,STOCK,NSE_STOCK_OPTION,PAPER_ELIGIBLE,STOCK:ASIANPAINT,paper-strategy-8ade763620b6,opportunity-score-8ade763620b6,universe-a8e55c76a270,PAPER_OVERRIDE::FYERS_PAPER_PROXY_RESEARCH,CE,UNKNOWN,2640.0,6.4,False,,,Observation interval exceeds rolling window.,False,,,,,ATM IV unavailable.,,ASIANPAINT,NOT_CONFIGURED,,8512c046e489,WARMUP_OBSERVATIONS,32,1,0,90.0,65.0,1.0,1.6,70.0,65.0,35.0,50.0,inf,3.0,20.0,GLOBAL_POLICY_FLOOR>CLASS_FLOOR>INSTRUMENT_LEARNED_FLOOR; LOWER=max; UPPER=min,CONSTRAINED_WALK_FORWARD,WARMUP_OBSERVATIONS,,0,0,,,0.0,,FYERS_PAPER_PROXY_RESEARCH,FYERS_PAPER_RESEARCH_ONLY,COST_MODEL_UNVALIDATED,False,False,DISABLED,Daily market context is disabled until operator review,MANUAL_PROXY_RESEARCH,False,True,MEASURED,FIVE_LEVEL,FYERS_MARKET_DEPTH,5,5,250,250,2250,2000,2026-08-24T08:21:36+00:00,IV_UNAVAILABLE,False,0,False,False,DATA_INVALID,11,DataHealth invalid; Contract invalid: Quote stale or spread hard rejected.; SideDirection hard reject: 6.4 < 65.0; PremiumElasticity hard reject: 0.50 < 1.00; Expected/Required hard reject: 1.17 < 1.60; TradeQuality below configured minimum; FinalConfidence below configured minimum; ExecutionQuality below excellent gate: 0.0 < 80.0; ConvexityEdge below excellent gate: 71.4 < 80.0; OpportunityConfidence below excellent gate: 54.9 < 70.0; RegimeFit below excellent gate: 60.0 < 70.0,,
2026-08-24T13:51:51.884886+05:30,2026-08-24,ASIANPAINT,NSE,STOCK,NSE_STOCK_OPTION,PAPER_ELIGIBLE,STOCK:ASIANPAINT,paper-strategy-8ade763620b6,opportunity-score-8ade763620b6,universe-a8e55c76a270,PAPER_OVERRIDE::FYERS_PAPER_PROXY_RESEARCH,PE,UNKNOWN,2640.0,0.0,False,,,Observation interval exceeds rolling window.,False,,,,,ATM IV unavailable.,,ASIANPAINT,NOT_CONFIGURED,,8512c046e489,WARMUP_OBSERVATIONS,32,1,0,90.0,65.0,1.0,1.6,70.0,65.0,35.0,50.0,inf,3.0,20.0,GLOBAL_POLICY_FLOOR>CLASS_FLOOR>INSTRUMENT_LEARNED_FLOOR; LOWER=max; UPPER=min,CONSTRAINED_WALK_FORWARD,WARMUP_OBSERVATIONS,,0,0,,,0.0,,FYERS_PAPER_PROXY_RESEARCH,FYERS_PAPER_RESEARCH_ONLY,COST_MODEL_UNVALIDATED,False,False,DISABLED,Daily market context is disabled until operator review,MANUAL_PROXY_RESEARCH,False,True,MEASURED,FIVE_LEVEL,FYERS_MARKET_DEPTH,5,5,250,250,2250,2000,2026-08-24T08:21:17+00:00,IV_UNAVAILABLE,False,0,False,False,DATA_INVALID,11,DataHealth invalid; Contract invalid: Quote stale or spread hard rejected.; SideDirection hard reject: -6.4 < 65.0; PremiumElasticity hard reject: 0.50 < 1.00; Expected/Required hard reject: 1.17 < 1.60; TradeQuality below configured minimum; FinalConfidence below configured minimum; ExecutionQuality below excellent gate: 0.0 < 80.0; ConvexityEdge below excellent gate: 71.4 < 80.0; OpportunityConfidence below excellent gate: 49.4 < 70.0; RegimeFit below excellent gate: 60.0 < 70.0,,
2026-08-24T13:51:51.884886+05:30,2026-08-24,ASIANPAINT,NSE,STOCK,NSE_STOCK_OPTION,PAPER_ELIGIBLE,STOCK:ASIANPAINT,paper-strategy-8ade763620b6,opportunity-score-8ade763620b6,universe-a8e55c76a270,PAPER_OVERRIDE::FYERS_PAPER_PROXY_RESEARCH,PE,UNKNOWN,2620.0,0.0,False,,,Observation interval exceeds rolling window.,False,,,,,ATM IV unavailable.,,ASIANPAINT,NOT_CONFIGURED,,8512c046e489,WARMUP_OBSERVATIONS,32,1,0,90.0,65.0,1.0,1.6,70.0,65.0,35.0,50.0,inf,3.0,20.0,GLOBAL_POLICY_FLOOR>CLASS_FLOOR>INSTRUMENT_LEARNED_FLOOR; LOWER=max; UPPER=min,CONSTRAINED_WALK_FORWARD,WARMUP_OBSERVATIONS,,0,0,,,0.0,,FYERS_PAPER_PROXY_RESEARCH,FYERS_PAPER_RESEARCH_ONLY,COST_MODEL_UNVALIDATED,False,False,DISABLED,Daily market context is disabled until operator review,MANUAL_PROXY_RESEARCH,False,True,MEASURED,FIVE_LEVEL,FYERS_MARKET_DEPTH,5,5,250,250,2500,3250,2026-08-24T08:21:14+00:00,IV_UNAVAILABLE,False,0,False,False,DATA_INVALID,11,DataHealth invalid; Contract invalid: Quote stale or spread hard rejected.; SideDirection hard reject: -6.4 < 65.0; PremiumElasticity hard reject: 0.30 < 1.00; Expected/Required hard reject: 1.17 < 1.60; TradeQuality below configured minimum; FinalConfidence below configured minimum; ExecutionQuality below excellent gate: 0.0 < 80.0; ConvexityEdge below excellent gate: 57.4 < 80.0; OpportunityConfidence below excellent gate: 35.7 < 70.0; RegimeFit below excellent gate: 60.0 < 70.0,,
2026-08-24T13:51:51.884886+05:30,2026-08-24,ASIANPAINT,NSE,STOCK,NSE_STOCK_OPTION,PAPER_ELIGIBLE,STOCK:ASIANPAINT,paper-strategy-8ade763620b6,opportunity-score-8ade763620b6,universe-a8e55c76a270,PAPER_OVERRIDE::FYERS_PAPER_PROXY_RESEARCH,PE,UNKNOWN,2660.0,0.0,False,,,Observation interval exceeds rolling window.,False,,,,,ATM IV unavailable.,,ASIANPAINT,NOT_CONFIGURED,,8512c046e489,WARMUP_OBSERVATIONS,32,1,0,90.0,65.0,1.0,1.6,70.0,65.0,35.0,50.0,inf,3.0,20.0,GLOBAL_POLICY_FLOOR>CLASS_FLOOR>INSTRUMENT_LEARNED_FLOOR; LOWER=max; UPPER=min,CONSTRAINED_WALK_FORWARD,WARMUP_OBSERVATIONS,,0,0,,,0.0,,FYERS_PAPER_PROXY_RESEARCH,FYERS_PAPER_RESEARCH_ONLY,COST_MODEL_UNVALIDATED,False,False,DISABLED,Daily market context is disabled until operator review,MANUAL_PROXY_RESEARCH,False,True,MEASURED,FIVE_LEVEL,FYERS_MARKET_DEPTH,5,5,250,250,2500,3250,2026-08-24T08:18:40+00:00,IV_UNAVAILABLE,False,0,False,False,DATA_INVALID,11,DataHealth invalid; Contract invalid: Quote stale or spread hard rejected.; SideDirection hard reject: -6.4 < 65.0; PremiumElasticity hard reject: 0.70 < 1.00; Expected/Required hard reject: 1.17 < 1.60; TradeQuality below configured minimum; FinalConfidence below configured minimum; ExecutionQuality below excellent gate: 33.4 < 80.0; ConvexityEdge below excellent gate: 71.4 < 80.0; OpportunityConfidence below excellent gate: 63.4 < 70.0; RegimeFit below excellent gate: 60.0 < 70.0,,
2026-08-24T13:51:51.884886+05:30,2026-08-24,AXISBANK,NSE,STOCK,NSE_STOCK_OPTION,PAPER_ELIGIBLE,STOCK:AXISBANK,paper-strategy-8ade763620b6,opportunity-score-8ade763620b6,universe-a8e55c76a270,PAPER_OVERRIDE::FYERS_PAPER_PROXY_RESEARCH,PE,UNKNOWN,1260.0,4.5,False,,,Observation interval exceeds rolling window.,False,,,,,ATM IV unavailable.,,AXISBANK,NOT_CONFIGURED,,cfeb90d03746,WARMUP_OBSERVATIONS,8,1,0,90.0,65.0,1.0,1.6,70.0,65.0,35.0,50.0,inf,3.0,20.0,GLOBAL_POLICY_FLOOR>CLASS_FLOOR>INSTRUMENT_LEARNED_FLOOR; LOWER=max; UPPER=min,CONSTRAINED_WALK_FORWARD,WARMUP_OBSERVATIONS,,0,0,,,0.0,,FYERS_PAPER_PROXY_RESEARCH,FYERS_PAPER_RESEARCH_ONLY,COST_MODEL_UNVALIDATED,False,False,DISABLED,Daily market context is disabled until operator review,MANUAL_PROXY_RESEARCH,False,True,MEASURED,FIVE_LEVEL,FYERS_MARKET_DEPTH,5,5,625,625,4375,5000,2026-08-24T08:21:19+00:00,IV_UNAVAILABLE,False,0,False,False,DATA_INVALID,8,DataHealth invalid; Contract invalid: Quote stale or spread hard rejected.; SideDirection hard reject: 4.5 < 65.0; PremiumElasticity hard reject: 0.70 < 1.00; Expected/Required hard reject: 1.17 < 1.60; TradeQuality below configured minimum; ConvexityEdge below excellent gate: 71.4 < 80.0; RegimeFit below excellent gate: 60.0 < 70.0,,
2026-08-24T13:51:51.884886+05:30,2026-08-24,BAJFINANCE,NSE,STOCK,NSE_STOCK_OPTION,PAPER_ELIGIBLE,STOCK:BAJFINANCE,paper-strategy-8ade763620b6,opportunity-score-8ade763620b6,universe-a8e55c76a270,PAPER_OVERRIDE::FYERS_PAPER_PROXY_RESEARCH,CE,UNKNOWN,1080.0,0.0,False,,,Observation interval exceeds rolling window.,False,,,,,ATM IV unavailable.,,BAJFINANCE,NOT_CONFIGURED,,58c303dc05a9,WARMUP_OBSERVATIONS,7,1,0,90.0,65.0,1.0,1.6,70.0,65.0,35.0,50.0,inf,3.0,20.0,GLOBAL_POLICY_FLOOR>CLASS_FLOOR>INSTRUMENT_LEARNED_FLOOR; LOWER=max; UPPER=min,CONSTRAINED_WALK_FORWARD,WARMUP_OBSERVATIONS,,0,0,,,0.0,,FYERS_PAPER_PROXY_RESEARCH,FYERS_PAPER_RESEARCH_ONLY,COST_MODEL_UNVALIDATED,False,False,DISABLED,Daily market context is disabled until operator review,MANUAL_PROXY_RESEARCH,False,True,MEASURED,FIVE_LEVEL,FYERS_MARKET_DEPTH,5,5,2250,2250,5250,10500,2026-08-24T08:20:44+00:00,IV_UNAVAILABLE,False,0,False,False,DATA_INVALID,11,DataHealth invalid; Contract invalid: Quote stale or spread hard rejected.; SideDirection hard reject: -4.4 < 65.0; PremiumElasticity hard reject: 0.50 < 1.00; Expected/Required hard reject: 1.17 < 1.60; TradeQuality below configured minimum; FinalConfidence below configured minimum; ExecutionQuality below excellent gate: 0.0 < 80.0; ConvexityEdge below excellent gate: 71.4 < 80.0; OpportunityConfidence below excellent gate: 44.8 < 70.0; RegimeFit below excellent gate: 60.0 < 70.0,,
2026-08-24T13:51:51.884886+05:30,2026-08-24,BAJFINANCE,NSE,STOCK,NSE_STOCK_OPTION,PAPER_ELIGIBLE,STOCK:BAJFINANCE,paper-strategy-8ade763620b6,opportunity-score-8ade763620b6,universe-a8e55c76a270,PAPER_OVERRIDE::FYERS_PAPER_PROXY_RESEARCH,CE,UNKNOWN,1070.0,0.0,False,,,Observation interval exceeds rolling window.,False,,,,,ATM IV unavailable.,,BAJFINANCE,NOT_CONFIGURED,,58c303dc05a9,WARMUP_OBSERVATIONS,7,1,0,90.0,65.0,1.0,1.6,70.0,65.0,35.0,50.0,inf,3.0,20.0,GLOBAL_POLICY_FLOOR>CLASS_FLOOR>INSTRUMENT_LEARNED_FLOOR; LOWER=max; UPPER=min,CONSTRAINED_WALK_FORWARD,WARMUP_OBSERVATIONS,,0,0,,,0.0,,FYERS_PAPER_PROXY_RESEARCH,FYERS_PAPER_RESEARCH_ONLY,COST_MODEL_UNVALIDATED,False,False,DISABLED,Daily market context is disabled until operator review,MANUAL_PROXY_RESEARCH,False,True,MEASURED,FIVE_LEVEL,FYERS_MARKET_DEPTH,5,5,1500,1500,5250,4500,2026-08-24T08:20:38+00:00,IV_UNAVAILABLE,False,0,False,False,DATA_INVALID,11,DataHealth invalid; Contract invalid: Quote stale or spread hard rejected.; SideDirection hard reject: -4.4 < 65.0; PremiumElasticity hard reject: 0.70 < 1.00; Expected/Required hard reject: 1.17 < 1.60; TradeQuality below configured minimum; FinalConfidence below configured minimum; ExecutionQuality below excellent gate: 53.6 < 80.0; ConvexityEdge below excellent gate: 71.4 < 80.0; OpportunityConfidence below excellent gate: 61.6 < 70.0; RegimeFit below excellent gate: 60.0 < 70.0,,
2026-08-24T13:52:54.102989+05:30,2026-08-24,BANKNIFTY,NSE,INDEX,NSE_INDEX,PAPER_ELIGIBLE,INDEX:BANKING,paper-strategy-8ade763620b6,opportunity-score-8ade763620b6,universe-a8e55c76a270,PAPER_OVERRIDE::FYERS_PAPER_PROXY_RESEARCH,CE,UNKNOWN,57300.0,0.0,False,,,Underlying move below identification minimum.,False,,,,,ATM IV unavailable.,-7.8600,banknifty_fast_wbci,VALID,5.1332,2e840ccd58d1,WARMUP_OBSERVATIONS,227,1,0,80.0,65.0,1.0,1.6,70.0,65.0,35.0,50.0,inf,2.0,10.0,GLOBAL_POLICY_FLOOR>CLASS_FLOOR>INSTRUMENT_LEARNED_FLOOR; LOWER=max; UPPER=min,CONSTRAINED_WALK_FORWARD,WARMUP_OBSERVATIONS,,0,0,,,0.0,,FYERS_PAPER_PROXY_RESEARCH,FYERS_PAPER_RESEARCH_ONLY,COST_MODEL_UNVALIDATED,False,False,DISABLED,Daily market context is disabled until operator review,MANUAL_PROXY_RESEARCH,False,True,MEASURED,FIVE_LEVEL,FYERS_MARKET_DEPTH,5,5,60,30,1290,720,2026-08-24T08:22:38+00:00,IV_UNAVAILABLE,False,0,False,False,DATA_INVALID,7,DataHealth invalid; Contract invalid: Quote stale or spread hard rejected.; SideDirection hard reject: -2.7 < 65.0; PremiumElasticity hard reject: 0.50 < 1.00; Expected/Required hard reject: 1.42 < 1.60; TradeQuality below configured minimum; ConvexityEdge below excellent gate: 71.4 < 80.0,,
2026-08-24T13:52:54.102989+05:30,2026-08-24,BANKNIFTY,NSE,INDEX,NSE_INDEX,PAPER_ELIGIBLE,INDEX:BANKING,paper-strategy-8ade763620b6,opportunity-score-8ade763620b6,universe-a8e55c76a270,PAPER_OVERRIDE::FYERS_PAPER_PROXY_RESEARCH,PE,UNKNOWN,57300.0,2.7,False,,,Underlying move below identification minimum.,False,,,,,ATM IV unavailable.,-7.8600,banknifty_fast_wbci,VALID,5.1332,2e840ccd58d1,WARMUP_OBSERVATIONS,227,1,0,80.0,65.0,1.0,1.6,70.0,65.0,35.0,50.0,inf,2.0,10.0,GLOBAL_POLICY_FLOOR>CLASS_FLOOR>INSTRUMENT_LEARNED_FLOOR; LOWER=max; UPPER=min,CONSTRAINED_WALK_FORWARD,WARMUP_OBSERVATIONS,,0,0,,,0.0,,FYERS_PAPER_PROXY_RESEARCH,FYERS_PAPER_RESEARCH_ONLY,COST_MODEL_UNVALIDATED,False,False,DISABLED,Daily market context is disabled until operator review,MANUAL_PROXY_RESEARCH,False,True,MEASURED,FIVE_LEVEL,FYERS_MARKET_DEPTH,5,5,30,30,1200,1110,2026-08-24T08:22:38+00:00,IV_UNAVAILABLE,False,0,False,False,DATA_INVALID,7,DataHealth invalid; Contract invalid: Quote stale or spread hard rejected.; SideDirection hard reject: 2.7 < 65.0; PremiumElasticity hard reject: 0.50 < 1.00; Expected/Required hard reject: 1.42 < 1.60; TradeQuality below configured minimum; ConvexityEdge below excellent gate: 71.4 < 80.0,,
2026-08-24T13:52:54.102989+05:30,2026-08-24,BANKNIFTY,NSE,INDEX,NSE_INDEX,PAPER_ELIGIBLE,INDEX:BANKING,paper-strategy-8ade763620b6,opportunity-score-8ade763620b6,universe-a8e55c76a270,PAPER_OVERRIDE::FYERS_PAPER_PROXY_RESEARCH,PE,UNKNOWN,57200.0,2.7,False,,,Underlying move below identification minimum.,False,,,,,ATM IV unavailable.,-7.8600,banknifty_fast_wbci,VALID,5.1332,2e840ccd58d1,WARMUP_OBSERVATIONS,227,1,0,80.0,65.0,1.0,1.6,70.0,65.0,35.0,50.0,inf,2.0,10.0,GLOBAL_POLICY_FLOOR>CLASS_FLOOR>INSTRUMENT_LEARNED_FLOOR; LOWER=max; UPPER=min,CONSTRAINED_WALK_FORWARD,WARMUP_OBSERVATIONS,,0,0,,,0.0,,FYERS_PAPER_PROXY_RESEARCH,FYERS_PAPER_RESEARCH_ONLY,COST_MODEL_UNVALIDATED,False,False,DISABLED,Daily market context is disabled until operator review,MANUAL_PROXY_RESEARCH,False,True,MEASURED,FIVE_LEVEL,FYERS_MARKET_DEPTH,5,5,30,1740,1290,2490,2026-08-24T08:22:38+00:00,IV_UNAVAILABLE,False,0,False,False,DATA_INVALID,7,DataHealth invalid; Contract invalid: Quote stale or spread hard rejected.; SideDirection hard reject: 2.7 < 65.0; PremiumElasticity hard reject: 0.30 < 1.00; Expected/Required hard reject: 1.42 < 1.60; TradeQuality below configured minimum; ConvexityEdge below excellent gate: 57.4 < 80.0,,
2026-08-24T13:52:54.102989+05:30,2026-08-24,BANKNIFTY,NSE,INDEX,NSE_INDEX,PAPER_ELIGIBLE,INDEX:BANKING,paper-strategy-8ade763620b6,opportunity-score-8ade763620b6,universe-a8e55c76a270,PAPER_OVERRIDE::FYERS_PAPER_PROXY_RESEARCH,CE,UNKNOWN,57400.0,0.0,False,,,Underlying move below identification minimum.,False,,,,,ATM IV unavailable.,-7.8600,banknifty_fast_wbci,VALID,5.1332,2e840ccd58d1,WARMUP_OBSERVATIONS,227,1,0,80.0,65.0,1.0,1.6,70.0,65.0,35.0,50.0,inf,2.0,10.0,GLOBAL_POLICY_FLOOR>CLASS_FLOOR>INSTRUMENT_LEARNED_FLOOR; LOWER=max; UPPER=min,CONSTRAINED_WALK_FORWARD,WARMUP_OBSERVATIONS,,0,0,,,0.0,,FYERS_PAPER_PROXY_RESEARCH,FYERS_PAPER_RESEARCH_ONLY,COST_MODEL_UNVALIDATED,False,False,DISABLED,Daily market context is disabled until operator review,MANUAL_PROXY_RESEARCH,False,True,MEASURED,FIVE_LEVEL,FYERS_MARKET_DEPTH,5,5,120,270,960,1350,2026-08-24T08:22:39+00:00,IV_UNAVAILABLE,False,0,False,False,DATA_INVALID,7,DataHealth invalid; Contract invalid: Quote stale or spread hard rejected.; SideDirection hard reject: -2.7 < 65.0; PremiumElasticity hard reject: 0.30 < 1.00; Expected/Required hard reject: 1.42 < 1.60; TradeQuality below configured minimum; ConvexityEdge below excellent gate: 57.4 < 80.0,,
2026-08-24T13:52:54.102989+05:30,2026-08-24,BANKNIFTY,NSE,INDEX,NSE_INDEX,PAPER_ELIGIBLE,INDEX:BANKING,paper-strategy-8ade763620b6,opportunity-score-8ade763620b6,universe-a8e55c76a270,PAPER_OVERRIDE::FYERS_PAPER_PROXY_RESEARCH,PE,UNKNOWN,57400.0,2.7,False,,,Underlying move below identification minimum.,False,,,,,ATM IV unavailable.,-7.8600,banknifty_fast_wbci,VALID,5.1332,2e840ccd58d1,WARMUP_OBSERVATIONS,227,1,0,80.0,65.0,1.0,1.6,70.0,65.0,35.0,50.0,inf,2.0,10.0,GLOBAL_POLICY_FLOOR>CLASS_FLOOR>INSTRUMENT_LEARNED_FLOOR; LOWER=max; UPPER=min,CONSTRAINED_WALK_FORWARD,WARMUP_OBSERVATIONS,,0,0,,,0.0,,FYERS_PAPER_PROXY_RESEARCH,FYERS_PAPER_RESEARCH_ONLY,COST_MODEL_UNVALIDATED,False,False,DISABLED,Daily market context is disabled until operator review,MANUAL_PROXY_RESEARCH,False,True,MEASURED,FIVE_LEVEL,FYERS_MARKET_DEPTH,5,5,60,60,330,990,2026-08-24T08:22:38+00:00,IV_UNAVAILABLE,False,0,False,False,DATA_INVALID,7,DataHealth invalid; Contract invalid: Quote stale or spread hard rejected.; SideDirection hard reject: 2.7 < 65.0; PremiumElasticity hard reject: 0.70 < 1.00; Expected/Required hard reject: 1.42 < 1.60; TradeQuality below configured minimum; ConvexityEdge below excellent gate: 71.4 < 80.0,,
2026-08-24T13:52:54.102989+05:30,2026-08-24,MIDCPNIFTY,NSE,INDEX,NSE_INDEX,PAPER_ELIGIBLE,INDEX:MIDCAP,paper-strategy-8ade763620b6,opportunity-score-8ade763620b6,universe-a8e55c76a270,PAPER_OVERRIDE::FYERS_PAPER_PROXY_RESEARCH,CE,UNKNOWN,14850.0,0.0,False,,,Underlying move below identification minimum.,False,,,,,ATM IV unavailable.,11.8151,midcap_direction_proxy,PARTIAL_MIDCAP,15.5258,712afad509f5,WARMUP_OBSERVATIONS,119,1,0,80.0,65.0,1.0,1.6,70.0,65.0,35.0,50.0,inf,2.0,10.0,GLOBAL_POLICY_FLOOR>CLASS_FLOOR>INSTRUMENT_LEARNED_FLOOR; LOWER=max; UPPER=min,CONSTRAINED_WALK_FORWARD,WARMUP_OBSERVATIONS,,0,0,,,0.0,,FYERS_PAPER_PROXY_RESEARCH,FYERS_PAPER_RESEARCH_ONLY,COST_MODEL_UNVALIDATED,False,False,DISABLED,Daily market context is disabled until operator review,MANUAL_PROXY_RESEARCH,False,True,MEASURED,FIVE_LEVEL,FYERS_MARKET_DEPTH,5,5,240,360,1440,1800,2026-08-24T08:22:42+00:00,IV_UNAVAILABLE,False,0,False,False,DATA_INVALID,7,DataHealth invalid; Contract invalid: Quote stale or spread hard rejected.; SideDirection hard reject: -3.7 < 65.0; PremiumElasticity hard reject: 0.70 < 1.00; Expected/Required hard reject: 1.08 < 1.60; TradeQuality below configured minimum; ConvexityEdge below excellent gate: 70.4 < 80.0,,
2026-08-24T13:52:54.102989+05:30,2026-08-24,BAJAJFINSV,NSE,STOCK,NSE_STOCK_OPTION,PAPER_ELIGIBLE,STOCK:BAJAJFINSV,paper-strategy-8ade763620b6,opportunity-score-8ade763620b6,universe-a8e55c76a270,PAPER_OVERRIDE::FYERS_PAPER_PROXY_RESEARCH,CE,UNKNOWN,2000.0,0.0,False,,,Observation interval exceeds rolling window.,False,,,,,ATM IV unavailable.,,BAJAJFINSV,NOT_CONFIGURED,,e97256bacfa6,WARMUP_OBSERVATIONS,22,1,0,90.0,65.0,1.0,1.6,70.0,65.0,35.0,50.0,inf,3.0,20.0,GLOBAL_POLICY_FLOOR>CLASS_FLOOR>INSTRUMENT_LEARNED_FLOOR; LOWER=max; UPPER=min,CONSTRAINED_WALK_FORWARD,WARMUP_OBSERVATIONS,,0,0,,,0.0,,FYERS_PAPER_PROXY_RESEARCH,FYERS_PAPER_RESEARCH_ONLY,COST_MODEL_UNVALIDATED,False,False,DISABLED,Daily market context is disabled until operator review,MANUAL_PROXY_RESEARCH,False,True,MEASURED,FIVE_LEVEL,FYERS_MARKET_DEPTH,5,5,300,300,1800,2400,2026-08-24T08:22:05+00:00,IV_UNAVAILABLE,False,0,False,False,DATA_INVALID,11,DataHealth invalid; Contract invalid: Quote stale or spread hard rejected.; SideDirection hard reject: -3.2 < 65.0; PremiumElasticity hard reject: 0.50 < 1.00; Expected/Required hard reject: 1.17 < 1.60; TradeQuality below configured minimum; FinalConfidence below configured minimum; ExecutionQuality below excellent gate: 0.0 < 80.0; ConvexityEdge below excellent gate: 71.4 < 80.0; OpportunityConfidence below excellent gate: 35.4 < 70.0; RegimeFit below excellent gate: 60.0 < 70.0,,
2026-08-24T13:52:54.102989+05:30,2026-08-24,BAJAJFINSV,NSE,STOCK,NSE_STOCK_OPTION,PAPER_ELIGIBLE,STOCK:BAJAJFINSV,paper-strategy-8ade763620b6,opportunity-score-8ade763620b6,universe-a8e55c76a270,PAPER_OVERRIDE::FYERS_PAPER_PROXY_RESEARCH,CE,UNKNOWN,2020.0,0.0,False,,,Observation interval exceeds rolling window.,False,,,,,ATM IV unavailable.,,BAJAJFINSV,NOT_CONFIGURED,,e97256bacfa6,WARMUP_OBSERVATIONS,22,1,0,90.0,65.0,1.0,1.6,70.0,65.0,35.0,50.0,inf,3.0,20.0,GLOBAL_POLICY_FLOOR>CLASS_FLOOR>INSTRUMENT_LEARNED_FLOOR; LOWER=max; UPPER=min,CONSTRAINED_WALK_FORWARD,WARMUP_OBSERVATIONS,,0,0,,,0.0,,FYERS_PAPER_PROXY_RESEARCH,FYERS_PAPER_RESEARCH_ONLY,COST_MODEL_UNVALIDATED,False,False,DISABLED,Daily market context is disabled until operator review,MANUAL_PROXY_RESEARCH,False,True,MEASURED,FIVE_LEVEL,FYERS_MARKET_DEPTH,5,5,1800,1800,7200,9600,2026-08-24T08:22:29+00:00,IV_UNAVAILABLE,False,0,False,False,DATA_INVALID,11,DataHealth invalid; Contract invalid: Quote stale or spread hard rejected.; SideDirection hard reject: -3.2 < 65.0; PremiumElasticity hard reject: 0.30 < 1.00; Expected/Required hard reject: 1.17 < 1.60; TradeQuality below configured minimum; FinalConfidence below configured minimum; ExecutionQuality below excellent gate: 0.0 < 80.0; ConvexityEdge below excellent gate: 57.4 < 80.0; OpportunityConfidence below excellent gate: 29.4 < 70.0; RegimeFit below excellent gate: 60.0 < 70.0,,
2026-08-24T13:52:54.102989+05:30,2026-08-24,BAJAJFINSV,NSE,STOCK,NSE_STOCK_OPTION,PAPER_ELIGIBLE,STOCK:BAJAJFINSV,paper-strategy-8ade763620b6,opportunity-score-8ade763620b6,universe-a8e55c76a270,PAPER_OVERRIDE::FYERS_PAPER_PROXY_RESEARCH,PE,UNKNOWN,2020.0,3.2,False,,,Observation interval exceeds rolling window.,False,,,,,ATM IV unavailable.,,BAJAJFINSV,NOT_CONFIGURED,,e97256bacfa6,WARMUP_OBSERVATIONS,22,1,0,90.0,65.0,1.0,1.6,70.0,65.0,35.0,50.0,inf,3.0,20.0,GLOBAL_POLICY_FLOOR>CLASS_FLOOR>INSTRUMENT_LEARNED_FLOOR; LOWER=max; UPPER=min,CONSTRAINED_WALK_FORWARD,WARMUP_OBSERVATIONS,,0,0,,,0.0,,FYERS_PAPER_PROXY_RESEARCH,FYERS_PAPER_RESEARCH_ONLY,COST_MODEL_UNVALIDATED,False,False,DISABLED,Daily market context is disabled until operator review,MANUAL_PROXY_RESEARCH,False,True,MEASURED,FIVE_LEVEL,FYERS_MARKET_DEPTH,5,5,300,600,1800,2100,2026-08-24T08:22:29+00:00,IV_UNAVAILABLE,False,0,False,False,DATA_INVALID,11,DataHealth invalid; Contract invalid: Quote stale or spread hard rejected.; SideDirection hard reject: 3.2 < 65.0; PremiumElasticity hard reject: 0.70 < 1.00; Expected/Required hard reject: 1.17 < 1.60; TradeQuality below configured minimum; FinalConfidence below configured minimum; ExecutionQuality below excellent gate: 0.0 < 80.0; ConvexityEdge below excellent gate: 71.4 < 80.0; OpportunityConfidence below excellent gate: 46.8 < 70.0; RegimeFit below excellent gate: 60.0 < 70.0,,
2026-08-24T13:52:54.102989+05:30,2026-08-24,BHARTIARTL,NSE,STOCK,NSE_STOCK_OPTION,PAPER_ELIGIBLE,STOCK:BHARTIARTL,paper-strategy-8ade763620b6,opportunity-score-8ade763620b6,universe-a8e55c76a270,PAPER_OVERRIDE::FYERS_PAPER_PROXY_RESEARCH,CE,UNKNOWN,1920.0,2.9,False,,,Observation interval exceeds rolling window.,False,,,,,ATM IV unavailable.,,BHARTIARTL,NOT_CONFIGURED,,d009a6fae530,WARMUP_OBSERVATIONS,13,1,0,90.0,65.0,1.0,1.6,70.0,65.0,35.0,50.0,inf,3.0,20.0,GLOBAL_POLICY_FLOOR>CLASS_FLOOR>INSTRUMENT_LEARNED_FLOOR; LOWER=max; UPPER=min,CONSTRAINED_WALK_FORWARD,WARMUP_OBSERVATIONS,,0,0,,,0.0,,FYERS_PAPER_PROXY_RESEARCH,FYERS_PAPER_RESEARCH_ONLY,COST_MODEL_UNVALIDATED,False,False,DISABLED,Daily market context is disabled until operator review,MANUAL_PROXY_RESEARCH,False,True,MEASURED,FIVE_LEVEL,FYERS_MARKET_DEPTH,5,5,475,950,4750,3325,2026-08-24T08:22:11+00:00,IV_UNAVAILABLE,False,0,False,False,DATA_INVALID,11,DataHealth invalid; Contract invalid: Quote stale or spread hard rejected.; SideDirection hard reject: 2.9 < 65.0; PremiumElasticity hard reject: 0.70 < 1.00; Expected/Required hard reject: 1.17 < 1.60; TradeQuality below configured minimum; FinalConfidence below configured minimum; ExecutionQuality below excellent gate: 35.5 < 80.0; ConvexityEdge below excellent gate: 71.4 < 80.0; OpportunityConfidence below excellent gate: 63.9 < 70.0; RegimeFit below excellent gate: 60.0 < 70.0,,
2026-08-24T13:52:54.102989+05:30,2026-08-24,BHARTIARTL,NSE,STOCK,NSE_STOCK_OPTION,PAPER_ELIGIBLE,STOCK:BHARTIARTL,paper-strategy-8ade763620b6,opportunity-score-8ade763620b6,universe-a8e55c76a270,PAPER_OVERRIDE::FYERS_PAPER_PROXY_RESEARCH,PE,UNKNOWN,1960.0,0.0,False,,,Observation interval exceeds rolling window.,False,,,,,ATM IV unavailable.,,BHARTIARTL,NOT_CONFIGURED,,d009a6fae530,WARMUP_OBSERVATIONS,13,1,0,90.0,65.0,1.0,1.6,70.0,65.0,35.0,50.0,inf,3.0,20.0,GLOBAL_POLICY_FLOOR>CLASS_FLOOR>INSTRUMENT_LEARNED_FLOOR; LOWER=max; UPPER=min,CONSTRAINED_WALK_FORWARD,WARMUP_OBSERVATIONS,,0,0,,,0.0,,FYERS_PAPER_PROXY_RESEARCH,FYERS_PAPER_RESEARCH_ONLY,COST_MODEL_UNVALIDATED,False,False,DISABLED,Daily market context is disabled until operator review,MANUAL_PROXY_RESEARCH,False,False,LIQUIDITY_UNAVAILABLE,UNAVAILABLE,UNAVAILABLE,0,0,0,0,,,2026-08-24T13:52:39.115416+05:30,IV_UNAVAILABLE,False,0,False,False,DATA_INVALID,10,DataHealth invalid; Contract invalid: Quote stale or spread hard rejected.; SideDirection hard reject: -2.9 < 65.0; PremiumElasticity hard reject: 0.70 < 1.00; Expected/Required hard reject: 1.17 < 1.60; TradeQuality below configured minimum; ExecutionQuality below excellent gate: 59.6 < 80.0; ConvexityEdge below excellent gate: 71.4 < 80.0; OpportunityConfidence below excellent gate: 67.2 < 70.0; RegimeFit below excellent gate: 60.0 < 70.0,,
2026-08-24T13:54:09.867755+05:30,2026-08-24,HDFCLIFE,NSE,STOCK,NSE_STOCK_OPTION,PAPER_ELIGIBLE,STOCK:HDFCLIFE,paper-strategy-8ade763620b6,opportunity-score-8ade763620b6,universe-a8e55c76a270,PAPER_OVERRIDE::FYERS_PAPER_PROXY_RESEARCH,CE,UNKNOWN,545.0,0.0,False,,,Observation interval exceeds rolling window.,False,,,,,ATM IV unavailable.,,HDFCLIFE,NOT_CONFIGURED,,f8509861bdd0,WARMUP_OBSERVATIONS,11,1,0,90.0,65.0,1.0,1.6,70.0,65.0,35.0,50.0,inf,3.0,20.0,GLOBAL_POLICY_FLOOR>CLASS_FLOOR>INSTRUMENT_LEARNED_FLOOR; LOWER=max; UPPER=min,CONSTRAINED_WALK_FORWARD,WARMUP_OBSERVATIONS,,0,0,,,0.0,,FYERS_PAPER_PROXY_RESEARCH,FYERS_PAPER_RESEARCH_ONLY,COST_MODEL_UNVALIDATED,False,False,DISABLED,Daily market context is disabled until operator review,MANUAL_PROXY_RESEARCH,False,True,MEASURED,FIVE_LEVEL,FYERS_MARKET_DEPTH,5,5,1100,1100,8800,7700,2026-08-24T08:22:09+00:00,IV_UNAVAILABLE,False,0,False,False,DATA_INVALID,11,DataHealth invalid; Contract invalid: Quote stale or spread hard rejected.; SideDirection hard reject: -18.1 < 65.0; PremiumElasticity hard reject: 0.70 < 1.00; Expected/Required hard reject: 1.17 < 1.60; TradeQuality below configured minimum; FinalConfidence below configured minimum; ExecutionQuality below excellent gate: 0.0 < 80.0; ConvexityEdge below excellent gate: 71.4 < 80.0; OpportunityConfidence below excellent gate: 46.8 < 70.0; RegimeFit below excellent gate: 60.0 < 70.0,,
2026-08-24T13:54:09.867755+05:30,2026-08-24,HINDALCO,NSE,STOCK,NSE_STOCK_OPTION,PAPER_ELIGIBLE,STOCK:HINDALCO,paper-strategy-8ade763620b6,opportunity-score-8ade763620b6,universe-a8e55c76a270,PAPER_OVERRIDE::FYERS_PAPER_PROXY_RESEARCH,PE,UNKNOWN,1060.0,4.9,False,,,Observation interval exceeds rolling window.,False,,,,,ATM IV unavailable.,,HINDALCO,NOT_CONFIGURED,,0b8f346aac89,WARMUP_OBSERVATIONS,6,1,0,90.0,65.0,1.0,1.6,70.0,65.0,35.0,50.0,inf,3.0,20.0,GLOBAL_POLICY_FLOOR>CLASS_FLOOR>INSTRUMENT_LEARNED_FLOOR; LOWER=max; UPPER=min,CONSTRAINED_WALK_FORWARD,WARMUP_OBSERVATIONS,,0,0,,,0.0,,FYERS_PAPER_PROXY_RESEARCH,FYERS_PAPER_RESEARCH_ONLY,COST_MODEL_UNVALIDATED,False,False,DISABLED,Daily market context is disabled until operator review,MANUAL_PROXY_RESEARCH,False,True,MEASURED,FIVE_LEVEL,FYERS_MARKET_DEPTH,5,5,700,700,4900,4200,2026-08-24T08:22:59+00:00,IV_UNAVAILABLE,False,0,False,False,DATA_INVALID,11,DataHealth invalid; Contract invalid: Quote stale or spread hard rejected.; SideDirection hard reject: 4.9 < 65.0; PremiumElasticity hard reject: 0.50 < 1.00; Expected/Required hard reject: 1.17 < 1.60; TradeQuality below configured minimum; FinalConfidence below configured minimum; ExecutionQuality below excellent gate: 8.0 < 80.0; ConvexityEdge below excellent gate: 71.4 < 80.0; OpportunityConfidence below excellent gate: 55.0 < 70.0; RegimeFit below excellent gate: 60.0 < 70.0,,
2026-08-24T13:54:09.867755+05:30,2026-08-24,HINDALCO,NSE,STOCK,NSE_STOCK_OPTION,PAPER_ELIGIBLE,STOCK:HINDALCO,paper-strategy-8ade763620b6,opportunity-score-8ade763620b6,universe-a8e55c76a270,PAPER_OVERRIDE::FYERS_PAPER_PROXY_RESEARCH,CE,UNKNOWN,1040.0,0.0,False,,,Observation interval exceeds rolling window.,False,,,,,ATM IV unavailable.,,HINDALCO,NOT_CONFIGURED,,0b8f346aac89,WARMUP_OBSERVATIONS,6,1,0,90.0,65.0,1.0,1.6,70.0,65.0,35.0,50.0,inf,3.0,20.0,GLOBAL_POLICY_FLOOR>CLASS_FLOOR>INSTRUMENT_LEARNED_FLOOR; LOWER=max; UPPER=min,CONSTRAINED_WALK_FORWARD,WARMUP_OBSERVATIONS,,0,0,,,0.0,,FYERS_PAPER_PROXY_RESEARCH,FYERS_PAPER_RESEARCH_ONLY,COST_MODEL_UNVALIDATED,False,False,DISABLED,Daily market context is disabled until operator review,MANUAL_PROXY_RESEARCH,False,True,MEASURED,FIVE_LEVEL,FYERS_MARKET_DEPTH,5,5,700,1400,5600,9100,2026-08-24T08:23:37+00:00,IV_UNAVAILABLE,False,0,False,False,DATA_INVALID,11,DataHealth invalid; Contract invalid: Quote stale or spread hard rejected.; SideDirection hard reject: -4.9 < 65.0; PremiumElasticity hard reject: 0.70 < 1.00; Expected/Required hard reject: 1.17 < 1.60; TradeQuality below configured minimum; FinalConfidence below configured minimum; ExecutionQuality below excellent gate: 14.7 < 80.0; ConvexityEdge below excellent gate: 71.4 < 80.0; OpportunityConfidence below excellent gate: 54.8 < 70.0; RegimeFit below excellent gate: 60.0 < 70.0,,
2026-08-24T13:54:09.867755+05:30,2026-08-24,HINDALCO,NSE,STOCK,NSE_STOCK_OPTION,PAPER_ELIGIBLE,STOCK:HINDALCO,paper-strategy-8ade763620b6,opportunity-score-8ade763620b6,universe-a8e55c76a270,PAPER_OVERRIDE::FYERS_PAPER_PROXY_RESEARCH,PE,UNKNOWN,1080.0,4.9,False,,,Observation interval exceeds rolling window.,False,,,,,ATM IV unavailable.,,HINDALCO,NOT_CONFIGURED,,0b8f346aac89,WARMUP_OBSERVATIONS,6,1,0,90.0,65.0,1.0,1.6,70.0,65.0,35.0,50.0,inf,3.0,20.0,GLOBAL_POLICY_FLOOR>CLASS_FLOOR>INSTRUMENT_LEARNED_FLOOR; LOWER=max; UPPER=min,CONSTRAINED_WALK_FORWARD,WARMUP_OBSERVATIONS,,0,0,,,0.0,,FYERS_PAPER_PROXY_RESEARCH,FYERS_PAPER_RESEARCH_ONLY,COST_MODEL_UNVALIDATED,False,False,DISABLED,Daily market context is disabled until operator review,MANUAL_PROXY_RESEARCH,False,True,MEASURED,FIVE_LEVEL,FYERS_MARKET_DEPTH,5,5,700,1400,4900,4200,2026-08-24T08:22:13+00:00,IV_UNAVAILABLE,False,0,False,False,DATA_INVALID,10,DataHealth invalid; Contract invalid: Quote stale or spread hard rejected.; SideDirection hard reject: 4.9 < 65.0; PremiumElasticity hard reject: 0.70 < 1.00; Expected/Required hard reject: 1.17 < 1.60; TradeQuality below configured minimum; ExecutionQuality below excellent gate: 73.5 < 80.0; ConvexityEdge below excellent gate: 71.4 < 80.0; OpportunityConfidence below excellent gate: 67.3 < 70.0; RegimeFit below excellent gate: 60.0 < 70.0,,
2026-08-24T13:54:09.867755+05:30,2026-08-24,HINDUNILVR,NSE,STOCK,NSE_STOCK_OPTION,PAPER_ELIGIBLE,STOCK:HINDUNILVR,paper-strategy-8ade763620b6,opportunity-score-8ade763620b6,universe-a8e55c76a270,PAPER_OVERRIDE::FYERS_PAPER_PROXY_RESEARCH,PE,UNKNOWN,2020.0,2.0,False,,,Observation interval exceeds rolling window.,False,,,,,ATM IV unavailable.,,HINDUNILVR,NOT_CONFIGURED,,7c6072ee0b40,WARMUP_OBSERVATIONS,7,1,0,90.0,65.0,1.0,1.6,70.0,65.0,35.0,50.0,inf,3.0,20.0,GLOBAL_POLICY_FLOOR>CLASS_FLOOR>INSTRUMENT_LEARNED_FLOOR; LOWER=max; UPPER=min,CONSTRAINED_WALK_FORWARD,WARMUP_OBSERVATIONS,,0,0,,,0.0,,FYERS_PAPER_PROXY_RESEARCH,FYERS_PAPER_RESEARCH_ONLY,COST_MODEL_UNVALIDATED,False,False,DISABLED,Daily market context is disabled until operator review,MANUAL_PROXY_RESEARCH,False,True,MEASURED,FIVE_LEVEL,FYERS_MARKET_DEPTH,5,5,300,300,2100,1500,2026-08-24T08:23:01+00:00,IV_UNAVAILABLE,False,0,False,False,DATA_INVALID,11,DataHealth invalid; Contract invalid: Quote stale or spread hard rejected.; SideDirection hard reject: 2.0 < 65.0; PremiumElasticity hard reject: 0.50 < 1.00; Expected/Required hard reject: 1.17 < 1.60; TradeQuality below configured minimum; FinalConfidence below configured minimum; ExecutionQuality below excellent gate: 0.0 < 80.0; ConvexityEdge below excellent gate: 71.4 < 80.0; OpportunityConfidence below excellent gate: 43.5 < 70.0; RegimeFit below excellent gate: 60.0 < 70.0,,
2026-08-24T13:54:09.867755+05:30,2026-08-24,HINDUNILVR,NSE,STOCK,NSE_STOCK_OPTION,PAPER_ELIGIBLE,STOCK:HINDUNILVR,paper-strategy-8ade763620b6,opportunity-score-8ade763620b6,universe-a8e55c76a270,PAPER_OVERRIDE::FYERS_PAPER_PROXY_RESEARCH,CE,UNKNOWN,2000.0,0.0,False,,,Observation interval exceeds rolling window.,False,,,,,ATM IV unavailable.,,HINDUNILVR,NOT_CONFIGURED,,7c6072ee0b40,WARMUP_OBSERVATIONS,7,1,0,90.0,65.0,1.0,1.6,70.0,65.0,35.0,50.0,inf,3.0,20.0,GLOBAL_POLICY_FLOOR>CLASS_FLOOR>INSTRUMENT_LEARNED_FLOOR; LOWER=max; UPPER=min,CONSTRAINED_WALK_FORWARD,WARMUP_OBSERVATIONS,,0,0,,,0.0,,FYERS_PAPER_PROXY_RESEARCH,FYERS_PAPER_RESEARCH_ONLY,COST_MODEL_UNVALIDATED,False,False,DISABLED,Daily market context is disabled until operator review,MANUAL_PROXY_RESEARCH,False,True,MEASURED,FIVE_LEVEL,FYERS_MARKET_DEPTH,5,5,600,600,2700,2100,2026-08-24T08:23:17+00:00,IV_UNAVAILABLE,False,0,False,False,DATA_INVALID,11,DataHealth invalid; Contract invalid: Quote stale or spread hard rejected.; SideDirection hard reject: -2.0 < 65.0; PremiumElasticity hard reject: 0.70 < 1.00; Expected/Required hard reject: 1.17 < 1.60; TradeQuality below configured minimum; FinalConfidence below configured minimum; ExecutionQuality below excellent gate: 6.8 < 80.0; ConvexityEdge below excellent gate: 71.4 < 80.0; OpportunityConfidence below excellent gate: 51.2 < 70.0; RegimeFit below excellent gate: 60.0 < 70.0,,
2026-08-24T13:54:09.867755+05:30,2026-08-24,HINDUNILVR,NSE,STOCK,NSE_STOCK_OPTION,PAPER_ELIGIBLE,STOCK:HINDUNILVR,paper-strategy-8ade763620b6,opportunity-score-8ade763620b6,universe-a8e55c76a270,PAPER_OVERRIDE::FYERS_PAPER_PROXY_RESEARCH,PE,UNKNOWN,2040.0,2.0,False,,,Observation interval exceeds rolling window.,False,,,,,ATM IV unavailable.,,HINDUNILVR,NOT_CONFIGURED,,7c6072ee0b40,WARMUP_OBSERVATIONS,7,1,0,90.0,65.0,1.0,1.6,70.0,65.0,35.0,50.0,inf,3.0,20.0,GLOBAL_POLICY_FLOOR>CLASS_FLOOR>INSTRUMENT_LEARNED_FLOOR; LOWER=max; UPPER=min,CONSTRAINED_WALK_FORWARD,WARMUP_OBSERVATIONS,,0,0,,,0.0,,FYERS_PAPER_PROXY_RESEARCH,FYERS_PAPER_RESEARCH_ONLY,COST_MODEL_UNVALIDATED,False,False,DISABLED,Daily market context is disabled until operator review,MANUAL_PROXY_RESEARCH,False,True,MEASURED,FIVE_LEVEL,FYERS_MARKET_DEPTH,5,5,600,300,1800,1500,2026-08-24T08:23:04+00:00,IV_UNAVAILABLE,False,0,False,False,DATA_INVALID,11,DataHealth invalid; Contract invalid: Quote stale or spread hard rejected.; SideDirection hard reject: 2.0 < 65.0; PremiumElasticity hard reject: 0.70 < 1.00; Expected/Required hard reject: 1.17 < 1.60; TradeQuality below configured minimum; FinalConfidence below configured minimum; ExecutionQuality below excellent gate: 61.4 < 80.0; ConvexityEdge below excellent gate: 71.4 < 80.0; OpportunityConfidence below excellent gate: 62.0 < 70.0; RegimeFit below excellent gate: 60.0 < 70.0,,
2026-08-24T13:54:09.867755+05:30,2026-08-24,ICICIBANK,NSE,STOCK,NSE_STOCK_OPTION,PAPER_ELIGIBLE,STOCK:ICICIBANK,paper-strategy-8ade763620b6,opportunity-score-8ade763620b6,universe-a8e55c76a270,PAPER_OVERRIDE::FYERS_PAPER_PROXY_RESEARCH,CE,UNKNOWN,1400.0,0.0,False,,,Observation interval exceeds rolling window.,False,,,,,ATM IV unavailable.,,ICICIBANK,NOT_CONFIGURED,,98852c68600e,WARMUP_OBSERVATIONS,0,0,0,90.0,65.0,1.0,1.6,70.0,65.0,35.0,50.0,inf,3.0,20.0,GLOBAL_POLICY_FLOOR>CLASS_FLOOR>INSTRUMENT_LEARNED_FLOOR; LOWER=max; UPPER=min,CONSTRAINED_WALK_FORWARD,WARMUP_OBSERVATIONS,,0,0,,,0.0,,FYERS_PAPER_PROXY_RESEARCH,FYERS_PAPER_RESEARCH_ONLY,COST_MODEL_UNVALIDATED,False,False,DISABLED,Daily market context is disabled until operator review,MANUAL_PROXY_RESEARCH,False,True,MEASURED,FIVE_LEVEL,FYERS_MARKET_DEPTH,5,5,1400,1400,4900,6300,2026-08-24T08:23:09+00:00,IV_UNAVAILABLE,False,0,False,False,DATA_INVALID,11,DataHealth invalid; Contract invalid: Quote stale or spread hard rejected.; SideDirection hard reject: 0.0 < 65.0; PremiumElasticity hard reject: 0.70 < 1.00; Expected/Required hard reject: 1.17 < 1.60; TradeQuality below configured minimum; FinalConfidence below configured minimum; ExecutionQuality below excellent gate: 60.1 < 80.0; ConvexityEdge below excellent gate: 71.4 < 80.0; OpportunityConfidence below excellent gate: 57.8 < 70.0; RegimeFit below excellent gate: 60.0 < 70.0,,
2026-08-24T13:57:00.393306+05:30,2026-08-24,NIFTY,NSE,INDEX,NSE_INDEX,PAPER_ELIGIBLE,INDEX:BROAD_EQUITY,paper-strategy-8ade763620b6,opportunity-score-8ade763620b6,universe-a8e55c76a270,PAPER_OVERRIDE::FYERS_PAPER_PROXY_RESEARCH,CE,UNKNOWN,24100.0,0.0,False,,,Underlying move below identification minimum.,False,,,,,ATM IV unavailable.,-14.6667,nifty_leadership_proxy,VALID,12.4488,00929e22c867,WARMUP_OBSERVATIONS,24,1,0,80.0,65.0,1.0,1.6,70.0,65.0,35.0,50.0,inf,2.0,10.0,GLOBAL_POLICY_FLOOR>CLASS_FLOOR>INSTRUMENT_LEARNED_FLOOR; LOWER=max; UPPER=min,CONSTRAINED_WALK_FORWARD,WARMUP_OBSERVATIONS,,0,0,,,0.0,,FYERS_PAPER_PROXY_RESEARCH,FYERS_PAPER_RESEARCH_ONLY,COST_MODEL_UNVALIDATED,False,False,DISABLED,Daily market context is disabled until operator review,MANUAL_PROXY_RESEARCH,False,True,MEASURED,FIVE_LEVEL,FYERS_MARKET_DEPTH,5,5,2600,3510,6760,12805,2026-08-24T08:26:34+00:00,IV_UNAVAILABLE,False,0,False,False,DATA_INVALID,7,DataHealth invalid; Contract invalid: Quote stale or spread hard rejected.; SideDirection hard reject: -2.2 < 65.0; PremiumElasticity hard reject: 0.70 < 1.00; Expected/Required hard reject: 1.33 < 1.60; TradeQuality below configured minimum; ConvexityEdge below excellent gate: 71.4 < 80.0,,
2026-08-24T13:57:00.393306+05:30,2026-08-24,BANKNIFTY,NSE,INDEX,NSE_INDEX,PAPER_ELIGIBLE,INDEX:BANKING,paper-strategy-8ade763620b6,opportunity-score-8ade763620b6,universe-a8e55c76a270,PAPER_OVERRIDE::FYERS_PAPER_PROXY_RESEARCH,CE,UNKNOWN,57300.0,0.0,False,,,Underlying move below identification minimum.,False,,,,,ATM IV unavailable.,-14.4160,banknifty_fast_wbci,VALID,12.1839,2e840ccd58d1,WARMUP_OBSERVATIONS,255,1,0,80.0,65.0,1.0,1.6,70.0,65.0,35.0,50.0,inf,2.0,10.0,GLOBAL_POLICY_FLOOR>CLASS_FLOOR>INSTRUMENT_LEARNED_FLOOR; LOWER=max; UPPER=min,CONSTRAINED_WALK_FORWARD,WARMUP_OBSERVATIONS,,0,0,,,0.0,,FYERS_PAPER_PROXY_RESEARCH,FYERS_PAPER_RESEARCH_ONLY,COST_MODEL_UNVALIDATED,False,False,DISABLED,Daily market context is disabled until operator review,MANUAL_PROXY_RESEARCH,False,True,MEASURED,FIVE_LEVEL,FYERS_MARKET_DEPTH,5,5,60,30,930,420,2026-08-24T08:26:36+00:00,IV_UNAVAILABLE,False,0,False,False,DATA_INVALID,7,DataHealth invalid; Contract invalid: Quote stale or spread hard rejected.; SideDirection hard reject: -2.2 < 65.0; PremiumElasticity hard reject: 0.50 < 1.00; Expected/Required hard reject: 1.42 < 1.60; TradeQuality below configured minimum; ConvexityEdge below excellent gate: 71.4 < 80.0,,
2026-08-24T13:57:00.393306+05:30,2026-08-24,BANKNIFTY,NSE,INDEX,NSE_INDEX,PAPER_ELIGIBLE,INDEX:BANKING,paper-strategy-8ade763620b6,opportunity-score-8ade763620b6,universe-a8e55c76a270,PAPER_OVERRIDE::FYERS_PAPER_PROXY_RESEARCH,PE,UNKNOWN,57300.0,2.2,False,,,Underlying move below identification minimum.,False,,,,,ATM IV unavailable.,-14.4160,banknifty_fast_wbci,VALID,12.1839,2e840ccd58d1,WARMUP_OBSERVATIONS,255,1,0,80.0,65.0,1.0,1.6,70.0,65.0,35.0,50.0,inf,2.0,10.0,GLOBAL_POLICY_FLOOR>CLASS_FLOOR>INSTRUMENT_LEARNED_FLOOR; LOWER=max; UPPER=min,CONSTRAINED_WALK_FORWARD,WARMUP_OBSERVATIONS,,0,0,,,0.0,,FYERS_PAPER_PROXY_RESEARCH,FYERS_PAPER_RESEARCH_ONLY,COST_MODEL_UNVALIDATED,False,False,DISABLED,Daily market context is disabled until operator review,MANUAL_PROXY_RESEARCH,False,True,MEASURED,FIVE_LEVEL,FYERS_MARKET_DEPTH,5,5,30,30,390,960,2026-08-24T08:26:36+00:00,IV_UNAVAILABLE,False,0,False,False,DATA_INVALID,7,DataHealth invalid; Contract invalid: Quote stale or spread hard rejected.; SideDirection hard reject: 2.2 < 65.0; PremiumElasticity hard reject: 0.50 < 1.00; Expected/Required hard reject: 1.42 < 1.60; TradeQuality below configured minimum; ConvexityEdge below excellent gate: 71.4 < 80.0,,
2026-08-24T13:57:00.393306+05:30,2026-08-24,BANKNIFTY,NSE,INDEX,NSE_INDEX,PAPER_ELIGIBLE,INDEX:BANKING,paper-strategy-8ade763620b6,opportunity-score-8ade763620b6,universe-a8e55c76a270,PAPER_OVERRIDE::FYERS_PAPER_PROXY_RESEARCH,CE,UNKNOWN,57200.0,0.0,False,,,Underlying move below identification minimum.,False,,,,,ATM IV unavailable.,-14.4160,banknifty_fast_wbci,VALID,12.1839,2e840ccd58d1,WARMUP_OBSERVATIONS,255,1,0,80.0,65.0,1.0,1.6,70.0,65.0,35.0,50.0,inf,2.0,10.0,GLOBAL_POLICY_FLOOR>CLASS_FLOOR>INSTRUMENT_LEARNED_FLOOR; LOWER=max; UPPER=min,CONSTRAINED_WALK_FORWARD,WARMUP_OBSERVATIONS,,0,0,,,0.0,,FYERS_PAPER_PROXY_RESEARCH,FYERS_PAPER_RESEARCH_ONLY,COST_MODEL_UNVALIDATED,False,False,DISABLED,Daily market context is disabled until operator review,MANUAL_PROXY_RESEARCH,False,True,MEASURED,FIVE_LEVEL,FYERS_MARKET_DEPTH,5,5,300,90,510,480,2026-08-24T08:26:36+00:00,IV_UNAVAILABLE,False,0,False,False,DATA_INVALID,7,DataHealth invalid; Contract invalid: Quote stale or spread hard rejected.; SideDirection hard reject: -2.2 < 65.0; PremiumElasticity hard reject: 0.70 < 1.00; Expected/Required hard reject: 1.42 < 1.60; TradeQuality below configured minimum; ConvexityEdge below excellent gate: 71.4 < 80.0,,
2026-08-24T13:57:00.393306+05:30,2026-08-24,BANKNIFTY,NSE,INDEX,NSE_INDEX,PAPER_ELIGIBLE,INDEX:BANKING,paper-strategy-8ade763620b6,opportunity-score-8ade763620b6,universe-a8e55c76a270,PAPER_OVERRIDE::FYERS_PAPER_PROXY_RESEARCH,PE,UNKNOWN,57200.0,2.2,False,,,Underlying move below identification minimum.,False,,,,,ATM IV unavailable.,-14.4160,banknifty_fast_wbci,VALID,12.1839,2e840ccd58d1,WARMUP_OBSERVATIONS,255,1,0,80.0,65.0,1.0,1.6,70.0,65.0,35.0,50.0,inf,2.0,10.0,GLOBAL_POLICY_FLOOR>CLASS_FLOOR>INSTRUMENT_LEARNED_FLOOR; LOWER=max; UPPER=min,CONSTRAINED_WALK_FORWARD,WARMUP_OBSERVATIONS,,0,0,,,0.0,,FYERS_PAPER_PROXY_RESEARCH,FYERS_PAPER_RESEARCH_ONLY,COST_MODEL_UNVALIDATED,False,False,DISABLED,Daily market context is disabled until operator review,MANUAL_PROXY_RESEARCH,False,True,MEASURED,FIVE_LEVEL,FYERS_MARKET_DEPTH,5,5,90,90,1230,960,2026-08-24T08:26:36+00:00,IV_UNAVAILABLE,False,0,False,False,DATA_INVALID,7,DataHealth invalid; Contract invalid: Quote stale or spread hard rejected.; SideDirection hard reject: 2.2 < 65.0; PremiumElasticity hard reject: 0.30 < 1.00; Expected/Required hard reject: 1.42 < 1.60; TradeQuality below configured minimum; ConvexityEdge below excellent gate: 57.4 < 80.0,,
2026-08-24T13:57:00.393306+05:30,2026-08-24,BANKNIFTY,NSE,INDEX,NSE_INDEX,PAPER_ELIGIBLE,INDEX:BANKING,paper-strategy-8ade763620b6,opportunity-score-8ade763620b6,universe-a8e55c76a270,PAPER_OVERRIDE::FYERS_PAPER_PROXY_RESEARCH,PE,UNKNOWN,57400.0,2.2,False,,,Underlying move below identification minimum.,False,,,,,ATM IV unavailable.,-14.4160,banknifty_fast_wbci,VALID,12.1839,2e840ccd58d1,WARMUP_OBSERVATIONS,255,1,0,80.0,65.0,1.0,1.6,70.0,65.0,35.0,50.0,inf,2.0,10.0,GLOBAL_POLICY_FLOOR>CLASS_FLOOR>INSTRUMENT_LEARNED_FLOOR; LOWER=max; UPPER=min,CONSTRAINED_WALK_FORWARD,WARMUP_OBSERVATIONS,,0,0,,,0.0,,FYERS_PAPER_PROXY_RESEARCH,FYERS_PAPER_RESEARCH_ONLY,COST_MODEL_UNVALIDATED,False,False,DISABLED,Daily market context is disabled until operator review,MANUAL_PROXY_RESEARCH,False,True,MEASURED,FIVE_LEVEL,FYERS_MARKET_DEPTH,5,5,90,120,750,630,2026-08-24T08:26:36+00:00,IV_UNAVAILABLE,False,0,False,False,DATA_INVALID,7,DataHealth invalid; Contract invalid: Quote stale or spread hard rejected.; SideDirection hard reject: 2.2 < 65.0; PremiumElasticity hard reject: 0.70 < 1.00; Expected/Required hard reject: 1.42 < 1.60; TradeQuality below configured minimum; ConvexityEdge below excellent gate: 71.4 < 80.0,,
2026-08-24T13:57:00.393306+05:30,2026-08-24,MIDCPNIFTY,NSE,INDEX,NSE_INDEX,PAPER_ELIGIBLE,INDEX:MIDCAP,paper-strategy-8ade763620b6,opportunity-score-8ade763620b6,universe-a8e55c76a270,PAPER_OVERRIDE::FYERS_PAPER_PROXY_RESEARCH,CE,UNKNOWN,14850.0,0.0,False,,,Underlying move below identification minimum.,False,,,,,ATM IV unavailable.,4.1569,midcap_direction_proxy,PARTIAL_MIDCAP,6.0667,712afad509f5,WARMUP_OBSERVATIONS,129,1,0,80.0,65.0,1.0,1.6,70.0,65.0,35.0,50.0,inf,2.0,10.0,GLOBAL_POLICY_FLOOR>CLASS_FLOOR>INSTRUMENT_LEARNED_FLOOR; LOWER=max; UPPER=min,CONSTRAINED_WALK_FORWARD,WARMUP_OBSERVATIONS,,0,0,,,0.0,,FYERS_PAPER_PROXY_RESEARCH,FYERS_PAPER_RESEARCH_ONLY,COST_MODEL_UNVALIDATED,False,False,DISABLED,Daily market context is disabled until operator review,MANUAL_PROXY_RESEARCH,False,True,MEASURED,FIVE_LEVEL,FYERS_MARKET_DEPTH,5,5,120,2160,1800,3480,2026-08-24T08:26:38+00:00,IV_UNAVAILABLE,False,0,False,False,DATA_INVALID,7,DataHealth invalid; Contract invalid: Quote stale or spread hard rejected.; SideDirection hard reject: -1.9 < 65.0; PremiumElasticity hard reject: 0.70 < 1.00; Expected/Required hard reject: 1.08 < 1.60; TradeQuality below configured minimum; ConvexityEdge below excellent gate: 70.4 < 80.0,,
2026-08-24T13:57:00.393306+05:30,2026-08-24,MAXHEALTH,NSE,STOCK,NSE_STOCK_OPTION,PAPER_ELIGIBLE,STOCK:MAXHEALTH,paper-strategy-8ade763620b6,opportunity-score-8ade763620b6,universe-a8e55c76a270,PAPER_OVERRIDE::FYERS_PAPER_PROXY_RESEARCH,CE,UNKNOWN,990.0,0.0,False,,,Non-positive observation interval.,False,,,,,ATM IV unavailable.,,MAXHEALTH,NOT_CONFIGURED,,23bd34c2aeb5,WARMUP_OBSERVATIONS,13,1,0,90.0,65.0,1.0,1.6,70.0,65.0,35.0,50.0,inf,3.0,20.0,GLOBAL_POLICY_FLOOR>CLASS_FLOOR>INSTRUMENT_LEARNED_FLOOR; LOWER=max; UPPER=min,CONSTRAINED_WALK_FORWARD,WARMUP_OBSERVATIONS,,0,0,,,0.0,,FYERS_PAPER_PROXY_RESEARCH,FYERS_PAPER_RESEARCH_ONLY,COST_MODEL_UNVALIDATED,False,False,DISABLED,Daily market context is disabled until operator review,MANUAL_PROXY_RESEARCH,False,True,MEASURED,FIVE_LEVEL,FYERS_MARKET_DEPTH,5,5,1050,1575,8925,9975,2026-08-24T08:14:20+00:00,IV_UNAVAILABLE,False,0,False,False,DATA_INVALID,11,DataHealth invalid; Contract invalid: Quote stale or spread hard rejected.; SideDirection hard reject: 0.0 < 65.0; PremiumElasticity hard reject: 0.50 < 1.00; Expected/Required hard reject: 1.17 < 1.60; TradeQuality below configured minimum; FinalConfidence below configured minimum; ExecutionQuality below excellent gate: 0.0 < 80.0; ConvexityEdge below excellent gate: 71.4 < 80.0; OpportunityConfidence below excellent gate: 25.5 < 70.0; RegimeFit below excellent gate: 60.0 < 70.0,,
2026-08-24T13:57:00.393306+05:30,2026-08-24,MAXHEALTH,NSE,STOCK,NSE_STOCK_OPTION,PAPER_ELIGIBLE,STOCK:MAXHEALTH,paper-strategy-8ade763620b6,opportunity-score-8ade763620b6,universe-a8e55c76a270,PAPER_OVERRIDE::FYERS_PAPER_PROXY_RESEARCH,PE,UNKNOWN,990.0,0.0,False,,,Observation interval exceeds rolling window.,False,,,,,ATM IV unavailable.,,MAXHEALTH,NOT_CONFIGURED,,23bd34c2aeb5,WARMUP_OBSERVATIONS,13,1,0,90.0,65.0,1.0,1.6,70.0,65.0,35.0,50.0,inf,3.0,20.0,GLOBAL_POLICY_FLOOR>CLASS_FLOOR>INSTRUMENT_LEARNED_FLOOR; LOWER=max; UPPER=min,CONSTRAINED_WALK_FORWARD,WARMUP_OBSERVATIONS,,0,0,,,0.0,,FYERS_PAPER_PROXY_RESEARCH,FYERS_PAPER_RESEARCH_ONLY,COST_MODEL_UNVALIDATED,False,False,DISABLED,Daily market context is disabled until operator review,MANUAL_PROXY_RESEARCH,False,True,MEASURED,FIVE_LEVEL,FYERS_MARKET_DEPTH,5,5,525,525,8400,9975,2026-08-24T08:20:30+00:00,IV_UNAVAILABLE,False,0,False,False,DATA_INVALID,11,DataHealth invalid; Contract invalid: Quote stale or spread hard rejected.; SideDirection hard reject: -0.0 < 65.0; PremiumElasticity hard reject: 0.50 < 1.00; Expected/Required hard reject: 1.17 < 1.60; TradeQuality below configured minimum; FinalConfidence below configured minimum; ExecutionQuality below excellent gate: 0.0 < 80.0; ConvexityEdge below excellent gate: 71.4 < 80.0; OpportunityConfidence below excellent gate: 25.5 < 70.0; RegimeFit below excellent gate: 60.0 < 70.0,,
2026-08-24T13:57:00.393306+05:30,2026-08-24,MAXHEALTH,NSE,STOCK,NSE_STOCK_OPTION,PAPER_ELIGIBLE,STOCK:MAXHEALTH,paper-strategy-8ade763620b6,opportunity-score-8ade763620b6,universe-a8e55c76a270,PAPER_OVERRIDE::FYERS_PAPER_PROXY_RESEARCH,CE,UNKNOWN,980.0,0.0,False,,,Underlying move below identification minimum.,False,,,,,ATM IV unavailable.,,MAXHEALTH,NOT_CONFIGURED,,23bd34c2aeb5,WARMUP_OBSERVATIONS,13,1,0,90.0,65.0,1.0,1.6,70.0,65.0,35.0,50.0,inf,3.0,20.0,GLOBAL_POLICY_FLOOR>CLASS_FLOOR>INSTRUMENT_LEARNED_FLOOR; LOWER=max; UPPER=min,CONSTRAINED_WALK_FORWARD,WARMUP_OBSERVATIONS,,0,0,,,0.0,,FYERS_PAPER_PROXY_RESEARCH,FYERS_PAPER_RESEARCH_ONLY,COST_MODEL_UNVALIDATED,False,False,DISABLED,Daily market context is disabled until operator review,MANUAL_PROXY_RESEARCH,False,True,MEASURED,FIVE_LEVEL,FYERS_MARKET_DEPTH,5,5,525,525,4200,4200,2026-08-24T08:18:56+00:00,IV_UNAVAILABLE,False,0,False,False,DATA_INVALID,11,DataHealth invalid; Contract invalid: Quote stale or spread hard rejected.; SideDirection hard reject: 0.0 < 65.0; PremiumElasticity hard reject: 0.70 < 1.00; Expected/Required hard reject: 1.17 < 1.60; TradeQuality below configured minimum; FinalConfidence below configured minimum; ExecutionQuality below excellent gate: 0.0 < 80.0; ConvexityEdge below excellent gate: 71.4 < 80.0; OpportunityConfidence below excellent gate: 35.4 < 70.0; RegimeFit below excellent gate: 60.0 < 70.0,,
2026-08-24T13:57:00.393306+05:30,2026-08-24,MAXHEALTH,NSE,STOCK,NSE_STOCK_OPTION,PAPER_ELIGIBLE,STOCK:MAXHEALTH,paper-strategy-8ade763620b6,opportunity-score-8ade763620b6,universe-a8e55c76a270,PAPER_OVERRIDE::FYERS_PAPER_PROXY_RESEARCH,PE,UNKNOWN,1000.0,0.0,False,,,Non-positive observation interval.,False,,,,,ATM IV unavailable.,,MAXHEALTH,NOT_CONFIGURED,,23bd34c2aeb5,WARMUP_OBSERVATIONS,13,1,0,90.0,65.0,1.0,1.6,70.0,65.0,35.0,50.0,inf,3.0,20.0,GLOBAL_POLICY_FLOOR>CLASS_FLOOR>INSTRUMENT_LEARNED_FLOOR; LOWER=max; UPPER=min,CONSTRAINED_WALK_FORWARD,WARMUP_OBSERVATIONS,,0,0,,,0.0,,FYERS_PAPER_PROXY_RESEARCH,FYERS_PAPER_RESEARCH_ONLY,COST_MODEL_UNVALIDATED,False,False,DISABLED,Daily market context is disabled until operator review,MANUAL_PROXY_RESEARCH,False,True,MEASURED,FIVE_LEVEL,FYERS_MARKET_DEPTH,5,5,1050,525,4725,5250,2026-08-24T08:15:07+00:00,IV_UNAVAILABLE,False,0,False,False,DATA_INVALID,11,DataHealth invalid; Contract invalid: Quote stale or spread hard rejected.; SideDirection hard reject: -0.0 < 65.0; PremiumElasticity hard reject: 0.70 < 1.00; Expected/Required hard reject: 1.17 < 1.60; TradeQuality below configured minimum; FinalConfidence below configured minimum; ExecutionQuality below excellent gate: 0.0 < 80.0; ConvexityEdge below excellent gate: 71.4 < 80.0; OpportunityConfidence below excellent gate: 25.5 < 70.0; RegimeFit below excellent gate: 60.0 < 70.0,,
2026-08-24T13:57:00.393306+05:30,2026-08-24,NESTLEIND,NSE,STOCK,NSE_STOCK_OPTION,PAPER_ELIGIBLE,STOCK:NESTLEIND,paper-strategy-8ade763620b6,opportunity-score-8ade763620b6,universe-a8e55c76a270,PAPER_OVERRIDE::FYERS_PAPER_PROXY_RESEARCH,PE,UNKNOWN,1460.0,1.1,False,,,Observation interval exceeds rolling window.,False,,,,,ATM IV unavailable.,,NESTLEIND,NOT_CONFIGURED,,d4955abe6c09,WARMUP_OBSERVATIONS,15,1,0,90.0,65.0,1.0,1.6,70.0,65.0,35.0,50.0,inf,3.0,20.0,GLOBAL_POLICY_FLOOR>CLASS_FLOOR>INSTRUMENT_LEARNED_FLOOR; LOWER=max; UPPER=min,CONSTRAINED_WALK_FORWARD,WARMUP_OBSERVATIONS,,0,0,,,0.0,,FYERS_PAPER_PROXY_RESEARCH,FYERS_PAPER_RESEARCH_ONLY,COST_MODEL_UNVALIDATED,False,False,DISABLED,Daily market context is disabled until operator review,MANUAL_PROXY_RESEARCH,False,True,MEASURED,FIVE_LEVEL,FYERS_MARKET_DEPTH,5,5,1000,500,5000,3000,2026-08-24T08:25:26+00:00,IV_UNAVAILABLE,False,0,False,False,DATA_INVALID,11,DataHealth invalid; Contract invalid: Quote stale or spread hard rejected.; SideDirection hard reject: 1.1 < 65.0; PremiumElasticity hard reject: 0.50 < 1.00; Expected/Required hard reject: 1.17 < 1.60; TradeQuality below configured minimum; FinalConfidence below configured minimum; ExecutionQuality below excellent gate: 0.0 < 80.0; ConvexityEdge below excellent gate: 71.4 < 80.0; OpportunityConfidence below excellent gate: 28.6 < 70.0; RegimeFit below excellent gate: 60.0 < 70.0,,
2026-08-24T13:57:00.393306+05:30,2026-08-24,NESTLEIND,NSE,STOCK,NSE_STOCK_OPTION,PAPER_ELIGIBLE,STOCK:NESTLEIND,paper-strategy-8ade763620b6,opportunity-score-8ade763620b6,universe-a8e55c76a270,PAPER_OVERRIDE::FYERS_PAPER_PROXY_RESEARCH,CE,UNKNOWN,1450.0,0.0,False,,,Observation interval exceeds rolling window.,False,,,,,ATM IV unavailable.,,NESTLEIND,NOT_CONFIGURED,,d4955abe6c09,WARMUP_OBSERVATIONS,15,1,0,90.0,65.0,1.0,1.6,70.0,65.0,35.0,50.0,inf,3.0,20.0,GLOBAL_POLICY_FLOOR>CLASS_FLOOR>INSTRUMENT_LEARNED_FLOOR; LOWER=max; UPPER=min,CONSTRAINED_WALK_FORWARD,WARMUP_OBSERVATIONS,,0,0,,,0.0,,FYERS_PAPER_PROXY_RESEARCH,FYERS_PAPER_RESEARCH_ONLY,COST_MODEL_UNVALIDATED,False,False,DISABLED,Daily market context is disabled until operator review,MANUAL_PROXY_RESEARCH,False,True,MEASURED,FIVE_LEVEL,FYERS_MARKET_DEPTH,5,5,1000,500,3000,4000,2026-08-24T08:21:50+00:00,IV_UNAVAILABLE,False,0,False,False,DATA_INVALID,11,DataHealth invalid; Contract invalid: Quote stale or spread hard rejected.; SideDirection hard reject: -1.1 < 65.0; PremiumElasticity hard reject: 0.70 < 1.00; Expected/Required hard reject: 1.17 < 1.60; TradeQuality below configured minimum; FinalConfidence below configured minimum; ExecutionQuality below excellent gate: 0.0 < 80.0; ConvexityEdge below excellent gate: 71.4 < 80.0; OpportunityConfidence below excellent gate: 29.3 < 70.0; RegimeFit below excellent gate: 60.0 < 70.0,,
2026-08-24T13:57:00.393306+05:30,2026-08-24,NESTLEIND,NSE,STOCK,NSE_STOCK_OPTION,PAPER_ELIGIBLE,STOCK:NESTLEIND,paper-strategy-8ade763620b6,opportunity-score-8ade763620b6,universe-a8e55c76a270,PAPER_OVERRIDE::FYERS_PAPER_PROXY_RESEARCH,PE,UNKNOWN,1450.0,1.1,False,,,Observation interval exceeds rolling window.,False,,,,,ATM IV unavailable.,,NESTLEIND,NOT_CONFIGURED,,d4955abe6c09,WARMUP_OBSERVATIONS,15,1,0,90.0,65.0,1.0,1.6,70.0,65.0,35.0,50.0,inf,3.0,20.0,GLOBAL_POLICY_FLOOR>CLASS_FLOOR>INSTRUMENT_LEARNED_FLOOR; LOWER=max; UPPER=min,CONSTRAINED_WALK_FORWARD,WARMUP_OBSERVATIONS,,0,0,,,0.0,,FYERS_PAPER_PROXY_RESEARCH,FYERS_PAPER_RESEARCH_ONLY,COST_MODEL_UNVALIDATED,False,False,DISABLED,Daily market context is disabled until operator review,MANUAL_PROXY_RESEARCH,False,True,MEASURED,FIVE_LEVEL,FYERS_MARKET_DEPTH,5,5,500,1000,10500,5000,2026-08-24T08:26:12+00:00,IV_UNAVAILABLE,False,0,False,False,DATA_INVALID,11,DataHealth invalid; Contract invalid: Quote stale or spread hard rejected.; SideDirection hard reject: 1.1 < 65.0; PremiumElasticity hard reject: 0.30 < 1.00; Expected/Required hard reject: 1.17 < 1.60; TradeQuality below configured minimum; FinalConfidence below configured minimum; ExecutionQuality below excellent gate: 0.0 < 80.0; ConvexityEdge below excellent gate: 57.4 < 80.0; OpportunityConfidence below excellent gate: 26.6 < 70.0; RegimeFit below excellent gate: 60.0 < 70.0,,
2026-08-24T13:57:00.393306+05:30,2026-08-24,NESTLEIND,NSE,STOCK,NSE_STOCK_OPTION,PAPER_ELIGIBLE,STOCK:NESTLEIND,paper-strategy-8ade763620b6,opportunity-score-8ade763620b6,universe-a8e55c76a270,PAPER_OVERRIDE::FYERS_PAPER_PROXY_RESEARCH,CE,UNKNOWN,1470.0,0.0,False,,,Observation interval exceeds rolling window.,False,,,,,ATM IV unavailable.,,NESTLEIND,NOT_CONFIGURED,,d4955abe6c09,WARMUP_OBSERVATIONS,15,1,0,90.0,65.0,1.0,1.6,70.0,65.0,35.0,50.0,inf,3.0,20.0,GLOBAL_POLICY_FLOOR>CLASS_FLOOR>INSTRUMENT_LEARNED_FLOOR; LOWER=max; UPPER=min,CONSTRAINED_WALK_FORWARD,WARMUP_OBSERVATIONS,,0,0,,,0.0,,FYERS_PAPER_PROXY_RESEARCH,FYERS_PAPER_RESEARCH_ONLY,COST_MODEL_UNVALIDATED,False,False,DISABLED,Daily market context is disabled until operator review,MANUAL_PROXY_RESEARCH,False,True,MEASURED,FIVE_LEVEL,FYERS_MARKET_DEPTH,5,5,500,500,3500,5000,2026-08-24T08:20:01+00:00,IV_UNAVAILABLE,False,0,False,False,DATA_INVALID,11,DataHealth invalid; Contract invalid: Quote stale or spread hard rejected.; SideDirection hard reject: -1.1 < 65.0; PremiumElasticity hard reject: 0.30 < 1.00; Expected/Required hard reject: 1.17 < 1.60; TradeQuality below configured minimum; FinalConfidence below configured minimum; ExecutionQuality below excellent gate: 0.0 < 80.0; ConvexityEdge below excellent gate: 57.4 < 80.0; OpportunityConfidence below excellent gate: 26.3 < 70.0; RegimeFit below excellent gate: 60.0 < 70.0,,
2026-08-24T13:57:00.393306+05:30,2026-08-24,NESTLEIND,NSE,STOCK,NSE_STOCK_OPTION,PAPER_ELIGIBLE,STOCK:NESTLEIND,paper-strategy-8ade763620b6,opportunity-score-8ade763620b6,universe-a8e55c76a270,PAPER_OVERRIDE::FYERS_PAPER_PROXY_RESEARCH,PE,UNKNOWN,1470.0,1.1,False,,,Observation interval exceeds rolling window.,False,,,,,ATM IV unavailable.,,NESTLEIND,NOT_CONFIGURED,,d4955abe6c09,WARMUP_OBSERVATIONS,15,1,0,90.0,65.0,1.0,1.6,70.0,65.0,35.0,50.0,inf,3.0,20.0,GLOBAL_POLICY_FLOOR>CLASS_FLOOR>INSTRUMENT_LEARNED_FLOOR; LOWER=max; UPPER=min,CONSTRAINED_WALK_FORWARD,WARMUP_OBSERVATIONS,,0,0,,,0.0,,FYERS_PAPER_PROXY_RESEARCH,FYERS_PAPER_RESEARCH_ONLY,COST_MODEL_UNVALIDATED,False,False,DISABLED,Daily market context is disabled until operator review,MANUAL_PROXY_RESEARCH,False,True,MEASURED,FIVE_LEVEL,FYERS_MARKET_DEPTH,5,5,500,500,3000,2500,2026-08-24T08:22:36+00:00,IV_UNAVAILABLE,False,0,False,False,DATA_INVALID,11,DataHealth invalid; Contract invalid: Quote stale or spread hard rejected.; SideDirection hard reject: 1.1 < 65.0; PremiumElasticity hard reject: 0.70 < 1.00; Expected/Required hard reject: 1.17 < 1.60; TradeQuality below configured minimum; FinalConfidence below configured minimum; ExecutionQuality below excellent gate: 0.0 < 80.0; ConvexityEdge below excellent gate: 71.4 < 80.0; OpportunityConfidence below excellent gate: 39.3 < 70.0; RegimeFit below excellent gate: 60.0 < 70.0,,
2026-08-24T13:58:03.469147+05:30,2026-08-24,BANKNIFTY,NSE,INDEX,NSE_INDEX,PAPER_ELIGIBLE,INDEX:BANKING,paper-strategy-8ade763620b6,opportunity-score-8ade763620b6,universe-a8e55c76a270,PAPER_OVERRIDE::FYERS_PAPER_PROXY_RESEARCH,CE,UNKNOWN,57300.0,0.0,False,,,Underlying move below identification minimum.,False,,,,,ATM IV unavailable.,-6.0400,banknifty_fast_wbci,VALID,5.2586,2e840ccd58d1,WARMUP_OBSERVATIONS,270,1,0,80.0,65.0,1.0,1.6,70.0,65.0,35.0,50.0,inf,2.0,10.0,GLOBAL_POLICY_FLOOR>CLASS_FLOOR>INSTRUMENT_LEARNED_FLOOR; LOWER=max; UPPER=min,CONSTRAINED_WALK_FORWARD,WARMUP_OBSERVATIONS,,0,0,,,0.0,,FYERS_PAPER_PROXY_RESEARCH,FYERS_PAPER_RESEARCH_ONLY,COST_MODEL_UNVALIDATED,False,False,DISABLED,Daily market context is disabled until operator review,MANUAL_PROXY_RESEARCH,False,True,MEASURED,FIVE_LEVEL,FYERS_MARKET_DEPTH,5,5,30,150,270,780,2026-08-24T08:27:54+00:00,IV_UNAVAILABLE,False,0,False,False,DATA_INVALID,7,DataHealth invalid; Contract invalid: Quote stale or spread hard rejected.; SideDirection hard reject: -0.8 < 65.0; PremiumElasticity hard reject: 0.50 < 1.00; Expected/Required hard reject: 1.42 < 1.60; TradeQuality below configured minimum; ConvexityEdge below excellent gate: 71.4 < 80.0,,
2026-08-24T13:58:03.469147+05:30,2026-08-24,BANKNIFTY,NSE,INDEX,NSE_INDEX,PAPER_ELIGIBLE,INDEX:BANKING,paper-strategy-8ade763620b6,opportunity-score-8ade763620b6,universe-a8e55c76a270,PAPER_OVERRIDE::FYERS_PAPER_PROXY_RESEARCH,PE,UNKNOWN,57300.0,0.8,False,,,Underlying move below identification minimum.,False,,,,,ATM IV unavailable.,-6.0400,banknifty_fast_wbci,VALID,5.2586,2e840ccd58d1,WARMUP_OBSERVATIONS,270,1,0,80.0,65.0,1.0,1.6,70.0,65.0,35.0,50.0,inf,2.0,10.0,GLOBAL_POLICY_FLOOR>CLASS_FLOOR>INSTRUMENT_LEARNED_FLOOR; LOWER=max; UPPER=min,CONSTRAINED_WALK_FORWARD,WARMUP_OBSERVATIONS,,0,0,,,0.0,,FYERS_PAPER_PROXY_RESEARCH,FYERS_PAPER_RESEARCH_ONLY,COST_MODEL_UNVALIDATED,False,False,DISABLED,Daily market context is disabled until operator review,MANUAL_PROXY_RESEARCH,False,True,MEASURED,FIVE_LEVEL,FYERS_MARKET_DEPTH,5,5,540,60,960,600,2026-08-24T08:27:55+00:00,IV_UNAVAILABLE,False,0,False,False,DATA_INVALID,7,DataHealth invalid; Contract invalid: Quote stale or spread hard rejected.; SideDirection hard reject: 0.8 < 65.0; PremiumElasticity hard reject: 0.50 < 1.00; Expected/Required hard reject: 1.42 < 1.60; TradeQuality below configured minimum; ConvexityEdge below excellent gate: 71.4 < 80.0,,
2026-08-24T13:58:03.469147+05:30,2026-08-24,BANKNIFTY,NSE,INDEX,NSE_INDEX,PAPER_ELIGIBLE,INDEX:BANKING,paper-strategy-8ade763620b6,opportunity-score-8ade763620b6,universe-a8e55c76a270,PAPER_OVERRIDE::FYERS_PAPER_PROXY_RESEARCH,CE,UNKNOWN,57200.0,0.0,False,,,Underlying move below identification minimum.,False,,,,,ATM IV unavailable.,-6.0400,banknifty_fast_wbci,VALID,5.2586,2e840ccd58d1,WARMUP_OBSERVATIONS,270,1,0,80.0,65.0,1.0,1.6,70.0,65.0,35.0,50.0,inf,2.0,10.0,GLOBAL_POLICY_FLOOR>CLASS_FLOOR>INSTRUMENT_LEARNED_FLOOR; LOWER=max; UPPER=min,CONSTRAINED_WALK_FORWARD,WARMUP_OBSERVATIONS,,0,0,,,0.0,,FYERS_PAPER_PROXY_RESEARCH,FYERS_PAPER_RESEARCH_ONLY,COST_MODEL_UNVALIDATED,False,False,DISABLED,Daily market context is disabled until operator review,MANUAL_PROXY_RESEARCH,False,True,MEASURED,FIVE_LEVEL,FYERS_MARKET_DEPTH,5,5,60,720,750,1440,2026-08-24T08:27:52+00:00,IV_UNAVAILABLE,False,0,False,False,DATA_INVALID,7,DataHealth invalid; Contract invalid: Quote stale or spread hard rejected.; SideDirection hard reject: -0.8 < 65.0; PremiumElasticity hard reject: 0.70 < 1.00; Expected/Required hard reject: 1.42 < 1.60; TradeQuality below configured minimum; ConvexityEdge below excellent gate: 71.4 < 80.0,,
2026-08-24T13:58:03.469147+05:30,2026-08-24,BANKNIFTY,NSE,INDEX,NSE_INDEX,PAPER_ELIGIBLE,INDEX:BANKING,paper-strategy-8ade763620b6,opportunity-score-8ade763620b6,universe-a8e55c76a270,PAPER_OVERRIDE::FYERS_PAPER_PROXY_RESEARCH,CE,UNKNOWN,57400.0,0.0,False,,,Underlying move below identification minimum.,False,,,,,ATM IV unavailable.,-6.0400,banknifty_fast_wbci,VALID,5.2586,2e840ccd58d1,WARMUP_OBSERVATIONS,270,1,0,80.0,65.0,1.0,1.6,70.0,65.0,35.0,50.0,inf,2.0,10.0,GLOBAL_POLICY_FLOOR>CLASS_FLOOR>INSTRUMENT_LEARNED_FLOOR; LOWER=max; UPPER=min,CONSTRAINED_WALK_FORWARD,WARMUP_OBSERVATIONS,,0,0,,,0.0,,FYERS_PAPER_PROXY_RESEARCH,FYERS_PAPER_RESEARCH_ONLY,COST_MODEL_UNVALIDATED,False,False,DISABLED,Daily market context is disabled until operator review,MANUAL_PROXY_RESEARCH,False,True,MEASURED,FIVE_LEVEL,FYERS_MARKET_DEPTH,5,5,120,60,930,1950,2026-08-24T08:27:54+00:00,IV_UNAVAILABLE,False,0,False,False,DATA_INVALID,7,DataHealth invalid; Contract invalid: Quote stale or spread hard rejected.; SideDirection hard reject: -0.8 < 65.0; PremiumElasticity hard reject: 0.30 < 1.00; Expected/Required hard reject: 1.42 < 1.60; TradeQuality below configured minimum; ConvexityEdge below excellent gate: 57.4 < 80.0,,
2026-08-24T13:58:03.469147+05:30,2026-08-24,BANKNIFTY,NSE,INDEX,NSE_INDEX,PAPER_ELIGIBLE,INDEX:BANKING,paper-strategy-8ade763620b6,opportunity-score-8ade763620b6,universe-a8e55c76a270,PAPER_OVERRIDE::FYERS_PAPER_PROXY_RESEARCH,PE,UNKNOWN,57400.0,0.8,False,,,Underlying move below identification minimum.,False,,,,,ATM IV unavailable.,-6.0400,banknifty_fast_wbci,VALID,5.2586,2e840ccd58d1,WARMUP_OBSERVATIONS,270,1,0,80.0,65.0,1.0,1.6,70.0,65.0,35.0,50.0,inf,2.0,10.0,GLOBAL_POLICY_FLOOR>CLASS_FLOOR>INSTRUMENT_LEARNED_FLOOR; LOWER=max; UPPER=min,CONSTRAINED_WALK_FORWARD,WARMUP_OBSERVATIONS,,0,0,,,0.0,,FYERS_PAPER_PROXY_RESEARCH,FYERS_PAPER_RESEARCH_ONLY,COST_MODEL_UNVALIDATED,False,False,DISABLED,Daily market context is disabled until operator review,MANUAL_PROXY_RESEARCH,False,True,MEASURED,FIVE_LEVEL,FYERS_MARKET_DEPTH,5,5,30,60,1230,840,2026-08-24T08:27:55+00:00,IV_UNAVAILABLE,False,0,False,False,DATA_INVALID,7,DataHealth invalid; Contract invalid: Quote stale or spread hard rejected.; SideDirection hard reject: 0.8 < 65.0; PremiumElasticity hard reject: 0.70 < 1.00; Expected/Required hard reject: 1.42 < 1.60; TradeQuality below configured minimum; ConvexityEdge below excellent gate: 71.4 < 80.0,,
2026-08-24T13:59:07.281104+05:30,2026-08-24,BANKNIFTY,NSE,INDEX,NSE_INDEX,PAPER_ELIGIBLE,INDEX:BANKING,paper-strategy-8ade763620b6,opportunity-score-8ade763620b6,universe-a8e55c76a270,PAPER_OVERRIDE::FYERS_PAPER_PROXY_RESEARCH,CE,UNKNOWN,57300.0,0.7,False,,,Underlying move below identification minimum.,False,,,,,ATM IV unavailable.,6.0400,banknifty_fast_wbci,VALID,5.3214,2e840ccd58d1,WARMUP_OBSERVATIONS,285,1,0,80.0,65.0,1.0,1.6,70.0,65.0,35.0,50.0,inf,2.0,10.0,GLOBAL_POLICY_FLOOR>CLASS_FLOOR>INSTRUMENT_LEARNED_FLOOR; LOWER=max; UPPER=min,CONSTRAINED_WALK_FORWARD,WARMUP_OBSERVATIONS,,0,0,,,0.0,,FYERS_PAPER_PROXY_RESEARCH,FYERS_PAPER_RESEARCH_ONLY,COST_MODEL_UNVALIDATED,False,False,DISABLED,Daily market context is disabled until operator review,MANUAL_PROXY_RESEARCH,False,True,MEASURED,FIVE_LEVEL,FYERS_MARKET_DEPTH,5,5,30,30,870,1350,2026-08-24T08:28:58+00:00,IV_UNAVAILABLE,False,0,False,False,DATA_INVALID,7,DataHealth invalid; Contract invalid: Quote stale or spread hard rejected.; SideDirection hard reject: 0.7 < 65.0; PremiumElasticity hard reject: 0.50 < 1.00; Expected/Required hard reject: 1.42 < 1.60; TradeQuality below configured minimum; ConvexityEdge below excellent gate: 71.4 < 80.0,,
2026-08-24T13:59:07.281104+05:30,2026-08-24,BANKNIFTY,NSE,INDEX,NSE_INDEX,PAPER_ELIGIBLE,INDEX:BANKING,paper-strategy-8ade763620b6,opportunity-score-8ade763620b6,universe-a8e55c76a270,PAPER_OVERRIDE::FYERS_PAPER_PROXY_RESEARCH,PE,UNKNOWN,57300.0,0.0,False,,,Underlying move below identification minimum.,False,,,,,ATM IV unavailable.,6.0400,banknifty_fast_wbci,VALID,5.3214,2e840ccd58d1,WARMUP_OBSERVATIONS,285,1,0,80.0,65.0,1.0,1.6,70.0,65.0,35.0,50.0,inf,2.0,10.0,GLOBAL_POLICY_FLOOR>CLASS_FLOOR>INSTRUMENT_LEARNED_FLOOR; LOWER=max; UPPER=min,CONSTRAINED_WALK_FORWARD,WARMUP_OBSERVATIONS,,0,0,,,0.0,,FYERS_PAPER_PROXY_RESEARCH,FYERS_PAPER_RESEARCH_ONLY,COST_MODEL_UNVALIDATED,False,False,DISABLED,Daily market context is disabled until operator review,MANUAL_PROXY_RESEARCH,False,True,MEASURED,FIVE_LEVEL,FYERS_MARKET_DEPTH,5,5,270,30,1470,300,2026-08-24T08:28:58+00:00,IV_UNAVAILABLE,False,0,False,False,DATA_INVALID,7,DataHealth invalid; Contract invalid: Quote stale or spread hard rejected.; SideDirection hard reject: -0.7 < 65.0; PremiumElasticity hard reject: 0.50 < 1.00; Expected/Required hard reject: 1.42 < 1.60; TradeQuality below configured minimum; ConvexityEdge below excellent gate: 71.4 < 80.0,,
2026-08-24T13:59:07.281104+05:30,2026-08-24,BANKNIFTY,NSE,INDEX,NSE_INDEX,PAPER_ELIGIBLE,INDEX:BANKING,paper-strategy-8ade763620b6,opportunity-score-8ade763620b6,universe-a8e55c76a270,PAPER_OVERRIDE::FYERS_PAPER_PROXY_RESEARCH,CE,UNKNOWN,57400.0,0.7,False,,,Underlying move below identification minimum.,False,,,,,ATM IV unavailable.,6.0400,banknifty_fast_wbci,VALID,5.3214,2e840ccd58d1,WARMUP_OBSERVATIONS,285,1,0,80.0,65.0,1.0,1.6,70.0,65.0,35.0,50.0,inf,2.0,10.0,GLOBAL_POLICY_FLOOR>CLASS_FLOOR>INSTRUMENT_LEARNED_FLOOR; LOWER=max; UPPER=min,CONSTRAINED_WALK_FORWARD,WARMUP_OBSERVATIONS,,0,0,,,0.0,,FYERS_PAPER_PROXY_RESEARCH,FYERS_PAPER_RESEARCH_ONLY,COST_MODEL_UNVALIDATED,False,False,DISABLED,Daily market context is disabled until operator review,MANUAL_PROXY_RESEARCH,False,True,MEASURED,FIVE_LEVEL,FYERS_MARKET_DEPTH,5,5,60,30,810,570,2026-08-24T08:28:59+00:00,IV_UNAVAILABLE,False,0,False,False,DATA_INVALID,7,DataHealth invalid; Contract invalid: Quote stale or spread hard rejected.; SideDirection hard reject: 0.7 < 65.0; PremiumElasticity hard reject: 0.30 < 1.00; Expected/Required hard reject: 1.42 < 1.60; TradeQuality below configured minimum; ConvexityEdge below excellent gate: 57.4 < 80.0,,
2026-08-24T13:59:07.281104+05:30,2026-08-24,BANKNIFTY,NSE,INDEX,NSE_INDEX,PAPER_ELIGIBLE,INDEX:BANKING,paper-strategy-8ade763620b6,opportunity-score-8ade763620b6,universe-a8e55c76a270,PAPER_OVERRIDE::FYERS_PAPER_PROXY_RESEARCH,PE,UNKNOWN,57400.0,0.0,False,,,Underlying move below identification minimum.,False,,,,,ATM IV unavailable.,6.0400,banknifty_fast_wbci,VALID,5.3214,2e840ccd58d1,WARMUP_OBSERVATIONS,285,1,0,80.0,65.0,1.0,1.6,70.0,65.0,35.0,50.0,inf,2.0,10.0,GLOBAL_POLICY_FLOOR>CLASS_FLOOR>INSTRUMENT_LEARNED_FLOOR; LOWER=max; UPPER=min,CONSTRAINED_WALK_FORWARD,WARMUP_OBSERVATIONS,,0,0,,,0.0,,FYERS_PAPER_PROXY_RESEARCH,FYERS_PAPER_RESEARCH_ONLY,COST_MODEL_UNVALIDATED,False,False,DISABLED,Daily market context is disabled until operator review,MANUAL_PROXY_RESEARCH,False,True,MEASURED,FIVE_LEVEL,FYERS_MARKET_DEPTH,5,5,180,60,870,330,2026-08-24T08:28:58+00:00,IV_UNAVAILABLE,False,0,False,False,DATA_INVALID,7,DataHealth invalid; Contract invalid: Quote stale or spread hard rejected.; SideDirection hard reject: -0.7 < 65.0; PremiumElasticity hard reject: 0.70 < 1.00; Expected/Required hard reject: 1.42 < 1.60; TradeQuality below configured minimum; ConvexityEdge below excellent gate: 71.4 < 80.0,,
2026-08-24T14:00:10.738920+05:30,2026-08-24,BANKNIFTY,NSE,INDEX,NSE_INDEX,PAPER_ELIGIBLE,INDEX:BANKING,paper-strategy-8ade763620b6,opportunity-score-8ade763620b6,universe-a8e55c76a270,PAPER_OVERRIDE::FYERS_PAPER_PROXY_RESEARCH,CE,UNKNOWN,57300.0,0.1,False,,,Underlying move below identification minimum.,False,,,,,ATM IV unavailable.,-12.1400,banknifty_fast_wbci,VALID,12.2516,2e840ccd58d1,WARMUP_OBSERVATIONS,297,1,0,80.0,65.0,1.0,1.6,70.0,65.0,35.0,50.0,inf,2.0,10.0,GLOBAL_POLICY_FLOOR>CLASS_FLOOR>INSTRUMENT_LEARNED_FLOOR; LOWER=max; UPPER=min,CONSTRAINED_WALK_FORWARD,WARMUP_OBSERVATIONS,,0,0,,,0.0,,FYERS_PAPER_PROXY_RESEARCH,FYERS_PAPER_RESEARCH_ONLY,COST_MODEL_UNVALIDATED,False,False,DISABLED,Daily market context is disabled until operator review,MANUAL_PROXY_RESEARCH,False,True,MEASURED,FIVE_LEVEL,FYERS_MARKET_DEPTH,5,5,150,240,480,840,2026-08-24T08:30:01+00:00,IV_UNAVAILABLE,False,0,False,False,DATA_INVALID,7,DataHealth invalid; Contract invalid: Quote stale or spread hard rejected.; SideDirection hard reject: 0.1 < 65.0; PremiumElasticity hard reject: 0.50 < 1.00; Expected/Required hard reject: 1.42 < 1.60; TradeQuality below configured minimum; ConvexityEdge below excellent gate: 71.4 < 80.0,,
2026-08-24T14:00:10.738920+05:30,2026-08-24,BANKNIFTY,NSE,INDEX,NSE_INDEX,PAPER_ELIGIBLE,INDEX:BANKING,paper-strategy-8ade763620b6,opportunity-score-8ade763620b6,universe-a8e55c76a270,PAPER_OVERRIDE::FYERS_PAPER_PROXY_RESEARCH,PE,UNKNOWN,57300.0,0.0,False,,,Underlying move below identification minimum.,False,,,,,ATM IV unavailable.,-12.1400,banknifty_fast_wbci,VALID,12.2516,2e840ccd58d1,WARMUP_OBSERVATIONS,297,1,0,80.0,65.0,1.0,1.6,70.0,65.0,35.0,50.0,inf,2.0,10.0,GLOBAL_POLICY_FLOOR>CLASS_FLOOR>INSTRUMENT_LEARNED_FLOOR; LOWER=max; UPPER=min,CONSTRAINED_WALK_FORWARD,WARMUP_OBSERVATIONS,,0,0,,,0.0,,FYERS_PAPER_PROXY_RESEARCH,FYERS_PAPER_RESEARCH_ONLY,COST_MODEL_UNVALIDATED,False,False,DISABLED,Daily market context is disabled until operator review,MANUAL_PROXY_RESEARCH,False,True,MEASURED,FIVE_LEVEL,FYERS_MARKET_DEPTH,5,5,30,30,750,810,2026-08-24T08:30:02+00:00,IV_UNAVAILABLE,False,0,False,False,DATA_INVALID,7,DataHealth invalid; Contract invalid: Quote stale or spread hard rejected.; SideDirection hard reject: -0.1 < 65.0; PremiumElasticity hard reject: 0.50 < 1.00; Expected/Required hard reject: 1.42 < 1.60; TradeQuality below configured minimum; ConvexityEdge below excellent gate: 71.4 < 80.0,,
2026-08-24T14:00:10.738920+05:30,2026-08-24,BANKNIFTY,NSE,INDEX,NSE_INDEX,PAPER_ELIGIBLE,INDEX:BANKING,paper-strategy-8ade763620b6,opportunity-score-8ade763620b6,universe-a8e55c76a270,PAPER_OVERRIDE::FYERS_PAPER_PROXY_RESEARCH,PE,UNKNOWN,57200.0,0.0,False,,,Underlying move below identification minimum.,False,,,,,ATM IV unavailable.,-12.1400,banknifty_fast_wbci,VALID,12.2516,2e840ccd58d1,WARMUP_OBSERVATIONS,297,1,0,80.0,65.0,1.0,1.6,70.0,65.0,35.0,50.0,inf,2.0,10.0,GLOBAL_POLICY_FLOOR>CLASS_FLOOR>INSTRUMENT_LEARNED_FLOOR; LOWER=max; UPPER=min,CONSTRAINED_WALK_FORWARD,WARMUP_OBSERVATIONS,,0,0,,,0.0,,FYERS_PAPER_PROXY_RESEARCH,FYERS_PAPER_RESEARCH_ONLY,COST_MODEL_UNVALIDATED,False,False,DISABLED,Daily market context is disabled until operator review,MANUAL_PROXY_RESEARCH,False,True,MEASURED,FIVE_LEVEL,FYERS_MARKET_DEPTH,5,5,30,30,1290,1110,2026-08-24T08:30:01+00:00,IV_UNAVAILABLE,False,0,False,False,DATA_INVALID,7,DataHealth invalid; Contract invalid: Quote stale or spread hard rejected.; SideDirection hard reject: -0.1 < 65.0; PremiumElasticity hard reject: 0.30 < 1.00; Expected/Required hard reject: 1.42 < 1.60; TradeQuality below configured minimum; ConvexityEdge below excellent gate: 57.4 < 80.0,,
2026-08-24T14:00:10.738920+05:30,2026-08-24,BANKNIFTY,NSE,INDEX,NSE_INDEX,PAPER_ELIGIBLE,INDEX:BANKING,paper-strategy-8ade763620b6,opportunity-score-8ade763620b6,universe-a8e55c76a270,PAPER_OVERRIDE::FYERS_PAPER_PROXY_RESEARCH,CE,UNKNOWN,57400.0,0.1,False,,,Underlying move below identification minimum.,False,,,,,ATM IV unavailable.,-12.1400,banknifty_fast_wbci,VALID,12.2516,2e840ccd58d1,WARMUP_OBSERVATIONS,297,1,0,80.0,65.0,1.0,1.6,70.0,65.0,35.0,50.0,inf,2.0,10.0,GLOBAL_POLICY_FLOOR>CLASS_FLOOR>INSTRUMENT_LEARNED_FLOOR; LOWER=max; UPPER=min,CONSTRAINED_WALK_FORWARD,WARMUP_OBSERVATIONS,,0,0,,,0.0,,FYERS_PAPER_PROXY_RESEARCH,FYERS_PAPER_RESEARCH_ONLY,COST_MODEL_UNVALIDATED,False,False,DISABLED,Daily market context is disabled until operator review,MANUAL_PROXY_RESEARCH,False,True,MEASURED,FIVE_LEVEL,FYERS_MARKET_DEPTH,5,5,30,60,810,810,2026-08-24T08:30:02+00:00,IV_UNAVAILABLE,False,0,False,False,DATA_INVALID,7,DataHealth invalid; Contract invalid: Quote stale or spread hard rejected.; SideDirection hard reject: 0.1 < 65.0; PremiumElasticity hard reject: 0.30 < 1.00; Expected/Required hard reject: 1.42 < 1.60; TradeQuality below configured minimum; ConvexityEdge below excellent gate: 57.4 < 80.0,,
2026-08-24T14:00:10.738920+05:30,2026-08-24,BANKNIFTY,NSE,INDEX,NSE_INDEX,PAPER_ELIGIBLE,INDEX:BANKING,paper-strategy-8ade763620b6,opportunity-score-8ade763620b6,universe-a8e55c76a270,PAPER_OVERRIDE::FYERS_PAPER_PROXY_RESEARCH,PE,UNKNOWN,57400.0,0.0,False,,,Underlying move below identification minimum.,False,,,,,ATM IV unavailable.,-12.1400,banknifty_fast_wbci,VALID,12.2516,2e840ccd58d1,WARMUP_OBSERVATIONS,297,1,0,80.0,65.0,1.0,1.6,70.0,65.0,35.0,50.0,inf,2.0,10.0,GLOBAL_POLICY_FLOOR>CLASS_FLOOR>INSTRUMENT_LEARNED_FLOOR; LOWER=max; UPPER=min,CONSTRAINED_WALK_FORWARD,WARMUP_OBSERVATIONS,,0,0,,,0.0,,FYERS_PAPER_PROXY_RESEARCH,FYERS_PAPER_RESEARCH_ONLY,COST_MODEL_UNVALIDATED,False,False,DISABLED,Daily market context is disabled until operator review,MANUAL_PROXY_RESEARCH,False,True,MEASURED,FIVE_LEVEL,FYERS_MARKET_DEPTH,5,5,30,90,930,780,2026-08-24T08:30:01+00:00,IV_UNAVAILABLE,False,0,False,False,DATA_INVALID,7,DataHealth invalid; Contract invalid: Quote stale or spread hard rejected.; SideDirection hard reject: -0.1 < 65.0; PremiumElasticity hard reject: 0.70 < 1.00; Expected/Required hard reject: 1.42 < 1.60; TradeQuality below configured minimum; ConvexityEdge below excellent gate: 71.4 < 80.0,,
2026-08-24T14:01:23.045616+05:30,2026-08-24,BANKNIFTY,NSE,INDEX,NSE_INDEX,PAPER_ELIGIBLE,INDEX:BANKING,paper-strategy-8ade763620b6,opportunity-score-8ade763620b6,universe-a8e55c76a270,PAPER_OVERRIDE::FYERS_PAPER_PROXY_RESEARCH,CE,UNKNOWN,57300.0,0.0,False,,,Underlying move below identification minimum.,False,,,,,ATM IV unavailable.,0.0000,banknifty_fast_wbci,VALID,0.2023,2e840ccd58d1,WARMUP_OBSERVATIONS,308,1,0,80.0,65.0,1.0,1.6,70.0,65.0,35.0,50.0,inf,2.0,10.0,GLOBAL_POLICY_FLOOR>CLASS_FLOOR>INSTRUMENT_LEARNED_FLOOR; LOWER=max; UPPER=min,CONSTRAINED_WALK_FORWARD,WARMUP_OBSERVATIONS,,0,0,,,0.0,,FYERS_PAPER_PROXY_RESEARCH,FYERS_PAPER_RESEARCH_ONLY,COST_MODEL_UNVALIDATED,False,False,DISABLED,Daily market context is disabled until operator review,MANUAL_PROXY_RESEARCH,False,True,MEASURED,FIVE_LEVEL,FYERS_MARKET_DEPTH,5,5,240,30,1260,1140,2026-08-24T08:31:04+00:00,IV_UNAVAILABLE,False,0,False,False,DATA_INVALID,7,DataHealth invalid; Contract invalid: Quote stale or spread hard rejected.; SideDirection hard reject: -0.2 < 65.0; PremiumElasticity hard reject: 0.50 < 1.00; Expected/Required hard reject: 1.42 < 1.60; TradeQuality below configured minimum; ConvexityEdge below excellent gate: 71.4 < 80.0,,
2026-08-24T14:01:23.045616+05:30,2026-08-24,BANKNIFTY,NSE,INDEX,NSE_INDEX,PAPER_ELIGIBLE,INDEX:BANKING,paper-strategy-8ade763620b6,opportunity-score-8ade763620b6,universe-a8e55c76a270,PAPER_OVERRIDE::FYERS_PAPER_PROXY_RESEARCH,PE,UNKNOWN,57300.0,0.2,False,,,Underlying move below identification minimum.,False,,,,,ATM IV unavailable.,0.0000,banknifty_fast_wbci,VALID,0.2023,2e840ccd58d1,WARMUP_OBSERVATIONS,308,1,0,80.0,65.0,1.0,1.6,70.0,65.0,35.0,50.0,inf,2.0,10.0,GLOBAL_POLICY_FLOOR>CLASS_FLOOR>INSTRUMENT_LEARNED_FLOOR; LOWER=max; UPPER=min,CONSTRAINED_WALK_FORWARD,WARMUP_OBSERVATIONS,,0,0,,,0.0,,FYERS_PAPER_PROXY_RESEARCH,FYERS_PAPER_RESEARCH_ONLY,COST_MODEL_UNVALIDATED,False,False,DISABLED,Daily market context is disabled until operator review,MANUAL_PROXY_RESEARCH,False,True,MEASURED,FIVE_LEVEL,FYERS_MARKET_DEPTH,5,5,300,60,840,1350,2026-08-24T08:31:04+00:00,IV_UNAVAILABLE,False,0,False,False,DATA_INVALID,7,DataHealth invalid; Contract invalid: Quote stale or spread hard rejected.; SideDirection hard reject: 0.2 < 65.0; PremiumElasticity hard reject: 0.50 < 1.00; Expected/Required hard reject: 1.42 < 1.60; TradeQuality below configured minimum; ConvexityEdge below excellent gate: 71.4 < 80.0,,
2026-08-24T14:01:23.045616+05:30,2026-08-24,BANKNIFTY,NSE,INDEX,NSE_INDEX,PAPER_ELIGIBLE,INDEX:BANKING,paper-strategy-8ade763620b6,opportunity-score-8ade763620b6,universe-a8e55c76a270,PAPER_OVERRIDE::FYERS_PAPER_PROXY_RESEARCH,PE,UNKNOWN,57200.0,0.2,False,,,Underlying move below identification minimum.,False,,,,,ATM IV unavailable.,0.0000,banknifty_fast_wbci,VALID,0.2023,2e840ccd58d1,WARMUP_OBSERVATIONS,308,1,0,80.0,65.0,1.0,1.6,70.0,65.0,35.0,50.0,inf,2.0,10.0,GLOBAL_POLICY_FLOOR>CLASS_FLOOR>INSTRUMENT_LEARNED_FLOOR; LOWER=max; UPPER=min,CONSTRAINED_WALK_FORWARD,WARMUP_OBSERVATIONS,,0,0,,,0.0,,FYERS_PAPER_PROXY_RESEARCH,FYERS_PAPER_RESEARCH_ONLY,COST_MODEL_UNVALIDATED,False,False,DISABLED,Daily market context is disabled until operator review,MANUAL_PROXY_RESEARCH,False,True,MEASURED,FIVE_LEVEL,FYERS_MARKET_DEPTH,5,5,240,60,1800,900,2026-08-24T08:31:04+00:00,IV_UNAVAILABLE,False,0,False,False,DATA_INVALID,7,DataHealth invalid; Contract invalid: Quote stale or spread hard rejected.; SideDirection hard reject: 0.2 < 65.0; PremiumElasticity hard reject: 0.30 < 1.00; Expected/Required hard reject: 1.42 < 1.60; TradeQuality below configured minimum; ConvexityEdge below excellent gate: 57.4 < 80.0,,
2026-08-24T14:01:23.045616+05:30,2026-08-24,BANKNIFTY,NSE,INDEX,NSE_INDEX,PAPER_ELIGIBLE,INDEX:BANKING,paper-strategy-8ade763620b6,opportunity-score-8ade763620b6,universe-a8e55c76a270,PAPER_OVERRIDE::FYERS_PAPER_PROXY_RESEARCH,CE,UNKNOWN,57400.0,0.0,False,,,Underlying move below identification minimum.,False,,,,,ATM IV unavailable.,0.0000,banknifty_fast_wbci,VALID,0.2023,2e840ccd58d1,WARMUP_OBSERVATIONS,308,1,0,80.0,65.0,1.0,1.6,70.0,65.0,35.0,50.0,inf,2.0,10.0,GLOBAL_POLICY_FLOOR>CLASS_FLOOR>INSTRUMENT_LEARNED_FLOOR; LOWER=max; UPPER=min,CONSTRAINED_WALK_FORWARD,WARMUP_OBSERVATIONS,,0,0,,,0.0,,FYERS_PAPER_PROXY_RESEARCH,FYERS_PAPER_RESEARCH_ONLY,COST_MODEL_UNVALIDATED,False,False,DISABLED,Daily market context is disabled until operator review,MANUAL_PROXY_RESEARCH,False,True,MEASURED,FIVE_LEVEL,FYERS_MARKET_DEPTH,5,5,30,30,720,570,2026-08-24T08:31:04+00:00,IV_UNAVAILABLE,False,0,False,False,DATA_INVALID,7,DataHealth invalid; Contract invalid: Quote stale or spread hard rejected.; SideDirection hard reject: -0.2 < 65.0; PremiumElasticity hard reject: 0.30 < 1.00; Expected/Required hard reject: 1.42 < 1.60; TradeQuality below configured minimum; ConvexityEdge below excellent gate: 57.4 < 80.0,,
2026-08-24T14:01:23.045616+05:30,2026-08-24,BANKNIFTY,NSE,INDEX,NSE_INDEX,PAPER_ELIGIBLE,INDEX:BANKING,paper-strategy-8ade763620b6,opportunity-score-8ade763620b6,universe-a8e55c76a270,PAPER_OVERRIDE::FYERS_PAPER_PROXY_RESEARCH,PE,UNKNOWN,57400.0,0.2,False,,,Underlying move below identification minimum.,False,,,,,ATM IV unavailable.,0.0000,banknifty_fast_wbci,VALID,0.2023,2e840ccd58d1,WARMUP_OBSERVATIONS,308,1,0,80.0,65.0,1.0,1.6,70.0,65.0,35.0,50.0,inf,2.0,10.0,GLOBAL_POLICY_FLOOR>CLASS_FLOOR>INSTRUMENT_LEARNED_FLOOR; LOWER=max; UPPER=min,CONSTRAINED_WALK_FORWARD,WARMUP_OBSERVATIONS,,0,0,,,0.0,,FYERS_PAPER_PROXY_RESEARCH,FYERS_PAPER_RESEARCH_ONLY,COST_MODEL_UNVALIDATED,False,False,DISABLED,Daily market context is disabled until operator review,MANUAL_PROXY_RESEARCH,False,True,MEASURED,FIVE_LEVEL,FYERS_MARKET_DEPTH,5,5,30,30,1080,570,2026-08-24T08:31:04+00:00,IV_UNAVAILABLE,False,0,False,False,DATA_INVALID,7,DataHealth invalid; Contract invalid: Quote stale or spread hard rejected.; SideDirection hard reject: 0.2 < 65.0; PremiumElasticity hard reject: 0.70 < 1.00; Expected/Required hard reject: 1.42 < 1.60; TradeQuality below configured minimum; ConvexityEdge below excellent gate: 71.4 < 80.0,,
2026-08-24T14:01:23.045616+05:30,2026-08-24,EICHERMOT,NSE,STOCK,NSE_STOCK_OPTION,PAPER_ELIGIBLE,STOCK:EICHERMOT,paper-strategy-8ade763620b6,opportunity-score-8ade763620b6,universe-a8e55c76a270,PAPER_OVERRIDE::FYERS_PAPER_PROXY_RESEARCH,PE,UNKNOWN,7900.0,13.4,False,,,Observation interval exceeds rolling window.,False,,,,,ATM IV unavailable.,,EICHERMOT,NOT_CONFIGURED,,9ae09e86b9c0,WARMUP_OBSERVATIONS,24,1,0,90.0,65.0,1.0,1.6,70.0,65.0,35.0,50.0,inf,3.0,20.0,GLOBAL_POLICY_FLOOR>CLASS_FLOOR>INSTRUMENT_LEARNED_FLOOR; LOWER=max; UPPER=min,CONSTRAINED_WALK_FORWARD,WARMUP_OBSERVATIONS,,0,0,,,0.0,,FYERS_PAPER_PROXY_RESEARCH,FYERS_PAPER_RESEARCH_ONLY,COST_MODEL_UNVALIDATED,False,False,DISABLED,Daily market context is disabled until operator review,MANUAL_PROXY_RESEARCH,False,True,MEASURED,FIVE_LEVEL,FYERS_MARKET_DEPTH,5,5,200,200,1400,1000,2026-08-24T08:31:05+00:00,IV_UNAVAILABLE,False,0,False,False,DATA_INVALID,11,DataHealth invalid; Contract invalid: Quote stale or spread hard rejected.; SideDirection hard reject: 13.4 < 65.0; PremiumElasticity hard reject: 0.30 < 1.00; Expected/Required hard reject: 1.17 < 1.60; TradeQuality below configured minimum; FinalConfidence below configured minimum; ExecutionQuality below excellent gate: 0.0 < 80.0; ConvexityEdge below excellent gate: 57.4 < 80.0; OpportunityConfidence below excellent gate: 63.2 < 70.0; RegimeFit below excellent gate: 60.0 < 70.0,,
2026-08-24T14:01:23.045616+05:30,2026-08-24,EICHERMOT,NSE,STOCK,NSE_STOCK_OPTION,PAPER_ELIGIBLE,STOCK:EICHERMOT,paper-strategy-8ade763620b6,opportunity-score-8ade763620b6,universe-a8e55c76a270,PAPER_OVERRIDE::FYERS_PAPER_PROXY_RESEARCH,CE,UNKNOWN,8100.0,0.0,False,,,Underlying move below identification minimum.,False,,,,,ATM IV unavailable.,,EICHERMOT,NOT_CONFIGURED,,9ae09e86b9c0,WARMUP_OBSERVATIONS,24,1,0,90.0,65.0,1.0,1.6,70.0,65.0,35.0,50.0,inf,3.0,20.0,GLOBAL_POLICY_FLOOR>CLASS_FLOOR>INSTRUMENT_LEARNED_FLOOR; LOWER=max; UPPER=min,CONSTRAINED_WALK_FORWARD,WARMUP_OBSERVATIONS,,0,0,,,0.0,,FYERS_PAPER_PROXY_RESEARCH,FYERS_PAPER_RESEARCH_ONLY,COST_MODEL_UNVALIDATED,False,False,DISABLED,Daily market context is disabled until operator review,MANUAL_PROXY_RESEARCH,False,True,MEASURED,FIVE_LEVEL,FYERS_MARKET_DEPTH,5,5,200,200,800,1600,2026-08-24T08:31:00+00:00,IV_UNAVAILABLE,False,0,False,False,DATA_INVALID,11,DataHealth invalid; Contract invalid: Quote stale or spread hard rejected.; SideDirection hard reject: -13.4 < 65.0; PremiumElasticity hard reject: 0.30 < 1.00; Expected/Required hard reject: 1.17 < 1.60; TradeQuality below configured minimum; FinalConfidence below configured minimum; ExecutionQuality below excellent gate: 0.0 < 80.0; ConvexityEdge below excellent gate: 57.4 < 80.0; OpportunityConfidence below excellent gate: 55.6 < 70.0; RegimeFit below excellent gate: 60.0 < 70.0,,
2026-08-24T14:01:23.045616+05:30,2026-08-24,GRASIM,NSE,STOCK,NSE_STOCK_OPTION,PAPER_ELIGIBLE,STOCK:GRASIM,paper-strategy-8ade763620b6,opportunity-score-8ade763620b6,universe-a8e55c76a270,PAPER_OVERRIDE::FYERS_PAPER_PROXY_RESEARCH,CE,UNKNOWN,3280.0,0.0,False,,,Underlying move below identification minimum.,False,,,,,ATM IV unavailable.,,GRASIM,NOT_CONFIGURED,,3f3175605513,WARMUP_OBSERVATIONS,47,1,0,90.0,65.0,1.0,1.6,70.0,65.0,35.0,50.0,inf,3.0,20.0,GLOBAL_POLICY_FLOOR>CLASS_FLOOR>INSTRUMENT_LEARNED_FLOOR; LOWER=max; UPPER=min,CONSTRAINED_WALK_FORWARD,WARMUP_OBSERVATIONS,,0,0,,,0.0,,FYERS_PAPER_PROXY_RESEARCH,FYERS_PAPER_RESEARCH_ONLY,COST_MODEL_UNVALIDATED,False,False,DISABLED,Daily market context is disabled until operator review,MANUAL_PROXY_RESEARCH,False,True,MEASURED,FIVE_LEVEL,FYERS_MARKET_DEPTH,5,5,250,500,1500,2000,2026-08-24T08:31:14+00:00,IV_UNAVAILABLE,False,0,False,False,DATA_INVALID,10,DataHealth invalid; Contract invalid: Quote stale or spread hard rejected.; SideDirection hard reject: -21.2 < 65.0; PremiumElasticity hard reject: 0.50 < 1.00; Expected/Required hard reject: 1.17 < 1.60; FinalConfidence below configured minimum; ExecutionQuality below excellent gate: 37.3 < 80.0; ConvexityEdge below excellent gate: 71.4 < 80.0; OpportunityConfidence below excellent gate: 63.8 < 70.0; RegimeFit below excellent gate: 60.0 < 70.0,,
2026-08-24T14:01:23.045616+05:30,2026-08-24,GRASIM,NSE,STOCK,NSE_STOCK_OPTION,PAPER_ELIGIBLE,STOCK:GRASIM,paper-strategy-8ade763620b6,opportunity-score-8ade763620b6,universe-a8e55c76a270,PAPER_OVERRIDE::FYERS_PAPER_PROXY_RESEARCH,PE,UNKNOWN,3280.0,21.2,False,,,Underlying move below identification minimum.,False,,,,,ATM IV unavailable.,,GRASIM,NOT_CONFIGURED,,3f3175605513,WARMUP_OBSERVATIONS,47,1,0,90.0,65.0,1.0,1.6,70.0,65.0,35.0,50.0,inf,3.0,20.0,GLOBAL_POLICY_FLOOR>CLASS_FLOOR>INSTRUMENT_LEARNED_FLOOR; LOWER=max; UPPER=min,CONSTRAINED_WALK_FORWARD,WARMUP_OBSERVATIONS,,0,0,,,0.0,,FYERS_PAPER_PROXY_RESEARCH,FYERS_PAPER_RESEARCH_ONLY,COST_MODEL_UNVALIDATED,False,False,DISABLED,Daily market context is disabled until operator review,MANUAL_PROXY_RESEARCH,False,True,MEASURED,FIVE_LEVEL,FYERS_MARKET_DEPTH,5,5,250,250,1250,2000,2026-08-24T08:31:14+00:00,IV_UNAVAILABLE,False,0,False,False,DATA_INVALID,10,DataHealth invalid; Contract invalid: Quote stale or spread hard rejected.; SideDirection hard reject: 21.2 < 65.0; PremiumElasticity hard reject: 0.50 < 1.00; Expected/Required hard reject: 1.17 < 1.60; FinalConfidence below configured minimum; ExecutionQuality below excellent gate: 0.0 < 80.0; ConvexityEdge below excellent gate: 71.4 < 80.0; OpportunityConfidence below excellent gate: 59.3 < 70.0; RegimeFit below excellent gate: 60.0 < 70.0,,
2026-08-24T14:01:23.045616+05:30,2026-08-24,GRASIM,NSE,STOCK,NSE_STOCK_OPTION,PAPER_ELIGIBLE,STOCK:GRASIM,paper-strategy-8ade763620b6,opportunity-score-8ade763620b6,universe-a8e55c76a270,PAPER_OVERRIDE::FYERS_PAPER_PROXY_RESEARCH,CE,UNKNOWN,3260.0,0.0,False,,,Underlying move below identification minimum.,False,,,,,ATM IV unavailable.,,GRASIM,NOT_CONFIGURED,,3f3175605513,WARMUP_OBSERVATIONS,47,1,0,90.0,65.0,1.0,1.6,70.0,65.0,35.0,50.0,inf,3.0,20.0,GLOBAL_POLICY_FLOOR>CLASS_FLOOR>INSTRUMENT_LEARNED_FLOOR; LOWER=max; UPPER=min,CONSTRAINED_WALK_FORWARD,WARMUP_OBSERVATIONS,,0,0,,,0.0,,FYERS_PAPER_PROXY_RESEARCH,FYERS_PAPER_RESEARCH_ONLY,COST_MODEL_UNVALIDATED,False,False,DISABLED,Daily market context is disabled until operator review,MANUAL_PROXY_RESEARCH,False,True,MEASURED,FIVE_LEVEL,FYERS_MARKET_DEPTH,5,5,250,250,2000,1250,2026-08-24T08:31:06+00:00,IV_UNAVAILABLE,False,0,False,False,DATA_INVALID,10,DataHealth invalid; Contract invalid: Quote stale or spread hard rejected.; SideDirection hard reject: -21.2 < 65.0; PremiumElasticity hard reject: 0.70 < 1.00; Expected/Required hard reject: 1.17 < 1.60; FinalConfidence below configured minimum; ExecutionQuality below excellent gate: 3.6 < 80.0; ConvexityEdge below excellent gate: 71.4 < 80.0; OpportunityConfidence below excellent gate: 57.1 < 70.0; RegimeFit below excellent gate: 60.0 < 70.0,,
2026-08-24T14:01:23.045616+05:30,2026-08-24,GRASIM,NSE,STOCK,NSE_STOCK_OPTION,PAPER_ELIGIBLE,STOCK:GRASIM,paper-strategy-8ade763620b6,opportunity-score-8ade763620b6,universe-a8e55c76a270,PAPER_OVERRIDE::FYERS_PAPER_PROXY_RESEARCH,PE,UNKNOWN,3260.0,21.2,False,,,Underlying move below identification minimum.,False,,,,,ATM IV unavailable.,,GRASIM,NOT_CONFIGURED,,3f3175605513,WARMUP_OBSERVATIONS,47,1,0,90.0,65.0,1.0,1.6,70.0,65.0,35.0,50.0,inf,3.0,20.0,GLOBAL_POLICY_FLOOR>CLASS_FLOOR>INSTRUMENT_LEARNED_FLOOR; LOWER=max; UPPER=min,CONSTRAINED_WALK_FORWARD,WARMUP_OBSERVATIONS,,0,0,,,0.0,,FYERS_PAPER_PROXY_RESEARCH,FYERS_PAPER_RESEARCH_ONLY,COST_MODEL_UNVALIDATED,False,False,DISABLED,Daily market context is disabled until operator review,MANUAL_PROXY_RESEARCH,False,True,MEASURED,FIVE_LEVEL,FYERS_MARKET_DEPTH,5,5,250,250,3250,3500,2026-08-24T08:31:14+00:00,IV_UNAVAILABLE,False,0,False,False,DATA_INVALID,10,DataHealth invalid; Contract invalid: Quote stale or spread hard rejected.; SideDirection hard reject: 21.2 < 65.0; PremiumElasticity hard reject: 0.30 < 1.00; Expected/Required hard reject: 1.17 < 1.60; FinalConfidence below configured minimum; ExecutionQuality below excellent gate: 0.0 < 80.0; ConvexityEdge below excellent gate: 57.4 < 80.0; OpportunityConfidence below excellent gate: 61.2 < 70.0; RegimeFit below excellent gate: 60.0 < 70.0,,
2026-08-24T14:01:23.045616+05:30,2026-08-24,GRASIM,NSE,STOCK,NSE_STOCK_OPTION,PAPER_ELIGIBLE,STOCK:GRASIM,paper-strategy-8ade763620b6,opportunity-score-8ade763620b6,universe-a8e55c76a270,PAPER_OVERRIDE::FYERS_PAPER_PROXY_RESEARCH,PE,UNKNOWN,3300.0,21.2,False,,,Underlying move below identification minimum.,False,,,,,ATM IV unavailable.,,GRASIM,NOT_CONFIGURED,,3f3175605513,WARMUP_OBSERVATIONS,47,1,0,90.0,65.0,1.0,1.6,70.0,65.0,35.0,50.0,inf,3.0,20.0,GLOBAL_POLICY_FLOOR>CLASS_FLOOR>INSTRUMENT_LEARNED_FLOOR; LOWER=max; UPPER=min,CONSTRAINED_WALK_FORWARD,WARMUP_OBSERVATIONS,,0,0,,,0.0,,FYERS_PAPER_PROXY_RESEARCH,FYERS_PAPER_RESEARCH_ONLY,COST_MODEL_UNVALIDATED,False,False,DISABLED,Daily market context is disabled until operator review,MANUAL_PROXY_RESEARCH,False,True,MEASURED,FIVE_LEVEL,FYERS_MARKET_DEPTH,5,5,500,250,1500,2250,2026-08-24T08:31:14+00:00,IV_UNAVAILABLE,False,0,False,False,DATA_INVALID,8,DataHealth invalid; Contract invalid: Quote stale or spread hard rejected.; SideDirection hard reject: 21.2 < 65.0; PremiumElasticity hard reject: 0.70 < 1.00; Expected/Required hard reject: 1.17 < 1.60; ExecutionQuality below excellent gate: 38.1 < 80.0; ConvexityEdge below excellent gate: 71.4 < 80.0; RegimeFit below excellent gate: 60.0 < 70.0,,
2026-08-24T14:01:23.045616+05:30,2026-08-24,HCLTECH,NSE,STOCK,NSE_STOCK_OPTION,PAPER_ELIGIBLE,STOCK:HCLTECH,paper-strategy-8ade763620b6,opportunity-score-8ade763620b6,universe-a8e55c76a270,PAPER_OVERRIDE::FYERS_PAPER_PROXY_RESEARCH,CE,UNKNOWN,1310.0,1.2,False,,,Non-positive observation interval.,False,,,,,ATM IV unavailable.,,HCLTECH,NOT_CONFIGURED,,bd3813497287,WARMUP_OBSERVATIONS,28,1,0,90.0,65.0,1.0,1.6,70.0,65.0,35.0,50.0,inf,3.0,20.0,GLOBAL_POLICY_FLOOR>CLASS_FLOOR>INSTRUMENT_LEARNED_FLOOR; LOWER=max; UPPER=min,CONSTRAINED_WALK_FORWARD,WARMUP_OBSERVATIONS,,0,0,,,0.0,,FYERS_PAPER_PROXY_RESEARCH,FYERS_PAPER_RESEARCH_ONLY,COST_MODEL_UNVALIDATED,False,False,DISABLED,Daily market context is disabled until operator review,MANUAL_PROXY_RESEARCH,False,True,MEASURED,FIVE_LEVEL,FYERS_MARKET_DEPTH,5,5,400,400,3200,3200,2026-08-24T08:26:23+00:00,IV_UNAVAILABLE,False,0,False,False,DATA_INVALID,11,DataHealth invalid; Contract invalid: Quote stale or spread hard rejected.; SideDirection hard reject: 1.2 < 65.0; PremiumElasticity hard reject: 0.70 < 1.00; Expected/Required hard reject: 1.17 < 1.60; TradeQuality below configured minimum; FinalConfidence below configured minimum; ExecutionQuality below excellent gate: 0.0 < 80.0; ConvexityEdge below excellent gate: 71.4 < 80.0; OpportunityConfidence below excellent gate: 37.7 < 70.0; RegimeFit below excellent gate: 60.0 < 70.0,,
2026-08-24T14:01:23.045616+05:30,2026-08-24,HCLTECH,NSE,STOCK,NSE_STOCK_OPTION,PAPER_ELIGIBLE,STOCK:HCLTECH,paper-strategy-8ade763620b6,opportunity-score-8ade763620b6,universe-a8e55c76a270,PAPER_OVERRIDE::FYERS_PAPER_PROXY_RESEARCH,PE,UNKNOWN,1330.0,0.0,False,,,Non-positive observation interval.,False,,,,,ATM IV unavailable.,,HCLTECH,NOT_CONFIGURED,,bd3813497287,WARMUP_OBSERVATIONS,28,1,0,90.0,65.0,1.0,1.6,70.0,65.0,35.0,50.0,inf,3.0,20.0,GLOBAL_POLICY_FLOOR>CLASS_FLOOR>INSTRUMENT_LEARNED_FLOOR; LOWER=max; UPPER=min,CONSTRAINED_WALK_FORWARD,WARMUP_OBSERVATIONS,,0,0,,,0.0,,FYERS_PAPER_PROXY_RESEARCH,FYERS_PAPER_RESEARCH_ONLY,COST_MODEL_UNVALIDATED,False,False,DISABLED,Daily market context is disabled until operator review,MANUAL_PROXY_RESEARCH,False,True,MEASURED,FIVE_LEVEL,FYERS_MARKET_DEPTH,5,5,800,800,3600,3600,2026-08-24T08:30:36+00:00,IV_UNAVAILABLE,False,0,False,False,DATA_INVALID,11,DataHealth invalid; Contract invalid: Quote stale or spread hard rejected.; SideDirection hard reject: -1.2 < 65.0; PremiumElasticity hard reject: 0.70 < 1.00; Expected/Required hard reject: 1.17 < 1.60; TradeQuality below configured minimum; FinalConfidence below configured minimum; ExecutionQuality below excellent gate: 0.0 < 80.0; ConvexityEdge below excellent gate: 71.4 < 80.0; OpportunityConfidence below excellent gate: 34.7 < 70.0; RegimeFit below excellent gate: 60.0 < 70.0,,
2026-08-24T14:05:20.913247+05:30,2026-08-24,BANKNIFTY,NSE,INDEX,NSE_INDEX,PAPER_ELIGIBLE,INDEX:BANKING,paper-strategy-8ade763620b6,opportunity-score-8ade763620b6,universe-a8e55c76a270,PAPER_OVERRIDE::FYERS_PAPER_PROXY_RESEARCH,CE,UNKNOWN,57300.0,2.9,False,,,Underlying move below identification minimum.,False,,,,,ATM IV unavailable.,1.7490,banknifty_fast_wbci,VALID,1.1677,2e840ccd58d1,WARMUP_OBSERVATIONS,317,1,0,80.0,65.0,1.0,1.6,70.0,65.0,35.0,50.0,inf,2.0,10.0,GLOBAL_POLICY_FLOOR>CLASS_FLOOR>INSTRUMENT_LEARNED_FLOOR; LOWER=max; UPPER=min,CONSTRAINED_WALK_FORWARD,WARMUP_OBSERVATIONS,,0,0,,,0.0,,FYERS_PAPER_PROXY_RESEARCH,FYERS_PAPER_RESEARCH_ONLY,COST_MODEL_UNVALIDATED,False,False,DISABLED,Daily market context is disabled until operator review,MANUAL_PROXY_RESEARCH,False,True,MEASURED,FIVE_LEVEL,FYERS_MARKET_DEPTH,5,5,510,30,1230,270,2026-08-24T08:34:54+00:00,IV_UNAVAILABLE,False,0,False,False,DATA_INVALID,7,DataHealth invalid; Contract invalid: Quote stale or spread hard rejected.; SideDirection hard reject: 2.9 < 65.0; PremiumElasticity hard reject: 0.50 < 1.00; Expected/Required hard reject: 1.42 < 1.60; TradeQuality below configured minimum; ConvexityEdge below excellent gate: 71.4 < 80.0,,
2026-08-24T14:05:20.913247+05:30,2026-08-24,BANKNIFTY,NSE,INDEX,NSE_INDEX,PAPER_ELIGIBLE,INDEX:BANKING,paper-strategy-8ade763620b6,opportunity-score-8ade763620b6,universe-a8e55c76a270,PAPER_OVERRIDE::FYERS_PAPER_PROXY_RESEARCH,PE,UNKNOWN,57300.0,0.0,False,,,Underlying move below identification minimum.,False,,,,,ATM IV unavailable.,1.7490,banknifty_fast_wbci,VALID,1.1677,2e840ccd58d1,WARMUP_OBSERVATIONS,317,1,0,80.0,65.0,1.0,1.6,70.0,65.0,35.0,50.0,inf,2.0,10.0,GLOBAL_POLICY_FLOOR>CLASS_FLOOR>INSTRUMENT_LEARNED_FLOOR; LOWER=max; UPPER=min,CONSTRAINED_WALK_FORWARD,WARMUP_OBSERVATIONS,,0,0,,,0.0,,FYERS_PAPER_PROXY_RESEARCH,FYERS_PAPER_RESEARCH_ONLY,COST_MODEL_UNVALIDATED,False,False,DISABLED,Daily market context is disabled until operator review,MANUAL_PROXY_RESEARCH,False,True,MEASURED,FIVE_LEVEL,FYERS_MARKET_DEPTH,5,5,30,30,810,660,2026-08-24T08:34:55+00:00,IV_UNAVAILABLE,False,0,False,False,DATA_INVALID,7,DataHealth invalid; Contract invalid: Quote stale or spread hard rejected.; SideDirection hard reject: -2.9 < 65.0; PremiumElasticity hard reject: 0.50 < 1.00; Expected/Required hard reject: 1.42 < 1.60; TradeQuality below configured minimum; ConvexityEdge below excellent gate: 71.4 < 80.0,,
2026-08-24T14:05:20.913247+05:30,2026-08-24,BANKNIFTY,NSE,INDEX,NSE_INDEX,PAPER_ELIGIBLE,INDEX:BANKING,paper-strategy-8ade763620b6,opportunity-score-8ade763620b6,universe-a8e55c76a270,PAPER_OVERRIDE::FYERS_PAPER_PROXY_RESEARCH,CE,UNKNOWN,57400.0,2.9,False,,,Underlying move below identification minimum.,False,,,,,ATM IV unavailable.,1.7490,banknifty_fast_wbci,VALID,1.1677,2e840ccd58d1,WARMUP_OBSERVATIONS,317,1,0,80.0,65.0,1.0,1.6,70.0,65.0,35.0,50.0,inf,2.0,10.0,GLOBAL_POLICY_FLOOR>CLASS_FLOOR>INSTRUMENT_LEARNED_FLOOR; LOWER=max; UPPER=min,CONSTRAINED_WALK_FORWARD,WARMUP_OBSERVATIONS,,0,0,,,0.0,,FYERS_PAPER_PROXY_RESEARCH,FYERS_PAPER_RESEARCH_ONLY,COST_MODEL_UNVALIDATED,False,False,DISABLED,Daily market context is disabled until operator review,MANUAL_PROXY_RESEARCH,False,True,MEASURED,FIVE_LEVEL,FYERS_MARKET_DEPTH,5,5,60,30,1050,390,2026-08-24T08:34:56+00:00,IV_UNAVAILABLE,False,0,False,False,DATA_INVALID,7,DataHealth invalid; Contract invalid: Quote stale or spread hard rejected.; SideDirection hard reject: 2.9 < 65.0; PremiumElasticity hard reject: 0.30 < 1.00; Expected/Required hard reject: 1.42 < 1.60; TradeQuality below configured minimum; ConvexityEdge below excellent gate: 57.4 < 80.0,,
2026-08-24T14:05:20.913247+05:30,2026-08-24,BANKNIFTY,NSE,INDEX,NSE_INDEX,PAPER_ELIGIBLE,INDEX:BANKING,paper-strategy-8ade763620b6,opportunity-score-8ade763620b6,universe-a8e55c76a270,PAPER_OVERRIDE::FYERS_PAPER_PROXY_RESEARCH,PE,UNKNOWN,57400.0,0.0,False,,,Underlying move below identification minimum.,False,,,,,ATM IV unavailable.,1.7490,banknifty_fast_wbci,VALID,1.1677,2e840ccd58d1,WARMUP_OBSERVATIONS,317,1,0,80.0,65.0,1.0,1.6,70.0,65.0,35.0,50.0,inf,2.0,10.0,GLOBAL_POLICY_FLOOR>CLASS_FLOOR>INSTRUMENT_LEARNED_FLOOR; LOWER=max; UPPER=min,CONSTRAINED_WALK_FORWARD,WARMUP_OBSERVATIONS,,0,0,,,0.0,,FYERS_PAPER_PROXY_RESEARCH,FYERS_PAPER_RESEARCH_ONLY,COST_MODEL_UNVALIDATED,False,False,DISABLED,Daily market context is disabled until operator review,MANUAL_PROXY_RESEARCH,False,True,MEASURED,FIVE_LEVEL,FYERS_MARKET_DEPTH,5,5,60,30,720,420,2026-08-24T08:34:55+00:00,IV_UNAVAILABLE,False,0,False,False,DATA_INVALID,7,DataHealth invalid; Contract invalid: Quote stale or spread hard rejected.; SideDirection hard reject: -2.9 < 65.0; PremiumElasticity hard reject: 0.70 < 1.00; Expected/Required hard reject: 1.42 < 1.60; TradeQuality below configured minimum; ConvexityEdge below excellent gate: 71.4 < 80.0,,
2026-08-24T14:05:20.913247+05:30,2026-08-24,MIDCPNIFTY,NSE,INDEX,NSE_INDEX,PAPER_ELIGIBLE,INDEX:MIDCAP,paper-strategy-8ade763620b6,opportunity-score-8ade763620b6,universe-a8e55c76a270,PAPER_OVERRIDE::FYERS_PAPER_PROXY_RESEARCH,CE,UNKNOWN,14875.0,3.9,False,,,Underlying move below identification minimum.,False,,,,,ATM IV unavailable.,9.4156,midcap_direction_proxy,PARTIAL_MIDCAP,5.5129,712afad509f5,WARMUP_OBSERVATIONS,155,1,0,80.0,65.0,1.0,1.6,70.0,65.0,35.0,50.0,inf,2.0,10.0,GLOBAL_POLICY_FLOOR>CLASS_FLOOR>INSTRUMENT_LEARNED_FLOOR; LOWER=max; UPPER=min,CONSTRAINED_WALK_FORWARD,WARMUP_OBSERVATIONS,,0,0,,,0.0,,FYERS_PAPER_PROXY_RESEARCH,FYERS_PAPER_RESEARCH_ONLY,COST_MODEL_UNVALIDATED,False,False,DISABLED,Daily market context is disabled until operator review,MANUAL_PROXY_RESEARCH,False,True,MEASURED,FIVE_LEVEL,FYERS_MARKET_DEPTH,5,5,120,360,1800,2760,2026-08-24T08:34:54+00:00,IV_UNAVAILABLE,False,0,False,False,DATA_INVALID,7,DataHealth invalid; Contract invalid: Quote stale or spread hard rejected.; SideDirection hard reject: 3.9 < 65.0; PremiumElasticity hard reject: 0.50 < 1.00; Expected/Required hard reject: 1.08 < 1.60; TradeQuality below configured minimum; ConvexityEdge below excellent gate: 70.4 < 80.0,,
2026-08-24T14:05:20.913247+05:30,2026-08-24,MIDCPNIFTY,NSE,INDEX,NSE_INDEX,PAPER_ELIGIBLE,INDEX:MIDCAP,paper-strategy-8ade763620b6,opportunity-score-8ade763620b6,universe-a8e55c76a270,PAPER_OVERRIDE::FYERS_PAPER_PROXY_RESEARCH,CE,UNKNOWN,14850.0,3.9,False,,,Underlying move below identification minimum.,False,,,,,ATM IV unavailable.,9.4156,midcap_direction_proxy,PARTIAL_MIDCAP,5.5129,712afad509f5,WARMUP_OBSERVATIONS,155,1,0,80.0,65.0,1.0,1.6,70.0,65.0,35.0,50.0,inf,2.0,10.0,GLOBAL_POLICY_FLOOR>CLASS_FLOOR>INSTRUMENT_LEARNED_FLOOR; LOWER=max; UPPER=min,CONSTRAINED_WALK_FORWARD,WARMUP_OBSERVATIONS,,0,0,,,0.0,,FYERS_PAPER_PROXY_RESEARCH,FYERS_PAPER_RESEARCH_ONLY,COST_MODEL_UNVALIDATED,False,False,DISABLED,Daily market context is disabled until operator review,MANUAL_PROXY_RESEARCH,False,True,MEASURED,FIVE_LEVEL,FYERS_MARKET_DEPTH,5,5,120,240,720,1080,2026-08-24T08:34:56+00:00,IV_UNAVAILABLE,False,0,False,False,DATA_INVALID,7,DataHealth invalid; Contract invalid: Quote stale or spread hard rejected.; SideDirection hard reject: 3.9 < 65.0; PremiumElasticity hard reject: 0.70 < 1.00; Expected/Required hard reject: 1.08 < 1.60; TradeQuality below configured minimum; ConvexityEdge below excellent gate: 70.4 < 80.0,,
2026-08-24T14:05:20.913247+05:30,2026-08-24,RELIANCE,NSE,STOCK,NSE_STOCK_OPTION,PAPER_ELIGIBLE,STOCK:RELIANCE,paper-strategy-8ade763620b6,opportunity-score-8ade763620b6,universe-a8e55c76a270,PAPER_OVERRIDE::FYERS_PAPER_PROXY_RESEARCH,CE,UNKNOWN,1290.0,1.8,False,,,Observation interval exceeds rolling window.,False,,,,,ATM IV unavailable.,,RELIANCE,NOT_CONFIGURED,,3ba6a2c9a638,WARMUP_OBSERVATIONS,1,1,0,90.0,65.0,1.0,1.6,70.0,65.0,35.0,50.0,inf,3.0,20.0,GLOBAL_POLICY_FLOOR>CLASS_FLOOR>INSTRUMENT_LEARNED_FLOOR; LOWER=max; UPPER=min,CONSTRAINED_WALK_FORWARD,WARMUP_OBSERVATIONS,,0,0,,,0.0,,FYERS_PAPER_PROXY_RESEARCH,FYERS_PAPER_RESEARCH_ONLY,COST_MODEL_UNVALIDATED,False,False,DISABLED,Daily market context is disabled until operator review,MANUAL_PROXY_RESEARCH,False,True,MEASURED,FIVE_LEVEL,FYERS_MARKET_DEPTH,5,5,2000,1500,7000,3500,2026-08-24T08:33:01+00:00,IV_UNAVAILABLE,False,0,False,False,DATA_INVALID,11,DataHealth invalid; Contract invalid: Quote stale or spread hard rejected.; SideDirection hard reject: 1.8 < 65.0; PremiumElasticity hard reject: 0.70 < 1.00; Expected/Required hard reject: 1.17 < 1.60; TradeQuality below configured minimum; FinalConfidence below configured minimum; ExecutionQuality below excellent gate: 5.2 < 80.0; ConvexityEdge below excellent gate: 71.4 < 80.0; OpportunityConfidence below excellent gate: 49.8 < 70.0; RegimeFit below excellent gate: 60.0 < 70.0,,
2026-08-24T14:05:20.913247+05:30,2026-08-24,SBILIFE,NSE,STOCK,NSE_STOCK_OPTION,PAPER_ELIGIBLE,STOCK:SBILIFE,paper-strategy-8ade763620b6,opportunity-score-8ade763620b6,universe-a8e55c76a270,PAPER_OVERRIDE::FYERS_PAPER_PROXY_RESEARCH,CE,UNKNOWN,1780.0,0.0,False,,,Observation interval exceeds rolling window.,False,,,,,ATM IV unavailable.,,SBILIFE,NOT_CONFIGURED,,e7a0ecf82f7b,WARMUP_OBSERVATIONS,25,1,0,90.0,65.0,1.0,1.6,70.0,65.0,35.0,50.0,inf,3.0,20.0,GLOBAL_POLICY_FLOOR>CLASS_FLOOR>INSTRUMENT_LEARNED_FLOOR; LOWER=max; UPPER=min,CONSTRAINED_WALK_FORWARD,WARMUP_OBSERVATIONS,,0,0,,,0.0,,FYERS_PAPER_PROXY_RESEARCH,FYERS_PAPER_RESEARCH_ONLY,COST_MODEL_UNVALIDATED,False,False,DISABLED,Daily market context is disabled until operator review,MANUAL_PROXY_RESEARCH,False,True,MEASURED,FIVE_LEVEL,FYERS_MARKET_DEPTH,5,5,375,750,4125,4125,2026-08-24T08:34:14+00:00,IV_UNAVAILABLE,False,0,False,False,DATA_INVALID,11,DataHealth invalid; Contract invalid: Quote stale or spread hard rejected.; SideDirection hard reject: -23.0 < 65.0; PremiumElasticity hard reject: 0.50 < 1.00; Expected/Required hard reject: 1.17 < 1.60; TradeQuality below configured minimum; FinalConfidence below configured minimum; ExecutionQuality below excellent gate: 0.0 < 80.0; ConvexityEdge below excellent gate: 71.4 < 80.0; OpportunityConfidence below excellent gate: 39.2 < 70.0; RegimeFit below excellent gate: 60.0 < 70.0,,
2026-08-24T14:05:20.913247+05:30,2026-08-24,SBILIFE,NSE,STOCK,NSE_STOCK_OPTION,PAPER_ELIGIBLE,STOCK:SBILIFE,paper-strategy-8ade763620b6,opportunity-score-8ade763620b6,universe-a8e55c76a270,PAPER_OVERRIDE::FYERS_PAPER_PROXY_RESEARCH,PE,UNKNOWN,1780.0,23.0,False,,,Observation interval exceeds rolling window.,False,,,,,ATM IV unavailable.,,SBILIFE,NOT_CONFIGURED,,e7a0ecf82f7b,WARMUP_OBSERVATIONS,25,1,0,90.0,65.0,1.0,1.6,70.0,65.0,35.0,50.0,inf,3.0,20.0,GLOBAL_POLICY_FLOOR>CLASS_FLOOR>INSTRUMENT_LEARNED_FLOOR; LOWER=max; UPPER=min,CONSTRAINED_WALK_FORWARD,WARMUP_OBSERVATIONS,,0,0,,,0.0,,FYERS_PAPER_PROXY_RESEARCH,FYERS_PAPER_RESEARCH_ONLY,COST_MODEL_UNVALIDATED,False,False,DISABLED,Daily market context is disabled until operator review,MANUAL_PROXY_RESEARCH,False,True,MEASURED,FIVE_LEVEL,FYERS_MARKET_DEPTH,5,5,1125,375,3000,3375,2026-08-24T08:32:00+00:00,IV_UNAVAILABLE,False,0,False,False,DATA_INVALID,11,DataHealth invalid; Contract invalid: Quote stale or spread hard rejected.; SideDirection hard reject: 23.0 < 65.0; PremiumElasticity hard reject: 0.50 < 1.00; Expected/Required hard reject: 1.17 < 1.60; TradeQuality below configured minimum; FinalConfidence below configured minimum; ExecutionQuality below excellent gate: 0.0 < 80.0; ConvexityEdge below excellent gate: 71.4 < 80.0; OpportunityConfidence below excellent gate: 49.3 < 70.0; RegimeFit below excellent gate: 60.0 < 70.0,,
2026-08-24T14:05:20.913247+05:30,2026-08-24,SBILIFE,NSE,STOCK,NSE_STOCK_OPTION,PAPER_ELIGIBLE,STOCK:SBILIFE,paper-strategy-8ade763620b6,opportunity-score-8ade763620b6,universe-a8e55c76a270,PAPER_OVERRIDE::FYERS_PAPER_PROXY_RESEARCH,PE,UNKNOWN,1760.0,23.0,False,,,Non-positive observation interval.,False,,,,,ATM IV unavailable.,,SBILIFE,NOT_CONFIGURED,,e7a0ecf82f7b,WARMUP_OBSERVATIONS,25,1,0,90.0,65.0,1.0,1.6,70.0,65.0,35.0,50.0,inf,3.0,20.0,GLOBAL_POLICY_FLOOR>CLASS_FLOOR>INSTRUMENT_LEARNED_FLOOR; LOWER=max; UPPER=min,CONSTRAINED_WALK_FORWARD,WARMUP_OBSERVATIONS,,0,0,,,0.0,,FYERS_PAPER_PROXY_RESEARCH,FYERS_PAPER_RESEARCH_ONLY,COST_MODEL_UNVALIDATED,False,False,DISABLED,Daily market context is disabled until operator review,MANUAL_PROXY_RESEARCH,False,True,MEASURED,FIVE_LEVEL,FYERS_MARKET_DEPTH,5,5,750,375,4875,3375,2026-08-24T08:24:10+00:00,IV_UNAVAILABLE,False,0,False,False,DATA_INVALID,11,DataHealth invalid; Contract invalid: Quote stale or spread hard rejected.; SideDirection hard reject: 23.0 < 65.0; PremiumElasticity hard reject: 0.30 < 1.00; Expected/Required hard reject: 1.17 < 1.60; TradeQuality below configured minimum; FinalConfidence below configured minimum; ExecutionQuality below excellent gate: 0.0 < 80.0; ConvexityEdge below excellent gate: 57.4 < 80.0; OpportunityConfidence below excellent gate: 46.1 < 70.0; RegimeFit below excellent gate: 60.0 < 70.0,,
2026-08-24T14:05:20.913247+05:30,2026-08-24,SHRIRAMFIN,NSE,STOCK,NSE_STOCK_OPTION,PAPER_ELIGIBLE,STOCK:SHRIRAMFIN,paper-strategy-8ade763620b6,opportunity-score-8ade763620b6,universe-a8e55c76a270,PAPER_OVERRIDE::FYERS_PAPER_PROXY_RESEARCH,PE,UNKNOWN,1140.0,2.2,False,,,Observation interval exceeds rolling window.,False,,,,,ATM IV unavailable.,,SHRIRAMFIN,NOT_CONFIGURED,,040b04cc83f4,WARMUP_OBSERVATIONS,17,1,0,90.0,65.0,1.0,1.6,70.0,65.0,35.0,50.0,inf,3.0,20.0,GLOBAL_POLICY_FLOOR>CLASS_FLOOR>INSTRUMENT_LEARNED_FLOOR; LOWER=max; UPPER=min,CONSTRAINED_WALK_FORWARD,WARMUP_OBSERVATIONS,,0,0,,,0.0,,FYERS_PAPER_PROXY_RESEARCH,FYERS_PAPER_RESEARCH_ONLY,COST_MODEL_UNVALIDATED,False,False,DISABLED,Daily market context is disabled until operator review,MANUAL_PROXY_RESEARCH,False,True,MEASURED,FIVE_LEVEL,FYERS_MARKET_DEPTH,5,5,825,1650,4950,7425,2026-08-24T08:33:00+00:00,IV_UNAVAILABLE,False,0,False,False,DATA_INVALID,11,DataHealth invalid; Contract invalid: Quote stale or spread hard rejected.; SideDirection hard reject: 2.2 < 65.0; PremiumElasticity hard reject: 0.70 < 1.00; Expected/Required hard reject: 1.17 < 1.60; TradeQuality below configured minimum; FinalConfidence below configured minimum; ExecutionQuality below excellent gate: 56.4 < 80.0; ConvexityEdge below excellent gate: 71.4 < 80.0; OpportunityConfidence below excellent gate: 60.6 < 70.0; RegimeFit below excellent gate: 60.0 < 70.0,,
2026-08-24T14:05:20.913247+05:30,2026-08-24,SUNPHARMA,NSE,STOCK,NSE_STOCK_OPTION,PAPER_ELIGIBLE,STOCK:SUNPHARMA,paper-strategy-8ade763620b6,opportunity-score-8ade763620b6,universe-a8e55c76a270,PAPER_OVERRIDE::FYERS_PAPER_PROXY_RESEARCH,PE,UNKNOWN,1920.0,0.0,False,,,Observation interval exceeds rolling window.,False,,,,,ATM IV unavailable.,,SUNPHARMA,NOT_CONFIGURED,,cb1e16815115,WARMUP_OBSERVATIONS,29,1,0,90.0,65.0,1.0,1.6,70.0,65.0,35.0,50.0,inf,3.0,20.0,GLOBAL_POLICY_FLOOR>CLASS_FLOOR>INSTRUMENT_LEARNED_FLOOR; LOWER=max; UPPER=min,CONSTRAINED_WALK_FORWARD,WARMUP_OBSERVATIONS,,0,0,,,0.0,,FYERS_PAPER_PROXY_RESEARCH,FYERS_PAPER_RESEARCH_ONLY,COST_MODEL_UNVALIDATED,False,False,DISABLED,Daily market context is disabled until operator review,MANUAL_PROXY_RESEARCH,False,True,MEASURED,FIVE_LEVEL,FYERS_MARKET_DEPTH,5,5,700,700,2450,2800,2026-08-24T08:34:45+00:00,IV_UNAVAILABLE,False,0,False,False,DATA_INVALID,11,DataHealth invalid; Contract invalid: Quote stale or spread hard rejected.; SideDirection hard reject: -4.6 < 65.0; PremiumElasticity hard reject: 0.50 < 1.00; Expected/Required hard reject: 1.17 < 1.60; TradeQuality below configured minimum; FinalConfidence below configured minimum; ExecutionQuality below excellent gate: 4.0 < 80.0; ConvexityEdge below excellent gate: 71.4 < 80.0; OpportunityConfidence below excellent gate: 54.6 < 70.0; RegimeFit below excellent gate: 60.0 < 70.0,,
2026-08-24T14:05:20.913247+05:30,2026-08-24,SUNPHARMA,NSE,STOCK,NSE_STOCK_OPTION,PAPER_ELIGIBLE,STOCK:SUNPHARMA,paper-strategy-8ade763620b6,opportunity-score-8ade763620b6,universe-a8e55c76a270,PAPER_OVERRIDE::FYERS_PAPER_PROXY_RESEARCH,CE,UNKNOWN,1900.0,4.6,False,,,Observation interval exceeds rolling window.,False,,,,,ATM IV unavailable.,,SUNPHARMA,NOT_CONFIGURED,,cb1e16815115,WARMUP_OBSERVATIONS,29,1,0,90.0,65.0,1.0,1.6,70.0,65.0,35.0,50.0,inf,3.0,20.0,GLOBAL_POLICY_FLOOR>CLASS_FLOOR>INSTRUMENT_LEARNED_FLOOR; LOWER=max; UPPER=min,CONSTRAINED_WALK_FORWARD,WARMUP_OBSERVATIONS,,0,0,,,0.0,,FYERS_PAPER_PROXY_RESEARCH,FYERS_PAPER_RESEARCH_ONLY,COST_MODEL_UNVALIDATED,False,False,DISABLED,Daily market context is disabled until operator review,MANUAL_PROXY_RESEARCH,False,True,MEASURED,FIVE_LEVEL,FYERS_MARKET_DEPTH,5,5,700,700,2450,2100,2026-08-24T08:33:40+00:00,IV_UNAVAILABLE,False,0,False,False,DATA_INVALID,11,DataHealth invalid; Contract invalid: Quote stale or spread hard rejected.; SideDirection hard reject: 4.6 < 65.0; PremiumElasticity hard reject: 0.70 < 1.00; Expected/Required hard reject: 1.17 < 1.60; TradeQuality below configured minimum; FinalConfidence below configured minimum; ExecutionQuality below excellent gate: 0.0 < 80.0; ConvexityEdge below excellent gate: 71.4 < 80.0; OpportunityConfidence below excellent gate: 49.4 < 70.0; RegimeFit below excellent gate: 60.0 < 70.0,,
2026-08-24T14:05:20.913247+05:30,2026-08-24,SUNPHARMA,NSE,STOCK,NSE_STOCK_OPTION,PAPER_ELIGIBLE,STOCK:SUNPHARMA,paper-strategy-8ade763620b6,opportunity-score-8ade763620b6,universe-a8e55c76a270,PAPER_OVERRIDE::FYERS_PAPER_PROXY_RESEARCH,PE,UNKNOWN,1900.0,0.0,False,,,Observation interval exceeds rolling window.,False,,,,,ATM IV unavailable.,,SUNPHARMA,NOT_CONFIGURED,,cb1e16815115,WARMUP_OBSERVATIONS,29,1,0,90.0,65.0,1.0,1.6,70.0,65.0,35.0,50.0,inf,3.0,20.0,GLOBAL_POLICY_FLOOR>CLASS_FLOOR>INSTRUMENT_LEARNED_FLOOR; LOWER=max; UPPER=min,CONSTRAINED_WALK_FORWARD,WARMUP_OBSERVATIONS,,0,0,,,0.0,,FYERS_PAPER_PROXY_RESEARCH,FYERS_PAPER_RESEARCH_ONLY,COST_MODEL_UNVALIDATED,False,False,DISABLED,Daily market context is disabled until operator review,MANUAL_PROXY_RESEARCH,False,True,MEASURED,FIVE_LEVEL,FYERS_MARKET_DEPTH,5,5,1050,700,3850,3500,2026-08-24T08:34:07+00:00,IV_UNAVAILABLE,False,0,False,False,DATA_INVALID,11,DataHealth invalid; Contract invalid: Quote stale or spread hard rejected.; SideDirection hard reject: -4.6 < 65.0; PremiumElasticity hard reject: 0.30 < 1.00; Expected/Required hard reject: 1.17 < 1.60; TradeQuality below configured minimum; FinalConfidence below configured minimum; ExecutionQuality below excellent gate: 0.0 < 80.0; ConvexityEdge below excellent gate: 57.4 < 80.0; OpportunityConfidence below excellent gate: 32.8 < 70.0; RegimeFit below excellent gate: 60.0 < 70.0,,
2026-08-24T14:05:20.913247+05:30,2026-08-24,SUNPHARMA,NSE,STOCK,NSE_STOCK_OPTION,PAPER_ELIGIBLE,STOCK:SUNPHARMA,paper-strategy-8ade763620b6,opportunity-score-8ade763620b6,universe-a8e55c76a270,PAPER_OVERRIDE::FYERS_PAPER_PROXY_RESEARCH,PE,UNKNOWN,1940.0,0.0,False,,,Observation interval exceeds rolling window.,False,,,,,ATM IV unavailable.,,SUNPHARMA,NOT_CONFIGURED,,cb1e16815115,WARMUP_OBSERVATIONS,29,1,0,90.0,65.0,1.0,1.6,70.0,65.0,35.0,50.0,inf,3.0,20.0,GLOBAL_POLICY_FLOOR>CLASS_FLOOR>INSTRUMENT_LEARNED_FLOOR; LOWER=max; UPPER=min,CONSTRAINED_WALK_FORWARD,WARMUP_OBSERVATIONS,,0,0,,,0.0,,FYERS_PAPER_PROXY_RESEARCH,FYERS_PAPER_RESEARCH_ONLY,COST_MODEL_UNVALIDATED,False,False,DISABLED,Daily market context is disabled until operator review,MANUAL_PROXY_RESEARCH,False,True,MEASURED,FIVE_LEVEL,FYERS_MARKET_DEPTH,5,5,350,700,3150,2450,2026-08-24T08:34:59+00:00,IV_UNAVAILABLE,False,0,False,False,DATA_INVALID,10,DataHealth invalid; Contract invalid: Quote stale or spread hard rejected.; SideDirection hard reject: -4.6 < 65.0; PremiumElasticity hard reject: 0.70 < 1.00; Expected/Required hard reject: 1.17 < 1.60; TradeQuality below configured minimum; ExecutionQuality below excellent gate: 67.1 < 80.0; ConvexityEdge below excellent gate: 71.4 < 80.0; OpportunityConfidence below excellent gate: 66.3 < 70.0; RegimeFit below excellent gate: 60.0 < 70.0,,
2026-08-24T14:05:20.913247+05:30,2026-08-24,TCS,NSE,STOCK,NSE_STOCK_OPTION,PAPER_ELIGIBLE,STOCK:TCS,paper-strategy-8ade763620b6,opportunity-score-8ade763620b6,universe-a8e55c76a270,PAPER_OVERRIDE::FYERS_PAPER_PROXY_RESEARCH,CE,UNKNOWN,2280.0,0.0,False,,,Observation interval exceeds rolling window.,False,,,,,ATM IV unavailable.,,TCS,NOT_CONFIGURED,,5450c99e8b35,WARMUP_OBSERVATIONS,18,1,0,90.0,65.0,1.0,1.6,70.0,65.0,35.0,50.0,inf,3.0,20.0,GLOBAL_POLICY_FLOOR>CLASS_FLOOR>INSTRUMENT_LEARNED_FLOOR; LOWER=max; UPPER=min,CONSTRAINED_WALK_FORWARD,WARMUP_OBSERVATIONS,,0,0,,,0.0,,FYERS_PAPER_PROXY_RESEARCH,FYERS_PAPER_RESEARCH_ONLY,COST_MODEL_UNVALIDATED,False,False,DISABLED,Daily market context is disabled until operator review,MANUAL_PROXY_RESEARCH,False,True,MEASURED,FIVE_LEVEL,FYERS_MARKET_DEPTH,5,5,900,450,2250,1575,2026-08-24T08:35:04+00:00,IV_UNAVAILABLE,False,0,False,False,DATA_INVALID,11,DataHealth invalid; Contract invalid: Quote stale or spread hard rejected.; SideDirection hard reject: -1.0 < 65.0; PremiumElasticity hard reject: 0.50 < 1.00; Expected/Required hard reject: 1.17 < 1.60; TradeQuality below configured minimum; FinalConfidence below configured minimum; ExecutionQuality below excellent gate: 63.8 < 80.0; ConvexityEdge below excellent gate: 71.4 < 80.0; OpportunityConfidence below excellent gate: 59.2 < 70.0; RegimeFit below excellent gate: 60.0 < 70.0,,
2026-08-24T14:05:20.913247+05:30,2026-08-24,TCS,NSE,STOCK,NSE_STOCK_OPTION,PAPER_ELIGIBLE,STOCK:TCS,paper-strategy-8ade763620b6,opportunity-score-8ade763620b6,universe-a8e55c76a270,PAPER_OVERRIDE::FYERS_PAPER_PROXY_RESEARCH,CE,UNKNOWN,2260.0,0.0,False,,,Observation interval exceeds rolling window.,False,,,,,ATM IV unavailable.,,TCS,NOT_CONFIGURED,,5450c99e8b35,WARMUP_OBSERVATIONS,18,1,0,90.0,65.0,1.0,1.6,70.0,65.0,35.0,50.0,inf,3.0,20.0,GLOBAL_POLICY_FLOOR>CLASS_FLOOR>INSTRUMENT_LEARNED_FLOOR; LOWER=max; UPPER=min,CONSTRAINED_WALK_FORWARD,WARMUP_OBSERVATIONS,,0,0,,,0.0,,FYERS_PAPER_PROXY_RESEARCH,FYERS_PAPER_RESEARCH_ONLY,COST_MODEL_UNVALIDATED,False,False,DISABLED,Daily market context is disabled until operator review,MANUAL_PROXY_RESEARCH,False,True,MEASURED,FIVE_LEVEL,FYERS_MARKET_DEPTH,5,5,450,450,1350,1800,2026-08-24T08:31:51+00:00,IV_UNAVAILABLE,False,0,False,False,DATA_INVALID,11,DataHealth invalid; Contract invalid: Quote stale or spread hard rejected.; SideDirection hard reject: -1.0 < 65.0; PremiumElasticity hard reject: 0.70 < 1.00; Expected/Required hard reject: 1.17 < 1.60; TradeQuality below configured minimum; FinalConfidence below configured minimum; ExecutionQuality below excellent gate: 43.3 < 80.0; ConvexityEdge below excellent gate: 71.4 < 80.0; OpportunityConfidence below excellent gate: 55.7 < 70.0; RegimeFit below excellent gate: 60.0 < 70.0,,
2026-08-24T14:05:20.913247+05:30,2026-08-24,TCS,NSE,STOCK,NSE_STOCK_OPTION,PAPER_ELIGIBLE,STOCK:TCS,paper-strategy-8ade763620b6,opportunity-score-8ade763620b6,universe-a8e55c76a270,PAPER_OVERRIDE::FYERS_PAPER_PROXY_RESEARCH,PE,UNKNOWN,2300.0,1.0,False,,,Observation interval exceeds rolling window.,False,,,,,ATM IV unavailable.,,TCS,NOT_CONFIGURED,,5450c99e8b35,WARMUP_OBSERVATIONS,18,1,0,90.0,65.0,1.0,1.6,70.0,65.0,35.0,50.0,inf,3.0,20.0,GLOBAL_POLICY_FLOOR>CLASS_FLOOR>INSTRUMENT_LEARNED_FLOOR; LOWER=max; UPPER=min,CONSTRAINED_WALK_FORWARD,WARMUP_OBSERVATIONS,,0,0,,,0.0,,FYERS_PAPER_PROXY_RESEARCH,FYERS_PAPER_RESEARCH_ONLY,COST_MODEL_UNVALIDATED,False,False,DISABLED,Daily market context is disabled until operator review,MANUAL_PROXY_RESEARCH,False,True,MEASURED,FIVE_LEVEL,FYERS_MARKET_DEPTH,5,5,675,1350,2700,3825,2026-08-24T08:34:57+00:00,IV_UNAVAILABLE,False,0,False,False,DATA_INVALID,11,DataHealth invalid; Contract invalid: Quote stale or spread hard rejected.; SideDirection hard reject: 1.0 < 65.0; PremiumElasticity hard reject: 0.70 < 1.00; Expected/Required hard reject: 1.17 < 1.60; TradeQuality below configured minimum; FinalConfidence below configured minimum; ExecutionQuality below excellent gate: 60.9 < 80.0; ConvexityEdge below excellent gate: 71.4 < 80.0; OpportunityConfidence below excellent gate: 59.0 < 70.0; RegimeFit below excellent gate: 60.0 < 70.0,,
2026-08-24T14:05:20.913247+05:30,2026-08-24,TATACONSUM,NSE,STOCK,NSE_STOCK_OPTION,PAPER_ELIGIBLE,STOCK:TATACONSUM,paper-strategy-8ade763620b6,opportunity-score-8ade763620b6,universe-a8e55c76a270,PAPER_OVERRIDE::FYERS_PAPER_PROXY_RESEARCH,CE,UNKNOWN,1050.0,0.0,False,,,Observation interval exceeds rolling window.,False,,,,,ATM IV unavailable.,,TATACONSUM,NOT_CONFIGURED,,9add61d653ca,WARMUP_OBSERVATIONS,26,1,0,90.0,65.0,1.0,1.6,70.0,65.0,35.0,50.0,inf,3.0,20.0,GLOBAL_POLICY_FLOOR>CLASS_FLOOR>INSTRUMENT_LEARNED_FLOOR; LOWER=max; UPPER=min,CONSTRAINED_WALK_FORWARD,WARMUP_OBSERVATIONS,,0,0,,,0.0,,FYERS_PAPER_PROXY_RESEARCH,FYERS_PAPER_RESEARCH_ONLY,COST_MODEL_UNVALIDATED,False,False,DISABLED,Daily market context is disabled until operator review,MANUAL_PROXY_RESEARCH,False,False,LIQUIDITY_UNAVAILABLE,UNAVAILABLE,UNAVAILABLE,0,0,0,0,,,2026-08-24T14:04:55.702145+05:30,IV_UNAVAILABLE,False,0,False,False,DATA_INVALID,11,DataHealth invalid; Contract invalid: Quote stale or spread hard rejected.; SideDirection hard reject: -8.3 < 65.0; PremiumElasticity hard reject: 0.50 < 1.00; Expected/Required hard reject: 1.17 < 1.60; TradeQuality below configured minimum; FinalConfidence below configured minimum; ExecutionQuality below excellent gate: 0.0 < 80.0; ConvexityEdge below excellent gate: 71.4 < 80.0; OpportunityConfidence below excellent gate: 35.7 < 70.0; RegimeFit below excellent gate: 60.0 < 70.0,,
2026-08-24T14:05:20.913247+05:30,2026-08-24,TATACONSUM,NSE,STOCK,NSE_STOCK_OPTION,PAPER_ELIGIBLE,STOCK:TATACONSUM,paper-strategy-8ade763620b6,opportunity-score-8ade763620b6,universe-a8e55c76a270,PAPER_OVERRIDE::FYERS_PAPER_PROXY_RESEARCH,CE,UNKNOWN,1040.0,0.0,False,,,Observation interval exceeds rolling window.,False,,,,,ATM IV unavailable.,,TATACONSUM,NOT_CONFIGURED,,9add61d653ca,WARMUP_OBSERVATIONS,26,1,0,90.0,65.0,1.0,1.6,70.0,65.0,35.0,50.0,inf,3.0,20.0,GLOBAL_POLICY_FLOOR>CLASS_FLOOR>INSTRUMENT_LEARNED_FLOOR; LOWER=max; UPPER=min,CONSTRAINED_WALK_FORWARD,WARMUP_OBSERVATIONS,,0,0,,,0.0,,FYERS_PAPER_PROXY_RESEARCH,FYERS_PAPER_RESEARCH_ONLY,COST_MODEL_UNVALIDATED,False,False,DISABLED,Daily market context is disabled until operator review,MANUAL_PROXY_RESEARCH,False,False,LIQUIDITY_UNAVAILABLE,UNAVAILABLE,UNAVAILABLE,0,0,0,0,,,2026-08-24T14:04:55.702145+05:30,IV_UNAVAILABLE,False,0,False,False,DATA_INVALID,11,DataHealth invalid; Contract invalid: Quote stale or spread hard rejected.; SideDirection hard reject: -8.3 < 65.0; PremiumElasticity hard reject: 0.70 < 1.00; Expected/Required hard reject: 1.17 < 1.60; TradeQuality below configured minimum; FinalConfidence below configured minimum; ExecutionQuality below excellent gate: 0.0 < 80.0; ConvexityEdge below excellent gate: 71.4 < 80.0; OpportunityConfidence below excellent gate: 35.8 < 70.0; RegimeFit below excellent gate: 60.0 < 70.0,,
2026-08-24T14:05:20.913247+05:30,2026-08-24,TATACONSUM,NSE,STOCK,NSE_STOCK_OPTION,PAPER_ELIGIBLE,STOCK:TATACONSUM,paper-strategy-8ade763620b6,opportunity-score-8ade763620b6,universe-a8e55c76a270,PAPER_OVERRIDE::FYERS_PAPER_PROXY_RESEARCH,PE,UNKNOWN,1060.0,8.3,False,,,Observation interval exceeds rolling window.,False,,,,,ATM IV unavailable.,,TATACONSUM,NOT_CONFIGURED,,9add61d653ca,WARMUP_OBSERVATIONS,26,1,0,90.0,65.0,1.0,1.6,70.0,65.0,35.0,50.0,inf,3.0,20.0,GLOBAL_POLICY_FLOOR>CLASS_FLOOR>INSTRUMENT_LEARNED_FLOOR; LOWER=max; UPPER=min,CONSTRAINED_WALK_FORWARD,WARMUP_OBSERVATIONS,,0,0,,,0.0,,FYERS_PAPER_PROXY_RESEARCH,FYERS_PAPER_RESEARCH_ONLY,COST_MODEL_UNVALIDATED,False,False,DISABLED,Daily market context is disabled until operator review,MANUAL_PROXY_RESEARCH,False,True,MEASURED,FIVE_LEVEL,FYERS_MARKET_DEPTH,5,5,550,1100,8250,3850,2026-08-24T08:34:52+00:00,IV_UNAVAILABLE,False,0,False,False,DATA_INVALID,11,DataHealth invalid; Contract invalid: Quote stale or spread hard rejected.; SideDirection hard reject: 8.3 < 65.0; PremiumElasticity hard reject: 0.70 < 1.00; Expected/Required hard reject: 1.17 < 1.60; TradeQuality below configured minimum; FinalConfidence below configured minimum; ExecutionQuality below excellent gate: 0.0 < 80.0; ConvexityEdge below excellent gate: 71.4 < 80.0; OpportunityConfidence below excellent gate: 38.2 < 70.0; RegimeFit below excellent gate: 60.0 < 70.0,,
2026-08-24T14:06:39.931416+05:30,2026-08-24,BANKNIFTY,NSE,INDEX,NSE_INDEX,PAPER_ELIGIBLE,INDEX:BANKING,paper-strategy-8ade763620b6,opportunity-score-8ade763620b6,universe-a8e55c76a270,PAPER_OVERRIDE::FYERS_PAPER_PROXY_RESEARCH,PE,UNKNOWN,57300.0,0.0,False,,,Underlying move below identification minimum.,False,,,,,ATM IV unavailable.,11.1810,banknifty_fast_wbci,VALID,10.0020,2e840ccd58d1,WARMUP_OBSERVATIONS,332,1,0,80.0,65.0,1.0,1.6,70.0,65.0,35.0,50.0,inf,2.0,10.0,GLOBAL_POLICY_FLOOR>CLASS_FLOOR>INSTRUMENT_LEARNED_FLOOR; LOWER=max; UPPER=min,CONSTRAINED_WALK_FORWARD,WARMUP_OBSERVATIONS,,0,0,,,0.0,,FYERS_PAPER_PROXY_RESEARCH,FYERS_PAPER_RESEARCH_ONLY,COST_MODEL_UNVALIDATED,False,False,DISABLED,Daily market context is disabled until operator review,MANUAL_PROXY_RESEARCH,False,True,MEASURED,FIVE_LEVEL,FYERS_MARKET_DEPTH,5,5,30,30,3720,990,2026-08-24T08:36:19+00:00,IV_UNAVAILABLE,False,0,False,False,DATA_INVALID,7,DataHealth invalid; Contract invalid: Quote stale or spread hard rejected.; SideDirection hard reject: -1.2 < 65.0; PremiumElasticity hard reject: 0.50 < 1.00; Expected/Required hard reject: 1.42 < 1.60; TradeQuality below configured minimum; ConvexityEdge below excellent gate: 71.4 < 80.0,,
2026-08-24T14:06:39.931416+05:30,2026-08-24,BANKNIFTY,NSE,INDEX,NSE_INDEX,PAPER_ELIGIBLE,INDEX:BANKING,paper-strategy-8ade763620b6,opportunity-score-8ade763620b6,universe-a8e55c76a270,PAPER_OVERRIDE::FYERS_PAPER_PROXY_RESEARCH,CE,UNKNOWN,57200.0,1.2,False,,,Underlying move below identification minimum.,False,,,,,ATM IV unavailable.,11.1810,banknifty_fast_wbci,VALID,10.0020,2e840ccd58d1,WARMUP_OBSERVATIONS,332,1,0,80.0,65.0,1.0,1.6,70.0,65.0,35.0,50.0,inf,2.0,10.0,GLOBAL_POLICY_FLOOR>CLASS_FLOOR>INSTRUMENT_LEARNED_FLOOR; LOWER=max; UPPER=min,CONSTRAINED_WALK_FORWARD,WARMUP_OBSERVATIONS,,0,0,,,0.0,,FYERS_PAPER_PROXY_RESEARCH,FYERS_PAPER_RESEARCH_ONLY,COST_MODEL_UNVALIDATED,False,False,DISABLED,Daily market context is disabled until operator review,MANUAL_PROXY_RESEARCH,False,True,MEASURED,FIVE_LEVEL,FYERS_MARKET_DEPTH,5,5,120,30,630,720,2026-08-24T08:36:17+00:00,IV_UNAVAILABLE,False,0,False,False,DATA_INVALID,7,DataHealth invalid; Contract invalid: Quote stale or spread hard rejected.; SideDirection hard reject: 1.2 < 65.0; PremiumElasticity hard reject: 0.70 < 1.00; Expected/Required hard reject: 1.42 < 1.60; TradeQuality below configured minimum; ConvexityEdge below excellent gate: 71.4 < 80.0,,
2026-08-24T14:06:39.931416+05:30,2026-08-24,BANKNIFTY,NSE,INDEX,NSE_INDEX,PAPER_ELIGIBLE,INDEX:BANKING,paper-strategy-8ade763620b6,opportunity-score-8ade763620b6,universe-a8e55c76a270,PAPER_OVERRIDE::FYERS_PAPER_PROXY_RESEARCH,PE,UNKNOWN,57200.0,0.0,False,,,Underlying move below identification minimum.,False,,,,,ATM IV unavailable.,11.1810,banknifty_fast_wbci,VALID,10.0020,2e840ccd58d1,WARMUP_OBSERVATIONS,332,1,0,80.0,65.0,1.0,1.6,70.0,65.0,35.0,50.0,inf,2.0,10.0,GLOBAL_POLICY_FLOOR>CLASS_FLOOR>INSTRUMENT_LEARNED_FLOOR; LOWER=max; UPPER=min,CONSTRAINED_WALK_FORWARD,WARMUP_OBSERVATIONS,,0,0,,,0.0,,FYERS_PAPER_PROXY_RESEARCH,FYERS_PAPER_RESEARCH_ONLY,COST_MODEL_UNVALIDATED,False,False,DISABLED,Daily market context is disabled until operator review,MANUAL_PROXY_RESEARCH,False,True,MEASURED,FIVE_LEVEL,FYERS_MARKET_DEPTH,5,5,30,90,1080,1290,2026-08-24T08:36:19+00:00,IV_UNAVAILABLE,False,0,False,False,DATA_INVALID,7,DataHealth invalid; Contract invalid: Quote stale or spread hard rejected.; SideDirection hard reject: -1.2 < 65.0; PremiumElasticity hard reject: 0.30 < 1.00; Expected/Required hard reject: 1.42 < 1.60; TradeQuality below configured minimum; ConvexityEdge below excellent gate: 57.4 < 80.0,,
2026-08-24T14:06:39.931416+05:30,2026-08-24,BANKNIFTY,NSE,INDEX,NSE_INDEX,PAPER_ELIGIBLE,INDEX:BANKING,paper-strategy-8ade763620b6,opportunity-score-8ade763620b6,universe-a8e55c76a270,PAPER_OVERRIDE::FYERS_PAPER_PROXY_RESEARCH,CE,UNKNOWN,57400.0,1.2,False,,,Underlying move below identification minimum.,False,,,,,ATM IV unavailable.,11.1810,banknifty_fast_wbci,VALID,10.0020,2e840ccd58d1,WARMUP_OBSERVATIONS,332,1,0,80.0,65.0,1.0,1.6,70.0,65.0,35.0,50.0,inf,2.0,10.0,GLOBAL_POLICY_FLOOR>CLASS_FLOOR>INSTRUMENT_LEARNED_FLOOR; LOWER=max; UPPER=min,CONSTRAINED_WALK_FORWARD,WARMUP_OBSERVATIONS,,0,0,,,0.0,,FYERS_PAPER_PROXY_RESEARCH,FYERS_PAPER_RESEARCH_ONLY,COST_MODEL_UNVALIDATED,False,False,DISABLED,Daily market context is disabled until operator review,MANUAL_PROXY_RESEARCH,False,True,MEASURED,FIVE_LEVEL,FYERS_MARKET_DEPTH,5,5,90,30,600,390,2026-08-24T08:36:19+00:00,IV_UNAVAILABLE,False,0,False,False,DATA_INVALID,7,DataHealth invalid; Contract invalid: Quote stale or spread hard rejected.; SideDirection hard reject: 1.2 < 65.0; PremiumElasticity hard reject: 0.30 < 1.00; Expected/Required hard reject: 1.42 < 1.60; TradeQuality below configured minimum; ConvexityEdge below excellent gate: 57.4 < 80.0,,
2026-08-24T14:06:39.931416+05:30,2026-08-24,BANKNIFTY,NSE,INDEX,NSE_INDEX,PAPER_ELIGIBLE,INDEX:BANKING,paper-strategy-8ade763620b6,opportunity-score-8ade763620b6,universe-a8e55c76a270,PAPER_OVERRIDE::FYERS_PAPER_PROXY_RESEARCH,PE,UNKNOWN,57400.0,0.0,False,,,Underlying move below identification minimum.,False,,,,,ATM IV unavailable.,11.1810,banknifty_fast_wbci,VALID,10.0020,2e840ccd58d1,WARMUP_OBSERVATIONS,332,1,0,80.0,65.0,1.0,1.6,70.0,65.0,35.0,50.0,inf,2.0,10.0,GLOBAL_POLICY_FLOOR>CLASS_FLOOR>INSTRUMENT_LEARNED_FLOOR; LOWER=max; UPPER=min,CONSTRAINED_WALK_FORWARD,WARMUP_OBSERVATIONS,,0,0,,,0.0,,FYERS_PAPER_PROXY_RESEARCH,FYERS_PAPER_RESEARCH_ONLY,COST_MODEL_UNVALIDATED,False,False,DISABLED,Daily market context is disabled until operator review,MANUAL_PROXY_RESEARCH,False,True,MEASURED,FIVE_LEVEL,FYERS_MARKET_DEPTH,5,5,60,90,720,1050,2026-08-24T08:36:18+00:00,IV_UNAVAILABLE,False,0,False,False,DATA_INVALID,7,DataHealth invalid; Contract invalid: Quote stale or spread hard rejected.; SideDirection hard reject: -1.2 < 65.0; PremiumElasticity hard reject: 0.70 < 1.00; Expected/Required hard reject: 1.42 < 1.60; TradeQuality below configured minimum; ConvexityEdge below excellent gate: 71.4 < 80.0,,
2026-08-24T14:06:39.931416+05:30,2026-08-24,MIDCPNIFTY,NSE,INDEX,NSE_INDEX,PAPER_ELIGIBLE,INDEX:MIDCAP,paper-strategy-8ade763620b6,opportunity-score-8ade763620b6,universe-a8e55c76a270,PAPER_OVERRIDE::FYERS_PAPER_PROXY_RESEARCH,PE,UNKNOWN,14875.0,0.0,False,,,Underlying move below identification minimum.,False,,,,,ATM IV unavailable.,7.6531,midcap_direction_proxy,PARTIAL_MIDCAP,4.8277,712afad509f5,WARMUP_OBSERVATIONS,163,1,0,80.0,65.0,1.0,1.6,70.0,65.0,35.0,50.0,inf,2.0,10.0,GLOBAL_POLICY_FLOOR>CLASS_FLOOR>INSTRUMENT_LEARNED_FLOOR; LOWER=max; UPPER=min,CONSTRAINED_WALK_FORWARD,WARMUP_OBSERVATIONS,,0,0,,,0.0,,FYERS_PAPER_PROXY_RESEARCH,FYERS_PAPER_RESEARCH_ONLY,COST_MODEL_UNVALIDATED,False,False,DISABLED,Daily market context is disabled until operator review,MANUAL_PROXY_RESEARCH,False,True,MEASURED,FIVE_LEVEL,FYERS_MARKET_DEPTH,5,5,720,120,2640,1200,2026-08-24T08:36:19+00:00,IV_UNAVAILABLE,False,0,False,False,DATA_INVALID,7,DataHealth invalid; Contract invalid: Quote stale or spread hard rejected.; SideDirection hard reject: -2.8 < 65.0; PremiumElasticity hard reject: 0.50 < 1.00; Expected/Required hard reject: 1.08 < 1.60; TradeQuality below configured minimum; ConvexityEdge below excellent gate: 70.4 < 80.0,,
2026-08-24T14:06:39.931416+05:30,2026-08-24,MIDCPNIFTY,NSE,INDEX,NSE_INDEX,PAPER_ELIGIBLE,INDEX:MIDCAP,paper-strategy-8ade763620b6,opportunity-score-8ade763620b6,universe-a8e55c76a270,PAPER_OVERRIDE::FYERS_PAPER_PROXY_RESEARCH,CE,UNKNOWN,14850.0,2.8,False,,,Underlying move below identification minimum.,False,,,,,ATM IV unavailable.,7.6531,midcap_direction_proxy,PARTIAL_MIDCAP,4.8277,712afad509f5,WARMUP_OBSERVATIONS,163,1,0,80.0,65.0,1.0,1.6,70.0,65.0,35.0,50.0,inf,2.0,10.0,GLOBAL_POLICY_FLOOR>CLASS_FLOOR>INSTRUMENT_LEARNED_FLOOR; LOWER=max; UPPER=min,CONSTRAINED_WALK_FORWARD,WARMUP_OBSERVATIONS,,0,0,,,0.0,,FYERS_PAPER_PROXY_RESEARCH,FYERS_PAPER_RESEARCH_ONLY,COST_MODEL_UNVALIDATED,False,False,DISABLED,Daily market context is disabled until operator review,MANUAL_PROXY_RESEARCH,False,True,MEASURED,FIVE_LEVEL,FYERS_MARKET_DEPTH,5,5,240,360,2880,1320,2026-08-24T08:36:20+00:00,IV_UNAVAILABLE,False,0,False,False,DATA_INVALID,7,DataHealth invalid; Contract invalid: Quote stale or spread hard rejected.; SideDirection hard reject: 2.8 < 65.0; PremiumElasticity hard reject: 0.70 < 1.00; Expected/Required hard reject: 1.08 < 1.60; TradeQuality below configured minimum; ConvexityEdge below excellent gate: 70.4 < 80.0,,
2026-08-24T14:06:39.931416+05:30,2026-08-24,TECHM,NSE,STOCK,NSE_STOCK_OPTION,PAPER_ELIGIBLE,STOCK:TECHM,paper-strategy-8ade763620b6,opportunity-score-8ade763620b6,universe-a8e55c76a270,PAPER_OVERRIDE::FYERS_PAPER_PROXY_RESEARCH,CE,UNKNOWN,1580.0,0.0,False,,,Non-positive observation interval.,False,,,,,ATM IV unavailable.,,TECHM,NOT_CONFIGURED,,b61ad64e4ace,WARMUP_OBSERVATIONS,24,1,0,90.0,65.0,1.0,1.6,70.0,65.0,35.0,50.0,inf,3.0,20.0,GLOBAL_POLICY_FLOOR>CLASS_FLOOR>INSTRUMENT_LEARNED_FLOOR; LOWER=max; UPPER=min,CONSTRAINED_WALK_FORWARD,WARMUP_OBSERVATIONS,,0,0,,,0.0,,FYERS_PAPER_PROXY_RESEARCH,FYERS_PAPER_RESEARCH_ONLY,COST_MODEL_UNVALIDATED,False,False,DISABLED,Daily market context is disabled until operator review,MANUAL_PROXY_RESEARCH,False,True,MEASURED,FIVE_LEVEL,FYERS_MARKET_DEPTH,5,5,1200,600,6000,4200,2026-08-24T08:35:46+00:00,IV_UNAVAILABLE,False,0,False,False,DATA_INVALID,11,DataHealth invalid; Contract invalid: Quote stale or spread hard rejected.; SideDirection hard reject: -4.0 < 65.0; PremiumElasticity hard reject: 0.50 < 1.00; Expected/Required hard reject: 1.17 < 1.60; TradeQuality below configured minimum; FinalConfidence below configured minimum; ExecutionQuality below excellent gate: 0.0 < 80.0; ConvexityEdge below excellent gate: 71.4 < 80.0; OpportunityConfidence below excellent gate: 38.3 < 70.0; RegimeFit below excellent gate: 60.0 < 70.0,,
2026-08-24T14:06:39.931416+05:30,2026-08-24,TECHM,NSE,STOCK,NSE_STOCK_OPTION,PAPER_ELIGIBLE,STOCK:TECHM,paper-strategy-8ade763620b6,opportunity-score-8ade763620b6,universe-a8e55c76a270,PAPER_OVERRIDE::FYERS_PAPER_PROXY_RESEARCH,PE,UNKNOWN,1580.0,4.0,False,,,Non-positive observation interval.,False,,,,,ATM IV unavailable.,,TECHM,NOT_CONFIGURED,,b61ad64e4ace,WARMUP_OBSERVATIONS,24,1,0,90.0,65.0,1.0,1.6,70.0,65.0,35.0,50.0,inf,3.0,20.0,GLOBAL_POLICY_FLOOR>CLASS_FLOOR>INSTRUMENT_LEARNED_FLOOR; LOWER=max; UPPER=min,CONSTRAINED_WALK_FORWARD,WARMUP_OBSERVATIONS,,0,0,,,0.0,,FYERS_PAPER_PROXY_RESEARCH,FYERS_PAPER_RESEARCH_ONLY,COST_MODEL_UNVALIDATED,False,False,DISABLED,Daily market context is disabled until operator review,MANUAL_PROXY_RESEARCH,False,True,MEASURED,FIVE_LEVEL,FYERS_MARKET_DEPTH,5,5,600,1800,7200,7800,2026-08-24T08:35:15+00:00,IV_UNAVAILABLE,False,0,False,False,DATA_INVALID,11,DataHealth invalid; Contract invalid: Quote stale or spread hard rejected.; SideDirection hard reject: 4.0 < 65.0; PremiumElasticity hard reject: 0.50 < 1.00; Expected/Required hard reject: 1.17 < 1.60; TradeQuality below configured minimum; FinalConfidence below configured minimum; ExecutionQuality below excellent gate: 0.0 < 80.0; ConvexityEdge below excellent gate: 71.4 < 80.0; OpportunityConfidence below excellent gate: 29.4 < 70.0; RegimeFit below excellent gate: 60.0 < 70.0,,
2026-08-24T14:06:39.931416+05:30,2026-08-24,TITAN,NSE,STOCK,NSE_STOCK_OPTION,PAPER_ELIGIBLE,STOCK:TITAN,paper-strategy-8ade763620b6,opportunity-score-8ade763620b6,universe-a8e55c76a270,PAPER_OVERRIDE::FYERS_PAPER_PROXY_RESEARCH,CE,UNKNOWN,5050.0,0.0,False,,,Non-positive observation interval.,False,,,,,ATM IV unavailable.,,TITAN,NOT_CONFIGURED,,542455e602d9,WARMUP_OBSERVATIONS,25,1,0,90.0,65.0,1.0,1.6,70.0,65.0,35.0,50.0,inf,3.0,20.0,GLOBAL_POLICY_FLOOR>CLASS_FLOOR>INSTRUMENT_LEARNED_FLOOR; LOWER=max; UPPER=min,CONSTRAINED_WALK_FORWARD,WARMUP_OBSERVATIONS,,0,0,,,0.0,,FYERS_PAPER_PROXY_RESEARCH,FYERS_PAPER_RESEARCH_ONLY,COST_MODEL_UNVALIDATED,False,False,DISABLED,Daily market context is disabled until operator review,MANUAL_PROXY_RESEARCH,False,True,MEASURED,FIVE_LEVEL,FYERS_MARKET_DEPTH,5,5,175,350,875,2275,2026-08-24T08:35:43+00:00,IV_UNAVAILABLE,False,0,False,False,DATA_INVALID,11,DataHealth invalid; Contract invalid: Quote stale or spread hard rejected.; SideDirection hard reject: -1.6 < 65.0; PremiumElasticity hard reject: 0.50 < 1.00; Expected/Required hard reject: 1.17 < 1.60; TradeQuality below configured minimum; FinalConfidence below configured minimum; ExecutionQuality below excellent gate: 10.6 < 80.0; ConvexityEdge below excellent gate: 71.4 < 80.0; OpportunityConfidence below excellent gate: 51.4 < 70.0; RegimeFit below excellent gate: 60.0 < 70.0,,
2026-08-24T14:06:39.931416+05:30,2026-08-24,TITAN,NSE,STOCK,NSE_STOCK_OPTION,PAPER_ELIGIBLE,STOCK:TITAN,paper-strategy-8ade763620b6,opportunity-score-8ade763620b6,universe-a8e55c76a270,PAPER_OVERRIDE::FYERS_PAPER_PROXY_RESEARCH,PE,UNKNOWN,5050.0,1.6,False,,,Non-positive observation interval.,False,,,,,ATM IV unavailable.,,TITAN,NOT_CONFIGURED,,542455e602d9,WARMUP_OBSERVATIONS,25,1,0,90.0,65.0,1.0,1.6,70.0,65.0,35.0,50.0,inf,3.0,20.0,GLOBAL_POLICY_FLOOR>CLASS_FLOOR>INSTRUMENT_LEARNED_FLOOR; LOWER=max; UPPER=min,CONSTRAINED_WALK_FORWARD,WARMUP_OBSERVATIONS,,0,0,,,0.0,,FYERS_PAPER_PROXY_RESEARCH,FYERS_PAPER_RESEARCH_ONLY,COST_MODEL_UNVALIDATED,False,False,DISABLED,Daily market context is disabled until operator review,MANUAL_PROXY_RESEARCH,False,True,MEASURED,FIVE_LEVEL,FYERS_MARKET_DEPTH,5,5,175,350,1225,1050,2026-08-24T08:35:44+00:00,IV_UNAVAILABLE,False,0,False,False,DATA_INVALID,11,DataHealth invalid; Contract invalid: Quote stale or spread hard rejected.; SideDirection hard reject: 1.6 < 65.0; PremiumElasticity hard reject: 0.50 < 1.00; Expected/Required hard reject: 1.17 < 1.60; TradeQuality below configured minimum; FinalConfidence below configured minimum; ExecutionQuality below excellent gate: 0.0 < 80.0; ConvexityEdge below excellent gate: 71.4 < 80.0; OpportunityConfidence below excellent gate: 42.7 < 70.0; RegimeFit below excellent gate: 60.0 < 70.0,,
2026-08-24T14:06:39.931416+05:30,2026-08-24,TITAN,NSE,STOCK,NSE_STOCK_OPTION,PAPER_ELIGIBLE,STOCK:TITAN,paper-strategy-8ade763620b6,opportunity-score-8ade763620b6,universe-a8e55c76a270,PAPER_OVERRIDE::FYERS_PAPER_PROXY_RESEARCH,CE,UNKNOWN,5000.0,0.0,False,,,Non-positive observation interval.,False,,,,,ATM IV unavailable.,,TITAN,NOT_CONFIGURED,,542455e602d9,WARMUP_OBSERVATIONS,25,1,0,90.0,65.0,1.0,1.6,70.0,65.0,35.0,50.0,inf,3.0,20.0,GLOBAL_POLICY_FLOOR>CLASS_FLOOR>INSTRUMENT_LEARNED_FLOOR; LOWER=max; UPPER=min,CONSTRAINED_WALK_FORWARD,WARMUP_OBSERVATIONS,,0,0,,,0.0,,FYERS_PAPER_PROXY_RESEARCH,FYERS_PAPER_RESEARCH_ONLY,COST_MODEL_UNVALIDATED,False,False,DISABLED,Daily market context is disabled until operator review,MANUAL_PROXY_RESEARCH,False,True,MEASURED,FIVE_LEVEL,FYERS_MARKET_DEPTH,5,5,175,175,875,1400,2026-08-24T08:34:34+00:00,IV_UNAVAILABLE,False,0,False,False,DATA_INVALID,9,DataHealth invalid; Contract invalid: Quote stale or spread hard rejected.; SideDirection hard reject: -1.6 < 65.0; PremiumElasticity hard reject: 0.70 < 1.00; Expected/Required hard reject: 1.17 < 1.60; TradeQuality below configured minimum; ConvexityEdge below excellent gate: 71.4 < 80.0; OpportunityConfidence below excellent gate: 68.3 < 70.0; RegimeFit below excellent gate: 60.0 < 70.0,,
2026-08-24T14:06:39.931416+05:30,2026-08-24,TITAN,NSE,STOCK,NSE_STOCK_OPTION,PAPER_ELIGIBLE,STOCK:TITAN,paper-strategy-8ade763620b6,opportunity-score-8ade763620b6,universe-a8e55c76a270,PAPER_OVERRIDE::FYERS_PAPER_PROXY_RESEARCH,CE,UNKNOWN,5100.0,0.0,False,,,Observation interval exceeds rolling window.,False,,,,,ATM IV unavailable.,,TITAN,NOT_CONFIGURED,,542455e602d9,WARMUP_OBSERVATIONS,25,1,0,90.0,65.0,1.0,1.6,70.0,65.0,35.0,50.0,inf,3.0,20.0,GLOBAL_POLICY_FLOOR>CLASS_FLOOR>INSTRUMENT_LEARNED_FLOOR; LOWER=max; UPPER=min,CONSTRAINED_WALK_FORWARD,WARMUP_OBSERVATIONS,,0,0,,,0.0,,FYERS_PAPER_PROXY_RESEARCH,FYERS_PAPER_RESEARCH_ONLY,COST_MODEL_UNVALIDATED,False,False,DISABLED,Daily market context is disabled until operator review,MANUAL_PROXY_RESEARCH,False,True,MEASURED,FIVE_LEVEL,FYERS_MARKET_DEPTH,5,5,350,350,4200,2450,2026-08-24T08:35:51+00:00,IV_UNAVAILABLE,False,0,False,False,DATA_INVALID,11,DataHealth invalid; Contract invalid: Quote stale or spread hard rejected.; SideDirection hard reject: -1.6 < 65.0; PremiumElasticity hard reject: 0.30 < 1.00; Expected/Required hard reject: 1.17 < 1.60; TradeQuality below configured minimum; FinalConfidence below configured minimum; ExecutionQuality below excellent gate: 0.0 < 80.0; ConvexityEdge below excellent gate: 57.4 < 80.0; OpportunityConfidence below excellent gate: 44.1 < 70.0; RegimeFit below excellent gate: 60.0 < 70.0,,
2026-08-24T14:06:39.931416+05:30,2026-08-24,TRENT,NSE,STOCK,NSE_STOCK_OPTION,PAPER_ELIGIBLE,STOCK:TRENT,paper-strategy-8ade763620b6,opportunity-score-8ade763620b6,universe-a8e55c76a270,PAPER_OVERRIDE::FYERS_PAPER_PROXY_RESEARCH,CE,UNKNOWN,2900.0,0.3,False,,,Non-positive observation interval.,False,,,,,ATM IV unavailable.,,TRENT,NOT_CONFIGURED,,17b38ea319dd,WARMUP_OBSERVATIONS,25,1,0,90.0,65.0,1.0,1.6,70.0,65.0,35.0,50.0,inf,3.0,20.0,GLOBAL_POLICY_FLOOR>CLASS_FLOOR>INSTRUMENT_LEARNED_FLOOR; LOWER=max; UPPER=min,CONSTRAINED_WALK_FORWARD,WARMUP_OBSERVATIONS,,0,0,,,0.0,,FYERS_PAPER_PROXY_RESEARCH,FYERS_PAPER_RESEARCH_ONLY,COST_MODEL_UNVALIDATED,False,False,DISABLED,Daily market context is disabled until operator review,MANUAL_PROXY_RESEARCH,False,True,MEASURED,FIVE_LEVEL,FYERS_MARKET_DEPTH,5,5,225,450,1350,2025,2026-08-24T08:34:50+00:00,IV_UNAVAILABLE,False,0,False,False,DATA_INVALID,11,DataHealth invalid; Contract invalid: Quote stale or spread hard rejected.; SideDirection hard reject: 0.3 < 65.0; PremiumElasticity hard reject: 0.50 < 1.00; Expected/Required hard reject: 1.17 < 1.60; TradeQuality below configured minimum; FinalConfidence below configured minimum; ExecutionQuality below excellent gate: 24.5 < 80.0; ConvexityEdge below excellent gate: 71.4 < 80.0; OpportunityConfidence below excellent gate: 51.9 < 70.0; RegimeFit below excellent gate: 60.0 < 70.0,,
2026-08-24T14:06:39.931416+05:30,2026-08-24,TRENT,NSE,STOCK,NSE_STOCK_OPTION,PAPER_ELIGIBLE,STOCK:TRENT,paper-strategy-8ade763620b6,opportunity-score-8ade763620b6,universe-a8e55c76a270,PAPER_OVERRIDE::FYERS_PAPER_PROXY_RESEARCH,PE,UNKNOWN,2900.0,0.0,False,,,Underlying move below identification minimum.,False,,,,,ATM IV unavailable.,,TRENT,NOT_CONFIGURED,,17b38ea319dd,WARMUP_OBSERVATIONS,25,1,0,90.0,65.0,1.0,1.6,70.0,65.0,35.0,50.0,inf,3.0,20.0,GLOBAL_POLICY_FLOOR>CLASS_FLOOR>INSTRUMENT_LEARNED_FLOOR; LOWER=max; UPPER=min,CONSTRAINED_WALK_FORWARD,WARMUP_OBSERVATIONS,,0,0,,,0.0,,FYERS_PAPER_PROXY_RESEARCH,FYERS_PAPER_RESEARCH_ONLY,COST_MODEL_UNVALIDATED,False,False,DISABLED,Daily market context is disabled until operator review,MANUAL_PROXY_RESEARCH,False,True,MEASURED,FIVE_LEVEL,FYERS_MARKET_DEPTH,5,5,675,225,1800,1800,2026-08-24T08:35:52+00:00,IV_UNAVAILABLE,False,0,False,False,DATA_INVALID,11,DataHealth invalid; Contract invalid: Quote stale or spread hard rejected.; SideDirection hard reject: -0.3 < 65.0; PremiumElasticity hard reject: 0.50 < 1.00; Expected/Required hard reject: 1.17 < 1.60; TradeQuality below configured minimum; FinalConfidence below configured minimum; ExecutionQuality below excellent gate: 0.0 < 80.0; ConvexityEdge below excellent gate: 71.4 < 80.0; OpportunityConfidence below excellent gate: 46.1 < 70.0; RegimeFit below excellent gate: 60.0 < 70.0,,
2026-08-24T14:06:39.931416+05:30,2026-08-24,TRENT,NSE,STOCK,NSE_STOCK_OPTION,PAPER_ELIGIBLE,STOCK:TRENT,paper-strategy-8ade763620b6,opportunity-score-8ade763620b6,universe-a8e55c76a270,PAPER_OVERRIDE::FYERS_PAPER_PROXY_RESEARCH,PE,UNKNOWN,2950.0,0.0,False,,,Underlying move below identification minimum.,False,,,,,ATM IV unavailable.,,TRENT,NOT_CONFIGURED,,17b38ea319dd,WARMUP_OBSERVATIONS,25,1,0,90.0,65.0,1.0,1.6,70.0,65.0,35.0,50.0,inf,3.0,20.0,GLOBAL_POLICY_FLOOR>CLASS_FLOOR>INSTRUMENT_LEARNED_FLOOR; LOWER=max; UPPER=min,CONSTRAINED_WALK_FORWARD,WARMUP_OBSERVATIONS,,0,0,,,0.0,,FYERS_PAPER_PROXY_RESEARCH,FYERS_PAPER_RESEARCH_ONLY,COST_MODEL_UNVALIDATED,False,False,DISABLED,Daily market context is disabled until operator review,MANUAL_PROXY_RESEARCH,False,True,MEASURED,FIVE_LEVEL,FYERS_MARKET_DEPTH,5,5,225,225,1125,1350,2026-08-24T08:36:07+00:00,IV_UNAVAILABLE,False,0,False,False,DATA_INVALID,9,DataHealth invalid; Contract invalid: Quote stale or spread hard rejected.; SideDirection hard reject: -0.3 < 65.0; PremiumElasticity hard reject: 0.70 < 1.00; Expected/Required hard reject: 1.17 < 1.60; TradeQuality below configured minimum; ConvexityEdge below excellent gate: 71.4 < 80.0; OpportunityConfidence below excellent gate: 65.9 < 70.0; RegimeFit below excellent gate: 60.0 < 70.0,,
2026-08-24T14:06:39.931416+05:30,2026-08-24,ULTRACEMCO,NSE,STOCK,NSE_STOCK_OPTION,PAPER_ELIGIBLE,STOCK:ULTRACEMCO,paper-strategy-8ade763620b6,opportunity-score-8ade763620b6,universe-a8e55c76a270,PAPER_OVERRIDE::FYERS_PAPER_PROXY_RESEARCH,CE,UNKNOWN,11600.0,0.0,False,,,Underlying move below identification minimum.,False,,,,,ATM IV unavailable.,,ULTRACEMCO,NOT_CONFIGURED,,32da5e2cf18a,WARMUP_OBSERVATIONS,2,1,0,90.0,65.0,1.0,1.6,70.0,65.0,35.0,50.0,inf,3.0,20.0,GLOBAL_POLICY_FLOOR>CLASS_FLOOR>INSTRUMENT_LEARNED_FLOOR; LOWER=max; UPPER=min,CONSTRAINED_WALK_FORWARD,WARMUP_OBSERVATIONS,,0,0,,,0.0,,FYERS_PAPER_PROXY_RESEARCH,FYERS_PAPER_RESEARCH_ONLY,COST_MODEL_UNVALIDATED,False,False,DISABLED,Daily market context is disabled until operator review,MANUAL_PROXY_RESEARCH,False,True,MEASURED,FIVE_LEVEL,FYERS_MARKET_DEPTH,5,5,100,50,450,250,2026-08-24T08:36:15+00:00,IV_UNAVAILABLE,False,0,False,False,DATA_INVALID,11,DataHealth invalid; Contract invalid: Quote stale or spread hard rejected.; SideDirection hard reject: -2.8 < 65.0; PremiumElasticity hard reject: 0.30 < 1.00; Expected/Required hard reject: 1.17 < 1.60; TradeQuality below configured minimum; FinalConfidence below configured minimum; ExecutionQuality below excellent gate: 0.0 < 80.0; ConvexityEdge below excellent gate: 57.4 < 80.0; OpportunityConfidence below excellent gate: 35.2 < 70.0; RegimeFit below excellent gate: 60.0 < 70.0,,
2026-08-24T14:06:39.931416+05:30,2026-08-24,WIPRO,NSE,STOCK,NSE_STOCK_OPTION,PAPER_ELIGIBLE,STOCK:WIPRO,paper-strategy-8ade763620b6,opportunity-score-8ade763620b6,universe-a8e55c76a270,PAPER_OVERRIDE::FYERS_PAPER_PROXY_RESEARCH,CE,UNKNOWN,180.0,0.0,False,,,Underlying move below identification minimum.,False,,,,,ATM IV unavailable.,,WIPRO,NOT_CONFIGURED,,a742cbe7dbbe,WARMUP_OBSERVATIONS,17,1,0,90.0,65.0,1.0,1.6,70.0,65.0,35.0,50.0,inf,3.0,20.0,GLOBAL_POLICY_FLOOR>CLASS_FLOOR>INSTRUMENT_LEARNED_FLOOR; LOWER=max; UPPER=min,CONSTRAINED_WALK_FORWARD,WARMUP_OBSERVATIONS,,0,0,,,0.0,,FYERS_PAPER_PROXY_RESEARCH,FYERS_PAPER_RESEARCH_ONLY,COST_MODEL_UNVALIDATED,False,False,DISABLED,Daily market context is disabled until operator review,MANUAL_PROXY_RESEARCH,False,True,MEASURED,FIVE_LEVEL,FYERS_MARKET_DEPTH,5,5,3000,3000,27000,21000,2026-08-24T08:36:05+00:00,IV_UNAVAILABLE,False,0,False,False,DATA_INVALID,11,DataHealth invalid; Contract invalid: Quote stale or spread hard rejected.; SideDirection hard reject: -7.9 < 65.0; PremiumElasticity hard reject: 0.70 < 1.00; Expected/Required hard reject: 1.17 < 1.60; TradeQuality below configured minimum; FinalConfidence below configured minimum; ExecutionQuality below excellent gate: 0.0 < 80.0; ConvexityEdge below excellent gate: 71.4 < 80.0; OpportunityConfidence below excellent gate: 42.0 < 70.0; RegimeFit below excellent gate: 60.0 < 70.0,,
2026-08-24T14:06:39.931416+05:30,2026-08-24,WIPRO,NSE,STOCK,NSE_STOCK_OPTION,PAPER_ELIGIBLE,STOCK:WIPRO,paper-strategy-8ade763620b6,opportunity-score-8ade763620b6,universe-a8e55c76a270,PAPER_OVERRIDE::FYERS_PAPER_PROXY_RESEARCH,PE,UNKNOWN,185.0,7.9,False,,,Underlying move below identification minimum.,False,,,,,ATM IV unavailable.,,WIPRO,NOT_CONFIGURED,,a742cbe7dbbe,WARMUP_OBSERVATIONS,17,1,0,90.0,65.0,1.0,1.6,70.0,65.0,35.0,50.0,inf,3.0,20.0,GLOBAL_POLICY_FLOOR>CLASS_FLOOR>INSTRUMENT_LEARNED_FLOOR; LOWER=max; UPPER=min,CONSTRAINED_WALK_FORWARD,WARMUP_OBSERVATIONS,,0,0,,,0.0,,FYERS_PAPER_PROXY_RESEARCH,FYERS_PAPER_RESEARCH_ONLY,COST_MODEL_UNVALIDATED,False,False,DISABLED,Daily market context is disabled until operator review,MANUAL_PROXY_RESEARCH,False,True,MEASURED,FIVE_LEVEL,FYERS_MARKET_DEPTH,5,5,6000,3000,27000,27000,2026-08-24T08:35:46+00:00,IV_UNAVAILABLE,False,0,False,False,DATA_INVALID,11,DataHealth invalid; Contract invalid: Quote stale or spread hard rejected.; SideDirection hard reject: 7.9 < 65.0; PremiumElasticity hard reject: 0.70 < 1.00; Expected/Required hard reject: 1.17 < 1.60; TradeQuality below configured minimum; FinalConfidence below configured minimum; ExecutionQuality below excellent gate: 0.0 < 80.0; ConvexityEdge below excellent gate: 71.4 < 80.0; OpportunityConfidence below excellent gate: 53.1 < 70.0; RegimeFit below excellent gate: 60.0 < 70.0,,
2026-08-24T14:06:39.931416+05:30,2026-08-24,SENSEX,BSE,INDEX,BSE_INDEX,PAPER_ELIGIBLE,INDEX:BSE_BROAD,paper-strategy-8ade763620b6,opportunity-score-8ade763620b6,universe-a8e55c76a270,PAPER_OVERRIDE::FYERS_PAPER_PROXY_RESEARCH,CE,UNKNOWN,77300.0,1.2,False,,,Underlying move below identification minimum.,False,,,,,ATM IV unavailable.,,SENSEX,NOT_CONFIGURED,,2c55d017dc19,WARMUP_OBSERVATIONS,50,1,0,85.0,65.0,1.0,1.6,70.0,65.0,35.0,50.0,inf,3.0,15.0,GLOBAL_POLICY_FLOOR>CLASS_FLOOR>INSTRUMENT_LEARNED_FLOOR; LOWER=max; UPPER=min,CONSTRAINED_WALK_FORWARD,WARMUP_OBSERVATIONS,,0,0,,,0.0,,FYERS_PAPER_PROXY_RESEARCH,FYERS_PAPER_RESEARCH_ONLY,COST_MODEL_UNVALIDATED,False,False,DISABLED,Daily market context is disabled until operator review,MANUAL_PROXY_RESEARCH,False,True,MEASURED,FIVE_LEVEL,FYERS_MARKET_DEPTH,5,5,200,240,540,920,2026-08-24T08:36:30+00:00,IV_UNAVAILABLE,False,0,False,False,DATA_INVALID,8,DataHealth invalid; Contract invalid: Quote stale or spread hard rejected.; SideDirection hard reject: 1.2 < 65.0; PremiumElasticity hard reject: 0.50 < 1.00; Expected/Required hard reject: 1.17 < 1.60; TradeQuality below configured minimum; ConvexityEdge below excellent gate: 78.1 < 80.0; RegimeFit below excellent gate: 60.0 < 70.0,,
2026-08-24T14:06:39.931416+05:30,2026-08-24,SENSEX,BSE,INDEX,BSE_INDEX,PAPER_ELIGIBLE,INDEX:BSE_BROAD,paper-strategy-8ade763620b6,opportunity-score-8ade763620b6,universe-a8e55c76a270,PAPER_OVERRIDE::FYERS_PAPER_PROXY_RESEARCH,PE,UNKNOWN,77300.0,0.0,False,,,Underlying move below identification minimum.,False,,,,,ATM IV unavailable.,,SENSEX,NOT_CONFIGURED,,2c55d017dc19,WARMUP_OBSERVATIONS,50,1,0,85.0,65.0,1.0,1.6,70.0,65.0,35.0,50.0,inf,3.0,15.0,GLOBAL_POLICY_FLOOR>CLASS_FLOOR>INSTRUMENT_LEARNED_FLOOR; LOWER=max; UPPER=min,CONSTRAINED_WALK_FORWARD,WARMUP_OBSERVATIONS,,0,0,,,0.0,,FYERS_PAPER_PROXY_RESEARCH,FYERS_PAPER_RESEARCH_ONLY,COST_MODEL_UNVALIDATED,False,False,DISABLED,Daily market context is disabled until operator review,MANUAL_PROXY_RESEARCH,True,True,MEASURED,FIVE_LEVEL,FYERS_MARKET_DEPTH,5,5,40,40,480,300,2026-08-24T08:36:31+00:00,IV_UNAVAILABLE,False,0,False,False,CONTRACT_INVALID,7,Contract invalid: Top-book depth below 3.0 lots.; SideDirection hard reject: -1.2 < 65.0; PremiumElasticity hard reject: 0.50 < 1.00; Expected/Required hard reject: 1.17 < 1.60; TradeQuality below configured minimum; ConvexityEdge below excellent gate: 78.1 < 80.0; RegimeFit below excellent gate: 60.0 < 70.0,,
2026-08-24T14:06:39.931416+05:30,2026-08-24,SENSEX,BSE,INDEX,BSE_INDEX,PAPER_ELIGIBLE,INDEX:BSE_BROAD,paper-strategy-8ade763620b6,opportunity-score-8ade763620b6,universe-a8e55c76a270,PAPER_OVERRIDE::FYERS_PAPER_PROXY_RESEARCH,PE,UNKNOWN,77200.0,0.0,False,,,Underlying move below identification minimum.,False,,,,,ATM IV unavailable.,,SENSEX,NOT_CONFIGURED,,2c55d017dc19,WARMUP_OBSERVATIONS,50,1,0,85.0,65.0,1.0,1.6,70.0,65.0,35.0,50.0,inf,3.0,15.0,GLOBAL_POLICY_FLOOR>CLASS_FLOOR>INSTRUMENT_LEARNED_FLOOR; LOWER=max; UPPER=min,CONSTRAINED_WALK_FORWARD,WARMUP_OBSERVATIONS,,0,0,,,0.0,,FYERS_PAPER_PROXY_RESEARCH,FYERS_PAPER_RESEARCH_ONLY,COST_MODEL_UNVALIDATED,False,False,DISABLED,Daily market context is disabled until operator review,MANUAL_PROXY_RESEARCH,False,True,MEASURED,FIVE_LEVEL,FYERS_MARKET_DEPTH,5,5,40,120,560,600,2026-08-24T08:36:30+00:00,IV_UNAVAILABLE,False,0,False,False,DATA_INVALID,8,DataHealth invalid; Contract invalid: Quote stale or spread hard rejected.; SideDirection hard reject: -1.2 < 65.0; PremiumElasticity hard reject: 0.30 < 1.00; Expected/Required hard reject: 1.17 < 1.60; TradeQuality below configured minimum; ConvexityEdge below excellent gate: 62.1 < 80.0; RegimeFit below excellent gate: 60.0 < 70.0,,
2026-08-24T14:06:39.931416+05:30,2026-08-24,SENSEX,BSE,INDEX,BSE_INDEX,PAPER_ELIGIBLE,INDEX:BSE_BROAD,paper-strategy-8ade763620b6,opportunity-score-8ade763620b6,universe-a8e55c76a270,PAPER_OVERRIDE::FYERS_PAPER_PROXY_RESEARCH,CE,UNKNOWN,77400.0,1.2,False,,,Underlying move below identification minimum.,False,,,,,ATM IV unavailable.,,SENSEX,NOT_CONFIGURED,,2c55d017dc19,WARMUP_OBSERVATIONS,50,1,0,85.0,65.0,1.0,1.6,70.0,65.0,35.0,50.0,inf,3.0,15.0,GLOBAL_POLICY_FLOOR>CLASS_FLOOR>INSTRUMENT_LEARNED_FLOOR; LOWER=max; UPPER=min,CONSTRAINED_WALK_FORWARD,WARMUP_OBSERVATIONS,,0,0,,,0.0,,FYERS_PAPER_PROXY_RESEARCH,FYERS_PAPER_RESEARCH_ONLY,COST_MODEL_UNVALIDATED,False,False,DISABLED,Daily market context is disabled until operator review,MANUAL_PROXY_RESEARCH,True,True,MEASURED,FIVE_LEVEL,FYERS_MARKET_DEPTH,5,5,80,40,620,220,2026-08-24T08:36:31+00:00,IV_UNAVAILABLE,False,0,False,False,CONTRACT_INVALID,7,Contract invalid: Top-book depth below 3.0 lots.; SideDirection hard reject: 1.2 < 65.0; PremiumElasticity hard reject: 0.30 < 1.00; Expected/Required hard reject: 1.17 < 1.60; TradeQuality below configured minimum; ConvexityEdge below excellent gate: 62.1 < 80.0; RegimeFit below excellent gate: 60.0 < 70.0,,
2026-08-24T14:09:16.087927+05:30,2026-08-24,BANKNIFTY,NSE,INDEX,NSE_INDEX,PAPER_ELIGIBLE,INDEX:BANKING,paper-strategy-8ade763620b6,opportunity-score-8ade763620b6,universe-a8e55c76a270,PAPER_OVERRIDE::FYERS_PAPER_PROXY_RESEARCH,CE,UNKNOWN,57300.0,0.1,False,,,Underlying move below identification minimum.,False,,,,,ATM IV unavailable.,11.0580,banknifty_fast_wbci,VALID,10.9673,2e840ccd58d1,WARMUP_OBSERVATIONS,342,1,0,80.0,65.0,1.0,1.6,70.0,65.0,35.0,50.0,inf,2.0,10.0,GLOBAL_POLICY_FLOOR>CLASS_FLOOR>INSTRUMENT_LEARNED_FLOOR; LOWER=max; UPPER=min,CONSTRAINED_WALK_FORWARD,WARMUP_OBSERVATIONS,,0,0,,,0.0,,FYERS_PAPER_PROXY_RESEARCH,FYERS_PAPER_RESEARCH_ONLY,COST_MODEL_UNVALIDATED,False,False,DISABLED,Daily market context is disabled until operator review,MANUAL_PROXY_RESEARCH,False,True,MEASURED,FIVE_LEVEL,FYERS_MARKET_DEPTH,5,5,30,60,780,450,2026-08-24T08:38:42+00:00,IV_UNAVAILABLE,False,0,False,False,DATA_INVALID,7,DataHealth invalid; Contract invalid: Quote stale or spread hard rejected.; SideDirection hard reject: 0.1 < 65.0; PremiumElasticity hard reject: 0.50 < 1.00; Expected/Required hard reject: 1.42 < 1.60; TradeQuality below configured minimum; ConvexityEdge below excellent gate: 71.4 < 80.0,,
2026-08-24T14:09:16.087927+05:30,2026-08-24,BANKNIFTY,NSE,INDEX,NSE_INDEX,PAPER_ELIGIBLE,INDEX:BANKING,paper-strategy-8ade763620b6,opportunity-score-8ade763620b6,universe-a8e55c76a270,PAPER_OVERRIDE::FYERS_PAPER_PROXY_RESEARCH,PE,UNKNOWN,57300.0,0.0,False,,,Underlying move below identification minimum.,False,,,,,ATM IV unavailable.,11.0580,banknifty_fast_wbci,VALID,10.9673,2e840ccd58d1,WARMUP_OBSERVATIONS,342,1,0,80.0,65.0,1.0,1.6,70.0,65.0,35.0,50.0,inf,2.0,10.0,GLOBAL_POLICY_FLOOR>CLASS_FLOOR>INSTRUMENT_LEARNED_FLOOR; LOWER=max; UPPER=min,CONSTRAINED_WALK_FORWARD,WARMUP_OBSERVATIONS,,0,0,,,0.0,,FYERS_PAPER_PROXY_RESEARCH,FYERS_PAPER_RESEARCH_ONLY,COST_MODEL_UNVALIDATED,False,False,DISABLED,Daily market context is disabled until operator review,MANUAL_PROXY_RESEARCH,False,True,MEASURED,FIVE_LEVEL,FYERS_MARKET_DEPTH,5,5,90,90,480,870,2026-08-24T08:38:42+00:00,IV_UNAVAILABLE,False,0,False,False,DATA_INVALID,7,DataHealth invalid; Contract invalid: Quote stale or spread hard rejected.; SideDirection hard reject: -0.1 < 65.0; PremiumElasticity hard reject: 0.50 < 1.00; Expected/Required hard reject: 1.42 < 1.60; TradeQuality below configured minimum; ConvexityEdge below excellent gate: 71.4 < 80.0,,
2026-08-24T14:09:16.087927+05:30,2026-08-24,BANKNIFTY,NSE,INDEX,NSE_INDEX,PAPER_ELIGIBLE,INDEX:BANKING,paper-strategy-8ade763620b6,opportunity-score-8ade763620b6,universe-a8e55c76a270,PAPER_OVERRIDE::FYERS_PAPER_PROXY_RESEARCH,CE,UNKNOWN,57400.0,0.1,False,,,Underlying move below identification minimum.,False,,,,,ATM IV unavailable.,11.0580,banknifty_fast_wbci,VALID,10.9673,2e840ccd58d1,WARMUP_OBSERVATIONS,342,1,0,80.0,65.0,1.0,1.6,70.0,65.0,35.0,50.0,inf,2.0,10.0,GLOBAL_POLICY_FLOOR>CLASS_FLOOR>INSTRUMENT_LEARNED_FLOOR; LOWER=max; UPPER=min,CONSTRAINED_WALK_FORWARD,WARMUP_OBSERVATIONS,,0,0,,,0.0,,FYERS_PAPER_PROXY_RESEARCH,FYERS_PAPER_RESEARCH_ONLY,COST_MODEL_UNVALIDATED,False,False,DISABLED,Daily market context is disabled until operator review,MANUAL_PROXY_RESEARCH,False,True,MEASURED,FIVE_LEVEL,FYERS_MARKET_DEPTH,5,5,60,30,990,8820,2026-08-24T08:38:42+00:00,IV_UNAVAILABLE,False,0,False,False,DATA_INVALID,7,DataHealth invalid; Contract invalid: Quote stale or spread hard rejected.; SideDirection hard reject: 0.1 < 65.0; PremiumElasticity hard reject: 0.30 < 1.00; Expected/Required hard reject: 1.42 < 1.60; TradeQuality below configured minimum; ConvexityEdge below excellent gate: 57.4 < 80.0,,
2026-08-24T14:09:16.087927+05:30,2026-08-24,BANKNIFTY,NSE,INDEX,NSE_INDEX,PAPER_ELIGIBLE,INDEX:BANKING,paper-strategy-8ade763620b6,opportunity-score-8ade763620b6,universe-a8e55c76a270,PAPER_OVERRIDE::FYERS_PAPER_PROXY_RESEARCH,PE,UNKNOWN,57400.0,0.0,False,,,Underlying move below identification minimum.,False,,,,,ATM IV unavailable.,11.0580,banknifty_fast_wbci,VALID,10.9673,2e840ccd58d1,WARMUP_OBSERVATIONS,342,1,0,80.0,65.0,1.0,1.6,70.0,65.0,35.0,50.0,inf,2.0,10.0,GLOBAL_POLICY_FLOOR>CLASS_FLOOR>INSTRUMENT_LEARNED_FLOOR; LOWER=max; UPPER=min,CONSTRAINED_WALK_FORWARD,WARMUP_OBSERVATIONS,,0,0,,,0.0,,FYERS_PAPER_PROXY_RESEARCH,FYERS_PAPER_RESEARCH_ONLY,COST_MODEL_UNVALIDATED,False,False,DISABLED,Daily market context is disabled until operator review,MANUAL_PROXY_RESEARCH,False,True,MEASURED,FIVE_LEVEL,FYERS_MARKET_DEPTH,5,5,30,120,660,780,2026-08-24T08:38:43+00:00,IV_UNAVAILABLE,False,0,False,False,DATA_INVALID,7,DataHealth invalid; Contract invalid: Quote stale or spread hard rejected.; SideDirection hard reject: -0.1 < 65.0; PremiumElasticity hard reject: 0.70 < 1.00; Expected/Required hard reject: 1.42 < 1.60; TradeQuality below configured minimum; ConvexityEdge below excellent gate: 71.4 < 80.0,,
2026-08-24T14:09:16.087927+05:30,2026-08-24,MIDCPNIFTY,NSE,INDEX,NSE_INDEX,PAPER_ELIGIBLE,INDEX:MIDCAP,paper-strategy-8ade763620b6,opportunity-score-8ade763620b6,universe-a8e55c76a270,PAPER_OVERRIDE::FYERS_PAPER_PROXY_RESEARCH,CE,UNKNOWN,14850.0,0.0,False,,,Underlying move below identification minimum.,False,,,,,ATM IV unavailable.,1.6667,midcap_direction_proxy,PARTIAL_MIDCAP,2.4468,712afad509f5,WARMUP_OBSERVATIONS,168,1,0,80.0,65.0,1.0,1.6,70.0,65.0,35.0,50.0,inf,2.0,10.0,GLOBAL_POLICY_FLOOR>CLASS_FLOOR>INSTRUMENT_LEARNED_FLOOR; LOWER=max; UPPER=min,CONSTRAINED_WALK_FORWARD,WARMUP_OBSERVATIONS,,0,0,,,0.0,,FYERS_PAPER_PROXY_RESEARCH,FYERS_PAPER_RESEARCH_ONLY,COST_MODEL_UNVALIDATED,False,False,DISABLED,Daily market context is disabled until operator review,MANUAL_PROXY_RESEARCH,False,True,MEASURED,FIVE_LEVEL,FYERS_MARKET_DEPTH,5,5,240,480,1320,1920,2026-08-24T08:38:45+00:00,IV_UNAVAILABLE,False,0,False,False,DATA_INVALID,7,DataHealth invalid; Contract invalid: Quote stale or spread hard rejected.; SideDirection hard reject: -0.8 < 65.0; PremiumElasticity hard reject: 0.70 < 1.00; Expected/Required hard reject: 1.08 < 1.60; TradeQuality below configured minimum; ConvexityEdge below excellent gate: 70.4 < 80.0,,
2026-08-24T14:09:16.087927+05:30,2026-08-24,MIDCPNIFTY,NSE,INDEX,NSE_INDEX,PAPER_ELIGIBLE,INDEX:MIDCAP,paper-strategy-8ade763620b6,opportunity-score-8ade763620b6,universe-a8e55c76a270,PAPER_OVERRIDE::FYERS_PAPER_PROXY_RESEARCH,CE,UNKNOWN,14900.0,0.0,False,,,Underlying move below identification minimum.,False,,,,,ATM IV unavailable.,1.6667,midcap_direction_proxy,PARTIAL_MIDCAP,2.4468,712afad509f5,WARMUP_OBSERVATIONS,168,1,0,80.0,65.0,1.0,1.6,70.0,65.0,35.0,50.0,inf,2.0,10.0,GLOBAL_POLICY_FLOOR>CLASS_FLOOR>INSTRUMENT_LEARNED_FLOOR; LOWER=max; UPPER=min,CONSTRAINED_WALK_FORWARD,WARMUP_OBSERVATIONS,,0,0,,,0.0,,FYERS_PAPER_PROXY_RESEARCH,FYERS_PAPER_RESEARCH_ONLY,COST_MODEL_UNVALIDATED,False,False,DISABLED,Daily market context is disabled until operator review,MANUAL_PROXY_RESEARCH,False,True,MEASURED,FIVE_LEVEL,FYERS_MARKET_DEPTH,5,5,480,360,3720,4080,2026-08-24T08:38:42+00:00,IV_UNAVAILABLE,False,0,False,False,DATA_INVALID,7,DataHealth invalid; Contract invalid: Quote stale or spread hard rejected.; SideDirection hard reject: -0.8 < 65.0; PremiumElasticity hard reject: 0.30 < 1.00; Expected/Required hard reject: 1.08 < 1.60; TradeQuality below configured minimum; ConvexityEdge below excellent gate: 56.4 < 80.0,,
2026-08-24T14:09:16.087927+05:30,2026-08-24,ASIANPAINT,NSE,STOCK,NSE_STOCK_OPTION,PAPER_ELIGIBLE,STOCK:ASIANPAINT,paper-strategy-8ade763620b6,opportunity-score-8ade763620b6,universe-a8e55c76a270,PAPER_OVERRIDE::FYERS_PAPER_PROXY_RESEARCH,CE,UNKNOWN,2640.0,1.5,False,,,No prior observation for contract.,False,,,,,ATM IV unavailable.,,ASIANPAINT,NOT_CONFIGURED,,8512c046e489,WARMUP_OBSERVATIONS,50,1,0,90.0,65.0,1.0,1.6,70.0,65.0,35.0,50.0,inf,3.0,20.0,GLOBAL_POLICY_FLOOR>CLASS_FLOOR>INSTRUMENT_LEARNED_FLOOR; LOWER=max; UPPER=min,CONSTRAINED_WALK_FORWARD,WARMUP_OBSERVATIONS,,0,0,,,0.0,,FYERS_PAPER_PROXY_RESEARCH,FYERS_PAPER_RESEARCH_ONLY,COST_MODEL_UNVALIDATED,False,False,DISABLED,Daily market context is disabled until operator review,MANUAL_PROXY_RESEARCH,False,True,MEASURED,FIVE_LEVEL,FYERS_MARKET_DEPTH,5,5,750,250,3250,4000,2026-08-24T08:35:47+00:00,IV_UNAVAILABLE,False,0,False,False,DATA_INVALID,11,DataHealth invalid; Contract invalid: Quote stale or spread hard rejected.; SideDirection hard reject: 1.5 < 65.0; PremiumElasticity hard reject: 0.50 < 1.00; Expected/Required hard reject: 1.17 < 1.60; TradeQuality below configured minimum; FinalConfidence below configured minimum; ExecutionQuality below excellent gate: 0.0 < 80.0; ConvexityEdge below excellent gate: 71.4 < 80.0; OpportunityConfidence below excellent gate: 40.0 < 70.0; RegimeFit below excellent gate: 60.0 < 70.0,,
2026-08-24T14:09:16.087927+05:30,2026-08-24,ASIANPAINT,NSE,STOCK,NSE_STOCK_OPTION,PAPER_ELIGIBLE,STOCK:ASIANPAINT,paper-strategy-8ade763620b6,opportunity-score-8ade763620b6,universe-a8e55c76a270,PAPER_OVERRIDE::FYERS_PAPER_PROXY_RESEARCH,PE,UNKNOWN,2640.0,0.0,False,,,No prior observation for contract.,False,,,,,ATM IV unavailable.,,ASIANPAINT,NOT_CONFIGURED,,8512c046e489,WARMUP_OBSERVATIONS,50,1,0,90.0,65.0,1.0,1.6,70.0,65.0,35.0,50.0,inf,3.0,20.0,GLOBAL_POLICY_FLOOR>CLASS_FLOOR>INSTRUMENT_LEARNED_FLOOR; LOWER=max; UPPER=min,CONSTRAINED_WALK_FORWARD,WARMUP_OBSERVATIONS,,0,0,,,0.0,,FYERS_PAPER_PROXY_RESEARCH,FYERS_PAPER_RESEARCH_ONLY,COST_MODEL_UNVALIDATED,False,False,DISABLED,Daily market context is disabled until operator review,MANUAL_PROXY_RESEARCH,False,True,MEASURED,FIVE_LEVEL,FYERS_MARKET_DEPTH,5,5,500,750,1500,2500,2026-08-24T08:36:40+00:00,IV_UNAVAILABLE,False,0,False,False,DATA_INVALID,11,DataHealth invalid; Contract invalid: Quote stale or spread hard rejected.; SideDirection hard reject: -1.5 < 65.0; PremiumElasticity hard reject: 0.50 < 1.00; Expected/Required hard reject: 1.17 < 1.60; TradeQuality below configured minimum; FinalConfidence below configured minimum; ExecutionQuality below excellent gate: 0.0 < 80.0; ConvexityEdge below excellent gate: 71.4 < 80.0; OpportunityConfidence below excellent gate: 43.1 < 70.0; RegimeFit below excellent gate: 60.0 < 70.0,,
2026-08-24T14:09:16.087927+05:30,2026-08-24,ASIANPAINT,NSE,STOCK,NSE_STOCK_OPTION,PAPER_ELIGIBLE,STOCK:ASIANPAINT,paper-strategy-8ade763620b6,opportunity-score-8ade763620b6,universe-a8e55c76a270,PAPER_OVERRIDE::FYERS_PAPER_PROXY_RESEARCH,CE,UNKNOWN,2620.0,1.5,False,,,No prior observation for contract.,False,,,,,ATM IV unavailable.,,ASIANPAINT,NOT_CONFIGURED,,8512c046e489,WARMUP_OBSERVATIONS,50,1,0,90.0,65.0,1.0,1.6,70.0,65.0,35.0,50.0,inf,3.0,20.0,GLOBAL_POLICY_FLOOR>CLASS_FLOOR>INSTRUMENT_LEARNED_FLOOR; LOWER=max; UPPER=min,CONSTRAINED_WALK_FORWARD,WARMUP_OBSERVATIONS,,0,0,,,0.0,,FYERS_PAPER_PROXY_RESEARCH,FYERS_PAPER_RESEARCH_ONLY,COST_MODEL_UNVALIDATED,False,False,DISABLED,Daily market context is disabled until operator review,MANUAL_PROXY_RESEARCH,False,True,MEASURED,FIVE_LEVEL,FYERS_MARKET_DEPTH,5,5,2500,250,4250,3750,2026-08-24T08:36:46+00:00,IV_UNAVAILABLE,False,0,False,False,DATA_INVALID,11,DataHealth invalid; Contract invalid: Quote stale or spread hard rejected.; SideDirection hard reject: 1.5 < 65.0; PremiumElasticity hard reject: 0.70 < 1.00; Expected/Required hard reject: 1.17 < 1.60; TradeQuality below configured minimum; FinalConfidence below configured minimum; ExecutionQuality below excellent gate: 2.2 < 80.0; ConvexityEdge below excellent gate: 71.4 < 80.0; OpportunityConfidence below excellent gate: 52.9 < 70.0; RegimeFit below excellent gate: 60.0 < 70.0,,
2026-08-24T14:09:16.087927+05:30,2026-08-24,ASIANPAINT,NSE,STOCK,NSE_STOCK_OPTION,PAPER_ELIGIBLE,STOCK:ASIANPAINT,paper-strategy-8ade763620b6,opportunity-score-8ade763620b6,universe-a8e55c76a270,PAPER_OVERRIDE::FYERS_PAPER_PROXY_RESEARCH,PE,UNKNOWN,2620.0,0.0,False,,,No prior observation for contract.,False,,,,,ATM IV unavailable.,,ASIANPAINT,NOT_CONFIGURED,,8512c046e489,WARMUP_OBSERVATIONS,50,1,0,90.0,65.0,1.0,1.6,70.0,65.0,35.0,50.0,inf,3.0,20.0,GLOBAL_POLICY_FLOOR>CLASS_FLOOR>INSTRUMENT_LEARNED_FLOOR; LOWER=max; UPPER=min,CONSTRAINED_WALK_FORWARD,WARMUP_OBSERVATIONS,,0,0,,,0.0,,FYERS_PAPER_PROXY_RESEARCH,FYERS_PAPER_RESEARCH_ONLY,COST_MODEL_UNVALIDATED,False,False,DISABLED,Daily market context is disabled until operator review,MANUAL_PROXY_RESEARCH,False,True,MEASURED,FIVE_LEVEL,FYERS_MARKET_DEPTH,5,5,500,750,3250,3750,2026-08-24T08:37:40+00:00,IV_UNAVAILABLE,False,0,False,False,DATA_INVALID,11,DataHealth invalid; Contract invalid: Quote stale or spread hard rejected.; SideDirection hard reject: -1.5 < 65.0; PremiumElasticity hard reject: 0.30 < 1.00; Expected/Required hard reject: 1.17 < 1.60; TradeQuality below configured minimum; FinalConfidence below configured minimum; ExecutionQuality below excellent gate: 0.0 < 80.0; ConvexityEdge below excellent gate: 57.4 < 80.0; OpportunityConfidence below excellent gate: 31.0 < 70.0; RegimeFit below excellent gate: 60.0 < 70.0,,
2026-08-24T14:09:16.087927+05:30,2026-08-24,ASIANPAINT,NSE,STOCK,NSE_STOCK_OPTION,PAPER_ELIGIBLE,STOCK:ASIANPAINT,paper-strategy-8ade763620b6,opportunity-score-8ade763620b6,universe-a8e55c76a270,PAPER_OVERRIDE::FYERS_PAPER_PROXY_RESEARCH,CE,UNKNOWN,2660.0,1.5,False,,,No prior observation for contract.,False,,,,,ATM IV unavailable.,,ASIANPAINT,NOT_CONFIGURED,,8512c046e489,WARMUP_OBSERVATIONS,50,1,0,90.0,65.0,1.0,1.6,70.0,65.0,35.0,50.0,inf,3.0,20.0,GLOBAL_POLICY_FLOOR>CLASS_FLOOR>INSTRUMENT_LEARNED_FLOOR; LOWER=max; UPPER=min,CONSTRAINED_WALK_FORWARD,WARMUP_OBSERVATIONS,,0,0,,,0.0,,FYERS_PAPER_PROXY_RESEARCH,FYERS_PAPER_RESEARCH_ONLY,COST_MODEL_UNVALIDATED,False,False,DISABLED,Daily market context is disabled until operator review,MANUAL_PROXY_RESEARCH,False,True,MEASURED,FIVE_LEVEL,FYERS_MARKET_DEPTH,5,5,500,500,4000,4250,2026-08-24T08:37:42+00:00,IV_UNAVAILABLE,False,0,False,False,DATA_INVALID,11,DataHealth invalid; Contract invalid: Quote stale or spread hard rejected.; SideDirection hard reject: 1.5 < 65.0; PremiumElasticity hard reject: 0.30 < 1.00; Expected/Required hard reject: 1.17 < 1.60; TradeQuality below configured minimum; FinalConfidence below configured minimum; ExecutionQuality below excellent gate: 0.0 < 80.0; ConvexityEdge below excellent gate: 57.4 < 80.0; OpportunityConfidence below excellent gate: 31.4 < 70.0; RegimeFit below excellent gate: 60.0 < 70.0,,
2026-08-24T14:09:16.087927+05:30,2026-08-24,AXISBANK,NSE,STOCK,NSE_STOCK_OPTION,PAPER_ELIGIBLE,STOCK:AXISBANK,paper-strategy-8ade763620b6,opportunity-score-8ade763620b6,universe-a8e55c76a270,PAPER_OVERRIDE::FYERS_PAPER_PROXY_RESEARCH,PE,UNKNOWN,1260.0,0.0,False,,,No prior observation for contract.,False,,,,,ATM IV unavailable.,,AXISBANK,NOT_CONFIGURED,,cfeb90d03746,WARMUP_OBSERVATIONS,15,1,0,90.0,65.0,1.0,1.6,70.0,65.0,35.0,50.0,inf,3.0,20.0,GLOBAL_POLICY_FLOOR>CLASS_FLOOR>INSTRUMENT_LEARNED_FLOOR; LOWER=max; UPPER=min,CONSTRAINED_WALK_FORWARD,WARMUP_OBSERVATIONS,,0,0,,,0.0,,FYERS_PAPER_PROXY_RESEARCH,FYERS_PAPER_RESEARCH_ONLY,COST_MODEL_UNVALIDATED,False,False,DISABLED,Daily market context is disabled until operator review,MANUAL_PROXY_RESEARCH,False,True,MEASURED,FIVE_LEVEL,FYERS_MARKET_DEPTH,5,5,625,1250,6875,5625,2026-08-24T08:38:33+00:00,IV_UNAVAILABLE,False,0,False,False,DATA_INVALID,9,DataHealth invalid; Contract invalid: Quote stale or spread hard rejected.; SideDirection hard reject: -11.7 < 65.0; PremiumElasticity hard reject: 0.70 < 1.00; Expected/Required hard reject: 1.17 < 1.60; TradeQuality below configured minimum; ConvexityEdge below excellent gate: 71.4 < 80.0; OpportunityConfidence below excellent gate: 69.8 < 70.0; RegimeFit below excellent gate: 60.0 < 70.0,,
2026-08-24T14:09:16.087927+05:30,2026-08-24,BAJFINANCE,NSE,STOCK,NSE_STOCK_OPTION,PAPER_ELIGIBLE,STOCK:BAJFINANCE,paper-strategy-8ade763620b6,opportunity-score-8ade763620b6,universe-a8e55c76a270,PAPER_OVERRIDE::FYERS_PAPER_PROXY_RESEARCH,CE,UNKNOWN,1070.0,3.0,False,,,No prior observation for contract.,False,,,,,ATM IV unavailable.,,BAJFINANCE,NOT_CONFIGURED,,58c303dc05a9,WARMUP_OBSERVATIONS,13,1,0,90.0,65.0,1.0,1.6,70.0,65.0,35.0,50.0,inf,3.0,20.0,GLOBAL_POLICY_FLOOR>CLASS_FLOOR>INSTRUMENT_LEARNED_FLOOR; LOWER=max; UPPER=min,CONSTRAINED_WALK_FORWARD,WARMUP_OBSERVATIONS,,0,0,,,0.0,,FYERS_PAPER_PROXY_RESEARCH,FYERS_PAPER_RESEARCH_ONLY,COST_MODEL_UNVALIDATED,False,False,DISABLED,Daily market context is disabled until operator review,MANUAL_PROXY_RESEARCH,False,True,MEASURED,FIVE_LEVEL,FYERS_MARKET_DEPTH,5,5,1500,2250,4500,5250,2026-08-24T08:37:58+00:00,IV_UNAVAILABLE,False,0,False,False,DATA_INVALID,11,DataHealth invalid; Contract invalid: Quote stale or spread hard rejected.; SideDirection hard reject: 3.0 < 65.0; PremiumElasticity hard reject: 0.70 < 1.00; Expected/Required hard reject: 1.17 < 1.60; TradeQuality below configured minimum; FinalConfidence below configured minimum; ExecutionQuality below excellent gate: 57.7 < 80.0; ConvexityEdge below excellent gate: 71.4 < 80.0; OpportunityConfidence below excellent gate: 63.2 < 70.0; RegimeFit below excellent gate: 60.0 < 70.0,,
2026-08-24T14:09:16.087927+05:30,2026-08-24,BAJAJFINSV,NSE,STOCK,NSE_STOCK_OPTION,PAPER_ELIGIBLE,STOCK:BAJAJFINSV,paper-strategy-8ade763620b6,opportunity-score-8ade763620b6,universe-a8e55c76a270,PAPER_OVERRIDE::FYERS_PAPER_PROXY_RESEARCH,CE,UNKNOWN,2000.0,0.0,False,,,No prior observation for contract.,False,,,,,ATM IV unavailable.,,BAJAJFINSV,NOT_CONFIGURED,,e97256bacfa6,WARMUP_OBSERVATIONS,38,1,0,90.0,65.0,1.0,1.6,70.0,65.0,35.0,50.0,inf,3.0,20.0,GLOBAL_POLICY_FLOOR>CLASS_FLOOR>INSTRUMENT_LEARNED_FLOOR; LOWER=max; UPPER=min,CONSTRAINED_WALK_FORWARD,WARMUP_OBSERVATIONS,,0,0,,,0.0,,FYERS_PAPER_PROXY_RESEARCH,FYERS_PAPER_RESEARCH_ONLY,COST_MODEL_UNVALIDATED,False,False,DISABLED,Daily market context is disabled until operator review,MANUAL_PROXY_RESEARCH,False,True,MEASURED,FIVE_LEVEL,FYERS_MARKET_DEPTH,5,5,600,300,4800,3300,2026-08-24T08:38:20+00:00,IV_UNAVAILABLE,False,0,False,False,DATA_INVALID,11,DataHealth invalid; Contract invalid: Quote stale or spread hard rejected.; SideDirection hard reject: -9.2 < 65.0; PremiumElasticity hard reject: 0.50 < 1.00; Expected/Required hard reject: 1.17 < 1.60; TradeQuality below configured minimum; FinalConfidence below configured minimum; ExecutionQuality below excellent gate: 0.0 < 80.0; ConvexityEdge below excellent gate: 71.4 < 80.0; OpportunityConfidence below excellent gate: 43.0 < 70.0; RegimeFit below excellent gate: 60.0 < 70.0,,
2026-08-24T14:09:16.087927+05:30,2026-08-24,BAJAJFINSV,NSE,STOCK,NSE_STOCK_OPTION,PAPER_ELIGIBLE,STOCK:BAJAJFINSV,paper-strategy-8ade763620b6,opportunity-score-8ade763620b6,universe-a8e55c76a270,PAPER_OVERRIDE::FYERS_PAPER_PROXY_RESEARCH,PE,UNKNOWN,2020.0,9.2,False,,,No prior observation for contract.,False,,,,,ATM IV unavailable.,,BAJAJFINSV,NOT_CONFIGURED,,e97256bacfa6,WARMUP_OBSERVATIONS,38,1,0,90.0,65.0,1.0,1.6,70.0,65.0,35.0,50.0,inf,3.0,20.0,GLOBAL_POLICY_FLOOR>CLASS_FLOOR>INSTRUMENT_LEARNED_FLOOR; LOWER=max; UPPER=min,CONSTRAINED_WALK_FORWARD,WARMUP_OBSERVATIONS,,0,0,,,0.0,,FYERS_PAPER_PROXY_RESEARCH,FYERS_PAPER_RESEARCH_ONLY,COST_MODEL_UNVALIDATED,False,False,DISABLED,Daily market context is disabled until operator review,MANUAL_PROXY_RESEARCH,False,True,MEASURED,FIVE_LEVEL,FYERS_MARKET_DEPTH,5,5,300,300,2100,2400,2026-08-24T08:38:09+00:00,IV_UNAVAILABLE,False,0,False,False,DATA_INVALID,10,DataHealth invalid; Contract invalid: Quote stale or spread hard rejected.; SideDirection hard reject: 9.2 < 65.0; PremiumElasticity hard reject: 0.70 < 1.00; Expected/Required hard reject: 1.17 < 1.60; TradeQuality below configured minimum; ExecutionQuality below excellent gate: 36.4 < 80.0; ConvexityEdge below excellent gate: 71.4 < 80.0; OpportunityConfidence below excellent gate: 65.9 < 70.0; RegimeFit below excellent gate: 60.0 < 70.0,,
2026-08-24T14:09:16.087927+05:30,2026-08-24,BHARTIARTL,NSE,STOCK,NSE_STOCK_OPTION,PAPER_ELIGIBLE,STOCK:BHARTIARTL,paper-strategy-8ade763620b6,opportunity-score-8ade763620b6,universe-a8e55c76a270,PAPER_OVERRIDE::FYERS_PAPER_PROXY_RESEARCH,CE,UNKNOWN,1920.0,0.0,False,,,No prior observation for contract.,False,,,,,ATM IV unavailable.,,BHARTIARTL,NOT_CONFIGURED,,d009a6fae530,WARMUP_OBSERVATIONS,23,1,0,90.0,65.0,1.0,1.6,70.0,65.0,35.0,50.0,inf,3.0,20.0,GLOBAL_POLICY_FLOOR>CLASS_FLOOR>INSTRUMENT_LEARNED_FLOOR; LOWER=max; UPPER=min,CONSTRAINED_WALK_FORWARD,WARMUP_OBSERVATIONS,,0,0,,,0.0,,FYERS_PAPER_PROXY_RESEARCH,FYERS_PAPER_RESEARCH_ONLY,COST_MODEL_UNVALIDATED,False,False,DISABLED,Daily market context is disabled until operator review,MANUAL_PROXY_RESEARCH,False,True,MEASURED,FIVE_LEVEL,FYERS_MARKET_DEPTH,5,5,950,950,3800,4750,2026-08-24T08:38:56+00:00,IV_UNAVAILABLE,False,0,False,False,DATA_INVALID,11,DataHealth invalid; Contract invalid: Quote stale or spread hard rejected.; SideDirection hard reject: -10.3 < 65.0; PremiumElasticity hard reject: 0.70 < 1.00; Expected/Required hard reject: 1.17 < 1.60; TradeQuality below configured minimum; FinalConfidence below configured minimum; ExecutionQuality below excellent gate: 0.0 < 80.0; ConvexityEdge below excellent gate: 71.4 < 80.0; OpportunityConfidence below excellent gate: 60.0 < 70.0; RegimeFit below excellent gate: 60.0 < 70.0,,
2026-08-24T14:09:16.087927+05:30,2026-08-24,BHARTIARTL,NSE,STOCK,NSE_STOCK_OPTION,PAPER_ELIGIBLE,STOCK:BHARTIARTL,paper-strategy-8ade763620b6,opportunity-score-8ade763620b6,universe-a8e55c76a270,PAPER_OVERRIDE::FYERS_PAPER_PROXY_RESEARCH,PE,UNKNOWN,1960.0,10.3,False,,,No prior observation for contract.,False,,,,,ATM IV unavailable.,,BHARTIARTL,NOT_CONFIGURED,,d009a6fae530,WARMUP_OBSERVATIONS,23,1,0,90.0,65.0,1.0,1.6,70.0,65.0,35.0,50.0,inf,3.0,20.0,GLOBAL_POLICY_FLOOR>CLASS_FLOOR>INSTRUMENT_LEARNED_FLOOR; LOWER=max; UPPER=min,CONSTRAINED_WALK_FORWARD,WARMUP_OBSERVATIONS,,0,0,,,0.0,,FYERS_PAPER_PROXY_RESEARCH,FYERS_PAPER_RESEARCH_ONLY,COST_MODEL_UNVALIDATED,False,False,DISABLED,Daily market context is disabled until operator review,MANUAL_PROXY_RESEARCH,False,True,MEASURED,FIVE_LEVEL,FYERS_MARKET_DEPTH,5,5,475,475,2850,2850,2026-08-24T08:39:00+00:00,IV_UNAVAILABLE,False,0,False,False,DATA_INVALID,9,DataHealth invalid; Contract invalid: Quote stale or spread hard rejected.; SideDirection hard reject: 10.3 < 65.0; PremiumElasticity hard reject: 0.70 < 1.00; Expected/Required hard reject: 1.17 < 1.60; TradeQuality below configured minimum; ExecutionQuality below excellent gate: 60.5 < 80.0; ConvexityEdge below excellent gate: 71.4 < 80.0; RegimeFit below excellent gate: 60.0 < 70.0,,
2026-08-24T14:09:16.087927+05:30,2026-08-24,CIPLA,NSE,STOCK,NSE_STOCK_OPTION,PAPER_ELIGIBLE,STOCK:CIPLA,paper-strategy-8ade763620b6,opportunity-score-8ade763620b6,universe-a8e55c76a270,PAPER_OVERRIDE::FYERS_PAPER_PROXY_RESEARCH,PE,UNKNOWN,1430.0,0.0,False,,,No prior observation for contract.,False,,,,,ATM IV unavailable.,,CIPLA,NOT_CONFIGURED,,fcbb76385597,WARMUP_OBSERVATIONS,48,1,0,90.0,65.0,1.0,1.6,70.0,65.0,35.0,50.0,inf,3.0,20.0,GLOBAL_POLICY_FLOOR>CLASS_FLOOR>INSTRUMENT_LEARNED_FLOOR; LOWER=max; UPPER=min,CONSTRAINED_WALK_FORWARD,WARMUP_OBSERVATIONS,,0,0,,,0.0,,FYERS_PAPER_PROXY_RESEARCH,FYERS_PAPER_RESEARCH_ONLY,COST_MODEL_UNVALIDATED,False,False,DISABLED,Daily market context is disabled until operator review,MANUAL_PROXY_RESEARCH,False,True,MEASURED,FIVE_LEVEL,FYERS_MARKET_DEPTH,5,5,425,425,2550,2550,2026-08-24T08:35:15+00:00,IV_UNAVAILABLE,False,0,False,False,DATA_INVALID,11,DataHealth invalid; Contract invalid: Quote stale or spread hard rejected.; SideDirection hard reject: -2.8 < 65.0; PremiumElasticity hard reject: 0.50 < 1.00; Expected/Required hard reject: 1.17 < 1.60; TradeQuality below configured minimum; FinalConfidence below configured minimum; ExecutionQuality below excellent gate: 0.0 < 80.0; ConvexityEdge below excellent gate: 71.4 < 80.0; OpportunityConfidence below excellent gate: 29.0 < 70.0; RegimeFit below excellent gate: 60.0 < 70.0,,
2026-08-24T14:09:16.087927+05:30,2026-08-24,CIPLA,NSE,STOCK,NSE_STOCK_OPTION,PAPER_ELIGIBLE,STOCK:CIPLA,paper-strategy-8ade763620b6,opportunity-score-8ade763620b6,universe-a8e55c76a270,PAPER_OVERRIDE::FYERS_PAPER_PROXY_RESEARCH,CE,UNKNOWN,1420.0,2.8,False,,,No prior observation for contract.,False,,,,,ATM IV unavailable.,,CIPLA,NOT_CONFIGURED,,fcbb76385597,WARMUP_OBSERVATIONS,48,1,0,90.0,65.0,1.0,1.6,70.0,65.0,35.0,50.0,inf,3.0,20.0,GLOBAL_POLICY_FLOOR>CLASS_FLOOR>INSTRUMENT_LEARNED_FLOOR; LOWER=max; UPPER=min,CONSTRAINED_WALK_FORWARD,WARMUP_OBSERVATIONS,,0,0,,,0.0,,FYERS_PAPER_PROXY_RESEARCH,FYERS_PAPER_RESEARCH_ONLY,COST_MODEL_UNVALIDATED,False,False,DISABLED,Daily market context is disabled until operator review,MANUAL_PROXY_RESEARCH,False,True,MEASURED,FIVE_LEVEL,FYERS_MARKET_DEPTH,5,5,850,425,5950,3400,2026-08-24T08:37:35+00:00,IV_UNAVAILABLE,False,0,False,False,DATA_INVALID,11,DataHealth invalid; Contract invalid: Quote stale or spread hard rejected.; SideDirection hard reject: 2.8 < 65.0; PremiumElasticity hard reject: 0.70 < 1.00; Expected/Required hard reject: 1.17 < 1.60; TradeQuality below configured minimum; FinalConfidence below configured minimum; ExecutionQuality below excellent gate: 5.6 < 80.0; ConvexityEdge below excellent gate: 71.4 < 80.0; OpportunityConfidence below excellent gate: 51.9 < 70.0; RegimeFit below excellent gate: 60.0 < 70.0,,
2026-08-24T14:09:16.087927+05:30,2026-08-24,CIPLA,NSE,STOCK,NSE_STOCK_OPTION,PAPER_ELIGIBLE,STOCK:CIPLA,paper-strategy-8ade763620b6,opportunity-score-8ade763620b6,universe-a8e55c76a270,PAPER_OVERRIDE::FYERS_PAPER_PROXY_RESEARCH,PE,UNKNOWN,1440.0,0.0,False,,,No prior observation for contract.,False,,,,,ATM IV unavailable.,,CIPLA,NOT_CONFIGURED,,fcbb76385597,WARMUP_OBSERVATIONS,48,1,0,90.0,65.0,1.0,1.6,70.0,65.0,35.0,50.0,inf,3.0,20.0,GLOBAL_POLICY_FLOOR>CLASS_FLOOR>INSTRUMENT_LEARNED_FLOOR; LOWER=max; UPPER=min,CONSTRAINED_WALK_FORWARD,WARMUP_OBSERVATIONS,,0,0,,,0.0,,FYERS_PAPER_PROXY_RESEARCH,FYERS_PAPER_RESEARCH_ONLY,COST_MODEL_UNVALIDATED,False,False,DISABLED,Daily market context is disabled until operator review,MANUAL_PROXY_RESEARCH,False,True,MEASURED,FIVE_LEVEL,FYERS_MARKET_DEPTH,5,5,425,425,2125,2125,2026-08-24T08:37:37+00:00,IV_UNAVAILABLE,False,0,False,False,DATA_INVALID,11,DataHealth invalid; Contract invalid: Quote stale or spread hard rejected.; SideDirection hard reject: -2.8 < 65.0; PremiumElasticity hard reject: 0.70 < 1.00; Expected/Required hard reject: 1.17 < 1.60; TradeQuality below configured minimum; FinalConfidence below configured minimum; ExecutionQuality below excellent gate: 0.0 < 80.0; ConvexityEdge below excellent gate: 71.4 < 80.0; OpportunityConfidence below excellent gate: 48.9 < 70.0; RegimeFit below excellent gate: 60.0 < 70.0,,
2026-08-24T14:10:35.801257+05:30,2026-08-24,BANKNIFTY,NSE,INDEX,NSE_INDEX,PAPER_ELIGIBLE,INDEX:BANKING,paper-strategy-8ade763620b6,opportunity-score-8ade763620b6,universe-a8e55c76a270,PAPER_OVERRIDE::FYERS_PAPER_PROXY_RESEARCH,CE,UNKNOWN,57400.0,1.0,False,,,Underlying move below identification minimum.,False,,,,,ATM IV unavailable.,-7.8600,banknifty_fast_wbci,VALID,8.8924,2e840ccd58d1,WARMUP_OBSERVATIONS,351,1,0,80.0,65.0,1.0,1.6,70.0,65.0,35.0,50.0,inf,2.0,10.0,GLOBAL_POLICY_FLOOR>CLASS_FLOOR>INSTRUMENT_LEARNED_FLOOR; LOWER=max; UPPER=min,CONSTRAINED_WALK_FORWARD,WARMUP_OBSERVATIONS,,0,0,,,0.0,,FYERS_PAPER_PROXY_RESEARCH,FYERS_PAPER_RESEARCH_ONLY,COST_MODEL_UNVALIDATED,False,False,DISABLED,Daily market context is disabled until operator review,MANUAL_PROXY_RESEARCH,False,True,MEASURED,FIVE_LEVEL,FYERS_MARKET_DEPTH,5,5,1860,660,10410,1170,2026-08-24T08:40:00+00:00,IV_UNAVAILABLE,False,0,False,False,DATA_INVALID,7,DataHealth invalid; Contract invalid: Quote stale or spread hard rejected.; SideDirection hard reject: 1.0 < 65.0; PremiumElasticity hard reject: 0.50 < 1.00; Expected/Required hard reject: 1.42 < 1.60; TradeQuality below configured minimum; ConvexityEdge below excellent gate: 71.4 < 80.0,,
2026-08-24T14:10:35.801257+05:30,2026-08-24,BANKNIFTY,NSE,INDEX,NSE_INDEX,PAPER_ELIGIBLE,INDEX:BANKING,paper-strategy-8ade763620b6,opportunity-score-8ade763620b6,universe-a8e55c76a270,PAPER_OVERRIDE::FYERS_PAPER_PROXY_RESEARCH,PE,UNKNOWN,57400.0,0.0,False,,,Underlying move below identification minimum.,False,,,,,ATM IV unavailable.,-7.8600,banknifty_fast_wbci,VALID,8.8924,2e840ccd58d1,WARMUP_OBSERVATIONS,351,1,0,80.0,65.0,1.0,1.6,70.0,65.0,35.0,50.0,inf,2.0,10.0,GLOBAL_POLICY_FLOOR>CLASS_FLOOR>INSTRUMENT_LEARNED_FLOOR; LOWER=max; UPPER=min,CONSTRAINED_WALK_FORWARD,WARMUP_OBSERVATIONS,,0,0,,,0.0,,FYERS_PAPER_PROXY_RESEARCH,FYERS_PAPER_RESEARCH_ONLY,COST_MODEL_UNVALIDATED,False,False,DISABLED,Daily market context is disabled until operator review,MANUAL_PROXY_RESEARCH,False,True,MEASURED,FIVE_LEVEL,FYERS_MARKET_DEPTH,5,5,330,30,990,420,2026-08-24T08:40:00+00:00,IV_UNAVAILABLE,False,0,False,False,DATA_INVALID,7,DataHealth invalid; Contract invalid: Quote stale or spread hard rejected.; SideDirection hard reject: -1.0 < 65.0; PremiumElasticity hard reject: 0.50 < 1.00; Expected/Required hard reject: 1.42 < 1.60; TradeQuality below configured minimum; ConvexityEdge below excellent gate: 71.4 < 80.0,,
2026-08-24T14:10:35.801257+05:30,2026-08-24,BANKNIFTY,NSE,INDEX,NSE_INDEX,PAPER_ELIGIBLE,INDEX:BANKING,paper-strategy-8ade763620b6,opportunity-score-8ade763620b6,universe-a8e55c76a270,PAPER_OVERRIDE::FYERS_PAPER_PROXY_RESEARCH,CE,UNKNOWN,57300.0,1.0,False,,,Underlying move below identification minimum.,False,,,,,ATM IV unavailable.,-7.8600,banknifty_fast_wbci,VALID,8.8924,2e840ccd58d1,WARMUP_OBSERVATIONS,351,1,0,80.0,65.0,1.0,1.6,70.0,65.0,35.0,50.0,inf,2.0,10.0,GLOBAL_POLICY_FLOOR>CLASS_FLOOR>INSTRUMENT_LEARNED_FLOOR; LOWER=max; UPPER=min,CONSTRAINED_WALK_FORWARD,WARMUP_OBSERVATIONS,,0,0,,,0.0,,FYERS_PAPER_PROXY_RESEARCH,FYERS_PAPER_RESEARCH_ONLY,COST_MODEL_UNVALIDATED,False,False,DISABLED,Daily market context is disabled until operator review,MANUAL_PROXY_RESEARCH,False,True,MEASURED,FIVE_LEVEL,FYERS_MARKET_DEPTH,5,5,60,270,660,1140,2026-08-24T08:40:00+00:00,IV_UNAVAILABLE,False,0,False,False,DATA_INVALID,7,DataHealth invalid; Contract invalid: Quote stale or spread hard rejected.; SideDirection hard reject: 1.0 < 65.0; PremiumElasticity hard reject: 0.70 < 1.00; Expected/Required hard reject: 1.42 < 1.60; TradeQuality below configured minimum; ConvexityEdge below excellent gate: 71.4 < 80.0,,
2026-08-24T14:10:35.801257+05:30,2026-08-24,BANKNIFTY,NSE,INDEX,NSE_INDEX,PAPER_ELIGIBLE,INDEX:BANKING,paper-strategy-8ade763620b6,opportunity-score-8ade763620b6,universe-a8e55c76a270,PAPER_OVERRIDE::FYERS_PAPER_PROXY_RESEARCH,PE,UNKNOWN,57300.0,0.0,False,,,Underlying move below identification minimum.,False,,,,,ATM IV unavailable.,-7.8600,banknifty_fast_wbci,VALID,8.8924,2e840ccd58d1,WARMUP_OBSERVATIONS,351,1,0,80.0,65.0,1.0,1.6,70.0,65.0,35.0,50.0,inf,2.0,10.0,GLOBAL_POLICY_FLOOR>CLASS_FLOOR>INSTRUMENT_LEARNED_FLOOR; LOWER=max; UPPER=min,CONSTRAINED_WALK_FORWARD,WARMUP_OBSERVATIONS,,0,0,,,0.0,,FYERS_PAPER_PROXY_RESEARCH,FYERS_PAPER_RESEARCH_ONLY,COST_MODEL_UNVALIDATED,False,False,DISABLED,Daily market context is disabled until operator review,MANUAL_PROXY_RESEARCH,False,True,MEASURED,FIVE_LEVEL,FYERS_MARKET_DEPTH,5,5,450,510,2190,1530,2026-08-24T08:40:00+00:00,IV_UNAVAILABLE,False,0,False,False,DATA_INVALID,7,DataHealth invalid; Contract invalid: Quote stale or spread hard rejected.; SideDirection hard reject: -1.0 < 65.0; PremiumElasticity hard reject: 0.30 < 1.00; Expected/Required hard reject: 1.42 < 1.60; TradeQuality below configured minimum; ConvexityEdge below excellent gate: 57.4 < 80.0,,
2026-08-24T14:10:35.801257+05:30,2026-08-24,MIDCPNIFTY,NSE,INDEX,NSE_INDEX,PAPER_ELIGIBLE,INDEX:MIDCAP,paper-strategy-8ade763620b6,opportunity-score-8ade763620b6,universe-a8e55c76a270,PAPER_OVERRIDE::FYERS_PAPER_PROXY_RESEARCH,CE,UNKNOWN,14875.0,0.0,False,,,Underlying move below identification minimum.,False,,,,,ATM IV unavailable.,0.3894,midcap_direction_proxy,PARTIAL_MIDCAP,0.5239,712afad509f5,WARMUP_OBSERVATIONS,172,1,0,80.0,65.0,1.0,1.6,70.0,65.0,35.0,50.0,inf,2.0,10.0,GLOBAL_POLICY_FLOOR>CLASS_FLOOR>INSTRUMENT_LEARNED_FLOOR; LOWER=max; UPPER=min,CONSTRAINED_WALK_FORWARD,WARMUP_OBSERVATIONS,,0,0,,,0.0,,FYERS_PAPER_PROXY_RESEARCH,FYERS_PAPER_RESEARCH_ONLY,COST_MODEL_UNVALIDATED,False,False,DISABLED,Daily market context is disabled until operator review,MANUAL_PROXY_RESEARCH,False,True,MEASURED,FIVE_LEVEL,FYERS_MARKET_DEPTH,5,5,360,600,2040,2400,2026-08-24T08:40:06+00:00,IV_UNAVAILABLE,False,0,False,False,DATA_INVALID,7,DataHealth invalid; Contract invalid: Quote stale or spread hard rejected.; SideDirection hard reject: -0.1 < 65.0; PremiumElasticity hard reject: 0.50 < 1.00; Expected/Required hard reject: 1.08 < 1.60; TradeQuality below configured minimum; ConvexityEdge below excellent gate: 70.4 < 80.0,,
2026-08-24T14:10:35.801257+05:30,2026-08-24,MIDCPNIFTY,NSE,INDEX,NSE_INDEX,PAPER_ELIGIBLE,INDEX:MIDCAP,paper-strategy-8ade763620b6,opportunity-score-8ade763620b6,universe-a8e55c76a270,PAPER_OVERRIDE::FYERS_PAPER_PROXY_RESEARCH,CE,UNKNOWN,14850.0,0.0,False,,,Underlying move below identification minimum.,False,,,,,ATM IV unavailable.,0.3894,midcap_direction_proxy,PARTIAL_MIDCAP,0.5239,712afad509f5,WARMUP_OBSERVATIONS,172,1,0,80.0,65.0,1.0,1.6,70.0,65.0,35.0,50.0,inf,2.0,10.0,GLOBAL_POLICY_FLOOR>CLASS_FLOOR>INSTRUMENT_LEARNED_FLOOR; LOWER=max; UPPER=min,CONSTRAINED_WALK_FORWARD,WARMUP_OBSERVATIONS,,0,0,,,0.0,,FYERS_PAPER_PROXY_RESEARCH,FYERS_PAPER_RESEARCH_ONLY,COST_MODEL_UNVALIDATED,False,False,DISABLED,Daily market context is disabled until operator review,MANUAL_PROXY_RESEARCH,False,True,MEASURED,FIVE_LEVEL,FYERS_MARKET_DEPTH,5,5,240,240,1800,1680,2026-08-24T08:40:02+00:00,IV_UNAVAILABLE,False,0,False,False,DATA_INVALID,7,DataHealth invalid; Contract invalid: Quote stale or spread hard rejected.; SideDirection hard reject: -0.1 < 65.0; PremiumElasticity hard reject: 0.70 < 1.00; Expected/Required hard reject: 1.08 < 1.60; TradeQuality below configured minimum; ConvexityEdge below excellent gate: 70.4 < 80.0,,
2026-08-24T14:10:35.801257+05:30,2026-08-24,COALINDIA,NSE,STOCK,NSE_STOCK_OPTION,PAPER_ELIGIBLE,STOCK:COALINDIA,paper-strategy-8ade763620b6,opportunity-score-8ade763620b6,universe-a8e55c76a270,PAPER_OVERRIDE::FYERS_PAPER_PROXY_RESEARCH,PE,UNKNOWN,410.0,3.0,False,,,No prior observation for contract.,False,,,,,ATM IV unavailable.,,COALINDIA,NOT_CONFIGURED,,4f0be90ed81c,WARMUP_OBSERVATIONS,4,1,0,90.0,65.0,1.0,1.6,70.0,65.0,35.0,50.0,inf,3.0,20.0,GLOBAL_POLICY_FLOOR>CLASS_FLOOR>INSTRUMENT_LEARNED_FLOOR; LOWER=max; UPPER=min,CONSTRAINED_WALK_FORWARD,WARMUP_OBSERVATIONS,,0,0,,,0.0,,FYERS_PAPER_PROXY_RESEARCH,FYERS_PAPER_RESEARCH_ONLY,COST_MODEL_UNVALIDATED,False,False,DISABLED,Daily market context is disabled until operator review,MANUAL_PROXY_RESEARCH,False,True,MEASURED,FIVE_LEVEL,FYERS_MARKET_DEPTH,5,5,2700,2700,9450,22950,2026-08-24T08:37:26+00:00,IV_UNAVAILABLE,False,0,False,False,DATA_INVALID,11,DataHealth invalid; Contract invalid: Quote stale or spread hard rejected.; SideDirection hard reject: 3.0 < 65.0; PremiumElasticity hard reject: 0.70 < 1.00; Expected/Required hard reject: 1.17 < 1.60; TradeQuality below configured minimum; FinalConfidence below configured minimum; ExecutionQuality below excellent gate: 0.0 < 80.0; ConvexityEdge below excellent gate: 71.4 < 80.0; OpportunityConfidence below excellent gate: 31.5 < 70.0; RegimeFit below excellent gate: 60.0 < 70.0,,
2026-08-24T14:10:35.801257+05:30,2026-08-24,DRREDDY,NSE,STOCK,NSE_STOCK_OPTION,PAPER_ELIGIBLE,STOCK:DRREDDY,paper-strategy-8ade763620b6,opportunity-score-8ade763620b6,universe-a8e55c76a270,PAPER_OVERRIDE::FYERS_PAPER_PROXY_RESEARCH,CE,UNKNOWN,1180.0,2.7,False,,,No prior observation for contract.,False,,,,,ATM IV unavailable.,,DRREDDY,NOT_CONFIGURED,,97ea730b14bf,WARMUP_OBSERVATIONS,34,1,0,90.0,65.0,1.0,1.6,70.0,65.0,35.0,50.0,inf,3.0,20.0,GLOBAL_POLICY_FLOOR>CLASS_FLOOR>INSTRUMENT_LEARNED_FLOOR; LOWER=max; UPPER=min,CONSTRAINED_WALK_FORWARD,WARMUP_OBSERVATIONS,,0,0,,,0.0,,FYERS_PAPER_PROXY_RESEARCH,FYERS_PAPER_RESEARCH_ONLY,COST_MODEL_UNVALIDATED,False,False,DISABLED,Daily market context is disabled until operator review,MANUAL_PROXY_RESEARCH,False,True,MEASURED,FIVE_LEVEL,FYERS_MARKET_DEPTH,5,5,1250,625,5000,5000,2026-08-24T08:39:59+00:00,IV_UNAVAILABLE,False,0,False,False,DATA_INVALID,11,DataHealth invalid; Contract invalid: Quote stale or spread hard rejected.; SideDirection hard reject: 2.7 < 65.0; PremiumElasticity hard reject: 0.50 < 1.00; Expected/Required hard reject: 1.17 < 1.60; TradeQuality below configured minimum; FinalConfidence below configured minimum; ExecutionQuality below excellent gate: 0.0 < 80.0; ConvexityEdge below excellent gate: 71.4 < 80.0; OpportunityConfidence below excellent gate: 28.9 < 70.0; RegimeFit below excellent gate: 60.0 < 70.0,,
2026-08-24T14:10:35.801257+05:30,2026-08-24,DRREDDY,NSE,STOCK,NSE_STOCK_OPTION,PAPER_ELIGIBLE,STOCK:DRREDDY,paper-strategy-8ade763620b6,opportunity-score-8ade763620b6,universe-a8e55c76a270,PAPER_OVERRIDE::FYERS_PAPER_PROXY_RESEARCH,CE,UNKNOWN,1170.0,2.7,False,,,No prior observation for contract.,False,,,,,ATM IV unavailable.,,DRREDDY,NOT_CONFIGURED,,97ea730b14bf,WARMUP_OBSERVATIONS,34,1,0,90.0,65.0,1.0,1.6,70.0,65.0,35.0,50.0,inf,3.0,20.0,GLOBAL_POLICY_FLOOR>CLASS_FLOOR>INSTRUMENT_LEARNED_FLOOR; LOWER=max; UPPER=min,CONSTRAINED_WALK_FORWARD,WARMUP_OBSERVATIONS,,0,0,,,0.0,,FYERS_PAPER_PROXY_RESEARCH,FYERS_PAPER_RESEARCH_ONLY,COST_MODEL_UNVALIDATED,False,False,DISABLED,Daily market context is disabled until operator review,MANUAL_PROXY_RESEARCH,False,True,MEASURED,FIVE_LEVEL,FYERS_MARKET_DEPTH,5,5,625,1250,4375,4375,2026-08-24T08:38:31+00:00,IV_UNAVAILABLE,False,0,False,False,DATA_INVALID,11,DataHealth invalid; Contract invalid: Quote stale or spread hard rejected.; SideDirection hard reject: 2.7 < 65.0; PremiumElasticity hard reject: 0.70 < 1.00; Expected/Required hard reject: 1.17 < 1.60; TradeQuality below configured minimum; FinalConfidence below configured minimum; ExecutionQuality below excellent gate: 0.0 < 80.0; ConvexityEdge below excellent gate: 71.4 < 80.0; OpportunityConfidence below excellent gate: 40.9 < 70.0; RegimeFit below excellent gate: 60.0 < 70.0,,
2026-08-24T14:10:35.801257+05:30,2026-08-24,DRREDDY,NSE,STOCK,NSE_STOCK_OPTION,PAPER_ELIGIBLE,STOCK:DRREDDY,paper-strategy-8ade763620b6,opportunity-score-8ade763620b6,universe-a8e55c76a270,PAPER_OVERRIDE::FYERS_PAPER_PROXY_RESEARCH,PE,UNKNOWN,1190.0,0.0,False,,,No prior observation for contract.,False,,,,,ATM IV unavailable.,,DRREDDY,NOT_CONFIGURED,,97ea730b14bf,WARMUP_OBSERVATIONS,34,1,0,90.0,65.0,1.0,1.6,70.0,65.0,35.0,50.0,inf,3.0,20.0,GLOBAL_POLICY_FLOOR>CLASS_FLOOR>INSTRUMENT_LEARNED_FLOOR; LOWER=max; UPPER=min,CONSTRAINED_WALK_FORWARD,WARMUP_OBSERVATIONS,,0,0,,,0.0,,FYERS_PAPER_PROXY_RESEARCH,FYERS_PAPER_RESEARCH_ONLY,COST_MODEL_UNVALIDATED,False,False,DISABLED,Daily market context is disabled until operator review,MANUAL_PROXY_RESEARCH,False,True,MEASURED,FIVE_LEVEL,FYERS_MARKET_DEPTH,5,5,1250,625,3750,5625,2026-08-24T08:38:31+00:00,IV_UNAVAILABLE,False,0,False,False,DATA_INVALID,11,DataHealth invalid; Contract invalid: Quote stale or spread hard rejected.; SideDirection hard reject: -2.7 < 65.0; PremiumElasticity hard reject: 0.70 < 1.00; Expected/Required hard reject: 1.17 < 1.60; TradeQuality below configured minimum; FinalConfidence below configured minimum; ExecutionQuality below excellent gate: 0.0 < 80.0; ConvexityEdge below excellent gate: 71.4 < 80.0; OpportunityConfidence below excellent gate: 28.1 < 70.0; RegimeFit below excellent gate: 60.0 < 70.0,,
2026-08-24T14:10:35.801257+05:30,2026-08-24,EICHERMOT,NSE,STOCK,NSE_STOCK_OPTION,PAPER_ELIGIBLE,STOCK:EICHERMOT,paper-strategy-8ade763620b6,opportunity-score-8ade763620b6,universe-a8e55c76a270,PAPER_OVERRIDE::FYERS_PAPER_PROXY_RESEARCH,PE,UNKNOWN,7900.0,0.0,False,,,No prior observation for contract.,False,,,,,ATM IV unavailable.,,EICHERMOT,NOT_CONFIGURED,,9ae09e86b9c0,WARMUP_OBSERVATIONS,29,1,0,90.0,65.0,1.0,1.6,70.0,65.0,35.0,50.0,inf,3.0,20.0,GLOBAL_POLICY_FLOOR>CLASS_FLOOR>INSTRUMENT_LEARNED_FLOOR; LOWER=max; UPPER=min,CONSTRAINED_WALK_FORWARD,WARMUP_OBSERVATIONS,,0,0,,,0.0,,FYERS_PAPER_PROXY_RESEARCH,FYERS_PAPER_RESEARCH_ONLY,COST_MODEL_UNVALIDATED,False,False,DISABLED,Daily market context is disabled until operator review,MANUAL_PROXY_RESEARCH,False,True,MEASURED,FIVE_LEVEL,FYERS_MARKET_DEPTH,5,5,300,200,1400,1200,2026-08-24T08:39:38+00:00,IV_UNAVAILABLE,False,0,False,False,DATA_INVALID,11,DataHealth invalid; Contract invalid: Quote stale or spread hard rejected.; SideDirection hard reject: -1.5 < 65.0; PremiumElasticity hard reject: 0.30 < 1.00; Expected/Required hard reject: 1.17 < 1.60; TradeQuality below configured minimum; FinalConfidence below configured minimum; ExecutionQuality below excellent gate: 0.0 < 80.0; ConvexityEdge below excellent gate: 57.4 < 80.0; OpportunityConfidence below excellent gate: 43.1 < 70.0; RegimeFit below excellent gate: 60.0 < 70.0,,
2026-08-24T14:10:35.801257+05:30,2026-08-24,EICHERMOT,NSE,STOCK,NSE_STOCK_OPTION,PAPER_ELIGIBLE,STOCK:EICHERMOT,paper-strategy-8ade763620b6,opportunity-score-8ade763620b6,universe-a8e55c76a270,PAPER_OVERRIDE::FYERS_PAPER_PROXY_RESEARCH,CE,UNKNOWN,8100.0,1.5,False,,,No prior observation for contract.,False,,,,,ATM IV unavailable.,,EICHERMOT,NOT_CONFIGURED,,9ae09e86b9c0,WARMUP_OBSERVATIONS,29,1,0,90.0,65.0,1.0,1.6,70.0,65.0,35.0,50.0,inf,3.0,20.0,GLOBAL_POLICY_FLOOR>CLASS_FLOOR>INSTRUMENT_LEARNED_FLOOR; LOWER=max; UPPER=min,CONSTRAINED_WALK_FORWARD,WARMUP_OBSERVATIONS,,0,0,,,0.0,,FYERS_PAPER_PROXY_RESEARCH,FYERS_PAPER_RESEARCH_ONLY,COST_MODEL_UNVALIDATED,False,False,DISABLED,Daily market context is disabled until operator review,MANUAL_PROXY_RESEARCH,False,True,MEASURED,FIVE_LEVEL,FYERS_MARKET_DEPTH,5,5,200,100,900,900,2026-08-24T08:40:08+00:00,IV_UNAVAILABLE,False,0,False,False,DATA_INVALID,11,DataHealth invalid; Contract invalid: Quote stale or spread hard rejected.; SideDirection hard reject: 1.5 < 65.0; PremiumElasticity hard reject: 0.30 < 1.00; Expected/Required hard reject: 1.17 < 1.60; TradeQuality below configured minimum; FinalConfidence below configured minimum; ExecutionQuality below excellent gate: 0.0 < 80.0; ConvexityEdge below excellent gate: 57.4 < 80.0; OpportunityConfidence below excellent gate: 45.9 < 70.0; RegimeFit below excellent gate: 60.0 < 70.0,,
2026-08-24T14:10:35.801257+05:30,2026-08-24,GRASIM,NSE,STOCK,NSE_STOCK_OPTION,PAPER_ELIGIBLE,STOCK:GRASIM,paper-strategy-8ade763620b6,opportunity-score-8ade763620b6,universe-a8e55c76a270,PAPER_OVERRIDE::FYERS_PAPER_PROXY_RESEARCH,CE,UNKNOWN,3280.0,1.2,False,,,No prior observation for contract.,False,,,,,ATM IV unavailable.,,GRASIM,NOT_CONFIGURED,,3f3175605513,WARMUP_OBSERVATIONS,56,1,0,90.0,65.0,1.0,1.6,70.0,65.0,35.0,50.0,inf,3.0,20.0,GLOBAL_POLICY_FLOOR>CLASS_FLOOR>INSTRUMENT_LEARNED_FLOOR; LOWER=max; UPPER=min,CONSTRAINED_WALK_FORWARD,WARMUP_OBSERVATIONS,,0,0,,,0.0,,FYERS_PAPER_PROXY_RESEARCH,FYERS_PAPER_RESEARCH_ONLY,COST_MODEL_UNVALIDATED,False,False,DISABLED,Daily market context is disabled until operator review,MANUAL_PROXY_RESEARCH,False,True,MEASURED,FIVE_LEVEL,FYERS_MARKET_DEPTH,5,5,750,250,1750,1750,2026-08-24T08:39:52+00:00,IV_UNAVAILABLE,False,0,False,False,DATA_INVALID,11,DataHealth invalid; Contract invalid: Quote stale or spread hard rejected.; SideDirection hard reject: 1.2 < 65.0; PremiumElasticity hard reject: 0.50 < 1.00; Expected/Required hard reject: 1.17 < 1.60; TradeQuality below configured minimum; FinalConfidence below configured minimum; ExecutionQuality below excellent gate: 0.0 < 80.0; ConvexityEdge below excellent gate: 71.4 < 80.0; OpportunityConfidence below excellent gate: 44.3 < 70.0; RegimeFit below excellent gate: 60.0 < 70.0,,
2026-08-24T14:10:35.801257+05:30,2026-08-24,GRASIM,NSE,STOCK,NSE_STOCK_OPTION,PAPER_ELIGIBLE,STOCK:GRASIM,paper-strategy-8ade763620b6,opportunity-score-8ade763620b6,universe-a8e55c76a270,PAPER_OVERRIDE::FYERS_PAPER_PROXY_RESEARCH,PE,UNKNOWN,3280.0,0.0,False,,,No prior observation for contract.,False,,,,,ATM IV unavailable.,,GRASIM,NOT_CONFIGURED,,3f3175605513,WARMUP_OBSERVATIONS,56,1,0,90.0,65.0,1.0,1.6,70.0,65.0,35.0,50.0,inf,3.0,20.0,GLOBAL_POLICY_FLOOR>CLASS_FLOOR>INSTRUMENT_LEARNED_FLOOR; LOWER=max; UPPER=min,CONSTRAINED_WALK_FORWARD,WARMUP_OBSERVATIONS,,0,0,,,0.0,,FYERS_PAPER_PROXY_RESEARCH,FYERS_PAPER_RESEARCH_ONLY,COST_MODEL_UNVALIDATED,False,False,DISABLED,Daily market context is disabled until operator review,MANUAL_PROXY_RESEARCH,False,True,MEASURED,FIVE_LEVEL,FYERS_MARKET_DEPTH,5,5,250,250,1250,1750,2026-08-24T08:39:52+00:00,IV_UNAVAILABLE,False,0,False,False,DATA_INVALID,11,DataHealth invalid; Contract invalid: Quote stale or spread hard rejected.; SideDirection hard reject: -1.2 < 65.0; PremiumElasticity hard reject: 0.50 < 1.00; Expected/Required hard reject: 1.17 < 1.60; TradeQuality below configured minimum; FinalConfidence below configured minimum; ExecutionQuality below excellent gate: 31.3 < 80.0; ConvexityEdge below excellent gate: 71.4 < 80.0; OpportunityConfidence below excellent gate: 54.1 < 70.0; RegimeFit below excellent gate: 60.0 < 70.0,,
2026-08-24T14:10:35.801257+05:30,2026-08-24,GRASIM,NSE,STOCK,NSE_STOCK_OPTION,PAPER_ELIGIBLE,STOCK:GRASIM,paper-strategy-8ade763620b6,opportunity-score-8ade763620b6,universe-a8e55c76a270,PAPER_OVERRIDE::FYERS_PAPER_PROXY_RESEARCH,PE,UNKNOWN,3260.0,0.0,False,,,No prior observation for contract.,False,,,,,ATM IV unavailable.,,GRASIM,NOT_CONFIGURED,,3f3175605513,WARMUP_OBSERVATIONS,56,1,0,90.0,65.0,1.0,1.6,70.0,65.0,35.0,50.0,inf,3.0,20.0,GLOBAL_POLICY_FLOOR>CLASS_FLOOR>INSTRUMENT_LEARNED_FLOOR; LOWER=max; UPPER=min,CONSTRAINED_WALK_FORWARD,WARMUP_OBSERVATIONS,,0,0,,,0.0,,FYERS_PAPER_PROXY_RESEARCH,FYERS_PAPER_RESEARCH_ONLY,COST_MODEL_UNVALIDATED,False,False,DISABLED,Daily market context is disabled until operator review,MANUAL_PROXY_RESEARCH,False,True,MEASURED,FIVE_LEVEL,FYERS_MARKET_DEPTH,5,5,250,250,2000,1500,2026-08-24T08:40:13+00:00,IV_UNAVAILABLE,False,0,False,False,DATA_INVALID,11,DataHealth invalid; Contract invalid: Quote stale or spread hard rejected.; SideDirection hard reject: -1.2 < 65.0; PremiumElasticity hard reject: 0.30 < 1.00; Expected/Required hard reject: 1.17 < 1.60; TradeQuality below configured minimum; FinalConfidence below configured minimum; ExecutionQuality below excellent gate: 0.0 < 80.0; ConvexityEdge below excellent gate: 57.4 < 80.0; OpportunityConfidence below excellent gate: 33.5 < 70.0; RegimeFit below excellent gate: 60.0 < 70.0,,
2026-08-24T14:10:35.801257+05:30,2026-08-24,HCLTECH,NSE,STOCK,NSE_STOCK_OPTION,PAPER_ELIGIBLE,STOCK:HCLTECH,paper-strategy-8ade763620b6,opportunity-score-8ade763620b6,universe-a8e55c76a270,PAPER_OVERRIDE::FYERS_PAPER_PROXY_RESEARCH,CE,UNKNOWN,1310.0,0.0,False,,,No prior observation for contract.,False,,,,,ATM IV unavailable.,,HCLTECH,NOT_CONFIGURED,,bd3813497287,WARMUP_OBSERVATIONS,32,1,0,90.0,65.0,1.0,1.6,70.0,65.0,35.0,50.0,inf,3.0,20.0,GLOBAL_POLICY_FLOOR>CLASS_FLOOR>INSTRUMENT_LEARNED_FLOOR; LOWER=max; UPPER=min,CONSTRAINED_WALK_FORWARD,WARMUP_OBSERVATIONS,,0,0,,,0.0,,FYERS_PAPER_PROXY_RESEARCH,FYERS_PAPER_RESEARCH_ONLY,COST_MODEL_UNVALIDATED,False,False,DISABLED,Daily market context is disabled until operator review,MANUAL_PROXY_RESEARCH,False,True,MEASURED,FIVE_LEVEL,FYERS_MARKET_DEPTH,5,5,400,400,3600,6000,2026-08-24T08:32:25+00:00,IV_UNAVAILABLE,False,0,False,False,DATA_INVALID,11,DataHealth invalid; Contract invalid: Quote stale or spread hard rejected.; SideDirection hard reject: -1.8 < 65.0; PremiumElasticity hard reject: 0.70 < 1.00; Expected/Required hard reject: 1.17 < 1.60; TradeQuality below configured minimum; FinalConfidence below configured minimum; ExecutionQuality below excellent gate: 0.0 < 80.0; ConvexityEdge below excellent gate: 71.4 < 80.0; OpportunityConfidence below excellent gate: 34.4 < 70.0; RegimeFit below excellent gate: 60.0 < 70.0,,
2026-08-24T14:10:35.801257+05:30,2026-08-24,HCLTECH,NSE,STOCK,NSE_STOCK_OPTION,PAPER_ELIGIBLE,STOCK:HCLTECH,paper-strategy-8ade763620b6,opportunity-score-8ade763620b6,universe-a8e55c76a270,PAPER_OVERRIDE::FYERS_PAPER_PROXY_RESEARCH,PE,UNKNOWN,1330.0,1.8,False,,,No prior observation for contract.,False,,,,,ATM IV unavailable.,,HCLTECH,NOT_CONFIGURED,,bd3813497287,WARMUP_OBSERVATIONS,32,1,0,90.0,65.0,1.0,1.6,70.0,65.0,35.0,50.0,inf,3.0,20.0,GLOBAL_POLICY_FLOOR>CLASS_FLOOR>INSTRUMENT_LEARNED_FLOOR; LOWER=max; UPPER=min,CONSTRAINED_WALK_FORWARD,WARMUP_OBSERVATIONS,,0,0,,,0.0,,FYERS_PAPER_PROXY_RESEARCH,FYERS_PAPER_RESEARCH_ONLY,COST_MODEL_UNVALIDATED,False,False,DISABLED,Daily market context is disabled until operator review,MANUAL_PROXY_RESEARCH,False,True,MEASURED,FIVE_LEVEL,FYERS_MARKET_DEPTH,5,5,400,400,2400,2400,2026-08-24T08:30:36+00:00,IV_UNAVAILABLE,False,0,False,False,DATA_INVALID,11,DataHealth invalid; Contract invalid: Quote stale or spread hard rejected.; SideDirection hard reject: 1.8 < 65.0; PremiumElasticity hard reject: 0.70 < 1.00; Expected/Required hard reject: 1.17 < 1.60; TradeQuality below configured minimum; FinalConfidence below configured minimum; ExecutionQuality below excellent gate: 0.0 < 80.0; ConvexityEdge below excellent gate: 71.4 < 80.0; OpportunityConfidence below excellent gate: 44.5 < 70.0; RegimeFit below excellent gate: 60.0 < 70.0,,
2026-08-24T14:10:35.801257+05:30,2026-08-24,HDFCLIFE,NSE,STOCK,NSE_STOCK_OPTION,PAPER_ELIGIBLE,STOCK:HDFCLIFE,paper-strategy-8ade763620b6,opportunity-score-8ade763620b6,universe-a8e55c76a270,PAPER_OVERRIDE::FYERS_PAPER_PROXY_RESEARCH,CE,UNKNOWN,545.0,5.1,False,,,No prior observation for contract.,False,,,,,ATM IV unavailable.,,HDFCLIFE,NOT_CONFIGURED,,f8509861bdd0,WARMUP_OBSERVATIONS,14,1,0,90.0,65.0,1.0,1.6,70.0,65.0,35.0,50.0,inf,3.0,20.0,GLOBAL_POLICY_FLOOR>CLASS_FLOOR>INSTRUMENT_LEARNED_FLOOR; LOWER=max; UPPER=min,CONSTRAINED_WALK_FORWARD,WARMUP_OBSERVATIONS,,0,0,,,0.0,,FYERS_PAPER_PROXY_RESEARCH,FYERS_PAPER_RESEARCH_ONLY,COST_MODEL_UNVALIDATED,False,False,DISABLED,Daily market context is disabled until operator review,MANUAL_PROXY_RESEARCH,False,True,MEASURED,FIVE_LEVEL,FYERS_MARKET_DEPTH,5,5,2200,2200,11000,19800,2026-08-24T08:39:27+00:00,IV_UNAVAILABLE,False,0,False,False,DATA_INVALID,11,DataHealth invalid; Contract invalid: Quote stale or spread hard rejected.; SideDirection hard reject: 5.1 < 65.0; PremiumElasticity hard reject: 0.70 < 1.00; Expected/Required hard reject: 1.17 < 1.60; TradeQuality below configured minimum; FinalConfidence below configured minimum; ExecutionQuality below excellent gate: 0.0 < 80.0; ConvexityEdge below excellent gate: 71.4 < 80.0; OpportunityConfidence below excellent gate: 33.0 < 70.0; RegimeFit below excellent gate: 60.0 < 70.0,,
2026-08-24T14:13:43.568263+05:30,2026-08-24,BANKNIFTY,NSE,INDEX,NSE_INDEX,PAPER_ELIGIBLE,INDEX:BANKING,paper-strategy-8ade763620b6,opportunity-score-8ade763620b6,universe-a8e55c76a270,PAPER_OVERRIDE::FYERS_PAPER_PROXY_RESEARCH,CE,UNKNOWN,57300.0,0.0,False,,,Underlying move below identification minimum.,False,,,,,ATM IV unavailable.,-6.4050,banknifty_fast_wbci,VALID,5.9167,2e840ccd58d1,WARMUP_OBSERVATIONS,360,1,0,80.0,65.0,1.0,1.6,70.0,65.0,35.0,50.0,inf,2.0,10.0,GLOBAL_POLICY_FLOOR>CLASS_FLOOR>INSTRUMENT_LEARNED_FLOOR; LOWER=max; UPPER=min,CONSTRAINED_WALK_FORWARD,WARMUP_OBSERVATIONS,,0,0,,,0.0,,FYERS_PAPER_PROXY_RESEARCH,FYERS_PAPER_RESEARCH_ONLY,COST_MODEL_UNVALIDATED,False,False,DISABLED,Daily market context is disabled until operator review,MANUAL_PROXY_RESEARCH,False,True,MEASURED,FIVE_LEVEL,FYERS_MARKET_DEPTH,5,5,90,210,600,840,2026-08-24T08:43:06+00:00,IV_UNAVAILABLE,False,0,False,False,DATA_INVALID,7,DataHealth invalid; Contract invalid: Quote stale or spread hard rejected.; SideDirection hard reject: -0.5 < 65.0; PremiumElasticity hard reject: 0.50 < 1.00; Expected/Required hard reject: 1.42 < 1.60; TradeQuality below configured minimum; ConvexityEdge below excellent gate: 71.4 < 80.0,,
2026-08-24T14:13:43.568263+05:30,2026-08-24,BANKNIFTY,NSE,INDEX,NSE_INDEX,PAPER_ELIGIBLE,INDEX:BANKING,paper-strategy-8ade763620b6,opportunity-score-8ade763620b6,universe-a8e55c76a270,PAPER_OVERRIDE::FYERS_PAPER_PROXY_RESEARCH,PE,UNKNOWN,57300.0,0.5,False,,,Underlying move below identification minimum.,False,,,,,ATM IV unavailable.,-6.4050,banknifty_fast_wbci,VALID,5.9167,2e840ccd58d1,WARMUP_OBSERVATIONS,360,1,0,80.0,65.0,1.0,1.6,70.0,65.0,35.0,50.0,inf,2.0,10.0,GLOBAL_POLICY_FLOOR>CLASS_FLOOR>INSTRUMENT_LEARNED_FLOOR; LOWER=max; UPPER=min,CONSTRAINED_WALK_FORWARD,WARMUP_OBSERVATIONS,,0,0,,,0.0,,FYERS_PAPER_PROXY_RESEARCH,FYERS_PAPER_RESEARCH_ONLY,COST_MODEL_UNVALIDATED,False,False,DISABLED,Daily market context is disabled until operator review,MANUAL_PROXY_RESEARCH,False,True,MEASURED,FIVE_LEVEL,FYERS_MARKET_DEPTH,5,5,90,240,960,960,2026-08-24T08:43:08+00:00,IV_UNAVAILABLE,False,0,False,False,DATA_INVALID,7,DataHealth invalid; Contract invalid: Quote stale or spread hard rejected.; SideDirection hard reject: 0.5 < 65.0; PremiumElasticity hard reject: 0.50 < 1.00; Expected/Required hard reject: 1.42 < 1.60; TradeQuality below configured minimum; ConvexityEdge below excellent gate: 71.4 < 80.0,,
2026-08-24T14:13:43.568263+05:30,2026-08-24,BANKNIFTY,NSE,INDEX,NSE_INDEX,PAPER_ELIGIBLE,INDEX:BANKING,paper-strategy-8ade763620b6,opportunity-score-8ade763620b6,universe-a8e55c76a270,PAPER_OVERRIDE::FYERS_PAPER_PROXY_RESEARCH,CE,UNKNOWN,57200.0,0.0,False,,,Underlying move below identification minimum.,False,,,,,ATM IV unavailable.,-6.4050,banknifty_fast_wbci,VALID,5.9167,2e840ccd58d1,WARMUP_OBSERVATIONS,360,1,0,80.0,65.0,1.0,1.6,70.0,65.0,35.0,50.0,inf,2.0,10.0,GLOBAL_POLICY_FLOOR>CLASS_FLOOR>INSTRUMENT_LEARNED_FLOOR; LOWER=max; UPPER=min,CONSTRAINED_WALK_FORWARD,WARMUP_OBSERVATIONS,,0,0,,,0.0,,FYERS_PAPER_PROXY_RESEARCH,FYERS_PAPER_RESEARCH_ONLY,COST_MODEL_UNVALIDATED,False,False,DISABLED,Daily market context is disabled until operator review,MANUAL_PROXY_RESEARCH,False,True,MEASURED,FIVE_LEVEL,FYERS_MARKET_DEPTH,5,5,30,120,330,780,2026-08-24T08:43:04+00:00,IV_UNAVAILABLE,False,0,False,False,DATA_INVALID,7,DataHealth invalid; Contract invalid: Quote stale or spread hard rejected.; SideDirection hard reject: -0.5 < 65.0; PremiumElasticity hard reject: 0.70 < 1.00; Expected/Required hard reject: 1.42 < 1.60; TradeQuality below configured minimum; ConvexityEdge below excellent gate: 71.4 < 80.0,,
2026-08-24T14:13:43.568263+05:30,2026-08-24,BANKNIFTY,NSE,INDEX,NSE_INDEX,PAPER_ELIGIBLE,INDEX:BANKING,paper-strategy-8ade763620b6,opportunity-score-8ade763620b6,universe-a8e55c76a270,PAPER_OVERRIDE::FYERS_PAPER_PROXY_RESEARCH,PE,UNKNOWN,57200.0,0.5,False,,,Underlying move below identification minimum.,False,,,,,ATM IV unavailable.,-6.4050,banknifty_fast_wbci,VALID,5.9167,2e840ccd58d1,WARMUP_OBSERVATIONS,360,1,0,80.0,65.0,1.0,1.6,70.0,65.0,35.0,50.0,inf,2.0,10.0,GLOBAL_POLICY_FLOOR>CLASS_FLOOR>INSTRUMENT_LEARNED_FLOOR; LOWER=max; UPPER=min,CONSTRAINED_WALK_FORWARD,WARMUP_OBSERVATIONS,,0,0,,,0.0,,FYERS_PAPER_PROXY_RESEARCH,FYERS_PAPER_RESEARCH_ONLY,COST_MODEL_UNVALIDATED,False,False,DISABLED,Daily market context is disabled until operator review,MANUAL_PROXY_RESEARCH,False,True,MEASURED,FIVE_LEVEL,FYERS_MARKET_DEPTH,5,5,30,30,960,840,2026-08-24T08:43:07+00:00,IV_UNAVAILABLE,False,0,False,False,DATA_INVALID,7,DataHealth invalid; Contract invalid: Quote stale or spread hard rejected.; SideDirection hard reject: 0.5 < 65.0; PremiumElasticity hard reject: 0.30 < 1.00; Expected/Required hard reject: 1.42 < 1.60; TradeQuality below configured minimum; ConvexityEdge below excellent gate: 57.4 < 80.0,,
2026-08-24T14:13:43.568263+05:30,2026-08-24,BANKNIFTY,NSE,INDEX,NSE_INDEX,PAPER_ELIGIBLE,INDEX:BANKING,paper-strategy-8ade763620b6,opportunity-score-8ade763620b6,universe-a8e55c76a270,PAPER_OVERRIDE::FYERS_PAPER_PROXY_RESEARCH,CE,UNKNOWN,57400.0,0.0,False,,,Underlying move below identification minimum.,False,,,,,ATM IV unavailable.,-6.4050,banknifty_fast_wbci,VALID,5.9167,2e840ccd58d1,WARMUP_OBSERVATIONS,360,1,0,80.0,65.0,1.0,1.6,70.0,65.0,35.0,50.0,inf,2.0,10.0,GLOBAL_POLICY_FLOOR>CLASS_FLOOR>INSTRUMENT_LEARNED_FLOOR; LOWER=max; UPPER=min,CONSTRAINED_WALK_FORWARD,WARMUP_OBSERVATIONS,,0,0,,,0.0,,FYERS_PAPER_PROXY_RESEARCH,FYERS_PAPER_RESEARCH_ONLY,COST_MODEL_UNVALIDATED,False,False,DISABLED,Daily market context is disabled until operator review,MANUAL_PROXY_RESEARCH,False,True,MEASURED,FIVE_LEVEL,FYERS_MARKET_DEPTH,5,5,240,30,750,390,2026-08-24T08:43:08+00:00,IV_UNAVAILABLE,False,0,False,False,DATA_INVALID,7,DataHealth invalid; Contract invalid: Quote stale or spread hard rejected.; SideDirection hard reject: -0.5 < 65.0; PremiumElasticity hard reject: 0.30 < 1.00; Expected/Required hard reject: 1.42 < 1.60; TradeQuality below configured minimum; ConvexityEdge below excellent gate: 57.4 < 80.0,,
2026-08-24T14:13:43.568263+05:30,2026-08-24,BANKNIFTY,NSE,INDEX,NSE_INDEX,PAPER_ELIGIBLE,INDEX:BANKING,paper-strategy-8ade763620b6,opportunity-score-8ade763620b6,universe-a8e55c76a270,PAPER_OVERRIDE::FYERS_PAPER_PROXY_RESEARCH,PE,UNKNOWN,57400.0,0.5,False,,,Underlying move below identification minimum.,False,,,,,ATM IV unavailable.,-6.4050,banknifty_fast_wbci,VALID,5.9167,2e840ccd58d1,WARMUP_OBSERVATIONS,360,1,0,80.0,65.0,1.0,1.6,70.0,65.0,35.0,50.0,inf,2.0,10.0,GLOBAL_POLICY_FLOOR>CLASS_FLOOR>INSTRUMENT_LEARNED_FLOOR; LOWER=max; UPPER=min,CONSTRAINED_WALK_FORWARD,WARMUP_OBSERVATIONS,,0,0,,,0.0,,FYERS_PAPER_PROXY_RESEARCH,FYERS_PAPER_RESEARCH_ONLY,COST_MODEL_UNVALIDATED,False,False,DISABLED,Daily market context is disabled until operator review,MANUAL_PROXY_RESEARCH,False,True,MEASURED,FIVE_LEVEL,FYERS_MARKET_DEPTH,5,5,90,30,750,300,2026-08-24T08:43:09+00:00,IV_UNAVAILABLE,False,0,False,False,DATA_INVALID,7,DataHealth invalid; Contract invalid: Quote stale or spread hard rejected.; SideDirection hard reject: 0.5 < 65.0; PremiumElasticity hard reject: 0.70 < 1.00; Expected/Required hard reject: 1.42 < 1.60; TradeQuality below configured minimum; ConvexityEdge below excellent gate: 71.4 < 80.0,,
2026-08-24T14:13:43.568263+05:30,2026-08-24,MIDCPNIFTY,NSE,INDEX,NSE_INDEX,PAPER_ELIGIBLE,INDEX:MIDCAP,paper-strategy-8ade763620b6,opportunity-score-8ade763620b6,universe-a8e55c76a270,PAPER_OVERRIDE::FYERS_PAPER_PROXY_RESEARCH,CE,UNKNOWN,14875.0,0.0,False,,,Underlying move below identification minimum.,False,,,,,ATM IV unavailable.,3.6195,midcap_direction_proxy,PARTIAL_MIDCAP,4.7762,712afad509f5,WARMUP_OBSERVATIONS,177,1,0,80.0,65.0,1.0,1.6,70.0,65.0,35.0,50.0,inf,2.0,10.0,GLOBAL_POLICY_FLOOR>CLASS_FLOOR>INSTRUMENT_LEARNED_FLOOR; LOWER=max; UPPER=min,CONSTRAINED_WALK_FORWARD,WARMUP_OBSERVATIONS,,0,0,,,0.0,,FYERS_PAPER_PROXY_RESEARCH,FYERS_PAPER_RESEARCH_ONLY,COST_MODEL_UNVALIDATED,False,False,DISABLED,Daily market context is disabled until operator review,MANUAL_PROXY_RESEARCH,False,True,MEASURED,FIVE_LEVEL,FYERS_MARKET_DEPTH,5,5,360,120,3120,2280,2026-08-24T08:43:00+00:00,IV_UNAVAILABLE,False,0,False,False,DATA_INVALID,7,DataHealth invalid; Contract invalid: Quote stale or spread hard rejected.; SideDirection hard reject: -1.2 < 65.0; PremiumElasticity hard reject: 0.50 < 1.00; Expected/Required hard reject: 1.08 < 1.60; TradeQuality below configured minimum; ConvexityEdge below excellent gate: 70.4 < 80.0,,
2026-08-24T14:13:43.568263+05:30,2026-08-24,MIDCPNIFTY,NSE,INDEX,NSE_INDEX,PAPER_ELIGIBLE,INDEX:MIDCAP,paper-strategy-8ade763620b6,opportunity-score-8ade763620b6,universe-a8e55c76a270,PAPER_OVERRIDE::FYERS_PAPER_PROXY_RESEARCH,PE,UNKNOWN,14875.0,1.2,False,,,Underlying move below identification minimum.,False,,,,,ATM IV unavailable.,3.6195,midcap_direction_proxy,PARTIAL_MIDCAP,4.7762,712afad509f5,WARMUP_OBSERVATIONS,177,1,0,80.0,65.0,1.0,1.6,70.0,65.0,35.0,50.0,inf,2.0,10.0,GLOBAL_POLICY_FLOOR>CLASS_FLOOR>INSTRUMENT_LEARNED_FLOOR; LOWER=max; UPPER=min,CONSTRAINED_WALK_FORWARD,WARMUP_OBSERVATIONS,,0,0,,,0.0,,FYERS_PAPER_PROXY_RESEARCH,FYERS_PAPER_RESEARCH_ONLY,COST_MODEL_UNVALIDATED,False,False,DISABLED,Daily market context is disabled until operator review,MANUAL_PROXY_RESEARCH,False,True,MEASURED,FIVE_LEVEL,FYERS_MARKET_DEPTH,5,5,600,120,3240,2160,2026-08-24T08:43:12+00:00,IV_UNAVAILABLE,False,0,False,False,DATA_INVALID,7,DataHealth invalid; Contract invalid: Quote stale or spread hard rejected.; SideDirection hard reject: 1.2 < 65.0; PremiumElasticity hard reject: 0.50 < 1.00; Expected/Required hard reject: 1.08 < 1.60; TradeQuality below configured minimum; ConvexityEdge below excellent gate: 70.4 < 80.0,,
2026-08-24T14:13:43.568263+05:30,2026-08-24,MIDCPNIFTY,NSE,INDEX,NSE_INDEX,PAPER_ELIGIBLE,INDEX:MIDCAP,paper-strategy-8ade763620b6,opportunity-score-8ade763620b6,universe-a8e55c76a270,PAPER_OVERRIDE::FYERS_PAPER_PROXY_RESEARCH,CE,UNKNOWN,14850.0,0.0,False,,,Underlying move below identification minimum.,False,,,,,ATM IV unavailable.,3.6195,midcap_direction_proxy,PARTIAL_MIDCAP,4.7762,712afad509f5,WARMUP_OBSERVATIONS,177,1,0,80.0,65.0,1.0,1.6,70.0,65.0,35.0,50.0,inf,2.0,10.0,GLOBAL_POLICY_FLOOR>CLASS_FLOOR>INSTRUMENT_LEARNED_FLOOR; LOWER=max; UPPER=min,CONSTRAINED_WALK_FORWARD,WARMUP_OBSERVATIONS,,0,0,,,0.0,,FYERS_PAPER_PROXY_RESEARCH,FYERS_PAPER_RESEARCH_ONLY,COST_MODEL_UNVALIDATED,False,False,DISABLED,Daily market context is disabled until operator review,MANUAL_PROXY_RESEARCH,False,True,MEASURED,FIVE_LEVEL,FYERS_MARKET_DEPTH,5,5,240,600,720,1680,2026-08-24T08:43:12+00:00,IV_UNAVAILABLE,False,0,False,False,DATA_INVALID,7,DataHealth invalid; Contract invalid: Quote stale or spread hard rejected.; SideDirection hard reject: -1.2 < 65.0; PremiumElasticity hard reject: 0.70 < 1.00; Expected/Required hard reject: 1.08 < 1.60; TradeQuality below configured minimum; ConvexityEdge below excellent gate: 70.4 < 80.0,,
2026-08-24T14:13:43.568263+05:30,2026-08-24,MIDCPNIFTY,NSE,INDEX,NSE_INDEX,PAPER_ELIGIBLE,INDEX:MIDCAP,paper-strategy-8ade763620b6,opportunity-score-8ade763620b6,universe-a8e55c76a270,PAPER_OVERRIDE::FYERS_PAPER_PROXY_RESEARCH,PE,UNKNOWN,14900.0,1.2,False,,,Underlying move below identification minimum.,False,,,,,ATM IV unavailable.,3.6195,midcap_direction_proxy,PARTIAL_MIDCAP,4.7762,712afad509f5,WARMUP_OBSERVATIONS,177,1,0,80.0,65.0,1.0,1.6,70.0,65.0,35.0,50.0,inf,2.0,10.0,GLOBAL_POLICY_FLOOR>CLASS_FLOOR>INSTRUMENT_LEARNED_FLOOR; LOWER=max; UPPER=min,CONSTRAINED_WALK_FORWARD,WARMUP_OBSERVATIONS,,0,0,,,0.0,,FYERS_PAPER_PROXY_RESEARCH,FYERS_PAPER_RESEARCH_ONLY,COST_MODEL_UNVALIDATED,False,False,DISABLED,Daily market context is disabled until operator review,MANUAL_PROXY_RESEARCH,False,True,MEASURED,FIVE_LEVEL,FYERS_MARKET_DEPTH,5,5,240,240,2760,2640,2026-08-24T08:43:14+00:00,IV_UNAVAILABLE,False,0,False,False,DATA_INVALID,7,DataHealth invalid; Contract invalid: Quote stale or spread hard rejected.; SideDirection hard reject: 1.2 < 65.0; PremiumElasticity hard reject: 0.70 < 1.00; Expected/Required hard reject: 1.08 < 1.60; TradeQuality below configured minimum; ConvexityEdge below excellent gate: 70.4 < 80.0,,
2026-08-24T14:13:43.568263+05:30,2026-08-24,ASIANPAINT,NSE,STOCK,NSE_STOCK_OPTION,PAPER_ELIGIBLE,STOCK:ASIANPAINT,paper-strategy-8ade763620b6,opportunity-score-8ade763620b6,universe-a8e55c76a270,PAPER_OVERRIDE::FYERS_PAPER_PROXY_RESEARCH,CE,UNKNOWN,2620.0,0.0,False,,,No prior observation for contract.,False,,,,,ATM IV unavailable.,,ASIANPAINT,NOT_CONFIGURED,,8512c046e489,WARMUP_OBSERVATIONS,59,1,0,90.0,65.0,1.0,1.6,70.0,65.0,35.0,50.0,inf,3.0,20.0,GLOBAL_POLICY_FLOOR>CLASS_FLOOR>INSTRUMENT_LEARNED_FLOOR; LOWER=max; UPPER=min,CONSTRAINED_WALK_FORWARD,WARMUP_OBSERVATIONS,,0,0,,,0.0,,FYERS_PAPER_PROXY_RESEARCH,FYERS_PAPER_RESEARCH_ONLY,COST_MODEL_UNVALIDATED,False,False,DISABLED,Daily market context is disabled until operator review,MANUAL_PROXY_RESEARCH,False,True,MEASURED,FIVE_LEVEL,FYERS_MARKET_DEPTH,5,5,250,250,2500,1500,2026-08-24T08:42:51+00:00,IV_UNAVAILABLE,False,0,False,False,DATA_INVALID,11,DataHealth invalid; Contract invalid: Quote stale or spread hard rejected.; SideDirection hard reject: -23.7 < 65.0; PremiumElasticity hard reject: 0.50 < 1.00; Expected/Required hard reject: 1.17 < 1.60; TradeQuality below configured minimum; FinalConfidence below configured minimum; ExecutionQuality below excellent gate: 0.0 < 80.0; ConvexityEdge below excellent gate: 71.4 < 80.0; OpportunityConfidence below excellent gate: 54.0 < 70.0; RegimeFit below excellent gate: 60.0 < 70.0,,
2026-08-24T14:13:43.568263+05:30,2026-08-24,ASIANPAINT,NSE,STOCK,NSE_STOCK_OPTION,PAPER_ELIGIBLE,STOCK:ASIANPAINT,paper-strategy-8ade763620b6,opportunity-score-8ade763620b6,universe-a8e55c76a270,PAPER_OVERRIDE::FYERS_PAPER_PROXY_RESEARCH,PE,UNKNOWN,2620.0,23.7,False,,,No prior observation for contract.,False,,,,,ATM IV unavailable.,,ASIANPAINT,NOT_CONFIGURED,,8512c046e489,WARMUP_OBSERVATIONS,59,1,0,90.0,65.0,1.0,1.6,70.0,65.0,35.0,50.0,inf,3.0,20.0,GLOBAL_POLICY_FLOOR>CLASS_FLOOR>INSTRUMENT_LEARNED_FLOOR; LOWER=max; UPPER=min,CONSTRAINED_WALK_FORWARD,WARMUP_OBSERVATIONS,,0,0,,,0.0,,FYERS_PAPER_PROXY_RESEARCH,FYERS_PAPER_RESEARCH_ONLY,COST_MODEL_UNVALIDATED,False,False,DISABLED,Daily market context is disabled until operator review,MANUAL_PROXY_RESEARCH,False,True,MEASURED,FIVE_LEVEL,FYERS_MARKET_DEPTH,5,5,500,250,2250,1750,2026-08-24T08:42:44+00:00,IV_UNAVAILABLE,False,0,False,False,DATA_INVALID,11,DataHealth invalid; Contract invalid: Quote stale or spread hard rejected.; SideDirection hard reject: 23.7 < 65.0; PremiumElasticity hard reject: 0.50 < 1.00; Expected/Required hard reject: 1.17 < 1.60; TradeQuality below configured minimum; FinalConfidence below configured minimum; ExecutionQuality below excellent gate: 0.0 < 80.0; ConvexityEdge below excellent gate: 71.4 < 80.0; OpportunityConfidence below excellent gate: 46.7 < 70.0; RegimeFit below excellent gate: 60.0 < 70.0,,
2026-08-24T14:13:43.568263+05:30,2026-08-24,ASIANPAINT,NSE,STOCK,NSE_STOCK_OPTION,PAPER_ELIGIBLE,STOCK:ASIANPAINT,paper-strategy-8ade763620b6,opportunity-score-8ade763620b6,universe-a8e55c76a270,PAPER_OVERRIDE::FYERS_PAPER_PROXY_RESEARCH,PE,UNKNOWN,2600.0,23.7,False,,,No prior observation for contract.,False,,,,,ATM IV unavailable.,,ASIANPAINT,NOT_CONFIGURED,,8512c046e489,WARMUP_OBSERVATIONS,59,1,0,90.0,65.0,1.0,1.6,70.0,65.0,35.0,50.0,inf,3.0,20.0,GLOBAL_POLICY_FLOOR>CLASS_FLOOR>INSTRUMENT_LEARNED_FLOOR; LOWER=max; UPPER=min,CONSTRAINED_WALK_FORWARD,WARMUP_OBSERVATIONS,,0,0,,,0.0,,FYERS_PAPER_PROXY_RESEARCH,FYERS_PAPER_RESEARCH_ONLY,COST_MODEL_UNVALIDATED,False,False,DISABLED,Daily market context is disabled until operator review,MANUAL_PROXY_RESEARCH,False,True,MEASURED,FIVE_LEVEL,FYERS_MARKET_DEPTH,5,5,500,250,7250,4750,2026-08-24T08:43:01+00:00,IV_UNAVAILABLE,False,0,False,False,DATA_INVALID,11,DataHealth invalid; Contract invalid: Quote stale or spread hard rejected.; SideDirection hard reject: 23.7 < 65.0; PremiumElasticity hard reject: 0.30 < 1.00; Expected/Required hard reject: 1.17 < 1.60; TradeQuality below configured minimum; FinalConfidence below configured minimum; ExecutionQuality below excellent gate: 0.0 < 80.0; ConvexityEdge below excellent gate: 57.4 < 80.0; OpportunityConfidence below excellent gate: 46.7 < 70.0; RegimeFit below excellent gate: 60.0 < 70.0,,
2026-08-24T14:13:43.568263+05:30,2026-08-24,ASIANPAINT,NSE,STOCK,NSE_STOCK_OPTION,PAPER_ELIGIBLE,STOCK:ASIANPAINT,paper-strategy-8ade763620b6,opportunity-score-8ade763620b6,universe-a8e55c76a270,PAPER_OVERRIDE::FYERS_PAPER_PROXY_RESEARCH,PE,UNKNOWN,2640.0,23.7,False,,,No prior observation for contract.,False,,,,,ATM IV unavailable.,,ASIANPAINT,NOT_CONFIGURED,,8512c046e489,WARMUP_OBSERVATIONS,59,1,0,90.0,65.0,1.0,1.6,70.0,65.0,35.0,50.0,inf,3.0,20.0,GLOBAL_POLICY_FLOOR>CLASS_FLOOR>INSTRUMENT_LEARNED_FLOOR; LOWER=max; UPPER=min,CONSTRAINED_WALK_FORWARD,WARMUP_OBSERVATIONS,,0,0,,,0.0,,FYERS_PAPER_PROXY_RESEARCH,FYERS_PAPER_RESEARCH_ONLY,COST_MODEL_UNVALIDATED,False,False,DISABLED,Daily market context is disabled until operator review,MANUAL_PROXY_RESEARCH,False,True,MEASURED,FIVE_LEVEL,FYERS_MARKET_DEPTH,5,5,250,250,1750,1500,2026-08-24T08:42:51+00:00,IV_UNAVAILABLE,False,0,False,False,DATA_INVALID,10,DataHealth invalid; Contract invalid: Quote stale or spread hard rejected.; SideDirection hard reject: 23.7 < 65.0; PremiumElasticity hard reject: 0.70 < 1.00; Expected/Required hard reject: 1.17 < 1.60; TradeQuality below configured minimum; ExecutionQuality below excellent gate: 2.5 < 80.0; ConvexityEdge below excellent gate: 71.4 < 80.0; OpportunityConfidence below excellent gate: 68.2 < 70.0; RegimeFit below excellent gate: 60.0 < 70.0,,
2026-08-24T14:13:43.568263+05:30,2026-08-24,AXISBANK,NSE,STOCK,NSE_STOCK_OPTION,PAPER_ELIGIBLE,STOCK:AXISBANK,paper-strategy-8ade763620b6,opportunity-score-8ade763620b6,universe-a8e55c76a270,PAPER_OVERRIDE::FYERS_PAPER_PROXY_RESEARCH,PE,UNKNOWN,1260.0,0.0,False,,,No prior observation for contract.,False,,,,,ATM IV unavailable.,,AXISBANK,NOT_CONFIGURED,,cfeb90d03746,WARMUP_OBSERVATIONS,16,1,0,90.0,65.0,1.0,1.6,70.0,65.0,35.0,50.0,inf,3.0,20.0,GLOBAL_POLICY_FLOOR>CLASS_FLOOR>INSTRUMENT_LEARNED_FLOOR; LOWER=max; UPPER=min,CONSTRAINED_WALK_FORWARD,WARMUP_OBSERVATIONS,,0,0,,,0.0,,FYERS_PAPER_PROXY_RESEARCH,FYERS_PAPER_RESEARCH_ONLY,COST_MODEL_UNVALIDATED,False,False,DISABLED,Daily market context is disabled until operator review,MANUAL_PROXY_RESEARCH,False,True,MEASURED,FIVE_LEVEL,FYERS_MARKET_DEPTH,5,5,625,625,4375,3125,2026-08-24T08:41:29+00:00,IV_UNAVAILABLE,False,0,False,False,DATA_INVALID,9,DataHealth invalid; Contract invalid: Quote stale or spread hard rejected.; SideDirection hard reject: -19.5 < 65.0; PremiumElasticity hard reject: 0.70 < 1.00; Expected/Required hard reject: 1.17 < 1.60; ExecutionQuality below excellent gate: 59.5 < 80.0; ConvexityEdge below excellent gate: 71.4 < 80.0; OpportunityConfidence below excellent gate: 68.3 < 70.0; RegimeFit below excellent gate: 60.0 < 70.0,,
2026-08-24T14:13:43.568263+05:30,2026-08-24,BAJAJ-AUTO,NSE,STOCK,NSE_STOCK_OPTION,PAPER_ELIGIBLE,STOCK:BAJAJ-AUTO,paper-strategy-8ade763620b6,opportunity-score-8ade763620b6,universe-a8e55c76a270,PAPER_OVERRIDE::FYERS_PAPER_PROXY_RESEARCH,PE,UNKNOWN,11700.0,0.0,False,,,No prior observation for contract.,False,,,,,ATM IV unavailable.,,BAJAJ-AUTO,NOT_CONFIGURED,,41f3d34033d6,WARMUP_OBSERVATIONS,10,1,0,90.0,65.0,1.0,1.6,70.0,65.0,35.0,50.0,inf,3.0,20.0,GLOBAL_POLICY_FLOOR>CLASS_FLOOR>INSTRUMENT_LEARNED_FLOOR; LOWER=max; UPPER=min,CONSTRAINED_WALK_FORWARD,WARMUP_OBSERVATIONS,,0,0,,,0.0,,FYERS_PAPER_PROXY_RESEARCH,FYERS_PAPER_RESEARCH_ONLY,COST_MODEL_UNVALIDATED,False,False,DISABLED,Daily market context is disabled until operator review,MANUAL_PROXY_RESEARCH,False,True,MEASURED,FIVE_LEVEL,FYERS_MARKET_DEPTH,5,5,75,225,375,675,2026-08-24T08:42:05+00:00,IV_UNAVAILABLE,False,0,False,False,DATA_INVALID,11,DataHealth invalid; Contract invalid: Quote stale or spread hard rejected.; SideDirection hard reject: -0.7 < 65.0; PremiumElasticity hard reject: 0.30 < 1.00; Expected/Required hard reject: 1.17 < 1.60; TradeQuality below configured minimum; FinalConfidence below configured minimum; ExecutionQuality below excellent gate: 44.2 < 80.0; ConvexityEdge below excellent gate: 57.4 < 80.0; OpportunityConfidence below excellent gate: 57.2 < 70.0; RegimeFit below excellent gate: 60.0 < 70.0,,
2026-08-24T14:13:43.568263+05:30,2026-08-24,BAJAJ-AUTO,NSE,STOCK,NSE_STOCK_OPTION,PAPER_ELIGIBLE,STOCK:BAJAJ-AUTO,paper-strategy-8ade763620b6,opportunity-score-8ade763620b6,universe-a8e55c76a270,PAPER_OVERRIDE::FYERS_PAPER_PROXY_RESEARCH,CE,UNKNOWN,11900.0,0.7,False,,,No prior observation for contract.,False,,,,,ATM IV unavailable.,,BAJAJ-AUTO,NOT_CONFIGURED,,41f3d34033d6,WARMUP_OBSERVATIONS,10,1,0,90.0,65.0,1.0,1.6,70.0,65.0,35.0,50.0,inf,3.0,20.0,GLOBAL_POLICY_FLOOR>CLASS_FLOOR>INSTRUMENT_LEARNED_FLOOR; LOWER=max; UPPER=min,CONSTRAINED_WALK_FORWARD,WARMUP_OBSERVATIONS,,0,0,,,0.0,,FYERS_PAPER_PROXY_RESEARCH,FYERS_PAPER_RESEARCH_ONLY,COST_MODEL_UNVALIDATED,False,False,DISABLED,Daily market context is disabled until operator review,MANUAL_PROXY_RESEARCH,False,True,MEASURED,FIVE_LEVEL,FYERS_MARKET_DEPTH,5,5,150,75,525,975,2026-08-24T08:43:19+00:00,IV_UNAVAILABLE,False,0,False,False,DATA_INVALID,11,DataHealth invalid; Contract invalid: Quote stale or spread hard rejected.; SideDirection hard reject: 0.7 < 65.0; PremiumElasticity hard reject: 0.30 < 1.00; Expected/Required hard reject: 1.17 < 1.60; TradeQuality below configured minimum; FinalConfidence below configured minimum; ExecutionQuality below excellent gate: 56.0 < 80.0; ConvexityEdge below excellent gate: 57.4 < 80.0; OpportunityConfidence below excellent gate: 59.4 < 70.0; RegimeFit below excellent gate: 60.0 < 70.0,,
2026-08-24T14:13:43.568263+05:30,2026-08-24,BAJFINANCE,NSE,STOCK,NSE_STOCK_OPTION,PAPER_ELIGIBLE,STOCK:BAJFINANCE,paper-strategy-8ade763620b6,opportunity-score-8ade763620b6,universe-a8e55c76a270,PAPER_OVERRIDE::FYERS_PAPER_PROXY_RESEARCH,CE,UNKNOWN,1080.0,0.0,False,,,No prior observation for contract.,False,,,,,ATM IV unavailable.,,BAJFINANCE,NOT_CONFIGURED,,58c303dc05a9,WARMUP_OBSERVATIONS,14,1,0,90.0,65.0,1.0,1.6,70.0,65.0,35.0,50.0,inf,3.0,20.0,GLOBAL_POLICY_FLOOR>CLASS_FLOOR>INSTRUMENT_LEARNED_FLOOR; LOWER=max; UPPER=min,CONSTRAINED_WALK_FORWARD,WARMUP_OBSERVATIONS,,0,0,,,0.0,,FYERS_PAPER_PROXY_RESEARCH,FYERS_PAPER_RESEARCH_ONLY,COST_MODEL_UNVALIDATED,False,False,DISABLED,Daily market context is disabled until operator review,MANUAL_PROXY_RESEARCH,False,True,MEASURED,FIVE_LEVEL,FYERS_MARKET_DEPTH,5,5,3750,750,14250,4500,2026-08-24T08:42:43+00:00,IV_UNAVAILABLE,False,0,False,False,DATA_INVALID,11,DataHealth invalid; Contract invalid: Quote stale or spread hard rejected.; SideDirection hard reject: -5.9 < 65.0; PremiumElasticity hard reject: 0.50 < 1.00; Expected/Required hard reject: 1.17 < 1.60; TradeQuality below configured minimum; FinalConfidence below configured minimum; ExecutionQuality below excellent gate: 0.0 < 80.0; ConvexityEdge below excellent gate: 71.4 < 80.0; OpportunityConfidence below excellent gate: 42.8 < 70.0; RegimeFit below excellent gate: 60.0 < 70.0,,
2026-08-24T14:13:43.568263+05:30,2026-08-24,BAJFINANCE,NSE,STOCK,NSE_STOCK_OPTION,PAPER_ELIGIBLE,STOCK:BAJFINANCE,paper-strategy-8ade763620b6,opportunity-score-8ade763620b6,universe-a8e55c76a270,PAPER_OVERRIDE::FYERS_PAPER_PROXY_RESEARCH,CE,UNKNOWN,1070.0,0.0,False,,,No prior observation for contract.,False,,,,,ATM IV unavailable.,,BAJFINANCE,NOT_CONFIGURED,,58c303dc05a9,WARMUP_OBSERVATIONS,14,1,0,90.0,65.0,1.0,1.6,70.0,65.0,35.0,50.0,inf,3.0,20.0,GLOBAL_POLICY_FLOOR>CLASS_FLOOR>INSTRUMENT_LEARNED_FLOOR; LOWER=max; UPPER=min,CONSTRAINED_WALK_FORWARD,WARMUP_OBSERVATIONS,,0,0,,,0.0,,FYERS_PAPER_PROXY_RESEARCH,FYERS_PAPER_RESEARCH_ONLY,COST_MODEL_UNVALIDATED,False,False,DISABLED,Daily market context is disabled until operator review,MANUAL_PROXY_RESEARCH,False,True,MEASURED,FIVE_LEVEL,FYERS_MARKET_DEPTH,5,5,2250,750,7500,4500,2026-08-24T08:42:46+00:00,IV_UNAVAILABLE,False,0,False,False,DATA_INVALID,11,DataHealth invalid; Contract invalid: Quote stale or spread hard rejected.; SideDirection hard reject: -5.9 < 65.0; PremiumElasticity hard reject: 0.70 < 1.00; Expected/Required hard reject: 1.17 < 1.60; TradeQuality below configured minimum; FinalConfidence below configured minimum; ExecutionQuality below excellent gate: 52.8 < 80.0; ConvexityEdge below excellent gate: 71.4 < 80.0; OpportunityConfidence below excellent gate: 62.1 < 70.0; RegimeFit below excellent gate: 60.0 < 70.0,,
2026-08-24T14:13:43.568263+05:30,2026-08-24,BAJAJFINSV,NSE,STOCK,NSE_STOCK_OPTION,PAPER_ELIGIBLE,STOCK:BAJAJFINSV,paper-strategy-8ade763620b6,opportunity-score-8ade763620b6,universe-a8e55c76a270,PAPER_OVERRIDE::FYERS_PAPER_PROXY_RESEARCH,PE,UNKNOWN,2000.0,4.0,False,,,No prior observation for contract.,False,,,,,ATM IV unavailable.,,BAJAJFINSV,NOT_CONFIGURED,,e97256bacfa6,WARMUP_OBSERVATIONS,45,1,0,90.0,65.0,1.0,1.6,70.0,65.0,35.0,50.0,inf,3.0,20.0,GLOBAL_POLICY_FLOOR>CLASS_FLOOR>INSTRUMENT_LEARNED_FLOOR; LOWER=max; UPPER=min,CONSTRAINED_WALK_FORWARD,WARMUP_OBSERVATIONS,,0,0,,,0.0,,FYERS_PAPER_PROXY_RESEARCH,FYERS_PAPER_RESEARCH_ONLY,COST_MODEL_UNVALIDATED,False,False,DISABLED,Daily market context is disabled until operator review,MANUAL_PROXY_RESEARCH,False,True,MEASURED,FIVE_LEVEL,FYERS_MARKET_DEPTH,5,5,300,1200,3000,2700,2026-08-24T08:42:40+00:00,IV_UNAVAILABLE,False,0,False,False,DATA_INVALID,11,DataHealth invalid; Contract invalid: Quote stale or spread hard rejected.; SideDirection hard reject: 4.0 < 65.0; PremiumElasticity hard reject: 0.50 < 1.00; Expected/Required hard reject: 1.17 < 1.60; TradeQuality below configured minimum; FinalConfidence below configured minimum; ExecutionQuality below excellent gate: 0.0 < 80.0; ConvexityEdge below excellent gate: 71.4 < 80.0; OpportunityConfidence below excellent gate: 36.1 < 70.0; RegimeFit below excellent gate: 60.0 < 70.0,,
2026-08-24T14:13:43.568263+05:30,2026-08-24,BAJAJFINSV,NSE,STOCK,NSE_STOCK_OPTION,PAPER_ELIGIBLE,STOCK:BAJAJFINSV,paper-strategy-8ade763620b6,opportunity-score-8ade763620b6,universe-a8e55c76a270,PAPER_OVERRIDE::FYERS_PAPER_PROXY_RESEARCH,PE,UNKNOWN,2020.0,4.0,False,,,No prior observation for contract.,False,,,,,ATM IV unavailable.,,BAJAJFINSV,NOT_CONFIGURED,,e97256bacfa6,WARMUP_OBSERVATIONS,45,1,0,90.0,65.0,1.0,1.6,70.0,65.0,35.0,50.0,inf,3.0,20.0,GLOBAL_POLICY_FLOOR>CLASS_FLOOR>INSTRUMENT_LEARNED_FLOOR; LOWER=max; UPPER=min,CONSTRAINED_WALK_FORWARD,WARMUP_OBSERVATIONS,,0,0,,,0.0,,FYERS_PAPER_PROXY_RESEARCH,FYERS_PAPER_RESEARCH_ONLY,COST_MODEL_UNVALIDATED,False,False,DISABLED,Daily market context is disabled until operator review,MANUAL_PROXY_RESEARCH,False,True,MEASURED,FIVE_LEVEL,FYERS_MARKET_DEPTH,5,5,300,300,2400,1800,2026-08-24T08:41:35+00:00,IV_UNAVAILABLE,False,0,False,False,DATA_INVALID,11,DataHealth invalid; Contract invalid: Quote stale or spread hard rejected.; SideDirection hard reject: 4.0 < 65.0; PremiumElasticity hard reject: 0.70 < 1.00; Expected/Required hard reject: 1.17 < 1.60; TradeQuality below configured minimum; FinalConfidence below configured minimum; ExecutionQuality below excellent gate: 9.6 < 80.0; ConvexityEdge below excellent gate: 71.4 < 80.0; OpportunityConfidence below excellent gate: 54.7 < 70.0; RegimeFit below excellent gate: 60.0 < 70.0,,
2026-08-24T14:13:43.568263+05:30,2026-08-24,BHARTIARTL,NSE,STOCK,NSE_STOCK_OPTION,PAPER_ELIGIBLE,STOCK:BHARTIARTL,paper-strategy-8ade763620b6,opportunity-score-8ade763620b6,universe-a8e55c76a270,PAPER_OVERRIDE::FYERS_PAPER_PROXY_RESEARCH,PE,UNKNOWN,1940.0,8.3,False,,,No prior observation for contract.,False,,,,,ATM IV unavailable.,,BHARTIARTL,NOT_CONFIGURED,,d009a6fae530,WARMUP_OBSERVATIONS,28,1,0,90.0,65.0,1.0,1.6,70.0,65.0,35.0,50.0,inf,3.0,20.0,GLOBAL_POLICY_FLOOR>CLASS_FLOOR>INSTRUMENT_LEARNED_FLOOR; LOWER=max; UPPER=min,CONSTRAINED_WALK_FORWARD,WARMUP_OBSERVATIONS,,0,0,,,0.0,,FYERS_PAPER_PROXY_RESEARCH,FYERS_PAPER_RESEARCH_ONLY,COST_MODEL_UNVALIDATED,False,False,DISABLED,Daily market context is disabled until operator review,MANUAL_PROXY_RESEARCH,False,True,MEASURED,FIVE_LEVEL,FYERS_MARKET_DEPTH,5,5,950,950,4275,10450,2026-08-24T08:43:14+00:00,IV_UNAVAILABLE,False,0,False,False,DATA_INVALID,11,DataHealth invalid; Contract invalid: Quote stale or spread hard rejected.; SideDirection hard reject: 8.3 < 65.0; PremiumElasticity hard reject: 0.50 < 1.00; Expected/Required hard reject: 1.17 < 1.60; TradeQuality below configured minimum; FinalConfidence below configured minimum; ExecutionQuality below excellent gate: 0.0 < 80.0; ConvexityEdge below excellent gate: 71.4 < 80.0; OpportunityConfidence below excellent gate: 52.8 < 70.0; RegimeFit below excellent gate: 60.0 < 70.0,,
2026-08-24T14:13:43.568263+05:30,2026-08-24,BHARTIARTL,NSE,STOCK,NSE_STOCK_OPTION,PAPER_ELIGIBLE,STOCK:BHARTIARTL,paper-strategy-8ade763620b6,opportunity-score-8ade763620b6,universe-a8e55c76a270,PAPER_OVERRIDE::FYERS_PAPER_PROXY_RESEARCH,CE,UNKNOWN,1920.0,0.0,False,,,No prior observation for contract.,False,,,,,ATM IV unavailable.,,BHARTIARTL,NOT_CONFIGURED,,d009a6fae530,WARMUP_OBSERVATIONS,28,1,0,90.0,65.0,1.0,1.6,70.0,65.0,35.0,50.0,inf,3.0,20.0,GLOBAL_POLICY_FLOOR>CLASS_FLOOR>INSTRUMENT_LEARNED_FLOOR; LOWER=max; UPPER=min,CONSTRAINED_WALK_FORWARD,WARMUP_OBSERVATIONS,,0,0,,,0.0,,FYERS_PAPER_PROXY_RESEARCH,FYERS_PAPER_RESEARCH_ONLY,COST_MODEL_UNVALIDATED,False,False,DISABLED,Daily market context is disabled until operator review,MANUAL_PROXY_RESEARCH,False,True,MEASURED,FIVE_LEVEL,FYERS_MARKET_DEPTH,5,5,475,1425,3800,4275,2026-08-24T08:42:54+00:00,IV_UNAVAILABLE,False,0,False,False,DATA_INVALID,11,DataHealth invalid; Contract invalid: Quote stale or spread hard rejected.; SideDirection hard reject: -8.3 < 65.0; PremiumElasticity hard reject: 0.70 < 1.00; Expected/Required hard reject: 1.17 < 1.60; TradeQuality below configured minimum; FinalConfidence below configured minimum; ExecutionQuality below excellent gate: 25.3 < 80.0; ConvexityEdge below excellent gate: 71.4 < 80.0; OpportunityConfidence below excellent gate: 58.3 < 70.0; RegimeFit below excellent gate: 60.0 < 70.0,,
2026-08-24T14:13:43.568263+05:30,2026-08-24,BHARTIARTL,NSE,STOCK,NSE_STOCK_OPTION,PAPER_ELIGIBLE,STOCK:BHARTIARTL,paper-strategy-8ade763620b6,opportunity-score-8ade763620b6,universe-a8e55c76a270,PAPER_OVERRIDE::FYERS_PAPER_PROXY_RESEARCH,PE,UNKNOWN,1960.0,8.3,False,,,No prior observation for contract.,False,,,,,ATM IV unavailable.,,BHARTIARTL,NOT_CONFIGURED,,d009a6fae530,WARMUP_OBSERVATIONS,28,1,0,90.0,65.0,1.0,1.6,70.0,65.0,35.0,50.0,inf,3.0,20.0,GLOBAL_POLICY_FLOOR>CLASS_FLOOR>INSTRUMENT_LEARNED_FLOOR; LOWER=max; UPPER=min,CONSTRAINED_WALK_FORWARD,WARMUP_OBSERVATIONS,,0,0,,,0.0,,FYERS_PAPER_PROXY_RESEARCH,FYERS_PAPER_RESEARCH_ONLY,COST_MODEL_UNVALIDATED,False,False,DISABLED,Daily market context is disabled until operator review,MANUAL_PROXY_RESEARCH,False,True,MEASURED,FIVE_LEVEL,FYERS_MARKET_DEPTH,5,5,475,475,3800,3325,2026-08-24T08:42:56+00:00,IV_UNAVAILABLE,False,0,False,False,DATA_INVALID,10,DataHealth invalid; Contract invalid: Quote stale or spread hard rejected.; SideDirection hard reject: 8.3 < 65.0; PremiumElasticity hard reject: 0.70 < 1.00; Expected/Required hard reject: 1.17 < 1.60; TradeQuality below configured minimum; ExecutionQuality below excellent gate: 50.9 < 80.0; ConvexityEdge below excellent gate: 71.4 < 80.0; OpportunityConfidence below excellent gate: 65.5 < 70.0; RegimeFit below excellent gate: 60.0 < 70.0,,
2026-08-24T14:13:43.568263+05:30,2026-08-24,CIPLA,NSE,STOCK,NSE_STOCK_OPTION,PAPER_ELIGIBLE,STOCK:CIPLA,paper-strategy-8ade763620b6,opportunity-score-8ade763620b6,universe-a8e55c76a270,PAPER_OVERRIDE::FYERS_PAPER_PROXY_RESEARCH,CE,UNKNOWN,1430.0,2.8,False,,,No prior observation for contract.,False,,,,,ATM IV unavailable.,,CIPLA,NOT_CONFIGURED,,fcbb76385597,WARMUP_OBSERVATIONS,54,1,0,90.0,65.0,1.0,1.6,70.0,65.0,35.0,50.0,inf,3.0,20.0,GLOBAL_POLICY_FLOOR>CLASS_FLOOR>INSTRUMENT_LEARNED_FLOOR; LOWER=max; UPPER=min,CONSTRAINED_WALK_FORWARD,WARMUP_OBSERVATIONS,,0,0,,,0.0,,FYERS_PAPER_PROXY_RESEARCH,FYERS_PAPER_RESEARCH_ONLY,COST_MODEL_UNVALIDATED,False,False,DISABLED,Daily market context is disabled until operator review,MANUAL_PROXY_RESEARCH,False,True,MEASURED,FIVE_LEVEL,FYERS_MARKET_DEPTH,5,5,425,425,7650,7225,2026-08-24T08:41:26+00:00,IV_UNAVAILABLE,False,0,False,False,DATA_INVALID,11,DataHealth invalid; Contract invalid: Quote stale or spread hard rejected.; SideDirection hard reject: 2.8 < 65.0; PremiumElasticity hard reject: 0.50 < 1.00; Expected/Required hard reject: 1.17 < 1.60; TradeQuality below configured minimum; FinalConfidence below configured minimum; ExecutionQuality below excellent gate: 0.0 < 80.0; ConvexityEdge below excellent gate: 71.4 < 80.0; OpportunityConfidence below excellent gate: 38.3 < 70.0; RegimeFit below excellent gate: 60.0 < 70.0,,
2026-08-24T14:13:43.568263+05:30,2026-08-24,CIPLA,NSE,STOCK,NSE_STOCK_OPTION,PAPER_ELIGIBLE,STOCK:CIPLA,paper-strategy-8ade763620b6,opportunity-score-8ade763620b6,universe-a8e55c76a270,PAPER_OVERRIDE::FYERS_PAPER_PROXY_RESEARCH,PE,UNKNOWN,1430.0,0.0,False,,,No prior observation for contract.,False,,,,,ATM IV unavailable.,,CIPLA,NOT_CONFIGURED,,fcbb76385597,WARMUP_OBSERVATIONS,54,1,0,90.0,65.0,1.0,1.6,70.0,65.0,35.0,50.0,inf,3.0,20.0,GLOBAL_POLICY_FLOOR>CLASS_FLOOR>INSTRUMENT_LEARNED_FLOOR; LOWER=max; UPPER=min,CONSTRAINED_WALK_FORWARD,WARMUP_OBSERVATIONS,,0,0,,,0.0,,FYERS_PAPER_PROXY_RESEARCH,FYERS_PAPER_RESEARCH_ONLY,COST_MODEL_UNVALIDATED,False,False,DISABLED,Daily market context is disabled until operator review,MANUAL_PROXY_RESEARCH,False,True,MEASURED,FIVE_LEVEL,FYERS_MARKET_DEPTH,5,5,425,850,2125,5100,2026-08-24T08:35:15+00:00,IV_UNAVAILABLE,False,0,False,False,DATA_INVALID,11,DataHealth invalid; Contract invalid: Quote stale or spread hard rejected.; SideDirection hard reject: -2.8 < 65.0; PremiumElasticity hard reject: 0.50 < 1.00; Expected/Required hard reject: 1.17 < 1.60; TradeQuality below configured minimum; FinalConfidence below configured minimum; ExecutionQuality below excellent gate: 0.0 < 80.0; ConvexityEdge below excellent gate: 71.4 < 80.0; OpportunityConfidence below excellent gate: 29.9 < 70.0; RegimeFit below excellent gate: 60.0 < 70.0,,
2026-08-24T14:13:43.568263+05:30,2026-08-24,CIPLA,NSE,STOCK,NSE_STOCK_OPTION,PAPER_ELIGIBLE,STOCK:CIPLA,paper-strategy-8ade763620b6,opportunity-score-8ade763620b6,universe-a8e55c76a270,PAPER_OVERRIDE::FYERS_PAPER_PROXY_RESEARCH,CE,UNKNOWN,1420.0,2.8,False,,,No prior observation for contract.,False,,,,,ATM IV unavailable.,,CIPLA,NOT_CONFIGURED,,fcbb76385597,WARMUP_OBSERVATIONS,54,1,0,90.0,65.0,1.0,1.6,70.0,65.0,35.0,50.0,inf,3.0,20.0,GLOBAL_POLICY_FLOOR>CLASS_FLOOR>INSTRUMENT_LEARNED_FLOOR; LOWER=max; UPPER=min,CONSTRAINED_WALK_FORWARD,WARMUP_OBSERVATIONS,,0,0,,,0.0,,FYERS_PAPER_PROXY_RESEARCH,FYERS_PAPER_RESEARCH_ONLY,COST_MODEL_UNVALIDATED,False,False,DISABLED,Daily market context is disabled until operator review,MANUAL_PROXY_RESEARCH,False,True,MEASURED,FIVE_LEVEL,FYERS_MARKET_DEPTH,5,5,425,425,4250,3825,2026-08-24T08:41:49+00:00,IV_UNAVAILABLE,False,0,False,False,DATA_INVALID,11,DataHealth invalid; Contract invalid: Quote stale or spread hard rejected.; SideDirection hard reject: 2.8 < 65.0; PremiumElasticity hard reject: 0.70 < 1.00; Expected/Required hard reject: 1.17 < 1.60; TradeQuality below configured minimum; FinalConfidence below configured minimum; ExecutionQuality below excellent gate: 0.0 < 80.0; ConvexityEdge below excellent gate: 71.4 < 80.0; OpportunityConfidence below excellent gate: 35.6 < 70.0; RegimeFit below excellent gate: 60.0 < 70.0,,
2026-08-24T14:13:43.568263+05:30,2026-08-24,CIPLA,NSE,STOCK,NSE_STOCK_OPTION,PAPER_ELIGIBLE,STOCK:CIPLA,paper-strategy-8ade763620b6,opportunity-score-8ade763620b6,universe-a8e55c76a270,PAPER_OVERRIDE::FYERS_PAPER_PROXY_RESEARCH,PE,UNKNOWN,1420.0,0.0,False,,,No prior observation for contract.,False,,,,,ATM IV unavailable.,,CIPLA,NOT_CONFIGURED,,fcbb76385597,WARMUP_OBSERVATIONS,54,1,0,90.0,65.0,1.0,1.6,70.0,65.0,35.0,50.0,inf,3.0,20.0,GLOBAL_POLICY_FLOOR>CLASS_FLOOR>INSTRUMENT_LEARNED_FLOOR; LOWER=max; UPPER=min,CONSTRAINED_WALK_FORWARD,WARMUP_OBSERVATIONS,,0,0,,,0.0,,FYERS_PAPER_PROXY_RESEARCH,FYERS_PAPER_RESEARCH_ONLY,COST_MODEL_UNVALIDATED,False,False,DISABLED,Daily market context is disabled until operator review,MANUAL_PROXY_RESEARCH,False,True,MEASURED,FIVE_LEVEL,FYERS_MARKET_DEPTH,5,5,850,850,5100,7650,2026-08-24T08:39:58+00:00,IV_UNAVAILABLE,False,0,False,False,DATA_INVALID,11,DataHealth invalid; Contract invalid: Quote stale or spread hard rejected.; SideDirection hard reject: -2.8 < 65.0; PremiumElasticity hard reject: 0.30 < 1.00; Expected/Required hard reject: 1.17 < 1.60; TradeQuality below configured minimum; FinalConfidence below configured minimum; ExecutionQuality below excellent gate: 0.0 < 80.0; ConvexityEdge below excellent gate: 57.4 < 80.0; OpportunityConfidence below excellent gate: 29.9 < 70.0; RegimeFit below excellent gate: 60.0 < 70.0,,
2026-08-24T14:13:43.568263+05:30,2026-08-24,CIPLA,NSE,STOCK,NSE_STOCK_OPTION,PAPER_ELIGIBLE,STOCK:CIPLA,paper-strategy-8ade763620b6,opportunity-score-8ade763620b6,universe-a8e55c76a270,PAPER_OVERRIDE::FYERS_PAPER_PROXY_RESEARCH,PE,UNKNOWN,1440.0,0.0,False,,,No prior observation for contract.,False,,,,,ATM IV unavailable.,,CIPLA,NOT_CONFIGURED,,fcbb76385597,WARMUP_OBSERVATIONS,54,1,0,90.0,65.0,1.0,1.6,70.0,65.0,35.0,50.0,inf,3.0,20.0,GLOBAL_POLICY_FLOOR>CLASS_FLOOR>INSTRUMENT_LEARNED_FLOOR; LOWER=max; UPPER=min,CONSTRAINED_WALK_FORWARD,WARMUP_OBSERVATIONS,,0,0,,,0.0,,FYERS_PAPER_PROXY_RESEARCH,FYERS_PAPER_RESEARCH_ONLY,COST_MODEL_UNVALIDATED,False,False,DISABLED,Daily market context is disabled until operator review,MANUAL_PROXY_RESEARCH,False,True,MEASURED,FIVE_LEVEL,FYERS_MARKET_DEPTH,5,5,425,425,2550,2550,2026-08-24T08:41:07+00:00,IV_UNAVAILABLE,False,0,False,False,DATA_INVALID,11,DataHealth invalid; Contract invalid: Quote stale or spread hard rejected.; SideDirection hard reject: -2.8 < 65.0; PremiumElasticity hard reject: 0.70 < 1.00; Expected/Required hard reject: 1.17 < 1.60; TradeQuality below configured minimum; FinalConfidence below configured minimum; ExecutionQuality below excellent gate: 0.0 < 80.0; ConvexityEdge below excellent gate: 71.4 < 80.0; OpportunityConfidence below excellent gate: 39.1 < 70.0; RegimeFit below excellent gate: 60.0 < 70.0,,
2026-08-24T14:15:03.212701+05:30,2026-08-24,BANKNIFTY,NSE,INDEX,NSE_INDEX,PAPER_ELIGIBLE,INDEX:BANKING,paper-strategy-8ade763620b6,opportunity-score-8ade763620b6,universe-a8e55c76a270,PAPER_OVERRIDE::FYERS_PAPER_PROXY_RESEARCH,CE,UNKNOWN,57300.0,0.3,False,,,Underlying move below identification minimum.,False,,,,,ATM IV unavailable.,-3.6600,banknifty_fast_wbci,VALID,3.9460,2e840ccd58d1,WARMUP_OBSERVATIONS,370,1,0,80.0,65.0,1.0,1.6,70.0,65.0,35.0,50.0,inf,2.0,10.0,GLOBAL_POLICY_FLOOR>CLASS_FLOOR>INSTRUMENT_LEARNED_FLOOR; LOWER=max; UPPER=min,CONSTRAINED_WALK_FORWARD,WARMUP_OBSERVATIONS,,0,0,,,0.0,,FYERS_PAPER_PROXY_RESEARCH,FYERS_PAPER_RESEARCH_ONLY,COST_MODEL_UNVALIDATED,False,False,DISABLED,Daily market context is disabled until operator review,MANUAL_PROXY_RESEARCH,False,True,MEASURED,FIVE_LEVEL,FYERS_MARKET_DEPTH,5,5,90,150,960,1050,2026-08-24T08:44:27+00:00,IV_UNAVAILABLE,False,0,False,False,DATA_INVALID,7,DataHealth invalid; Contract invalid: Quote stale or spread hard rejected.; SideDirection hard reject: 0.3 < 65.0; PremiumElasticity hard reject: 0.50 < 1.00; Expected/Required hard reject: 1.42 < 1.60; TradeQuality below configured minimum; ConvexityEdge below excellent gate: 71.4 < 80.0,,
2026-08-24T14:15:03.212701+05:30,2026-08-24,BANKNIFTY,NSE,INDEX,NSE_INDEX,PAPER_ELIGIBLE,INDEX:BANKING,paper-strategy-8ade763620b6,opportunity-score-8ade763620b6,universe-a8e55c76a270,PAPER_OVERRIDE::FYERS_PAPER_PROXY_RESEARCH,PE,UNKNOWN,57300.0,0.0,False,,,Underlying move below identification minimum.,False,,,,,ATM IV unavailable.,-3.6600,banknifty_fast_wbci,VALID,3.9460,2e840ccd58d1,WARMUP_OBSERVATIONS,370,1,0,80.0,65.0,1.0,1.6,70.0,65.0,35.0,50.0,inf,2.0,10.0,GLOBAL_POLICY_FLOOR>CLASS_FLOOR>INSTRUMENT_LEARNED_FLOOR; LOWER=max; UPPER=min,CONSTRAINED_WALK_FORWARD,WARMUP_OBSERVATIONS,,0,0,,,0.0,,FYERS_PAPER_PROXY_RESEARCH,FYERS_PAPER_RESEARCH_ONLY,COST_MODEL_UNVALIDATED,False,False,DISABLED,Daily market context is disabled until operator review,MANUAL_PROXY_RESEARCH,False,True,MEASURED,FIVE_LEVEL,FYERS_MARKET_DEPTH,5,5,60,30,1170,480,2026-08-24T08:44:28+00:00,IV_UNAVAILABLE,False,0,False,False,DATA_INVALID,7,DataHealth invalid; Contract invalid: Quote stale or spread hard rejected.; SideDirection hard reject: -0.3 < 65.0; PremiumElasticity hard reject: 0.50 < 1.00; Expected/Required hard reject: 1.42 < 1.60; TradeQuality below configured minimum; ConvexityEdge below excellent gate: 71.4 < 80.0,,
2026-08-24T14:15:03.212701+05:30,2026-08-24,BANKNIFTY,NSE,INDEX,NSE_INDEX,PAPER_ELIGIBLE,INDEX:BANKING,paper-strategy-8ade763620b6,opportunity-score-8ade763620b6,universe-a8e55c76a270,PAPER_OVERRIDE::FYERS_PAPER_PROXY_RESEARCH,CE,UNKNOWN,57200.0,0.3,False,,,Observation interval exceeds rolling window.,False,,,,,ATM IV unavailable.,-3.6600,banknifty_fast_wbci,VALID,3.9460,2e840ccd58d1,WARMUP_OBSERVATIONS,370,1,0,80.0,65.0,1.0,1.6,70.0,65.0,35.0,50.0,inf,2.0,10.0,GLOBAL_POLICY_FLOOR>CLASS_FLOOR>INSTRUMENT_LEARNED_FLOOR; LOWER=max; UPPER=min,CONSTRAINED_WALK_FORWARD,WARMUP_OBSERVATIONS,,0,0,,,0.0,,FYERS_PAPER_PROXY_RESEARCH,FYERS_PAPER_RESEARCH_ONLY,COST_MODEL_UNVALIDATED,False,False,DISABLED,Daily market context is disabled until operator review,MANUAL_PROXY_RESEARCH,False,True,MEASURED,FIVE_LEVEL,FYERS_MARKET_DEPTH,5,5,30,660,180,1110,2026-08-24T08:44:27+00:00,IV_UNAVAILABLE,False,0,False,False,DATA_INVALID,7,DataHealth invalid; Contract invalid: Quote stale or spread hard rejected.; SideDirection hard reject: 0.3 < 65.0; PremiumElasticity hard reject: 0.70 < 1.00; Expected/Required hard reject: 1.42 < 1.60; TradeQuality below configured minimum; ConvexityEdge below excellent gate: 71.4 < 80.0,,
2026-08-24T14:15:03.212701+05:30,2026-08-24,BANKNIFTY,NSE,INDEX,NSE_INDEX,PAPER_ELIGIBLE,INDEX:BANKING,paper-strategy-8ade763620b6,opportunity-score-8ade763620b6,universe-a8e55c76a270,PAPER_OVERRIDE::FYERS_PAPER_PROXY_RESEARCH,PE,UNKNOWN,57200.0,0.0,False,,,Observation interval exceeds rolling window.,False,,,,,ATM IV unavailable.,-3.6600,banknifty_fast_wbci,VALID,3.9460,2e840ccd58d1,WARMUP_OBSERVATIONS,370,1,0,80.0,65.0,1.0,1.6,70.0,65.0,35.0,50.0,inf,2.0,10.0,GLOBAL_POLICY_FLOOR>CLASS_FLOOR>INSTRUMENT_LEARNED_FLOOR; LOWER=max; UPPER=min,CONSTRAINED_WALK_FORWARD,WARMUP_OBSERVATIONS,,0,0,,,0.0,,FYERS_PAPER_PROXY_RESEARCH,FYERS_PAPER_RESEARCH_ONLY,COST_MODEL_UNVALIDATED,False,False,DISABLED,Daily market context is disabled until operator review,MANUAL_PROXY_RESEARCH,False,True,MEASURED,FIVE_LEVEL,FYERS_MARKET_DEPTH,5,5,60,30,1350,690,2026-08-24T08:44:28+00:00,IV_UNAVAILABLE,False,0,False,False,DATA_INVALID,7,DataHealth invalid; Contract invalid: Quote stale or spread hard rejected.; SideDirection hard reject: -0.3 < 65.0; PremiumElasticity hard reject: 0.30 < 1.00; Expected/Required hard reject: 1.42 < 1.60; TradeQuality below configured minimum; ConvexityEdge below excellent gate: 57.4 < 80.0,,
2026-08-24T14:15:03.212701+05:30,2026-08-24,BANKNIFTY,NSE,INDEX,NSE_INDEX,PAPER_ELIGIBLE,INDEX:BANKING,paper-strategy-8ade763620b6,opportunity-score-8ade763620b6,universe-a8e55c76a270,PAPER_OVERRIDE::FYERS_PAPER_PROXY_RESEARCH,CE,UNKNOWN,57400.0,0.3,False,,,Underlying move below identification minimum.,False,,,,,ATM IV unavailable.,-3.6600,banknifty_fast_wbci,VALID,3.9460,2e840ccd58d1,WARMUP_OBSERVATIONS,370,1,0,80.0,65.0,1.0,1.6,70.0,65.0,35.0,50.0,inf,2.0,10.0,GLOBAL_POLICY_FLOOR>CLASS_FLOOR>INSTRUMENT_LEARNED_FLOOR; LOWER=max; UPPER=min,CONSTRAINED_WALK_FORWARD,WARMUP_OBSERVATIONS,,0,0,,,0.0,,FYERS_PAPER_PROXY_RESEARCH,FYERS_PAPER_RESEARCH_ONLY,COST_MODEL_UNVALIDATED,False,False,DISABLED,Daily market context is disabled until operator review,MANUAL_PROXY_RESEARCH,False,True,MEASURED,FIVE_LEVEL,FYERS_MARKET_DEPTH,5,5,120,120,810,870,2026-08-24T08:44:29+00:00,IV_UNAVAILABLE,False,0,False,False,DATA_INVALID,7,DataHealth invalid; Contract invalid: Quote stale or spread hard rejected.; SideDirection hard reject: 0.3 < 65.0; PremiumElasticity hard reject: 0.30 < 1.00; Expected/Required hard reject: 1.42 < 1.60; TradeQuality below configured minimum; ConvexityEdge below excellent gate: 57.4 < 80.0,,
2026-08-24T14:15:03.212701+05:30,2026-08-24,BANKNIFTY,NSE,INDEX,NSE_INDEX,PAPER_ELIGIBLE,INDEX:BANKING,paper-strategy-8ade763620b6,opportunity-score-8ade763620b6,universe-a8e55c76a270,PAPER_OVERRIDE::FYERS_PAPER_PROXY_RESEARCH,PE,UNKNOWN,57400.0,0.0,False,,,Underlying move below identification minimum.,False,,,,,ATM IV unavailable.,-3.6600,banknifty_fast_wbci,VALID,3.9460,2e840ccd58d1,WARMUP_OBSERVATIONS,370,1,0,80.0,65.0,1.0,1.6,70.0,65.0,35.0,50.0,inf,2.0,10.0,GLOBAL_POLICY_FLOOR>CLASS_FLOOR>INSTRUMENT_LEARNED_FLOOR; LOWER=max; UPPER=min,CONSTRAINED_WALK_FORWARD,WARMUP_OBSERVATIONS,,0,0,,,0.0,,FYERS_PAPER_PROXY_RESEARCH,FYERS_PAPER_RESEARCH_ONLY,COST_MODEL_UNVALIDATED,False,False,DISABLED,Daily market context is disabled until operator review,MANUAL_PROXY_RESEARCH,False,True,MEASURED,FIVE_LEVEL,FYERS_MARKET_DEPTH,5,5,120,60,630,570,2026-08-24T08:44:28+00:00,IV_UNAVAILABLE,False,0,False,False,DATA_INVALID,7,DataHealth invalid; Contract invalid: Quote stale or spread hard rejected.; SideDirection hard reject: -0.3 < 65.0; PremiumElasticity hard reject: 0.70 < 1.00; Expected/Required hard reject: 1.42 < 1.60; TradeQuality below configured minimum; ConvexityEdge below excellent gate: 71.4 < 80.0,,
2026-08-24T14:15:03.212701+05:30,2026-08-24,MIDCPNIFTY,NSE,INDEX,NSE_INDEX,PAPER_ELIGIBLE,INDEX:MIDCAP,paper-strategy-8ade763620b6,opportunity-score-8ade763620b6,universe-a8e55c76a270,PAPER_OVERRIDE::FYERS_PAPER_PROXY_RESEARCH,PE,UNKNOWN,14875.0,1.2,False,,,Underlying move below identification minimum.,False,,,,,ATM IV unavailable.,3.5276,midcap_direction_proxy,PARTIAL_MIDCAP,4.7650,712afad509f5,WARMUP_OBSERVATIONS,182,1,0,80.0,65.0,1.0,1.6,70.0,65.0,35.0,50.0,inf,2.0,10.0,GLOBAL_POLICY_FLOOR>CLASS_FLOOR>INSTRUMENT_LEARNED_FLOOR; LOWER=max; UPPER=min,CONSTRAINED_WALK_FORWARD,WARMUP_OBSERVATIONS,,0,0,,,0.0,,FYERS_PAPER_PROXY_RESEARCH,FYERS_PAPER_RESEARCH_ONLY,COST_MODEL_UNVALIDATED,False,False,DISABLED,Daily market context is disabled until operator review,MANUAL_PROXY_RESEARCH,False,True,MEASURED,FIVE_LEVEL,FYERS_MARKET_DEPTH,5,5,360,360,2640,3000,2026-08-24T08:44:35+00:00,IV_UNAVAILABLE,False,0,False,False,DATA_INVALID,7,DataHealth invalid; Contract invalid: Quote stale or spread hard rejected.; SideDirection hard reject: 1.2 < 65.0; PremiumElasticity hard reject: 0.50 < 1.00; Expected/Required hard reject: 1.08 < 1.60; TradeQuality below configured minimum; ConvexityEdge below excellent gate: 70.4 < 80.0,,
2026-08-24T14:15:03.212701+05:30,2026-08-24,MIDCPNIFTY,NSE,INDEX,NSE_INDEX,PAPER_ELIGIBLE,INDEX:MIDCAP,paper-strategy-8ade763620b6,opportunity-score-8ade763620b6,universe-a8e55c76a270,PAPER_OVERRIDE::FYERS_PAPER_PROXY_RESEARCH,CE,UNKNOWN,14850.0,0.0,False,,,Underlying move below identification minimum.,False,,,,,ATM IV unavailable.,3.5276,midcap_direction_proxy,PARTIAL_MIDCAP,4.7650,712afad509f5,WARMUP_OBSERVATIONS,182,1,0,80.0,65.0,1.0,1.6,70.0,65.0,35.0,50.0,inf,2.0,10.0,GLOBAL_POLICY_FLOOR>CLASS_FLOOR>INSTRUMENT_LEARNED_FLOOR; LOWER=max; UPPER=min,CONSTRAINED_WALK_FORWARD,WARMUP_OBSERVATIONS,,0,0,,,0.0,,FYERS_PAPER_PROXY_RESEARCH,FYERS_PAPER_RESEARCH_ONLY,COST_MODEL_UNVALIDATED,False,False,DISABLED,Daily market context is disabled until operator review,MANUAL_PROXY_RESEARCH,False,True,MEASURED,FIVE_LEVEL,FYERS_MARKET_DEPTH,5,5,240,240,1200,1320,2026-08-24T08:44:22+00:00,IV_UNAVAILABLE,False,0,False,False,DATA_INVALID,7,DataHealth invalid; Contract invalid: Quote stale or spread hard rejected.; SideDirection hard reject: -1.2 < 65.0; PremiumElasticity hard reject: 0.70 < 1.00; Expected/Required hard reject: 1.08 < 1.60; TradeQuality below configured minimum; ConvexityEdge below excellent gate: 70.4 < 80.0,,
2026-08-24T14:15:03.212701+05:30,2026-08-24,MIDCPNIFTY,NSE,INDEX,NSE_INDEX,PAPER_ELIGIBLE,INDEX:MIDCAP,paper-strategy-8ade763620b6,opportunity-score-8ade763620b6,universe-a8e55c76a270,PAPER_OVERRIDE::FYERS_PAPER_PROXY_RESEARCH,PE,UNKNOWN,14900.0,1.2,False,,,Underlying move below identification minimum.,False,,,,,ATM IV unavailable.,3.5276,midcap_direction_proxy,PARTIAL_MIDCAP,4.7650,712afad509f5,WARMUP_OBSERVATIONS,182,1,0,80.0,65.0,1.0,1.6,70.0,65.0,35.0,50.0,inf,2.0,10.0,GLOBAL_POLICY_FLOOR>CLASS_FLOOR>INSTRUMENT_LEARNED_FLOOR; LOWER=max; UPPER=min,CONSTRAINED_WALK_FORWARD,WARMUP_OBSERVATIONS,,0,0,,,0.0,,FYERS_PAPER_PROXY_RESEARCH,FYERS_PAPER_RESEARCH_ONLY,COST_MODEL_UNVALIDATED,False,False,DISABLED,Daily market context is disabled until operator review,MANUAL_PROXY_RESEARCH,False,True,MEASURED,FIVE_LEVEL,FYERS_MARKET_DEPTH,5,5,240,240,1680,1920,2026-08-24T08:44:35+00:00,IV_UNAVAILABLE,False,0,False,False,DATA_INVALID,7,DataHealth invalid; Contract invalid: Quote stale or spread hard rejected.; SideDirection hard reject: 1.2 < 65.0; PremiumElasticity hard reject: 0.70 < 1.00; Expected/Required hard reject: 1.08 < 1.60; TradeQuality below configured minimum; ConvexityEdge below excellent gate: 70.4 < 80.0,,
2026-08-24T14:15:03.212701+05:30,2026-08-24,DRREDDY,NSE,STOCK,NSE_STOCK_OPTION,PAPER_ELIGIBLE,STOCK:DRREDDY,paper-strategy-8ade763620b6,opportunity-score-8ade763620b6,universe-a8e55c76a270,PAPER_OVERRIDE::FYERS_PAPER_PROXY_RESEARCH,CE,UNKNOWN,1180.0,2.0,False,,,No prior observation for contract.,False,,,,,ATM IV unavailable.,,DRREDDY,NOT_CONFIGURED,,97ea730b14bf,WARMUP_OBSERVATIONS,40,1,0,90.0,65.0,1.0,1.6,70.0,65.0,35.0,50.0,inf,3.0,20.0,GLOBAL_POLICY_FLOOR>CLASS_FLOOR>INSTRUMENT_LEARNED_FLOOR; LOWER=max; UPPER=min,CONSTRAINED_WALK_FORWARD,WARMUP_OBSERVATIONS,,0,0,,,0.0,,FYERS_PAPER_PROXY_RESEARCH,FYERS_PAPER_RESEARCH_ONLY,COST_MODEL_UNVALIDATED,False,False,DISABLED,Daily market context is disabled until operator review,MANUAL_PROXY_RESEARCH,False,True,MEASURED,FIVE_LEVEL,FYERS_MARKET_DEPTH,5,5,625,625,5000,7500,2026-08-24T08:43:55+00:00,IV_UNAVAILABLE,False,0,False,False,DATA_INVALID,11,DataHealth invalid; Contract invalid: Quote stale or spread hard rejected.; SideDirection hard reject: 2.0 < 65.0; PremiumElasticity hard reject: 0.50 < 1.00; Expected/Required hard reject: 1.17 < 1.60; TradeQuality below configured minimum; FinalConfidence below configured minimum; ExecutionQuality below excellent gate: 0.0 < 80.0; ConvexityEdge below excellent gate: 71.4 < 80.0; OpportunityConfidence below excellent gate: 28.3 < 70.0; RegimeFit below excellent gate: 60.0 < 70.0,,
2026-08-24T14:15:03.212701+05:30,2026-08-24,DRREDDY,NSE,STOCK,NSE_STOCK_OPTION,PAPER_ELIGIBLE,STOCK:DRREDDY,paper-strategy-8ade763620b6,opportunity-score-8ade763620b6,universe-a8e55c76a270,PAPER_OVERRIDE::FYERS_PAPER_PROXY_RESEARCH,CE,UNKNOWN,1170.0,2.0,False,,,No prior observation for contract.,False,,,,,ATM IV unavailable.,,DRREDDY,NOT_CONFIGURED,,97ea730b14bf,WARMUP_OBSERVATIONS,40,1,0,90.0,65.0,1.0,1.6,70.0,65.0,35.0,50.0,inf,3.0,20.0,GLOBAL_POLICY_FLOOR>CLASS_FLOOR>INSTRUMENT_LEARNED_FLOOR; LOWER=max; UPPER=min,CONSTRAINED_WALK_FORWARD,WARMUP_OBSERVATIONS,,0,0,,,0.0,,FYERS_PAPER_PROXY_RESEARCH,FYERS_PAPER_RESEARCH_ONLY,COST_MODEL_UNVALIDATED,False,False,DISABLED,Daily market context is disabled until operator review,MANUAL_PROXY_RESEARCH,False,True,MEASURED,FIVE_LEVEL,FYERS_MARKET_DEPTH,5,5,1875,1250,6875,4375,2026-08-24T08:44:05+00:00,IV_UNAVAILABLE,False,0,False,False,DATA_INVALID,11,DataHealth invalid; Contract invalid: Quote stale or spread hard rejected.; SideDirection hard reject: 2.0 < 65.0; PremiumElasticity hard reject: 0.70 < 1.00; Expected/Required hard reject: 1.17 < 1.60; TradeQuality below configured minimum; FinalConfidence below configured minimum; ExecutionQuality below excellent gate: 0.0 < 80.0; ConvexityEdge below excellent gate: 71.4 < 80.0; OpportunityConfidence below excellent gate: 28.3 < 70.0; RegimeFit below excellent gate: 60.0 < 70.0,,
2026-08-24T14:15:03.212701+05:30,2026-08-24,DRREDDY,NSE,STOCK,NSE_STOCK_OPTION,PAPER_ELIGIBLE,STOCK:DRREDDY,paper-strategy-8ade763620b6,opportunity-score-8ade763620b6,universe-a8e55c76a270,PAPER_OVERRIDE::FYERS_PAPER_PROXY_RESEARCH,PE,UNKNOWN,1190.0,0.0,False,,,No prior observation for contract.,False,,,,,ATM IV unavailable.,,DRREDDY,NOT_CONFIGURED,,97ea730b14bf,WARMUP_OBSERVATIONS,40,1,0,90.0,65.0,1.0,1.6,70.0,65.0,35.0,50.0,inf,3.0,20.0,GLOBAL_POLICY_FLOOR>CLASS_FLOOR>INSTRUMENT_LEARNED_FLOOR; LOWER=max; UPPER=min,CONSTRAINED_WALK_FORWARD,WARMUP_OBSERVATIONS,,0,0,,,0.0,,FYERS_PAPER_PROXY_RESEARCH,FYERS_PAPER_RESEARCH_ONLY,COST_MODEL_UNVALIDATED,False,False,DISABLED,Daily market context is disabled until operator review,MANUAL_PROXY_RESEARCH,False,True,MEASURED,FIVE_LEVEL,FYERS_MARKET_DEPTH,5,5,625,1875,4375,7500,2026-08-24T08:42:10+00:00,IV_UNAVAILABLE,False,0,False,False,DATA_INVALID,11,DataHealth invalid; Contract invalid: Quote stale or spread hard rejected.; SideDirection hard reject: -2.0 < 65.0; PremiumElasticity hard reject: 0.70 < 1.00; Expected/Required hard reject: 1.17 < 1.60; TradeQuality below configured minimum; FinalConfidence below configured minimum; ExecutionQuality below excellent gate: 0.0 < 80.0; ConvexityEdge below excellent gate: 71.4 < 80.0; OpportunityConfidence below excellent gate: 27.7 < 70.0; RegimeFit below excellent gate: 60.0 < 70.0,,
2026-08-24T14:15:03.212701+05:30,2026-08-24,EICHERMOT,NSE,STOCK,NSE_STOCK_OPTION,PAPER_ELIGIBLE,STOCK:EICHERMOT,paper-strategy-8ade763620b6,opportunity-score-8ade763620b6,universe-a8e55c76a270,PAPER_OVERRIDE::FYERS_PAPER_PROXY_RESEARCH,PE,UNKNOWN,7900.0,0.0,False,,,No prior observation for contract.,False,,,,,ATM IV unavailable.,,EICHERMOT,NOT_CONFIGURED,,9ae09e86b9c0,WARMUP_OBSERVATIONS,33,1,0,90.0,65.0,1.0,1.6,70.0,65.0,35.0,50.0,inf,3.0,20.0,GLOBAL_POLICY_FLOOR>CLASS_FLOOR>INSTRUMENT_LEARNED_FLOOR; LOWER=max; UPPER=min,CONSTRAINED_WALK_FORWARD,WARMUP_OBSERVATIONS,,0,0,,,0.0,,FYERS_PAPER_PROXY_RESEARCH,FYERS_PAPER_RESEARCH_ONLY,COST_MODEL_UNVALIDATED,False,False,DISABLED,Daily market context is disabled until operator review,MANUAL_PROXY_RESEARCH,False,True,MEASURED,FIVE_LEVEL,FYERS_MARKET_DEPTH,5,5,200,200,900,1200,2026-08-24T08:42:32+00:00,IV_UNAVAILABLE,False,0,False,False,DATA_INVALID,11,DataHealth invalid; Contract invalid: Quote stale or spread hard rejected.; SideDirection hard reject: -3.5 < 65.0; PremiumElasticity hard reject: 0.30 < 1.00; Expected/Required hard reject: 1.17 < 1.60; TradeQuality below configured minimum; FinalConfidence below configured minimum; ExecutionQuality below excellent gate: 0.0 < 80.0; ConvexityEdge below excellent gate: 57.4 < 80.0; OpportunityConfidence below excellent gate: 31.2 < 70.0; RegimeFit below excellent gate: 60.0 < 70.0,,
2026-08-24T14:15:03.212701+05:30,2026-08-24,EICHERMOT,NSE,STOCK,NSE_STOCK_OPTION,PAPER_ELIGIBLE,STOCK:EICHERMOT,paper-strategy-8ade763620b6,opportunity-score-8ade763620b6,universe-a8e55c76a270,PAPER_OVERRIDE::FYERS_PAPER_PROXY_RESEARCH,CE,UNKNOWN,8100.0,3.5,False,,,No prior observation for contract.,False,,,,,ATM IV unavailable.,,EICHERMOT,NOT_CONFIGURED,,9ae09e86b9c0,WARMUP_OBSERVATIONS,33,1,0,90.0,65.0,1.0,1.6,70.0,65.0,35.0,50.0,inf,3.0,20.0,GLOBAL_POLICY_FLOOR>CLASS_FLOOR>INSTRUMENT_LEARNED_FLOOR; LOWER=max; UPPER=min,CONSTRAINED_WALK_FORWARD,WARMUP_OBSERVATIONS,,0,0,,,0.0,,FYERS_PAPER_PROXY_RESEARCH,FYERS_PAPER_RESEARCH_ONLY,COST_MODEL_UNVALIDATED,False,False,DISABLED,Daily market context is disabled until operator review,MANUAL_PROXY_RESEARCH,False,True,MEASURED,FIVE_LEVEL,FYERS_MARKET_DEPTH,5,5,100,100,1300,900,2026-08-24T08:44:00+00:00,IV_UNAVAILABLE,False,0,False,False,DATA_INVALID,11,DataHealth invalid; Contract invalid: Quote stale or spread hard rejected.; SideDirection hard reject: 3.5 < 65.0; PremiumElasticity hard reject: 0.30 < 1.00; Expected/Required hard reject: 1.17 < 1.60; TradeQuality below configured minimum; FinalConfidence below configured minimum; ExecutionQuality below excellent gate: 0.0 < 80.0; ConvexityEdge below excellent gate: 57.4 < 80.0; OpportunityConfidence below excellent gate: 32.2 < 70.0; RegimeFit below excellent gate: 60.0 < 70.0,,
2026-08-24T14:15:03.212701+05:30,2026-08-24,GRASIM,NSE,STOCK,NSE_STOCK_OPTION,PAPER_ELIGIBLE,STOCK:GRASIM,paper-strategy-8ade763620b6,opportunity-score-8ade763620b6,universe-a8e55c76a270,PAPER_OVERRIDE::FYERS_PAPER_PROXY_RESEARCH,CE,UNKNOWN,3280.0,2.4,False,,,No prior observation for contract.,False,,,,,ATM IV unavailable.,,GRASIM,NOT_CONFIGURED,,3f3175605513,WARMUP_OBSERVATIONS,63,1,0,90.0,65.0,1.0,1.6,70.0,65.0,35.0,50.0,inf,3.0,20.0,GLOBAL_POLICY_FLOOR>CLASS_FLOOR>INSTRUMENT_LEARNED_FLOOR; LOWER=max; UPPER=min,CONSTRAINED_WALK_FORWARD,WARMUP_OBSERVATIONS,,0,0,,,0.0,,FYERS_PAPER_PROXY_RESEARCH,FYERS_PAPER_RESEARCH_ONLY,COST_MODEL_UNVALIDATED,False,False,DISABLED,Daily market context is disabled until operator review,MANUAL_PROXY_RESEARCH,False,True,MEASURED,FIVE_LEVEL,FYERS_MARKET_DEPTH,5,5,250,250,1750,1250,2026-08-24T08:44:32+00:00,IV_UNAVAILABLE,False,0,False,False,DATA_INVALID,11,DataHealth invalid; Contract invalid: Quote stale or spread hard rejected.; SideDirection hard reject: 2.4 < 65.0; PremiumElasticity hard reject: 0.50 < 1.00; Expected/Required hard reject: 1.17 < 1.60; TradeQuality below configured minimum; FinalConfidence below configured minimum; ExecutionQuality below excellent gate: 25.5 < 80.0; ConvexityEdge below excellent gate: 71.4 < 80.0; OpportunityConfidence below excellent gate: 54.3 < 70.0; RegimeFit below excellent gate: 60.0 < 70.0,,
2026-08-24T14:15:03.212701+05:30,2026-08-24,GRASIM,NSE,STOCK,NSE_STOCK_OPTION,PAPER_ELIGIBLE,STOCK:GRASIM,paper-strategy-8ade763620b6,opportunity-score-8ade763620b6,universe-a8e55c76a270,PAPER_OVERRIDE::FYERS_PAPER_PROXY_RESEARCH,PE,UNKNOWN,3280.0,0.0,False,,,No prior observation for contract.,False,,,,,ATM IV unavailable.,,GRASIM,NOT_CONFIGURED,,3f3175605513,WARMUP_OBSERVATIONS,63,1,0,90.0,65.0,1.0,1.6,70.0,65.0,35.0,50.0,inf,3.0,20.0,GLOBAL_POLICY_FLOOR>CLASS_FLOOR>INSTRUMENT_LEARNED_FLOOR; LOWER=max; UPPER=min,CONSTRAINED_WALK_FORWARD,WARMUP_OBSERVATIONS,,0,0,,,0.0,,FYERS_PAPER_PROXY_RESEARCH,FYERS_PAPER_RESEARCH_ONLY,COST_MODEL_UNVALIDATED,False,False,DISABLED,Daily market context is disabled until operator review,MANUAL_PROXY_RESEARCH,False,True,MEASURED,FIVE_LEVEL,FYERS_MARKET_DEPTH,5,5,250,250,1500,2000,2026-08-24T08:44:32+00:00,IV_UNAVAILABLE,False,0,False,False,DATA_INVALID,11,DataHealth invalid; Contract invalid: Quote stale or spread hard rejected.; SideDirection hard reject: -2.4 < 65.0; PremiumElasticity hard reject: 0.50 < 1.00; Expected/Required hard reject: 1.17 < 1.60; TradeQuality below configured minimum; FinalConfidence below configured minimum; ExecutionQuality below excellent gate: 0.0 < 80.0; ConvexityEdge below excellent gate: 71.4 < 80.0; OpportunityConfidence below excellent gate: 42.9 < 70.0; RegimeFit below excellent gate: 60.0 < 70.0,,
2026-08-24T14:15:03.212701+05:30,2026-08-24,GRASIM,NSE,STOCK,NSE_STOCK_OPTION,PAPER_ELIGIBLE,STOCK:GRASIM,paper-strategy-8ade763620b6,opportunity-score-8ade763620b6,universe-a8e55c76a270,PAPER_OVERRIDE::FYERS_PAPER_PROXY_RESEARCH,CE,UNKNOWN,3260.0,2.4,False,,,No prior observation for contract.,False,,,,,ATM IV unavailable.,,GRASIM,NOT_CONFIGURED,,3f3175605513,WARMUP_OBSERVATIONS,63,1,0,90.0,65.0,1.0,1.6,70.0,65.0,35.0,50.0,inf,3.0,20.0,GLOBAL_POLICY_FLOOR>CLASS_FLOOR>INSTRUMENT_LEARNED_FLOOR; LOWER=max; UPPER=min,CONSTRAINED_WALK_FORWARD,WARMUP_OBSERVATIONS,,0,0,,,0.0,,FYERS_PAPER_PROXY_RESEARCH,FYERS_PAPER_RESEARCH_ONLY,COST_MODEL_UNVALIDATED,False,False,DISABLED,Daily market context is disabled until operator review,MANUAL_PROXY_RESEARCH,False,True,MEASURED,FIVE_LEVEL,FYERS_MARKET_DEPTH,5,5,500,250,1500,1500,2026-08-24T08:44:32+00:00,IV_UNAVAILABLE,False,0,False,False,DATA_INVALID,11,DataHealth invalid; Contract invalid: Quote stale or spread hard rejected.; SideDirection hard reject: 2.4 < 65.0; PremiumElasticity hard reject: 0.70 < 1.00; Expected/Required hard reject: 1.17 < 1.60; TradeQuality below configured minimum; FinalConfidence below configured minimum; ExecutionQuality below excellent gate: 0.0 < 80.0; ConvexityEdge below excellent gate: 71.4 < 80.0; OpportunityConfidence below excellent gate: 44.7 < 70.0; RegimeFit below excellent gate: 60.0 < 70.0,,
2026-08-24T14:15:03.212701+05:30,2026-08-24,GRASIM,NSE,STOCK,NSE_STOCK_OPTION,PAPER_ELIGIBLE,STOCK:GRASIM,paper-strategy-8ade763620b6,opportunity-score-8ade763620b6,universe-a8e55c76a270,PAPER_OVERRIDE::FYERS_PAPER_PROXY_RESEARCH,PE,UNKNOWN,3260.0,0.0,False,,,No prior observation for contract.,False,,,,,ATM IV unavailable.,,GRASIM,NOT_CONFIGURED,,3f3175605513,WARMUP_OBSERVATIONS,63,1,0,90.0,65.0,1.0,1.6,70.0,65.0,35.0,50.0,inf,3.0,20.0,GLOBAL_POLICY_FLOOR>CLASS_FLOOR>INSTRUMENT_LEARNED_FLOOR; LOWER=max; UPPER=min,CONSTRAINED_WALK_FORWARD,WARMUP_OBSERVATIONS,,0,0,,,0.0,,FYERS_PAPER_PROXY_RESEARCH,FYERS_PAPER_RESEARCH_ONLY,COST_MODEL_UNVALIDATED,False,False,DISABLED,Daily market context is disabled until operator review,MANUAL_PROXY_RESEARCH,False,True,MEASURED,FIVE_LEVEL,FYERS_MARKET_DEPTH,5,5,250,250,2250,1500,2026-08-24T08:44:32+00:00,IV_UNAVAILABLE,False,0,False,False,DATA_INVALID,11,DataHealth invalid; Contract invalid: Quote stale or spread hard rejected.; SideDirection hard reject: -2.4 < 65.0; PremiumElasticity hard reject: 0.30 < 1.00; Expected/Required hard reject: 1.17 < 1.60; TradeQuality below configured minimum; FinalConfidence below configured minimum; ExecutionQuality below excellent gate: 0.0 < 80.0; ConvexityEdge below excellent gate: 57.4 < 80.0; OpportunityConfidence below excellent gate: 47.1 < 70.0; RegimeFit below excellent gate: 60.0 < 70.0,,
2026-08-24T14:15:03.212701+05:30,2026-08-24,HCLTECH,NSE,STOCK,NSE_STOCK_OPTION,PAPER_ELIGIBLE,STOCK:HCLTECH,paper-strategy-8ade763620b6,opportunity-score-8ade763620b6,universe-a8e55c76a270,PAPER_OVERRIDE::FYERS_PAPER_PROXY_RESEARCH,CE,UNKNOWN,1310.0,0.0,False,,,No prior observation for contract.,False,,,,,ATM IV unavailable.,,HCLTECH,NOT_CONFIGURED,,bd3813497287,WARMUP_OBSERVATIONS,36,1,0,90.0,65.0,1.0,1.6,70.0,65.0,35.0,50.0,inf,3.0,20.0,GLOBAL_POLICY_FLOOR>CLASS_FLOOR>INSTRUMENT_LEARNED_FLOOR; LOWER=max; UPPER=min,CONSTRAINED_WALK_FORWARD,WARMUP_OBSERVATIONS,,0,0,,,0.0,,FYERS_PAPER_PROXY_RESEARCH,FYERS_PAPER_RESEARCH_ONLY,COST_MODEL_UNVALIDATED,False,False,DISABLED,Daily market context is disabled until operator review,MANUAL_PROXY_RESEARCH,False,True,MEASURED,FIVE_LEVEL,FYERS_MARKET_DEPTH,5,5,400,400,2400,2000,2026-08-24T08:43:58+00:00,IV_UNAVAILABLE,False,0,False,False,DATA_INVALID,11,DataHealth invalid; Contract invalid: Quote stale or spread hard rejected.; SideDirection hard reject: -3.6 < 65.0; PremiumElasticity hard reject: 0.70 < 1.00; Expected/Required hard reject: 1.17 < 1.60; TradeQuality below configured minimum; FinalConfidence below configured minimum; ExecutionQuality below excellent gate: 0.0 < 80.0; ConvexityEdge below excellent gate: 71.4 < 80.0; OpportunityConfidence below excellent gate: 35.2 < 70.0; RegimeFit below excellent gate: 60.0 < 70.0,,
2026-08-24T14:15:03.212701+05:30,2026-08-24,HCLTECH,NSE,STOCK,NSE_STOCK_OPTION,PAPER_ELIGIBLE,STOCK:HCLTECH,paper-strategy-8ade763620b6,opportunity-score-8ade763620b6,universe-a8e55c76a270,PAPER_OVERRIDE::FYERS_PAPER_PROXY_RESEARCH,PE,UNKNOWN,1330.0,3.6,False,,,No prior observation for contract.,False,,,,,ATM IV unavailable.,,HCLTECH,NOT_CONFIGURED,,bd3813497287,WARMUP_OBSERVATIONS,36,1,0,90.0,65.0,1.0,1.6,70.0,65.0,35.0,50.0,inf,3.0,20.0,GLOBAL_POLICY_FLOOR>CLASS_FLOOR>INSTRUMENT_LEARNED_FLOOR; LOWER=max; UPPER=min,CONSTRAINED_WALK_FORWARD,WARMUP_OBSERVATIONS,,0,0,,,0.0,,FYERS_PAPER_PROXY_RESEARCH,FYERS_PAPER_RESEARCH_ONLY,COST_MODEL_UNVALIDATED,False,False,DISABLED,Daily market context is disabled until operator review,MANUAL_PROXY_RESEARCH,False,True,MEASURED,FIVE_LEVEL,FYERS_MARKET_DEPTH,5,5,1200,400,3600,3200,2026-08-24T08:43:55+00:00,IV_UNAVAILABLE,False,0,False,False,DATA_INVALID,11,DataHealth invalid; Contract invalid: Quote stale or spread hard rejected.; SideDirection hard reject: 3.6 < 65.0; PremiumElasticity hard reject: 0.70 < 1.00; Expected/Required hard reject: 1.17 < 1.60; TradeQuality below configured minimum; FinalConfidence below configured minimum; ExecutionQuality below excellent gate: 0.0 < 80.0; ConvexityEdge below excellent gate: 71.4 < 80.0; OpportunityConfidence below excellent gate: 45.9 < 70.0; RegimeFit below excellent gate: 60.0 < 70.0,,
