skip_id,created_at,underlying,expiry,strike,side,entry_mid,entry_bid,entry_ask,hard_stop_points,target_r,ComparableOpportunityScore,gate_snapshot_id,gate_features_json,instrument_id,instrument_class,evidence_profile,parameter_profile,strategy_version,score_version,universe_version
202608241225_1_FINNIFTY_PE,2026-08-24T06:55:53.953164+00:00,FINNIFTY,2026-08-25,26150.0,PE,79.75,79.45,80.05,15.950000000000001,2.0,52.21116605774306,e172b0fef65b,"{""contract_quality_min"": 0.0, ""direction_min"": 1.835458769095463, ""excellent_score_min"": 52.21116605774306, ""execution_quality_min"": 100.0, ""expected_required_ratio_min"": 1.25, ""final_confidence_min"": 80.39807330638003, ""iv_crush_max"": 28.5, ""market_hostility_max"": 20.30635532308942, ""min_5depth_lots_each_side"": 11.0, ""min_top_book_lots"": 1.0, ""premium_elasticity_min"": 0.5, ""regime_confidence_min"": 60.0, ""spread_pct_max"": 0.7523510971786763, ""trade_quality_min"": 28.74251497005237}",FINNIFTY,NSE_INDEX,FYERS_PAPER_PROXY_RESEARCH,PAPER_OVERRIDE::FYERS_PAPER_PROXY_RESEARCH,paper-strategy-8ade763620b6,opportunity-score-8ade763620b6,universe-a8e55c76a270
202608241225_2_FINNIFTY_CE,2026-08-24T06:55:53.963196+00:00,FINNIFTY,2026-08-25,26100.0,CE,136.75,136.5,137.0,25.0,2.0,51.880783479305876,e172b0fef65b,"{""contract_quality_min"": 0.0, ""direction_min"": 0.0, ""excellent_score_min"": 51.880783479305876, ""execution_quality_min"": 100.0, ""expected_required_ratio_min"": 1.25, ""final_confidence_min"": 79.8474356756514, ""iv_crush_max"": 28.5, ""market_hostility_max"": 20.30635532308942, ""min_5depth_lots_each_side"": 5.0, ""min_top_book_lots"": 1.0, ""premium_elasticity_min"": 0.7, ""regime_confidence_min"": 60.0, ""spread_pct_max"": 0.3656307129798903, ""trade_quality_min"": 28.74251497005237}",FINNIFTY,NSE_INDEX,FYERS_PAPER_PROXY_RESEARCH,PAPER_OVERRIDE::FYERS_PAPER_PROXY_RESEARCH,paper-strategy-8ade763620b6,opportunity-score-8ade763620b6,universe-a8e55c76a270
202608241225_3_FINNIFTY_CE,2026-08-24T06:55:53.963846+00:00,FINNIFTY,2026-08-25,26200.0,CE,81.025,80.7,81.35,16.205000000000002,2.0,49.066502172830866,e172b0fef65b,"{""contract_quality_min"": 0.0, ""direction_min"": 0.0, ""excellent_score_min"": 49.066502172830866, ""execution_quality_min"": 99.90479129016663, ""expected_required_ratio_min"": 1.25, ""final_confidence_min"": 79.8474356756514, ""iv_crush_max"": 28.5, ""market_hostility_max"": 20.30635532308942, ""min_5depth_lots_each_side"": 8.0, ""min_top_book_lots"": 2.0, ""premium_elasticity_min"": 0.3, ""regime_confidence_min"": 60.0, ""spread_pct_max"": 0.8022215365627787, ""trade_quality_min"": 28.74251497005237}",FINNIFTY,NSE_INDEX,FYERS_PAPER_PROXY_RESEARCH,PAPER_OVERRIDE::FYERS_PAPER_PROXY_RESEARCH,paper-strategy-8ade763620b6,opportunity-score-8ade763620b6,universe-a8e55c76a270
202608241225_4_MIDCPNIFTY_CE,2026-08-24T06:55:53.964391+00:00,MIDCPNIFTY,2026-08-25,14875.0,CE,56.75,56.6,56.9,11.350000000000001,2.0,48.73465380199522,712afad509f5,"{""contract_quality_min"": 0.0, ""direction_min"": 2.474606702284164, ""excellent_score_min"": 48.73465380199522, ""execution_quality_min"": 100.0, ""expected_required_ratio_min"": 1.0833333333333335, ""final_confidence_min"": 77.4469485810993, ""iv_crush_max"": 28.5, ""market_hostility_max"": 20.458786831684968, ""min_5depth_lots_each_side"": 11.0, ""min_top_book_lots"": 2.0, ""premium_elasticity_min"": 0.5, ""regime_confidence_min"": 60.0, ""spread_pct_max"": 0.5286343612334752, ""trade_quality_min"": 18.58585858585562}",MIDCPNIFTY,NSE_INDEX,FYERS_PAPER_PROXY_RESEARCH,PAPER_OVERRIDE::FYERS_PAPER_PROXY_RESEARCH,paper-strategy-8ade763620b6,opportunity-score-8ade763620b6,universe-a8e55c76a270
202608241225_5_MIDCPNIFTY_CE,2026-08-24T06:55:53.964890+00:00,MIDCPNIFTY,2026-08-25,14850.0,CE,72.9,72.65,73.15,14.580000000000002,2.0,48.73465380199522,712afad509f5,"{""contract_quality_min"": 0.0, ""direction_min"": 2.474606702284164, ""excellent_score_min"": 48.73465380199522, ""execution_quality_min"": 100.0, ""expected_required_ratio_min"": 1.0833333333333335, ""final_confidence_min"": 77.4469485810993, ""iv_crush_max"": 28.5, ""market_hostility_max"": 20.458786831684968, ""min_5depth_lots_each_side"": 18.0, ""min_top_book_lots"": 2.0, ""premium_elasticity_min"": 0.7, ""regime_confidence_min"": 60.0, ""spread_pct_max"": 0.6858710562414266, ""trade_quality_min"": 18.58585858585562}",MIDCPNIFTY,NSE_INDEX,FYERS_PAPER_PROXY_RESEARCH,PAPER_OVERRIDE::FYERS_PAPER_PROXY_RESEARCH,paper-strategy-8ade763620b6,opportunity-score-8ade763620b6,universe-a8e55c76a270
202608241227_1_NIFTY_CE,2026-08-24T06:57:04.251051+00:00,NIFTY,2026-08-25,24150.0,CE,101.225,101.1,101.35,20.245,2.0,53.648725769531154,00929e22c867,"{""contract_quality_min"": 0.0, ""direction_min"": 0.9590145298973458, ""excellent_score_min"": 53.648725769531154, ""execution_quality_min"": 100.0, ""expected_required_ratio_min"": 1.3333333333333335, ""final_confidence_min"": 79.73687543530399, ""iv_crush_max"": 28.5, ""market_hostility_max"": 18.763793054754544, ""min_5depth_lots_each_side"": 136.0, ""min_top_book_lots"": 5.0, ""premium_elasticity_min"": 0.7, ""regime_confidence_min"": 60.0, ""spread_pct_max"": 0.24697456162015313, ""trade_quality_min"": 26.97674418606461}",NIFTY,NSE_INDEX,FYERS_PAPER_PROXY_RESEARCH,PAPER_OVERRIDE::FYERS_PAPER_PROXY_RESEARCH,paper-strategy-8ade763620b6,opportunity-score-8ade763620b6,universe-a8e55c76a270
202608241227_2_FINNIFTY_PE,2026-08-24T06:57:04.251589+00:00,FINNIFTY,2026-08-25,26150.0,PE,79.5,79.15,79.85,15.9,2.0,47.417743034006804,e172b0fef65b,"{""contract_quality_min"": 0.0, ""direction_min"": 0.917775007456922, ""excellent_score_min"": 47.417743034006804, ""execution_quality_min"": 96.54986522911113, ""expected_required_ratio_min"": 1.25, ""final_confidence_min"": 75.84819256690658, ""iv_crush_max"": 28.5, ""market_hostility_max"": 20.331976751969705, ""min_5depth_lots_each_side"": 13.0, ""min_top_book_lots"": 3.0, ""premium_elasticity_min"": 0.5, ""regime_confidence_min"": 60.0, ""spread_pct_max"": 0.8805031446540738, ""trade_quality_min"": 14.03508771929347}",FINNIFTY,NSE_INDEX,FYERS_PAPER_PROXY_RESEARCH,PAPER_OVERRIDE::FYERS_PAPER_PROXY_RESEARCH,paper-strategy-8ade763620b6,opportunity-score-8ade763620b6,universe-a8e55c76a270
202608241227_3_MIDCPNIFTY_CE,2026-08-24T06:57:04.252130+00:00,MIDCPNIFTY,2026-08-25,14875.0,CE,57.2,57.05,57.35,11.440000000000001,2.0,46.8426371754036,712afad509f5,"{""contract_quality_min"": 0.0, ""direction_min"": 1.452276578005491, ""excellent_score_min"": 46.8426371754036, ""execution_quality_min"": 100.0, ""expected_required_ratio_min"": 1.0833333333333335, ""final_confidence_min"": 75.42069862955609, ""iv_crush_max"": 28.5, ""market_hostility_max"": 20.359953839862186, ""min_5depth_lots_each_side"": 13.0, ""min_top_book_lots"": 3.0, ""premium_elasticity_min"": 0.5, ""regime_confidence_min"": 60.0, ""spread_pct_max"": 0.5244755244755319, ""trade_quality_min"": 12.342857142850873}",MIDCPNIFTY,NSE_INDEX,FYERS_PAPER_PROXY_RESEARCH,PAPER_OVERRIDE::FYERS_PAPER_PROXY_RESEARCH,paper-strategy-8ade763620b6,opportunity-score-8ade763620b6,universe-a8e55c76a270
202608241227_4_MIDCPNIFTY_PE,2026-08-24T06:57:04.252678+00:00,MIDCPNIFTY,2026-08-25,14900.0,PE,51.1,50.95,51.25,10.22,2.0,46.58122739136261,712afad509f5,"{""contract_quality_min"": 0.0, ""direction_min"": 0.0, ""excellent_score_min"": 46.58122739136261, ""execution_quality_min"": 100.0, ""expected_required_ratio_min"": 1.0833333333333335, ""final_confidence_min"": 74.98501565615445, ""iv_crush_max"": 28.5, ""market_hostility_max"": 20.359953839862186, ""min_5depth_lots_each_side"": 21.0, ""min_top_book_lots"": 1.0, ""premium_elasticity_min"": 0.7, ""regime_confidence_min"": 60.0, ""spread_pct_max"": 0.5870841487279788, ""trade_quality_min"": 12.342857142850873}",MIDCPNIFTY,NSE_INDEX,FYERS_PAPER_PROXY_RESEARCH,PAPER_OVERRIDE::FYERS_PAPER_PROXY_RESEARCH,paper-strategy-8ade763620b6,opportunity-score-8ade763620b6,universe-a8e55c76a270
202608241227_5_BANKNIFTY_PE,2026-08-24T06:57:04.253172+00:00,BANKNIFTY,2026-08-25,57400.0,PE,186.85,186.6,187.1,25.0,2.0,45.709106990440326,2e840ccd58d1,"{""contract_quality_min"": 0.0, ""direction_min"": 0.48107425973786194, ""excellent_score_min"": 45.709106990440326, ""execution_quality_min"": 100.0, ""expected_required_ratio_min"": 1.4166666666666667, ""final_confidence_min"": 73.60906150796295, ""iv_crush_max"": 28.5, ""market_hostility_max"": 20.833509093940826, ""min_5depth_lots_each_side"": 19.0, ""min_top_book_lots"": 1.0, ""premium_elasticity_min"": 0.5, ""regime_confidence_min"": 60.0, ""spread_pct_max"": 0.2675943270002676, ""trade_quality_min"": 6.78966789667421}",BANKNIFTY,NSE_INDEX,FYERS_PAPER_PROXY_RESEARCH,PAPER_OVERRIDE::FYERS_PAPER_PROXY_RESEARCH,paper-strategy-8ade763620b6,opportunity-score-8ade763620b6,universe-a8e55c76a270
202608241228_1_BANKNIFTY_CE,2026-08-24T06:58:19.750817+00:00,BANKNIFTY,2026-08-25,57400.0,CE,206.7,206.4,207.0,25.0,2.0,48.58325002722523,2e840ccd58d1,"{""contract_quality_min"": 0.0, ""direction_min"": 0.8925730772417686, ""excellent_score_min"": 48.58325002722523, ""execution_quality_min"": 100.0, ""expected_required_ratio_min"": 1.4166666666666667, ""final_confidence_min"": 76.62089894860108, ""iv_crush_max"": 28.5, ""market_hostility_max"": 20.62227994026733, ""min_5depth_lots_each_side"": 14.0, ""min_top_book_lots"": 1.0, ""premium_elasticity_min"": 0.5, ""regime_confidence_min"": 60.0, ""spread_pct_max"": 0.29027576197387245, ""trade_quality_min"": 16.62337662338276}",BANKNIFTY,NSE_INDEX,FYERS_PAPER_PROXY_RESEARCH,PAPER_OVERRIDE::FYERS_PAPER_PROXY_RESEARCH,paper-strategy-8ade763620b6,opportunity-score-8ade763620b6,universe-a8e55c76a270
202608241228_2_BANKNIFTY_CE,2026-08-24T06:58:19.751314+00:00,BANKNIFTY,2026-08-25,57300.0,CE,263.79999999999995,263.45,264.15,25.0,2.0,48.58325002722523,2e840ccd58d1,"{""contract_quality_min"": 0.0, ""direction_min"": 0.8925730772417686, ""excellent_score_min"": 48.58325002722523, ""execution_quality_min"": 100.0, ""expected_required_ratio_min"": 1.4166666666666667, ""final_confidence_min"": 76.62089894860108, ""iv_crush_max"": 28.5, ""market_hostility_max"": 20.62227994026733, ""min_5depth_lots_each_side"": 10.0, ""min_top_book_lots"": 1.0, ""premium_elasticity_min"": 0.7, ""regime_confidence_min"": 60.0, ""spread_pct_max"": 0.2653525398028767, ""trade_quality_min"": 16.62337662338276}",BANKNIFTY,NSE_INDEX,FYERS_PAPER_PROXY_RESEARCH,PAPER_OVERRIDE::FYERS_PAPER_PROXY_RESEARCH,paper-strategy-8ade763620b6,opportunity-score-8ade763620b6,universe-a8e55c76a270
202608241228_3_BANKNIFTY_PE,2026-08-24T06:58:19.751739+00:00,BANKNIFTY,2026-08-25,57400.0,PE,185.35,185.1,185.6,25.0,2.0,48.42258687332171,2e840ccd58d1,"{""contract_quality_min"": 0.0, ""direction_min"": 0.0, ""excellent_score_min"": 48.42258687332171, ""execution_quality_min"": 100.0, ""expected_required_ratio_min"": 1.4166666666666667, ""final_confidence_min"": 76.35312702542856, ""iv_crush_max"": 28.5, ""market_hostility_max"": 20.62227994026733, ""min_5depth_lots_each_side"": 23.0, ""min_top_book_lots"": 1.0, ""premium_elasticity_min"": 0.5, ""regime_confidence_min"": 60.0, ""spread_pct_max"": 0.2697599136768276, ""trade_quality_min"": 16.62337662338276}",BANKNIFTY,NSE_INDEX,FYERS_PAPER_PROXY_RESEARCH,PAPER_OVERRIDE::FYERS_PAPER_PROXY_RESEARCH,paper-strategy-8ade763620b6,opportunity-score-8ade763620b6,universe-a8e55c76a270
202608241228_4_BANKNIFTY_PE,2026-08-24T06:58:19.752199+00:00,BANKNIFTY,2026-08-25,57500.0,PE,237.14999999999998,236.85,237.45,25.0,2.0,48.42258687332171,2e840ccd58d1,"{""contract_quality_min"": 0.0, ""direction_min"": 0.0, ""excellent_score_min"": 48.42258687332171, ""execution_quality_min"": 100.0, ""expected_required_ratio_min"": 1.4166666666666667, ""final_confidence_min"": 76.35312702542856, ""iv_crush_max"": 28.5, ""market_hostility_max"": 20.62227994026733, ""min_5depth_lots_each_side"": 16.0, ""min_top_book_lots"": 1.0, ""premium_elasticity_min"": 0.7, ""regime_confidence_min"": 60.0, ""spread_pct_max"": 0.2530044275774802, ""trade_quality_min"": 16.62337662338276}",BANKNIFTY,NSE_INDEX,FYERS_PAPER_PROXY_RESEARCH,PAPER_OVERRIDE::FYERS_PAPER_PROXY_RESEARCH,paper-strategy-8ade763620b6,opportunity-score-8ade763620b6,universe-a8e55c76a270
202608241228_5_FINNIFTY_PE,2026-08-24T06:58:19.752605+00:00,FINNIFTY,2026-08-25,26200.0,PE,101.825,101.65,102.0,20.365000000000002,2.0,47.398980050182494,e172b0fef65b,"{""contract_quality_min"": 0.0, ""direction_min"": 0.7342480840718508, ""excellent_score_min"": 47.398980050182494, ""execution_quality_min"": 100.0, ""expected_required_ratio_min"": 1.25, ""final_confidence_min"": 75.32626624487109, ""iv_crush_max"": 28.5, ""market_hostility_max"": 20.510231921862644, ""min_5depth_lots_each_side"": 8.0, ""min_top_book_lots"": 1.0, ""premium_elasticity_min"": 0.7, ""regime_confidence_min"": 60.0, ""spread_pct_max"": 0.343726982568126, ""trade_quality_min"": 12.387096774201058}",FINNIFTY,NSE_INDEX,FYERS_PAPER_PROXY_RESEARCH,PAPER_OVERRIDE::FYERS_PAPER_PROXY_RESEARCH,paper-strategy-8ade763620b6,opportunity-score-8ade763620b6,universe-a8e55c76a270
202608241231_1_FINNIFTY_CE,2026-08-24T07:01:51.928558+00:00,FINNIFTY,2026-08-25,26200.0,CE,76.15,76.0,76.3,15.230000000000002,2.0,55.95487499125831,e172b0fef65b,"{""contract_quality_min"": 0.0, ""direction_min"": 0.0, ""excellent_score_min"": 55.95487499125831, ""execution_quality_min"": 100.0, ""expected_required_ratio_min"": 1.25, ""final_confidence_min"": 86.99084159198593, ""iv_crush_max"": 28.5, ""market_hostility_max"": 21.558983013229277, ""min_5depth_lots_each_side"": 10.0, ""min_top_book_lots"": 4.0, ""premium_elasticity_min"": 0.3, ""regime_confidence_min"": 60.0, ""spread_pct_max"": 0.39395929087327264, ""trade_quality_min"": 54.63414634146812}",FINNIFTY,NSE_INDEX,FYERS_PAPER_PROXY_RESEARCH,PAPER_OVERRIDE::FYERS_PAPER_PROXY_RESEARCH,paper-strategy-8ade763620b6,opportunity-score-8ade763620b6,universe-a8e55c76a270
202608241231_2_MIDCPNIFTY_PE,2026-08-24T07:01:51.929057+00:00,MIDCPNIFTY,2026-08-25,14875.0,PE,43.4,43.25,43.55,8.68,2.0,54.54475501815774,712afad509f5,"{""contract_quality_min"": 0.0, ""direction_min"": 4.625303367463069, ""excellent_score_min"": 54.54475501815774, ""execution_quality_min"": 100.0, ""expected_required_ratio_min"": 1.0833333333333333, ""final_confidence_min"": 83.72452176210342, ""iv_crush_max"": 28.5, ""market_hostility_max"": 20.869724842634838, ""min_5depth_lots_each_side"": 33.0, ""min_top_book_lots"": 5.0, ""premium_elasticity_min"": 0.5, ""regime_confidence_min"": 60.0, ""spread_pct_max"": 0.6912442396313299, ""trade_quality_min"": 38.43575418994654}",MIDCPNIFTY,NSE_INDEX,FYERS_PAPER_PROXY_RESEARCH,PAPER_OVERRIDE::FYERS_PAPER_PROXY_RESEARCH,paper-strategy-8ade763620b6,opportunity-score-8ade763620b6,universe-a8e55c76a270
202608241231_3_MIDCPNIFTY_PE,2026-08-24T07:01:51.929632+00:00,MIDCPNIFTY,2026-08-25,14900.0,PE,55.4,55.25,55.55,11.08,2.0,54.54475501815774,712afad509f5,"{""contract_quality_min"": 0.0, ""direction_min"": 4.625303367463069, ""excellent_score_min"": 54.54475501815774, ""execution_quality_min"": 100.0, ""expected_required_ratio_min"": 1.0833333333333333, ""final_confidence_min"": 83.72452176210342, ""iv_crush_max"": 28.5, ""market_hostility_max"": 20.869724842634838, ""min_5depth_lots_each_side"": 14.0, ""min_top_book_lots"": 1.0, ""premium_elasticity_min"": 0.7, ""regime_confidence_min"": 60.0, ""spread_pct_max"": 0.5415162454873594, ""trade_quality_min"": 38.43575418994654}",MIDCPNIFTY,NSE_INDEX,FYERS_PAPER_PROXY_RESEARCH,PAPER_OVERRIDE::FYERS_PAPER_PROXY_RESEARCH,paper-strategy-8ade763620b6,opportunity-score-8ade763620b6,universe-a8e55c76a270
202608241231_4_FINNIFTY_PE,2026-08-24T07:01:51.930606+00:00,FINNIFTY,2026-08-25,26100.0,PE,62.475,62.1,62.85,12.495000000000001,2.0,54.219066012817606,e172b0fef65b,"{""contract_quality_min"": 0.0, ""direction_min"": 5.996015403030031, ""excellent_score_min"": 54.219066012817606, ""execution_quality_min"": 82.83656319670725, ""expected_required_ratio_min"": 1.25, ""final_confidence_min"": 86.38388390797297, ""iv_crush_max"": 28.5, ""market_hostility_max"": 21.558983013229277, ""min_5depth_lots_each_side"": 16.0, ""min_top_book_lots"": 2.0, ""premium_elasticity_min"": 0.3, ""regime_confidence_min"": 60.0, ""spread_pct_max"": 1.2004801920768309, ""trade_quality_min"": 54.63414634146812}",FINNIFTY,NSE_INDEX,FYERS_PAPER_PROXY_RESEARCH,PAPER_OVERRIDE::FYERS_PAPER_PROXY_RESEARCH,paper-strategy-8ade763620b6,opportunity-score-8ade763620b6,universe-a8e55c76a270
202608241231_5_MIDCPNIFTY_CE,2026-08-24T07:01:51.931127+00:00,MIDCPNIFTY,2026-08-25,14875.0,CE,52.3,52.15,52.45,10.46,2.0,53.712200412014376,712afad509f5,"{""contract_quality_min"": 0.0, ""direction_min"": 0.0, ""excellent_score_min"": 53.712200412014376, ""execution_quality_min"": 100.0, ""expected_required_ratio_min"": 1.0833333333333333, ""final_confidence_min"": 82.33693075186451, ""iv_crush_max"": 28.5, ""market_hostility_max"": 20.869724842634838, ""min_5depth_lots_each_side"": 15.0, ""min_top_book_lots"": 1.0, ""premium_elasticity_min"": 0.5, ""regime_confidence_min"": 60.0, ""spread_pct_max"": 0.5736137667304098, ""trade_quality_min"": 38.43575418994654}",MIDCPNIFTY,NSE_INDEX,FYERS_PAPER_PROXY_RESEARCH,PAPER_OVERRIDE::FYERS_PAPER_PROXY_RESEARCH,paper-strategy-8ade763620b6,opportunity-score-8ade763620b6,universe-a8e55c76a270
202608241233_1_MIDCPNIFTY_PE,2026-08-24T07:03:04.417625+00:00,MIDCPNIFTY,2026-08-25,14875.0,PE,44.05,43.9,44.2,8.81,2.0,59.838927741854214,712afad509f5,"{""contract_quality_min"": 0.0, ""direction_min"": 6.183730738855002, ""excellent_score_min"": 59.838927741854214, ""execution_quality_min"": 100.0, ""expected_required_ratio_min"": 1.0833333333333335, ""final_confidence_min"": 89.36007494824854, ""iv_crush_max"": 28.5, ""market_hostility_max"": 20.888275246596557, ""min_5depth_lots_each_side"": 34.0, ""min_top_book_lots"": 4.0, ""premium_elasticity_min"": 0.5, ""regime_confidence_min"": 60.0, ""spread_pct_max"": 0.6810442678774218, ""trade_quality_min"": 56.441717791400976}",MIDCPNIFTY,NSE_INDEX,FYERS_PAPER_PROXY_RESEARCH,PAPER_OVERRIDE::FYERS_PAPER_PROXY_RESEARCH,paper-strategy-8ade763620b6,opportunity-score-8ade763620b6,universe-a8e55c76a270
202608241233_2_MIDCPNIFTY_PE,2026-08-24T07:03:04.422442+00:00,MIDCPNIFTY,2026-08-25,14900.0,PE,56.65,56.5,56.8,11.33,2.0,59.838927741854214,712afad509f5,"{""contract_quality_min"": 0.0, ""direction_min"": 6.183730738855002, ""excellent_score_min"": 59.838927741854214, ""execution_quality_min"": 100.0, ""expected_required_ratio_min"": 1.0833333333333335, ""final_confidence_min"": 89.36007494824854, ""iv_crush_max"": 28.5, ""market_hostility_max"": 20.888275246596557, ""min_5depth_lots_each_side"": 15.0, ""min_top_book_lots"": 1.0, ""premium_elasticity_min"": 0.7, ""regime_confidence_min"": 60.0, ""spread_pct_max"": 0.529567519858777, ""trade_quality_min"": 56.441717791400976}",MIDCPNIFTY,NSE_INDEX,FYERS_PAPER_PROXY_RESEARCH,PAPER_OVERRIDE::FYERS_PAPER_PROXY_RESEARCH,paper-strategy-8ade763620b6,opportunity-score-8ade763620b6,universe-a8e55c76a270
202608241233_3_MIDCPNIFTY_CE,2026-08-24T07:03:04.422953+00:00,MIDCPNIFTY,2026-08-25,14875.0,CE,51.625,51.5,51.75,10.325000000000001,2.0,58.725856208860314,712afad509f5,"{""contract_quality_min"": 0.0, ""direction_min"": 0.0, ""excellent_score_min"": 58.725856208860314, ""execution_quality_min"": 100.0, ""expected_required_ratio_min"": 1.0833333333333335, ""final_confidence_min"": 87.50495572659203, ""iv_crush_max"": 28.5, ""market_hostility_max"": 20.888275246596557, ""min_5depth_lots_each_side"": 12.0, ""min_top_book_lots"": 2.0, ""premium_elasticity_min"": 0.5, ""regime_confidence_min"": 60.0, ""spread_pct_max"": 0.48426150121065376, ""trade_quality_min"": 56.441717791400976}",MIDCPNIFTY,NSE_INDEX,FYERS_PAPER_PROXY_RESEARCH,PAPER_OVERRIDE::FYERS_PAPER_PROXY_RESEARCH,paper-strategy-8ade763620b6,opportunity-score-8ade763620b6,universe-a8e55c76a270
202608241233_4_MIDCPNIFTY_CE,2026-08-24T07:03:04.423449+00:00,MIDCPNIFTY,2026-08-25,14850.0,CE,66.575,66.4,66.75,13.315000000000001,2.0,58.725856208860314,712afad509f5,"{""contract_quality_min"": 0.0, ""direction_min"": 0.0, ""excellent_score_min"": 58.725856208860314, ""execution_quality_min"": 100.0, ""expected_required_ratio_min"": 1.0833333333333335, ""final_confidence_min"": 87.50495572659203, ""iv_crush_max"": 28.5, ""market_hostility_max"": 20.888275246596557, ""min_5depth_lots_each_side"": 8.0, ""min_top_book_lots"": 1.0, ""premium_elasticity_min"": 0.7, ""regime_confidence_min"": 60.0, ""spread_pct_max"": 0.5257228689447905, ""trade_quality_min"": 56.441717791400976}",MIDCPNIFTY,NSE_INDEX,FYERS_PAPER_PROXY_RESEARCH,PAPER_OVERRIDE::FYERS_PAPER_PROXY_RESEARCH,paper-strategy-8ade763620b6,opportunity-score-8ade763620b6,universe-a8e55c76a270
202608241233_5_FINNIFTY_PE,2026-08-24T07:03:04.423943+00:00,FINNIFTY,2026-08-25,26150.0,PE,84.15,83.85,84.45,16.830000000000002,2.0,56.63562578364119,e172b0fef65b,"{""contract_quality_min"": 0.0, ""direction_min"": 4.298723003904578, ""excellent_score_min"": 56.63562578364119, ""execution_quality_min"": 100.0, ""expected_required_ratio_min"": 1.25, ""final_confidence_min"": 85.39431729144906, ""iv_crush_max"": 28.5, ""market_hostility_max"": 21.507487053902206, ""min_5depth_lots_each_side"": 9.0, ""min_top_book_lots"": 1.0, ""premium_elasticity_min"": 0.5, ""regime_confidence_min"": 60.0, ""spread_pct_max"": 0.7130124777183702, ""trade_quality_min"": 44.165029469544585}",FINNIFTY,NSE_INDEX,FYERS_PAPER_PROXY_RESEARCH,PAPER_OVERRIDE::FYERS_PAPER_PROXY_RESEARCH,paper-strategy-8ade763620b6,opportunity-score-8ade763620b6,universe-a8e55c76a270
202608241234_1_MIDCPNIFTY_PE,2026-08-24T07:04:10.105492+00:00,MIDCPNIFTY,2026-08-25,14875.0,PE,43.7,43.55,43.85,8.74,2.0,55.719618405733364,712afad509f5,"{""contract_quality_min"": 0.0, ""direction_min"": 4.70558182838743, ""excellent_score_min"": 55.719618405733364, ""execution_quality_min"": 100.0, ""expected_required_ratio_min"": 1.0833333333333335, ""final_confidence_min"": 84.89465902652175, ""iv_crush_max"": 28.5, ""market_hostility_max"": 20.546811592253167, ""min_5depth_lots_each_side"": 32.0, ""min_top_book_lots"": 3.0, ""premium_elasticity_min"": 0.5, ""regime_confidence_min"": 60.0, ""spread_pct_max"": 0.6864988558352499, ""trade_quality_min"": 42.29607250754543}",MIDCPNIFTY,NSE_INDEX,FYERS_PAPER_PROXY_RESEARCH,PAPER_OVERRIDE::FYERS_PAPER_PROXY_RESEARCH,paper-strategy-8ade763620b6,opportunity-score-8ade763620b6,universe-a8e55c76a270
202608241234_2_MIDCPNIFTY_CE,2026-08-24T07:04:10.108381+00:00,MIDCPNIFTY,2026-08-25,14875.0,CE,52.025000000000006,51.85,52.2,10.405000000000001,2.0,54.87261367662362,712afad509f5,"{""contract_quality_min"": 0.0, ""direction_min"": 0.0, ""excellent_score_min"": 54.87261367662362, ""execution_quality_min"": 100.0, ""expected_required_ratio_min"": 1.0833333333333335, ""final_confidence_min"": 83.48298447800552, ""iv_crush_max"": 28.5, ""market_hostility_max"": 20.546811592253167, ""min_5depth_lots_each_side"": 18.0, ""min_top_book_lots"": 1.0, ""premium_elasticity_min"": 0.5, ""regime_confidence_min"": 60.0, ""spread_pct_max"": 0.6727534839019729, ""trade_quality_min"": 42.29607250754543}",MIDCPNIFTY,NSE_INDEX,FYERS_PAPER_PROXY_RESEARCH,PAPER_OVERRIDE::FYERS_PAPER_PROXY_RESEARCH,paper-strategy-8ade763620b6,opportunity-score-8ade763620b6,universe-a8e55c76a270
202608241234_3_MIDCPNIFTY_CE,2026-08-24T07:04:10.108890+00:00,MIDCPNIFTY,2026-08-25,14850.0,CE,67.05,66.85,67.25,13.41,2.0,54.87261367662362,712afad509f5,"{""contract_quality_min"": 0.0, ""direction_min"": 0.0, ""excellent_score_min"": 54.87261367662362, ""execution_quality_min"": 100.0, ""expected_required_ratio_min"": 1.0833333333333335, ""final_confidence_min"": 83.48298447800552, ""iv_crush_max"": 28.5, ""market_hostility_max"": 20.546811592253167, ""min_5depth_lots_each_side"": 10.0, ""min_top_book_lots"": 1.0, ""premium_elasticity_min"": 0.7, ""regime_confidence_min"": 60.0, ""spread_pct_max"": 0.5965697240865111, ""trade_quality_min"": 42.29607250754543}",MIDCPNIFTY,NSE_INDEX,FYERS_PAPER_PROXY_RESEARCH,PAPER_OVERRIDE::FYERS_PAPER_PROXY_RESEARCH,paper-strategy-8ade763620b6,opportunity-score-8ade763620b6,universe-a8e55c76a270
202608241234_4_BANKNIFTY_PE,2026-08-24T07:04:10.109401+00:00,BANKNIFTY,2026-08-25,57300.0,PE,151.9,151.75,152.05,25.0,2.0,51.44961946122224,2e840ccd58d1,"{""contract_quality_min"": 0.0, ""direction_min"": 3.924955273460687, ""excellent_score_min"": 51.44961946122224, ""execution_quality_min"": 100.0, ""expected_required_ratio_min"": 1.4166666666666667, ""final_confidence_min"": 79.98587946869107, ""iv_crush_max"": 28.5, ""market_hostility_max"": 22.02263436557046, ""min_5depth_lots_each_side"": 12.0, ""min_top_book_lots"": 1.0, ""premium_elasticity_min"": 0.5, ""regime_confidence_min"": 60.0, ""spread_pct_max"": 0.1974983541803893, ""trade_quality_min"": 26.323787258906577}",BANKNIFTY,NSE_INDEX,FYERS_PAPER_PROXY_RESEARCH,PAPER_OVERRIDE::FYERS_PAPER_PROXY_RESEARCH,paper-strategy-8ade763620b6,opportunity-score-8ade763620b6,universe-a8e55c76a270
202608241234_5_BANKNIFTY_PE,2026-08-24T07:04:10.109872+00:00,BANKNIFTY,2026-08-25,57400.0,PE,196.3,196.0,196.6,25.0,2.0,51.44961946122224,2e840ccd58d1,"{""contract_quality_min"": 0.0, ""direction_min"": 3.924955273460687, ""excellent_score_min"": 51.44961946122224, ""execution_quality_min"": 100.0, ""expected_required_ratio_min"": 1.4166666666666667, ""final_confidence_min"": 79.98587946869107, ""iv_crush_max"": 28.5, ""market_hostility_max"": 22.02263436557046, ""min_5depth_lots_each_side"": 28.0, ""min_top_book_lots"": 4.0, ""premium_elasticity_min"": 0.7, ""regime_confidence_min"": 60.0, ""spread_pct_max"": 0.305654610290369, ""trade_quality_min"": 26.323787258906577}",BANKNIFTY,NSE_INDEX,FYERS_PAPER_PROXY_RESEARCH,PAPER_OVERRIDE::FYERS_PAPER_PROXY_RESEARCH,paper-strategy-8ade763620b6,opportunity-score-8ade763620b6,universe-a8e55c76a270
202608241335_1_BANKNIFTY_PE,2026-08-24T08:05:50.331150+00:00,BANKNIFTY,2026-08-25,57300.0,PE,156.25,156.1,156.4,25.0,2.0,52.938805388296814,2e840ccd58d1,"{""contract_quality_min"": 0.0, ""direction_min"": 0.0, ""excellent_score_min"": 52.938805388296814, ""execution_quality_min"": 100.0, ""expected_required_ratio_min"": 1.4166666666666665, ""final_confidence_min"": 80.86783165290204, ""iv_crush_max"": 28.5, ""market_hostility_max"": 20.113834847198277, ""min_5depth_lots_each_side"": 30.0, ""min_top_book_lots"": 1.0, ""premium_elasticity_min"": 0.5, ""regime_confidence_min"": 60.0, ""spread_pct_max"": 0.19200000000000728, ""trade_quality_min"": 32.373923739224715}",BANKNIFTY,NSE_INDEX,FYERS_PAPER_PROXY_RESEARCH,PAPER_OVERRIDE::FYERS_PAPER_PROXY_RESEARCH,paper-strategy-8ade763620b6,opportunity-score-8ade763620b6,universe-a8e55c76a270
202608241335_2_BANKNIFTY_PE,2026-08-24T08:05:50.332370+00:00,BANKNIFTY,2026-08-25,57400.0,PE,204.175,203.85,204.5,25.0,2.0,52.938805388296814,2e840ccd58d1,"{""contract_quality_min"": 0.0, ""direction_min"": 0.0, ""excellent_score_min"": 52.938805388296814, ""execution_quality_min"": 100.0, ""expected_required_ratio_min"": 1.4166666666666665, ""final_confidence_min"": 80.86783165290204, ""iv_crush_max"": 28.5, ""market_hostility_max"": 20.113834847198277, ""min_5depth_lots_each_side"": 27.0, ""min_top_book_lots"": 1.0, ""premium_elasticity_min"": 0.7, ""regime_confidence_min"": 60.0, ""spread_pct_max"": 0.3183543528835585, ""trade_quality_min"": 32.373923739224715}",BANKNIFTY,NSE_INDEX,FYERS_PAPER_PROXY_RESEARCH,PAPER_OVERRIDE::FYERS_PAPER_PROXY_RESEARCH,paper-strategy-8ade763620b6,opportunity-score-8ade763620b6,universe-a8e55c76a270
202608241335_3_FINNIFTY_PE,2026-08-24T08:05:50.332887+00:00,FINNIFTY,2026-08-25,26150.0,PE,90.3,90.0,90.6,18.06,2.0,51.931250977689935,e172b0fef65b,"{""contract_quality_min"": 0.0, ""direction_min"": 0.0, ""excellent_score_min"": 51.931250977689935, ""execution_quality_min"": 100.0, ""expected_required_ratio_min"": 1.25, ""final_confidence_min"": 79.86065912496548, ""iv_crush_max"": 28.5, ""market_hostility_max"": 20.28546554398391, ""min_5depth_lots_each_side"": 10.0, ""min_top_book_lots"": 1.0, ""premium_elasticity_min"": 0.7, ""regime_confidence_min"": 60.0, ""spread_pct_max"": 0.6644518272425186, ""trade_quality_min"": 28.91820580475745}",FINNIFTY,NSE_INDEX,FYERS_PAPER_PROXY_RESEARCH,PAPER_OVERRIDE::FYERS_PAPER_PROXY_RESEARCH,paper-strategy-8ade763620b6,opportunity-score-8ade763620b6,universe-a8e55c76a270
202608241335_4_BANKNIFTY_CE,2026-08-24T08:05:50.333447+00:00,BANKNIFTY,2026-08-25,57400.0,CE,176.675,176.4,176.95,25.0,2.0,50.55201995093526,2e840ccd58d1,"{""contract_quality_min"": 0.0, ""direction_min"": 2.295636459102464, ""excellent_score_min"": 50.55201995093526, ""execution_quality_min"": 100.0, ""expected_required_ratio_min"": 1.4166666666666665, ""final_confidence_min"": 81.55652259063278, ""iv_crush_max"": 28.5, ""market_hostility_max"": 20.113834847198277, ""min_5depth_lots_each_side"": 27.0, ""min_top_book_lots"": 3.0, ""premium_elasticity_min"": 0.3, ""regime_confidence_min"": 60.0, ""spread_pct_max"": 0.31130607046836445, ""trade_quality_min"": 32.373923739224715}",BANKNIFTY,NSE_INDEX,FYERS_PAPER_PROXY_RESEARCH,PAPER_OVERRIDE::FYERS_PAPER_PROXY_RESEARCH,paper-strategy-8ade763620b6,opportunity-score-8ade763620b6,universe-a8e55c76a270
202608241335_5_BANKNIFTY_PE,2026-08-24T08:05:50.333930+00:00,BANKNIFTY,2026-08-25,57200.0,PE,117.94999999999999,117.8,118.1,23.59,2.0,50.13880538829682,2e840ccd58d1,"{""contract_quality_min"": 0.0, ""direction_min"": 0.0, ""excellent_score_min"": 50.13880538829682, ""execution_quality_min"": 100.0, ""expected_required_ratio_min"": 1.4166666666666665, ""final_confidence_min"": 80.86783165290204, ""iv_crush_max"": 28.5, ""market_hostility_max"": 20.113834847198277, ""min_5depth_lots_each_side"": 30.0, ""min_top_book_lots"": 1.0, ""premium_elasticity_min"": 0.3, ""regime_confidence_min"": 60.0, ""spread_pct_max"": 0.2543450614667208, ""trade_quality_min"": 32.373923739224715}",BANKNIFTY,NSE_INDEX,FYERS_PAPER_PROXY_RESEARCH,PAPER_OVERRIDE::FYERS_PAPER_PROXY_RESEARCH,paper-strategy-8ade763620b6,opportunity-score-8ade763620b6,universe-a8e55c76a270
202608241337_1_MIDCPNIFTY_PE,2026-08-24T08:07:08.372079+00:00,MIDCPNIFTY,2026-08-25,14875.0,PE,43.1,42.95,43.25,8.620000000000001,2.0,50.72824075126394,712afad509f5,"{""contract_quality_min"": 0.0, ""direction_min"": 3.0921875210067085, ""excellent_score_min"": 50.72824075126394, ""execution_quality_min"": 100.0, ""expected_required_ratio_min"": 1.0833333333333335, ""final_confidence_min"": 79.44350292489868, ""iv_crush_max"": 28.5, ""market_hostility_max"": 19.60835174096398, ""min_5depth_lots_each_side"": 25.0, ""min_top_book_lots"": 4.0, ""premium_elasticity_min"": 0.5, ""regime_confidence_min"": 60.0, ""spread_pct_max"": 0.6960556844547497, ""trade_quality_min"": 24.932249322492243}",MIDCPNIFTY,NSE_INDEX,FYERS_PAPER_PROXY_RESEARCH,PAPER_OVERRIDE::FYERS_PAPER_PROXY_RESEARCH,paper-strategy-8ade763620b6,opportunity-score-8ade763620b6,universe-a8e55c76a270
202608241337_2_MIDCPNIFTY_PE,2026-08-24T08:07:08.372661+00:00,MIDCPNIFTY,2026-08-25,14900.0,PE,55.6,55.45,55.75,11.120000000000001,2.0,50.72824075126394,712afad509f5,"{""contract_quality_min"": 0.0, ""direction_min"": 3.0921875210067085, ""excellent_score_min"": 50.72824075126394, ""execution_quality_min"": 100.0, ""expected_required_ratio_min"": 1.0833333333333335, ""final_confidence_min"": 79.44350292489868, ""iv_crush_max"": 28.5, ""market_hostility_max"": 19.60835174096398, ""min_5depth_lots_each_side"": 13.0, ""min_top_book_lots"": 3.0, ""premium_elasticity_min"": 0.7, ""regime_confidence_min"": 60.0, ""spread_pct_max"": 0.5395683453237359, ""trade_quality_min"": 24.932249322492243}",MIDCPNIFTY,NSE_INDEX,FYERS_PAPER_PROXY_RESEARCH,PAPER_OVERRIDE::FYERS_PAPER_PROXY_RESEARCH,paper-strategy-8ade763620b6,opportunity-score-8ade763620b6,universe-a8e55c76a270
202608241337_3_MIDCPNIFTY_CE,2026-08-24T08:07:08.373097+00:00,MIDCPNIFTY,2026-08-25,14850.0,CE,65.55,65.35,65.75,13.11,2.0,50.171646997482725,712afad509f5,"{""contract_quality_min"": 0.0, ""direction_min"": 0.0, ""excellent_score_min"": 50.171646997482725, ""execution_quality_min"": 100.0, ""expected_required_ratio_min"": 1.0833333333333335, ""final_confidence_min"": 78.51584666859667, ""iv_crush_max"": 28.5, ""market_hostility_max"": 19.60835174096398, ""min_5depth_lots_each_side"": 11.0, ""min_top_book_lots"": 2.0, ""premium_elasticity_min"": 0.7, ""regime_confidence_min"": 60.0, ""spread_pct_max"": 0.6102212051868889, ""trade_quality_min"": 24.932249322492243}",MIDCPNIFTY,NSE_INDEX,FYERS_PAPER_PROXY_RESEARCH,PAPER_OVERRIDE::FYERS_PAPER_PROXY_RESEARCH,paper-strategy-8ade763620b6,opportunity-score-8ade763620b6,universe-a8e55c76a270
202608241337_4_BANKNIFTY_PE,2026-08-24T08:07:08.373587+00:00,BANKNIFTY,2026-08-25,57300.0,PE,162.425,162.25,162.6,25.0,2.0,44.79346197982145,2e840ccd58d1,"{""contract_quality_min"": 0.0, ""direction_min"": 0.2721019614884451, ""excellent_score_min"": 44.79346197982145, ""execution_quality_min"": 100.0, ""expected_required_ratio_min"": 1.4166666666666667, ""final_confidence_min"": 72.52711666408456, ""iv_crush_max"": 28.5, ""market_hostility_max"": 20.435931156112094, ""min_5depth_lots_each_side"": 25.0, ""min_top_book_lots"": 1.0, ""premium_elasticity_min"": 0.5, ""regime_confidence_min"": 60.0, ""spread_pct_max"": 0.21548406957056754, ""trade_quality_min"": 3.2876712328709994}",BANKNIFTY,NSE_INDEX,FYERS_PAPER_PROXY_RESEARCH,PAPER_OVERRIDE::FYERS_PAPER_PROXY_RESEARCH,paper-strategy-8ade763620b6,opportunity-score-8ade763620b6,universe-a8e55c76a270
202608241337_5_BANKNIFTY_CE,2026-08-24T08:07:08.374115+00:00,BANKNIFTY,2026-08-25,57300.0,CE,219.95,219.65,220.25,25.0,2.0,44.74448362675353,2e840ccd58d1,"{""contract_quality_min"": 0.0, ""direction_min"": 0.0, ""excellent_score_min"": 44.74448362675353, ""execution_quality_min"": 100.0, ""expected_required_ratio_min"": 1.4166666666666667, ""final_confidence_min"": 72.44548607563803, ""iv_crush_max"": 28.5, ""market_hostility_max"": 20.435931156112094, ""min_5depth_lots_each_side"": 16.0, ""min_top_book_lots"": 1.0, ""premium_elasticity_min"": 0.5, ""regime_confidence_min"": 60.0, ""spread_pct_max"": 0.2727892702886994, ""trade_quality_min"": 3.2876712328709994}",BANKNIFTY,NSE_INDEX,FYERS_PAPER_PROXY_RESEARCH,PAPER_OVERRIDE::FYERS_PAPER_PROXY_RESEARCH,paper-strategy-8ade763620b6,opportunity-score-8ade763620b6,universe-a8e55c76a270
202608241340_1_BANKNIFTY_CE,2026-08-24T08:10:28.001433+00:00,BANKNIFTY,2026-08-25,57400.0,CE,184.02499999999998,183.85,184.2,25.0,2.0,47.75432797277554,2e840ccd58d1,"{""contract_quality_min"": 0.0, ""direction_min"": 1.3949627893675938, ""excellent_score_min"": 47.75432797277554, ""execution_quality_min"": 100.0, ""expected_required_ratio_min"": 1.4166666666666667, ""final_confidence_min"": 75.77704102857463, ""iv_crush_max"": 28.5, ""market_hostility_max"": 20.837804227846576, ""min_5depth_lots_each_side"": 16.0, ""min_top_book_lots"": 1.0, ""premium_elasticity_min"": 0.5, ""regime_confidence_min"": 60.0, ""spread_pct_max"": 0.19019155006112992, ""trade_quality_min"": 13.559322033898304}",BANKNIFTY,NSE_INDEX,FYERS_PAPER_PROXY_RESEARCH,PAPER_OVERRIDE::FYERS_PAPER_PROXY_RESEARCH,paper-strategy-8ade763620b6,opportunity-score-8ade763620b6,universe-a8e55c76a270
202608241340_2_BANKNIFTY_CE,2026-08-24T08:10:28.003496+00:00,BANKNIFTY,2026-08-25,57300.0,CE,238.625,238.3,238.95,25.0,2.0,47.75432797277554,2e840ccd58d1,"{""contract_quality_min"": 0.0, ""direction_min"": 1.3949627893675938, ""excellent_score_min"": 47.75432797277554, ""execution_quality_min"": 100.0, ""expected_required_ratio_min"": 1.4166666666666667, ""final_confidence_min"": 75.77704102857463, ""iv_crush_max"": 28.5, ""market_hostility_max"": 20.837804227846576, ""min_5depth_lots_each_side"": 17.0, ""min_top_book_lots"": 2.0, ""premium_elasticity_min"": 0.7, ""regime_confidence_min"": 60.0, ""spread_pct_max"": 0.2723939235201581, ""trade_quality_min"": 13.559322033898304}",BANKNIFTY,NSE_INDEX,FYERS_PAPER_PROXY_RESEARCH,PAPER_OVERRIDE::FYERS_PAPER_PROXY_RESEARCH,paper-strategy-8ade763620b6,opportunity-score-8ade763620b6,universe-a8e55c76a270
202608241340_3_BANKNIFTY_PE,2026-08-24T08:10:28.006683+00:00,BANKNIFTY,2026-08-25,57400.0,PE,191.025,190.8,191.25,25.0,2.0,47.50323467068938,2e840ccd58d1,"{""contract_quality_min"": 0.0, ""direction_min"": 0.0, ""excellent_score_min"": 47.50323467068938, ""execution_quality_min"": 100.0, ""expected_required_ratio_min"": 1.4166666666666667, ""final_confidence_min"": 75.35855219176436, ""iv_crush_max"": 28.5, ""market_hostility_max"": 20.837804227846576, ""min_5depth_lots_each_side"": 24.0, ""min_top_book_lots"": 1.0, ""premium_elasticity_min"": 0.5, ""regime_confidence_min"": 60.0, ""spread_pct_max"": 0.23557126030623668, ""trade_quality_min"": 13.559322033898304}",BANKNIFTY,NSE_INDEX,FYERS_PAPER_PROXY_RESEARCH,PAPER_OVERRIDE::FYERS_PAPER_PROXY_RESEARCH,paper-strategy-8ade763620b6,opportunity-score-8ade763620b6,universe-a8e55c76a270
202608241340_4_BANKNIFTY_PE,2026-08-24T08:10:28.008410+00:00,BANKNIFTY,2026-08-25,57500.0,PE,246.325,245.95,246.7,25.0,2.0,47.50323467068938,2e840ccd58d1,"{""contract_quality_min"": 0.0, ""direction_min"": 0.0, ""excellent_score_min"": 47.50323467068938, ""execution_quality_min"": 100.0, ""expected_required_ratio_min"": 1.4166666666666667, ""final_confidence_min"": 75.35855219176436, ""iv_crush_max"": 28.5, ""market_hostility_max"": 20.837804227846576, ""min_5depth_lots_each_side"": 34.0, ""min_top_book_lots"": 3.0, ""premium_elasticity_min"": 0.7, ""regime_confidence_min"": 60.0, ""spread_pct_max"": 0.30447579417436316, ""trade_quality_min"": 13.559322033898304}",BANKNIFTY,NSE_INDEX,FYERS_PAPER_PROXY_RESEARCH,PAPER_OVERRIDE::FYERS_PAPER_PROXY_RESEARCH,paper-strategy-8ade763620b6,opportunity-score-8ade763620b6,universe-a8e55c76a270
202608241340_5_MIDCPNIFTY_CE,2026-08-24T08:10:28.009346+00:00,MIDCPNIFTY,2026-08-25,14875.0,CE,53.325,53.2,53.45,10.665000000000001,2.0,46.05477786258497,712afad509f5,"{""contract_quality_min"": 0.0, ""direction_min"": 1.2908083687407284, ""excellent_score_min"": 46.05477786258497, ""execution_quality_min"": 100.0, ""expected_required_ratio_min"": 1.0833333333333335, ""final_confidence_min"": 74.63239676551524, ""iv_crush_max"": 28.5, ""market_hostility_max"": 20.55225064445773, ""min_5depth_lots_each_side"": 21.0, ""min_top_book_lots"": 1.0, ""premium_elasticity_min"": 0.5, ""regime_confidence_min"": 60.0, ""spread_pct_max"": 0.4688232536333802, ""trade_quality_min"": 9.795918367347092}",MIDCPNIFTY,NSE_INDEX,FYERS_PAPER_PROXY_RESEARCH,PAPER_OVERRIDE::FYERS_PAPER_PROXY_RESEARCH,paper-strategy-8ade763620b6,opportunity-score-8ade763620b6,universe-a8e55c76a270
202608241341_1_BANKNIFTY_CE,2026-08-24T08:11:33.527393+00:00,BANKNIFTY,2026-08-25,57400.0,CE,192.025,191.8,192.25,25.0,2.0,56.64506610123206,2e840ccd58d1,"{""contract_quality_min"": 0.0, ""direction_min"": 4.478314702753402, ""excellent_score_min"": 56.64506610123206, ""execution_quality_min"": 100.0, ""expected_required_ratio_min"": 1.4166666666666667, ""final_confidence_min"": 85.2072802003366, ""iv_crush_max"": 28.5, ""market_hostility_max"": 20.78941314660376, ""min_5depth_lots_each_side"": 34.0, ""min_top_book_lots"": 1.0, ""premium_elasticity_min"": 0.5, ""regime_confidence_min"": 60.0, ""spread_pct_max"": 0.23434448639499472, ""trade_quality_min"": 43.4517766497453}",BANKNIFTY,NSE_INDEX,FYERS_PAPER_PROXY_RESEARCH,PAPER_OVERRIDE::FYERS_PAPER_PROXY_RESEARCH,paper-strategy-8ade763620b6,opportunity-score-8ade763620b6,universe-a8e55c76a270
202608241341_2_BANKNIFTY_CE,2026-08-24T08:11:33.527969+00:00,BANKNIFTY,2026-08-25,57300.0,CE,247.425,247.1,247.75,25.0,2.0,56.64506610123206,2e840ccd58d1,"{""contract_quality_min"": 0.0, ""direction_min"": 4.478314702753402, ""excellent_score_min"": 56.64506610123206, ""execution_quality_min"": 100.0, ""expected_required_ratio_min"": 1.4166666666666667, ""final_confidence_min"": 85.2072802003366, ""iv_crush_max"": 28.5, ""market_hostility_max"": 20.78941314660376, ""min_5depth_lots_each_side"": 6.0, ""min_top_book_lots"": 1.0, ""premium_elasticity_min"": 0.7, ""regime_confidence_min"": 60.0, ""spread_pct_max"": 0.2627058704658, ""trade_quality_min"": 43.4517766497453}",BANKNIFTY,NSE_INDEX,FYERS_PAPER_PROXY_RESEARCH,PAPER_OVERRIDE::FYERS_PAPER_PROXY_RESEARCH,paper-strategy-8ade763620b6,opportunity-score-8ade763620b6,universe-a8e55c76a270
202608241341_3_BANKNIFTY_PE,2026-08-24T08:11:33.528393+00:00,BANKNIFTY,2026-08-25,57400.0,PE,181.27499999999998,181.1,181.45,25.0,2.0,55.83896945473645,2e840ccd58d1,"{""contract_quality_min"": 0.0, ""direction_min"": 0.0, ""excellent_score_min"": 55.83896945473645, ""execution_quality_min"": 100.0, ""expected_required_ratio_min"": 1.4166666666666667, ""final_confidence_min"": 83.86378578951057, ""iv_crush_max"": 28.5, ""market_hostility_max"": 20.78941314660376, ""min_5depth_lots_each_side"": 28.0, ""min_top_book_lots"": 1.0, ""premium_elasticity_min"": 0.5, ""regime_confidence_min"": 60.0, ""spread_pct_max"": 0.1930768169907568, ""trade_quality_min"": 43.4517766497453}",BANKNIFTY,NSE_INDEX,FYERS_PAPER_PROXY_RESEARCH,PAPER_OVERRIDE::FYERS_PAPER_PROXY_RESEARCH,paper-strategy-8ade763620b6,opportunity-score-8ade763620b6,universe-a8e55c76a270
202608241341_4_BANKNIFTY_PE,2026-08-24T08:11:33.528965+00:00,BANKNIFTY,2026-08-25,57500.0,PE,234.575,234.25,234.9,25.0,2.0,55.83896945473645,2e840ccd58d1,"{""contract_quality_min"": 0.0, ""direction_min"": 0.0, ""excellent_score_min"": 55.83896945473645, ""execution_quality_min"": 100.0, ""expected_required_ratio_min"": 1.4166666666666667, ""final_confidence_min"": 83.86378578951057, ""iv_crush_max"": 28.5, ""market_hostility_max"": 20.78941314660376, ""min_5depth_lots_each_side"": 21.0, ""min_top_book_lots"": 1.0, ""premium_elasticity_min"": 0.7, ""regime_confidence_min"": 60.0, ""spread_pct_max"": 0.27709687733134636, ""trade_quality_min"": 43.4517766497453}",BANKNIFTY,NSE_INDEX,FYERS_PAPER_PROXY_RESEARCH,PAPER_OVERRIDE::FYERS_PAPER_PROXY_RESEARCH,paper-strategy-8ade763620b6,opportunity-score-8ade763620b6,universe-a8e55c76a270
202608241341_5_FINNIFTY_CE,2026-08-24T08:11:33.529475+00:00,FINNIFTY,2026-08-25,26200.0,CE,67.45,67.2,67.7,13.490000000000002,2.0,54.21212113420467,e172b0fef65b,"{""contract_quality_min"": 0.0, ""direction_min"": 3.4766959901208367, ""excellent_score_min"": 54.21212113420467, ""execution_quality_min"": 100.0, ""expected_required_ratio_min"": 1.25, ""final_confidence_min"": 85.60753931123263, ""iv_crush_max"": 28.5, ""market_hostility_max"": 20.715331824128523, ""min_5depth_lots_each_side"": 11.0, ""min_top_book_lots"": 1.0, ""premium_elasticity_min"": 0.3, ""regime_confidence_min"": 60.0, ""spread_pct_max"": 0.7412898443291327, ""trade_quality_min"": 45.28678304238164}",FINNIFTY,NSE_INDEX,FYERS_PAPER_PROXY_RESEARCH,PAPER_OVERRIDE::FYERS_PAPER_PROXY_RESEARCH,paper-strategy-8ade763620b6,opportunity-score-8ade763620b6,universe-a8e55c76a270
202608241342_1_NIFTY_CE,2026-08-24T08:12:42.074309+00:00,NIFTY,2026-08-25,24150.0,CE,84.225,84.1,84.35,16.845,2.0,59.528421871293844,00929e22c867,"{""contract_quality_min"": 0.0, ""direction_min"": 2.1518680904860537, ""excellent_score_min"": 59.528421871293844, ""execution_quality_min"": 100.0, ""expected_required_ratio_min"": 1.3333333333333335, ""final_confidence_min"": 86.0045983953911, ""iv_crush_max"": 28.5, ""market_hostility_max"": 19.131672941403288, ""min_5depth_lots_each_side"": 167.0, ""min_top_book_lots"": 19.0, ""premium_elasticity_min"": 0.5, ""regime_confidence_min"": 60.0, ""spread_pct_max"": 0.2968239833778569, ""trade_quality_min"": 47.27272727272728}",NIFTY,NSE_INDEX,FYERS_PAPER_PROXY_RESEARCH,PAPER_OVERRIDE::FYERS_PAPER_PROXY_RESEARCH,paper-strategy-8ade763620b6,opportunity-score-8ade763620b6,universe-a8e55c76a270
202608241342_2_NIFTY_CE,2026-08-24T08:12:42.075133+00:00,NIFTY,2026-08-25,24100.0,CE,119.5,119.35,119.65,23.900000000000002,2.0,59.528421871293844,00929e22c867,"{""contract_quality_min"": 0.0, ""direction_min"": 2.1518680904860537, ""excellent_score_min"": 59.528421871293844, ""execution_quality_min"": 100.0, ""expected_required_ratio_min"": 1.3333333333333335, ""final_confidence_min"": 86.0045983953911, ""iv_crush_max"": 28.5, ""market_hostility_max"": 19.131672941403288, ""min_5depth_lots_each_side"": 81.0, ""min_top_book_lots"": 3.0, ""premium_elasticity_min"": 0.7, ""regime_confidence_min"": 60.0, ""spread_pct_max"": 0.251046025104612, ""trade_quality_min"": 47.27272727272728}",NIFTY,NSE_INDEX,FYERS_PAPER_PROXY_RESEARCH,PAPER_OVERRIDE::FYERS_PAPER_PROXY_RESEARCH,paper-strategy-8ade763620b6,opportunity-score-8ade763620b6,universe-a8e55c76a270
202608241342_3_BANKNIFTY_CE,2026-08-24T08:12:42.075959+00:00,BANKNIFTY,2026-08-25,57400.0,CE,189.45,189.25,189.65,25.0,2.0,57.34703324939129,2e840ccd58d1,"{""contract_quality_min"": 0.0, ""direction_min"": 4.694929842017209, ""excellent_score_min"": 57.34703324939129, ""execution_quality_min"": 100.0, ""expected_required_ratio_min"": 1.4166666666666667, ""final_confidence_min"": 85.97406044816984, ""iv_crush_max"": 28.5, ""market_hostility_max"": 20.865852326470673, ""min_5depth_lots_each_side"": 11.0, ""min_top_book_lots"": 2.0, ""premium_elasticity_min"": 0.5, ""regime_confidence_min"": 60.0, ""spread_pct_max"": 0.2111375032990265, ""trade_quality_min"": 45.89940323955754}",BANKNIFTY,NSE_INDEX,FYERS_PAPER_PROXY_RESEARCH,PAPER_OVERRIDE::FYERS_PAPER_PROXY_RESEARCH,paper-strategy-8ade763620b6,opportunity-score-8ade763620b6,universe-a8e55c76a270
202608241342_4_BANKNIFTY_CE,2026-08-24T08:12:42.076907+00:00,BANKNIFTY,2026-08-25,57300.0,CE,244.7,244.4,245.0,25.0,2.0,57.34703324939129,2e840ccd58d1,"{""contract_quality_min"": 0.0, ""direction_min"": 4.694929842017209, ""excellent_score_min"": 57.34703324939129, ""execution_quality_min"": 100.0, ""expected_required_ratio_min"": 1.4166666666666667, ""final_confidence_min"": 85.97406044816984, ""iv_crush_max"": 28.5, ""market_hostility_max"": 20.865852326470673, ""min_5depth_lots_each_side"": 11.0, ""min_top_book_lots"": 1.0, ""premium_elasticity_min"": 0.7, ""regime_confidence_min"": 60.0, ""spread_pct_max"": 0.24519820187985059, ""trade_quality_min"": 45.89940323955754}",BANKNIFTY,NSE_INDEX,FYERS_PAPER_PROXY_RESEARCH,PAPER_OVERRIDE::FYERS_PAPER_PROXY_RESEARCH,paper-strategy-8ade763620b6,opportunity-score-8ade763620b6,universe-a8e55c76a270
202608241342_5_BANKNIFTY_PE,2026-08-24T08:12:42.077841+00:00,BANKNIFTY,2026-08-25,57400.0,PE,186.625,186.4,186.85,25.0,2.0,56.50194587782819,2e840ccd58d1,"{""contract_quality_min"": 0.0, ""direction_min"": 0.0, ""excellent_score_min"": 56.50194587782819, ""execution_quality_min"": 100.0, ""expected_required_ratio_min"": 1.4166666666666667, ""final_confidence_min"": 84.56558149556469, ""iv_crush_max"": 28.5, ""market_hostility_max"": 20.865852326470673, ""min_5depth_lots_each_side"": 11.0, ""min_top_book_lots"": 1.0, ""premium_elasticity_min"": 0.5, ""regime_confidence_min"": 60.0, ""spread_pct_max"": 0.24112525117213054, ""trade_quality_min"": 45.89940323955754}",BANKNIFTY,NSE_INDEX,FYERS_PAPER_PROXY_RESEARCH,PAPER_OVERRIDE::FYERS_PAPER_PROXY_RESEARCH,paper-strategy-8ade763620b6,opportunity-score-8ade763620b6,universe-a8e55c76a270
202608241344_1_NIFTY_CE,2026-08-24T08:14:13.342320+00:00,NIFTY,2026-08-25,24100.0,CE,117.15,117.0,117.3,23.430000000000003,2.0,50.80134366103974,00929e22c867,"{""contract_quality_min"": 0.0, ""direction_min"": 0.976610994322655, ""excellent_score_min"": 50.80134366103974, ""execution_quality_min"": 100.0, ""expected_required_ratio_min"": 1.3333333333333335, ""final_confidence_min"": 76.68563755662322, ""iv_crush_max"": 28.5, ""market_hostility_max"": 19.259031304845184, ""min_5depth_lots_each_side"": 113.0, ""min_top_book_lots"": 5.0, ""premium_elasticity_min"": 0.7, ""regime_confidence_min"": 60.0, ""spread_pct_max"": 0.25608194622278885, ""trade_quality_min"": 16.797153024916046}",NIFTY,NSE_INDEX,FYERS_PAPER_PROXY_RESEARCH,PAPER_OVERRIDE::FYERS_PAPER_PROXY_RESEARCH,paper-strategy-8ade763620b6,opportunity-score-8ade763620b6,universe-a8e55c76a270
202608241344_2_BANKNIFTY_CE,2026-08-24T08:14:13.343502+00:00,BANKNIFTY,2026-08-25,57400.0,CE,178.45,178.15,178.75,25.0,2.0,50.79975855587901,2e840ccd58d1,"{""contract_quality_min"": 0.0, ""direction_min"": 2.720514246949449, ""excellent_score_min"": 50.79975855587901, ""execution_quality_min"": 100.0, ""expected_required_ratio_min"": 1.4166666666666667, ""final_confidence_min"": 79.05311530498135, ""iv_crush_max"": 28.5, ""market_hostility_max"": 21.019314339775978, ""min_5depth_lots_each_side"": 14.0, ""min_top_book_lots"": 2.0, ""premium_elasticity_min"": 0.5, ""regime_confidence_min"": 60.0, ""spread_pct_max"": 0.3362286354721179, ""trade_quality_min"": 23.81679389312977}",BANKNIFTY,NSE_INDEX,FYERS_PAPER_PROXY_RESEARCH,PAPER_OVERRIDE::FYERS_PAPER_PROXY_RESEARCH,paper-strategy-8ade763620b6,opportunity-score-8ade763620b6,universe-a8e55c76a270
202608241344_3_BANKNIFTY_CE,2026-08-24T08:14:13.344000+00:00,BANKNIFTY,2026-08-25,57300.0,CE,233.025,232.75,233.3,25.0,2.0,50.79975855587901,2e840ccd58d1,"{""contract_quality_min"": 0.0, ""direction_min"": 2.720514246949449, ""excellent_score_min"": 50.79975855587901, ""execution_quality_min"": 100.0, ""expected_required_ratio_min"": 1.4166666666666667, ""final_confidence_min"": 79.05311530498135, ""iv_crush_max"": 28.5, ""market_hostility_max"": 21.019314339775978, ""min_5depth_lots_each_side"": 22.0, ""min_top_book_lots"": 1.0, ""premium_elasticity_min"": 0.7, ""regime_confidence_min"": 60.0, ""spread_pct_max"": 0.23602617744877646, ""trade_quality_min"": 23.81679389312977}",BANKNIFTY,NSE_INDEX,FYERS_PAPER_PROXY_RESEARCH,PAPER_OVERRIDE::FYERS_PAPER_PROXY_RESEARCH,paper-strategy-8ade763620b6,opportunity-score-8ade763620b6,universe-a8e55c76a270
202608241344_4_BANKNIFTY_PE,2026-08-24T08:14:13.344508+00:00,BANKNIFTY,2026-08-25,57400.0,PE,195.5,195.2,195.8,25.0,2.0,50.310065991428104,2e840ccd58d1,"{""contract_quality_min"": 0.0, ""direction_min"": 0.0, ""excellent_score_min"": 50.310065991428104, ""execution_quality_min"": 100.0, ""expected_required_ratio_min"": 1.4166666666666667, ""final_confidence_min"": 78.23696103089652, ""iv_crush_max"": 28.5, ""market_hostility_max"": 21.019314339775978, ""min_5depth_lots_each_side"": 19.0, ""min_top_book_lots"": 1.0, ""premium_elasticity_min"": 0.5, ""regime_confidence_min"": 60.0, ""spread_pct_max"": 0.30690537084400143, ""trade_quality_min"": 23.81679389312977}",BANKNIFTY,NSE_INDEX,FYERS_PAPER_PROXY_RESEARCH,PAPER_OVERRIDE::FYERS_PAPER_PROXY_RESEARCH,paper-strategy-8ade763620b6,opportunity-score-8ade763620b6,universe-a8e55c76a270
202608241344_5_MIDCPNIFTY_CE,2026-08-24T08:14:13.344961+00:00,MIDCPNIFTY,2026-08-25,14850.0,CE,67.3,67.05,67.55,13.46,2.0,49.400904804186844,712afad509f5,"{""contract_quality_min"": 0.0, ""direction_min"": 2.1787005127339114, ""excellent_score_min"": 49.400904804186844, ""execution_quality_min"": 100.0, ""expected_required_ratio_min"": 1.0833333333333335, ""final_confidence_min"": 78.15905263391281, ""iv_crush_max"": 28.5, ""market_hostility_max"": 20.42271400113384, ""min_5depth_lots_each_side"": 13.0, ""min_top_book_lots"": 1.0, ""premium_elasticity_min"": 0.7, ""regime_confidence_min"": 60.0, ""spread_pct_max"": 0.7429420505200595, ""trade_quality_min"": 21.107491856675736}",MIDCPNIFTY,NSE_INDEX,FYERS_PAPER_PROXY_RESEARCH,PAPER_OVERRIDE::FYERS_PAPER_PROXY_RESEARCH,paper-strategy-8ade763620b6,opportunity-score-8ade763620b6,universe-a8e55c76a270
202608241345_1_BANKNIFTY_CE,2026-08-24T08:15:29.507431+00:00,BANKNIFTY,2026-08-25,57400.0,CE,178.05,177.8,178.3,25.0,2.0,50.28269229259888,2e840ccd58d1,"{""contract_quality_min"": 0.0, ""direction_min"": 2.553496537342969, ""excellent_score_min"": 50.28269229259888, ""execution_quality_min"": 100.0, ""expected_required_ratio_min"": 1.4166666666666667, ""final_confidence_min"": 78.46773212677635, ""iv_crush_max"": 28.5, ""market_hostility_max"": 20.885447089970526, ""min_5depth_lots_each_side"": 23.0, ""min_top_book_lots"": 2.0, ""premium_elasticity_min"": 0.5, ""regime_confidence_min"": 60.0, ""spread_pct_max"": 0.2808199943836001, ""trade_quality_min"": 21.9490254872497}",BANKNIFTY,NSE_INDEX,FYERS_PAPER_PROXY_RESEARCH,PAPER_OVERRIDE::FYERS_PAPER_PROXY_RESEARCH,paper-strategy-8ade763620b6,opportunity-score-8ade763620b6,universe-a8e55c76a270
202608241345_2_BANKNIFTY_CE,2026-08-24T08:15:29.507996+00:00,BANKNIFTY,2026-08-25,57300.0,CE,232.22500000000002,231.9,232.55,25.0,2.0,50.28269229259888,2e840ccd58d1,"{""contract_quality_min"": 0.0, ""direction_min"": 2.553496537342969, ""excellent_score_min"": 50.28269229259888, ""execution_quality_min"": 100.0, ""expected_required_ratio_min"": 1.4166666666666667, ""final_confidence_min"": 78.46773212677635, ""iv_crush_max"": 28.5, ""market_hostility_max"": 20.885447089970526, ""min_5depth_lots_each_side"": 10.0, ""min_top_book_lots"": 1.0, ""premium_elasticity_min"": 0.7, ""regime_confidence_min"": 60.0, ""spread_pct_max"": 0.2799009581225129, ""trade_quality_min"": 21.9490254872497}",BANKNIFTY,NSE_INDEX,FYERS_PAPER_PROXY_RESEARCH,PAPER_OVERRIDE::FYERS_PAPER_PROXY_RESEARCH,paper-strategy-8ade763620b6,opportunity-score-8ade763620b6,universe-a8e55c76a270
202608241345_3_BANKNIFTY_PE,2026-08-24T08:15:29.508457+00:00,BANKNIFTY,2026-08-25,57400.0,PE,197.025,196.75,197.3,25.0,2.0,49.823062915877145,2e840ccd58d1,"{""contract_quality_min"": 0.0, ""direction_min"": 0.0, ""excellent_score_min"": 49.823062915877145, ""execution_quality_min"": 100.0, ""expected_required_ratio_min"": 1.4166666666666667, ""final_confidence_min"": 77.70168316557346, ""iv_crush_max"": 28.5, ""market_hostility_max"": 20.885447089970526, ""min_5depth_lots_each_side"": 27.0, ""min_top_book_lots"": 1.0, ""premium_elasticity_min"": 0.5, ""regime_confidence_min"": 60.0, ""spread_pct_max"": 0.2791523918284539, ""trade_quality_min"": 21.9490254872497}",BANKNIFTY,NSE_INDEX,FYERS_PAPER_PROXY_RESEARCH,PAPER_OVERRIDE::FYERS_PAPER_PROXY_RESEARCH,paper-strategy-8ade763620b6,opportunity-score-8ade763620b6,universe-a8e55c76a270
202608241345_4_BANKNIFTY_CE,2026-08-24T08:15:29.508967+00:00,BANKNIFTY,2026-08-25,57500.0,CE,134.1,133.95,134.25,25.0,2.0,47.482692292598884,2e840ccd58d1,"{""contract_quality_min"": 0.0, ""direction_min"": 2.553496537342969, ""excellent_score_min"": 47.482692292598884, ""execution_quality_min"": 100.0, ""expected_required_ratio_min"": 1.4166666666666667, ""final_confidence_min"": 78.46773212677635, ""iv_crush_max"": 28.5, ""market_hostility_max"": 20.885447089970526, ""min_5depth_lots_each_side"": 28.0, ""min_top_book_lots"": 1.0, ""premium_elasticity_min"": 0.3, ""regime_confidence_min"": 60.0, ""spread_pct_max"": 0.22371364653244696, ""trade_quality_min"": 21.9490254872497}",BANKNIFTY,NSE_INDEX,FYERS_PAPER_PROXY_RESEARCH,PAPER_OVERRIDE::FYERS_PAPER_PROXY_RESEARCH,paper-strategy-8ade763620b6,opportunity-score-8ade763620b6,universe-a8e55c76a270
202608241345_5_MIDCPNIFTY_CE,2026-08-24T08:15:29.509601+00:00,MIDCPNIFTY,2026-08-25,14875.0,CE,51.8,51.65,51.95,10.36,2.0,47.20110566755024,712afad509f5,"{""contract_quality_min"": 0.0, ""direction_min"": 1.3986202073725382, ""excellent_score_min"": 47.20110566755024, ""execution_quality_min"": 100.0, ""expected_required_ratio_min"": 1.0833333333333333, ""final_confidence_min"": 75.70979303110634, ""iv_crush_max"": 28.5, ""market_hostility_max"": 19.880918365631945, ""min_5depth_lots_each_side"": 25.0, ""min_top_book_lots"": 1.0, ""premium_elasticity_min"": 0.5, ""regime_confidence_min"": 60.0, ""spread_pct_max"": 0.5791505791505874, ""trade_quality_min"": 13.33333333333489}",MIDCPNIFTY,NSE_INDEX,FYERS_PAPER_PROXY_RESEARCH,PAPER_OVERRIDE::FYERS_PAPER_PROXY_RESEARCH,paper-strategy-8ade763620b6,opportunity-score-8ade763620b6,universe-a8e55c76a270
202608241348_1_MIDCPNIFTY_PE,2026-08-24T08:18:08.164432+00:00,MIDCPNIFTY,2026-08-25,14875.0,PE,42.2,42.05,42.35,8.440000000000001,2.0,56.0675805517891,712afad509f5,"{""contract_quality_min"": 0.0, ""direction_min"": 4.677639405078954, ""excellent_score_min"": 56.0675805517891, ""execution_quality_min"": 100.0, ""expected_required_ratio_min"": 1.0833333333333333, ""final_confidence_min"": 85.1705900101388, ""iv_crush_max"": 28.5, ""market_hostility_max"": 20.182311104536353, ""min_5depth_lots_each_side"": 17.0, ""min_top_book_lots"": 3.0, ""premium_elasticity_min"": 0.5, ""regime_confidence_min"": 60.0, ""spread_pct_max"": 0.7109004739336593, ""trade_quality_min"": 43.22981366458987}",MIDCPNIFTY,NSE_INDEX,FYERS_PAPER_PROXY_RESEARCH,PAPER_OVERRIDE::FYERS_PAPER_PROXY_RESEARCH,paper-strategy-8ade763620b6,opportunity-score-8ade763620b6,universe-a8e55c76a270
202608241348_2_MIDCPNIFTY_PE,2026-08-24T08:18:08.164994+00:00,MIDCPNIFTY,2026-08-25,14900.0,PE,54.9,54.75,55.05,10.98,2.0,56.0675805517891,712afad509f5,"{""contract_quality_min"": 0.0, ""direction_min"": 4.677639405078954, ""excellent_score_min"": 56.0675805517891, ""execution_quality_min"": 100.0, ""expected_required_ratio_min"": 1.0833333333333333, ""final_confidence_min"": 85.1705900101388, ""iv_crush_max"": 28.5, ""market_hostility_max"": 20.182311104536353, ""min_5depth_lots_each_side"": 16.0, ""min_top_book_lots"": 2.0, ""premium_elasticity_min"": 0.7, ""regime_confidence_min"": 60.0, ""spread_pct_max"": 0.5464480874316888, ""trade_quality_min"": 43.22981366458987}",MIDCPNIFTY,NSE_INDEX,FYERS_PAPER_PROXY_RESEARCH,PAPER_OVERRIDE::FYERS_PAPER_PROXY_RESEARCH,paper-strategy-8ade763620b6,opportunity-score-8ade763620b6,universe-a8e55c76a270
202608241348_3_MIDCPNIFTY_CE,2026-08-24T08:18:08.165510+00:00,MIDCPNIFTY,2026-08-25,14850.0,CE,65.9,65.65,66.15,13.180000000000001,2.0,55.225605458874895,712afad509f5,"{""contract_quality_min"": 0.0, ""direction_min"": 0.0, ""excellent_score_min"": 55.225605458874895, ""execution_quality_min"": 100.0, ""expected_required_ratio_min"": 1.0833333333333333, ""final_confidence_min"": 83.76729818861511, ""iv_crush_max"": 28.5, ""market_hostility_max"": 20.182311104536353, ""min_5depth_lots_each_side"": 12.0, ""min_top_book_lots"": 3.0, ""premium_elasticity_min"": 0.7, ""regime_confidence_min"": 60.0, ""spread_pct_max"": 0.7587253414264036, ""trade_quality_min"": 43.22981366458987}",MIDCPNIFTY,NSE_INDEX,FYERS_PAPER_PROXY_RESEARCH,PAPER_OVERRIDE::FYERS_PAPER_PROXY_RESEARCH,paper-strategy-8ade763620b6,opportunity-score-8ade763620b6,universe-a8e55c76a270
202608241348_4_M&M_PE,2026-08-24T08:18:08.166057+00:00,M&M,2026-08-25,3450.0,PE,45.8,45.45,46.15,9.16,2.0,17.405039477676574,0fdd6afea273,"{""contract_quality_min"": 0.0, ""direction_min"": 2.340481554079752, ""excellent_score_min"": 17.405039477676574, ""execution_quality_min"": 68.01310043668188, ""expected_required_ratio_min"": 1.1666666666666667, ""final_confidence_min"": 61.81815318709248, ""iv_crush_max"": 28.5, ""market_hostility_max"": 26.159560250894973, ""min_5depth_lots_each_side"": 5.0, ""min_top_book_lots"": 1.0, ""premium_elasticity_min"": 0.7, ""regime_confidence_min"": 60.0, ""spread_pct_max"": 1.5283842794759732, ""trade_quality_min"": 7.692307692307288}",M&M,NSE_STOCK_OPTION,FYERS_PAPER_PROXY_RESEARCH,PAPER_OVERRIDE::FYERS_PAPER_PROXY_RESEARCH,paper-strategy-8ade763620b6,opportunity-score-8ade763620b6,universe-a8e55c76a270
202608241348_5_MARUTI_PE,2026-08-24T08:18:08.166790+00:00,MARUTI,2026-08-25,13400.0,PE,28.375,28.15,28.6,5.675000000000001,2.0,15.453700665408697,5b77f4aaaf9e,"{""contract_quality_min"": 0.0, ""direction_min"": 0.0, ""excellent_score_min"": 15.453700665408697, ""execution_quality_min"": 63.98678414096845, ""expected_required_ratio_min"": 1.1666666666666665, ""final_confidence_min"": 62.47070077468672, ""iv_crush_max"": 28.5, ""market_hostility_max"": 27.513548132820965, ""min_5depth_lots_each_side"": 7.0, ""min_top_book_lots"": 2.0, ""premium_elasticity_min"": 0.3, ""regime_confidence_min"": 60.0, ""spread_pct_max"": 1.5859030837004506, ""trade_quality_min"": 16.0}",MARUTI,NSE_STOCK_OPTION,FYERS_PAPER_PROXY_RESEARCH,PAPER_OVERRIDE::FYERS_PAPER_PROXY_RESEARCH,paper-strategy-8ade763620b6,opportunity-score-8ade763620b6,universe-a8e55c76a270
202608241349_1_NIFTY_CE,2026-08-24T08:19:26.401588+00:00,NIFTY,2026-08-25,24100.0,CE,116.1,115.95,116.25,23.22,2.0,55.43705837134589,00929e22c867,"{""contract_quality_min"": 0.0, ""direction_min"": 0.0, ""excellent_score_min"": 55.43705837134589, ""execution_quality_min"": 100.0, ""expected_required_ratio_min"": 1.3333333333333333, ""final_confidence_min"": 81.42595684780872, ""iv_crush_max"": 28.5, ""market_hostility_max"": 18.818399775972537, ""min_5depth_lots_each_side"": 119.0, ""min_top_book_lots"": 14.0, ""premium_elasticity_min"": 0.7, ""regime_confidence_min"": 60.0, ""spread_pct_max"": 0.25839793281653506, ""trade_quality_min"": 34.02985074626007}",NIFTY,NSE_INDEX,FYERS_PAPER_PROXY_RESEARCH,PAPER_OVERRIDE::FYERS_PAPER_PROXY_RESEARCH,paper-strategy-8ade763620b6,opportunity-score-8ade763620b6,universe-a8e55c76a270
202608241349_2_MIDCPNIFTY_CE,2026-08-24T08:19:26.402143+00:00,MIDCPNIFTY,2026-08-25,14875.0,CE,51.325,51.2,51.45,10.265,2.0,54.94214475028101,712afad509f5,"{""contract_quality_min"": 0.0, ""direction_min"": 0.0, ""excellent_score_min"": 54.94214475028101, ""execution_quality_min"": 100.0, ""expected_required_ratio_min"": 1.0833333333333333, ""final_confidence_min"": 83.51547627977003, ""iv_crush_max"": 28.5, ""market_hostility_max"": 19.940745797059733, ""min_5depth_lots_each_side"": 18.0, ""min_top_book_lots"": 1.0, ""premium_elasticity_min"": 0.5, ""regime_confidence_min"": 60.0, ""spread_pct_max"": 0.4870920603994155, ""trade_quality_min"": 42.01438848921601}",MIDCPNIFTY,NSE_INDEX,FYERS_PAPER_PROXY_RESEARCH,PAPER_OVERRIDE::FYERS_PAPER_PROXY_RESEARCH,paper-strategy-8ade763620b6,opportunity-score-8ade763620b6,universe-a8e55c76a270
202608241349_3_MIDCPNIFTY_CE,2026-08-24T08:19:26.402699+00:00,MIDCPNIFTY,2026-08-25,14850.0,CE,66.15,65.9,66.4,13.230000000000002,2.0,54.94214475028101,712afad509f5,"{""contract_quality_min"": 0.0, ""direction_min"": 0.0, ""excellent_score_min"": 54.94214475028101, ""execution_quality_min"": 100.0, ""expected_required_ratio_min"": 1.0833333333333333, ""final_confidence_min"": 83.51547627977003, ""iv_crush_max"": 28.5, ""market_hostility_max"": 19.940745797059733, ""min_5depth_lots_each_side"": 11.0, ""min_top_book_lots"": 1.0, ""premium_elasticity_min"": 0.7, ""regime_confidence_min"": 60.0, ""spread_pct_max"": 0.7558578987150415, ""trade_quality_min"": 42.01438848921601}",MIDCPNIFTY,NSE_INDEX,FYERS_PAPER_PROXY_RESEARCH,PAPER_OVERRIDE::FYERS_PAPER_PROXY_RESEARCH,paper-strategy-8ade763620b6,opportunity-score-8ade763620b6,universe-a8e55c76a270
202608241349_4_BANKNIFTY_PE,2026-08-24T08:19:26.403186+00:00,BANKNIFTY,2026-08-25,57300.0,PE,157.525,157.25,157.8,25.0,2.0,51.67679040133113,2e840ccd58d1,"{""contract_quality_min"": 0.0, ""direction_min"": 3.4793401107248867, ""excellent_score_min"": 51.67679040133113, ""execution_quality_min"": 100.0, ""expected_required_ratio_min"": 1.4166666666666667, ""final_confidence_min"": 79.9793760996643, ""iv_crush_max"": 28.5, ""market_hostility_max"": 21.045109844494622, ""min_5depth_lots_each_side"": 27.0, ""min_top_book_lots"": 1.0, ""premium_elasticity_min"": 0.5, ""regime_confidence_min"": 60.0, ""spread_pct_max"": 0.34915092842406686, ""trade_quality_min"": 26.524916943518505}",BANKNIFTY,NSE_INDEX,FYERS_PAPER_PROXY_RESEARCH,PAPER_OVERRIDE::FYERS_PAPER_PROXY_RESEARCH,paper-strategy-8ade763620b6,opportunity-score-8ade763620b6,universe-a8e55c76a270
202608241349_5_BANKNIFTY_PE,2026-08-24T08:19:26.403675+00:00,BANKNIFTY,2026-08-25,57400.0,PE,206.55,206.35,206.75,25.0,2.0,51.67679040133113,2e840ccd58d1,"{""contract_quality_min"": 0.0, ""direction_min"": 3.4793401107248867, ""excellent_score_min"": 51.67679040133113, ""execution_quality_min"": 100.0, ""expected_required_ratio_min"": 1.4166666666666667, ""final_confidence_min"": 79.9793760996643, ""iv_crush_max"": 28.5, ""market_hostility_max"": 21.045109844494622, ""min_5depth_lots_each_side"": 23.0, ""min_top_book_lots"": 2.0, ""premium_elasticity_min"": 0.7, ""regime_confidence_min"": 60.0, ""spread_pct_max"": 0.19365770999758203, ""trade_quality_min"": 26.524916943518505}",BANKNIFTY,NSE_INDEX,FYERS_PAPER_PROXY_RESEARCH,PAPER_OVERRIDE::FYERS_PAPER_PROXY_RESEARCH,paper-strategy-8ade763620b6,opportunity-score-8ade763620b6,universe-a8e55c76a270
202608241350_1_BANKNIFTY_PE,2026-08-24T08:20:41.413027+00:00,BANKNIFTY,2026-08-25,57300.0,PE,155.22500000000002,155.05,155.4,25.0,2.0,56.85461388011888,2e840ccd58d1,"{""contract_quality_min"": 0.0, ""direction_min"": 4.963778188133613, ""excellent_score_min"": 56.85461388011888, ""execution_quality_min"": 100.0, ""expected_required_ratio_min"": 1.4166666666666667, ""final_confidence_min"": 85.47057292017026, ""iv_crush_max"": 28.5, ""market_hostility_max"": 20.98272786697348, ""min_5depth_lots_each_side"": 24.0, ""min_top_book_lots"": 3.0, ""premium_elasticity_min"": 0.5, ""regime_confidence_min"": 60.0, ""spread_pct_max"": 0.22547914317925222, ""trade_quality_min"": 44.08668730650075}",BANKNIFTY,NSE_INDEX,FYERS_PAPER_PROXY_RESEARCH,PAPER_OVERRIDE::FYERS_PAPER_PROXY_RESEARCH,paper-strategy-8ade763620b6,opportunity-score-8ade763620b6,universe-a8e55c76a270
202608241350_2_BANKNIFTY_PE,2026-08-24T08:20:41.413545+00:00,BANKNIFTY,2026-08-25,57400.0,PE,203.55,203.25,203.85,25.0,2.0,56.85461388011888,2e840ccd58d1,"{""contract_quality_min"": 0.0, ""direction_min"": 4.963778188133613, ""excellent_score_min"": 56.85461388011888, ""execution_quality_min"": 100.0, ""expected_required_ratio_min"": 1.4166666666666667, ""final_confidence_min"": 85.47057292017026, ""iv_crush_max"": 28.5, ""market_hostility_max"": 20.98272786697348, ""min_5depth_lots_each_side"": 15.0, ""min_top_book_lots"": 1.0, ""premium_elasticity_min"": 0.7, ""regime_confidence_min"": 60.0, ""spread_pct_max"": 0.29476787030213425, ""trade_quality_min"": 44.08668730650075}",BANKNIFTY,NSE_INDEX,FYERS_PAPER_PROXY_RESEARCH,PAPER_OVERRIDE::FYERS_PAPER_PROXY_RESEARCH,paper-strategy-8ade763620b6,opportunity-score-8ade763620b6,universe-a8e55c76a270
202608241350_3_BANKNIFTY_CE,2026-08-24T08:20:41.414045+00:00,BANKNIFTY,2026-08-25,57300.0,CE,224.825,224.45,225.2,25.0,2.0,55.961133806254836,2e840ccd58d1,"{""contract_quality_min"": 0.0, ""direction_min"": 0.0, ""excellent_score_min"": 55.961133806254836, ""execution_quality_min"": 100.0, ""expected_required_ratio_min"": 1.4166666666666667, ""final_confidence_min"": 83.98143946373018, ""iv_crush_max"": 28.5, ""market_hostility_max"": 20.98272786697348, ""min_5depth_lots_each_side"": 19.0, ""min_top_book_lots"": 2.0, ""premium_elasticity_min"": 0.5, ""regime_confidence_min"": 60.0, ""spread_pct_max"": 0.33359279439564105, ""trade_quality_min"": 44.08668730650075}",BANKNIFTY,NSE_INDEX,FYERS_PAPER_PROXY_RESEARCH,PAPER_OVERRIDE::FYERS_PAPER_PROXY_RESEARCH,paper-strategy-8ade763620b6,opportunity-score-8ade763620b6,universe-a8e55c76a270
202608241350_4_MIDCPNIFTY_PE,2026-08-24T08:20:41.414577+00:00,MIDCPNIFTY,2026-08-25,14900.0,PE,53.9,53.75,54.05,10.780000000000001,2.0,53.3407127127409,712afad509f5,"{""contract_quality_min"": 0.0, ""direction_min"": 3.2262617708144297, ""excellent_score_min"": 53.3407127127409, ""execution_quality_min"": 100.0, ""expected_required_ratio_min"": 1.0833333333333333, ""final_confidence_min"": 82.26965355133645, ""iv_crush_max"": 28.5, ""market_hostility_max"": 20.11448191777393, ""min_5depth_lots_each_side"": 11.0, ""min_top_book_lots"": 1.0, ""premium_elasticity_min"": 0.7, ""regime_confidence_min"": 60.0, ""spread_pct_max"": 0.55658627087198, ""trade_quality_min"": 34.285714285714285}",MIDCPNIFTY,NSE_INDEX,FYERS_PAPER_PROXY_RESEARCH,PAPER_OVERRIDE::FYERS_PAPER_PROXY_RESEARCH,paper-strategy-8ade763620b6,opportunity-score-8ade763620b6,universe-a8e55c76a270
202608241350_5_BANKNIFTY_CE,2026-08-24T08:20:41.415104+00:00,BANKNIFTY,2026-08-25,57400.0,CE,172.225,171.95,172.5,25.0,2.0,53.16113380625484,2e840ccd58d1,"{""contract_quality_min"": 0.0, ""direction_min"": 0.0, ""excellent_score_min"": 53.16113380625484, ""execution_quality_min"": 100.0, ""expected_required_ratio_min"": 1.4166666666666667, ""final_confidence_min"": 83.98143946373018, ""iv_crush_max"": 28.5, ""market_hostility_max"": 20.98272786697348, ""min_5depth_lots_each_side"": 26.0, ""min_top_book_lots"": 1.0, ""premium_elasticity_min"": 0.3, ""regime_confidence_min"": 60.0, ""spread_pct_max"": 0.3193496879082661, ""trade_quality_min"": 44.08668730650075}",BANKNIFTY,NSE_INDEX,FYERS_PAPER_PROXY_RESEARCH,PAPER_OVERRIDE::FYERS_PAPER_PROXY_RESEARCH,paper-strategy-8ade763620b6,opportunity-score-8ade763620b6,universe-a8e55c76a270
202608241351_1_BANKNIFTY_PE,2026-08-24T08:21:51.882422+00:00,BANKNIFTY,2026-08-25,57300.0,PE,152.95,152.7,153.2,25.0,2.0,57.48939733291935,2e840ccd58d1,"{""contract_quality_min"": 0.0, ""direction_min"": 4.601672115174276, ""excellent_score_min"": 57.48939733291935, ""execution_quality_min"": 100.0, ""expected_required_ratio_min"": 1.4166666666666667, ""final_confidence_min"": 86.1094072320403, ""iv_crush_max"": 28.5, ""market_hostility_max"": 20.79236487945715, ""min_5depth_lots_each_side"": 34.0, ""min_top_book_lots"": 1.0, ""premium_elasticity_min"": 0.5, ""regime_confidence_min"": 60.0, ""spread_pct_max"": 0.32690421706440015, ""trade_quality_min"": 46.39718804921389}",BANKNIFTY,NSE_INDEX,FYERS_PAPER_PROXY_RESEARCH,PAPER_OVERRIDE::FYERS_PAPER_PROXY_RESEARCH,paper-strategy-8ade763620b6,opportunity-score-8ade763620b6,universe-a8e55c76a270
202608241351_2_BANKNIFTY_PE,2026-08-24T08:21:51.882939+00:00,BANKNIFTY,2026-08-25,57400.0,PE,200.625,200.35,200.9,25.0,2.0,57.48939733291935,2e840ccd58d1,"{""contract_quality_min"": 0.0, ""direction_min"": 4.601672115174276, ""excellent_score_min"": 57.48939733291935, ""execution_quality_min"": 100.0, ""expected_required_ratio_min"": 1.4166666666666667, ""final_confidence_min"": 86.1094072320403, ""iv_crush_max"": 28.5, ""market_hostility_max"": 20.79236487945715, ""min_5depth_lots_each_side"": 11.0, ""min_top_book_lots"": 1.0, ""premium_elasticity_min"": 0.7, ""regime_confidence_min"": 60.0, ""spread_pct_max"": 0.274143302180691, ""trade_quality_min"": 46.39718804921389}",BANKNIFTY,NSE_INDEX,FYERS_PAPER_PROXY_RESEARCH,PAPER_OVERRIDE::FYERS_PAPER_PROXY_RESEARCH,paper-strategy-8ade763620b6,opportunity-score-8ade763620b6,universe-a8e55c76a270
202608241351_3_BANKNIFTY_CE,2026-08-24T08:21:51.883416+00:00,BANKNIFTY,2026-08-25,57300.0,CE,227.05,226.7,227.4,25.0,2.0,56.66109635218799,2e840ccd58d1,"{""contract_quality_min"": 0.0, ""direction_min"": 0.0, ""excellent_score_min"": 56.66109635218799, ""execution_quality_min"": 100.0, ""expected_required_ratio_min"": 1.4166666666666667, ""final_confidence_min"": 84.72890559748802, ""iv_crush_max"": 28.5, ""market_hostility_max"": 20.79236487945715, ""min_5depth_lots_each_side"": 22.0, ""min_top_book_lots"": 1.0, ""premium_elasticity_min"": 0.5, ""regime_confidence_min"": 60.0, ""spread_pct_max"": 0.308302136093379, ""trade_quality_min"": 46.39718804921389}",BANKNIFTY,NSE_INDEX,FYERS_PAPER_PROXY_RESEARCH,PAPER_OVERRIDE::FYERS_PAPER_PROXY_RESEARCH,paper-strategy-8ade763620b6,opportunity-score-8ade763620b6,universe-a8e55c76a270
202608241351_4_MIDCPNIFTY_PE,2026-08-24T08:21:51.883925+00:00,MIDCPNIFTY,2026-08-25,14900.0,PE,55.275000000000006,55.1,55.45,11.055000000000001,2.0,55.46877031909238,712afad509f5,"{""contract_quality_min"": 0.0, ""direction_min"": 4.4093133301073975, ""excellent_score_min"": 55.46877031909238, ""execution_quality_min"": 100.0, ""expected_required_ratio_min"": 1.0833333333333335, ""final_confidence_min"": 84.53875549008212, ""iv_crush_max"": 28.5, ""market_hostility_max"": 20.191870552947798, ""min_5depth_lots_each_side"": 19.0, ""min_top_book_lots"": 2.0, ""premium_elasticity_min"": 0.7, ""regime_confidence_min"": 60.0, ""spread_pct_max"": 0.6331976481230237, ""trade_quality_min"": 41.25786163522002}",MIDCPNIFTY,NSE_INDEX,FYERS_PAPER_PROXY_RESEARCH,PAPER_OVERRIDE::FYERS_PAPER_PROXY_RESEARCH,paper-strategy-8ade763620b6,opportunity-score-8ade763620b6,universe-a8e55c76a270
202608241351_5_BANKNIFTY_PE,2026-08-24T08:21:51.884392+00:00,BANKNIFTY,2026-08-25,57200.0,PE,114.7,114.5,114.9,22.94,2.0,54.689397332919356,2e840ccd58d1,"{""contract_quality_min"": 0.0, ""direction_min"": 4.601672115174276, ""excellent_score_min"": 54.689397332919356, ""execution_quality_min"": 100.0, ""expected_required_ratio_min"": 1.4166666666666667, ""final_confidence_min"": 86.1094072320403, ""iv_crush_max"": 28.5, ""market_hostility_max"": 20.79236487945715, ""min_5depth_lots_each_side"": 49.0, ""min_top_book_lots"": 1.0, ""premium_elasticity_min"": 0.3, ""regime_confidence_min"": 60.0, ""spread_pct_max"": 0.3487358326068053, ""trade_quality_min"": 46.39718804921389}",BANKNIFTY,NSE_INDEX,FYERS_PAPER_PROXY_RESEARCH,PAPER_OVERRIDE::FYERS_PAPER_PROXY_RESEARCH,paper-strategy-8ade763620b6,opportunity-score-8ade763620b6,universe-a8e55c76a270
202608241352_1_BANKNIFTY_PE,2026-08-24T08:22:54.100430+00:00,BANKNIFTY,2026-08-25,57300.0,PE,155.125,154.9,155.35,25.0,2.0,53.35966883804496,2e840ccd58d1,"{""contract_quality_min"": 0.0, ""direction_min"": 2.7267647476734034, ""excellent_score_min"": 53.35966883804496, ""execution_quality_min"": 100.0, ""expected_required_ratio_min"": 1.4166666666666667, ""final_confidence_min"": 81.61325462941905, ""iv_crush_max"": 28.5, ""market_hostility_max"": 20.338151739085255, ""min_5depth_lots_each_side"": 37.0, ""min_top_book_lots"": 1.0, ""premium_elasticity_min"": 0.5, ""regime_confidence_min"": 60.0, ""spread_pct_max"": 0.2900886381949967, ""trade_quality_min"": 32.347466390893445}",BANKNIFTY,NSE_INDEX,FYERS_PAPER_PROXY_RESEARCH,PAPER_OVERRIDE::FYERS_PAPER_PROXY_RESEARCH,paper-strategy-8ade763620b6,opportunity-score-8ade763620b6,universe-a8e55c76a270
202608241352_2_BANKNIFTY_PE,2026-08-24T08:22:54.100989+00:00,BANKNIFTY,2026-08-25,57400.0,PE,203.375,203.0,203.75,25.0,2.0,53.35966883804496,2e840ccd58d1,"{""contract_quality_min"": 0.0, ""direction_min"": 2.7267647476734034, ""excellent_score_min"": 53.35966883804496, ""execution_quality_min"": 100.0, ""expected_required_ratio_min"": 1.4166666666666667, ""final_confidence_min"": 81.61325462941905, ""iv_crush_max"": 28.5, ""market_hostility_max"": 20.338151739085255, ""min_5depth_lots_each_side"": 11.0, ""min_top_book_lots"": 2.0, ""premium_elasticity_min"": 0.7, ""regime_confidence_min"": 60.0, ""spread_pct_max"": 0.36877688998156116, ""trade_quality_min"": 32.347466390893445}",BANKNIFTY,NSE_INDEX,FYERS_PAPER_PROXY_RESEARCH,PAPER_OVERRIDE::FYERS_PAPER_PROXY_RESEARCH,paper-strategy-8ade763620b6,opportunity-score-8ade763620b6,universe-a8e55c76a270
202608241352_3_BANKNIFTY_CE,2026-08-24T08:22:54.101457+00:00,BANKNIFTY,2026-08-25,57300.0,CE,225.5,225.15,225.85,25.0,2.0,52.868851183463754,2e840ccd58d1,"{""contract_quality_min"": 0.0, ""direction_min"": 0.0, ""excellent_score_min"": 52.868851183463754, ""execution_quality_min"": 100.0, ""expected_required_ratio_min"": 1.4166666666666667, ""final_confidence_min"": 80.79522520511703, ""iv_crush_max"": 28.5, ""market_hostility_max"": 20.338151739085255, ""min_5depth_lots_each_side"": 24.0, ""min_top_book_lots"": 1.0, ""premium_elasticity_min"": 0.5, ""regime_confidence_min"": 60.0, ""spread_pct_max"": 0.3104212860310371, ""trade_quality_min"": 32.347466390893445}",BANKNIFTY,NSE_INDEX,FYERS_PAPER_PROXY_RESEARCH,PAPER_OVERRIDE::FYERS_PAPER_PROXY_RESEARCH,paper-strategy-8ade763620b6,opportunity-score-8ade763620b6,universe-a8e55c76a270
202608241352_4_MIDCPNIFTY_CE,2026-08-24T08:22:54.102043+00:00,MIDCPNIFTY,2026-08-25,14850.0,CE,64.69999999999999,64.35,65.05,12.939999999999998,2.0,51.85702023891194,712afad509f5,"{""contract_quality_min"": 0.0, ""direction_min"": 0.0, ""excellent_score_min"": 51.85702023891194, ""execution_quality_min"": 87.91786266283928, ""expected_required_ratio_min"": 1.0833333333333333, ""final_confidence_min"": 81.30286044966229, ""iv_crush_max"": 28.5, ""market_hostility_max"": 19.515001619706425, ""min_5depth_lots_each_side"": 12.0, ""min_top_book_lots"": 2.0, ""premium_elasticity_min"": 0.7, ""regime_confidence_min"": 60.0, ""spread_pct_max"": 1.0819165378670834, ""trade_quality_min"": 37.80821917807926}",MIDCPNIFTY,NSE_INDEX,FYERS_PAPER_PROXY_RESEARCH,PAPER_OVERRIDE::FYERS_PAPER_PROXY_RESEARCH,paper-strategy-8ade763620b6,opportunity-score-8ade763620b6,universe-a8e55c76a270
202608241352_5_BANKNIFTY_PE,2026-08-24T08:22:54.102521+00:00,BANKNIFTY,2026-08-25,57200.0,PE,116.35,116.2,116.5,23.27,2.0,50.55966883804496,2e840ccd58d1,"{""contract_quality_min"": 0.0, ""direction_min"": 2.7267647476734034, ""excellent_score_min"": 50.55966883804496, ""execution_quality_min"": 100.0, ""expected_required_ratio_min"": 1.4166666666666667, ""final_confidence_min"": 81.61325462941905, ""iv_crush_max"": 28.5, ""market_hostility_max"": 20.338151739085255, ""min_5depth_lots_each_side"": 43.0, ""min_top_book_lots"": 1.0, ""premium_elasticity_min"": 0.3, ""regime_confidence_min"": 60.0, ""spread_pct_max"": 0.2578427159432722, ""trade_quality_min"": 32.347466390893445}",BANKNIFTY,NSE_INDEX,FYERS_PAPER_PROXY_RESEARCH,PAPER_OVERRIDE::FYERS_PAPER_PROXY_RESEARCH,paper-strategy-8ade763620b6,opportunity-score-8ade763620b6,universe-a8e55c76a270
202608241354_1_HINDALCO_PE,2026-08-24T08:24:09.864689+00:00,HINDALCO,2026-08-25,1080.0,PE,31.725,31.5,31.95,6.345000000000001,2.0,22.21763589201108,0b8f346aac89,"{""contract_quality_min"": 0.0, ""direction_min"": 4.9434356878037145, ""excellent_score_min"": 22.21763589201108, ""execution_quality_min"": 73.49544072948339, ""expected_required_ratio_min"": 1.1666666666666665, ""final_confidence_min"": 67.33788581624985, ""iv_crush_max"": 28.5, ""market_hostility_max"": 26.66809347157436, ""min_5depth_lots_each_side"": 6.0, ""min_top_book_lots"": 1.0, ""premium_elasticity_min"": 0.7, ""regime_confidence_min"": 60.0, ""spread_pct_max"": 1.4184397163120543, ""trade_quality_min"": 20.392156862746496}",HINDALCO,NSE_STOCK_OPTION,FYERS_PAPER_PROXY_RESEARCH,PAPER_OVERRIDE::FYERS_PAPER_PROXY_RESEARCH,paper-strategy-8ade763620b6,opportunity-score-8ade763620b6,universe-a8e55c76a270
202608241354_2_HINDUNILVR_PE,2026-08-24T08:24:09.865341+00:00,HINDUNILVR,2026-08-25,2040.0,PE,30.8,30.55,31.05,6.16,2.0,18.147531461483013,7c6072ee0b40,"{""contract_quality_min"": 0.0, ""direction_min"": 1.9845207382417147, ""excellent_score_min"": 18.147531461483013, ""execution_quality_min"": 61.36363636363638, ""expected_required_ratio_min"": 1.1666666666666665, ""final_confidence_min"": 61.953522266580215, ""iv_crush_max"": 28.5, ""market_hostility_max"": 23.469389443038363, ""min_5depth_lots_each_side"": 5.0, ""min_top_book_lots"": 1.0, ""premium_elasticity_min"": 0.7, ""regime_confidence_min"": 60.0, ""spread_pct_max"": 1.6233766233766231, ""trade_quality_min"": 12.121212121211455}",HINDUNILVR,NSE_STOCK_OPTION,FYERS_PAPER_PROXY_RESEARCH,PAPER_OVERRIDE::FYERS_PAPER_PROXY_RESEARCH,paper-strategy-8ade763620b6,opportunity-score-8ade763620b6,universe-a8e55c76a270
202608241354_3_HDFCLIFE_CE,2026-08-24T08:24:09.865842+00:00,HDFCLIFE,2026-08-25,545.0,CE,7.125,7.0,7.25,1.425,2.0,17.451669657809056,f8509861bdd0,"{""contract_quality_min"": 0.0, ""direction_min"": 0.0, ""excellent_score_min"": 17.451669657809056, ""execution_quality_min"": 0.0, ""expected_required_ratio_min"": 1.1666666666666667, ""final_confidence_min"": 46.806836776303605, ""iv_crush_max"": 28.5, ""market_hostility_max"": 27.20691322214236, ""min_5depth_lots_each_side"": 7.0, ""min_top_book_lots"": 1.0, ""premium_elasticity_min"": 0.7, ""regime_confidence_min"": 60.0, ""spread_pct_max"": 3.508771929824561, ""trade_quality_min"": 57.142857142857146}",HDFCLIFE,NSE_STOCK_OPTION,FYERS_PAPER_PROXY_RESEARCH,PAPER_OVERRIDE::FYERS_PAPER_PROXY_RESEARCH,paper-strategy-8ade763620b6,opportunity-score-8ade763620b6,universe-a8e55c76a270
202608241354_4_ICICIBANK_CE,2026-08-24T08:24:09.866499+00:00,ICICIBANK,2026-08-25,1400.0,CE,15.225,15.1,15.35,3.045,2.0,13.99252730809254,98852c68600e,"{""contract_quality_min"": 0.0, ""direction_min"": 0.0, ""excellent_score_min"": 13.99252730809254, ""execution_quality_min"": 60.05747126436782, ""expected_required_ratio_min"": 1.1666666666666665, ""final_confidence_min"": 57.79556650246305, ""iv_crush_max"": 28.5, ""market_hostility_max"": 24.330600127235755, ""min_5depth_lots_each_side"": 7.0, ""min_top_book_lots"": 2.0, ""premium_elasticity_min"": 0.7, ""regime_confidence_min"": 60.0, ""spread_pct_max"": 1.6420361247947455, ""trade_quality_min"": 0.0}",ICICIBANK,NSE_STOCK_OPTION,FYERS_PAPER_PROXY_RESEARCH,PAPER_OVERRIDE::FYERS_PAPER_PROXY_RESEARCH,paper-strategy-8ade763620b6,opportunity-score-8ade763620b6,universe-a8e55c76a270
202608241354_5_HINDALCO_CE,2026-08-24T08:24:09.866962+00:00,HINDALCO,2026-08-25,1040.0,CE,13.1,12.95,13.25,2.62,2.0,11.403720621411743,0b8f346aac89,"{""contract_quality_min"": 0.0, ""direction_min"": 0.0, ""excellent_score_min"": 11.403720621411743, ""execution_quality_min"": 14.694656488549228, ""expected_required_ratio_min"": 1.1666666666666665, ""final_confidence_min"": 54.815063003363235, ""iv_crush_max"": 28.5, ""market_hostility_max"": 26.66809347157436, ""min_5depth_lots_each_side"": 8.0, ""min_top_book_lots"": 1.0, ""premium_elasticity_min"": 0.7, ""regime_confidence_min"": 60.0, ""spread_pct_max"": 2.290076335877868, ""trade_quality_min"": 20.392156862746496}",HINDALCO,NSE_STOCK_OPTION,FYERS_PAPER_PROXY_RESEARCH,PAPER_OVERRIDE::FYERS_PAPER_PROXY_RESEARCH,paper-strategy-8ade763620b6,opportunity-score-8ade763620b6,universe-a8e55c76a270
202608241357_1_BANKNIFTY_PE,2026-08-24T08:27:00.389305+00:00,BANKNIFTY,2026-08-25,57300.0,PE,158.925,158.75,159.1,25.0,2.0,55.99479796037517,2e840ccd58d1,"{""contract_quality_min"": 0.0, ""direction_min"": 2.2321019861348104, ""excellent_score_min"": 55.99479796037517, ""execution_quality_min"": 100.0, ""expected_required_ratio_min"": 1.4166666666666667, ""final_confidence_min"": 84.55004708599479, ""iv_crush_max"": 28.5, ""market_hostility_max"": 20.7121941448267, ""min_5depth_lots_each_side"": 13.0, ""min_top_book_lots"": 1.0, ""premium_elasticity_min"": 0.5, ""regime_confidence_min"": 60.0, ""spread_pct_max"": 0.22022966808242522, ""trade_quality_min"": 42.38410596024857}",BANKNIFTY,NSE_INDEX,FYERS_PAPER_PROXY_RESEARCH,PAPER_OVERRIDE::FYERS_PAPER_PROXY_RESEARCH,paper-strategy-8ade763620b6,opportunity-score-8ade763620b6,universe-a8e55c76a270
202608241357_2_BANKNIFTY_PE,2026-08-24T08:27:00.390467+00:00,BANKNIFTY,2026-08-25,57400.0,PE,207.22500000000002,207.05,207.4,25.0,2.0,55.99479796037517,2e840ccd58d1,"{""contract_quality_min"": 0.0, ""direction_min"": 2.2321019861348104, ""excellent_score_min"": 55.99479796037517, ""execution_quality_min"": 100.0, ""expected_required_ratio_min"": 1.4166666666666667, ""final_confidence_min"": 84.55004708599479, ""iv_crush_max"": 28.5, ""market_hostility_max"": 20.7121941448267, ""min_5depth_lots_each_side"": 21.0, ""min_top_book_lots"": 3.0, ""premium_elasticity_min"": 0.7, ""regime_confidence_min"": 60.0, ""spread_pct_max"": 0.16889854023404235, ""trade_quality_min"": 42.38410596024857}",BANKNIFTY,NSE_INDEX,FYERS_PAPER_PROXY_RESEARCH,PAPER_OVERRIDE::FYERS_PAPER_PROXY_RESEARCH,paper-strategy-8ade763620b6,opportunity-score-8ade763620b6,universe-a8e55c76a270
202608241357_3_BANKNIFTY_CE,2026-08-24T08:27:00.391575+00:00,BANKNIFTY,2026-08-25,57300.0,CE,221.075,220.75,221.4,25.0,2.0,55.5930196028709,2e840ccd58d1,"{""contract_quality_min"": 0.0, ""direction_min"": 0.0, ""excellent_score_min"": 55.5930196028709, ""execution_quality_min"": 100.0, ""expected_required_ratio_min"": 1.4166666666666667, ""final_confidence_min"": 83.88041649015436, ""iv_crush_max"": 28.5, ""market_hostility_max"": 20.7121941448267, ""min_5depth_lots_each_side"": 14.0, ""min_top_book_lots"": 1.0, ""premium_elasticity_min"": 0.5, ""regime_confidence_min"": 60.0, ""spread_pct_max"": 0.29401786723962714, ""trade_quality_min"": 42.38410596024857}",BANKNIFTY,NSE_INDEX,FYERS_PAPER_PROXY_RESEARCH,PAPER_OVERRIDE::FYERS_PAPER_PROXY_RESEARCH,paper-strategy-8ade763620b6,opportunity-score-8ade763620b6,universe-a8e55c76a270
202608241357_4_BANKNIFTY_CE,2026-08-24T08:27:00.392062+00:00,BANKNIFTY,2026-08-25,57200.0,CE,282.3,282.0,282.6,25.0,2.0,55.5930196028709,2e840ccd58d1,"{""contract_quality_min"": 0.0, ""direction_min"": 0.0, ""excellent_score_min"": 55.5930196028709, ""execution_quality_min"": 100.0, ""expected_required_ratio_min"": 1.4166666666666667, ""final_confidence_min"": 83.88041649015436, ""iv_crush_max"": 28.5, ""market_hostility_max"": 20.7121941448267, ""min_5depth_lots_each_side"": 16.0, ""min_top_book_lots"": 3.0, ""premium_elasticity_min"": 0.7, ""regime_confidence_min"": 60.0, ""spread_pct_max"": 0.2125398512221122, ""trade_quality_min"": 42.38410596024857}",BANKNIFTY,NSE_INDEX,FYERS_PAPER_PROXY_RESEARCH,PAPER_OVERRIDE::FYERS_PAPER_PROXY_RESEARCH,paper-strategy-8ade763620b6,opportunity-score-8ade763620b6,universe-a8e55c76a270
202608241357_5_NIFTY_CE,2026-08-24T08:27:00.392541+00:00,NIFTY,2026-08-25,24100.0,CE,114.125,114.0,114.25,22.825000000000003,2.0,53.84447271590153,00929e22c867,"{""contract_quality_min"": 0.0, ""direction_min"": 0.0, ""excellent_score_min"": 53.84447271590153, ""execution_quality_min"": 100.0, ""expected_required_ratio_min"": 1.3333333333333333, ""final_confidence_min"": 79.6752562595807, ""iv_crush_max"": 28.5, ""market_hostility_max"": 18.970610857371916, ""min_5depth_lots_each_side"": 104.0, ""min_top_book_lots"": 40.0, ""premium_elasticity_min"": 0.7, ""regime_confidence_min"": 60.0, ""spread_pct_max"": 0.21905805038335158, ""trade_quality_min"": 28.35978835977386}",NIFTY,NSE_INDEX,FYERS_PAPER_PROXY_RESEARCH,PAPER_OVERRIDE::FYERS_PAPER_PROXY_RESEARCH,paper-strategy-8ade763620b6,opportunity-score-8ade763620b6,universe-a8e55c76a270
202608241358_1_BANKNIFTY_PE,2026-08-24T08:28:03.466252+00:00,BANKNIFTY,2026-08-25,57300.0,PE,152.125,152.0,152.25,25.0,2.0,50.14875356439122,2e840ccd58d1,"{""contract_quality_min"": 0.0, ""direction_min"": 0.7813760415801648, ""excellent_score_min"": 50.14875356439122, ""execution_quality_min"": 100.0, ""expected_required_ratio_min"": 1.4166666666666667, ""final_confidence_min"": 78.33720640623284, ""iv_crush_max"": 28.5, ""market_hostility_max"": 20.756693929862404, ""min_5depth_lots_each_side"": 20.0, ""min_top_book_lots"": 2.0, ""premium_elasticity_min"": 0.5, ""regime_confidence_min"": 60.0, ""spread_pct_max"": 0.16433853738701726, ""trade_quality_min"": 22.399999999986033}",BANKNIFTY,NSE_INDEX,FYERS_PAPER_PROXY_RESEARCH,PAPER_OVERRIDE::FYERS_PAPER_PROXY_RESEARCH,paper-strategy-8ade763620b6,opportunity-score-8ade763620b6,universe-a8e55c76a270
202608241358_2_BANKNIFTY_PE,2026-08-24T08:28:03.467102+00:00,BANKNIFTY,2026-08-25,57400.0,PE,199.275,199.05,199.5,25.0,2.0,50.14875356439122,2e840ccd58d1,"{""contract_quality_min"": 0.0, ""direction_min"": 0.7813760415801648, ""excellent_score_min"": 50.14875356439122, ""execution_quality_min"": 100.0, ""expected_required_ratio_min"": 1.4166666666666667, ""final_confidence_min"": 78.33720640623284, ""iv_crush_max"": 28.5, ""market_hostility_max"": 20.756693929862404, ""min_5depth_lots_each_side"": 28.0, ""min_top_book_lots"": 1.0, ""premium_elasticity_min"": 0.7, ""regime_confidence_min"": 60.0, ""spread_pct_max"": 0.225818592397435, ""trade_quality_min"": 22.399999999986033}",BANKNIFTY,NSE_INDEX,FYERS_PAPER_PROXY_RESEARCH,PAPER_OVERRIDE::FYERS_PAPER_PROXY_RESEARCH,paper-strategy-8ade763620b6,opportunity-score-8ade763620b6,universe-a8e55c76a270
202608241358_3_BANKNIFTY_CE,2026-08-24T08:28:03.467652+00:00,BANKNIFTY,2026-08-25,57300.0,CE,226.625,226.35,226.9,25.0,2.0,50.00810587690678,2e840ccd58d1,"{""contract_quality_min"": 0.0, ""direction_min"": 0.0, ""excellent_score_min"": 50.00810587690678, ""execution_quality_min"": 100.0, ""expected_required_ratio_min"": 1.4166666666666667, ""final_confidence_min"": 78.10279359375878, ""iv_crush_max"": 28.5, ""market_hostility_max"": 20.756693929862404, ""min_5depth_lots_each_side"": 9.0, ""min_top_book_lots"": 1.0, ""premium_elasticity_min"": 0.5, ""regime_confidence_min"": 60.0, ""spread_pct_max"": 0.24269167126310487, ""trade_quality_min"": 22.399999999986033}",BANKNIFTY,NSE_INDEX,FYERS_PAPER_PROXY_RESEARCH,PAPER_OVERRIDE::FYERS_PAPER_PROXY_RESEARCH,paper-strategy-8ade763620b6,opportunity-score-8ade763620b6,universe-a8e55c76a270
202608241358_4_BANKNIFTY_CE,2026-08-24T08:28:03.468091+00:00,BANKNIFTY,2026-08-25,57200.0,CE,287.625,287.25,288.0,25.0,2.0,50.00810587690678,2e840ccd58d1,"{""contract_quality_min"": 0.0, ""direction_min"": 0.0, ""excellent_score_min"": 50.00810587690678, ""execution_quality_min"": 100.0, ""expected_required_ratio_min"": 1.4166666666666667, ""final_confidence_min"": 78.10279359375878, ""iv_crush_max"": 28.5, ""market_hostility_max"": 20.756693929862404, ""min_5depth_lots_each_side"": 25.0, ""min_top_book_lots"": 2.0, ""premium_elasticity_min"": 0.7, ""regime_confidence_min"": 60.0, ""spread_pct_max"": 0.2607561929595828, ""trade_quality_min"": 22.399999999986033}",BANKNIFTY,NSE_INDEX,FYERS_PAPER_PROXY_RESEARCH,PAPER_OVERRIDE::FYERS_PAPER_PROXY_RESEARCH,paper-strategy-8ade763620b6,opportunity-score-8ade763620b6,universe-a8e55c76a270
202608241358_5_BANKNIFTY_CE,2026-08-24T08:28:03.468625+00:00,BANKNIFTY,2026-08-25,57400.0,CE,173.55,173.3,173.8,25.0,2.0,47.208105876906785,2e840ccd58d1,"{""contract_quality_min"": 0.0, ""direction_min"": 0.0, ""excellent_score_min"": 47.208105876906785, ""execution_quality_min"": 100.0, ""expected_required_ratio_min"": 1.4166666666666667, ""final_confidence_min"": 78.10279359375878, ""iv_crush_max"": 28.5, ""market_hostility_max"": 20.756693929862404, ""min_5depth_lots_each_side"": 31.0, ""min_top_book_lots"": 2.0, ""premium_elasticity_min"": 0.3, ""regime_confidence_min"": 60.0, ""spread_pct_max"": 0.2881014116969173, ""trade_quality_min"": 22.399999999986033}",BANKNIFTY,NSE_INDEX,FYERS_PAPER_PROXY_RESEARCH,PAPER_OVERRIDE::FYERS_PAPER_PROXY_RESEARCH,paper-strategy-8ade763620b6,opportunity-score-8ade763620b6,universe-a8e55c76a270
202608241359_1_BANKNIFTY_CE,2026-08-24T08:29:07.279076+00:00,BANKNIFTY,2026-08-25,57300.0,CE,231.55,231.25,231.85,25.0,2.0,47.61287624550182,2e840ccd58d1,"{""contract_quality_min"": 0.0, ""direction_min"": 0.7185743624180662, ""excellent_score_min"": 47.61287624550182, ""execution_quality_min"": 100.0, ""expected_required_ratio_min"": 1.4166666666666665, ""final_confidence_min"": 75.62729834948485, ""iv_crush_max"": 28.5, ""market_hostility_max"": 20.776932958977948, ""min_5depth_lots_each_side"": 29.0, ""min_top_book_lots"": 1.0, ""premium_elasticity_min"": 0.5, ""regime_confidence_min"": 60.0, ""spread_pct_max"": 0.25912329950334456, ""trade_quality_min"": 13.398373983740454}",BANKNIFTY,NSE_INDEX,FYERS_PAPER_PROXY_RESEARCH,PAPER_OVERRIDE::FYERS_PAPER_PROXY_RESEARCH,paper-strategy-8ade763620b6,opportunity-score-8ade763620b6,universe-a8e55c76a270
202608241359_2_BANKNIFTY_PE,2026-08-24T08:29:07.279688+00:00,BANKNIFTY,2026-08-25,57300.0,PE,148.425,148.25,148.6,25.0,2.0,47.48353286026657,2e840ccd58d1,"{""contract_quality_min"": 0.0, ""direction_min"": 0.0, ""excellent_score_min"": 47.48353286026657, ""execution_quality_min"": 100.0, ""expected_required_ratio_min"": 1.4166666666666665, ""final_confidence_min"": 75.41172604075942, ""iv_crush_max"": 28.5, ""market_hostility_max"": 20.776932958977948, ""min_5depth_lots_each_side"": 10.0, ""min_top_book_lots"": 1.0, ""premium_elasticity_min"": 0.5, ""regime_confidence_min"": 60.0, ""spread_pct_max"": 0.23580933131210663, ""trade_quality_min"": 13.398373983740454}",BANKNIFTY,NSE_INDEX,FYERS_PAPER_PROXY_RESEARCH,PAPER_OVERRIDE::FYERS_PAPER_PROXY_RESEARCH,paper-strategy-8ade763620b6,opportunity-score-8ade763620b6,universe-a8e55c76a270
202608241359_3_BANKNIFTY_PE,2026-08-24T08:29:07.280212+00:00,BANKNIFTY,2026-08-25,57400.0,PE,194.7,194.4,195.0,25.0,2.0,47.48353286026657,2e840ccd58d1,"{""contract_quality_min"": 0.0, ""direction_min"": 0.0, ""excellent_score_min"": 47.48353286026657, ""execution_quality_min"": 100.0, ""expected_required_ratio_min"": 1.4166666666666665, ""final_confidence_min"": 75.41172604075942, ""iv_crush_max"": 28.5, ""market_hostility_max"": 20.776932958977948, ""min_5depth_lots_each_side"": 11.0, ""min_top_book_lots"": 2.0, ""premium_elasticity_min"": 0.7, ""regime_confidence_min"": 60.0, ""spread_pct_max"": 0.3081664098613222, ""trade_quality_min"": 13.398373983740454}",BANKNIFTY,NSE_INDEX,FYERS_PAPER_PROXY_RESEARCH,PAPER_OVERRIDE::FYERS_PAPER_PROXY_RESEARCH,paper-strategy-8ade763620b6,opportunity-score-8ade763620b6,universe-a8e55c76a270
202608241359_4_BANKNIFTY_CE,2026-08-24T08:29:07.280658+00:00,BANKNIFTY,2026-08-25,57400.0,CE,177.45,177.2,177.7,25.0,2.0,44.812876245501826,2e840ccd58d1,"{""contract_quality_min"": 0.0, ""direction_min"": 0.7185743624180662, ""excellent_score_min"": 44.812876245501826, ""execution_quality_min"": 100.0, ""expected_required_ratio_min"": 1.4166666666666665, ""final_confidence_min"": 75.62729834948485, ""iv_crush_max"": 28.5, ""market_hostility_max"": 20.776932958977948, ""min_5depth_lots_each_side"": 19.0, ""min_top_book_lots"": 1.0, ""premium_elasticity_min"": 0.3, ""regime_confidence_min"": 60.0, ""spread_pct_max"": 0.2817695125387433, ""trade_quality_min"": 13.398373983740454}",BANKNIFTY,NSE_INDEX,FYERS_PAPER_PROXY_RESEARCH,PAPER_OVERRIDE::FYERS_PAPER_PROXY_RESEARCH,paper-strategy-8ade763620b6,opportunity-score-8ade763620b6,universe-a8e55c76a270
202608241400_1_BANKNIFTY_CE,2026-08-24T08:30:10.736286+00:00,BANKNIFTY,2026-08-25,57300.0,CE,226.575,226.3,226.85,25.0,2.0,44.43809669116894,2e840ccd58d1,"{""contract_quality_min"": 0.0, ""direction_min"": 0.11162398066852794, ""excellent_score_min"": 44.43809669116894, ""execution_quality_min"": 100.0, ""expected_required_ratio_min"": 1.4166666666666667, ""final_confidence_min"": 72.2073910791171, ""iv_crush_max"": 28.5, ""market_hostility_max"": 20.647702328761643, ""min_5depth_lots_each_side"": 16.0, ""min_top_book_lots"": 5.0, ""premium_elasticity_min"": 0.5, ""regime_confidence_min"": 60.0, ""spread_pct_max"": 0.24274522784949043, ""trade_quality_min"": 2.3021582733894292}",BANKNIFTY,NSE_INDEX,FYERS_PAPER_PROXY_RESEARCH,PAPER_OVERRIDE::FYERS_PAPER_PROXY_RESEARCH,paper-strategy-8ade763620b6,opportunity-score-8ade763620b6,universe-a8e55c76a270
202608241400_2_BANKNIFTY_PE,2026-08-24T08:30:10.736887+00:00,BANKNIFTY,2026-08-25,57300.0,PE,152.725,152.6,152.85,25.0,2.0,44.4180043746486,2e840ccd58d1,"{""contract_quality_min"": 0.0, ""direction_min"": 0.0, ""excellent_score_min"": 44.4180043746486, ""execution_quality_min"": 100.0, ""expected_required_ratio_min"": 1.4166666666666667, ""final_confidence_min"": 72.17390388491656, ""iv_crush_max"": 28.5, ""market_hostility_max"": 20.647702328761643, ""min_5depth_lots_each_side"": 25.0, ""min_top_book_lots"": 1.0, ""premium_elasticity_min"": 0.5, ""regime_confidence_min"": 60.0, ""spread_pct_max"": 0.1636929120969062, ""trade_quality_min"": 2.3021582733894292}",BANKNIFTY,NSE_INDEX,FYERS_PAPER_PROXY_RESEARCH,PAPER_OVERRIDE::FYERS_PAPER_PROXY_RESEARCH,paper-strategy-8ade763620b6,opportunity-score-8ade763620b6,universe-a8e55c76a270
202608241400_3_BANKNIFTY_PE,2026-08-24T08:30:10.737325+00:00,BANKNIFTY,2026-08-25,57400.0,PE,200.125,199.9,200.35,25.0,2.0,44.4180043746486,2e840ccd58d1,"{""contract_quality_min"": 0.0, ""direction_min"": 0.0, ""excellent_score_min"": 44.4180043746486, ""execution_quality_min"": 100.0, ""expected_required_ratio_min"": 1.4166666666666667, ""final_confidence_min"": 72.17390388491656, ""iv_crush_max"": 28.5, ""market_hostility_max"": 20.647702328761643, ""min_5depth_lots_each_side"": 26.0, ""min_top_book_lots"": 1.0, ""premium_elasticity_min"": 0.7, ""regime_confidence_min"": 60.0, ""spread_pct_max"": 0.224859462835722, ""trade_quality_min"": 2.3021582733894292}",BANKNIFTY,NSE_INDEX,FYERS_PAPER_PROXY_RESEARCH,PAPER_OVERRIDE::FYERS_PAPER_PROXY_RESEARCH,paper-strategy-8ade763620b6,opportunity-score-8ade763620b6,universe-a8e55c76a270
202608241400_4_BANKNIFTY_CE,2026-08-24T08:30:10.737920+00:00,BANKNIFTY,2026-08-25,57400.0,CE,173.35,173.2,173.5,25.0,2.0,41.63809669116893,2e840ccd58d1,"{""contract_quality_min"": 0.0, ""direction_min"": 0.11162398066852794, ""excellent_score_min"": 41.63809669116893, ""execution_quality_min"": 100.0, ""expected_required_ratio_min"": 1.4166666666666667, ""final_confidence_min"": 72.2073910791171, ""iv_crush_max"": 28.5, ""market_hostility_max"": 20.647702328761643, ""min_5depth_lots_each_side"": 27.0, ""min_top_book_lots"": 1.0, ""premium_elasticity_min"": 0.3, ""regime_confidence_min"": 60.0, ""spread_pct_max"": 0.1730602826651349, ""trade_quality_min"": 2.3021582733894292}",BANKNIFTY,NSE_INDEX,FYERS_PAPER_PROXY_RESEARCH,PAPER_OVERRIDE::FYERS_PAPER_PROXY_RESEARCH,paper-strategy-8ade763620b6,opportunity-score-8ade763620b6,universe-a8e55c76a270
202608241400_5_BANKNIFTY_PE,2026-08-24T08:30:10.738373+00:00,BANKNIFTY,2026-08-25,57200.0,PE,114.55000000000001,114.4,114.7,22.910000000000004,2.0,41.618004374648606,2e840ccd58d1,"{""contract_quality_min"": 0.0, ""direction_min"": 0.0, ""excellent_score_min"": 41.618004374648606, ""execution_quality_min"": 100.0, ""expected_required_ratio_min"": 1.4166666666666667, ""final_confidence_min"": 72.17390388491656, ""iv_crush_max"": 28.5, ""market_hostility_max"": 20.647702328761643, ""min_5depth_lots_each_side"": 37.0, ""min_top_book_lots"": 1.0, ""premium_elasticity_min"": 0.3, ""regime_confidence_min"": 60.0, ""spread_pct_max"": 0.26189436927105814, ""trade_quality_min"": 2.3021582733894292}",BANKNIFTY,NSE_INDEX,FYERS_PAPER_PROXY_RESEARCH,PAPER_OVERRIDE::FYERS_PAPER_PROXY_RESEARCH,paper-strategy-8ade763620b6,opportunity-score-8ade763620b6,universe-a8e55c76a270
202608241401_1_BANKNIFTY_PE,2026-08-24T08:31:23.037566+00:00,BANKNIFTY,2026-08-25,57300.0,PE,151.15,151.0,151.3,25.0,2.0,44.577963302447,2e840ccd58d1,"{""contract_quality_min"": 0.0, ""direction_min"": 0.2023271106124917, ""excellent_score_min"": 44.577963302447, ""execution_quality_min"": 100.0, ""expected_required_ratio_min"": 1.4166666666666667, ""final_confidence_min"": 72.37603557935259, ""iv_crush_max"": 28.5, ""market_hostility_max"": 20.726912330856226, ""min_5depth_lots_each_side"": 28.0, ""min_top_book_lots"": 2.0, ""premium_elasticity_min"": 0.5, ""regime_confidence_min"": 60.0, ""spread_pct_max"": 0.19847833278201213, ""trade_quality_min"": 2.8189550425357264}",BANKNIFTY,NSE_INDEX,FYERS_PAPER_PROXY_RESEARCH,PAPER_OVERRIDE::FYERS_PAPER_PROXY_RESEARCH,paper-strategy-8ade763620b6,opportunity-score-8ade763620b6,universe-a8e55c76a270
202608241401_2_BANKNIFTY_PE,2026-08-24T08:31:23.038222+00:00,BANKNIFTY,2026-08-25,57400.0,PE,198.475,198.2,198.75,25.0,2.0,44.577963302447,2e840ccd58d1,"{""contract_quality_min"": 0.0, ""direction_min"": 0.2023271106124917, ""excellent_score_min"": 44.577963302447, ""execution_quality_min"": 100.0, ""expected_required_ratio_min"": 1.4166666666666667, ""final_confidence_min"": 72.37603557935259, ""iv_crush_max"": 28.5, ""market_hostility_max"": 20.726912330856226, ""min_5depth_lots_each_side"": 19.0, ""min_top_book_lots"": 1.0, ""premium_elasticity_min"": 0.7, ""regime_confidence_min"": 60.0, ""spread_pct_max"": 0.27711298652223776, ""trade_quality_min"": 2.8189550425357264}",BANKNIFTY,NSE_INDEX,FYERS_PAPER_PROXY_RESEARCH,PAPER_OVERRIDE::FYERS_PAPER_PROXY_RESEARCH,paper-strategy-8ade763620b6,opportunity-score-8ade763620b6,universe-a8e55c76a270
202608241401_3_BANKNIFTY_CE,2026-08-24T08:31:23.042909+00:00,BANKNIFTY,2026-08-25,57300.0,CE,227.45,227.1,227.8,25.0,2.0,44.54154442253676,2e840ccd58d1,"{""contract_quality_min"": 0.0, ""direction_min"": 0.0, ""excellent_score_min"": 44.54154442253676, ""execution_quality_min"": 100.0, ""expected_required_ratio_min"": 1.4166666666666667, ""final_confidence_min"": 72.31533744616885, ""iv_crush_max"": 28.5, ""market_hostility_max"": 20.726912330856226, ""min_5depth_lots_each_side"": 38.0, ""min_top_book_lots"": 1.0, ""premium_elasticity_min"": 0.5, ""regime_confidence_min"": 60.0, ""spread_pct_max"": 0.3077599472411594, ""trade_quality_min"": 2.8189550425357264}",BANKNIFTY,NSE_INDEX,FYERS_PAPER_PROXY_RESEARCH,PAPER_OVERRIDE::FYERS_PAPER_PROXY_RESEARCH,paper-strategy-8ade763620b6,opportunity-score-8ade763620b6,universe-a8e55c76a270
202608241401_4_BANKNIFTY_PE,2026-08-24T08:31:23.044541+00:00,BANKNIFTY,2026-08-25,57200.0,PE,113.2,113.0,113.4,22.64,2.0,41.777963302447006,2e840ccd58d1,"{""contract_quality_min"": 0.0, ""direction_min"": 0.2023271106124917, ""excellent_score_min"": 41.777963302447006, ""execution_quality_min"": 100.0, ""expected_required_ratio_min"": 1.4166666666666667, ""final_confidence_min"": 72.37603557935259, ""iv_crush_max"": 28.5, ""market_hostility_max"": 20.726912330856226, ""min_5depth_lots_each_side"": 30.0, ""min_top_book_lots"": 2.0, ""premium_elasticity_min"": 0.3, ""regime_confidence_min"": 60.0, ""spread_pct_max"": 0.35335689045936897, ""trade_quality_min"": 2.8189550425357264}",BANKNIFTY,NSE_INDEX,FYERS_PAPER_PROXY_RESEARCH,PAPER_OVERRIDE::FYERS_PAPER_PROXY_RESEARCH,paper-strategy-8ade763620b6,opportunity-score-8ade763620b6,universe-a8e55c76a270
202608241401_5_BANKNIFTY_CE,2026-08-24T08:31:23.045115+00:00,BANKNIFTY,2026-08-25,57400.0,CE,173.75,173.55,173.95,25.0,2.0,41.74154442253676,2e840ccd58d1,"{""contract_quality_min"": 0.0, ""direction_min"": 0.0, ""excellent_score_min"": 41.74154442253676, ""execution_quality_min"": 100.0, ""expected_required_ratio_min"": 1.4166666666666667, ""final_confidence_min"": 72.31533744616885, ""iv_crush_max"": 28.5, ""market_hostility_max"": 20.726912330856226, ""min_5depth_lots_each_side"": 19.0, ""min_top_book_lots"": 1.0, ""premium_elasticity_min"": 0.3, ""regime_confidence_min"": 60.0, ""spread_pct_max"": 0.2302158273381164, ""trade_quality_min"": 2.8189550425357264}",BANKNIFTY,NSE_INDEX,FYERS_PAPER_PROXY_RESEARCH,PAPER_OVERRIDE::FYERS_PAPER_PROXY_RESEARCH,paper-strategy-8ade763620b6,opportunity-score-8ade763620b6,universe-a8e55c76a270
202608241405_1_MIDCPNIFTY_CE,2026-08-24T08:35:20.909935+00:00,MIDCPNIFTY,2026-08-25,14875.0,CE,52.6,52.45,52.75,10.520000000000001,2.0,52.24703328991251,712afad509f5,"{""contract_quality_min"": 0.0, ""direction_min"": 3.9026622212203894, ""excellent_score_min"": 52.24703328991251, ""execution_quality_min"": 100.0, ""expected_required_ratio_min"": 1.0833333333333335, ""final_confidence_min"": 81.1243603721441, ""iv_crush_max"": 28.5, ""market_hostility_max"": 20.281078451809964, ""min_5depth_lots_each_side"": 15.0, ""min_top_book_lots"": 1.0, ""premium_elasticity_min"": 0.5, ""regime_confidence_min"": 60.0, ""spread_pct_max"": 0.5703422053231885, ""trade_quality_min"": 30.12987012987013}",MIDCPNIFTY,NSE_INDEX,FYERS_PAPER_PROXY_RESEARCH,PAPER_OVERRIDE::FYERS_PAPER_PROXY_RESEARCH,paper-strategy-8ade763620b6,opportunity-score-8ade763620b6,universe-a8e55c76a270
202608241405_2_MIDCPNIFTY_CE,2026-08-24T08:35:20.911347+00:00,MIDCPNIFTY,2026-08-25,14850.0,CE,67.5,67.3,67.7,13.5,2.0,52.24703328991251,712afad509f5,"{""contract_quality_min"": 0.0, ""direction_min"": 3.9026622212203894, ""excellent_score_min"": 52.24703328991251, ""execution_quality_min"": 100.0, ""expected_required_ratio_min"": 1.0833333333333335, ""final_confidence_min"": 81.1243603721441, ""iv_crush_max"": 28.5, ""market_hostility_max"": 20.281078451809964, ""min_5depth_lots_each_side"": 6.0, ""min_top_book_lots"": 1.0, ""premium_elasticity_min"": 0.7, ""regime_confidence_min"": 60.0, ""spread_pct_max"": 0.592592592592601, ""trade_quality_min"": 30.12987012987013}",MIDCPNIFTY,NSE_INDEX,FYERS_PAPER_PROXY_RESEARCH,PAPER_OVERRIDE::FYERS_PAPER_PROXY_RESEARCH,paper-strategy-8ade763620b6,opportunity-score-8ade763620b6,universe-a8e55c76a270
202608241405_3_BANKNIFTY_CE,2026-08-24T08:35:20.911860+00:00,BANKNIFTY,2026-08-25,57300.0,CE,235.25,235.0,235.5,25.0,2.0,51.120275592400866,2e840ccd58d1,"{""contract_quality_min"": 0.0, ""direction_min"": 2.9166852012244435, ""excellent_score_min"": 51.120275592400866, ""execution_quality_min"": 100.0, ""expected_required_ratio_min"": 1.4166666666666667, ""final_confidence_min"": 79.43526062771929, ""iv_crush_max"": 28.5, ""market_hostility_max"": 21.18353916067098, ""min_5depth_lots_each_side"": 9.0, ""min_top_book_lots"": 1.0, ""premium_elasticity_min"": 0.5, ""regime_confidence_min"": 60.0, ""spread_pct_max"": 0.21253985122210414, ""trade_quality_min"": 24.992526158452076}",BANKNIFTY,NSE_INDEX,FYERS_PAPER_PROXY_RESEARCH,PAPER_OVERRIDE::FYERS_PAPER_PROXY_RESEARCH,paper-strategy-8ade763620b6,opportunity-score-8ade763620b6,universe-a8e55c76a270
202608241405_4_BANKNIFTY_PE,2026-08-24T08:35:20.912372+00:00,BANKNIFTY,2026-08-25,57300.0,PE,144.64999999999998,144.45,144.85,25.0,2.0,50.595272256180465,2e840ccd58d1,"{""contract_quality_min"": 0.0, ""direction_min"": 0.0, ""excellent_score_min"": 50.595272256180465, ""execution_quality_min"": 100.0, ""expected_required_ratio_min"": 1.4166666666666667, ""final_confidence_min"": 78.56025506735196, ""iv_crush_max"": 28.5, ""market_hostility_max"": 21.18353916067098, ""min_5depth_lots_each_side"": 22.0, ""min_top_book_lots"": 1.0, ""premium_elasticity_min"": 0.5, ""regime_confidence_min"": 60.0, ""spread_pct_max"": 0.27652955409609803, ""trade_quality_min"": 24.992526158452076}",BANKNIFTY,NSE_INDEX,FYERS_PAPER_PROXY_RESEARCH,PAPER_OVERRIDE::FYERS_PAPER_PROXY_RESEARCH,paper-strategy-8ade763620b6,opportunity-score-8ade763620b6,universe-a8e55c76a270
202608241405_5_BANKNIFTY_PE,2026-08-24T08:35:20.912810+00:00,BANKNIFTY,2026-08-25,57400.0,PE,190.425,190.15,190.7,25.0,2.0,50.595272256180465,2e840ccd58d1,"{""contract_quality_min"": 0.0, ""direction_min"": 0.0, ""excellent_score_min"": 50.595272256180465, ""execution_quality_min"": 100.0, ""expected_required_ratio_min"": 1.4166666666666667, ""final_confidence_min"": 78.56025506735196, ""iv_crush_max"": 28.5, ""market_hostility_max"": 21.18353916067098, ""min_5depth_lots_each_side"": 14.0, ""min_top_book_lots"": 1.0, ""premium_elasticity_min"": 0.7, ""regime_confidence_min"": 60.0, ""spread_pct_max"": 0.28882762242351734, ""trade_quality_min"": 24.992526158452076}",BANKNIFTY,NSE_INDEX,FYERS_PAPER_PROXY_RESEARCH,PAPER_OVERRIDE::FYERS_PAPER_PROXY_RESEARCH,paper-strategy-8ade763620b6,opportunity-score-8ade763620b6,universe-a8e55c76a270
202608241406_1_MIDCPNIFTY_CE,2026-08-24T08:36:39.928385+00:00,MIDCPNIFTY,2026-08-25,14850.0,CE,67.05,66.8,67.3,13.41,2.0,50.47100763715082,712afad509f5,"{""contract_quality_min"": 0.0, ""direction_min"": 2.8253243236879904, ""excellent_score_min"": 50.47100763715082, ""execution_quality_min"": 100.0, ""expected_required_ratio_min"": 1.0833333333333335, ""final_confidence_min"": 79.27073742406434, ""iv_crush_max"": 28.5, ""market_hostility_max"": 20.35725493360574, ""min_5depth_lots_each_side"": 11.0, ""min_top_book_lots"": 2.0, ""premium_elasticity_min"": 0.7, ""regime_confidence_min"": 60.0, ""spread_pct_max"": 0.7457121551081283, ""trade_quality_min"": 24.489795918370465}",MIDCPNIFTY,NSE_INDEX,FYERS_PAPER_PROXY_RESEARCH,PAPER_OVERRIDE::FYERS_PAPER_PROXY_RESEARCH,paper-strategy-8ade763620b6,opportunity-score-8ade763620b6,universe-a8e55c76a270
202608241406_2_MIDCPNIFTY_PE,2026-08-24T08:36:39.929311+00:00,MIDCPNIFTY,2026-08-25,14875.0,PE,40.474999999999994,40.3,40.65,8.094999999999999,2.0,49.54631937271383,712afad509f5,"{""contract_quality_min"": 0.0, ""direction_min"": 0.0, ""excellent_score_min"": 49.54631937271383, ""execution_quality_min"": 97.2258007588457, ""expected_required_ratio_min"": 1.0833333333333335, ""final_confidence_min"": 78.42314012695793, ""iv_crush_max"": 28.5, ""market_hostility_max"": 20.35725493360574, ""min_5depth_lots_each_side"": 10.0, ""min_top_book_lots"": 1.0, ""premium_elasticity_min"": 0.5, ""regime_confidence_min"": 60.0, ""spread_pct_max"": 0.8647313156269338, ""trade_quality_min"": 24.489795918370465}",MIDCPNIFTY,NSE_INDEX,FYERS_PAPER_PROXY_RESEARCH,PAPER_OVERRIDE::FYERS_PAPER_PROXY_RESEARCH,paper-strategy-8ade763620b6,opportunity-score-8ade763620b6,universe-a8e55c76a270
202608241406_3_BANKNIFTY_CE,2026-08-24T08:36:39.929825+00:00,BANKNIFTY,2026-08-25,57200.0,CE,298.04999999999995,297.7,298.4,25.0,2.0,47.02862011030851,2e840ccd58d1,"{""contract_quality_min"": 0.0, ""direction_min"": 1.1790221267217988, ""excellent_score_min"": 47.02862011030851, ""execution_quality_min"": 100.0, ""expected_required_ratio_min"": 1.4166666666666667, ""final_confidence_min"": 75.17642191262331, ""iv_crush_max"": 28.5, ""market_hostility_max"": 21.476730245231845, ""min_5depth_lots_each_side"": 21.0, ""min_top_book_lots"": 1.0, ""premium_elasticity_min"": 0.7, ""regime_confidence_min"": 60.0, ""spread_pct_max"": 0.23485992283173587, ""trade_quality_min"": 11.66522864538345}",BANKNIFTY,NSE_INDEX,FYERS_PAPER_PROXY_RESEARCH,PAPER_OVERRIDE::FYERS_PAPER_PROXY_RESEARCH,paper-strategy-8ade763620b6,opportunity-score-8ade763620b6,universe-a8e55c76a270
202608241406_4_BANKNIFTY_PE,2026-08-24T08:36:39.930370+00:00,BANKNIFTY,2026-08-25,57300.0,PE,145.5,145.35,145.65,25.0,2.0,46.81639612749858,2e840ccd58d1,"{""contract_quality_min"": 0.0, ""direction_min"": 0.0, ""excellent_score_min"": 46.81639612749858, ""execution_quality_min"": 100.0, ""expected_required_ratio_min"": 1.4166666666666667, ""final_confidence_min"": 74.82271527460676, ""iv_crush_max"": 28.5, ""market_hostility_max"": 21.476730245231845, ""min_5depth_lots_each_side"": 33.0, ""min_top_book_lots"": 1.0, ""premium_elasticity_min"": 0.5, ""regime_confidence_min"": 60.0, ""spread_pct_max"": 0.2061855670103171, ""trade_quality_min"": 11.66522864538345}",BANKNIFTY,NSE_INDEX,FYERS_PAPER_PROXY_RESEARCH,PAPER_OVERRIDE::FYERS_PAPER_PROXY_RESEARCH,paper-strategy-8ade763620b6,opportunity-score-8ade763620b6,universe-a8e55c76a270
202608241406_5_BANKNIFTY_PE,2026-08-24T08:36:39.930939+00:00,BANKNIFTY,2026-08-25,57400.0,PE,191.6,191.25,191.95,25.0,2.0,46.81639612749858,2e840ccd58d1,"{""contract_quality_min"": 0.0, ""direction_min"": 0.0, ""excellent_score_min"": 46.81639612749858, ""execution_quality_min"": 100.0, ""expected_required_ratio_min"": 1.4166666666666667, ""final_confidence_min"": 74.82271527460676, ""iv_crush_max"": 28.5, ""market_hostility_max"": 21.476730245231845, ""min_5depth_lots_each_side"": 24.0, ""min_top_book_lots"": 2.0, ""premium_elasticity_min"": 0.7, ""regime_confidence_min"": 60.0, ""spread_pct_max"": 0.36534446764091266, ""trade_quality_min"": 11.66522864538345}",BANKNIFTY,NSE_INDEX,FYERS_PAPER_PROXY_RESEARCH,PAPER_OVERRIDE::FYERS_PAPER_PROXY_RESEARCH,paper-strategy-8ade763620b6,opportunity-score-8ade763620b6,universe-a8e55c76a270
202608241409_1_MIDCPNIFTY_CE,2026-08-24T08:39:16.085325+00:00,MIDCPNIFTY,2026-08-25,14850.0,CE,65.57499999999999,65.35,65.8,13.114999999999998,2.0,44.57521636562513,712afad509f5,"{""contract_quality_min"": 0.0, ""direction_min"": 0.0, ""excellent_score_min"": 44.57521636562513, ""execution_quality_min"": 100.0, ""expected_required_ratio_min"": 1.0833333333333335, ""final_confidence_min"": 72.98297997545345, ""iv_crush_max"": 28.5, ""market_hostility_max"": 20.573659861016868, ""min_5depth_lots_each_side"": 11.0, ""min_top_book_lots"": 2.0, ""premium_elasticity_min"": 0.7, ""regime_confidence_min"": 60.0, ""spread_pct_max"": 0.6862371330537598, ""trade_quality_min"": 5.333333333336011}",MIDCPNIFTY,NSE_INDEX,FYERS_PAPER_PROXY_RESEARCH,PAPER_OVERRIDE::FYERS_PAPER_PROXY_RESEARCH,paper-strategy-8ade763620b6,opportunity-score-8ade763620b6,universe-a8e55c76a270
202608241409_2_BANKNIFTY_CE,2026-08-24T08:39:16.086004+00:00,BANKNIFTY,2026-08-25,57300.0,CE,230.725,230.45,231.0,25.0,2.0,43.8315273578379,2e840ccd58d1,"{""contract_quality_min"": 0.0, ""direction_min"": 0.09069187435707557, ""excellent_score_min"": 43.8315273578379, ""execution_quality_min"": 100.0, ""expected_required_ratio_min"": 1.4166666666666665, ""final_confidence_min"": 71.78801011360801, ""iv_crush_max"": 28.5, ""market_hostility_max"": 21.506197513554014, ""min_5depth_lots_each_side"": 15.0, ""min_top_book_lots"": 1.0, ""premium_elasticity_min"": 0.5, ""regime_confidence_min"": 60.0, ""spread_pct_max"": 0.23837902264601207, ""trade_quality_min"": 0.9146877748481574}",BANKNIFTY,NSE_INDEX,FYERS_PAPER_PROXY_RESEARCH,PAPER_OVERRIDE::FYERS_PAPER_PROXY_RESEARCH,paper-strategy-8ade763620b6,opportunity-score-8ade763620b6,universe-a8e55c76a270
202608241409_3_BANKNIFTY_PE,2026-08-24T08:39:16.086494+00:00,BANKNIFTY,2026-08-25,57300.0,PE,146.97500000000002,146.8,147.15,25.0,2.0,43.81520282045362,2e840ccd58d1,"{""contract_quality_min"": 0.0, ""direction_min"": 0.0, ""excellent_score_min"": 43.81520282045362, ""execution_quality_min"": 100.0, ""expected_required_ratio_min"": 1.4166666666666665, ""final_confidence_min"": 71.76080255130088, ""iv_crush_max"": 28.5, ""market_hostility_max"": 21.506197513554014, ""min_5depth_lots_each_side"": 16.0, ""min_top_book_lots"": 3.0, ""premium_elasticity_min"": 0.5, ""regime_confidence_min"": 60.0, ""spread_pct_max"": 0.23813573737029714, ""trade_quality_min"": 0.9146877748481574}",BANKNIFTY,NSE_INDEX,FYERS_PAPER_PROXY_RESEARCH,PAPER_OVERRIDE::FYERS_PAPER_PROXY_RESEARCH,paper-strategy-8ade763620b6,opportunity-score-8ade763620b6,universe-a8e55c76a270
202608241409_4_BANKNIFTY_PE,2026-08-24T08:39:16.087017+00:00,BANKNIFTY,2026-08-25,57400.0,PE,193.725,193.45,194.0,25.0,2.0,43.81520282045362,2e840ccd58d1,"{""contract_quality_min"": 0.0, ""direction_min"": 0.0, ""excellent_score_min"": 43.81520282045362, ""execution_quality_min"": 100.0, ""expected_required_ratio_min"": 1.4166666666666665, ""final_confidence_min"": 71.76080255130088, ""iv_crush_max"": 28.5, ""market_hostility_max"": 21.506197513554014, ""min_5depth_lots_each_side"": 22.0, ""min_top_book_lots"": 1.0, ""premium_elasticity_min"": 0.7, ""regime_confidence_min"": 60.0, ""spread_pct_max"": 0.2839076009807776, ""trade_quality_min"": 0.9146877748481574}",BANKNIFTY,NSE_INDEX,FYERS_PAPER_PROXY_RESEARCH,PAPER_OVERRIDE::FYERS_PAPER_PROXY_RESEARCH,paper-strategy-8ade763620b6,opportunity-score-8ade763620b6,universe-a8e55c76a270
202608241409_5_MIDCPNIFTY_CE,2026-08-24T08:39:16.087466+00:00,MIDCPNIFTY,2026-08-25,14900.0,CE,38.325,38.2,38.45,7.665000000000001,2.0,41.775216365625134,712afad509f5,"{""contract_quality_min"": 0.0, ""direction_min"": 0.0, ""excellent_score_min"": 41.775216365625134, ""execution_quality_min"": 100.0, ""expected_required_ratio_min"": 1.0833333333333335, ""final_confidence_min"": 72.98297997545345, ""iv_crush_max"": 28.5, ""market_hostility_max"": 20.573659861016868, ""min_5depth_lots_each_side"": 31.0, ""min_top_book_lots"": 3.0, ""premium_elasticity_min"": 0.3, ""regime_confidence_min"": 60.0, ""spread_pct_max"": 0.6523157208088715, ""trade_quality_min"": 5.333333333336011}",MIDCPNIFTY,NSE_INDEX,FYERS_PAPER_PROXY_RESEARCH,PAPER_OVERRIDE::FYERS_PAPER_PROXY_RESEARCH,paper-strategy-8ade763620b6,opportunity-score-8ade763620b6,universe-a8e55c76a270
202608241410_1_BANKNIFTY_CE,2026-08-24T08:40:35.797655+00:00,BANKNIFTY,2026-08-25,57400.0,CE,179.3,179.15,179.45,25.0,2.0,47.761980762858414,2e840ccd58d1,"{""contract_quality_min"": 0.0, ""direction_min"": 1.032402978971096, ""excellent_score_min"": 47.761980762858414, ""execution_quality_min"": 100.0, ""expected_required_ratio_min"": 1.4166666666666665, ""final_confidence_min"": 75.94471551931012, ""iv_crush_max"": 28.5, ""market_hostility_max"": 21.396921851887914, ""min_5depth_lots_each_side"": 39.0, ""min_top_book_lots"": 22.0, ""premium_elasticity_min"": 0.5, ""regime_confidence_min"": 60.0, ""spread_pct_max"": 0.16731734523144612, ""trade_quality_min"": 14.29951690821487}",BANKNIFTY,NSE_INDEX,FYERS_PAPER_PROXY_RESEARCH,PAPER_OVERRIDE::FYERS_PAPER_PROXY_RESEARCH,paper-strategy-8ade763620b6,opportunity-score-8ade763620b6,universe-a8e55c76a270
202608241410_2_BANKNIFTY_CE,2026-08-24T08:40:35.799047+00:00,BANKNIFTY,2026-08-25,57300.0,CE,234.125,233.8,234.45,25.0,2.0,47.761980762858414,2e840ccd58d1,"{""contract_quality_min"": 0.0, ""direction_min"": 1.032402978971096, ""excellent_score_min"": 47.761980762858414, ""execution_quality_min"": 100.0, ""expected_required_ratio_min"": 1.4166666666666665, ""final_confidence_min"": 75.94471551931012, ""iv_crush_max"": 28.5, ""market_hostility_max"": 21.396921851887914, ""min_5depth_lots_each_side"": 22.0, ""min_top_book_lots"": 2.0, ""premium_elasticity_min"": 0.7, ""regime_confidence_min"": 60.0, ""spread_pct_max"": 0.2776294714361889, ""trade_quality_min"": 14.29951690821487}",BANKNIFTY,NSE_INDEX,FYERS_PAPER_PROXY_RESEARCH,PAPER_OVERRIDE::FYERS_PAPER_PROXY_RESEARCH,paper-strategy-8ade763620b6,opportunity-score-8ade763620b6,universe-a8e55c76a270
202608241410_3_BANKNIFTY_PE,2026-08-24T08:40:35.799636+00:00,BANKNIFTY,2026-08-25,57400.0,PE,189.7,189.55,189.85,25.0,2.0,47.57614822664362,2e840ccd58d1,"{""contract_quality_min"": 0.0, ""direction_min"": 0.0, ""excellent_score_min"": 47.57614822664362, ""execution_quality_min"": 100.0, ""expected_required_ratio_min"": 1.4166666666666665, ""final_confidence_min"": 75.6349946256188, ""iv_crush_max"": 28.5, ""market_hostility_max"": 21.396921851887914, ""min_5depth_lots_each_side"": 14.0, ""min_top_book_lots"": 1.0, ""premium_elasticity_min"": 0.5, ""regime_confidence_min"": 60.0, ""spread_pct_max"": 0.15814443858723404, ""trade_quality_min"": 14.29951690821487}",BANKNIFTY,NSE_INDEX,FYERS_PAPER_PROXY_RESEARCH,PAPER_OVERRIDE::FYERS_PAPER_PROXY_RESEARCH,paper-strategy-8ade763620b6,opportunity-score-8ade763620b6,universe-a8e55c76a270
202608241410_4_BANKNIFTY_PE,2026-08-24T08:40:35.800157+00:00,BANKNIFTY,2026-08-25,57300.0,PE,143.85,143.7,144.0,25.0,2.0,44.77614822664362,2e840ccd58d1,"{""contract_quality_min"": 0.0, ""direction_min"": 0.0, ""excellent_score_min"": 44.77614822664362, ""execution_quality_min"": 100.0, ""expected_required_ratio_min"": 1.4166666666666665, ""final_confidence_min"": 75.6349946256188, ""iv_crush_max"": 28.5, ""market_hostility_max"": 21.396921851887914, ""min_5depth_lots_each_side"": 51.0, ""min_top_book_lots"": 15.0, ""premium_elasticity_min"": 0.3, ""regime_confidence_min"": 60.0, ""spread_pct_max"": 0.20855057351408507, ""trade_quality_min"": 14.29951690821487}",BANKNIFTY,NSE_INDEX,FYERS_PAPER_PROXY_RESEARCH,PAPER_OVERRIDE::FYERS_PAPER_PROXY_RESEARCH,paper-strategy-8ade763620b6,opportunity-score-8ade763620b6,universe-a8e55c76a270
202608241410_5_MIDCPNIFTY_CE,2026-08-24T08:40:35.800676+00:00,MIDCPNIFTY,2026-08-25,14875.0,CE,52.3,52.15,52.45,10.46,2.0,43.55054345130701,712afad509f5,"{""contract_quality_min"": 0.0, ""direction_min"": 0.0, ""excellent_score_min"": 43.55054345130701, ""execution_quality_min"": 100.0, ""expected_required_ratio_min"": 1.0833333333333333, ""final_confidence_min"": 71.85365828366947, ""iv_crush_max"": 28.5, ""market_hostility_max"": 20.133395427242924, ""min_5depth_lots_each_side"": 17.0, ""min_top_book_lots"": 3.0, ""premium_elasticity_min"": 0.5, ""regime_confidence_min"": 60.0, ""spread_pct_max"": 0.5736137667304098, ""trade_quality_min"": 1.2461059190031718}",MIDCPNIFTY,NSE_INDEX,FYERS_PAPER_PROXY_RESEARCH,PAPER_OVERRIDE::FYERS_PAPER_PROXY_RESEARCH,paper-strategy-8ade763620b6,opportunity-score-8ade763620b6,universe-a8e55c76a270
202608241413_1_MIDCPNIFTY_PE,2026-08-24T08:43:43.565628+00:00,MIDCPNIFTY,2026-08-25,14875.0,PE,41.725,41.6,41.85,8.345,2.0,46.670949144760534,712afad509f5,"{""contract_quality_min"": 0.0, ""direction_min"": 1.1566757676434507, ""excellent_score_min"": 46.670949144760534, ""execution_quality_min"": 100.0, ""expected_required_ratio_min"": 1.0833333333333333, ""final_confidence_min"": 75.14824883989584, ""iv_crush_max"": 28.5, ""market_hostility_max"": 19.856148374838124, ""min_5depth_lots_each_side"": 18.0, ""min_top_book_lots"": 1.0, ""premium_elasticity_min"": 0.5, ""regime_confidence_min"": 60.0, ""spread_pct_max"": 0.5991611743559018, ""trade_quality_min"": 11.582491582497722}",MIDCPNIFTY,NSE_INDEX,FYERS_PAPER_PROXY_RESEARCH,PAPER_OVERRIDE::FYERS_PAPER_PROXY_RESEARCH,paper-strategy-8ade763620b6,opportunity-score-8ade763620b6,universe-a8e55c76a270
202608241413_2_MIDCPNIFTY_PE,2026-08-24T08:43:43.566296+00:00,MIDCPNIFTY,2026-08-25,14900.0,PE,54.474999999999994,54.3,54.65,10.895,2.0,46.670949144760534,712afad509f5,"{""contract_quality_min"": 0.0, ""direction_min"": 1.1566757676434507, ""excellent_score_min"": 46.670949144760534, ""execution_quality_min"": 100.0, ""expected_required_ratio_min"": 1.0833333333333333, ""final_confidence_min"": 75.14824883989584, ""iv_crush_max"": 28.5, ""market_hostility_max"": 19.856148374838124, ""min_5depth_lots_each_side"": 22.0, ""min_top_book_lots"": 2.0, ""premium_elasticity_min"": 0.7, ""regime_confidence_min"": 60.0, ""spread_pct_max"": 0.642496558054156, ""trade_quality_min"": 11.582491582497722}",MIDCPNIFTY,NSE_INDEX,FYERS_PAPER_PROXY_RESEARCH,PAPER_OVERRIDE::FYERS_PAPER_PROXY_RESEARCH,paper-strategy-8ade763620b6,opportunity-score-8ade763620b6,universe-a8e55c76a270
202608241413_3_MIDCPNIFTY_CE,2026-08-24T08:43:43.566760+00:00,MIDCPNIFTY,2026-08-25,14875.0,CE,50.3,50.15,50.45,10.06,2.0,46.46274750658471,712afad509f5,"{""contract_quality_min"": 0.0, ""direction_min"": 0.0, ""excellent_score_min"": 46.46274750658471, ""execution_quality_min"": 100.0, ""expected_required_ratio_min"": 1.0833333333333333, ""final_confidence_min"": 74.8012461096028, ""iv_crush_max"": 28.5, ""market_hostility_max"": 19.856148374838124, ""min_5depth_lots_each_side"": 19.0, ""min_top_book_lots"": 1.0, ""premium_elasticity_min"": 0.5, ""regime_confidence_min"": 60.0, ""spread_pct_max"": 0.5964214711729707, ""trade_quality_min"": 11.582491582497722}",MIDCPNIFTY,NSE_INDEX,FYERS_PAPER_PROXY_RESEARCH,PAPER_OVERRIDE::FYERS_PAPER_PROXY_RESEARCH,paper-strategy-8ade763620b6,opportunity-score-8ade763620b6,universe-a8e55c76a270
202608241413_4_MIDCPNIFTY_CE,2026-08-24T08:43:43.567244+00:00,MIDCPNIFTY,2026-08-25,14850.0,CE,65.07499999999999,64.85,65.3,13.014999999999999,2.0,46.46274750658471,712afad509f5,"{""contract_quality_min"": 0.0, ""direction_min"": 0.0, ""excellent_score_min"": 46.46274750658471, ""execution_quality_min"": 100.0, ""expected_required_ratio_min"": 1.0833333333333333, ""final_confidence_min"": 74.8012461096028, ""iv_crush_max"": 28.5, ""market_hostility_max"": 19.856148374838124, ""min_5depth_lots_each_side"": 6.0, ""min_top_book_lots"": 2.0, ""premium_elasticity_min"": 0.7, ""regime_confidence_min"": 60.0, ""spread_pct_max"": 0.6915097963887866, ""trade_quality_min"": 11.582491582497722}",MIDCPNIFTY,NSE_INDEX,FYERS_PAPER_PROXY_RESEARCH,PAPER_OVERRIDE::FYERS_PAPER_PROXY_RESEARCH,paper-strategy-8ade763620b6,opportunity-score-8ade763620b6,universe-a8e55c76a270
202608241413_5_BANKNIFTY_PE,2026-08-24T08:43:43.567781+00:00,BANKNIFTY,2026-08-25,57300.0,PE,146.65,146.4,146.9,25.0,2.0,46.10146348764765,2e840ccd58d1,"{""contract_quality_min"": 0.0, ""direction_min"": 0.48829146815293284, ""excellent_score_min"": 46.10146348764765, ""execution_quality_min"": 100.0, ""expected_required_ratio_min"": 1.4166666666666667, ""final_confidence_min"": 74.21475315418374, ""iv_crush_max"": 28.5, ""market_hostility_max"": 21.526053638510717, ""min_5depth_lots_each_side"": 32.0, ""min_top_book_lots"": 3.0, ""premium_elasticity_min"": 0.5, ""regime_confidence_min"": 60.0, ""spread_pct_max"": 0.34094783498124787, ""trade_quality_min"": 8.805031446536047}",BANKNIFTY,NSE_INDEX,FYERS_PAPER_PROXY_RESEARCH,PAPER_OVERRIDE::FYERS_PAPER_PROXY_RESEARCH,paper-strategy-8ade763620b6,opportunity-score-8ade763620b6,universe-a8e55c76a270
202608241415_1_MIDCPNIFTY_PE,2026-08-24T08:45:03.206176+00:00,MIDCPNIFTY,2026-08-25,14875.0,PE,41.1,40.95,41.25,8.22,2.0,46.601907724614236,712afad509f5,"{""contract_quality_min"": 0.0, ""direction_min"": 1.2374032017813719, ""excellent_score_min"": 46.601907724614236, ""execution_quality_min"": 100.0, ""expected_required_ratio_min"": 1.0833333333333335, ""final_confidence_min"": 75.07211354775325, ""iv_crush_max"": 28.5, ""market_hostility_max"": 19.999349860332227, ""min_5depth_lots_each_side"": 22.0, ""min_top_book_lots"": 3.0, ""premium_elasticity_min"": 0.5, ""regime_confidence_min"": 60.0, ""spread_pct_max"": 0.7299270072992631, ""trade_quality_min"": 11.28834355828681}",MIDCPNIFTY,NSE_INDEX,FYERS_PAPER_PROXY_RESEARCH,PAPER_OVERRIDE::FYERS_PAPER_PROXY_RESEARCH,paper-strategy-8ade763620b6,opportunity-score-8ade763620b6,universe-a8e55c76a270
202608241415_2_MIDCPNIFTY_PE,2026-08-24T08:45:03.209471+00:00,MIDCPNIFTY,2026-08-25,14900.0,PE,53.4,53.25,53.55,10.68,2.0,46.601907724614236,712afad509f5,"{""contract_quality_min"": 0.0, ""direction_min"": 1.2374032017813719, ""excellent_score_min"": 46.601907724614236, ""execution_quality_min"": 100.0, ""expected_required_ratio_min"": 1.0833333333333335, ""final_confidence_min"": 75.07211354775325, ""iv_crush_max"": 28.5, ""market_hostility_max"": 19.999349860332227, ""min_5depth_lots_each_side"": 14.0, ""min_top_book_lots"": 2.0, ""premium_elasticity_min"": 0.7, ""regime_confidence_min"": 60.0, ""spread_pct_max"": 0.5617977528089835, ""trade_quality_min"": 11.28834355828681}",MIDCPNIFTY,NSE_INDEX,FYERS_PAPER_PROXY_RESEARCH,PAPER_OVERRIDE::FYERS_PAPER_PROXY_RESEARCH,paper-strategy-8ade763620b6,opportunity-score-8ade763620b6,universe-a8e55c76a270
202608241415_3_MIDCPNIFTY_CE,2026-08-24T08:45:03.210499+00:00,MIDCPNIFTY,2026-08-25,14850.0,CE,65.65,65.45,65.85,13.130000000000003,2.0,46.379175148293584,712afad509f5,"{""contract_quality_min"": 0.0, ""direction_min"": 0.0, ""excellent_score_min"": 46.379175148293584, ""execution_quality_min"": 100.0, ""expected_required_ratio_min"": 1.0833333333333335, ""final_confidence_min"": 74.70089258721885, ""iv_crush_max"": 28.5, ""market_hostility_max"": 19.999349860332227, ""min_5depth_lots_each_side"": 10.0, ""min_top_book_lots"": 2.0, ""premium_elasticity_min"": 0.7, ""regime_confidence_min"": 60.0, ""spread_pct_max"": 0.6092916984005962, ""trade_quality_min"": 11.28834355828681}",MIDCPNIFTY,NSE_INDEX,FYERS_PAPER_PROXY_RESEARCH,PAPER_OVERRIDE::FYERS_PAPER_PROXY_RESEARCH,paper-strategy-8ade763620b6,opportunity-score-8ade763620b6,universe-a8e55c76a270
202608241415_4_BANKNIFTY_CE,2026-08-24T08:45:03.211285+00:00,BANKNIFTY,2026-08-25,57300.0,CE,230.75,230.4,231.1,25.0,2.0,44.7940316037405,2e840ccd58d1,"{""contract_quality_min"": 0.0, ""direction_min"": 0.286008016943622, ""excellent_score_min"": 44.7940316037405, ""execution_quality_min"": 100.0, ""expected_required_ratio_min"": 1.4166666666666667, ""final_confidence_min"": 72.91528613977661, ""iv_crush_max"": 28.5, ""market_hostility_max"": 21.88420930856507, ""min_5depth_lots_each_side"": 32.0, ""min_top_book_lots"": 3.0, ""premium_elasticity_min"": 0.5, ""regime_confidence_min"": 60.0, ""spread_pct_max"": 0.3033586132177632, ""trade_quality_min"": 4.574616457450233}",BANKNIFTY,NSE_INDEX,FYERS_PAPER_PROXY_RESEARCH,PAPER_OVERRIDE::FYERS_PAPER_PROXY_RESEARCH,paper-strategy-8ade763620b6,opportunity-score-8ade763620b6,universe-a8e55c76a270
202608241415_5_BANKNIFTY_CE,2026-08-24T08:45:03.212069+00:00,BANKNIFTY,2026-08-25,57200.0,CE,293.8,293.6,294.0,25.0,2.0,44.7940316037405,2e840ccd58d1,"{""contract_quality_min"": 0.0, ""direction_min"": 0.286008016943622, ""excellent_score_min"": 44.7940316037405, ""execution_quality_min"": 100.0, ""expected_required_ratio_min"": 1.4166666666666667, ""final_confidence_min"": 72.91528613977661, ""iv_crush_max"": 28.5, ""market_hostility_max"": 21.88420930856507, ""min_5depth_lots_each_side"": 6.0, ""min_top_book_lots"": 1.0, ""premium_elasticity_min"": 0.7, ""regime_confidence_min"": 60.0, ""spread_pct_max"": 0.1361470388018983, ""trade_quality_min"": 4.574616457450233}",BANKNIFTY,NSE_INDEX,FYERS_PAPER_PROXY_RESEARCH,PAPER_OVERRIDE::FYERS_PAPER_PROXY_RESEARCH,paper-strategy-8ade763620b6,opportunity-score-8ade763620b6,universe-a8e55c76a270
