skip_id,window_minutes,observed_at,underlying,instrument_id,instrument_class,gate_snapshot_id,gate_features_json,ComparableOpportunityScore,strategy_version,score_version,parameter_profile,source,future_bid,future_ask,mfe_points,mae_points,would_have_hit_target,would_have_hit_stop,forward_r_multiple,status,reason,evidence_profile
202608241225_1_FINNIFTY_PE,5,2026-08-24T12:31:11.537184+05:30,FINNIFTY,FINNIFTY,NSE_INDEX,e172b0fef65b,"{""contract_quality_min"": 0.0, ""direction_min"": 1.835458769095463, ""excellent_score_min"": 52.21116605774306, ""execution_quality_min"": 100.0, ""expected_required_ratio_min"": 1.25, ""final_confidence_min"": 80.39807330638003, ""iv_crush_max"": 28.5, ""market_hostility_max"": 20.30635532308942, ""min_5depth_lots_each_side"": 11.0, ""min_top_book_lots"": 1.0, ""premium_elasticity_min"": 0.5, ""regime_confidence_min"": 60.0, ""spread_pct_max"": 0.7523510971786763, ""trade_quality_min"": 28.74251497005237}",52.21116605774306,paper-strategy-8ade763620b6,opportunity-score-8ade763620b6,PAPER_OVERRIDE::FYERS_PAPER_PROXY_RESEARCH,SKIPPED_FORWARD_PROXY,83.9,84.55,4.150000000000006,0.0,False,False,0.26018808777429503,OBSERVED,,FYERS_PAPER_PROXY_RESEARCH
202608241225_2_FINNIFTY_CE,5,2026-08-24T12:31:11.537184+05:30,FINNIFTY,FINNIFTY,NSE_INDEX,e172b0fef65b,"{""contract_quality_min"": 0.0, ""direction_min"": 0.0, ""excellent_score_min"": 51.880783479305876, ""execution_quality_min"": 100.0, ""expected_required_ratio_min"": 1.25, ""final_confidence_min"": 79.8474356756514, ""iv_crush_max"": 28.5, ""market_hostility_max"": 20.30635532308942, ""min_5depth_lots_each_side"": 5.0, ""min_top_book_lots"": 1.0, ""premium_elasticity_min"": 0.7, ""regime_confidence_min"": 60.0, ""spread_pct_max"": 0.3656307129798903, ""trade_quality_min"": 28.74251497005237}",51.880783479305876,paper-strategy-8ade763620b6,opportunity-score-8ade763620b6,PAPER_OVERRIDE::FYERS_PAPER_PROXY_RESEARCH,SKIPPED_FORWARD_PROXY,129.6,131.2,0.0,-7.150000000000006,False,False,-0.28600000000000025,OBSERVED,,FYERS_PAPER_PROXY_RESEARCH
202608241225_3_FINNIFTY_CE,5,2026-08-24T12:31:11.537184+05:30,FINNIFTY,FINNIFTY,NSE_INDEX,e172b0fef65b,"{""contract_quality_min"": 0.0, ""direction_min"": 0.0, ""excellent_score_min"": 49.066502172830866, ""execution_quality_min"": 99.90479129016663, ""expected_required_ratio_min"": 1.25, ""final_confidence_min"": 79.8474356756514, ""iv_crush_max"": 28.5, ""market_hostility_max"": 20.30635532308942, ""min_5depth_lots_each_side"": 8.0, ""min_top_book_lots"": 2.0, ""premium_elasticity_min"": 0.3, ""regime_confidence_min"": 60.0, ""spread_pct_max"": 0.8022215365627787, ""trade_quality_min"": 28.74251497005237}",49.066502172830866,paper-strategy-8ade763620b6,opportunity-score-8ade763620b6,PAPER_OVERRIDE::FYERS_PAPER_PROXY_RESEARCH,SKIPPED_FORWARD_PROXY,76.0,76.5,0.0,-5.025000000000006,False,False,-0.31008947855600155,OBSERVED,,FYERS_PAPER_PROXY_RESEARCH
202608241225_4_MIDCPNIFTY_CE,5,2026-08-24T12:31:11.537184+05:30,MIDCPNIFTY,MIDCPNIFTY,NSE_INDEX,712afad509f5,"{""contract_quality_min"": 0.0, ""direction_min"": 2.474606702284164, ""excellent_score_min"": 48.73465380199522, ""execution_quality_min"": 100.0, ""expected_required_ratio_min"": 1.0833333333333335, ""final_confidence_min"": 77.4469485810993, ""iv_crush_max"": 28.5, ""market_hostility_max"": 20.458786831684968, ""min_5depth_lots_each_side"": 11.0, ""min_top_book_lots"": 2.0, ""premium_elasticity_min"": 0.5, ""regime_confidence_min"": 60.0, ""spread_pct_max"": 0.5286343612334752, ""trade_quality_min"": 18.58585858585562}",48.73465380199522,paper-strategy-8ade763620b6,opportunity-score-8ade763620b6,PAPER_OVERRIDE::FYERS_PAPER_PROXY_RESEARCH,SKIPPED_FORWARD_PROXY,,,UNAVAILABLE,UNAVAILABLE,UNAVAILABLE,UNAVAILABLE,UNAVAILABLE,UNAVAILABLE,Future quote invalid,FYERS_PAPER_PROXY_RESEARCH
202608241225_5_MIDCPNIFTY_CE,5,2026-08-24T12:31:11.537184+05:30,MIDCPNIFTY,MIDCPNIFTY,NSE_INDEX,712afad509f5,"{""contract_quality_min"": 0.0, ""direction_min"": 2.474606702284164, ""excellent_score_min"": 48.73465380199522, ""execution_quality_min"": 100.0, ""expected_required_ratio_min"": 1.0833333333333335, ""final_confidence_min"": 77.4469485810993, ""iv_crush_max"": 28.5, ""market_hostility_max"": 20.458786831684968, ""min_5depth_lots_each_side"": 18.0, ""min_top_book_lots"": 2.0, ""premium_elasticity_min"": 0.7, ""regime_confidence_min"": 60.0, ""spread_pct_max"": 0.6858710562414266, ""trade_quality_min"": 18.58585858585562}",48.73465380199522,paper-strategy-8ade763620b6,opportunity-score-8ade763620b6,PAPER_OVERRIDE::FYERS_PAPER_PROXY_RESEARCH,SKIPPED_FORWARD_PROXY,,,UNAVAILABLE,UNAVAILABLE,UNAVAILABLE,UNAVAILABLE,UNAVAILABLE,UNAVAILABLE,Future quote invalid,FYERS_PAPER_PROXY_RESEARCH
202608241227_1_NIFTY_CE,5,2026-08-24T12:32:18.937654+05:30,NIFTY,NIFTY,NSE_INDEX,00929e22c867,"{""contract_quality_min"": 0.0, ""direction_min"": 0.9590145298973458, ""excellent_score_min"": 53.648725769531154, ""execution_quality_min"": 100.0, ""expected_required_ratio_min"": 1.3333333333333335, ""final_confidence_min"": 79.73687543530399, ""iv_crush_max"": 28.5, ""market_hostility_max"": 18.763793054754544, ""min_5depth_lots_each_side"": 136.0, ""min_top_book_lots"": 5.0, ""premium_elasticity_min"": 0.7, ""regime_confidence_min"": 60.0, ""spread_pct_max"": 0.24697456162015313, ""trade_quality_min"": 26.97674418606461}",53.648725769531154,paper-strategy-8ade763620b6,opportunity-score-8ade763620b6,PAPER_OVERRIDE::FYERS_PAPER_PROXY_RESEARCH,SKIPPED_FORWARD_PROXY,97.0,97.15,0.0,-4.224999999999994,False,False,-0.2086935045690291,OBSERVED,,FYERS_PAPER_PROXY_RESEARCH
202608241227_2_FINNIFTY_PE,5,2026-08-24T12:32:18.937654+05:30,FINNIFTY,FINNIFTY,NSE_INDEX,e172b0fef65b,"{""contract_quality_min"": 0.0, ""direction_min"": 0.917775007456922, ""excellent_score_min"": 47.417743034006804, ""execution_quality_min"": 96.54986522911113, ""expected_required_ratio_min"": 1.25, ""final_confidence_min"": 75.84819256690658, ""iv_crush_max"": 28.5, ""market_hostility_max"": 20.331976751969705, ""min_5depth_lots_each_side"": 13.0, ""min_top_book_lots"": 3.0, ""premium_elasticity_min"": 0.5, ""regime_confidence_min"": 60.0, ""spread_pct_max"": 0.8805031446540738, ""trade_quality_min"": 14.03508771929347}",47.417743034006804,paper-strategy-8ade763620b6,opportunity-score-8ade763620b6,PAPER_OVERRIDE::FYERS_PAPER_PROXY_RESEARCH,SKIPPED_FORWARD_PROXY,83.2,83.8,3.700000000000003,0.0,False,False,0.23270440251572344,OBSERVED,,FYERS_PAPER_PROXY_RESEARCH
202608241227_3_MIDCPNIFTY_CE,5,2026-08-24T12:32:18.937654+05:30,MIDCPNIFTY,MIDCPNIFTY,NSE_INDEX,712afad509f5,"{""contract_quality_min"": 0.0, ""direction_min"": 1.452276578005491, ""excellent_score_min"": 46.8426371754036, ""execution_quality_min"": 100.0, ""expected_required_ratio_min"": 1.0833333333333335, ""final_confidence_min"": 75.42069862955609, ""iv_crush_max"": 28.5, ""market_hostility_max"": 20.359953839862186, ""min_5depth_lots_each_side"": 13.0, ""min_top_book_lots"": 3.0, ""premium_elasticity_min"": 0.5, ""regime_confidence_min"": 60.0, ""spread_pct_max"": 0.5244755244755319, ""trade_quality_min"": 12.342857142850873}",46.8426371754036,paper-strategy-8ade763620b6,opportunity-score-8ade763620b6,PAPER_OVERRIDE::FYERS_PAPER_PROXY_RESEARCH,SKIPPED_FORWARD_PROXY,51.5,51.75,0.0,-5.700000000000003,False,False,-0.49825174825174845,OBSERVED,,FYERS_PAPER_PROXY_RESEARCH
202608241227_4_MIDCPNIFTY_PE,5,2026-08-24T12:32:18.937654+05:30,MIDCPNIFTY,MIDCPNIFTY,NSE_INDEX,712afad509f5,"{""contract_quality_min"": 0.0, ""direction_min"": 0.0, ""excellent_score_min"": 46.58122739136261, ""execution_quality_min"": 100.0, ""expected_required_ratio_min"": 1.0833333333333335, ""final_confidence_min"": 74.98501565615445, ""iv_crush_max"": 28.5, ""market_hostility_max"": 20.359953839862186, ""min_5depth_lots_each_side"": 21.0, ""min_top_book_lots"": 1.0, ""premium_elasticity_min"": 0.7, ""regime_confidence_min"": 60.0, ""spread_pct_max"": 0.5870841487279788, ""trade_quality_min"": 12.342857142850873}",46.58122739136261,paper-strategy-8ade763620b6,opportunity-score-8ade763620b6,PAPER_OVERRIDE::FYERS_PAPER_PROXY_RESEARCH,SKIPPED_FORWARD_PROXY,56.25,56.55,5.149999999999999,0.0,False,False,0.503913894324853,OBSERVED,,FYERS_PAPER_PROXY_RESEARCH
202608241227_5_BANKNIFTY_PE,5,2026-08-24T12:32:18.937654+05:30,BANKNIFTY,BANKNIFTY,NSE_INDEX,2e840ccd58d1,"{""contract_quality_min"": 0.0, ""direction_min"": 0.48107425973786194, ""excellent_score_min"": 45.709106990440326, ""execution_quality_min"": 100.0, ""expected_required_ratio_min"": 1.4166666666666667, ""final_confidence_min"": 73.60906150796295, ""iv_crush_max"": 28.5, ""market_hostility_max"": 20.833509093940826, ""min_5depth_lots_each_side"": 19.0, ""min_top_book_lots"": 1.0, ""premium_elasticity_min"": 0.5, ""regime_confidence_min"": 60.0, ""spread_pct_max"": 0.2675943270002676, ""trade_quality_min"": 6.78966789667421}",45.709106990440326,paper-strategy-8ade763620b6,opportunity-score-8ade763620b6,PAPER_OVERRIDE::FYERS_PAPER_PROXY_RESEARCH,SKIPPED_FORWARD_PROXY,195.25,195.9,8.400000000000006,0.0,False,False,0.33600000000000024,OBSERVED,,FYERS_PAPER_PROXY_RESEARCH
202608241228_1_BANKNIFTY_CE,5,2026-08-24T12:33:26.018091+05:30,BANKNIFTY,BANKNIFTY,NSE_INDEX,2e840ccd58d1,"{""contract_quality_min"": 0.0, ""direction_min"": 0.8925730772417686, ""excellent_score_min"": 48.58325002722523, ""execution_quality_min"": 100.0, ""expected_required_ratio_min"": 1.4166666666666667, ""final_confidence_min"": 76.62089894860108, ""iv_crush_max"": 28.5, ""market_hostility_max"": 20.62227994026733, ""min_5depth_lots_each_side"": 14.0, ""min_top_book_lots"": 1.0, ""premium_elasticity_min"": 0.5, ""regime_confidence_min"": 60.0, ""spread_pct_max"": 0.29027576197387245, ""trade_quality_min"": 16.62337662338276}",48.58325002722523,paper-strategy-8ade763620b6,opportunity-score-8ade763620b6,PAPER_OVERRIDE::FYERS_PAPER_PROXY_RESEARCH,SKIPPED_FORWARD_PROXY,197.15,197.35,0.0,-9.549999999999983,False,False,-0.38199999999999934,OBSERVED,,FYERS_PAPER_PROXY_RESEARCH
202608241228_2_BANKNIFTY_CE,5,2026-08-24T12:33:26.018091+05:30,BANKNIFTY,BANKNIFTY,NSE_INDEX,2e840ccd58d1,"{""contract_quality_min"": 0.0, ""direction_min"": 0.8925730772417686, ""excellent_score_min"": 48.58325002722523, ""execution_quality_min"": 100.0, ""expected_required_ratio_min"": 1.4166666666666667, ""final_confidence_min"": 76.62089894860108, ""iv_crush_max"": 28.5, ""market_hostility_max"": 20.62227994026733, ""min_5depth_lots_each_side"": 10.0, ""min_top_book_lots"": 1.0, ""premium_elasticity_min"": 0.7, ""regime_confidence_min"": 60.0, ""spread_pct_max"": 0.2653525398028767, ""trade_quality_min"": 16.62337662338276}",48.58325002722523,paper-strategy-8ade763620b6,opportunity-score-8ade763620b6,PAPER_OVERRIDE::FYERS_PAPER_PROXY_RESEARCH,SKIPPED_FORWARD_PROXY,252.15,253.0,0.0,-11.649999999999949,False,False,-0.46599999999999797,OBSERVED,,FYERS_PAPER_PROXY_RESEARCH
202608241228_3_BANKNIFTY_PE,5,2026-08-24T12:33:26.018091+05:30,BANKNIFTY,BANKNIFTY,NSE_INDEX,2e840ccd58d1,"{""contract_quality_min"": 0.0, ""direction_min"": 0.0, ""excellent_score_min"": 48.42258687332171, ""execution_quality_min"": 100.0, ""expected_required_ratio_min"": 1.4166666666666667, ""final_confidence_min"": 76.35312702542856, ""iv_crush_max"": 28.5, ""market_hostility_max"": 20.62227994026733, ""min_5depth_lots_each_side"": 23.0, ""min_top_book_lots"": 1.0, ""premium_elasticity_min"": 0.5, ""regime_confidence_min"": 60.0, ""spread_pct_max"": 0.2697599136768276, ""trade_quality_min"": 16.62337662338276}",48.42258687332171,paper-strategy-8ade763620b6,opportunity-score-8ade763620b6,PAPER_OVERRIDE::FYERS_PAPER_PROXY_RESEARCH,SKIPPED_FORWARD_PROXY,197.25,197.6,11.900000000000006,0.0,False,False,0.4760000000000002,OBSERVED,,FYERS_PAPER_PROXY_RESEARCH
202608241228_4_BANKNIFTY_PE,5,2026-08-24T12:33:26.018091+05:30,BANKNIFTY,BANKNIFTY,NSE_INDEX,2e840ccd58d1,"{""contract_quality_min"": 0.0, ""direction_min"": 0.0, ""excellent_score_min"": 48.42258687332171, ""execution_quality_min"": 100.0, ""expected_required_ratio_min"": 1.4166666666666667, ""final_confidence_min"": 76.35312702542856, ""iv_crush_max"": 28.5, ""market_hostility_max"": 20.62227994026733, ""min_5depth_lots_each_side"": 16.0, ""min_top_book_lots"": 1.0, ""premium_elasticity_min"": 0.7, ""regime_confidence_min"": 60.0, ""spread_pct_max"": 0.2530044275774802, ""trade_quality_min"": 16.62337662338276}",48.42258687332171,paper-strategy-8ade763620b6,opportunity-score-8ade763620b6,PAPER_OVERRIDE::FYERS_PAPER_PROXY_RESEARCH,SKIPPED_FORWARD_PROXY,250.65,251.4,13.500000000000028,0.0,False,False,0.5400000000000011,OBSERVED,,FYERS_PAPER_PROXY_RESEARCH
202608241228_5_FINNIFTY_PE,5,2026-08-24T12:33:26.018091+05:30,FINNIFTY,FINNIFTY,NSE_INDEX,e172b0fef65b,"{""contract_quality_min"": 0.0, ""direction_min"": 0.7342480840718508, ""excellent_score_min"": 47.398980050182494, ""execution_quality_min"": 100.0, ""expected_required_ratio_min"": 1.25, ""final_confidence_min"": 75.32626624487109, ""iv_crush_max"": 28.5, ""market_hostility_max"": 20.510231921862644, ""min_5depth_lots_each_side"": 8.0, ""min_top_book_lots"": 1.0, ""premium_elasticity_min"": 0.7, ""regime_confidence_min"": 60.0, ""spread_pct_max"": 0.343726982568126, ""trade_quality_min"": 12.387096774201058}",47.398980050182494,paper-strategy-8ade763620b6,opportunity-score-8ade763620b6,PAPER_OVERRIDE::FYERS_PAPER_PROXY_RESEARCH,SKIPPED_FORWARD_PROXY,105.45,106.3,3.625,0.0,False,False,0.17800147311563955,OBSERVED,,FYERS_PAPER_PROXY_RESEARCH
202608241225_1_FINNIFTY_PE,15,2026-08-24T13:34:11.035132+05:30,FINNIFTY,FINNIFTY,NSE_INDEX,e172b0fef65b,"{""contract_quality_min"": 0.0, ""direction_min"": 1.835458769095463, ""excellent_score_min"": 52.21116605774306, ""execution_quality_min"": 100.0, ""expected_required_ratio_min"": 1.25, ""final_confidence_min"": 80.39807330638003, ""iv_crush_max"": 28.5, ""market_hostility_max"": 20.30635532308942, ""min_5depth_lots_each_side"": 11.0, ""min_top_book_lots"": 1.0, ""premium_elasticity_min"": 0.5, ""regime_confidence_min"": 60.0, ""spread_pct_max"": 0.7523510971786763, ""trade_quality_min"": 28.74251497005237}",52.21116605774306,paper-strategy-8ade763620b6,opportunity-score-8ade763620b6,PAPER_OVERRIDE::FYERS_PAPER_PROXY_RESEARCH,SKIPPED_FORWARD_PROXY,93.4,94.5,13.650000000000006,0.0,False,False,0.8557993730407526,OBSERVED,,FYERS_PAPER_PROXY_RESEARCH
202608241225_1_FINNIFTY_PE,30,2026-08-24T13:34:11.035132+05:30,FINNIFTY,FINNIFTY,NSE_INDEX,e172b0fef65b,"{""contract_quality_min"": 0.0, ""direction_min"": 1.835458769095463, ""excellent_score_min"": 52.21116605774306, ""execution_quality_min"": 100.0, ""expected_required_ratio_min"": 1.25, ""final_confidence_min"": 80.39807330638003, ""iv_crush_max"": 28.5, ""market_hostility_max"": 20.30635532308942, ""min_5depth_lots_each_side"": 11.0, ""min_top_book_lots"": 1.0, ""premium_elasticity_min"": 0.5, ""regime_confidence_min"": 60.0, ""spread_pct_max"": 0.7523510971786763, ""trade_quality_min"": 28.74251497005237}",52.21116605774306,paper-strategy-8ade763620b6,opportunity-score-8ade763620b6,PAPER_OVERRIDE::FYERS_PAPER_PROXY_RESEARCH,SKIPPED_FORWARD_PROXY,93.4,94.5,13.650000000000006,0.0,False,False,0.8557993730407526,OBSERVED,,FYERS_PAPER_PROXY_RESEARCH
202608241225_2_FINNIFTY_CE,15,2026-08-24T13:34:11.035132+05:30,FINNIFTY,FINNIFTY,NSE_INDEX,e172b0fef65b,"{""contract_quality_min"": 0.0, ""direction_min"": 0.0, ""excellent_score_min"": 51.880783479305876, ""execution_quality_min"": 100.0, ""expected_required_ratio_min"": 1.25, ""final_confidence_min"": 79.8474356756514, ""iv_crush_max"": 28.5, ""market_hostility_max"": 20.30635532308942, ""min_5depth_lots_each_side"": 5.0, ""min_top_book_lots"": 1.0, ""premium_elasticity_min"": 0.7, ""regime_confidence_min"": 60.0, ""spread_pct_max"": 0.3656307129798903, ""trade_quality_min"": 28.74251497005237}",51.880783479305876,paper-strategy-8ade763620b6,opportunity-score-8ade763620b6,PAPER_OVERRIDE::FYERS_PAPER_PROXY_RESEARCH,SKIPPED_FORWARD_PROXY,112.8,114.25,0.0,-23.950000000000003,False,False,-0.9580000000000001,OBSERVED,,FYERS_PAPER_PROXY_RESEARCH
202608241225_2_FINNIFTY_CE,30,2026-08-24T13:34:11.035132+05:30,FINNIFTY,FINNIFTY,NSE_INDEX,e172b0fef65b,"{""contract_quality_min"": 0.0, ""direction_min"": 0.0, ""excellent_score_min"": 51.880783479305876, ""execution_quality_min"": 100.0, ""expected_required_ratio_min"": 1.25, ""final_confidence_min"": 79.8474356756514, ""iv_crush_max"": 28.5, ""market_hostility_max"": 20.30635532308942, ""min_5depth_lots_each_side"": 5.0, ""min_top_book_lots"": 1.0, ""premium_elasticity_min"": 0.7, ""regime_confidence_min"": 60.0, ""spread_pct_max"": 0.3656307129798903, ""trade_quality_min"": 28.74251497005237}",51.880783479305876,paper-strategy-8ade763620b6,opportunity-score-8ade763620b6,PAPER_OVERRIDE::FYERS_PAPER_PROXY_RESEARCH,SKIPPED_FORWARD_PROXY,112.8,114.25,0.0,-23.950000000000003,False,False,-0.9580000000000001,OBSERVED,,FYERS_PAPER_PROXY_RESEARCH
202608241225_3_FINNIFTY_CE,15,2026-08-24T13:34:11.035132+05:30,FINNIFTY,FINNIFTY,NSE_INDEX,e172b0fef65b,"{""contract_quality_min"": 0.0, ""direction_min"": 0.0, ""excellent_score_min"": 49.066502172830866, ""execution_quality_min"": 99.90479129016663, ""expected_required_ratio_min"": 1.25, ""final_confidence_min"": 79.8474356756514, ""iv_crush_max"": 28.5, ""market_hostility_max"": 20.30635532308942, ""min_5depth_lots_each_side"": 8.0, ""min_top_book_lots"": 2.0, ""premium_elasticity_min"": 0.3, ""regime_confidence_min"": 60.0, ""spread_pct_max"": 0.8022215365627787, ""trade_quality_min"": 28.74251497005237}",49.066502172830866,paper-strategy-8ade763620b6,opportunity-score-8ade763620b6,PAPER_OVERRIDE::FYERS_PAPER_PROXY_RESEARCH,SKIPPED_FORWARD_PROXY,63.7,64.0,0.0,-17.325000000000003,False,True,-1.0691144708423326,OBSERVED,,FYERS_PAPER_PROXY_RESEARCH
202608241225_3_FINNIFTY_CE,30,2026-08-24T13:34:11.035132+05:30,FINNIFTY,FINNIFTY,NSE_INDEX,e172b0fef65b,"{""contract_quality_min"": 0.0, ""direction_min"": 0.0, ""excellent_score_min"": 49.066502172830866, ""execution_quality_min"": 99.90479129016663, ""expected_required_ratio_min"": 1.25, ""final_confidence_min"": 79.8474356756514, ""iv_crush_max"": 28.5, ""market_hostility_max"": 20.30635532308942, ""min_5depth_lots_each_side"": 8.0, ""min_top_book_lots"": 2.0, ""premium_elasticity_min"": 0.3, ""regime_confidence_min"": 60.0, ""spread_pct_max"": 0.8022215365627787, ""trade_quality_min"": 28.74251497005237}",49.066502172830866,paper-strategy-8ade763620b6,opportunity-score-8ade763620b6,PAPER_OVERRIDE::FYERS_PAPER_PROXY_RESEARCH,SKIPPED_FORWARD_PROXY,63.7,64.0,0.0,-17.325000000000003,False,True,-1.0691144708423326,OBSERVED,,FYERS_PAPER_PROXY_RESEARCH
202608241225_4_MIDCPNIFTY_CE,15,2026-08-24T13:34:11.035132+05:30,MIDCPNIFTY,MIDCPNIFTY,NSE_INDEX,712afad509f5,"{""contract_quality_min"": 0.0, ""direction_min"": 2.474606702284164, ""excellent_score_min"": 48.73465380199522, ""execution_quality_min"": 100.0, ""expected_required_ratio_min"": 1.0833333333333335, ""final_confidence_min"": 77.4469485810993, ""iv_crush_max"": 28.5, ""market_hostility_max"": 20.458786831684968, ""min_5depth_lots_each_side"": 11.0, ""min_top_book_lots"": 2.0, ""premium_elasticity_min"": 0.5, ""regime_confidence_min"": 60.0, ""spread_pct_max"": 0.5286343612334752, ""trade_quality_min"": 18.58585858585562}",48.73465380199522,paper-strategy-8ade763620b6,opportunity-score-8ade763620b6,PAPER_OVERRIDE::FYERS_PAPER_PROXY_RESEARCH,SKIPPED_FORWARD_PROXY,49.85,50.0,0.0,-6.899999999999999,False,False,-0.607929515418502,OBSERVED,,FYERS_PAPER_PROXY_RESEARCH
202608241225_4_MIDCPNIFTY_CE,30,2026-08-24T13:34:11.035132+05:30,MIDCPNIFTY,MIDCPNIFTY,NSE_INDEX,712afad509f5,"{""contract_quality_min"": 0.0, ""direction_min"": 2.474606702284164, ""excellent_score_min"": 48.73465380199522, ""execution_quality_min"": 100.0, ""expected_required_ratio_min"": 1.0833333333333335, ""final_confidence_min"": 77.4469485810993, ""iv_crush_max"": 28.5, ""market_hostility_max"": 20.458786831684968, ""min_5depth_lots_each_side"": 11.0, ""min_top_book_lots"": 2.0, ""premium_elasticity_min"": 0.5, ""regime_confidence_min"": 60.0, ""spread_pct_max"": 0.5286343612334752, ""trade_quality_min"": 18.58585858585562}",48.73465380199522,paper-strategy-8ade763620b6,opportunity-score-8ade763620b6,PAPER_OVERRIDE::FYERS_PAPER_PROXY_RESEARCH,SKIPPED_FORWARD_PROXY,49.85,50.0,0.0,-6.899999999999999,False,False,-0.607929515418502,OBSERVED,,FYERS_PAPER_PROXY_RESEARCH
202608241225_5_MIDCPNIFTY_CE,15,2026-08-24T13:34:11.035132+05:30,MIDCPNIFTY,MIDCPNIFTY,NSE_INDEX,712afad509f5,"{""contract_quality_min"": 0.0, ""direction_min"": 2.474606702284164, ""excellent_score_min"": 48.73465380199522, ""execution_quality_min"": 100.0, ""expected_required_ratio_min"": 1.0833333333333335, ""final_confidence_min"": 77.4469485810993, ""iv_crush_max"": 28.5, ""market_hostility_max"": 20.458786831684968, ""min_5depth_lots_each_side"": 18.0, ""min_top_book_lots"": 2.0, ""premium_elasticity_min"": 0.7, ""regime_confidence_min"": 60.0, ""spread_pct_max"": 0.6858710562414266, ""trade_quality_min"": 18.58585858585562}",48.73465380199522,paper-strategy-8ade763620b6,opportunity-score-8ade763620b6,PAPER_OVERRIDE::FYERS_PAPER_PROXY_RESEARCH,SKIPPED_FORWARD_PROXY,64.2,64.55,0.0,-8.700000000000003,False,False,-0.5967078189300413,OBSERVED,,FYERS_PAPER_PROXY_RESEARCH
202608241225_5_MIDCPNIFTY_CE,30,2026-08-24T13:34:11.035132+05:30,MIDCPNIFTY,MIDCPNIFTY,NSE_INDEX,712afad509f5,"{""contract_quality_min"": 0.0, ""direction_min"": 2.474606702284164, ""excellent_score_min"": 48.73465380199522, ""execution_quality_min"": 100.0, ""expected_required_ratio_min"": 1.0833333333333335, ""final_confidence_min"": 77.4469485810993, ""iv_crush_max"": 28.5, ""market_hostility_max"": 20.458786831684968, ""min_5depth_lots_each_side"": 18.0, ""min_top_book_lots"": 2.0, ""premium_elasticity_min"": 0.7, ""regime_confidence_min"": 60.0, ""spread_pct_max"": 0.6858710562414266, ""trade_quality_min"": 18.58585858585562}",48.73465380199522,paper-strategy-8ade763620b6,opportunity-score-8ade763620b6,PAPER_OVERRIDE::FYERS_PAPER_PROXY_RESEARCH,SKIPPED_FORWARD_PROXY,64.2,64.55,0.0,-8.700000000000003,False,False,-0.5967078189300413,OBSERVED,,FYERS_PAPER_PROXY_RESEARCH
202608241227_1_NIFTY_CE,15,2026-08-24T13:34:11.035132+05:30,NIFTY,NIFTY,NSE_INDEX,00929e22c867,"{""contract_quality_min"": 0.0, ""direction_min"": 0.9590145298973458, ""excellent_score_min"": 53.648725769531154, ""execution_quality_min"": 100.0, ""expected_required_ratio_min"": 1.3333333333333335, ""final_confidence_min"": 79.73687543530399, ""iv_crush_max"": 28.5, ""market_hostility_max"": 18.763793054754544, ""min_5depth_lots_each_side"": 136.0, ""min_top_book_lots"": 5.0, ""premium_elasticity_min"": 0.7, ""regime_confidence_min"": 60.0, ""spread_pct_max"": 0.24697456162015313, ""trade_quality_min"": 26.97674418606461}",53.648725769531154,paper-strategy-8ade763620b6,opportunity-score-8ade763620b6,PAPER_OVERRIDE::FYERS_PAPER_PROXY_RESEARCH,SKIPPED_FORWARD_PROXY,80.75,80.9,0.0,-20.474999999999994,False,True,-1.0113608298345267,OBSERVED,,FYERS_PAPER_PROXY_RESEARCH
202608241227_1_NIFTY_CE,30,2026-08-24T13:34:11.035132+05:30,NIFTY,NIFTY,NSE_INDEX,00929e22c867,"{""contract_quality_min"": 0.0, ""direction_min"": 0.9590145298973458, ""excellent_score_min"": 53.648725769531154, ""execution_quality_min"": 100.0, ""expected_required_ratio_min"": 1.3333333333333335, ""final_confidence_min"": 79.73687543530399, ""iv_crush_max"": 28.5, ""market_hostility_max"": 18.763793054754544, ""min_5depth_lots_each_side"": 136.0, ""min_top_book_lots"": 5.0, ""premium_elasticity_min"": 0.7, ""regime_confidence_min"": 60.0, ""spread_pct_max"": 0.24697456162015313, ""trade_quality_min"": 26.97674418606461}",53.648725769531154,paper-strategy-8ade763620b6,opportunity-score-8ade763620b6,PAPER_OVERRIDE::FYERS_PAPER_PROXY_RESEARCH,SKIPPED_FORWARD_PROXY,80.75,80.9,0.0,-20.474999999999994,False,True,-1.0113608298345267,OBSERVED,,FYERS_PAPER_PROXY_RESEARCH
202608241227_2_FINNIFTY_PE,15,2026-08-24T13:34:11.035132+05:30,FINNIFTY,FINNIFTY,NSE_INDEX,e172b0fef65b,"{""contract_quality_min"": 0.0, ""direction_min"": 0.917775007456922, ""excellent_score_min"": 47.417743034006804, ""execution_quality_min"": 96.54986522911113, ""expected_required_ratio_min"": 1.25, ""final_confidence_min"": 75.84819256690658, ""iv_crush_max"": 28.5, ""market_hostility_max"": 20.331976751969705, ""min_5depth_lots_each_side"": 13.0, ""min_top_book_lots"": 3.0, ""premium_elasticity_min"": 0.5, ""regime_confidence_min"": 60.0, ""spread_pct_max"": 0.8805031446540738, ""trade_quality_min"": 14.03508771929347}",47.417743034006804,paper-strategy-8ade763620b6,opportunity-score-8ade763620b6,PAPER_OVERRIDE::FYERS_PAPER_PROXY_RESEARCH,SKIPPED_FORWARD_PROXY,93.4,94.5,13.900000000000006,0.0,False,False,0.8742138364779878,OBSERVED,,FYERS_PAPER_PROXY_RESEARCH
202608241227_2_FINNIFTY_PE,30,2026-08-24T13:34:11.035132+05:30,FINNIFTY,FINNIFTY,NSE_INDEX,e172b0fef65b,"{""contract_quality_min"": 0.0, ""direction_min"": 0.917775007456922, ""excellent_score_min"": 47.417743034006804, ""execution_quality_min"": 96.54986522911113, ""expected_required_ratio_min"": 1.25, ""final_confidence_min"": 75.84819256690658, ""iv_crush_max"": 28.5, ""market_hostility_max"": 20.331976751969705, ""min_5depth_lots_each_side"": 13.0, ""min_top_book_lots"": 3.0, ""premium_elasticity_min"": 0.5, ""regime_confidence_min"": 60.0, ""spread_pct_max"": 0.8805031446540738, ""trade_quality_min"": 14.03508771929347}",47.417743034006804,paper-strategy-8ade763620b6,opportunity-score-8ade763620b6,PAPER_OVERRIDE::FYERS_PAPER_PROXY_RESEARCH,SKIPPED_FORWARD_PROXY,93.4,94.5,13.900000000000006,0.0,False,False,0.8742138364779878,OBSERVED,,FYERS_PAPER_PROXY_RESEARCH
202608241227_3_MIDCPNIFTY_CE,15,2026-08-24T13:34:11.035132+05:30,MIDCPNIFTY,MIDCPNIFTY,NSE_INDEX,712afad509f5,"{""contract_quality_min"": 0.0, ""direction_min"": 1.452276578005491, ""excellent_score_min"": 46.8426371754036, ""execution_quality_min"": 100.0, ""expected_required_ratio_min"": 1.0833333333333335, ""final_confidence_min"": 75.42069862955609, ""iv_crush_max"": 28.5, ""market_hostility_max"": 20.359953839862186, ""min_5depth_lots_each_side"": 13.0, ""min_top_book_lots"": 3.0, ""premium_elasticity_min"": 0.5, ""regime_confidence_min"": 60.0, ""spread_pct_max"": 0.5244755244755319, ""trade_quality_min"": 12.342857142850873}",46.8426371754036,paper-strategy-8ade763620b6,opportunity-score-8ade763620b6,PAPER_OVERRIDE::FYERS_PAPER_PROXY_RESEARCH,SKIPPED_FORWARD_PROXY,49.85,50.0,0.0,-7.350000000000001,False,False,-0.6424825174825175,OBSERVED,,FYERS_PAPER_PROXY_RESEARCH
202608241227_3_MIDCPNIFTY_CE,30,2026-08-24T13:34:11.035132+05:30,MIDCPNIFTY,MIDCPNIFTY,NSE_INDEX,712afad509f5,"{""contract_quality_min"": 0.0, ""direction_min"": 1.452276578005491, ""excellent_score_min"": 46.8426371754036, ""execution_quality_min"": 100.0, ""expected_required_ratio_min"": 1.0833333333333335, ""final_confidence_min"": 75.42069862955609, ""iv_crush_max"": 28.5, ""market_hostility_max"": 20.359953839862186, ""min_5depth_lots_each_side"": 13.0, ""min_top_book_lots"": 3.0, ""premium_elasticity_min"": 0.5, ""regime_confidence_min"": 60.0, ""spread_pct_max"": 0.5244755244755319, ""trade_quality_min"": 12.342857142850873}",46.8426371754036,paper-strategy-8ade763620b6,opportunity-score-8ade763620b6,PAPER_OVERRIDE::FYERS_PAPER_PROXY_RESEARCH,SKIPPED_FORWARD_PROXY,49.85,50.0,0.0,-7.350000000000001,False,False,-0.6424825174825175,OBSERVED,,FYERS_PAPER_PROXY_RESEARCH
202608241227_4_MIDCPNIFTY_PE,15,2026-08-24T13:34:11.035132+05:30,MIDCPNIFTY,MIDCPNIFTY,NSE_INDEX,712afad509f5,"{""contract_quality_min"": 0.0, ""direction_min"": 0.0, ""excellent_score_min"": 46.58122739136261, ""execution_quality_min"": 100.0, ""expected_required_ratio_min"": 1.0833333333333335, ""final_confidence_min"": 74.98501565615445, ""iv_crush_max"": 28.5, ""market_hostility_max"": 20.359953839862186, ""min_5depth_lots_each_side"": 21.0, ""min_top_book_lots"": 1.0, ""premium_elasticity_min"": 0.7, ""regime_confidence_min"": 60.0, ""spread_pct_max"": 0.5870841487279788, ""trade_quality_min"": 12.342857142850873}",46.58122739136261,paper-strategy-8ade763620b6,opportunity-score-8ade763620b6,PAPER_OVERRIDE::FYERS_PAPER_PROXY_RESEARCH,SKIPPED_FORWARD_PROXY,56.0,56.25,4.899999999999999,0.0,False,False,0.47945205479452035,OBSERVED,,FYERS_PAPER_PROXY_RESEARCH
202608241227_4_MIDCPNIFTY_PE,30,2026-08-24T13:34:11.035132+05:30,MIDCPNIFTY,MIDCPNIFTY,NSE_INDEX,712afad509f5,"{""contract_quality_min"": 0.0, ""direction_min"": 0.0, ""excellent_score_min"": 46.58122739136261, ""execution_quality_min"": 100.0, ""expected_required_ratio_min"": 1.0833333333333335, ""final_confidence_min"": 74.98501565615445, ""iv_crush_max"": 28.5, ""market_hostility_max"": 20.359953839862186, ""min_5depth_lots_each_side"": 21.0, ""min_top_book_lots"": 1.0, ""premium_elasticity_min"": 0.7, ""regime_confidence_min"": 60.0, ""spread_pct_max"": 0.5870841487279788, ""trade_quality_min"": 12.342857142850873}",46.58122739136261,paper-strategy-8ade763620b6,opportunity-score-8ade763620b6,PAPER_OVERRIDE::FYERS_PAPER_PROXY_RESEARCH,SKIPPED_FORWARD_PROXY,56.0,56.25,4.899999999999999,0.0,False,False,0.47945205479452035,OBSERVED,,FYERS_PAPER_PROXY_RESEARCH
202608241227_5_BANKNIFTY_PE,15,2026-08-24T13:34:11.035132+05:30,BANKNIFTY,BANKNIFTY,NSE_INDEX,2e840ccd58d1,"{""contract_quality_min"": 0.0, ""direction_min"": 0.48107425973786194, ""excellent_score_min"": 45.709106990440326, ""execution_quality_min"": 100.0, ""expected_required_ratio_min"": 1.4166666666666667, ""final_confidence_min"": 73.60906150796295, ""iv_crush_max"": 28.5, ""market_hostility_max"": 20.833509093940826, ""min_5depth_lots_each_side"": 19.0, ""min_top_book_lots"": 1.0, ""premium_elasticity_min"": 0.5, ""regime_confidence_min"": 60.0, ""spread_pct_max"": 0.2675943270002676, ""trade_quality_min"": 6.78966789667421}",45.709106990440326,paper-strategy-8ade763620b6,opportunity-score-8ade763620b6,PAPER_OVERRIDE::FYERS_PAPER_PROXY_RESEARCH,SKIPPED_FORWARD_PROXY,209.4,209.95,22.55000000000001,0.0,False,False,0.9020000000000005,OBSERVED,,FYERS_PAPER_PROXY_RESEARCH
202608241227_5_BANKNIFTY_PE,30,2026-08-24T13:34:11.035132+05:30,BANKNIFTY,BANKNIFTY,NSE_INDEX,2e840ccd58d1,"{""contract_quality_min"": 0.0, ""direction_min"": 0.48107425973786194, ""excellent_score_min"": 45.709106990440326, ""execution_quality_min"": 100.0, ""expected_required_ratio_min"": 1.4166666666666667, ""final_confidence_min"": 73.60906150796295, ""iv_crush_max"": 28.5, ""market_hostility_max"": 20.833509093940826, ""min_5depth_lots_each_side"": 19.0, ""min_top_book_lots"": 1.0, ""premium_elasticity_min"": 0.5, ""regime_confidence_min"": 60.0, ""spread_pct_max"": 0.2675943270002676, ""trade_quality_min"": 6.78966789667421}",45.709106990440326,paper-strategy-8ade763620b6,opportunity-score-8ade763620b6,PAPER_OVERRIDE::FYERS_PAPER_PROXY_RESEARCH,SKIPPED_FORWARD_PROXY,209.4,209.95,22.55000000000001,0.0,False,False,0.9020000000000005,OBSERVED,,FYERS_PAPER_PROXY_RESEARCH
202608241228_1_BANKNIFTY_CE,15,2026-08-24T13:34:11.035132+05:30,BANKNIFTY,BANKNIFTY,NSE_INDEX,2e840ccd58d1,"{""contract_quality_min"": 0.0, ""direction_min"": 0.8925730772417686, ""excellent_score_min"": 48.58325002722523, ""execution_quality_min"": 100.0, ""expected_required_ratio_min"": 1.4166666666666667, ""final_confidence_min"": 76.62089894860108, ""iv_crush_max"": 28.5, ""market_hostility_max"": 20.62227994026733, ""min_5depth_lots_each_side"": 14.0, ""min_top_book_lots"": 1.0, ""premium_elasticity_min"": 0.5, ""regime_confidence_min"": 60.0, ""spread_pct_max"": 0.29027576197387245, ""trade_quality_min"": 16.62337662338276}",48.58325002722523,paper-strategy-8ade763620b6,opportunity-score-8ade763620b6,PAPER_OVERRIDE::FYERS_PAPER_PROXY_RESEARCH,SKIPPED_FORWARD_PROXY,173.6,174.1,0.0,-33.099999999999994,False,True,-1.3239999999999998,OBSERVED,,FYERS_PAPER_PROXY_RESEARCH
202608241228_1_BANKNIFTY_CE,30,2026-08-24T13:34:11.035132+05:30,BANKNIFTY,BANKNIFTY,NSE_INDEX,2e840ccd58d1,"{""contract_quality_min"": 0.0, ""direction_min"": 0.8925730772417686, ""excellent_score_min"": 48.58325002722523, ""execution_quality_min"": 100.0, ""expected_required_ratio_min"": 1.4166666666666667, ""final_confidence_min"": 76.62089894860108, ""iv_crush_max"": 28.5, ""market_hostility_max"": 20.62227994026733, ""min_5depth_lots_each_side"": 14.0, ""min_top_book_lots"": 1.0, ""premium_elasticity_min"": 0.5, ""regime_confidence_min"": 60.0, ""spread_pct_max"": 0.29027576197387245, ""trade_quality_min"": 16.62337662338276}",48.58325002722523,paper-strategy-8ade763620b6,opportunity-score-8ade763620b6,PAPER_OVERRIDE::FYERS_PAPER_PROXY_RESEARCH,SKIPPED_FORWARD_PROXY,173.6,174.1,0.0,-33.099999999999994,False,True,-1.3239999999999998,OBSERVED,,FYERS_PAPER_PROXY_RESEARCH
202608241228_2_BANKNIFTY_CE,15,2026-08-24T13:34:11.035132+05:30,BANKNIFTY,BANKNIFTY,NSE_INDEX,2e840ccd58d1,"{""contract_quality_min"": 0.0, ""direction_min"": 0.8925730772417686, ""excellent_score_min"": 48.58325002722523, ""execution_quality_min"": 100.0, ""expected_required_ratio_min"": 1.4166666666666667, ""final_confidence_min"": 76.62089894860108, ""iv_crush_max"": 28.5, ""market_hostility_max"": 20.62227994026733, ""min_5depth_lots_each_side"": 10.0, ""min_top_book_lots"": 1.0, ""premium_elasticity_min"": 0.7, ""regime_confidence_min"": 60.0, ""spread_pct_max"": 0.2653525398028767, ""trade_quality_min"": 16.62337662338276}",48.58325002722523,paper-strategy-8ade763620b6,opportunity-score-8ade763620b6,PAPER_OVERRIDE::FYERS_PAPER_PROXY_RESEARCH,SKIPPED_FORWARD_PROXY,224.9,225.35,0.0,-38.89999999999995,False,True,-1.555999999999998,OBSERVED,,FYERS_PAPER_PROXY_RESEARCH
202608241228_2_BANKNIFTY_CE,30,2026-08-24T13:34:11.035132+05:30,BANKNIFTY,BANKNIFTY,NSE_INDEX,2e840ccd58d1,"{""contract_quality_min"": 0.0, ""direction_min"": 0.8925730772417686, ""excellent_score_min"": 48.58325002722523, ""execution_quality_min"": 100.0, ""expected_required_ratio_min"": 1.4166666666666667, ""final_confidence_min"": 76.62089894860108, ""iv_crush_max"": 28.5, ""market_hostility_max"": 20.62227994026733, ""min_5depth_lots_each_side"": 10.0, ""min_top_book_lots"": 1.0, ""premium_elasticity_min"": 0.7, ""regime_confidence_min"": 60.0, ""spread_pct_max"": 0.2653525398028767, ""trade_quality_min"": 16.62337662338276}",48.58325002722523,paper-strategy-8ade763620b6,opportunity-score-8ade763620b6,PAPER_OVERRIDE::FYERS_PAPER_PROXY_RESEARCH,SKIPPED_FORWARD_PROXY,224.9,225.35,0.0,-38.89999999999995,False,True,-1.555999999999998,OBSERVED,,FYERS_PAPER_PROXY_RESEARCH
202608241228_3_BANKNIFTY_PE,15,2026-08-24T13:34:11.035132+05:30,BANKNIFTY,BANKNIFTY,NSE_INDEX,2e840ccd58d1,"{""contract_quality_min"": 0.0, ""direction_min"": 0.0, ""excellent_score_min"": 48.42258687332171, ""execution_quality_min"": 100.0, ""expected_required_ratio_min"": 1.4166666666666667, ""final_confidence_min"": 76.35312702542856, ""iv_crush_max"": 28.5, ""market_hostility_max"": 20.62227994026733, ""min_5depth_lots_each_side"": 23.0, ""min_top_book_lots"": 1.0, ""premium_elasticity_min"": 0.5, ""regime_confidence_min"": 60.0, ""spread_pct_max"": 0.2697599136768276, ""trade_quality_min"": 16.62337662338276}",48.42258687332171,paper-strategy-8ade763620b6,opportunity-score-8ade763620b6,PAPER_OVERRIDE::FYERS_PAPER_PROXY_RESEARCH,SKIPPED_FORWARD_PROXY,209.4,209.95,24.05000000000001,0.0,False,False,0.9620000000000004,OBSERVED,,FYERS_PAPER_PROXY_RESEARCH
202608241228_3_BANKNIFTY_PE,30,2026-08-24T13:34:11.035132+05:30,BANKNIFTY,BANKNIFTY,NSE_INDEX,2e840ccd58d1,"{""contract_quality_min"": 0.0, ""direction_min"": 0.0, ""excellent_score_min"": 48.42258687332171, ""execution_quality_min"": 100.0, ""expected_required_ratio_min"": 1.4166666666666667, ""final_confidence_min"": 76.35312702542856, ""iv_crush_max"": 28.5, ""market_hostility_max"": 20.62227994026733, ""min_5depth_lots_each_side"": 23.0, ""min_top_book_lots"": 1.0, ""premium_elasticity_min"": 0.5, ""regime_confidence_min"": 60.0, ""spread_pct_max"": 0.2697599136768276, ""trade_quality_min"": 16.62337662338276}",48.42258687332171,paper-strategy-8ade763620b6,opportunity-score-8ade763620b6,PAPER_OVERRIDE::FYERS_PAPER_PROXY_RESEARCH,SKIPPED_FORWARD_PROXY,209.4,209.95,24.05000000000001,0.0,False,False,0.9620000000000004,OBSERVED,,FYERS_PAPER_PROXY_RESEARCH
202608241228_4_BANKNIFTY_PE,15,2026-08-24T13:34:11.035132+05:30,BANKNIFTY,BANKNIFTY,NSE_INDEX,2e840ccd58d1,"{""contract_quality_min"": 0.0, ""direction_min"": 0.0, ""excellent_score_min"": 48.42258687332171, ""execution_quality_min"": 100.0, ""expected_required_ratio_min"": 1.4166666666666667, ""final_confidence_min"": 76.35312702542856, ""iv_crush_max"": 28.5, ""market_hostility_max"": 20.62227994026733, ""min_5depth_lots_each_side"": 16.0, ""min_top_book_lots"": 1.0, ""premium_elasticity_min"": 0.7, ""regime_confidence_min"": 60.0, ""spread_pct_max"": 0.2530044275774802, ""trade_quality_min"": 16.62337662338276}",48.42258687332171,paper-strategy-8ade763620b6,opportunity-score-8ade763620b6,PAPER_OVERRIDE::FYERS_PAPER_PROXY_RESEARCH,SKIPPED_FORWARD_PROXY,267.15,267.85,30.0,0.0,False,False,1.2,OBSERVED,,FYERS_PAPER_PROXY_RESEARCH
202608241228_4_BANKNIFTY_PE,30,2026-08-24T13:34:11.035132+05:30,BANKNIFTY,BANKNIFTY,NSE_INDEX,2e840ccd58d1,"{""contract_quality_min"": 0.0, ""direction_min"": 0.0, ""excellent_score_min"": 48.42258687332171, ""execution_quality_min"": 100.0, ""expected_required_ratio_min"": 1.4166666666666667, ""final_confidence_min"": 76.35312702542856, ""iv_crush_max"": 28.5, ""market_hostility_max"": 20.62227994026733, ""min_5depth_lots_each_side"": 16.0, ""min_top_book_lots"": 1.0, ""premium_elasticity_min"": 0.7, ""regime_confidence_min"": 60.0, ""spread_pct_max"": 0.2530044275774802, ""trade_quality_min"": 16.62337662338276}",48.42258687332171,paper-strategy-8ade763620b6,opportunity-score-8ade763620b6,PAPER_OVERRIDE::FYERS_PAPER_PROXY_RESEARCH,SKIPPED_FORWARD_PROXY,267.15,267.85,30.0,0.0,False,False,1.2,OBSERVED,,FYERS_PAPER_PROXY_RESEARCH
202608241228_5_FINNIFTY_PE,15,2026-08-24T13:34:11.035132+05:30,FINNIFTY,FINNIFTY,NSE_INDEX,e172b0fef65b,"{""contract_quality_min"": 0.0, ""direction_min"": 0.7342480840718508, ""excellent_score_min"": 47.398980050182494, ""execution_quality_min"": 100.0, ""expected_required_ratio_min"": 1.25, ""final_confidence_min"": 75.32626624487109, ""iv_crush_max"": 28.5, ""market_hostility_max"": 20.510231921862644, ""min_5depth_lots_each_side"": 8.0, ""min_top_book_lots"": 1.0, ""premium_elasticity_min"": 0.7, ""regime_confidence_min"": 60.0, ""spread_pct_max"": 0.343726982568126, ""trade_quality_min"": 12.387096774201058}",47.398980050182494,paper-strategy-8ade763620b6,opportunity-score-8ade763620b6,PAPER_OVERRIDE::FYERS_PAPER_PROXY_RESEARCH,SKIPPED_FORWARD_PROXY,121.3,122.7,19.474999999999994,0.0,False,False,0.9562975693591943,OBSERVED,,FYERS_PAPER_PROXY_RESEARCH
202608241228_5_FINNIFTY_PE,30,2026-08-24T13:34:11.035132+05:30,FINNIFTY,FINNIFTY,NSE_INDEX,e172b0fef65b,"{""contract_quality_min"": 0.0, ""direction_min"": 0.7342480840718508, ""excellent_score_min"": 47.398980050182494, ""execution_quality_min"": 100.0, ""expected_required_ratio_min"": 1.25, ""final_confidence_min"": 75.32626624487109, ""iv_crush_max"": 28.5, ""market_hostility_max"": 20.510231921862644, ""min_5depth_lots_each_side"": 8.0, ""min_top_book_lots"": 1.0, ""premium_elasticity_min"": 0.7, ""regime_confidence_min"": 60.0, ""spread_pct_max"": 0.343726982568126, ""trade_quality_min"": 12.387096774201058}",47.398980050182494,paper-strategy-8ade763620b6,opportunity-score-8ade763620b6,PAPER_OVERRIDE::FYERS_PAPER_PROXY_RESEARCH,SKIPPED_FORWARD_PROXY,121.3,122.7,19.474999999999994,0.0,False,False,0.9562975693591943,OBSERVED,,FYERS_PAPER_PROXY_RESEARCH
202608241231_1_FINNIFTY_CE,5,2026-08-24T13:34:11.035132+05:30,FINNIFTY,FINNIFTY,NSE_INDEX,e172b0fef65b,"{""contract_quality_min"": 0.0, ""direction_min"": 0.0, ""excellent_score_min"": 55.95487499125831, ""execution_quality_min"": 100.0, ""expected_required_ratio_min"": 1.25, ""final_confidence_min"": 86.99084159198593, ""iv_crush_max"": 28.5, ""market_hostility_max"": 21.558983013229277, ""min_5depth_lots_each_side"": 10.0, ""min_top_book_lots"": 4.0, ""premium_elasticity_min"": 0.3, ""regime_confidence_min"": 60.0, ""spread_pct_max"": 0.39395929087327264, ""trade_quality_min"": 54.63414634146812}",55.95487499125831,paper-strategy-8ade763620b6,opportunity-score-8ade763620b6,PAPER_OVERRIDE::FYERS_PAPER_PROXY_RESEARCH,SKIPPED_FORWARD_PROXY,63.7,64.0,0.0,-12.450000000000003,False,False,-0.8174655285620487,OBSERVED,,FYERS_PAPER_PROXY_RESEARCH
202608241231_1_FINNIFTY_CE,15,2026-08-24T13:34:11.035132+05:30,FINNIFTY,FINNIFTY,NSE_INDEX,e172b0fef65b,"{""contract_quality_min"": 0.0, ""direction_min"": 0.0, ""excellent_score_min"": 55.95487499125831, ""execution_quality_min"": 100.0, ""expected_required_ratio_min"": 1.25, ""final_confidence_min"": 86.99084159198593, ""iv_crush_max"": 28.5, ""market_hostility_max"": 21.558983013229277, ""min_5depth_lots_each_side"": 10.0, ""min_top_book_lots"": 4.0, ""premium_elasticity_min"": 0.3, ""regime_confidence_min"": 60.0, ""spread_pct_max"": 0.39395929087327264, ""trade_quality_min"": 54.63414634146812}",55.95487499125831,paper-strategy-8ade763620b6,opportunity-score-8ade763620b6,PAPER_OVERRIDE::FYERS_PAPER_PROXY_RESEARCH,SKIPPED_FORWARD_PROXY,63.7,64.0,0.0,-12.450000000000003,False,False,-0.8174655285620487,OBSERVED,,FYERS_PAPER_PROXY_RESEARCH
202608241231_1_FINNIFTY_CE,30,2026-08-24T13:34:11.035132+05:30,FINNIFTY,FINNIFTY,NSE_INDEX,e172b0fef65b,"{""contract_quality_min"": 0.0, ""direction_min"": 0.0, ""excellent_score_min"": 55.95487499125831, ""execution_quality_min"": 100.0, ""expected_required_ratio_min"": 1.25, ""final_confidence_min"": 86.99084159198593, ""iv_crush_max"": 28.5, ""market_hostility_max"": 21.558983013229277, ""min_5depth_lots_each_side"": 10.0, ""min_top_book_lots"": 4.0, ""premium_elasticity_min"": 0.3, ""regime_confidence_min"": 60.0, ""spread_pct_max"": 0.39395929087327264, ""trade_quality_min"": 54.63414634146812}",55.95487499125831,paper-strategy-8ade763620b6,opportunity-score-8ade763620b6,PAPER_OVERRIDE::FYERS_PAPER_PROXY_RESEARCH,SKIPPED_FORWARD_PROXY,63.7,64.0,0.0,-12.450000000000003,False,False,-0.8174655285620487,OBSERVED,,FYERS_PAPER_PROXY_RESEARCH
202608241231_2_MIDCPNIFTY_PE,5,2026-08-24T13:34:11.035132+05:30,MIDCPNIFTY,MIDCPNIFTY,NSE_INDEX,712afad509f5,"{""contract_quality_min"": 0.0, ""direction_min"": 4.625303367463069, ""excellent_score_min"": 54.54475501815774, ""execution_quality_min"": 100.0, ""expected_required_ratio_min"": 1.0833333333333333, ""final_confidence_min"": 83.72452176210342, ""iv_crush_max"": 28.5, ""market_hostility_max"": 20.869724842634838, ""min_5depth_lots_each_side"": 33.0, ""min_top_book_lots"": 5.0, ""premium_elasticity_min"": 0.5, ""regime_confidence_min"": 60.0, ""spread_pct_max"": 0.6912442396313299, ""trade_quality_min"": 38.43575418994654}",54.54475501815774,paper-strategy-8ade763620b6,opportunity-score-8ade763620b6,PAPER_OVERRIDE::FYERS_PAPER_PROXY_RESEARCH,SKIPPED_FORWARD_PROXY,43.35,43.65,0.0,-0.04999999999999716,False,False,-0.005760368663594142,OBSERVED,,FYERS_PAPER_PROXY_RESEARCH
202608241231_2_MIDCPNIFTY_PE,15,2026-08-24T13:34:11.035132+05:30,MIDCPNIFTY,MIDCPNIFTY,NSE_INDEX,712afad509f5,"{""contract_quality_min"": 0.0, ""direction_min"": 4.625303367463069, ""excellent_score_min"": 54.54475501815774, ""execution_quality_min"": 100.0, ""expected_required_ratio_min"": 1.0833333333333333, ""final_confidence_min"": 83.72452176210342, ""iv_crush_max"": 28.5, ""market_hostility_max"": 20.869724842634838, ""min_5depth_lots_each_side"": 33.0, ""min_top_book_lots"": 5.0, ""premium_elasticity_min"": 0.5, ""regime_confidence_min"": 60.0, ""spread_pct_max"": 0.6912442396313299, ""trade_quality_min"": 38.43575418994654}",54.54475501815774,paper-strategy-8ade763620b6,opportunity-score-8ade763620b6,PAPER_OVERRIDE::FYERS_PAPER_PROXY_RESEARCH,SKIPPED_FORWARD_PROXY,43.35,43.65,0.0,-0.04999999999999716,False,False,-0.005760368663594142,OBSERVED,,FYERS_PAPER_PROXY_RESEARCH
202608241231_2_MIDCPNIFTY_PE,30,2026-08-24T13:34:11.035132+05:30,MIDCPNIFTY,MIDCPNIFTY,NSE_INDEX,712afad509f5,"{""contract_quality_min"": 0.0, ""direction_min"": 4.625303367463069, ""excellent_score_min"": 54.54475501815774, ""execution_quality_min"": 100.0, ""expected_required_ratio_min"": 1.0833333333333333, ""final_confidence_min"": 83.72452176210342, ""iv_crush_max"": 28.5, ""market_hostility_max"": 20.869724842634838, ""min_5depth_lots_each_side"": 33.0, ""min_top_book_lots"": 5.0, ""premium_elasticity_min"": 0.5, ""regime_confidence_min"": 60.0, ""spread_pct_max"": 0.6912442396313299, ""trade_quality_min"": 38.43575418994654}",54.54475501815774,paper-strategy-8ade763620b6,opportunity-score-8ade763620b6,PAPER_OVERRIDE::FYERS_PAPER_PROXY_RESEARCH,SKIPPED_FORWARD_PROXY,43.35,43.65,0.0,-0.04999999999999716,False,False,-0.005760368663594142,OBSERVED,,FYERS_PAPER_PROXY_RESEARCH
202608241231_3_MIDCPNIFTY_PE,5,2026-08-24T13:34:11.035132+05:30,MIDCPNIFTY,MIDCPNIFTY,NSE_INDEX,712afad509f5,"{""contract_quality_min"": 0.0, ""direction_min"": 4.625303367463069, ""excellent_score_min"": 54.54475501815774, ""execution_quality_min"": 100.0, ""expected_required_ratio_min"": 1.0833333333333333, ""final_confidence_min"": 83.72452176210342, ""iv_crush_max"": 28.5, ""market_hostility_max"": 20.869724842634838, ""min_5depth_lots_each_side"": 14.0, ""min_top_book_lots"": 1.0, ""premium_elasticity_min"": 0.7, ""regime_confidence_min"": 60.0, ""spread_pct_max"": 0.5415162454873594, ""trade_quality_min"": 38.43575418994654}",54.54475501815774,paper-strategy-8ade763620b6,opportunity-score-8ade763620b6,PAPER_OVERRIDE::FYERS_PAPER_PROXY_RESEARCH,SKIPPED_FORWARD_PROXY,56.0,56.25,0.6000000000000014,0.0,False,False,0.05415162454873659,OBSERVED,,FYERS_PAPER_PROXY_RESEARCH
202608241231_3_MIDCPNIFTY_PE,15,2026-08-24T13:34:11.035132+05:30,MIDCPNIFTY,MIDCPNIFTY,NSE_INDEX,712afad509f5,"{""contract_quality_min"": 0.0, ""direction_min"": 4.625303367463069, ""excellent_score_min"": 54.54475501815774, ""execution_quality_min"": 100.0, ""expected_required_ratio_min"": 1.0833333333333333, ""final_confidence_min"": 83.72452176210342, ""iv_crush_max"": 28.5, ""market_hostility_max"": 20.869724842634838, ""min_5depth_lots_each_side"": 14.0, ""min_top_book_lots"": 1.0, ""premium_elasticity_min"": 0.7, ""regime_confidence_min"": 60.0, ""spread_pct_max"": 0.5415162454873594, ""trade_quality_min"": 38.43575418994654}",54.54475501815774,paper-strategy-8ade763620b6,opportunity-score-8ade763620b6,PAPER_OVERRIDE::FYERS_PAPER_PROXY_RESEARCH,SKIPPED_FORWARD_PROXY,56.0,56.25,0.6000000000000014,0.0,False,False,0.05415162454873659,OBSERVED,,FYERS_PAPER_PROXY_RESEARCH
202608241231_3_MIDCPNIFTY_PE,30,2026-08-24T13:34:11.035132+05:30,MIDCPNIFTY,MIDCPNIFTY,NSE_INDEX,712afad509f5,"{""contract_quality_min"": 0.0, ""direction_min"": 4.625303367463069, ""excellent_score_min"": 54.54475501815774, ""execution_quality_min"": 100.0, ""expected_required_ratio_min"": 1.0833333333333333, ""final_confidence_min"": 83.72452176210342, ""iv_crush_max"": 28.5, ""market_hostility_max"": 20.869724842634838, ""min_5depth_lots_each_side"": 14.0, ""min_top_book_lots"": 1.0, ""premium_elasticity_min"": 0.7, ""regime_confidence_min"": 60.0, ""spread_pct_max"": 0.5415162454873594, ""trade_quality_min"": 38.43575418994654}",54.54475501815774,paper-strategy-8ade763620b6,opportunity-score-8ade763620b6,PAPER_OVERRIDE::FYERS_PAPER_PROXY_RESEARCH,SKIPPED_FORWARD_PROXY,56.0,56.25,0.6000000000000014,0.0,False,False,0.05415162454873659,OBSERVED,,FYERS_PAPER_PROXY_RESEARCH
202608241231_4_FINNIFTY_PE,5,2026-08-24T13:34:11.035132+05:30,FINNIFTY,FINNIFTY,NSE_INDEX,e172b0fef65b,"{""contract_quality_min"": 0.0, ""direction_min"": 5.996015403030031, ""excellent_score_min"": 54.219066012817606, ""execution_quality_min"": 82.83656319670725, ""expected_required_ratio_min"": 1.25, ""final_confidence_min"": 86.38388390797297, ""iv_crush_max"": 28.5, ""market_hostility_max"": 21.558983013229277, ""min_5depth_lots_each_side"": 16.0, ""min_top_book_lots"": 2.0, ""premium_elasticity_min"": 0.3, ""regime_confidence_min"": 60.0, ""spread_pct_max"": 1.2004801920768309, ""trade_quality_min"": 54.63414634146812}",54.219066012817606,paper-strategy-8ade763620b6,opportunity-score-8ade763620b6,PAPER_OVERRIDE::FYERS_PAPER_PROXY_RESEARCH,SKIPPED_FORWARD_PROXY,70.25,70.9,7.774999999999999,0.0,False,False,0.6222488995598238,OBSERVED,,FYERS_PAPER_PROXY_RESEARCH
202608241231_4_FINNIFTY_PE,15,2026-08-24T13:34:11.035132+05:30,FINNIFTY,FINNIFTY,NSE_INDEX,e172b0fef65b,"{""contract_quality_min"": 0.0, ""direction_min"": 5.996015403030031, ""excellent_score_min"": 54.219066012817606, ""execution_quality_min"": 82.83656319670725, ""expected_required_ratio_min"": 1.25, ""final_confidence_min"": 86.38388390797297, ""iv_crush_max"": 28.5, ""market_hostility_max"": 21.558983013229277, ""min_5depth_lots_each_side"": 16.0, ""min_top_book_lots"": 2.0, ""premium_elasticity_min"": 0.3, ""regime_confidence_min"": 60.0, ""spread_pct_max"": 1.2004801920768309, ""trade_quality_min"": 54.63414634146812}",54.219066012817606,paper-strategy-8ade763620b6,opportunity-score-8ade763620b6,PAPER_OVERRIDE::FYERS_PAPER_PROXY_RESEARCH,SKIPPED_FORWARD_PROXY,70.25,70.9,7.774999999999999,0.0,False,False,0.6222488995598238,OBSERVED,,FYERS_PAPER_PROXY_RESEARCH
202608241231_4_FINNIFTY_PE,30,2026-08-24T13:34:11.035132+05:30,FINNIFTY,FINNIFTY,NSE_INDEX,e172b0fef65b,"{""contract_quality_min"": 0.0, ""direction_min"": 5.996015403030031, ""excellent_score_min"": 54.219066012817606, ""execution_quality_min"": 82.83656319670725, ""expected_required_ratio_min"": 1.25, ""final_confidence_min"": 86.38388390797297, ""iv_crush_max"": 28.5, ""market_hostility_max"": 21.558983013229277, ""min_5depth_lots_each_side"": 16.0, ""min_top_book_lots"": 2.0, ""premium_elasticity_min"": 0.3, ""regime_confidence_min"": 60.0, ""spread_pct_max"": 1.2004801920768309, ""trade_quality_min"": 54.63414634146812}",54.219066012817606,paper-strategy-8ade763620b6,opportunity-score-8ade763620b6,PAPER_OVERRIDE::FYERS_PAPER_PROXY_RESEARCH,SKIPPED_FORWARD_PROXY,70.25,70.9,7.774999999999999,0.0,False,False,0.6222488995598238,OBSERVED,,FYERS_PAPER_PROXY_RESEARCH
202608241231_5_MIDCPNIFTY_CE,5,2026-08-24T13:34:11.035132+05:30,MIDCPNIFTY,MIDCPNIFTY,NSE_INDEX,712afad509f5,"{""contract_quality_min"": 0.0, ""direction_min"": 0.0, ""excellent_score_min"": 53.712200412014376, ""execution_quality_min"": 100.0, ""expected_required_ratio_min"": 1.0833333333333333, ""final_confidence_min"": 82.33693075186451, ""iv_crush_max"": 28.5, ""market_hostility_max"": 20.869724842634838, ""min_5depth_lots_each_side"": 15.0, ""min_top_book_lots"": 1.0, ""premium_elasticity_min"": 0.5, ""regime_confidence_min"": 60.0, ""spread_pct_max"": 0.5736137667304098, ""trade_quality_min"": 38.43575418994654}",53.712200412014376,paper-strategy-8ade763620b6,opportunity-score-8ade763620b6,PAPER_OVERRIDE::FYERS_PAPER_PROXY_RESEARCH,SKIPPED_FORWARD_PROXY,49.85,50.0,0.0,-2.4499999999999957,False,False,-0.23422562141491354,OBSERVED,,FYERS_PAPER_PROXY_RESEARCH
202608241231_5_MIDCPNIFTY_CE,15,2026-08-24T13:34:11.035132+05:30,MIDCPNIFTY,MIDCPNIFTY,NSE_INDEX,712afad509f5,"{""contract_quality_min"": 0.0, ""direction_min"": 0.0, ""excellent_score_min"": 53.712200412014376, ""execution_quality_min"": 100.0, ""expected_required_ratio_min"": 1.0833333333333333, ""final_confidence_min"": 82.33693075186451, ""iv_crush_max"": 28.5, ""market_hostility_max"": 20.869724842634838, ""min_5depth_lots_each_side"": 15.0, ""min_top_book_lots"": 1.0, ""premium_elasticity_min"": 0.5, ""regime_confidence_min"": 60.0, ""spread_pct_max"": 0.5736137667304098, ""trade_quality_min"": 38.43575418994654}",53.712200412014376,paper-strategy-8ade763620b6,opportunity-score-8ade763620b6,PAPER_OVERRIDE::FYERS_PAPER_PROXY_RESEARCH,SKIPPED_FORWARD_PROXY,49.85,50.0,0.0,-2.4499999999999957,False,False,-0.23422562141491354,OBSERVED,,FYERS_PAPER_PROXY_RESEARCH
202608241231_5_MIDCPNIFTY_CE,30,2026-08-24T13:34:11.035132+05:30,MIDCPNIFTY,MIDCPNIFTY,NSE_INDEX,712afad509f5,"{""contract_quality_min"": 0.0, ""direction_min"": 0.0, ""excellent_score_min"": 53.712200412014376, ""execution_quality_min"": 100.0, ""expected_required_ratio_min"": 1.0833333333333333, ""final_confidence_min"": 82.33693075186451, ""iv_crush_max"": 28.5, ""market_hostility_max"": 20.869724842634838, ""min_5depth_lots_each_side"": 15.0, ""min_top_book_lots"": 1.0, ""premium_elasticity_min"": 0.5, ""regime_confidence_min"": 60.0, ""spread_pct_max"": 0.5736137667304098, ""trade_quality_min"": 38.43575418994654}",53.712200412014376,paper-strategy-8ade763620b6,opportunity-score-8ade763620b6,PAPER_OVERRIDE::FYERS_PAPER_PROXY_RESEARCH,SKIPPED_FORWARD_PROXY,49.85,50.0,0.0,-2.4499999999999957,False,False,-0.23422562141491354,OBSERVED,,FYERS_PAPER_PROXY_RESEARCH
202608241233_1_MIDCPNIFTY_PE,5,2026-08-24T13:34:11.035132+05:30,MIDCPNIFTY,MIDCPNIFTY,NSE_INDEX,712afad509f5,"{""contract_quality_min"": 0.0, ""direction_min"": 6.183730738855002, ""excellent_score_min"": 59.838927741854214, ""execution_quality_min"": 100.0, ""expected_required_ratio_min"": 1.0833333333333335, ""final_confidence_min"": 89.36007494824854, ""iv_crush_max"": 28.5, ""market_hostility_max"": 20.888275246596557, ""min_5depth_lots_each_side"": 34.0, ""min_top_book_lots"": 4.0, ""premium_elasticity_min"": 0.5, ""regime_confidence_min"": 60.0, ""spread_pct_max"": 0.6810442678774218, ""trade_quality_min"": 56.441717791400976}",59.838927741854214,paper-strategy-8ade763620b6,opportunity-score-8ade763620b6,PAPER_OVERRIDE::FYERS_PAPER_PROXY_RESEARCH,SKIPPED_FORWARD_PROXY,43.35,43.65,0.0,-0.6999999999999957,False,False,-0.07945516458569758,OBSERVED,,FYERS_PAPER_PROXY_RESEARCH
202608241233_1_MIDCPNIFTY_PE,15,2026-08-24T13:34:11.035132+05:30,MIDCPNIFTY,MIDCPNIFTY,NSE_INDEX,712afad509f5,"{""contract_quality_min"": 0.0, ""direction_min"": 6.183730738855002, ""excellent_score_min"": 59.838927741854214, ""execution_quality_min"": 100.0, ""expected_required_ratio_min"": 1.0833333333333335, ""final_confidence_min"": 89.36007494824854, ""iv_crush_max"": 28.5, ""market_hostility_max"": 20.888275246596557, ""min_5depth_lots_each_side"": 34.0, ""min_top_book_lots"": 4.0, ""premium_elasticity_min"": 0.5, ""regime_confidence_min"": 60.0, ""spread_pct_max"": 0.6810442678774218, ""trade_quality_min"": 56.441717791400976}",59.838927741854214,paper-strategy-8ade763620b6,opportunity-score-8ade763620b6,PAPER_OVERRIDE::FYERS_PAPER_PROXY_RESEARCH,SKIPPED_FORWARD_PROXY,43.35,43.65,0.0,-0.6999999999999957,False,False,-0.07945516458569758,OBSERVED,,FYERS_PAPER_PROXY_RESEARCH
202608241233_1_MIDCPNIFTY_PE,30,2026-08-24T13:34:11.035132+05:30,MIDCPNIFTY,MIDCPNIFTY,NSE_INDEX,712afad509f5,"{""contract_quality_min"": 0.0, ""direction_min"": 6.183730738855002, ""excellent_score_min"": 59.838927741854214, ""execution_quality_min"": 100.0, ""expected_required_ratio_min"": 1.0833333333333335, ""final_confidence_min"": 89.36007494824854, ""iv_crush_max"": 28.5, ""market_hostility_max"": 20.888275246596557, ""min_5depth_lots_each_side"": 34.0, ""min_top_book_lots"": 4.0, ""premium_elasticity_min"": 0.5, ""regime_confidence_min"": 60.0, ""spread_pct_max"": 0.6810442678774218, ""trade_quality_min"": 56.441717791400976}",59.838927741854214,paper-strategy-8ade763620b6,opportunity-score-8ade763620b6,PAPER_OVERRIDE::FYERS_PAPER_PROXY_RESEARCH,SKIPPED_FORWARD_PROXY,43.35,43.65,0.0,-0.6999999999999957,False,False,-0.07945516458569758,OBSERVED,,FYERS_PAPER_PROXY_RESEARCH
202608241233_2_MIDCPNIFTY_PE,5,2026-08-24T13:34:11.035132+05:30,MIDCPNIFTY,MIDCPNIFTY,NSE_INDEX,712afad509f5,"{""contract_quality_min"": 0.0, ""direction_min"": 6.183730738855002, ""excellent_score_min"": 59.838927741854214, ""execution_quality_min"": 100.0, ""expected_required_ratio_min"": 1.0833333333333335, ""final_confidence_min"": 89.36007494824854, ""iv_crush_max"": 28.5, ""market_hostility_max"": 20.888275246596557, ""min_5depth_lots_each_side"": 15.0, ""min_top_book_lots"": 1.0, ""premium_elasticity_min"": 0.7, ""regime_confidence_min"": 60.0, ""spread_pct_max"": 0.529567519858777, ""trade_quality_min"": 56.441717791400976}",59.838927741854214,paper-strategy-8ade763620b6,opportunity-score-8ade763620b6,PAPER_OVERRIDE::FYERS_PAPER_PROXY_RESEARCH,SKIPPED_FORWARD_PROXY,56.0,56.25,0.0,-0.6499999999999986,False,False,-0.05736981465136792,OBSERVED,,FYERS_PAPER_PROXY_RESEARCH
202608241233_2_MIDCPNIFTY_PE,15,2026-08-24T13:34:11.035132+05:30,MIDCPNIFTY,MIDCPNIFTY,NSE_INDEX,712afad509f5,"{""contract_quality_min"": 0.0, ""direction_min"": 6.183730738855002, ""excellent_score_min"": 59.838927741854214, ""execution_quality_min"": 100.0, ""expected_required_ratio_min"": 1.0833333333333335, ""final_confidence_min"": 89.36007494824854, ""iv_crush_max"": 28.5, ""market_hostility_max"": 20.888275246596557, ""min_5depth_lots_each_side"": 15.0, ""min_top_book_lots"": 1.0, ""premium_elasticity_min"": 0.7, ""regime_confidence_min"": 60.0, ""spread_pct_max"": 0.529567519858777, ""trade_quality_min"": 56.441717791400976}",59.838927741854214,paper-strategy-8ade763620b6,opportunity-score-8ade763620b6,PAPER_OVERRIDE::FYERS_PAPER_PROXY_RESEARCH,SKIPPED_FORWARD_PROXY,56.0,56.25,0.0,-0.6499999999999986,False,False,-0.05736981465136792,OBSERVED,,FYERS_PAPER_PROXY_RESEARCH
202608241233_2_MIDCPNIFTY_PE,30,2026-08-24T13:34:11.035132+05:30,MIDCPNIFTY,MIDCPNIFTY,NSE_INDEX,712afad509f5,"{""contract_quality_min"": 0.0, ""direction_min"": 6.183730738855002, ""excellent_score_min"": 59.838927741854214, ""execution_quality_min"": 100.0, ""expected_required_ratio_min"": 1.0833333333333335, ""final_confidence_min"": 89.36007494824854, ""iv_crush_max"": 28.5, ""market_hostility_max"": 20.888275246596557, ""min_5depth_lots_each_side"": 15.0, ""min_top_book_lots"": 1.0, ""premium_elasticity_min"": 0.7, ""regime_confidence_min"": 60.0, ""spread_pct_max"": 0.529567519858777, ""trade_quality_min"": 56.441717791400976}",59.838927741854214,paper-strategy-8ade763620b6,opportunity-score-8ade763620b6,PAPER_OVERRIDE::FYERS_PAPER_PROXY_RESEARCH,SKIPPED_FORWARD_PROXY,56.0,56.25,0.0,-0.6499999999999986,False,False,-0.05736981465136792,OBSERVED,,FYERS_PAPER_PROXY_RESEARCH
202608241233_3_MIDCPNIFTY_CE,5,2026-08-24T13:34:11.035132+05:30,MIDCPNIFTY,MIDCPNIFTY,NSE_INDEX,712afad509f5,"{""contract_quality_min"": 0.0, ""direction_min"": 0.0, ""excellent_score_min"": 58.725856208860314, ""execution_quality_min"": 100.0, ""expected_required_ratio_min"": 1.0833333333333335, ""final_confidence_min"": 87.50495572659203, ""iv_crush_max"": 28.5, ""market_hostility_max"": 20.888275246596557, ""min_5depth_lots_each_side"": 12.0, ""min_top_book_lots"": 2.0, ""premium_elasticity_min"": 0.5, ""regime_confidence_min"": 60.0, ""spread_pct_max"": 0.48426150121065376, ""trade_quality_min"": 56.441717791400976}",58.725856208860314,paper-strategy-8ade763620b6,opportunity-score-8ade763620b6,PAPER_OVERRIDE::FYERS_PAPER_PROXY_RESEARCH,SKIPPED_FORWARD_PROXY,49.85,50.0,0.0,-1.7749999999999986,False,False,-0.17191283292978193,OBSERVED,,FYERS_PAPER_PROXY_RESEARCH
202608241233_3_MIDCPNIFTY_CE,15,2026-08-24T13:34:11.035132+05:30,MIDCPNIFTY,MIDCPNIFTY,NSE_INDEX,712afad509f5,"{""contract_quality_min"": 0.0, ""direction_min"": 0.0, ""excellent_score_min"": 58.725856208860314, ""execution_quality_min"": 100.0, ""expected_required_ratio_min"": 1.0833333333333335, ""final_confidence_min"": 87.50495572659203, ""iv_crush_max"": 28.5, ""market_hostility_max"": 20.888275246596557, ""min_5depth_lots_each_side"": 12.0, ""min_top_book_lots"": 2.0, ""premium_elasticity_min"": 0.5, ""regime_confidence_min"": 60.0, ""spread_pct_max"": 0.48426150121065376, ""trade_quality_min"": 56.441717791400976}",58.725856208860314,paper-strategy-8ade763620b6,opportunity-score-8ade763620b6,PAPER_OVERRIDE::FYERS_PAPER_PROXY_RESEARCH,SKIPPED_FORWARD_PROXY,49.85,50.0,0.0,-1.7749999999999986,False,False,-0.17191283292978193,OBSERVED,,FYERS_PAPER_PROXY_RESEARCH
202608241233_3_MIDCPNIFTY_CE,30,2026-08-24T13:34:11.035132+05:30,MIDCPNIFTY,MIDCPNIFTY,NSE_INDEX,712afad509f5,"{""contract_quality_min"": 0.0, ""direction_min"": 0.0, ""excellent_score_min"": 58.725856208860314, ""execution_quality_min"": 100.0, ""expected_required_ratio_min"": 1.0833333333333335, ""final_confidence_min"": 87.50495572659203, ""iv_crush_max"": 28.5, ""market_hostility_max"": 20.888275246596557, ""min_5depth_lots_each_side"": 12.0, ""min_top_book_lots"": 2.0, ""premium_elasticity_min"": 0.5, ""regime_confidence_min"": 60.0, ""spread_pct_max"": 0.48426150121065376, ""trade_quality_min"": 56.441717791400976}",58.725856208860314,paper-strategy-8ade763620b6,opportunity-score-8ade763620b6,PAPER_OVERRIDE::FYERS_PAPER_PROXY_RESEARCH,SKIPPED_FORWARD_PROXY,49.85,50.0,0.0,-1.7749999999999986,False,False,-0.17191283292978193,OBSERVED,,FYERS_PAPER_PROXY_RESEARCH
202608241233_4_MIDCPNIFTY_CE,5,2026-08-24T13:34:11.035132+05:30,MIDCPNIFTY,MIDCPNIFTY,NSE_INDEX,712afad509f5,"{""contract_quality_min"": 0.0, ""direction_min"": 0.0, ""excellent_score_min"": 58.725856208860314, ""execution_quality_min"": 100.0, ""expected_required_ratio_min"": 1.0833333333333335, ""final_confidence_min"": 87.50495572659203, ""iv_crush_max"": 28.5, ""market_hostility_max"": 20.888275246596557, ""min_5depth_lots_each_side"": 8.0, ""min_top_book_lots"": 1.0, ""premium_elasticity_min"": 0.7, ""regime_confidence_min"": 60.0, ""spread_pct_max"": 0.5257228689447905, ""trade_quality_min"": 56.441717791400976}",58.725856208860314,paper-strategy-8ade763620b6,opportunity-score-8ade763620b6,PAPER_OVERRIDE::FYERS_PAPER_PROXY_RESEARCH,SKIPPED_FORWARD_PROXY,64.2,64.55,0.0,-2.375,False,False,-0.1783702591062711,OBSERVED,,FYERS_PAPER_PROXY_RESEARCH
202608241233_4_MIDCPNIFTY_CE,15,2026-08-24T13:34:11.035132+05:30,MIDCPNIFTY,MIDCPNIFTY,NSE_INDEX,712afad509f5,"{""contract_quality_min"": 0.0, ""direction_min"": 0.0, ""excellent_score_min"": 58.725856208860314, ""execution_quality_min"": 100.0, ""expected_required_ratio_min"": 1.0833333333333335, ""final_confidence_min"": 87.50495572659203, ""iv_crush_max"": 28.5, ""market_hostility_max"": 20.888275246596557, ""min_5depth_lots_each_side"": 8.0, ""min_top_book_lots"": 1.0, ""premium_elasticity_min"": 0.7, ""regime_confidence_min"": 60.0, ""spread_pct_max"": 0.5257228689447905, ""trade_quality_min"": 56.441717791400976}",58.725856208860314,paper-strategy-8ade763620b6,opportunity-score-8ade763620b6,PAPER_OVERRIDE::FYERS_PAPER_PROXY_RESEARCH,SKIPPED_FORWARD_PROXY,64.2,64.55,0.0,-2.375,False,False,-0.1783702591062711,OBSERVED,,FYERS_PAPER_PROXY_RESEARCH
202608241233_4_MIDCPNIFTY_CE,30,2026-08-24T13:34:11.035132+05:30,MIDCPNIFTY,MIDCPNIFTY,NSE_INDEX,712afad509f5,"{""contract_quality_min"": 0.0, ""direction_min"": 0.0, ""excellent_score_min"": 58.725856208860314, ""execution_quality_min"": 100.0, ""expected_required_ratio_min"": 1.0833333333333335, ""final_confidence_min"": 87.50495572659203, ""iv_crush_max"": 28.5, ""market_hostility_max"": 20.888275246596557, ""min_5depth_lots_each_side"": 8.0, ""min_top_book_lots"": 1.0, ""premium_elasticity_min"": 0.7, ""regime_confidence_min"": 60.0, ""spread_pct_max"": 0.5257228689447905, ""trade_quality_min"": 56.441717791400976}",58.725856208860314,paper-strategy-8ade763620b6,opportunity-score-8ade763620b6,PAPER_OVERRIDE::FYERS_PAPER_PROXY_RESEARCH,SKIPPED_FORWARD_PROXY,64.2,64.55,0.0,-2.375,False,False,-0.1783702591062711,OBSERVED,,FYERS_PAPER_PROXY_RESEARCH
202608241233_5_FINNIFTY_PE,5,2026-08-24T13:34:11.035132+05:30,FINNIFTY,FINNIFTY,NSE_INDEX,e172b0fef65b,"{""contract_quality_min"": 0.0, ""direction_min"": 4.298723003904578, ""excellent_score_min"": 56.63562578364119, ""execution_quality_min"": 100.0, ""expected_required_ratio_min"": 1.25, ""final_confidence_min"": 85.39431729144906, ""iv_crush_max"": 28.5, ""market_hostility_max"": 21.507487053902206, ""min_5depth_lots_each_side"": 9.0, ""min_top_book_lots"": 1.0, ""premium_elasticity_min"": 0.5, ""regime_confidence_min"": 60.0, ""spread_pct_max"": 0.7130124777183702, ""trade_quality_min"": 44.165029469544585}",56.63562578364119,paper-strategy-8ade763620b6,opportunity-score-8ade763620b6,PAPER_OVERRIDE::FYERS_PAPER_PROXY_RESEARCH,SKIPPED_FORWARD_PROXY,93.4,94.5,9.25,0.0,False,False,0.5496137849079025,OBSERVED,,FYERS_PAPER_PROXY_RESEARCH
202608241233_5_FINNIFTY_PE,15,2026-08-24T13:34:11.035132+05:30,FINNIFTY,FINNIFTY,NSE_INDEX,e172b0fef65b,"{""contract_quality_min"": 0.0, ""direction_min"": 4.298723003904578, ""excellent_score_min"": 56.63562578364119, ""execution_quality_min"": 100.0, ""expected_required_ratio_min"": 1.25, ""final_confidence_min"": 85.39431729144906, ""iv_crush_max"": 28.5, ""market_hostility_max"": 21.507487053902206, ""min_5depth_lots_each_side"": 9.0, ""min_top_book_lots"": 1.0, ""premium_elasticity_min"": 0.5, ""regime_confidence_min"": 60.0, ""spread_pct_max"": 0.7130124777183702, ""trade_quality_min"": 44.165029469544585}",56.63562578364119,paper-strategy-8ade763620b6,opportunity-score-8ade763620b6,PAPER_OVERRIDE::FYERS_PAPER_PROXY_RESEARCH,SKIPPED_FORWARD_PROXY,93.4,94.5,9.25,0.0,False,False,0.5496137849079025,OBSERVED,,FYERS_PAPER_PROXY_RESEARCH
202608241233_5_FINNIFTY_PE,30,2026-08-24T13:34:11.035132+05:30,FINNIFTY,FINNIFTY,NSE_INDEX,e172b0fef65b,"{""contract_quality_min"": 0.0, ""direction_min"": 4.298723003904578, ""excellent_score_min"": 56.63562578364119, ""execution_quality_min"": 100.0, ""expected_required_ratio_min"": 1.25, ""final_confidence_min"": 85.39431729144906, ""iv_crush_max"": 28.5, ""market_hostility_max"": 21.507487053902206, ""min_5depth_lots_each_side"": 9.0, ""min_top_book_lots"": 1.0, ""premium_elasticity_min"": 0.5, ""regime_confidence_min"": 60.0, ""spread_pct_max"": 0.7130124777183702, ""trade_quality_min"": 44.165029469544585}",56.63562578364119,paper-strategy-8ade763620b6,opportunity-score-8ade763620b6,PAPER_OVERRIDE::FYERS_PAPER_PROXY_RESEARCH,SKIPPED_FORWARD_PROXY,93.4,94.5,9.25,0.0,False,False,0.5496137849079025,OBSERVED,,FYERS_PAPER_PROXY_RESEARCH
202608241234_1_MIDCPNIFTY_PE,5,2026-08-24T13:34:11.035132+05:30,MIDCPNIFTY,MIDCPNIFTY,NSE_INDEX,712afad509f5,"{""contract_quality_min"": 0.0, ""direction_min"": 4.70558182838743, ""excellent_score_min"": 55.719618405733364, ""execution_quality_min"": 100.0, ""expected_required_ratio_min"": 1.0833333333333335, ""final_confidence_min"": 84.89465902652175, ""iv_crush_max"": 28.5, ""market_hostility_max"": 20.546811592253167, ""min_5depth_lots_each_side"": 32.0, ""min_top_book_lots"": 3.0, ""premium_elasticity_min"": 0.5, ""regime_confidence_min"": 60.0, ""spread_pct_max"": 0.6864988558352499, ""trade_quality_min"": 42.29607250754543}",55.719618405733364,paper-strategy-8ade763620b6,opportunity-score-8ade763620b6,PAPER_OVERRIDE::FYERS_PAPER_PROXY_RESEARCH,SKIPPED_FORWARD_PROXY,43.35,43.65,0.0,-0.3500000000000014,False,False,-0.04004576659038918,OBSERVED,,FYERS_PAPER_PROXY_RESEARCH
202608241234_1_MIDCPNIFTY_PE,15,2026-08-24T13:34:11.035132+05:30,MIDCPNIFTY,MIDCPNIFTY,NSE_INDEX,712afad509f5,"{""contract_quality_min"": 0.0, ""direction_min"": 4.70558182838743, ""excellent_score_min"": 55.719618405733364, ""execution_quality_min"": 100.0, ""expected_required_ratio_min"": 1.0833333333333335, ""final_confidence_min"": 84.89465902652175, ""iv_crush_max"": 28.5, ""market_hostility_max"": 20.546811592253167, ""min_5depth_lots_each_side"": 32.0, ""min_top_book_lots"": 3.0, ""premium_elasticity_min"": 0.5, ""regime_confidence_min"": 60.0, ""spread_pct_max"": 0.6864988558352499, ""trade_quality_min"": 42.29607250754543}",55.719618405733364,paper-strategy-8ade763620b6,opportunity-score-8ade763620b6,PAPER_OVERRIDE::FYERS_PAPER_PROXY_RESEARCH,SKIPPED_FORWARD_PROXY,43.35,43.65,0.0,-0.3500000000000014,False,False,-0.04004576659038918,OBSERVED,,FYERS_PAPER_PROXY_RESEARCH
202608241234_1_MIDCPNIFTY_PE,30,2026-08-24T13:34:11.035132+05:30,MIDCPNIFTY,MIDCPNIFTY,NSE_INDEX,712afad509f5,"{""contract_quality_min"": 0.0, ""direction_min"": 4.70558182838743, ""excellent_score_min"": 55.719618405733364, ""execution_quality_min"": 100.0, ""expected_required_ratio_min"": 1.0833333333333335, ""final_confidence_min"": 84.89465902652175, ""iv_crush_max"": 28.5, ""market_hostility_max"": 20.546811592253167, ""min_5depth_lots_each_side"": 32.0, ""min_top_book_lots"": 3.0, ""premium_elasticity_min"": 0.5, ""regime_confidence_min"": 60.0, ""spread_pct_max"": 0.6864988558352499, ""trade_quality_min"": 42.29607250754543}",55.719618405733364,paper-strategy-8ade763620b6,opportunity-score-8ade763620b6,PAPER_OVERRIDE::FYERS_PAPER_PROXY_RESEARCH,SKIPPED_FORWARD_PROXY,43.35,43.65,0.0,-0.3500000000000014,False,False,-0.04004576659038918,OBSERVED,,FYERS_PAPER_PROXY_RESEARCH
202608241234_2_MIDCPNIFTY_CE,5,2026-08-24T13:34:11.035132+05:30,MIDCPNIFTY,MIDCPNIFTY,NSE_INDEX,712afad509f5,"{""contract_quality_min"": 0.0, ""direction_min"": 0.0, ""excellent_score_min"": 54.87261367662362, ""execution_quality_min"": 100.0, ""expected_required_ratio_min"": 1.0833333333333335, ""final_confidence_min"": 83.48298447800552, ""iv_crush_max"": 28.5, ""market_hostility_max"": 20.546811592253167, ""min_5depth_lots_each_side"": 18.0, ""min_top_book_lots"": 1.0, ""premium_elasticity_min"": 0.5, ""regime_confidence_min"": 60.0, ""spread_pct_max"": 0.6727534839019729, ""trade_quality_min"": 42.29607250754543}",54.87261367662362,paper-strategy-8ade763620b6,opportunity-score-8ade763620b6,PAPER_OVERRIDE::FYERS_PAPER_PROXY_RESEARCH,SKIPPED_FORWARD_PROXY,49.85,50.0,0.0,-2.1750000000000043,False,False,-0.20903411821239828,OBSERVED,,FYERS_PAPER_PROXY_RESEARCH
202608241234_2_MIDCPNIFTY_CE,15,2026-08-24T13:34:11.035132+05:30,MIDCPNIFTY,MIDCPNIFTY,NSE_INDEX,712afad509f5,"{""contract_quality_min"": 0.0, ""direction_min"": 0.0, ""excellent_score_min"": 54.87261367662362, ""execution_quality_min"": 100.0, ""expected_required_ratio_min"": 1.0833333333333335, ""final_confidence_min"": 83.48298447800552, ""iv_crush_max"": 28.5, ""market_hostility_max"": 20.546811592253167, ""min_5depth_lots_each_side"": 18.0, ""min_top_book_lots"": 1.0, ""premium_elasticity_min"": 0.5, ""regime_confidence_min"": 60.0, ""spread_pct_max"": 0.6727534839019729, ""trade_quality_min"": 42.29607250754543}",54.87261367662362,paper-strategy-8ade763620b6,opportunity-score-8ade763620b6,PAPER_OVERRIDE::FYERS_PAPER_PROXY_RESEARCH,SKIPPED_FORWARD_PROXY,49.85,50.0,0.0,-2.1750000000000043,False,False,-0.20903411821239828,OBSERVED,,FYERS_PAPER_PROXY_RESEARCH
202608241234_2_MIDCPNIFTY_CE,30,2026-08-24T13:34:11.035132+05:30,MIDCPNIFTY,MIDCPNIFTY,NSE_INDEX,712afad509f5,"{""contract_quality_min"": 0.0, ""direction_min"": 0.0, ""excellent_score_min"": 54.87261367662362, ""execution_quality_min"": 100.0, ""expected_required_ratio_min"": 1.0833333333333335, ""final_confidence_min"": 83.48298447800552, ""iv_crush_max"": 28.5, ""market_hostility_max"": 20.546811592253167, ""min_5depth_lots_each_side"": 18.0, ""min_top_book_lots"": 1.0, ""premium_elasticity_min"": 0.5, ""regime_confidence_min"": 60.0, ""spread_pct_max"": 0.6727534839019729, ""trade_quality_min"": 42.29607250754543}",54.87261367662362,paper-strategy-8ade763620b6,opportunity-score-8ade763620b6,PAPER_OVERRIDE::FYERS_PAPER_PROXY_RESEARCH,SKIPPED_FORWARD_PROXY,49.85,50.0,0.0,-2.1750000000000043,False,False,-0.20903411821239828,OBSERVED,,FYERS_PAPER_PROXY_RESEARCH
202608241234_3_MIDCPNIFTY_CE,5,2026-08-24T13:34:11.035132+05:30,MIDCPNIFTY,MIDCPNIFTY,NSE_INDEX,712afad509f5,"{""contract_quality_min"": 0.0, ""direction_min"": 0.0, ""excellent_score_min"": 54.87261367662362, ""execution_quality_min"": 100.0, ""expected_required_ratio_min"": 1.0833333333333335, ""final_confidence_min"": 83.48298447800552, ""iv_crush_max"": 28.5, ""market_hostility_max"": 20.546811592253167, ""min_5depth_lots_each_side"": 10.0, ""min_top_book_lots"": 1.0, ""premium_elasticity_min"": 0.7, ""regime_confidence_min"": 60.0, ""spread_pct_max"": 0.5965697240865111, ""trade_quality_min"": 42.29607250754543}",54.87261367662362,paper-strategy-8ade763620b6,opportunity-score-8ade763620b6,PAPER_OVERRIDE::FYERS_PAPER_PROXY_RESEARCH,SKIPPED_FORWARD_PROXY,64.2,64.55,0.0,-2.8499999999999943,False,False,-0.21252796420581613,OBSERVED,,FYERS_PAPER_PROXY_RESEARCH
202608241234_3_MIDCPNIFTY_CE,15,2026-08-24T13:34:11.035132+05:30,MIDCPNIFTY,MIDCPNIFTY,NSE_INDEX,712afad509f5,"{""contract_quality_min"": 0.0, ""direction_min"": 0.0, ""excellent_score_min"": 54.87261367662362, ""execution_quality_min"": 100.0, ""expected_required_ratio_min"": 1.0833333333333335, ""final_confidence_min"": 83.48298447800552, ""iv_crush_max"": 28.5, ""market_hostility_max"": 20.546811592253167, ""min_5depth_lots_each_side"": 10.0, ""min_top_book_lots"": 1.0, ""premium_elasticity_min"": 0.7, ""regime_confidence_min"": 60.0, ""spread_pct_max"": 0.5965697240865111, ""trade_quality_min"": 42.29607250754543}",54.87261367662362,paper-strategy-8ade763620b6,opportunity-score-8ade763620b6,PAPER_OVERRIDE::FYERS_PAPER_PROXY_RESEARCH,SKIPPED_FORWARD_PROXY,64.2,64.55,0.0,-2.8499999999999943,False,False,-0.21252796420581613,OBSERVED,,FYERS_PAPER_PROXY_RESEARCH
202608241234_3_MIDCPNIFTY_CE,30,2026-08-24T13:34:11.035132+05:30,MIDCPNIFTY,MIDCPNIFTY,NSE_INDEX,712afad509f5,"{""contract_quality_min"": 0.0, ""direction_min"": 0.0, ""excellent_score_min"": 54.87261367662362, ""execution_quality_min"": 100.0, ""expected_required_ratio_min"": 1.0833333333333335, ""final_confidence_min"": 83.48298447800552, ""iv_crush_max"": 28.5, ""market_hostility_max"": 20.546811592253167, ""min_5depth_lots_each_side"": 10.0, ""min_top_book_lots"": 1.0, ""premium_elasticity_min"": 0.7, ""regime_confidence_min"": 60.0, ""spread_pct_max"": 0.5965697240865111, ""trade_quality_min"": 42.29607250754543}",54.87261367662362,paper-strategy-8ade763620b6,opportunity-score-8ade763620b6,PAPER_OVERRIDE::FYERS_PAPER_PROXY_RESEARCH,SKIPPED_FORWARD_PROXY,64.2,64.55,0.0,-2.8499999999999943,False,False,-0.21252796420581613,OBSERVED,,FYERS_PAPER_PROXY_RESEARCH
202608241234_4_BANKNIFTY_PE,5,2026-08-24T13:34:11.035132+05:30,BANKNIFTY,BANKNIFTY,NSE_INDEX,2e840ccd58d1,"{""contract_quality_min"": 0.0, ""direction_min"": 3.924955273460687, ""excellent_score_min"": 51.44961946122224, ""execution_quality_min"": 100.0, ""expected_required_ratio_min"": 1.4166666666666667, ""final_confidence_min"": 79.98587946869107, ""iv_crush_max"": 28.5, ""market_hostility_max"": 22.02263436557046, ""min_5depth_lots_each_side"": 12.0, ""min_top_book_lots"": 1.0, ""premium_elasticity_min"": 0.5, ""regime_confidence_min"": 60.0, ""spread_pct_max"": 0.1974983541803893, ""trade_quality_min"": 26.323787258906577}",51.44961946122224,paper-strategy-8ade763620b6,opportunity-score-8ade763620b6,PAPER_OVERRIDE::FYERS_PAPER_PROXY_RESEARCH,SKIPPED_FORWARD_PROXY,160.65,161.2,8.75,0.0,False,False,0.35,OBSERVED,,FYERS_PAPER_PROXY_RESEARCH
202608241234_4_BANKNIFTY_PE,15,2026-08-24T13:34:11.035132+05:30,BANKNIFTY,BANKNIFTY,NSE_INDEX,2e840ccd58d1,"{""contract_quality_min"": 0.0, ""direction_min"": 3.924955273460687, ""excellent_score_min"": 51.44961946122224, ""execution_quality_min"": 100.0, ""expected_required_ratio_min"": 1.4166666666666667, ""final_confidence_min"": 79.98587946869107, ""iv_crush_max"": 28.5, ""market_hostility_max"": 22.02263436557046, ""min_5depth_lots_each_side"": 12.0, ""min_top_book_lots"": 1.0, ""premium_elasticity_min"": 0.5, ""regime_confidence_min"": 60.0, ""spread_pct_max"": 0.1974983541803893, ""trade_quality_min"": 26.323787258906577}",51.44961946122224,paper-strategy-8ade763620b6,opportunity-score-8ade763620b6,PAPER_OVERRIDE::FYERS_PAPER_PROXY_RESEARCH,SKIPPED_FORWARD_PROXY,160.65,161.2,8.75,0.0,False,False,0.35,OBSERVED,,FYERS_PAPER_PROXY_RESEARCH
202608241234_4_BANKNIFTY_PE,30,2026-08-24T13:34:11.035132+05:30,BANKNIFTY,BANKNIFTY,NSE_INDEX,2e840ccd58d1,"{""contract_quality_min"": 0.0, ""direction_min"": 3.924955273460687, ""excellent_score_min"": 51.44961946122224, ""execution_quality_min"": 100.0, ""expected_required_ratio_min"": 1.4166666666666667, ""final_confidence_min"": 79.98587946869107, ""iv_crush_max"": 28.5, ""market_hostility_max"": 22.02263436557046, ""min_5depth_lots_each_side"": 12.0, ""min_top_book_lots"": 1.0, ""premium_elasticity_min"": 0.5, ""regime_confidence_min"": 60.0, ""spread_pct_max"": 0.1974983541803893, ""trade_quality_min"": 26.323787258906577}",51.44961946122224,paper-strategy-8ade763620b6,opportunity-score-8ade763620b6,PAPER_OVERRIDE::FYERS_PAPER_PROXY_RESEARCH,SKIPPED_FORWARD_PROXY,160.65,161.2,8.75,0.0,False,False,0.35,OBSERVED,,FYERS_PAPER_PROXY_RESEARCH
202608241234_5_BANKNIFTY_PE,5,2026-08-24T13:34:11.035132+05:30,BANKNIFTY,BANKNIFTY,NSE_INDEX,2e840ccd58d1,"{""contract_quality_min"": 0.0, ""direction_min"": 3.924955273460687, ""excellent_score_min"": 51.44961946122224, ""execution_quality_min"": 100.0, ""expected_required_ratio_min"": 1.4166666666666667, ""final_confidence_min"": 79.98587946869107, ""iv_crush_max"": 28.5, ""market_hostility_max"": 22.02263436557046, ""min_5depth_lots_each_side"": 28.0, ""min_top_book_lots"": 4.0, ""premium_elasticity_min"": 0.7, ""regime_confidence_min"": 60.0, ""spread_pct_max"": 0.305654610290369, ""trade_quality_min"": 26.323787258906577}",51.44961946122224,paper-strategy-8ade763620b6,opportunity-score-8ade763620b6,PAPER_OVERRIDE::FYERS_PAPER_PROXY_RESEARCH,SKIPPED_FORWARD_PROXY,209.4,209.95,13.099999999999994,0.0,False,False,0.5239999999999998,OBSERVED,,FYERS_PAPER_PROXY_RESEARCH
202608241234_5_BANKNIFTY_PE,15,2026-08-24T13:34:11.035132+05:30,BANKNIFTY,BANKNIFTY,NSE_INDEX,2e840ccd58d1,"{""contract_quality_min"": 0.0, ""direction_min"": 3.924955273460687, ""excellent_score_min"": 51.44961946122224, ""execution_quality_min"": 100.0, ""expected_required_ratio_min"": 1.4166666666666667, ""final_confidence_min"": 79.98587946869107, ""iv_crush_max"": 28.5, ""market_hostility_max"": 22.02263436557046, ""min_5depth_lots_each_side"": 28.0, ""min_top_book_lots"": 4.0, ""premium_elasticity_min"": 0.7, ""regime_confidence_min"": 60.0, ""spread_pct_max"": 0.305654610290369, ""trade_quality_min"": 26.323787258906577}",51.44961946122224,paper-strategy-8ade763620b6,opportunity-score-8ade763620b6,PAPER_OVERRIDE::FYERS_PAPER_PROXY_RESEARCH,SKIPPED_FORWARD_PROXY,209.4,209.95,13.099999999999994,0.0,False,False,0.5239999999999998,OBSERVED,,FYERS_PAPER_PROXY_RESEARCH
202608241234_5_BANKNIFTY_PE,30,2026-08-24T13:34:11.035132+05:30,BANKNIFTY,BANKNIFTY,NSE_INDEX,2e840ccd58d1,"{""contract_quality_min"": 0.0, ""direction_min"": 3.924955273460687, ""excellent_score_min"": 51.44961946122224, ""execution_quality_min"": 100.0, ""expected_required_ratio_min"": 1.4166666666666667, ""final_confidence_min"": 79.98587946869107, ""iv_crush_max"": 28.5, ""market_hostility_max"": 22.02263436557046, ""min_5depth_lots_each_side"": 28.0, ""min_top_book_lots"": 4.0, ""premium_elasticity_min"": 0.7, ""regime_confidence_min"": 60.0, ""spread_pct_max"": 0.305654610290369, ""trade_quality_min"": 26.323787258906577}",51.44961946122224,paper-strategy-8ade763620b6,opportunity-score-8ade763620b6,PAPER_OVERRIDE::FYERS_PAPER_PROXY_RESEARCH,SKIPPED_FORWARD_PROXY,209.4,209.95,13.099999999999994,0.0,False,False,0.5239999999999998,OBSERVED,,FYERS_PAPER_PROXY_RESEARCH
202608241335_1_BANKNIFTY_PE,5,2026-08-24T13:41:11.998577+05:30,BANKNIFTY,BANKNIFTY,NSE_INDEX,2e840ccd58d1,"{""contract_quality_min"": 0.0, ""direction_min"": 0.0, ""excellent_score_min"": 52.938805388296814, ""execution_quality_min"": 100.0, ""expected_required_ratio_min"": 1.4166666666666665, ""final_confidence_min"": 80.86783165290204, ""iv_crush_max"": 28.5, ""market_hostility_max"": 20.113834847198277, ""min_5depth_lots_each_side"": 30.0, ""min_top_book_lots"": 1.0, ""premium_elasticity_min"": 0.5, ""regime_confidence_min"": 60.0, ""spread_pct_max"": 0.19200000000000728, ""trade_quality_min"": 32.373923739224715}",52.938805388296814,paper-strategy-8ade763620b6,opportunity-score-8ade763620b6,PAPER_OVERRIDE::FYERS_PAPER_PROXY_RESEARCH,SKIPPED_FORWARD_PROXY,138.0,138.3,0.0,-18.25,False,False,-0.73,OBSERVED,,FYERS_PAPER_PROXY_RESEARCH
202608241335_2_BANKNIFTY_PE,5,2026-08-24T13:41:11.998577+05:30,BANKNIFTY,BANKNIFTY,NSE_INDEX,2e840ccd58d1,"{""contract_quality_min"": 0.0, ""direction_min"": 0.0, ""excellent_score_min"": 52.938805388296814, ""execution_quality_min"": 100.0, ""expected_required_ratio_min"": 1.4166666666666665, ""final_confidence_min"": 80.86783165290204, ""iv_crush_max"": 28.5, ""market_hostility_max"": 20.113834847198277, ""min_5depth_lots_each_side"": 27.0, ""min_top_book_lots"": 1.0, ""premium_elasticity_min"": 0.7, ""regime_confidence_min"": 60.0, ""spread_pct_max"": 0.3183543528835585, ""trade_quality_min"": 32.373923739224715}",52.938805388296814,paper-strategy-8ade763620b6,opportunity-score-8ade763620b6,PAPER_OVERRIDE::FYERS_PAPER_PROXY_RESEARCH,SKIPPED_FORWARD_PROXY,181.1,181.45,0.0,-23.075000000000017,False,False,-0.9230000000000007,OBSERVED,,FYERS_PAPER_PROXY_RESEARCH
202608241335_3_FINNIFTY_PE,5,2026-08-24T13:41:11.998577+05:30,FINNIFTY,FINNIFTY,NSE_INDEX,e172b0fef65b,"{""contract_quality_min"": 0.0, ""direction_min"": 0.0, ""excellent_score_min"": 51.931250977689935, ""execution_quality_min"": 100.0, ""expected_required_ratio_min"": 1.25, ""final_confidence_min"": 79.86065912496548, ""iv_crush_max"": 28.5, ""market_hostility_max"": 20.28546554398391, ""min_5depth_lots_each_side"": 10.0, ""min_top_book_lots"": 1.0, ""premium_elasticity_min"": 0.7, ""regime_confidence_min"": 60.0, ""spread_pct_max"": 0.6644518272425186, ""trade_quality_min"": 28.91820580475745}",51.931250977689935,paper-strategy-8ade763620b6,opportunity-score-8ade763620b6,PAPER_OVERRIDE::FYERS_PAPER_PROXY_RESEARCH,SKIPPED_FORWARD_PROXY,83.8,84.9,0.0,-6.5,False,False,-0.3599114064230344,OBSERVED,,FYERS_PAPER_PROXY_RESEARCH
202608241335_4_BANKNIFTY_CE,5,2026-08-24T13:41:11.998577+05:30,BANKNIFTY,BANKNIFTY,NSE_INDEX,2e840ccd58d1,"{""contract_quality_min"": 0.0, ""direction_min"": 2.295636459102464, ""excellent_score_min"": 50.55201995093526, ""execution_quality_min"": 100.0, ""expected_required_ratio_min"": 1.4166666666666665, ""final_confidence_min"": 81.55652259063278, ""iv_crush_max"": 28.5, ""market_hostility_max"": 20.113834847198277, ""min_5depth_lots_each_side"": 27.0, ""min_top_book_lots"": 3.0, ""premium_elasticity_min"": 0.3, ""regime_confidence_min"": 60.0, ""spread_pct_max"": 0.31130607046836445, ""trade_quality_min"": 32.373923739224715}",50.55201995093526,paper-strategy-8ade763620b6,opportunity-score-8ade763620b6,PAPER_OVERRIDE::FYERS_PAPER_PROXY_RESEARCH,SKIPPED_FORWARD_PROXY,191.8,192.25,15.125,0.0,False,False,0.605,OBSERVED,,FYERS_PAPER_PROXY_RESEARCH
202608241335_5_BANKNIFTY_PE,5,2026-08-24T13:41:11.998577+05:30,BANKNIFTY,BANKNIFTY,NSE_INDEX,2e840ccd58d1,"{""contract_quality_min"": 0.0, ""direction_min"": 0.0, ""excellent_score_min"": 50.13880538829682, ""execution_quality_min"": 100.0, ""expected_required_ratio_min"": 1.4166666666666665, ""final_confidence_min"": 80.86783165290204, ""iv_crush_max"": 28.5, ""market_hostility_max"": 20.113834847198277, ""min_5depth_lots_each_side"": 30.0, ""min_top_book_lots"": 1.0, ""premium_elasticity_min"": 0.3, ""regime_confidence_min"": 60.0, ""spread_pct_max"": 0.2543450614667208, ""trade_quality_min"": 32.373923739224715}",50.13880538829682,paper-strategy-8ade763620b6,opportunity-score-8ade763620b6,PAPER_OVERRIDE::FYERS_PAPER_PROXY_RESEARCH,SKIPPED_FORWARD_PROXY,102.9,103.3,0.0,-15.049999999999983,False,False,-0.6379821958456966,OBSERVED,,FYERS_PAPER_PROXY_RESEARCH
202608241337_1_MIDCPNIFTY_PE,5,2026-08-24T13:42:19.766568+05:30,MIDCPNIFTY,MIDCPNIFTY,NSE_INDEX,712afad509f5,"{""contract_quality_min"": 0.0, ""direction_min"": 3.0921875210067085, ""excellent_score_min"": 50.72824075126394, ""execution_quality_min"": 100.0, ""expected_required_ratio_min"": 1.0833333333333335, ""final_confidence_min"": 79.44350292489868, ""iv_crush_max"": 28.5, ""market_hostility_max"": 19.60835174096398, ""min_5depth_lots_each_side"": 25.0, ""min_top_book_lots"": 4.0, ""premium_elasticity_min"": 0.5, ""regime_confidence_min"": 60.0, ""spread_pct_max"": 0.6960556844547497, ""trade_quality_min"": 24.932249322492243}",50.72824075126394,paper-strategy-8ade763620b6,opportunity-score-8ade763620b6,PAPER_OVERRIDE::FYERS_PAPER_PROXY_RESEARCH,SKIPPED_FORWARD_PROXY,40.05,40.35,0.0,-3.0500000000000043,False,False,-0.3538283062645016,OBSERVED,,FYERS_PAPER_PROXY_RESEARCH
202608241337_2_MIDCPNIFTY_PE,5,2026-08-24T13:42:19.766568+05:30,MIDCPNIFTY,MIDCPNIFTY,NSE_INDEX,712afad509f5,"{""contract_quality_min"": 0.0, ""direction_min"": 3.0921875210067085, ""excellent_score_min"": 50.72824075126394, ""execution_quality_min"": 100.0, ""expected_required_ratio_min"": 1.0833333333333335, ""final_confidence_min"": 79.44350292489868, ""iv_crush_max"": 28.5, ""market_hostility_max"": 19.60835174096398, ""min_5depth_lots_each_side"": 13.0, ""min_top_book_lots"": 3.0, ""premium_elasticity_min"": 0.7, ""regime_confidence_min"": 60.0, ""spread_pct_max"": 0.5395683453237359, ""trade_quality_min"": 24.932249322492243}",50.72824075126394,paper-strategy-8ade763620b6,opportunity-score-8ade763620b6,PAPER_OVERRIDE::FYERS_PAPER_PROXY_RESEARCH,SKIPPED_FORWARD_PROXY,52.0,52.2,0.0,-3.6000000000000014,False,False,-0.3237410071942447,OBSERVED,,FYERS_PAPER_PROXY_RESEARCH
202608241337_3_MIDCPNIFTY_CE,5,2026-08-24T13:42:19.766568+05:30,MIDCPNIFTY,MIDCPNIFTY,NSE_INDEX,712afad509f5,"{""contract_quality_min"": 0.0, ""direction_min"": 0.0, ""excellent_score_min"": 50.171646997482725, ""execution_quality_min"": 100.0, ""expected_required_ratio_min"": 1.0833333333333335, ""final_confidence_min"": 78.51584666859667, ""iv_crush_max"": 28.5, ""market_hostility_max"": 19.60835174096398, ""min_5depth_lots_each_side"": 11.0, ""min_top_book_lots"": 2.0, ""premium_elasticity_min"": 0.7, ""regime_confidence_min"": 60.0, ""spread_pct_max"": 0.6102212051868889, ""trade_quality_min"": 24.932249322492243}",50.171646997482725,paper-strategy-8ade763620b6,opportunity-score-8ade763620b6,PAPER_OVERRIDE::FYERS_PAPER_PROXY_RESEARCH,SKIPPED_FORWARD_PROXY,68.35,68.95,2.799999999999997,0.0,False,False,0.21357742181540787,OBSERVED,,FYERS_PAPER_PROXY_RESEARCH
202608241337_4_BANKNIFTY_PE,5,2026-08-24T13:42:19.766568+05:30,BANKNIFTY,BANKNIFTY,NSE_INDEX,2e840ccd58d1,"{""contract_quality_min"": 0.0, ""direction_min"": 0.2721019614884451, ""excellent_score_min"": 44.79346197982145, ""execution_quality_min"": 100.0, ""expected_required_ratio_min"": 1.4166666666666667, ""final_confidence_min"": 72.52711666408456, ""iv_crush_max"": 28.5, ""market_hostility_max"": 20.435931156112094, ""min_5depth_lots_each_side"": 25.0, ""min_top_book_lots"": 1.0, ""premium_elasticity_min"": 0.5, ""regime_confidence_min"": 60.0, ""spread_pct_max"": 0.21548406957056754, ""trade_quality_min"": 3.2876712328709994}",44.79346197982145,paper-strategy-8ade763620b6,opportunity-score-8ade763620b6,PAPER_OVERRIDE::FYERS_PAPER_PROXY_RESEARCH,SKIPPED_FORWARD_PROXY,141.5,141.8,0.0,-20.92500000000001,False,False,-0.8370000000000004,OBSERVED,,FYERS_PAPER_PROXY_RESEARCH
202608241337_5_BANKNIFTY_CE,5,2026-08-24T13:42:19.766568+05:30,BANKNIFTY,BANKNIFTY,NSE_INDEX,2e840ccd58d1,"{""contract_quality_min"": 0.0, ""direction_min"": 0.0, ""excellent_score_min"": 44.74448362675353, ""execution_quality_min"": 100.0, ""expected_required_ratio_min"": 1.4166666666666667, ""final_confidence_min"": 72.44548607563803, ""iv_crush_max"": 28.5, ""market_hostility_max"": 20.435931156112094, ""min_5depth_lots_each_side"": 16.0, ""min_top_book_lots"": 1.0, ""premium_elasticity_min"": 0.5, ""regime_confidence_min"": 60.0, ""spread_pct_max"": 0.2727892702886994, ""trade_quality_min"": 3.2876712328709994}",44.74448362675353,paper-strategy-8ade763620b6,opportunity-score-8ade763620b6,PAPER_OVERRIDE::FYERS_PAPER_PROXY_RESEARCH,SKIPPED_FORWARD_PROXY,244.4,245.0,24.450000000000017,0.0,False,False,0.9780000000000006,OBSERVED,,FYERS_PAPER_PROXY_RESEARCH
202608241340_1_BANKNIFTY_CE,5,2026-08-24T13:45:34.543688+05:30,BANKNIFTY,BANKNIFTY,NSE_INDEX,2e840ccd58d1,"{""contract_quality_min"": 0.0, ""direction_min"": 1.3949627893675938, ""excellent_score_min"": 47.75432797277554, ""execution_quality_min"": 100.0, ""expected_required_ratio_min"": 1.4166666666666667, ""final_confidence_min"": 75.77704102857463, ""iv_crush_max"": 28.5, ""market_hostility_max"": 20.837804227846576, ""min_5depth_lots_each_side"": 16.0, ""min_top_book_lots"": 1.0, ""premium_elasticity_min"": 0.5, ""regime_confidence_min"": 60.0, ""spread_pct_max"": 0.19019155006112992, ""trade_quality_min"": 13.559322033898304}",47.75432797277554,paper-strategy-8ade763620b6,opportunity-score-8ade763620b6,PAPER_OVERRIDE::FYERS_PAPER_PROXY_RESEARCH,SKIPPED_FORWARD_PROXY,172.35,172.9,0.0,-11.674999999999983,False,False,-0.4669999999999993,OBSERVED,,FYERS_PAPER_PROXY_RESEARCH
202608241340_2_BANKNIFTY_CE,5,2026-08-24T13:45:34.543688+05:30,BANKNIFTY,BANKNIFTY,NSE_INDEX,2e840ccd58d1,"{""contract_quality_min"": 0.0, ""direction_min"": 1.3949627893675938, ""excellent_score_min"": 47.75432797277554, ""execution_quality_min"": 100.0, ""expected_required_ratio_min"": 1.4166666666666667, ""final_confidence_min"": 75.77704102857463, ""iv_crush_max"": 28.5, ""market_hostility_max"": 20.837804227846576, ""min_5depth_lots_each_side"": 17.0, ""min_top_book_lots"": 2.0, ""premium_elasticity_min"": 0.7, ""regime_confidence_min"": 60.0, ""spread_pct_max"": 0.2723939235201581, ""trade_quality_min"": 13.559322033898304}",47.75432797277554,paper-strategy-8ade763620b6,opportunity-score-8ade763620b6,PAPER_OVERRIDE::FYERS_PAPER_PROXY_RESEARCH,SKIPPED_FORWARD_PROXY,224.55,225.3,0.0,-14.074999999999989,False,False,-0.5629999999999995,OBSERVED,,FYERS_PAPER_PROXY_RESEARCH
202608241340_3_BANKNIFTY_PE,5,2026-08-24T13:45:34.543688+05:30,BANKNIFTY,BANKNIFTY,NSE_INDEX,2e840ccd58d1,"{""contract_quality_min"": 0.0, ""direction_min"": 0.0, ""excellent_score_min"": 47.50323467068938, ""execution_quality_min"": 100.0, ""expected_required_ratio_min"": 1.4166666666666667, ""final_confidence_min"": 75.35855219176436, ""iv_crush_max"": 28.5, ""market_hostility_max"": 20.837804227846576, ""min_5depth_lots_each_side"": 24.0, ""min_top_book_lots"": 1.0, ""premium_elasticity_min"": 0.5, ""regime_confidence_min"": 60.0, ""spread_pct_max"": 0.23557126030623668, ""trade_quality_min"": 13.559322033898304}",47.50323467068938,paper-strategy-8ade763620b6,opportunity-score-8ade763620b6,PAPER_OVERRIDE::FYERS_PAPER_PROXY_RESEARCH,SKIPPED_FORWARD_PROXY,202.3,203.0,11.275000000000006,0.0,False,False,0.45100000000000023,OBSERVED,,FYERS_PAPER_PROXY_RESEARCH
202608241340_4_BANKNIFTY_PE,5,2026-08-24T13:45:34.543688+05:30,BANKNIFTY,BANKNIFTY,NSE_INDEX,2e840ccd58d1,"{""contract_quality_min"": 0.0, ""direction_min"": 0.0, ""excellent_score_min"": 47.50323467068938, ""execution_quality_min"": 100.0, ""expected_required_ratio_min"": 1.4166666666666667, ""final_confidence_min"": 75.35855219176436, ""iv_crush_max"": 28.5, ""market_hostility_max"": 20.837804227846576, ""min_5depth_lots_each_side"": 34.0, ""min_top_book_lots"": 3.0, ""premium_elasticity_min"": 0.7, ""regime_confidence_min"": 60.0, ""spread_pct_max"": 0.30447579417436316, ""trade_quality_min"": 13.559322033898304}",47.50323467068938,paper-strategy-8ade763620b6,opportunity-score-8ade763620b6,PAPER_OVERRIDE::FYERS_PAPER_PROXY_RESEARCH,SKIPPED_FORWARD_PROXY,260.05,260.9,13.725000000000023,0.0,False,False,0.5490000000000009,OBSERVED,,FYERS_PAPER_PROXY_RESEARCH
202608241340_5_MIDCPNIFTY_CE,5,2026-08-24T13:45:34.543688+05:30,MIDCPNIFTY,MIDCPNIFTY,NSE_INDEX,712afad509f5,"{""contract_quality_min"": 0.0, ""direction_min"": 1.2908083687407284, ""excellent_score_min"": 46.05477786258497, ""execution_quality_min"": 100.0, ""expected_required_ratio_min"": 1.0833333333333335, ""final_confidence_min"": 74.63239676551524, ""iv_crush_max"": 28.5, ""market_hostility_max"": 20.55225064445773, ""min_5depth_lots_each_side"": 21.0, ""min_top_book_lots"": 1.0, ""premium_elasticity_min"": 0.5, ""regime_confidence_min"": 60.0, ""spread_pct_max"": 0.4688232536333802, ""trade_quality_min"": 9.795918367347092}",46.05477786258497,paper-strategy-8ade763620b6,opportunity-score-8ade763620b6,PAPER_OVERRIDE::FYERS_PAPER_PROXY_RESEARCH,SKIPPED_FORWARD_PROXY,51.05,51.3,0.0,-2.2750000000000057,False,False,-0.21331458040318851,OBSERVED,,FYERS_PAPER_PROXY_RESEARCH
202608241341_1_BANKNIFTY_CE,5,2026-08-24T13:46:51.553442+05:30,BANKNIFTY,BANKNIFTY,NSE_INDEX,2e840ccd58d1,"{""contract_quality_min"": 0.0, ""direction_min"": 4.478314702753402, ""excellent_score_min"": 56.64506610123206, ""execution_quality_min"": 100.0, ""expected_required_ratio_min"": 1.4166666666666667, ""final_confidence_min"": 85.2072802003366, ""iv_crush_max"": 28.5, ""market_hostility_max"": 20.78941314660376, ""min_5depth_lots_each_side"": 34.0, ""min_top_book_lots"": 1.0, ""premium_elasticity_min"": 0.5, ""regime_confidence_min"": 60.0, ""spread_pct_max"": 0.23434448639499472, ""trade_quality_min"": 43.4517766497453}",56.64506610123206,paper-strategy-8ade763620b6,opportunity-score-8ade763620b6,PAPER_OVERRIDE::FYERS_PAPER_PROXY_RESEARCH,SKIPPED_FORWARD_PROXY,173.8,174.2,0.0,-18.224999999999994,False,False,-0.7289999999999998,OBSERVED,,FYERS_PAPER_PROXY_RESEARCH
202608241341_2_BANKNIFTY_CE,5,2026-08-24T13:46:51.553442+05:30,BANKNIFTY,BANKNIFTY,NSE_INDEX,2e840ccd58d1,"{""contract_quality_min"": 0.0, ""direction_min"": 4.478314702753402, ""excellent_score_min"": 56.64506610123206, ""execution_quality_min"": 100.0, ""expected_required_ratio_min"": 1.4166666666666667, ""final_confidence_min"": 85.2072802003366, ""iv_crush_max"": 28.5, ""market_hostility_max"": 20.78941314660376, ""min_5depth_lots_each_side"": 6.0, ""min_top_book_lots"": 1.0, ""premium_elasticity_min"": 0.7, ""regime_confidence_min"": 60.0, ""spread_pct_max"": 0.2627058704658, ""trade_quality_min"": 43.4517766497453}",56.64506610123206,paper-strategy-8ade763620b6,opportunity-score-8ade763620b6,PAPER_OVERRIDE::FYERS_PAPER_PROXY_RESEARCH,SKIPPED_FORWARD_PROXY,227.1,227.65,0.0,-20.325000000000017,False,False,-0.8130000000000007,OBSERVED,,FYERS_PAPER_PROXY_RESEARCH
202608241341_3_BANKNIFTY_PE,5,2026-08-24T13:46:51.553442+05:30,BANKNIFTY,BANKNIFTY,NSE_INDEX,2e840ccd58d1,"{""contract_quality_min"": 0.0, ""direction_min"": 0.0, ""excellent_score_min"": 55.83896945473645, ""execution_quality_min"": 100.0, ""expected_required_ratio_min"": 1.4166666666666667, ""final_confidence_min"": 83.86378578951057, ""iv_crush_max"": 28.5, ""market_hostility_max"": 20.78941314660376, ""min_5depth_lots_each_side"": 28.0, ""min_top_book_lots"": 1.0, ""premium_elasticity_min"": 0.5, ""regime_confidence_min"": 60.0, ""spread_pct_max"": 0.1930768169907568, ""trade_quality_min"": 43.4517766497453}",55.83896945473645,paper-strategy-8ade763620b6,opportunity-score-8ade763620b6,PAPER_OVERRIDE::FYERS_PAPER_PROXY_RESEARCH,SKIPPED_FORWARD_PROXY,201.2,201.85,19.92500000000001,0.0,False,False,0.7970000000000005,OBSERVED,,FYERS_PAPER_PROXY_RESEARCH
202608241341_4_BANKNIFTY_PE,5,2026-08-24T13:46:51.553442+05:30,BANKNIFTY,BANKNIFTY,NSE_INDEX,2e840ccd58d1,"{""contract_quality_min"": 0.0, ""direction_min"": 0.0, ""excellent_score_min"": 55.83896945473645, ""execution_quality_min"": 100.0, ""expected_required_ratio_min"": 1.4166666666666667, ""final_confidence_min"": 83.86378578951057, ""iv_crush_max"": 28.5, ""market_hostility_max"": 20.78941314660376, ""min_5depth_lots_each_side"": 21.0, ""min_top_book_lots"": 1.0, ""premium_elasticity_min"": 0.7, ""regime_confidence_min"": 60.0, ""spread_pct_max"": 0.27709687733134636, ""trade_quality_min"": 43.4517766497453}",55.83896945473645,paper-strategy-8ade763620b6,opportunity-score-8ade763620b6,PAPER_OVERRIDE::FYERS_PAPER_PROXY_RESEARCH,SKIPPED_FORWARD_PROXY,256.8,257.25,22.225000000000023,0.0,False,False,0.8890000000000009,OBSERVED,,FYERS_PAPER_PROXY_RESEARCH
202608241341_5_FINNIFTY_CE,5,2026-08-24T13:46:51.553442+05:30,FINNIFTY,FINNIFTY,NSE_INDEX,e172b0fef65b,"{""contract_quality_min"": 0.0, ""direction_min"": 3.4766959901208367, ""excellent_score_min"": 54.21212113420467, ""execution_quality_min"": 100.0, ""expected_required_ratio_min"": 1.25, ""final_confidence_min"": 85.60753931123263, ""iv_crush_max"": 28.5, ""market_hostility_max"": 20.715331824128523, ""min_5depth_lots_each_side"": 11.0, ""min_top_book_lots"": 1.0, ""premium_elasticity_min"": 0.3, ""regime_confidence_min"": 60.0, ""spread_pct_max"": 0.7412898443291327, ""trade_quality_min"": 45.28678304238164}",54.21212113420467,paper-strategy-8ade763620b6,opportunity-score-8ade763620b6,PAPER_OVERRIDE::FYERS_PAPER_PROXY_RESEARCH,SKIPPED_FORWARD_PROXY,62.3,62.7,0.0,-5.150000000000006,False,False,-0.3817642698295037,OBSERVED,,FYERS_PAPER_PROXY_RESEARCH
202608241342_1_NIFTY_CE,5,2026-08-24T13:47:51.009535+05:30,NIFTY,NIFTY,NSE_INDEX,00929e22c867,"{""contract_quality_min"": 0.0, ""direction_min"": 2.1518680904860537, ""excellent_score_min"": 59.528421871293844, ""execution_quality_min"": 100.0, ""expected_required_ratio_min"": 1.3333333333333335, ""final_confidence_min"": 86.0045983953911, ""iv_crush_max"": 28.5, ""market_hostility_max"": 19.131672941403288, ""min_5depth_lots_each_side"": 167.0, ""min_top_book_lots"": 19.0, ""premium_elasticity_min"": 0.5, ""regime_confidence_min"": 60.0, ""spread_pct_max"": 0.2968239833778569, ""trade_quality_min"": 47.27272727272728}",59.528421871293844,paper-strategy-8ade763620b6,opportunity-score-8ade763620b6,PAPER_OVERRIDE::FYERS_PAPER_PROXY_RESEARCH,SKIPPED_FORWARD_PROXY,,,UNAVAILABLE,UNAVAILABLE,UNAVAILABLE,UNAVAILABLE,UNAVAILABLE,UNAVAILABLE,Future quote invalid,FYERS_PAPER_PROXY_RESEARCH
202608241342_2_NIFTY_CE,5,2026-08-24T13:47:51.009535+05:30,NIFTY,NIFTY,NSE_INDEX,00929e22c867,"{""contract_quality_min"": 0.0, ""direction_min"": 2.1518680904860537, ""excellent_score_min"": 59.528421871293844, ""execution_quality_min"": 100.0, ""expected_required_ratio_min"": 1.3333333333333335, ""final_confidence_min"": 86.0045983953911, ""iv_crush_max"": 28.5, ""market_hostility_max"": 19.131672941403288, ""min_5depth_lots_each_side"": 81.0, ""min_top_book_lots"": 3.0, ""premium_elasticity_min"": 0.7, ""regime_confidence_min"": 60.0, ""spread_pct_max"": 0.251046025104612, ""trade_quality_min"": 47.27272727272728}",59.528421871293844,paper-strategy-8ade763620b6,opportunity-score-8ade763620b6,PAPER_OVERRIDE::FYERS_PAPER_PROXY_RESEARCH,SKIPPED_FORWARD_PROXY,,,UNAVAILABLE,UNAVAILABLE,UNAVAILABLE,UNAVAILABLE,UNAVAILABLE,UNAVAILABLE,Future quote invalid,FYERS_PAPER_PROXY_RESEARCH
202608241342_3_BANKNIFTY_CE,5,2026-08-24T13:47:51.009535+05:30,BANKNIFTY,BANKNIFTY,NSE_INDEX,2e840ccd58d1,"{""contract_quality_min"": 0.0, ""direction_min"": 4.694929842017209, ""excellent_score_min"": 57.34703324939129, ""execution_quality_min"": 100.0, ""expected_required_ratio_min"": 1.4166666666666667, ""final_confidence_min"": 85.97406044816984, ""iv_crush_max"": 28.5, ""market_hostility_max"": 20.865852326470673, ""min_5depth_lots_each_side"": 11.0, ""min_top_book_lots"": 2.0, ""premium_elasticity_min"": 0.5, ""regime_confidence_min"": 60.0, ""spread_pct_max"": 0.2111375032990265, ""trade_quality_min"": 45.89940323955754}",57.34703324939129,paper-strategy-8ade763620b6,opportunity-score-8ade763620b6,PAPER_OVERRIDE::FYERS_PAPER_PROXY_RESEARCH,SKIPPED_FORWARD_PROXY,,,UNAVAILABLE,UNAVAILABLE,UNAVAILABLE,UNAVAILABLE,UNAVAILABLE,UNAVAILABLE,Future quote invalid,FYERS_PAPER_PROXY_RESEARCH
202608241342_4_BANKNIFTY_CE,5,2026-08-24T13:47:51.009535+05:30,BANKNIFTY,BANKNIFTY,NSE_INDEX,2e840ccd58d1,"{""contract_quality_min"": 0.0, ""direction_min"": 4.694929842017209, ""excellent_score_min"": 57.34703324939129, ""execution_quality_min"": 100.0, ""expected_required_ratio_min"": 1.4166666666666667, ""final_confidence_min"": 85.97406044816984, ""iv_crush_max"": 28.5, ""market_hostility_max"": 20.865852326470673, ""min_5depth_lots_each_side"": 11.0, ""min_top_book_lots"": 1.0, ""premium_elasticity_min"": 0.7, ""regime_confidence_min"": 60.0, ""spread_pct_max"": 0.24519820187985059, ""trade_quality_min"": 45.89940323955754}",57.34703324939129,paper-strategy-8ade763620b6,opportunity-score-8ade763620b6,PAPER_OVERRIDE::FYERS_PAPER_PROXY_RESEARCH,SKIPPED_FORWARD_PROXY,,,UNAVAILABLE,UNAVAILABLE,UNAVAILABLE,UNAVAILABLE,UNAVAILABLE,UNAVAILABLE,Future quote invalid,FYERS_PAPER_PROXY_RESEARCH
202608241342_5_BANKNIFTY_PE,5,2026-08-24T13:47:51.009535+05:30,BANKNIFTY,BANKNIFTY,NSE_INDEX,2e840ccd58d1,"{""contract_quality_min"": 0.0, ""direction_min"": 0.0, ""excellent_score_min"": 56.50194587782819, ""execution_quality_min"": 100.0, ""expected_required_ratio_min"": 1.4166666666666667, ""final_confidence_min"": 84.56558149556469, ""iv_crush_max"": 28.5, ""market_hostility_max"": 20.865852326470673, ""min_5depth_lots_each_side"": 11.0, ""min_top_book_lots"": 1.0, ""premium_elasticity_min"": 0.5, ""regime_confidence_min"": 60.0, ""spread_pct_max"": 0.24112525117213054, ""trade_quality_min"": 45.89940323955754}",56.50194587782819,paper-strategy-8ade763620b6,opportunity-score-8ade763620b6,PAPER_OVERRIDE::FYERS_PAPER_PROXY_RESEARCH,SKIPPED_FORWARD_PROXY,,,UNAVAILABLE,UNAVAILABLE,UNAVAILABLE,UNAVAILABLE,UNAVAILABLE,UNAVAILABLE,Future quote invalid,FYERS_PAPER_PROXY_RESEARCH
202608241344_1_NIFTY_CE,5,2026-08-24T13:49:31.434606+05:30,NIFTY,NIFTY,NSE_INDEX,00929e22c867,"{""contract_quality_min"": 0.0, ""direction_min"": 0.976610994322655, ""excellent_score_min"": 50.80134366103974, ""execution_quality_min"": 100.0, ""expected_required_ratio_min"": 1.3333333333333335, ""final_confidence_min"": 76.68563755662322, ""iv_crush_max"": 28.5, ""market_hostility_max"": 19.259031304845184, ""min_5depth_lots_each_side"": 113.0, ""min_top_book_lots"": 5.0, ""premium_elasticity_min"": 0.7, ""regime_confidence_min"": 60.0, ""spread_pct_max"": 0.25608194622278885, ""trade_quality_min"": 16.797153024916046}",50.80134366103974,paper-strategy-8ade763620b6,opportunity-score-8ade763620b6,PAPER_OVERRIDE::FYERS_PAPER_PROXY_RESEARCH,SKIPPED_FORWARD_PROXY,117.3,117.6,0.14999999999999147,0.0,False,False,0.006402048655569418,OBSERVED,,FYERS_PAPER_PROXY_RESEARCH
202608241344_2_BANKNIFTY_CE,5,2026-08-24T13:49:31.434606+05:30,BANKNIFTY,BANKNIFTY,NSE_INDEX,2e840ccd58d1,"{""contract_quality_min"": 0.0, ""direction_min"": 2.720514246949449, ""excellent_score_min"": 50.79975855587901, ""execution_quality_min"": 100.0, ""expected_required_ratio_min"": 1.4166666666666667, ""final_confidence_min"": 79.05311530498135, ""iv_crush_max"": 28.5, ""market_hostility_max"": 21.019314339775978, ""min_5depth_lots_each_side"": 14.0, ""min_top_book_lots"": 2.0, ""premium_elasticity_min"": 0.5, ""regime_confidence_min"": 60.0, ""spread_pct_max"": 0.3362286354721179, ""trade_quality_min"": 23.81679389312977}",50.79975855587901,paper-strategy-8ade763620b6,opportunity-score-8ade763620b6,PAPER_OVERRIDE::FYERS_PAPER_PROXY_RESEARCH,SKIPPED_FORWARD_PROXY,170.7,171.0,0.0,-7.75,False,False,-0.31,OBSERVED,,FYERS_PAPER_PROXY_RESEARCH
202608241344_3_BANKNIFTY_CE,5,2026-08-24T13:49:31.434606+05:30,BANKNIFTY,BANKNIFTY,NSE_INDEX,2e840ccd58d1,"{""contract_quality_min"": 0.0, ""direction_min"": 2.720514246949449, ""excellent_score_min"": 50.79975855587901, ""execution_quality_min"": 100.0, ""expected_required_ratio_min"": 1.4166666666666667, ""final_confidence_min"": 79.05311530498135, ""iv_crush_max"": 28.5, ""market_hostility_max"": 21.019314339775978, ""min_5depth_lots_each_side"": 22.0, ""min_top_book_lots"": 1.0, ""premium_elasticity_min"": 0.7, ""regime_confidence_min"": 60.0, ""spread_pct_max"": 0.23602617744877646, ""trade_quality_min"": 23.81679389312977}",50.79975855587901,paper-strategy-8ade763620b6,opportunity-score-8ade763620b6,PAPER_OVERRIDE::FYERS_PAPER_PROXY_RESEARCH,SKIPPED_FORWARD_PROXY,223.0,223.75,0.0,-10.025000000000006,False,False,-0.40100000000000025,OBSERVED,,FYERS_PAPER_PROXY_RESEARCH
202608241344_4_BANKNIFTY_PE,5,2026-08-24T13:49:31.434606+05:30,BANKNIFTY,BANKNIFTY,NSE_INDEX,2e840ccd58d1,"{""contract_quality_min"": 0.0, ""direction_min"": 0.0, ""excellent_score_min"": 50.310065991428104, ""execution_quality_min"": 100.0, ""expected_required_ratio_min"": 1.4166666666666667, ""final_confidence_min"": 78.23696103089652, ""iv_crush_max"": 28.5, ""market_hostility_max"": 21.019314339775978, ""min_5depth_lots_each_side"": 19.0, ""min_top_book_lots"": 1.0, ""premium_elasticity_min"": 0.5, ""regime_confidence_min"": 60.0, ""spread_pct_max"": 0.30690537084400143, ""trade_quality_min"": 23.81679389312977}",50.310065991428104,paper-strategy-8ade763620b6,opportunity-score-8ade763620b6,PAPER_OVERRIDE::FYERS_PAPER_PROXY_RESEARCH,SKIPPED_FORWARD_PROXY,205.0,205.25,9.5,0.0,False,False,0.38,OBSERVED,,FYERS_PAPER_PROXY_RESEARCH
202608241344_5_MIDCPNIFTY_CE,5,2026-08-24T13:49:31.434606+05:30,MIDCPNIFTY,MIDCPNIFTY,NSE_INDEX,712afad509f5,"{""contract_quality_min"": 0.0, ""direction_min"": 2.1787005127339114, ""excellent_score_min"": 49.400904804186844, ""execution_quality_min"": 100.0, ""expected_required_ratio_min"": 1.0833333333333335, ""final_confidence_min"": 78.15905263391281, ""iv_crush_max"": 28.5, ""market_hostility_max"": 20.42271400113384, ""min_5depth_lots_each_side"": 13.0, ""min_top_book_lots"": 1.0, ""premium_elasticity_min"": 0.7, ""regime_confidence_min"": 60.0, ""spread_pct_max"": 0.7429420505200595, ""trade_quality_min"": 21.107491856675736}",49.400904804186844,paper-strategy-8ade763620b6,opportunity-score-8ade763620b6,PAPER_OVERRIDE::FYERS_PAPER_PROXY_RESEARCH,SKIPPED_FORWARD_PROXY,66.3,66.85,0.0,-1.0,False,False,-0.07429420505200594,OBSERVED,,FYERS_PAPER_PROXY_RESEARCH
202608241345_1_BANKNIFTY_CE,5,2026-08-24T13:50:46.451985+05:30,BANKNIFTY,BANKNIFTY,NSE_INDEX,2e840ccd58d1,"{""contract_quality_min"": 0.0, ""direction_min"": 2.553496537342969, ""excellent_score_min"": 50.28269229259888, ""execution_quality_min"": 100.0, ""expected_required_ratio_min"": 1.4166666666666667, ""final_confidence_min"": 78.46773212677635, ""iv_crush_max"": 28.5, ""market_hostility_max"": 20.885447089970526, ""min_5depth_lots_each_side"": 23.0, ""min_top_book_lots"": 2.0, ""premium_elasticity_min"": 0.5, ""regime_confidence_min"": 60.0, ""spread_pct_max"": 0.2808199943836001, ""trade_quality_min"": 21.9490254872497}",50.28269229259888,paper-strategy-8ade763620b6,opportunity-score-8ade763620b6,PAPER_OVERRIDE::FYERS_PAPER_PROXY_RESEARCH,SKIPPED_FORWARD_PROXY,170.75,171.3,0.0,-7.300000000000011,False,False,-0.2920000000000005,OBSERVED,,FYERS_PAPER_PROXY_RESEARCH
202608241345_2_BANKNIFTY_CE,5,2026-08-24T13:50:46.451985+05:30,BANKNIFTY,BANKNIFTY,NSE_INDEX,2e840ccd58d1,"{""contract_quality_min"": 0.0, ""direction_min"": 2.553496537342969, ""excellent_score_min"": 50.28269229259888, ""execution_quality_min"": 100.0, ""expected_required_ratio_min"": 1.4166666666666667, ""final_confidence_min"": 78.46773212677635, ""iv_crush_max"": 28.5, ""market_hostility_max"": 20.885447089970526, ""min_5depth_lots_each_side"": 10.0, ""min_top_book_lots"": 1.0, ""premium_elasticity_min"": 0.7, ""regime_confidence_min"": 60.0, ""spread_pct_max"": 0.2799009581225129, ""trade_quality_min"": 21.9490254872497}",50.28269229259888,paper-strategy-8ade763620b6,opportunity-score-8ade763620b6,PAPER_OVERRIDE::FYERS_PAPER_PROXY_RESEARCH,SKIPPED_FORWARD_PROXY,222.9,223.65,0.0,-9.325000000000017,False,False,-0.37300000000000066,OBSERVED,,FYERS_PAPER_PROXY_RESEARCH
202608241345_3_BANKNIFTY_PE,5,2026-08-24T13:50:46.451985+05:30,BANKNIFTY,BANKNIFTY,NSE_INDEX,2e840ccd58d1,"{""contract_quality_min"": 0.0, ""direction_min"": 0.0, ""excellent_score_min"": 49.823062915877145, ""execution_quality_min"": 100.0, ""expected_required_ratio_min"": 1.4166666666666667, ""final_confidence_min"": 77.70168316557346, ""iv_crush_max"": 28.5, ""market_hostility_max"": 20.885447089970526, ""min_5depth_lots_each_side"": 27.0, ""min_top_book_lots"": 1.0, ""premium_elasticity_min"": 0.5, ""regime_confidence_min"": 60.0, ""spread_pct_max"": 0.2791523918284539, ""trade_quality_min"": 21.9490254872497}",49.823062915877145,paper-strategy-8ade763620b6,opportunity-score-8ade763620b6,PAPER_OVERRIDE::FYERS_PAPER_PROXY_RESEARCH,SKIPPED_FORWARD_PROXY,205.0,205.45,7.974999999999994,0.0,False,False,0.3189999999999998,OBSERVED,,FYERS_PAPER_PROXY_RESEARCH
202608241345_4_BANKNIFTY_CE,5,2026-08-24T13:50:46.451985+05:30,BANKNIFTY,BANKNIFTY,NSE_INDEX,2e840ccd58d1,"{""contract_quality_min"": 0.0, ""direction_min"": 2.553496537342969, ""excellent_score_min"": 47.482692292598884, ""execution_quality_min"": 100.0, ""expected_required_ratio_min"": 1.4166666666666667, ""final_confidence_min"": 78.46773212677635, ""iv_crush_max"": 28.5, ""market_hostility_max"": 20.885447089970526, ""min_5depth_lots_each_side"": 28.0, ""min_top_book_lots"": 1.0, ""premium_elasticity_min"": 0.3, ""regime_confidence_min"": 60.0, ""spread_pct_max"": 0.22371364653244696, ""trade_quality_min"": 21.9490254872497}",47.482692292598884,paper-strategy-8ade763620b6,opportunity-score-8ade763620b6,PAPER_OVERRIDE::FYERS_PAPER_PROXY_RESEARCH,SKIPPED_FORWARD_PROXY,127.2,127.7,0.0,-6.8999999999999915,False,False,-0.27599999999999963,OBSERVED,,FYERS_PAPER_PROXY_RESEARCH
202608241345_5_MIDCPNIFTY_CE,5,2026-08-24T13:50:46.451985+05:30,MIDCPNIFTY,MIDCPNIFTY,NSE_INDEX,712afad509f5,"{""contract_quality_min"": 0.0, ""direction_min"": 1.3986202073725382, ""excellent_score_min"": 47.20110566755024, ""execution_quality_min"": 100.0, ""expected_required_ratio_min"": 1.0833333333333333, ""final_confidence_min"": 75.70979303110634, ""iv_crush_max"": 28.5, ""market_hostility_max"": 19.880918365631945, ""min_5depth_lots_each_side"": 25.0, ""min_top_book_lots"": 1.0, ""premium_elasticity_min"": 0.5, ""regime_confidence_min"": 60.0, ""spread_pct_max"": 0.5791505791505874, ""trade_quality_min"": 13.33333333333489}",47.20110566755024,paper-strategy-8ade763620b6,opportunity-score-8ade763620b6,PAPER_OVERRIDE::FYERS_PAPER_PROXY_RESEARCH,SKIPPED_FORWARD_PROXY,,,UNAVAILABLE,UNAVAILABLE,UNAVAILABLE,UNAVAILABLE,UNAVAILABLE,UNAVAILABLE,Future quote invalid,FYERS_PAPER_PROXY_RESEARCH
202608241335_1_BANKNIFTY_PE,15,2026-08-24T13:51:06.996546+05:30,BANKNIFTY,BANKNIFTY,NSE_INDEX,2e840ccd58d1,"{""contract_quality_min"": 0.0, ""direction_min"": 0.0, ""excellent_score_min"": 52.938805388296814, ""execution_quality_min"": 100.0, ""expected_required_ratio_min"": 1.4166666666666665, ""final_confidence_min"": 80.86783165290204, ""iv_crush_max"": 28.5, ""market_hostility_max"": 20.113834847198277, ""min_5depth_lots_each_side"": 30.0, ""min_top_book_lots"": 1.0, ""premium_elasticity_min"": 0.5, ""regime_confidence_min"": 60.0, ""spread_pct_max"": 0.19200000000000728, ""trade_quality_min"": 32.373923739224715}",52.938805388296814,paper-strategy-8ade763620b6,opportunity-score-8ade763620b6,PAPER_OVERRIDE::FYERS_PAPER_PROXY_RESEARCH,SKIPPED_FORWARD_PROXY,153.7,154.05,0.0,-2.5500000000000114,False,False,-0.10200000000000045,OBSERVED,,FYERS_PAPER_PROXY_RESEARCH
202608241335_2_BANKNIFTY_PE,15,2026-08-24T13:51:06.996546+05:30,BANKNIFTY,BANKNIFTY,NSE_INDEX,2e840ccd58d1,"{""contract_quality_min"": 0.0, ""direction_min"": 0.0, ""excellent_score_min"": 52.938805388296814, ""execution_quality_min"": 100.0, ""expected_required_ratio_min"": 1.4166666666666665, ""final_confidence_min"": 80.86783165290204, ""iv_crush_max"": 28.5, ""market_hostility_max"": 20.113834847198277, ""min_5depth_lots_each_side"": 27.0, ""min_top_book_lots"": 1.0, ""premium_elasticity_min"": 0.7, ""regime_confidence_min"": 60.0, ""spread_pct_max"": 0.3183543528835585, ""trade_quality_min"": 32.373923739224715}",52.938805388296814,paper-strategy-8ade763620b6,opportunity-score-8ade763620b6,PAPER_OVERRIDE::FYERS_PAPER_PROXY_RESEARCH,SKIPPED_FORWARD_PROXY,201.6,201.95,0.0,-2.575000000000017,False,False,-0.10300000000000069,OBSERVED,,FYERS_PAPER_PROXY_RESEARCH
202608241335_3_FINNIFTY_PE,15,2026-08-24T13:51:06.996546+05:30,FINNIFTY,FINNIFTY,NSE_INDEX,e172b0fef65b,"{""contract_quality_min"": 0.0, ""direction_min"": 0.0, ""excellent_score_min"": 51.931250977689935, ""execution_quality_min"": 100.0, ""expected_required_ratio_min"": 1.25, ""final_confidence_min"": 79.86065912496548, ""iv_crush_max"": 28.5, ""market_hostility_max"": 20.28546554398391, ""min_5depth_lots_each_side"": 10.0, ""min_top_book_lots"": 1.0, ""premium_elasticity_min"": 0.7, ""regime_confidence_min"": 60.0, ""spread_pct_max"": 0.6644518272425186, ""trade_quality_min"": 28.91820580475745}",51.931250977689935,paper-strategy-8ade763620b6,opportunity-score-8ade763620b6,PAPER_OVERRIDE::FYERS_PAPER_PROXY_RESEARCH,SKIPPED_FORWARD_PROXY,91.95,92.7,1.6500000000000057,0.0,False,False,0.0913621262458475,OBSERVED,,FYERS_PAPER_PROXY_RESEARCH
202608241335_4_BANKNIFTY_CE,15,2026-08-24T13:51:06.996546+05:30,BANKNIFTY,BANKNIFTY,NSE_INDEX,2e840ccd58d1,"{""contract_quality_min"": 0.0, ""direction_min"": 2.295636459102464, ""excellent_score_min"": 50.55201995093526, ""execution_quality_min"": 100.0, ""expected_required_ratio_min"": 1.4166666666666665, ""final_confidence_min"": 81.55652259063278, ""iv_crush_max"": 28.5, ""market_hostility_max"": 20.113834847198277, ""min_5depth_lots_each_side"": 27.0, ""min_top_book_lots"": 3.0, ""premium_elasticity_min"": 0.3, ""regime_confidence_min"": 60.0, ""spread_pct_max"": 0.31130607046836445, ""trade_quality_min"": 32.373923739224715}",50.55201995093526,paper-strategy-8ade763620b6,opportunity-score-8ade763620b6,PAPER_OVERRIDE::FYERS_PAPER_PROXY_RESEARCH,SKIPPED_FORWARD_PROXY,173.1,173.5,0.0,-3.575000000000017,False,False,-0.14300000000000068,OBSERVED,,FYERS_PAPER_PROXY_RESEARCH
202608241335_5_BANKNIFTY_PE,15,2026-08-24T13:51:06.996546+05:30,BANKNIFTY,BANKNIFTY,NSE_INDEX,2e840ccd58d1,"{""contract_quality_min"": 0.0, ""direction_min"": 0.0, ""excellent_score_min"": 50.13880538829682, ""execution_quality_min"": 100.0, ""expected_required_ratio_min"": 1.4166666666666665, ""final_confidence_min"": 80.86783165290204, ""iv_crush_max"": 28.5, ""market_hostility_max"": 20.113834847198277, ""min_5depth_lots_each_side"": 30.0, ""min_top_book_lots"": 1.0, ""premium_elasticity_min"": 0.3, ""regime_confidence_min"": 60.0, ""spread_pct_max"": 0.2543450614667208, ""trade_quality_min"": 32.373923739224715}",50.13880538829682,paper-strategy-8ade763620b6,opportunity-score-8ade763620b6,PAPER_OVERRIDE::FYERS_PAPER_PROXY_RESEARCH,SKIPPED_FORWARD_PROXY,115.2,115.55,0.0,-2.749999999999986,False,False,-0.1165748198389142,OBSERVED,,FYERS_PAPER_PROXY_RESEARCH
202608241337_1_MIDCPNIFTY_PE,15,2026-08-24T13:52:15.964395+05:30,MIDCPNIFTY,MIDCPNIFTY,NSE_INDEX,712afad509f5,"{""contract_quality_min"": 0.0, ""direction_min"": 3.0921875210067085, ""excellent_score_min"": 50.72824075126394, ""execution_quality_min"": 100.0, ""expected_required_ratio_min"": 1.0833333333333335, ""final_confidence_min"": 79.44350292489868, ""iv_crush_max"": 28.5, ""market_hostility_max"": 19.60835174096398, ""min_5depth_lots_each_side"": 25.0, ""min_top_book_lots"": 4.0, ""premium_elasticity_min"": 0.5, ""regime_confidence_min"": 60.0, ""spread_pct_max"": 0.6960556844547497, ""trade_quality_min"": 24.932249322492243}",50.72824075126394,paper-strategy-8ade763620b6,opportunity-score-8ade763620b6,PAPER_OVERRIDE::FYERS_PAPER_PROXY_RESEARCH,SKIPPED_FORWARD_PROXY,41.65,41.85,0.0,-1.4500000000000028,False,False,-0.16821345707656643,OBSERVED,,FYERS_PAPER_PROXY_RESEARCH
202608241337_2_MIDCPNIFTY_PE,15,2026-08-24T13:52:15.964395+05:30,MIDCPNIFTY,MIDCPNIFTY,NSE_INDEX,712afad509f5,"{""contract_quality_min"": 0.0, ""direction_min"": 3.0921875210067085, ""excellent_score_min"": 50.72824075126394, ""execution_quality_min"": 100.0, ""expected_required_ratio_min"": 1.0833333333333335, ""final_confidence_min"": 79.44350292489868, ""iv_crush_max"": 28.5, ""market_hostility_max"": 19.60835174096398, ""min_5depth_lots_each_side"": 13.0, ""min_top_book_lots"": 3.0, ""premium_elasticity_min"": 0.7, ""regime_confidence_min"": 60.0, ""spread_pct_max"": 0.5395683453237359, ""trade_quality_min"": 24.932249322492243}",50.72824075126394,paper-strategy-8ade763620b6,opportunity-score-8ade763620b6,PAPER_OVERRIDE::FYERS_PAPER_PROXY_RESEARCH,SKIPPED_FORWARD_PROXY,53.9,54.2,0.0,-1.7000000000000028,False,False,-0.15287769784172686,OBSERVED,,FYERS_PAPER_PROXY_RESEARCH
202608241337_3_MIDCPNIFTY_CE,15,2026-08-24T13:52:15.964395+05:30,MIDCPNIFTY,MIDCPNIFTY,NSE_INDEX,712afad509f5,"{""contract_quality_min"": 0.0, ""direction_min"": 0.0, ""excellent_score_min"": 50.171646997482725, ""execution_quality_min"": 100.0, ""expected_required_ratio_min"": 1.0833333333333335, ""final_confidence_min"": 78.51584666859667, ""iv_crush_max"": 28.5, ""market_hostility_max"": 19.60835174096398, ""min_5depth_lots_each_side"": 11.0, ""min_top_book_lots"": 2.0, ""premium_elasticity_min"": 0.7, ""regime_confidence_min"": 60.0, ""spread_pct_max"": 0.6102212051868889, ""trade_quality_min"": 24.932249322492243}",50.171646997482725,paper-strategy-8ade763620b6,opportunity-score-8ade763620b6,PAPER_OVERRIDE::FYERS_PAPER_PROXY_RESEARCH,SKIPPED_FORWARD_PROXY,66.3,66.85,0.75,0.0,False,False,0.057208237986270026,OBSERVED,,FYERS_PAPER_PROXY_RESEARCH
202608241337_4_BANKNIFTY_PE,15,2026-08-24T13:52:15.964395+05:30,BANKNIFTY,BANKNIFTY,NSE_INDEX,2e840ccd58d1,"{""contract_quality_min"": 0.0, ""direction_min"": 0.2721019614884451, ""excellent_score_min"": 44.79346197982145, ""execution_quality_min"": 100.0, ""expected_required_ratio_min"": 1.4166666666666667, ""final_confidence_min"": 72.52711666408456, ""iv_crush_max"": 28.5, ""market_hostility_max"": 20.435931156112094, ""min_5depth_lots_each_side"": 25.0, ""min_top_book_lots"": 1.0, ""premium_elasticity_min"": 0.5, ""regime_confidence_min"": 60.0, ""spread_pct_max"": 0.21548406957056754, ""trade_quality_min"": 3.2876712328709994}",44.79346197982145,paper-strategy-8ade763620b6,opportunity-score-8ade763620b6,PAPER_OVERRIDE::FYERS_PAPER_PROXY_RESEARCH,SKIPPED_FORWARD_PROXY,150.2,150.7,0.0,-12.225000000000023,False,False,-0.48900000000000093,OBSERVED,,FYERS_PAPER_PROXY_RESEARCH
202608241337_5_BANKNIFTY_CE,15,2026-08-24T13:52:15.964395+05:30,BANKNIFTY,BANKNIFTY,NSE_INDEX,2e840ccd58d1,"{""contract_quality_min"": 0.0, ""direction_min"": 0.0, ""excellent_score_min"": 44.74448362675353, ""execution_quality_min"": 100.0, ""expected_required_ratio_min"": 1.4166666666666667, ""final_confidence_min"": 72.44548607563803, ""iv_crush_max"": 28.5, ""market_hostility_max"": 20.435931156112094, ""min_5depth_lots_each_side"": 16.0, ""min_top_book_lots"": 1.0, ""premium_elasticity_min"": 0.5, ""regime_confidence_min"": 60.0, ""spread_pct_max"": 0.2727892702886994, ""trade_quality_min"": 3.2876712328709994}",44.74448362675353,paper-strategy-8ade763620b6,opportunity-score-8ade763620b6,PAPER_OVERRIDE::FYERS_PAPER_PROXY_RESEARCH,SKIPPED_FORWARD_PROXY,228.35,229.0,8.400000000000006,0.0,False,False,0.33600000000000024,OBSERVED,,FYERS_PAPER_PROXY_RESEARCH
202608241348_1_MIDCPNIFTY_PE,5,2026-08-24T13:53:22.803841+05:30,MIDCPNIFTY,MIDCPNIFTY,NSE_INDEX,712afad509f5,"{""contract_quality_min"": 0.0, ""direction_min"": 4.677639405078954, ""excellent_score_min"": 56.0675805517891, ""execution_quality_min"": 100.0, ""expected_required_ratio_min"": 1.0833333333333333, ""final_confidence_min"": 85.1705900101388, ""iv_crush_max"": 28.5, ""market_hostility_max"": 20.182311104536353, ""min_5depth_lots_each_side"": 17.0, ""min_top_book_lots"": 3.0, ""premium_elasticity_min"": 0.5, ""regime_confidence_min"": 60.0, ""spread_pct_max"": 0.7109004739336593, ""trade_quality_min"": 43.22981366458987}",56.0675805517891,paper-strategy-8ade763620b6,opportunity-score-8ade763620b6,PAPER_OVERRIDE::FYERS_PAPER_PROXY_RESEARCH,SKIPPED_FORWARD_PROXY,43.65,43.9,1.4499999999999957,0.0,False,False,0.17180094786729805,OBSERVED,,FYERS_PAPER_PROXY_RESEARCH
202608241348_2_MIDCPNIFTY_PE,5,2026-08-24T13:53:22.803841+05:30,MIDCPNIFTY,MIDCPNIFTY,NSE_INDEX,712afad509f5,"{""contract_quality_min"": 0.0, ""direction_min"": 4.677639405078954, ""excellent_score_min"": 56.0675805517891, ""execution_quality_min"": 100.0, ""expected_required_ratio_min"": 1.0833333333333333, ""final_confidence_min"": 85.1705900101388, ""iv_crush_max"": 28.5, ""market_hostility_max"": 20.182311104536353, ""min_5depth_lots_each_side"": 16.0, ""min_top_book_lots"": 2.0, ""premium_elasticity_min"": 0.7, ""regime_confidence_min"": 60.0, ""spread_pct_max"": 0.5464480874316888, ""trade_quality_min"": 43.22981366458987}",56.0675805517891,paper-strategy-8ade763620b6,opportunity-score-8ade763620b6,PAPER_OVERRIDE::FYERS_PAPER_PROXY_RESEARCH,SKIPPED_FORWARD_PROXY,56.5,56.75,1.6000000000000014,0.0,False,False,0.1457194899817852,OBSERVED,,FYERS_PAPER_PROXY_RESEARCH
202608241348_3_MIDCPNIFTY_CE,5,2026-08-24T13:53:22.803841+05:30,MIDCPNIFTY,MIDCPNIFTY,NSE_INDEX,712afad509f5,"{""contract_quality_min"": 0.0, ""direction_min"": 0.0, ""excellent_score_min"": 55.225605458874895, ""execution_quality_min"": 100.0, ""expected_required_ratio_min"": 1.0833333333333333, ""final_confidence_min"": 83.76729818861511, ""iv_crush_max"": 28.5, ""market_hostility_max"": 20.182311104536353, ""min_5depth_lots_each_side"": 12.0, ""min_top_book_lots"": 3.0, ""premium_elasticity_min"": 0.7, ""regime_confidence_min"": 60.0, ""spread_pct_max"": 0.7587253414264036, ""trade_quality_min"": 43.22981366458987}",55.225605458874895,paper-strategy-8ade763620b6,opportunity-score-8ade763620b6,PAPER_OVERRIDE::FYERS_PAPER_PROXY_RESEARCH,SKIPPED_FORWARD_PROXY,63.55,63.95,0.0,-2.3500000000000085,False,False,-0.1783004552352055,OBSERVED,,FYERS_PAPER_PROXY_RESEARCH
202608241348_4_M&M_PE,5,2026-08-24T13:53:22.803841+05:30,M&M,M&M,NSE_STOCK_OPTION,0fdd6afea273,"{""contract_quality_min"": 0.0, ""direction_min"": 2.340481554079752, ""excellent_score_min"": 17.405039477676574, ""execution_quality_min"": 68.01310043668188, ""expected_required_ratio_min"": 1.1666666666666667, ""final_confidence_min"": 61.81815318709248, ""iv_crush_max"": 28.5, ""market_hostility_max"": 26.159560250894973, ""min_5depth_lots_each_side"": 5.0, ""min_top_book_lots"": 1.0, ""premium_elasticity_min"": 0.7, ""regime_confidence_min"": 60.0, ""spread_pct_max"": 1.5283842794759732, ""trade_quality_min"": 7.692307692307288}",17.405039477676574,paper-strategy-8ade763620b6,opportunity-score-8ade763620b6,PAPER_OVERRIDE::FYERS_PAPER_PROXY_RESEARCH,SKIPPED_FORWARD_PROXY,,,UNAVAILABLE,UNAVAILABLE,UNAVAILABLE,UNAVAILABLE,UNAVAILABLE,UNAVAILABLE,Future quote invalid,FYERS_PAPER_PROXY_RESEARCH
202608241348_5_MARUTI_PE,5,2026-08-24T13:53:22.803841+05:30,MARUTI,MARUTI,NSE_STOCK_OPTION,5b77f4aaaf9e,"{""contract_quality_min"": 0.0, ""direction_min"": 0.0, ""excellent_score_min"": 15.453700665408697, ""execution_quality_min"": 63.98678414096845, ""expected_required_ratio_min"": 1.1666666666666665, ""final_confidence_min"": 62.47070077468672, ""iv_crush_max"": 28.5, ""market_hostility_max"": 27.513548132820965, ""min_5depth_lots_each_side"": 7.0, ""min_top_book_lots"": 2.0, ""premium_elasticity_min"": 0.3, ""regime_confidence_min"": 60.0, ""spread_pct_max"": 1.5859030837004506, ""trade_quality_min"": 16.0}",15.453700665408697,paper-strategy-8ade763620b6,opportunity-score-8ade763620b6,PAPER_OVERRIDE::FYERS_PAPER_PROXY_RESEARCH,SKIPPED_FORWARD_PROXY,,,UNAVAILABLE,UNAVAILABLE,UNAVAILABLE,UNAVAILABLE,UNAVAILABLE,UNAVAILABLE,Future quote invalid,FYERS_PAPER_PROXY_RESEARCH
202608241349_1_NIFTY_CE,5,2026-08-24T13:54:38.584573+05:30,NIFTY,NIFTY,NSE_INDEX,00929e22c867,"{""contract_quality_min"": 0.0, ""direction_min"": 0.0, ""excellent_score_min"": 55.43705837134589, ""execution_quality_min"": 100.0, ""expected_required_ratio_min"": 1.3333333333333333, ""final_confidence_min"": 81.42595684780872, ""iv_crush_max"": 28.5, ""market_hostility_max"": 18.818399775972537, ""min_5depth_lots_each_side"": 119.0, ""min_top_book_lots"": 14.0, ""premium_elasticity_min"": 0.7, ""regime_confidence_min"": 60.0, ""spread_pct_max"": 0.25839793281653506, ""trade_quality_min"": 34.02985074626007}",55.43705837134589,paper-strategy-8ade763620b6,opportunity-score-8ade763620b6,PAPER_OVERRIDE::FYERS_PAPER_PROXY_RESEARCH,SKIPPED_FORWARD_PROXY,114.25,114.55,0.0,-1.8499999999999943,False,False,-0.07967269595176547,OBSERVED,,FYERS_PAPER_PROXY_RESEARCH
202608241349_2_MIDCPNIFTY_CE,5,2026-08-24T13:54:38.584573+05:30,MIDCPNIFTY,MIDCPNIFTY,NSE_INDEX,712afad509f5,"{""contract_quality_min"": 0.0, ""direction_min"": 0.0, ""excellent_score_min"": 54.94214475028101, ""execution_quality_min"": 100.0, ""expected_required_ratio_min"": 1.0833333333333333, ""final_confidence_min"": 83.51547627977003, ""iv_crush_max"": 28.5, ""market_hostility_max"": 19.940745797059733, ""min_5depth_lots_each_side"": 18.0, ""min_top_book_lots"": 1.0, ""premium_elasticity_min"": 0.5, ""regime_confidence_min"": 60.0, ""spread_pct_max"": 0.4870920603994155, ""trade_quality_min"": 42.01438848921601}",54.94214475028101,paper-strategy-8ade763620b6,opportunity-score-8ade763620b6,PAPER_OVERRIDE::FYERS_PAPER_PROXY_RESEARCH,SKIPPED_FORWARD_PROXY,48.75,49.0,0.0,-2.575000000000003,False,False,-0.2508524111056992,OBSERVED,,FYERS_PAPER_PROXY_RESEARCH
202608241349_3_MIDCPNIFTY_CE,5,2026-08-24T13:54:38.584573+05:30,MIDCPNIFTY,MIDCPNIFTY,NSE_INDEX,712afad509f5,"{""contract_quality_min"": 0.0, ""direction_min"": 0.0, ""excellent_score_min"": 54.94214475028101, ""execution_quality_min"": 100.0, ""expected_required_ratio_min"": 1.0833333333333333, ""final_confidence_min"": 83.51547627977003, ""iv_crush_max"": 28.5, ""market_hostility_max"": 19.940745797059733, ""min_5depth_lots_each_side"": 11.0, ""min_top_book_lots"": 1.0, ""premium_elasticity_min"": 0.7, ""regime_confidence_min"": 60.0, ""spread_pct_max"": 0.7558578987150415, ""trade_quality_min"": 42.01438848921601}",54.94214475028101,paper-strategy-8ade763620b6,opportunity-score-8ade763620b6,PAPER_OVERRIDE::FYERS_PAPER_PROXY_RESEARCH,SKIPPED_FORWARD_PROXY,63.3,63.75,0.0,-2.8500000000000085,False,False,-0.21541950113378747,OBSERVED,,FYERS_PAPER_PROXY_RESEARCH
202608241349_4_BANKNIFTY_PE,5,2026-08-24T13:54:38.584573+05:30,BANKNIFTY,BANKNIFTY,NSE_INDEX,2e840ccd58d1,"{""contract_quality_min"": 0.0, ""direction_min"": 3.4793401107248867, ""excellent_score_min"": 51.67679040133113, ""execution_quality_min"": 100.0, ""expected_required_ratio_min"": 1.4166666666666667, ""final_confidence_min"": 79.9793760996643, ""iv_crush_max"": 28.5, ""market_hostility_max"": 21.045109844494622, ""min_5depth_lots_each_side"": 27.0, ""min_top_book_lots"": 1.0, ""premium_elasticity_min"": 0.5, ""regime_confidence_min"": 60.0, ""spread_pct_max"": 0.34915092842406686, ""trade_quality_min"": 26.524916943518505}",51.67679040133113,paper-strategy-8ade763620b6,opportunity-score-8ade763620b6,PAPER_OVERRIDE::FYERS_PAPER_PROXY_RESEARCH,SKIPPED_FORWARD_PROXY,157.75,157.95,0.22499999999999432,0.0,False,False,0.008999999999999772,OBSERVED,,FYERS_PAPER_PROXY_RESEARCH
202608241349_5_BANKNIFTY_PE,5,2026-08-24T13:54:38.584573+05:30,BANKNIFTY,BANKNIFTY,NSE_INDEX,2e840ccd58d1,"{""contract_quality_min"": 0.0, ""direction_min"": 3.4793401107248867, ""excellent_score_min"": 51.67679040133113, ""execution_quality_min"": 100.0, ""expected_required_ratio_min"": 1.4166666666666667, ""final_confidence_min"": 79.9793760996643, ""iv_crush_max"": 28.5, ""market_hostility_max"": 21.045109844494622, ""min_5depth_lots_each_side"": 23.0, ""min_top_book_lots"": 2.0, ""premium_elasticity_min"": 0.7, ""regime_confidence_min"": 60.0, ""spread_pct_max"": 0.19365770999758203, ""trade_quality_min"": 26.524916943518505}",51.67679040133113,paper-strategy-8ade763620b6,opportunity-score-8ade763620b6,PAPER_OVERRIDE::FYERS_PAPER_PROXY_RESEARCH,SKIPPED_FORWARD_PROXY,206.35,206.95,0.0,-0.20000000000001705,False,False,-0.008000000000000682,OBSERVED,,FYERS_PAPER_PROXY_RESEARCH
202608241340_1_BANKNIFTY_CE,15,2026-08-24T13:56:12.619663+05:30,BANKNIFTY,BANKNIFTY,NSE_INDEX,2e840ccd58d1,"{""contract_quality_min"": 0.0, ""direction_min"": 1.3949627893675938, ""excellent_score_min"": 47.75432797277554, ""execution_quality_min"": 100.0, ""expected_required_ratio_min"": 1.4166666666666667, ""final_confidence_min"": 75.77704102857463, ""iv_crush_max"": 28.5, ""market_hostility_max"": 20.837804227846576, ""min_5depth_lots_each_side"": 16.0, ""min_top_book_lots"": 1.0, ""premium_elasticity_min"": 0.5, ""regime_confidence_min"": 60.0, ""spread_pct_max"": 0.19019155006112992, ""trade_quality_min"": 13.559322033898304}",47.75432797277554,paper-strategy-8ade763620b6,opportunity-score-8ade763620b6,PAPER_OVERRIDE::FYERS_PAPER_PROXY_RESEARCH,SKIPPED_FORWARD_PROXY,168.25,168.55,0.0,-15.774999999999977,False,False,-0.6309999999999991,OBSERVED,,FYERS_PAPER_PROXY_RESEARCH
202608241340_2_BANKNIFTY_CE,15,2026-08-24T13:56:12.619663+05:30,BANKNIFTY,BANKNIFTY,NSE_INDEX,2e840ccd58d1,"{""contract_quality_min"": 0.0, ""direction_min"": 1.3949627893675938, ""excellent_score_min"": 47.75432797277554, ""execution_quality_min"": 100.0, ""expected_required_ratio_min"": 1.4166666666666667, ""final_confidence_min"": 75.77704102857463, ""iv_crush_max"": 28.5, ""market_hostility_max"": 20.837804227846576, ""min_5depth_lots_each_side"": 17.0, ""min_top_book_lots"": 2.0, ""premium_elasticity_min"": 0.7, ""regime_confidence_min"": 60.0, ""spread_pct_max"": 0.2723939235201581, ""trade_quality_min"": 13.559322033898304}",47.75432797277554,paper-strategy-8ade763620b6,opportunity-score-8ade763620b6,PAPER_OVERRIDE::FYERS_PAPER_PROXY_RESEARCH,SKIPPED_FORWARD_PROXY,221.3,221.8,0.0,-17.32499999999999,False,False,-0.6929999999999995,OBSERVED,,FYERS_PAPER_PROXY_RESEARCH
202608241340_3_BANKNIFTY_PE,15,2026-08-24T13:56:12.619663+05:30,BANKNIFTY,BANKNIFTY,NSE_INDEX,2e840ccd58d1,"{""contract_quality_min"": 0.0, ""direction_min"": 0.0, ""excellent_score_min"": 47.50323467068938, ""execution_quality_min"": 100.0, ""expected_required_ratio_min"": 1.4166666666666667, ""final_confidence_min"": 75.35855219176436, ""iv_crush_max"": 28.5, ""market_hostility_max"": 20.837804227846576, ""min_5depth_lots_each_side"": 24.0, ""min_top_book_lots"": 1.0, ""premium_elasticity_min"": 0.5, ""regime_confidence_min"": 60.0, ""spread_pct_max"": 0.23557126030623668, ""trade_quality_min"": 13.559322033898304}",47.50323467068938,paper-strategy-8ade763620b6,opportunity-score-8ade763620b6,PAPER_OVERRIDE::FYERS_PAPER_PROXY_RESEARCH,SKIPPED_FORWARD_PROXY,208.45,209.35,17.424999999999983,0.0,False,False,0.6969999999999993,OBSERVED,,FYERS_PAPER_PROXY_RESEARCH
202608241340_4_BANKNIFTY_PE,15,2026-08-24T13:56:12.619663+05:30,BANKNIFTY,BANKNIFTY,NSE_INDEX,2e840ccd58d1,"{""contract_quality_min"": 0.0, ""direction_min"": 0.0, ""excellent_score_min"": 47.50323467068938, ""execution_quality_min"": 100.0, ""expected_required_ratio_min"": 1.4166666666666667, ""final_confidence_min"": 75.35855219176436, ""iv_crush_max"": 28.5, ""market_hostility_max"": 20.837804227846576, ""min_5depth_lots_each_side"": 34.0, ""min_top_book_lots"": 3.0, ""premium_elasticity_min"": 0.7, ""regime_confidence_min"": 60.0, ""spread_pct_max"": 0.30447579417436316, ""trade_quality_min"": 13.559322033898304}",47.50323467068938,paper-strategy-8ade763620b6,opportunity-score-8ade763620b6,PAPER_OVERRIDE::FYERS_PAPER_PROXY_RESEARCH,SKIPPED_FORWARD_PROXY,263.95,264.65,17.625,0.0,False,False,0.705,OBSERVED,,FYERS_PAPER_PROXY_RESEARCH
202608241340_5_MIDCPNIFTY_CE,15,2026-08-24T13:56:12.619663+05:30,MIDCPNIFTY,MIDCPNIFTY,NSE_INDEX,712afad509f5,"{""contract_quality_min"": 0.0, ""direction_min"": 1.2908083687407284, ""excellent_score_min"": 46.05477786258497, ""execution_quality_min"": 100.0, ""expected_required_ratio_min"": 1.0833333333333335, ""final_confidence_min"": 74.63239676551524, ""iv_crush_max"": 28.5, ""market_hostility_max"": 20.55225064445773, ""min_5depth_lots_each_side"": 21.0, ""min_top_book_lots"": 1.0, ""premium_elasticity_min"": 0.5, ""regime_confidence_min"": 60.0, ""spread_pct_max"": 0.4688232536333802, ""trade_quality_min"": 9.795918367347092}",46.05477786258497,paper-strategy-8ade763620b6,opportunity-score-8ade763620b6,PAPER_OVERRIDE::FYERS_PAPER_PROXY_RESEARCH,SKIPPED_FORWARD_PROXY,48.65,48.8,0.0,-4.675000000000004,False,False,-0.43834974214721084,OBSERVED,,FYERS_PAPER_PROXY_RESEARCH
202608241350_1_BANKNIFTY_PE,5,2026-08-24T13:56:12.619663+05:30,BANKNIFTY,BANKNIFTY,NSE_INDEX,2e840ccd58d1,"{""contract_quality_min"": 0.0, ""direction_min"": 4.963778188133613, ""excellent_score_min"": 56.85461388011888, ""execution_quality_min"": 100.0, ""expected_required_ratio_min"": 1.4166666666666667, ""final_confidence_min"": 85.47057292017026, ""iv_crush_max"": 28.5, ""market_hostility_max"": 20.98272786697348, ""min_5depth_lots_each_side"": 24.0, ""min_top_book_lots"": 3.0, ""premium_elasticity_min"": 0.5, ""regime_confidence_min"": 60.0, ""spread_pct_max"": 0.22547914317925222, ""trade_quality_min"": 44.08668730650075}",56.85461388011888,paper-strategy-8ade763620b6,opportunity-score-8ade763620b6,PAPER_OVERRIDE::FYERS_PAPER_PROXY_RESEARCH,SKIPPED_FORWARD_PROXY,158.35,158.8,3.1249999999999716,0.0,False,False,0.12499999999999886,OBSERVED,,FYERS_PAPER_PROXY_RESEARCH
202608241350_2_BANKNIFTY_PE,5,2026-08-24T13:56:12.619663+05:30,BANKNIFTY,BANKNIFTY,NSE_INDEX,2e840ccd58d1,"{""contract_quality_min"": 0.0, ""direction_min"": 4.963778188133613, ""excellent_score_min"": 56.85461388011888, ""execution_quality_min"": 100.0, ""expected_required_ratio_min"": 1.4166666666666667, ""final_confidence_min"": 85.47057292017026, ""iv_crush_max"": 28.5, ""market_hostility_max"": 20.98272786697348, ""min_5depth_lots_each_side"": 15.0, ""min_top_book_lots"": 1.0, ""premium_elasticity_min"": 0.7, ""regime_confidence_min"": 60.0, ""spread_pct_max"": 0.29476787030213425, ""trade_quality_min"": 44.08668730650075}",56.85461388011888,paper-strategy-8ade763620b6,opportunity-score-8ade763620b6,PAPER_OVERRIDE::FYERS_PAPER_PROXY_RESEARCH,SKIPPED_FORWARD_PROXY,208.45,209.35,4.899999999999977,0.0,False,False,0.1959999999999991,OBSERVED,,FYERS_PAPER_PROXY_RESEARCH
202608241350_3_BANKNIFTY_CE,5,2026-08-24T13:56:12.619663+05:30,BANKNIFTY,BANKNIFTY,NSE_INDEX,2e840ccd58d1,"{""contract_quality_min"": 0.0, ""direction_min"": 0.0, ""excellent_score_min"": 55.961133806254836, ""execution_quality_min"": 100.0, ""expected_required_ratio_min"": 1.4166666666666667, ""final_confidence_min"": 83.98143946373018, ""iv_crush_max"": 28.5, ""market_hostility_max"": 20.98272786697348, ""min_5depth_lots_each_side"": 19.0, ""min_top_book_lots"": 2.0, ""premium_elasticity_min"": 0.5, ""regime_confidence_min"": 60.0, ""spread_pct_max"": 0.33359279439564105, ""trade_quality_min"": 44.08668730650075}",55.961133806254836,paper-strategy-8ade763620b6,opportunity-score-8ade763620b6,PAPER_OVERRIDE::FYERS_PAPER_PROXY_RESEARCH,SKIPPED_FORWARD_PROXY,221.3,221.8,0.0,-3.5249999999999773,False,False,-0.1409999999999991,OBSERVED,,FYERS_PAPER_PROXY_RESEARCH
202608241350_4_MIDCPNIFTY_PE,5,2026-08-24T13:56:12.619663+05:30,MIDCPNIFTY,MIDCPNIFTY,NSE_INDEX,712afad509f5,"{""contract_quality_min"": 0.0, ""direction_min"": 3.2262617708144297, ""excellent_score_min"": 53.3407127127409, ""execution_quality_min"": 100.0, ""expected_required_ratio_min"": 1.0833333333333333, ""final_confidence_min"": 82.26965355133645, ""iv_crush_max"": 28.5, ""market_hostility_max"": 20.11448191777393, ""min_5depth_lots_each_side"": 11.0, ""min_top_book_lots"": 1.0, ""premium_elasticity_min"": 0.7, ""regime_confidence_min"": 60.0, ""spread_pct_max"": 0.55658627087198, ""trade_quality_min"": 34.285714285714285}",53.3407127127409,paper-strategy-8ade763620b6,opportunity-score-8ade763620b6,PAPER_OVERRIDE::FYERS_PAPER_PROXY_RESEARCH,SKIPPED_FORWARD_PROXY,57.2,57.35,3.3000000000000043,0.0,False,False,0.3061224489795922,OBSERVED,,FYERS_PAPER_PROXY_RESEARCH
202608241350_5_BANKNIFTY_CE,5,2026-08-24T13:56:12.619663+05:30,BANKNIFTY,BANKNIFTY,NSE_INDEX,2e840ccd58d1,"{""contract_quality_min"": 0.0, ""direction_min"": 0.0, ""excellent_score_min"": 53.16113380625484, ""execution_quality_min"": 100.0, ""expected_required_ratio_min"": 1.4166666666666667, ""final_confidence_min"": 83.98143946373018, ""iv_crush_max"": 28.5, ""market_hostility_max"": 20.98272786697348, ""min_5depth_lots_each_side"": 26.0, ""min_top_book_lots"": 1.0, ""premium_elasticity_min"": 0.3, ""regime_confidence_min"": 60.0, ""spread_pct_max"": 0.3193496879082661, ""trade_quality_min"": 44.08668730650075}",53.16113380625484,paper-strategy-8ade763620b6,opportunity-score-8ade763620b6,PAPER_OVERRIDE::FYERS_PAPER_PROXY_RESEARCH,SKIPPED_FORWARD_PROXY,168.25,168.55,0.0,-3.9749999999999943,False,False,-0.15899999999999978,OBSERVED,,FYERS_PAPER_PROXY_RESEARCH
202608241341_1_BANKNIFTY_CE,15,2026-08-24T13:56:36.471100+05:30,BANKNIFTY,BANKNIFTY,NSE_INDEX,2e840ccd58d1,"{""contract_quality_min"": 0.0, ""direction_min"": 4.478314702753402, ""excellent_score_min"": 56.64506610123206, ""execution_quality_min"": 100.0, ""expected_required_ratio_min"": 1.4166666666666667, ""final_confidence_min"": 85.2072802003366, ""iv_crush_max"": 28.5, ""market_hostility_max"": 20.78941314660376, ""min_5depth_lots_each_side"": 34.0, ""min_top_book_lots"": 1.0, ""premium_elasticity_min"": 0.5, ""regime_confidence_min"": 60.0, ""spread_pct_max"": 0.23434448639499472, ""trade_quality_min"": 43.4517766497453}",56.64506610123206,paper-strategy-8ade763620b6,opportunity-score-8ade763620b6,PAPER_OVERRIDE::FYERS_PAPER_PROXY_RESEARCH,SKIPPED_FORWARD_PROXY,168.85,169.1,0.0,-23.17500000000001,False,False,-0.9270000000000005,OBSERVED,,FYERS_PAPER_PROXY_RESEARCH
202608241341_2_BANKNIFTY_CE,15,2026-08-24T13:56:36.471100+05:30,BANKNIFTY,BANKNIFTY,NSE_INDEX,2e840ccd58d1,"{""contract_quality_min"": 0.0, ""direction_min"": 4.478314702753402, ""excellent_score_min"": 56.64506610123206, ""execution_quality_min"": 100.0, ""expected_required_ratio_min"": 1.4166666666666667, ""final_confidence_min"": 85.2072802003366, ""iv_crush_max"": 28.5, ""market_hostility_max"": 20.78941314660376, ""min_5depth_lots_each_side"": 6.0, ""min_top_book_lots"": 1.0, ""premium_elasticity_min"": 0.7, ""regime_confidence_min"": 60.0, ""spread_pct_max"": 0.2627058704658, ""trade_quality_min"": 43.4517766497453}",56.64506610123206,paper-strategy-8ade763620b6,opportunity-score-8ade763620b6,PAPER_OVERRIDE::FYERS_PAPER_PROXY_RESEARCH,SKIPPED_FORWARD_PROXY,220.75,221.4,0.0,-26.67500000000001,False,True,-1.0670000000000004,OBSERVED,,FYERS_PAPER_PROXY_RESEARCH
202608241341_3_BANKNIFTY_PE,15,2026-08-24T13:56:36.471100+05:30,BANKNIFTY,BANKNIFTY,NSE_INDEX,2e840ccd58d1,"{""contract_quality_min"": 0.0, ""direction_min"": 0.0, ""excellent_score_min"": 55.83896945473645, ""execution_quality_min"": 100.0, ""expected_required_ratio_min"": 1.4166666666666667, ""final_confidence_min"": 83.86378578951057, ""iv_crush_max"": 28.5, ""market_hostility_max"": 20.78941314660376, ""min_5depth_lots_each_side"": 28.0, ""min_top_book_lots"": 1.0, ""premium_elasticity_min"": 0.5, ""regime_confidence_min"": 60.0, ""spread_pct_max"": 0.1930768169907568, ""trade_quality_min"": 43.4517766497453}",55.83896945473645,paper-strategy-8ade763620b6,opportunity-score-8ade763620b6,PAPER_OVERRIDE::FYERS_PAPER_PROXY_RESEARCH,SKIPPED_FORWARD_PROXY,207.05,207.4,25.775000000000034,0.0,False,False,1.0310000000000015,OBSERVED,,FYERS_PAPER_PROXY_RESEARCH
202608241341_4_BANKNIFTY_PE,15,2026-08-24T13:56:36.471100+05:30,BANKNIFTY,BANKNIFTY,NSE_INDEX,2e840ccd58d1,"{""contract_quality_min"": 0.0, ""direction_min"": 0.0, ""excellent_score_min"": 55.83896945473645, ""execution_quality_min"": 100.0, ""expected_required_ratio_min"": 1.4166666666666667, ""final_confidence_min"": 83.86378578951057, ""iv_crush_max"": 28.5, ""market_hostility_max"": 20.78941314660376, ""min_5depth_lots_each_side"": 21.0, ""min_top_book_lots"": 1.0, ""premium_elasticity_min"": 0.7, ""regime_confidence_min"": 60.0, ""spread_pct_max"": 0.27709687733134636, ""trade_quality_min"": 43.4517766497453}",55.83896945473645,paper-strategy-8ade763620b6,opportunity-score-8ade763620b6,PAPER_OVERRIDE::FYERS_PAPER_PROXY_RESEARCH,SKIPPED_FORWARD_PROXY,263.45,264.25,28.875,0.0,False,False,1.155,OBSERVED,,FYERS_PAPER_PROXY_RESEARCH
202608241341_5_FINNIFTY_CE,15,2026-08-24T13:56:36.471100+05:30,FINNIFTY,FINNIFTY,NSE_INDEX,e172b0fef65b,"{""contract_quality_min"": 0.0, ""direction_min"": 3.4766959901208367, ""excellent_score_min"": 54.21212113420467, ""execution_quality_min"": 100.0, ""expected_required_ratio_min"": 1.25, ""final_confidence_min"": 85.60753931123263, ""iv_crush_max"": 28.5, ""market_hostility_max"": 20.715331824128523, ""min_5depth_lots_each_side"": 11.0, ""min_top_book_lots"": 1.0, ""premium_elasticity_min"": 0.3, ""regime_confidence_min"": 60.0, ""spread_pct_max"": 0.7412898443291327, ""trade_quality_min"": 45.28678304238164}",54.21212113420467,paper-strategy-8ade763620b6,opportunity-score-8ade763620b6,PAPER_OVERRIDE::FYERS_PAPER_PROXY_RESEARCH,SKIPPED_FORWARD_PROXY,57.25,57.45,0.0,-10.200000000000003,False,False,-0.7561156412157154,OBSERVED,,FYERS_PAPER_PROXY_RESEARCH
202608241351_1_BANKNIFTY_PE,5,2026-08-24T13:57:05.458126+05:30,BANKNIFTY,BANKNIFTY,NSE_INDEX,2e840ccd58d1,"{""contract_quality_min"": 0.0, ""direction_min"": 4.601672115174276, ""excellent_score_min"": 57.48939733291935, ""execution_quality_min"": 100.0, ""expected_required_ratio_min"": 1.4166666666666667, ""final_confidence_min"": 86.1094072320403, ""iv_crush_max"": 28.5, ""market_hostility_max"": 20.79236487945715, ""min_5depth_lots_each_side"": 34.0, ""min_top_book_lots"": 1.0, ""premium_elasticity_min"": 0.5, ""regime_confidence_min"": 60.0, ""spread_pct_max"": 0.32690421706440015, ""trade_quality_min"": 46.39718804921389}",57.48939733291935,paper-strategy-8ade763620b6,opportunity-score-8ade763620b6,PAPER_OVERRIDE::FYERS_PAPER_PROXY_RESEARCH,SKIPPED_FORWARD_PROXY,158.55,158.9,5.600000000000023,0.0,False,False,0.22400000000000092,OBSERVED,,FYERS_PAPER_PROXY_RESEARCH
202608241351_2_BANKNIFTY_PE,5,2026-08-24T13:57:05.458126+05:30,BANKNIFTY,BANKNIFTY,NSE_INDEX,2e840ccd58d1,"{""contract_quality_min"": 0.0, ""direction_min"": 4.601672115174276, ""excellent_score_min"": 57.48939733291935, ""execution_quality_min"": 100.0, ""expected_required_ratio_min"": 1.4166666666666667, ""final_confidence_min"": 86.1094072320403, ""iv_crush_max"": 28.5, ""market_hostility_max"": 20.79236487945715, ""min_5depth_lots_each_side"": 11.0, ""min_top_book_lots"": 1.0, ""premium_elasticity_min"": 0.7, ""regime_confidence_min"": 60.0, ""spread_pct_max"": 0.274143302180691, ""trade_quality_min"": 46.39718804921389}",57.48939733291935,paper-strategy-8ade763620b6,opportunity-score-8ade763620b6,PAPER_OVERRIDE::FYERS_PAPER_PROXY_RESEARCH,SKIPPED_FORWARD_PROXY,206.9,207.55,6.275000000000006,0.0,False,False,0.2510000000000002,OBSERVED,,FYERS_PAPER_PROXY_RESEARCH
202608241351_3_BANKNIFTY_CE,5,2026-08-24T13:57:05.458126+05:30,BANKNIFTY,BANKNIFTY,NSE_INDEX,2e840ccd58d1,"{""contract_quality_min"": 0.0, ""direction_min"": 0.0, ""excellent_score_min"": 56.66109635218799, ""execution_quality_min"": 100.0, ""expected_required_ratio_min"": 1.4166666666666667, ""final_confidence_min"": 84.72890559748802, ""iv_crush_max"": 28.5, ""market_hostility_max"": 20.79236487945715, ""min_5depth_lots_each_side"": 22.0, ""min_top_book_lots"": 1.0, ""premium_elasticity_min"": 0.5, ""regime_confidence_min"": 60.0, ""spread_pct_max"": 0.308302136093379, ""trade_quality_min"": 46.39718804921389}",56.66109635218799,paper-strategy-8ade763620b6,opportunity-score-8ade763620b6,PAPER_OVERRIDE::FYERS_PAPER_PROXY_RESEARCH,SKIPPED_FORWARD_PROXY,220.5,221.15,0.0,-6.550000000000011,False,False,-0.26200000000000045,OBSERVED,,FYERS_PAPER_PROXY_RESEARCH
202608241351_4_MIDCPNIFTY_PE,5,2026-08-24T13:57:05.458126+05:30,MIDCPNIFTY,MIDCPNIFTY,NSE_INDEX,712afad509f5,"{""contract_quality_min"": 0.0, ""direction_min"": 4.4093133301073975, ""excellent_score_min"": 55.46877031909238, ""execution_quality_min"": 100.0, ""expected_required_ratio_min"": 1.0833333333333335, ""final_confidence_min"": 84.53875549008212, ""iv_crush_max"": 28.5, ""market_hostility_max"": 20.191870552947798, ""min_5depth_lots_each_side"": 19.0, ""min_top_book_lots"": 2.0, ""premium_elasticity_min"": 0.7, ""regime_confidence_min"": 60.0, ""spread_pct_max"": 0.6331976481230237, ""trade_quality_min"": 41.25786163522002}",55.46877031909238,paper-strategy-8ade763620b6,opportunity-score-8ade763620b6,PAPER_OVERRIDE::FYERS_PAPER_PROXY_RESEARCH,SKIPPED_FORWARD_PROXY,55.65,55.95,0.3749999999999929,0.0,False,False,0.03392130257801835,OBSERVED,,FYERS_PAPER_PROXY_RESEARCH
202608241351_5_BANKNIFTY_PE,5,2026-08-24T13:57:05.458126+05:30,BANKNIFTY,BANKNIFTY,NSE_INDEX,2e840ccd58d1,"{""contract_quality_min"": 0.0, ""direction_min"": 4.601672115174276, ""excellent_score_min"": 54.689397332919356, ""execution_quality_min"": 100.0, ""expected_required_ratio_min"": 1.4166666666666667, ""final_confidence_min"": 86.1094072320403, ""iv_crush_max"": 28.5, ""market_hostility_max"": 20.79236487945715, ""min_5depth_lots_each_side"": 49.0, ""min_top_book_lots"": 1.0, ""premium_elasticity_min"": 0.3, ""regime_confidence_min"": 60.0, ""spread_pct_max"": 0.3487358326068053, ""trade_quality_min"": 46.39718804921389}",54.689397332919356,paper-strategy-8ade763620b6,opportunity-score-8ade763620b6,PAPER_OVERRIDE::FYERS_PAPER_PROXY_RESEARCH,SKIPPED_FORWARD_PROXY,119.1,119.5,4.3999999999999915,0.0,False,False,0.1918047079337398,OBSERVED,,FYERS_PAPER_PROXY_RESEARCH
202608241342_1_NIFTY_CE,15,2026-08-24T13:57:54.433252+05:30,NIFTY,NIFTY,NSE_INDEX,00929e22c867,"{""contract_quality_min"": 0.0, ""direction_min"": 2.1518680904860537, ""excellent_score_min"": 59.528421871293844, ""execution_quality_min"": 100.0, ""expected_required_ratio_min"": 1.3333333333333335, ""final_confidence_min"": 86.0045983953911, ""iv_crush_max"": 28.5, ""market_hostility_max"": 19.131672941403288, ""min_5depth_lots_each_side"": 167.0, ""min_top_book_lots"": 19.0, ""premium_elasticity_min"": 0.5, ""regime_confidence_min"": 60.0, ""spread_pct_max"": 0.2968239833778569, ""trade_quality_min"": 47.27272727272728}",59.528421871293844,paper-strategy-8ade763620b6,opportunity-score-8ade763620b6,PAPER_OVERRIDE::FYERS_PAPER_PROXY_RESEARCH,SKIPPED_FORWARD_PROXY,81.0,81.15,0.0,-3.2249999999999943,False,False,-0.1914514692787174,OBSERVED,,FYERS_PAPER_PROXY_RESEARCH
202608241342_2_NIFTY_CE,15,2026-08-24T13:57:54.433252+05:30,NIFTY,NIFTY,NSE_INDEX,00929e22c867,"{""contract_quality_min"": 0.0, ""direction_min"": 2.1518680904860537, ""excellent_score_min"": 59.528421871293844, ""execution_quality_min"": 100.0, ""expected_required_ratio_min"": 1.3333333333333335, ""final_confidence_min"": 86.0045983953911, ""iv_crush_max"": 28.5, ""market_hostility_max"": 19.131672941403288, ""min_5depth_lots_each_side"": 81.0, ""min_top_book_lots"": 3.0, ""premium_elasticity_min"": 0.7, ""regime_confidence_min"": 60.0, ""spread_pct_max"": 0.251046025104612, ""trade_quality_min"": 47.27272727272728}",59.528421871293844,paper-strategy-8ade763620b6,opportunity-score-8ade763620b6,PAPER_OVERRIDE::FYERS_PAPER_PROXY_RESEARCH,SKIPPED_FORWARD_PROXY,115.55,115.75,0.0,-3.950000000000003,False,False,-0.16527196652719675,OBSERVED,,FYERS_PAPER_PROXY_RESEARCH
202608241342_3_BANKNIFTY_CE,15,2026-08-24T13:57:54.433252+05:30,BANKNIFTY,BANKNIFTY,NSE_INDEX,2e840ccd58d1,"{""contract_quality_min"": 0.0, ""direction_min"": 4.694929842017209, ""excellent_score_min"": 57.34703324939129, ""execution_quality_min"": 100.0, ""expected_required_ratio_min"": 1.4166666666666667, ""final_confidence_min"": 85.97406044816984, ""iv_crush_max"": 28.5, ""market_hostility_max"": 20.865852326470673, ""min_5depth_lots_each_side"": 11.0, ""min_top_book_lots"": 2.0, ""premium_elasticity_min"": 0.5, ""regime_confidence_min"": 60.0, ""spread_pct_max"": 0.2111375032990265, ""trade_quality_min"": 45.89940323955754}",57.34703324939129,paper-strategy-8ade763620b6,opportunity-score-8ade763620b6,PAPER_OVERRIDE::FYERS_PAPER_PROXY_RESEARCH,SKIPPED_FORWARD_PROXY,173.3,173.8,0.0,-16.149999999999977,False,False,-0.6459999999999991,OBSERVED,,FYERS_PAPER_PROXY_RESEARCH
202608241342_4_BANKNIFTY_CE,15,2026-08-24T13:57:54.433252+05:30,BANKNIFTY,BANKNIFTY,NSE_INDEX,2e840ccd58d1,"{""contract_quality_min"": 0.0, ""direction_min"": 4.694929842017209, ""excellent_score_min"": 57.34703324939129, ""execution_quality_min"": 100.0, ""expected_required_ratio_min"": 1.4166666666666667, ""final_confidence_min"": 85.97406044816984, ""iv_crush_max"": 28.5, ""market_hostility_max"": 20.865852326470673, ""min_5depth_lots_each_side"": 11.0, ""min_top_book_lots"": 1.0, ""premium_elasticity_min"": 0.7, ""regime_confidence_min"": 60.0, ""spread_pct_max"": 0.24519820187985059, ""trade_quality_min"": 45.89940323955754}",57.34703324939129,paper-strategy-8ade763620b6,opportunity-score-8ade763620b6,PAPER_OVERRIDE::FYERS_PAPER_PROXY_RESEARCH,SKIPPED_FORWARD_PROXY,226.35,226.9,0.0,-18.349999999999994,False,False,-0.7339999999999998,OBSERVED,,FYERS_PAPER_PROXY_RESEARCH
202608241342_5_BANKNIFTY_PE,15,2026-08-24T13:57:54.433252+05:30,BANKNIFTY,BANKNIFTY,NSE_INDEX,2e840ccd58d1,"{""contract_quality_min"": 0.0, ""direction_min"": 0.0, ""excellent_score_min"": 56.50194587782819, ""execution_quality_min"": 100.0, ""expected_required_ratio_min"": 1.4166666666666667, ""final_confidence_min"": 84.56558149556469, ""iv_crush_max"": 28.5, ""market_hostility_max"": 20.865852326470673, ""min_5depth_lots_each_side"": 11.0, ""min_top_book_lots"": 1.0, ""premium_elasticity_min"": 0.5, ""regime_confidence_min"": 60.0, ""spread_pct_max"": 0.24112525117213054, ""trade_quality_min"": 45.89940323955754}",56.50194587782819,paper-strategy-8ade763620b6,opportunity-score-8ade763620b6,PAPER_OVERRIDE::FYERS_PAPER_PROXY_RESEARCH,SKIPPED_FORWARD_PROXY,199.05,199.5,12.425000000000011,0.0,False,False,0.49700000000000044,OBSERVED,,FYERS_PAPER_PROXY_RESEARCH
202608241352_1_BANKNIFTY_PE,5,2026-08-24T13:57:54.433252+05:30,BANKNIFTY,BANKNIFTY,NSE_INDEX,2e840ccd58d1,"{""contract_quality_min"": 0.0, ""direction_min"": 2.7267647476734034, ""excellent_score_min"": 53.35966883804496, ""execution_quality_min"": 100.0, ""expected_required_ratio_min"": 1.4166666666666667, ""final_confidence_min"": 81.61325462941905, ""iv_crush_max"": 28.5, ""market_hostility_max"": 20.338151739085255, ""min_5depth_lots_each_side"": 37.0, ""min_top_book_lots"": 1.0, ""premium_elasticity_min"": 0.5, ""regime_confidence_min"": 60.0, ""spread_pct_max"": 0.2900886381949967, ""trade_quality_min"": 32.347466390893445}",53.35966883804496,paper-strategy-8ade763620b6,opportunity-score-8ade763620b6,PAPER_OVERRIDE::FYERS_PAPER_PROXY_RESEARCH,SKIPPED_FORWARD_PROXY,152.0,152.25,0.0,-3.125,False,False,-0.125,OBSERVED,,FYERS_PAPER_PROXY_RESEARCH
202608241352_2_BANKNIFTY_PE,5,2026-08-24T13:57:54.433252+05:30,BANKNIFTY,BANKNIFTY,NSE_INDEX,2e840ccd58d1,"{""contract_quality_min"": 0.0, ""direction_min"": 2.7267647476734034, ""excellent_score_min"": 53.35966883804496, ""execution_quality_min"": 100.0, ""expected_required_ratio_min"": 1.4166666666666667, ""final_confidence_min"": 81.61325462941905, ""iv_crush_max"": 28.5, ""market_hostility_max"": 20.338151739085255, ""min_5depth_lots_each_side"": 11.0, ""min_top_book_lots"": 2.0, ""premium_elasticity_min"": 0.7, ""regime_confidence_min"": 60.0, ""spread_pct_max"": 0.36877688998156116, ""trade_quality_min"": 32.347466390893445}",53.35966883804496,paper-strategy-8ade763620b6,opportunity-score-8ade763620b6,PAPER_OVERRIDE::FYERS_PAPER_PROXY_RESEARCH,SKIPPED_FORWARD_PROXY,199.05,199.5,0.0,-4.324999999999989,False,False,-0.17299999999999954,OBSERVED,,FYERS_PAPER_PROXY_RESEARCH
202608241352_3_BANKNIFTY_CE,5,2026-08-24T13:57:54.433252+05:30,BANKNIFTY,BANKNIFTY,NSE_INDEX,2e840ccd58d1,"{""contract_quality_min"": 0.0, ""direction_min"": 0.0, ""excellent_score_min"": 52.868851183463754, ""execution_quality_min"": 100.0, ""expected_required_ratio_min"": 1.4166666666666667, ""final_confidence_min"": 80.79522520511703, ""iv_crush_max"": 28.5, ""market_hostility_max"": 20.338151739085255, ""min_5depth_lots_each_side"": 24.0, ""min_top_book_lots"": 1.0, ""premium_elasticity_min"": 0.5, ""regime_confidence_min"": 60.0, ""spread_pct_max"": 0.3104212860310371, ""trade_quality_min"": 32.347466390893445}",52.868851183463754,paper-strategy-8ade763620b6,opportunity-score-8ade763620b6,PAPER_OVERRIDE::FYERS_PAPER_PROXY_RESEARCH,SKIPPED_FORWARD_PROXY,226.35,226.9,0.8499999999999943,0.0,False,False,0.03399999999999977,OBSERVED,,FYERS_PAPER_PROXY_RESEARCH
202608241352_4_MIDCPNIFTY_CE,5,2026-08-24T13:57:54.433252+05:30,MIDCPNIFTY,MIDCPNIFTY,NSE_INDEX,712afad509f5,"{""contract_quality_min"": 0.0, ""direction_min"": 0.0, ""excellent_score_min"": 51.85702023891194, ""execution_quality_min"": 87.91786266283928, ""expected_required_ratio_min"": 1.0833333333333333, ""final_confidence_min"": 81.30286044966229, ""iv_crush_max"": 28.5, ""market_hostility_max"": 19.515001619706425, ""min_5depth_lots_each_side"": 12.0, ""min_top_book_lots"": 2.0, ""premium_elasticity_min"": 0.7, ""regime_confidence_min"": 60.0, ""spread_pct_max"": 1.0819165378670834, ""trade_quality_min"": 37.80821917807926}",51.85702023891194,paper-strategy-8ade763620b6,opportunity-score-8ade763620b6,PAPER_OVERRIDE::FYERS_PAPER_PROXY_RESEARCH,SKIPPED_FORWARD_PROXY,,,UNAVAILABLE,UNAVAILABLE,UNAVAILABLE,UNAVAILABLE,UNAVAILABLE,UNAVAILABLE,Future quote invalid,FYERS_PAPER_PROXY_RESEARCH
202608241352_5_BANKNIFTY_PE,5,2026-08-24T13:57:54.433252+05:30,BANKNIFTY,BANKNIFTY,NSE_INDEX,2e840ccd58d1,"{""contract_quality_min"": 0.0, ""direction_min"": 2.7267647476734034, ""excellent_score_min"": 50.55966883804496, ""execution_quality_min"": 100.0, ""expected_required_ratio_min"": 1.4166666666666667, ""final_confidence_min"": 81.61325462941905, ""iv_crush_max"": 28.5, ""market_hostility_max"": 20.338151739085255, ""min_5depth_lots_each_side"": 43.0, ""min_top_book_lots"": 1.0, ""premium_elasticity_min"": 0.3, ""regime_confidence_min"": 60.0, ""spread_pct_max"": 0.2578427159432722, ""trade_quality_min"": 32.347466390893445}",50.55966883804496,paper-strategy-8ade763620b6,opportunity-score-8ade763620b6,PAPER_OVERRIDE::FYERS_PAPER_PROXY_RESEARCH,SKIPPED_FORWARD_PROXY,115.75,116.0,0.0,-0.5999999999999943,False,False,-0.025784271594327217,OBSERVED,,FYERS_PAPER_PROXY_RESEARCH
202608241354_1_HINDALCO_PE,5,2026-08-24T13:59:12.301465+05:30,HINDALCO,HINDALCO,NSE_STOCK_OPTION,0b8f346aac89,"{""contract_quality_min"": 0.0, ""direction_min"": 4.9434356878037145, ""excellent_score_min"": 22.21763589201108, ""execution_quality_min"": 73.49544072948339, ""expected_required_ratio_min"": 1.1666666666666665, ""final_confidence_min"": 67.33788581624985, ""iv_crush_max"": 28.5, ""market_hostility_max"": 26.66809347157436, ""min_5depth_lots_each_side"": 6.0, ""min_top_book_lots"": 1.0, ""premium_elasticity_min"": 0.7, ""regime_confidence_min"": 60.0, ""spread_pct_max"": 1.4184397163120543, ""trade_quality_min"": 20.392156862746496}",22.21763589201108,paper-strategy-8ade763620b6,opportunity-score-8ade763620b6,PAPER_OVERRIDE::FYERS_PAPER_PROXY_RESEARCH,SKIPPED_FORWARD_PROXY,,,UNAVAILABLE,UNAVAILABLE,UNAVAILABLE,UNAVAILABLE,UNAVAILABLE,UNAVAILABLE,Future quote invalid,FYERS_PAPER_PROXY_RESEARCH
202608241354_2_HINDUNILVR_PE,5,2026-08-24T13:59:12.301465+05:30,HINDUNILVR,HINDUNILVR,NSE_STOCK_OPTION,7c6072ee0b40,"{""contract_quality_min"": 0.0, ""direction_min"": 1.9845207382417147, ""excellent_score_min"": 18.147531461483013, ""execution_quality_min"": 61.36363636363638, ""expected_required_ratio_min"": 1.1666666666666665, ""final_confidence_min"": 61.953522266580215, ""iv_crush_max"": 28.5, ""market_hostility_max"": 23.469389443038363, ""min_5depth_lots_each_side"": 5.0, ""min_top_book_lots"": 1.0, ""premium_elasticity_min"": 0.7, ""regime_confidence_min"": 60.0, ""spread_pct_max"": 1.6233766233766231, ""trade_quality_min"": 12.121212121211455}",18.147531461483013,paper-strategy-8ade763620b6,opportunity-score-8ade763620b6,PAPER_OVERRIDE::FYERS_PAPER_PROXY_RESEARCH,SKIPPED_FORWARD_PROXY,,,UNAVAILABLE,UNAVAILABLE,UNAVAILABLE,UNAVAILABLE,UNAVAILABLE,UNAVAILABLE,Future quote invalid,FYERS_PAPER_PROXY_RESEARCH
202608241354_3_HDFCLIFE_CE,5,2026-08-24T13:59:12.301465+05:30,HDFCLIFE,HDFCLIFE,NSE_STOCK_OPTION,f8509861bdd0,"{""contract_quality_min"": 0.0, ""direction_min"": 0.0, ""excellent_score_min"": 17.451669657809056, ""execution_quality_min"": 0.0, ""expected_required_ratio_min"": 1.1666666666666667, ""final_confidence_min"": 46.806836776303605, ""iv_crush_max"": 28.5, ""market_hostility_max"": 27.20691322214236, ""min_5depth_lots_each_side"": 7.0, ""min_top_book_lots"": 1.0, ""premium_elasticity_min"": 0.7, ""regime_confidence_min"": 60.0, ""spread_pct_max"": 3.508771929824561, ""trade_quality_min"": 57.142857142857146}",17.451669657809056,paper-strategy-8ade763620b6,opportunity-score-8ade763620b6,PAPER_OVERRIDE::FYERS_PAPER_PROXY_RESEARCH,SKIPPED_FORWARD_PROXY,,,UNAVAILABLE,UNAVAILABLE,UNAVAILABLE,UNAVAILABLE,UNAVAILABLE,UNAVAILABLE,Future quote invalid,FYERS_PAPER_PROXY_RESEARCH
202608241354_4_ICICIBANK_CE,5,2026-08-24T13:59:12.301465+05:30,ICICIBANK,ICICIBANK,NSE_STOCK_OPTION,98852c68600e,"{""contract_quality_min"": 0.0, ""direction_min"": 0.0, ""excellent_score_min"": 13.99252730809254, ""execution_quality_min"": 60.05747126436782, ""expected_required_ratio_min"": 1.1666666666666665, ""final_confidence_min"": 57.79556650246305, ""iv_crush_max"": 28.5, ""market_hostility_max"": 24.330600127235755, ""min_5depth_lots_each_side"": 7.0, ""min_top_book_lots"": 2.0, ""premium_elasticity_min"": 0.7, ""regime_confidence_min"": 60.0, ""spread_pct_max"": 1.6420361247947455, ""trade_quality_min"": 0.0}",13.99252730809254,paper-strategy-8ade763620b6,opportunity-score-8ade763620b6,PAPER_OVERRIDE::FYERS_PAPER_PROXY_RESEARCH,SKIPPED_FORWARD_PROXY,,,UNAVAILABLE,UNAVAILABLE,UNAVAILABLE,UNAVAILABLE,UNAVAILABLE,UNAVAILABLE,Future quote invalid,FYERS_PAPER_PROXY_RESEARCH
202608241354_5_HINDALCO_CE,5,2026-08-24T13:59:12.301465+05:30,HINDALCO,HINDALCO,NSE_STOCK_OPTION,0b8f346aac89,"{""contract_quality_min"": 0.0, ""direction_min"": 0.0, ""excellent_score_min"": 11.403720621411743, ""execution_quality_min"": 14.694656488549228, ""expected_required_ratio_min"": 1.1666666666666665, ""final_confidence_min"": 54.815063003363235, ""iv_crush_max"": 28.5, ""market_hostility_max"": 26.66809347157436, ""min_5depth_lots_each_side"": 8.0, ""min_top_book_lots"": 1.0, ""premium_elasticity_min"": 0.7, ""regime_confidence_min"": 60.0, ""spread_pct_max"": 2.290076335877868, ""trade_quality_min"": 20.392156862746496}",11.403720621411743,paper-strategy-8ade763620b6,opportunity-score-8ade763620b6,PAPER_OVERRIDE::FYERS_PAPER_PROXY_RESEARCH,SKIPPED_FORWARD_PROXY,,,UNAVAILABLE,UNAVAILABLE,UNAVAILABLE,UNAVAILABLE,UNAVAILABLE,UNAVAILABLE,Future quote invalid,FYERS_PAPER_PROXY_RESEARCH
202608241344_1_NIFTY_CE,15,2026-08-24T13:59:36.254808+05:30,NIFTY,NIFTY,NSE_INDEX,00929e22c867,"{""contract_quality_min"": 0.0, ""direction_min"": 0.976610994322655, ""excellent_score_min"": 50.80134366103974, ""execution_quality_min"": 100.0, ""expected_required_ratio_min"": 1.3333333333333335, ""final_confidence_min"": 76.68563755662322, ""iv_crush_max"": 28.5, ""market_hostility_max"": 19.259031304845184, ""min_5depth_lots_each_side"": 113.0, ""min_top_book_lots"": 5.0, ""premium_elasticity_min"": 0.7, ""regime_confidence_min"": 60.0, ""spread_pct_max"": 0.25608194622278885, ""trade_quality_min"": 16.797153024916046}",50.80134366103974,paper-strategy-8ade763620b6,opportunity-score-8ade763620b6,PAPER_OVERRIDE::FYERS_PAPER_PROXY_RESEARCH,SKIPPED_FORWARD_PROXY,116.85,117.1,0.0,-0.30000000000001137,False,False,-0.012804097311140048,OBSERVED,,FYERS_PAPER_PROXY_RESEARCH
202608241344_2_BANKNIFTY_CE,15,2026-08-24T13:59:36.254808+05:30,BANKNIFTY,BANKNIFTY,NSE_INDEX,2e840ccd58d1,"{""contract_quality_min"": 0.0, ""direction_min"": 2.720514246949449, ""excellent_score_min"": 50.79975855587901, ""execution_quality_min"": 100.0, ""expected_required_ratio_min"": 1.4166666666666667, ""final_confidence_min"": 79.05311530498135, ""iv_crush_max"": 28.5, ""market_hostility_max"": 21.019314339775978, ""min_5depth_lots_each_side"": 14.0, ""min_top_book_lots"": 2.0, ""premium_elasticity_min"": 0.5, ""regime_confidence_min"": 60.0, ""spread_pct_max"": 0.3362286354721179, ""trade_quality_min"": 23.81679389312977}",50.79975855587901,paper-strategy-8ade763620b6,opportunity-score-8ade763620b6,PAPER_OVERRIDE::FYERS_PAPER_PROXY_RESEARCH,SKIPPED_FORWARD_PROXY,176.2,176.5,0.0,-2.25,False,False,-0.09,OBSERVED,,FYERS_PAPER_PROXY_RESEARCH
202608241344_3_BANKNIFTY_CE,15,2026-08-24T13:59:36.254808+05:30,BANKNIFTY,BANKNIFTY,NSE_INDEX,2e840ccd58d1,"{""contract_quality_min"": 0.0, ""direction_min"": 2.720514246949449, ""excellent_score_min"": 50.79975855587901, ""execution_quality_min"": 100.0, ""expected_required_ratio_min"": 1.4166666666666667, ""final_confidence_min"": 79.05311530498135, ""iv_crush_max"": 28.5, ""market_hostility_max"": 21.019314339775978, ""min_5depth_lots_each_side"": 22.0, ""min_top_book_lots"": 1.0, ""premium_elasticity_min"": 0.7, ""regime_confidence_min"": 60.0, ""spread_pct_max"": 0.23602617744877646, ""trade_quality_min"": 23.81679389312977}",50.79975855587901,paper-strategy-8ade763620b6,opportunity-score-8ade763620b6,PAPER_OVERRIDE::FYERS_PAPER_PROXY_RESEARCH,SKIPPED_FORWARD_PROXY,229.95,230.65,0.0,-3.075000000000017,False,False,-0.12300000000000068,OBSERVED,,FYERS_PAPER_PROXY_RESEARCH
202608241344_4_BANKNIFTY_PE,15,2026-08-24T13:59:36.254808+05:30,BANKNIFTY,BANKNIFTY,NSE_INDEX,2e840ccd58d1,"{""contract_quality_min"": 0.0, ""direction_min"": 0.0, ""excellent_score_min"": 50.310065991428104, ""execution_quality_min"": 100.0, ""expected_required_ratio_min"": 1.4166666666666667, ""final_confidence_min"": 78.23696103089652, ""iv_crush_max"": 28.5, ""market_hostility_max"": 21.019314339775978, ""min_5depth_lots_each_side"": 19.0, ""min_top_book_lots"": 1.0, ""premium_elasticity_min"": 0.5, ""regime_confidence_min"": 60.0, ""spread_pct_max"": 0.30690537084400143, ""trade_quality_min"": 23.81679389312977}",50.310065991428104,paper-strategy-8ade763620b6,opportunity-score-8ade763620b6,PAPER_OVERRIDE::FYERS_PAPER_PROXY_RESEARCH,SKIPPED_FORWARD_PROXY,196.4,196.9,0.9000000000000057,0.0,False,False,0.036000000000000226,OBSERVED,,FYERS_PAPER_PROXY_RESEARCH
202608241344_5_MIDCPNIFTY_CE,15,2026-08-24T13:59:36.254808+05:30,MIDCPNIFTY,MIDCPNIFTY,NSE_INDEX,712afad509f5,"{""contract_quality_min"": 0.0, ""direction_min"": 2.1787005127339114, ""excellent_score_min"": 49.400904804186844, ""execution_quality_min"": 100.0, ""expected_required_ratio_min"": 1.0833333333333335, ""final_confidence_min"": 78.15905263391281, ""iv_crush_max"": 28.5, ""market_hostility_max"": 20.42271400113384, ""min_5depth_lots_each_side"": 13.0, ""min_top_book_lots"": 1.0, ""premium_elasticity_min"": 0.7, ""regime_confidence_min"": 60.0, ""spread_pct_max"": 0.7429420505200595, ""trade_quality_min"": 21.107491856675736}",49.400904804186844,paper-strategy-8ade763620b6,opportunity-score-8ade763620b6,PAPER_OVERRIDE::FYERS_PAPER_PROXY_RESEARCH,SKIPPED_FORWARD_PROXY,65.1,65.5,0.0,-2.200000000000003,False,False,-0.16344725111441327,OBSERVED,,FYERS_PAPER_PROXY_RESEARCH
202608241345_1_BANKNIFTY_CE,15,2026-08-24T14:00:39.909931+05:30,BANKNIFTY,BANKNIFTY,NSE_INDEX,2e840ccd58d1,"{""contract_quality_min"": 0.0, ""direction_min"": 2.553496537342969, ""excellent_score_min"": 50.28269229259888, ""execution_quality_min"": 100.0, ""expected_required_ratio_min"": 1.4166666666666667, ""final_confidence_min"": 78.46773212677635, ""iv_crush_max"": 28.5, ""market_hostility_max"": 20.885447089970526, ""min_5depth_lots_each_side"": 23.0, ""min_top_book_lots"": 2.0, ""premium_elasticity_min"": 0.5, ""regime_confidence_min"": 60.0, ""spread_pct_max"": 0.2808199943836001, ""trade_quality_min"": 21.9490254872497}",50.28269229259888,paper-strategy-8ade763620b6,opportunity-score-8ade763620b6,PAPER_OVERRIDE::FYERS_PAPER_PROXY_RESEARCH,SKIPPED_FORWARD_PROXY,173.15,173.4,0.0,-4.900000000000006,False,False,-0.19600000000000023,OBSERVED,,FYERS_PAPER_PROXY_RESEARCH
202608241345_2_BANKNIFTY_CE,15,2026-08-24T14:00:39.909931+05:30,BANKNIFTY,BANKNIFTY,NSE_INDEX,2e840ccd58d1,"{""contract_quality_min"": 0.0, ""direction_min"": 2.553496537342969, ""excellent_score_min"": 50.28269229259888, ""execution_quality_min"": 100.0, ""expected_required_ratio_min"": 1.4166666666666667, ""final_confidence_min"": 78.46773212677635, ""iv_crush_max"": 28.5, ""market_hostility_max"": 20.885447089970526, ""min_5depth_lots_each_side"": 10.0, ""min_top_book_lots"": 1.0, ""premium_elasticity_min"": 0.7, ""regime_confidence_min"": 60.0, ""spread_pct_max"": 0.2799009581225129, ""trade_quality_min"": 21.9490254872497}",50.28269229259888,paper-strategy-8ade763620b6,opportunity-score-8ade763620b6,PAPER_OVERRIDE::FYERS_PAPER_PROXY_RESEARCH,SKIPPED_FORWARD_PROXY,226.2,226.25,0.0,-6.025000000000034,False,False,-0.24100000000000135,OBSERVED,,FYERS_PAPER_PROXY_RESEARCH
202608241345_3_BANKNIFTY_PE,15,2026-08-24T14:00:39.909931+05:30,BANKNIFTY,BANKNIFTY,NSE_INDEX,2e840ccd58d1,"{""contract_quality_min"": 0.0, ""direction_min"": 0.0, ""excellent_score_min"": 49.823062915877145, ""execution_quality_min"": 100.0, ""expected_required_ratio_min"": 1.4166666666666667, ""final_confidence_min"": 77.70168316557346, ""iv_crush_max"": 28.5, ""market_hostility_max"": 20.885447089970526, ""min_5depth_lots_each_side"": 27.0, ""min_top_book_lots"": 1.0, ""premium_elasticity_min"": 0.5, ""regime_confidence_min"": 60.0, ""spread_pct_max"": 0.2791523918284539, ""trade_quality_min"": 21.9490254872497}",49.823062915877145,paper-strategy-8ade763620b6,opportunity-score-8ade763620b6,PAPER_OVERRIDE::FYERS_PAPER_PROXY_RESEARCH,SKIPPED_FORWARD_PROXY,201.35,201.85,4.324999999999989,0.0,False,False,0.17299999999999954,OBSERVED,,FYERS_PAPER_PROXY_RESEARCH
202608241345_4_BANKNIFTY_CE,15,2026-08-24T14:00:39.909931+05:30,BANKNIFTY,BANKNIFTY,NSE_INDEX,2e840ccd58d1,"{""contract_quality_min"": 0.0, ""direction_min"": 2.553496537342969, ""excellent_score_min"": 47.482692292598884, ""execution_quality_min"": 100.0, ""expected_required_ratio_min"": 1.4166666666666667, ""final_confidence_min"": 78.46773212677635, ""iv_crush_max"": 28.5, ""market_hostility_max"": 20.885447089970526, ""min_5depth_lots_each_side"": 28.0, ""min_top_book_lots"": 1.0, ""premium_elasticity_min"": 0.3, ""regime_confidence_min"": 60.0, ""spread_pct_max"": 0.22371364653244696, ""trade_quality_min"": 21.9490254872497}",47.482692292598884,paper-strategy-8ade763620b6,opportunity-score-8ade763620b6,PAPER_OVERRIDE::FYERS_PAPER_PROXY_RESEARCH,SKIPPED_FORWARD_PROXY,129.15,129.4,0.0,-4.949999999999989,False,False,-0.19799999999999954,OBSERVED,,FYERS_PAPER_PROXY_RESEARCH
202608241345_5_MIDCPNIFTY_CE,15,2026-08-24T14:00:39.909931+05:30,MIDCPNIFTY,MIDCPNIFTY,NSE_INDEX,712afad509f5,"{""contract_quality_min"": 0.0, ""direction_min"": 1.3986202073725382, ""excellent_score_min"": 47.20110566755024, ""execution_quality_min"": 100.0, ""expected_required_ratio_min"": 1.0833333333333333, ""final_confidence_min"": 75.70979303110634, ""iv_crush_max"": 28.5, ""market_hostility_max"": 19.880918365631945, ""min_5depth_lots_each_side"": 25.0, ""min_top_book_lots"": 1.0, ""premium_elasticity_min"": 0.5, ""regime_confidence_min"": 60.0, ""spread_pct_max"": 0.5791505791505874, ""trade_quality_min"": 13.33333333333489}",47.20110566755024,paper-strategy-8ade763620b6,opportunity-score-8ade763620b6,PAPER_OVERRIDE::FYERS_PAPER_PROXY_RESEARCH,SKIPPED_FORWARD_PROXY,49.4,49.6,0.0,-2.3999999999999986,False,False,-0.23166023166023153,OBSERVED,,FYERS_PAPER_PROXY_RESEARCH
202608241357_1_BANKNIFTY_PE,5,2026-08-24T14:02:22.948046+05:30,BANKNIFTY,BANKNIFTY,NSE_INDEX,2e840ccd58d1,"{""contract_quality_min"": 0.0, ""direction_min"": 2.2321019861348104, ""excellent_score_min"": 55.99479796037517, ""execution_quality_min"": 100.0, ""expected_required_ratio_min"": 1.4166666666666667, ""final_confidence_min"": 84.55004708599479, ""iv_crush_max"": 28.5, ""market_hostility_max"": 20.7121941448267, ""min_5depth_lots_each_side"": 13.0, ""min_top_book_lots"": 1.0, ""premium_elasticity_min"": 0.5, ""regime_confidence_min"": 60.0, ""spread_pct_max"": 0.22022966808242522, ""trade_quality_min"": 42.38410596024857}",55.99479796037517,paper-strategy-8ade763620b6,opportunity-score-8ade763620b6,PAPER_OVERRIDE::FYERS_PAPER_PROXY_RESEARCH,SKIPPED_FORWARD_PROXY,144.0,144.4,0.0,-14.925000000000011,False,False,-0.5970000000000004,OBSERVED,,FYERS_PAPER_PROXY_RESEARCH
202608241357_2_BANKNIFTY_PE,5,2026-08-24T14:02:22.948046+05:30,BANKNIFTY,BANKNIFTY,NSE_INDEX,2e840ccd58d1,"{""contract_quality_min"": 0.0, ""direction_min"": 2.2321019861348104, ""excellent_score_min"": 55.99479796037517, ""execution_quality_min"": 100.0, ""expected_required_ratio_min"": 1.4166666666666667, ""final_confidence_min"": 84.55004708599479, ""iv_crush_max"": 28.5, ""market_hostility_max"": 20.7121941448267, ""min_5depth_lots_each_side"": 21.0, ""min_top_book_lots"": 3.0, ""premium_elasticity_min"": 0.7, ""regime_confidence_min"": 60.0, ""spread_pct_max"": 0.16889854023404235, ""trade_quality_min"": 42.38410596024857}",55.99479796037517,paper-strategy-8ade763620b6,opportunity-score-8ade763620b6,PAPER_OVERRIDE::FYERS_PAPER_PROXY_RESEARCH,SKIPPED_FORWARD_PROXY,190.05,190.4,0.0,-17.17500000000001,False,False,-0.6870000000000005,OBSERVED,,FYERS_PAPER_PROXY_RESEARCH
202608241357_3_BANKNIFTY_CE,5,2026-08-24T14:02:22.948046+05:30,BANKNIFTY,BANKNIFTY,NSE_INDEX,2e840ccd58d1,"{""contract_quality_min"": 0.0, ""direction_min"": 0.0, ""excellent_score_min"": 55.5930196028709, ""execution_quality_min"": 100.0, ""expected_required_ratio_min"": 1.4166666666666667, ""final_confidence_min"": 83.88041649015436, ""iv_crush_max"": 28.5, ""market_hostility_max"": 20.7121941448267, ""min_5depth_lots_each_side"": 14.0, ""min_top_book_lots"": 1.0, ""premium_elasticity_min"": 0.5, ""regime_confidence_min"": 60.0, ""spread_pct_max"": 0.29401786723962714, ""trade_quality_min"": 42.38410596024857}",55.5930196028709,paper-strategy-8ade763620b6,opportunity-score-8ade763620b6,PAPER_OVERRIDE::FYERS_PAPER_PROXY_RESEARCH,SKIPPED_FORWARD_PROXY,234.75,235.4,13.675000000000011,0.0,False,False,0.5470000000000005,OBSERVED,,FYERS_PAPER_PROXY_RESEARCH
202608241357_4_BANKNIFTY_CE,5,2026-08-24T14:02:22.948046+05:30,BANKNIFTY,BANKNIFTY,NSE_INDEX,2e840ccd58d1,"{""contract_quality_min"": 0.0, ""direction_min"": 0.0, ""excellent_score_min"": 55.5930196028709, ""execution_quality_min"": 100.0, ""expected_required_ratio_min"": 1.4166666666666667, ""final_confidence_min"": 83.88041649015436, ""iv_crush_max"": 28.5, ""market_hostility_max"": 20.7121941448267, ""min_5depth_lots_each_side"": 16.0, ""min_top_book_lots"": 3.0, ""premium_elasticity_min"": 0.7, ""regime_confidence_min"": 60.0, ""spread_pct_max"": 0.2125398512221122, ""trade_quality_min"": 42.38410596024857}",55.5930196028709,paper-strategy-8ade763620b6,opportunity-score-8ade763620b6,PAPER_OVERRIDE::FYERS_PAPER_PROXY_RESEARCH,SKIPPED_FORWARD_PROXY,298.0,298.85,15.699999999999989,0.0,False,False,0.6279999999999996,OBSERVED,,FYERS_PAPER_PROXY_RESEARCH
202608241357_5_NIFTY_CE,5,2026-08-24T14:02:22.948046+05:30,NIFTY,NIFTY,NSE_INDEX,00929e22c867,"{""contract_quality_min"": 0.0, ""direction_min"": 0.0, ""excellent_score_min"": 53.84447271590153, ""execution_quality_min"": 100.0, ""expected_required_ratio_min"": 1.3333333333333333, ""final_confidence_min"": 79.6752562595807, ""iv_crush_max"": 28.5, ""market_hostility_max"": 18.970610857371916, ""min_5depth_lots_each_side"": 104.0, ""min_top_book_lots"": 40.0, ""premium_elasticity_min"": 0.7, ""regime_confidence_min"": 60.0, ""spread_pct_max"": 0.21905805038335158, ""trade_quality_min"": 28.35978835977386}",53.84447271590153,paper-strategy-8ade763620b6,opportunity-score-8ade763620b6,PAPER_OVERRIDE::FYERS_PAPER_PROXY_RESEARCH,SKIPPED_FORWARD_PROXY,117.95,118.25,3.825000000000003,0.0,False,False,0.16757940854326406,OBSERVED,,FYERS_PAPER_PROXY_RESEARCH
202608241348_1_MIDCPNIFTY_PE,15,2026-08-24T14:03:09.631574+05:30,MIDCPNIFTY,MIDCPNIFTY,NSE_INDEX,712afad509f5,"{""contract_quality_min"": 0.0, ""direction_min"": 4.677639405078954, ""excellent_score_min"": 56.0675805517891, ""execution_quality_min"": 100.0, ""expected_required_ratio_min"": 1.0833333333333333, ""final_confidence_min"": 85.1705900101388, ""iv_crush_max"": 28.5, ""market_hostility_max"": 20.182311104536353, ""min_5depth_lots_each_side"": 17.0, ""min_top_book_lots"": 3.0, ""premium_elasticity_min"": 0.5, ""regime_confidence_min"": 60.0, ""spread_pct_max"": 0.7109004739336593, ""trade_quality_min"": 43.22981366458987}",56.0675805517891,paper-strategy-8ade763620b6,opportunity-score-8ade763620b6,PAPER_OVERRIDE::FYERS_PAPER_PROXY_RESEARCH,SKIPPED_FORWARD_PROXY,40.7,40.9,0.0,-1.5,False,False,-0.1777251184834123,OBSERVED,,FYERS_PAPER_PROXY_RESEARCH
202608241348_2_MIDCPNIFTY_PE,15,2026-08-24T14:03:09.631574+05:30,MIDCPNIFTY,MIDCPNIFTY,NSE_INDEX,712afad509f5,"{""contract_quality_min"": 0.0, ""direction_min"": 4.677639405078954, ""excellent_score_min"": 56.0675805517891, ""execution_quality_min"": 100.0, ""expected_required_ratio_min"": 1.0833333333333333, ""final_confidence_min"": 85.1705900101388, ""iv_crush_max"": 28.5, ""market_hostility_max"": 20.182311104536353, ""min_5depth_lots_each_side"": 16.0, ""min_top_book_lots"": 2.0, ""premium_elasticity_min"": 0.7, ""regime_confidence_min"": 60.0, ""spread_pct_max"": 0.5464480874316888, ""trade_quality_min"": 43.22981366458987}",56.0675805517891,paper-strategy-8ade763620b6,opportunity-score-8ade763620b6,PAPER_OVERRIDE::FYERS_PAPER_PROXY_RESEARCH,SKIPPED_FORWARD_PROXY,52.5,52.85,0.0,-2.3999999999999986,False,False,-0.21857923497267745,OBSERVED,,FYERS_PAPER_PROXY_RESEARCH
202608241348_3_MIDCPNIFTY_CE,15,2026-08-24T14:03:09.631574+05:30,MIDCPNIFTY,MIDCPNIFTY,NSE_INDEX,712afad509f5,"{""contract_quality_min"": 0.0, ""direction_min"": 0.0, ""excellent_score_min"": 55.225605458874895, ""execution_quality_min"": 100.0, ""expected_required_ratio_min"": 1.0833333333333333, ""final_confidence_min"": 83.76729818861511, ""iv_crush_max"": 28.5, ""market_hostility_max"": 20.182311104536353, ""min_5depth_lots_each_side"": 12.0, ""min_top_book_lots"": 3.0, ""premium_elasticity_min"": 0.7, ""regime_confidence_min"": 60.0, ""spread_pct_max"": 0.7587253414264036, ""trade_quality_min"": 43.22981366458987}",55.225605458874895,paper-strategy-8ade763620b6,opportunity-score-8ade763620b6,PAPER_OVERRIDE::FYERS_PAPER_PROXY_RESEARCH,SKIPPED_FORWARD_PROXY,66.9,67.2,1.0,0.0,False,False,0.07587253414264035,OBSERVED,,FYERS_PAPER_PROXY_RESEARCH
202608241348_4_M&M_PE,15,2026-08-24T14:03:09.631574+05:30,M&M,M&M,NSE_STOCK_OPTION,0fdd6afea273,"{""contract_quality_min"": 0.0, ""direction_min"": 2.340481554079752, ""excellent_score_min"": 17.405039477676574, ""execution_quality_min"": 68.01310043668188, ""expected_required_ratio_min"": 1.1666666666666667, ""final_confidence_min"": 61.81815318709248, ""iv_crush_max"": 28.5, ""market_hostility_max"": 26.159560250894973, ""min_5depth_lots_each_side"": 5.0, ""min_top_book_lots"": 1.0, ""premium_elasticity_min"": 0.7, ""regime_confidence_min"": 60.0, ""spread_pct_max"": 1.5283842794759732, ""trade_quality_min"": 7.692307692307288}",17.405039477676574,paper-strategy-8ade763620b6,opportunity-score-8ade763620b6,PAPER_OVERRIDE::FYERS_PAPER_PROXY_RESEARCH,SKIPPED_FORWARD_PROXY,51.85,52.7,6.050000000000004,0.0,False,False,0.6604803493449786,OBSERVED,,FYERS_PAPER_PROXY_RESEARCH
202608241348_5_MARUTI_PE,15,2026-08-24T14:03:09.631574+05:30,MARUTI,MARUTI,NSE_STOCK_OPTION,5b77f4aaaf9e,"{""contract_quality_min"": 0.0, ""direction_min"": 0.0, ""excellent_score_min"": 15.453700665408697, ""execution_quality_min"": 63.98678414096845, ""expected_required_ratio_min"": 1.1666666666666665, ""final_confidence_min"": 62.47070077468672, ""iv_crush_max"": 28.5, ""market_hostility_max"": 27.513548132820965, ""min_5depth_lots_each_side"": 7.0, ""min_top_book_lots"": 2.0, ""premium_elasticity_min"": 0.3, ""regime_confidence_min"": 60.0, ""spread_pct_max"": 1.5859030837004506, ""trade_quality_min"": 16.0}",15.453700665408697,paper-strategy-8ade763620b6,opportunity-score-8ade763620b6,PAPER_OVERRIDE::FYERS_PAPER_PROXY_RESEARCH,SKIPPED_FORWARD_PROXY,22.55,23.0,0.0,-5.824999999999999,False,True,-1.0264317180616738,OBSERVED,,FYERS_PAPER_PROXY_RESEARCH
202608241358_1_BANKNIFTY_PE,5,2026-08-24T14:03:09.631574+05:30,BANKNIFTY,BANKNIFTY,NSE_INDEX,2e840ccd58d1,"{""contract_quality_min"": 0.0, ""direction_min"": 0.7813760415801648, ""excellent_score_min"": 50.14875356439122, ""execution_quality_min"": 100.0, ""expected_required_ratio_min"": 1.4166666666666667, ""final_confidence_min"": 78.33720640623284, ""iv_crush_max"": 28.5, ""market_hostility_max"": 20.756693929862404, ""min_5depth_lots_each_side"": 20.0, ""min_top_book_lots"": 2.0, ""premium_elasticity_min"": 0.5, ""regime_confidence_min"": 60.0, ""spread_pct_max"": 0.16433853738701726, ""trade_quality_min"": 22.399999999986033}",50.14875356439122,paper-strategy-8ade763620b6,opportunity-score-8ade763620b6,PAPER_OVERRIDE::FYERS_PAPER_PROXY_RESEARCH,SKIPPED_FORWARD_PROXY,146.65,147.05,0.0,-5.474999999999994,False,False,-0.21899999999999978,OBSERVED,,FYERS_PAPER_PROXY_RESEARCH
202608241358_2_BANKNIFTY_PE,5,2026-08-24T14:03:09.631574+05:30,BANKNIFTY,BANKNIFTY,NSE_INDEX,2e840ccd58d1,"{""contract_quality_min"": 0.0, ""direction_min"": 0.7813760415801648, ""excellent_score_min"": 50.14875356439122, ""execution_quality_min"": 100.0, ""expected_required_ratio_min"": 1.4166666666666667, ""final_confidence_min"": 78.33720640623284, ""iv_crush_max"": 28.5, ""market_hostility_max"": 20.756693929862404, ""min_5depth_lots_each_side"": 28.0, ""min_top_book_lots"": 1.0, ""premium_elasticity_min"": 0.7, ""regime_confidence_min"": 60.0, ""spread_pct_max"": 0.225818592397435, ""trade_quality_min"": 22.399999999986033}",50.14875356439122,paper-strategy-8ade763620b6,opportunity-score-8ade763620b6,PAPER_OVERRIDE::FYERS_PAPER_PROXY_RESEARCH,SKIPPED_FORWARD_PROXY,192.9,193.45,0.0,-6.375,False,False,-0.255,OBSERVED,,FYERS_PAPER_PROXY_RESEARCH
202608241358_3_BANKNIFTY_CE,5,2026-08-24T14:03:09.631574+05:30,BANKNIFTY,BANKNIFTY,NSE_INDEX,2e840ccd58d1,"{""contract_quality_min"": 0.0, ""direction_min"": 0.0, ""excellent_score_min"": 50.00810587690678, ""execution_quality_min"": 100.0, ""expected_required_ratio_min"": 1.4166666666666667, ""final_confidence_min"": 78.10279359375878, ""iv_crush_max"": 28.5, ""market_hostility_max"": 20.756693929862404, ""min_5depth_lots_each_side"": 9.0, ""min_top_book_lots"": 1.0, ""premium_elasticity_min"": 0.5, ""regime_confidence_min"": 60.0, ""spread_pct_max"": 0.24269167126310487, ""trade_quality_min"": 22.399999999986033}",50.00810587690678,paper-strategy-8ade763620b6,opportunity-score-8ade763620b6,PAPER_OVERRIDE::FYERS_PAPER_PROXY_RESEARCH,SKIPPED_FORWARD_PROXY,232.7,233.35,6.074999999999989,0.0,False,False,0.24299999999999955,OBSERVED,,FYERS_PAPER_PROXY_RESEARCH
202608241358_4_BANKNIFTY_CE,5,2026-08-24T14:03:09.631574+05:30,BANKNIFTY,BANKNIFTY,NSE_INDEX,2e840ccd58d1,"{""contract_quality_min"": 0.0, ""direction_min"": 0.0, ""excellent_score_min"": 50.00810587690678, ""execution_quality_min"": 100.0, ""expected_required_ratio_min"": 1.4166666666666667, ""final_confidence_min"": 78.10279359375878, ""iv_crush_max"": 28.5, ""market_hostility_max"": 20.756693929862404, ""min_5depth_lots_each_side"": 25.0, ""min_top_book_lots"": 2.0, ""premium_elasticity_min"": 0.7, ""regime_confidence_min"": 60.0, ""spread_pct_max"": 0.2607561929595828, ""trade_quality_min"": 22.399999999986033}",50.00810587690678,paper-strategy-8ade763620b6,opportunity-score-8ade763620b6,PAPER_OVERRIDE::FYERS_PAPER_PROXY_RESEARCH,SKIPPED_FORWARD_PROXY,295.75,296.9,8.125,0.0,False,False,0.325,OBSERVED,,FYERS_PAPER_PROXY_RESEARCH
202608241358_5_BANKNIFTY_CE,5,2026-08-24T14:03:09.631574+05:30,BANKNIFTY,BANKNIFTY,NSE_INDEX,2e840ccd58d1,"{""contract_quality_min"": 0.0, ""direction_min"": 0.0, ""excellent_score_min"": 47.208105876906785, ""execution_quality_min"": 100.0, ""expected_required_ratio_min"": 1.4166666666666667, ""final_confidence_min"": 78.10279359375878, ""iv_crush_max"": 28.5, ""market_hostility_max"": 20.756693929862404, ""min_5depth_lots_each_side"": 31.0, ""min_top_book_lots"": 2.0, ""premium_elasticity_min"": 0.3, ""regime_confidence_min"": 60.0, ""spread_pct_max"": 0.2881014116969173, ""trade_quality_min"": 22.399999999986033}",47.208105876906785,paper-strategy-8ade763620b6,opportunity-score-8ade763620b6,PAPER_OVERRIDE::FYERS_PAPER_PROXY_RESEARCH,SKIPPED_FORWARD_PROXY,178.55,178.7,5.0,0.0,False,False,0.2,OBSERVED,,FYERS_PAPER_PROXY_RESEARCH
202608241349_1_NIFTY_CE,15,2026-08-24T14:04:30.081557+05:30,NIFTY,NIFTY,NSE_INDEX,00929e22c867,"{""contract_quality_min"": 0.0, ""direction_min"": 0.0, ""excellent_score_min"": 55.43705837134589, ""execution_quality_min"": 100.0, ""expected_required_ratio_min"": 1.3333333333333333, ""final_confidence_min"": 81.42595684780872, ""iv_crush_max"": 28.5, ""market_hostility_max"": 18.818399775972537, ""min_5depth_lots_each_side"": 119.0, ""min_top_book_lots"": 14.0, ""premium_elasticity_min"": 0.7, ""regime_confidence_min"": 60.0, ""spread_pct_max"": 0.25839793281653506, ""trade_quality_min"": 34.02985074626007}",55.43705837134589,paper-strategy-8ade763620b6,opportunity-score-8ade763620b6,PAPER_OVERRIDE::FYERS_PAPER_PROXY_RESEARCH,SKIPPED_FORWARD_PROXY,117.0,117.15,0.9000000000000057,0.0,False,False,0.03875968992248087,OBSERVED,,FYERS_PAPER_PROXY_RESEARCH
202608241349_2_MIDCPNIFTY_CE,15,2026-08-24T14:04:30.081557+05:30,MIDCPNIFTY,MIDCPNIFTY,NSE_INDEX,712afad509f5,"{""contract_quality_min"": 0.0, ""direction_min"": 0.0, ""excellent_score_min"": 54.94214475028101, ""execution_quality_min"": 100.0, ""expected_required_ratio_min"": 1.0833333333333333, ""final_confidence_min"": 83.51547627977003, ""iv_crush_max"": 28.5, ""market_hostility_max"": 19.940745797059733, ""min_5depth_lots_each_side"": 18.0, ""min_top_book_lots"": 1.0, ""premium_elasticity_min"": 0.5, ""regime_confidence_min"": 60.0, ""spread_pct_max"": 0.4870920603994155, ""trade_quality_min"": 42.01438848921601}",54.94214475028101,paper-strategy-8ade763620b6,opportunity-score-8ade763620b6,PAPER_OVERRIDE::FYERS_PAPER_PROXY_RESEARCH,SKIPPED_FORWARD_PROXY,51.3,51.55,0.0,-0.025000000000005684,False,False,-0.002435460301997631,OBSERVED,,FYERS_PAPER_PROXY_RESEARCH
202608241349_3_MIDCPNIFTY_CE,15,2026-08-24T14:04:30.081557+05:30,MIDCPNIFTY,MIDCPNIFTY,NSE_INDEX,712afad509f5,"{""contract_quality_min"": 0.0, ""direction_min"": 0.0, ""excellent_score_min"": 54.94214475028101, ""execution_quality_min"": 100.0, ""expected_required_ratio_min"": 1.0833333333333333, ""final_confidence_min"": 83.51547627977003, ""iv_crush_max"": 28.5, ""market_hostility_max"": 19.940745797059733, ""min_5depth_lots_each_side"": 11.0, ""min_top_book_lots"": 1.0, ""premium_elasticity_min"": 0.7, ""regime_confidence_min"": 60.0, ""spread_pct_max"": 0.7558578987150415, ""trade_quality_min"": 42.01438848921601}",54.94214475028101,paper-strategy-8ade763620b6,opportunity-score-8ade763620b6,PAPER_OVERRIDE::FYERS_PAPER_PROXY_RESEARCH,SKIPPED_FORWARD_PROXY,65.6,66.05,0.0,-0.5500000000000114,False,False,-0.04157218442932814,OBSERVED,,FYERS_PAPER_PROXY_RESEARCH
202608241349_4_BANKNIFTY_PE,15,2026-08-24T14:04:30.081557+05:30,BANKNIFTY,BANKNIFTY,NSE_INDEX,2e840ccd58d1,"{""contract_quality_min"": 0.0, ""direction_min"": 3.4793401107248867, ""excellent_score_min"": 51.67679040133113, ""execution_quality_min"": 100.0, ""expected_required_ratio_min"": 1.4166666666666667, ""final_confidence_min"": 79.9793760996643, ""iv_crush_max"": 28.5, ""market_hostility_max"": 21.045109844494622, ""min_5depth_lots_each_side"": 27.0, ""min_top_book_lots"": 1.0, ""premium_elasticity_min"": 0.5, ""regime_confidence_min"": 60.0, ""spread_pct_max"": 0.34915092842406686, ""trade_quality_min"": 26.524916943518505}",51.67679040133113,paper-strategy-8ade763620b6,opportunity-score-8ade763620b6,PAPER_OVERRIDE::FYERS_PAPER_PROXY_RESEARCH,SKIPPED_FORWARD_PROXY,147.0,147.3,0.0,-10.525000000000006,False,False,-0.4210000000000002,OBSERVED,,FYERS_PAPER_PROXY_RESEARCH
202608241349_5_BANKNIFTY_PE,15,2026-08-24T14:04:30.081557+05:30,BANKNIFTY,BANKNIFTY,NSE_INDEX,2e840ccd58d1,"{""contract_quality_min"": 0.0, ""direction_min"": 3.4793401107248867, ""excellent_score_min"": 51.67679040133113, ""execution_quality_min"": 100.0, ""expected_required_ratio_min"": 1.4166666666666667, ""final_confidence_min"": 79.9793760996643, ""iv_crush_max"": 28.5, ""market_hostility_max"": 21.045109844494622, ""min_5depth_lots_each_side"": 23.0, ""min_top_book_lots"": 2.0, ""premium_elasticity_min"": 0.7, ""regime_confidence_min"": 60.0, ""spread_pct_max"": 0.19365770999758203, ""trade_quality_min"": 26.524916943518505}",51.67679040133113,paper-strategy-8ade763620b6,opportunity-score-8ade763620b6,PAPER_OVERRIDE::FYERS_PAPER_PROXY_RESEARCH,SKIPPED_FORWARD_PROXY,193.15,193.75,0.0,-13.400000000000006,False,False,-0.5360000000000003,OBSERVED,,FYERS_PAPER_PROXY_RESEARCH
202608241359_1_BANKNIFTY_CE,5,2026-08-24T14:04:30.081557+05:30,BANKNIFTY,BANKNIFTY,NSE_INDEX,2e840ccd58d1,"{""contract_quality_min"": 0.0, ""direction_min"": 0.7185743624180662, ""excellent_score_min"": 47.61287624550182, ""execution_quality_min"": 100.0, ""expected_required_ratio_min"": 1.4166666666666665, ""final_confidence_min"": 75.62729834948485, ""iv_crush_max"": 28.5, ""market_hostility_max"": 20.776932958977948, ""min_5depth_lots_each_side"": 29.0, ""min_top_book_lots"": 1.0, ""premium_elasticity_min"": 0.5, ""regime_confidence_min"": 60.0, ""spread_pct_max"": 0.25912329950334456, ""trade_quality_min"": 13.398373983740454}",47.61287624550182,paper-strategy-8ade763620b6,opportunity-score-8ade763620b6,PAPER_OVERRIDE::FYERS_PAPER_PROXY_RESEARCH,SKIPPED_FORWARD_PROXY,231.1,231.8,0.0,-0.45000000000001705,False,False,-0.018000000000000682,OBSERVED,,FYERS_PAPER_PROXY_RESEARCH
202608241359_2_BANKNIFTY_PE,5,2026-08-24T14:04:30.081557+05:30,BANKNIFTY,BANKNIFTY,NSE_INDEX,2e840ccd58d1,"{""contract_quality_min"": 0.0, ""direction_min"": 0.0, ""excellent_score_min"": 47.48353286026657, ""execution_quality_min"": 100.0, ""expected_required_ratio_min"": 1.4166666666666665, ""final_confidence_min"": 75.41172604075942, ""iv_crush_max"": 28.5, ""market_hostility_max"": 20.776932958977948, ""min_5depth_lots_each_side"": 10.0, ""min_top_book_lots"": 1.0, ""premium_elasticity_min"": 0.5, ""regime_confidence_min"": 60.0, ""spread_pct_max"": 0.23580933131210663, ""trade_quality_min"": 13.398373983740454}",47.48353286026657,paper-strategy-8ade763620b6,opportunity-score-8ade763620b6,PAPER_OVERRIDE::FYERS_PAPER_PROXY_RESEARCH,SKIPPED_FORWARD_PROXY,147.0,147.3,0.0,-1.4250000000000114,False,False,-0.05700000000000045,OBSERVED,,FYERS_PAPER_PROXY_RESEARCH
202608241359_3_BANKNIFTY_PE,5,2026-08-24T14:04:30.081557+05:30,BANKNIFTY,BANKNIFTY,NSE_INDEX,2e840ccd58d1,"{""contract_quality_min"": 0.0, ""direction_min"": 0.0, ""excellent_score_min"": 47.48353286026657, ""execution_quality_min"": 100.0, ""expected_required_ratio_min"": 1.4166666666666665, ""final_confidence_min"": 75.41172604075942, ""iv_crush_max"": 28.5, ""market_hostility_max"": 20.776932958977948, ""min_5depth_lots_each_side"": 11.0, ""min_top_book_lots"": 2.0, ""premium_elasticity_min"": 0.7, ""regime_confidence_min"": 60.0, ""spread_pct_max"": 0.3081664098613222, ""trade_quality_min"": 13.398373983740454}",47.48353286026657,paper-strategy-8ade763620b6,opportunity-score-8ade763620b6,PAPER_OVERRIDE::FYERS_PAPER_PROXY_RESEARCH,SKIPPED_FORWARD_PROXY,193.15,193.75,0.0,-1.549999999999983,False,False,-0.06199999999999932,OBSERVED,,FYERS_PAPER_PROXY_RESEARCH
202608241359_4_BANKNIFTY_CE,5,2026-08-24T14:04:30.081557+05:30,BANKNIFTY,BANKNIFTY,NSE_INDEX,2e840ccd58d1,"{""contract_quality_min"": 0.0, ""direction_min"": 0.7185743624180662, ""excellent_score_min"": 44.812876245501826, ""execution_quality_min"": 100.0, ""expected_required_ratio_min"": 1.4166666666666665, ""final_confidence_min"": 75.62729834948485, ""iv_crush_max"": 28.5, ""market_hostility_max"": 20.776932958977948, ""min_5depth_lots_each_side"": 19.0, ""min_top_book_lots"": 1.0, ""premium_elasticity_min"": 0.3, ""regime_confidence_min"": 60.0, ""spread_pct_max"": 0.2817695125387433, ""trade_quality_min"": 13.398373983740454}",44.812876245501826,paper-strategy-8ade763620b6,opportunity-score-8ade763620b6,PAPER_OVERRIDE::FYERS_PAPER_PROXY_RESEARCH,SKIPPED_FORWARD_PROXY,176.9,177.35,0.0,-0.549999999999983,False,False,-0.02199999999999932,OBSERVED,,FYERS_PAPER_PROXY_RESEARCH
202608241400_1_BANKNIFTY_CE,5,2026-08-24T14:05:25.970683+05:30,BANKNIFTY,BANKNIFTY,NSE_INDEX,2e840ccd58d1,"{""contract_quality_min"": 0.0, ""direction_min"": 0.11162398066852794, ""excellent_score_min"": 44.43809669116894, ""execution_quality_min"": 100.0, ""expected_required_ratio_min"": 1.4166666666666667, ""final_confidence_min"": 72.2073910791171, ""iv_crush_max"": 28.5, ""market_hostility_max"": 20.647702328761643, ""min_5depth_lots_each_side"": 16.0, ""min_top_book_lots"": 5.0, ""premium_elasticity_min"": 0.5, ""regime_confidence_min"": 60.0, ""spread_pct_max"": 0.24274522784949043, ""trade_quality_min"": 2.3021582733894292}",44.43809669116894,paper-strategy-8ade763620b6,opportunity-score-8ade763620b6,PAPER_OVERRIDE::FYERS_PAPER_PROXY_RESEARCH,SKIPPED_FORWARD_PROXY,234.0,234.65,7.425000000000011,0.0,False,False,0.29700000000000043,OBSERVED,,FYERS_PAPER_PROXY_RESEARCH
202608241400_2_BANKNIFTY_PE,5,2026-08-24T14:05:25.970683+05:30,BANKNIFTY,BANKNIFTY,NSE_INDEX,2e840ccd58d1,"{""contract_quality_min"": 0.0, ""direction_min"": 0.0, ""excellent_score_min"": 44.4180043746486, ""execution_quality_min"": 100.0, ""expected_required_ratio_min"": 1.4166666666666667, ""final_confidence_min"": 72.17390388491656, ""iv_crush_max"": 28.5, ""market_hostility_max"": 20.647702328761643, ""min_5depth_lots_each_side"": 25.0, ""min_top_book_lots"": 1.0, ""premium_elasticity_min"": 0.5, ""regime_confidence_min"": 60.0, ""spread_pct_max"": 0.1636929120969062, ""trade_quality_min"": 2.3021582733894292}",44.4180043746486,paper-strategy-8ade763620b6,opportunity-score-8ade763620b6,PAPER_OVERRIDE::FYERS_PAPER_PROXY_RESEARCH,SKIPPED_FORWARD_PROXY,144.55,144.9,0.0,-8.174999999999983,False,False,-0.3269999999999993,OBSERVED,,FYERS_PAPER_PROXY_RESEARCH
202608241400_3_BANKNIFTY_PE,5,2026-08-24T14:05:25.970683+05:30,BANKNIFTY,BANKNIFTY,NSE_INDEX,2e840ccd58d1,"{""contract_quality_min"": 0.0, ""direction_min"": 0.0, ""excellent_score_min"": 44.4180043746486, ""execution_quality_min"": 100.0, ""expected_required_ratio_min"": 1.4166666666666667, ""final_confidence_min"": 72.17390388491656, ""iv_crush_max"": 28.5, ""market_hostility_max"": 20.647702328761643, ""min_5depth_lots_each_side"": 26.0, ""min_top_book_lots"": 1.0, ""premium_elasticity_min"": 0.7, ""regime_confidence_min"": 60.0, ""spread_pct_max"": 0.224859462835722, ""trade_quality_min"": 2.3021582733894292}",44.4180043746486,paper-strategy-8ade763620b6,opportunity-score-8ade763620b6,PAPER_OVERRIDE::FYERS_PAPER_PROXY_RESEARCH,SKIPPED_FORWARD_PROXY,190.65,190.95,0.0,-9.474999999999994,False,False,-0.3789999999999998,OBSERVED,,FYERS_PAPER_PROXY_RESEARCH
202608241400_4_BANKNIFTY_CE,5,2026-08-24T14:05:25.970683+05:30,BANKNIFTY,BANKNIFTY,NSE_INDEX,2e840ccd58d1,"{""contract_quality_min"": 0.0, ""direction_min"": 0.11162398066852794, ""excellent_score_min"": 41.63809669116893, ""execution_quality_min"": 100.0, ""expected_required_ratio_min"": 1.4166666666666667, ""final_confidence_min"": 72.2073910791171, ""iv_crush_max"": 28.5, ""market_hostility_max"": 20.647702328761643, ""min_5depth_lots_each_side"": 27.0, ""min_top_book_lots"": 1.0, ""premium_elasticity_min"": 0.3, ""regime_confidence_min"": 60.0, ""spread_pct_max"": 0.1730602826651349, ""trade_quality_min"": 2.3021582733894292}",41.63809669116893,paper-strategy-8ade763620b6,opportunity-score-8ade763620b6,PAPER_OVERRIDE::FYERS_PAPER_PROXY_RESEARCH,SKIPPED_FORWARD_PROXY,179.05,179.55,5.700000000000017,0.0,False,False,0.22800000000000067,OBSERVED,,FYERS_PAPER_PROXY_RESEARCH
202608241400_5_BANKNIFTY_PE,5,2026-08-24T14:05:25.970683+05:30,BANKNIFTY,BANKNIFTY,NSE_INDEX,2e840ccd58d1,"{""contract_quality_min"": 0.0, ""direction_min"": 0.0, ""excellent_score_min"": 41.618004374648606, ""execution_quality_min"": 100.0, ""expected_required_ratio_min"": 1.4166666666666667, ""final_confidence_min"": 72.17390388491656, ""iv_crush_max"": 28.5, ""market_hostility_max"": 20.647702328761643, ""min_5depth_lots_each_side"": 37.0, ""min_top_book_lots"": 1.0, ""premium_elasticity_min"": 0.3, ""regime_confidence_min"": 60.0, ""spread_pct_max"": 0.26189436927105814, ""trade_quality_min"": 2.3021582733894292}",41.618004374648606,paper-strategy-8ade763620b6,opportunity-score-8ade763620b6,PAPER_OVERRIDE::FYERS_PAPER_PROXY_RESEARCH,SKIPPED_FORWARD_PROXY,107.65,108.0,0.0,-6.900000000000006,False,False,-0.30117852466171996,OBSERVED,,FYERS_PAPER_PROXY_RESEARCH
202608241335_1_BANKNIFTY_PE,30,2026-08-24T14:05:51.278698+05:30,BANKNIFTY,BANKNIFTY,NSE_INDEX,2e840ccd58d1,"{""contract_quality_min"": 0.0, ""direction_min"": 0.0, ""excellent_score_min"": 52.938805388296814, ""execution_quality_min"": 100.0, ""expected_required_ratio_min"": 1.4166666666666665, ""final_confidence_min"": 80.86783165290204, ""iv_crush_max"": 28.5, ""market_hostility_max"": 20.113834847198277, ""min_5depth_lots_each_side"": 30.0, ""min_top_book_lots"": 1.0, ""premium_elasticity_min"": 0.5, ""regime_confidence_min"": 60.0, ""spread_pct_max"": 0.19200000000000728, ""trade_quality_min"": 32.373923739224715}",52.938805388296814,paper-strategy-8ade763620b6,opportunity-score-8ade763620b6,PAPER_OVERRIDE::FYERS_PAPER_PROXY_RESEARCH,SKIPPED_FORWARD_PROXY,147.15,147.6,0.0,-9.099999999999994,False,False,-0.36399999999999977,OBSERVED,,FYERS_PAPER_PROXY_RESEARCH
202608241335_2_BANKNIFTY_PE,30,2026-08-24T14:05:51.278698+05:30,BANKNIFTY,BANKNIFTY,NSE_INDEX,2e840ccd58d1,"{""contract_quality_min"": 0.0, ""direction_min"": 0.0, ""excellent_score_min"": 52.938805388296814, ""execution_quality_min"": 100.0, ""expected_required_ratio_min"": 1.4166666666666665, ""final_confidence_min"": 80.86783165290204, ""iv_crush_max"": 28.5, ""market_hostility_max"": 20.113834847198277, ""min_5depth_lots_each_side"": 27.0, ""min_top_book_lots"": 1.0, ""premium_elasticity_min"": 0.7, ""regime_confidence_min"": 60.0, ""spread_pct_max"": 0.3183543528835585, ""trade_quality_min"": 32.373923739224715}",52.938805388296814,paper-strategy-8ade763620b6,opportunity-score-8ade763620b6,PAPER_OVERRIDE::FYERS_PAPER_PROXY_RESEARCH,SKIPPED_FORWARD_PROXY,193.7,194.3,0.0,-10.475000000000023,False,False,-0.4190000000000009,OBSERVED,,FYERS_PAPER_PROXY_RESEARCH
202608241335_3_FINNIFTY_PE,30,2026-08-24T14:05:51.278698+05:30,FINNIFTY,FINNIFTY,NSE_INDEX,e172b0fef65b,"{""contract_quality_min"": 0.0, ""direction_min"": 0.0, ""excellent_score_min"": 51.931250977689935, ""execution_quality_min"": 100.0, ""expected_required_ratio_min"": 1.25, ""final_confidence_min"": 79.86065912496548, ""iv_crush_max"": 28.5, ""market_hostility_max"": 20.28546554398391, ""min_5depth_lots_each_side"": 10.0, ""min_top_book_lots"": 1.0, ""premium_elasticity_min"": 0.7, ""regime_confidence_min"": 60.0, ""spread_pct_max"": 0.6644518272425186, ""trade_quality_min"": 28.91820580475745}",51.931250977689935,paper-strategy-8ade763620b6,opportunity-score-8ade763620b6,PAPER_OVERRIDE::FYERS_PAPER_PROXY_RESEARCH,SKIPPED_FORWARD_PROXY,91.6,92.1,1.2999999999999972,0.0,False,False,0.07198228128460671,OBSERVED,,FYERS_PAPER_PROXY_RESEARCH
202608241335_4_BANKNIFTY_CE,30,2026-08-24T14:05:51.278698+05:30,BANKNIFTY,BANKNIFTY,NSE_INDEX,2e840ccd58d1,"{""contract_quality_min"": 0.0, ""direction_min"": 2.295636459102464, ""excellent_score_min"": 50.55201995093526, ""execution_quality_min"": 100.0, ""expected_required_ratio_min"": 1.4166666666666665, ""final_confidence_min"": 81.55652259063278, ""iv_crush_max"": 28.5, ""market_hostility_max"": 20.113834847198277, ""min_5depth_lots_each_side"": 27.0, ""min_top_book_lots"": 3.0, ""premium_elasticity_min"": 0.3, ""regime_confidence_min"": 60.0, ""spread_pct_max"": 0.31130607046836445, ""trade_quality_min"": 32.373923739224715}",50.55201995093526,paper-strategy-8ade763620b6,opportunity-score-8ade763620b6,PAPER_OVERRIDE::FYERS_PAPER_PROXY_RESEARCH,SKIPPED_FORWARD_PROXY,176.4,176.95,0.0,-0.2750000000000057,False,False,-0.011000000000000227,OBSERVED,,FYERS_PAPER_PROXY_RESEARCH
202608241335_5_BANKNIFTY_PE,30,2026-08-24T14:05:51.278698+05:30,BANKNIFTY,BANKNIFTY,NSE_INDEX,2e840ccd58d1,"{""contract_quality_min"": 0.0, ""direction_min"": 0.0, ""excellent_score_min"": 50.13880538829682, ""execution_quality_min"": 100.0, ""expected_required_ratio_min"": 1.4166666666666665, ""final_confidence_min"": 80.86783165290204, ""iv_crush_max"": 28.5, ""market_hostility_max"": 20.113834847198277, ""min_5depth_lots_each_side"": 30.0, ""min_top_book_lots"": 1.0, ""premium_elasticity_min"": 0.3, ""regime_confidence_min"": 60.0, ""spread_pct_max"": 0.2543450614667208, ""trade_quality_min"": 32.373923739224715}",50.13880538829682,paper-strategy-8ade763620b6,opportunity-score-8ade763620b6,PAPER_OVERRIDE::FYERS_PAPER_PROXY_RESEARCH,SKIPPED_FORWARD_PROXY,110.35,110.7,0.0,-7.599999999999994,False,False,-0.32217041119118245,OBSERVED,,FYERS_PAPER_PROXY_RESEARCH
202608241350_1_BANKNIFTY_PE,15,2026-08-24T14:05:51.278698+05:30,BANKNIFTY,BANKNIFTY,NSE_INDEX,2e840ccd58d1,"{""contract_quality_min"": 0.0, ""direction_min"": 4.963778188133613, ""excellent_score_min"": 56.85461388011888, ""execution_quality_min"": 100.0, ""expected_required_ratio_min"": 1.4166666666666667, ""final_confidence_min"": 85.47057292017026, ""iv_crush_max"": 28.5, ""market_hostility_max"": 20.98272786697348, ""min_5depth_lots_each_side"": 24.0, ""min_top_book_lots"": 3.0, ""premium_elasticity_min"": 0.5, ""regime_confidence_min"": 60.0, ""spread_pct_max"": 0.22547914317925222, ""trade_quality_min"": 44.08668730650075}",56.85461388011888,paper-strategy-8ade763620b6,opportunity-score-8ade763620b6,PAPER_OVERRIDE::FYERS_PAPER_PROXY_RESEARCH,SKIPPED_FORWARD_PROXY,147.15,147.6,0.0,-8.075000000000017,False,False,-0.3230000000000007,OBSERVED,,FYERS_PAPER_PROXY_RESEARCH
202608241350_2_BANKNIFTY_PE,15,2026-08-24T14:05:51.278698+05:30,BANKNIFTY,BANKNIFTY,NSE_INDEX,2e840ccd58d1,"{""contract_quality_min"": 0.0, ""direction_min"": 4.963778188133613, ""excellent_score_min"": 56.85461388011888, ""execution_quality_min"": 100.0, ""expected_required_ratio_min"": 1.4166666666666667, ""final_confidence_min"": 85.47057292017026, ""iv_crush_max"": 28.5, ""market_hostility_max"": 20.98272786697348, ""min_5depth_lots_each_side"": 15.0, ""min_top_book_lots"": 1.0, ""premium_elasticity_min"": 0.7, ""regime_confidence_min"": 60.0, ""spread_pct_max"": 0.29476787030213425, ""trade_quality_min"": 44.08668730650075}",56.85461388011888,paper-strategy-8ade763620b6,opportunity-score-8ade763620b6,PAPER_OVERRIDE::FYERS_PAPER_PROXY_RESEARCH,SKIPPED_FORWARD_PROXY,193.7,194.3,0.0,-9.850000000000023,False,False,-0.3940000000000009,OBSERVED,,FYERS_PAPER_PROXY_RESEARCH
202608241350_3_BANKNIFTY_CE,15,2026-08-24T14:05:51.278698+05:30,BANKNIFTY,BANKNIFTY,NSE_INDEX,2e840ccd58d1,"{""contract_quality_min"": 0.0, ""direction_min"": 0.0, ""excellent_score_min"": 55.961133806254836, ""execution_quality_min"": 100.0, ""expected_required_ratio_min"": 1.4166666666666667, ""final_confidence_min"": 83.98143946373018, ""iv_crush_max"": 28.5, ""market_hostility_max"": 20.98272786697348, ""min_5depth_lots_each_side"": 19.0, ""min_top_book_lots"": 2.0, ""premium_elasticity_min"": 0.5, ""regime_confidence_min"": 60.0, ""spread_pct_max"": 0.33359279439564105, ""trade_quality_min"": 44.08668730650075}",55.961133806254836,paper-strategy-8ade763620b6,opportunity-score-8ade763620b6,PAPER_OVERRIDE::FYERS_PAPER_PROXY_RESEARCH,SKIPPED_FORWARD_PROXY,231.0,231.35,6.175000000000011,0.0,False,False,0.24700000000000044,OBSERVED,,FYERS_PAPER_PROXY_RESEARCH
202608241350_4_MIDCPNIFTY_PE,15,2026-08-24T14:05:51.278698+05:30,MIDCPNIFTY,MIDCPNIFTY,NSE_INDEX,712afad509f5,"{""contract_quality_min"": 0.0, ""direction_min"": 3.2262617708144297, ""excellent_score_min"": 53.3407127127409, ""execution_quality_min"": 100.0, ""expected_required_ratio_min"": 1.0833333333333333, ""final_confidence_min"": 82.26965355133645, ""iv_crush_max"": 28.5, ""market_hostility_max"": 20.11448191777393, ""min_5depth_lots_each_side"": 11.0, ""min_top_book_lots"": 1.0, ""premium_elasticity_min"": 0.7, ""regime_confidence_min"": 60.0, ""spread_pct_max"": 0.55658627087198, ""trade_quality_min"": 34.285714285714285}",53.3407127127409,paper-strategy-8ade763620b6,opportunity-score-8ade763620b6,PAPER_OVERRIDE::FYERS_PAPER_PROXY_RESEARCH,SKIPPED_FORWARD_PROXY,52.75,53.05,0.0,-1.1499999999999986,False,False,-0.10667903525046368,OBSERVED,,FYERS_PAPER_PROXY_RESEARCH
202608241350_5_BANKNIFTY_CE,15,2026-08-24T14:05:51.278698+05:30,BANKNIFTY,BANKNIFTY,NSE_INDEX,2e840ccd58d1,"{""contract_quality_min"": 0.0, ""direction_min"": 0.0, ""excellent_score_min"": 53.16113380625484, ""execution_quality_min"": 100.0, ""expected_required_ratio_min"": 1.4166666666666667, ""final_confidence_min"": 83.98143946373018, ""iv_crush_max"": 28.5, ""market_hostility_max"": 20.98272786697348, ""min_5depth_lots_each_side"": 26.0, ""min_top_book_lots"": 1.0, ""premium_elasticity_min"": 0.3, ""regime_confidence_min"": 60.0, ""spread_pct_max"": 0.3193496879082661, ""trade_quality_min"": 44.08668730650075}",53.16113380625484,paper-strategy-8ade763620b6,opportunity-score-8ade763620b6,PAPER_OVERRIDE::FYERS_PAPER_PROXY_RESEARCH,SKIPPED_FORWARD_PROXY,176.4,176.95,4.175000000000011,0.0,False,False,0.16700000000000045,OBSERVED,,FYERS_PAPER_PROXY_RESEARCH
202608241401_1_BANKNIFTY_PE,5,2026-08-24T14:06:44.989326+05:30,BANKNIFTY,BANKNIFTY,NSE_INDEX,2e840ccd58d1,"{""contract_quality_min"": 0.0, ""direction_min"": 0.2023271106124917, ""excellent_score_min"": 44.577963302447, ""execution_quality_min"": 100.0, ""expected_required_ratio_min"": 1.4166666666666667, ""final_confidence_min"": 72.37603557935259, ""iv_crush_max"": 28.5, ""market_hostility_max"": 20.726912330856226, ""min_5depth_lots_each_side"": 28.0, ""min_top_book_lots"": 2.0, ""premium_elasticity_min"": 0.5, ""regime_confidence_min"": 60.0, ""spread_pct_max"": 0.19847833278201213, ""trade_quality_min"": 2.8189550425357264}",44.577963302447,paper-strategy-8ade763620b6,opportunity-score-8ade763620b6,PAPER_OVERRIDE::FYERS_PAPER_PROXY_RESEARCH,SKIPPED_FORWARD_PROXY,146.9,147.25,0.0,-4.25,False,False,-0.17,OBSERVED,,FYERS_PAPER_PROXY_RESEARCH
202608241401_2_BANKNIFTY_PE,5,2026-08-24T14:06:44.989326+05:30,BANKNIFTY,BANKNIFTY,NSE_INDEX,2e840ccd58d1,"{""contract_quality_min"": 0.0, ""direction_min"": 0.2023271106124917, ""excellent_score_min"": 44.577963302447, ""execution_quality_min"": 100.0, ""expected_required_ratio_min"": 1.4166666666666667, ""final_confidence_min"": 72.37603557935259, ""iv_crush_max"": 28.5, ""market_hostility_max"": 20.726912330856226, ""min_5depth_lots_each_side"": 19.0, ""min_top_book_lots"": 1.0, ""premium_elasticity_min"": 0.7, ""regime_confidence_min"": 60.0, ""spread_pct_max"": 0.27711298652223776, ""trade_quality_min"": 2.8189550425357264}",44.577963302447,paper-strategy-8ade763620b6,opportunity-score-8ade763620b6,PAPER_OVERRIDE::FYERS_PAPER_PROXY_RESEARCH,SKIPPED_FORWARD_PROXY,193.05,193.5,0.0,-5.424999999999983,False,False,-0.2169999999999993,OBSERVED,,FYERS_PAPER_PROXY_RESEARCH
202608241401_3_BANKNIFTY_CE,5,2026-08-24T14:06:44.989326+05:30,BANKNIFTY,BANKNIFTY,NSE_INDEX,2e840ccd58d1,"{""contract_quality_min"": 0.0, ""direction_min"": 0.0, ""excellent_score_min"": 44.54154442253676, ""execution_quality_min"": 100.0, ""expected_required_ratio_min"": 1.4166666666666667, ""final_confidence_min"": 72.31533744616885, ""iv_crush_max"": 28.5, ""market_hostility_max"": 20.726912330856226, ""min_5depth_lots_each_side"": 38.0, ""min_top_book_lots"": 1.0, ""premium_elasticity_min"": 0.5, ""regime_confidence_min"": 60.0, ""spread_pct_max"": 0.3077599472411594, ""trade_quality_min"": 2.8189550425357264}",44.54154442253676,paper-strategy-8ade763620b6,opportunity-score-8ade763620b6,PAPER_OVERRIDE::FYERS_PAPER_PROXY_RESEARCH,SKIPPED_FORWARD_PROXY,231.3,232.05,3.8500000000000227,0.0,False,False,0.15400000000000091,OBSERVED,,FYERS_PAPER_PROXY_RESEARCH
202608241401_4_BANKNIFTY_PE,5,2026-08-24T14:06:44.989326+05:30,BANKNIFTY,BANKNIFTY,NSE_INDEX,2e840ccd58d1,"{""contract_quality_min"": 0.0, ""direction_min"": 0.2023271106124917, ""excellent_score_min"": 41.777963302447006, ""execution_quality_min"": 100.0, ""expected_required_ratio_min"": 1.4166666666666667, ""final_confidence_min"": 72.37603557935259, ""iv_crush_max"": 28.5, ""market_hostility_max"": 20.726912330856226, ""min_5depth_lots_each_side"": 30.0, ""min_top_book_lots"": 2.0, ""premium_elasticity_min"": 0.3, ""regime_confidence_min"": 60.0, ""spread_pct_max"": 0.35335689045936897, ""trade_quality_min"": 2.8189550425357264}",41.777963302447006,paper-strategy-8ade763620b6,opportunity-score-8ade763620b6,PAPER_OVERRIDE::FYERS_PAPER_PROXY_RESEARCH,SKIPPED_FORWARD_PROXY,109.75,110.1,0.0,-3.450000000000003,False,False,-0.15238515901060082,OBSERVED,,FYERS_PAPER_PROXY_RESEARCH
202608241401_5_BANKNIFTY_CE,5,2026-08-24T14:06:44.989326+05:30,BANKNIFTY,BANKNIFTY,NSE_INDEX,2e840ccd58d1,"{""contract_quality_min"": 0.0, ""direction_min"": 0.0, ""excellent_score_min"": 41.74154442253676, ""execution_quality_min"": 100.0, ""expected_required_ratio_min"": 1.4166666666666667, ""final_confidence_min"": 72.31533744616885, ""iv_crush_max"": 28.5, ""market_hostility_max"": 20.726912330856226, ""min_5depth_lots_each_side"": 19.0, ""min_top_book_lots"": 1.0, ""premium_elasticity_min"": 0.3, ""regime_confidence_min"": 60.0, ""spread_pct_max"": 0.2302158273381164, ""trade_quality_min"": 2.8189550425357264}",41.74154442253676,paper-strategy-8ade763620b6,opportunity-score-8ade763620b6,PAPER_OVERRIDE::FYERS_PAPER_PROXY_RESEARCH,SKIPPED_FORWARD_PROXY,176.65,177.1,2.9000000000000057,0.0,False,False,0.11600000000000023,OBSERVED,,FYERS_PAPER_PROXY_RESEARCH
202608241337_1_MIDCPNIFTY_PE,30,2026-08-24T14:08:39.150605+05:30,MIDCPNIFTY,MIDCPNIFTY,NSE_INDEX,712afad509f5,"{""contract_quality_min"": 0.0, ""direction_min"": 3.0921875210067085, ""excellent_score_min"": 50.72824075126394, ""execution_quality_min"": 100.0, ""expected_required_ratio_min"": 1.0833333333333335, ""final_confidence_min"": 79.44350292489868, ""iv_crush_max"": 28.5, ""market_hostility_max"": 19.60835174096398, ""min_5depth_lots_each_side"": 25.0, ""min_top_book_lots"": 4.0, ""premium_elasticity_min"": 0.5, ""regime_confidence_min"": 60.0, ""spread_pct_max"": 0.6960556844547497, ""trade_quality_min"": 24.932249322492243}",50.72824075126394,paper-strategy-8ade763620b6,opportunity-score-8ade763620b6,PAPER_OVERRIDE::FYERS_PAPER_PROXY_RESEARCH,SKIPPED_FORWARD_PROXY,41.5,41.75,0.0,-1.6000000000000014,False,False,-0.18561484918793517,OBSERVED,,FYERS_PAPER_PROXY_RESEARCH
202608241337_2_MIDCPNIFTY_PE,30,2026-08-24T14:08:39.150605+05:30,MIDCPNIFTY,MIDCPNIFTY,NSE_INDEX,712afad509f5,"{""contract_quality_min"": 0.0, ""direction_min"": 3.0921875210067085, ""excellent_score_min"": 50.72824075126394, ""execution_quality_min"": 100.0, ""expected_required_ratio_min"": 1.0833333333333335, ""final_confidence_min"": 79.44350292489868, ""iv_crush_max"": 28.5, ""market_hostility_max"": 19.60835174096398, ""min_5depth_lots_each_side"": 13.0, ""min_top_book_lots"": 3.0, ""premium_elasticity_min"": 0.7, ""regime_confidence_min"": 60.0, ""spread_pct_max"": 0.5395683453237359, ""trade_quality_min"": 24.932249322492243}",50.72824075126394,paper-strategy-8ade763620b6,opportunity-score-8ade763620b6,PAPER_OVERRIDE::FYERS_PAPER_PROXY_RESEARCH,SKIPPED_FORWARD_PROXY,54.15,54.4,0.0,-1.4500000000000028,False,False,-0.13039568345323765,OBSERVED,,FYERS_PAPER_PROXY_RESEARCH
202608241337_3_MIDCPNIFTY_CE,30,2026-08-24T14:08:39.150605+05:30,MIDCPNIFTY,MIDCPNIFTY,NSE_INDEX,712afad509f5,"{""contract_quality_min"": 0.0, ""direction_min"": 0.0, ""excellent_score_min"": 50.171646997482725, ""execution_quality_min"": 100.0, ""expected_required_ratio_min"": 1.0833333333333335, ""final_confidence_min"": 78.51584666859667, ""iv_crush_max"": 28.5, ""market_hostility_max"": 19.60835174096398, ""min_5depth_lots_each_side"": 11.0, ""min_top_book_lots"": 2.0, ""premium_elasticity_min"": 0.7, ""regime_confidence_min"": 60.0, ""spread_pct_max"": 0.6102212051868889, ""trade_quality_min"": 24.932249322492243}",50.171646997482725,paper-strategy-8ade763620b6,opportunity-score-8ade763620b6,PAPER_OVERRIDE::FYERS_PAPER_PROXY_RESEARCH,SKIPPED_FORWARD_PROXY,65.35,65.8,0.0,-0.20000000000000284,False,False,-0.015255530129672224,OBSERVED,,FYERS_PAPER_PROXY_RESEARCH
202608241337_4_BANKNIFTY_PE,30,2026-08-24T14:08:39.150605+05:30,BANKNIFTY,BANKNIFTY,NSE_INDEX,2e840ccd58d1,"{""contract_quality_min"": 0.0, ""direction_min"": 0.2721019614884451, ""excellent_score_min"": 44.79346197982145, ""execution_quality_min"": 100.0, ""expected_required_ratio_min"": 1.4166666666666667, ""final_confidence_min"": 72.52711666408456, ""iv_crush_max"": 28.5, ""market_hostility_max"": 20.435931156112094, ""min_5depth_lots_each_side"": 25.0, ""min_top_book_lots"": 1.0, ""premium_elasticity_min"": 0.5, ""regime_confidence_min"": 60.0, ""spread_pct_max"": 0.21548406957056754, ""trade_quality_min"": 3.2876712328709994}",44.79346197982145,paper-strategy-8ade763620b6,opportunity-score-8ade763620b6,PAPER_OVERRIDE::FYERS_PAPER_PROXY_RESEARCH,SKIPPED_FORWARD_PROXY,146.8,147.15,0.0,-15.625,False,False,-0.625,OBSERVED,,FYERS_PAPER_PROXY_RESEARCH
202608241337_5_BANKNIFTY_CE,30,2026-08-24T14:08:39.150605+05:30,BANKNIFTY,BANKNIFTY,NSE_INDEX,2e840ccd58d1,"{""contract_quality_min"": 0.0, ""direction_min"": 0.0, ""excellent_score_min"": 44.74448362675353, ""execution_quality_min"": 100.0, ""expected_required_ratio_min"": 1.4166666666666667, ""final_confidence_min"": 72.44548607563803, ""iv_crush_max"": 28.5, ""market_hostility_max"": 20.435931156112094, ""min_5depth_lots_each_side"": 16.0, ""min_top_book_lots"": 1.0, ""premium_elasticity_min"": 0.5, ""regime_confidence_min"": 60.0, ""spread_pct_max"": 0.2727892702886994, ""trade_quality_min"": 3.2876712328709994}",44.74448362675353,paper-strategy-8ade763620b6,opportunity-score-8ade763620b6,PAPER_OVERRIDE::FYERS_PAPER_PROXY_RESEARCH,SKIPPED_FORWARD_PROXY,230.45,231.0,10.5,0.0,False,False,0.42,OBSERVED,,FYERS_PAPER_PROXY_RESEARCH
202608241351_1_BANKNIFTY_PE,15,2026-08-24T14:08:39.150605+05:30,BANKNIFTY,BANKNIFTY,NSE_INDEX,2e840ccd58d1,"{""contract_quality_min"": 0.0, ""direction_min"": 4.601672115174276, ""excellent_score_min"": 57.48939733291935, ""execution_quality_min"": 100.0, ""expected_required_ratio_min"": 1.4166666666666667, ""final_confidence_min"": 86.1094072320403, ""iv_crush_max"": 28.5, ""market_hostility_max"": 20.79236487945715, ""min_5depth_lots_each_side"": 34.0, ""min_top_book_lots"": 1.0, ""premium_elasticity_min"": 0.5, ""regime_confidence_min"": 60.0, ""spread_pct_max"": 0.32690421706440015, ""trade_quality_min"": 46.39718804921389}",57.48939733291935,paper-strategy-8ade763620b6,opportunity-score-8ade763620b6,PAPER_OVERRIDE::FYERS_PAPER_PROXY_RESEARCH,SKIPPED_FORWARD_PROXY,146.8,147.15,0.0,-6.149999999999977,False,False,-0.24599999999999908,OBSERVED,,FYERS_PAPER_PROXY_RESEARCH
202608241351_2_BANKNIFTY_PE,15,2026-08-24T14:08:39.150605+05:30,BANKNIFTY,BANKNIFTY,NSE_INDEX,2e840ccd58d1,"{""contract_quality_min"": 0.0, ""direction_min"": 4.601672115174276, ""excellent_score_min"": 57.48939733291935, ""execution_quality_min"": 100.0, ""expected_required_ratio_min"": 1.4166666666666667, ""final_confidence_min"": 86.1094072320403, ""iv_crush_max"": 28.5, ""market_hostility_max"": 20.79236487945715, ""min_5depth_lots_each_side"": 11.0, ""min_top_book_lots"": 1.0, ""premium_elasticity_min"": 0.7, ""regime_confidence_min"": 60.0, ""spread_pct_max"": 0.274143302180691, ""trade_quality_min"": 46.39718804921389}",57.48939733291935,paper-strategy-8ade763620b6,opportunity-score-8ade763620b6,PAPER_OVERRIDE::FYERS_PAPER_PROXY_RESEARCH,SKIPPED_FORWARD_PROXY,193.45,194.0,0.0,-7.175000000000011,False,False,-0.2870000000000005,OBSERVED,,FYERS_PAPER_PROXY_RESEARCH
202608241351_3_BANKNIFTY_CE,15,2026-08-24T14:08:39.150605+05:30,BANKNIFTY,BANKNIFTY,NSE_INDEX,2e840ccd58d1,"{""contract_quality_min"": 0.0, ""direction_min"": 0.0, ""excellent_score_min"": 56.66109635218799, ""execution_quality_min"": 100.0, ""expected_required_ratio_min"": 1.4166666666666667, ""final_confidence_min"": 84.72890559748802, ""iv_crush_max"": 28.5, ""market_hostility_max"": 20.79236487945715, ""min_5depth_lots_each_side"": 22.0, ""min_top_book_lots"": 1.0, ""premium_elasticity_min"": 0.5, ""regime_confidence_min"": 60.0, ""spread_pct_max"": 0.308302136093379, ""trade_quality_min"": 46.39718804921389}",56.66109635218799,paper-strategy-8ade763620b6,opportunity-score-8ade763620b6,PAPER_OVERRIDE::FYERS_PAPER_PROXY_RESEARCH,SKIPPED_FORWARD_PROXY,230.45,231.0,3.3999999999999773,0.0,False,False,0.1359999999999991,OBSERVED,,FYERS_PAPER_PROXY_RESEARCH
202608241351_4_MIDCPNIFTY_PE,15,2026-08-24T14:08:39.150605+05:30,MIDCPNIFTY,MIDCPNIFTY,NSE_INDEX,712afad509f5,"{""contract_quality_min"": 0.0, ""direction_min"": 4.4093133301073975, ""excellent_score_min"": 55.46877031909238, ""execution_quality_min"": 100.0, ""expected_required_ratio_min"": 1.0833333333333335, ""final_confidence_min"": 84.53875549008212, ""iv_crush_max"": 28.5, ""market_hostility_max"": 20.191870552947798, ""min_5depth_lots_each_side"": 19.0, ""min_top_book_lots"": 2.0, ""premium_elasticity_min"": 0.7, ""regime_confidence_min"": 60.0, ""spread_pct_max"": 0.6331976481230237, ""trade_quality_min"": 41.25786163522002}",55.46877031909238,paper-strategy-8ade763620b6,opportunity-score-8ade763620b6,PAPER_OVERRIDE::FYERS_PAPER_PROXY_RESEARCH,SKIPPED_FORWARD_PROXY,54.15,54.4,0.0,-1.125000000000007,False,False,-0.10176390773405762,OBSERVED,,FYERS_PAPER_PROXY_RESEARCH
202608241351_5_BANKNIFTY_PE,15,2026-08-24T14:08:39.150605+05:30,BANKNIFTY,BANKNIFTY,NSE_INDEX,2e840ccd58d1,"{""contract_quality_min"": 0.0, ""direction_min"": 4.601672115174276, ""excellent_score_min"": 54.689397332919356, ""execution_quality_min"": 100.0, ""expected_required_ratio_min"": 1.4166666666666667, ""final_confidence_min"": 86.1094072320403, ""iv_crush_max"": 28.5, ""market_hostility_max"": 20.79236487945715, ""min_5depth_lots_each_side"": 49.0, ""min_top_book_lots"": 1.0, ""premium_elasticity_min"": 0.3, ""regime_confidence_min"": 60.0, ""spread_pct_max"": 0.3487358326068053, ""trade_quality_min"": 46.39718804921389}",54.689397332919356,paper-strategy-8ade763620b6,opportunity-score-8ade763620b6,PAPER_OVERRIDE::FYERS_PAPER_PROXY_RESEARCH,SKIPPED_FORWARD_PROXY,110.45,110.7,0.0,-4.25,False,False,-0.18526591107236268,OBSERVED,,FYERS_PAPER_PROXY_RESEARCH
202608241352_1_BANKNIFTY_PE,15,2026-08-24T14:08:39.150605+05:30,BANKNIFTY,BANKNIFTY,NSE_INDEX,2e840ccd58d1,"{""contract_quality_min"": 0.0, ""direction_min"": 2.7267647476734034, ""excellent_score_min"": 53.35966883804496, ""execution_quality_min"": 100.0, ""expected_required_ratio_min"": 1.4166666666666667, ""final_confidence_min"": 81.61325462941905, ""iv_crush_max"": 28.5, ""market_hostility_max"": 20.338151739085255, ""min_5depth_lots_each_side"": 37.0, ""min_top_book_lots"": 1.0, ""premium_elasticity_min"": 0.5, ""regime_confidence_min"": 60.0, ""spread_pct_max"": 0.2900886381949967, ""trade_quality_min"": 32.347466390893445}",53.35966883804496,paper-strategy-8ade763620b6,opportunity-score-8ade763620b6,PAPER_OVERRIDE::FYERS_PAPER_PROXY_RESEARCH,SKIPPED_FORWARD_PROXY,146.8,147.15,0.0,-8.324999999999989,False,False,-0.3329999999999995,OBSERVED,,FYERS_PAPER_PROXY_RESEARCH
202608241352_2_BANKNIFTY_PE,15,2026-08-24T14:08:39.150605+05:30,BANKNIFTY,BANKNIFTY,NSE_INDEX,2e840ccd58d1,"{""contract_quality_min"": 0.0, ""direction_min"": 2.7267647476734034, ""excellent_score_min"": 53.35966883804496, ""execution_quality_min"": 100.0, ""expected_required_ratio_min"": 1.4166666666666667, ""final_confidence_min"": 81.61325462941905, ""iv_crush_max"": 28.5, ""market_hostility_max"": 20.338151739085255, ""min_5depth_lots_each_side"": 11.0, ""min_top_book_lots"": 2.0, ""premium_elasticity_min"": 0.7, ""regime_confidence_min"": 60.0, ""spread_pct_max"": 0.36877688998156116, ""trade_quality_min"": 32.347466390893445}",53.35966883804496,paper-strategy-8ade763620b6,opportunity-score-8ade763620b6,PAPER_OVERRIDE::FYERS_PAPER_PROXY_RESEARCH,SKIPPED_FORWARD_PROXY,193.45,194.0,0.0,-9.925000000000011,False,False,-0.39700000000000046,OBSERVED,,FYERS_PAPER_PROXY_RESEARCH
202608241352_3_BANKNIFTY_CE,15,2026-08-24T14:08:39.150605+05:30,BANKNIFTY,BANKNIFTY,NSE_INDEX,2e840ccd58d1,"{""contract_quality_min"": 0.0, ""direction_min"": 0.0, ""excellent_score_min"": 52.868851183463754, ""execution_quality_min"": 100.0, ""expected_required_ratio_min"": 1.4166666666666667, ""final_confidence_min"": 80.79522520511703, ""iv_crush_max"": 28.5, ""market_hostility_max"": 20.338151739085255, ""min_5depth_lots_each_side"": 24.0, ""min_top_book_lots"": 1.0, ""premium_elasticity_min"": 0.5, ""regime_confidence_min"": 60.0, ""spread_pct_max"": 0.3104212860310371, ""trade_quality_min"": 32.347466390893445}",52.868851183463754,paper-strategy-8ade763620b6,opportunity-score-8ade763620b6,PAPER_OVERRIDE::FYERS_PAPER_PROXY_RESEARCH,SKIPPED_FORWARD_PROXY,230.45,231.0,4.949999999999989,0.0,False,False,0.19799999999999954,OBSERVED,,FYERS_PAPER_PROXY_RESEARCH
202608241352_4_MIDCPNIFTY_CE,15,2026-08-24T14:08:39.150605+05:30,MIDCPNIFTY,MIDCPNIFTY,NSE_INDEX,712afad509f5,"{""contract_quality_min"": 0.0, ""direction_min"": 0.0, ""excellent_score_min"": 51.85702023891194, ""execution_quality_min"": 87.91786266283928, ""expected_required_ratio_min"": 1.0833333333333333, ""final_confidence_min"": 81.30286044966229, ""iv_crush_max"": 28.5, ""market_hostility_max"": 19.515001619706425, ""min_5depth_lots_each_side"": 12.0, ""min_top_book_lots"": 2.0, ""premium_elasticity_min"": 0.7, ""regime_confidence_min"": 60.0, ""spread_pct_max"": 1.0819165378670834, ""trade_quality_min"": 37.80821917807926}",51.85702023891194,paper-strategy-8ade763620b6,opportunity-score-8ade763620b6,PAPER_OVERRIDE::FYERS_PAPER_PROXY_RESEARCH,SKIPPED_FORWARD_PROXY,65.35,65.8,0.6500000000000057,0.0,False,False,0.05023183925811482,OBSERVED,,FYERS_PAPER_PROXY_RESEARCH
202608241352_5_BANKNIFTY_PE,15,2026-08-24T14:08:39.150605+05:30,BANKNIFTY,BANKNIFTY,NSE_INDEX,2e840ccd58d1,"{""contract_quality_min"": 0.0, ""direction_min"": 2.7267647476734034, ""excellent_score_min"": 50.55966883804496, ""execution_quality_min"": 100.0, ""expected_required_ratio_min"": 1.4166666666666667, ""final_confidence_min"": 81.61325462941905, ""iv_crush_max"": 28.5, ""market_hostility_max"": 20.338151739085255, ""min_5depth_lots_each_side"": 43.0, ""min_top_book_lots"": 1.0, ""premium_elasticity_min"": 0.3, ""regime_confidence_min"": 60.0, ""spread_pct_max"": 0.2578427159432722, ""trade_quality_min"": 32.347466390893445}",50.55966883804496,paper-strategy-8ade763620b6,opportunity-score-8ade763620b6,PAPER_OVERRIDE::FYERS_PAPER_PROXY_RESEARCH,SKIPPED_FORWARD_PROXY,110.45,110.7,0.0,-5.8999999999999915,False,False,-0.2535453373442197,OBSERVED,,FYERS_PAPER_PROXY_RESEARCH
202608241354_1_HINDALCO_PE,15,2026-08-24T14:09:21.188325+05:30,HINDALCO,HINDALCO,NSE_STOCK_OPTION,0b8f346aac89,"{""contract_quality_min"": 0.0, ""direction_min"": 4.9434356878037145, ""excellent_score_min"": 22.21763589201108, ""execution_quality_min"": 73.49544072948339, ""expected_required_ratio_min"": 1.1666666666666665, ""final_confidence_min"": 67.33788581624985, ""iv_crush_max"": 28.5, ""market_hostility_max"": 26.66809347157436, ""min_5depth_lots_each_side"": 6.0, ""min_top_book_lots"": 1.0, ""premium_elasticity_min"": 0.7, ""regime_confidence_min"": 60.0, ""spread_pct_max"": 1.4184397163120543, ""trade_quality_min"": 20.392156862746496}",22.21763589201108,paper-strategy-8ade763620b6,opportunity-score-8ade763620b6,PAPER_OVERRIDE::FYERS_PAPER_PROXY_RESEARCH,SKIPPED_FORWARD_PROXY,,,UNAVAILABLE,UNAVAILABLE,UNAVAILABLE,UNAVAILABLE,UNAVAILABLE,UNAVAILABLE,Future quote invalid,FYERS_PAPER_PROXY_RESEARCH
202608241354_2_HINDUNILVR_PE,15,2026-08-24T14:09:21.188325+05:30,HINDUNILVR,HINDUNILVR,NSE_STOCK_OPTION,7c6072ee0b40,"{""contract_quality_min"": 0.0, ""direction_min"": 1.9845207382417147, ""excellent_score_min"": 18.147531461483013, ""execution_quality_min"": 61.36363636363638, ""expected_required_ratio_min"": 1.1666666666666665, ""final_confidence_min"": 61.953522266580215, ""iv_crush_max"": 28.5, ""market_hostility_max"": 23.469389443038363, ""min_5depth_lots_each_side"": 5.0, ""min_top_book_lots"": 1.0, ""premium_elasticity_min"": 0.7, ""regime_confidence_min"": 60.0, ""spread_pct_max"": 1.6233766233766231, ""trade_quality_min"": 12.121212121211455}",18.147531461483013,paper-strategy-8ade763620b6,opportunity-score-8ade763620b6,PAPER_OVERRIDE::FYERS_PAPER_PROXY_RESEARCH,SKIPPED_FORWARD_PROXY,,,UNAVAILABLE,UNAVAILABLE,UNAVAILABLE,UNAVAILABLE,UNAVAILABLE,UNAVAILABLE,Future quote invalid,FYERS_PAPER_PROXY_RESEARCH
202608241354_3_HDFCLIFE_CE,15,2026-08-24T14:09:21.188325+05:30,HDFCLIFE,HDFCLIFE,NSE_STOCK_OPTION,f8509861bdd0,"{""contract_quality_min"": 0.0, ""direction_min"": 0.0, ""excellent_score_min"": 17.451669657809056, ""execution_quality_min"": 0.0, ""expected_required_ratio_min"": 1.1666666666666667, ""final_confidence_min"": 46.806836776303605, ""iv_crush_max"": 28.5, ""market_hostility_max"": 27.20691322214236, ""min_5depth_lots_each_side"": 7.0, ""min_top_book_lots"": 1.0, ""premium_elasticity_min"": 0.7, ""regime_confidence_min"": 60.0, ""spread_pct_max"": 3.508771929824561, ""trade_quality_min"": 57.142857142857146}",17.451669657809056,paper-strategy-8ade763620b6,opportunity-score-8ade763620b6,PAPER_OVERRIDE::FYERS_PAPER_PROXY_RESEARCH,SKIPPED_FORWARD_PROXY,,,UNAVAILABLE,UNAVAILABLE,UNAVAILABLE,UNAVAILABLE,UNAVAILABLE,UNAVAILABLE,Future quote invalid,FYERS_PAPER_PROXY_RESEARCH
202608241354_4_ICICIBANK_CE,15,2026-08-24T14:09:21.188325+05:30,ICICIBANK,ICICIBANK,NSE_STOCK_OPTION,98852c68600e,"{""contract_quality_min"": 0.0, ""direction_min"": 0.0, ""excellent_score_min"": 13.99252730809254, ""execution_quality_min"": 60.05747126436782, ""expected_required_ratio_min"": 1.1666666666666665, ""final_confidence_min"": 57.79556650246305, ""iv_crush_max"": 28.5, ""market_hostility_max"": 24.330600127235755, ""min_5depth_lots_each_side"": 7.0, ""min_top_book_lots"": 2.0, ""premium_elasticity_min"": 0.7, ""regime_confidence_min"": 60.0, ""spread_pct_max"": 1.6420361247947455, ""trade_quality_min"": 0.0}",13.99252730809254,paper-strategy-8ade763620b6,opportunity-score-8ade763620b6,PAPER_OVERRIDE::FYERS_PAPER_PROXY_RESEARCH,SKIPPED_FORWARD_PROXY,,,UNAVAILABLE,UNAVAILABLE,UNAVAILABLE,UNAVAILABLE,UNAVAILABLE,UNAVAILABLE,Future quote invalid,FYERS_PAPER_PROXY_RESEARCH
202608241354_5_HINDALCO_CE,15,2026-08-24T14:09:21.188325+05:30,HINDALCO,HINDALCO,NSE_STOCK_OPTION,0b8f346aac89,"{""contract_quality_min"": 0.0, ""direction_min"": 0.0, ""excellent_score_min"": 11.403720621411743, ""execution_quality_min"": 14.694656488549228, ""expected_required_ratio_min"": 1.1666666666666665, ""final_confidence_min"": 54.815063003363235, ""iv_crush_max"": 28.5, ""market_hostility_max"": 26.66809347157436, ""min_5depth_lots_each_side"": 8.0, ""min_top_book_lots"": 1.0, ""premium_elasticity_min"": 0.7, ""regime_confidence_min"": 60.0, ""spread_pct_max"": 2.290076335877868, ""trade_quality_min"": 20.392156862746496}",11.403720621411743,paper-strategy-8ade763620b6,opportunity-score-8ade763620b6,PAPER_OVERRIDE::FYERS_PAPER_PROXY_RESEARCH,SKIPPED_FORWARD_PROXY,,,UNAVAILABLE,UNAVAILABLE,UNAVAILABLE,UNAVAILABLE,UNAVAILABLE,UNAVAILABLE,Future quote invalid,FYERS_PAPER_PROXY_RESEARCH
202608241340_1_BANKNIFTY_CE,30,2026-08-24T14:10:40.867783+05:30,BANKNIFTY,BANKNIFTY,NSE_INDEX,2e840ccd58d1,"{""contract_quality_min"": 0.0, ""direction_min"": 1.3949627893675938, ""excellent_score_min"": 47.75432797277554, ""execution_quality_min"": 100.0, ""expected_required_ratio_min"": 1.4166666666666667, ""final_confidence_min"": 75.77704102857463, ""iv_crush_max"": 28.5, ""market_hostility_max"": 20.837804227846576, ""min_5depth_lots_each_side"": 16.0, ""min_top_book_lots"": 1.0, ""premium_elasticity_min"": 0.5, ""regime_confidence_min"": 60.0, ""spread_pct_max"": 0.19019155006112992, ""trade_quality_min"": 13.559322033898304}",47.75432797277554,paper-strategy-8ade763620b6,opportunity-score-8ade763620b6,PAPER_OVERRIDE::FYERS_PAPER_PROXY_RESEARCH,SKIPPED_FORWARD_PROXY,179.85,180.4,0.0,-4.174999999999983,False,False,-0.16699999999999932,OBSERVED,,FYERS_PAPER_PROXY_RESEARCH
202608241340_2_BANKNIFTY_CE,30,2026-08-24T14:10:40.867783+05:30,BANKNIFTY,BANKNIFTY,NSE_INDEX,2e840ccd58d1,"{""contract_quality_min"": 0.0, ""direction_min"": 1.3949627893675938, ""excellent_score_min"": 47.75432797277554, ""execution_quality_min"": 100.0, ""expected_required_ratio_min"": 1.4166666666666667, ""final_confidence_min"": 75.77704102857463, ""iv_crush_max"": 28.5, ""market_hostility_max"": 20.837804227846576, ""min_5depth_lots_each_side"": 17.0, ""min_top_book_lots"": 2.0, ""premium_elasticity_min"": 0.7, ""regime_confidence_min"": 60.0, ""spread_pct_max"": 0.2723939235201581, ""trade_quality_min"": 13.559322033898304}",47.75432797277554,paper-strategy-8ade763620b6,opportunity-score-8ade763620b6,PAPER_OVERRIDE::FYERS_PAPER_PROXY_RESEARCH,SKIPPED_FORWARD_PROXY,234.0,234.7,0.0,-4.625,False,False,-0.185,OBSERVED,,FYERS_PAPER_PROXY_RESEARCH
202608241340_3_BANKNIFTY_PE,30,2026-08-24T14:10:40.867783+05:30,BANKNIFTY,BANKNIFTY,NSE_INDEX,2e840ccd58d1,"{""contract_quality_min"": 0.0, ""direction_min"": 0.0, ""excellent_score_min"": 47.50323467068938, ""execution_quality_min"": 100.0, ""expected_required_ratio_min"": 1.4166666666666667, ""final_confidence_min"": 75.35855219176436, ""iv_crush_max"": 28.5, ""market_hostility_max"": 20.837804227846576, ""min_5depth_lots_each_side"": 24.0, ""min_top_book_lots"": 1.0, ""premium_elasticity_min"": 0.5, ""regime_confidence_min"": 60.0, ""spread_pct_max"": 0.23557126030623668, ""trade_quality_min"": 13.559322033898304}",47.50323467068938,paper-strategy-8ade763620b6,opportunity-score-8ade763620b6,PAPER_OVERRIDE::FYERS_PAPER_PROXY_RESEARCH,SKIPPED_FORWARD_PROXY,189.5,189.85,0.0,-1.5250000000000057,False,False,-0.06100000000000023,OBSERVED,,FYERS_PAPER_PROXY_RESEARCH
202608241340_4_BANKNIFTY_PE,30,2026-08-24T14:10:40.867783+05:30,BANKNIFTY,BANKNIFTY,NSE_INDEX,2e840ccd58d1,"{""contract_quality_min"": 0.0, ""direction_min"": 0.0, ""excellent_score_min"": 47.50323467068938, ""execution_quality_min"": 100.0, ""expected_required_ratio_min"": 1.4166666666666667, ""final_confidence_min"": 75.35855219176436, ""iv_crush_max"": 28.5, ""market_hostility_max"": 20.837804227846576, ""min_5depth_lots_each_side"": 34.0, ""min_top_book_lots"": 3.0, ""premium_elasticity_min"": 0.7, ""regime_confidence_min"": 60.0, ""spread_pct_max"": 0.30447579417436316, ""trade_quality_min"": 13.559322033898304}",47.50323467068938,paper-strategy-8ade763620b6,opportunity-score-8ade763620b6,PAPER_OVERRIDE::FYERS_PAPER_PROXY_RESEARCH,SKIPPED_FORWARD_PROXY,243.75,244.5,0.0,-2.5749999999999886,False,False,-0.10299999999999955,OBSERVED,,FYERS_PAPER_PROXY_RESEARCH
202608241340_5_MIDCPNIFTY_CE,30,2026-08-24T14:10:40.867783+05:30,MIDCPNIFTY,MIDCPNIFTY,NSE_INDEX,712afad509f5,"{""contract_quality_min"": 0.0, ""direction_min"": 1.2908083687407284, ""excellent_score_min"": 46.05477786258497, ""execution_quality_min"": 100.0, ""expected_required_ratio_min"": 1.0833333333333335, ""final_confidence_min"": 74.63239676551524, ""iv_crush_max"": 28.5, ""market_hostility_max"": 20.55225064445773, ""min_5depth_lots_each_side"": 21.0, ""min_top_book_lots"": 1.0, ""premium_elasticity_min"": 0.5, ""regime_confidence_min"": 60.0, ""spread_pct_max"": 0.4688232536333802, ""trade_quality_min"": 9.795918367347092}",46.05477786258497,paper-strategy-8ade763620b6,opportunity-score-8ade763620b6,PAPER_OVERRIDE::FYERS_PAPER_PROXY_RESEARCH,SKIPPED_FORWARD_PROXY,51.3,51.6,0.0,-2.0250000000000057,False,False,-0.1898734177215195,OBSERVED,,FYERS_PAPER_PROXY_RESEARCH
202608241405_1_MIDCPNIFTY_CE,5,2026-08-24T14:10:40.867783+05:30,MIDCPNIFTY,MIDCPNIFTY,NSE_INDEX,712afad509f5,"{""contract_quality_min"": 0.0, ""direction_min"": 3.9026622212203894, ""excellent_score_min"": 52.24703328991251, ""execution_quality_min"": 100.0, ""expected_required_ratio_min"": 1.0833333333333335, ""final_confidence_min"": 81.1243603721441, ""iv_crush_max"": 28.5, ""market_hostility_max"": 20.281078451809964, ""min_5depth_lots_each_side"": 15.0, ""min_top_book_lots"": 1.0, ""premium_elasticity_min"": 0.5, ""regime_confidence_min"": 60.0, ""spread_pct_max"": 0.5703422053231885, ""trade_quality_min"": 30.12987012987013}",52.24703328991251,paper-strategy-8ade763620b6,opportunity-score-8ade763620b6,PAPER_OVERRIDE::FYERS_PAPER_PROXY_RESEARCH,SKIPPED_FORWARD_PROXY,51.3,51.6,0.0,-1.3000000000000043,False,False,-0.1235741444866924,OBSERVED,,FYERS_PAPER_PROXY_RESEARCH
202608241405_2_MIDCPNIFTY_CE,5,2026-08-24T14:10:40.867783+05:30,MIDCPNIFTY,MIDCPNIFTY,NSE_INDEX,712afad509f5,"{""contract_quality_min"": 0.0, ""direction_min"": 3.9026622212203894, ""excellent_score_min"": 52.24703328991251, ""execution_quality_min"": 100.0, ""expected_required_ratio_min"": 1.0833333333333335, ""final_confidence_min"": 81.1243603721441, ""iv_crush_max"": 28.5, ""market_hostility_max"": 20.281078451809964, ""min_5depth_lots_each_side"": 6.0, ""min_top_book_lots"": 1.0, ""premium_elasticity_min"": 0.7, ""regime_confidence_min"": 60.0, ""spread_pct_max"": 0.592592592592601, ""trade_quality_min"": 30.12987012987013}",52.24703328991251,paper-strategy-8ade763620b6,opportunity-score-8ade763620b6,PAPER_OVERRIDE::FYERS_PAPER_PROXY_RESEARCH,SKIPPED_FORWARD_PROXY,65.9,66.5,0.0,-1.5999999999999943,False,False,-0.11851851851851809,OBSERVED,,FYERS_PAPER_PROXY_RESEARCH
202608241405_3_BANKNIFTY_CE,5,2026-08-24T14:10:40.867783+05:30,BANKNIFTY,BANKNIFTY,NSE_INDEX,2e840ccd58d1,"{""contract_quality_min"": 0.0, ""direction_min"": 2.9166852012244435, ""excellent_score_min"": 51.120275592400866, ""execution_quality_min"": 100.0, ""expected_required_ratio_min"": 1.4166666666666667, ""final_confidence_min"": 79.43526062771929, ""iv_crush_max"": 28.5, ""market_hostility_max"": 21.18353916067098, ""min_5depth_lots_each_side"": 9.0, ""min_top_book_lots"": 1.0, ""premium_elasticity_min"": 0.5, ""regime_confidence_min"": 60.0, ""spread_pct_max"": 0.21253985122210414, ""trade_quality_min"": 24.992526158452076}",51.120275592400866,paper-strategy-8ade763620b6,opportunity-score-8ade763620b6,PAPER_OVERRIDE::FYERS_PAPER_PROXY_RESEARCH,SKIPPED_FORWARD_PROXY,234.0,234.7,0.0,-1.25,False,False,-0.05,OBSERVED,,FYERS_PAPER_PROXY_RESEARCH
202608241405_4_BANKNIFTY_PE,5,2026-08-24T14:10:40.867783+05:30,BANKNIFTY,BANKNIFTY,NSE_INDEX,2e840ccd58d1,"{""contract_quality_min"": 0.0, ""direction_min"": 0.0, ""excellent_score_min"": 50.595272256180465, ""execution_quality_min"": 100.0, ""expected_required_ratio_min"": 1.4166666666666667, ""final_confidence_min"": 78.56025506735196, ""iv_crush_max"": 28.5, ""market_hostility_max"": 21.18353916067098, ""min_5depth_lots_each_side"": 22.0, ""min_top_book_lots"": 1.0, ""premium_elasticity_min"": 0.5, ""regime_confidence_min"": 60.0, ""spread_pct_max"": 0.27652955409609803, ""trade_quality_min"": 24.992526158452076}",50.595272256180465,paper-strategy-8ade763620b6,opportunity-score-8ade763620b6,PAPER_OVERRIDE::FYERS_PAPER_PROXY_RESEARCH,SKIPPED_FORWARD_PROXY,143.4,143.8,0.0,-1.2499999999999716,False,False,-0.049999999999998865,OBSERVED,,FYERS_PAPER_PROXY_RESEARCH
202608241405_5_BANKNIFTY_PE,5,2026-08-24T14:10:40.867783+05:30,BANKNIFTY,BANKNIFTY,NSE_INDEX,2e840ccd58d1,"{""contract_quality_min"": 0.0, ""direction_min"": 0.0, ""excellent_score_min"": 50.595272256180465, ""execution_quality_min"": 100.0, ""expected_required_ratio_min"": 1.4166666666666667, ""final_confidence_min"": 78.56025506735196, ""iv_crush_max"": 28.5, ""market_hostility_max"": 21.18353916067098, ""min_5depth_lots_each_side"": 14.0, ""min_top_book_lots"": 1.0, ""premium_elasticity_min"": 0.7, ""regime_confidence_min"": 60.0, ""spread_pct_max"": 0.28882762242351734, ""trade_quality_min"": 24.992526158452076}",50.595272256180465,paper-strategy-8ade763620b6,opportunity-score-8ade763620b6,PAPER_OVERRIDE::FYERS_PAPER_PROXY_RESEARCH,SKIPPED_FORWARD_PROXY,189.5,189.85,0.0,-0.9250000000000114,False,False,-0.037000000000000456,OBSERVED,,FYERS_PAPER_PROXY_RESEARCH
202608241341_1_BANKNIFTY_CE,30,2026-08-24T14:13:04.534867+05:30,BANKNIFTY,BANKNIFTY,NSE_INDEX,2e840ccd58d1,"{""contract_quality_min"": 0.0, ""direction_min"": 4.478314702753402, ""excellent_score_min"": 56.64506610123206, ""execution_quality_min"": 100.0, ""expected_required_ratio_min"": 1.4166666666666667, ""final_confidence_min"": 85.2072802003366, ""iv_crush_max"": 28.5, ""market_hostility_max"": 20.78941314660376, ""min_5depth_lots_each_side"": 34.0, ""min_top_book_lots"": 1.0, ""premium_elasticity_min"": 0.5, ""regime_confidence_min"": 60.0, ""spread_pct_max"": 0.23434448639499472, ""trade_quality_min"": 43.4517766497453}",56.64506610123206,paper-strategy-8ade763620b6,opportunity-score-8ade763620b6,PAPER_OVERRIDE::FYERS_PAPER_PROXY_RESEARCH,SKIPPED_FORWARD_PROXY,177.85,178.2,0.0,-14.175000000000011,False,False,-0.5670000000000005,OBSERVED,,FYERS_PAPER_PROXY_RESEARCH
202608241341_2_BANKNIFTY_CE,30,2026-08-24T14:13:04.534867+05:30,BANKNIFTY,BANKNIFTY,NSE_INDEX,2e840ccd58d1,"{""contract_quality_min"": 0.0, ""direction_min"": 4.478314702753402, ""excellent_score_min"": 56.64506610123206, ""execution_quality_min"": 100.0, ""expected_required_ratio_min"": 1.4166666666666667, ""final_confidence_min"": 85.2072802003366, ""iv_crush_max"": 28.5, ""market_hostility_max"": 20.78941314660376, ""min_5depth_lots_each_side"": 6.0, ""min_top_book_lots"": 1.0, ""premium_elasticity_min"": 0.7, ""regime_confidence_min"": 60.0, ""spread_pct_max"": 0.2627058704658, ""trade_quality_min"": 43.4517766497453}",56.64506610123206,paper-strategy-8ade763620b6,opportunity-score-8ade763620b6,PAPER_OVERRIDE::FYERS_PAPER_PROXY_RESEARCH,SKIPPED_FORWARD_PROXY,231.5,232.25,0.0,-15.925000000000011,False,False,-0.6370000000000005,OBSERVED,,FYERS_PAPER_PROXY_RESEARCH
202608241341_3_BANKNIFTY_PE,30,2026-08-24T14:13:04.534867+05:30,BANKNIFTY,BANKNIFTY,NSE_INDEX,2e840ccd58d1,"{""contract_quality_min"": 0.0, ""direction_min"": 0.0, ""excellent_score_min"": 55.83896945473645, ""execution_quality_min"": 100.0, ""expected_required_ratio_min"": 1.4166666666666667, ""final_confidence_min"": 83.86378578951057, ""iv_crush_max"": 28.5, ""market_hostility_max"": 20.78941314660376, ""min_5depth_lots_each_side"": 28.0, ""min_top_book_lots"": 1.0, ""premium_elasticity_min"": 0.5, ""regime_confidence_min"": 60.0, ""spread_pct_max"": 0.1930768169907568, ""trade_quality_min"": 43.4517766497453}",55.83896945473645,paper-strategy-8ade763620b6,opportunity-score-8ade763620b6,PAPER_OVERRIDE::FYERS_PAPER_PROXY_RESEARCH,SKIPPED_FORWARD_PROXY,193.65,194.1,12.375000000000028,0.0,False,False,0.49500000000000116,OBSERVED,,FYERS_PAPER_PROXY_RESEARCH
202608241341_4_BANKNIFTY_PE,30,2026-08-24T14:13:04.534867+05:30,BANKNIFTY,BANKNIFTY,NSE_INDEX,2e840ccd58d1,"{""contract_quality_min"": 0.0, ""direction_min"": 0.0, ""excellent_score_min"": 55.83896945473645, ""execution_quality_min"": 100.0, ""expected_required_ratio_min"": 1.4166666666666667, ""final_confidence_min"": 83.86378578951057, ""iv_crush_max"": 28.5, ""market_hostility_max"": 20.78941314660376, ""min_5depth_lots_each_side"": 21.0, ""min_top_book_lots"": 1.0, ""premium_elasticity_min"": 0.7, ""regime_confidence_min"": 60.0, ""spread_pct_max"": 0.27709687733134636, ""trade_quality_min"": 43.4517766497453}",55.83896945473645,paper-strategy-8ade763620b6,opportunity-score-8ade763620b6,PAPER_OVERRIDE::FYERS_PAPER_PROXY_RESEARCH,SKIPPED_FORWARD_PROXY,248.3,248.95,13.725000000000023,0.0,False,False,0.5490000000000009,OBSERVED,,FYERS_PAPER_PROXY_RESEARCH
202608241341_5_FINNIFTY_CE,30,2026-08-24T14:13:04.534867+05:30,FINNIFTY,FINNIFTY,NSE_INDEX,e172b0fef65b,"{""contract_quality_min"": 0.0, ""direction_min"": 3.4766959901208367, ""excellent_score_min"": 54.21212113420467, ""execution_quality_min"": 100.0, ""expected_required_ratio_min"": 1.25, ""final_confidence_min"": 85.60753931123263, ""iv_crush_max"": 28.5, ""market_hostility_max"": 20.715331824128523, ""min_5depth_lots_each_side"": 11.0, ""min_top_book_lots"": 1.0, ""premium_elasticity_min"": 0.3, ""regime_confidence_min"": 60.0, ""spread_pct_max"": 0.7412898443291327, ""trade_quality_min"": 45.28678304238164}",54.21212113420467,paper-strategy-8ade763620b6,opportunity-score-8ade763620b6,PAPER_OVERRIDE::FYERS_PAPER_PROXY_RESEARCH,SKIPPED_FORWARD_PROXY,58.0,58.3,0.0,-9.450000000000003,False,False,-0.7005189028910305,OBSERVED,,FYERS_PAPER_PROXY_RESEARCH
202608241342_1_NIFTY_CE,30,2026-08-24T14:13:04.534867+05:30,NIFTY,NIFTY,NSE_INDEX,00929e22c867,"{""contract_quality_min"": 0.0, ""direction_min"": 2.1518680904860537, ""excellent_score_min"": 59.528421871293844, ""execution_quality_min"": 100.0, ""expected_required_ratio_min"": 1.3333333333333335, ""final_confidence_min"": 86.0045983953911, ""iv_crush_max"": 28.5, ""market_hostility_max"": 19.131672941403288, ""min_5depth_lots_each_side"": 167.0, ""min_top_book_lots"": 19.0, ""premium_elasticity_min"": 0.5, ""regime_confidence_min"": 60.0, ""spread_pct_max"": 0.2968239833778569, ""trade_quality_min"": 47.27272727272728}",59.528421871293844,paper-strategy-8ade763620b6,opportunity-score-8ade763620b6,PAPER_OVERRIDE::FYERS_PAPER_PROXY_RESEARCH,SKIPPED_FORWARD_PROXY,77.85,78.05,0.0,-6.375,False,False,-0.37845057880676763,OBSERVED,,FYERS_PAPER_PROXY_RESEARCH
202608241342_2_NIFTY_CE,30,2026-08-24T14:13:04.534867+05:30,NIFTY,NIFTY,NSE_INDEX,00929e22c867,"{""contract_quality_min"": 0.0, ""direction_min"": 2.1518680904860537, ""excellent_score_min"": 59.528421871293844, ""execution_quality_min"": 100.0, ""expected_required_ratio_min"": 1.3333333333333335, ""final_confidence_min"": 86.0045983953911, ""iv_crush_max"": 28.5, ""market_hostility_max"": 19.131672941403288, ""min_5depth_lots_each_side"": 81.0, ""min_top_book_lots"": 3.0, ""premium_elasticity_min"": 0.7, ""regime_confidence_min"": 60.0, ""spread_pct_max"": 0.251046025104612, ""trade_quality_min"": 47.27272727272728}",59.528421871293844,paper-strategy-8ade763620b6,opportunity-score-8ade763620b6,PAPER_OVERRIDE::FYERS_PAPER_PROXY_RESEARCH,SKIPPED_FORWARD_PROXY,111.95,112.15,0.0,-7.549999999999997,False,False,-0.315899581589958,OBSERVED,,FYERS_PAPER_PROXY_RESEARCH
202608241342_3_BANKNIFTY_CE,30,2026-08-24T14:13:04.534867+05:30,BANKNIFTY,BANKNIFTY,NSE_INDEX,2e840ccd58d1,"{""contract_quality_min"": 0.0, ""direction_min"": 4.694929842017209, ""excellent_score_min"": 57.34703324939129, ""execution_quality_min"": 100.0, ""expected_required_ratio_min"": 1.4166666666666667, ""final_confidence_min"": 85.97406044816984, ""iv_crush_max"": 28.5, ""market_hostility_max"": 20.865852326470673, ""min_5depth_lots_each_side"": 11.0, ""min_top_book_lots"": 2.0, ""premium_elasticity_min"": 0.5, ""regime_confidence_min"": 60.0, ""spread_pct_max"": 0.2111375032990265, ""trade_quality_min"": 45.89940323955754}",57.34703324939129,paper-strategy-8ade763620b6,opportunity-score-8ade763620b6,PAPER_OVERRIDE::FYERS_PAPER_PROXY_RESEARCH,SKIPPED_FORWARD_PROXY,177.85,178.2,0.0,-11.599999999999994,False,False,-0.46399999999999975,OBSERVED,,FYERS_PAPER_PROXY_RESEARCH
202608241342_4_BANKNIFTY_CE,30,2026-08-24T14:13:04.534867+05:30,BANKNIFTY,BANKNIFTY,NSE_INDEX,2e840ccd58d1,"{""contract_quality_min"": 0.0, ""direction_min"": 4.694929842017209, ""excellent_score_min"": 57.34703324939129, ""execution_quality_min"": 100.0, ""expected_required_ratio_min"": 1.4166666666666667, ""final_confidence_min"": 85.97406044816984, ""iv_crush_max"": 28.5, ""market_hostility_max"": 20.865852326470673, ""min_5depth_lots_each_side"": 11.0, ""min_top_book_lots"": 1.0, ""premium_elasticity_min"": 0.7, ""regime_confidence_min"": 60.0, ""spread_pct_max"": 0.24519820187985059, ""trade_quality_min"": 45.89940323955754}",57.34703324939129,paper-strategy-8ade763620b6,opportunity-score-8ade763620b6,PAPER_OVERRIDE::FYERS_PAPER_PROXY_RESEARCH,SKIPPED_FORWARD_PROXY,231.5,232.25,0.0,-13.199999999999989,False,False,-0.5279999999999996,OBSERVED,,FYERS_PAPER_PROXY_RESEARCH
202608241342_5_BANKNIFTY_PE,30,2026-08-24T14:13:04.534867+05:30,BANKNIFTY,BANKNIFTY,NSE_INDEX,2e840ccd58d1,"{""contract_quality_min"": 0.0, ""direction_min"": 0.0, ""excellent_score_min"": 56.50194587782819, ""execution_quality_min"": 100.0, ""expected_required_ratio_min"": 1.4166666666666667, ""final_confidence_min"": 84.56558149556469, ""iv_crush_max"": 28.5, ""market_hostility_max"": 20.865852326470673, ""min_5depth_lots_each_side"": 11.0, ""min_top_book_lots"": 1.0, ""premium_elasticity_min"": 0.5, ""regime_confidence_min"": 60.0, ""spread_pct_max"": 0.24112525117213054, ""trade_quality_min"": 45.89940323955754}",56.50194587782819,paper-strategy-8ade763620b6,opportunity-score-8ade763620b6,PAPER_OVERRIDE::FYERS_PAPER_PROXY_RESEARCH,SKIPPED_FORWARD_PROXY,193.65,194.1,7.025000000000006,0.0,False,False,0.28100000000000025,OBSERVED,,FYERS_PAPER_PROXY_RESEARCH
202608241357_1_BANKNIFTY_PE,15,2026-08-24T14:13:04.534867+05:30,BANKNIFTY,BANKNIFTY,NSE_INDEX,2e840ccd58d1,"{""contract_quality_min"": 0.0, ""direction_min"": 2.2321019861348104, ""excellent_score_min"": 55.99479796037517, ""execution_quality_min"": 100.0, ""expected_required_ratio_min"": 1.4166666666666667, ""final_confidence_min"": 84.55004708599479, ""iv_crush_max"": 28.5, ""market_hostility_max"": 20.7121941448267, ""min_5depth_lots_each_side"": 13.0, ""min_top_book_lots"": 1.0, ""premium_elasticity_min"": 0.5, ""regime_confidence_min"": 60.0, ""spread_pct_max"": 0.22022966808242522, ""trade_quality_min"": 42.38410596024857}",55.99479796037517,paper-strategy-8ade763620b6,opportunity-score-8ade763620b6,PAPER_OVERRIDE::FYERS_PAPER_PROXY_RESEARCH,SKIPPED_FORWARD_PROXY,146.4,146.9,0.0,-12.525000000000006,False,False,-0.5010000000000002,OBSERVED,,FYERS_PAPER_PROXY_RESEARCH
202608241357_2_BANKNIFTY_PE,15,2026-08-24T14:13:04.534867+05:30,BANKNIFTY,BANKNIFTY,NSE_INDEX,2e840ccd58d1,"{""contract_quality_min"": 0.0, ""direction_min"": 2.2321019861348104, ""excellent_score_min"": 55.99479796037517, ""execution_quality_min"": 100.0, ""expected_required_ratio_min"": 1.4166666666666667, ""final_confidence_min"": 84.55004708599479, ""iv_crush_max"": 28.5, ""market_hostility_max"": 20.7121941448267, ""min_5depth_lots_each_side"": 21.0, ""min_top_book_lots"": 3.0, ""premium_elasticity_min"": 0.7, ""regime_confidence_min"": 60.0, ""spread_pct_max"": 0.16889854023404235, ""trade_quality_min"": 42.38410596024857}",55.99479796037517,paper-strategy-8ade763620b6,opportunity-score-8ade763620b6,PAPER_OVERRIDE::FYERS_PAPER_PROXY_RESEARCH,SKIPPED_FORWARD_PROXY,193.65,194.1,0.0,-13.575000000000017,False,False,-0.5430000000000007,OBSERVED,,FYERS_PAPER_PROXY_RESEARCH
202608241357_3_BANKNIFTY_CE,15,2026-08-24T14:13:04.534867+05:30,BANKNIFTY,BANKNIFTY,NSE_INDEX,2e840ccd58d1,"{""contract_quality_min"": 0.0, ""direction_min"": 0.0, ""excellent_score_min"": 55.5930196028709, ""execution_quality_min"": 100.0, ""expected_required_ratio_min"": 1.4166666666666667, ""final_confidence_min"": 83.88041649015436, ""iv_crush_max"": 28.5, ""market_hostility_max"": 20.7121941448267, ""min_5depth_lots_each_side"": 14.0, ""min_top_book_lots"": 1.0, ""premium_elasticity_min"": 0.5, ""regime_confidence_min"": 60.0, ""spread_pct_max"": 0.29401786723962714, ""trade_quality_min"": 42.38410596024857}",55.5930196028709,paper-strategy-8ade763620b6,opportunity-score-8ade763620b6,PAPER_OVERRIDE::FYERS_PAPER_PROXY_RESEARCH,SKIPPED_FORWARD_PROXY,231.5,232.25,10.425000000000011,0.0,False,False,0.4170000000000005,OBSERVED,,FYERS_PAPER_PROXY_RESEARCH
202608241357_4_BANKNIFTY_CE,15,2026-08-24T14:13:04.534867+05:30,BANKNIFTY,BANKNIFTY,NSE_INDEX,2e840ccd58d1,"{""contract_quality_min"": 0.0, ""direction_min"": 0.0, ""excellent_score_min"": 55.5930196028709, ""execution_quality_min"": 100.0, ""expected_required_ratio_min"": 1.4166666666666667, ""final_confidence_min"": 83.88041649015436, ""iv_crush_max"": 28.5, ""market_hostility_max"": 20.7121941448267, ""min_5depth_lots_each_side"": 16.0, ""min_top_book_lots"": 3.0, ""premium_elasticity_min"": 0.7, ""regime_confidence_min"": 60.0, ""spread_pct_max"": 0.2125398512221122, ""trade_quality_min"": 42.38410596024857}",55.5930196028709,paper-strategy-8ade763620b6,opportunity-score-8ade763620b6,PAPER_OVERRIDE::FYERS_PAPER_PROXY_RESEARCH,SKIPPED_FORWARD_PROXY,294.4,295.0,12.099999999999966,0.0,False,False,0.48399999999999865,OBSERVED,,FYERS_PAPER_PROXY_RESEARCH
202608241357_5_NIFTY_CE,15,2026-08-24T14:13:04.534867+05:30,NIFTY,NIFTY,NSE_INDEX,00929e22c867,"{""contract_quality_min"": 0.0, ""direction_min"": 0.0, ""excellent_score_min"": 53.84447271590153, ""execution_quality_min"": 100.0, ""expected_required_ratio_min"": 1.3333333333333333, ""final_confidence_min"": 79.6752562595807, ""iv_crush_max"": 28.5, ""market_hostility_max"": 18.970610857371916, ""min_5depth_lots_each_side"": 104.0, ""min_top_book_lots"": 40.0, ""premium_elasticity_min"": 0.7, ""regime_confidence_min"": 60.0, ""spread_pct_max"": 0.21905805038335158, ""trade_quality_min"": 28.35978835977386}",53.84447271590153,paper-strategy-8ade763620b6,opportunity-score-8ade763620b6,PAPER_OVERRIDE::FYERS_PAPER_PROXY_RESEARCH,SKIPPED_FORWARD_PROXY,111.95,112.15,0.0,-2.174999999999997,False,False,-0.0952902519167578,OBSERVED,,FYERS_PAPER_PROXY_RESEARCH
202608241358_1_BANKNIFTY_PE,15,2026-08-24T14:13:04.534867+05:30,BANKNIFTY,BANKNIFTY,NSE_INDEX,2e840ccd58d1,"{""contract_quality_min"": 0.0, ""direction_min"": 0.7813760415801648, ""excellent_score_min"": 50.14875356439122, ""execution_quality_min"": 100.0, ""expected_required_ratio_min"": 1.4166666666666667, ""final_confidence_min"": 78.33720640623284, ""iv_crush_max"": 28.5, ""market_hostility_max"": 20.756693929862404, ""min_5depth_lots_each_side"": 20.0, ""min_top_book_lots"": 2.0, ""premium_elasticity_min"": 0.5, ""regime_confidence_min"": 60.0, ""spread_pct_max"": 0.16433853738701726, ""trade_quality_min"": 22.399999999986033}",50.14875356439122,paper-strategy-8ade763620b6,opportunity-score-8ade763620b6,PAPER_OVERRIDE::FYERS_PAPER_PROXY_RESEARCH,SKIPPED_FORWARD_PROXY,146.4,146.9,0.0,-5.724999999999994,False,False,-0.22899999999999976,OBSERVED,,FYERS_PAPER_PROXY_RESEARCH
202608241358_2_BANKNIFTY_PE,15,2026-08-24T14:13:04.534867+05:30,BANKNIFTY,BANKNIFTY,NSE_INDEX,2e840ccd58d1,"{""contract_quality_min"": 0.0, ""direction_min"": 0.7813760415801648, ""excellent_score_min"": 50.14875356439122, ""execution_quality_min"": 100.0, ""expected_required_ratio_min"": 1.4166666666666667, ""final_confidence_min"": 78.33720640623284, ""iv_crush_max"": 28.5, ""market_hostility_max"": 20.756693929862404, ""min_5depth_lots_each_side"": 28.0, ""min_top_book_lots"": 1.0, ""premium_elasticity_min"": 0.7, ""regime_confidence_min"": 60.0, ""spread_pct_max"": 0.225818592397435, ""trade_quality_min"": 22.399999999986033}",50.14875356439122,paper-strategy-8ade763620b6,opportunity-score-8ade763620b6,PAPER_OVERRIDE::FYERS_PAPER_PROXY_RESEARCH,SKIPPED_FORWARD_PROXY,193.65,194.1,0.0,-5.625,False,False,-0.225,OBSERVED,,FYERS_PAPER_PROXY_RESEARCH
202608241358_3_BANKNIFTY_CE,15,2026-08-24T14:13:04.534867+05:30,BANKNIFTY,BANKNIFTY,NSE_INDEX,2e840ccd58d1,"{""contract_quality_min"": 0.0, ""direction_min"": 0.0, ""excellent_score_min"": 50.00810587690678, ""execution_quality_min"": 100.0, ""expected_required_ratio_min"": 1.4166666666666667, ""final_confidence_min"": 78.10279359375878, ""iv_crush_max"": 28.5, ""market_hostility_max"": 20.756693929862404, ""min_5depth_lots_each_side"": 9.0, ""min_top_book_lots"": 1.0, ""premium_elasticity_min"": 0.5, ""regime_confidence_min"": 60.0, ""spread_pct_max"": 0.24269167126310487, ""trade_quality_min"": 22.399999999986033}",50.00810587690678,paper-strategy-8ade763620b6,opportunity-score-8ade763620b6,PAPER_OVERRIDE::FYERS_PAPER_PROXY_RESEARCH,SKIPPED_FORWARD_PROXY,231.5,232.25,4.875,0.0,False,False,0.195,OBSERVED,,FYERS_PAPER_PROXY_RESEARCH
202608241358_4_BANKNIFTY_CE,15,2026-08-24T14:13:04.534867+05:30,BANKNIFTY,BANKNIFTY,NSE_INDEX,2e840ccd58d1,"{""contract_quality_min"": 0.0, ""direction_min"": 0.0, ""excellent_score_min"": 50.00810587690678, ""execution_quality_min"": 100.0, ""expected_required_ratio_min"": 1.4166666666666667, ""final_confidence_min"": 78.10279359375878, ""iv_crush_max"": 28.5, ""market_hostility_max"": 20.756693929862404, ""min_5depth_lots_each_side"": 25.0, ""min_top_book_lots"": 2.0, ""premium_elasticity_min"": 0.7, ""regime_confidence_min"": 60.0, ""spread_pct_max"": 0.2607561929595828, ""trade_quality_min"": 22.399999999986033}",50.00810587690678,paper-strategy-8ade763620b6,opportunity-score-8ade763620b6,PAPER_OVERRIDE::FYERS_PAPER_PROXY_RESEARCH,SKIPPED_FORWARD_PROXY,294.4,295.0,6.774999999999977,0.0,False,False,0.2709999999999991,OBSERVED,,FYERS_PAPER_PROXY_RESEARCH
202608241358_5_BANKNIFTY_CE,15,2026-08-24T14:13:04.534867+05:30,BANKNIFTY,BANKNIFTY,NSE_INDEX,2e840ccd58d1,"{""contract_quality_min"": 0.0, ""direction_min"": 0.0, ""excellent_score_min"": 47.208105876906785, ""execution_quality_min"": 100.0, ""expected_required_ratio_min"": 1.4166666666666667, ""final_confidence_min"": 78.10279359375878, ""iv_crush_max"": 28.5, ""market_hostility_max"": 20.756693929862404, ""min_5depth_lots_each_side"": 31.0, ""min_top_book_lots"": 2.0, ""premium_elasticity_min"": 0.3, ""regime_confidence_min"": 60.0, ""spread_pct_max"": 0.2881014116969173, ""trade_quality_min"": 22.399999999986033}",47.208105876906785,paper-strategy-8ade763620b6,opportunity-score-8ade763620b6,PAPER_OVERRIDE::FYERS_PAPER_PROXY_RESEARCH,SKIPPED_FORWARD_PROXY,177.85,178.2,4.299999999999983,0.0,False,False,0.17199999999999932,OBSERVED,,FYERS_PAPER_PROXY_RESEARCH
202608241406_1_MIDCPNIFTY_CE,5,2026-08-24T14:13:04.534867+05:30,MIDCPNIFTY,MIDCPNIFTY,NSE_INDEX,712afad509f5,"{""contract_quality_min"": 0.0, ""direction_min"": 2.8253243236879904, ""excellent_score_min"": 50.47100763715082, ""execution_quality_min"": 100.0, ""expected_required_ratio_min"": 1.0833333333333335, ""final_confidence_min"": 79.27073742406434, ""iv_crush_max"": 28.5, ""market_hostility_max"": 20.35725493360574, ""min_5depth_lots_each_side"": 11.0, ""min_top_book_lots"": 2.0, ""premium_elasticity_min"": 0.7, ""regime_confidence_min"": 60.0, ""spread_pct_max"": 0.7457121551081283, ""trade_quality_min"": 24.489795918370465}",50.47100763715082,paper-strategy-8ade763620b6,opportunity-score-8ade763620b6,PAPER_OVERRIDE::FYERS_PAPER_PROXY_RESEARCH,SKIPPED_FORWARD_PROXY,64.85,65.3,0.0,-2.200000000000003,False,False,-0.16405667412378844,OBSERVED,,FYERS_PAPER_PROXY_RESEARCH
202608241406_2_MIDCPNIFTY_PE,5,2026-08-24T14:13:04.534867+05:30,MIDCPNIFTY,MIDCPNIFTY,NSE_INDEX,712afad509f5,"{""contract_quality_min"": 0.0, ""direction_min"": 0.0, ""excellent_score_min"": 49.54631937271383, ""execution_quality_min"": 97.2258007588457, ""expected_required_ratio_min"": 1.0833333333333335, ""final_confidence_min"": 78.42314012695793, ""iv_crush_max"": 28.5, ""market_hostility_max"": 20.35725493360574, ""min_5depth_lots_each_side"": 10.0, ""min_top_book_lots"": 1.0, ""premium_elasticity_min"": 0.5, ""regime_confidence_min"": 60.0, ""spread_pct_max"": 0.8647313156269338, ""trade_quality_min"": 24.489795918370465}",49.54631937271383,paper-strategy-8ade763620b6,opportunity-score-8ade763620b6,PAPER_OVERRIDE::FYERS_PAPER_PROXY_RESEARCH,SKIPPED_FORWARD_PROXY,41.6,41.85,1.125000000000007,0.0,False,False,0.13897467572575753,OBSERVED,,FYERS_PAPER_PROXY_RESEARCH
202608241406_3_BANKNIFTY_CE,5,2026-08-24T14:13:04.534867+05:30,BANKNIFTY,BANKNIFTY,NSE_INDEX,2e840ccd58d1,"{""contract_quality_min"": 0.0, ""direction_min"": 1.1790221267217988, ""excellent_score_min"": 47.02862011030851, ""execution_quality_min"": 100.0, ""expected_required_ratio_min"": 1.4166666666666667, ""final_confidence_min"": 75.17642191262331, ""iv_crush_max"": 28.5, ""market_hostility_max"": 21.476730245231845, ""min_5depth_lots_each_side"": 21.0, ""min_top_book_lots"": 1.0, ""premium_elasticity_min"": 0.7, ""regime_confidence_min"": 60.0, ""spread_pct_max"": 0.23485992283173587, ""trade_quality_min"": 11.66522864538345}",47.02862011030851,paper-strategy-8ade763620b6,opportunity-score-8ade763620b6,PAPER_OVERRIDE::FYERS_PAPER_PROXY_RESEARCH,SKIPPED_FORWARD_PROXY,294.4,295.0,0.0,-3.6499999999999773,False,False,-0.1459999999999991,OBSERVED,,FYERS_PAPER_PROXY_RESEARCH
202608241406_4_BANKNIFTY_PE,5,2026-08-24T14:13:04.534867+05:30,BANKNIFTY,BANKNIFTY,NSE_INDEX,2e840ccd58d1,"{""contract_quality_min"": 0.0, ""direction_min"": 0.0, ""excellent_score_min"": 46.81639612749858, ""execution_quality_min"": 100.0, ""expected_required_ratio_min"": 1.4166666666666667, ""final_confidence_min"": 74.82271527460676, ""iv_crush_max"": 28.5, ""market_hostility_max"": 21.476730245231845, ""min_5depth_lots_each_side"": 33.0, ""min_top_book_lots"": 1.0, ""premium_elasticity_min"": 0.5, ""regime_confidence_min"": 60.0, ""spread_pct_max"": 0.2061855670103171, ""trade_quality_min"": 11.66522864538345}",46.81639612749858,paper-strategy-8ade763620b6,opportunity-score-8ade763620b6,PAPER_OVERRIDE::FYERS_PAPER_PROXY_RESEARCH,SKIPPED_FORWARD_PROXY,146.4,146.9,0.9000000000000057,0.0,False,False,0.036000000000000226,OBSERVED,,FYERS_PAPER_PROXY_RESEARCH
202608241406_5_BANKNIFTY_PE,5,2026-08-24T14:13:04.534867+05:30,BANKNIFTY,BANKNIFTY,NSE_INDEX,2e840ccd58d1,"{""contract_quality_min"": 0.0, ""direction_min"": 0.0, ""excellent_score_min"": 46.81639612749858, ""execution_quality_min"": 100.0, ""expected_required_ratio_min"": 1.4166666666666667, ""final_confidence_min"": 74.82271527460676, ""iv_crush_max"": 28.5, ""market_hostility_max"": 21.476730245231845, ""min_5depth_lots_each_side"": 24.0, ""min_top_book_lots"": 2.0, ""premium_elasticity_min"": 0.7, ""regime_confidence_min"": 60.0, ""spread_pct_max"": 0.36534446764091266, ""trade_quality_min"": 11.66522864538345}",46.81639612749858,paper-strategy-8ade763620b6,opportunity-score-8ade763620b6,PAPER_OVERRIDE::FYERS_PAPER_PROXY_RESEARCH,SKIPPED_FORWARD_PROXY,193.65,194.1,2.0500000000000114,0.0,False,False,0.08200000000000046,OBSERVED,,FYERS_PAPER_PROXY_RESEARCH
202608241344_1_NIFTY_CE,30,2026-08-24T14:14:26.182100+05:30,NIFTY,NIFTY,NSE_INDEX,00929e22c867,"{""contract_quality_min"": 0.0, ""direction_min"": 0.976610994322655, ""excellent_score_min"": 50.80134366103974, ""execution_quality_min"": 100.0, ""expected_required_ratio_min"": 1.3333333333333335, ""final_confidence_min"": 76.68563755662322, ""iv_crush_max"": 28.5, ""market_hostility_max"": 19.259031304845184, ""min_5depth_lots_each_side"": 113.0, ""min_top_book_lots"": 5.0, ""premium_elasticity_min"": 0.7, ""regime_confidence_min"": 60.0, ""spread_pct_max"": 0.25608194622278885, ""trade_quality_min"": 16.797153024916046}",50.80134366103974,paper-strategy-8ade763620b6,opportunity-score-8ade763620b6,PAPER_OVERRIDE::FYERS_PAPER_PROXY_RESEARCH,SKIPPED_FORWARD_PROXY,110.8,111.0,0.0,-6.3500000000000085,False,False,-0.27102005975245447,OBSERVED,,FYERS_PAPER_PROXY_RESEARCH
202608241344_2_BANKNIFTY_CE,30,2026-08-24T14:14:26.182100+05:30,BANKNIFTY,BANKNIFTY,NSE_INDEX,2e840ccd58d1,"{""contract_quality_min"": 0.0, ""direction_min"": 2.720514246949449, ""excellent_score_min"": 50.79975855587901, ""execution_quality_min"": 100.0, ""expected_required_ratio_min"": 1.4166666666666667, ""final_confidence_min"": 79.05311530498135, ""iv_crush_max"": 28.5, ""market_hostility_max"": 21.019314339775978, ""min_5depth_lots_each_side"": 14.0, ""min_top_book_lots"": 2.0, ""premium_elasticity_min"": 0.5, ""regime_confidence_min"": 60.0, ""spread_pct_max"": 0.3362286354721179, ""trade_quality_min"": 23.81679389312977}",50.79975855587901,paper-strategy-8ade763620b6,opportunity-score-8ade763620b6,PAPER_OVERRIDE::FYERS_PAPER_PROXY_RESEARCH,SKIPPED_FORWARD_PROXY,175.8,176.35,0.0,-2.6499999999999773,False,False,-0.1059999999999991,OBSERVED,,FYERS_PAPER_PROXY_RESEARCH
202608241344_3_BANKNIFTY_CE,30,2026-08-24T14:14:26.182100+05:30,BANKNIFTY,BANKNIFTY,NSE_INDEX,2e840ccd58d1,"{""contract_quality_min"": 0.0, ""direction_min"": 2.720514246949449, ""excellent_score_min"": 50.79975855587901, ""execution_quality_min"": 100.0, ""expected_required_ratio_min"": 1.4166666666666667, ""final_confidence_min"": 79.05311530498135, ""iv_crush_max"": 28.5, ""market_hostility_max"": 21.019314339775978, ""min_5depth_lots_each_side"": 22.0, ""min_top_book_lots"": 1.0, ""premium_elasticity_min"": 0.7, ""regime_confidence_min"": 60.0, ""spread_pct_max"": 0.23602617744877646, ""trade_quality_min"": 23.81679389312977}",50.79975855587901,paper-strategy-8ade763620b6,opportunity-score-8ade763620b6,PAPER_OVERRIDE::FYERS_PAPER_PROXY_RESEARCH,SKIPPED_FORWARD_PROXY,230.4,231.1,0.0,-2.625,False,False,-0.105,OBSERVED,,FYERS_PAPER_PROXY_RESEARCH
202608241344_4_BANKNIFTY_PE,30,2026-08-24T14:14:26.182100+05:30,BANKNIFTY,BANKNIFTY,NSE_INDEX,2e840ccd58d1,"{""contract_quality_min"": 0.0, ""direction_min"": 0.0, ""excellent_score_min"": 50.310065991428104, ""execution_quality_min"": 100.0, ""expected_required_ratio_min"": 1.4166666666666667, ""final_confidence_min"": 78.23696103089652, ""iv_crush_max"": 28.5, ""market_hostility_max"": 21.019314339775978, ""min_5depth_lots_each_side"": 19.0, ""min_top_book_lots"": 1.0, ""premium_elasticity_min"": 0.5, ""regime_confidence_min"": 60.0, ""spread_pct_max"": 0.30690537084400143, ""trade_quality_min"": 23.81679389312977}",50.310065991428104,paper-strategy-8ade763620b6,opportunity-score-8ade763620b6,PAPER_OVERRIDE::FYERS_PAPER_PROXY_RESEARCH,SKIPPED_FORWARD_PROXY,192.1,192.5,0.0,-3.4000000000000057,False,False,-0.13600000000000023,OBSERVED,,FYERS_PAPER_PROXY_RESEARCH
202608241344_5_MIDCPNIFTY_CE,30,2026-08-24T14:14:26.182100+05:30,MIDCPNIFTY,MIDCPNIFTY,NSE_INDEX,712afad509f5,"{""contract_quality_min"": 0.0, ""direction_min"": 2.1787005127339114, ""excellent_score_min"": 49.400904804186844, ""execution_quality_min"": 100.0, ""expected_required_ratio_min"": 1.0833333333333335, ""final_confidence_min"": 78.15905263391281, ""iv_crush_max"": 28.5, ""market_hostility_max"": 20.42271400113384, ""min_5depth_lots_each_side"": 13.0, ""min_top_book_lots"": 1.0, ""premium_elasticity_min"": 0.7, ""regime_confidence_min"": 60.0, ""spread_pct_max"": 0.7429420505200595, ""trade_quality_min"": 21.107491856675736}",49.400904804186844,paper-strategy-8ade763620b6,opportunity-score-8ade763620b6,PAPER_OVERRIDE::FYERS_PAPER_PROXY_RESEARCH,SKIPPED_FORWARD_PROXY,65.45,65.85,0.0,-1.8499999999999943,False,False,-0.13744427934621056,OBSERVED,,FYERS_PAPER_PROXY_RESEARCH
202608241359_1_BANKNIFTY_CE,15,2026-08-24T14:14:26.182100+05:30,BANKNIFTY,BANKNIFTY,NSE_INDEX,2e840ccd58d1,"{""contract_quality_min"": 0.0, ""direction_min"": 0.7185743624180662, ""excellent_score_min"": 47.61287624550182, ""execution_quality_min"": 100.0, ""expected_required_ratio_min"": 1.4166666666666665, ""final_confidence_min"": 75.62729834948485, ""iv_crush_max"": 28.5, ""market_hostility_max"": 20.776932958977948, ""min_5depth_lots_each_side"": 29.0, ""min_top_book_lots"": 1.0, ""premium_elasticity_min"": 0.5, ""regime_confidence_min"": 60.0, ""spread_pct_max"": 0.25912329950334456, ""trade_quality_min"": 13.398373983740454}",47.61287624550182,paper-strategy-8ade763620b6,opportunity-score-8ade763620b6,PAPER_OVERRIDE::FYERS_PAPER_PROXY_RESEARCH,SKIPPED_FORWARD_PROXY,230.4,231.1,0.0,-1.1500000000000057,False,False,-0.04600000000000023,OBSERVED,,FYERS_PAPER_PROXY_RESEARCH
202608241359_2_BANKNIFTY_PE,15,2026-08-24T14:14:26.182100+05:30,BANKNIFTY,BANKNIFTY,NSE_INDEX,2e840ccd58d1,"{""contract_quality_min"": 0.0, ""direction_min"": 0.0, ""excellent_score_min"": 47.48353286026657, ""execution_quality_min"": 100.0, ""expected_required_ratio_min"": 1.4166666666666665, ""final_confidence_min"": 75.41172604075942, ""iv_crush_max"": 28.5, ""market_hostility_max"": 20.776932958977948, ""min_5depth_lots_each_side"": 10.0, ""min_top_book_lots"": 1.0, ""premium_elasticity_min"": 0.5, ""regime_confidence_min"": 60.0, ""spread_pct_max"": 0.23580933131210663, ""trade_quality_min"": 13.398373983740454}",47.48353286026657,paper-strategy-8ade763620b6,opportunity-score-8ade763620b6,PAPER_OVERRIDE::FYERS_PAPER_PROXY_RESEARCH,SKIPPED_FORWARD_PROXY,146.1,146.45,0.0,-2.325000000000017,False,False,-0.09300000000000068,OBSERVED,,FYERS_PAPER_PROXY_RESEARCH
202608241359_3_BANKNIFTY_PE,15,2026-08-24T14:14:26.182100+05:30,BANKNIFTY,BANKNIFTY,NSE_INDEX,2e840ccd58d1,"{""contract_quality_min"": 0.0, ""direction_min"": 0.0, ""excellent_score_min"": 47.48353286026657, ""execution_quality_min"": 100.0, ""expected_required_ratio_min"": 1.4166666666666665, ""final_confidence_min"": 75.41172604075942, ""iv_crush_max"": 28.5, ""market_hostility_max"": 20.776932958977948, ""min_5depth_lots_each_side"": 11.0, ""min_top_book_lots"": 2.0, ""premium_elasticity_min"": 0.7, ""regime_confidence_min"": 60.0, ""spread_pct_max"": 0.3081664098613222, ""trade_quality_min"": 13.398373983740454}",47.48353286026657,paper-strategy-8ade763620b6,opportunity-score-8ade763620b6,PAPER_OVERRIDE::FYERS_PAPER_PROXY_RESEARCH,SKIPPED_FORWARD_PROXY,192.1,192.5,0.0,-2.5999999999999943,False,False,-0.10399999999999977,OBSERVED,,FYERS_PAPER_PROXY_RESEARCH
202608241359_4_BANKNIFTY_CE,15,2026-08-24T14:14:26.182100+05:30,BANKNIFTY,BANKNIFTY,NSE_INDEX,2e840ccd58d1,"{""contract_quality_min"": 0.0, ""direction_min"": 0.7185743624180662, ""excellent_score_min"": 44.812876245501826, ""execution_quality_min"": 100.0, ""expected_required_ratio_min"": 1.4166666666666665, ""final_confidence_min"": 75.62729834948485, ""iv_crush_max"": 28.5, ""market_hostility_max"": 20.776932958977948, ""min_5depth_lots_each_side"": 19.0, ""min_top_book_lots"": 1.0, ""premium_elasticity_min"": 0.3, ""regime_confidence_min"": 60.0, ""spread_pct_max"": 0.2817695125387433, ""trade_quality_min"": 13.398373983740454}",44.812876245501826,paper-strategy-8ade763620b6,opportunity-score-8ade763620b6,PAPER_OVERRIDE::FYERS_PAPER_PROXY_RESEARCH,SKIPPED_FORWARD_PROXY,175.8,176.35,0.0,-1.6499999999999773,False,False,-0.06599999999999909,OBSERVED,,FYERS_PAPER_PROXY_RESEARCH
202608241409_1_MIDCPNIFTY_CE,5,2026-08-24T14:14:26.182100+05:30,MIDCPNIFTY,MIDCPNIFTY,NSE_INDEX,712afad509f5,"{""contract_quality_min"": 0.0, ""direction_min"": 0.0, ""excellent_score_min"": 44.57521636562513, ""execution_quality_min"": 100.0, ""expected_required_ratio_min"": 1.0833333333333335, ""final_confidence_min"": 72.98297997545345, ""iv_crush_max"": 28.5, ""market_hostility_max"": 20.573659861016868, ""min_5depth_lots_each_side"": 11.0, ""min_top_book_lots"": 2.0, ""premium_elasticity_min"": 0.7, ""regime_confidence_min"": 60.0, ""spread_pct_max"": 0.6862371330537598, ""trade_quality_min"": 5.333333333336011}",44.57521636562513,paper-strategy-8ade763620b6,opportunity-score-8ade763620b6,PAPER_OVERRIDE::FYERS_PAPER_PROXY_RESEARCH,SKIPPED_FORWARD_PROXY,65.45,65.85,0.0,-0.12499999999998579,False,False,-0.009531071292412185,OBSERVED,,FYERS_PAPER_PROXY_RESEARCH
202608241409_2_BANKNIFTY_CE,5,2026-08-24T14:14:26.182100+05:30,BANKNIFTY,BANKNIFTY,NSE_INDEX,2e840ccd58d1,"{""contract_quality_min"": 0.0, ""direction_min"": 0.09069187435707557, ""excellent_score_min"": 43.8315273578379, ""execution_quality_min"": 100.0, ""expected_required_ratio_min"": 1.4166666666666665, ""final_confidence_min"": 71.78801011360801, ""iv_crush_max"": 28.5, ""market_hostility_max"": 21.506197513554014, ""min_5depth_lots_each_side"": 15.0, ""min_top_book_lots"": 1.0, ""premium_elasticity_min"": 0.5, ""regime_confidence_min"": 60.0, ""spread_pct_max"": 0.23837902264601207, ""trade_quality_min"": 0.9146877748481574}",43.8315273578379,paper-strategy-8ade763620b6,opportunity-score-8ade763620b6,PAPER_OVERRIDE::FYERS_PAPER_PROXY_RESEARCH,SKIPPED_FORWARD_PROXY,230.4,231.1,0.0,-0.32499999999998863,False,False,-0.012999999999999545,OBSERVED,,FYERS_PAPER_PROXY_RESEARCH
202608241409_3_BANKNIFTY_PE,5,2026-08-24T14:14:26.182100+05:30,BANKNIFTY,BANKNIFTY,NSE_INDEX,2e840ccd58d1,"{""contract_quality_min"": 0.0, ""direction_min"": 0.0, ""excellent_score_min"": 43.81520282045362, ""execution_quality_min"": 100.0, ""expected_required_ratio_min"": 1.4166666666666665, ""final_confidence_min"": 71.76080255130088, ""iv_crush_max"": 28.5, ""market_hostility_max"": 21.506197513554014, ""min_5depth_lots_each_side"": 16.0, ""min_top_book_lots"": 3.0, ""premium_elasticity_min"": 0.5, ""regime_confidence_min"": 60.0, ""spread_pct_max"": 0.23813573737029714, ""trade_quality_min"": 0.9146877748481574}",43.81520282045362,paper-strategy-8ade763620b6,opportunity-score-8ade763620b6,PAPER_OVERRIDE::FYERS_PAPER_PROXY_RESEARCH,SKIPPED_FORWARD_PROXY,146.1,146.45,0.0,-0.8750000000000284,False,False,-0.035000000000001134,OBSERVED,,FYERS_PAPER_PROXY_RESEARCH
202608241409_4_BANKNIFTY_PE,5,2026-08-24T14:14:26.182100+05:30,BANKNIFTY,BANKNIFTY,NSE_INDEX,2e840ccd58d1,"{""contract_quality_min"": 0.0, ""direction_min"": 0.0, ""excellent_score_min"": 43.81520282045362, ""execution_quality_min"": 100.0, ""expected_required_ratio_min"": 1.4166666666666665, ""final_confidence_min"": 71.76080255130088, ""iv_crush_max"": 28.5, ""market_hostility_max"": 21.506197513554014, ""min_5depth_lots_each_side"": 22.0, ""min_top_book_lots"": 1.0, ""premium_elasticity_min"": 0.7, ""regime_confidence_min"": 60.0, ""spread_pct_max"": 0.2839076009807776, ""trade_quality_min"": 0.9146877748481574}",43.81520282045362,paper-strategy-8ade763620b6,opportunity-score-8ade763620b6,PAPER_OVERRIDE::FYERS_PAPER_PROXY_RESEARCH,SKIPPED_FORWARD_PROXY,192.1,192.5,0.0,-1.625,False,False,-0.065,OBSERVED,,FYERS_PAPER_PROXY_RESEARCH
202608241409_5_MIDCPNIFTY_CE,5,2026-08-24T14:14:26.182100+05:30,MIDCPNIFTY,MIDCPNIFTY,NSE_INDEX,712afad509f5,"{""contract_quality_min"": 0.0, ""direction_min"": 0.0, ""excellent_score_min"": 41.775216365625134, ""execution_quality_min"": 100.0, ""expected_required_ratio_min"": 1.0833333333333335, ""final_confidence_min"": 72.98297997545345, ""iv_crush_max"": 28.5, ""market_hostility_max"": 20.573659861016868, ""min_5depth_lots_each_side"": 31.0, ""min_top_book_lots"": 3.0, ""premium_elasticity_min"": 0.3, ""regime_confidence_min"": 60.0, ""spread_pct_max"": 0.6523157208088715, ""trade_quality_min"": 5.333333333336011}",41.775216365625134,paper-strategy-8ade763620b6,opportunity-score-8ade763620b6,PAPER_OVERRIDE::FYERS_PAPER_PROXY_RESEARCH,SKIPPED_FORWARD_PROXY,37.9,38.1,0.0,-0.42500000000000426,False,False,-0.05544683626875463,OBSERVED,,FYERS_PAPER_PROXY_RESEARCH
202608241345_1_BANKNIFTY_CE,30,2026-08-24T14:15:43.802883+05:30,BANKNIFTY,BANKNIFTY,NSE_INDEX,2e840ccd58d1,"{""contract_quality_min"": 0.0, ""direction_min"": 2.553496537342969, ""excellent_score_min"": 50.28269229259888, ""execution_quality_min"": 100.0, ""expected_required_ratio_min"": 1.4166666666666667, ""final_confidence_min"": 78.46773212677635, ""iv_crush_max"": 28.5, ""market_hostility_max"": 20.885447089970526, ""min_5depth_lots_each_side"": 23.0, ""min_top_book_lots"": 2.0, ""premium_elasticity_min"": 0.5, ""regime_confidence_min"": 60.0, ""spread_pct_max"": 0.2808199943836001, ""trade_quality_min"": 21.9490254872497}",50.28269229259888,paper-strategy-8ade763620b6,opportunity-score-8ade763620b6,PAPER_OVERRIDE::FYERS_PAPER_PROXY_RESEARCH,SKIPPED_FORWARD_PROXY,175.2,175.35,0.0,-2.8500000000000227,False,False,-0.1140000000000009,OBSERVED,,FYERS_PAPER_PROXY_RESEARCH
202608241345_2_BANKNIFTY_CE,30,2026-08-24T14:15:43.802883+05:30,BANKNIFTY,BANKNIFTY,NSE_INDEX,2e840ccd58d1,"{""contract_quality_min"": 0.0, ""direction_min"": 2.553496537342969, ""excellent_score_min"": 50.28269229259888, ""execution_quality_min"": 100.0, ""expected_required_ratio_min"": 1.4166666666666667, ""final_confidence_min"": 78.46773212677635, ""iv_crush_max"": 28.5, ""market_hostility_max"": 20.885447089970526, ""min_5depth_lots_each_side"": 10.0, ""min_top_book_lots"": 1.0, ""premium_elasticity_min"": 0.7, ""regime_confidence_min"": 60.0, ""spread_pct_max"": 0.2799009581225129, ""trade_quality_min"": 21.9490254872497}",50.28269229259888,paper-strategy-8ade763620b6,opportunity-score-8ade763620b6,PAPER_OVERRIDE::FYERS_PAPER_PROXY_RESEARCH,SKIPPED_FORWARD_PROXY,229.3,229.8,0.0,-2.9250000000000114,False,False,-0.11700000000000045,OBSERVED,,FYERS_PAPER_PROXY_RESEARCH
202608241345_3_BANKNIFTY_PE,30,2026-08-24T14:15:43.802883+05:30,BANKNIFTY,BANKNIFTY,NSE_INDEX,2e840ccd58d1,"{""contract_quality_min"": 0.0, ""direction_min"": 0.0, ""excellent_score_min"": 49.823062915877145, ""execution_quality_min"": 100.0, ""expected_required_ratio_min"": 1.4166666666666667, ""final_confidence_min"": 77.70168316557346, ""iv_crush_max"": 28.5, ""market_hostility_max"": 20.885447089970526, ""min_5depth_lots_each_side"": 27.0, ""min_top_book_lots"": 1.0, ""premium_elasticity_min"": 0.5, ""regime_confidence_min"": 60.0, ""spread_pct_max"": 0.2791523918284539, ""trade_quality_min"": 21.9490254872497}",49.823062915877145,paper-strategy-8ade763620b6,opportunity-score-8ade763620b6,PAPER_OVERRIDE::FYERS_PAPER_PROXY_RESEARCH,SKIPPED_FORWARD_PROXY,195.55,196.0,0.0,-1.4749999999999943,False,False,-0.058999999999999775,OBSERVED,,FYERS_PAPER_PROXY_RESEARCH
202608241345_4_BANKNIFTY_CE,30,2026-08-24T14:15:43.802883+05:30,BANKNIFTY,BANKNIFTY,NSE_INDEX,2e840ccd58d1,"{""contract_quality_min"": 0.0, ""direction_min"": 2.553496537342969, ""excellent_score_min"": 47.482692292598884, ""execution_quality_min"": 100.0, ""expected_required_ratio_min"": 1.4166666666666667, ""final_confidence_min"": 78.46773212677635, ""iv_crush_max"": 28.5, ""market_hostility_max"": 20.885447089970526, ""min_5depth_lots_each_side"": 28.0, ""min_top_book_lots"": 1.0, ""premium_elasticity_min"": 0.3, ""regime_confidence_min"": 60.0, ""spread_pct_max"": 0.22371364653244696, ""trade_quality_min"": 21.9490254872497}",47.482692292598884,paper-strategy-8ade763620b6,opportunity-score-8ade763620b6,PAPER_OVERRIDE::FYERS_PAPER_PROXY_RESEARCH,SKIPPED_FORWARD_PROXY,129.9,130.2,0.0,-4.199999999999989,False,False,-0.16799999999999954,OBSERVED,,FYERS_PAPER_PROXY_RESEARCH
202608241345_5_MIDCPNIFTY_CE,30,2026-08-24T14:15:43.802883+05:30,MIDCPNIFTY,MIDCPNIFTY,NSE_INDEX,712afad509f5,"{""contract_quality_min"": 0.0, ""direction_min"": 1.3986202073725382, ""excellent_score_min"": 47.20110566755024, ""execution_quality_min"": 100.0, ""expected_required_ratio_min"": 1.0833333333333333, ""final_confidence_min"": 75.70979303110634, ""iv_crush_max"": 28.5, ""market_hostility_max"": 19.880918365631945, ""min_5depth_lots_each_side"": 25.0, ""min_top_book_lots"": 1.0, ""premium_elasticity_min"": 0.5, ""regime_confidence_min"": 60.0, ""spread_pct_max"": 0.5791505791505874, ""trade_quality_min"": 13.33333333333489}",47.20110566755024,paper-strategy-8ade763620b6,opportunity-score-8ade763620b6,PAPER_OVERRIDE::FYERS_PAPER_PROXY_RESEARCH,SKIPPED_FORWARD_PROXY,48.85,49.1,0.0,-2.9499999999999957,False,False,-0.28474903474903435,OBSERVED,,FYERS_PAPER_PROXY_RESEARCH
202608241400_1_BANKNIFTY_CE,15,2026-08-24T14:15:43.802883+05:30,BANKNIFTY,BANKNIFTY,NSE_INDEX,2e840ccd58d1,"{""contract_quality_min"": 0.0, ""direction_min"": 0.11162398066852794, ""excellent_score_min"": 44.43809669116894, ""execution_quality_min"": 100.0, ""expected_required_ratio_min"": 1.4166666666666667, ""final_confidence_min"": 72.2073910791171, ""iv_crush_max"": 28.5, ""market_hostility_max"": 20.647702328761643, ""min_5depth_lots_each_side"": 16.0, ""min_top_book_lots"": 5.0, ""premium_elasticity_min"": 0.5, ""regime_confidence_min"": 60.0, ""spread_pct_max"": 0.24274522784949043, ""trade_quality_min"": 2.3021582733894292}",44.43809669116894,paper-strategy-8ade763620b6,opportunity-score-8ade763620b6,PAPER_OVERRIDE::FYERS_PAPER_PROXY_RESEARCH,SKIPPED_FORWARD_PROXY,229.3,229.8,2.7250000000000227,0.0,False,False,0.10900000000000092,OBSERVED,,FYERS_PAPER_PROXY_RESEARCH
202608241400_2_BANKNIFTY_PE,15,2026-08-24T14:15:43.802883+05:30,BANKNIFTY,BANKNIFTY,NSE_INDEX,2e840ccd58d1,"{""contract_quality_min"": 0.0, ""direction_min"": 0.0, ""excellent_score_min"": 44.4180043746486, ""execution_quality_min"": 100.0, ""expected_required_ratio_min"": 1.4166666666666667, ""final_confidence_min"": 72.17390388491656, ""iv_crush_max"": 28.5, ""market_hostility_max"": 20.647702328761643, ""min_5depth_lots_each_side"": 25.0, ""min_top_book_lots"": 1.0, ""premium_elasticity_min"": 0.5, ""regime_confidence_min"": 60.0, ""spread_pct_max"": 0.1636929120969062, ""trade_quality_min"": 2.3021582733894292}",44.4180043746486,paper-strategy-8ade763620b6,opportunity-score-8ade763620b6,PAPER_OVERRIDE::FYERS_PAPER_PROXY_RESEARCH,SKIPPED_FORWARD_PROXY,149.0,149.25,0.0,-3.7249999999999943,False,False,-0.14899999999999977,OBSERVED,,FYERS_PAPER_PROXY_RESEARCH
202608241400_3_BANKNIFTY_PE,15,2026-08-24T14:15:43.802883+05:30,BANKNIFTY,BANKNIFTY,NSE_INDEX,2e840ccd58d1,"{""contract_quality_min"": 0.0, ""direction_min"": 0.0, ""excellent_score_min"": 44.4180043746486, ""execution_quality_min"": 100.0, ""expected_required_ratio_min"": 1.4166666666666667, ""final_confidence_min"": 72.17390388491656, ""iv_crush_max"": 28.5, ""market_hostility_max"": 20.647702328761643, ""min_5depth_lots_each_side"": 26.0, ""min_top_book_lots"": 1.0, ""premium_elasticity_min"": 0.7, ""regime_confidence_min"": 60.0, ""spread_pct_max"": 0.224859462835722, ""trade_quality_min"": 2.3021582733894292}",44.4180043746486,paper-strategy-8ade763620b6,opportunity-score-8ade763620b6,PAPER_OVERRIDE::FYERS_PAPER_PROXY_RESEARCH,SKIPPED_FORWARD_PROXY,195.55,196.0,0.0,-4.574999999999989,False,False,-0.18299999999999955,OBSERVED,,FYERS_PAPER_PROXY_RESEARCH
202608241400_4_BANKNIFTY_CE,15,2026-08-24T14:15:43.802883+05:30,BANKNIFTY,BANKNIFTY,NSE_INDEX,2e840ccd58d1,"{""contract_quality_min"": 0.0, ""direction_min"": 0.11162398066852794, ""excellent_score_min"": 41.63809669116893, ""execution_quality_min"": 100.0, ""expected_required_ratio_min"": 1.4166666666666667, ""final_confidence_min"": 72.2073910791171, ""iv_crush_max"": 28.5, ""market_hostility_max"": 20.647702328761643, ""min_5depth_lots_each_side"": 27.0, ""min_top_book_lots"": 1.0, ""premium_elasticity_min"": 0.3, ""regime_confidence_min"": 60.0, ""spread_pct_max"": 0.1730602826651349, ""trade_quality_min"": 2.3021582733894292}",41.63809669116893,paper-strategy-8ade763620b6,opportunity-score-8ade763620b6,PAPER_OVERRIDE::FYERS_PAPER_PROXY_RESEARCH,SKIPPED_FORWARD_PROXY,175.2,175.35,1.8499999999999943,0.0,False,False,0.07399999999999977,OBSERVED,,FYERS_PAPER_PROXY_RESEARCH
202608241400_5_BANKNIFTY_PE,15,2026-08-24T14:15:43.802883+05:30,BANKNIFTY,BANKNIFTY,NSE_INDEX,2e840ccd58d1,"{""contract_quality_min"": 0.0, ""direction_min"": 0.0, ""excellent_score_min"": 41.618004374648606, ""execution_quality_min"": 100.0, ""expected_required_ratio_min"": 1.4166666666666667, ""final_confidence_min"": 72.17390388491656, ""iv_crush_max"": 28.5, ""market_hostility_max"": 20.647702328761643, ""min_5depth_lots_each_side"": 37.0, ""min_top_book_lots"": 1.0, ""premium_elasticity_min"": 0.3, ""regime_confidence_min"": 60.0, ""spread_pct_max"": 0.26189436927105814, ""trade_quality_min"": 2.3021582733894292}",41.618004374648606,paper-strategy-8ade763620b6,opportunity-score-8ade763620b6,PAPER_OVERRIDE::FYERS_PAPER_PROXY_RESEARCH,SKIPPED_FORWARD_PROXY,111.7,111.85,0.0,-2.8500000000000085,False,False,-0.12439982540375417,OBSERVED,,FYERS_PAPER_PROXY_RESEARCH
202608241410_1_BANKNIFTY_CE,5,2026-08-24T14:15:43.802883+05:30,BANKNIFTY,BANKNIFTY,NSE_INDEX,2e840ccd58d1,"{""contract_quality_min"": 0.0, ""direction_min"": 1.032402978971096, ""excellent_score_min"": 47.761980762858414, ""execution_quality_min"": 100.0, ""expected_required_ratio_min"": 1.4166666666666665, ""final_confidence_min"": 75.94471551931012, ""iv_crush_max"": 28.5, ""market_hostility_max"": 21.396921851887914, ""min_5depth_lots_each_side"": 39.0, ""min_top_book_lots"": 22.0, ""premium_elasticity_min"": 0.5, ""regime_confidence_min"": 60.0, ""spread_pct_max"": 0.16731734523144612, ""trade_quality_min"": 14.29951690821487}",47.761980762858414,paper-strategy-8ade763620b6,opportunity-score-8ade763620b6,PAPER_OVERRIDE::FYERS_PAPER_PROXY_RESEARCH,SKIPPED_FORWARD_PROXY,175.2,175.35,0.0,-4.100000000000023,False,False,-0.16400000000000092,OBSERVED,,FYERS_PAPER_PROXY_RESEARCH
202608241410_2_BANKNIFTY_CE,5,2026-08-24T14:15:43.802883+05:30,BANKNIFTY,BANKNIFTY,NSE_INDEX,2e840ccd58d1,"{""contract_quality_min"": 0.0, ""direction_min"": 1.032402978971096, ""excellent_score_min"": 47.761980762858414, ""execution_quality_min"": 100.0, ""expected_required_ratio_min"": 1.4166666666666665, ""final_confidence_min"": 75.94471551931012, ""iv_crush_max"": 28.5, ""market_hostility_max"": 21.396921851887914, ""min_5depth_lots_each_side"": 22.0, ""min_top_book_lots"": 2.0, ""premium_elasticity_min"": 0.7, ""regime_confidence_min"": 60.0, ""spread_pct_max"": 0.2776294714361889, ""trade_quality_min"": 14.29951690821487}",47.761980762858414,paper-strategy-8ade763620b6,opportunity-score-8ade763620b6,PAPER_OVERRIDE::FYERS_PAPER_PROXY_RESEARCH,SKIPPED_FORWARD_PROXY,229.3,229.8,0.0,-4.824999999999989,False,False,-0.19299999999999953,OBSERVED,,FYERS_PAPER_PROXY_RESEARCH
202608241410_3_BANKNIFTY_PE,5,2026-08-24T14:15:43.802883+05:30,BANKNIFTY,BANKNIFTY,NSE_INDEX,2e840ccd58d1,"{""contract_quality_min"": 0.0, ""direction_min"": 0.0, ""excellent_score_min"": 47.57614822664362, ""execution_quality_min"": 100.0, ""expected_required_ratio_min"": 1.4166666666666665, ""final_confidence_min"": 75.6349946256188, ""iv_crush_max"": 28.5, ""market_hostility_max"": 21.396921851887914, ""min_5depth_lots_each_side"": 14.0, ""min_top_book_lots"": 1.0, ""premium_elasticity_min"": 0.5, ""regime_confidence_min"": 60.0, ""spread_pct_max"": 0.15814443858723404, ""trade_quality_min"": 14.29951690821487}",47.57614822664362,paper-strategy-8ade763620b6,opportunity-score-8ade763620b6,PAPER_OVERRIDE::FYERS_PAPER_PROXY_RESEARCH,SKIPPED_FORWARD_PROXY,195.55,196.0,5.850000000000023,0.0,False,False,0.2340000000000009,OBSERVED,,FYERS_PAPER_PROXY_RESEARCH
202608241410_4_BANKNIFTY_PE,5,2026-08-24T14:15:43.802883+05:30,BANKNIFTY,BANKNIFTY,NSE_INDEX,2e840ccd58d1,"{""contract_quality_min"": 0.0, ""direction_min"": 0.0, ""excellent_score_min"": 44.77614822664362, ""execution_quality_min"": 100.0, ""expected_required_ratio_min"": 1.4166666666666665, ""final_confidence_min"": 75.6349946256188, ""iv_crush_max"": 28.5, ""market_hostility_max"": 21.396921851887914, ""min_5depth_lots_each_side"": 51.0, ""min_top_book_lots"": 15.0, ""premium_elasticity_min"": 0.3, ""regime_confidence_min"": 60.0, ""spread_pct_max"": 0.20855057351408507, ""trade_quality_min"": 14.29951690821487}",44.77614822664362,paper-strategy-8ade763620b6,opportunity-score-8ade763620b6,PAPER_OVERRIDE::FYERS_PAPER_PROXY_RESEARCH,SKIPPED_FORWARD_PROXY,149.0,149.25,5.150000000000006,0.0,False,False,0.20600000000000024,OBSERVED,,FYERS_PAPER_PROXY_RESEARCH
202608241410_5_MIDCPNIFTY_CE,5,2026-08-24T14:15:43.802883+05:30,MIDCPNIFTY,MIDCPNIFTY,NSE_INDEX,712afad509f5,"{""contract_quality_min"": 0.0, ""direction_min"": 0.0, ""excellent_score_min"": 43.55054345130701, ""execution_quality_min"": 100.0, ""expected_required_ratio_min"": 1.0833333333333333, ""final_confidence_min"": 71.85365828366947, ""iv_crush_max"": 28.5, ""market_hostility_max"": 20.133395427242924, ""min_5depth_lots_each_side"": 17.0, ""min_top_book_lots"": 3.0, ""premium_elasticity_min"": 0.5, ""regime_confidence_min"": 60.0, ""spread_pct_max"": 0.5736137667304098, ""trade_quality_min"": 1.2461059190031718}",43.55054345130701,paper-strategy-8ade763620b6,opportunity-score-8ade763620b6,PAPER_OVERRIDE::FYERS_PAPER_PROXY_RESEARCH,SKIPPED_FORWARD_PROXY,48.85,49.1,0.0,-3.4499999999999957,False,False,-0.32982791586998045,OBSERVED,,FYERS_PAPER_PROXY_RESEARCH
202608241401_1_BANKNIFTY_PE,15,2026-08-24T14:16:24.400105+05:30,BANKNIFTY,BANKNIFTY,NSE_INDEX,2e840ccd58d1,"{""contract_quality_min"": 0.0, ""direction_min"": 0.2023271106124917, ""excellent_score_min"": 44.577963302447, ""execution_quality_min"": 100.0, ""expected_required_ratio_min"": 1.4166666666666667, ""final_confidence_min"": 72.37603557935259, ""iv_crush_max"": 28.5, ""market_hostility_max"": 20.726912330856226, ""min_5depth_lots_each_side"": 28.0, ""min_top_book_lots"": 2.0, ""premium_elasticity_min"": 0.5, ""regime_confidence_min"": 60.0, ""spread_pct_max"": 0.19847833278201213, ""trade_quality_min"": 2.8189550425357264}",44.577963302447,paper-strategy-8ade763620b6,opportunity-score-8ade763620b6,PAPER_OVERRIDE::FYERS_PAPER_PROXY_RESEARCH,SKIPPED_FORWARD_PROXY,148.0,148.4,0.0,-3.1500000000000057,False,False,-0.12600000000000022,OBSERVED,,FYERS_PAPER_PROXY_RESEARCH
202608241401_2_BANKNIFTY_PE,15,2026-08-24T14:16:24.400105+05:30,BANKNIFTY,BANKNIFTY,NSE_INDEX,2e840ccd58d1,"{""contract_quality_min"": 0.0, ""direction_min"": 0.2023271106124917, ""excellent_score_min"": 44.577963302447, ""execution_quality_min"": 100.0, ""expected_required_ratio_min"": 1.4166666666666667, ""final_confidence_min"": 72.37603557935259, ""iv_crush_max"": 28.5, ""market_hostility_max"": 20.726912330856226, ""min_5depth_lots_each_side"": 19.0, ""min_top_book_lots"": 1.0, ""premium_elasticity_min"": 0.7, ""regime_confidence_min"": 60.0, ""spread_pct_max"": 0.27711298652223776, ""trade_quality_min"": 2.8189550425357264}",44.577963302447,paper-strategy-8ade763620b6,opportunity-score-8ade763620b6,PAPER_OVERRIDE::FYERS_PAPER_PROXY_RESEARCH,SKIPPED_FORWARD_PROXY,194.6,195.0,0.0,-3.875,False,False,-0.155,OBSERVED,,FYERS_PAPER_PROXY_RESEARCH
202608241401_3_BANKNIFTY_CE,15,2026-08-24T14:16:24.400105+05:30,BANKNIFTY,BANKNIFTY,NSE_INDEX,2e840ccd58d1,"{""contract_quality_min"": 0.0, ""direction_min"": 0.0, ""excellent_score_min"": 44.54154442253676, ""execution_quality_min"": 100.0, ""expected_required_ratio_min"": 1.4166666666666667, ""final_confidence_min"": 72.31533744616885, ""iv_crush_max"": 28.5, ""market_hostility_max"": 20.726912330856226, ""min_5depth_lots_each_side"": 38.0, ""min_top_book_lots"": 1.0, ""premium_elasticity_min"": 0.5, ""regime_confidence_min"": 60.0, ""spread_pct_max"": 0.3077599472411594, ""trade_quality_min"": 2.8189550425357264}",44.54154442253676,paper-strategy-8ade763620b6,opportunity-score-8ade763620b6,PAPER_OVERRIDE::FYERS_PAPER_PROXY_RESEARCH,SKIPPED_FORWARD_PROXY,228.75,229.45,1.3000000000000114,0.0,False,False,0.052000000000000456,OBSERVED,,FYERS_PAPER_PROXY_RESEARCH
202608241401_4_BANKNIFTY_PE,15,2026-08-24T14:16:24.400105+05:30,BANKNIFTY,BANKNIFTY,NSE_INDEX,2e840ccd58d1,"{""contract_quality_min"": 0.0, ""direction_min"": 0.2023271106124917, ""excellent_score_min"": 41.777963302447006, ""execution_quality_min"": 100.0, ""expected_required_ratio_min"": 1.4166666666666667, ""final_confidence_min"": 72.37603557935259, ""iv_crush_max"": 28.5, ""market_hostility_max"": 20.726912330856226, ""min_5depth_lots_each_side"": 30.0, ""min_top_book_lots"": 2.0, ""premium_elasticity_min"": 0.3, ""regime_confidence_min"": 60.0, ""spread_pct_max"": 0.35335689045936897, ""trade_quality_min"": 2.8189550425357264}",41.777963302447006,paper-strategy-8ade763620b6,opportunity-score-8ade763620b6,PAPER_OVERRIDE::FYERS_PAPER_PROXY_RESEARCH,SKIPPED_FORWARD_PROXY,110.9,111.25,0.0,-2.299999999999997,False,False,-0.10159010600706701,OBSERVED,,FYERS_PAPER_PROXY_RESEARCH
202608241401_5_BANKNIFTY_CE,15,2026-08-24T14:16:24.400105+05:30,BANKNIFTY,BANKNIFTY,NSE_INDEX,2e840ccd58d1,"{""contract_quality_min"": 0.0, ""direction_min"": 0.0, ""excellent_score_min"": 41.74154442253676, ""execution_quality_min"": 100.0, ""expected_required_ratio_min"": 1.4166666666666667, ""final_confidence_min"": 72.31533744616885, ""iv_crush_max"": 28.5, ""market_hostility_max"": 20.726912330856226, ""min_5depth_lots_each_side"": 19.0, ""min_top_book_lots"": 1.0, ""premium_elasticity_min"": 0.3, ""regime_confidence_min"": 60.0, ""spread_pct_max"": 0.2302158273381164, ""trade_quality_min"": 2.8189550425357264}",41.74154442253676,paper-strategy-8ade763620b6,opportunity-score-8ade763620b6,PAPER_OVERRIDE::FYERS_PAPER_PROXY_RESEARCH,SKIPPED_FORWARD_PROXY,174.8,175.1,1.0500000000000114,0.0,False,False,0.042000000000000454,OBSERVED,,FYERS_PAPER_PROXY_RESEARCH
202608241348_1_MIDCPNIFTY_PE,30,2026-08-24T14:18:16.021508+05:30,MIDCPNIFTY,MIDCPNIFTY,NSE_INDEX,712afad509f5,"{""contract_quality_min"": 0.0, ""direction_min"": 4.677639405078954, ""excellent_score_min"": 56.0675805517891, ""execution_quality_min"": 100.0, ""expected_required_ratio_min"": 1.0833333333333333, ""final_confidence_min"": 85.1705900101388, ""iv_crush_max"": 28.5, ""market_hostility_max"": 20.182311104536353, ""min_5depth_lots_each_side"": 17.0, ""min_top_book_lots"": 3.0, ""premium_elasticity_min"": 0.5, ""regime_confidence_min"": 60.0, ""spread_pct_max"": 0.7109004739336593, ""trade_quality_min"": 43.22981366458987}",56.0675805517891,paper-strategy-8ade763620b6,opportunity-score-8ade763620b6,PAPER_OVERRIDE::FYERS_PAPER_PROXY_RESEARCH,SKIPPED_FORWARD_PROXY,41.15,41.4,0.0,-1.0500000000000043,False,False,-0.1244075829383891,OBSERVED,,FYERS_PAPER_PROXY_RESEARCH
202608241348_2_MIDCPNIFTY_PE,30,2026-08-24T14:18:16.021508+05:30,MIDCPNIFTY,MIDCPNIFTY,NSE_INDEX,712afad509f5,"{""contract_quality_min"": 0.0, ""direction_min"": 4.677639405078954, ""excellent_score_min"": 56.0675805517891, ""execution_quality_min"": 100.0, ""expected_required_ratio_min"": 1.0833333333333333, ""final_confidence_min"": 85.1705900101388, ""iv_crush_max"": 28.5, ""market_hostility_max"": 20.182311104536353, ""min_5depth_lots_each_side"": 16.0, ""min_top_book_lots"": 2.0, ""premium_elasticity_min"": 0.7, ""regime_confidence_min"": 60.0, ""spread_pct_max"": 0.5464480874316888, ""trade_quality_min"": 43.22981366458987}",56.0675805517891,paper-strategy-8ade763620b6,opportunity-score-8ade763620b6,PAPER_OVERRIDE::FYERS_PAPER_PROXY_RESEARCH,SKIPPED_FORWARD_PROXY,53.7,54.05,0.0,-1.1999999999999957,False,False,-0.1092896174863384,OBSERVED,,FYERS_PAPER_PROXY_RESEARCH
202608241348_3_MIDCPNIFTY_CE,30,2026-08-24T14:18:16.021508+05:30,MIDCPNIFTY,MIDCPNIFTY,NSE_INDEX,712afad509f5,"{""contract_quality_min"": 0.0, ""direction_min"": 0.0, ""excellent_score_min"": 55.225605458874895, ""execution_quality_min"": 100.0, ""expected_required_ratio_min"": 1.0833333333333333, ""final_confidence_min"": 83.76729818861511, ""iv_crush_max"": 28.5, ""market_hostility_max"": 20.182311104536353, ""min_5depth_lots_each_side"": 12.0, ""min_top_book_lots"": 3.0, ""premium_elasticity_min"": 0.7, ""regime_confidence_min"": 60.0, ""spread_pct_max"": 0.7587253414264036, ""trade_quality_min"": 43.22981366458987}",55.225605458874895,paper-strategy-8ade763620b6,opportunity-score-8ade763620b6,PAPER_OVERRIDE::FYERS_PAPER_PROXY_RESEARCH,SKIPPED_FORWARD_PROXY,65.0,65.55,0.0,-0.9000000000000057,False,False,-0.06828528072837675,OBSERVED,,FYERS_PAPER_PROXY_RESEARCH
202608241348_4_M&M_PE,30,2026-08-24T14:18:16.021508+05:30,M&M,M&M,NSE_STOCK_OPTION,0fdd6afea273,"{""contract_quality_min"": 0.0, ""direction_min"": 2.340481554079752, ""excellent_score_min"": 17.405039477676574, ""execution_quality_min"": 68.01310043668188, ""expected_required_ratio_min"": 1.1666666666666667, ""final_confidence_min"": 61.81815318709248, ""iv_crush_max"": 28.5, ""market_hostility_max"": 26.159560250894973, ""min_5depth_lots_each_side"": 5.0, ""min_top_book_lots"": 1.0, ""premium_elasticity_min"": 0.7, ""regime_confidence_min"": 60.0, ""spread_pct_max"": 1.5283842794759732, ""trade_quality_min"": 7.692307692307288}",17.405039477676574,paper-strategy-8ade763620b6,opportunity-score-8ade763620b6,PAPER_OVERRIDE::FYERS_PAPER_PROXY_RESEARCH,SKIPPED_FORWARD_PROXY,,,UNAVAILABLE,UNAVAILABLE,UNAVAILABLE,UNAVAILABLE,UNAVAILABLE,UNAVAILABLE,Future quote invalid,FYERS_PAPER_PROXY_RESEARCH
202608241348_5_MARUTI_PE,30,2026-08-24T14:18:16.021508+05:30,MARUTI,MARUTI,NSE_STOCK_OPTION,5b77f4aaaf9e,"{""contract_quality_min"": 0.0, ""direction_min"": 0.0, ""excellent_score_min"": 15.453700665408697, ""execution_quality_min"": 63.98678414096845, ""expected_required_ratio_min"": 1.1666666666666665, ""final_confidence_min"": 62.47070077468672, ""iv_crush_max"": 28.5, ""market_hostility_max"": 27.513548132820965, ""min_5depth_lots_each_side"": 7.0, ""min_top_book_lots"": 2.0, ""premium_elasticity_min"": 0.3, ""regime_confidence_min"": 60.0, ""spread_pct_max"": 1.5859030837004506, ""trade_quality_min"": 16.0}",15.453700665408697,paper-strategy-8ade763620b6,opportunity-score-8ade763620b6,PAPER_OVERRIDE::FYERS_PAPER_PROXY_RESEARCH,SKIPPED_FORWARD_PROXY,,,UNAVAILABLE,UNAVAILABLE,UNAVAILABLE,UNAVAILABLE,UNAVAILABLE,UNAVAILABLE,Future quote invalid,FYERS_PAPER_PROXY_RESEARCH
202608241413_1_MIDCPNIFTY_PE,5,2026-08-24T14:18:57.007024+05:30,MIDCPNIFTY,MIDCPNIFTY,NSE_INDEX,712afad509f5,"{""contract_quality_min"": 0.0, ""direction_min"": 1.1566757676434507, ""excellent_score_min"": 46.670949144760534, ""execution_quality_min"": 100.0, ""expected_required_ratio_min"": 1.0833333333333333, ""final_confidence_min"": 75.14824883989584, ""iv_crush_max"": 28.5, ""market_hostility_max"": 19.856148374838124, ""min_5depth_lots_each_side"": 18.0, ""min_top_book_lots"": 1.0, ""premium_elasticity_min"": 0.5, ""regime_confidence_min"": 60.0, ""spread_pct_max"": 0.5991611743559018, ""trade_quality_min"": 11.582491582497722}",46.670949144760534,paper-strategy-8ade763620b6,opportunity-score-8ade763620b6,PAPER_OVERRIDE::FYERS_PAPER_PROXY_RESEARCH,SKIPPED_FORWARD_PROXY,41.5,41.8,0.0,-0.22500000000000142,False,False,-0.026962252846015746,OBSERVED,,FYERS_PAPER_PROXY_RESEARCH
202608241413_2_MIDCPNIFTY_PE,5,2026-08-24T14:18:57.007024+05:30,MIDCPNIFTY,MIDCPNIFTY,NSE_INDEX,712afad509f5,"{""contract_quality_min"": 0.0, ""direction_min"": 1.1566757676434507, ""excellent_score_min"": 46.670949144760534, ""execution_quality_min"": 100.0, ""expected_required_ratio_min"": 1.0833333333333333, ""final_confidence_min"": 75.14824883989584, ""iv_crush_max"": 28.5, ""market_hostility_max"": 19.856148374838124, ""min_5depth_lots_each_side"": 22.0, ""min_top_book_lots"": 2.0, ""premium_elasticity_min"": 0.7, ""regime_confidence_min"": 60.0, ""spread_pct_max"": 0.642496558054156, ""trade_quality_min"": 11.582491582497722}",46.670949144760534,paper-strategy-8ade763620b6,opportunity-score-8ade763620b6,PAPER_OVERRIDE::FYERS_PAPER_PROXY_RESEARCH,SKIPPED_FORWARD_PROXY,54.05,54.35,0.0,-0.42499999999999716,False,False,-0.03900871959614476,OBSERVED,,FYERS_PAPER_PROXY_RESEARCH
202608241413_3_MIDCPNIFTY_CE,5,2026-08-24T14:18:57.007024+05:30,MIDCPNIFTY,MIDCPNIFTY,NSE_INDEX,712afad509f5,"{""contract_quality_min"": 0.0, ""direction_min"": 0.0, ""excellent_score_min"": 46.46274750658471, ""execution_quality_min"": 100.0, ""expected_required_ratio_min"": 1.0833333333333333, ""final_confidence_min"": 74.8012461096028, ""iv_crush_max"": 28.5, ""market_hostility_max"": 19.856148374838124, ""min_5depth_lots_each_side"": 19.0, ""min_top_book_lots"": 1.0, ""premium_elasticity_min"": 0.5, ""regime_confidence_min"": 60.0, ""spread_pct_max"": 0.5964214711729707, ""trade_quality_min"": 11.582491582497722}",46.46274750658471,paper-strategy-8ade763620b6,opportunity-score-8ade763620b6,PAPER_OVERRIDE::FYERS_PAPER_PROXY_RESEARCH,SKIPPED_FORWARD_PROXY,50.1,50.3,0.0,-0.19999999999999574,False,False,-0.01988071570576498,OBSERVED,,FYERS_PAPER_PROXY_RESEARCH
202608241413_4_MIDCPNIFTY_CE,5,2026-08-24T14:18:57.007024+05:30,MIDCPNIFTY,MIDCPNIFTY,NSE_INDEX,712afad509f5,"{""contract_quality_min"": 0.0, ""direction_min"": 0.0, ""excellent_score_min"": 46.46274750658471, ""execution_quality_min"": 100.0, ""expected_required_ratio_min"": 1.0833333333333333, ""final_confidence_min"": 74.8012461096028, ""iv_crush_max"": 28.5, ""market_hostility_max"": 19.856148374838124, ""min_5depth_lots_each_side"": 6.0, ""min_top_book_lots"": 2.0, ""premium_elasticity_min"": 0.7, ""regime_confidence_min"": 60.0, ""spread_pct_max"": 0.6915097963887866, ""trade_quality_min"": 11.582491582497722}",46.46274750658471,paper-strategy-8ade763620b6,opportunity-score-8ade763620b6,PAPER_OVERRIDE::FYERS_PAPER_PROXY_RESEARCH,SKIPPED_FORWARD_PROXY,64.55,65.05,0.0,-0.5249999999999915,False,False,-0.04033807145601164,OBSERVED,,FYERS_PAPER_PROXY_RESEARCH
202608241413_5_BANKNIFTY_PE,5,2026-08-24T14:18:57.007024+05:30,BANKNIFTY,BANKNIFTY,NSE_INDEX,2e840ccd58d1,"{""contract_quality_min"": 0.0, ""direction_min"": 0.48829146815293284, ""excellent_score_min"": 46.10146348764765, ""execution_quality_min"": 100.0, ""expected_required_ratio_min"": 1.4166666666666667, ""final_confidence_min"": 74.21475315418374, ""iv_crush_max"": 28.5, ""market_hostility_max"": 21.526053638510717, ""min_5depth_lots_each_side"": 32.0, ""min_top_book_lots"": 3.0, ""premium_elasticity_min"": 0.5, ""regime_confidence_min"": 60.0, ""spread_pct_max"": 0.34094783498124787, ""trade_quality_min"": 8.805031446536047}",46.10146348764765,paper-strategy-8ade763620b6,opportunity-score-8ade763620b6,PAPER_OVERRIDE::FYERS_PAPER_PROXY_RESEARCH,SKIPPED_FORWARD_PROXY,151.2,151.65,4.549999999999983,0.0,False,False,0.18199999999999933,OBSERVED,,FYERS_PAPER_PROXY_RESEARCH
202608241349_1_NIFTY_CE,30,2026-08-24T14:19:34.445771+05:30,NIFTY,NIFTY,NSE_INDEX,00929e22c867,"{""contract_quality_min"": 0.0, ""direction_min"": 0.0, ""excellent_score_min"": 55.43705837134589, ""execution_quality_min"": 100.0, ""expected_required_ratio_min"": 1.3333333333333333, ""final_confidence_min"": 81.42595684780872, ""iv_crush_max"": 28.5, ""market_hostility_max"": 18.818399775972537, ""min_5depth_lots_each_side"": 119.0, ""min_top_book_lots"": 14.0, ""premium_elasticity_min"": 0.7, ""regime_confidence_min"": 60.0, ""spread_pct_max"": 0.25839793281653506, ""trade_quality_min"": 34.02985074626007}",55.43705837134589,paper-strategy-8ade763620b6,opportunity-score-8ade763620b6,PAPER_OVERRIDE::FYERS_PAPER_PROXY_RESEARCH,SKIPPED_FORWARD_PROXY,114.7,115.0,0.0,-1.3999999999999915,False,False,-0.060292850990525046,OBSERVED,,FYERS_PAPER_PROXY_RESEARCH
202608241349_2_MIDCPNIFTY_CE,30,2026-08-24T14:19:34.445771+05:30,MIDCPNIFTY,MIDCPNIFTY,NSE_INDEX,712afad509f5,"{""contract_quality_min"": 0.0, ""direction_min"": 0.0, ""excellent_score_min"": 54.94214475028101, ""execution_quality_min"": 100.0, ""expected_required_ratio_min"": 1.0833333333333333, ""final_confidence_min"": 83.51547627977003, ""iv_crush_max"": 28.5, ""market_hostility_max"": 19.940745797059733, ""min_5depth_lots_each_side"": 18.0, ""min_top_book_lots"": 1.0, ""premium_elasticity_min"": 0.5, ""regime_confidence_min"": 60.0, ""spread_pct_max"": 0.4870920603994155, ""trade_quality_min"": 42.01438848921601}",54.94214475028101,paper-strategy-8ade763620b6,opportunity-score-8ade763620b6,PAPER_OVERRIDE::FYERS_PAPER_PROXY_RESEARCH,SKIPPED_FORWARD_PROXY,51.1,51.35,0.0,-0.22500000000000142,False,False,-0.021919142717973836,OBSERVED,,FYERS_PAPER_PROXY_RESEARCH
202608241349_3_MIDCPNIFTY_CE,30,2026-08-24T14:19:34.445771+05:30,MIDCPNIFTY,MIDCPNIFTY,NSE_INDEX,712afad509f5,"{""contract_quality_min"": 0.0, ""direction_min"": 0.0, ""excellent_score_min"": 54.94214475028101, ""execution_quality_min"": 100.0, ""expected_required_ratio_min"": 1.0833333333333333, ""final_confidence_min"": 83.51547627977003, ""iv_crush_max"": 28.5, ""market_hostility_max"": 19.940745797059733, ""min_5depth_lots_each_side"": 11.0, ""min_top_book_lots"": 1.0, ""premium_elasticity_min"": 0.7, ""regime_confidence_min"": 60.0, ""spread_pct_max"": 0.7558578987150415, ""trade_quality_min"": 42.01438848921601}",54.94214475028101,paper-strategy-8ade763620b6,opportunity-score-8ade763620b6,PAPER_OVERRIDE::FYERS_PAPER_PROXY_RESEARCH,SKIPPED_FORWARD_PROXY,65.85,66.35,0.0,-0.30000000000001137,False,False,-0.022675736961452104,OBSERVED,,FYERS_PAPER_PROXY_RESEARCH
202608241349_4_BANKNIFTY_PE,30,2026-08-24T14:19:34.445771+05:30,BANKNIFTY,BANKNIFTY,NSE_INDEX,2e840ccd58d1,"{""contract_quality_min"": 0.0, ""direction_min"": 3.4793401107248867, ""excellent_score_min"": 51.67679040133113, ""execution_quality_min"": 100.0, ""expected_required_ratio_min"": 1.4166666666666667, ""final_confidence_min"": 79.9793760996643, ""iv_crush_max"": 28.5, ""market_hostility_max"": 21.045109844494622, ""min_5depth_lots_each_side"": 27.0, ""min_top_book_lots"": 1.0, ""premium_elasticity_min"": 0.5, ""regime_confidence_min"": 60.0, ""spread_pct_max"": 0.34915092842406686, ""trade_quality_min"": 26.524916943518505}",51.67679040133113,paper-strategy-8ade763620b6,opportunity-score-8ade763620b6,PAPER_OVERRIDE::FYERS_PAPER_PROXY_RESEARCH,SKIPPED_FORWARD_PROXY,149.0,149.3,0.0,-8.525000000000006,False,False,-0.34100000000000025,OBSERVED,,FYERS_PAPER_PROXY_RESEARCH
202608241349_5_BANKNIFTY_PE,30,2026-08-24T14:19:34.445771+05:30,BANKNIFTY,BANKNIFTY,NSE_INDEX,2e840ccd58d1,"{""contract_quality_min"": 0.0, ""direction_min"": 3.4793401107248867, ""excellent_score_min"": 51.67679040133113, ""execution_quality_min"": 100.0, ""expected_required_ratio_min"": 1.4166666666666667, ""final_confidence_min"": 79.9793760996643, ""iv_crush_max"": 28.5, ""market_hostility_max"": 21.045109844494622, ""min_5depth_lots_each_side"": 23.0, ""min_top_book_lots"": 2.0, ""premium_elasticity_min"": 0.7, ""regime_confidence_min"": 60.0, ""spread_pct_max"": 0.19365770999758203, ""trade_quality_min"": 26.524916943518505}",51.67679040133113,paper-strategy-8ade763620b6,opportunity-score-8ade763620b6,PAPER_OVERRIDE::FYERS_PAPER_PROXY_RESEARCH,SKIPPED_FORWARD_PROXY,195.4,196.0,0.0,-11.150000000000006,False,False,-0.44600000000000023,OBSERVED,,FYERS_PAPER_PROXY_RESEARCH
202608241415_1_MIDCPNIFTY_PE,5,2026-08-24T14:20:15.136409+05:30,MIDCPNIFTY,MIDCPNIFTY,NSE_INDEX,712afad509f5,"{""contract_quality_min"": 0.0, ""direction_min"": 1.2374032017813719, ""excellent_score_min"": 46.601907724614236, ""execution_quality_min"": 100.0, ""expected_required_ratio_min"": 1.0833333333333335, ""final_confidence_min"": 75.07211354775325, ""iv_crush_max"": 28.5, ""market_hostility_max"": 19.999349860332227, ""min_5depth_lots_each_side"": 22.0, ""min_top_book_lots"": 3.0, ""premium_elasticity_min"": 0.5, ""regime_confidence_min"": 60.0, ""spread_pct_max"": 0.7299270072992631, ""trade_quality_min"": 11.28834355828681}",46.601907724614236,paper-strategy-8ade763620b6,opportunity-score-8ade763620b6,PAPER_OVERRIDE::FYERS_PAPER_PROXY_RESEARCH,SKIPPED_FORWARD_PROXY,40.45,40.75,0.0,-0.6499999999999986,False,False,-0.07907542579075408,OBSERVED,,FYERS_PAPER_PROXY_RESEARCH
202608241415_2_MIDCPNIFTY_PE,5,2026-08-24T14:20:15.136409+05:30,MIDCPNIFTY,MIDCPNIFTY,NSE_INDEX,712afad509f5,"{""contract_quality_min"": 0.0, ""direction_min"": 1.2374032017813719, ""excellent_score_min"": 46.601907724614236, ""execution_quality_min"": 100.0, ""expected_required_ratio_min"": 1.0833333333333335, ""final_confidence_min"": 75.07211354775325, ""iv_crush_max"": 28.5, ""market_hostility_max"": 19.999349860332227, ""min_5depth_lots_each_side"": 14.0, ""min_top_book_lots"": 2.0, ""premium_elasticity_min"": 0.7, ""regime_confidence_min"": 60.0, ""spread_pct_max"": 0.5617977528089835, ""trade_quality_min"": 11.28834355828681}",46.601907724614236,paper-strategy-8ade763620b6,opportunity-score-8ade763620b6,PAPER_OVERRIDE::FYERS_PAPER_PROXY_RESEARCH,SKIPPED_FORWARD_PROXY,52.9,53.2,0.0,-0.5,False,False,-0.04681647940074907,OBSERVED,,FYERS_PAPER_PROXY_RESEARCH
202608241415_3_MIDCPNIFTY_CE,5,2026-08-24T14:20:15.136409+05:30,MIDCPNIFTY,MIDCPNIFTY,NSE_INDEX,712afad509f5,"{""contract_quality_min"": 0.0, ""direction_min"": 0.0, ""excellent_score_min"": 46.379175148293584, ""execution_quality_min"": 100.0, ""expected_required_ratio_min"": 1.0833333333333335, ""final_confidence_min"": 74.70089258721885, ""iv_crush_max"": 28.5, ""market_hostility_max"": 19.999349860332227, ""min_5depth_lots_each_side"": 10.0, ""min_top_book_lots"": 2.0, ""premium_elasticity_min"": 0.7, ""regime_confidence_min"": 60.0, ""spread_pct_max"": 0.6092916984005962, ""trade_quality_min"": 11.28834355828681}",46.379175148293584,paper-strategy-8ade763620b6,opportunity-score-8ade763620b6,PAPER_OVERRIDE::FYERS_PAPER_PROXY_RESEARCH,SKIPPED_FORWARD_PROXY,65.85,66.45,0.19999999999998863,0.0,False,False,0.015232292460014363,OBSERVED,,FYERS_PAPER_PROXY_RESEARCH
202608241415_4_BANKNIFTY_CE,5,2026-08-24T14:20:15.136409+05:30,BANKNIFTY,BANKNIFTY,NSE_INDEX,2e840ccd58d1,"{""contract_quality_min"": 0.0, ""direction_min"": 0.286008016943622, ""excellent_score_min"": 44.7940316037405, ""execution_quality_min"": 100.0, ""expected_required_ratio_min"": 1.4166666666666667, ""final_confidence_min"": 72.91528613977661, ""iv_crush_max"": 28.5, ""market_hostility_max"": 21.88420930856507, ""min_5depth_lots_each_side"": 32.0, ""min_top_book_lots"": 3.0, ""premium_elasticity_min"": 0.5, ""regime_confidence_min"": 60.0, ""spread_pct_max"": 0.3033586132177632, ""trade_quality_min"": 4.574616457450233}",44.7940316037405,paper-strategy-8ade763620b6,opportunity-score-8ade763620b6,PAPER_OVERRIDE::FYERS_PAPER_PROXY_RESEARCH,SKIPPED_FORWARD_PROXY,229.45,229.9,0.0,-1.3000000000000114,False,False,-0.052000000000000456,OBSERVED,,FYERS_PAPER_PROXY_RESEARCH
202608241415_5_BANKNIFTY_CE,5,2026-08-24T14:20:15.136409+05:30,BANKNIFTY,BANKNIFTY,NSE_INDEX,2e840ccd58d1,"{""contract_quality_min"": 0.0, ""direction_min"": 0.286008016943622, ""excellent_score_min"": 44.7940316037405, ""execution_quality_min"": 100.0, ""expected_required_ratio_min"": 1.4166666666666667, ""final_confidence_min"": 72.91528613977661, ""iv_crush_max"": 28.5, ""market_hostility_max"": 21.88420930856507, ""min_5depth_lots_each_side"": 6.0, ""min_top_book_lots"": 1.0, ""premium_elasticity_min"": 0.7, ""regime_confidence_min"": 60.0, ""spread_pct_max"": 0.1361470388018983, ""trade_quality_min"": 4.574616457450233}",44.7940316037405,paper-strategy-8ade763620b6,opportunity-score-8ade763620b6,PAPER_OVERRIDE::FYERS_PAPER_PROXY_RESEARCH,SKIPPED_FORWARD_PROXY,290.5,291.4,0.0,-3.3000000000000114,False,False,-0.13200000000000045,OBSERVED,,FYERS_PAPER_PROXY_RESEARCH
202608241350_1_BANKNIFTY_PE,30,2026-08-24T14:20:50.469417+05:30,BANKNIFTY,BANKNIFTY,NSE_INDEX,2e840ccd58d1,"{""contract_quality_min"": 0.0, ""direction_min"": 4.963778188133613, ""excellent_score_min"": 56.85461388011888, ""execution_quality_min"": 100.0, ""expected_required_ratio_min"": 1.4166666666666667, ""final_confidence_min"": 85.47057292017026, ""iv_crush_max"": 28.5, ""market_hostility_max"": 20.98272786697348, ""min_5depth_lots_each_side"": 24.0, ""min_top_book_lots"": 3.0, ""premium_elasticity_min"": 0.5, ""regime_confidence_min"": 60.0, ""spread_pct_max"": 0.22547914317925222, ""trade_quality_min"": 44.08668730650075}",56.85461388011888,paper-strategy-8ade763620b6,opportunity-score-8ade763620b6,PAPER_OVERRIDE::FYERS_PAPER_PROXY_RESEARCH,SKIPPED_FORWARD_PROXY,151.45,151.75,0.0,-3.775000000000034,False,False,-0.15100000000000136,OBSERVED,,FYERS_PAPER_PROXY_RESEARCH
202608241350_2_BANKNIFTY_PE,30,2026-08-24T14:20:50.469417+05:30,BANKNIFTY,BANKNIFTY,NSE_INDEX,2e840ccd58d1,"{""contract_quality_min"": 0.0, ""direction_min"": 4.963778188133613, ""excellent_score_min"": 56.85461388011888, ""execution_quality_min"": 100.0, ""expected_required_ratio_min"": 1.4166666666666667, ""final_confidence_min"": 85.47057292017026, ""iv_crush_max"": 28.5, ""market_hostility_max"": 20.98272786697348, ""min_5depth_lots_each_side"": 15.0, ""min_top_book_lots"": 1.0, ""premium_elasticity_min"": 0.7, ""regime_confidence_min"": 60.0, ""spread_pct_max"": 0.29476787030213425, ""trade_quality_min"": 44.08668730650075}",56.85461388011888,paper-strategy-8ade763620b6,opportunity-score-8ade763620b6,PAPER_OVERRIDE::FYERS_PAPER_PROXY_RESEARCH,SKIPPED_FORWARD_PROXY,198.85,199.4,0.0,-4.700000000000017,False,False,-0.1880000000000007,OBSERVED,,FYERS_PAPER_PROXY_RESEARCH
202608241350_3_BANKNIFTY_CE,30,2026-08-24T14:20:50.469417+05:30,BANKNIFTY,BANKNIFTY,NSE_INDEX,2e840ccd58d1,"{""contract_quality_min"": 0.0, ""direction_min"": 0.0, ""excellent_score_min"": 55.961133806254836, ""execution_quality_min"": 100.0, ""expected_required_ratio_min"": 1.4166666666666667, ""final_confidence_min"": 83.98143946373018, ""iv_crush_max"": 28.5, ""market_hostility_max"": 20.98272786697348, ""min_5depth_lots_each_side"": 19.0, ""min_top_book_lots"": 2.0, ""premium_elasticity_min"": 0.5, ""regime_confidence_min"": 60.0, ""spread_pct_max"": 0.33359279439564105, ""trade_quality_min"": 44.08668730650075}",55.961133806254836,paper-strategy-8ade763620b6,opportunity-score-8ade763620b6,PAPER_OVERRIDE::FYERS_PAPER_PROXY_RESEARCH,SKIPPED_FORWARD_PROXY,225.1,225.7,0.2750000000000057,0.0,False,False,0.011000000000000227,OBSERVED,,FYERS_PAPER_PROXY_RESEARCH
202608241350_4_MIDCPNIFTY_PE,30,2026-08-24T14:20:50.469417+05:30,MIDCPNIFTY,MIDCPNIFTY,NSE_INDEX,712afad509f5,"{""contract_quality_min"": 0.0, ""direction_min"": 3.2262617708144297, ""excellent_score_min"": 53.3407127127409, ""execution_quality_min"": 100.0, ""expected_required_ratio_min"": 1.0833333333333333, ""final_confidence_min"": 82.26965355133645, ""iv_crush_max"": 28.5, ""market_hostility_max"": 20.11448191777393, ""min_5depth_lots_each_side"": 11.0, ""min_top_book_lots"": 1.0, ""premium_elasticity_min"": 0.7, ""regime_confidence_min"": 60.0, ""spread_pct_max"": 0.55658627087198, ""trade_quality_min"": 34.285714285714285}",53.3407127127409,paper-strategy-8ade763620b6,opportunity-score-8ade763620b6,PAPER_OVERRIDE::FYERS_PAPER_PROXY_RESEARCH,SKIPPED_FORWARD_PROXY,53.85,54.15,0.0,-0.04999999999999716,False,False,-0.004638218923932945,OBSERVED,,FYERS_PAPER_PROXY_RESEARCH
202608241350_5_BANKNIFTY_CE,30,2026-08-24T14:20:50.469417+05:30,BANKNIFTY,BANKNIFTY,NSE_INDEX,2e840ccd58d1,"{""contract_quality_min"": 0.0, ""direction_min"": 0.0, ""excellent_score_min"": 53.16113380625484, ""execution_quality_min"": 100.0, ""expected_required_ratio_min"": 1.4166666666666667, ""final_confidence_min"": 83.98143946373018, ""iv_crush_max"": 28.5, ""market_hostility_max"": 20.98272786697348, ""min_5depth_lots_each_side"": 26.0, ""min_top_book_lots"": 1.0, ""premium_elasticity_min"": 0.3, ""regime_confidence_min"": 60.0, ""spread_pct_max"": 0.3193496879082661, ""trade_quality_min"": 44.08668730650075}",53.16113380625484,paper-strategy-8ade763620b6,opportunity-score-8ade763620b6,PAPER_OVERRIDE::FYERS_PAPER_PROXY_RESEARCH,SKIPPED_FORWARD_PROXY,171.5,171.95,0.0,-0.7249999999999943,False,False,-0.028999999999999772,OBSERVED,,FYERS_PAPER_PROXY_RESEARCH
202608241405_1_MIDCPNIFTY_CE,15,2026-08-24T14:20:50.469417+05:30,MIDCPNIFTY,MIDCPNIFTY,NSE_INDEX,712afad509f5,"{""contract_quality_min"": 0.0, ""direction_min"": 3.9026622212203894, ""excellent_score_min"": 52.24703328991251, ""execution_quality_min"": 100.0, ""expected_required_ratio_min"": 1.0833333333333335, ""final_confidence_min"": 81.1243603721441, ""iv_crush_max"": 28.5, ""market_hostility_max"": 20.281078451809964, ""min_5depth_lots_each_side"": 15.0, ""min_top_book_lots"": 1.0, ""premium_elasticity_min"": 0.5, ""regime_confidence_min"": 60.0, ""spread_pct_max"": 0.5703422053231885, ""trade_quality_min"": 30.12987012987013}",52.24703328991251,paper-strategy-8ade763620b6,opportunity-score-8ade763620b6,PAPER_OVERRIDE::FYERS_PAPER_PROXY_RESEARCH,SKIPPED_FORWARD_PROXY,50.75,51.1,0.0,-1.8500000000000014,False,False,-0.1758555133079849,OBSERVED,,FYERS_PAPER_PROXY_RESEARCH
202608241405_2_MIDCPNIFTY_CE,15,2026-08-24T14:20:50.469417+05:30,MIDCPNIFTY,MIDCPNIFTY,NSE_INDEX,712afad509f5,"{""contract_quality_min"": 0.0, ""direction_min"": 3.9026622212203894, ""excellent_score_min"": 52.24703328991251, ""execution_quality_min"": 100.0, ""expected_required_ratio_min"": 1.0833333333333335, ""final_confidence_min"": 81.1243603721441, ""iv_crush_max"": 28.5, ""market_hostility_max"": 20.281078451809964, ""min_5depth_lots_each_side"": 6.0, ""min_top_book_lots"": 1.0, ""premium_elasticity_min"": 0.7, ""regime_confidence_min"": 60.0, ""spread_pct_max"": 0.592592592592601, ""trade_quality_min"": 30.12987012987013}",52.24703328991251,paper-strategy-8ade763620b6,opportunity-score-8ade763620b6,PAPER_OVERRIDE::FYERS_PAPER_PROXY_RESEARCH,SKIPPED_FORWARD_PROXY,65.5,65.8,0.0,-2.0,False,False,-0.14814814814814814,OBSERVED,,FYERS_PAPER_PROXY_RESEARCH
202608241405_3_BANKNIFTY_CE,15,2026-08-24T14:20:50.469417+05:30,BANKNIFTY,BANKNIFTY,NSE_INDEX,2e840ccd58d1,"{""contract_quality_min"": 0.0, ""direction_min"": 2.9166852012244435, ""excellent_score_min"": 51.120275592400866, ""execution_quality_min"": 100.0, ""expected_required_ratio_min"": 1.4166666666666667, ""final_confidence_min"": 79.43526062771929, ""iv_crush_max"": 28.5, ""market_hostility_max"": 21.18353916067098, ""min_5depth_lots_each_side"": 9.0, ""min_top_book_lots"": 1.0, ""premium_elasticity_min"": 0.5, ""regime_confidence_min"": 60.0, ""spread_pct_max"": 0.21253985122210414, ""trade_quality_min"": 24.992526158452076}",51.120275592400866,paper-strategy-8ade763620b6,opportunity-score-8ade763620b6,PAPER_OVERRIDE::FYERS_PAPER_PROXY_RESEARCH,SKIPPED_FORWARD_PROXY,225.1,225.7,0.0,-10.150000000000006,False,False,-0.40600000000000025,OBSERVED,,FYERS_PAPER_PROXY_RESEARCH
202608241405_4_BANKNIFTY_PE,15,2026-08-24T14:20:50.469417+05:30,BANKNIFTY,BANKNIFTY,NSE_INDEX,2e840ccd58d1,"{""contract_quality_min"": 0.0, ""direction_min"": 0.0, ""excellent_score_min"": 50.595272256180465, ""execution_quality_min"": 100.0, ""expected_required_ratio_min"": 1.4166666666666667, ""final_confidence_min"": 78.56025506735196, ""iv_crush_max"": 28.5, ""market_hostility_max"": 21.18353916067098, ""min_5depth_lots_each_side"": 22.0, ""min_top_book_lots"": 1.0, ""premium_elasticity_min"": 0.5, ""regime_confidence_min"": 60.0, ""spread_pct_max"": 0.27652955409609803, ""trade_quality_min"": 24.992526158452076}",50.595272256180465,paper-strategy-8ade763620b6,opportunity-score-8ade763620b6,PAPER_OVERRIDE::FYERS_PAPER_PROXY_RESEARCH,SKIPPED_FORWARD_PROXY,151.45,151.75,6.800000000000011,0.0,False,False,0.27200000000000046,OBSERVED,,FYERS_PAPER_PROXY_RESEARCH
202608241405_5_BANKNIFTY_PE,15,2026-08-24T14:20:50.469417+05:30,BANKNIFTY,BANKNIFTY,NSE_INDEX,2e840ccd58d1,"{""contract_quality_min"": 0.0, ""direction_min"": 0.0, ""excellent_score_min"": 50.595272256180465, ""execution_quality_min"": 100.0, ""expected_required_ratio_min"": 1.4166666666666667, ""final_confidence_min"": 78.56025506735196, ""iv_crush_max"": 28.5, ""market_hostility_max"": 21.18353916067098, ""min_5depth_lots_each_side"": 14.0, ""min_top_book_lots"": 1.0, ""premium_elasticity_min"": 0.7, ""regime_confidence_min"": 60.0, ""spread_pct_max"": 0.28882762242351734, ""trade_quality_min"": 24.992526158452076}",50.595272256180465,paper-strategy-8ade763620b6,opportunity-score-8ade763620b6,PAPER_OVERRIDE::FYERS_PAPER_PROXY_RESEARCH,SKIPPED_FORWARD_PROXY,198.85,199.4,8.424999999999983,0.0,False,False,0.3369999999999993,OBSERVED,,FYERS_PAPER_PROXY_RESEARCH
202608241351_1_BANKNIFTY_PE,30,2026-08-24T14:22:05.238455+05:30,BANKNIFTY,BANKNIFTY,NSE_INDEX,2e840ccd58d1,"{""contract_quality_min"": 0.0, ""direction_min"": 4.601672115174276, ""excellent_score_min"": 57.48939733291935, ""execution_quality_min"": 100.0, ""expected_required_ratio_min"": 1.4166666666666667, ""final_confidence_min"": 86.1094072320403, ""iv_crush_max"": 28.5, ""market_hostility_max"": 20.79236487945715, ""min_5depth_lots_each_side"": 34.0, ""min_top_book_lots"": 1.0, ""premium_elasticity_min"": 0.5, ""regime_confidence_min"": 60.0, ""spread_pct_max"": 0.32690421706440015, ""trade_quality_min"": 46.39718804921389}",57.48939733291935,paper-strategy-8ade763620b6,opportunity-score-8ade763620b6,PAPER_OVERRIDE::FYERS_PAPER_PROXY_RESEARCH,SKIPPED_FORWARD_PROXY,148.2,148.65,0.0,-4.75,False,False,-0.19,OBSERVED,,FYERS_PAPER_PROXY_RESEARCH
202608241351_2_BANKNIFTY_PE,30,2026-08-24T14:22:05.238455+05:30,BANKNIFTY,BANKNIFTY,NSE_INDEX,2e840ccd58d1,"{""contract_quality_min"": 0.0, ""direction_min"": 4.601672115174276, ""excellent_score_min"": 57.48939733291935, ""execution_quality_min"": 100.0, ""expected_required_ratio_min"": 1.4166666666666667, ""final_confidence_min"": 86.1094072320403, ""iv_crush_max"": 28.5, ""market_hostility_max"": 20.79236487945715, ""min_5depth_lots_each_side"": 11.0, ""min_top_book_lots"": 1.0, ""premium_elasticity_min"": 0.7, ""regime_confidence_min"": 60.0, ""spread_pct_max"": 0.274143302180691, ""trade_quality_min"": 46.39718804921389}",57.48939733291935,paper-strategy-8ade763620b6,opportunity-score-8ade763620b6,PAPER_OVERRIDE::FYERS_PAPER_PROXY_RESEARCH,SKIPPED_FORWARD_PROXY,194.6,195.05,0.0,-6.025000000000006,False,False,-0.24100000000000021,OBSERVED,,FYERS_PAPER_PROXY_RESEARCH
202608241351_3_BANKNIFTY_CE,30,2026-08-24T14:22:05.238455+05:30,BANKNIFTY,BANKNIFTY,NSE_INDEX,2e840ccd58d1,"{""contract_quality_min"": 0.0, ""direction_min"": 0.0, ""excellent_score_min"": 56.66109635218799, ""execution_quality_min"": 100.0, ""expected_required_ratio_min"": 1.4166666666666667, ""final_confidence_min"": 84.72890559748802, ""iv_crush_max"": 28.5, ""market_hostility_max"": 20.79236487945715, ""min_5depth_lots_each_side"": 22.0, ""min_top_book_lots"": 1.0, ""premium_elasticity_min"": 0.5, ""regime_confidence_min"": 60.0, ""spread_pct_max"": 0.308302136093379, ""trade_quality_min"": 46.39718804921389}",56.66109635218799,paper-strategy-8ade763620b6,opportunity-score-8ade763620b6,PAPER_OVERRIDE::FYERS_PAPER_PROXY_RESEARCH,SKIPPED_FORWARD_PROXY,229.35,230.1,2.299999999999983,0.0,False,False,0.09199999999999932,OBSERVED,,FYERS_PAPER_PROXY_RESEARCH
202608241351_4_MIDCPNIFTY_PE,30,2026-08-24T14:22:05.238455+05:30,MIDCPNIFTY,MIDCPNIFTY,NSE_INDEX,712afad509f5,"{""contract_quality_min"": 0.0, ""direction_min"": 4.4093133301073975, ""excellent_score_min"": 55.46877031909238, ""execution_quality_min"": 100.0, ""expected_required_ratio_min"": 1.0833333333333335, ""final_confidence_min"": 84.53875549008212, ""iv_crush_max"": 28.5, ""market_hostility_max"": 20.191870552947798, ""min_5depth_lots_each_side"": 19.0, ""min_top_book_lots"": 2.0, ""premium_elasticity_min"": 0.7, ""regime_confidence_min"": 60.0, ""spread_pct_max"": 0.6331976481230237, ""trade_quality_min"": 41.25786163522002}",55.46877031909238,paper-strategy-8ade763620b6,opportunity-score-8ade763620b6,PAPER_OVERRIDE::FYERS_PAPER_PROXY_RESEARCH,SKIPPED_FORWARD_PROXY,53.45,53.8,0.0,-1.8250000000000028,False,False,-0.16508367254635936,OBSERVED,,FYERS_PAPER_PROXY_RESEARCH
202608241351_5_BANKNIFTY_PE,30,2026-08-24T14:22:05.238455+05:30,BANKNIFTY,BANKNIFTY,NSE_INDEX,2e840ccd58d1,"{""contract_quality_min"": 0.0, ""direction_min"": 4.601672115174276, ""excellent_score_min"": 54.689397332919356, ""execution_quality_min"": 100.0, ""expected_required_ratio_min"": 1.4166666666666667, ""final_confidence_min"": 86.1094072320403, ""iv_crush_max"": 28.5, ""market_hostility_max"": 20.79236487945715, ""min_5depth_lots_each_side"": 49.0, ""min_top_book_lots"": 1.0, ""premium_elasticity_min"": 0.3, ""regime_confidence_min"": 60.0, ""spread_pct_max"": 0.3487358326068053, ""trade_quality_min"": 46.39718804921389}",54.689397332919356,paper-strategy-8ade763620b6,opportunity-score-8ade763620b6,PAPER_OVERRIDE::FYERS_PAPER_PROXY_RESEARCH,SKIPPED_FORWARD_PROXY,111.25,111.65,0.0,-3.450000000000003,False,False,-0.15039232781168277,OBSERVED,,FYERS_PAPER_PROXY_RESEARCH
202608241406_1_MIDCPNIFTY_CE,15,2026-08-24T14:22:05.238455+05:30,MIDCPNIFTY,MIDCPNIFTY,NSE_INDEX,712afad509f5,"{""contract_quality_min"": 0.0, ""direction_min"": 2.8253243236879904, ""excellent_score_min"": 50.47100763715082, ""execution_quality_min"": 100.0, ""expected_required_ratio_min"": 1.0833333333333335, ""final_confidence_min"": 79.27073742406434, ""iv_crush_max"": 28.5, ""market_hostility_max"": 20.35725493360574, ""min_5depth_lots_each_side"": 11.0, ""min_top_book_lots"": 2.0, ""premium_elasticity_min"": 0.7, ""regime_confidence_min"": 60.0, ""spread_pct_max"": 0.7457121551081283, ""trade_quality_min"": 24.489795918370465}",50.47100763715082,paper-strategy-8ade763620b6,opportunity-score-8ade763620b6,PAPER_OVERRIDE::FYERS_PAPER_PROXY_RESEARCH,SKIPPED_FORWARD_PROXY,65.2,65.8,0.0,-1.8499999999999943,False,False,-0.1379567486950033,OBSERVED,,FYERS_PAPER_PROXY_RESEARCH
202608241406_2_MIDCPNIFTY_PE,15,2026-08-24T14:22:05.238455+05:30,MIDCPNIFTY,MIDCPNIFTY,NSE_INDEX,712afad509f5,"{""contract_quality_min"": 0.0, ""direction_min"": 0.0, ""excellent_score_min"": 49.54631937271383, ""execution_quality_min"": 97.2258007588457, ""expected_required_ratio_min"": 1.0833333333333335, ""final_confidence_min"": 78.42314012695793, ""iv_crush_max"": 28.5, ""market_hostility_max"": 20.35725493360574, ""min_5depth_lots_each_side"": 10.0, ""min_top_book_lots"": 1.0, ""premium_elasticity_min"": 0.5, ""regime_confidence_min"": 60.0, ""spread_pct_max"": 0.8647313156269338, ""trade_quality_min"": 24.489795918370465}",49.54631937271383,paper-strategy-8ade763620b6,opportunity-score-8ade763620b6,PAPER_OVERRIDE::FYERS_PAPER_PROXY_RESEARCH,SKIPPED_FORWARD_PROXY,40.65,40.9,0.17500000000000426,0.0,False,False,0.021618282890673784,OBSERVED,,FYERS_PAPER_PROXY_RESEARCH
202608241406_3_BANKNIFTY_CE,15,2026-08-24T14:22:05.238455+05:30,BANKNIFTY,BANKNIFTY,NSE_INDEX,2e840ccd58d1,"{""contract_quality_min"": 0.0, ""direction_min"": 1.1790221267217988, ""excellent_score_min"": 47.02862011030851, ""execution_quality_min"": 100.0, ""expected_required_ratio_min"": 1.4166666666666667, ""final_confidence_min"": 75.17642191262331, ""iv_crush_max"": 28.5, ""market_hostility_max"": 21.476730245231845, ""min_5depth_lots_each_side"": 21.0, ""min_top_book_lots"": 1.0, ""premium_elasticity_min"": 0.7, ""regime_confidence_min"": 60.0, ""spread_pct_max"": 0.23485992283173587, ""trade_quality_min"": 11.66522864538345}",47.02862011030851,paper-strategy-8ade763620b6,opportunity-score-8ade763620b6,PAPER_OVERRIDE::FYERS_PAPER_PROXY_RESEARCH,SKIPPED_FORWARD_PROXY,292.55,293.45,0.0,-5.499999999999943,False,False,-0.21999999999999773,OBSERVED,,FYERS_PAPER_PROXY_RESEARCH
202608241406_4_BANKNIFTY_PE,15,2026-08-24T14:22:05.238455+05:30,BANKNIFTY,BANKNIFTY,NSE_INDEX,2e840ccd58d1,"{""contract_quality_min"": 0.0, ""direction_min"": 0.0, ""excellent_score_min"": 46.81639612749858, ""execution_quality_min"": 100.0, ""expected_required_ratio_min"": 1.4166666666666667, ""final_confidence_min"": 74.82271527460676, ""iv_crush_max"": 28.5, ""market_hostility_max"": 21.476730245231845, ""min_5depth_lots_each_side"": 33.0, ""min_top_book_lots"": 1.0, ""premium_elasticity_min"": 0.5, ""regime_confidence_min"": 60.0, ""spread_pct_max"": 0.2061855670103171, ""trade_quality_min"": 11.66522864538345}",46.81639612749858,paper-strategy-8ade763620b6,opportunity-score-8ade763620b6,PAPER_OVERRIDE::FYERS_PAPER_PROXY_RESEARCH,SKIPPED_FORWARD_PROXY,148.2,148.65,2.6999999999999886,0.0,False,False,0.10799999999999954,OBSERVED,,FYERS_PAPER_PROXY_RESEARCH
202608241406_5_BANKNIFTY_PE,15,2026-08-24T14:22:05.238455+05:30,BANKNIFTY,BANKNIFTY,NSE_INDEX,2e840ccd58d1,"{""contract_quality_min"": 0.0, ""direction_min"": 0.0, ""excellent_score_min"": 46.81639612749858, ""execution_quality_min"": 100.0, ""expected_required_ratio_min"": 1.4166666666666667, ""final_confidence_min"": 74.82271527460676, ""iv_crush_max"": 28.5, ""market_hostility_max"": 21.476730245231845, ""min_5depth_lots_each_side"": 24.0, ""min_top_book_lots"": 2.0, ""premium_elasticity_min"": 0.7, ""regime_confidence_min"": 60.0, ""spread_pct_max"": 0.36534446764091266, ""trade_quality_min"": 11.66522864538345}",46.81639612749858,paper-strategy-8ade763620b6,opportunity-score-8ade763620b6,PAPER_OVERRIDE::FYERS_PAPER_PROXY_RESEARCH,SKIPPED_FORWARD_PROXY,194.6,195.05,3.0,0.0,False,False,0.12,OBSERVED,,FYERS_PAPER_PROXY_RESEARCH
202608241352_1_BANKNIFTY_PE,30,2026-08-24T14:23:21.857331+05:30,BANKNIFTY,BANKNIFTY,NSE_INDEX,2e840ccd58d1,"{""contract_quality_min"": 0.0, ""direction_min"": 2.7267647476734034, ""excellent_score_min"": 53.35966883804496, ""execution_quality_min"": 100.0, ""expected_required_ratio_min"": 1.4166666666666667, ""final_confidence_min"": 81.61325462941905, ""iv_crush_max"": 28.5, ""market_hostility_max"": 20.338151739085255, ""min_5depth_lots_each_side"": 37.0, ""min_top_book_lots"": 1.0, ""premium_elasticity_min"": 0.5, ""regime_confidence_min"": 60.0, ""spread_pct_max"": 0.2900886381949967, ""trade_quality_min"": 32.347466390893445}",53.35966883804496,paper-strategy-8ade763620b6,opportunity-score-8ade763620b6,PAPER_OVERRIDE::FYERS_PAPER_PROXY_RESEARCH,SKIPPED_FORWARD_PROXY,147.15,147.25,0.0,-7.974999999999994,False,False,-0.3189999999999998,OBSERVED,,FYERS_PAPER_PROXY_RESEARCH
202608241352_2_BANKNIFTY_PE,30,2026-08-24T14:23:21.857331+05:30,BANKNIFTY,BANKNIFTY,NSE_INDEX,2e840ccd58d1,"{""contract_quality_min"": 0.0, ""direction_min"": 2.7267647476734034, ""excellent_score_min"": 53.35966883804496, ""execution_quality_min"": 100.0, ""expected_required_ratio_min"": 1.4166666666666667, ""final_confidence_min"": 81.61325462941905, ""iv_crush_max"": 28.5, ""market_hostility_max"": 20.338151739085255, ""min_5depth_lots_each_side"": 11.0, ""min_top_book_lots"": 2.0, ""premium_elasticity_min"": 0.7, ""regime_confidence_min"": 60.0, ""spread_pct_max"": 0.36877688998156116, ""trade_quality_min"": 32.347466390893445}",53.35966883804496,paper-strategy-8ade763620b6,opportunity-score-8ade763620b6,PAPER_OVERRIDE::FYERS_PAPER_PROXY_RESEARCH,SKIPPED_FORWARD_PROXY,193.1,193.7,0.0,-10.275000000000006,False,False,-0.41100000000000025,OBSERVED,,FYERS_PAPER_PROXY_RESEARCH
202608241352_3_BANKNIFTY_CE,30,2026-08-24T14:23:21.857331+05:30,BANKNIFTY,BANKNIFTY,NSE_INDEX,2e840ccd58d1,"{""contract_quality_min"": 0.0, ""direction_min"": 0.0, ""excellent_score_min"": 52.868851183463754, ""execution_quality_min"": 100.0, ""expected_required_ratio_min"": 1.4166666666666667, ""final_confidence_min"": 80.79522520511703, ""iv_crush_max"": 28.5, ""market_hostility_max"": 20.338151739085255, ""min_5depth_lots_each_side"": 24.0, ""min_top_book_lots"": 1.0, ""premium_elasticity_min"": 0.5, ""regime_confidence_min"": 60.0, ""spread_pct_max"": 0.3104212860310371, ""trade_quality_min"": 32.347466390893445}",52.868851183463754,paper-strategy-8ade763620b6,opportunity-score-8ade763620b6,PAPER_OVERRIDE::FYERS_PAPER_PROXY_RESEARCH,SKIPPED_FORWARD_PROXY,231.3,231.95,5.800000000000011,0.0,False,False,0.23200000000000046,OBSERVED,,FYERS_PAPER_PROXY_RESEARCH
202608241352_4_MIDCPNIFTY_CE,30,2026-08-24T14:23:21.857331+05:30,MIDCPNIFTY,MIDCPNIFTY,NSE_INDEX,712afad509f5,"{""contract_quality_min"": 0.0, ""direction_min"": 0.0, ""excellent_score_min"": 51.85702023891194, ""execution_quality_min"": 87.91786266283928, ""expected_required_ratio_min"": 1.0833333333333333, ""final_confidence_min"": 81.30286044966229, ""iv_crush_max"": 28.5, ""market_hostility_max"": 19.515001619706425, ""min_5depth_lots_each_side"": 12.0, ""min_top_book_lots"": 2.0, ""premium_elasticity_min"": 0.7, ""regime_confidence_min"": 60.0, ""spread_pct_max"": 1.0819165378670834, ""trade_quality_min"": 37.80821917807926}",51.85702023891194,paper-strategy-8ade763620b6,opportunity-score-8ade763620b6,PAPER_OVERRIDE::FYERS_PAPER_PROXY_RESEARCH,SKIPPED_FORWARD_PROXY,65.95,66.5,1.2500000000000142,0.0,False,False,0.0965996908809903,OBSERVED,,FYERS_PAPER_PROXY_RESEARCH
202608241352_5_BANKNIFTY_PE,30,2026-08-24T14:23:21.857331+05:30,BANKNIFTY,BANKNIFTY,NSE_INDEX,2e840ccd58d1,"{""contract_quality_min"": 0.0, ""direction_min"": 2.7267647476734034, ""excellent_score_min"": 50.55966883804496, ""execution_quality_min"": 100.0, ""expected_required_ratio_min"": 1.4166666666666667, ""final_confidence_min"": 81.61325462941905, ""iv_crush_max"": 28.5, ""market_hostility_max"": 20.338151739085255, ""min_5depth_lots_each_side"": 43.0, ""min_top_book_lots"": 1.0, ""premium_elasticity_min"": 0.3, ""regime_confidence_min"": 60.0, ""spread_pct_max"": 0.2578427159432722, ""trade_quality_min"": 32.347466390893445}",50.55966883804496,paper-strategy-8ade763620b6,opportunity-score-8ade763620b6,PAPER_OVERRIDE::FYERS_PAPER_PROXY_RESEARCH,SKIPPED_FORWARD_PROXY,110.05,110.3,0.0,-6.299999999999997,False,False,-0.2707348517404382,OBSERVED,,FYERS_PAPER_PROXY_RESEARCH
202608241354_1_HINDALCO_PE,30,2026-08-24T14:24:38.560556+05:30,HINDALCO,HINDALCO,NSE_STOCK_OPTION,0b8f346aac89,"{""contract_quality_min"": 0.0, ""direction_min"": 4.9434356878037145, ""excellent_score_min"": 22.21763589201108, ""execution_quality_min"": 73.49544072948339, ""expected_required_ratio_min"": 1.1666666666666665, ""final_confidence_min"": 67.33788581624985, ""iv_crush_max"": 28.5, ""market_hostility_max"": 26.66809347157436, ""min_5depth_lots_each_side"": 6.0, ""min_top_book_lots"": 1.0, ""premium_elasticity_min"": 0.7, ""regime_confidence_min"": 60.0, ""spread_pct_max"": 1.4184397163120543, ""trade_quality_min"": 20.392156862746496}",22.21763589201108,paper-strategy-8ade763620b6,opportunity-score-8ade763620b6,PAPER_OVERRIDE::FYERS_PAPER_PROXY_RESEARCH,SKIPPED_FORWARD_PROXY,,,UNAVAILABLE,UNAVAILABLE,UNAVAILABLE,UNAVAILABLE,UNAVAILABLE,UNAVAILABLE,Future quote invalid,FYERS_PAPER_PROXY_RESEARCH
202608241354_2_HINDUNILVR_PE,30,2026-08-24T14:24:38.560556+05:30,HINDUNILVR,HINDUNILVR,NSE_STOCK_OPTION,7c6072ee0b40,"{""contract_quality_min"": 0.0, ""direction_min"": 1.9845207382417147, ""excellent_score_min"": 18.147531461483013, ""execution_quality_min"": 61.36363636363638, ""expected_required_ratio_min"": 1.1666666666666665, ""final_confidence_min"": 61.953522266580215, ""iv_crush_max"": 28.5, ""market_hostility_max"": 23.469389443038363, ""min_5depth_lots_each_side"": 5.0, ""min_top_book_lots"": 1.0, ""premium_elasticity_min"": 0.7, ""regime_confidence_min"": 60.0, ""spread_pct_max"": 1.6233766233766231, ""trade_quality_min"": 12.121212121211455}",18.147531461483013,paper-strategy-8ade763620b6,opportunity-score-8ade763620b6,PAPER_OVERRIDE::FYERS_PAPER_PROXY_RESEARCH,SKIPPED_FORWARD_PROXY,,,UNAVAILABLE,UNAVAILABLE,UNAVAILABLE,UNAVAILABLE,UNAVAILABLE,UNAVAILABLE,Future quote invalid,FYERS_PAPER_PROXY_RESEARCH
202608241354_3_HDFCLIFE_CE,30,2026-08-24T14:24:38.560556+05:30,HDFCLIFE,HDFCLIFE,NSE_STOCK_OPTION,f8509861bdd0,"{""contract_quality_min"": 0.0, ""direction_min"": 0.0, ""excellent_score_min"": 17.451669657809056, ""execution_quality_min"": 0.0, ""expected_required_ratio_min"": 1.1666666666666667, ""final_confidence_min"": 46.806836776303605, ""iv_crush_max"": 28.5, ""market_hostility_max"": 27.20691322214236, ""min_5depth_lots_each_side"": 7.0, ""min_top_book_lots"": 1.0, ""premium_elasticity_min"": 0.7, ""regime_confidence_min"": 60.0, ""spread_pct_max"": 3.508771929824561, ""trade_quality_min"": 57.142857142857146}",17.451669657809056,paper-strategy-8ade763620b6,opportunity-score-8ade763620b6,PAPER_OVERRIDE::FYERS_PAPER_PROXY_RESEARCH,SKIPPED_FORWARD_PROXY,,,UNAVAILABLE,UNAVAILABLE,UNAVAILABLE,UNAVAILABLE,UNAVAILABLE,UNAVAILABLE,Future quote invalid,FYERS_PAPER_PROXY_RESEARCH
202608241354_4_ICICIBANK_CE,30,2026-08-24T14:24:38.560556+05:30,ICICIBANK,ICICIBANK,NSE_STOCK_OPTION,98852c68600e,"{""contract_quality_min"": 0.0, ""direction_min"": 0.0, ""excellent_score_min"": 13.99252730809254, ""execution_quality_min"": 60.05747126436782, ""expected_required_ratio_min"": 1.1666666666666665, ""final_confidence_min"": 57.79556650246305, ""iv_crush_max"": 28.5, ""market_hostility_max"": 24.330600127235755, ""min_5depth_lots_each_side"": 7.0, ""min_top_book_lots"": 2.0, ""premium_elasticity_min"": 0.7, ""regime_confidence_min"": 60.0, ""spread_pct_max"": 1.6420361247947455, ""trade_quality_min"": 0.0}",13.99252730809254,paper-strategy-8ade763620b6,opportunity-score-8ade763620b6,PAPER_OVERRIDE::FYERS_PAPER_PROXY_RESEARCH,SKIPPED_FORWARD_PROXY,14.35,14.55,0.0,-0.875,False,False,-0.28735632183908044,OBSERVED,,FYERS_PAPER_PROXY_RESEARCH
202608241354_5_HINDALCO_CE,30,2026-08-24T14:24:38.560556+05:30,HINDALCO,HINDALCO,NSE_STOCK_OPTION,0b8f346aac89,"{""contract_quality_min"": 0.0, ""direction_min"": 0.0, ""excellent_score_min"": 11.403720621411743, ""execution_quality_min"": 14.694656488549228, ""expected_required_ratio_min"": 1.1666666666666665, ""final_confidence_min"": 54.815063003363235, ""iv_crush_max"": 28.5, ""market_hostility_max"": 26.66809347157436, ""min_5depth_lots_each_side"": 8.0, ""min_top_book_lots"": 1.0, ""premium_elasticity_min"": 0.7, ""regime_confidence_min"": 60.0, ""spread_pct_max"": 2.290076335877868, ""trade_quality_min"": 20.392156862746496}",11.403720621411743,paper-strategy-8ade763620b6,opportunity-score-8ade763620b6,PAPER_OVERRIDE::FYERS_PAPER_PROXY_RESEARCH,SKIPPED_FORWARD_PROXY,,,UNAVAILABLE,UNAVAILABLE,UNAVAILABLE,UNAVAILABLE,UNAVAILABLE,UNAVAILABLE,Future quote invalid,FYERS_PAPER_PROXY_RESEARCH
202608241409_1_MIDCPNIFTY_CE,15,2026-08-24T14:24:38.560556+05:30,MIDCPNIFTY,MIDCPNIFTY,NSE_INDEX,712afad509f5,"{""contract_quality_min"": 0.0, ""direction_min"": 0.0, ""excellent_score_min"": 44.57521636562513, ""execution_quality_min"": 100.0, ""expected_required_ratio_min"": 1.0833333333333335, ""final_confidence_min"": 72.98297997545345, ""iv_crush_max"": 28.5, ""market_hostility_max"": 20.573659861016868, ""min_5depth_lots_each_side"": 11.0, ""min_top_book_lots"": 2.0, ""premium_elasticity_min"": 0.7, ""regime_confidence_min"": 60.0, ""spread_pct_max"": 0.6862371330537598, ""trade_quality_min"": 5.333333333336011}",44.57521636562513,paper-strategy-8ade763620b6,opportunity-score-8ade763620b6,PAPER_OVERRIDE::FYERS_PAPER_PROXY_RESEARCH,SKIPPED_FORWARD_PROXY,65.05,65.6,0.0,-0.5249999999999915,False,False,-0.04003049942813508,OBSERVED,,FYERS_PAPER_PROXY_RESEARCH
202608241409_2_BANKNIFTY_CE,15,2026-08-24T14:24:38.560556+05:30,BANKNIFTY,BANKNIFTY,NSE_INDEX,2e840ccd58d1,"{""contract_quality_min"": 0.0, ""direction_min"": 0.09069187435707557, ""excellent_score_min"": 43.8315273578379, ""execution_quality_min"": 100.0, ""expected_required_ratio_min"": 1.4166666666666665, ""final_confidence_min"": 71.78801011360801, ""iv_crush_max"": 28.5, ""market_hostility_max"": 21.506197513554014, ""min_5depth_lots_each_side"": 15.0, ""min_top_book_lots"": 1.0, ""premium_elasticity_min"": 0.5, ""regime_confidence_min"": 60.0, ""spread_pct_max"": 0.23837902264601207, ""trade_quality_min"": 0.9146877748481574}",43.8315273578379,paper-strategy-8ade763620b6,opportunity-score-8ade763620b6,PAPER_OVERRIDE::FYERS_PAPER_PROXY_RESEARCH,SKIPPED_FORWARD_PROXY,226.7,227.3,0.0,-4.025000000000006,False,False,-0.16100000000000023,OBSERVED,,FYERS_PAPER_PROXY_RESEARCH
202608241409_3_BANKNIFTY_PE,15,2026-08-24T14:24:38.560556+05:30,BANKNIFTY,BANKNIFTY,NSE_INDEX,2e840ccd58d1,"{""contract_quality_min"": 0.0, ""direction_min"": 0.0, ""excellent_score_min"": 43.81520282045362, ""execution_quality_min"": 100.0, ""expected_required_ratio_min"": 1.4166666666666665, ""final_confidence_min"": 71.76080255130088, ""iv_crush_max"": 28.5, ""market_hostility_max"": 21.506197513554014, ""min_5depth_lots_each_side"": 16.0, ""min_top_book_lots"": 3.0, ""premium_elasticity_min"": 0.5, ""regime_confidence_min"": 60.0, ""spread_pct_max"": 0.23813573737029714, ""trade_quality_min"": 0.9146877748481574}",43.81520282045362,paper-strategy-8ade763620b6,opportunity-score-8ade763620b6,PAPER_OVERRIDE::FYERS_PAPER_PROXY_RESEARCH,SKIPPED_FORWARD_PROXY,150.85,151.25,3.8749999999999716,0.0,False,False,0.15499999999999886,OBSERVED,,FYERS_PAPER_PROXY_RESEARCH
202608241409_4_BANKNIFTY_PE,15,2026-08-24T14:24:38.560556+05:30,BANKNIFTY,BANKNIFTY,NSE_INDEX,2e840ccd58d1,"{""contract_quality_min"": 0.0, ""direction_min"": 0.0, ""excellent_score_min"": 43.81520282045362, ""execution_quality_min"": 100.0, ""expected_required_ratio_min"": 1.4166666666666665, ""final_confidence_min"": 71.76080255130088, ""iv_crush_max"": 28.5, ""market_hostility_max"": 21.506197513554014, ""min_5depth_lots_each_side"": 22.0, ""min_top_book_lots"": 1.0, ""premium_elasticity_min"": 0.7, ""regime_confidence_min"": 60.0, ""spread_pct_max"": 0.2839076009807776, ""trade_quality_min"": 0.9146877748481574}",43.81520282045362,paper-strategy-8ade763620b6,opportunity-score-8ade763620b6,PAPER_OVERRIDE::FYERS_PAPER_PROXY_RESEARCH,SKIPPED_FORWARD_PROXY,197.55,198.2,3.825000000000017,0.0,False,False,0.1530000000000007,OBSERVED,,FYERS_PAPER_PROXY_RESEARCH
202608241409_5_MIDCPNIFTY_CE,15,2026-08-24T14:24:38.560556+05:30,MIDCPNIFTY,MIDCPNIFTY,NSE_INDEX,712afad509f5,"{""contract_quality_min"": 0.0, ""direction_min"": 0.0, ""excellent_score_min"": 41.775216365625134, ""execution_quality_min"": 100.0, ""expected_required_ratio_min"": 1.0833333333333335, ""final_confidence_min"": 72.98297997545345, ""iv_crush_max"": 28.5, ""market_hostility_max"": 20.573659861016868, ""min_5depth_lots_each_side"": 31.0, ""min_top_book_lots"": 3.0, ""premium_elasticity_min"": 0.3, ""regime_confidence_min"": 60.0, ""spread_pct_max"": 0.6523157208088715, ""trade_quality_min"": 5.333333333336011}",41.775216365625134,paper-strategy-8ade763620b6,opportunity-score-8ade763620b6,PAPER_OVERRIDE::FYERS_PAPER_PROXY_RESEARCH,SKIPPED_FORWARD_PROXY,37.75,37.95,0.0,-0.5750000000000028,False,False,-0.07501630789302058,OBSERVED,,FYERS_PAPER_PROXY_RESEARCH
202608241410_1_BANKNIFTY_CE,15,2026-08-24T14:25:53.335018+05:30,BANKNIFTY,BANKNIFTY,NSE_INDEX,2e840ccd58d1,"{""contract_quality_min"": 0.0, ""direction_min"": 1.032402978971096, ""excellent_score_min"": 47.761980762858414, ""execution_quality_min"": 100.0, ""expected_required_ratio_min"": 1.4166666666666665, ""final_confidence_min"": 75.94471551931012, ""iv_crush_max"": 28.5, ""market_hostility_max"": 21.396921851887914, ""min_5depth_lots_each_side"": 39.0, ""min_top_book_lots"": 22.0, ""premium_elasticity_min"": 0.5, ""regime_confidence_min"": 60.0, ""spread_pct_max"": 0.16731734523144612, ""trade_quality_min"": 14.29951690821487}",47.761980762858414,paper-strategy-8ade763620b6,opportunity-score-8ade763620b6,PAPER_OVERRIDE::FYERS_PAPER_PROXY_RESEARCH,SKIPPED_FORWARD_PROXY,177.5,178.0,0.0,-1.8000000000000114,False,False,-0.07200000000000045,OBSERVED,,FYERS_PAPER_PROXY_RESEARCH
202608241410_2_BANKNIFTY_CE,15,2026-08-24T14:25:53.335018+05:30,BANKNIFTY,BANKNIFTY,NSE_INDEX,2e840ccd58d1,"{""contract_quality_min"": 0.0, ""direction_min"": 1.032402978971096, ""excellent_score_min"": 47.761980762858414, ""execution_quality_min"": 100.0, ""expected_required_ratio_min"": 1.4166666666666665, ""final_confidence_min"": 75.94471551931012, ""iv_crush_max"": 28.5, ""market_hostility_max"": 21.396921851887914, ""min_5depth_lots_each_side"": 22.0, ""min_top_book_lots"": 2.0, ""premium_elasticity_min"": 0.7, ""regime_confidence_min"": 60.0, ""spread_pct_max"": 0.2776294714361889, ""trade_quality_min"": 14.29951690821487}",47.761980762858414,paper-strategy-8ade763620b6,opportunity-score-8ade763620b6,PAPER_OVERRIDE::FYERS_PAPER_PROXY_RESEARCH,SKIPPED_FORWARD_PROXY,232.05,232.7,0.0,-2.0749999999999886,False,False,-0.08299999999999955,OBSERVED,,FYERS_PAPER_PROXY_RESEARCH
202608241410_3_BANKNIFTY_PE,15,2026-08-24T14:25:53.335018+05:30,BANKNIFTY,BANKNIFTY,NSE_INDEX,2e840ccd58d1,"{""contract_quality_min"": 0.0, ""direction_min"": 0.0, ""excellent_score_min"": 47.57614822664362, ""execution_quality_min"": 100.0, ""expected_required_ratio_min"": 1.4166666666666665, ""final_confidence_min"": 75.6349946256188, ""iv_crush_max"": 28.5, ""market_hostility_max"": 21.396921851887914, ""min_5depth_lots_each_side"": 14.0, ""min_top_book_lots"": 1.0, ""premium_elasticity_min"": 0.5, ""regime_confidence_min"": 60.0, ""spread_pct_max"": 0.15814443858723404, ""trade_quality_min"": 14.29951690821487}",47.57614822664362,paper-strategy-8ade763620b6,opportunity-score-8ade763620b6,PAPER_OVERRIDE::FYERS_PAPER_PROXY_RESEARCH,SKIPPED_FORWARD_PROXY,192.15,192.65,2.450000000000017,0.0,False,False,0.09800000000000068,OBSERVED,,FYERS_PAPER_PROXY_RESEARCH
202608241410_4_BANKNIFTY_PE,15,2026-08-24T14:25:53.335018+05:30,BANKNIFTY,BANKNIFTY,NSE_INDEX,2e840ccd58d1,"{""contract_quality_min"": 0.0, ""direction_min"": 0.0, ""excellent_score_min"": 44.77614822664362, ""execution_quality_min"": 100.0, ""expected_required_ratio_min"": 1.4166666666666665, ""final_confidence_min"": 75.6349946256188, ""iv_crush_max"": 28.5, ""market_hostility_max"": 21.396921851887914, ""min_5depth_lots_each_side"": 51.0, ""min_top_book_lots"": 15.0, ""premium_elasticity_min"": 0.3, ""regime_confidence_min"": 60.0, ""spread_pct_max"": 0.20855057351408507, ""trade_quality_min"": 14.29951690821487}",44.77614822664362,paper-strategy-8ade763620b6,opportunity-score-8ade763620b6,PAPER_OVERRIDE::FYERS_PAPER_PROXY_RESEARCH,SKIPPED_FORWARD_PROXY,146.0,146.4,2.1500000000000057,0.0,False,False,0.08600000000000023,OBSERVED,,FYERS_PAPER_PROXY_RESEARCH
202608241410_5_MIDCPNIFTY_CE,15,2026-08-24T14:25:53.335018+05:30,MIDCPNIFTY,MIDCPNIFTY,NSE_INDEX,712afad509f5,"{""contract_quality_min"": 0.0, ""direction_min"": 0.0, ""excellent_score_min"": 43.55054345130701, ""execution_quality_min"": 100.0, ""expected_required_ratio_min"": 1.0833333333333333, ""final_confidence_min"": 71.85365828366947, ""iv_crush_max"": 28.5, ""market_hostility_max"": 20.133395427242924, ""min_5depth_lots_each_side"": 17.0, ""min_top_book_lots"": 3.0, ""premium_elasticity_min"": 0.5, ""regime_confidence_min"": 60.0, ""spread_pct_max"": 0.5736137667304098, ""trade_quality_min"": 1.2461059190031718}",43.55054345130701,paper-strategy-8ade763620b6,opportunity-score-8ade763620b6,PAPER_OVERRIDE::FYERS_PAPER_PROXY_RESEARCH,SKIPPED_FORWARD_PROXY,51.9,52.15,0.0,-0.3999999999999986,False,False,-0.03824091778202663,OBSERVED,,FYERS_PAPER_PROXY_RESEARCH
202608241357_1_BANKNIFTY_PE,30,2026-08-24T14:27:11.667634+05:30,BANKNIFTY,BANKNIFTY,NSE_INDEX,2e840ccd58d1,"{""contract_quality_min"": 0.0, ""direction_min"": 2.2321019861348104, ""excellent_score_min"": 55.99479796037517, ""execution_quality_min"": 100.0, ""expected_required_ratio_min"": 1.4166666666666667, ""final_confidence_min"": 84.55004708599479, ""iv_crush_max"": 28.5, ""market_hostility_max"": 20.7121941448267, ""min_5depth_lots_each_side"": 13.0, ""min_top_book_lots"": 1.0, ""premium_elasticity_min"": 0.5, ""regime_confidence_min"": 60.0, ""spread_pct_max"": 0.22022966808242522, ""trade_quality_min"": 42.38410596024857}",55.99479796037517,paper-strategy-8ade763620b6,opportunity-score-8ade763620b6,PAPER_OVERRIDE::FYERS_PAPER_PROXY_RESEARCH,SKIPPED_FORWARD_PROXY,144.4,144.6,0.0,-14.525000000000006,False,False,-0.5810000000000002,OBSERVED,,FYERS_PAPER_PROXY_RESEARCH
202608241357_2_BANKNIFTY_PE,30,2026-08-24T14:27:11.667634+05:30,BANKNIFTY,BANKNIFTY,NSE_INDEX,2e840ccd58d1,"{""contract_quality_min"": 0.0, ""direction_min"": 2.2321019861348104, ""excellent_score_min"": 55.99479796037517, ""execution_quality_min"": 100.0, ""expected_required_ratio_min"": 1.4166666666666667, ""final_confidence_min"": 84.55004708599479, ""iv_crush_max"": 28.5, ""market_hostility_max"": 20.7121941448267, ""min_5depth_lots_each_side"": 21.0, ""min_top_book_lots"": 3.0, ""premium_elasticity_min"": 0.7, ""regime_confidence_min"": 60.0, ""spread_pct_max"": 0.16889854023404235, ""trade_quality_min"": 42.38410596024857}",55.99479796037517,paper-strategy-8ade763620b6,opportunity-score-8ade763620b6,PAPER_OVERRIDE::FYERS_PAPER_PROXY_RESEARCH,SKIPPED_FORWARD_PROXY,190.0,190.1,0.0,-17.225000000000023,False,False,-0.689000000000001,OBSERVED,,FYERS_PAPER_PROXY_RESEARCH
202608241357_3_BANKNIFTY_CE,30,2026-08-24T14:27:11.667634+05:30,BANKNIFTY,BANKNIFTY,NSE_INDEX,2e840ccd58d1,"{""contract_quality_min"": 0.0, ""direction_min"": 0.0, ""excellent_score_min"": 55.5930196028709, ""execution_quality_min"": 100.0, ""expected_required_ratio_min"": 1.4166666666666667, ""final_confidence_min"": 83.88041649015436, ""iv_crush_max"": 28.5, ""market_hostility_max"": 20.7121941448267, ""min_5depth_lots_each_side"": 14.0, ""min_top_book_lots"": 1.0, ""premium_elasticity_min"": 0.5, ""regime_confidence_min"": 60.0, ""spread_pct_max"": 0.29401786723962714, ""trade_quality_min"": 42.38410596024857}",55.5930196028709,paper-strategy-8ade763620b6,opportunity-score-8ade763620b6,PAPER_OVERRIDE::FYERS_PAPER_PROXY_RESEARCH,SKIPPED_FORWARD_PROXY,233.55,234.2,12.475000000000023,0.0,False,False,0.4990000000000009,OBSERVED,,FYERS_PAPER_PROXY_RESEARCH
202608241357_4_BANKNIFTY_CE,30,2026-08-24T14:27:11.667634+05:30,BANKNIFTY,BANKNIFTY,NSE_INDEX,2e840ccd58d1,"{""contract_quality_min"": 0.0, ""direction_min"": 0.0, ""excellent_score_min"": 55.5930196028709, ""execution_quality_min"": 100.0, ""expected_required_ratio_min"": 1.4166666666666667, ""final_confidence_min"": 83.88041649015436, ""iv_crush_max"": 28.5, ""market_hostility_max"": 20.7121941448267, ""min_5depth_lots_each_side"": 16.0, ""min_top_book_lots"": 3.0, ""premium_elasticity_min"": 0.7, ""regime_confidence_min"": 60.0, ""spread_pct_max"": 0.2125398512221122, ""trade_quality_min"": 42.38410596024857}",55.5930196028709,paper-strategy-8ade763620b6,opportunity-score-8ade763620b6,PAPER_OVERRIDE::FYERS_PAPER_PROXY_RESEARCH,SKIPPED_FORWARD_PROXY,298.3,299.0,16.0,0.0,False,False,0.64,OBSERVED,,FYERS_PAPER_PROXY_RESEARCH
202608241357_5_NIFTY_CE,30,2026-08-24T14:27:11.667634+05:30,NIFTY,NIFTY,NSE_INDEX,00929e22c867,"{""contract_quality_min"": 0.0, ""direction_min"": 0.0, ""excellent_score_min"": 53.84447271590153, ""execution_quality_min"": 100.0, ""expected_required_ratio_min"": 1.3333333333333333, ""final_confidence_min"": 79.6752562595807, ""iv_crush_max"": 28.5, ""market_hostility_max"": 18.970610857371916, ""min_5depth_lots_each_side"": 104.0, ""min_top_book_lots"": 40.0, ""premium_elasticity_min"": 0.7, ""regime_confidence_min"": 60.0, ""spread_pct_max"": 0.21905805038335158, ""trade_quality_min"": 28.35978835977386}",53.84447271590153,paper-strategy-8ade763620b6,opportunity-score-8ade763620b6,PAPER_OVERRIDE::FYERS_PAPER_PROXY_RESEARCH,SKIPPED_FORWARD_PROXY,120.0,120.1,5.875,0.0,False,False,0.25739320920043807,OBSERVED,,FYERS_PAPER_PROXY_RESEARCH
202608241358_1_BANKNIFTY_PE,30,2026-08-24T14:28:40.216166+05:30,BANKNIFTY,BANKNIFTY,NSE_INDEX,2e840ccd58d1,"{""contract_quality_min"": 0.0, ""direction_min"": 0.7813760415801648, ""excellent_score_min"": 50.14875356439122, ""execution_quality_min"": 100.0, ""expected_required_ratio_min"": 1.4166666666666667, ""final_confidence_min"": 78.33720640623284, ""iv_crush_max"": 28.5, ""market_hostility_max"": 20.756693929862404, ""min_5depth_lots_each_side"": 20.0, ""min_top_book_lots"": 2.0, ""premium_elasticity_min"": 0.5, ""regime_confidence_min"": 60.0, ""spread_pct_max"": 0.16433853738701726, ""trade_quality_min"": 22.399999999986033}",50.14875356439122,paper-strategy-8ade763620b6,opportunity-score-8ade763620b6,PAPER_OVERRIDE::FYERS_PAPER_PROXY_RESEARCH,SKIPPED_FORWARD_PROXY,134.75,135.2,0.0,-17.375,False,False,-0.695,OBSERVED,,FYERS_PAPER_PROXY_RESEARCH
202608241358_2_BANKNIFTY_PE,30,2026-08-24T14:28:40.216166+05:30,BANKNIFTY,BANKNIFTY,NSE_INDEX,2e840ccd58d1,"{""contract_quality_min"": 0.0, ""direction_min"": 0.7813760415801648, ""excellent_score_min"": 50.14875356439122, ""execution_quality_min"": 100.0, ""expected_required_ratio_min"": 1.4166666666666667, ""final_confidence_min"": 78.33720640623284, ""iv_crush_max"": 28.5, ""market_hostility_max"": 20.756693929862404, ""min_5depth_lots_each_side"": 28.0, ""min_top_book_lots"": 1.0, ""premium_elasticity_min"": 0.7, ""regime_confidence_min"": 60.0, ""spread_pct_max"": 0.225818592397435, ""trade_quality_min"": 22.399999999986033}",50.14875356439122,paper-strategy-8ade763620b6,opportunity-score-8ade763620b6,PAPER_OVERRIDE::FYERS_PAPER_PROXY_RESEARCH,SKIPPED_FORWARD_PROXY,175.5,176.1,0.0,-23.775000000000006,False,False,-0.9510000000000002,OBSERVED,,FYERS_PAPER_PROXY_RESEARCH
202608241358_3_BANKNIFTY_CE,30,2026-08-24T14:28:40.216166+05:30,BANKNIFTY,BANKNIFTY,NSE_INDEX,2e840ccd58d1,"{""contract_quality_min"": 0.0, ""direction_min"": 0.0, ""excellent_score_min"": 50.00810587690678, ""execution_quality_min"": 100.0, ""expected_required_ratio_min"": 1.4166666666666667, ""final_confidence_min"": 78.10279359375878, ""iv_crush_max"": 28.5, ""market_hostility_max"": 20.756693929862404, ""min_5depth_lots_each_side"": 9.0, ""min_top_book_lots"": 1.0, ""premium_elasticity_min"": 0.5, ""regime_confidence_min"": 60.0, ""spread_pct_max"": 0.24269167126310487, ""trade_quality_min"": 22.399999999986033}",50.00810587690678,paper-strategy-8ade763620b6,opportunity-score-8ade763620b6,PAPER_OVERRIDE::FYERS_PAPER_PROXY_RESEARCH,SKIPPED_FORWARD_PROXY,247.6,248.3,20.974999999999994,0.0,False,False,0.8389999999999997,OBSERVED,,FYERS_PAPER_PROXY_RESEARCH
202608241358_4_BANKNIFTY_CE,30,2026-08-24T14:28:40.216166+05:30,BANKNIFTY,BANKNIFTY,NSE_INDEX,2e840ccd58d1,"{""contract_quality_min"": 0.0, ""direction_min"": 0.0, ""excellent_score_min"": 50.00810587690678, ""execution_quality_min"": 100.0, ""expected_required_ratio_min"": 1.4166666666666667, ""final_confidence_min"": 78.10279359375878, ""iv_crush_max"": 28.5, ""market_hostility_max"": 20.756693929862404, ""min_5depth_lots_each_side"": 25.0, ""min_top_book_lots"": 2.0, ""premium_elasticity_min"": 0.7, ""regime_confidence_min"": 60.0, ""spread_pct_max"": 0.2607561929595828, ""trade_quality_min"": 22.399999999986033}",50.00810587690678,paper-strategy-8ade763620b6,opportunity-score-8ade763620b6,PAPER_OVERRIDE::FYERS_PAPER_PROXY_RESEARCH,SKIPPED_FORWARD_PROXY,313.1,314.0,25.475000000000023,0.0,False,False,1.019000000000001,OBSERVED,,FYERS_PAPER_PROXY_RESEARCH
202608241358_5_BANKNIFTY_CE,30,2026-08-24T14:28:40.216166+05:30,BANKNIFTY,BANKNIFTY,NSE_INDEX,2e840ccd58d1,"{""contract_quality_min"": 0.0, ""direction_min"": 0.0, ""excellent_score_min"": 47.208105876906785, ""execution_quality_min"": 100.0, ""expected_required_ratio_min"": 1.4166666666666667, ""final_confidence_min"": 78.10279359375878, ""iv_crush_max"": 28.5, ""market_hostility_max"": 20.756693929862404, ""min_5depth_lots_each_side"": 31.0, ""min_top_book_lots"": 2.0, ""premium_elasticity_min"": 0.3, ""regime_confidence_min"": 60.0, ""spread_pct_max"": 0.2881014116969173, ""trade_quality_min"": 22.399999999986033}",47.208105876906785,paper-strategy-8ade763620b6,opportunity-score-8ade763620b6,PAPER_OVERRIDE::FYERS_PAPER_PROXY_RESEARCH,SKIPPED_FORWARD_PROXY,192.2,192.8,18.649999999999977,0.0,False,False,0.7459999999999991,OBSERVED,,FYERS_PAPER_PROXY_RESEARCH
202608241359_1_BANKNIFTY_CE,30,2026-08-24T14:29:25.388558+05:30,BANKNIFTY,BANKNIFTY,NSE_INDEX,2e840ccd58d1,"{""contract_quality_min"": 0.0, ""direction_min"": 0.7185743624180662, ""excellent_score_min"": 47.61287624550182, ""execution_quality_min"": 100.0, ""expected_required_ratio_min"": 1.4166666666666665, ""final_confidence_min"": 75.62729834948485, ""iv_crush_max"": 28.5, ""market_hostility_max"": 20.776932958977948, ""min_5depth_lots_each_side"": 29.0, ""min_top_book_lots"": 1.0, ""premium_elasticity_min"": 0.5, ""regime_confidence_min"": 60.0, ""spread_pct_max"": 0.25912329950334456, ""trade_quality_min"": 13.398373983740454}",47.61287624550182,paper-strategy-8ade763620b6,opportunity-score-8ade763620b6,PAPER_OVERRIDE::FYERS_PAPER_PROXY_RESEARCH,SKIPPED_FORWARD_PROXY,246.7,247.55,15.149999999999977,0.0,False,False,0.6059999999999991,OBSERVED,,FYERS_PAPER_PROXY_RESEARCH
202608241359_2_BANKNIFTY_PE,30,2026-08-24T14:29:25.388558+05:30,BANKNIFTY,BANKNIFTY,NSE_INDEX,2e840ccd58d1,"{""contract_quality_min"": 0.0, ""direction_min"": 0.0, ""excellent_score_min"": 47.48353286026657, ""execution_quality_min"": 100.0, ""expected_required_ratio_min"": 1.4166666666666665, ""final_confidence_min"": 75.41172604075942, ""iv_crush_max"": 28.5, ""market_hostility_max"": 20.776932958977948, ""min_5depth_lots_each_side"": 10.0, ""min_top_book_lots"": 1.0, ""premium_elasticity_min"": 0.5, ""regime_confidence_min"": 60.0, ""spread_pct_max"": 0.23580933131210663, ""trade_quality_min"": 13.398373983740454}",47.48353286026657,paper-strategy-8ade763620b6,opportunity-score-8ade763620b6,PAPER_OVERRIDE::FYERS_PAPER_PROXY_RESEARCH,SKIPPED_FORWARD_PROXY,136.4,136.45,0.0,-12.025000000000006,False,False,-0.4810000000000002,OBSERVED,,FYERS_PAPER_PROXY_RESEARCH
202608241359_3_BANKNIFTY_PE,30,2026-08-24T14:29:25.388558+05:30,BANKNIFTY,BANKNIFTY,NSE_INDEX,2e840ccd58d1,"{""contract_quality_min"": 0.0, ""direction_min"": 0.0, ""excellent_score_min"": 47.48353286026657, ""execution_quality_min"": 100.0, ""expected_required_ratio_min"": 1.4166666666666665, ""final_confidence_min"": 75.41172604075942, ""iv_crush_max"": 28.5, ""market_hostility_max"": 20.776932958977948, ""min_5depth_lots_each_side"": 11.0, ""min_top_book_lots"": 2.0, ""premium_elasticity_min"": 0.7, ""regime_confidence_min"": 60.0, ""spread_pct_max"": 0.3081664098613222, ""trade_quality_min"": 13.398373983740454}",47.48353286026657,paper-strategy-8ade763620b6,opportunity-score-8ade763620b6,PAPER_OVERRIDE::FYERS_PAPER_PROXY_RESEARCH,SKIPPED_FORWARD_PROXY,180.2,180.45,0.0,-14.5,False,False,-0.58,OBSERVED,,FYERS_PAPER_PROXY_RESEARCH
202608241359_4_BANKNIFTY_CE,30,2026-08-24T14:29:25.388558+05:30,BANKNIFTY,BANKNIFTY,NSE_INDEX,2e840ccd58d1,"{""contract_quality_min"": 0.0, ""direction_min"": 0.7185743624180662, ""excellent_score_min"": 44.812876245501826, ""execution_quality_min"": 100.0, ""expected_required_ratio_min"": 1.4166666666666665, ""final_confidence_min"": 75.62729834948485, ""iv_crush_max"": 28.5, ""market_hostility_max"": 20.776932958977948, ""min_5depth_lots_each_side"": 19.0, ""min_top_book_lots"": 1.0, ""premium_elasticity_min"": 0.3, ""regime_confidence_min"": 60.0, ""spread_pct_max"": 0.2817695125387433, ""trade_quality_min"": 13.398373983740454}",44.812876245501826,paper-strategy-8ade763620b6,opportunity-score-8ade763620b6,PAPER_OVERRIDE::FYERS_PAPER_PROXY_RESEARCH,SKIPPED_FORWARD_PROXY,190.55,190.95,13.100000000000023,0.0,False,False,0.5240000000000009,OBSERVED,,FYERS_PAPER_PROXY_RESEARCH
202608241413_1_MIDCPNIFTY_PE,15,2026-08-24T14:29:25.388558+05:30,MIDCPNIFTY,MIDCPNIFTY,NSE_INDEX,712afad509f5,"{""contract_quality_min"": 0.0, ""direction_min"": 1.1566757676434507, ""excellent_score_min"": 46.670949144760534, ""execution_quality_min"": 100.0, ""expected_required_ratio_min"": 1.0833333333333333, ""final_confidence_min"": 75.14824883989584, ""iv_crush_max"": 28.5, ""market_hostility_max"": 19.856148374838124, ""min_5depth_lots_each_side"": 18.0, ""min_top_book_lots"": 1.0, ""premium_elasticity_min"": 0.5, ""regime_confidence_min"": 60.0, ""spread_pct_max"": 0.5991611743559018, ""trade_quality_min"": 11.582491582497722}",46.670949144760534,paper-strategy-8ade763620b6,opportunity-score-8ade763620b6,PAPER_OVERRIDE::FYERS_PAPER_PROXY_RESEARCH,SKIPPED_FORWARD_PROXY,36.6,36.85,0.0,-5.125,False,False,-0.6141402037147993,OBSERVED,,FYERS_PAPER_PROXY_RESEARCH
202608241413_2_MIDCPNIFTY_PE,15,2026-08-24T14:29:25.388558+05:30,MIDCPNIFTY,MIDCPNIFTY,NSE_INDEX,712afad509f5,"{""contract_quality_min"": 0.0, ""direction_min"": 1.1566757676434507, ""excellent_score_min"": 46.670949144760534, ""execution_quality_min"": 100.0, ""expected_required_ratio_min"": 1.0833333333333333, ""final_confidence_min"": 75.14824883989584, ""iv_crush_max"": 28.5, ""market_hostility_max"": 19.856148374838124, ""min_5depth_lots_each_side"": 22.0, ""min_top_book_lots"": 2.0, ""premium_elasticity_min"": 0.7, ""regime_confidence_min"": 60.0, ""spread_pct_max"": 0.642496558054156, ""trade_quality_min"": 11.582491582497722}",46.670949144760534,paper-strategy-8ade763620b6,opportunity-score-8ade763620b6,PAPER_OVERRIDE::FYERS_PAPER_PROXY_RESEARCH,SKIPPED_FORWARD_PROXY,48.3,48.6,0.0,-6.174999999999997,False,False,-0.5667737494263421,OBSERVED,,FYERS_PAPER_PROXY_RESEARCH
202608241413_3_MIDCPNIFTY_CE,15,2026-08-24T14:29:25.388558+05:30,MIDCPNIFTY,MIDCPNIFTY,NSE_INDEX,712afad509f5,"{""contract_quality_min"": 0.0, ""direction_min"": 0.0, ""excellent_score_min"": 46.46274750658471, ""execution_quality_min"": 100.0, ""expected_required_ratio_min"": 1.0833333333333333, ""final_confidence_min"": 74.8012461096028, ""iv_crush_max"": 28.5, ""market_hostility_max"": 19.856148374838124, ""min_5depth_lots_each_side"": 19.0, ""min_top_book_lots"": 1.0, ""premium_elasticity_min"": 0.5, ""regime_confidence_min"": 60.0, ""spread_pct_max"": 0.5964214711729707, ""trade_quality_min"": 11.582491582497722}",46.46274750658471,paper-strategy-8ade763620b6,opportunity-score-8ade763620b6,PAPER_OVERRIDE::FYERS_PAPER_PROXY_RESEARCH,SKIPPED_FORWARD_PROXY,55.1,55.4,4.800000000000004,0.0,False,False,0.47713717693837016,OBSERVED,,FYERS_PAPER_PROXY_RESEARCH
202608241413_4_MIDCPNIFTY_CE,15,2026-08-24T14:29:25.388558+05:30,MIDCPNIFTY,MIDCPNIFTY,NSE_INDEX,712afad509f5,"{""contract_quality_min"": 0.0, ""direction_min"": 0.0, ""excellent_score_min"": 46.46274750658471, ""execution_quality_min"": 100.0, ""expected_required_ratio_min"": 1.0833333333333333, ""final_confidence_min"": 74.8012461096028, ""iv_crush_max"": 28.5, ""market_hostility_max"": 19.856148374838124, ""min_5depth_lots_each_side"": 6.0, ""min_top_book_lots"": 2.0, ""premium_elasticity_min"": 0.7, ""regime_confidence_min"": 60.0, ""spread_pct_max"": 0.6915097963887866, ""trade_quality_min"": 11.582491582497722}",46.46274750658471,paper-strategy-8ade763620b6,opportunity-score-8ade763620b6,PAPER_OVERRIDE::FYERS_PAPER_PROXY_RESEARCH,SKIPPED_FORWARD_PROXY,70.7,71.1,5.625000000000014,0.0,False,False,0.43219362274299,OBSERVED,,FYERS_PAPER_PROXY_RESEARCH
202608241413_5_BANKNIFTY_PE,15,2026-08-24T14:29:25.388558+05:30,BANKNIFTY,BANKNIFTY,NSE_INDEX,2e840ccd58d1,"{""contract_quality_min"": 0.0, ""direction_min"": 0.48829146815293284, ""excellent_score_min"": 46.10146348764765, ""execution_quality_min"": 100.0, ""expected_required_ratio_min"": 1.4166666666666667, ""final_confidence_min"": 74.21475315418374, ""iv_crush_max"": 28.5, ""market_hostility_max"": 21.526053638510717, ""min_5depth_lots_each_side"": 32.0, ""min_top_book_lots"": 3.0, ""premium_elasticity_min"": 0.5, ""regime_confidence_min"": 60.0, ""spread_pct_max"": 0.34094783498124787, ""trade_quality_min"": 8.805031446536047}",46.10146348764765,paper-strategy-8ade763620b6,opportunity-score-8ade763620b6,PAPER_OVERRIDE::FYERS_PAPER_PROXY_RESEARCH,SKIPPED_FORWARD_PROXY,136.4,136.45,0.0,-10.25,False,False,-0.41,OBSERVED,,FYERS_PAPER_PROXY_RESEARCH
202608241400_1_BANKNIFTY_CE,30,2026-08-24T14:30:45.785634+05:30,BANKNIFTY,BANKNIFTY,NSE_INDEX,2e840ccd58d1,"{""contract_quality_min"": 0.0, ""direction_min"": 0.11162398066852794, ""excellent_score_min"": 44.43809669116894, ""execution_quality_min"": 100.0, ""expected_required_ratio_min"": 1.4166666666666667, ""final_confidence_min"": 72.2073910791171, ""iv_crush_max"": 28.5, ""market_hostility_max"": 20.647702328761643, ""min_5depth_lots_each_side"": 16.0, ""min_top_book_lots"": 5.0, ""premium_elasticity_min"": 0.5, ""regime_confidence_min"": 60.0, ""spread_pct_max"": 0.24274522784949043, ""trade_quality_min"": 2.3021582733894292}",44.43809669116894,paper-strategy-8ade763620b6,opportunity-score-8ade763620b6,PAPER_OVERRIDE::FYERS_PAPER_PROXY_RESEARCH,SKIPPED_FORWARD_PROXY,269.5,270.25,42.92500000000001,0.0,False,False,1.7170000000000005,OBSERVED,,FYERS_PAPER_PROXY_RESEARCH
202608241400_2_BANKNIFTY_PE,30,2026-08-24T14:30:45.785634+05:30,BANKNIFTY,BANKNIFTY,NSE_INDEX,2e840ccd58d1,"{""contract_quality_min"": 0.0, ""direction_min"": 0.0, ""excellent_score_min"": 44.4180043746486, ""execution_quality_min"": 100.0, ""expected_required_ratio_min"": 1.4166666666666667, ""final_confidence_min"": 72.17390388491656, ""iv_crush_max"": 28.5, ""market_hostility_max"": 20.647702328761643, ""min_5depth_lots_each_side"": 25.0, ""min_top_book_lots"": 1.0, ""premium_elasticity_min"": 0.5, ""regime_confidence_min"": 60.0, ""spread_pct_max"": 0.1636929120969062, ""trade_quality_min"": 2.3021582733894292}",44.4180043746486,paper-strategy-8ade763620b6,opportunity-score-8ade763620b6,PAPER_OVERRIDE::FYERS_PAPER_PROXY_RESEARCH,SKIPPED_FORWARD_PROXY,120.05,120.55,0.0,-32.675,False,True,-1.307,OBSERVED,,FYERS_PAPER_PROXY_RESEARCH
202608241400_3_BANKNIFTY_PE,30,2026-08-24T14:30:45.785634+05:30,BANKNIFTY,BANKNIFTY,NSE_INDEX,2e840ccd58d1,"{""contract_quality_min"": 0.0, ""direction_min"": 0.0, ""excellent_score_min"": 44.4180043746486, ""execution_quality_min"": 100.0, ""expected_required_ratio_min"": 1.4166666666666667, ""final_confidence_min"": 72.17390388491656, ""iv_crush_max"": 28.5, ""market_hostility_max"": 20.647702328761643, ""min_5depth_lots_each_side"": 26.0, ""min_top_book_lots"": 1.0, ""premium_elasticity_min"": 0.7, ""regime_confidence_min"": 60.0, ""spread_pct_max"": 0.224859462835722, ""trade_quality_min"": 2.3021582733894292}",44.4180043746486,paper-strategy-8ade763620b6,opportunity-score-8ade763620b6,PAPER_OVERRIDE::FYERS_PAPER_PROXY_RESEARCH,SKIPPED_FORWARD_PROXY,160.3,160.75,0.0,-39.82499999999999,False,True,-1.5929999999999995,OBSERVED,,FYERS_PAPER_PROXY_RESEARCH
202608241400_4_BANKNIFTY_CE,30,2026-08-24T14:30:45.785634+05:30,BANKNIFTY,BANKNIFTY,NSE_INDEX,2e840ccd58d1,"{""contract_quality_min"": 0.0, ""direction_min"": 0.11162398066852794, ""excellent_score_min"": 41.63809669116893, ""execution_quality_min"": 100.0, ""expected_required_ratio_min"": 1.4166666666666667, ""final_confidence_min"": 72.2073910791171, ""iv_crush_max"": 28.5, ""market_hostility_max"": 20.647702328761643, ""min_5depth_lots_each_side"": 27.0, ""min_top_book_lots"": 1.0, ""premium_elasticity_min"": 0.3, ""regime_confidence_min"": 60.0, ""spread_pct_max"": 0.1730602826651349, ""trade_quality_min"": 2.3021582733894292}",41.63809669116893,paper-strategy-8ade763620b6,opportunity-score-8ade763620b6,PAPER_OVERRIDE::FYERS_PAPER_PROXY_RESEARCH,SKIPPED_FORWARD_PROXY,209.55,210.0,36.20000000000002,0.0,False,False,1.4480000000000006,OBSERVED,,FYERS_PAPER_PROXY_RESEARCH
202608241400_5_BANKNIFTY_PE,30,2026-08-24T14:30:45.785634+05:30,BANKNIFTY,BANKNIFTY,NSE_INDEX,2e840ccd58d1,"{""contract_quality_min"": 0.0, ""direction_min"": 0.0, ""excellent_score_min"": 41.618004374648606, ""execution_quality_min"": 100.0, ""expected_required_ratio_min"": 1.4166666666666667, ""final_confidence_min"": 72.17390388491656, ""iv_crush_max"": 28.5, ""market_hostility_max"": 20.647702328761643, ""min_5depth_lots_each_side"": 37.0, ""min_top_book_lots"": 1.0, ""premium_elasticity_min"": 0.3, ""regime_confidence_min"": 60.0, ""spread_pct_max"": 0.26189436927105814, ""trade_quality_min"": 2.3021582733894292}",41.618004374648606,paper-strategy-8ade763620b6,opportunity-score-8ade763620b6,PAPER_OVERRIDE::FYERS_PAPER_PROXY_RESEARCH,SKIPPED_FORWARD_PROXY,89.15,89.45,0.0,-25.400000000000006,False,True,-1.1086861632474903,OBSERVED,,FYERS_PAPER_PROXY_RESEARCH
202608241415_1_MIDCPNIFTY_PE,15,2026-08-24T14:30:45.785634+05:30,MIDCPNIFTY,MIDCPNIFTY,NSE_INDEX,712afad509f5,"{""contract_quality_min"": 0.0, ""direction_min"": 1.2374032017813719, ""excellent_score_min"": 46.601907724614236, ""execution_quality_min"": 100.0, ""expected_required_ratio_min"": 1.0833333333333335, ""final_confidence_min"": 75.07211354775325, ""iv_crush_max"": 28.5, ""market_hostility_max"": 19.999349860332227, ""min_5depth_lots_each_side"": 22.0, ""min_top_book_lots"": 3.0, ""premium_elasticity_min"": 0.5, ""regime_confidence_min"": 60.0, ""spread_pct_max"": 0.7299270072992631, ""trade_quality_min"": 11.28834355828681}",46.601907724614236,paper-strategy-8ade763620b6,opportunity-score-8ade763620b6,PAPER_OVERRIDE::FYERS_PAPER_PROXY_RESEARCH,SKIPPED_FORWARD_PROXY,34.9,35.15,0.0,-6.200000000000003,False,False,-0.7542579075425794,OBSERVED,,FYERS_PAPER_PROXY_RESEARCH
202608241415_2_MIDCPNIFTY_PE,15,2026-08-24T14:30:45.785634+05:30,MIDCPNIFTY,MIDCPNIFTY,NSE_INDEX,712afad509f5,"{""contract_quality_min"": 0.0, ""direction_min"": 1.2374032017813719, ""excellent_score_min"": 46.601907724614236, ""execution_quality_min"": 100.0, ""expected_required_ratio_min"": 1.0833333333333335, ""final_confidence_min"": 75.07211354775325, ""iv_crush_max"": 28.5, ""market_hostility_max"": 19.999349860332227, ""min_5depth_lots_each_side"": 14.0, ""min_top_book_lots"": 2.0, ""premium_elasticity_min"": 0.7, ""regime_confidence_min"": 60.0, ""spread_pct_max"": 0.5617977528089835, ""trade_quality_min"": 11.28834355828681}",46.601907724614236,paper-strategy-8ade763620b6,opportunity-score-8ade763620b6,PAPER_OVERRIDE::FYERS_PAPER_PROXY_RESEARCH,SKIPPED_FORWARD_PROXY,46.25,46.5,0.0,-7.149999999999999,False,False,-0.6694756554307115,OBSERVED,,FYERS_PAPER_PROXY_RESEARCH
202608241415_3_MIDCPNIFTY_CE,15,2026-08-24T14:30:45.785634+05:30,MIDCPNIFTY,MIDCPNIFTY,NSE_INDEX,712afad509f5,"{""contract_quality_min"": 0.0, ""direction_min"": 0.0, ""excellent_score_min"": 46.379175148293584, ""execution_quality_min"": 100.0, ""expected_required_ratio_min"": 1.0833333333333335, ""final_confidence_min"": 74.70089258721885, ""iv_crush_max"": 28.5, ""market_hostility_max"": 19.999349860332227, ""min_5depth_lots_each_side"": 10.0, ""min_top_book_lots"": 2.0, ""premium_elasticity_min"": 0.7, ""regime_confidence_min"": 60.0, ""spread_pct_max"": 0.6092916984005962, ""trade_quality_min"": 11.28834355828681}",46.379175148293584,paper-strategy-8ade763620b6,opportunity-score-8ade763620b6,PAPER_OVERRIDE::FYERS_PAPER_PROXY_RESEARCH,SKIPPED_FORWARD_PROXY,73.2,73.65,7.549999999999997,0.0,False,False,0.5750190403655747,OBSERVED,,FYERS_PAPER_PROXY_RESEARCH
202608241415_4_BANKNIFTY_CE,15,2026-08-24T14:30:45.785634+05:30,BANKNIFTY,BANKNIFTY,NSE_INDEX,2e840ccd58d1,"{""contract_quality_min"": 0.0, ""direction_min"": 0.286008016943622, ""excellent_score_min"": 44.7940316037405, ""execution_quality_min"": 100.0, ""expected_required_ratio_min"": 1.4166666666666667, ""final_confidence_min"": 72.91528613977661, ""iv_crush_max"": 28.5, ""market_hostility_max"": 21.88420930856507, ""min_5depth_lots_each_side"": 32.0, ""min_top_book_lots"": 3.0, ""premium_elasticity_min"": 0.5, ""regime_confidence_min"": 60.0, ""spread_pct_max"": 0.3033586132177632, ""trade_quality_min"": 4.574616457450233}",44.7940316037405,paper-strategy-8ade763620b6,opportunity-score-8ade763620b6,PAPER_OVERRIDE::FYERS_PAPER_PROXY_RESEARCH,SKIPPED_FORWARD_PROXY,269.5,270.25,38.75,0.0,False,False,1.55,OBSERVED,,FYERS_PAPER_PROXY_RESEARCH
202608241415_5_BANKNIFTY_CE,15,2026-08-24T14:30:45.785634+05:30,BANKNIFTY,BANKNIFTY,NSE_INDEX,2e840ccd58d1,"{""contract_quality_min"": 0.0, ""direction_min"": 0.286008016943622, ""excellent_score_min"": 44.7940316037405, ""execution_quality_min"": 100.0, ""expected_required_ratio_min"": 1.4166666666666667, ""final_confidence_min"": 72.91528613977661, ""iv_crush_max"": 28.5, ""market_hostility_max"": 21.88420930856507, ""min_5depth_lots_each_side"": 6.0, ""min_top_book_lots"": 1.0, ""premium_elasticity_min"": 0.7, ""regime_confidence_min"": 60.0, ""spread_pct_max"": 0.1361470388018983, ""trade_quality_min"": 4.574616457450233}",44.7940316037405,paper-strategy-8ade763620b6,opportunity-score-8ade763620b6,PAPER_OVERRIDE::FYERS_PAPER_PROXY_RESEARCH,SKIPPED_FORWARD_PROXY,338.85,339.65,45.05000000000001,0.0,False,False,1.8020000000000005,OBSERVED,,FYERS_PAPER_PROXY_RESEARCH
202608241401_1_BANKNIFTY_PE,30,2026-08-24T14:32:01.476168+05:30,BANKNIFTY,BANKNIFTY,NSE_INDEX,2e840ccd58d1,"{""contract_quality_min"": 0.0, ""direction_min"": 0.2023271106124917, ""excellent_score_min"": 44.577963302447, ""execution_quality_min"": 100.0, ""expected_required_ratio_min"": 1.4166666666666667, ""final_confidence_min"": 72.37603557935259, ""iv_crush_max"": 28.5, ""market_hostility_max"": 20.726912330856226, ""min_5depth_lots_each_side"": 28.0, ""min_top_book_lots"": 2.0, ""premium_elasticity_min"": 0.5, ""regime_confidence_min"": 60.0, ""spread_pct_max"": 0.19847833278201213, ""trade_quality_min"": 2.8189550425357264}",44.577963302447,paper-strategy-8ade763620b6,opportunity-score-8ade763620b6,PAPER_OVERRIDE::FYERS_PAPER_PROXY_RESEARCH,SKIPPED_FORWARD_PROXY,126.7,126.95,0.0,-24.450000000000003,False,False,-0.9780000000000001,OBSERVED,,FYERS_PAPER_PROXY_RESEARCH
202608241401_2_BANKNIFTY_PE,30,2026-08-24T14:32:01.476168+05:30,BANKNIFTY,BANKNIFTY,NSE_INDEX,2e840ccd58d1,"{""contract_quality_min"": 0.0, ""direction_min"": 0.2023271106124917, ""excellent_score_min"": 44.577963302447, ""execution_quality_min"": 100.0, ""expected_required_ratio_min"": 1.4166666666666667, ""final_confidence_min"": 72.37603557935259, ""iv_crush_max"": 28.5, ""market_hostility_max"": 20.726912330856226, ""min_5depth_lots_each_side"": 19.0, ""min_top_book_lots"": 1.0, ""premium_elasticity_min"": 0.7, ""regime_confidence_min"": 60.0, ""spread_pct_max"": 0.27711298652223776, ""trade_quality_min"": 2.8189550425357264}",44.577963302447,paper-strategy-8ade763620b6,opportunity-score-8ade763620b6,PAPER_OVERRIDE::FYERS_PAPER_PROXY_RESEARCH,SKIPPED_FORWARD_PROXY,168.55,168.95,0.0,-29.924999999999983,False,True,-1.1969999999999994,OBSERVED,,FYERS_PAPER_PROXY_RESEARCH
202608241401_3_BANKNIFTY_CE,30,2026-08-24T14:32:01.476168+05:30,BANKNIFTY,BANKNIFTY,NSE_INDEX,2e840ccd58d1,"{""contract_quality_min"": 0.0, ""direction_min"": 0.0, ""excellent_score_min"": 44.54154442253676, ""execution_quality_min"": 100.0, ""expected_required_ratio_min"": 1.4166666666666667, ""final_confidence_min"": 72.31533744616885, ""iv_crush_max"": 28.5, ""market_hostility_max"": 20.726912330856226, ""min_5depth_lots_each_side"": 38.0, ""min_top_book_lots"": 1.0, ""premium_elasticity_min"": 0.5, ""regime_confidence_min"": 60.0, ""spread_pct_max"": 0.3077599472411594, ""trade_quality_min"": 2.8189550425357264}",44.54154442253676,paper-strategy-8ade763620b6,opportunity-score-8ade763620b6,PAPER_OVERRIDE::FYERS_PAPER_PROXY_RESEARCH,SKIPPED_FORWARD_PROXY,259.95,260.65,32.5,0.0,False,False,1.3,OBSERVED,,FYERS_PAPER_PROXY_RESEARCH
202608241401_4_BANKNIFTY_PE,30,2026-08-24T14:32:01.476168+05:30,BANKNIFTY,BANKNIFTY,NSE_INDEX,2e840ccd58d1,"{""contract_quality_min"": 0.0, ""direction_min"": 0.2023271106124917, ""excellent_score_min"": 41.777963302447006, ""execution_quality_min"": 100.0, ""expected_required_ratio_min"": 1.4166666666666667, ""final_confidence_min"": 72.37603557935259, ""iv_crush_max"": 28.5, ""market_hostility_max"": 20.726912330856226, ""min_5depth_lots_each_side"": 30.0, ""min_top_book_lots"": 2.0, ""premium_elasticity_min"": 0.3, ""regime_confidence_min"": 60.0, ""spread_pct_max"": 0.35335689045936897, ""trade_quality_min"": 2.8189550425357264}",41.777963302447006,paper-strategy-8ade763620b6,opportunity-score-8ade763620b6,PAPER_OVERRIDE::FYERS_PAPER_PROXY_RESEARCH,SKIPPED_FORWARD_PROXY,93.0,93.25,0.0,-20.200000000000003,False,False,-0.8922261484098941,OBSERVED,,FYERS_PAPER_PROXY_RESEARCH
202608241401_5_BANKNIFTY_CE,30,2026-08-24T14:32:01.476168+05:30,BANKNIFTY,BANKNIFTY,NSE_INDEX,2e840ccd58d1,"{""contract_quality_min"": 0.0, ""direction_min"": 0.0, ""excellent_score_min"": 41.74154442253676, ""execution_quality_min"": 100.0, ""expected_required_ratio_min"": 1.4166666666666667, ""final_confidence_min"": 72.31533744616885, ""iv_crush_max"": 28.5, ""market_hostility_max"": 20.726912330856226, ""min_5depth_lots_each_side"": 19.0, ""min_top_book_lots"": 1.0, ""premium_elasticity_min"": 0.3, ""regime_confidence_min"": 60.0, ""spread_pct_max"": 0.2302158273381164, ""trade_quality_min"": 2.8189550425357264}",41.74154442253676,paper-strategy-8ade763620b6,opportunity-score-8ade763620b6,PAPER_OVERRIDE::FYERS_PAPER_PROXY_RESEARCH,SKIPPED_FORWARD_PROXY,201.05,201.4,27.30000000000001,0.0,False,False,1.0920000000000005,OBSERVED,,FYERS_PAPER_PROXY_RESEARCH
202608241405_1_MIDCPNIFTY_CE,30,2026-08-24T14:36:01.670469+05:30,MIDCPNIFTY,MIDCPNIFTY,NSE_INDEX,712afad509f5,"{""contract_quality_min"": 0.0, ""direction_min"": 3.9026622212203894, ""excellent_score_min"": 52.24703328991251, ""execution_quality_min"": 100.0, ""expected_required_ratio_min"": 1.0833333333333335, ""final_confidence_min"": 81.1243603721441, ""iv_crush_max"": 28.5, ""market_hostility_max"": 20.281078451809964, ""min_5depth_lots_each_side"": 15.0, ""min_top_book_lots"": 1.0, ""premium_elasticity_min"": 0.5, ""regime_confidence_min"": 60.0, ""spread_pct_max"": 0.5703422053231885, ""trade_quality_min"": 30.12987012987013}",52.24703328991251,paper-strategy-8ade763620b6,opportunity-score-8ade763620b6,PAPER_OVERRIDE::FYERS_PAPER_PROXY_RESEARCH,SKIPPED_FORWARD_PROXY,55.25,55.55,2.6499999999999986,0.0,False,False,0.2519011406844105,OBSERVED,,FYERS_PAPER_PROXY_RESEARCH
202608241405_2_MIDCPNIFTY_CE,30,2026-08-24T14:36:01.670469+05:30,MIDCPNIFTY,MIDCPNIFTY,NSE_INDEX,712afad509f5,"{""contract_quality_min"": 0.0, ""direction_min"": 3.9026622212203894, ""excellent_score_min"": 52.24703328991251, ""execution_quality_min"": 100.0, ""expected_required_ratio_min"": 1.0833333333333335, ""final_confidence_min"": 81.1243603721441, ""iv_crush_max"": 28.5, ""market_hostility_max"": 20.281078451809964, ""min_5depth_lots_each_side"": 6.0, ""min_top_book_lots"": 1.0, ""premium_elasticity_min"": 0.7, ""regime_confidence_min"": 60.0, ""spread_pct_max"": 0.592592592592601, ""trade_quality_min"": 30.12987012987013}",52.24703328991251,paper-strategy-8ade763620b6,opportunity-score-8ade763620b6,PAPER_OVERRIDE::FYERS_PAPER_PROXY_RESEARCH,SKIPPED_FORWARD_PROXY,70.95,71.35,3.450000000000003,0.0,False,False,0.25555555555555576,OBSERVED,,FYERS_PAPER_PROXY_RESEARCH
202608241405_3_BANKNIFTY_CE,30,2026-08-24T14:36:01.670469+05:30,BANKNIFTY,BANKNIFTY,NSE_INDEX,2e840ccd58d1,"{""contract_quality_min"": 0.0, ""direction_min"": 2.9166852012244435, ""excellent_score_min"": 51.120275592400866, ""execution_quality_min"": 100.0, ""expected_required_ratio_min"": 1.4166666666666667, ""final_confidence_min"": 79.43526062771929, ""iv_crush_max"": 28.5, ""market_hostility_max"": 21.18353916067098, ""min_5depth_lots_each_side"": 9.0, ""min_top_book_lots"": 1.0, ""premium_elasticity_min"": 0.5, ""regime_confidence_min"": 60.0, ""spread_pct_max"": 0.21253985122210414, ""trade_quality_min"": 24.992526158452076}",51.120275592400866,paper-strategy-8ade763620b6,opportunity-score-8ade763620b6,PAPER_OVERRIDE::FYERS_PAPER_PROXY_RESEARCH,SKIPPED_FORWARD_PROXY,258.25,259.0,23.0,0.0,False,False,0.92,OBSERVED,,FYERS_PAPER_PROXY_RESEARCH
202608241405_4_BANKNIFTY_PE,30,2026-08-24T14:36:01.670469+05:30,BANKNIFTY,BANKNIFTY,NSE_INDEX,2e840ccd58d1,"{""contract_quality_min"": 0.0, ""direction_min"": 0.0, ""excellent_score_min"": 50.595272256180465, ""execution_quality_min"": 100.0, ""expected_required_ratio_min"": 1.4166666666666667, ""final_confidence_min"": 78.56025506735196, ""iv_crush_max"": 28.5, ""market_hostility_max"": 21.18353916067098, ""min_5depth_lots_each_side"": 22.0, ""min_top_book_lots"": 1.0, ""premium_elasticity_min"": 0.5, ""regime_confidence_min"": 60.0, ""spread_pct_max"": 0.27652955409609803, ""trade_quality_min"": 24.992526158452076}",50.595272256180465,paper-strategy-8ade763620b6,opportunity-score-8ade763620b6,PAPER_OVERRIDE::FYERS_PAPER_PROXY_RESEARCH,SKIPPED_FORWARD_PROXY,129.2,129.45,0.0,-15.449999999999989,False,False,-0.6179999999999995,OBSERVED,,FYERS_PAPER_PROXY_RESEARCH
202608241405_5_BANKNIFTY_PE,30,2026-08-24T14:36:01.670469+05:30,BANKNIFTY,BANKNIFTY,NSE_INDEX,2e840ccd58d1,"{""contract_quality_min"": 0.0, ""direction_min"": 0.0, ""excellent_score_min"": 50.595272256180465, ""execution_quality_min"": 100.0, ""expected_required_ratio_min"": 1.4166666666666667, ""final_confidence_min"": 78.56025506735196, ""iv_crush_max"": 28.5, ""market_hostility_max"": 21.18353916067098, ""min_5depth_lots_each_side"": 14.0, ""min_top_book_lots"": 1.0, ""premium_elasticity_min"": 0.7, ""regime_confidence_min"": 60.0, ""spread_pct_max"": 0.28882762242351734, ""trade_quality_min"": 24.992526158452076}",50.595272256180465,paper-strategy-8ade763620b6,opportunity-score-8ade763620b6,PAPER_OVERRIDE::FYERS_PAPER_PROXY_RESEARCH,SKIPPED_FORWARD_PROXY,173.45,173.85,0.0,-16.975000000000023,False,False,-0.6790000000000009,OBSERVED,,FYERS_PAPER_PROXY_RESEARCH
202608241406_1_MIDCPNIFTY_CE,30,2026-08-24T14:37:19.395605+05:30,MIDCPNIFTY,MIDCPNIFTY,NSE_INDEX,712afad509f5,"{""contract_quality_min"": 0.0, ""direction_min"": 2.8253243236879904, ""excellent_score_min"": 50.47100763715082, ""execution_quality_min"": 100.0, ""expected_required_ratio_min"": 1.0833333333333335, ""final_confidence_min"": 79.27073742406434, ""iv_crush_max"": 28.5, ""market_hostility_max"": 20.35725493360574, ""min_5depth_lots_each_side"": 11.0, ""min_top_book_lots"": 2.0, ""premium_elasticity_min"": 0.7, ""regime_confidence_min"": 60.0, ""spread_pct_max"": 0.7457121551081283, ""trade_quality_min"": 24.489795918370465}",50.47100763715082,paper-strategy-8ade763620b6,opportunity-score-8ade763620b6,PAPER_OVERRIDE::FYERS_PAPER_PROXY_RESEARCH,SKIPPED_FORWARD_PROXY,71.7,72.15,4.650000000000006,0.0,False,False,0.34675615212528005,OBSERVED,,FYERS_PAPER_PROXY_RESEARCH
202608241406_2_MIDCPNIFTY_PE,30,2026-08-24T14:37:19.395605+05:30,MIDCPNIFTY,MIDCPNIFTY,NSE_INDEX,712afad509f5,"{""contract_quality_min"": 0.0, ""direction_min"": 0.0, ""excellent_score_min"": 49.54631937271383, ""execution_quality_min"": 97.2258007588457, ""expected_required_ratio_min"": 1.0833333333333335, ""final_confidence_min"": 78.42314012695793, ""iv_crush_max"": 28.5, ""market_hostility_max"": 20.35725493360574, ""min_5depth_lots_each_side"": 10.0, ""min_top_book_lots"": 1.0, ""premium_elasticity_min"": 0.5, ""regime_confidence_min"": 60.0, ""spread_pct_max"": 0.8647313156269338, ""trade_quality_min"": 24.489795918370465}",49.54631937271383,paper-strategy-8ade763620b6,opportunity-score-8ade763620b6,PAPER_OVERRIDE::FYERS_PAPER_PROXY_RESEARCH,SKIPPED_FORWARD_PROXY,35.05,35.25,0.0,-5.424999999999997,False,False,-0.6701667696108706,OBSERVED,,FYERS_PAPER_PROXY_RESEARCH
202608241406_3_BANKNIFTY_CE,30,2026-08-24T14:37:19.395605+05:30,BANKNIFTY,BANKNIFTY,NSE_INDEX,2e840ccd58d1,"{""contract_quality_min"": 0.0, ""direction_min"": 1.1790221267217988, ""excellent_score_min"": 47.02862011030851, ""execution_quality_min"": 100.0, ""expected_required_ratio_min"": 1.4166666666666667, ""final_confidence_min"": 75.17642191262331, ""iv_crush_max"": 28.5, ""market_hostility_max"": 21.476730245231845, ""min_5depth_lots_each_side"": 21.0, ""min_top_book_lots"": 1.0, ""premium_elasticity_min"": 0.7, ""regime_confidence_min"": 60.0, ""spread_pct_max"": 0.23485992283173587, ""trade_quality_min"": 11.66522864538345}",47.02862011030851,paper-strategy-8ade763620b6,opportunity-score-8ade763620b6,PAPER_OVERRIDE::FYERS_PAPER_PROXY_RESEARCH,SKIPPED_FORWARD_PROXY,338.45,339.55,40.400000000000034,0.0,False,False,1.6160000000000014,OBSERVED,,FYERS_PAPER_PROXY_RESEARCH
202608241406_4_BANKNIFTY_PE,30,2026-08-24T14:37:19.395605+05:30,BANKNIFTY,BANKNIFTY,NSE_INDEX,2e840ccd58d1,"{""contract_quality_min"": 0.0, ""direction_min"": 0.0, ""excellent_score_min"": 46.81639612749858, ""execution_quality_min"": 100.0, ""expected_required_ratio_min"": 1.4166666666666667, ""final_confidence_min"": 74.82271527460676, ""iv_crush_max"": 28.5, ""market_hostility_max"": 21.476730245231845, ""min_5depth_lots_each_side"": 33.0, ""min_top_book_lots"": 1.0, ""premium_elasticity_min"": 0.5, ""regime_confidence_min"": 60.0, ""spread_pct_max"": 0.2061855670103171, ""trade_quality_min"": 11.66522864538345}",46.81639612749858,paper-strategy-8ade763620b6,opportunity-score-8ade763620b6,PAPER_OVERRIDE::FYERS_PAPER_PROXY_RESEARCH,SKIPPED_FORWARD_PROXY,120.0,120.2,0.0,-25.5,False,True,-1.02,OBSERVED,,FYERS_PAPER_PROXY_RESEARCH
202608241406_5_BANKNIFTY_PE,30,2026-08-24T14:37:19.395605+05:30,BANKNIFTY,BANKNIFTY,NSE_INDEX,2e840ccd58d1,"{""contract_quality_min"": 0.0, ""direction_min"": 0.0, ""excellent_score_min"": 46.81639612749858, ""execution_quality_min"": 100.0, ""expected_required_ratio_min"": 1.4166666666666667, ""final_confidence_min"": 74.82271527460676, ""iv_crush_max"": 28.5, ""market_hostility_max"": 21.476730245231845, ""min_5depth_lots_each_side"": 24.0, ""min_top_book_lots"": 2.0, ""premium_elasticity_min"": 0.7, ""regime_confidence_min"": 60.0, ""spread_pct_max"": 0.36534446764091266, ""trade_quality_min"": 11.66522864538345}",46.81639612749858,paper-strategy-8ade763620b6,opportunity-score-8ade763620b6,PAPER_OVERRIDE::FYERS_PAPER_PROXY_RESEARCH,SKIPPED_FORWARD_PROXY,160.3,160.7,0.0,-31.299999999999983,False,True,-1.2519999999999993,OBSERVED,,FYERS_PAPER_PROXY_RESEARCH
202608241409_1_MIDCPNIFTY_CE,30,2026-08-24T14:40:02.257044+05:30,MIDCPNIFTY,MIDCPNIFTY,NSE_INDEX,712afad509f5,"{""contract_quality_min"": 0.0, ""direction_min"": 0.0, ""excellent_score_min"": 44.57521636562513, ""execution_quality_min"": 100.0, ""expected_required_ratio_min"": 1.0833333333333335, ""final_confidence_min"": 72.98297997545345, ""iv_crush_max"": 28.5, ""market_hostility_max"": 20.573659861016868, ""min_5depth_lots_each_side"": 11.0, ""min_top_book_lots"": 2.0, ""premium_elasticity_min"": 0.7, ""regime_confidence_min"": 60.0, ""spread_pct_max"": 0.6862371330537598, ""trade_quality_min"": 5.333333333336011}",44.57521636562513,paper-strategy-8ade763620b6,opportunity-score-8ade763620b6,PAPER_OVERRIDE::FYERS_PAPER_PROXY_RESEARCH,SKIPPED_FORWARD_PROXY,69.35,69.9,3.7750000000000057,0.0,False,False,0.2878383530308811,OBSERVED,,FYERS_PAPER_PROXY_RESEARCH
202608241409_2_BANKNIFTY_CE,30,2026-08-24T14:40:02.257044+05:30,BANKNIFTY,BANKNIFTY,NSE_INDEX,2e840ccd58d1,"{""contract_quality_min"": 0.0, ""direction_min"": 0.09069187435707557, ""excellent_score_min"": 43.8315273578379, ""execution_quality_min"": 100.0, ""expected_required_ratio_min"": 1.4166666666666665, ""final_confidence_min"": 71.78801011360801, ""iv_crush_max"": 28.5, ""market_hostility_max"": 21.506197513554014, ""min_5depth_lots_each_side"": 15.0, ""min_top_book_lots"": 1.0, ""premium_elasticity_min"": 0.5, ""regime_confidence_min"": 60.0, ""spread_pct_max"": 0.23837902264601207, ""trade_quality_min"": 0.9146877748481574}",43.8315273578379,paper-strategy-8ade763620b6,opportunity-score-8ade763620b6,PAPER_OVERRIDE::FYERS_PAPER_PROXY_RESEARCH,SKIPPED_FORWARD_PROXY,254.2,255.15,23.474999999999994,0.0,False,False,0.9389999999999997,OBSERVED,,FYERS_PAPER_PROXY_RESEARCH
202608241409_3_BANKNIFTY_PE,30,2026-08-24T14:40:02.257044+05:30,BANKNIFTY,BANKNIFTY,NSE_INDEX,2e840ccd58d1,"{""contract_quality_min"": 0.0, ""direction_min"": 0.0, ""excellent_score_min"": 43.81520282045362, ""execution_quality_min"": 100.0, ""expected_required_ratio_min"": 1.4166666666666665, ""final_confidence_min"": 71.76080255130088, ""iv_crush_max"": 28.5, ""market_hostility_max"": 21.506197513554014, ""min_5depth_lots_each_side"": 16.0, ""min_top_book_lots"": 3.0, ""premium_elasticity_min"": 0.5, ""regime_confidence_min"": 60.0, ""spread_pct_max"": 0.23813573737029714, ""trade_quality_min"": 0.9146877748481574}",43.81520282045362,paper-strategy-8ade763620b6,opportunity-score-8ade763620b6,PAPER_OVERRIDE::FYERS_PAPER_PROXY_RESEARCH,SKIPPED_FORWARD_PROXY,132.8,133.1,0.0,-14.175000000000011,False,False,-0.5670000000000005,OBSERVED,,FYERS_PAPER_PROXY_RESEARCH
202608241409_4_BANKNIFTY_PE,30,2026-08-24T14:40:02.257044+05:30,BANKNIFTY,BANKNIFTY,NSE_INDEX,2e840ccd58d1,"{""contract_quality_min"": 0.0, ""direction_min"": 0.0, ""excellent_score_min"": 43.81520282045362, ""execution_quality_min"": 100.0, ""expected_required_ratio_min"": 1.4166666666666665, ""final_confidence_min"": 71.76080255130088, ""iv_crush_max"": 28.5, ""market_hostility_max"": 21.506197513554014, ""min_5depth_lots_each_side"": 22.0, ""min_top_book_lots"": 1.0, ""premium_elasticity_min"": 0.7, ""regime_confidence_min"": 60.0, ""spread_pct_max"": 0.2839076009807776, ""trade_quality_min"": 0.9146877748481574}",43.81520282045362,paper-strategy-8ade763620b6,opportunity-score-8ade763620b6,PAPER_OVERRIDE::FYERS_PAPER_PROXY_RESEARCH,SKIPPED_FORWARD_PROXY,176.85,177.35,0.0,-16.875,False,False,-0.675,OBSERVED,,FYERS_PAPER_PROXY_RESEARCH
202608241409_5_MIDCPNIFTY_CE,30,2026-08-24T14:40:02.257044+05:30,MIDCPNIFTY,MIDCPNIFTY,NSE_INDEX,712afad509f5,"{""contract_quality_min"": 0.0, ""direction_min"": 0.0, ""excellent_score_min"": 41.775216365625134, ""execution_quality_min"": 100.0, ""expected_required_ratio_min"": 1.0833333333333335, ""final_confidence_min"": 72.98297997545345, ""iv_crush_max"": 28.5, ""market_hostility_max"": 20.573659861016868, ""min_5depth_lots_each_side"": 31.0, ""min_top_book_lots"": 3.0, ""premium_elasticity_min"": 0.3, ""regime_confidence_min"": 60.0, ""spread_pct_max"": 0.6523157208088715, ""trade_quality_min"": 5.333333333336011}",41.775216365625134,paper-strategy-8ade763620b6,opportunity-score-8ade763620b6,PAPER_OVERRIDE::FYERS_PAPER_PROXY_RESEARCH,SKIPPED_FORWARD_PROXY,40.15,40.4,1.8249999999999957,0.0,False,False,0.2380952380952375,OBSERVED,,FYERS_PAPER_PROXY_RESEARCH
202608241410_1_BANKNIFTY_CE,30,2026-08-24T14:40:38.105052+05:30,BANKNIFTY,BANKNIFTY,NSE_INDEX,2e840ccd58d1,"{""contract_quality_min"": 0.0, ""direction_min"": 1.032402978971096, ""excellent_score_min"": 47.761980762858414, ""execution_quality_min"": 100.0, ""expected_required_ratio_min"": 1.4166666666666665, ""final_confidence_min"": 75.94471551931012, ""iv_crush_max"": 28.5, ""market_hostility_max"": 21.396921851887914, ""min_5depth_lots_each_side"": 39.0, ""min_top_book_lots"": 22.0, ""premium_elasticity_min"": 0.5, ""regime_confidence_min"": 60.0, ""spread_pct_max"": 0.16731734523144612, ""trade_quality_min"": 14.29951690821487}",47.761980762858414,paper-strategy-8ade763620b6,opportunity-score-8ade763620b6,PAPER_OVERRIDE::FYERS_PAPER_PROXY_RESEARCH,SKIPPED_FORWARD_PROXY,189.4,189.9,10.099999999999994,0.0,False,False,0.40399999999999975,OBSERVED,,FYERS_PAPER_PROXY_RESEARCH
202608241410_2_BANKNIFTY_CE,30,2026-08-24T14:40:38.105052+05:30,BANKNIFTY,BANKNIFTY,NSE_INDEX,2e840ccd58d1,"{""contract_quality_min"": 0.0, ""direction_min"": 1.032402978971096, ""excellent_score_min"": 47.761980762858414, ""execution_quality_min"": 100.0, ""expected_required_ratio_min"": 1.4166666666666665, ""final_confidence_min"": 75.94471551931012, ""iv_crush_max"": 28.5, ""market_hostility_max"": 21.396921851887914, ""min_5depth_lots_each_side"": 22.0, ""min_top_book_lots"": 2.0, ""premium_elasticity_min"": 0.7, ""regime_confidence_min"": 60.0, ""spread_pct_max"": 0.2776294714361889, ""trade_quality_min"": 14.29951690821487}",47.761980762858414,paper-strategy-8ade763620b6,opportunity-score-8ade763620b6,PAPER_OVERRIDE::FYERS_PAPER_PROXY_RESEARCH,SKIPPED_FORWARD_PROXY,245.55,246.35,11.425000000000011,0.0,False,False,0.45700000000000046,OBSERVED,,FYERS_PAPER_PROXY_RESEARCH
202608241410_3_BANKNIFTY_PE,30,2026-08-24T14:40:38.105052+05:30,BANKNIFTY,BANKNIFTY,NSE_INDEX,2e840ccd58d1,"{""contract_quality_min"": 0.0, ""direction_min"": 0.0, ""excellent_score_min"": 47.57614822664362, ""execution_quality_min"": 100.0, ""expected_required_ratio_min"": 1.4166666666666665, ""final_confidence_min"": 75.6349946256188, ""iv_crush_max"": 28.5, ""market_hostility_max"": 21.396921851887914, ""min_5depth_lots_each_side"": 14.0, ""min_top_book_lots"": 1.0, ""premium_elasticity_min"": 0.5, ""regime_confidence_min"": 60.0, ""spread_pct_max"": 0.15814443858723404, ""trade_quality_min"": 14.29951690821487}",47.57614822664362,paper-strategy-8ade763620b6,opportunity-score-8ade763620b6,PAPER_OVERRIDE::FYERS_PAPER_PROXY_RESEARCH,SKIPPED_FORWARD_PROXY,183.5,184.0,0.0,-6.199999999999989,False,False,-0.24799999999999955,OBSERVED,,FYERS_PAPER_PROXY_RESEARCH
202608241410_4_BANKNIFTY_PE,30,2026-08-24T14:40:38.105052+05:30,BANKNIFTY,BANKNIFTY,NSE_INDEX,2e840ccd58d1,"{""contract_quality_min"": 0.0, ""direction_min"": 0.0, ""excellent_score_min"": 44.77614822664362, ""execution_quality_min"": 100.0, ""expected_required_ratio_min"": 1.4166666666666665, ""final_confidence_min"": 75.6349946256188, ""iv_crush_max"": 28.5, ""market_hostility_max"": 21.396921851887914, ""min_5depth_lots_each_side"": 51.0, ""min_top_book_lots"": 15.0, ""premium_elasticity_min"": 0.3, ""regime_confidence_min"": 60.0, ""spread_pct_max"": 0.20855057351408507, ""trade_quality_min"": 14.29951690821487}",44.77614822664362,paper-strategy-8ade763620b6,opportunity-score-8ade763620b6,PAPER_OVERRIDE::FYERS_PAPER_PROXY_RESEARCH,SKIPPED_FORWARD_PROXY,138.85,139.2,0.0,-5.0,False,False,-0.2,OBSERVED,,FYERS_PAPER_PROXY_RESEARCH
202608241410_5_MIDCPNIFTY_CE,30,2026-08-24T14:40:38.105052+05:30,MIDCPNIFTY,MIDCPNIFTY,NSE_INDEX,712afad509f5,"{""contract_quality_min"": 0.0, ""direction_min"": 0.0, ""excellent_score_min"": 43.55054345130701, ""execution_quality_min"": 100.0, ""expected_required_ratio_min"": 1.0833333333333333, ""final_confidence_min"": 71.85365828366947, ""iv_crush_max"": 28.5, ""market_hostility_max"": 20.133395427242924, ""min_5depth_lots_each_side"": 17.0, ""min_top_book_lots"": 3.0, ""premium_elasticity_min"": 0.5, ""regime_confidence_min"": 60.0, ""spread_pct_max"": 0.5736137667304098, ""trade_quality_min"": 1.2461059190031718}",43.55054345130701,paper-strategy-8ade763620b6,opportunity-score-8ade763620b6,PAPER_OVERRIDE::FYERS_PAPER_PROXY_RESEARCH,SKIPPED_FORWARD_PROXY,52.7,52.95,0.4000000000000057,0.0,False,False,0.03824091778202731,OBSERVED,,FYERS_PAPER_PROXY_RESEARCH
202608241413_1_MIDCPNIFTY_PE,30,2026-08-24T14:44:26.766819+05:30,MIDCPNIFTY,MIDCPNIFTY,NSE_INDEX,712afad509f5,"{""contract_quality_min"": 0.0, ""direction_min"": 1.1566757676434507, ""excellent_score_min"": 46.670949144760534, ""execution_quality_min"": 100.0, ""expected_required_ratio_min"": 1.0833333333333333, ""final_confidence_min"": 75.14824883989584, ""iv_crush_max"": 28.5, ""market_hostility_max"": 19.856148374838124, ""min_5depth_lots_each_side"": 18.0, ""min_top_book_lots"": 1.0, ""premium_elasticity_min"": 0.5, ""regime_confidence_min"": 60.0, ""spread_pct_max"": 0.5991611743559018, ""trade_quality_min"": 11.582491582497722}",46.670949144760534,paper-strategy-8ade763620b6,opportunity-score-8ade763620b6,PAPER_OVERRIDE::FYERS_PAPER_PROXY_RESEARCH,SKIPPED_FORWARD_PROXY,34.6,34.85,0.0,-7.125,False,False,-0.8538046734571599,OBSERVED,,FYERS_PAPER_PROXY_RESEARCH
202608241413_2_MIDCPNIFTY_PE,30,2026-08-24T14:44:26.766819+05:30,MIDCPNIFTY,MIDCPNIFTY,NSE_INDEX,712afad509f5,"{""contract_quality_min"": 0.0, ""direction_min"": 1.1566757676434507, ""excellent_score_min"": 46.670949144760534, ""execution_quality_min"": 100.0, ""expected_required_ratio_min"": 1.0833333333333333, ""final_confidence_min"": 75.14824883989584, ""iv_crush_max"": 28.5, ""market_hostility_max"": 19.856148374838124, ""min_5depth_lots_each_side"": 22.0, ""min_top_book_lots"": 2.0, ""premium_elasticity_min"": 0.7, ""regime_confidence_min"": 60.0, ""spread_pct_max"": 0.642496558054156, ""trade_quality_min"": 11.582491582497722}",46.670949144760534,paper-strategy-8ade763620b6,opportunity-score-8ade763620b6,PAPER_OVERRIDE::FYERS_PAPER_PROXY_RESEARCH,SKIPPED_FORWARD_PROXY,45.65,45.9,0.0,-8.824999999999996,False,False,-0.8100045892611286,OBSERVED,,FYERS_PAPER_PROXY_RESEARCH
202608241413_3_MIDCPNIFTY_CE,30,2026-08-24T14:44:26.766819+05:30,MIDCPNIFTY,MIDCPNIFTY,NSE_INDEX,712afad509f5,"{""contract_quality_min"": 0.0, ""direction_min"": 0.0, ""excellent_score_min"": 46.46274750658471, ""execution_quality_min"": 100.0, ""expected_required_ratio_min"": 1.0833333333333333, ""final_confidence_min"": 74.8012461096028, ""iv_crush_max"": 28.5, ""market_hostility_max"": 19.856148374838124, ""min_5depth_lots_each_side"": 19.0, ""min_top_book_lots"": 1.0, ""premium_elasticity_min"": 0.5, ""regime_confidence_min"": 60.0, ""spread_pct_max"": 0.5964214711729707, ""trade_quality_min"": 11.582491582497722}",46.46274750658471,paper-strategy-8ade763620b6,opportunity-score-8ade763620b6,PAPER_OVERRIDE::FYERS_PAPER_PROXY_RESEARCH,SKIPPED_FORWARD_PROXY,56.35,56.8,6.050000000000004,0.0,False,False,0.601391650099404,OBSERVED,,FYERS_PAPER_PROXY_RESEARCH
202608241413_4_MIDCPNIFTY_CE,30,2026-08-24T14:44:26.766819+05:30,MIDCPNIFTY,MIDCPNIFTY,NSE_INDEX,712afad509f5,"{""contract_quality_min"": 0.0, ""direction_min"": 0.0, ""excellent_score_min"": 46.46274750658471, ""execution_quality_min"": 100.0, ""expected_required_ratio_min"": 1.0833333333333333, ""final_confidence_min"": 74.8012461096028, ""iv_crush_max"": 28.5, ""market_hostility_max"": 19.856148374838124, ""min_5depth_lots_each_side"": 6.0, ""min_top_book_lots"": 2.0, ""premium_elasticity_min"": 0.7, ""regime_confidence_min"": 60.0, ""spread_pct_max"": 0.6915097963887866, ""trade_quality_min"": 11.582491582497722}",46.46274750658471,paper-strategy-8ade763620b6,opportunity-score-8ade763620b6,PAPER_OVERRIDE::FYERS_PAPER_PROXY_RESEARCH,SKIPPED_FORWARD_PROXY,72.65,73.05,7.575000000000017,0.0,False,False,0.582020745293893,OBSERVED,,FYERS_PAPER_PROXY_RESEARCH
202608241413_5_BANKNIFTY_PE,30,2026-08-24T14:44:26.766819+05:30,BANKNIFTY,BANKNIFTY,NSE_INDEX,2e840ccd58d1,"{""contract_quality_min"": 0.0, ""direction_min"": 0.48829146815293284, ""excellent_score_min"": 46.10146348764765, ""execution_quality_min"": 100.0, ""expected_required_ratio_min"": 1.4166666666666667, ""final_confidence_min"": 74.21475315418374, ""iv_crush_max"": 28.5, ""market_hostility_max"": 21.526053638510717, ""min_5depth_lots_each_side"": 32.0, ""min_top_book_lots"": 3.0, ""premium_elasticity_min"": 0.5, ""regime_confidence_min"": 60.0, ""spread_pct_max"": 0.34094783498124787, ""trade_quality_min"": 8.805031446536047}",46.10146348764765,paper-strategy-8ade763620b6,opportunity-score-8ade763620b6,PAPER_OVERRIDE::FYERS_PAPER_PROXY_RESEARCH,SKIPPED_FORWARD_PROXY,135.05,135.4,0.0,-11.599999999999994,False,False,-0.46399999999999975,OBSERVED,,FYERS_PAPER_PROXY_RESEARCH
202608241415_1_MIDCPNIFTY_PE,30,2026-08-24T14:45:09.956009+05:30,MIDCPNIFTY,MIDCPNIFTY,NSE_INDEX,712afad509f5,"{""contract_quality_min"": 0.0, ""direction_min"": 1.2374032017813719, ""excellent_score_min"": 46.601907724614236, ""execution_quality_min"": 100.0, ""expected_required_ratio_min"": 1.0833333333333335, ""final_confidence_min"": 75.07211354775325, ""iv_crush_max"": 28.5, ""market_hostility_max"": 19.999349860332227, ""min_5depth_lots_each_side"": 22.0, ""min_top_book_lots"": 3.0, ""premium_elasticity_min"": 0.5, ""regime_confidence_min"": 60.0, ""spread_pct_max"": 0.7299270072992631, ""trade_quality_min"": 11.28834355828681}",46.601907724614236,paper-strategy-8ade763620b6,opportunity-score-8ade763620b6,PAPER_OVERRIDE::FYERS_PAPER_PROXY_RESEARCH,SKIPPED_FORWARD_PROXY,35.1,35.35,0.0,-6.0,False,False,-0.7299270072992701,OBSERVED,,FYERS_PAPER_PROXY_RESEARCH
202608241415_2_MIDCPNIFTY_PE,30,2026-08-24T14:45:09.956009+05:30,MIDCPNIFTY,MIDCPNIFTY,NSE_INDEX,712afad509f5,"{""contract_quality_min"": 0.0, ""direction_min"": 1.2374032017813719, ""excellent_score_min"": 46.601907724614236, ""execution_quality_min"": 100.0, ""expected_required_ratio_min"": 1.0833333333333335, ""final_confidence_min"": 75.07211354775325, ""iv_crush_max"": 28.5, ""market_hostility_max"": 19.999349860332227, ""min_5depth_lots_each_side"": 14.0, ""min_top_book_lots"": 2.0, ""premium_elasticity_min"": 0.7, ""regime_confidence_min"": 60.0, ""spread_pct_max"": 0.5617977528089835, ""trade_quality_min"": 11.28834355828681}",46.601907724614236,paper-strategy-8ade763620b6,opportunity-score-8ade763620b6,PAPER_OVERRIDE::FYERS_PAPER_PROXY_RESEARCH,SKIPPED_FORWARD_PROXY,46.1,46.3,0.0,-7.299999999999997,False,False,-0.6835205992509361,OBSERVED,,FYERS_PAPER_PROXY_RESEARCH
202608241415_3_MIDCPNIFTY_CE,30,2026-08-24T14:45:09.956009+05:30,MIDCPNIFTY,MIDCPNIFTY,NSE_INDEX,712afad509f5,"{""contract_quality_min"": 0.0, ""direction_min"": 0.0, ""excellent_score_min"": 46.379175148293584, ""execution_quality_min"": 100.0, ""expected_required_ratio_min"": 1.0833333333333335, ""final_confidence_min"": 74.70089258721885, ""iv_crush_max"": 28.5, ""market_hostility_max"": 19.999349860332227, ""min_5depth_lots_each_side"": 10.0, ""min_top_book_lots"": 2.0, ""premium_elasticity_min"": 0.7, ""regime_confidence_min"": 60.0, ""spread_pct_max"": 0.6092916984005962, ""trade_quality_min"": 11.28834355828681}",46.379175148293584,paper-strategy-8ade763620b6,opportunity-score-8ade763620b6,PAPER_OVERRIDE::FYERS_PAPER_PROXY_RESEARCH,SKIPPED_FORWARD_PROXY,71.65,72.1,6.0,0.0,False,False,0.45696877380045686,OBSERVED,,FYERS_PAPER_PROXY_RESEARCH
202608241415_4_BANKNIFTY_CE,30,2026-08-24T14:45:09.956009+05:30,BANKNIFTY,BANKNIFTY,NSE_INDEX,2e840ccd58d1,"{""contract_quality_min"": 0.0, ""direction_min"": 0.286008016943622, ""excellent_score_min"": 44.7940316037405, ""execution_quality_min"": 100.0, ""expected_required_ratio_min"": 1.4166666666666667, ""final_confidence_min"": 72.91528613977661, ""iv_crush_max"": 28.5, ""market_hostility_max"": 21.88420930856507, ""min_5depth_lots_each_side"": 32.0, ""min_top_book_lots"": 3.0, ""premium_elasticity_min"": 0.5, ""regime_confidence_min"": 60.0, ""spread_pct_max"": 0.3033586132177632, ""trade_quality_min"": 4.574616457450233}",44.7940316037405,paper-strategy-8ade763620b6,opportunity-score-8ade763620b6,PAPER_OVERRIDE::FYERS_PAPER_PROXY_RESEARCH,SKIPPED_FORWARD_PROXY,251.85,252.6,21.099999999999994,0.0,False,False,0.8439999999999998,OBSERVED,,FYERS_PAPER_PROXY_RESEARCH
202608241415_5_BANKNIFTY_CE,30,2026-08-24T14:45:09.956009+05:30,BANKNIFTY,BANKNIFTY,NSE_INDEX,2e840ccd58d1,"{""contract_quality_min"": 0.0, ""direction_min"": 0.286008016943622, ""excellent_score_min"": 44.7940316037405, ""execution_quality_min"": 100.0, ""expected_required_ratio_min"": 1.4166666666666667, ""final_confidence_min"": 72.91528613977661, ""iv_crush_max"": 28.5, ""market_hostility_max"": 21.88420930856507, ""min_5depth_lots_each_side"": 6.0, ""min_top_book_lots"": 1.0, ""premium_elasticity_min"": 0.7, ""regime_confidence_min"": 60.0, ""spread_pct_max"": 0.1361470388018983, ""trade_quality_min"": 4.574616457450233}",44.7940316037405,paper-strategy-8ade763620b6,opportunity-score-8ade763620b6,PAPER_OVERRIDE::FYERS_PAPER_PROXY_RESEARCH,SKIPPED_FORWARD_PROXY,318.1,319.15,24.30000000000001,0.0,False,False,0.9720000000000004,OBSERVED,,FYERS_PAPER_PROXY_RESEARCH
