skip_id,timestamp,ranking_cycle_id,underlying,option_type,rank,OpportunityScore,ComparableOpportunityScore,DynamicExcellentThreshold,gate_snapshot_id,gate_features_json,required_stop_points,entry_mid,DirectionScore,TradeQualityScore,ContractQualityScore,PremiumElasticity,ExpectedMove,RequiredMove,ExpectedRequiredRatio,IVCrushRiskScore,MarketHostilityScore,RegimeConfidence,DataHealthStatus,hard_stop_fit,veto_reason,why_not_traded,calibration_status,exchange,instrument_kind,instrument_class,instrument_id,lifecycle_state,exposure_group,calibrated_success_probability,calibrated_net_expectancy_r,strategy_version,score_version,universe_version,parameter_profile
202608241225_1_FINNIFTY_PE,2026-08-24T06:55:53.953164+00:00,202608241225,FINNIFTY,PE,1,52.21116605774306,52.21116605774306,80.0,e172b0fef65b,"{""contract_quality_min"": 0.0, ""direction_min"": 1.835458769095463, ""excellent_score_min"": 52.21116605774306, ""execution_quality_min"": 100.0, ""expected_required_ratio_min"": 1.25, ""final_confidence_min"": 80.39807330638003, ""iv_crush_max"": 28.5, ""market_hostility_max"": 20.30635532308942, ""min_5depth_lots_each_side"": 11.0, ""min_top_book_lots"": 1.0, ""premium_elasticity_min"": 0.5, ""regime_confidence_min"": 60.0, ""spread_pct_max"": 0.7523510971786763, ""trade_quality_min"": 28.74251497005237}",15.950000000000001,79.75,1.835458769095463,28.74251497005237,0,0.5,140.25,112.2,1.25,28.5,20.30635532308942,60.0,INVALID,True,DataHealth invalid; Contract invalid: Quote stale or spread hard rejected.; SideDirection hard reject: 1.8 < 65.0; PremiumElasticity hard reject: 0.50 < 1.00; Expected/Required hard reject: 1.25 < 1.60; TradeQuality below configured minimum; ConvexityEdge below excellent gate: 71.4 < 80.0,DataHealth invalid; Contract invalid: Quote stale or spread hard rejected.; SideDirection hard reject: 1.8 < 65.0; PremiumElasticity hard reject: 0.50 < 1.00; Expected/Required hard reject: 1.25 < 1.60; TradeQuality below configured minimum; ConvexityEdge below excellent gate: 71.4 < 80.0,direction=OBSERVED;liquidity=OBSERVED,NSE,INDEX,NSE_INDEX,FINNIFTY,PAPER_ELIGIBLE,INDEX:FINANCIALS,,,paper-strategy-8ade763620b6,opportunity-score-8ade763620b6,universe-a8e55c76a270,PAPER_OVERRIDE::FYERS_PAPER_PROXY_RESEARCH
202608241225_2_FINNIFTY_CE,2026-08-24T06:55:53.963196+00:00,202608241225,FINNIFTY,CE,2,51.880783479305876,51.880783479305876,80.0,e172b0fef65b,"{""contract_quality_min"": 0.0, ""direction_min"": 0.0, ""excellent_score_min"": 51.880783479305876, ""execution_quality_min"": 100.0, ""expected_required_ratio_min"": 1.25, ""final_confidence_min"": 79.8474356756514, ""iv_crush_max"": 28.5, ""market_hostility_max"": 20.30635532308942, ""min_5depth_lots_each_side"": 5.0, ""min_top_book_lots"": 1.0, ""premium_elasticity_min"": 0.7, ""regime_confidence_min"": 60.0, ""spread_pct_max"": 0.3656307129798903, ""trade_quality_min"": 28.74251497005237}",27.35,136.75,-1.835458769095463,28.74251497005237,0,0.7,140.25,112.2,1.25,28.5,20.30635532308942,60.0,INVALID,True,DataHealth invalid; Contract invalid: Quote stale or spread hard rejected.; SideDirection hard reject: -1.8 < 65.0; PremiumElasticity hard reject: 0.70 < 1.00; Expected/Required hard reject: 1.25 < 1.60; TradeQuality below configured minimum; ConvexityEdge below excellent gate: 71.4 < 80.0,DataHealth invalid; Contract invalid: Quote stale or spread hard rejected.; SideDirection hard reject: -1.8 < 65.0; PremiumElasticity hard reject: 0.70 < 1.00; Expected/Required hard reject: 1.25 < 1.60; TradeQuality below configured minimum; ConvexityEdge below excellent gate: 71.4 < 80.0,direction=OBSERVED;liquidity=OBSERVED,NSE,INDEX,NSE_INDEX,FINNIFTY,PAPER_ELIGIBLE,INDEX:FINANCIALS,,,paper-strategy-8ade763620b6,opportunity-score-8ade763620b6,universe-a8e55c76a270,PAPER_OVERRIDE::FYERS_PAPER_PROXY_RESEARCH
202608241225_3_FINNIFTY_CE,2026-08-24T06:55:53.963846+00:00,202608241225,FINNIFTY,CE,3,49.066502172830866,49.066502172830866,80.0,e172b0fef65b,"{""contract_quality_min"": 0.0, ""direction_min"": 0.0, ""excellent_score_min"": 49.066502172830866, ""execution_quality_min"": 99.90479129016663, ""expected_required_ratio_min"": 1.25, ""final_confidence_min"": 79.8474356756514, ""iv_crush_max"": 28.5, ""market_hostility_max"": 20.30635532308942, ""min_5depth_lots_each_side"": 8.0, ""min_top_book_lots"": 2.0, ""premium_elasticity_min"": 0.3, ""regime_confidence_min"": 60.0, ""spread_pct_max"": 0.8022215365627787, ""trade_quality_min"": 28.74251497005237}",16.205000000000002,81.025,-1.835458769095463,28.74251497005237,0,0.3,140.25,112.2,1.25,28.5,20.30635532308942,60.0,INVALID,True,DataHealth invalid; Contract invalid: Quote stale or spread hard rejected.; SideDirection hard reject: -1.8 < 65.0; PremiumElasticity hard reject: 0.30 < 1.00; Expected/Required hard reject: 1.25 < 1.60; TradeQuality below configured minimum; ConvexityEdge below excellent gate: 57.4 < 80.0,DataHealth invalid; Contract invalid: Quote stale or spread hard rejected.; SideDirection hard reject: -1.8 < 65.0; PremiumElasticity hard reject: 0.30 < 1.00; Expected/Required hard reject: 1.25 < 1.60; TradeQuality below configured minimum; ConvexityEdge below excellent gate: 57.4 < 80.0,direction=OBSERVED;liquidity=OBSERVED,NSE,INDEX,NSE_INDEX,FINNIFTY,PAPER_ELIGIBLE,INDEX:FINANCIALS,,,paper-strategy-8ade763620b6,opportunity-score-8ade763620b6,universe-a8e55c76a270,PAPER_OVERRIDE::FYERS_PAPER_PROXY_RESEARCH
202608241225_4_MIDCPNIFTY_CE,2026-08-24T06:55:53.964391+00:00,202608241225,MIDCPNIFTY,CE,4,48.73465380199522,48.73465380199522,90.0,712afad509f5,"{""contract_quality_min"": 0.0, ""direction_min"": 2.474606702284164, ""excellent_score_min"": 48.73465380199522, ""execution_quality_min"": 100.0, ""expected_required_ratio_min"": 1.0833333333333335, ""final_confidence_min"": 77.4469485810993, ""iv_crush_max"": 28.5, ""market_hostility_max"": 20.458786831684968, ""min_5depth_lots_each_side"": 11.0, ""min_top_book_lots"": 2.0, ""premium_elasticity_min"": 0.5, ""regime_confidence_min"": 60.0, ""spread_pct_max"": 0.5286343612334752, ""trade_quality_min"": 18.58585858585562}",11.350000000000001,56.75,2.474606702284164,18.58585858585562,0,0.5,62.725,57.9,1.0833333333333335,28.5,20.458786831684968,60.0,INVALID,True,DataHealth invalid; Contract invalid: Quote stale or spread hard rejected.; SideDirection hard reject: 2.5 < 65.0; PremiumElasticity hard reject: 0.50 < 1.00; Expected/Required hard reject: 1.08 < 1.60; TradeQuality below configured minimum; ConvexityEdge below excellent gate: 70.4 < 80.0,DataHealth invalid; Contract invalid: Quote stale or spread hard rejected.; SideDirection hard reject: 2.5 < 65.0; PremiumElasticity hard reject: 0.50 < 1.00; Expected/Required hard reject: 1.08 < 1.60; TradeQuality below configured minimum; ConvexityEdge below excellent gate: 70.4 < 80.0,direction=OBSERVED;liquidity=OBSERVED,NSE,INDEX,NSE_INDEX,MIDCPNIFTY,PAPER_ELIGIBLE,INDEX:MIDCAP,,,paper-strategy-8ade763620b6,opportunity-score-8ade763620b6,universe-a8e55c76a270,PAPER_OVERRIDE::FYERS_PAPER_PROXY_RESEARCH
202608241225_5_MIDCPNIFTY_CE,2026-08-24T06:55:53.964890+00:00,202608241225,MIDCPNIFTY,CE,5,48.73465380199522,48.73465380199522,90.0,712afad509f5,"{""contract_quality_min"": 0.0, ""direction_min"": 2.474606702284164, ""excellent_score_min"": 48.73465380199522, ""execution_quality_min"": 100.0, ""expected_required_ratio_min"": 1.0833333333333335, ""final_confidence_min"": 77.4469485810993, ""iv_crush_max"": 28.5, ""market_hostility_max"": 20.458786831684968, ""min_5depth_lots_each_side"": 18.0, ""min_top_book_lots"": 2.0, ""premium_elasticity_min"": 0.7, ""regime_confidence_min"": 60.0, ""spread_pct_max"": 0.6858710562414266, ""trade_quality_min"": 18.58585858585562}",14.580000000000002,72.9,2.474606702284164,18.58585858585562,0,0.7,62.725,57.9,1.0833333333333335,28.5,20.458786831684968,60.0,INVALID,True,DataHealth invalid; Contract invalid: Quote stale or spread hard rejected.; SideDirection hard reject: 2.5 < 65.0; PremiumElasticity hard reject: 0.70 < 1.00; Expected/Required hard reject: 1.08 < 1.60; TradeQuality below configured minimum; ConvexityEdge below excellent gate: 70.4 < 80.0,DataHealth invalid; Contract invalid: Quote stale or spread hard rejected.; SideDirection hard reject: 2.5 < 65.0; PremiumElasticity hard reject: 0.70 < 1.00; Expected/Required hard reject: 1.08 < 1.60; TradeQuality below configured minimum; ConvexityEdge below excellent gate: 70.4 < 80.0,direction=OBSERVED;liquidity=OBSERVED,NSE,INDEX,NSE_INDEX,MIDCPNIFTY,PAPER_ELIGIBLE,INDEX:MIDCAP,,,paper-strategy-8ade763620b6,opportunity-score-8ade763620b6,universe-a8e55c76a270,PAPER_OVERRIDE::FYERS_PAPER_PROXY_RESEARCH
202608241227_1_NIFTY_CE,2026-08-24T06:57:04.251051+00:00,202608241227,NIFTY,CE,1,53.648725769531154,53.648725769531154,80.0,00929e22c867,"{""contract_quality_min"": 0.0, ""direction_min"": 0.9590145298973458, ""excellent_score_min"": 53.648725769531154, ""execution_quality_min"": 100.0, ""expected_required_ratio_min"": 1.3333333333333335, ""final_confidence_min"": 79.73687543530399, ""iv_crush_max"": 28.5, ""market_hostility_max"": 18.763793054754544, ""min_5depth_lots_each_side"": 136.0, ""min_top_book_lots"": 5.0, ""premium_elasticity_min"": 0.7, ""regime_confidence_min"": 60.0, ""spread_pct_max"": 0.24697456162015313, ""trade_quality_min"": 26.97674418606461}",20.245,101.225,0.9590145298973458,26.97674418606461,0,0.7,100.08,75.05999999999999,1.3333333333333335,28.5,18.763793054754544,60.0,INVALID,True,DataHealth invalid; Contract invalid: Quote stale or spread hard rejected.; SideDirection hard reject: 1.0 < 65.0; PremiumElasticity hard reject: 0.70 < 1.00; Expected/Required hard reject: 1.33 < 1.60; TradeQuality below configured minimum; ConvexityEdge below excellent gate: 71.4 < 80.0,DataHealth invalid; Contract invalid: Quote stale or spread hard rejected.; SideDirection hard reject: 1.0 < 65.0; PremiumElasticity hard reject: 0.70 < 1.00; Expected/Required hard reject: 1.33 < 1.60; TradeQuality below configured minimum; ConvexityEdge below excellent gate: 71.4 < 80.0,direction=OBSERVED;liquidity=OBSERVED,NSE,INDEX,NSE_INDEX,NIFTY,PAPER_ELIGIBLE,INDEX:BROAD_EQUITY,,,paper-strategy-8ade763620b6,opportunity-score-8ade763620b6,universe-a8e55c76a270,PAPER_OVERRIDE::FYERS_PAPER_PROXY_RESEARCH
202608241227_2_FINNIFTY_PE,2026-08-24T06:57:04.251589+00:00,202608241227,FINNIFTY,PE,2,47.417743034006804,47.417743034006804,80.0,e172b0fef65b,"{""contract_quality_min"": 0.0, ""direction_min"": 0.917775007456922, ""excellent_score_min"": 47.417743034006804, ""execution_quality_min"": 96.54986522911113, ""expected_required_ratio_min"": 1.25, ""final_confidence_min"": 75.84819256690658, ""iv_crush_max"": 28.5, ""market_hostility_max"": 20.331976751969705, ""min_5depth_lots_each_side"": 13.0, ""min_top_book_lots"": 3.0, ""premium_elasticity_min"": 0.5, ""regime_confidence_min"": 60.0, ""spread_pct_max"": 0.8805031446540738, ""trade_quality_min"": 14.03508771929347}",15.9,79.5,0.917775007456922,14.03508771929347,0,0.5,139.2375,111.39,1.25,28.5,20.331976751969705,60.0,INVALID,True,DataHealth invalid; Contract invalid: Quote stale or spread hard rejected.; SideDirection hard reject: 0.9 < 65.0; PremiumElasticity hard reject: 0.50 < 1.00; Expected/Required hard reject: 1.25 < 1.60; TradeQuality below configured minimum; ConvexityEdge below excellent gate: 71.4 < 80.0,DataHealth invalid; Contract invalid: Quote stale or spread hard rejected.; SideDirection hard reject: 0.9 < 65.0; PremiumElasticity hard reject: 0.50 < 1.00; Expected/Required hard reject: 1.25 < 1.60; TradeQuality below configured minimum; ConvexityEdge below excellent gate: 71.4 < 80.0,direction=OBSERVED;liquidity=OBSERVED,NSE,INDEX,NSE_INDEX,FINNIFTY,PAPER_ELIGIBLE,INDEX:FINANCIALS,,,paper-strategy-8ade763620b6,opportunity-score-8ade763620b6,universe-a8e55c76a270,PAPER_OVERRIDE::FYERS_PAPER_PROXY_RESEARCH
202608241227_3_MIDCPNIFTY_CE,2026-08-24T06:57:04.252130+00:00,202608241227,MIDCPNIFTY,CE,3,46.8426371754036,46.8426371754036,90.0,712afad509f5,"{""contract_quality_min"": 0.0, ""direction_min"": 1.452276578005491, ""excellent_score_min"": 46.8426371754036, ""execution_quality_min"": 100.0, ""expected_required_ratio_min"": 1.0833333333333335, ""final_confidence_min"": 75.42069862955609, ""iv_crush_max"": 28.5, ""market_hostility_max"": 20.359953839862186, ""min_5depth_lots_each_side"": 13.0, ""min_top_book_lots"": 3.0, ""premium_elasticity_min"": 0.5, ""regime_confidence_min"": 60.0, ""spread_pct_max"": 0.5244755244755319, ""trade_quality_min"": 12.342857142850873}",11.440000000000001,57.2,1.452276578005491,12.342857142850873,0,0.5,63.050000000000004,58.199999999999996,1.0833333333333335,28.5,20.359953839862186,60.0,INVALID,True,DataHealth invalid; Contract invalid: Quote stale or spread hard rejected.; SideDirection hard reject: 1.5 < 65.0; PremiumElasticity hard reject: 0.50 < 1.00; Expected/Required hard reject: 1.08 < 1.60; TradeQuality below configured minimum; ConvexityEdge below excellent gate: 70.4 < 80.0,DataHealth invalid; Contract invalid: Quote stale or spread hard rejected.; SideDirection hard reject: 1.5 < 65.0; PremiumElasticity hard reject: 0.50 < 1.00; Expected/Required hard reject: 1.08 < 1.60; TradeQuality below configured minimum; ConvexityEdge below excellent gate: 70.4 < 80.0,direction=OBSERVED;liquidity=OBSERVED,NSE,INDEX,NSE_INDEX,MIDCPNIFTY,PAPER_ELIGIBLE,INDEX:MIDCAP,,,paper-strategy-8ade763620b6,opportunity-score-8ade763620b6,universe-a8e55c76a270,PAPER_OVERRIDE::FYERS_PAPER_PROXY_RESEARCH
202608241227_4_MIDCPNIFTY_PE,2026-08-24T06:57:04.252678+00:00,202608241227,MIDCPNIFTY,PE,4,46.58122739136261,46.58122739136261,90.0,712afad509f5,"{""contract_quality_min"": 0.0, ""direction_min"": 0.0, ""excellent_score_min"": 46.58122739136261, ""execution_quality_min"": 100.0, ""expected_required_ratio_min"": 1.0833333333333335, ""final_confidence_min"": 74.98501565615445, ""iv_crush_max"": 28.5, ""market_hostility_max"": 20.359953839862186, ""min_5depth_lots_each_side"": 21.0, ""min_top_book_lots"": 1.0, ""premium_elasticity_min"": 0.7, ""regime_confidence_min"": 60.0, ""spread_pct_max"": 0.5870841487279788, ""trade_quality_min"": 12.342857142850873}",10.22,51.1,-1.452276578005491,12.342857142850873,0,0.7,63.050000000000004,58.199999999999996,1.0833333333333335,28.5,20.359953839862186,60.0,INVALID,True,DataHealth invalid; Contract invalid: Quote stale or spread hard rejected.; SideDirection hard reject: -1.5 < 65.0; PremiumElasticity hard reject: 0.70 < 1.00; Expected/Required hard reject: 1.08 < 1.60; TradeQuality below configured minimum; ConvexityEdge below excellent gate: 70.4 < 80.0,DataHealth invalid; Contract invalid: Quote stale or spread hard rejected.; SideDirection hard reject: -1.5 < 65.0; PremiumElasticity hard reject: 0.70 < 1.00; Expected/Required hard reject: 1.08 < 1.60; TradeQuality below configured minimum; ConvexityEdge below excellent gate: 70.4 < 80.0,direction=OBSERVED;liquidity=OBSERVED,NSE,INDEX,NSE_INDEX,MIDCPNIFTY,PAPER_ELIGIBLE,INDEX:MIDCAP,,,paper-strategy-8ade763620b6,opportunity-score-8ade763620b6,universe-a8e55c76a270,PAPER_OVERRIDE::FYERS_PAPER_PROXY_RESEARCH
202608241227_5_BANKNIFTY_PE,2026-08-24T06:57:04.253172+00:00,202608241227,BANKNIFTY,PE,5,45.709106990440326,45.709106990440326,80.0,2e840ccd58d1,"{""contract_quality_min"": 0.0, ""direction_min"": 0.48107425973786194, ""excellent_score_min"": 45.709106990440326, ""execution_quality_min"": 100.0, ""expected_required_ratio_min"": 1.4166666666666667, ""final_confidence_min"": 73.60906150796295, ""iv_crush_max"": 28.5, ""market_hostility_max"": 20.833509093940826, ""min_5depth_lots_each_side"": 19.0, ""min_top_book_lots"": 1.0, ""premium_elasticity_min"": 0.5, ""regime_confidence_min"": 60.0, ""spread_pct_max"": 0.2675943270002676, ""trade_quality_min"": 6.78966789667421}",37.37,186.85,0.48107425973786194,6.78966789667421,0,0.5,334.22,235.92000000000002,1.4166666666666667,28.5,20.833509093940826,60.0,INVALID,True,DataHealth invalid; Contract invalid: Quote stale or spread hard rejected.; SideDirection hard reject: 0.5 < 65.0; PremiumElasticity hard reject: 0.50 < 1.00; Expected/Required hard reject: 1.42 < 1.60; TradeQuality below configured minimum; ConvexityEdge below excellent gate: 71.4 < 80.0,DataHealth invalid; Contract invalid: Quote stale or spread hard rejected.; SideDirection hard reject: 0.5 < 65.0; PremiumElasticity hard reject: 0.50 < 1.00; Expected/Required hard reject: 1.42 < 1.60; TradeQuality below configured minimum; ConvexityEdge below excellent gate: 71.4 < 80.0,direction=OBSERVED;liquidity=OBSERVED,NSE,INDEX,NSE_INDEX,BANKNIFTY,PAPER_ELIGIBLE,INDEX:BANKING,,,paper-strategy-8ade763620b6,opportunity-score-8ade763620b6,universe-a8e55c76a270,PAPER_OVERRIDE::FYERS_PAPER_PROXY_RESEARCH
202608241228_1_BANKNIFTY_CE,2026-08-24T06:58:19.750817+00:00,202608241228,BANKNIFTY,CE,1,48.58325002722523,48.58325002722523,80.0,2e840ccd58d1,"{""contract_quality_min"": 0.0, ""direction_min"": 0.8925730772417686, ""excellent_score_min"": 48.58325002722523, ""execution_quality_min"": 100.0, ""expected_required_ratio_min"": 1.4166666666666667, ""final_confidence_min"": 76.62089894860108, ""iv_crush_max"": 28.5, ""market_hostility_max"": 20.62227994026733, ""min_5depth_lots_each_side"": 14.0, ""min_top_book_lots"": 1.0, ""premium_elasticity_min"": 0.5, ""regime_confidence_min"": 60.0, ""spread_pct_max"": 0.29027576197387245, ""trade_quality_min"": 16.62337662338276}",41.34,206.7,0.8925730772417686,16.62337662338276,0,0.5,333.24249999999995,235.22999999999996,1.4166666666666667,28.5,20.62227994026733,60.0,INVALID,True,DataHealth invalid; Contract invalid: Quote stale or spread hard rejected.; SideDirection hard reject: 0.9 < 65.0; PremiumElasticity hard reject: 0.50 < 1.00; Expected/Required hard reject: 1.42 < 1.60; TradeQuality below configured minimum; ConvexityEdge below excellent gate: 71.4 < 80.0,DataHealth invalid; Contract invalid: Quote stale or spread hard rejected.; SideDirection hard reject: 0.9 < 65.0; PremiumElasticity hard reject: 0.50 < 1.00; Expected/Required hard reject: 1.42 < 1.60; TradeQuality below configured minimum; ConvexityEdge below excellent gate: 71.4 < 80.0,direction=OBSERVED;liquidity=OBSERVED,NSE,INDEX,NSE_INDEX,BANKNIFTY,PAPER_ELIGIBLE,INDEX:BANKING,,,paper-strategy-8ade763620b6,opportunity-score-8ade763620b6,universe-a8e55c76a270,PAPER_OVERRIDE::FYERS_PAPER_PROXY_RESEARCH
202608241228_2_BANKNIFTY_CE,2026-08-24T06:58:19.751314+00:00,202608241228,BANKNIFTY,CE,2,48.58325002722523,48.58325002722523,80.0,2e840ccd58d1,"{""contract_quality_min"": 0.0, ""direction_min"": 0.8925730772417686, ""excellent_score_min"": 48.58325002722523, ""execution_quality_min"": 100.0, ""expected_required_ratio_min"": 1.4166666666666667, ""final_confidence_min"": 76.62089894860108, ""iv_crush_max"": 28.5, ""market_hostility_max"": 20.62227994026733, ""min_5depth_lots_each_side"": 10.0, ""min_top_book_lots"": 1.0, ""premium_elasticity_min"": 0.7, ""regime_confidence_min"": 60.0, ""spread_pct_max"": 0.2653525398028767, ""trade_quality_min"": 16.62337662338276}",52.75999999999999,263.79999999999995,0.8925730772417686,16.62337662338276,0,0.7,333.24249999999995,235.22999999999996,1.4166666666666667,28.5,20.62227994026733,60.0,INVALID,True,DataHealth invalid; Contract invalid: Quote stale or spread hard rejected.; SideDirection hard reject: 0.9 < 65.0; PremiumElasticity hard reject: 0.70 < 1.00; Expected/Required hard reject: 1.42 < 1.60; TradeQuality below configured minimum; ConvexityEdge below excellent gate: 71.4 < 80.0,DataHealth invalid; Contract invalid: Quote stale or spread hard rejected.; SideDirection hard reject: 0.9 < 65.0; PremiumElasticity hard reject: 0.70 < 1.00; Expected/Required hard reject: 1.42 < 1.60; TradeQuality below configured minimum; ConvexityEdge below excellent gate: 71.4 < 80.0,direction=OBSERVED;liquidity=OBSERVED,NSE,INDEX,NSE_INDEX,BANKNIFTY,PAPER_ELIGIBLE,INDEX:BANKING,,,paper-strategy-8ade763620b6,opportunity-score-8ade763620b6,universe-a8e55c76a270,PAPER_OVERRIDE::FYERS_PAPER_PROXY_RESEARCH
202608241228_3_BANKNIFTY_PE,2026-08-24T06:58:19.751739+00:00,202608241228,BANKNIFTY,PE,3,48.42258687332171,48.42258687332171,80.0,2e840ccd58d1,"{""contract_quality_min"": 0.0, ""direction_min"": 0.0, ""excellent_score_min"": 48.42258687332171, ""execution_quality_min"": 100.0, ""expected_required_ratio_min"": 1.4166666666666667, ""final_confidence_min"": 76.35312702542856, ""iv_crush_max"": 28.5, ""market_hostility_max"": 20.62227994026733, ""min_5depth_lots_each_side"": 23.0, ""min_top_book_lots"": 1.0, ""premium_elasticity_min"": 0.5, ""regime_confidence_min"": 60.0, ""spread_pct_max"": 0.2697599136768276, ""trade_quality_min"": 16.62337662338276}",37.07,185.35,-0.8925730772417686,16.62337662338276,0,0.5,333.24249999999995,235.22999999999996,1.4166666666666667,28.5,20.62227994026733,60.0,INVALID,True,DataHealth invalid; Contract invalid: Quote stale or spread hard rejected.; SideDirection hard reject: -0.9 < 65.0; PremiumElasticity hard reject: 0.50 < 1.00; Expected/Required hard reject: 1.42 < 1.60; TradeQuality below configured minimum; ConvexityEdge below excellent gate: 71.4 < 80.0,DataHealth invalid; Contract invalid: Quote stale or spread hard rejected.; SideDirection hard reject: -0.9 < 65.0; PremiumElasticity hard reject: 0.50 < 1.00; Expected/Required hard reject: 1.42 < 1.60; TradeQuality below configured minimum; ConvexityEdge below excellent gate: 71.4 < 80.0,direction=OBSERVED;liquidity=OBSERVED,NSE,INDEX,NSE_INDEX,BANKNIFTY,PAPER_ELIGIBLE,INDEX:BANKING,,,paper-strategy-8ade763620b6,opportunity-score-8ade763620b6,universe-a8e55c76a270,PAPER_OVERRIDE::FYERS_PAPER_PROXY_RESEARCH
202608241228_4_BANKNIFTY_PE,2026-08-24T06:58:19.752199+00:00,202608241228,BANKNIFTY,PE,4,48.42258687332171,48.42258687332171,80.0,2e840ccd58d1,"{""contract_quality_min"": 0.0, ""direction_min"": 0.0, ""excellent_score_min"": 48.42258687332171, ""execution_quality_min"": 100.0, ""expected_required_ratio_min"": 1.4166666666666667, ""final_confidence_min"": 76.35312702542856, ""iv_crush_max"": 28.5, ""market_hostility_max"": 20.62227994026733, ""min_5depth_lots_each_side"": 16.0, ""min_top_book_lots"": 1.0, ""premium_elasticity_min"": 0.7, ""regime_confidence_min"": 60.0, ""spread_pct_max"": 0.2530044275774802, ""trade_quality_min"": 16.62337662338276}",47.43,237.14999999999998,-0.8925730772417686,16.62337662338276,0,0.7,333.24249999999995,235.22999999999996,1.4166666666666667,28.5,20.62227994026733,60.0,INVALID,True,DataHealth invalid; Contract invalid: Quote stale or spread hard rejected.; SideDirection hard reject: -0.9 < 65.0; PremiumElasticity hard reject: 0.70 < 1.00; Expected/Required hard reject: 1.42 < 1.60; TradeQuality below configured minimum; ConvexityEdge below excellent gate: 71.4 < 80.0,DataHealth invalid; Contract invalid: Quote stale or spread hard rejected.; SideDirection hard reject: -0.9 < 65.0; PremiumElasticity hard reject: 0.70 < 1.00; Expected/Required hard reject: 1.42 < 1.60; TradeQuality below configured minimum; ConvexityEdge below excellent gate: 71.4 < 80.0,direction=OBSERVED;liquidity=OBSERVED,NSE,INDEX,NSE_INDEX,BANKNIFTY,PAPER_ELIGIBLE,INDEX:BANKING,,,paper-strategy-8ade763620b6,opportunity-score-8ade763620b6,universe-a8e55c76a270,PAPER_OVERRIDE::FYERS_PAPER_PROXY_RESEARCH
202608241228_5_FINNIFTY_PE,2026-08-24T06:58:19.752605+00:00,202608241228,FINNIFTY,PE,5,47.398980050182494,47.398980050182494,80.0,e172b0fef65b,"{""contract_quality_min"": 0.0, ""direction_min"": 0.7342480840718508, ""excellent_score_min"": 47.398980050182494, ""execution_quality_min"": 100.0, ""expected_required_ratio_min"": 1.25, ""final_confidence_min"": 75.32626624487109, ""iv_crush_max"": 28.5, ""market_hostility_max"": 20.510231921862644, ""min_5depth_lots_each_side"": 8.0, ""min_top_book_lots"": 1.0, ""premium_elasticity_min"": 0.7, ""regime_confidence_min"": 60.0, ""spread_pct_max"": 0.343726982568126, ""trade_quality_min"": 12.387096774201058}",20.365000000000002,101.825,0.7342480840718508,12.387096774201058,0,0.7,138.75,111.0,1.25,28.5,20.510231921862644,60.0,INVALID,True,DataHealth invalid; Contract invalid: Quote stale or spread hard rejected.; SideDirection hard reject: 0.7 < 65.0; PremiumElasticity hard reject: 0.70 < 1.00; Expected/Required hard reject: 1.25 < 1.60; TradeQuality below configured minimum; ConvexityEdge below excellent gate: 71.4 < 80.0,DataHealth invalid; Contract invalid: Quote stale or spread hard rejected.; SideDirection hard reject: 0.7 < 65.0; PremiumElasticity hard reject: 0.70 < 1.00; Expected/Required hard reject: 1.25 < 1.60; TradeQuality below configured minimum; ConvexityEdge below excellent gate: 71.4 < 80.0,direction=OBSERVED;liquidity=OBSERVED,NSE,INDEX,NSE_INDEX,FINNIFTY,PAPER_ELIGIBLE,INDEX:FINANCIALS,,,paper-strategy-8ade763620b6,opportunity-score-8ade763620b6,universe-a8e55c76a270,PAPER_OVERRIDE::FYERS_PAPER_PROXY_RESEARCH
202608241231_1_FINNIFTY_CE,2026-08-24T07:01:51.928558+00:00,202608241231,FINNIFTY,CE,1,55.95487499125831,55.95487499125831,80.0,e172b0fef65b,"{""contract_quality_min"": 0.0, ""direction_min"": 0.0, ""excellent_score_min"": 55.95487499125831, ""execution_quality_min"": 100.0, ""expected_required_ratio_min"": 1.25, ""final_confidence_min"": 86.99084159198593, ""iv_crush_max"": 28.5, ""market_hostility_max"": 21.558983013229277, ""min_5depth_lots_each_side"": 10.0, ""min_top_book_lots"": 4.0, ""premium_elasticity_min"": 0.3, ""regime_confidence_min"": 60.0, ""spread_pct_max"": 0.39395929087327264, ""trade_quality_min"": 54.63414634146812}",15.230000000000002,76.15,-5.996015403030031,54.63414634146812,0,0.3,139.03125,111.225,1.25,28.5,21.558983013229277,60.0,INVALID,True,DataHealth invalid; Contract invalid: Quote stale or spread hard rejected.; SideDirection hard reject: -6.0 < 65.0; PremiumElasticity hard reject: 0.30 < 1.00; Expected/Required hard reject: 1.25 < 1.60; TradeQuality below configured minimum; ConvexityEdge below excellent gate: 57.4 < 80.0,DataHealth invalid; Contract invalid: Quote stale or spread hard rejected.; SideDirection hard reject: -6.0 < 65.0; PremiumElasticity hard reject: 0.30 < 1.00; Expected/Required hard reject: 1.25 < 1.60; TradeQuality below configured minimum; ConvexityEdge below excellent gate: 57.4 < 80.0,direction=OBSERVED;liquidity=OBSERVED,NSE,INDEX,NSE_INDEX,FINNIFTY,PAPER_ELIGIBLE,INDEX:FINANCIALS,,,paper-strategy-8ade763620b6,opportunity-score-8ade763620b6,universe-a8e55c76a270,PAPER_OVERRIDE::FYERS_PAPER_PROXY_RESEARCH
202608241231_2_MIDCPNIFTY_PE,2026-08-24T07:01:51.929057+00:00,202608241231,MIDCPNIFTY,PE,2,54.54475501815774,54.54475501815774,90.0,712afad509f5,"{""contract_quality_min"": 0.0, ""direction_min"": 4.625303367463069, ""excellent_score_min"": 54.54475501815774, ""execution_quality_min"": 100.0, ""expected_required_ratio_min"": 1.0833333333333333, ""final_confidence_min"": 83.72452176210342, ""iv_crush_max"": 28.5, ""market_hostility_max"": 20.869724842634838, ""min_5depth_lots_each_side"": 33.0, ""min_top_book_lots"": 5.0, ""premium_elasticity_min"": 0.5, ""regime_confidence_min"": 60.0, ""spread_pct_max"": 0.6912442396313299, ""trade_quality_min"": 38.43575418994654}",8.68,43.4,4.625303367463069,38.43575418994654,0,0.5,62.20499999999999,57.419999999999995,1.0833333333333333,28.5,20.869724842634838,60.0,INVALID,True,DataHealth invalid; Contract invalid: Quote stale or spread hard rejected.; SideDirection hard reject: 4.6 < 65.0; PremiumElasticity hard reject: 0.50 < 1.00; Expected/Required hard reject: 1.08 < 1.60; TradeQuality below configured minimum; ConvexityEdge below excellent gate: 70.4 < 80.0,DataHealth invalid; Contract invalid: Quote stale or spread hard rejected.; SideDirection hard reject: 4.6 < 65.0; PremiumElasticity hard reject: 0.50 < 1.00; Expected/Required hard reject: 1.08 < 1.60; TradeQuality below configured minimum; ConvexityEdge below excellent gate: 70.4 < 80.0,direction=OBSERVED;liquidity=OBSERVED,NSE,INDEX,NSE_INDEX,MIDCPNIFTY,PAPER_ELIGIBLE,INDEX:MIDCAP,,,paper-strategy-8ade763620b6,opportunity-score-8ade763620b6,universe-a8e55c76a270,PAPER_OVERRIDE::FYERS_PAPER_PROXY_RESEARCH
202608241231_3_MIDCPNIFTY_PE,2026-08-24T07:01:51.929632+00:00,202608241231,MIDCPNIFTY,PE,3,54.54475501815774,54.54475501815774,90.0,712afad509f5,"{""contract_quality_min"": 0.0, ""direction_min"": 4.625303367463069, ""excellent_score_min"": 54.54475501815774, ""execution_quality_min"": 100.0, ""expected_required_ratio_min"": 1.0833333333333333, ""final_confidence_min"": 83.72452176210342, ""iv_crush_max"": 28.5, ""market_hostility_max"": 20.869724842634838, ""min_5depth_lots_each_side"": 14.0, ""min_top_book_lots"": 1.0, ""premium_elasticity_min"": 0.7, ""regime_confidence_min"": 60.0, ""spread_pct_max"": 0.5415162454873594, ""trade_quality_min"": 38.43575418994654}",11.08,55.4,4.625303367463069,38.43575418994654,0,0.7,62.20499999999999,57.419999999999995,1.0833333333333333,28.5,20.869724842634838,60.0,INVALID,True,DataHealth invalid; Contract invalid: Quote stale or spread hard rejected.; SideDirection hard reject: 4.6 < 65.0; PremiumElasticity hard reject: 0.70 < 1.00; Expected/Required hard reject: 1.08 < 1.60; TradeQuality below configured minimum; ConvexityEdge below excellent gate: 70.4 < 80.0,DataHealth invalid; Contract invalid: Quote stale or spread hard rejected.; SideDirection hard reject: 4.6 < 65.0; PremiumElasticity hard reject: 0.70 < 1.00; Expected/Required hard reject: 1.08 < 1.60; TradeQuality below configured minimum; ConvexityEdge below excellent gate: 70.4 < 80.0,direction=OBSERVED;liquidity=OBSERVED,NSE,INDEX,NSE_INDEX,MIDCPNIFTY,PAPER_ELIGIBLE,INDEX:MIDCAP,,,paper-strategy-8ade763620b6,opportunity-score-8ade763620b6,universe-a8e55c76a270,PAPER_OVERRIDE::FYERS_PAPER_PROXY_RESEARCH
202608241231_4_FINNIFTY_PE,2026-08-24T07:01:51.930606+00:00,202608241231,FINNIFTY,PE,4,54.219066012817606,54.219066012817606,80.0,e172b0fef65b,"{""contract_quality_min"": 0.0, ""direction_min"": 5.996015403030031, ""excellent_score_min"": 54.219066012817606, ""execution_quality_min"": 82.83656319670725, ""expected_required_ratio_min"": 1.25, ""final_confidence_min"": 86.38388390797297, ""iv_crush_max"": 28.5, ""market_hostility_max"": 21.558983013229277, ""min_5depth_lots_each_side"": 16.0, ""min_top_book_lots"": 2.0, ""premium_elasticity_min"": 0.3, ""regime_confidence_min"": 60.0, ""spread_pct_max"": 1.2004801920768309, ""trade_quality_min"": 54.63414634146812}",12.495000000000001,62.475,5.996015403030031,54.63414634146812,0,0.3,139.03125,111.225,1.25,28.5,21.558983013229277,60.0,INVALID,True,DataHealth invalid; Contract invalid: Quote stale or spread hard rejected.; SideDirection hard reject: 6.0 < 65.0; PremiumElasticity hard reject: 0.30 < 1.00; Expected/Required hard reject: 1.25 < 1.60; TradeQuality below configured minimum; ConvexityEdge below excellent gate: 57.4 < 80.0,DataHealth invalid; Contract invalid: Quote stale or spread hard rejected.; SideDirection hard reject: 6.0 < 65.0; PremiumElasticity hard reject: 0.30 < 1.00; Expected/Required hard reject: 1.25 < 1.60; TradeQuality below configured minimum; ConvexityEdge below excellent gate: 57.4 < 80.0,direction=OBSERVED;liquidity=OBSERVED,NSE,INDEX,NSE_INDEX,FINNIFTY,PAPER_ELIGIBLE,INDEX:FINANCIALS,,,paper-strategy-8ade763620b6,opportunity-score-8ade763620b6,universe-a8e55c76a270,PAPER_OVERRIDE::FYERS_PAPER_PROXY_RESEARCH
202608241231_5_MIDCPNIFTY_CE,2026-08-24T07:01:51.931127+00:00,202608241231,MIDCPNIFTY,CE,5,53.712200412014376,53.712200412014376,90.0,712afad509f5,"{""contract_quality_min"": 0.0, ""direction_min"": 0.0, ""excellent_score_min"": 53.712200412014376, ""execution_quality_min"": 100.0, ""expected_required_ratio_min"": 1.0833333333333333, ""final_confidence_min"": 82.33693075186451, ""iv_crush_max"": 28.5, ""market_hostility_max"": 20.869724842634838, ""min_5depth_lots_each_side"": 15.0, ""min_top_book_lots"": 1.0, ""premium_elasticity_min"": 0.5, ""regime_confidence_min"": 60.0, ""spread_pct_max"": 0.5736137667304098, ""trade_quality_min"": 38.43575418994654}",10.46,52.3,-4.625303367463069,38.43575418994654,0,0.5,62.20499999999999,57.419999999999995,1.0833333333333333,28.5,20.869724842634838,60.0,INVALID,True,DataHealth invalid; Contract invalid: Quote stale or spread hard rejected.; SideDirection hard reject: -4.6 < 65.0; PremiumElasticity hard reject: 0.50 < 1.00; Expected/Required hard reject: 1.08 < 1.60; TradeQuality below configured minimum; ConvexityEdge below excellent gate: 70.4 < 80.0,DataHealth invalid; Contract invalid: Quote stale or spread hard rejected.; SideDirection hard reject: -4.6 < 65.0; PremiumElasticity hard reject: 0.50 < 1.00; Expected/Required hard reject: 1.08 < 1.60; TradeQuality below configured minimum; ConvexityEdge below excellent gate: 70.4 < 80.0,direction=OBSERVED;liquidity=OBSERVED,NSE,INDEX,NSE_INDEX,MIDCPNIFTY,PAPER_ELIGIBLE,INDEX:MIDCAP,,,paper-strategy-8ade763620b6,opportunity-score-8ade763620b6,universe-a8e55c76a270,PAPER_OVERRIDE::FYERS_PAPER_PROXY_RESEARCH
202608241233_1_MIDCPNIFTY_PE,2026-08-24T07:03:04.417625+00:00,202608241233,MIDCPNIFTY,PE,1,59.838927741854214,59.838927741854214,90.0,712afad509f5,"{""contract_quality_min"": 0.0, ""direction_min"": 6.183730738855002, ""excellent_score_min"": 59.838927741854214, ""execution_quality_min"": 100.0, ""expected_required_ratio_min"": 1.0833333333333335, ""final_confidence_min"": 89.36007494824854, ""iv_crush_max"": 28.5, ""market_hostility_max"": 20.888275246596557, ""min_5depth_lots_each_side"": 34.0, ""min_top_book_lots"": 4.0, ""premium_elasticity_min"": 0.5, ""regime_confidence_min"": 60.0, ""spread_pct_max"": 0.6810442678774218, ""trade_quality_min"": 56.441717791400976}",8.81,44.05,6.183730738855002,56.441717791400976,0,0.5,62.18875,57.404999999999994,1.0833333333333335,28.5,20.888275246596557,60.0,INVALID,True,DataHealth invalid; Contract invalid: Quote stale or spread hard rejected.; SideDirection hard reject: 6.2 < 65.0; PremiumElasticity hard reject: 0.50 < 1.00; Expected/Required hard reject: 1.08 < 1.60; TradeQuality below configured minimum; ConvexityEdge below excellent gate: 70.4 < 80.0,DataHealth invalid; Contract invalid: Quote stale or spread hard rejected.; SideDirection hard reject: 6.2 < 65.0; PremiumElasticity hard reject: 0.50 < 1.00; Expected/Required hard reject: 1.08 < 1.60; TradeQuality below configured minimum; ConvexityEdge below excellent gate: 70.4 < 80.0,direction=OBSERVED;liquidity=OBSERVED,NSE,INDEX,NSE_INDEX,MIDCPNIFTY,PAPER_ELIGIBLE,INDEX:MIDCAP,,,paper-strategy-8ade763620b6,opportunity-score-8ade763620b6,universe-a8e55c76a270,PAPER_OVERRIDE::FYERS_PAPER_PROXY_RESEARCH
202608241233_2_MIDCPNIFTY_PE,2026-08-24T07:03:04.422442+00:00,202608241233,MIDCPNIFTY,PE,2,59.838927741854214,59.838927741854214,90.0,712afad509f5,"{""contract_quality_min"": 0.0, ""direction_min"": 6.183730738855002, ""excellent_score_min"": 59.838927741854214, ""execution_quality_min"": 100.0, ""expected_required_ratio_min"": 1.0833333333333335, ""final_confidence_min"": 89.36007494824854, ""iv_crush_max"": 28.5, ""market_hostility_max"": 20.888275246596557, ""min_5depth_lots_each_side"": 15.0, ""min_top_book_lots"": 1.0, ""premium_elasticity_min"": 0.7, ""regime_confidence_min"": 60.0, ""spread_pct_max"": 0.529567519858777, ""trade_quality_min"": 56.441717791400976}",11.33,56.65,6.183730738855002,56.441717791400976,0,0.7,62.18875,57.404999999999994,1.0833333333333335,28.5,20.888275246596557,60.0,INVALID,True,DataHealth invalid; Contract invalid: Quote stale or spread hard rejected.; SideDirection hard reject: 6.2 < 65.0; PremiumElasticity hard reject: 0.70 < 1.00; Expected/Required hard reject: 1.08 < 1.60; TradeQuality below configured minimum; ConvexityEdge below excellent gate: 70.4 < 80.0,DataHealth invalid; Contract invalid: Quote stale or spread hard rejected.; SideDirection hard reject: 6.2 < 65.0; PremiumElasticity hard reject: 0.70 < 1.00; Expected/Required hard reject: 1.08 < 1.60; TradeQuality below configured minimum; ConvexityEdge below excellent gate: 70.4 < 80.0,direction=OBSERVED;liquidity=OBSERVED,NSE,INDEX,NSE_INDEX,MIDCPNIFTY,PAPER_ELIGIBLE,INDEX:MIDCAP,,,paper-strategy-8ade763620b6,opportunity-score-8ade763620b6,universe-a8e55c76a270,PAPER_OVERRIDE::FYERS_PAPER_PROXY_RESEARCH
202608241233_3_MIDCPNIFTY_CE,2026-08-24T07:03:04.422953+00:00,202608241233,MIDCPNIFTY,CE,3,58.725856208860314,58.725856208860314,90.0,712afad509f5,"{""contract_quality_min"": 0.0, ""direction_min"": 0.0, ""excellent_score_min"": 58.725856208860314, ""execution_quality_min"": 100.0, ""expected_required_ratio_min"": 1.0833333333333335, ""final_confidence_min"": 87.50495572659203, ""iv_crush_max"": 28.5, ""market_hostility_max"": 20.888275246596557, ""min_5depth_lots_each_side"": 12.0, ""min_top_book_lots"": 2.0, ""premium_elasticity_min"": 0.5, ""regime_confidence_min"": 60.0, ""spread_pct_max"": 0.48426150121065376, ""trade_quality_min"": 56.441717791400976}",10.325000000000001,51.625,-6.183730738855002,56.441717791400976,0,0.5,62.18875,57.404999999999994,1.0833333333333335,28.5,20.888275246596557,60.0,INVALID,True,DataHealth invalid; Contract invalid: Quote stale or spread hard rejected.; SideDirection hard reject: -6.2 < 65.0; PremiumElasticity hard reject: 0.50 < 1.00; Expected/Required hard reject: 1.08 < 1.60; TradeQuality below configured minimum; ConvexityEdge below excellent gate: 70.4 < 80.0,DataHealth invalid; Contract invalid: Quote stale or spread hard rejected.; SideDirection hard reject: -6.2 < 65.0; PremiumElasticity hard reject: 0.50 < 1.00; Expected/Required hard reject: 1.08 < 1.60; TradeQuality below configured minimum; ConvexityEdge below excellent gate: 70.4 < 80.0,direction=OBSERVED;liquidity=OBSERVED,NSE,INDEX,NSE_INDEX,MIDCPNIFTY,PAPER_ELIGIBLE,INDEX:MIDCAP,,,paper-strategy-8ade763620b6,opportunity-score-8ade763620b6,universe-a8e55c76a270,PAPER_OVERRIDE::FYERS_PAPER_PROXY_RESEARCH
202608241233_4_MIDCPNIFTY_CE,2026-08-24T07:03:04.423449+00:00,202608241233,MIDCPNIFTY,CE,4,58.725856208860314,58.725856208860314,90.0,712afad509f5,"{""contract_quality_min"": 0.0, ""direction_min"": 0.0, ""excellent_score_min"": 58.725856208860314, ""execution_quality_min"": 100.0, ""expected_required_ratio_min"": 1.0833333333333335, ""final_confidence_min"": 87.50495572659203, ""iv_crush_max"": 28.5, ""market_hostility_max"": 20.888275246596557, ""min_5depth_lots_each_side"": 8.0, ""min_top_book_lots"": 1.0, ""premium_elasticity_min"": 0.7, ""regime_confidence_min"": 60.0, ""spread_pct_max"": 0.5257228689447905, ""trade_quality_min"": 56.441717791400976}",13.315000000000001,66.575,-6.183730738855002,56.441717791400976,0,0.7,62.18875,57.404999999999994,1.0833333333333335,28.5,20.888275246596557,60.0,INVALID,True,DataHealth invalid; Contract invalid: Quote stale or spread hard rejected.; SideDirection hard reject: -6.2 < 65.0; PremiumElasticity hard reject: 0.70 < 1.00; Expected/Required hard reject: 1.08 < 1.60; TradeQuality below configured minimum; ConvexityEdge below excellent gate: 70.4 < 80.0,DataHealth invalid; Contract invalid: Quote stale or spread hard rejected.; SideDirection hard reject: -6.2 < 65.0; PremiumElasticity hard reject: 0.70 < 1.00; Expected/Required hard reject: 1.08 < 1.60; TradeQuality below configured minimum; ConvexityEdge below excellent gate: 70.4 < 80.0,direction=OBSERVED;liquidity=OBSERVED,NSE,INDEX,NSE_INDEX,MIDCPNIFTY,PAPER_ELIGIBLE,INDEX:MIDCAP,,,paper-strategy-8ade763620b6,opportunity-score-8ade763620b6,universe-a8e55c76a270,PAPER_OVERRIDE::FYERS_PAPER_PROXY_RESEARCH
202608241233_5_FINNIFTY_PE,2026-08-24T07:03:04.423943+00:00,202608241233,FINNIFTY,PE,5,56.63562578364119,56.63562578364119,80.0,e172b0fef65b,"{""contract_quality_min"": 0.0, ""direction_min"": 4.298723003904578, ""excellent_score_min"": 56.63562578364119, ""execution_quality_min"": 100.0, ""expected_required_ratio_min"": 1.25, ""final_confidence_min"": 85.39431729144906, ""iv_crush_max"": 28.5, ""market_hostility_max"": 21.507487053902206, ""min_5depth_lots_each_side"": 9.0, ""min_top_book_lots"": 1.0, ""premium_elasticity_min"": 0.5, ""regime_confidence_min"": 60.0, ""spread_pct_max"": 0.7130124777183702, ""trade_quality_min"": 44.165029469544585}",16.830000000000002,84.15,4.298723003904578,44.165029469544585,0,0.5,139.8375,111.87,1.25,28.5,21.507487053902206,60.0,INVALID,True,DataHealth invalid; Contract invalid: Quote stale or spread hard rejected.; SideDirection hard reject: 4.3 < 65.0; PremiumElasticity hard reject: 0.50 < 1.00; Expected/Required hard reject: 1.25 < 1.60; TradeQuality below configured minimum; ConvexityEdge below excellent gate: 71.4 < 80.0,DataHealth invalid; Contract invalid: Quote stale or spread hard rejected.; SideDirection hard reject: 4.3 < 65.0; PremiumElasticity hard reject: 0.50 < 1.00; Expected/Required hard reject: 1.25 < 1.60; TradeQuality below configured minimum; ConvexityEdge below excellent gate: 71.4 < 80.0,direction=OBSERVED;liquidity=OBSERVED,NSE,INDEX,NSE_INDEX,FINNIFTY,PAPER_ELIGIBLE,INDEX:FINANCIALS,,,paper-strategy-8ade763620b6,opportunity-score-8ade763620b6,universe-a8e55c76a270,PAPER_OVERRIDE::FYERS_PAPER_PROXY_RESEARCH
202608241234_1_MIDCPNIFTY_PE,2026-08-24T07:04:10.105492+00:00,202608241234,MIDCPNIFTY,PE,1,55.719618405733364,55.719618405733364,90.0,712afad509f5,"{""contract_quality_min"": 0.0, ""direction_min"": 4.70558182838743, ""excellent_score_min"": 55.719618405733364, ""execution_quality_min"": 100.0, ""expected_required_ratio_min"": 1.0833333333333335, ""final_confidence_min"": 84.89465902652175, ""iv_crush_max"": 28.5, ""market_hostility_max"": 20.546811592253167, ""min_5depth_lots_each_side"": 32.0, ""min_top_book_lots"": 3.0, ""premium_elasticity_min"": 0.5, ""regime_confidence_min"": 60.0, ""spread_pct_max"": 0.6864988558352499, ""trade_quality_min"": 42.29607250754543}",8.74,43.7,4.70558182838743,42.29607250754543,0,0.5,62.221250000000005,57.435,1.0833333333333335,28.5,20.546811592253167,60.0,INVALID,True,DataHealth invalid; Contract invalid: Quote stale or spread hard rejected.; SideDirection hard reject: 4.7 < 65.0; PremiumElasticity hard reject: 0.50 < 1.00; Expected/Required hard reject: 1.08 < 1.60; TradeQuality below configured minimum; ConvexityEdge below excellent gate: 70.4 < 80.0,DataHealth invalid; Contract invalid: Quote stale or spread hard rejected.; SideDirection hard reject: 4.7 < 65.0; PremiumElasticity hard reject: 0.50 < 1.00; Expected/Required hard reject: 1.08 < 1.60; TradeQuality below configured minimum; ConvexityEdge below excellent gate: 70.4 < 80.0,direction=OBSERVED;liquidity=OBSERVED,NSE,INDEX,NSE_INDEX,MIDCPNIFTY,PAPER_ELIGIBLE,INDEX:MIDCAP,,,paper-strategy-8ade763620b6,opportunity-score-8ade763620b6,universe-a8e55c76a270,PAPER_OVERRIDE::FYERS_PAPER_PROXY_RESEARCH
202608241234_2_MIDCPNIFTY_CE,2026-08-24T07:04:10.108381+00:00,202608241234,MIDCPNIFTY,CE,2,54.87261367662362,54.87261367662362,90.0,712afad509f5,"{""contract_quality_min"": 0.0, ""direction_min"": 0.0, ""excellent_score_min"": 54.87261367662362, ""execution_quality_min"": 100.0, ""expected_required_ratio_min"": 1.0833333333333335, ""final_confidence_min"": 83.48298447800552, ""iv_crush_max"": 28.5, ""market_hostility_max"": 20.546811592253167, ""min_5depth_lots_each_side"": 18.0, ""min_top_book_lots"": 1.0, ""premium_elasticity_min"": 0.5, ""regime_confidence_min"": 60.0, ""spread_pct_max"": 0.6727534839019729, ""trade_quality_min"": 42.29607250754543}",10.405000000000001,52.025000000000006,-4.70558182838743,42.29607250754543,0,0.5,62.221250000000005,57.435,1.0833333333333335,28.5,20.546811592253167,60.0,INVALID,True,DataHealth invalid; Contract invalid: Quote stale or spread hard rejected.; SideDirection hard reject: -4.7 < 65.0; PremiumElasticity hard reject: 0.50 < 1.00; Expected/Required hard reject: 1.08 < 1.60; TradeQuality below configured minimum; ConvexityEdge below excellent gate: 70.4 < 80.0,DataHealth invalid; Contract invalid: Quote stale or spread hard rejected.; SideDirection hard reject: -4.7 < 65.0; PremiumElasticity hard reject: 0.50 < 1.00; Expected/Required hard reject: 1.08 < 1.60; TradeQuality below configured minimum; ConvexityEdge below excellent gate: 70.4 < 80.0,direction=OBSERVED;liquidity=OBSERVED,NSE,INDEX,NSE_INDEX,MIDCPNIFTY,PAPER_ELIGIBLE,INDEX:MIDCAP,,,paper-strategy-8ade763620b6,opportunity-score-8ade763620b6,universe-a8e55c76a270,PAPER_OVERRIDE::FYERS_PAPER_PROXY_RESEARCH
202608241234_3_MIDCPNIFTY_CE,2026-08-24T07:04:10.108890+00:00,202608241234,MIDCPNIFTY,CE,3,54.87261367662362,54.87261367662362,90.0,712afad509f5,"{""contract_quality_min"": 0.0, ""direction_min"": 0.0, ""excellent_score_min"": 54.87261367662362, ""execution_quality_min"": 100.0, ""expected_required_ratio_min"": 1.0833333333333335, ""final_confidence_min"": 83.48298447800552, ""iv_crush_max"": 28.5, ""market_hostility_max"": 20.546811592253167, ""min_5depth_lots_each_side"": 10.0, ""min_top_book_lots"": 1.0, ""premium_elasticity_min"": 0.7, ""regime_confidence_min"": 60.0, ""spread_pct_max"": 0.5965697240865111, ""trade_quality_min"": 42.29607250754543}",13.41,67.05,-4.70558182838743,42.29607250754543,0,0.7,62.221250000000005,57.435,1.0833333333333335,28.5,20.546811592253167,60.0,INVALID,True,DataHealth invalid; Contract invalid: Quote stale or spread hard rejected.; SideDirection hard reject: -4.7 < 65.0; PremiumElasticity hard reject: 0.70 < 1.00; Expected/Required hard reject: 1.08 < 1.60; TradeQuality below configured minimum; ConvexityEdge below excellent gate: 70.4 < 80.0,DataHealth invalid; Contract invalid: Quote stale or spread hard rejected.; SideDirection hard reject: -4.7 < 65.0; PremiumElasticity hard reject: 0.70 < 1.00; Expected/Required hard reject: 1.08 < 1.60; TradeQuality below configured minimum; ConvexityEdge below excellent gate: 70.4 < 80.0,direction=OBSERVED;liquidity=OBSERVED,NSE,INDEX,NSE_INDEX,MIDCPNIFTY,PAPER_ELIGIBLE,INDEX:MIDCAP,,,paper-strategy-8ade763620b6,opportunity-score-8ade763620b6,universe-a8e55c76a270,PAPER_OVERRIDE::FYERS_PAPER_PROXY_RESEARCH
202608241234_4_BANKNIFTY_PE,2026-08-24T07:04:10.109401+00:00,202608241234,BANKNIFTY,PE,4,51.44961946122224,51.44961946122224,80.0,2e840ccd58d1,"{""contract_quality_min"": 0.0, ""direction_min"": 3.924955273460687, ""excellent_score_min"": 51.44961946122224, ""execution_quality_min"": 100.0, ""expected_required_ratio_min"": 1.4166666666666667, ""final_confidence_min"": 79.98587946869107, ""iv_crush_max"": 28.5, ""market_hostility_max"": 22.02263436557046, ""min_5depth_lots_each_side"": 12.0, ""min_top_book_lots"": 1.0, ""premium_elasticity_min"": 0.5, ""regime_confidence_min"": 60.0, ""spread_pct_max"": 0.1974983541803893, ""trade_quality_min"": 26.323787258906577}",30.380000000000003,151.9,3.924955273460687,26.323787258906577,0,0.5,343.7825,242.67000000000002,1.4166666666666667,28.5,22.02263436557046,60.0,INVALID,True,DataHealth invalid; Contract invalid: Quote stale or spread hard rejected.; SideDirection hard reject: 3.9 < 65.0; PremiumElasticity hard reject: 0.50 < 1.00; Expected/Required hard reject: 1.42 < 1.60; TradeQuality below configured minimum; ConvexityEdge below excellent gate: 71.4 < 80.0,DataHealth invalid; Contract invalid: Quote stale or spread hard rejected.; SideDirection hard reject: 3.9 < 65.0; PremiumElasticity hard reject: 0.50 < 1.00; Expected/Required hard reject: 1.42 < 1.60; TradeQuality below configured minimum; ConvexityEdge below excellent gate: 71.4 < 80.0,direction=OBSERVED;liquidity=OBSERVED,NSE,INDEX,NSE_INDEX,BANKNIFTY,PAPER_ELIGIBLE,INDEX:BANKING,,,paper-strategy-8ade763620b6,opportunity-score-8ade763620b6,universe-a8e55c76a270,PAPER_OVERRIDE::FYERS_PAPER_PROXY_RESEARCH
202608241234_5_BANKNIFTY_PE,2026-08-24T07:04:10.109872+00:00,202608241234,BANKNIFTY,PE,5,51.44961946122224,51.44961946122224,80.0,2e840ccd58d1,"{""contract_quality_min"": 0.0, ""direction_min"": 3.924955273460687, ""excellent_score_min"": 51.44961946122224, ""execution_quality_min"": 100.0, ""expected_required_ratio_min"": 1.4166666666666667, ""final_confidence_min"": 79.98587946869107, ""iv_crush_max"": 28.5, ""market_hostility_max"": 22.02263436557046, ""min_5depth_lots_each_side"": 28.0, ""min_top_book_lots"": 4.0, ""premium_elasticity_min"": 0.7, ""regime_confidence_min"": 60.0, ""spread_pct_max"": 0.305654610290369, ""trade_quality_min"": 26.323787258906577}",39.260000000000005,196.3,3.924955273460687,26.323787258906577,0,0.7,343.7825,242.67000000000002,1.4166666666666667,28.5,22.02263436557046,60.0,INVALID,True,DataHealth invalid; Contract invalid: Quote stale or spread hard rejected.; SideDirection hard reject: 3.9 < 65.0; PremiumElasticity hard reject: 0.70 < 1.00; Expected/Required hard reject: 1.42 < 1.60; TradeQuality below configured minimum; ConvexityEdge below excellent gate: 71.4 < 80.0,DataHealth invalid; Contract invalid: Quote stale or spread hard rejected.; SideDirection hard reject: 3.9 < 65.0; PremiumElasticity hard reject: 0.70 < 1.00; Expected/Required hard reject: 1.42 < 1.60; TradeQuality below configured minimum; ConvexityEdge below excellent gate: 71.4 < 80.0,direction=OBSERVED;liquidity=OBSERVED,NSE,INDEX,NSE_INDEX,BANKNIFTY,PAPER_ELIGIBLE,INDEX:BANKING,,,paper-strategy-8ade763620b6,opportunity-score-8ade763620b6,universe-a8e55c76a270,PAPER_OVERRIDE::FYERS_PAPER_PROXY_RESEARCH
202608241335_1_BANKNIFTY_PE,2026-08-24T08:05:50.331150+00:00,202608241335,BANKNIFTY,PE,1,52.938805388296814,52.938805388296814,80.0,2e840ccd58d1,"{""contract_quality_min"": 0.0, ""direction_min"": 0.0, ""excellent_score_min"": 52.938805388296814, ""execution_quality_min"": 100.0, ""expected_required_ratio_min"": 1.4166666666666665, ""final_confidence_min"": 80.86783165290204, ""iv_crush_max"": 28.5, ""market_hostility_max"": 20.113834847198277, ""min_5depth_lots_each_side"": 30.0, ""min_top_book_lots"": 1.0, ""premium_elasticity_min"": 0.5, ""regime_confidence_min"": 60.0, ""spread_pct_max"": 0.19200000000000728, ""trade_quality_min"": 32.373923739224715}",31.25,156.25,-2.295636459102464,32.373923739224715,0,0.5,327.505,231.18,1.4166666666666665,28.5,20.113834847198277,60.0,INVALID,True,DataHealth invalid; Contract invalid: Quote stale or spread hard rejected.; SideDirection hard reject: -2.3 < 65.0; PremiumElasticity hard reject: 0.50 < 1.00; Expected/Required hard reject: 1.42 < 1.60; TradeQuality below configured minimum; ConvexityEdge below excellent gate: 71.4 < 80.0,DataHealth invalid; Contract invalid: Quote stale or spread hard rejected.; SideDirection hard reject: -2.3 < 65.0; PremiumElasticity hard reject: 0.50 < 1.00; Expected/Required hard reject: 1.42 < 1.60; TradeQuality below configured minimum; ConvexityEdge below excellent gate: 71.4 < 80.0,direction=OBSERVED;liquidity=OBSERVED,NSE,INDEX,NSE_INDEX,BANKNIFTY,PAPER_ELIGIBLE,INDEX:BANKING,,,paper-strategy-8ade763620b6,opportunity-score-8ade763620b6,universe-a8e55c76a270,PAPER_OVERRIDE::FYERS_PAPER_PROXY_RESEARCH
202608241335_2_BANKNIFTY_PE,2026-08-24T08:05:50.332370+00:00,202608241335,BANKNIFTY,PE,2,52.938805388296814,52.938805388296814,80.0,2e840ccd58d1,"{""contract_quality_min"": 0.0, ""direction_min"": 0.0, ""excellent_score_min"": 52.938805388296814, ""execution_quality_min"": 100.0, ""expected_required_ratio_min"": 1.4166666666666665, ""final_confidence_min"": 80.86783165290204, ""iv_crush_max"": 28.5, ""market_hostility_max"": 20.113834847198277, ""min_5depth_lots_each_side"": 27.0, ""min_top_book_lots"": 1.0, ""premium_elasticity_min"": 0.7, ""regime_confidence_min"": 60.0, ""spread_pct_max"": 0.3183543528835585, ""trade_quality_min"": 32.373923739224715}",40.83500000000001,204.175,-2.295636459102464,32.373923739224715,0,0.7,327.505,231.18,1.4166666666666665,28.5,20.113834847198277,60.0,INVALID,True,DataHealth invalid; Contract invalid: Quote stale or spread hard rejected.; SideDirection hard reject: -2.3 < 65.0; PremiumElasticity hard reject: 0.70 < 1.00; Expected/Required hard reject: 1.42 < 1.60; TradeQuality below configured minimum; ConvexityEdge below excellent gate: 71.4 < 80.0,DataHealth invalid; Contract invalid: Quote stale or spread hard rejected.; SideDirection hard reject: -2.3 < 65.0; PremiumElasticity hard reject: 0.70 < 1.00; Expected/Required hard reject: 1.42 < 1.60; TradeQuality below configured minimum; ConvexityEdge below excellent gate: 71.4 < 80.0,direction=OBSERVED;liquidity=OBSERVED,NSE,INDEX,NSE_INDEX,BANKNIFTY,PAPER_ELIGIBLE,INDEX:BANKING,,,paper-strategy-8ade763620b6,opportunity-score-8ade763620b6,universe-a8e55c76a270,PAPER_OVERRIDE::FYERS_PAPER_PROXY_RESEARCH
202608241335_3_FINNIFTY_PE,2026-08-24T08:05:50.332887+00:00,202608241335,FINNIFTY,PE,3,51.931250977689935,51.931250977689935,80.0,e172b0fef65b,"{""contract_quality_min"": 0.0, ""direction_min"": 0.0, ""excellent_score_min"": 51.931250977689935, ""execution_quality_min"": 100.0, ""expected_required_ratio_min"": 1.25, ""final_confidence_min"": 79.86065912496548, ""iv_crush_max"": 28.5, ""market_hostility_max"": 20.28546554398391, ""min_5depth_lots_each_side"": 10.0, ""min_top_book_lots"": 1.0, ""premium_elasticity_min"": 0.7, ""regime_confidence_min"": 60.0, ""spread_pct_max"": 0.6644518272425186, ""trade_quality_min"": 28.91820580475745}",18.06,90.3,-2.098684109744997,28.91820580475745,0,0.7,137.55,110.04,1.25,28.5,20.28546554398391,60.0,INVALID,True,DataHealth invalid; Contract invalid: Quote stale or spread hard rejected.; SideDirection hard reject: -2.1 < 65.0; PremiumElasticity hard reject: 0.70 < 1.00; Expected/Required hard reject: 1.25 < 1.60; TradeQuality below configured minimum; ConvexityEdge below excellent gate: 71.4 < 80.0,DataHealth invalid; Contract invalid: Quote stale or spread hard rejected.; SideDirection hard reject: -2.1 < 65.0; PremiumElasticity hard reject: 0.70 < 1.00; Expected/Required hard reject: 1.25 < 1.60; TradeQuality below configured minimum; ConvexityEdge below excellent gate: 71.4 < 80.0,direction=OBSERVED;liquidity=OBSERVED,NSE,INDEX,NSE_INDEX,FINNIFTY,PAPER_ELIGIBLE,INDEX:FINANCIALS,,,paper-strategy-8ade763620b6,opportunity-score-8ade763620b6,universe-a8e55c76a270,PAPER_OVERRIDE::FYERS_PAPER_PROXY_RESEARCH
202608241335_4_BANKNIFTY_CE,2026-08-24T08:05:50.333447+00:00,202608241335,BANKNIFTY,CE,4,50.55201995093526,50.55201995093526,80.0,2e840ccd58d1,"{""contract_quality_min"": 0.0, ""direction_min"": 2.295636459102464, ""excellent_score_min"": 50.55201995093526, ""execution_quality_min"": 100.0, ""expected_required_ratio_min"": 1.4166666666666665, ""final_confidence_min"": 81.55652259063278, ""iv_crush_max"": 28.5, ""market_hostility_max"": 20.113834847198277, ""min_5depth_lots_each_side"": 27.0, ""min_top_book_lots"": 3.0, ""premium_elasticity_min"": 0.3, ""regime_confidence_min"": 60.0, ""spread_pct_max"": 0.31130607046836445, ""trade_quality_min"": 32.373923739224715}",35.335,176.675,2.295636459102464,32.373923739224715,0,0.3,327.505,231.18,1.4166666666666665,28.5,20.113834847198277,60.0,INVALID,True,DataHealth invalid; Contract invalid: Quote stale or spread hard rejected.; SideDirection hard reject: 2.3 < 65.0; PremiumElasticity hard reject: 0.30 < 1.00; Expected/Required hard reject: 1.42 < 1.60; TradeQuality below configured minimum; ConvexityEdge below excellent gate: 57.4 < 80.0,DataHealth invalid; Contract invalid: Quote stale or spread hard rejected.; SideDirection hard reject: 2.3 < 65.0; PremiumElasticity hard reject: 0.30 < 1.00; Expected/Required hard reject: 1.42 < 1.60; TradeQuality below configured minimum; ConvexityEdge below excellent gate: 57.4 < 80.0,direction=OBSERVED;liquidity=OBSERVED,NSE,INDEX,NSE_INDEX,BANKNIFTY,PAPER_ELIGIBLE,INDEX:BANKING,,,paper-strategy-8ade763620b6,opportunity-score-8ade763620b6,universe-a8e55c76a270,PAPER_OVERRIDE::FYERS_PAPER_PROXY_RESEARCH
202608241335_5_BANKNIFTY_PE,2026-08-24T08:05:50.333930+00:00,202608241335,BANKNIFTY,PE,5,50.13880538829682,50.13880538829682,80.0,2e840ccd58d1,"{""contract_quality_min"": 0.0, ""direction_min"": 0.0, ""excellent_score_min"": 50.13880538829682, ""execution_quality_min"": 100.0, ""expected_required_ratio_min"": 1.4166666666666665, ""final_confidence_min"": 80.86783165290204, ""iv_crush_max"": 28.5, ""market_hostility_max"": 20.113834847198277, ""min_5depth_lots_each_side"": 30.0, ""min_top_book_lots"": 1.0, ""premium_elasticity_min"": 0.3, ""regime_confidence_min"": 60.0, ""spread_pct_max"": 0.2543450614667208, ""trade_quality_min"": 32.373923739224715}",23.59,117.94999999999999,-2.295636459102464,32.373923739224715,0,0.3,327.505,231.18,1.4166666666666665,28.5,20.113834847198277,60.0,INVALID,True,DataHealth invalid; Contract invalid: Quote stale or spread hard rejected.; SideDirection hard reject: -2.3 < 65.0; PremiumElasticity hard reject: 0.30 < 1.00; Expected/Required hard reject: 1.42 < 1.60; TradeQuality below configured minimum; ConvexityEdge below excellent gate: 57.4 < 80.0,DataHealth invalid; Contract invalid: Quote stale or spread hard rejected.; SideDirection hard reject: -2.3 < 65.0; PremiumElasticity hard reject: 0.30 < 1.00; Expected/Required hard reject: 1.42 < 1.60; TradeQuality below configured minimum; ConvexityEdge below excellent gate: 57.4 < 80.0,direction=OBSERVED;liquidity=OBSERVED,NSE,INDEX,NSE_INDEX,BANKNIFTY,PAPER_ELIGIBLE,INDEX:BANKING,,,paper-strategy-8ade763620b6,opportunity-score-8ade763620b6,universe-a8e55c76a270,PAPER_OVERRIDE::FYERS_PAPER_PROXY_RESEARCH
202608241337_1_MIDCPNIFTY_PE,2026-08-24T08:07:08.372079+00:00,202608241337,MIDCPNIFTY,PE,1,50.72824075126394,50.72824075126394,90.0,712afad509f5,"{""contract_quality_min"": 0.0, ""direction_min"": 3.0921875210067085, ""excellent_score_min"": 50.72824075126394, ""execution_quality_min"": 100.0, ""expected_required_ratio_min"": 1.0833333333333335, ""final_confidence_min"": 79.44350292489868, ""iv_crush_max"": 28.5, ""market_hostility_max"": 19.60835174096398, ""min_5depth_lots_each_side"": 25.0, ""min_top_book_lots"": 4.0, ""premium_elasticity_min"": 0.5, ""regime_confidence_min"": 60.0, ""spread_pct_max"": 0.6960556844547497, ""trade_quality_min"": 24.932249322492243}",8.620000000000001,43.1,3.0921875210067085,24.932249322492243,0,0.5,61.11625000000001,56.415,1.0833333333333335,28.5,19.60835174096398,60.0,INVALID,True,DataHealth invalid; Contract invalid: Quote stale or spread hard rejected.; SideDirection hard reject: 3.1 < 65.0; PremiumElasticity hard reject: 0.50 < 1.00; Expected/Required hard reject: 1.08 < 1.60; TradeQuality below configured minimum; ConvexityEdge below excellent gate: 70.4 < 80.0,DataHealth invalid; Contract invalid: Quote stale or spread hard rejected.; SideDirection hard reject: 3.1 < 65.0; PremiumElasticity hard reject: 0.50 < 1.00; Expected/Required hard reject: 1.08 < 1.60; TradeQuality below configured minimum; ConvexityEdge below excellent gate: 70.4 < 80.0,direction=OBSERVED;liquidity=OBSERVED,NSE,INDEX,NSE_INDEX,MIDCPNIFTY,PAPER_ELIGIBLE,INDEX:MIDCAP,,,paper-strategy-8ade763620b6,opportunity-score-8ade763620b6,universe-a8e55c76a270,PAPER_OVERRIDE::FYERS_PAPER_PROXY_RESEARCH
202608241337_2_MIDCPNIFTY_PE,2026-08-24T08:07:08.372661+00:00,202608241337,MIDCPNIFTY,PE,2,50.72824075126394,50.72824075126394,90.0,712afad509f5,"{""contract_quality_min"": 0.0, ""direction_min"": 3.0921875210067085, ""excellent_score_min"": 50.72824075126394, ""execution_quality_min"": 100.0, ""expected_required_ratio_min"": 1.0833333333333335, ""final_confidence_min"": 79.44350292489868, ""iv_crush_max"": 28.5, ""market_hostility_max"": 19.60835174096398, ""min_5depth_lots_each_side"": 13.0, ""min_top_book_lots"": 3.0, ""premium_elasticity_min"": 0.7, ""regime_confidence_min"": 60.0, ""spread_pct_max"": 0.5395683453237359, ""trade_quality_min"": 24.932249322492243}",11.120000000000001,55.6,3.0921875210067085,24.932249322492243,0,0.7,61.11625000000001,56.415,1.0833333333333335,28.5,19.60835174096398,60.0,INVALID,True,DataHealth invalid; Contract invalid: Quote stale or spread hard rejected.; SideDirection hard reject: 3.1 < 65.0; PremiumElasticity hard reject: 0.70 < 1.00; Expected/Required hard reject: 1.08 < 1.60; TradeQuality below configured minimum; ConvexityEdge below excellent gate: 70.4 < 80.0,DataHealth invalid; Contract invalid: Quote stale or spread hard rejected.; SideDirection hard reject: 3.1 < 65.0; PremiumElasticity hard reject: 0.70 < 1.00; Expected/Required hard reject: 1.08 < 1.60; TradeQuality below configured minimum; ConvexityEdge below excellent gate: 70.4 < 80.0,direction=OBSERVED;liquidity=OBSERVED,NSE,INDEX,NSE_INDEX,MIDCPNIFTY,PAPER_ELIGIBLE,INDEX:MIDCAP,,,paper-strategy-8ade763620b6,opportunity-score-8ade763620b6,universe-a8e55c76a270,PAPER_OVERRIDE::FYERS_PAPER_PROXY_RESEARCH
202608241337_3_MIDCPNIFTY_CE,2026-08-24T08:07:08.373097+00:00,202608241337,MIDCPNIFTY,CE,3,50.171646997482725,50.171646997482725,90.0,712afad509f5,"{""contract_quality_min"": 0.0, ""direction_min"": 0.0, ""excellent_score_min"": 50.171646997482725, ""execution_quality_min"": 100.0, ""expected_required_ratio_min"": 1.0833333333333335, ""final_confidence_min"": 78.51584666859667, ""iv_crush_max"": 28.5, ""market_hostility_max"": 19.60835174096398, ""min_5depth_lots_each_side"": 11.0, ""min_top_book_lots"": 2.0, ""premium_elasticity_min"": 0.7, ""regime_confidence_min"": 60.0, ""spread_pct_max"": 0.6102212051868889, ""trade_quality_min"": 24.932249322492243}",13.11,65.55,-3.0921875210067085,24.932249322492243,0,0.7,61.11625000000001,56.415,1.0833333333333335,28.5,19.60835174096398,60.0,INVALID,True,DataHealth invalid; Contract invalid: Quote stale or spread hard rejected.; SideDirection hard reject: -3.1 < 65.0; PremiumElasticity hard reject: 0.70 < 1.00; Expected/Required hard reject: 1.08 < 1.60; TradeQuality below configured minimum; ConvexityEdge below excellent gate: 70.4 < 80.0,DataHealth invalid; Contract invalid: Quote stale or spread hard rejected.; SideDirection hard reject: -3.1 < 65.0; PremiumElasticity hard reject: 0.70 < 1.00; Expected/Required hard reject: 1.08 < 1.60; TradeQuality below configured minimum; ConvexityEdge below excellent gate: 70.4 < 80.0,direction=OBSERVED;liquidity=OBSERVED,NSE,INDEX,NSE_INDEX,MIDCPNIFTY,PAPER_ELIGIBLE,INDEX:MIDCAP,,,paper-strategy-8ade763620b6,opportunity-score-8ade763620b6,universe-a8e55c76a270,PAPER_OVERRIDE::FYERS_PAPER_PROXY_RESEARCH
202608241337_4_BANKNIFTY_PE,2026-08-24T08:07:08.373587+00:00,202608241337,BANKNIFTY,PE,4,44.79346197982145,44.79346197982145,80.0,2e840ccd58d1,"{""contract_quality_min"": 0.0, ""direction_min"": 0.2721019614884451, ""excellent_score_min"": 44.79346197982145, ""execution_quality_min"": 100.0, ""expected_required_ratio_min"": 1.4166666666666667, ""final_confidence_min"": 72.52711666408456, ""iv_crush_max"": 28.5, ""market_hostility_max"": 20.435931156112094, ""min_5depth_lots_each_side"": 25.0, ""min_top_book_lots"": 1.0, ""premium_elasticity_min"": 0.5, ""regime_confidence_min"": 60.0, ""spread_pct_max"": 0.21548406957056754, ""trade_quality_min"": 3.2876712328709994}",32.48500000000001,162.425,0.2721019614884451,3.2876712328709994,0,0.5,325.01875,229.42499999999998,1.4166666666666667,28.5,20.435931156112094,60.0,INVALID,True,DataHealth invalid; Contract invalid: Quote stale or spread hard rejected.; SideDirection hard reject: 0.3 < 65.0; PremiumElasticity hard reject: 0.50 < 1.00; Expected/Required hard reject: 1.42 < 1.60; TradeQuality below configured minimum; ConvexityEdge below excellent gate: 71.4 < 80.0,DataHealth invalid; Contract invalid: Quote stale or spread hard rejected.; SideDirection hard reject: 0.3 < 65.0; PremiumElasticity hard reject: 0.50 < 1.00; Expected/Required hard reject: 1.42 < 1.60; TradeQuality below configured minimum; ConvexityEdge below excellent gate: 71.4 < 80.0,direction=OBSERVED;liquidity=OBSERVED,NSE,INDEX,NSE_INDEX,BANKNIFTY,PAPER_ELIGIBLE,INDEX:BANKING,,,paper-strategy-8ade763620b6,opportunity-score-8ade763620b6,universe-a8e55c76a270,PAPER_OVERRIDE::FYERS_PAPER_PROXY_RESEARCH
202608241337_5_BANKNIFTY_CE,2026-08-24T08:07:08.374115+00:00,202608241337,BANKNIFTY,CE,5,44.74448362675353,44.74448362675353,80.0,2e840ccd58d1,"{""contract_quality_min"": 0.0, ""direction_min"": 0.0, ""excellent_score_min"": 44.74448362675353, ""execution_quality_min"": 100.0, ""expected_required_ratio_min"": 1.4166666666666667, ""final_confidence_min"": 72.44548607563803, ""iv_crush_max"": 28.5, ""market_hostility_max"": 20.435931156112094, ""min_5depth_lots_each_side"": 16.0, ""min_top_book_lots"": 1.0, ""premium_elasticity_min"": 0.5, ""regime_confidence_min"": 60.0, ""spread_pct_max"": 0.2727892702886994, ""trade_quality_min"": 3.2876712328709994}",43.99,219.95,-0.2721019614884451,3.2876712328709994,0,0.5,325.01875,229.42499999999998,1.4166666666666667,28.5,20.435931156112094,60.0,INVALID,True,DataHealth invalid; Contract invalid: Quote stale or spread hard rejected.; SideDirection hard reject: -0.3 < 65.0; PremiumElasticity hard reject: 0.50 < 1.00; Expected/Required hard reject: 1.42 < 1.60; TradeQuality below configured minimum; ConvexityEdge below excellent gate: 71.4 < 80.0,DataHealth invalid; Contract invalid: Quote stale or spread hard rejected.; SideDirection hard reject: -0.3 < 65.0; PremiumElasticity hard reject: 0.50 < 1.00; Expected/Required hard reject: 1.42 < 1.60; TradeQuality below configured minimum; ConvexityEdge below excellent gate: 71.4 < 80.0,direction=OBSERVED;liquidity=OBSERVED,NSE,INDEX,NSE_INDEX,BANKNIFTY,PAPER_ELIGIBLE,INDEX:BANKING,,,paper-strategy-8ade763620b6,opportunity-score-8ade763620b6,universe-a8e55c76a270,PAPER_OVERRIDE::FYERS_PAPER_PROXY_RESEARCH
202608241340_1_BANKNIFTY_CE,2026-08-24T08:10:28.001433+00:00,202608241340,BANKNIFTY,CE,1,47.75432797277554,47.75432797277554,80.0,2e840ccd58d1,"{""contract_quality_min"": 0.0, ""direction_min"": 1.3949627893675938, ""excellent_score_min"": 47.75432797277554, ""execution_quality_min"": 100.0, ""expected_required_ratio_min"": 1.4166666666666667, ""final_confidence_min"": 75.77704102857463, ""iv_crush_max"": 28.5, ""market_hostility_max"": 20.837804227846576, ""min_5depth_lots_each_side"": 16.0, ""min_top_book_lots"": 1.0, ""premium_elasticity_min"": 0.5, ""regime_confidence_min"": 60.0, ""spread_pct_max"": 0.19019155006112992, ""trade_quality_min"": 13.559322033898304}",36.805,184.02499999999998,1.3949627893675938,13.559322033898304,0,0.5,318.79249999999996,225.02999999999997,1.4166666666666667,28.5,20.837804227846576,60.0,INVALID,True,DataHealth invalid; Contract invalid: Quote stale or spread hard rejected.; SideDirection hard reject: 1.4 < 65.0; PremiumElasticity hard reject: 0.50 < 1.00; Expected/Required hard reject: 1.42 < 1.60; TradeQuality below configured minimum; ConvexityEdge below excellent gate: 71.4 < 80.0,DataHealth invalid; Contract invalid: Quote stale or spread hard rejected.; SideDirection hard reject: 1.4 < 65.0; PremiumElasticity hard reject: 0.50 < 1.00; Expected/Required hard reject: 1.42 < 1.60; TradeQuality below configured minimum; ConvexityEdge below excellent gate: 71.4 < 80.0,direction=OBSERVED;liquidity=OBSERVED,NSE,INDEX,NSE_INDEX,BANKNIFTY,PAPER_ELIGIBLE,INDEX:BANKING,,,paper-strategy-8ade763620b6,opportunity-score-8ade763620b6,universe-a8e55c76a270,PAPER_OVERRIDE::FYERS_PAPER_PROXY_RESEARCH
202608241340_2_BANKNIFTY_CE,2026-08-24T08:10:28.003496+00:00,202608241340,BANKNIFTY,CE,2,47.75432797277554,47.75432797277554,80.0,2e840ccd58d1,"{""contract_quality_min"": 0.0, ""direction_min"": 1.3949627893675938, ""excellent_score_min"": 47.75432797277554, ""execution_quality_min"": 100.0, ""expected_required_ratio_min"": 1.4166666666666667, ""final_confidence_min"": 75.77704102857463, ""iv_crush_max"": 28.5, ""market_hostility_max"": 20.837804227846576, ""min_5depth_lots_each_side"": 17.0, ""min_top_book_lots"": 2.0, ""premium_elasticity_min"": 0.7, ""regime_confidence_min"": 60.0, ""spread_pct_max"": 0.2723939235201581, ""trade_quality_min"": 13.559322033898304}",47.725,238.625,1.3949627893675938,13.559322033898304,0,0.7,318.79249999999996,225.02999999999997,1.4166666666666667,28.5,20.837804227846576,60.0,INVALID,True,DataHealth invalid; Contract invalid: Quote stale or spread hard rejected.; SideDirection hard reject: 1.4 < 65.0; PremiumElasticity hard reject: 0.70 < 1.00; Expected/Required hard reject: 1.42 < 1.60; TradeQuality below configured minimum; ConvexityEdge below excellent gate: 71.4 < 80.0,DataHealth invalid; Contract invalid: Quote stale or spread hard rejected.; SideDirection hard reject: 1.4 < 65.0; PremiumElasticity hard reject: 0.70 < 1.00; Expected/Required hard reject: 1.42 < 1.60; TradeQuality below configured minimum; ConvexityEdge below excellent gate: 71.4 < 80.0,direction=OBSERVED;liquidity=OBSERVED,NSE,INDEX,NSE_INDEX,BANKNIFTY,PAPER_ELIGIBLE,INDEX:BANKING,,,paper-strategy-8ade763620b6,opportunity-score-8ade763620b6,universe-a8e55c76a270,PAPER_OVERRIDE::FYERS_PAPER_PROXY_RESEARCH
202608241340_3_BANKNIFTY_PE,2026-08-24T08:10:28.006683+00:00,202608241340,BANKNIFTY,PE,3,47.50323467068938,47.50323467068938,80.0,2e840ccd58d1,"{""contract_quality_min"": 0.0, ""direction_min"": 0.0, ""excellent_score_min"": 47.50323467068938, ""execution_quality_min"": 100.0, ""expected_required_ratio_min"": 1.4166666666666667, ""final_confidence_min"": 75.35855219176436, ""iv_crush_max"": 28.5, ""market_hostility_max"": 20.837804227846576, ""min_5depth_lots_each_side"": 24.0, ""min_top_book_lots"": 1.0, ""premium_elasticity_min"": 0.5, ""regime_confidence_min"": 60.0, ""spread_pct_max"": 0.23557126030623668, ""trade_quality_min"": 13.559322033898304}",38.205000000000005,191.025,-1.3949627893675938,13.559322033898304,0,0.5,318.79249999999996,225.02999999999997,1.4166666666666667,28.5,20.837804227846576,60.0,INVALID,True,DataHealth invalid; Contract invalid: Quote stale or spread hard rejected.; SideDirection hard reject: -1.4 < 65.0; PremiumElasticity hard reject: 0.50 < 1.00; Expected/Required hard reject: 1.42 < 1.60; TradeQuality below configured minimum; ConvexityEdge below excellent gate: 71.4 < 80.0,DataHealth invalid; Contract invalid: Quote stale or spread hard rejected.; SideDirection hard reject: -1.4 < 65.0; PremiumElasticity hard reject: 0.50 < 1.00; Expected/Required hard reject: 1.42 < 1.60; TradeQuality below configured minimum; ConvexityEdge below excellent gate: 71.4 < 80.0,direction=OBSERVED;liquidity=OBSERVED,NSE,INDEX,NSE_INDEX,BANKNIFTY,PAPER_ELIGIBLE,INDEX:BANKING,,,paper-strategy-8ade763620b6,opportunity-score-8ade763620b6,universe-a8e55c76a270,PAPER_OVERRIDE::FYERS_PAPER_PROXY_RESEARCH
202608241340_4_BANKNIFTY_PE,2026-08-24T08:10:28.008410+00:00,202608241340,BANKNIFTY,PE,4,47.50323467068938,47.50323467068938,80.0,2e840ccd58d1,"{""contract_quality_min"": 0.0, ""direction_min"": 0.0, ""excellent_score_min"": 47.50323467068938, ""execution_quality_min"": 100.0, ""expected_required_ratio_min"": 1.4166666666666667, ""final_confidence_min"": 75.35855219176436, ""iv_crush_max"": 28.5, ""market_hostility_max"": 20.837804227846576, ""min_5depth_lots_each_side"": 34.0, ""min_top_book_lots"": 3.0, ""premium_elasticity_min"": 0.7, ""regime_confidence_min"": 60.0, ""spread_pct_max"": 0.30447579417436316, ""trade_quality_min"": 13.559322033898304}",49.265,246.325,-1.3949627893675938,13.559322033898304,0,0.7,318.79249999999996,225.02999999999997,1.4166666666666667,28.5,20.837804227846576,60.0,INVALID,True,DataHealth invalid; Contract invalid: Quote stale or spread hard rejected.; SideDirection hard reject: -1.4 < 65.0; PremiumElasticity hard reject: 0.70 < 1.00; Expected/Required hard reject: 1.42 < 1.60; TradeQuality below configured minimum; ConvexityEdge below excellent gate: 71.4 < 80.0,DataHealth invalid; Contract invalid: Quote stale or spread hard rejected.; SideDirection hard reject: -1.4 < 65.0; PremiumElasticity hard reject: 0.70 < 1.00; Expected/Required hard reject: 1.42 < 1.60; TradeQuality below configured minimum; ConvexityEdge below excellent gate: 71.4 < 80.0,direction=OBSERVED;liquidity=OBSERVED,NSE,INDEX,NSE_INDEX,BANKNIFTY,PAPER_ELIGIBLE,INDEX:BANKING,,,paper-strategy-8ade763620b6,opportunity-score-8ade763620b6,universe-a8e55c76a270,PAPER_OVERRIDE::FYERS_PAPER_PROXY_RESEARCH
202608241340_5_MIDCPNIFTY_CE,2026-08-24T08:10:28.009346+00:00,202608241340,MIDCPNIFTY,CE,5,46.05477786258497,46.05477786258497,90.0,712afad509f5,"{""contract_quality_min"": 0.0, ""direction_min"": 1.2908083687407284, ""excellent_score_min"": 46.05477786258497, ""execution_quality_min"": 100.0, ""expected_required_ratio_min"": 1.0833333333333335, ""final_confidence_min"": 74.63239676551524, ""iv_crush_max"": 28.5, ""market_hostility_max"": 20.55225064445773, ""min_5depth_lots_each_side"": 21.0, ""min_top_book_lots"": 1.0, ""premium_elasticity_min"": 0.5, ""regime_confidence_min"": 60.0, ""spread_pct_max"": 0.4688232536333802, ""trade_quality_min"": 9.795918367347092}",10.665000000000001,53.325,1.2908083687407284,9.795918367347092,0,0.5,60.986250000000005,56.295,1.0833333333333335,28.5,20.55225064445773,60.0,INVALID,True,DataHealth invalid; Contract invalid: Quote stale or spread hard rejected.; SideDirection hard reject: 1.3 < 65.0; PremiumElasticity hard reject: 0.50 < 1.00; Expected/Required hard reject: 1.08 < 1.60; TradeQuality below configured minimum; ConvexityEdge below excellent gate: 70.4 < 80.0,DataHealth invalid; Contract invalid: Quote stale or spread hard rejected.; SideDirection hard reject: 1.3 < 65.0; PremiumElasticity hard reject: 0.50 < 1.00; Expected/Required hard reject: 1.08 < 1.60; TradeQuality below configured minimum; ConvexityEdge below excellent gate: 70.4 < 80.0,direction=OBSERVED;liquidity=OBSERVED,NSE,INDEX,NSE_INDEX,MIDCPNIFTY,PAPER_ELIGIBLE,INDEX:MIDCAP,,,paper-strategy-8ade763620b6,opportunity-score-8ade763620b6,universe-a8e55c76a270,PAPER_OVERRIDE::FYERS_PAPER_PROXY_RESEARCH
202608241341_1_BANKNIFTY_CE,2026-08-24T08:11:33.527393+00:00,202608241341,BANKNIFTY,CE,1,56.64506610123206,56.64506610123206,80.0,2e840ccd58d1,"{""contract_quality_min"": 0.0, ""direction_min"": 4.478314702753402, ""excellent_score_min"": 56.64506610123206, ""execution_quality_min"": 100.0, ""expected_required_ratio_min"": 1.4166666666666667, ""final_confidence_min"": 85.2072802003366, ""iv_crush_max"": 28.5, ""market_hostility_max"": 20.78941314660376, ""min_5depth_lots_each_side"": 34.0, ""min_top_book_lots"": 1.0, ""premium_elasticity_min"": 0.5, ""regime_confidence_min"": 60.0, ""spread_pct_max"": 0.23434448639499472, ""trade_quality_min"": 43.4517766497453}",38.405,192.025,4.478314702753402,43.4517766497453,0,0.5,317.30499999999995,223.97999999999996,1.4166666666666667,28.5,20.78941314660376,60.0,INVALID,True,DataHealth invalid; Contract invalid: Quote stale or spread hard rejected.; SideDirection hard reject: 4.5 < 65.0; PremiumElasticity hard reject: 0.50 < 1.00; Expected/Required hard reject: 1.42 < 1.60; TradeQuality below configured minimum; ConvexityEdge below excellent gate: 71.4 < 80.0,DataHealth invalid; Contract invalid: Quote stale or spread hard rejected.; SideDirection hard reject: 4.5 < 65.0; PremiumElasticity hard reject: 0.50 < 1.00; Expected/Required hard reject: 1.42 < 1.60; TradeQuality below configured minimum; ConvexityEdge below excellent gate: 71.4 < 80.0,direction=OBSERVED;liquidity=OBSERVED,NSE,INDEX,NSE_INDEX,BANKNIFTY,PAPER_ELIGIBLE,INDEX:BANKING,,,paper-strategy-8ade763620b6,opportunity-score-8ade763620b6,universe-a8e55c76a270,PAPER_OVERRIDE::FYERS_PAPER_PROXY_RESEARCH
202608241341_2_BANKNIFTY_CE,2026-08-24T08:11:33.527969+00:00,202608241341,BANKNIFTY,CE,2,56.64506610123206,56.64506610123206,80.0,2e840ccd58d1,"{""contract_quality_min"": 0.0, ""direction_min"": 4.478314702753402, ""excellent_score_min"": 56.64506610123206, ""execution_quality_min"": 100.0, ""expected_required_ratio_min"": 1.4166666666666667, ""final_confidence_min"": 85.2072802003366, ""iv_crush_max"": 28.5, ""market_hostility_max"": 20.78941314660376, ""min_5depth_lots_each_side"": 6.0, ""min_top_book_lots"": 1.0, ""premium_elasticity_min"": 0.7, ""regime_confidence_min"": 60.0, ""spread_pct_max"": 0.2627058704658, ""trade_quality_min"": 43.4517766497453}",49.48500000000001,247.425,4.478314702753402,43.4517766497453,0,0.7,317.30499999999995,223.97999999999996,1.4166666666666667,28.5,20.78941314660376,60.0,INVALID,True,DataHealth invalid; Contract invalid: Quote stale or spread hard rejected.; SideDirection hard reject: 4.5 < 65.0; PremiumElasticity hard reject: 0.70 < 1.00; Expected/Required hard reject: 1.42 < 1.60; TradeQuality below configured minimum; ConvexityEdge below excellent gate: 71.4 < 80.0,DataHealth invalid; Contract invalid: Quote stale or spread hard rejected.; SideDirection hard reject: 4.5 < 65.0; PremiumElasticity hard reject: 0.70 < 1.00; Expected/Required hard reject: 1.42 < 1.60; TradeQuality below configured minimum; ConvexityEdge below excellent gate: 71.4 < 80.0,direction=OBSERVED;liquidity=OBSERVED,NSE,INDEX,NSE_INDEX,BANKNIFTY,PAPER_ELIGIBLE,INDEX:BANKING,,,paper-strategy-8ade763620b6,opportunity-score-8ade763620b6,universe-a8e55c76a270,PAPER_OVERRIDE::FYERS_PAPER_PROXY_RESEARCH
202608241341_3_BANKNIFTY_PE,2026-08-24T08:11:33.528393+00:00,202608241341,BANKNIFTY,PE,3,55.83896945473645,55.83896945473645,80.0,2e840ccd58d1,"{""contract_quality_min"": 0.0, ""direction_min"": 0.0, ""excellent_score_min"": 55.83896945473645, ""execution_quality_min"": 100.0, ""expected_required_ratio_min"": 1.4166666666666667, ""final_confidence_min"": 83.86378578951057, ""iv_crush_max"": 28.5, ""market_hostility_max"": 20.78941314660376, ""min_5depth_lots_each_side"": 28.0, ""min_top_book_lots"": 1.0, ""premium_elasticity_min"": 0.5, ""regime_confidence_min"": 60.0, ""spread_pct_max"": 0.1930768169907568, ""trade_quality_min"": 43.4517766497453}",36.254999999999995,181.27499999999998,-4.478314702753402,43.4517766497453,0,0.5,317.30499999999995,223.97999999999996,1.4166666666666667,28.5,20.78941314660376,60.0,INVALID,True,DataHealth invalid; Contract invalid: Quote stale or spread hard rejected.; SideDirection hard reject: -4.5 < 65.0; PremiumElasticity hard reject: 0.50 < 1.00; Expected/Required hard reject: 1.42 < 1.60; TradeQuality below configured minimum; ConvexityEdge below excellent gate: 71.4 < 80.0,DataHealth invalid; Contract invalid: Quote stale or spread hard rejected.; SideDirection hard reject: -4.5 < 65.0; PremiumElasticity hard reject: 0.50 < 1.00; Expected/Required hard reject: 1.42 < 1.60; TradeQuality below configured minimum; ConvexityEdge below excellent gate: 71.4 < 80.0,direction=OBSERVED;liquidity=OBSERVED,NSE,INDEX,NSE_INDEX,BANKNIFTY,PAPER_ELIGIBLE,INDEX:BANKING,,,paper-strategy-8ade763620b6,opportunity-score-8ade763620b6,universe-a8e55c76a270,PAPER_OVERRIDE::FYERS_PAPER_PROXY_RESEARCH
202608241341_4_BANKNIFTY_PE,2026-08-24T08:11:33.528965+00:00,202608241341,BANKNIFTY,PE,4,55.83896945473645,55.83896945473645,80.0,2e840ccd58d1,"{""contract_quality_min"": 0.0, ""direction_min"": 0.0, ""excellent_score_min"": 55.83896945473645, ""execution_quality_min"": 100.0, ""expected_required_ratio_min"": 1.4166666666666667, ""final_confidence_min"": 83.86378578951057, ""iv_crush_max"": 28.5, ""market_hostility_max"": 20.78941314660376, ""min_5depth_lots_each_side"": 21.0, ""min_top_book_lots"": 1.0, ""premium_elasticity_min"": 0.7, ""regime_confidence_min"": 60.0, ""spread_pct_max"": 0.27709687733134636, ""trade_quality_min"": 43.4517766497453}",46.915,234.575,-4.478314702753402,43.4517766497453,0,0.7,317.30499999999995,223.97999999999996,1.4166666666666667,28.5,20.78941314660376,60.0,INVALID,True,DataHealth invalid; Contract invalid: Quote stale or spread hard rejected.; SideDirection hard reject: -4.5 < 65.0; PremiumElasticity hard reject: 0.70 < 1.00; Expected/Required hard reject: 1.42 < 1.60; TradeQuality below configured minimum; ConvexityEdge below excellent gate: 71.4 < 80.0,DataHealth invalid; Contract invalid: Quote stale or spread hard rejected.; SideDirection hard reject: -4.5 < 65.0; PremiumElasticity hard reject: 0.70 < 1.00; Expected/Required hard reject: 1.42 < 1.60; TradeQuality below configured minimum; ConvexityEdge below excellent gate: 71.4 < 80.0,direction=OBSERVED;liquidity=OBSERVED,NSE,INDEX,NSE_INDEX,BANKNIFTY,PAPER_ELIGIBLE,INDEX:BANKING,,,paper-strategy-8ade763620b6,opportunity-score-8ade763620b6,universe-a8e55c76a270,PAPER_OVERRIDE::FYERS_PAPER_PROXY_RESEARCH
202608241341_5_FINNIFTY_CE,2026-08-24T08:11:33.529475+00:00,202608241341,FINNIFTY,CE,5,54.21212113420467,54.21212113420467,80.0,e172b0fef65b,"{""contract_quality_min"": 0.0, ""direction_min"": 3.4766959901208367, ""excellent_score_min"": 54.21212113420467, ""execution_quality_min"": 100.0, ""expected_required_ratio_min"": 1.25, ""final_confidence_min"": 85.60753931123263, ""iv_crush_max"": 28.5, ""market_hostility_max"": 20.715331824128523, ""min_5depth_lots_each_side"": 11.0, ""min_top_book_lots"": 1.0, ""premium_elasticity_min"": 0.3, ""regime_confidence_min"": 60.0, ""spread_pct_max"": 0.7412898443291327, ""trade_quality_min"": 45.28678304238164}",13.490000000000002,67.45,3.4766959901208367,45.28678304238164,0,0.3,131.98125,105.585,1.25,28.5,20.715331824128523,60.0,INVALID,True,DataHealth invalid; Contract invalid: Quote stale or spread hard rejected.; SideDirection hard reject: 3.5 < 65.0; PremiumElasticity hard reject: 0.30 < 1.00; Expected/Required hard reject: 1.25 < 1.60; TradeQuality below configured minimum; ConvexityEdge below excellent gate: 57.4 < 80.0,DataHealth invalid; Contract invalid: Quote stale or spread hard rejected.; SideDirection hard reject: 3.5 < 65.0; PremiumElasticity hard reject: 0.30 < 1.00; Expected/Required hard reject: 1.25 < 1.60; TradeQuality below configured minimum; ConvexityEdge below excellent gate: 57.4 < 80.0,direction=OBSERVED;liquidity=OBSERVED,NSE,INDEX,NSE_INDEX,FINNIFTY,PAPER_ELIGIBLE,INDEX:FINANCIALS,,,paper-strategy-8ade763620b6,opportunity-score-8ade763620b6,universe-a8e55c76a270,PAPER_OVERRIDE::FYERS_PAPER_PROXY_RESEARCH
202608241342_1_NIFTY_CE,2026-08-24T08:12:42.074309+00:00,202608241342,NIFTY,CE,1,59.528421871293844,59.528421871293844,80.0,00929e22c867,"{""contract_quality_min"": 0.0, ""direction_min"": 2.1518680904860537, ""excellent_score_min"": 59.528421871293844, ""execution_quality_min"": 100.0, ""expected_required_ratio_min"": 1.3333333333333335, ""final_confidence_min"": 86.0045983953911, ""iv_crush_max"": 28.5, ""market_hostility_max"": 19.131672941403288, ""min_5depth_lots_each_side"": 167.0, ""min_top_book_lots"": 19.0, ""premium_elasticity_min"": 0.5, ""regime_confidence_min"": 60.0, ""spread_pct_max"": 0.2968239833778569, ""trade_quality_min"": 47.27272727272728}",16.845,84.225,2.1518680904860537,47.27272727272728,0,0.5,100.84,75.63,1.3333333333333335,28.5,19.131672941403288,60.0,INVALID,True,DataHealth invalid; Contract invalid: Quote stale or spread hard rejected.; SideDirection hard reject: 2.2 < 65.0; PremiumElasticity hard reject: 0.50 < 1.00; Expected/Required hard reject: 1.33 < 1.60; TradeQuality below configured minimum; ConvexityEdge below excellent gate: 71.4 < 80.0,DataHealth invalid; Contract invalid: Quote stale or spread hard rejected.; SideDirection hard reject: 2.2 < 65.0; PremiumElasticity hard reject: 0.50 < 1.00; Expected/Required hard reject: 1.33 < 1.60; TradeQuality below configured minimum; ConvexityEdge below excellent gate: 71.4 < 80.0,direction=OBSERVED;liquidity=OBSERVED,NSE,INDEX,NSE_INDEX,NIFTY,PAPER_ELIGIBLE,INDEX:BROAD_EQUITY,,,paper-strategy-8ade763620b6,opportunity-score-8ade763620b6,universe-a8e55c76a270,PAPER_OVERRIDE::FYERS_PAPER_PROXY_RESEARCH
202608241342_2_NIFTY_CE,2026-08-24T08:12:42.075133+00:00,202608241342,NIFTY,CE,2,59.528421871293844,59.528421871293844,80.0,00929e22c867,"{""contract_quality_min"": 0.0, ""direction_min"": 2.1518680904860537, ""excellent_score_min"": 59.528421871293844, ""execution_quality_min"": 100.0, ""expected_required_ratio_min"": 1.3333333333333335, ""final_confidence_min"": 86.0045983953911, ""iv_crush_max"": 28.5, ""market_hostility_max"": 19.131672941403288, ""min_5depth_lots_each_side"": 81.0, ""min_top_book_lots"": 3.0, ""premium_elasticity_min"": 0.7, ""regime_confidence_min"": 60.0, ""spread_pct_max"": 0.251046025104612, ""trade_quality_min"": 47.27272727272728}",23.900000000000002,119.5,2.1518680904860537,47.27272727272728,0,0.7,100.84,75.63,1.3333333333333335,28.5,19.131672941403288,60.0,INVALID,True,DataHealth invalid; Contract invalid: Quote stale or spread hard rejected.; SideDirection hard reject: 2.2 < 65.0; PremiumElasticity hard reject: 0.70 < 1.00; Expected/Required hard reject: 1.33 < 1.60; TradeQuality below configured minimum; ConvexityEdge below excellent gate: 71.4 < 80.0,DataHealth invalid; Contract invalid: Quote stale or spread hard rejected.; SideDirection hard reject: 2.2 < 65.0; PremiumElasticity hard reject: 0.70 < 1.00; Expected/Required hard reject: 1.33 < 1.60; TradeQuality below configured minimum; ConvexityEdge below excellent gate: 71.4 < 80.0,direction=OBSERVED;liquidity=OBSERVED,NSE,INDEX,NSE_INDEX,NIFTY,PAPER_ELIGIBLE,INDEX:BROAD_EQUITY,,,paper-strategy-8ade763620b6,opportunity-score-8ade763620b6,universe-a8e55c76a270,PAPER_OVERRIDE::FYERS_PAPER_PROXY_RESEARCH
202608241342_3_BANKNIFTY_CE,2026-08-24T08:12:42.075959+00:00,202608241342,BANKNIFTY,CE,3,57.34703324939129,57.34703324939129,80.0,2e840ccd58d1,"{""contract_quality_min"": 0.0, ""direction_min"": 4.694929842017209, ""excellent_score_min"": 57.34703324939129, ""execution_quality_min"": 100.0, ""expected_required_ratio_min"": 1.4166666666666667, ""final_confidence_min"": 85.97406044816984, ""iv_crush_max"": 28.5, ""market_hostility_max"": 20.865852326470673, ""min_5depth_lots_each_side"": 11.0, ""min_top_book_lots"": 2.0, ""premium_elasticity_min"": 0.5, ""regime_confidence_min"": 60.0, ""spread_pct_max"": 0.2111375032990265, ""trade_quality_min"": 45.89940323955754}",37.89,189.45,4.694929842017209,45.89940323955754,0,0.5,319.66375,225.64499999999998,1.4166666666666667,28.5,20.865852326470673,60.0,INVALID,True,DataHealth invalid; Contract invalid: Quote stale or spread hard rejected.; SideDirection hard reject: 4.7 < 65.0; PremiumElasticity hard reject: 0.50 < 1.00; Expected/Required hard reject: 1.42 < 1.60; TradeQuality below configured minimum; ConvexityEdge below excellent gate: 71.4 < 80.0,DataHealth invalid; Contract invalid: Quote stale or spread hard rejected.; SideDirection hard reject: 4.7 < 65.0; PremiumElasticity hard reject: 0.50 < 1.00; Expected/Required hard reject: 1.42 < 1.60; TradeQuality below configured minimum; ConvexityEdge below excellent gate: 71.4 < 80.0,direction=OBSERVED;liquidity=OBSERVED,NSE,INDEX,NSE_INDEX,BANKNIFTY,PAPER_ELIGIBLE,INDEX:BANKING,,,paper-strategy-8ade763620b6,opportunity-score-8ade763620b6,universe-a8e55c76a270,PAPER_OVERRIDE::FYERS_PAPER_PROXY_RESEARCH
202608241342_4_BANKNIFTY_CE,2026-08-24T08:12:42.076907+00:00,202608241342,BANKNIFTY,CE,4,57.34703324939129,57.34703324939129,80.0,2e840ccd58d1,"{""contract_quality_min"": 0.0, ""direction_min"": 4.694929842017209, ""excellent_score_min"": 57.34703324939129, ""execution_quality_min"": 100.0, ""expected_required_ratio_min"": 1.4166666666666667, ""final_confidence_min"": 85.97406044816984, ""iv_crush_max"": 28.5, ""market_hostility_max"": 20.865852326470673, ""min_5depth_lots_each_side"": 11.0, ""min_top_book_lots"": 1.0, ""premium_elasticity_min"": 0.7, ""regime_confidence_min"": 60.0, ""spread_pct_max"": 0.24519820187985059, ""trade_quality_min"": 45.89940323955754}",48.94,244.7,4.694929842017209,45.89940323955754,0,0.7,319.66375,225.64499999999998,1.4166666666666667,28.5,20.865852326470673,60.0,INVALID,True,DataHealth invalid; Contract invalid: Quote stale or spread hard rejected.; SideDirection hard reject: 4.7 < 65.0; PremiumElasticity hard reject: 0.70 < 1.00; Expected/Required hard reject: 1.42 < 1.60; TradeQuality below configured minimum; ConvexityEdge below excellent gate: 71.4 < 80.0,DataHealth invalid; Contract invalid: Quote stale or spread hard rejected.; SideDirection hard reject: 4.7 < 65.0; PremiumElasticity hard reject: 0.70 < 1.00; Expected/Required hard reject: 1.42 < 1.60; TradeQuality below configured minimum; ConvexityEdge below excellent gate: 71.4 < 80.0,direction=OBSERVED;liquidity=OBSERVED,NSE,INDEX,NSE_INDEX,BANKNIFTY,PAPER_ELIGIBLE,INDEX:BANKING,,,paper-strategy-8ade763620b6,opportunity-score-8ade763620b6,universe-a8e55c76a270,PAPER_OVERRIDE::FYERS_PAPER_PROXY_RESEARCH
202608241342_5_BANKNIFTY_PE,2026-08-24T08:12:42.077841+00:00,202608241342,BANKNIFTY,PE,5,56.50194587782819,56.50194587782819,80.0,2e840ccd58d1,"{""contract_quality_min"": 0.0, ""direction_min"": 0.0, ""excellent_score_min"": 56.50194587782819, ""execution_quality_min"": 100.0, ""expected_required_ratio_min"": 1.4166666666666667, ""final_confidence_min"": 84.56558149556469, ""iv_crush_max"": 28.5, ""market_hostility_max"": 20.865852326470673, ""min_5depth_lots_each_side"": 11.0, ""min_top_book_lots"": 1.0, ""premium_elasticity_min"": 0.5, ""regime_confidence_min"": 60.0, ""spread_pct_max"": 0.24112525117213054, ""trade_quality_min"": 45.89940323955754}",37.325,186.625,-4.694929842017209,45.89940323955754,0,0.5,319.66375,225.64499999999998,1.4166666666666667,28.5,20.865852326470673,60.0,INVALID,True,DataHealth invalid; Contract invalid: Quote stale or spread hard rejected.; SideDirection hard reject: -4.7 < 65.0; PremiumElasticity hard reject: 0.50 < 1.00; Expected/Required hard reject: 1.42 < 1.60; TradeQuality below configured minimum; ConvexityEdge below excellent gate: 71.4 < 80.0,DataHealth invalid; Contract invalid: Quote stale or spread hard rejected.; SideDirection hard reject: -4.7 < 65.0; PremiumElasticity hard reject: 0.50 < 1.00; Expected/Required hard reject: 1.42 < 1.60; TradeQuality below configured minimum; ConvexityEdge below excellent gate: 71.4 < 80.0,direction=OBSERVED;liquidity=OBSERVED,NSE,INDEX,NSE_INDEX,BANKNIFTY,PAPER_ELIGIBLE,INDEX:BANKING,,,paper-strategy-8ade763620b6,opportunity-score-8ade763620b6,universe-a8e55c76a270,PAPER_OVERRIDE::FYERS_PAPER_PROXY_RESEARCH
202608241344_1_NIFTY_CE,2026-08-24T08:14:13.342320+00:00,202608241344,NIFTY,CE,1,50.80134366103974,50.80134366103974,80.0,00929e22c867,"{""contract_quality_min"": 0.0, ""direction_min"": 0.976610994322655, ""excellent_score_min"": 50.80134366103974, ""execution_quality_min"": 100.0, ""expected_required_ratio_min"": 1.3333333333333335, ""final_confidence_min"": 76.68563755662322, ""iv_crush_max"": 28.5, ""market_hostility_max"": 19.259031304845184, ""min_5depth_lots_each_side"": 113.0, ""min_top_book_lots"": 5.0, ""premium_elasticity_min"": 0.7, ""regime_confidence_min"": 60.0, ""spread_pct_max"": 0.25608194622278885, ""trade_quality_min"": 16.797153024916046}",23.430000000000003,117.15,0.976610994322655,16.797153024916046,0,0.7,100.30000000000001,75.225,1.3333333333333335,28.5,19.259031304845184,60.0,INVALID,True,DataHealth invalid; Contract invalid: Quote stale or spread hard rejected.; SideDirection hard reject: 1.0 < 65.0; PremiumElasticity hard reject: 0.70 < 1.00; Expected/Required hard reject: 1.33 < 1.60; TradeQuality below configured minimum; ConvexityEdge below excellent gate: 71.4 < 80.0,DataHealth invalid; Contract invalid: Quote stale or spread hard rejected.; SideDirection hard reject: 1.0 < 65.0; PremiumElasticity hard reject: 0.70 < 1.00; Expected/Required hard reject: 1.33 < 1.60; TradeQuality below configured minimum; ConvexityEdge below excellent gate: 71.4 < 80.0,direction=OBSERVED;liquidity=OBSERVED,NSE,INDEX,NSE_INDEX,NIFTY,PAPER_ELIGIBLE,INDEX:BROAD_EQUITY,,,paper-strategy-8ade763620b6,opportunity-score-8ade763620b6,universe-a8e55c76a270,PAPER_OVERRIDE::FYERS_PAPER_PROXY_RESEARCH
202608241344_2_BANKNIFTY_CE,2026-08-24T08:14:13.343502+00:00,202608241344,BANKNIFTY,CE,2,50.79975855587901,50.79975855587901,80.0,2e840ccd58d1,"{""contract_quality_min"": 0.0, ""direction_min"": 2.720514246949449, ""excellent_score_min"": 50.79975855587901, ""execution_quality_min"": 100.0, ""expected_required_ratio_min"": 1.4166666666666667, ""final_confidence_min"": 79.05311530498135, ""iv_crush_max"": 28.5, ""market_hostility_max"": 21.019314339775978, ""min_5depth_lots_each_side"": 14.0, ""min_top_book_lots"": 2.0, ""premium_elasticity_min"": 0.5, ""regime_confidence_min"": 60.0, ""spread_pct_max"": 0.3362286354721179, ""trade_quality_min"": 23.81679389312977}",35.69,178.45,2.720514246949449,23.81679389312977,0,0.5,317.85749999999996,224.36999999999998,1.4166666666666667,28.5,21.019314339775978,60.0,INVALID,True,DataHealth invalid; Contract invalid: Quote stale or spread hard rejected.; SideDirection hard reject: 2.7 < 65.0; PremiumElasticity hard reject: 0.50 < 1.00; Expected/Required hard reject: 1.42 < 1.60; TradeQuality below configured minimum; ConvexityEdge below excellent gate: 71.4 < 80.0,DataHealth invalid; Contract invalid: Quote stale or spread hard rejected.; SideDirection hard reject: 2.7 < 65.0; PremiumElasticity hard reject: 0.50 < 1.00; Expected/Required hard reject: 1.42 < 1.60; TradeQuality below configured minimum; ConvexityEdge below excellent gate: 71.4 < 80.0,direction=OBSERVED;liquidity=OBSERVED,NSE,INDEX,NSE_INDEX,BANKNIFTY,PAPER_ELIGIBLE,INDEX:BANKING,,,paper-strategy-8ade763620b6,opportunity-score-8ade763620b6,universe-a8e55c76a270,PAPER_OVERRIDE::FYERS_PAPER_PROXY_RESEARCH
202608241344_3_BANKNIFTY_CE,2026-08-24T08:14:13.344000+00:00,202608241344,BANKNIFTY,CE,3,50.79975855587901,50.79975855587901,80.0,2e840ccd58d1,"{""contract_quality_min"": 0.0, ""direction_min"": 2.720514246949449, ""excellent_score_min"": 50.79975855587901, ""execution_quality_min"": 100.0, ""expected_required_ratio_min"": 1.4166666666666667, ""final_confidence_min"": 79.05311530498135, ""iv_crush_max"": 28.5, ""market_hostility_max"": 21.019314339775978, ""min_5depth_lots_each_side"": 22.0, ""min_top_book_lots"": 1.0, ""premium_elasticity_min"": 0.7, ""regime_confidence_min"": 60.0, ""spread_pct_max"": 0.23602617744877646, ""trade_quality_min"": 23.81679389312977}",46.605000000000004,233.025,2.720514246949449,23.81679389312977,0,0.7,317.85749999999996,224.36999999999998,1.4166666666666667,28.5,21.019314339775978,60.0,INVALID,True,DataHealth invalid; Contract invalid: Quote stale or spread hard rejected.; SideDirection hard reject: 2.7 < 65.0; PremiumElasticity hard reject: 0.70 < 1.00; Expected/Required hard reject: 1.42 < 1.60; TradeQuality below configured minimum; ConvexityEdge below excellent gate: 71.4 < 80.0,DataHealth invalid; Contract invalid: Quote stale or spread hard rejected.; SideDirection hard reject: 2.7 < 65.0; PremiumElasticity hard reject: 0.70 < 1.00; Expected/Required hard reject: 1.42 < 1.60; TradeQuality below configured minimum; ConvexityEdge below excellent gate: 71.4 < 80.0,direction=OBSERVED;liquidity=OBSERVED,NSE,INDEX,NSE_INDEX,BANKNIFTY,PAPER_ELIGIBLE,INDEX:BANKING,,,paper-strategy-8ade763620b6,opportunity-score-8ade763620b6,universe-a8e55c76a270,PAPER_OVERRIDE::FYERS_PAPER_PROXY_RESEARCH
202608241344_4_BANKNIFTY_PE,2026-08-24T08:14:13.344508+00:00,202608241344,BANKNIFTY,PE,4,50.310065991428104,50.310065991428104,80.0,2e840ccd58d1,"{""contract_quality_min"": 0.0, ""direction_min"": 0.0, ""excellent_score_min"": 50.310065991428104, ""execution_quality_min"": 100.0, ""expected_required_ratio_min"": 1.4166666666666667, ""final_confidence_min"": 78.23696103089652, ""iv_crush_max"": 28.5, ""market_hostility_max"": 21.019314339775978, ""min_5depth_lots_each_side"": 19.0, ""min_top_book_lots"": 1.0, ""premium_elasticity_min"": 0.5, ""regime_confidence_min"": 60.0, ""spread_pct_max"": 0.30690537084400143, ""trade_quality_min"": 23.81679389312977}",39.1,195.5,-2.720514246949449,23.81679389312977,0,0.5,317.85749999999996,224.36999999999998,1.4166666666666667,28.5,21.019314339775978,60.0,INVALID,True,DataHealth invalid; Contract invalid: Quote stale or spread hard rejected.; SideDirection hard reject: -2.7 < 65.0; PremiumElasticity hard reject: 0.50 < 1.00; Expected/Required hard reject: 1.42 < 1.60; TradeQuality below configured minimum; ConvexityEdge below excellent gate: 71.4 < 80.0,DataHealth invalid; Contract invalid: Quote stale or spread hard rejected.; SideDirection hard reject: -2.7 < 65.0; PremiumElasticity hard reject: 0.50 < 1.00; Expected/Required hard reject: 1.42 < 1.60; TradeQuality below configured minimum; ConvexityEdge below excellent gate: 71.4 < 80.0,direction=OBSERVED;liquidity=OBSERVED,NSE,INDEX,NSE_INDEX,BANKNIFTY,PAPER_ELIGIBLE,INDEX:BANKING,,,paper-strategy-8ade763620b6,opportunity-score-8ade763620b6,universe-a8e55c76a270,PAPER_OVERRIDE::FYERS_PAPER_PROXY_RESEARCH
202608241344_5_MIDCPNIFTY_CE,2026-08-24T08:14:13.344961+00:00,202608241344,MIDCPNIFTY,CE,5,49.400904804186844,49.400904804186844,90.0,712afad509f5,"{""contract_quality_min"": 0.0, ""direction_min"": 2.1787005127339114, ""excellent_score_min"": 49.400904804186844, ""execution_quality_min"": 100.0, ""expected_required_ratio_min"": 1.0833333333333335, ""final_confidence_min"": 78.15905263391281, ""iv_crush_max"": 28.5, ""market_hostility_max"": 20.42271400113384, ""min_5depth_lots_each_side"": 13.0, ""min_top_book_lots"": 1.0, ""premium_elasticity_min"": 0.7, ""regime_confidence_min"": 60.0, ""spread_pct_max"": 0.7429420505200595, ""trade_quality_min"": 21.107491856675736}",13.46,67.3,2.1787005127339114,21.107491856675736,0,0.7,60.71000000000001,56.04,1.0833333333333335,28.5,20.42271400113384,60.0,INVALID,True,DataHealth invalid; Contract invalid: Quote stale or spread hard rejected.; SideDirection hard reject: 2.2 < 65.0; PremiumElasticity hard reject: 0.70 < 1.00; Expected/Required hard reject: 1.08 < 1.60; TradeQuality below configured minimum; ConvexityEdge below excellent gate: 70.4 < 80.0,DataHealth invalid; Contract invalid: Quote stale or spread hard rejected.; SideDirection hard reject: 2.2 < 65.0; PremiumElasticity hard reject: 0.70 < 1.00; Expected/Required hard reject: 1.08 < 1.60; TradeQuality below configured minimum; ConvexityEdge below excellent gate: 70.4 < 80.0,direction=OBSERVED;liquidity=OBSERVED,NSE,INDEX,NSE_INDEX,MIDCPNIFTY,PAPER_ELIGIBLE,INDEX:MIDCAP,,,paper-strategy-8ade763620b6,opportunity-score-8ade763620b6,universe-a8e55c76a270,PAPER_OVERRIDE::FYERS_PAPER_PROXY_RESEARCH
202608241345_1_BANKNIFTY_CE,2026-08-24T08:15:29.507431+00:00,202608241345,BANKNIFTY,CE,1,50.28269229259888,50.28269229259888,80.0,2e840ccd58d1,"{""contract_quality_min"": 0.0, ""direction_min"": 2.553496537342969, ""excellent_score_min"": 50.28269229259888, ""execution_quality_min"": 100.0, ""expected_required_ratio_min"": 1.4166666666666667, ""final_confidence_min"": 78.46773212677635, ""iv_crush_max"": 28.5, ""market_hostility_max"": 20.885447089970526, ""min_5depth_lots_each_side"": 23.0, ""min_top_book_lots"": 2.0, ""premium_elasticity_min"": 0.5, ""regime_confidence_min"": 60.0, ""spread_pct_max"": 0.2808199943836001, ""trade_quality_min"": 21.9490254872497}",35.61000000000001,178.05,2.553496537342969,21.9490254872497,0,0.5,318.81375,225.04500000000002,1.4166666666666667,28.5,20.885447089970526,60.0,INVALID,True,DataHealth invalid; Contract invalid: Quote stale or spread hard rejected.; SideDirection hard reject: 2.6 < 65.0; PremiumElasticity hard reject: 0.50 < 1.00; Expected/Required hard reject: 1.42 < 1.60; TradeQuality below configured minimum; ConvexityEdge below excellent gate: 71.4 < 80.0,DataHealth invalid; Contract invalid: Quote stale or spread hard rejected.; SideDirection hard reject: 2.6 < 65.0; PremiumElasticity hard reject: 0.50 < 1.00; Expected/Required hard reject: 1.42 < 1.60; TradeQuality below configured minimum; ConvexityEdge below excellent gate: 71.4 < 80.0,direction=OBSERVED;liquidity=OBSERVED,NSE,INDEX,NSE_INDEX,BANKNIFTY,PAPER_ELIGIBLE,INDEX:BANKING,,,paper-strategy-8ade763620b6,opportunity-score-8ade763620b6,universe-a8e55c76a270,PAPER_OVERRIDE::FYERS_PAPER_PROXY_RESEARCH
202608241345_2_BANKNIFTY_CE,2026-08-24T08:15:29.507996+00:00,202608241345,BANKNIFTY,CE,2,50.28269229259888,50.28269229259888,80.0,2e840ccd58d1,"{""contract_quality_min"": 0.0, ""direction_min"": 2.553496537342969, ""excellent_score_min"": 50.28269229259888, ""execution_quality_min"": 100.0, ""expected_required_ratio_min"": 1.4166666666666667, ""final_confidence_min"": 78.46773212677635, ""iv_crush_max"": 28.5, ""market_hostility_max"": 20.885447089970526, ""min_5depth_lots_each_side"": 10.0, ""min_top_book_lots"": 1.0, ""premium_elasticity_min"": 0.7, ""regime_confidence_min"": 60.0, ""spread_pct_max"": 0.2799009581225129, ""trade_quality_min"": 21.9490254872497}",46.44500000000001,232.22500000000002,2.553496537342969,21.9490254872497,0,0.7,318.81375,225.04500000000002,1.4166666666666667,28.5,20.885447089970526,60.0,INVALID,True,DataHealth invalid; Contract invalid: Quote stale or spread hard rejected.; SideDirection hard reject: 2.6 < 65.0; PremiumElasticity hard reject: 0.70 < 1.00; Expected/Required hard reject: 1.42 < 1.60; TradeQuality below configured minimum; ConvexityEdge below excellent gate: 71.4 < 80.0,DataHealth invalid; Contract invalid: Quote stale or spread hard rejected.; SideDirection hard reject: 2.6 < 65.0; PremiumElasticity hard reject: 0.70 < 1.00; Expected/Required hard reject: 1.42 < 1.60; TradeQuality below configured minimum; ConvexityEdge below excellent gate: 71.4 < 80.0,direction=OBSERVED;liquidity=OBSERVED,NSE,INDEX,NSE_INDEX,BANKNIFTY,PAPER_ELIGIBLE,INDEX:BANKING,,,paper-strategy-8ade763620b6,opportunity-score-8ade763620b6,universe-a8e55c76a270,PAPER_OVERRIDE::FYERS_PAPER_PROXY_RESEARCH
202608241345_3_BANKNIFTY_PE,2026-08-24T08:15:29.508457+00:00,202608241345,BANKNIFTY,PE,3,49.823062915877145,49.823062915877145,80.0,2e840ccd58d1,"{""contract_quality_min"": 0.0, ""direction_min"": 0.0, ""excellent_score_min"": 49.823062915877145, ""execution_quality_min"": 100.0, ""expected_required_ratio_min"": 1.4166666666666667, ""final_confidence_min"": 77.70168316557346, ""iv_crush_max"": 28.5, ""market_hostility_max"": 20.885447089970526, ""min_5depth_lots_each_side"": 27.0, ""min_top_book_lots"": 1.0, ""premium_elasticity_min"": 0.5, ""regime_confidence_min"": 60.0, ""spread_pct_max"": 0.2791523918284539, ""trade_quality_min"": 21.9490254872497}",39.405,197.025,-2.553496537342969,21.9490254872497,0,0.5,318.81375,225.04500000000002,1.4166666666666667,28.5,20.885447089970526,60.0,INVALID,True,DataHealth invalid; Contract invalid: Quote stale or spread hard rejected.; SideDirection hard reject: -2.6 < 65.0; PremiumElasticity hard reject: 0.50 < 1.00; Expected/Required hard reject: 1.42 < 1.60; TradeQuality below configured minimum; ConvexityEdge below excellent gate: 71.4 < 80.0,DataHealth invalid; Contract invalid: Quote stale or spread hard rejected.; SideDirection hard reject: -2.6 < 65.0; PremiumElasticity hard reject: 0.50 < 1.00; Expected/Required hard reject: 1.42 < 1.60; TradeQuality below configured minimum; ConvexityEdge below excellent gate: 71.4 < 80.0,direction=OBSERVED;liquidity=OBSERVED,NSE,INDEX,NSE_INDEX,BANKNIFTY,PAPER_ELIGIBLE,INDEX:BANKING,,,paper-strategy-8ade763620b6,opportunity-score-8ade763620b6,universe-a8e55c76a270,PAPER_OVERRIDE::FYERS_PAPER_PROXY_RESEARCH
202608241345_4_BANKNIFTY_CE,2026-08-24T08:15:29.508967+00:00,202608241345,BANKNIFTY,CE,4,47.482692292598884,47.482692292598884,80.0,2e840ccd58d1,"{""contract_quality_min"": 0.0, ""direction_min"": 2.553496537342969, ""excellent_score_min"": 47.482692292598884, ""execution_quality_min"": 100.0, ""expected_required_ratio_min"": 1.4166666666666667, ""final_confidence_min"": 78.46773212677635, ""iv_crush_max"": 28.5, ""market_hostility_max"": 20.885447089970526, ""min_5depth_lots_each_side"": 28.0, ""min_top_book_lots"": 1.0, ""premium_elasticity_min"": 0.3, ""regime_confidence_min"": 60.0, ""spread_pct_max"": 0.22371364653244696, ""trade_quality_min"": 21.9490254872497}",26.82,134.1,2.553496537342969,21.9490254872497,0,0.3,318.81375,225.04500000000002,1.4166666666666667,28.5,20.885447089970526,60.0,INVALID,True,DataHealth invalid; Contract invalid: Quote stale or spread hard rejected.; SideDirection hard reject: 2.6 < 65.0; PremiumElasticity hard reject: 0.30 < 1.00; Expected/Required hard reject: 1.42 < 1.60; TradeQuality below configured minimum; ConvexityEdge below excellent gate: 57.4 < 80.0,DataHealth invalid; Contract invalid: Quote stale or spread hard rejected.; SideDirection hard reject: 2.6 < 65.0; PremiumElasticity hard reject: 0.30 < 1.00; Expected/Required hard reject: 1.42 < 1.60; TradeQuality below configured minimum; ConvexityEdge below excellent gate: 57.4 < 80.0,direction=OBSERVED;liquidity=OBSERVED,NSE,INDEX,NSE_INDEX,BANKNIFTY,PAPER_ELIGIBLE,INDEX:BANKING,,,paper-strategy-8ade763620b6,opportunity-score-8ade763620b6,universe-a8e55c76a270,PAPER_OVERRIDE::FYERS_PAPER_PROXY_RESEARCH
202608241345_5_MIDCPNIFTY_CE,2026-08-24T08:15:29.509601+00:00,202608241345,MIDCPNIFTY,CE,5,47.20110566755024,47.20110566755024,90.0,712afad509f5,"{""contract_quality_min"": 0.0, ""direction_min"": 1.3986202073725382, ""excellent_score_min"": 47.20110566755024, ""execution_quality_min"": 100.0, ""expected_required_ratio_min"": 1.0833333333333333, ""final_confidence_min"": 75.70979303110634, ""iv_crush_max"": 28.5, ""market_hostility_max"": 19.880918365631945, ""min_5depth_lots_each_side"": 25.0, ""min_top_book_lots"": 1.0, ""premium_elasticity_min"": 0.5, ""regime_confidence_min"": 60.0, ""spread_pct_max"": 0.5791505791505874, ""trade_quality_min"": 13.33333333333489}",10.36,51.8,1.3986202073725382,13.33333333333489,0,0.5,60.46625,55.815000000000005,1.0833333333333333,28.5,19.880918365631945,60.0,INVALID,True,DataHealth invalid; Contract invalid: Quote stale or spread hard rejected.; SideDirection hard reject: 1.4 < 65.0; PremiumElasticity hard reject: 0.50 < 1.00; Expected/Required hard reject: 1.08 < 1.60; TradeQuality below configured minimum; ConvexityEdge below excellent gate: 70.4 < 80.0,DataHealth invalid; Contract invalid: Quote stale or spread hard rejected.; SideDirection hard reject: 1.4 < 65.0; PremiumElasticity hard reject: 0.50 < 1.00; Expected/Required hard reject: 1.08 < 1.60; TradeQuality below configured minimum; ConvexityEdge below excellent gate: 70.4 < 80.0,direction=OBSERVED;liquidity=OBSERVED,NSE,INDEX,NSE_INDEX,MIDCPNIFTY,PAPER_ELIGIBLE,INDEX:MIDCAP,,,paper-strategy-8ade763620b6,opportunity-score-8ade763620b6,universe-a8e55c76a270,PAPER_OVERRIDE::FYERS_PAPER_PROXY_RESEARCH
202608241348_1_MIDCPNIFTY_PE,2026-08-24T08:18:08.164432+00:00,202608241348,MIDCPNIFTY,PE,1,56.0675805517891,56.0675805517891,90.0,712afad509f5,"{""contract_quality_min"": 0.0, ""direction_min"": 4.677639405078954, ""excellent_score_min"": 56.0675805517891, ""execution_quality_min"": 100.0, ""expected_required_ratio_min"": 1.0833333333333333, ""final_confidence_min"": 85.1705900101388, ""iv_crush_max"": 28.5, ""market_hostility_max"": 20.182311104536353, ""min_5depth_lots_each_side"": 17.0, ""min_top_book_lots"": 3.0, ""premium_elasticity_min"": 0.5, ""regime_confidence_min"": 60.0, ""spread_pct_max"": 0.7109004739336593, ""trade_quality_min"": 43.22981366458987}",8.440000000000001,42.2,4.677639405078954,43.22981366458987,0,0.5,60.563750000000006,55.90500000000001,1.0833333333333333,28.5,20.182311104536353,60.0,INVALID,True,DataHealth invalid; Contract invalid: Quote stale or spread hard rejected.; SideDirection hard reject: 4.7 < 65.0; PremiumElasticity hard reject: 0.50 < 1.00; Expected/Required hard reject: 1.08 < 1.60; TradeQuality below configured minimum; ConvexityEdge below excellent gate: 70.4 < 80.0,DataHealth invalid; Contract invalid: Quote stale or spread hard rejected.; SideDirection hard reject: 4.7 < 65.0; PremiumElasticity hard reject: 0.50 < 1.00; Expected/Required hard reject: 1.08 < 1.60; TradeQuality below configured minimum; ConvexityEdge below excellent gate: 70.4 < 80.0,direction=OBSERVED;liquidity=OBSERVED,NSE,INDEX,NSE_INDEX,MIDCPNIFTY,PAPER_ELIGIBLE,INDEX:MIDCAP,,,paper-strategy-8ade763620b6,opportunity-score-8ade763620b6,universe-a8e55c76a270,PAPER_OVERRIDE::FYERS_PAPER_PROXY_RESEARCH
202608241348_2_MIDCPNIFTY_PE,2026-08-24T08:18:08.164994+00:00,202608241348,MIDCPNIFTY,PE,2,56.0675805517891,56.0675805517891,90.0,712afad509f5,"{""contract_quality_min"": 0.0, ""direction_min"": 4.677639405078954, ""excellent_score_min"": 56.0675805517891, ""execution_quality_min"": 100.0, ""expected_required_ratio_min"": 1.0833333333333333, ""final_confidence_min"": 85.1705900101388, ""iv_crush_max"": 28.5, ""market_hostility_max"": 20.182311104536353, ""min_5depth_lots_each_side"": 16.0, ""min_top_book_lots"": 2.0, ""premium_elasticity_min"": 0.7, ""regime_confidence_min"": 60.0, ""spread_pct_max"": 0.5464480874316888, ""trade_quality_min"": 43.22981366458987}",10.98,54.9,4.677639405078954,43.22981366458987,0,0.7,60.563750000000006,55.90500000000001,1.0833333333333333,28.5,20.182311104536353,60.0,INVALID,True,DataHealth invalid; Contract invalid: Quote stale or spread hard rejected.; SideDirection hard reject: 4.7 < 65.0; PremiumElasticity hard reject: 0.70 < 1.00; Expected/Required hard reject: 1.08 < 1.60; TradeQuality below configured minimum; ConvexityEdge below excellent gate: 70.4 < 80.0,DataHealth invalid; Contract invalid: Quote stale or spread hard rejected.; SideDirection hard reject: 4.7 < 65.0; PremiumElasticity hard reject: 0.70 < 1.00; Expected/Required hard reject: 1.08 < 1.60; TradeQuality below configured minimum; ConvexityEdge below excellent gate: 70.4 < 80.0,direction=OBSERVED;liquidity=OBSERVED,NSE,INDEX,NSE_INDEX,MIDCPNIFTY,PAPER_ELIGIBLE,INDEX:MIDCAP,,,paper-strategy-8ade763620b6,opportunity-score-8ade763620b6,universe-a8e55c76a270,PAPER_OVERRIDE::FYERS_PAPER_PROXY_RESEARCH
202608241348_3_MIDCPNIFTY_CE,2026-08-24T08:18:08.165510+00:00,202608241348,MIDCPNIFTY,CE,3,55.225605458874895,55.225605458874895,90.0,712afad509f5,"{""contract_quality_min"": 0.0, ""direction_min"": 0.0, ""excellent_score_min"": 55.225605458874895, ""execution_quality_min"": 100.0, ""expected_required_ratio_min"": 1.0833333333333333, ""final_confidence_min"": 83.76729818861511, ""iv_crush_max"": 28.5, ""market_hostility_max"": 20.182311104536353, ""min_5depth_lots_each_side"": 12.0, ""min_top_book_lots"": 3.0, ""premium_elasticity_min"": 0.7, ""regime_confidence_min"": 60.0, ""spread_pct_max"": 0.7587253414264036, ""trade_quality_min"": 43.22981366458987}",13.180000000000001,65.9,-4.677639405078954,43.22981366458987,0,0.7,60.563750000000006,55.90500000000001,1.0833333333333333,28.5,20.182311104536353,60.0,INVALID,True,DataHealth invalid; Contract invalid: Quote stale or spread hard rejected.; SideDirection hard reject: -4.7 < 65.0; PremiumElasticity hard reject: 0.70 < 1.00; Expected/Required hard reject: 1.08 < 1.60; TradeQuality below configured minimum; ConvexityEdge below excellent gate: 70.4 < 80.0,DataHealth invalid; Contract invalid: Quote stale or spread hard rejected.; SideDirection hard reject: -4.7 < 65.0; PremiumElasticity hard reject: 0.70 < 1.00; Expected/Required hard reject: 1.08 < 1.60; TradeQuality below configured minimum; ConvexityEdge below excellent gate: 70.4 < 80.0,direction=OBSERVED;liquidity=OBSERVED,NSE,INDEX,NSE_INDEX,MIDCPNIFTY,PAPER_ELIGIBLE,INDEX:MIDCAP,,,paper-strategy-8ade763620b6,opportunity-score-8ade763620b6,universe-a8e55c76a270,PAPER_OVERRIDE::FYERS_PAPER_PROXY_RESEARCH
202608241348_4_M&M_PE,2026-08-24T08:18:08.166057+00:00,202608241348,M&M,PE,4,17.405039477676574,17.405039477676574,87.0,0fdd6afea273,"{""contract_quality_min"": 0.0, ""direction_min"": 2.340481554079752, ""excellent_score_min"": 17.405039477676574, ""execution_quality_min"": 68.01310043668188, ""expected_required_ratio_min"": 1.1666666666666667, ""final_confidence_min"": 61.81815318709248, ""iv_crush_max"": 28.5, ""market_hostility_max"": 26.159560250894973, ""min_5depth_lots_each_side"": 5.0, ""min_top_book_lots"": 1.0, ""premium_elasticity_min"": 0.7, ""regime_confidence_min"": 60.0, ""spread_pct_max"": 1.5283842794759732, ""trade_quality_min"": 7.692307692307288}",9.16,45.8,2.340481554079752,7.692307692307288,0,0.7,23.765,20.37,1.1666666666666667,28.5,26.159560250894973,60.0,INVALID,True,DataHealth invalid; Contract invalid: Quote stale or spread hard rejected.; SideDirection hard reject: 2.3 < 65.0; PremiumElasticity hard reject: 0.70 < 1.00; Expected/Required hard reject: 1.17 < 1.60; TradeQuality below configured minimum; FinalConfidence below configured minimum; ExecutionQuality below excellent gate: 68.0 < 80.0; ConvexityEdge below excellent gate: 71.4 < 80.0; OpportunityConfidence below excellent gate: 61.8 < 70.0; RegimeFit below excellent gate: 60.0 < 70.0,DataHealth invalid; Contract invalid: Quote stale or spread hard rejected.; SideDirection hard reject: 2.3 < 65.0; PremiumElasticity hard reject: 0.70 < 1.00; Expected/Required hard reject: 1.17 < 1.60; TradeQuality below configured minimum; FinalConfidence below configured minimum; ExecutionQuality below excellent gate: 68.0 < 80.0; ConvexityEdge below excellent gate: 71.4 < 80.0; OpportunityConfidence below excellent gate: 61.8 < 70.0; RegimeFit below excellent gate: 60.0 < 70.0,direction=UNVALIDATED;liquidity=UNVALIDATED,NSE,STOCK,NSE_STOCK_OPTION,M&M,PAPER_ELIGIBLE,STOCK:M&M,,,paper-strategy-8ade763620b6,opportunity-score-8ade763620b6,universe-a8e55c76a270,PAPER_OVERRIDE::FYERS_PAPER_PROXY_RESEARCH
202608241348_5_MARUTI_PE,2026-08-24T08:18:08.166790+00:00,202608241348,MARUTI,PE,5,15.453700665408697,15.453700665408697,87.0,5b77f4aaaf9e,"{""contract_quality_min"": 0.0, ""direction_min"": 0.0, ""excellent_score_min"": 15.453700665408697, ""execution_quality_min"": 63.98678414096845, ""expected_required_ratio_min"": 1.1666666666666665, ""final_confidence_min"": 62.47070077468672, ""iv_crush_max"": 28.5, ""market_hostility_max"": 27.513548132820965, ""min_5depth_lots_each_side"": 7.0, ""min_top_book_lots"": 2.0, ""premium_elasticity_min"": 0.3, ""regime_confidence_min"": 60.0, ""spread_pct_max"": 1.5859030837004506, ""trade_quality_min"": 16.0}",5.675000000000001,28.375,-5.323081472719208,16.0,0,0.3,118.82499999999999,101.85,1.1666666666666665,28.5,27.513548132820965,60.0,INVALID,True,DataHealth invalid; Contract invalid: Quote stale or spread hard rejected.; SideDirection hard reject: -5.3 < 65.0; PremiumElasticity hard reject: 0.30 < 1.00; Expected/Required hard reject: 1.17 < 1.60; TradeQuality below configured minimum; FinalConfidence below configured minimum; ExecutionQuality below excellent gate: 64.0 < 80.0; ConvexityEdge below excellent gate: 57.4 < 80.0; OpportunityConfidence below excellent gate: 62.5 < 70.0; RegimeFit below excellent gate: 60.0 < 70.0,DataHealth invalid; Contract invalid: Quote stale or spread hard rejected.; SideDirection hard reject: -5.3 < 65.0; PremiumElasticity hard reject: 0.30 < 1.00; Expected/Required hard reject: 1.17 < 1.60; TradeQuality below configured minimum; FinalConfidence below configured minimum; ExecutionQuality below excellent gate: 64.0 < 80.0; ConvexityEdge below excellent gate: 57.4 < 80.0; OpportunityConfidence below excellent gate: 62.5 < 70.0; RegimeFit below excellent gate: 60.0 < 70.0,direction=UNVALIDATED;liquidity=UNVALIDATED,NSE,STOCK,NSE_STOCK_OPTION,MARUTI,PAPER_ELIGIBLE,STOCK:MARUTI,,,paper-strategy-8ade763620b6,opportunity-score-8ade763620b6,universe-a8e55c76a270,PAPER_OVERRIDE::FYERS_PAPER_PROXY_RESEARCH
202608241349_1_NIFTY_CE,2026-08-24T08:19:26.401588+00:00,202608241349,NIFTY,CE,1,55.43705837134589,55.43705837134589,80.0,00929e22c867,"{""contract_quality_min"": 0.0, ""direction_min"": 0.0, ""excellent_score_min"": 55.43705837134589, ""execution_quality_min"": 100.0, ""expected_required_ratio_min"": 1.3333333333333333, ""final_confidence_min"": 81.42595684780872, ""iv_crush_max"": 28.5, ""market_hostility_max"": 18.818399775972537, ""min_5depth_lots_each_side"": 119.0, ""min_top_book_lots"": 14.0, ""premium_elasticity_min"": 0.7, ""regime_confidence_min"": 60.0, ""spread_pct_max"": 0.25839793281653506, ""trade_quality_min"": 34.02985074626007}",23.22,116.1,-1.886655840461975,34.02985074626007,0,0.7,100.38,75.285,1.3333333333333333,28.5,18.818399775972537,60.0,INVALID,True,DataHealth invalid; Contract invalid: Quote stale or spread hard rejected.; SideDirection hard reject: -1.9 < 65.0; PremiumElasticity hard reject: 0.70 < 1.00; Expected/Required hard reject: 1.33 < 1.60; TradeQuality below configured minimum; ConvexityEdge below excellent gate: 71.4 < 80.0,DataHealth invalid; Contract invalid: Quote stale or spread hard rejected.; SideDirection hard reject: -1.9 < 65.0; PremiumElasticity hard reject: 0.70 < 1.00; Expected/Required hard reject: 1.33 < 1.60; TradeQuality below configured minimum; ConvexityEdge below excellent gate: 71.4 < 80.0,direction=OBSERVED;liquidity=OBSERVED,NSE,INDEX,NSE_INDEX,NIFTY,PAPER_ELIGIBLE,INDEX:BROAD_EQUITY,,,paper-strategy-8ade763620b6,opportunity-score-8ade763620b6,universe-a8e55c76a270,PAPER_OVERRIDE::FYERS_PAPER_PROXY_RESEARCH
202608241349_2_MIDCPNIFTY_CE,2026-08-24T08:19:26.402143+00:00,202608241349,MIDCPNIFTY,CE,2,54.94214475028101,54.94214475028101,90.0,712afad509f5,"{""contract_quality_min"": 0.0, ""direction_min"": 0.0, ""excellent_score_min"": 54.94214475028101, ""execution_quality_min"": 100.0, ""expected_required_ratio_min"": 1.0833333333333333, ""final_confidence_min"": 83.51547627977003, ""iv_crush_max"": 28.5, ""market_hostility_max"": 19.940745797059733, ""min_5depth_lots_each_side"": 18.0, ""min_top_book_lots"": 1.0, ""premium_elasticity_min"": 0.5, ""regime_confidence_min"": 60.0, ""spread_pct_max"": 0.4870920603994155, ""trade_quality_min"": 42.01438848921601}",10.265,51.325,-3.9256017799652296,42.01438848921601,0,0.5,60.775,56.1,1.0833333333333333,28.5,19.940745797059733,60.0,INVALID,True,DataHealth invalid; Contract invalid: Quote stale or spread hard rejected.; SideDirection hard reject: -3.9 < 65.0; PremiumElasticity hard reject: 0.50 < 1.00; Expected/Required hard reject: 1.08 < 1.60; TradeQuality below configured minimum; ConvexityEdge below excellent gate: 70.4 < 80.0,DataHealth invalid; Contract invalid: Quote stale or spread hard rejected.; SideDirection hard reject: -3.9 < 65.0; PremiumElasticity hard reject: 0.50 < 1.00; Expected/Required hard reject: 1.08 < 1.60; TradeQuality below configured minimum; ConvexityEdge below excellent gate: 70.4 < 80.0,direction=OBSERVED;liquidity=OBSERVED,NSE,INDEX,NSE_INDEX,MIDCPNIFTY,PAPER_ELIGIBLE,INDEX:MIDCAP,,,paper-strategy-8ade763620b6,opportunity-score-8ade763620b6,universe-a8e55c76a270,PAPER_OVERRIDE::FYERS_PAPER_PROXY_RESEARCH
202608241349_3_MIDCPNIFTY_CE,2026-08-24T08:19:26.402699+00:00,202608241349,MIDCPNIFTY,CE,3,54.94214475028101,54.94214475028101,90.0,712afad509f5,"{""contract_quality_min"": 0.0, ""direction_min"": 0.0, ""excellent_score_min"": 54.94214475028101, ""execution_quality_min"": 100.0, ""expected_required_ratio_min"": 1.0833333333333333, ""final_confidence_min"": 83.51547627977003, ""iv_crush_max"": 28.5, ""market_hostility_max"": 19.940745797059733, ""min_5depth_lots_each_side"": 11.0, ""min_top_book_lots"": 1.0, ""premium_elasticity_min"": 0.7, ""regime_confidence_min"": 60.0, ""spread_pct_max"": 0.7558578987150415, ""trade_quality_min"": 42.01438848921601}",13.230000000000002,66.15,-3.9256017799652296,42.01438848921601,0,0.7,60.775,56.1,1.0833333333333333,28.5,19.940745797059733,60.0,INVALID,True,DataHealth invalid; Contract invalid: Quote stale or spread hard rejected.; SideDirection hard reject: -3.9 < 65.0; PremiumElasticity hard reject: 0.70 < 1.00; Expected/Required hard reject: 1.08 < 1.60; TradeQuality below configured minimum; ConvexityEdge below excellent gate: 70.4 < 80.0,DataHealth invalid; Contract invalid: Quote stale or spread hard rejected.; SideDirection hard reject: -3.9 < 65.0; PremiumElasticity hard reject: 0.70 < 1.00; Expected/Required hard reject: 1.08 < 1.60; TradeQuality below configured minimum; ConvexityEdge below excellent gate: 70.4 < 80.0,direction=OBSERVED;liquidity=OBSERVED,NSE,INDEX,NSE_INDEX,MIDCPNIFTY,PAPER_ELIGIBLE,INDEX:MIDCAP,,,paper-strategy-8ade763620b6,opportunity-score-8ade763620b6,universe-a8e55c76a270,PAPER_OVERRIDE::FYERS_PAPER_PROXY_RESEARCH
202608241349_4_BANKNIFTY_PE,2026-08-24T08:19:26.403186+00:00,202608241349,BANKNIFTY,PE,4,51.67679040133113,51.67679040133113,80.0,2e840ccd58d1,"{""contract_quality_min"": 0.0, ""direction_min"": 3.4793401107248867, ""excellent_score_min"": 51.67679040133113, ""execution_quality_min"": 100.0, ""expected_required_ratio_min"": 1.4166666666666667, ""final_confidence_min"": 79.9793760996643, ""iv_crush_max"": 28.5, ""market_hostility_max"": 21.045109844494622, ""min_5depth_lots_each_side"": 27.0, ""min_top_book_lots"": 1.0, ""premium_elasticity_min"": 0.5, ""regime_confidence_min"": 60.0, ""spread_pct_max"": 0.34915092842406686, ""trade_quality_min"": 26.524916943518505}",31.505000000000003,157.525,3.4793401107248867,26.524916943518505,0,0.5,324.4025,228.98999999999998,1.4166666666666667,28.5,21.045109844494622,60.0,INVALID,True,DataHealth invalid; Contract invalid: Quote stale or spread hard rejected.; SideDirection hard reject: 3.5 < 65.0; PremiumElasticity hard reject: 0.50 < 1.00; Expected/Required hard reject: 1.42 < 1.60; TradeQuality below configured minimum; ConvexityEdge below excellent gate: 71.4 < 80.0,DataHealth invalid; Contract invalid: Quote stale or spread hard rejected.; SideDirection hard reject: 3.5 < 65.0; PremiumElasticity hard reject: 0.50 < 1.00; Expected/Required hard reject: 1.42 < 1.60; TradeQuality below configured minimum; ConvexityEdge below excellent gate: 71.4 < 80.0,direction=OBSERVED;liquidity=OBSERVED,NSE,INDEX,NSE_INDEX,BANKNIFTY,PAPER_ELIGIBLE,INDEX:BANKING,,,paper-strategy-8ade763620b6,opportunity-score-8ade763620b6,universe-a8e55c76a270,PAPER_OVERRIDE::FYERS_PAPER_PROXY_RESEARCH
202608241349_5_BANKNIFTY_PE,2026-08-24T08:19:26.403675+00:00,202608241349,BANKNIFTY,PE,5,51.67679040133113,51.67679040133113,80.0,2e840ccd58d1,"{""contract_quality_min"": 0.0, ""direction_min"": 3.4793401107248867, ""excellent_score_min"": 51.67679040133113, ""execution_quality_min"": 100.0, ""expected_required_ratio_min"": 1.4166666666666667, ""final_confidence_min"": 79.9793760996643, ""iv_crush_max"": 28.5, ""market_hostility_max"": 21.045109844494622, ""min_5depth_lots_each_side"": 23.0, ""min_top_book_lots"": 2.0, ""premium_elasticity_min"": 0.7, ""regime_confidence_min"": 60.0, ""spread_pct_max"": 0.19365770999758203, ""trade_quality_min"": 26.524916943518505}",41.31,206.55,3.4793401107248867,26.524916943518505,0,0.7,324.4025,228.98999999999998,1.4166666666666667,28.5,21.045109844494622,60.0,INVALID,True,DataHealth invalid; Contract invalid: Quote stale or spread hard rejected.; SideDirection hard reject: 3.5 < 65.0; PremiumElasticity hard reject: 0.70 < 1.00; Expected/Required hard reject: 1.42 < 1.60; TradeQuality below configured minimum; ConvexityEdge below excellent gate: 71.4 < 80.0,DataHealth invalid; Contract invalid: Quote stale or spread hard rejected.; SideDirection hard reject: 3.5 < 65.0; PremiumElasticity hard reject: 0.70 < 1.00; Expected/Required hard reject: 1.42 < 1.60; TradeQuality below configured minimum; ConvexityEdge below excellent gate: 71.4 < 80.0,direction=OBSERVED;liquidity=OBSERVED,NSE,INDEX,NSE_INDEX,BANKNIFTY,PAPER_ELIGIBLE,INDEX:BANKING,,,paper-strategy-8ade763620b6,opportunity-score-8ade763620b6,universe-a8e55c76a270,PAPER_OVERRIDE::FYERS_PAPER_PROXY_RESEARCH
202608241350_1_BANKNIFTY_PE,2026-08-24T08:20:41.413027+00:00,202608241350,BANKNIFTY,PE,1,56.85461388011888,56.85461388011888,80.0,2e840ccd58d1,"{""contract_quality_min"": 0.0, ""direction_min"": 4.963778188133613, ""excellent_score_min"": 56.85461388011888, ""execution_quality_min"": 100.0, ""expected_required_ratio_min"": 1.4166666666666667, ""final_confidence_min"": 85.47057292017026, ""iv_crush_max"": 28.5, ""market_hostility_max"": 20.98272786697348, ""min_5depth_lots_each_side"": 24.0, ""min_top_book_lots"": 3.0, ""premium_elasticity_min"": 0.5, ""regime_confidence_min"": 60.0, ""spread_pct_max"": 0.22547914317925222, ""trade_quality_min"": 44.08668730650075}",31.045000000000005,155.22500000000002,4.963778188133613,44.08668730650075,0,0.5,323.0425,228.03,1.4166666666666667,28.5,20.98272786697348,60.0,INVALID,True,DataHealth invalid; Contract invalid: Quote stale or spread hard rejected.; SideDirection hard reject: 5.0 < 65.0; PremiumElasticity hard reject: 0.50 < 1.00; Expected/Required hard reject: 1.42 < 1.60; TradeQuality below configured minimum; ConvexityEdge below excellent gate: 71.4 < 80.0,DataHealth invalid; Contract invalid: Quote stale or spread hard rejected.; SideDirection hard reject: 5.0 < 65.0; PremiumElasticity hard reject: 0.50 < 1.00; Expected/Required hard reject: 1.42 < 1.60; TradeQuality below configured minimum; ConvexityEdge below excellent gate: 71.4 < 80.0,direction=OBSERVED;liquidity=OBSERVED,NSE,INDEX,NSE_INDEX,BANKNIFTY,PAPER_ELIGIBLE,INDEX:BANKING,,,paper-strategy-8ade763620b6,opportunity-score-8ade763620b6,universe-a8e55c76a270,PAPER_OVERRIDE::FYERS_PAPER_PROXY_RESEARCH
202608241350_2_BANKNIFTY_PE,2026-08-24T08:20:41.413545+00:00,202608241350,BANKNIFTY,PE,2,56.85461388011888,56.85461388011888,80.0,2e840ccd58d1,"{""contract_quality_min"": 0.0, ""direction_min"": 4.963778188133613, ""excellent_score_min"": 56.85461388011888, ""execution_quality_min"": 100.0, ""expected_required_ratio_min"": 1.4166666666666667, ""final_confidence_min"": 85.47057292017026, ""iv_crush_max"": 28.5, ""market_hostility_max"": 20.98272786697348, ""min_5depth_lots_each_side"": 15.0, ""min_top_book_lots"": 1.0, ""premium_elasticity_min"": 0.7, ""regime_confidence_min"": 60.0, ""spread_pct_max"": 0.29476787030213425, ""trade_quality_min"": 44.08668730650075}",40.71000000000001,203.55,4.963778188133613,44.08668730650075,0,0.7,323.0425,228.03,1.4166666666666667,28.5,20.98272786697348,60.0,INVALID,True,DataHealth invalid; Contract invalid: Quote stale or spread hard rejected.; SideDirection hard reject: 5.0 < 65.0; PremiumElasticity hard reject: 0.70 < 1.00; Expected/Required hard reject: 1.42 < 1.60; TradeQuality below configured minimum; ConvexityEdge below excellent gate: 71.4 < 80.0,DataHealth invalid; Contract invalid: Quote stale or spread hard rejected.; SideDirection hard reject: 5.0 < 65.0; PremiumElasticity hard reject: 0.70 < 1.00; Expected/Required hard reject: 1.42 < 1.60; TradeQuality below configured minimum; ConvexityEdge below excellent gate: 71.4 < 80.0,direction=OBSERVED;liquidity=OBSERVED,NSE,INDEX,NSE_INDEX,BANKNIFTY,PAPER_ELIGIBLE,INDEX:BANKING,,,paper-strategy-8ade763620b6,opportunity-score-8ade763620b6,universe-a8e55c76a270,PAPER_OVERRIDE::FYERS_PAPER_PROXY_RESEARCH
202608241350_3_BANKNIFTY_CE,2026-08-24T08:20:41.414045+00:00,202608241350,BANKNIFTY,CE,3,55.961133806254836,55.961133806254836,80.0,2e840ccd58d1,"{""contract_quality_min"": 0.0, ""direction_min"": 0.0, ""excellent_score_min"": 55.961133806254836, ""execution_quality_min"": 100.0, ""expected_required_ratio_min"": 1.4166666666666667, ""final_confidence_min"": 83.98143946373018, ""iv_crush_max"": 28.5, ""market_hostility_max"": 20.98272786697348, ""min_5depth_lots_each_side"": 19.0, ""min_top_book_lots"": 2.0, ""premium_elasticity_min"": 0.5, ""regime_confidence_min"": 60.0, ""spread_pct_max"": 0.33359279439564105, ""trade_quality_min"": 44.08668730650075}",44.965,224.825,-4.963778188133613,44.08668730650075,0,0.5,323.0425,228.03,1.4166666666666667,28.5,20.98272786697348,60.0,INVALID,True,DataHealth invalid; Contract invalid: Quote stale or spread hard rejected.; SideDirection hard reject: -5.0 < 65.0; PremiumElasticity hard reject: 0.50 < 1.00; Expected/Required hard reject: 1.42 < 1.60; TradeQuality below configured minimum; ConvexityEdge below excellent gate: 71.4 < 80.0,DataHealth invalid; Contract invalid: Quote stale or spread hard rejected.; SideDirection hard reject: -5.0 < 65.0; PremiumElasticity hard reject: 0.50 < 1.00; Expected/Required hard reject: 1.42 < 1.60; TradeQuality below configured minimum; ConvexityEdge below excellent gate: 71.4 < 80.0,direction=OBSERVED;liquidity=OBSERVED,NSE,INDEX,NSE_INDEX,BANKNIFTY,PAPER_ELIGIBLE,INDEX:BANKING,,,paper-strategy-8ade763620b6,opportunity-score-8ade763620b6,universe-a8e55c76a270,PAPER_OVERRIDE::FYERS_PAPER_PROXY_RESEARCH
202608241350_4_MIDCPNIFTY_PE,2026-08-24T08:20:41.414577+00:00,202608241350,MIDCPNIFTY,PE,4,53.3407127127409,53.3407127127409,90.0,712afad509f5,"{""contract_quality_min"": 0.0, ""direction_min"": 3.2262617708144297, ""excellent_score_min"": 53.3407127127409, ""execution_quality_min"": 100.0, ""expected_required_ratio_min"": 1.0833333333333333, ""final_confidence_min"": 82.26965355133645, ""iv_crush_max"": 28.5, ""market_hostility_max"": 20.11448191777393, ""min_5depth_lots_each_side"": 11.0, ""min_top_book_lots"": 1.0, ""premium_elasticity_min"": 0.7, ""regime_confidence_min"": 60.0, ""spread_pct_max"": 0.55658627087198, ""trade_quality_min"": 34.285714285714285}",10.780000000000001,53.9,3.2262617708144297,34.285714285714285,0,0.7,60.8725,56.190000000000005,1.0833333333333333,28.5,20.11448191777393,60.0,INVALID,True,DataHealth invalid; Contract invalid: Quote stale or spread hard rejected.; SideDirection hard reject: 3.2 < 65.0; PremiumElasticity hard reject: 0.70 < 1.00; Expected/Required hard reject: 1.08 < 1.60; TradeQuality below configured minimum; ConvexityEdge below excellent gate: 70.4 < 80.0,DataHealth invalid; Contract invalid: Quote stale or spread hard rejected.; SideDirection hard reject: 3.2 < 65.0; PremiumElasticity hard reject: 0.70 < 1.00; Expected/Required hard reject: 1.08 < 1.60; TradeQuality below configured minimum; ConvexityEdge below excellent gate: 70.4 < 80.0,direction=OBSERVED;liquidity=OBSERVED,NSE,INDEX,NSE_INDEX,MIDCPNIFTY,PAPER_ELIGIBLE,INDEX:MIDCAP,,,paper-strategy-8ade763620b6,opportunity-score-8ade763620b6,universe-a8e55c76a270,PAPER_OVERRIDE::FYERS_PAPER_PROXY_RESEARCH
202608241350_5_BANKNIFTY_CE,2026-08-24T08:20:41.415104+00:00,202608241350,BANKNIFTY,CE,5,53.16113380625484,53.16113380625484,80.0,2e840ccd58d1,"{""contract_quality_min"": 0.0, ""direction_min"": 0.0, ""excellent_score_min"": 53.16113380625484, ""execution_quality_min"": 100.0, ""expected_required_ratio_min"": 1.4166666666666667, ""final_confidence_min"": 83.98143946373018, ""iv_crush_max"": 28.5, ""market_hostility_max"": 20.98272786697348, ""min_5depth_lots_each_side"": 26.0, ""min_top_book_lots"": 1.0, ""premium_elasticity_min"": 0.3, ""regime_confidence_min"": 60.0, ""spread_pct_max"": 0.3193496879082661, ""trade_quality_min"": 44.08668730650075}",34.445,172.225,-4.963778188133613,44.08668730650075,0,0.3,323.0425,228.03,1.4166666666666667,28.5,20.98272786697348,60.0,INVALID,True,DataHealth invalid; Contract invalid: Quote stale or spread hard rejected.; SideDirection hard reject: -5.0 < 65.0; PremiumElasticity hard reject: 0.30 < 1.00; Expected/Required hard reject: 1.42 < 1.60; TradeQuality below configured minimum; ConvexityEdge below excellent gate: 57.4 < 80.0,DataHealth invalid; Contract invalid: Quote stale or spread hard rejected.; SideDirection hard reject: -5.0 < 65.0; PremiumElasticity hard reject: 0.30 < 1.00; Expected/Required hard reject: 1.42 < 1.60; TradeQuality below configured minimum; ConvexityEdge below excellent gate: 57.4 < 80.0,direction=OBSERVED;liquidity=OBSERVED,NSE,INDEX,NSE_INDEX,BANKNIFTY,PAPER_ELIGIBLE,INDEX:BANKING,,,paper-strategy-8ade763620b6,opportunity-score-8ade763620b6,universe-a8e55c76a270,PAPER_OVERRIDE::FYERS_PAPER_PROXY_RESEARCH
202608241351_1_BANKNIFTY_PE,2026-08-24T08:21:51.882422+00:00,202608241351,BANKNIFTY,PE,1,57.48939733291935,57.48939733291935,80.0,2e840ccd58d1,"{""contract_quality_min"": 0.0, ""direction_min"": 4.601672115174276, ""excellent_score_min"": 57.48939733291935, ""execution_quality_min"": 100.0, ""expected_required_ratio_min"": 1.4166666666666667, ""final_confidence_min"": 86.1094072320403, ""iv_crush_max"": 28.5, ""market_hostility_max"": 20.79236487945715, ""min_5depth_lots_each_side"": 34.0, ""min_top_book_lots"": 1.0, ""premium_elasticity_min"": 0.5, ""regime_confidence_min"": 60.0, ""spread_pct_max"": 0.32690421706440015, ""trade_quality_min"": 46.39718804921389}",30.59,152.95,4.601672115174276,46.39718804921389,0,0.5,323.0,228.0,1.4166666666666667,28.5,20.79236487945715,60.0,INVALID,True,DataHealth invalid; Contract invalid: Quote stale or spread hard rejected.; SideDirection hard reject: 4.6 < 65.0; PremiumElasticity hard reject: 0.50 < 1.00; Expected/Required hard reject: 1.42 < 1.60; TradeQuality below configured minimum; ConvexityEdge below excellent gate: 71.4 < 80.0,DataHealth invalid; Contract invalid: Quote stale or spread hard rejected.; SideDirection hard reject: 4.6 < 65.0; PremiumElasticity hard reject: 0.50 < 1.00; Expected/Required hard reject: 1.42 < 1.60; TradeQuality below configured minimum; ConvexityEdge below excellent gate: 71.4 < 80.0,direction=OBSERVED;liquidity=OBSERVED,NSE,INDEX,NSE_INDEX,BANKNIFTY,PAPER_ELIGIBLE,INDEX:BANKING,,,paper-strategy-8ade763620b6,opportunity-score-8ade763620b6,universe-a8e55c76a270,PAPER_OVERRIDE::FYERS_PAPER_PROXY_RESEARCH
202608241351_2_BANKNIFTY_PE,2026-08-24T08:21:51.882939+00:00,202608241351,BANKNIFTY,PE,2,57.48939733291935,57.48939733291935,80.0,2e840ccd58d1,"{""contract_quality_min"": 0.0, ""direction_min"": 4.601672115174276, ""excellent_score_min"": 57.48939733291935, ""execution_quality_min"": 100.0, ""expected_required_ratio_min"": 1.4166666666666667, ""final_confidence_min"": 86.1094072320403, ""iv_crush_max"": 28.5, ""market_hostility_max"": 20.79236487945715, ""min_5depth_lots_each_side"": 11.0, ""min_top_book_lots"": 1.0, ""premium_elasticity_min"": 0.7, ""regime_confidence_min"": 60.0, ""spread_pct_max"": 0.274143302180691, ""trade_quality_min"": 46.39718804921389}",40.125,200.625,4.601672115174276,46.39718804921389,0,0.7,323.0,228.0,1.4166666666666667,28.5,20.79236487945715,60.0,INVALID,True,DataHealth invalid; Contract invalid: Quote stale or spread hard rejected.; SideDirection hard reject: 4.6 < 65.0; PremiumElasticity hard reject: 0.70 < 1.00; Expected/Required hard reject: 1.42 < 1.60; TradeQuality below configured minimum; ConvexityEdge below excellent gate: 71.4 < 80.0,DataHealth invalid; Contract invalid: Quote stale or spread hard rejected.; SideDirection hard reject: 4.6 < 65.0; PremiumElasticity hard reject: 0.70 < 1.00; Expected/Required hard reject: 1.42 < 1.60; TradeQuality below configured minimum; ConvexityEdge below excellent gate: 71.4 < 80.0,direction=OBSERVED;liquidity=OBSERVED,NSE,INDEX,NSE_INDEX,BANKNIFTY,PAPER_ELIGIBLE,INDEX:BANKING,,,paper-strategy-8ade763620b6,opportunity-score-8ade763620b6,universe-a8e55c76a270,PAPER_OVERRIDE::FYERS_PAPER_PROXY_RESEARCH
202608241351_3_BANKNIFTY_CE,2026-08-24T08:21:51.883416+00:00,202608241351,BANKNIFTY,CE,3,56.66109635218799,56.66109635218799,80.0,2e840ccd58d1,"{""contract_quality_min"": 0.0, ""direction_min"": 0.0, ""excellent_score_min"": 56.66109635218799, ""execution_quality_min"": 100.0, ""expected_required_ratio_min"": 1.4166666666666667, ""final_confidence_min"": 84.72890559748802, ""iv_crush_max"": 28.5, ""market_hostility_max"": 20.79236487945715, ""min_5depth_lots_each_side"": 22.0, ""min_top_book_lots"": 1.0, ""premium_elasticity_min"": 0.5, ""regime_confidence_min"": 60.0, ""spread_pct_max"": 0.308302136093379, ""trade_quality_min"": 46.39718804921389}",45.410000000000004,227.05,-4.601672115174276,46.39718804921389,0,0.5,323.0,228.0,1.4166666666666667,28.5,20.79236487945715,60.0,INVALID,True,DataHealth invalid; Contract invalid: Quote stale or spread hard rejected.; SideDirection hard reject: -4.6 < 65.0; PremiumElasticity hard reject: 0.50 < 1.00; Expected/Required hard reject: 1.42 < 1.60; TradeQuality below configured minimum; ConvexityEdge below excellent gate: 71.4 < 80.0,DataHealth invalid; Contract invalid: Quote stale or spread hard rejected.; SideDirection hard reject: -4.6 < 65.0; PremiumElasticity hard reject: 0.50 < 1.00; Expected/Required hard reject: 1.42 < 1.60; TradeQuality below configured minimum; ConvexityEdge below excellent gate: 71.4 < 80.0,direction=OBSERVED;liquidity=OBSERVED,NSE,INDEX,NSE_INDEX,BANKNIFTY,PAPER_ELIGIBLE,INDEX:BANKING,,,paper-strategy-8ade763620b6,opportunity-score-8ade763620b6,universe-a8e55c76a270,PAPER_OVERRIDE::FYERS_PAPER_PROXY_RESEARCH
202608241351_4_MIDCPNIFTY_PE,2026-08-24T08:21:51.883925+00:00,202608241351,MIDCPNIFTY,PE,4,55.46877031909238,55.46877031909238,90.0,712afad509f5,"{""contract_quality_min"": 0.0, ""direction_min"": 4.4093133301073975, ""excellent_score_min"": 55.46877031909238, ""execution_quality_min"": 100.0, ""expected_required_ratio_min"": 1.0833333333333335, ""final_confidence_min"": 84.53875549008212, ""iv_crush_max"": 28.5, ""market_hostility_max"": 20.191870552947798, ""min_5depth_lots_each_side"": 19.0, ""min_top_book_lots"": 2.0, ""premium_elasticity_min"": 0.7, ""regime_confidence_min"": 60.0, ""spread_pct_max"": 0.6331976481230237, ""trade_quality_min"": 41.25786163522002}",11.055000000000001,55.275000000000006,4.4093133301073975,41.25786163522002,0,0.7,60.80750000000001,56.13,1.0833333333333335,28.5,20.191870552947798,60.0,INVALID,True,DataHealth invalid; Contract invalid: Quote stale or spread hard rejected.; SideDirection hard reject: 4.4 < 65.0; PremiumElasticity hard reject: 0.70 < 1.00; Expected/Required hard reject: 1.08 < 1.60; TradeQuality below configured minimum; ConvexityEdge below excellent gate: 70.4 < 80.0,DataHealth invalid; Contract invalid: Quote stale or spread hard rejected.; SideDirection hard reject: 4.4 < 65.0; PremiumElasticity hard reject: 0.70 < 1.00; Expected/Required hard reject: 1.08 < 1.60; TradeQuality below configured minimum; ConvexityEdge below excellent gate: 70.4 < 80.0,direction=OBSERVED;liquidity=OBSERVED,NSE,INDEX,NSE_INDEX,MIDCPNIFTY,PAPER_ELIGIBLE,INDEX:MIDCAP,,,paper-strategy-8ade763620b6,opportunity-score-8ade763620b6,universe-a8e55c76a270,PAPER_OVERRIDE::FYERS_PAPER_PROXY_RESEARCH
202608241351_5_BANKNIFTY_PE,2026-08-24T08:21:51.884392+00:00,202608241351,BANKNIFTY,PE,5,54.689397332919356,54.689397332919356,80.0,2e840ccd58d1,"{""contract_quality_min"": 0.0, ""direction_min"": 4.601672115174276, ""excellent_score_min"": 54.689397332919356, ""execution_quality_min"": 100.0, ""expected_required_ratio_min"": 1.4166666666666667, ""final_confidence_min"": 86.1094072320403, ""iv_crush_max"": 28.5, ""market_hostility_max"": 20.79236487945715, ""min_5depth_lots_each_side"": 49.0, ""min_top_book_lots"": 1.0, ""premium_elasticity_min"": 0.3, ""regime_confidence_min"": 60.0, ""spread_pct_max"": 0.3487358326068053, ""trade_quality_min"": 46.39718804921389}",22.94,114.7,4.601672115174276,46.39718804921389,0,0.3,323.0,228.0,1.4166666666666667,28.5,20.79236487945715,60.0,INVALID,True,DataHealth invalid; Contract invalid: Quote stale or spread hard rejected.; SideDirection hard reject: 4.6 < 65.0; PremiumElasticity hard reject: 0.30 < 1.00; Expected/Required hard reject: 1.42 < 1.60; TradeQuality below configured minimum; ConvexityEdge below excellent gate: 57.4 < 80.0,DataHealth invalid; Contract invalid: Quote stale or spread hard rejected.; SideDirection hard reject: 4.6 < 65.0; PremiumElasticity hard reject: 0.30 < 1.00; Expected/Required hard reject: 1.42 < 1.60; TradeQuality below configured minimum; ConvexityEdge below excellent gate: 57.4 < 80.0,direction=OBSERVED;liquidity=OBSERVED,NSE,INDEX,NSE_INDEX,BANKNIFTY,PAPER_ELIGIBLE,INDEX:BANKING,,,paper-strategy-8ade763620b6,opportunity-score-8ade763620b6,universe-a8e55c76a270,PAPER_OVERRIDE::FYERS_PAPER_PROXY_RESEARCH
202608241352_1_BANKNIFTY_PE,2026-08-24T08:22:54.100430+00:00,202608241352,BANKNIFTY,PE,1,53.35966883804496,53.35966883804496,80.0,2e840ccd58d1,"{""contract_quality_min"": 0.0, ""direction_min"": 2.7267647476734034, ""excellent_score_min"": 53.35966883804496, ""execution_quality_min"": 100.0, ""expected_required_ratio_min"": 1.4166666666666667, ""final_confidence_min"": 81.61325462941905, ""iv_crush_max"": 28.5, ""market_hostility_max"": 20.338151739085255, ""min_5depth_lots_each_side"": 37.0, ""min_top_book_lots"": 1.0, ""premium_elasticity_min"": 0.5, ""regime_confidence_min"": 60.0, ""spread_pct_max"": 0.2900886381949967, ""trade_quality_min"": 32.347466390893445}",31.025000000000002,155.125,2.7267647476734034,32.347466390893445,0,0.5,323.53125,228.375,1.4166666666666667,28.5,20.338151739085255,60.0,INVALID,True,DataHealth invalid; Contract invalid: Quote stale or spread hard rejected.; SideDirection hard reject: 2.7 < 65.0; PremiumElasticity hard reject: 0.50 < 1.00; Expected/Required hard reject: 1.42 < 1.60; TradeQuality below configured minimum; ConvexityEdge below excellent gate: 71.4 < 80.0,DataHealth invalid; Contract invalid: Quote stale or spread hard rejected.; SideDirection hard reject: 2.7 < 65.0; PremiumElasticity hard reject: 0.50 < 1.00; Expected/Required hard reject: 1.42 < 1.60; TradeQuality below configured minimum; ConvexityEdge below excellent gate: 71.4 < 80.0,direction=OBSERVED;liquidity=OBSERVED,NSE,INDEX,NSE_INDEX,BANKNIFTY,PAPER_ELIGIBLE,INDEX:BANKING,,,paper-strategy-8ade763620b6,opportunity-score-8ade763620b6,universe-a8e55c76a270,PAPER_OVERRIDE::FYERS_PAPER_PROXY_RESEARCH
202608241352_2_BANKNIFTY_PE,2026-08-24T08:22:54.100989+00:00,202608241352,BANKNIFTY,PE,2,53.35966883804496,53.35966883804496,80.0,2e840ccd58d1,"{""contract_quality_min"": 0.0, ""direction_min"": 2.7267647476734034, ""excellent_score_min"": 53.35966883804496, ""execution_quality_min"": 100.0, ""expected_required_ratio_min"": 1.4166666666666667, ""final_confidence_min"": 81.61325462941905, ""iv_crush_max"": 28.5, ""market_hostility_max"": 20.338151739085255, ""min_5depth_lots_each_side"": 11.0, ""min_top_book_lots"": 2.0, ""premium_elasticity_min"": 0.7, ""regime_confidence_min"": 60.0, ""spread_pct_max"": 0.36877688998156116, ""trade_quality_min"": 32.347466390893445}",40.675000000000004,203.375,2.7267647476734034,32.347466390893445,0,0.7,323.53125,228.375,1.4166666666666667,28.5,20.338151739085255,60.0,INVALID,True,DataHealth invalid; Contract invalid: Quote stale or spread hard rejected.; SideDirection hard reject: 2.7 < 65.0; PremiumElasticity hard reject: 0.70 < 1.00; Expected/Required hard reject: 1.42 < 1.60; TradeQuality below configured minimum; ConvexityEdge below excellent gate: 71.4 < 80.0,DataHealth invalid; Contract invalid: Quote stale or spread hard rejected.; SideDirection hard reject: 2.7 < 65.0; PremiumElasticity hard reject: 0.70 < 1.00; Expected/Required hard reject: 1.42 < 1.60; TradeQuality below configured minimum; ConvexityEdge below excellent gate: 71.4 < 80.0,direction=OBSERVED;liquidity=OBSERVED,NSE,INDEX,NSE_INDEX,BANKNIFTY,PAPER_ELIGIBLE,INDEX:BANKING,,,paper-strategy-8ade763620b6,opportunity-score-8ade763620b6,universe-a8e55c76a270,PAPER_OVERRIDE::FYERS_PAPER_PROXY_RESEARCH
202608241352_3_BANKNIFTY_CE,2026-08-24T08:22:54.101457+00:00,202608241352,BANKNIFTY,CE,3,52.868851183463754,52.868851183463754,80.0,2e840ccd58d1,"{""contract_quality_min"": 0.0, ""direction_min"": 0.0, ""excellent_score_min"": 52.868851183463754, ""execution_quality_min"": 100.0, ""expected_required_ratio_min"": 1.4166666666666667, ""final_confidence_min"": 80.79522520511703, ""iv_crush_max"": 28.5, ""market_hostility_max"": 20.338151739085255, ""min_5depth_lots_each_side"": 24.0, ""min_top_book_lots"": 1.0, ""premium_elasticity_min"": 0.5, ""regime_confidence_min"": 60.0, ""spread_pct_max"": 0.3104212860310371, ""trade_quality_min"": 32.347466390893445}",45.1,225.5,-2.7267647476734034,32.347466390893445,0,0.5,323.53125,228.375,1.4166666666666667,28.5,20.338151739085255,60.0,INVALID,True,DataHealth invalid; Contract invalid: Quote stale or spread hard rejected.; SideDirection hard reject: -2.7 < 65.0; PremiumElasticity hard reject: 0.50 < 1.00; Expected/Required hard reject: 1.42 < 1.60; TradeQuality below configured minimum; ConvexityEdge below excellent gate: 71.4 < 80.0,DataHealth invalid; Contract invalid: Quote stale or spread hard rejected.; SideDirection hard reject: -2.7 < 65.0; PremiumElasticity hard reject: 0.50 < 1.00; Expected/Required hard reject: 1.42 < 1.60; TradeQuality below configured minimum; ConvexityEdge below excellent gate: 71.4 < 80.0,direction=OBSERVED;liquidity=OBSERVED,NSE,INDEX,NSE_INDEX,BANKNIFTY,PAPER_ELIGIBLE,INDEX:BANKING,,,paper-strategy-8ade763620b6,opportunity-score-8ade763620b6,universe-a8e55c76a270,PAPER_OVERRIDE::FYERS_PAPER_PROXY_RESEARCH
202608241352_4_MIDCPNIFTY_CE,2026-08-24T08:22:54.102043+00:00,202608241352,MIDCPNIFTY,CE,4,51.85702023891194,51.85702023891194,90.0,712afad509f5,"{""contract_quality_min"": 0.0, ""direction_min"": 0.0, ""excellent_score_min"": 51.85702023891194, ""execution_quality_min"": 87.91786266283928, ""expected_required_ratio_min"": 1.0833333333333333, ""final_confidence_min"": 81.30286044966229, ""iv_crush_max"": 28.5, ""market_hostility_max"": 19.515001619706425, ""min_5depth_lots_each_side"": 12.0, ""min_top_book_lots"": 2.0, ""premium_elasticity_min"": 0.7, ""regime_confidence_min"": 60.0, ""spread_pct_max"": 1.0819165378670834, ""trade_quality_min"": 37.80821917807926}",12.939999999999998,64.69999999999999,-3.7107123290431865,37.80821917807926,0,0.7,60.72625000000001,56.05500000000001,1.0833333333333333,28.5,19.515001619706425,60.0,INVALID,True,DataHealth invalid; Contract invalid: Quote stale or spread hard rejected.; SideDirection hard reject: -3.7 < 65.0; PremiumElasticity hard reject: 0.70 < 1.00; Expected/Required hard reject: 1.08 < 1.60; TradeQuality below configured minimum; ConvexityEdge below excellent gate: 70.4 < 80.0,DataHealth invalid; Contract invalid: Quote stale or spread hard rejected.; SideDirection hard reject: -3.7 < 65.0; PremiumElasticity hard reject: 0.70 < 1.00; Expected/Required hard reject: 1.08 < 1.60; TradeQuality below configured minimum; ConvexityEdge below excellent gate: 70.4 < 80.0,direction=OBSERVED;liquidity=OBSERVED,NSE,INDEX,NSE_INDEX,MIDCPNIFTY,PAPER_ELIGIBLE,INDEX:MIDCAP,,,paper-strategy-8ade763620b6,opportunity-score-8ade763620b6,universe-a8e55c76a270,PAPER_OVERRIDE::FYERS_PAPER_PROXY_RESEARCH
202608241352_5_BANKNIFTY_PE,2026-08-24T08:22:54.102521+00:00,202608241352,BANKNIFTY,PE,5,50.55966883804496,50.55966883804496,80.0,2e840ccd58d1,"{""contract_quality_min"": 0.0, ""direction_min"": 2.7267647476734034, ""excellent_score_min"": 50.55966883804496, ""execution_quality_min"": 100.0, ""expected_required_ratio_min"": 1.4166666666666667, ""final_confidence_min"": 81.61325462941905, ""iv_crush_max"": 28.5, ""market_hostility_max"": 20.338151739085255, ""min_5depth_lots_each_side"": 43.0, ""min_top_book_lots"": 1.0, ""premium_elasticity_min"": 0.3, ""regime_confidence_min"": 60.0, ""spread_pct_max"": 0.2578427159432722, ""trade_quality_min"": 32.347466390893445}",23.27,116.35,2.7267647476734034,32.347466390893445,0,0.3,323.53125,228.375,1.4166666666666667,28.5,20.338151739085255,60.0,INVALID,True,DataHealth invalid; Contract invalid: Quote stale or spread hard rejected.; SideDirection hard reject: 2.7 < 65.0; PremiumElasticity hard reject: 0.30 < 1.00; Expected/Required hard reject: 1.42 < 1.60; TradeQuality below configured minimum; ConvexityEdge below excellent gate: 57.4 < 80.0,DataHealth invalid; Contract invalid: Quote stale or spread hard rejected.; SideDirection hard reject: 2.7 < 65.0; PremiumElasticity hard reject: 0.30 < 1.00; Expected/Required hard reject: 1.42 < 1.60; TradeQuality below configured minimum; ConvexityEdge below excellent gate: 57.4 < 80.0,direction=OBSERVED;liquidity=OBSERVED,NSE,INDEX,NSE_INDEX,BANKNIFTY,PAPER_ELIGIBLE,INDEX:BANKING,,,paper-strategy-8ade763620b6,opportunity-score-8ade763620b6,universe-a8e55c76a270,PAPER_OVERRIDE::FYERS_PAPER_PROXY_RESEARCH
202608241354_1_HINDALCO_PE,2026-08-24T08:24:09.864689+00:00,202608241354,HINDALCO,PE,1,22.21763589201108,22.21763589201108,87.0,0b8f346aac89,"{""contract_quality_min"": 0.0, ""direction_min"": 4.9434356878037145, ""excellent_score_min"": 22.21763589201108, ""execution_quality_min"": 73.49544072948339, ""expected_required_ratio_min"": 1.1666666666666665, ""final_confidence_min"": 67.33788581624985, ""iv_crush_max"": 28.5, ""market_hostility_max"": 26.66809347157436, ""min_5depth_lots_each_side"": 6.0, ""min_top_book_lots"": 1.0, ""premium_elasticity_min"": 0.7, ""regime_confidence_min"": 60.0, ""spread_pct_max"": 1.4184397163120543, ""trade_quality_min"": 20.392156862746496}",6.345000000000001,31.725,4.9434356878037145,20.392156862746496,0,0.7,13.352500000000001,11.445000000000002,1.1666666666666665,28.5,26.66809347157436,60.0,INVALID,True,DataHealth invalid; Contract invalid: Quote stale or spread hard rejected.; SideDirection hard reject: 4.9 < 65.0; PremiumElasticity hard reject: 0.70 < 1.00; Expected/Required hard reject: 1.17 < 1.60; TradeQuality below configured minimum; ExecutionQuality below excellent gate: 73.5 < 80.0; ConvexityEdge below excellent gate: 71.4 < 80.0; OpportunityConfidence below excellent gate: 67.3 < 70.0; RegimeFit below excellent gate: 60.0 < 70.0,DataHealth invalid; Contract invalid: Quote stale or spread hard rejected.; SideDirection hard reject: 4.9 < 65.0; PremiumElasticity hard reject: 0.70 < 1.00; Expected/Required hard reject: 1.17 < 1.60; TradeQuality below configured minimum; ExecutionQuality below excellent gate: 73.5 < 80.0; ConvexityEdge below excellent gate: 71.4 < 80.0; OpportunityConfidence below excellent gate: 67.3 < 70.0; RegimeFit below excellent gate: 60.0 < 70.0,direction=UNVALIDATED;liquidity=UNVALIDATED,NSE,STOCK,NSE_STOCK_OPTION,HINDALCO,PAPER_ELIGIBLE,STOCK:HINDALCO,,,paper-strategy-8ade763620b6,opportunity-score-8ade763620b6,universe-a8e55c76a270,PAPER_OVERRIDE::FYERS_PAPER_PROXY_RESEARCH
202608241354_2_HINDUNILVR_PE,2026-08-24T08:24:09.865341+00:00,202608241354,HINDUNILVR,PE,2,18.147531461483013,18.147531461483013,87.0,7c6072ee0b40,"{""contract_quality_min"": 0.0, ""direction_min"": 1.9845207382417147, ""excellent_score_min"": 18.147531461483013, ""execution_quality_min"": 61.36363636363638, ""expected_required_ratio_min"": 1.1666666666666665, ""final_confidence_min"": 61.953522266580215, ""iv_crush_max"": 28.5, ""market_hostility_max"": 23.469389443038363, ""min_5depth_lots_each_side"": 5.0, ""min_top_book_lots"": 1.0, ""premium_elasticity_min"": 0.7, ""regime_confidence_min"": 60.0, ""spread_pct_max"": 1.6233766233766231, ""trade_quality_min"": 12.121212121211455}",6.16,30.8,1.9845207382417147,12.121212121211455,0,0.7,16.292499999999997,13.964999999999998,1.1666666666666665,28.5,23.469389443038363,60.0,INVALID,True,DataHealth invalid; Contract invalid: Quote stale or spread hard rejected.; SideDirection hard reject: 2.0 < 65.0; PremiumElasticity hard reject: 0.70 < 1.00; Expected/Required hard reject: 1.17 < 1.60; TradeQuality below configured minimum; FinalConfidence below configured minimum; ExecutionQuality below excellent gate: 61.4 < 80.0; ConvexityEdge below excellent gate: 71.4 < 80.0; OpportunityConfidence below excellent gate: 62.0 < 70.0; RegimeFit below excellent gate: 60.0 < 70.0,DataHealth invalid; Contract invalid: Quote stale or spread hard rejected.; SideDirection hard reject: 2.0 < 65.0; PremiumElasticity hard reject: 0.70 < 1.00; Expected/Required hard reject: 1.17 < 1.60; TradeQuality below configured minimum; FinalConfidence below configured minimum; ExecutionQuality below excellent gate: 61.4 < 80.0; ConvexityEdge below excellent gate: 71.4 < 80.0; OpportunityConfidence below excellent gate: 62.0 < 70.0; RegimeFit below excellent gate: 60.0 < 70.0,direction=UNVALIDATED;liquidity=UNVALIDATED,NSE,STOCK,NSE_STOCK_OPTION,HINDUNILVR,PAPER_ELIGIBLE,STOCK:HINDUNILVR,,,paper-strategy-8ade763620b6,opportunity-score-8ade763620b6,universe-a8e55c76a270,PAPER_OVERRIDE::FYERS_PAPER_PROXY_RESEARCH
202608241354_3_HDFCLIFE_CE,2026-08-24T08:24:09.865842+00:00,202608241354,HDFCLIFE,CE,3,17.451669657809056,17.451669657809056,87.0,f8509861bdd0,"{""contract_quality_min"": 0.0, ""direction_min"": 0.0, ""excellent_score_min"": 17.451669657809056, ""execution_quality_min"": 0.0, ""expected_required_ratio_min"": 1.1666666666666667, ""final_confidence_min"": 46.806836776303605, ""iv_crush_max"": 28.5, ""market_hostility_max"": 27.20691322214236, ""min_5depth_lots_each_side"": 7.0, ""min_top_book_lots"": 1.0, ""premium_elasticity_min"": 0.7, ""regime_confidence_min"": 60.0, ""spread_pct_max"": 3.508771929824561, ""trade_quality_min"": 57.142857142857146}",1.425,7.125,-18.088088993397847,57.142857142857146,0,0.7,4.445,3.81,1.1666666666666667,28.5,27.20691322214236,60.0,INVALID,True,DataHealth invalid; Contract invalid: Quote stale or spread hard rejected.; SideDirection hard reject: -18.1 < 65.0; PremiumElasticity hard reject: 0.70 < 1.00; Expected/Required hard reject: 1.17 < 1.60; TradeQuality below configured minimum; FinalConfidence below configured minimum; ExecutionQuality below excellent gate: 0.0 < 80.0; ConvexityEdge below excellent gate: 71.4 < 80.0; OpportunityConfidence below excellent gate: 46.8 < 70.0; RegimeFit below excellent gate: 60.0 < 70.0,DataHealth invalid; Contract invalid: Quote stale or spread hard rejected.; SideDirection hard reject: -18.1 < 65.0; PremiumElasticity hard reject: 0.70 < 1.00; Expected/Required hard reject: 1.17 < 1.60; TradeQuality below configured minimum; FinalConfidence below configured minimum; ExecutionQuality below excellent gate: 0.0 < 80.0; ConvexityEdge below excellent gate: 71.4 < 80.0; OpportunityConfidence below excellent gate: 46.8 < 70.0; RegimeFit below excellent gate: 60.0 < 70.0,direction=UNVALIDATED;liquidity=UNVALIDATED,NSE,STOCK,NSE_STOCK_OPTION,HDFCLIFE,PAPER_ELIGIBLE,STOCK:HDFCLIFE,,,paper-strategy-8ade763620b6,opportunity-score-8ade763620b6,universe-a8e55c76a270,PAPER_OVERRIDE::FYERS_PAPER_PROXY_RESEARCH
202608241354_4_ICICIBANK_CE,2026-08-24T08:24:09.866499+00:00,202608241354,ICICIBANK,CE,4,13.99252730809254,13.99252730809254,87.0,98852c68600e,"{""contract_quality_min"": 0.0, ""direction_min"": 0.0, ""excellent_score_min"": 13.99252730809254, ""execution_quality_min"": 60.05747126436782, ""expected_required_ratio_min"": 1.1666666666666665, ""final_confidence_min"": 57.79556650246305, ""iv_crush_max"": 28.5, ""market_hostility_max"": 24.330600127235755, ""min_5depth_lots_each_side"": 7.0, ""min_top_book_lots"": 2.0, ""premium_elasticity_min"": 0.7, ""regime_confidence_min"": 60.0, ""spread_pct_max"": 1.6420361247947455, ""trade_quality_min"": 0.0}",3.045,15.225,0.0,0.0,0,0.7,8.61,7.38,1.1666666666666665,28.5,24.330600127235755,60.0,INVALID,True,DataHealth invalid; Contract invalid: Quote stale or spread hard rejected.; SideDirection hard reject: 0.0 < 65.0; PremiumElasticity hard reject: 0.70 < 1.00; Expected/Required hard reject: 1.17 < 1.60; TradeQuality below configured minimum; FinalConfidence below configured minimum; ExecutionQuality below excellent gate: 60.1 < 80.0; ConvexityEdge below excellent gate: 71.4 < 80.0; OpportunityConfidence below excellent gate: 57.8 < 70.0; RegimeFit below excellent gate: 60.0 < 70.0,DataHealth invalid; Contract invalid: Quote stale or spread hard rejected.; SideDirection hard reject: 0.0 < 65.0; PremiumElasticity hard reject: 0.70 < 1.00; Expected/Required hard reject: 1.17 < 1.60; TradeQuality below configured minimum; FinalConfidence below configured minimum; ExecutionQuality below excellent gate: 60.1 < 80.0; ConvexityEdge below excellent gate: 71.4 < 80.0; OpportunityConfidence below excellent gate: 57.8 < 70.0; RegimeFit below excellent gate: 60.0 < 70.0,direction=UNVALIDATED;liquidity=UNVALIDATED,NSE,STOCK,NSE_STOCK_OPTION,ICICIBANK,PAPER_ELIGIBLE,STOCK:ICICIBANK,,,paper-strategy-8ade763620b6,opportunity-score-8ade763620b6,universe-a8e55c76a270,PAPER_OVERRIDE::FYERS_PAPER_PROXY_RESEARCH
202608241354_5_HINDALCO_CE,2026-08-24T08:24:09.866962+00:00,202608241354,HINDALCO,CE,5,11.403720621411743,11.403720621411743,87.0,0b8f346aac89,"{""contract_quality_min"": 0.0, ""direction_min"": 0.0, ""excellent_score_min"": 11.403720621411743, ""execution_quality_min"": 14.694656488549228, ""expected_required_ratio_min"": 1.1666666666666665, ""final_confidence_min"": 54.815063003363235, ""iv_crush_max"": 28.5, ""market_hostility_max"": 26.66809347157436, ""min_5depth_lots_each_side"": 8.0, ""min_top_book_lots"": 1.0, ""premium_elasticity_min"": 0.7, ""regime_confidence_min"": 60.0, ""spread_pct_max"": 2.290076335877868, ""trade_quality_min"": 20.392156862746496}",2.62,13.1,-4.9434356878037145,20.392156862746496,0,0.7,13.352500000000001,11.445000000000002,1.1666666666666665,28.5,26.66809347157436,60.0,INVALID,True,DataHealth invalid; Contract invalid: Quote stale or spread hard rejected.; SideDirection hard reject: -4.9 < 65.0; PremiumElasticity hard reject: 0.70 < 1.00; Expected/Required hard reject: 1.17 < 1.60; TradeQuality below configured minimum; FinalConfidence below configured minimum; ExecutionQuality below excellent gate: 14.7 < 80.0; ConvexityEdge below excellent gate: 71.4 < 80.0; OpportunityConfidence below excellent gate: 54.8 < 70.0; RegimeFit below excellent gate: 60.0 < 70.0,DataHealth invalid; Contract invalid: Quote stale or spread hard rejected.; SideDirection hard reject: -4.9 < 65.0; PremiumElasticity hard reject: 0.70 < 1.00; Expected/Required hard reject: 1.17 < 1.60; TradeQuality below configured minimum; FinalConfidence below configured minimum; ExecutionQuality below excellent gate: 14.7 < 80.0; ConvexityEdge below excellent gate: 71.4 < 80.0; OpportunityConfidence below excellent gate: 54.8 < 70.0; RegimeFit below excellent gate: 60.0 < 70.0,direction=UNVALIDATED;liquidity=UNVALIDATED,NSE,STOCK,NSE_STOCK_OPTION,HINDALCO,PAPER_ELIGIBLE,STOCK:HINDALCO,,,paper-strategy-8ade763620b6,opportunity-score-8ade763620b6,universe-a8e55c76a270,PAPER_OVERRIDE::FYERS_PAPER_PROXY_RESEARCH
202608241357_1_BANKNIFTY_PE,2026-08-24T08:27:00.389305+00:00,202608241357,BANKNIFTY,PE,1,55.99479796037517,55.99479796037517,80.0,2e840ccd58d1,"{""contract_quality_min"": 0.0, ""direction_min"": 2.2321019861348104, ""excellent_score_min"": 55.99479796037517, ""execution_quality_min"": 100.0, ""expected_required_ratio_min"": 1.4166666666666667, ""final_confidence_min"": 84.55004708599479, ""iv_crush_max"": 28.5, ""market_hostility_max"": 20.7121941448267, ""min_5depth_lots_each_side"": 13.0, ""min_top_book_lots"": 1.0, ""premium_elasticity_min"": 0.5, ""regime_confidence_min"": 60.0, ""spread_pct_max"": 0.22022966808242522, ""trade_quality_min"": 42.38410596024857}",31.785000000000004,158.925,2.2321019861348104,42.38410596024857,0,0.5,323.0,228.0,1.4166666666666667,28.5,20.7121941448267,60.0,INVALID,True,DataHealth invalid; Contract invalid: Quote stale or spread hard rejected.; SideDirection hard reject: 2.2 < 65.0; PremiumElasticity hard reject: 0.50 < 1.00; Expected/Required hard reject: 1.42 < 1.60; TradeQuality below configured minimum; ConvexityEdge below excellent gate: 71.4 < 80.0,DataHealth invalid; Contract invalid: Quote stale or spread hard rejected.; SideDirection hard reject: 2.2 < 65.0; PremiumElasticity hard reject: 0.50 < 1.00; Expected/Required hard reject: 1.42 < 1.60; TradeQuality below configured minimum; ConvexityEdge below excellent gate: 71.4 < 80.0,direction=OBSERVED;liquidity=OBSERVED,NSE,INDEX,NSE_INDEX,BANKNIFTY,PAPER_ELIGIBLE,INDEX:BANKING,,,paper-strategy-8ade763620b6,opportunity-score-8ade763620b6,universe-a8e55c76a270,PAPER_OVERRIDE::FYERS_PAPER_PROXY_RESEARCH
202608241357_2_BANKNIFTY_PE,2026-08-24T08:27:00.390467+00:00,202608241357,BANKNIFTY,PE,2,55.99479796037517,55.99479796037517,80.0,2e840ccd58d1,"{""contract_quality_min"": 0.0, ""direction_min"": 2.2321019861348104, ""excellent_score_min"": 55.99479796037517, ""execution_quality_min"": 100.0, ""expected_required_ratio_min"": 1.4166666666666667, ""final_confidence_min"": 84.55004708599479, ""iv_crush_max"": 28.5, ""market_hostility_max"": 20.7121941448267, ""min_5depth_lots_each_side"": 21.0, ""min_top_book_lots"": 3.0, ""premium_elasticity_min"": 0.7, ""regime_confidence_min"": 60.0, ""spread_pct_max"": 0.16889854023404235, ""trade_quality_min"": 42.38410596024857}",41.44500000000001,207.22500000000002,2.2321019861348104,42.38410596024857,0,0.7,323.0,228.0,1.4166666666666667,28.5,20.7121941448267,60.0,INVALID,True,DataHealth invalid; Contract invalid: Quote stale or spread hard rejected.; SideDirection hard reject: 2.2 < 65.0; PremiumElasticity hard reject: 0.70 < 1.00; Expected/Required hard reject: 1.42 < 1.60; TradeQuality below configured minimum; ConvexityEdge below excellent gate: 71.4 < 80.0,DataHealth invalid; Contract invalid: Quote stale or spread hard rejected.; SideDirection hard reject: 2.2 < 65.0; PremiumElasticity hard reject: 0.70 < 1.00; Expected/Required hard reject: 1.42 < 1.60; TradeQuality below configured minimum; ConvexityEdge below excellent gate: 71.4 < 80.0,direction=OBSERVED;liquidity=OBSERVED,NSE,INDEX,NSE_INDEX,BANKNIFTY,PAPER_ELIGIBLE,INDEX:BANKING,,,paper-strategy-8ade763620b6,opportunity-score-8ade763620b6,universe-a8e55c76a270,PAPER_OVERRIDE::FYERS_PAPER_PROXY_RESEARCH
202608241357_3_BANKNIFTY_CE,2026-08-24T08:27:00.391575+00:00,202608241357,BANKNIFTY,CE,3,55.5930196028709,55.5930196028709,80.0,2e840ccd58d1,"{""contract_quality_min"": 0.0, ""direction_min"": 0.0, ""excellent_score_min"": 55.5930196028709, ""execution_quality_min"": 100.0, ""expected_required_ratio_min"": 1.4166666666666667, ""final_confidence_min"": 83.88041649015436, ""iv_crush_max"": 28.5, ""market_hostility_max"": 20.7121941448267, ""min_5depth_lots_each_side"": 14.0, ""min_top_book_lots"": 1.0, ""premium_elasticity_min"": 0.5, ""regime_confidence_min"": 60.0, ""spread_pct_max"": 0.29401786723962714, ""trade_quality_min"": 42.38410596024857}",44.215,221.075,-2.2321019861348104,42.38410596024857,0,0.5,323.0,228.0,1.4166666666666667,28.5,20.7121941448267,60.0,INVALID,True,DataHealth invalid; Contract invalid: Quote stale or spread hard rejected.; SideDirection hard reject: -2.2 < 65.0; PremiumElasticity hard reject: 0.50 < 1.00; Expected/Required hard reject: 1.42 < 1.60; TradeQuality below configured minimum; ConvexityEdge below excellent gate: 71.4 < 80.0,DataHealth invalid; Contract invalid: Quote stale or spread hard rejected.; SideDirection hard reject: -2.2 < 65.0; PremiumElasticity hard reject: 0.50 < 1.00; Expected/Required hard reject: 1.42 < 1.60; TradeQuality below configured minimum; ConvexityEdge below excellent gate: 71.4 < 80.0,direction=OBSERVED;liquidity=OBSERVED,NSE,INDEX,NSE_INDEX,BANKNIFTY,PAPER_ELIGIBLE,INDEX:BANKING,,,paper-strategy-8ade763620b6,opportunity-score-8ade763620b6,universe-a8e55c76a270,PAPER_OVERRIDE::FYERS_PAPER_PROXY_RESEARCH
202608241357_4_BANKNIFTY_CE,2026-08-24T08:27:00.392062+00:00,202608241357,BANKNIFTY,CE,4,55.5930196028709,55.5930196028709,80.0,2e840ccd58d1,"{""contract_quality_min"": 0.0, ""direction_min"": 0.0, ""excellent_score_min"": 55.5930196028709, ""execution_quality_min"": 100.0, ""expected_required_ratio_min"": 1.4166666666666667, ""final_confidence_min"": 83.88041649015436, ""iv_crush_max"": 28.5, ""market_hostility_max"": 20.7121941448267, ""min_5depth_lots_each_side"": 16.0, ""min_top_book_lots"": 3.0, ""premium_elasticity_min"": 0.7, ""regime_confidence_min"": 60.0, ""spread_pct_max"": 0.2125398512221122, ""trade_quality_min"": 42.38410596024857}",56.46000000000001,282.3,-2.2321019861348104,42.38410596024857,0,0.7,323.0,228.0,1.4166666666666667,28.5,20.7121941448267,60.0,INVALID,True,DataHealth invalid; Contract invalid: Quote stale or spread hard rejected.; SideDirection hard reject: -2.2 < 65.0; PremiumElasticity hard reject: 0.70 < 1.00; Expected/Required hard reject: 1.42 < 1.60; TradeQuality below configured minimum; ConvexityEdge below excellent gate: 71.4 < 80.0,DataHealth invalid; Contract invalid: Quote stale or spread hard rejected.; SideDirection hard reject: -2.2 < 65.0; PremiumElasticity hard reject: 0.70 < 1.00; Expected/Required hard reject: 1.42 < 1.60; TradeQuality below configured minimum; ConvexityEdge below excellent gate: 71.4 < 80.0,direction=OBSERVED;liquidity=OBSERVED,NSE,INDEX,NSE_INDEX,BANKNIFTY,PAPER_ELIGIBLE,INDEX:BANKING,,,paper-strategy-8ade763620b6,opportunity-score-8ade763620b6,universe-a8e55c76a270,PAPER_OVERRIDE::FYERS_PAPER_PROXY_RESEARCH
202608241357_5_NIFTY_CE,2026-08-24T08:27:00.392541+00:00,202608241357,NIFTY,CE,5,53.84447271590153,53.84447271590153,80.0,00929e22c867,"{""contract_quality_min"": 0.0, ""direction_min"": 0.0, ""excellent_score_min"": 53.84447271590153, ""execution_quality_min"": 100.0, ""expected_required_ratio_min"": 1.3333333333333333, ""final_confidence_min"": 79.6752562595807, ""iv_crush_max"": 28.5, ""market_hostility_max"": 18.970610857371916, ""min_5depth_lots_each_side"": 104.0, ""min_top_book_lots"": 40.0, ""premium_elasticity_min"": 0.7, ""regime_confidence_min"": 60.0, ""spread_pct_max"": 0.21905805038335158, ""trade_quality_min"": 28.35978835977386}",22.825000000000003,114.125,-2.2178683223430253,28.35978835977386,0,0.7,99.82,74.865,1.3333333333333333,28.5,18.970610857371916,60.0,INVALID,True,DataHealth invalid; Contract invalid: Quote stale or spread hard rejected.; SideDirection hard reject: -2.2 < 65.0; PremiumElasticity hard reject: 0.70 < 1.00; Expected/Required hard reject: 1.33 < 1.60; TradeQuality below configured minimum; ConvexityEdge below excellent gate: 71.4 < 80.0,DataHealth invalid; Contract invalid: Quote stale or spread hard rejected.; SideDirection hard reject: -2.2 < 65.0; PremiumElasticity hard reject: 0.70 < 1.00; Expected/Required hard reject: 1.33 < 1.60; TradeQuality below configured minimum; ConvexityEdge below excellent gate: 71.4 < 80.0,direction=OBSERVED;liquidity=OBSERVED,NSE,INDEX,NSE_INDEX,NIFTY,PAPER_ELIGIBLE,INDEX:BROAD_EQUITY,,,paper-strategy-8ade763620b6,opportunity-score-8ade763620b6,universe-a8e55c76a270,PAPER_OVERRIDE::FYERS_PAPER_PROXY_RESEARCH
202608241358_1_BANKNIFTY_PE,2026-08-24T08:28:03.466252+00:00,202608241358,BANKNIFTY,PE,1,50.14875356439122,50.14875356439122,80.0,2e840ccd58d1,"{""contract_quality_min"": 0.0, ""direction_min"": 0.7813760415801648, ""excellent_score_min"": 50.14875356439122, ""execution_quality_min"": 100.0, ""expected_required_ratio_min"": 1.4166666666666667, ""final_confidence_min"": 78.33720640623284, ""iv_crush_max"": 28.5, ""market_hostility_max"": 20.756693929862404, ""min_5depth_lots_each_side"": 20.0, ""min_top_book_lots"": 2.0, ""premium_elasticity_min"": 0.5, ""regime_confidence_min"": 60.0, ""spread_pct_max"": 0.16433853738701726, ""trade_quality_min"": 22.399999999986033}",30.425,152.125,0.7813760415801648,22.399999999986033,0,0.5,321.9375,227.25,1.4166666666666667,28.5,20.756693929862404,60.0,INVALID,True,DataHealth invalid; Contract invalid: Quote stale or spread hard rejected.; SideDirection hard reject: 0.8 < 65.0; PremiumElasticity hard reject: 0.50 < 1.00; Expected/Required hard reject: 1.42 < 1.60; TradeQuality below configured minimum; ConvexityEdge below excellent gate: 71.4 < 80.0,DataHealth invalid; Contract invalid: Quote stale or spread hard rejected.; SideDirection hard reject: 0.8 < 65.0; PremiumElasticity hard reject: 0.50 < 1.00; Expected/Required hard reject: 1.42 < 1.60; TradeQuality below configured minimum; ConvexityEdge below excellent gate: 71.4 < 80.0,direction=OBSERVED;liquidity=OBSERVED,NSE,INDEX,NSE_INDEX,BANKNIFTY,PAPER_ELIGIBLE,INDEX:BANKING,,,paper-strategy-8ade763620b6,opportunity-score-8ade763620b6,universe-a8e55c76a270,PAPER_OVERRIDE::FYERS_PAPER_PROXY_RESEARCH
202608241358_2_BANKNIFTY_PE,2026-08-24T08:28:03.467102+00:00,202608241358,BANKNIFTY,PE,2,50.14875356439122,50.14875356439122,80.0,2e840ccd58d1,"{""contract_quality_min"": 0.0, ""direction_min"": 0.7813760415801648, ""excellent_score_min"": 50.14875356439122, ""execution_quality_min"": 100.0, ""expected_required_ratio_min"": 1.4166666666666667, ""final_confidence_min"": 78.33720640623284, ""iv_crush_max"": 28.5, ""market_hostility_max"": 20.756693929862404, ""min_5depth_lots_each_side"": 28.0, ""min_top_book_lots"": 1.0, ""premium_elasticity_min"": 0.7, ""regime_confidence_min"": 60.0, ""spread_pct_max"": 0.225818592397435, ""trade_quality_min"": 22.399999999986033}",39.855000000000004,199.275,0.7813760415801648,22.399999999986033,0,0.7,321.9375,227.25,1.4166666666666667,28.5,20.756693929862404,60.0,INVALID,True,DataHealth invalid; Contract invalid: Quote stale or spread hard rejected.; SideDirection hard reject: 0.8 < 65.0; PremiumElasticity hard reject: 0.70 < 1.00; Expected/Required hard reject: 1.42 < 1.60; TradeQuality below configured minimum; ConvexityEdge below excellent gate: 71.4 < 80.0,DataHealth invalid; Contract invalid: Quote stale or spread hard rejected.; SideDirection hard reject: 0.8 < 65.0; PremiumElasticity hard reject: 0.70 < 1.00; Expected/Required hard reject: 1.42 < 1.60; TradeQuality below configured minimum; ConvexityEdge below excellent gate: 71.4 < 80.0,direction=OBSERVED;liquidity=OBSERVED,NSE,INDEX,NSE_INDEX,BANKNIFTY,PAPER_ELIGIBLE,INDEX:BANKING,,,paper-strategy-8ade763620b6,opportunity-score-8ade763620b6,universe-a8e55c76a270,PAPER_OVERRIDE::FYERS_PAPER_PROXY_RESEARCH
202608241358_3_BANKNIFTY_CE,2026-08-24T08:28:03.467652+00:00,202608241358,BANKNIFTY,CE,3,50.00810587690678,50.00810587690678,80.0,2e840ccd58d1,"{""contract_quality_min"": 0.0, ""direction_min"": 0.0, ""excellent_score_min"": 50.00810587690678, ""execution_quality_min"": 100.0, ""expected_required_ratio_min"": 1.4166666666666667, ""final_confidence_min"": 78.10279359375878, ""iv_crush_max"": 28.5, ""market_hostility_max"": 20.756693929862404, ""min_5depth_lots_each_side"": 9.0, ""min_top_book_lots"": 1.0, ""premium_elasticity_min"": 0.5, ""regime_confidence_min"": 60.0, ""spread_pct_max"": 0.24269167126310487, ""trade_quality_min"": 22.399999999986033}",45.325,226.625,-0.7813760415801648,22.399999999986033,0,0.5,321.9375,227.25,1.4166666666666667,28.5,20.756693929862404,60.0,INVALID,True,DataHealth invalid; Contract invalid: Quote stale or spread hard rejected.; SideDirection hard reject: -0.8 < 65.0; PremiumElasticity hard reject: 0.50 < 1.00; Expected/Required hard reject: 1.42 < 1.60; TradeQuality below configured minimum; ConvexityEdge below excellent gate: 71.4 < 80.0,DataHealth invalid; Contract invalid: Quote stale or spread hard rejected.; SideDirection hard reject: -0.8 < 65.0; PremiumElasticity hard reject: 0.50 < 1.00; Expected/Required hard reject: 1.42 < 1.60; TradeQuality below configured minimum; ConvexityEdge below excellent gate: 71.4 < 80.0,direction=OBSERVED;liquidity=OBSERVED,NSE,INDEX,NSE_INDEX,BANKNIFTY,PAPER_ELIGIBLE,INDEX:BANKING,,,paper-strategy-8ade763620b6,opportunity-score-8ade763620b6,universe-a8e55c76a270,PAPER_OVERRIDE::FYERS_PAPER_PROXY_RESEARCH
202608241358_4_BANKNIFTY_CE,2026-08-24T08:28:03.468091+00:00,202608241358,BANKNIFTY,CE,4,50.00810587690678,50.00810587690678,80.0,2e840ccd58d1,"{""contract_quality_min"": 0.0, ""direction_min"": 0.0, ""excellent_score_min"": 50.00810587690678, ""execution_quality_min"": 100.0, ""expected_required_ratio_min"": 1.4166666666666667, ""final_confidence_min"": 78.10279359375878, ""iv_crush_max"": 28.5, ""market_hostility_max"": 20.756693929862404, ""min_5depth_lots_each_side"": 25.0, ""min_top_book_lots"": 2.0, ""premium_elasticity_min"": 0.7, ""regime_confidence_min"": 60.0, ""spread_pct_max"": 0.2607561929595828, ""trade_quality_min"": 22.399999999986033}",57.525000000000006,287.625,-0.7813760415801648,22.399999999986033,0,0.7,321.9375,227.25,1.4166666666666667,28.5,20.756693929862404,60.0,INVALID,True,DataHealth invalid; Contract invalid: Quote stale or spread hard rejected.; SideDirection hard reject: -0.8 < 65.0; PremiumElasticity hard reject: 0.70 < 1.00; Expected/Required hard reject: 1.42 < 1.60; TradeQuality below configured minimum; ConvexityEdge below excellent gate: 71.4 < 80.0,DataHealth invalid; Contract invalid: Quote stale or spread hard rejected.; SideDirection hard reject: -0.8 < 65.0; PremiumElasticity hard reject: 0.70 < 1.00; Expected/Required hard reject: 1.42 < 1.60; TradeQuality below configured minimum; ConvexityEdge below excellent gate: 71.4 < 80.0,direction=OBSERVED;liquidity=OBSERVED,NSE,INDEX,NSE_INDEX,BANKNIFTY,PAPER_ELIGIBLE,INDEX:BANKING,,,paper-strategy-8ade763620b6,opportunity-score-8ade763620b6,universe-a8e55c76a270,PAPER_OVERRIDE::FYERS_PAPER_PROXY_RESEARCH
202608241358_5_BANKNIFTY_CE,2026-08-24T08:28:03.468625+00:00,202608241358,BANKNIFTY,CE,5,47.208105876906785,47.208105876906785,80.0,2e840ccd58d1,"{""contract_quality_min"": 0.0, ""direction_min"": 0.0, ""excellent_score_min"": 47.208105876906785, ""execution_quality_min"": 100.0, ""expected_required_ratio_min"": 1.4166666666666667, ""final_confidence_min"": 78.10279359375878, ""iv_crush_max"": 28.5, ""market_hostility_max"": 20.756693929862404, ""min_5depth_lots_each_side"": 31.0, ""min_top_book_lots"": 2.0, ""premium_elasticity_min"": 0.3, ""regime_confidence_min"": 60.0, ""spread_pct_max"": 0.2881014116969173, ""trade_quality_min"": 22.399999999986033}",34.71,173.55,-0.7813760415801648,22.399999999986033,0,0.3,321.9375,227.25,1.4166666666666667,28.5,20.756693929862404,60.0,INVALID,True,DataHealth invalid; Contract invalid: Quote stale or spread hard rejected.; SideDirection hard reject: -0.8 < 65.0; PremiumElasticity hard reject: 0.30 < 1.00; Expected/Required hard reject: 1.42 < 1.60; TradeQuality below configured minimum; ConvexityEdge below excellent gate: 57.4 < 80.0,DataHealth invalid; Contract invalid: Quote stale or spread hard rejected.; SideDirection hard reject: -0.8 < 65.0; PremiumElasticity hard reject: 0.30 < 1.00; Expected/Required hard reject: 1.42 < 1.60; TradeQuality below configured minimum; ConvexityEdge below excellent gate: 57.4 < 80.0,direction=OBSERVED;liquidity=OBSERVED,NSE,INDEX,NSE_INDEX,BANKNIFTY,PAPER_ELIGIBLE,INDEX:BANKING,,,paper-strategy-8ade763620b6,opportunity-score-8ade763620b6,universe-a8e55c76a270,PAPER_OVERRIDE::FYERS_PAPER_PROXY_RESEARCH
202608241359_1_BANKNIFTY_CE,2026-08-24T08:29:07.279076+00:00,202608241359,BANKNIFTY,CE,1,47.61287624550182,47.61287624550182,80.0,2e840ccd58d1,"{""contract_quality_min"": 0.0, ""direction_min"": 0.7185743624180662, ""excellent_score_min"": 47.61287624550182, ""execution_quality_min"": 100.0, ""expected_required_ratio_min"": 1.4166666666666665, ""final_confidence_min"": 75.62729834948485, ""iv_crush_max"": 28.5, ""market_hostility_max"": 20.776932958977948, ""min_5depth_lots_each_side"": 29.0, ""min_top_book_lots"": 1.0, ""premium_elasticity_min"": 0.5, ""regime_confidence_min"": 60.0, ""spread_pct_max"": 0.25912329950334456, ""trade_quality_min"": 13.398373983740454}",46.31,231.55,0.7185743624180662,13.398373983740454,0,0.5,322.97875,227.985,1.4166666666666665,28.5,20.776932958977948,60.0,INVALID,True,DataHealth invalid; Contract invalid: Quote stale or spread hard rejected.; SideDirection hard reject: 0.7 < 65.0; PremiumElasticity hard reject: 0.50 < 1.00; Expected/Required hard reject: 1.42 < 1.60; TradeQuality below configured minimum; ConvexityEdge below excellent gate: 71.4 < 80.0,DataHealth invalid; Contract invalid: Quote stale or spread hard rejected.; SideDirection hard reject: 0.7 < 65.0; PremiumElasticity hard reject: 0.50 < 1.00; Expected/Required hard reject: 1.42 < 1.60; TradeQuality below configured minimum; ConvexityEdge below excellent gate: 71.4 < 80.0,direction=OBSERVED;liquidity=OBSERVED,NSE,INDEX,NSE_INDEX,BANKNIFTY,PAPER_ELIGIBLE,INDEX:BANKING,,,paper-strategy-8ade763620b6,opportunity-score-8ade763620b6,universe-a8e55c76a270,PAPER_OVERRIDE::FYERS_PAPER_PROXY_RESEARCH
202608241359_2_BANKNIFTY_PE,2026-08-24T08:29:07.279688+00:00,202608241359,BANKNIFTY,PE,2,47.48353286026657,47.48353286026657,80.0,2e840ccd58d1,"{""contract_quality_min"": 0.0, ""direction_min"": 0.0, ""excellent_score_min"": 47.48353286026657, ""execution_quality_min"": 100.0, ""expected_required_ratio_min"": 1.4166666666666665, ""final_confidence_min"": 75.41172604075942, ""iv_crush_max"": 28.5, ""market_hostility_max"": 20.776932958977948, ""min_5depth_lots_each_side"": 10.0, ""min_top_book_lots"": 1.0, ""premium_elasticity_min"": 0.5, ""regime_confidence_min"": 60.0, ""spread_pct_max"": 0.23580933131210663, ""trade_quality_min"": 13.398373983740454}",29.685000000000002,148.425,-0.7185743624180662,13.398373983740454,0,0.5,322.97875,227.985,1.4166666666666665,28.5,20.776932958977948,60.0,INVALID,True,DataHealth invalid; Contract invalid: Quote stale or spread hard rejected.; SideDirection hard reject: -0.7 < 65.0; PremiumElasticity hard reject: 0.50 < 1.00; Expected/Required hard reject: 1.42 < 1.60; TradeQuality below configured minimum; ConvexityEdge below excellent gate: 71.4 < 80.0,DataHealth invalid; Contract invalid: Quote stale or spread hard rejected.; SideDirection hard reject: -0.7 < 65.0; PremiumElasticity hard reject: 0.50 < 1.00; Expected/Required hard reject: 1.42 < 1.60; TradeQuality below configured minimum; ConvexityEdge below excellent gate: 71.4 < 80.0,direction=OBSERVED;liquidity=OBSERVED,NSE,INDEX,NSE_INDEX,BANKNIFTY,PAPER_ELIGIBLE,INDEX:BANKING,,,paper-strategy-8ade763620b6,opportunity-score-8ade763620b6,universe-a8e55c76a270,PAPER_OVERRIDE::FYERS_PAPER_PROXY_RESEARCH
202608241359_3_BANKNIFTY_PE,2026-08-24T08:29:07.280212+00:00,202608241359,BANKNIFTY,PE,3,47.48353286026657,47.48353286026657,80.0,2e840ccd58d1,"{""contract_quality_min"": 0.0, ""direction_min"": 0.0, ""excellent_score_min"": 47.48353286026657, ""execution_quality_min"": 100.0, ""expected_required_ratio_min"": 1.4166666666666665, ""final_confidence_min"": 75.41172604075942, ""iv_crush_max"": 28.5, ""market_hostility_max"": 20.776932958977948, ""min_5depth_lots_each_side"": 11.0, ""min_top_book_lots"": 2.0, ""premium_elasticity_min"": 0.7, ""regime_confidence_min"": 60.0, ""spread_pct_max"": 0.3081664098613222, ""trade_quality_min"": 13.398373983740454}",38.94,194.7,-0.7185743624180662,13.398373983740454,0,0.7,322.97875,227.985,1.4166666666666665,28.5,20.776932958977948,60.0,INVALID,True,DataHealth invalid; Contract invalid: Quote stale or spread hard rejected.; SideDirection hard reject: -0.7 < 65.0; PremiumElasticity hard reject: 0.70 < 1.00; Expected/Required hard reject: 1.42 < 1.60; TradeQuality below configured minimum; ConvexityEdge below excellent gate: 71.4 < 80.0,DataHealth invalid; Contract invalid: Quote stale or spread hard rejected.; SideDirection hard reject: -0.7 < 65.0; PremiumElasticity hard reject: 0.70 < 1.00; Expected/Required hard reject: 1.42 < 1.60; TradeQuality below configured minimum; ConvexityEdge below excellent gate: 71.4 < 80.0,direction=OBSERVED;liquidity=OBSERVED,NSE,INDEX,NSE_INDEX,BANKNIFTY,PAPER_ELIGIBLE,INDEX:BANKING,,,paper-strategy-8ade763620b6,opportunity-score-8ade763620b6,universe-a8e55c76a270,PAPER_OVERRIDE::FYERS_PAPER_PROXY_RESEARCH
202608241359_4_BANKNIFTY_CE,2026-08-24T08:29:07.280658+00:00,202608241359,BANKNIFTY,CE,4,44.812876245501826,44.812876245501826,80.0,2e840ccd58d1,"{""contract_quality_min"": 0.0, ""direction_min"": 0.7185743624180662, ""excellent_score_min"": 44.812876245501826, ""execution_quality_min"": 100.0, ""expected_required_ratio_min"": 1.4166666666666665, ""final_confidence_min"": 75.62729834948485, ""iv_crush_max"": 28.5, ""market_hostility_max"": 20.776932958977948, ""min_5depth_lots_each_side"": 19.0, ""min_top_book_lots"": 1.0, ""premium_elasticity_min"": 0.3, ""regime_confidence_min"": 60.0, ""spread_pct_max"": 0.2817695125387433, ""trade_quality_min"": 13.398373983740454}",35.49,177.45,0.7185743624180662,13.398373983740454,0,0.3,322.97875,227.985,1.4166666666666665,28.5,20.776932958977948,60.0,INVALID,True,DataHealth invalid; Contract invalid: Quote stale or spread hard rejected.; SideDirection hard reject: 0.7 < 65.0; PremiumElasticity hard reject: 0.30 < 1.00; Expected/Required hard reject: 1.42 < 1.60; TradeQuality below configured minimum; ConvexityEdge below excellent gate: 57.4 < 80.0,DataHealth invalid; Contract invalid: Quote stale or spread hard rejected.; SideDirection hard reject: 0.7 < 65.0; PremiumElasticity hard reject: 0.30 < 1.00; Expected/Required hard reject: 1.42 < 1.60; TradeQuality below configured minimum; ConvexityEdge below excellent gate: 57.4 < 80.0,direction=OBSERVED;liquidity=OBSERVED,NSE,INDEX,NSE_INDEX,BANKNIFTY,PAPER_ELIGIBLE,INDEX:BANKING,,,paper-strategy-8ade763620b6,opportunity-score-8ade763620b6,universe-a8e55c76a270,PAPER_OVERRIDE::FYERS_PAPER_PROXY_RESEARCH
202608241400_1_BANKNIFTY_CE,2026-08-24T08:30:10.736286+00:00,202608241400,BANKNIFTY,CE,1,44.43809669116894,44.43809669116894,80.0,2e840ccd58d1,"{""contract_quality_min"": 0.0, ""direction_min"": 0.11162398066852794, ""excellent_score_min"": 44.43809669116894, ""execution_quality_min"": 100.0, ""expected_required_ratio_min"": 1.4166666666666667, ""final_confidence_min"": 72.2073910791171, ""iv_crush_max"": 28.5, ""market_hostility_max"": 20.647702328761643, ""min_5depth_lots_each_side"": 16.0, ""min_top_book_lots"": 5.0, ""premium_elasticity_min"": 0.5, ""regime_confidence_min"": 60.0, ""spread_pct_max"": 0.24274522784949043, ""trade_quality_min"": 2.3021582733894292}",45.315,226.575,0.11162398066852794,2.3021582733894292,0,0.5,322.405,227.57999999999996,1.4166666666666667,28.5,20.647702328761643,60.0,INVALID,True,DataHealth invalid; Contract invalid: Quote stale or spread hard rejected.; SideDirection hard reject: 0.1 < 65.0; PremiumElasticity hard reject: 0.50 < 1.00; Expected/Required hard reject: 1.42 < 1.60; TradeQuality below configured minimum; ConvexityEdge below excellent gate: 71.4 < 80.0,DataHealth invalid; Contract invalid: Quote stale or spread hard rejected.; SideDirection hard reject: 0.1 < 65.0; PremiumElasticity hard reject: 0.50 < 1.00; Expected/Required hard reject: 1.42 < 1.60; TradeQuality below configured minimum; ConvexityEdge below excellent gate: 71.4 < 80.0,direction=OBSERVED;liquidity=OBSERVED,NSE,INDEX,NSE_INDEX,BANKNIFTY,PAPER_ELIGIBLE,INDEX:BANKING,,,paper-strategy-8ade763620b6,opportunity-score-8ade763620b6,universe-a8e55c76a270,PAPER_OVERRIDE::FYERS_PAPER_PROXY_RESEARCH
202608241400_2_BANKNIFTY_PE,2026-08-24T08:30:10.736887+00:00,202608241400,BANKNIFTY,PE,2,44.4180043746486,44.4180043746486,80.0,2e840ccd58d1,"{""contract_quality_min"": 0.0, ""direction_min"": 0.0, ""excellent_score_min"": 44.4180043746486, ""execution_quality_min"": 100.0, ""expected_required_ratio_min"": 1.4166666666666667, ""final_confidence_min"": 72.17390388491656, ""iv_crush_max"": 28.5, ""market_hostility_max"": 20.647702328761643, ""min_5depth_lots_each_side"": 25.0, ""min_top_book_lots"": 1.0, ""premium_elasticity_min"": 0.5, ""regime_confidence_min"": 60.0, ""spread_pct_max"": 0.1636929120969062, ""trade_quality_min"": 2.3021582733894292}",30.545,152.725,-0.11162398066852794,2.3021582733894292,0,0.5,322.405,227.57999999999996,1.4166666666666667,28.5,20.647702328761643,60.0,INVALID,True,DataHealth invalid; Contract invalid: Quote stale or spread hard rejected.; SideDirection hard reject: -0.1 < 65.0; PremiumElasticity hard reject: 0.50 < 1.00; Expected/Required hard reject: 1.42 < 1.60; TradeQuality below configured minimum; ConvexityEdge below excellent gate: 71.4 < 80.0,DataHealth invalid; Contract invalid: Quote stale or spread hard rejected.; SideDirection hard reject: -0.1 < 65.0; PremiumElasticity hard reject: 0.50 < 1.00; Expected/Required hard reject: 1.42 < 1.60; TradeQuality below configured minimum; ConvexityEdge below excellent gate: 71.4 < 80.0,direction=OBSERVED;liquidity=OBSERVED,NSE,INDEX,NSE_INDEX,BANKNIFTY,PAPER_ELIGIBLE,INDEX:BANKING,,,paper-strategy-8ade763620b6,opportunity-score-8ade763620b6,universe-a8e55c76a270,PAPER_OVERRIDE::FYERS_PAPER_PROXY_RESEARCH
202608241400_3_BANKNIFTY_PE,2026-08-24T08:30:10.737325+00:00,202608241400,BANKNIFTY,PE,3,44.4180043746486,44.4180043746486,80.0,2e840ccd58d1,"{""contract_quality_min"": 0.0, ""direction_min"": 0.0, ""excellent_score_min"": 44.4180043746486, ""execution_quality_min"": 100.0, ""expected_required_ratio_min"": 1.4166666666666667, ""final_confidence_min"": 72.17390388491656, ""iv_crush_max"": 28.5, ""market_hostility_max"": 20.647702328761643, ""min_5depth_lots_each_side"": 26.0, ""min_top_book_lots"": 1.0, ""premium_elasticity_min"": 0.7, ""regime_confidence_min"": 60.0, ""spread_pct_max"": 0.224859462835722, ""trade_quality_min"": 2.3021582733894292}",40.025000000000006,200.125,-0.11162398066852794,2.3021582733894292,0,0.7,322.405,227.57999999999996,1.4166666666666667,28.5,20.647702328761643,60.0,INVALID,True,DataHealth invalid; Contract invalid: Quote stale or spread hard rejected.; SideDirection hard reject: -0.1 < 65.0; PremiumElasticity hard reject: 0.70 < 1.00; Expected/Required hard reject: 1.42 < 1.60; TradeQuality below configured minimum; ConvexityEdge below excellent gate: 71.4 < 80.0,DataHealth invalid; Contract invalid: Quote stale or spread hard rejected.; SideDirection hard reject: -0.1 < 65.0; PremiumElasticity hard reject: 0.70 < 1.00; Expected/Required hard reject: 1.42 < 1.60; TradeQuality below configured minimum; ConvexityEdge below excellent gate: 71.4 < 80.0,direction=OBSERVED;liquidity=OBSERVED,NSE,INDEX,NSE_INDEX,BANKNIFTY,PAPER_ELIGIBLE,INDEX:BANKING,,,paper-strategy-8ade763620b6,opportunity-score-8ade763620b6,universe-a8e55c76a270,PAPER_OVERRIDE::FYERS_PAPER_PROXY_RESEARCH
202608241400_4_BANKNIFTY_CE,2026-08-24T08:30:10.737920+00:00,202608241400,BANKNIFTY,CE,4,41.63809669116893,41.63809669116893,80.0,2e840ccd58d1,"{""contract_quality_min"": 0.0, ""direction_min"": 0.11162398066852794, ""excellent_score_min"": 41.63809669116893, ""execution_quality_min"": 100.0, ""expected_required_ratio_min"": 1.4166666666666667, ""final_confidence_min"": 72.2073910791171, ""iv_crush_max"": 28.5, ""market_hostility_max"": 20.647702328761643, ""min_5depth_lots_each_side"": 27.0, ""min_top_book_lots"": 1.0, ""premium_elasticity_min"": 0.3, ""regime_confidence_min"": 60.0, ""spread_pct_max"": 0.1730602826651349, ""trade_quality_min"": 2.3021582733894292}",34.67,173.35,0.11162398066852794,2.3021582733894292,0,0.3,322.405,227.57999999999996,1.4166666666666667,28.5,20.647702328761643,60.0,INVALID,True,DataHealth invalid; Contract invalid: Quote stale or spread hard rejected.; SideDirection hard reject: 0.1 < 65.0; PremiumElasticity hard reject: 0.30 < 1.00; Expected/Required hard reject: 1.42 < 1.60; TradeQuality below configured minimum; ConvexityEdge below excellent gate: 57.4 < 80.0,DataHealth invalid; Contract invalid: Quote stale or spread hard rejected.; SideDirection hard reject: 0.1 < 65.0; PremiumElasticity hard reject: 0.30 < 1.00; Expected/Required hard reject: 1.42 < 1.60; TradeQuality below configured minimum; ConvexityEdge below excellent gate: 57.4 < 80.0,direction=OBSERVED;liquidity=OBSERVED,NSE,INDEX,NSE_INDEX,BANKNIFTY,PAPER_ELIGIBLE,INDEX:BANKING,,,paper-strategy-8ade763620b6,opportunity-score-8ade763620b6,universe-a8e55c76a270,PAPER_OVERRIDE::FYERS_PAPER_PROXY_RESEARCH
202608241400_5_BANKNIFTY_PE,2026-08-24T08:30:10.738373+00:00,202608241400,BANKNIFTY,PE,5,41.618004374648606,41.618004374648606,80.0,2e840ccd58d1,"{""contract_quality_min"": 0.0, ""direction_min"": 0.0, ""excellent_score_min"": 41.618004374648606, ""execution_quality_min"": 100.0, ""expected_required_ratio_min"": 1.4166666666666667, ""final_confidence_min"": 72.17390388491656, ""iv_crush_max"": 28.5, ""market_hostility_max"": 20.647702328761643, ""min_5depth_lots_each_side"": 37.0, ""min_top_book_lots"": 1.0, ""premium_elasticity_min"": 0.3, ""regime_confidence_min"": 60.0, ""spread_pct_max"": 0.26189436927105814, ""trade_quality_min"": 2.3021582733894292}",22.910000000000004,114.55000000000001,-0.11162398066852794,2.3021582733894292,0,0.3,322.405,227.57999999999996,1.4166666666666667,28.5,20.647702328761643,60.0,INVALID,True,DataHealth invalid; Contract invalid: Quote stale or spread hard rejected.; SideDirection hard reject: -0.1 < 65.0; PremiumElasticity hard reject: 0.30 < 1.00; Expected/Required hard reject: 1.42 < 1.60; TradeQuality below configured minimum; ConvexityEdge below excellent gate: 57.4 < 80.0,DataHealth invalid; Contract invalid: Quote stale or spread hard rejected.; SideDirection hard reject: -0.1 < 65.0; PremiumElasticity hard reject: 0.30 < 1.00; Expected/Required hard reject: 1.42 < 1.60; TradeQuality below configured minimum; ConvexityEdge below excellent gate: 57.4 < 80.0,direction=OBSERVED;liquidity=OBSERVED,NSE,INDEX,NSE_INDEX,BANKNIFTY,PAPER_ELIGIBLE,INDEX:BANKING,,,paper-strategy-8ade763620b6,opportunity-score-8ade763620b6,universe-a8e55c76a270,PAPER_OVERRIDE::FYERS_PAPER_PROXY_RESEARCH
202608241401_1_BANKNIFTY_PE,2026-08-24T08:31:23.037566+00:00,202608241401,BANKNIFTY,PE,1,44.577963302447,44.577963302447,80.0,2e840ccd58d1,"{""contract_quality_min"": 0.0, ""direction_min"": 0.2023271106124917, ""excellent_score_min"": 44.577963302447, ""execution_quality_min"": 100.0, ""expected_required_ratio_min"": 1.4166666666666667, ""final_confidence_min"": 72.37603557935259, ""iv_crush_max"": 28.5, ""market_hostility_max"": 20.726912330856226, ""min_5depth_lots_each_side"": 28.0, ""min_top_book_lots"": 2.0, ""premium_elasticity_min"": 0.5, ""regime_confidence_min"": 60.0, ""spread_pct_max"": 0.19847833278201213, ""trade_quality_min"": 2.8189550425357264}",30.230000000000004,151.15,0.2023271106124917,2.8189550425357264,0,0.5,321.81,227.16,1.4166666666666667,28.5,20.726912330856226,60.0,INVALID,True,DataHealth invalid; Contract invalid: Quote stale or spread hard rejected.; SideDirection hard reject: 0.2 < 65.0; PremiumElasticity hard reject: 0.50 < 1.00; Expected/Required hard reject: 1.42 < 1.60; TradeQuality below configured minimum; ConvexityEdge below excellent gate: 71.4 < 80.0,DataHealth invalid; Contract invalid: Quote stale or spread hard rejected.; SideDirection hard reject: 0.2 < 65.0; PremiumElasticity hard reject: 0.50 < 1.00; Expected/Required hard reject: 1.42 < 1.60; TradeQuality below configured minimum; ConvexityEdge below excellent gate: 71.4 < 80.0,direction=OBSERVED;liquidity=OBSERVED,NSE,INDEX,NSE_INDEX,BANKNIFTY,PAPER_ELIGIBLE,INDEX:BANKING,,,paper-strategy-8ade763620b6,opportunity-score-8ade763620b6,universe-a8e55c76a270,PAPER_OVERRIDE::FYERS_PAPER_PROXY_RESEARCH
202608241401_2_BANKNIFTY_PE,2026-08-24T08:31:23.038222+00:00,202608241401,BANKNIFTY,PE,2,44.577963302447,44.577963302447,80.0,2e840ccd58d1,"{""contract_quality_min"": 0.0, ""direction_min"": 0.2023271106124917, ""excellent_score_min"": 44.577963302447, ""execution_quality_min"": 100.0, ""expected_required_ratio_min"": 1.4166666666666667, ""final_confidence_min"": 72.37603557935259, ""iv_crush_max"": 28.5, ""market_hostility_max"": 20.726912330856226, ""min_5depth_lots_each_side"": 19.0, ""min_top_book_lots"": 1.0, ""premium_elasticity_min"": 0.7, ""regime_confidence_min"": 60.0, ""spread_pct_max"": 0.27711298652223776, ""trade_quality_min"": 2.8189550425357264}",39.695,198.475,0.2023271106124917,2.8189550425357264,0,0.7,321.81,227.16,1.4166666666666667,28.5,20.726912330856226,60.0,INVALID,True,DataHealth invalid; Contract invalid: Quote stale or spread hard rejected.; SideDirection hard reject: 0.2 < 65.0; PremiumElasticity hard reject: 0.70 < 1.00; Expected/Required hard reject: 1.42 < 1.60; TradeQuality below configured minimum; ConvexityEdge below excellent gate: 71.4 < 80.0,DataHealth invalid; Contract invalid: Quote stale or spread hard rejected.; SideDirection hard reject: 0.2 < 65.0; PremiumElasticity hard reject: 0.70 < 1.00; Expected/Required hard reject: 1.42 < 1.60; TradeQuality below configured minimum; ConvexityEdge below excellent gate: 71.4 < 80.0,direction=OBSERVED;liquidity=OBSERVED,NSE,INDEX,NSE_INDEX,BANKNIFTY,PAPER_ELIGIBLE,INDEX:BANKING,,,paper-strategy-8ade763620b6,opportunity-score-8ade763620b6,universe-a8e55c76a270,PAPER_OVERRIDE::FYERS_PAPER_PROXY_RESEARCH
202608241401_3_BANKNIFTY_CE,2026-08-24T08:31:23.042909+00:00,202608241401,BANKNIFTY,CE,3,44.54154442253676,44.54154442253676,80.0,2e840ccd58d1,"{""contract_quality_min"": 0.0, ""direction_min"": 0.0, ""excellent_score_min"": 44.54154442253676, ""execution_quality_min"": 100.0, ""expected_required_ratio_min"": 1.4166666666666667, ""final_confidence_min"": 72.31533744616885, ""iv_crush_max"": 28.5, ""market_hostility_max"": 20.726912330856226, ""min_5depth_lots_each_side"": 38.0, ""min_top_book_lots"": 1.0, ""premium_elasticity_min"": 0.5, ""regime_confidence_min"": 60.0, ""spread_pct_max"": 0.3077599472411594, ""trade_quality_min"": 2.8189550425357264}",45.49,227.45,-0.2023271106124917,2.8189550425357264,0,0.5,321.81,227.16,1.4166666666666667,28.5,20.726912330856226,60.0,INVALID,True,DataHealth invalid; Contract invalid: Quote stale or spread hard rejected.; SideDirection hard reject: -0.2 < 65.0; PremiumElasticity hard reject: 0.50 < 1.00; Expected/Required hard reject: 1.42 < 1.60; TradeQuality below configured minimum; ConvexityEdge below excellent gate: 71.4 < 80.0,DataHealth invalid; Contract invalid: Quote stale or spread hard rejected.; SideDirection hard reject: -0.2 < 65.0; PremiumElasticity hard reject: 0.50 < 1.00; Expected/Required hard reject: 1.42 < 1.60; TradeQuality below configured minimum; ConvexityEdge below excellent gate: 71.4 < 80.0,direction=OBSERVED;liquidity=OBSERVED,NSE,INDEX,NSE_INDEX,BANKNIFTY,PAPER_ELIGIBLE,INDEX:BANKING,,,paper-strategy-8ade763620b6,opportunity-score-8ade763620b6,universe-a8e55c76a270,PAPER_OVERRIDE::FYERS_PAPER_PROXY_RESEARCH
202608241401_4_BANKNIFTY_PE,2026-08-24T08:31:23.044541+00:00,202608241401,BANKNIFTY,PE,4,41.777963302447006,41.777963302447006,80.0,2e840ccd58d1,"{""contract_quality_min"": 0.0, ""direction_min"": 0.2023271106124917, ""excellent_score_min"": 41.777963302447006, ""execution_quality_min"": 100.0, ""expected_required_ratio_min"": 1.4166666666666667, ""final_confidence_min"": 72.37603557935259, ""iv_crush_max"": 28.5, ""market_hostility_max"": 20.726912330856226, ""min_5depth_lots_each_side"": 30.0, ""min_top_book_lots"": 2.0, ""premium_elasticity_min"": 0.3, ""regime_confidence_min"": 60.0, ""spread_pct_max"": 0.35335689045936897, ""trade_quality_min"": 2.8189550425357264}",22.64,113.2,0.2023271106124917,2.8189550425357264,0,0.3,321.81,227.16,1.4166666666666667,28.5,20.726912330856226,60.0,INVALID,True,DataHealth invalid; Contract invalid: Quote stale or spread hard rejected.; SideDirection hard reject: 0.2 < 65.0; PremiumElasticity hard reject: 0.30 < 1.00; Expected/Required hard reject: 1.42 < 1.60; TradeQuality below configured minimum; ConvexityEdge below excellent gate: 57.4 < 80.0,DataHealth invalid; Contract invalid: Quote stale or spread hard rejected.; SideDirection hard reject: 0.2 < 65.0; PremiumElasticity hard reject: 0.30 < 1.00; Expected/Required hard reject: 1.42 < 1.60; TradeQuality below configured minimum; ConvexityEdge below excellent gate: 57.4 < 80.0,direction=OBSERVED;liquidity=OBSERVED,NSE,INDEX,NSE_INDEX,BANKNIFTY,PAPER_ELIGIBLE,INDEX:BANKING,,,paper-strategy-8ade763620b6,opportunity-score-8ade763620b6,universe-a8e55c76a270,PAPER_OVERRIDE::FYERS_PAPER_PROXY_RESEARCH
202608241401_5_BANKNIFTY_CE,2026-08-24T08:31:23.045115+00:00,202608241401,BANKNIFTY,CE,5,41.74154442253676,41.74154442253676,80.0,2e840ccd58d1,"{""contract_quality_min"": 0.0, ""direction_min"": 0.0, ""excellent_score_min"": 41.74154442253676, ""execution_quality_min"": 100.0, ""expected_required_ratio_min"": 1.4166666666666667, ""final_confidence_min"": 72.31533744616885, ""iv_crush_max"": 28.5, ""market_hostility_max"": 20.726912330856226, ""min_5depth_lots_each_side"": 19.0, ""min_top_book_lots"": 1.0, ""premium_elasticity_min"": 0.3, ""regime_confidence_min"": 60.0, ""spread_pct_max"": 0.2302158273381164, ""trade_quality_min"": 2.8189550425357264}",34.75,173.75,-0.2023271106124917,2.8189550425357264,0,0.3,321.81,227.16,1.4166666666666667,28.5,20.726912330856226,60.0,INVALID,True,DataHealth invalid; Contract invalid: Quote stale or spread hard rejected.; SideDirection hard reject: -0.2 < 65.0; PremiumElasticity hard reject: 0.30 < 1.00; Expected/Required hard reject: 1.42 < 1.60; TradeQuality below configured minimum; ConvexityEdge below excellent gate: 57.4 < 80.0,DataHealth invalid; Contract invalid: Quote stale or spread hard rejected.; SideDirection hard reject: -0.2 < 65.0; PremiumElasticity hard reject: 0.30 < 1.00; Expected/Required hard reject: 1.42 < 1.60; TradeQuality below configured minimum; ConvexityEdge below excellent gate: 57.4 < 80.0,direction=OBSERVED;liquidity=OBSERVED,NSE,INDEX,NSE_INDEX,BANKNIFTY,PAPER_ELIGIBLE,INDEX:BANKING,,,paper-strategy-8ade763620b6,opportunity-score-8ade763620b6,universe-a8e55c76a270,PAPER_OVERRIDE::FYERS_PAPER_PROXY_RESEARCH
202608241405_1_MIDCPNIFTY_CE,2026-08-24T08:35:20.909935+00:00,202608241405,MIDCPNIFTY,CE,1,52.24703328991251,52.24703328991251,90.0,712afad509f5,"{""contract_quality_min"": 0.0, ""direction_min"": 3.9026622212203894, ""excellent_score_min"": 52.24703328991251, ""execution_quality_min"": 100.0, ""expected_required_ratio_min"": 1.0833333333333335, ""final_confidence_min"": 81.1243603721441, ""iv_crush_max"": 28.5, ""market_hostility_max"": 20.281078451809964, ""min_5depth_lots_each_side"": 15.0, ""min_top_book_lots"": 1.0, ""premium_elasticity_min"": 0.5, ""regime_confidence_min"": 60.0, ""spread_pct_max"": 0.5703422053231885, ""trade_quality_min"": 30.12987012987013}",10.520000000000001,52.6,3.9026622212203894,30.12987012987013,0,0.5,60.23875000000001,55.605000000000004,1.0833333333333335,28.5,20.281078451809964,60.0,INVALID,True,DataHealth invalid; Contract invalid: Quote stale or spread hard rejected.; SideDirection hard reject: 3.9 < 65.0; PremiumElasticity hard reject: 0.50 < 1.00; Expected/Required hard reject: 1.08 < 1.60; TradeQuality below configured minimum; ConvexityEdge below excellent gate: 70.4 < 80.0,DataHealth invalid; Contract invalid: Quote stale or spread hard rejected.; SideDirection hard reject: 3.9 < 65.0; PremiumElasticity hard reject: 0.50 < 1.00; Expected/Required hard reject: 1.08 < 1.60; TradeQuality below configured minimum; ConvexityEdge below excellent gate: 70.4 < 80.0,direction=OBSERVED;liquidity=OBSERVED,NSE,INDEX,NSE_INDEX,MIDCPNIFTY,PAPER_ELIGIBLE,INDEX:MIDCAP,,,paper-strategy-8ade763620b6,opportunity-score-8ade763620b6,universe-a8e55c76a270,PAPER_OVERRIDE::FYERS_PAPER_PROXY_RESEARCH
202608241405_2_MIDCPNIFTY_CE,2026-08-24T08:35:20.911347+00:00,202608241405,MIDCPNIFTY,CE,2,52.24703328991251,52.24703328991251,90.0,712afad509f5,"{""contract_quality_min"": 0.0, ""direction_min"": 3.9026622212203894, ""excellent_score_min"": 52.24703328991251, ""execution_quality_min"": 100.0, ""expected_required_ratio_min"": 1.0833333333333335, ""final_confidence_min"": 81.1243603721441, ""iv_crush_max"": 28.5, ""market_hostility_max"": 20.281078451809964, ""min_5depth_lots_each_side"": 6.0, ""min_top_book_lots"": 1.0, ""premium_elasticity_min"": 0.7, ""regime_confidence_min"": 60.0, ""spread_pct_max"": 0.592592592592601, ""trade_quality_min"": 30.12987012987013}",13.5,67.5,3.9026622212203894,30.12987012987013,0,0.7,60.23875000000001,55.605000000000004,1.0833333333333335,28.5,20.281078451809964,60.0,INVALID,True,DataHealth invalid; Contract invalid: Quote stale or spread hard rejected.; SideDirection hard reject: 3.9 < 65.0; PremiumElasticity hard reject: 0.70 < 1.00; Expected/Required hard reject: 1.08 < 1.60; TradeQuality below configured minimum; ConvexityEdge below excellent gate: 70.4 < 80.0,DataHealth invalid; Contract invalid: Quote stale or spread hard rejected.; SideDirection hard reject: 3.9 < 65.0; PremiumElasticity hard reject: 0.70 < 1.00; Expected/Required hard reject: 1.08 < 1.60; TradeQuality below configured minimum; ConvexityEdge below excellent gate: 70.4 < 80.0,direction=OBSERVED;liquidity=OBSERVED,NSE,INDEX,NSE_INDEX,MIDCPNIFTY,PAPER_ELIGIBLE,INDEX:MIDCAP,,,paper-strategy-8ade763620b6,opportunity-score-8ade763620b6,universe-a8e55c76a270,PAPER_OVERRIDE::FYERS_PAPER_PROXY_RESEARCH
202608241405_3_BANKNIFTY_CE,2026-08-24T08:35:20.911860+00:00,202608241405,BANKNIFTY,CE,3,51.120275592400866,51.120275592400866,80.0,2e840ccd58d1,"{""contract_quality_min"": 0.0, ""direction_min"": 2.9166852012244435, ""excellent_score_min"": 51.120275592400866, ""execution_quality_min"": 100.0, ""expected_required_ratio_min"": 1.4166666666666667, ""final_confidence_min"": 79.43526062771929, ""iv_crush_max"": 28.5, ""market_hostility_max"": 21.18353916067098, ""min_5depth_lots_each_side"": 9.0, ""min_top_book_lots"": 1.0, ""premium_elasticity_min"": 0.5, ""regime_confidence_min"": 60.0, ""spread_pct_max"": 0.21253985122210414, ""trade_quality_min"": 24.992526158452076}",47.050000000000004,235.25,2.9166852012244435,24.992526158452076,0,0.5,322.91499999999996,227.93999999999997,1.4166666666666667,28.5,21.18353916067098,60.0,INVALID,True,DataHealth invalid; Contract invalid: Quote stale or spread hard rejected.; SideDirection hard reject: 2.9 < 65.0; PremiumElasticity hard reject: 0.50 < 1.00; Expected/Required hard reject: 1.42 < 1.60; TradeQuality below configured minimum; ConvexityEdge below excellent gate: 71.4 < 80.0,DataHealth invalid; Contract invalid: Quote stale or spread hard rejected.; SideDirection hard reject: 2.9 < 65.0; PremiumElasticity hard reject: 0.50 < 1.00; Expected/Required hard reject: 1.42 < 1.60; TradeQuality below configured minimum; ConvexityEdge below excellent gate: 71.4 < 80.0,direction=OBSERVED;liquidity=OBSERVED,NSE,INDEX,NSE_INDEX,BANKNIFTY,PAPER_ELIGIBLE,INDEX:BANKING,,,paper-strategy-8ade763620b6,opportunity-score-8ade763620b6,universe-a8e55c76a270,PAPER_OVERRIDE::FYERS_PAPER_PROXY_RESEARCH
202608241405_4_BANKNIFTY_PE,2026-08-24T08:35:20.912372+00:00,202608241405,BANKNIFTY,PE,4,50.595272256180465,50.595272256180465,80.0,2e840ccd58d1,"{""contract_quality_min"": 0.0, ""direction_min"": 0.0, ""excellent_score_min"": 50.595272256180465, ""execution_quality_min"": 100.0, ""expected_required_ratio_min"": 1.4166666666666667, ""final_confidence_min"": 78.56025506735196, ""iv_crush_max"": 28.5, ""market_hostility_max"": 21.18353916067098, ""min_5depth_lots_each_side"": 22.0, ""min_top_book_lots"": 1.0, ""premium_elasticity_min"": 0.5, ""regime_confidence_min"": 60.0, ""spread_pct_max"": 0.27652955409609803, ""trade_quality_min"": 24.992526158452076}",28.929999999999996,144.64999999999998,-2.9166852012244435,24.992526158452076,0,0.5,322.91499999999996,227.93999999999997,1.4166666666666667,28.5,21.18353916067098,60.0,INVALID,True,DataHealth invalid; Contract invalid: Quote stale or spread hard rejected.; SideDirection hard reject: -2.9 < 65.0; PremiumElasticity hard reject: 0.50 < 1.00; Expected/Required hard reject: 1.42 < 1.60; TradeQuality below configured minimum; ConvexityEdge below excellent gate: 71.4 < 80.0,DataHealth invalid; Contract invalid: Quote stale or spread hard rejected.; SideDirection hard reject: -2.9 < 65.0; PremiumElasticity hard reject: 0.50 < 1.00; Expected/Required hard reject: 1.42 < 1.60; TradeQuality below configured minimum; ConvexityEdge below excellent gate: 71.4 < 80.0,direction=OBSERVED;liquidity=OBSERVED,NSE,INDEX,NSE_INDEX,BANKNIFTY,PAPER_ELIGIBLE,INDEX:BANKING,,,paper-strategy-8ade763620b6,opportunity-score-8ade763620b6,universe-a8e55c76a270,PAPER_OVERRIDE::FYERS_PAPER_PROXY_RESEARCH
202608241405_5_BANKNIFTY_PE,2026-08-24T08:35:20.912810+00:00,202608241405,BANKNIFTY,PE,5,50.595272256180465,50.595272256180465,80.0,2e840ccd58d1,"{""contract_quality_min"": 0.0, ""direction_min"": 0.0, ""excellent_score_min"": 50.595272256180465, ""execution_quality_min"": 100.0, ""expected_required_ratio_min"": 1.4166666666666667, ""final_confidence_min"": 78.56025506735196, ""iv_crush_max"": 28.5, ""market_hostility_max"": 21.18353916067098, ""min_5depth_lots_each_side"": 14.0, ""min_top_book_lots"": 1.0, ""premium_elasticity_min"": 0.7, ""regime_confidence_min"": 60.0, ""spread_pct_max"": 0.28882762242351734, ""trade_quality_min"": 24.992526158452076}",38.085,190.425,-2.9166852012244435,24.992526158452076,0,0.7,322.91499999999996,227.93999999999997,1.4166666666666667,28.5,21.18353916067098,60.0,INVALID,True,DataHealth invalid; Contract invalid: Quote stale or spread hard rejected.; SideDirection hard reject: -2.9 < 65.0; PremiumElasticity hard reject: 0.70 < 1.00; Expected/Required hard reject: 1.42 < 1.60; TradeQuality below configured minimum; ConvexityEdge below excellent gate: 71.4 < 80.0,DataHealth invalid; Contract invalid: Quote stale or spread hard rejected.; SideDirection hard reject: -2.9 < 65.0; PremiumElasticity hard reject: 0.70 < 1.00; Expected/Required hard reject: 1.42 < 1.60; TradeQuality below configured minimum; ConvexityEdge below excellent gate: 71.4 < 80.0,direction=OBSERVED;liquidity=OBSERVED,NSE,INDEX,NSE_INDEX,BANKNIFTY,PAPER_ELIGIBLE,INDEX:BANKING,,,paper-strategy-8ade763620b6,opportunity-score-8ade763620b6,universe-a8e55c76a270,PAPER_OVERRIDE::FYERS_PAPER_PROXY_RESEARCH
202608241406_1_MIDCPNIFTY_CE,2026-08-24T08:36:39.928385+00:00,202608241406,MIDCPNIFTY,CE,1,50.47100763715082,50.47100763715082,90.0,712afad509f5,"{""contract_quality_min"": 0.0, ""direction_min"": 2.8253243236879904, ""excellent_score_min"": 50.47100763715082, ""execution_quality_min"": 100.0, ""expected_required_ratio_min"": 1.0833333333333335, ""final_confidence_min"": 79.27073742406434, ""iv_crush_max"": 28.5, ""market_hostility_max"": 20.35725493360574, ""min_5depth_lots_each_side"": 11.0, ""min_top_book_lots"": 2.0, ""premium_elasticity_min"": 0.7, ""regime_confidence_min"": 60.0, ""spread_pct_max"": 0.7457121551081283, ""trade_quality_min"": 24.489795918370465}",13.41,67.05,2.8253243236879904,24.489795918370465,0,0.7,60.059999999999995,55.43999999999999,1.0833333333333335,28.5,20.35725493360574,60.0,INVALID,True,DataHealth invalid; Contract invalid: Quote stale or spread hard rejected.; SideDirection hard reject: 2.8 < 65.0; PremiumElasticity hard reject: 0.70 < 1.00; Expected/Required hard reject: 1.08 < 1.60; TradeQuality below configured minimum; ConvexityEdge below excellent gate: 70.4 < 80.0,DataHealth invalid; Contract invalid: Quote stale or spread hard rejected.; SideDirection hard reject: 2.8 < 65.0; PremiumElasticity hard reject: 0.70 < 1.00; Expected/Required hard reject: 1.08 < 1.60; TradeQuality below configured minimum; ConvexityEdge below excellent gate: 70.4 < 80.0,direction=OBSERVED;liquidity=OBSERVED,NSE,INDEX,NSE_INDEX,MIDCPNIFTY,PAPER_ELIGIBLE,INDEX:MIDCAP,,,paper-strategy-8ade763620b6,opportunity-score-8ade763620b6,universe-a8e55c76a270,PAPER_OVERRIDE::FYERS_PAPER_PROXY_RESEARCH
202608241406_2_MIDCPNIFTY_PE,2026-08-24T08:36:39.929311+00:00,202608241406,MIDCPNIFTY,PE,2,49.54631937271383,49.54631937271383,90.0,712afad509f5,"{""contract_quality_min"": 0.0, ""direction_min"": 0.0, ""excellent_score_min"": 49.54631937271383, ""execution_quality_min"": 97.2258007588457, ""expected_required_ratio_min"": 1.0833333333333335, ""final_confidence_min"": 78.42314012695793, ""iv_crush_max"": 28.5, ""market_hostility_max"": 20.35725493360574, ""min_5depth_lots_each_side"": 10.0, ""min_top_book_lots"": 1.0, ""premium_elasticity_min"": 0.5, ""regime_confidence_min"": 60.0, ""spread_pct_max"": 0.8647313156269338, ""trade_quality_min"": 24.489795918370465}",8.094999999999999,40.474999999999994,-2.8253243236879904,24.489795918370465,0,0.5,60.059999999999995,55.43999999999999,1.0833333333333335,28.5,20.35725493360574,60.0,INVALID,True,DataHealth invalid; Contract invalid: Quote stale or spread hard rejected.; SideDirection hard reject: -2.8 < 65.0; PremiumElasticity hard reject: 0.50 < 1.00; Expected/Required hard reject: 1.08 < 1.60; TradeQuality below configured minimum; ConvexityEdge below excellent gate: 70.4 < 80.0,DataHealth invalid; Contract invalid: Quote stale or spread hard rejected.; SideDirection hard reject: -2.8 < 65.0; PremiumElasticity hard reject: 0.50 < 1.00; Expected/Required hard reject: 1.08 < 1.60; TradeQuality below configured minimum; ConvexityEdge below excellent gate: 70.4 < 80.0,direction=OBSERVED;liquidity=OBSERVED,NSE,INDEX,NSE_INDEX,MIDCPNIFTY,PAPER_ELIGIBLE,INDEX:MIDCAP,,,paper-strategy-8ade763620b6,opportunity-score-8ade763620b6,universe-a8e55c76a270,PAPER_OVERRIDE::FYERS_PAPER_PROXY_RESEARCH
202608241406_3_BANKNIFTY_CE,2026-08-24T08:36:39.929825+00:00,202608241406,BANKNIFTY,CE,3,47.02862011030851,47.02862011030851,80.0,2e840ccd58d1,"{""contract_quality_min"": 0.0, ""direction_min"": 1.1790221267217988, ""excellent_score_min"": 47.02862011030851, ""execution_quality_min"": 100.0, ""expected_required_ratio_min"": 1.4166666666666667, ""final_confidence_min"": 75.17642191262331, ""iv_crush_max"": 28.5, ""market_hostility_max"": 21.476730245231845, ""min_5depth_lots_each_side"": 21.0, ""min_top_book_lots"": 1.0, ""premium_elasticity_min"": 0.7, ""regime_confidence_min"": 60.0, ""spread_pct_max"": 0.23485992283173587, ""trade_quality_min"": 11.66522864538345}",59.60999999999999,298.04999999999995,1.1790221267217988,11.66522864538345,0,0.7,322.8725,227.91,1.4166666666666667,28.5,21.476730245231845,60.0,INVALID,True,DataHealth invalid; Contract invalid: Quote stale or spread hard rejected.; SideDirection hard reject: 1.2 < 65.0; PremiumElasticity hard reject: 0.70 < 1.00; Expected/Required hard reject: 1.42 < 1.60; TradeQuality below configured minimum; ConvexityEdge below excellent gate: 71.4 < 80.0,DataHealth invalid; Contract invalid: Quote stale or spread hard rejected.; SideDirection hard reject: 1.2 < 65.0; PremiumElasticity hard reject: 0.70 < 1.00; Expected/Required hard reject: 1.42 < 1.60; TradeQuality below configured minimum; ConvexityEdge below excellent gate: 71.4 < 80.0,direction=OBSERVED;liquidity=OBSERVED,NSE,INDEX,NSE_INDEX,BANKNIFTY,PAPER_ELIGIBLE,INDEX:BANKING,,,paper-strategy-8ade763620b6,opportunity-score-8ade763620b6,universe-a8e55c76a270,PAPER_OVERRIDE::FYERS_PAPER_PROXY_RESEARCH
202608241406_4_BANKNIFTY_PE,2026-08-24T08:36:39.930370+00:00,202608241406,BANKNIFTY,PE,4,46.81639612749858,46.81639612749858,80.0,2e840ccd58d1,"{""contract_quality_min"": 0.0, ""direction_min"": 0.0, ""excellent_score_min"": 46.81639612749858, ""execution_quality_min"": 100.0, ""expected_required_ratio_min"": 1.4166666666666667, ""final_confidence_min"": 74.82271527460676, ""iv_crush_max"": 28.5, ""market_hostility_max"": 21.476730245231845, ""min_5depth_lots_each_side"": 33.0, ""min_top_book_lots"": 1.0, ""premium_elasticity_min"": 0.5, ""regime_confidence_min"": 60.0, ""spread_pct_max"": 0.2061855670103171, ""trade_quality_min"": 11.66522864538345}",29.1,145.5,-1.1790221267217988,11.66522864538345,0,0.5,322.8725,227.91,1.4166666666666667,28.5,21.476730245231845,60.0,INVALID,True,DataHealth invalid; Contract invalid: Quote stale or spread hard rejected.; SideDirection hard reject: -1.2 < 65.0; PremiumElasticity hard reject: 0.50 < 1.00; Expected/Required hard reject: 1.42 < 1.60; TradeQuality below configured minimum; ConvexityEdge below excellent gate: 71.4 < 80.0,DataHealth invalid; Contract invalid: Quote stale or spread hard rejected.; SideDirection hard reject: -1.2 < 65.0; PremiumElasticity hard reject: 0.50 < 1.00; Expected/Required hard reject: 1.42 < 1.60; TradeQuality below configured minimum; ConvexityEdge below excellent gate: 71.4 < 80.0,direction=OBSERVED;liquidity=OBSERVED,NSE,INDEX,NSE_INDEX,BANKNIFTY,PAPER_ELIGIBLE,INDEX:BANKING,,,paper-strategy-8ade763620b6,opportunity-score-8ade763620b6,universe-a8e55c76a270,PAPER_OVERRIDE::FYERS_PAPER_PROXY_RESEARCH
202608241406_5_BANKNIFTY_PE,2026-08-24T08:36:39.930939+00:00,202608241406,BANKNIFTY,PE,5,46.81639612749858,46.81639612749858,80.0,2e840ccd58d1,"{""contract_quality_min"": 0.0, ""direction_min"": 0.0, ""excellent_score_min"": 46.81639612749858, ""execution_quality_min"": 100.0, ""expected_required_ratio_min"": 1.4166666666666667, ""final_confidence_min"": 74.82271527460676, ""iv_crush_max"": 28.5, ""market_hostility_max"": 21.476730245231845, ""min_5depth_lots_each_side"": 24.0, ""min_top_book_lots"": 2.0, ""premium_elasticity_min"": 0.7, ""regime_confidence_min"": 60.0, ""spread_pct_max"": 0.36534446764091266, ""trade_quality_min"": 11.66522864538345}",38.32,191.6,-1.1790221267217988,11.66522864538345,0,0.7,322.8725,227.91,1.4166666666666667,28.5,21.476730245231845,60.0,INVALID,True,DataHealth invalid; Contract invalid: Quote stale or spread hard rejected.; SideDirection hard reject: -1.2 < 65.0; PremiumElasticity hard reject: 0.70 < 1.00; Expected/Required hard reject: 1.42 < 1.60; TradeQuality below configured minimum; ConvexityEdge below excellent gate: 71.4 < 80.0,DataHealth invalid; Contract invalid: Quote stale or spread hard rejected.; SideDirection hard reject: -1.2 < 65.0; PremiumElasticity hard reject: 0.70 < 1.00; Expected/Required hard reject: 1.42 < 1.60; TradeQuality below configured minimum; ConvexityEdge below excellent gate: 71.4 < 80.0,direction=OBSERVED;liquidity=OBSERVED,NSE,INDEX,NSE_INDEX,BANKNIFTY,PAPER_ELIGIBLE,INDEX:BANKING,,,paper-strategy-8ade763620b6,opportunity-score-8ade763620b6,universe-a8e55c76a270,PAPER_OVERRIDE::FYERS_PAPER_PROXY_RESEARCH
202608241409_1_MIDCPNIFTY_CE,2026-08-24T08:39:16.085325+00:00,202608241409,MIDCPNIFTY,CE,1,44.57521636562513,44.57521636562513,90.0,712afad509f5,"{""contract_quality_min"": 0.0, ""direction_min"": 0.0, ""excellent_score_min"": 44.57521636562513, ""execution_quality_min"": 100.0, ""expected_required_ratio_min"": 1.0833333333333335, ""final_confidence_min"": 72.98297997545345, ""iv_crush_max"": 28.5, ""market_hostility_max"": 20.573659861016868, ""min_5depth_lots_each_side"": 11.0, ""min_top_book_lots"": 2.0, ""premium_elasticity_min"": 0.7, ""regime_confidence_min"": 60.0, ""spread_pct_max"": 0.6862371330537598, ""trade_quality_min"": 5.333333333336011}",13.114999999999998,65.57499999999999,-0.7801334969824182,5.333333333336011,0,0.7,60.1575,55.529999999999994,1.0833333333333335,28.5,20.573659861016868,60.0,INVALID,True,DataHealth invalid; Contract invalid: Quote stale or spread hard rejected.; SideDirection hard reject: -0.8 < 65.0; PremiumElasticity hard reject: 0.70 < 1.00; Expected/Required hard reject: 1.08 < 1.60; TradeQuality below configured minimum; ConvexityEdge below excellent gate: 70.4 < 80.0,DataHealth invalid; Contract invalid: Quote stale or spread hard rejected.; SideDirection hard reject: -0.8 < 65.0; PremiumElasticity hard reject: 0.70 < 1.00; Expected/Required hard reject: 1.08 < 1.60; TradeQuality below configured minimum; ConvexityEdge below excellent gate: 70.4 < 80.0,direction=OBSERVED;liquidity=OBSERVED,NSE,INDEX,NSE_INDEX,MIDCPNIFTY,PAPER_ELIGIBLE,INDEX:MIDCAP,,,paper-strategy-8ade763620b6,opportunity-score-8ade763620b6,universe-a8e55c76a270,PAPER_OVERRIDE::FYERS_PAPER_PROXY_RESEARCH
202608241409_2_BANKNIFTY_CE,2026-08-24T08:39:16.086004+00:00,202608241409,BANKNIFTY,CE,2,43.8315273578379,43.8315273578379,80.0,2e840ccd58d1,"{""contract_quality_min"": 0.0, ""direction_min"": 0.09069187435707557, ""excellent_score_min"": 43.8315273578379, ""execution_quality_min"": 100.0, ""expected_required_ratio_min"": 1.4166666666666665, ""final_confidence_min"": 71.78801011360801, ""iv_crush_max"": 28.5, ""market_hostility_max"": 21.506197513554014, ""min_5depth_lots_each_side"": 15.0, ""min_top_book_lots"": 1.0, ""premium_elasticity_min"": 0.5, ""regime_confidence_min"": 60.0, ""spread_pct_max"": 0.23837902264601207, ""trade_quality_min"": 0.9146877748481574}",46.145,230.725,0.09069187435707557,0.9146877748481574,0,0.5,321.045,226.62000000000003,1.4166666666666665,28.5,21.506197513554014,60.0,INVALID,True,DataHealth invalid; Contract invalid: Quote stale or spread hard rejected.; SideDirection hard reject: 0.1 < 65.0; PremiumElasticity hard reject: 0.50 < 1.00; Expected/Required hard reject: 1.42 < 1.60; TradeQuality below configured minimum; ConvexityEdge below excellent gate: 71.4 < 80.0,DataHealth invalid; Contract invalid: Quote stale or spread hard rejected.; SideDirection hard reject: 0.1 < 65.0; PremiumElasticity hard reject: 0.50 < 1.00; Expected/Required hard reject: 1.42 < 1.60; TradeQuality below configured minimum; ConvexityEdge below excellent gate: 71.4 < 80.0,direction=OBSERVED;liquidity=OBSERVED,NSE,INDEX,NSE_INDEX,BANKNIFTY,PAPER_ELIGIBLE,INDEX:BANKING,,,paper-strategy-8ade763620b6,opportunity-score-8ade763620b6,universe-a8e55c76a270,PAPER_OVERRIDE::FYERS_PAPER_PROXY_RESEARCH
202608241409_3_BANKNIFTY_PE,2026-08-24T08:39:16.086494+00:00,202608241409,BANKNIFTY,PE,3,43.81520282045362,43.81520282045362,80.0,2e840ccd58d1,"{""contract_quality_min"": 0.0, ""direction_min"": 0.0, ""excellent_score_min"": 43.81520282045362, ""execution_quality_min"": 100.0, ""expected_required_ratio_min"": 1.4166666666666665, ""final_confidence_min"": 71.76080255130088, ""iv_crush_max"": 28.5, ""market_hostility_max"": 21.506197513554014, ""min_5depth_lots_each_side"": 16.0, ""min_top_book_lots"": 3.0, ""premium_elasticity_min"": 0.5, ""regime_confidence_min"": 60.0, ""spread_pct_max"": 0.23813573737029714, ""trade_quality_min"": 0.9146877748481574}",29.395000000000007,146.97500000000002,-0.09069187435707557,0.9146877748481574,0,0.5,321.045,226.62000000000003,1.4166666666666665,28.5,21.506197513554014,60.0,INVALID,True,DataHealth invalid; Contract invalid: Quote stale or spread hard rejected.; SideDirection hard reject: -0.1 < 65.0; PremiumElasticity hard reject: 0.50 < 1.00; Expected/Required hard reject: 1.42 < 1.60; TradeQuality below configured minimum; ConvexityEdge below excellent gate: 71.4 < 80.0,DataHealth invalid; Contract invalid: Quote stale or spread hard rejected.; SideDirection hard reject: -0.1 < 65.0; PremiumElasticity hard reject: 0.50 < 1.00; Expected/Required hard reject: 1.42 < 1.60; TradeQuality below configured minimum; ConvexityEdge below excellent gate: 71.4 < 80.0,direction=OBSERVED;liquidity=OBSERVED,NSE,INDEX,NSE_INDEX,BANKNIFTY,PAPER_ELIGIBLE,INDEX:BANKING,,,paper-strategy-8ade763620b6,opportunity-score-8ade763620b6,universe-a8e55c76a270,PAPER_OVERRIDE::FYERS_PAPER_PROXY_RESEARCH
202608241409_4_BANKNIFTY_PE,2026-08-24T08:39:16.087017+00:00,202608241409,BANKNIFTY,PE,4,43.81520282045362,43.81520282045362,80.0,2e840ccd58d1,"{""contract_quality_min"": 0.0, ""direction_min"": 0.0, ""excellent_score_min"": 43.81520282045362, ""execution_quality_min"": 100.0, ""expected_required_ratio_min"": 1.4166666666666665, ""final_confidence_min"": 71.76080255130088, ""iv_crush_max"": 28.5, ""market_hostility_max"": 21.506197513554014, ""min_5depth_lots_each_side"": 22.0, ""min_top_book_lots"": 1.0, ""premium_elasticity_min"": 0.7, ""regime_confidence_min"": 60.0, ""spread_pct_max"": 0.2839076009807776, ""trade_quality_min"": 0.9146877748481574}",38.745000000000005,193.725,-0.09069187435707557,0.9146877748481574,0,0.7,321.045,226.62000000000003,1.4166666666666665,28.5,21.506197513554014,60.0,INVALID,True,DataHealth invalid; Contract invalid: Quote stale or spread hard rejected.; SideDirection hard reject: -0.1 < 65.0; PremiumElasticity hard reject: 0.70 < 1.00; Expected/Required hard reject: 1.42 < 1.60; TradeQuality below configured minimum; ConvexityEdge below excellent gate: 71.4 < 80.0,DataHealth invalid; Contract invalid: Quote stale or spread hard rejected.; SideDirection hard reject: -0.1 < 65.0; PremiumElasticity hard reject: 0.70 < 1.00; Expected/Required hard reject: 1.42 < 1.60; TradeQuality below configured minimum; ConvexityEdge below excellent gate: 71.4 < 80.0,direction=OBSERVED;liquidity=OBSERVED,NSE,INDEX,NSE_INDEX,BANKNIFTY,PAPER_ELIGIBLE,INDEX:BANKING,,,paper-strategy-8ade763620b6,opportunity-score-8ade763620b6,universe-a8e55c76a270,PAPER_OVERRIDE::FYERS_PAPER_PROXY_RESEARCH
202608241409_5_MIDCPNIFTY_CE,2026-08-24T08:39:16.087466+00:00,202608241409,MIDCPNIFTY,CE,5,41.775216365625134,41.775216365625134,90.0,712afad509f5,"{""contract_quality_min"": 0.0, ""direction_min"": 0.0, ""excellent_score_min"": 41.775216365625134, ""execution_quality_min"": 100.0, ""expected_required_ratio_min"": 1.0833333333333335, ""final_confidence_min"": 72.98297997545345, ""iv_crush_max"": 28.5, ""market_hostility_max"": 20.573659861016868, ""min_5depth_lots_each_side"": 31.0, ""min_top_book_lots"": 3.0, ""premium_elasticity_min"": 0.3, ""regime_confidence_min"": 60.0, ""spread_pct_max"": 0.6523157208088715, ""trade_quality_min"": 5.333333333336011}",7.665000000000001,38.325,-0.7801334969824182,5.333333333336011,0,0.3,60.1575,55.529999999999994,1.0833333333333335,28.5,20.573659861016868,60.0,INVALID,True,DataHealth invalid; Contract invalid: Quote stale or spread hard rejected.; SideDirection hard reject: -0.8 < 65.0; PremiumElasticity hard reject: 0.30 < 1.00; Expected/Required hard reject: 1.08 < 1.60; TradeQuality below configured minimum; ConvexityEdge below excellent gate: 56.4 < 80.0,DataHealth invalid; Contract invalid: Quote stale or spread hard rejected.; SideDirection hard reject: -0.8 < 65.0; PremiumElasticity hard reject: 0.30 < 1.00; Expected/Required hard reject: 1.08 < 1.60; TradeQuality below configured minimum; ConvexityEdge below excellent gate: 56.4 < 80.0,direction=OBSERVED;liquidity=OBSERVED,NSE,INDEX,NSE_INDEX,MIDCPNIFTY,PAPER_ELIGIBLE,INDEX:MIDCAP,,,paper-strategy-8ade763620b6,opportunity-score-8ade763620b6,universe-a8e55c76a270,PAPER_OVERRIDE::FYERS_PAPER_PROXY_RESEARCH
202608241410_1_BANKNIFTY_CE,2026-08-24T08:40:35.797655+00:00,202608241410,BANKNIFTY,CE,1,47.761980762858414,47.761980762858414,80.0,2e840ccd58d1,"{""contract_quality_min"": 0.0, ""direction_min"": 1.032402978971096, ""excellent_score_min"": 47.761980762858414, ""execution_quality_min"": 100.0, ""expected_required_ratio_min"": 1.4166666666666665, ""final_confidence_min"": 75.94471551931012, ""iv_crush_max"": 28.5, ""market_hostility_max"": 21.396921851887914, ""min_5depth_lots_each_side"": 39.0, ""min_top_book_lots"": 22.0, ""premium_elasticity_min"": 0.5, ""regime_confidence_min"": 60.0, ""spread_pct_max"": 0.16731734523144612, ""trade_quality_min"": 14.29951690821487}",35.86000000000001,179.3,1.032402978971096,14.29951690821487,0,0.5,313.65,221.4,1.4166666666666665,28.5,21.396921851887914,60.0,INVALID,True,DataHealth invalid; Contract invalid: Quote stale or spread hard rejected.; SideDirection hard reject: 1.0 < 65.0; PremiumElasticity hard reject: 0.50 < 1.00; Expected/Required hard reject: 1.42 < 1.60; TradeQuality below configured minimum; ConvexityEdge below excellent gate: 71.4 < 80.0,DataHealth invalid; Contract invalid: Quote stale or spread hard rejected.; SideDirection hard reject: 1.0 < 65.0; PremiumElasticity hard reject: 0.50 < 1.00; Expected/Required hard reject: 1.42 < 1.60; TradeQuality below configured minimum; ConvexityEdge below excellent gate: 71.4 < 80.0,direction=OBSERVED;liquidity=OBSERVED,NSE,INDEX,NSE_INDEX,BANKNIFTY,PAPER_ELIGIBLE,INDEX:BANKING,,,paper-strategy-8ade763620b6,opportunity-score-8ade763620b6,universe-a8e55c76a270,PAPER_OVERRIDE::FYERS_PAPER_PROXY_RESEARCH
202608241410_2_BANKNIFTY_CE,2026-08-24T08:40:35.799047+00:00,202608241410,BANKNIFTY,CE,2,47.761980762858414,47.761980762858414,80.0,2e840ccd58d1,"{""contract_quality_min"": 0.0, ""direction_min"": 1.032402978971096, ""excellent_score_min"": 47.761980762858414, ""execution_quality_min"": 100.0, ""expected_required_ratio_min"": 1.4166666666666665, ""final_confidence_min"": 75.94471551931012, ""iv_crush_max"": 28.5, ""market_hostility_max"": 21.396921851887914, ""min_5depth_lots_each_side"": 22.0, ""min_top_book_lots"": 2.0, ""premium_elasticity_min"": 0.7, ""regime_confidence_min"": 60.0, ""spread_pct_max"": 0.2776294714361889, ""trade_quality_min"": 14.29951690821487}",46.825,234.125,1.032402978971096,14.29951690821487,0,0.7,313.65,221.4,1.4166666666666665,28.5,21.396921851887914,60.0,INVALID,True,DataHealth invalid; Contract invalid: Quote stale or spread hard rejected.; SideDirection hard reject: 1.0 < 65.0; PremiumElasticity hard reject: 0.70 < 1.00; Expected/Required hard reject: 1.42 < 1.60; TradeQuality below configured minimum; ConvexityEdge below excellent gate: 71.4 < 80.0,DataHealth invalid; Contract invalid: Quote stale or spread hard rejected.; SideDirection hard reject: 1.0 < 65.0; PremiumElasticity hard reject: 0.70 < 1.00; Expected/Required hard reject: 1.42 < 1.60; TradeQuality below configured minimum; ConvexityEdge below excellent gate: 71.4 < 80.0,direction=OBSERVED;liquidity=OBSERVED,NSE,INDEX,NSE_INDEX,BANKNIFTY,PAPER_ELIGIBLE,INDEX:BANKING,,,paper-strategy-8ade763620b6,opportunity-score-8ade763620b6,universe-a8e55c76a270,PAPER_OVERRIDE::FYERS_PAPER_PROXY_RESEARCH
202608241410_3_BANKNIFTY_PE,2026-08-24T08:40:35.799636+00:00,202608241410,BANKNIFTY,PE,3,47.57614822664362,47.57614822664362,80.0,2e840ccd58d1,"{""contract_quality_min"": 0.0, ""direction_min"": 0.0, ""excellent_score_min"": 47.57614822664362, ""execution_quality_min"": 100.0, ""expected_required_ratio_min"": 1.4166666666666665, ""final_confidence_min"": 75.6349946256188, ""iv_crush_max"": 28.5, ""market_hostility_max"": 21.396921851887914, ""min_5depth_lots_each_side"": 14.0, ""min_top_book_lots"": 1.0, ""premium_elasticity_min"": 0.5, ""regime_confidence_min"": 60.0, ""spread_pct_max"": 0.15814443858723404, ""trade_quality_min"": 14.29951690821487}",37.94,189.7,-1.032402978971096,14.29951690821487,0,0.5,313.65,221.4,1.4166666666666665,28.5,21.396921851887914,60.0,INVALID,True,DataHealth invalid; Contract invalid: Quote stale or spread hard rejected.; SideDirection hard reject: -1.0 < 65.0; PremiumElasticity hard reject: 0.50 < 1.00; Expected/Required hard reject: 1.42 < 1.60; TradeQuality below configured minimum; ConvexityEdge below excellent gate: 71.4 < 80.0,DataHealth invalid; Contract invalid: Quote stale or spread hard rejected.; SideDirection hard reject: -1.0 < 65.0; PremiumElasticity hard reject: 0.50 < 1.00; Expected/Required hard reject: 1.42 < 1.60; TradeQuality below configured minimum; ConvexityEdge below excellent gate: 71.4 < 80.0,direction=OBSERVED;liquidity=OBSERVED,NSE,INDEX,NSE_INDEX,BANKNIFTY,PAPER_ELIGIBLE,INDEX:BANKING,,,paper-strategy-8ade763620b6,opportunity-score-8ade763620b6,universe-a8e55c76a270,PAPER_OVERRIDE::FYERS_PAPER_PROXY_RESEARCH
202608241410_4_BANKNIFTY_PE,2026-08-24T08:40:35.800157+00:00,202608241410,BANKNIFTY,PE,4,44.77614822664362,44.77614822664362,80.0,2e840ccd58d1,"{""contract_quality_min"": 0.0, ""direction_min"": 0.0, ""excellent_score_min"": 44.77614822664362, ""execution_quality_min"": 100.0, ""expected_required_ratio_min"": 1.4166666666666665, ""final_confidence_min"": 75.6349946256188, ""iv_crush_max"": 28.5, ""market_hostility_max"": 21.396921851887914, ""min_5depth_lots_each_side"": 51.0, ""min_top_book_lots"": 15.0, ""premium_elasticity_min"": 0.3, ""regime_confidence_min"": 60.0, ""spread_pct_max"": 0.20855057351408507, ""trade_quality_min"": 14.29951690821487}",28.77,143.85,-1.032402978971096,14.29951690821487,0,0.3,313.65,221.4,1.4166666666666665,28.5,21.396921851887914,60.0,INVALID,True,DataHealth invalid; Contract invalid: Quote stale or spread hard rejected.; SideDirection hard reject: -1.0 < 65.0; PremiumElasticity hard reject: 0.30 < 1.00; Expected/Required hard reject: 1.42 < 1.60; TradeQuality below configured minimum; ConvexityEdge below excellent gate: 57.4 < 80.0,DataHealth invalid; Contract invalid: Quote stale or spread hard rejected.; SideDirection hard reject: -1.0 < 65.0; PremiumElasticity hard reject: 0.30 < 1.00; Expected/Required hard reject: 1.42 < 1.60; TradeQuality below configured minimum; ConvexityEdge below excellent gate: 57.4 < 80.0,direction=OBSERVED;liquidity=OBSERVED,NSE,INDEX,NSE_INDEX,BANKNIFTY,PAPER_ELIGIBLE,INDEX:BANKING,,,paper-strategy-8ade763620b6,opportunity-score-8ade763620b6,universe-a8e55c76a270,PAPER_OVERRIDE::FYERS_PAPER_PROXY_RESEARCH
202608241410_5_MIDCPNIFTY_CE,2026-08-24T08:40:35.800676+00:00,202608241410,MIDCPNIFTY,CE,5,43.55054345130701,43.55054345130701,90.0,712afad509f5,"{""contract_quality_min"": 0.0, ""direction_min"": 0.0, ""excellent_score_min"": 43.55054345130701, ""execution_quality_min"": 100.0, ""expected_required_ratio_min"": 1.0833333333333333, ""final_confidence_min"": 71.85365828366947, ""iv_crush_max"": 28.5, ""market_hostility_max"": 20.133395427242924, ""min_5depth_lots_each_side"": 17.0, ""min_top_book_lots"": 3.0, ""premium_elasticity_min"": 0.5, ""regime_confidence_min"": 60.0, ""spread_pct_max"": 0.5736137667304098, ""trade_quality_min"": 1.2461059190031718}",10.46,52.3,-0.13448994687647098,1.2461059190031718,0,0.5,60.271249999999995,55.635,1.0833333333333333,28.5,20.133395427242924,60.0,INVALID,True,DataHealth invalid; Contract invalid: Quote stale or spread hard rejected.; SideDirection hard reject: -0.1 < 65.0; PremiumElasticity hard reject: 0.50 < 1.00; Expected/Required hard reject: 1.08 < 1.60; TradeQuality below configured minimum; ConvexityEdge below excellent gate: 70.4 < 80.0,DataHealth invalid; Contract invalid: Quote stale or spread hard rejected.; SideDirection hard reject: -0.1 < 65.0; PremiumElasticity hard reject: 0.50 < 1.00; Expected/Required hard reject: 1.08 < 1.60; TradeQuality below configured minimum; ConvexityEdge below excellent gate: 70.4 < 80.0,direction=OBSERVED;liquidity=OBSERVED,NSE,INDEX,NSE_INDEX,MIDCPNIFTY,PAPER_ELIGIBLE,INDEX:MIDCAP,,,paper-strategy-8ade763620b6,opportunity-score-8ade763620b6,universe-a8e55c76a270,PAPER_OVERRIDE::FYERS_PAPER_PROXY_RESEARCH
202608241413_1_MIDCPNIFTY_PE,2026-08-24T08:43:43.565628+00:00,202608241413,MIDCPNIFTY,PE,1,46.670949144760534,46.670949144760534,90.0,712afad509f5,"{""contract_quality_min"": 0.0, ""direction_min"": 1.1566757676434507, ""excellent_score_min"": 46.670949144760534, ""execution_quality_min"": 100.0, ""expected_required_ratio_min"": 1.0833333333333333, ""final_confidence_min"": 75.14824883989584, ""iv_crush_max"": 28.5, ""market_hostility_max"": 19.856148374838124, ""min_5depth_lots_each_side"": 18.0, ""min_top_book_lots"": 1.0, ""premium_elasticity_min"": 0.5, ""regime_confidence_min"": 60.0, ""spread_pct_max"": 0.5991611743559018, ""trade_quality_min"": 11.582491582497722}",8.345,41.725,1.1566757676434507,11.582491582497722,0,0.5,59.816250000000004,55.215,1.0833333333333333,28.5,19.856148374838124,60.0,INVALID,True,DataHealth invalid; Contract invalid: Quote stale or spread hard rejected.; SideDirection hard reject: 1.2 < 65.0; PremiumElasticity hard reject: 0.50 < 1.00; Expected/Required hard reject: 1.08 < 1.60; TradeQuality below configured minimum; ConvexityEdge below excellent gate: 70.4 < 80.0,DataHealth invalid; Contract invalid: Quote stale or spread hard rejected.; SideDirection hard reject: 1.2 < 65.0; PremiumElasticity hard reject: 0.50 < 1.00; Expected/Required hard reject: 1.08 < 1.60; TradeQuality below configured minimum; ConvexityEdge below excellent gate: 70.4 < 80.0,direction=OBSERVED;liquidity=OBSERVED,NSE,INDEX,NSE_INDEX,MIDCPNIFTY,PAPER_ELIGIBLE,INDEX:MIDCAP,,,paper-strategy-8ade763620b6,opportunity-score-8ade763620b6,universe-a8e55c76a270,PAPER_OVERRIDE::FYERS_PAPER_PROXY_RESEARCH
202608241413_2_MIDCPNIFTY_PE,2026-08-24T08:43:43.566296+00:00,202608241413,MIDCPNIFTY,PE,2,46.670949144760534,46.670949144760534,90.0,712afad509f5,"{""contract_quality_min"": 0.0, ""direction_min"": 1.1566757676434507, ""excellent_score_min"": 46.670949144760534, ""execution_quality_min"": 100.0, ""expected_required_ratio_min"": 1.0833333333333333, ""final_confidence_min"": 75.14824883989584, ""iv_crush_max"": 28.5, ""market_hostility_max"": 19.856148374838124, ""min_5depth_lots_each_side"": 22.0, ""min_top_book_lots"": 2.0, ""premium_elasticity_min"": 0.7, ""regime_confidence_min"": 60.0, ""spread_pct_max"": 0.642496558054156, ""trade_quality_min"": 11.582491582497722}",10.895,54.474999999999994,1.1566757676434507,11.582491582497722,0,0.7,59.816250000000004,55.215,1.0833333333333333,28.5,19.856148374838124,60.0,INVALID,True,DataHealth invalid; Contract invalid: Quote stale or spread hard rejected.; SideDirection hard reject: 1.2 < 65.0; PremiumElasticity hard reject: 0.70 < 1.00; Expected/Required hard reject: 1.08 < 1.60; TradeQuality below configured minimum; ConvexityEdge below excellent gate: 70.4 < 80.0,DataHealth invalid; Contract invalid: Quote stale or spread hard rejected.; SideDirection hard reject: 1.2 < 65.0; PremiumElasticity hard reject: 0.70 < 1.00; Expected/Required hard reject: 1.08 < 1.60; TradeQuality below configured minimum; ConvexityEdge below excellent gate: 70.4 < 80.0,direction=OBSERVED;liquidity=OBSERVED,NSE,INDEX,NSE_INDEX,MIDCPNIFTY,PAPER_ELIGIBLE,INDEX:MIDCAP,,,paper-strategy-8ade763620b6,opportunity-score-8ade763620b6,universe-a8e55c76a270,PAPER_OVERRIDE::FYERS_PAPER_PROXY_RESEARCH
202608241413_3_MIDCPNIFTY_CE,2026-08-24T08:43:43.566760+00:00,202608241413,MIDCPNIFTY,CE,3,46.46274750658471,46.46274750658471,90.0,712afad509f5,"{""contract_quality_min"": 0.0, ""direction_min"": 0.0, ""excellent_score_min"": 46.46274750658471, ""execution_quality_min"": 100.0, ""expected_required_ratio_min"": 1.0833333333333333, ""final_confidence_min"": 74.8012461096028, ""iv_crush_max"": 28.5, ""market_hostility_max"": 19.856148374838124, ""min_5depth_lots_each_side"": 19.0, ""min_top_book_lots"": 1.0, ""premium_elasticity_min"": 0.5, ""regime_confidence_min"": 60.0, ""spread_pct_max"": 0.5964214711729707, ""trade_quality_min"": 11.582491582497722}",10.06,50.3,-1.1566757676434507,11.582491582497722,0,0.5,59.816250000000004,55.215,1.0833333333333333,28.5,19.856148374838124,60.0,INVALID,True,DataHealth invalid; Contract invalid: Quote stale or spread hard rejected.; SideDirection hard reject: -1.2 < 65.0; PremiumElasticity hard reject: 0.50 < 1.00; Expected/Required hard reject: 1.08 < 1.60; TradeQuality below configured minimum; ConvexityEdge below excellent gate: 70.4 < 80.0,DataHealth invalid; Contract invalid: Quote stale or spread hard rejected.; SideDirection hard reject: -1.2 < 65.0; PremiumElasticity hard reject: 0.50 < 1.00; Expected/Required hard reject: 1.08 < 1.60; TradeQuality below configured minimum; ConvexityEdge below excellent gate: 70.4 < 80.0,direction=OBSERVED;liquidity=OBSERVED,NSE,INDEX,NSE_INDEX,MIDCPNIFTY,PAPER_ELIGIBLE,INDEX:MIDCAP,,,paper-strategy-8ade763620b6,opportunity-score-8ade763620b6,universe-a8e55c76a270,PAPER_OVERRIDE::FYERS_PAPER_PROXY_RESEARCH
202608241413_4_MIDCPNIFTY_CE,2026-08-24T08:43:43.567244+00:00,202608241413,MIDCPNIFTY,CE,4,46.46274750658471,46.46274750658471,90.0,712afad509f5,"{""contract_quality_min"": 0.0, ""direction_min"": 0.0, ""excellent_score_min"": 46.46274750658471, ""execution_quality_min"": 100.0, ""expected_required_ratio_min"": 1.0833333333333333, ""final_confidence_min"": 74.8012461096028, ""iv_crush_max"": 28.5, ""market_hostility_max"": 19.856148374838124, ""min_5depth_lots_each_side"": 6.0, ""min_top_book_lots"": 2.0, ""premium_elasticity_min"": 0.7, ""regime_confidence_min"": 60.0, ""spread_pct_max"": 0.6915097963887866, ""trade_quality_min"": 11.582491582497722}",13.014999999999999,65.07499999999999,-1.1566757676434507,11.582491582497722,0,0.7,59.816250000000004,55.215,1.0833333333333333,28.5,19.856148374838124,60.0,INVALID,True,DataHealth invalid; Contract invalid: Quote stale or spread hard rejected.; SideDirection hard reject: -1.2 < 65.0; PremiumElasticity hard reject: 0.70 < 1.00; Expected/Required hard reject: 1.08 < 1.60; TradeQuality below configured minimum; ConvexityEdge below excellent gate: 70.4 < 80.0,DataHealth invalid; Contract invalid: Quote stale or spread hard rejected.; SideDirection hard reject: -1.2 < 65.0; PremiumElasticity hard reject: 0.70 < 1.00; Expected/Required hard reject: 1.08 < 1.60; TradeQuality below configured minimum; ConvexityEdge below excellent gate: 70.4 < 80.0,direction=OBSERVED;liquidity=OBSERVED,NSE,INDEX,NSE_INDEX,MIDCPNIFTY,PAPER_ELIGIBLE,INDEX:MIDCAP,,,paper-strategy-8ade763620b6,opportunity-score-8ade763620b6,universe-a8e55c76a270,PAPER_OVERRIDE::FYERS_PAPER_PROXY_RESEARCH
202608241413_5_BANKNIFTY_PE,2026-08-24T08:43:43.567781+00:00,202608241413,BANKNIFTY,PE,5,46.10146348764765,46.10146348764765,80.0,2e840ccd58d1,"{""contract_quality_min"": 0.0, ""direction_min"": 0.48829146815293284, ""excellent_score_min"": 46.10146348764765, ""execution_quality_min"": 100.0, ""expected_required_ratio_min"": 1.4166666666666667, ""final_confidence_min"": 74.21475315418374, ""iv_crush_max"": 28.5, ""market_hostility_max"": 21.526053638510717, ""min_5depth_lots_each_side"": 32.0, ""min_top_book_lots"": 3.0, ""premium_elasticity_min"": 0.5, ""regime_confidence_min"": 60.0, ""spread_pct_max"": 0.34094783498124787, ""trade_quality_min"": 8.805031446536047}",29.330000000000002,146.65,0.48829146815293284,8.805031446536047,0,0.5,321.74625,227.11499999999998,1.4166666666666667,28.5,21.526053638510717,60.0,INVALID,True,DataHealth invalid; Contract invalid: Quote stale or spread hard rejected.; SideDirection hard reject: 0.5 < 65.0; PremiumElasticity hard reject: 0.50 < 1.00; Expected/Required hard reject: 1.42 < 1.60; TradeQuality below configured minimum; ConvexityEdge below excellent gate: 71.4 < 80.0,DataHealth invalid; Contract invalid: Quote stale or spread hard rejected.; SideDirection hard reject: 0.5 < 65.0; PremiumElasticity hard reject: 0.50 < 1.00; Expected/Required hard reject: 1.42 < 1.60; TradeQuality below configured minimum; ConvexityEdge below excellent gate: 71.4 < 80.0,direction=OBSERVED;liquidity=OBSERVED,NSE,INDEX,NSE_INDEX,BANKNIFTY,PAPER_ELIGIBLE,INDEX:BANKING,,,paper-strategy-8ade763620b6,opportunity-score-8ade763620b6,universe-a8e55c76a270,PAPER_OVERRIDE::FYERS_PAPER_PROXY_RESEARCH
202608241415_1_MIDCPNIFTY_PE,2026-08-24T08:45:03.206176+00:00,202608241415,MIDCPNIFTY,PE,1,46.601907724614236,46.601907724614236,90.0,712afad509f5,"{""contract_quality_min"": 0.0, ""direction_min"": 1.2374032017813719, ""excellent_score_min"": 46.601907724614236, ""execution_quality_min"": 100.0, ""expected_required_ratio_min"": 1.0833333333333335, ""final_confidence_min"": 75.07211354775325, ""iv_crush_max"": 28.5, ""market_hostility_max"": 19.999349860332227, ""min_5depth_lots_each_side"": 22.0, ""min_top_book_lots"": 3.0, ""premium_elasticity_min"": 0.5, ""regime_confidence_min"": 60.0, ""spread_pct_max"": 0.7299270072992631, ""trade_quality_min"": 11.28834355828681}",8.22,41.1,1.2374032017813719,11.28834355828681,0,0.5,59.84875,55.245,1.0833333333333335,28.5,19.999349860332227,60.0,INVALID,True,DataHealth invalid; Contract invalid: Quote stale or spread hard rejected.; SideDirection hard reject: 1.2 < 65.0; PremiumElasticity hard reject: 0.50 < 1.00; Expected/Required hard reject: 1.08 < 1.60; TradeQuality below configured minimum; ConvexityEdge below excellent gate: 70.4 < 80.0,DataHealth invalid; Contract invalid: Quote stale or spread hard rejected.; SideDirection hard reject: 1.2 < 65.0; PremiumElasticity hard reject: 0.50 < 1.00; Expected/Required hard reject: 1.08 < 1.60; TradeQuality below configured minimum; ConvexityEdge below excellent gate: 70.4 < 80.0,direction=OBSERVED;liquidity=OBSERVED,NSE,INDEX,NSE_INDEX,MIDCPNIFTY,PAPER_ELIGIBLE,INDEX:MIDCAP,,,paper-strategy-8ade763620b6,opportunity-score-8ade763620b6,universe-a8e55c76a270,PAPER_OVERRIDE::FYERS_PAPER_PROXY_RESEARCH
202608241415_2_MIDCPNIFTY_PE,2026-08-24T08:45:03.209471+00:00,202608241415,MIDCPNIFTY,PE,2,46.601907724614236,46.601907724614236,90.0,712afad509f5,"{""contract_quality_min"": 0.0, ""direction_min"": 1.2374032017813719, ""excellent_score_min"": 46.601907724614236, ""execution_quality_min"": 100.0, ""expected_required_ratio_min"": 1.0833333333333335, ""final_confidence_min"": 75.07211354775325, ""iv_crush_max"": 28.5, ""market_hostility_max"": 19.999349860332227, ""min_5depth_lots_each_side"": 14.0, ""min_top_book_lots"": 2.0, ""premium_elasticity_min"": 0.7, ""regime_confidence_min"": 60.0, ""spread_pct_max"": 0.5617977528089835, ""trade_quality_min"": 11.28834355828681}",10.68,53.4,1.2374032017813719,11.28834355828681,0,0.7,59.84875,55.245,1.0833333333333335,28.5,19.999349860332227,60.0,INVALID,True,DataHealth invalid; Contract invalid: Quote stale or spread hard rejected.; SideDirection hard reject: 1.2 < 65.0; PremiumElasticity hard reject: 0.70 < 1.00; Expected/Required hard reject: 1.08 < 1.60; TradeQuality below configured minimum; ConvexityEdge below excellent gate: 70.4 < 80.0,DataHealth invalid; Contract invalid: Quote stale or spread hard rejected.; SideDirection hard reject: 1.2 < 65.0; PremiumElasticity hard reject: 0.70 < 1.00; Expected/Required hard reject: 1.08 < 1.60; TradeQuality below configured minimum; ConvexityEdge below excellent gate: 70.4 < 80.0,direction=OBSERVED;liquidity=OBSERVED,NSE,INDEX,NSE_INDEX,MIDCPNIFTY,PAPER_ELIGIBLE,INDEX:MIDCAP,,,paper-strategy-8ade763620b6,opportunity-score-8ade763620b6,universe-a8e55c76a270,PAPER_OVERRIDE::FYERS_PAPER_PROXY_RESEARCH
202608241415_3_MIDCPNIFTY_CE,2026-08-24T08:45:03.210499+00:00,202608241415,MIDCPNIFTY,CE,3,46.379175148293584,46.379175148293584,90.0,712afad509f5,"{""contract_quality_min"": 0.0, ""direction_min"": 0.0, ""excellent_score_min"": 46.379175148293584, ""execution_quality_min"": 100.0, ""expected_required_ratio_min"": 1.0833333333333335, ""final_confidence_min"": 74.70089258721885, ""iv_crush_max"": 28.5, ""market_hostility_max"": 19.999349860332227, ""min_5depth_lots_each_side"": 10.0, ""min_top_book_lots"": 2.0, ""premium_elasticity_min"": 0.7, ""regime_confidence_min"": 60.0, ""spread_pct_max"": 0.6092916984005962, ""trade_quality_min"": 11.28834355828681}",13.130000000000003,65.65,-1.2374032017813719,11.28834355828681,0,0.7,59.84875,55.245,1.0833333333333335,28.5,19.999349860332227,60.0,INVALID,True,DataHealth invalid; Contract invalid: Quote stale or spread hard rejected.; SideDirection hard reject: -1.2 < 65.0; PremiumElasticity hard reject: 0.70 < 1.00; Expected/Required hard reject: 1.08 < 1.60; TradeQuality below configured minimum; ConvexityEdge below excellent gate: 70.4 < 80.0,DataHealth invalid; Contract invalid: Quote stale or spread hard rejected.; SideDirection hard reject: -1.2 < 65.0; PremiumElasticity hard reject: 0.70 < 1.00; Expected/Required hard reject: 1.08 < 1.60; TradeQuality below configured minimum; ConvexityEdge below excellent gate: 70.4 < 80.0,direction=OBSERVED;liquidity=OBSERVED,NSE,INDEX,NSE_INDEX,MIDCPNIFTY,PAPER_ELIGIBLE,INDEX:MIDCAP,,,paper-strategy-8ade763620b6,opportunity-score-8ade763620b6,universe-a8e55c76a270,PAPER_OVERRIDE::FYERS_PAPER_PROXY_RESEARCH
202608241415_4_BANKNIFTY_CE,2026-08-24T08:45:03.211285+00:00,202608241415,BANKNIFTY,CE,4,44.7940316037405,44.7940316037405,80.0,2e840ccd58d1,"{""contract_quality_min"": 0.0, ""direction_min"": 0.286008016943622, ""excellent_score_min"": 44.7940316037405, ""execution_quality_min"": 100.0, ""expected_required_ratio_min"": 1.4166666666666667, ""final_confidence_min"": 72.91528613977661, ""iv_crush_max"": 28.5, ""market_hostility_max"": 21.88420930856507, ""min_5depth_lots_each_side"": 32.0, ""min_top_book_lots"": 3.0, ""premium_elasticity_min"": 0.5, ""regime_confidence_min"": 60.0, ""spread_pct_max"": 0.3033586132177632, ""trade_quality_min"": 4.574616457450233}",46.150000000000006,230.75,0.286008016943622,4.574616457450233,0,0.5,320.47125,226.21499999999997,1.4166666666666667,28.5,21.88420930856507,60.0,INVALID,True,DataHealth invalid; Contract invalid: Quote stale or spread hard rejected.; SideDirection hard reject: 0.3 < 65.0; PremiumElasticity hard reject: 0.50 < 1.00; Expected/Required hard reject: 1.42 < 1.60; TradeQuality below configured minimum; ConvexityEdge below excellent gate: 71.4 < 80.0,DataHealth invalid; Contract invalid: Quote stale or spread hard rejected.; SideDirection hard reject: 0.3 < 65.0; PremiumElasticity hard reject: 0.50 < 1.00; Expected/Required hard reject: 1.42 < 1.60; TradeQuality below configured minimum; ConvexityEdge below excellent gate: 71.4 < 80.0,direction=OBSERVED;liquidity=OBSERVED,NSE,INDEX,NSE_INDEX,BANKNIFTY,PAPER_ELIGIBLE,INDEX:BANKING,,,paper-strategy-8ade763620b6,opportunity-score-8ade763620b6,universe-a8e55c76a270,PAPER_OVERRIDE::FYERS_PAPER_PROXY_RESEARCH
202608241415_5_BANKNIFTY_CE,2026-08-24T08:45:03.212069+00:00,202608241415,BANKNIFTY,CE,5,44.7940316037405,44.7940316037405,80.0,2e840ccd58d1,"{""contract_quality_min"": 0.0, ""direction_min"": 0.286008016943622, ""excellent_score_min"": 44.7940316037405, ""execution_quality_min"": 100.0, ""expected_required_ratio_min"": 1.4166666666666667, ""final_confidence_min"": 72.91528613977661, ""iv_crush_max"": 28.5, ""market_hostility_max"": 21.88420930856507, ""min_5depth_lots_each_side"": 6.0, ""min_top_book_lots"": 1.0, ""premium_elasticity_min"": 0.7, ""regime_confidence_min"": 60.0, ""spread_pct_max"": 0.1361470388018983, ""trade_quality_min"": 4.574616457450233}",58.760000000000005,293.8,0.286008016943622,4.574616457450233,0,0.7,320.47125,226.21499999999997,1.4166666666666667,28.5,21.88420930856507,60.0,INVALID,True,DataHealth invalid; Contract invalid: Quote stale or spread hard rejected.; SideDirection hard reject: 0.3 < 65.0; PremiumElasticity hard reject: 0.70 < 1.00; Expected/Required hard reject: 1.42 < 1.60; TradeQuality below configured minimum; ConvexityEdge below excellent gate: 71.4 < 80.0,DataHealth invalid; Contract invalid: Quote stale or spread hard rejected.; SideDirection hard reject: 0.3 < 65.0; PremiumElasticity hard reject: 0.70 < 1.00; Expected/Required hard reject: 1.42 < 1.60; TradeQuality below configured minimum; ConvexityEdge below excellent gate: 71.4 < 80.0,direction=OBSERVED;liquidity=OBSERVED,NSE,INDEX,NSE_INDEX,BANKNIFTY,PAPER_ELIGIBLE,INDEX:BANKING,,,paper-strategy-8ade763620b6,opportunity-score-8ade763620b6,universe-a8e55c76a270,PAPER_OVERRIDE::FYERS_PAPER_PROXY_RESEARCH
